{
"type": "FeatureCollection",
"name": "geo_13_短期入所生活介護",
"crs": { "type": "name", "properties": { "name": "urn:ogc:def:crs:OGC:1.3:CRS84" } },
"features": [
{ "type": "Feature", "properties": { "内容": "ザ番町ハウス【短期入所生活介護】東京都千代田区二番町7番地6THE　BANCHO", "url2": "https://www.kaigokensaku.mhlw.go.jp/13/index.php?action_kouhyou_detail_004_kani=true&JigyosyoCd=1370101626-00&ServiceCd=210&Type=search" }, "geometry": { "type": "Point", "coordinates": [ 139.7349830085289, 35.685334442843484 ] } },
{ "type": "Feature", "properties": { "内容": "千代田区立岩本町高齢者在宅サービスセンター【短期入所生活介護】東京都千代田区岩本町2-15-3", "url2": "https://www.kaigokensaku.mhlw.go.jp/13/index.php?action_kouhyou_detail_004_kani=true&JigyosyoCd=1370100578-00&ServiceCd=210&Type=search" }, "geometry": { "type": "Point", "coordinates": [ 139.777860299999929, 35.6945312 ] } },
{ "type": "Feature", "properties": { "内容": "千代田区立一番町特別養護老人ホーム　短期入所生活介護【短期入所生活介護】東京都千代田区一番町12", "url2": "https://www.kaigokensaku.mhlw.go.jp/13/index.php?action_kouhyou_detail_004_kani=true&JigyosyoCd=1370101717-00&ServiceCd=210&Type=search" }, "geometry": { "type": "Point", "coordinates": [ 139.7395761, 35.6869008 ] } },
{ "type": "Feature", "properties": { "内容": "フォーユーショートステイ淡路【短期入所生活介護】東京都千代田区神田淡路町2-109淡路にこにこフォーユープラザ", "url2": "https://www.kaigokensaku.mhlw.go.jp/13/index.php?action_kouhyou_detail_004_kani=true&JigyosyoCd=1370101352-00&ServiceCd=210&Type=search" }, "geometry": { "type": "Point", "coordinates": [ 139.766988699999956, 35.696875 ] } },
{ "type": "Feature", "properties": { "内容": "新とみ【短期入所生活介護】東京都中央区新富1-4-6", "url2": "https://www.kaigokensaku.mhlw.go.jp/13/index.php?action_kouhyou_detail_004_kani=true&JigyosyoCd=1370200642-00&ServiceCd=210&Type=search" }, "geometry": { "type": "Point", "coordinates": [ 139.772647399999983, 35.6727364 ] } },
{ "type": "Feature", "properties": { "内容": "中央区立特別養護老人ホームマイホームはるみ【短期入所生活介護】東京都中央区晴海一丁目５番１号", "url2": "https://www.kaigokensaku.mhlw.go.jp/13/index.php?action_kouhyou_detail_004_kani=true&JigyosyoCd=1370202200-00&ServiceCd=210&Type=search" }, "geometry": { "type": "Point", "coordinates": [ 139.78445540000007, 35.6597797 ] } },
{ "type": "Feature", "properties": { "内容": "短期入所生活介護十思【短期入所生活介護】東京都中央区日本橋小伝馬町5番19号十思スクエア別館4階", "url2": "https://www.kaigokensaku.mhlw.go.jp/13/index.php?action_kouhyou_detail_004_kani=true&JigyosyoCd=1370202077-00&ServiceCd=210&Type=search" }, "geometry": { "type": "Point", "coordinates": [ 139.777549300000032, 35.6911066 ] } },
{ "type": "Feature", "properties": { "内容": "短期入所生活介護　つきしま【短期入所生活介護】東京都中央区月島1-5-2キャピタルゲートプレイス　ザ・モール　3階・4階", "url2": "https://www.kaigokensaku.mhlw.go.jp/13/index.php?action_kouhyou_detail_004_kani=true&JigyosyoCd=1370201996-00&ServiceCd=210&Type=search" }, "geometry": { "type": "Point", "coordinates": [ 139.783338700000058, 35.6638126 ] } },
{ "type": "Feature", "properties": { "内容": "特別養護老人ホーム　マイホーム新川【短期入所生活介護】東京都中央区新川２－２７－３", "url2": "https://www.kaigokensaku.mhlw.go.jp/13/index.php?action_kouhyou_detail_004_kani=true&JigyosyoCd=1370201210-00&ServiceCd=210&Type=search" }, "geometry": { "type": "Point", "coordinates": [ 139.78397730000006, 35.6731006 ] } },
{ "type": "Feature", "properties": { "内容": "ショートステイわとなーる桜川【短期入所生活介護】東京都中央区入船1-1-13桜川敬老館等複合施設５階", "url2": "https://www.kaigokensaku.mhlw.go.jp/13/index.php?action_kouhyou_detail_004_kani=true&JigyosyoCd=1370202523-00&ServiceCd=210&Type=search" }, "geometry": { "type": "Point", "coordinates": [ 139.7782205, 35.6737456 ] } },
{ "type": "Feature", "properties": { "内容": "ショートステイ晴海苑【短期入所生活介護】東京都中央区晴海１－１－２６", "url2": "https://www.kaigokensaku.mhlw.go.jp/13/index.php?action_kouhyou_detail_004_kani=true&JigyosyoCd=1370201350-00&ServiceCd=210&Type=search" }, "geometry": { "type": "Point", "coordinates": [ 139.78716035819707, 35.661657075395311 ] } },
{ "type": "Feature", "properties": { "内容": "特別養護老人ホーム　新橋さくらの園【短期入所生活介護】東京都港区新橋6-19-2福祉プラザさくら川", "url2": "https://www.kaigokensaku.mhlw.go.jp/13/index.php?action_kouhyou_detail_004_kani=true&JigyosyoCd=1370302364-00&ServiceCd=210&Type=search" }, "geometry": { "type": "Point", "coordinates": [ 139.753779500000064, 35.6612067 ] } },
{ "type": "Feature", "properties": { "内容": "ショートステイ　ありすの杜きのこ南麻布【短期入所生活介護】東京都港区南麻布４－６－１南棟", "url2": "https://www.kaigokensaku.mhlw.go.jp/13/index.php?action_kouhyou_detail_004_kani=true&JigyosyoCd=1370303180-00&ServiceCd=210&Type=search" }, "geometry": { "type": "Point", "coordinates": [ 139.726873899999987, 35.6502183 ] } },
{ "type": "Feature", "properties": { "内容": "特別養護老人ホーム　洛和ヴィラ南麻布【短期入所生活介護】東京都港区南麻布４－６－１", "url2": "https://www.kaigokensaku.mhlw.go.jp/13/index.php?action_kouhyou_detail_004_kani=true&JigyosyoCd=1370303172-00&ServiceCd=210&Type=search" }, "geometry": { "type": "Point", "coordinates": [ 139.726873899999987, 35.6502183 ] } },
{ "type": "Feature", "properties": { "内容": "港区立特別養護老人ホーム港南の郷【短期入所生活介護】東京都港区港南三丁目３番２３号", "url2": "https://www.kaigokensaku.mhlw.go.jp/13/index.php?action_kouhyou_detail_004_kani=true&JigyosyoCd=1370304568-00&ServiceCd=210&Type=search" }, "geometry": { "type": "Point", "coordinates": [ 139.7492766, 35.6332173 ] } },
{ "type": "Feature", "properties": { "内容": "港区立特別養護老人ホーム　サン・サン赤坂【短期入所生活介護】東京都港区赤坂6-6-14", "url2": "https://www.kaigokensaku.mhlw.go.jp/13/index.php?action_kouhyou_detail_004_kani=true&JigyosyoCd=1370304576-00&ServiceCd=210&Type=search" }, "geometry": { "type": "Point", "coordinates": [ 139.737630699999954, 35.6699662 ] } },
{ "type": "Feature", "properties": { "内容": "特別養護老人ホーム南麻布シニアガーデンアリス【短期入所生活介護】東京都港区南麻布4-6-13", "url2": "https://www.kaigokensaku.mhlw.go.jp/13/index.php?action_kouhyou_detail_004_kani=true&JigyosyoCd=1370305151-00&ServiceCd=210&Type=search" }, "geometry": { "type": "Point", "coordinates": [ 139.727203300000014, 35.6505906 ] } },
{ "type": "Feature", "properties": { "内容": "港区立特別養護老人ホーム　白金の森【短期入所生活介護】東京都港区白金台5－20－5", "url2": "https://www.kaigokensaku.mhlw.go.jp/13/index.php?action_kouhyou_detail_004_kani=true&JigyosyoCd=1370303479-00&ServiceCd=210&Type=search" }, "geometry": { "type": "Point", "coordinates": [ 139.722061137434395, 35.637197374048633 ] } },
{ "type": "Feature", "properties": { "内容": "特別養護老人ホーム慶福育児会麻布慶福苑【短期入所生活介護】東京都港区南麻布五丁目１番２０号", "url2": "https://www.kaigokensaku.mhlw.go.jp/13/index.php?action_kouhyou_detail_004_kani=true&JigyosyoCd=1370300616-00&ServiceCd=210&Type=search" }, "geometry": { "type": "Point", "coordinates": [ 139.721838100000014, 35.6537122 ] } },
{ "type": "Feature", "properties": { "内容": "青山スクウェアー【短期入所生活介護】東京都港区南青山一丁目18番8号", "url2": "https://www.kaigokensaku.mhlw.go.jp/13/index.php?action_kouhyou_detail_004_kani=true&JigyosyoCd=1370305797-00&ServiceCd=210&Type=search" }, "geometry": { "type": "Point", "coordinates": [ 139.7531793, 35.667647 ] } },
{ "type": "Feature", "properties": { "内容": "短期入所施設　聖母ホーム【短期入所生活介護】東京都新宿区中落合2-5-21", "url2": "https://www.kaigokensaku.mhlw.go.jp/13/index.php?action_kouhyou_detail_004_kani=true&JigyosyoCd=1370401448-00&ServiceCd=210&Type=search" }, "geometry": { "type": "Point", "coordinates": [ 139.69462139999996, 35.719023 ] } },
{ "type": "Feature", "properties": { "内容": "小規模特別養護老人ホーム　マザアス新宿【短期入所生活介護】東京都新宿区新宿七丁目3番31号", "url2": "https://www.kaigokensaku.mhlw.go.jp/13/index.php?action_kouhyou_detail_004_kani=true&JigyosyoCd=1374801106-00&ServiceCd=210&Type=search" }, "geometry": { "type": "Point", "coordinates": [ 139.71312290000003, 35.7010645 ] } },
{ "type": "Feature", "properties": { "内容": "ｼｮｰﾄｽﾃｲ　新宿けやき園【短期入所生活介護】東京都新宿区百人町4-5-1", "url2": "https://www.kaigokensaku.mhlw.go.jp/13/index.php?action_kouhyou_detail_004_kani=true&JigyosyoCd=1370403766-00&ServiceCd=210&Type=search" }, "geometry": { "type": "Point", "coordinates": [ 139.698107700000037, 35.7081577 ] } },
{ "type": "Feature", "properties": { "内容": "ショートステイもみの樹園【短期入所生活介護】東京都新宿区上落合1-17-8", "url2": "https://www.kaigokensaku.mhlw.go.jp/13/index.php?action_kouhyou_detail_004_kani=true&JigyosyoCd=1370405688-00&ServiceCd=210&Type=search" }, "geometry": { "type": "Point", "coordinates": [ 139.69432818227844, 35.716070899305471 ] } },
{ "type": "Feature", "properties": { "内容": "優っくりショートステイ新宿西落合【短期入所生活介護】東京都新宿区西落合2-8-7優っくり村新宿西落合", "url2": "https://www.kaigokensaku.mhlw.go.jp/13/index.php?action_kouhyou_detail_004_kani=true&JigyosyoCd=1370405977-00&ServiceCd=210&Type=search" }, "geometry": { "type": "Point", "coordinates": [ 139.678178399999979, 35.719003200000017 ] } },
{ "type": "Feature", "properties": { "内容": "ショートステイ下落合幸朋苑【短期入所生活介護】東京都新宿区下落合1-9-10", "url2": "https://www.kaigokensaku.mhlw.go.jp/13/index.php?action_kouhyou_detail_004_kani=true&JigyosyoCd=1370406082-00&ServiceCd=210&Type=search" }, "geometry": { "type": "Point", "coordinates": [ 139.698702781614656, 35.715877315682135 ] } },
{ "type": "Feature", "properties": { "内容": "みさよはうす富久【短期入所生活介護】東京都新宿区富久町35番7号", "url2": "https://www.kaigokensaku.mhlw.go.jp/13/index.php?action_kouhyou_detail_004_kani=true&JigyosyoCd=1370406504-00&ServiceCd=210&Type=search" }, "geometry": { "type": "Point", "coordinates": [ 139.7128069, 35.6948009 ] } },
{ "type": "Feature", "properties": { "内容": "ショート新宿和光園【短期入所生活介護】東京都新宿区市谷薬王寺町43-1", "url2": "https://www.kaigokensaku.mhlw.go.jp/13/index.php?action_kouhyou_detail_004_kani=true&JigyosyoCd=1370407049-00&ServiceCd=210&Type=search" }, "geometry": { "type": "Point", "coordinates": [ 139.7233722, 35.6966966 ] } },
{ "type": "Feature", "properties": { "内容": "北新宿特別養護老人ホーム【短期入所生活介護】東京都新宿区北新宿三丁目２７番６号", "url2": "https://www.kaigokensaku.mhlw.go.jp/13/index.php?action_kouhyou_detail_004_kani=true&JigyosyoCd=1370402966-00&ServiceCd=210&Type=search" }, "geometry": { "type": "Point", "coordinates": [ 139.689861599999972, 35.7047912 ] } },
{ "type": "Feature", "properties": { "内容": "特別養護老人ホーム　あかね苑【短期入所生活介護】東京都新宿区北山伏町２番１２号", "url2": "https://www.kaigokensaku.mhlw.go.jp/13/index.php?action_kouhyou_detail_004_kani=true&JigyosyoCd=1370402974-00&ServiceCd=210&Type=search" }, "geometry": { "type": "Point", "coordinates": [ 139.729682599999933, 35.7001318 ] } },
{ "type": "Feature", "properties": { "内容": "ショートステイ　神楽坂【短期入所生活介護】東京都新宿区矢来町104", "url2": "https://www.kaigokensaku.mhlw.go.jp/13/index.php?action_kouhyou_detail_004_kani=true&JigyosyoCd=1370404335-00&ServiceCd=210&Type=search" }, "geometry": { "type": "Point", "coordinates": [ 139.734238983467094, 35.703703124500883 ] } },
{ "type": "Feature", "properties": { "内容": "原町ホーム【短期入所生活介護】東京都新宿区原町３－８原町ホーム", "url2": "https://www.kaigokensaku.mhlw.go.jp/13/index.php?action_kouhyou_detail_004_kani=true&JigyosyoCd=1370400341-00&ServiceCd=210&Type=search" }, "geometry": { "type": "Point", "coordinates": [ 139.722404599999976, 35.6996467 ] } },
{ "type": "Feature", "properties": { "内容": "特別養護老人ホーム小日向の家【短期入所生活介護】東京都文京区小日向一丁目23番26号", "url2": "https://www.kaigokensaku.mhlw.go.jp/13/index.php?action_kouhyou_detail_004_kani=true&JigyosyoCd=1370503516-00&ServiceCd=210&Type=search" }, "geometry": { "type": "Point", "coordinates": [ 139.7373009, 35.7142039 ] } },
{ "type": "Feature", "properties": { "内容": "短期入所施設　ゆしまの郷【短期入所生活介護】東京都文京区湯島3-29-10", "url2": "https://www.kaigokensaku.mhlw.go.jp/13/index.php?action_kouhyou_detail_004_kani=true&JigyosyoCd=1370501510-00&ServiceCd=210&Type=search" }, "geometry": { "type": "Point", "coordinates": [ 139.768385500000022, 35.70701 ] } },
{ "type": "Feature", "properties": { "内容": "ショートステイ洛和ヴィラ文京春日【短期入所生活介護】東京都文京区春日1-9-21洛和ヴィラ文京春日", "url2": "https://www.kaigokensaku.mhlw.go.jp/13/index.php?action_kouhyou_detail_004_kani=true&JigyosyoCd=1370503151-00&ServiceCd=210&Type=search" }, "geometry": { "type": "Point", "coordinates": [ 139.746020199999947, 35.7080425 ] } },
{ "type": "Feature", "properties": { "内容": "ショートステイ文京大塚みどりの郷【短期入所生活介護】東京都文京区大塚4-50-1文京大塚みどりの郷", "url2": "https://www.kaigokensaku.mhlw.go.jp/13/index.php?action_kouhyou_detail_004_kani=true&JigyosyoCd=1370503532-00&ServiceCd=210&Type=search" }, "geometry": { "type": "Point", "coordinates": [ 139.7308248, 35.7247437 ] } },
{ "type": "Feature", "properties": { "内容": "特別養護老人ホーム　文京くすのきの郷【短期入所生活介護】東京都文京区大塚４－１８－１", "url2": "https://www.kaigokensaku.mhlw.go.jp/13/index.php?action_kouhyou_detail_004_kani=true&JigyosyoCd=1370501940-00&ServiceCd=210&Type=search" }, "geometry": { "type": "Point", "coordinates": [ 139.73469810000006, 35.724135 ] } },
{ "type": "Feature", "properties": { "内容": "小石川ヒルサイドテラス【短期入所生活介護】東京都文京区春日二丁目4番8号", "url2": "https://www.kaigokensaku.mhlw.go.jp/13/index.php?action_kouhyou_detail_004_kani=true&JigyosyoCd=1370503508-00&ServiceCd=210&Type=search" }, "geometry": { "type": "Point", "coordinates": [ 139.7440139, 35.7096505 ] } },
{ "type": "Feature", "properties": { "内容": "福寿ぶんきょう小石川あけぼし【短期入所生活介護】東京都文京区小石川5-11-8", "url2": "https://www.kaigokensaku.mhlw.go.jp/13/index.php?action_kouhyou_detail_004_kani=true&JigyosyoCd=1370503607-00&ServiceCd=210&Type=search" }, "geometry": { "type": "Point", "coordinates": [ 139.7412871, 35.7169544 ] } },
{ "type": "Feature", "properties": { "内容": "ショートステイ洛和ヴィラ文京春日（地域密着）【短期入所生活介護】東京都文京区春日1-9-21洛和ヴィラ文京春日", "url2": "https://www.kaigokensaku.mhlw.go.jp/13/index.php?action_kouhyou_detail_004_kani=true&JigyosyoCd=1370503144-00&ServiceCd=210&Type=search" }, "geometry": { "type": "Point", "coordinates": [ 139.746201240475472, 35.708125515041246 ] } },
{ "type": "Feature", "properties": { "内容": "東京都台東区立特別養護老人ホーム竜泉【短期入所生活介護】東京都台東区竜泉2-10-8", "url2": "https://www.kaigokensaku.mhlw.go.jp/13/index.php?action_kouhyou_detail_004_kani=true&JigyosyoCd=1370604678-00&ServiceCd=210&Type=search" }, "geometry": { "type": "Point", "coordinates": [ 139.789972, 35.7255409 ] } },
{ "type": "Feature", "properties": { "内容": "東京都台東区立特別養護老人ホーム竜泉【短期入所生活介護】東京都台東区竜泉2-10-8", "url2": "https://www.kaigokensaku.mhlw.go.jp/13/index.php?action_kouhyou_detail_004_kani=true&JigyosyoCd=1370604686-00&ServiceCd=210&Type=search" }, "geometry": { "type": "Point", "coordinates": [ 139.789972, 35.7255409 ] } },
{ "type": "Feature", "properties": { "内容": "台東区立特別養護老人ホーム谷中【短期入所生活介護】東京都台東区谷中2-17-20", "url2": "https://www.kaigokensaku.mhlw.go.jp/13/index.php?action_kouhyou_detail_004_kani=true&JigyosyoCd=1370603985-00&ServiceCd=210&Type=search" }, "geometry": { "type": "Point", "coordinates": [ 139.76432669999997, 35.7240524 ] } },
{ "type": "Feature", "properties": { "内容": "特別養護老人ホーム　浅草ほうらい【短期入所生活介護】東京都台東区清川2-14-7", "url2": "https://www.kaigokensaku.mhlw.go.jp/13/index.php?action_kouhyou_detail_004_kani=true&JigyosyoCd=1370602649-00&ServiceCd=210&Type=search" }, "geometry": { "type": "Point", "coordinates": [ 139.801279300000033, 35.7272008 ] } },
{ "type": "Feature", "properties": { "内容": "フレスコ浅草【短期入所生活介護】東京都台東区浅草5-33-7", "url2": "https://www.kaigokensaku.mhlw.go.jp/13/index.php?action_kouhyou_detail_004_kani=true&JigyosyoCd=1370603753-00&ServiceCd=210&Type=search" }, "geometry": { "type": "Point", "coordinates": [ 139.796066099999962, 35.7218928 ] } },
{ "type": "Feature", "properties": { "内容": "ショートステイ　橋場すみれ園【短期入所生活介護】東京都台東区橋場1-1-10特別養護老人ホーム　橋場すみれ園", "url2": "https://www.kaigokensaku.mhlw.go.jp/13/index.php?action_kouhyou_detail_004_kani=true&JigyosyoCd=1370603829-00&ServiceCd=210&Type=search" }, "geometry": { "type": "Point", "coordinates": [ 139.807884599999966, 35.7239678 ] } },
{ "type": "Feature", "properties": { "内容": "台東区立特別養護老人ホーム台東【短期入所生活介護】東京都台東区台東1-25-5", "url2": "https://www.kaigokensaku.mhlw.go.jp/13/index.php?action_kouhyou_detail_004_kani=true&JigyosyoCd=1370604629-00&ServiceCd=210&Type=search" }, "geometry": { "type": "Point", "coordinates": [ 139.7777606, 35.701733 ] } },
{ "type": "Feature", "properties": { "内容": "台東区立特別養護老人ホーム浅草【短期入所生活介護】東京都台東区浅草4-26-2", "url2": "https://www.kaigokensaku.mhlw.go.jp/13/index.php?action_kouhyou_detail_004_kani=true&JigyosyoCd=1370604611-00&ServiceCd=210&Type=search" }, "geometry": { "type": "Point", "coordinates": [ 139.7935277, 35.7190401 ] } },
{ "type": "Feature", "properties": { "内容": "東京清風園【短期入所生活介護】東京都墨田区立花1丁目25番12号", "url2": "https://www.kaigokensaku.mhlw.go.jp/13/index.php?action_kouhyou_detail_004_kani=true&JigyosyoCd=1370700245-00&ServiceCd=210&Type=search" }, "geometry": { "type": "Point", "coordinates": [ 139.8314666, 35.7049251 ] } },
{ "type": "Feature", "properties": { "内容": "短期入所事業同愛記念ホーム【短期入所生活介護】東京都墨田区横網2丁目1番11号", "url2": "https://www.kaigokensaku.mhlw.go.jp/13/index.php?action_kouhyou_detail_004_kani=true&JigyosyoCd=1370700468-00&ServiceCd=210&Type=search" }, "geometry": { "type": "Point", "coordinates": [ 139.7941434, 35.6995421 ] } },
{ "type": "Feature", "properties": { "内容": "和翔苑【短期入所生活介護】東京都墨田区八広６－５５－１７", "url2": "https://www.kaigokensaku.mhlw.go.jp/13/index.php?action_kouhyou_detail_004_kani=true&JigyosyoCd=1370700286-00&ServiceCd=210&Type=search" }, "geometry": { "type": "Point", "coordinates": [ 139.83098259999997, 35.7240043 ] } },
{ "type": "Feature", "properties": { "内容": "墨田区特別養護老人ホームはなみずきホーム【短期入所生活介護】東京都墨田区八広３－２２－１４", "url2": "https://www.kaigokensaku.mhlw.go.jp/13/index.php?action_kouhyou_detail_004_kani=true&JigyosyoCd=1370701987-00&ServiceCd=210&Type=search" }, "geometry": { "type": "Point", "coordinates": [ 139.827966400000037, 35.7184546 ] } },
{ "type": "Feature", "properties": { "内容": "墨田区特別養護老人ホームたちばなホーム【短期入所生活介護】東京都墨田区立花三丁目１０番１号", "url2": "https://www.kaigokensaku.mhlw.go.jp/13/index.php?action_kouhyou_detail_004_kani=true&JigyosyoCd=1370701920-00&ServiceCd=210&Type=search" }, "geometry": { "type": "Point", "coordinates": [ 139.8331164, 35.7053334 ] } },
{ "type": "Feature", "properties": { "内容": "墨田区特別養護老人ホーム　なりひらホーム【短期入所生活介護】東京都墨田区業平5-6-2", "url2": "https://www.kaigokensaku.mhlw.go.jp/13/index.php?action_kouhyou_detail_004_kani=true&JigyosyoCd=1370704551-00&ServiceCd=210&Type=search" }, "geometry": { "type": "Point", "coordinates": [ 139.818009399999937, 35.7070608 ] } },
{ "type": "Feature", "properties": { "内容": "特別養護老人ホームしらひげ【短期入所生活介護】東京都墨田区東向島4-2-11特別養護老人ホームしらひげ", "url2": "https://www.kaigokensaku.mhlw.go.jp/13/index.php?action_kouhyou_detail_004_kani=true&JigyosyoCd=1370705509-00&ServiceCd=210&Type=search" }, "geometry": { "type": "Point", "coordinates": [ 139.81409690000001, 35.727933 ] } },
{ "type": "Feature", "properties": { "内容": "せらび両国【短期入所生活介護】東京都墨田区石原二丁目7-4", "url2": "https://www.kaigokensaku.mhlw.go.jp/13/index.php?action_kouhyou_detail_004_kani=true&JigyosyoCd=1370703421-00&ServiceCd=210&Type=search" }, "geometry": { "type": "Point", "coordinates": [ 139.8013871, 35.699921 ] } },
{ "type": "Feature", "properties": { "内容": "ケアホームズ両国【短期入所生活介護】東京都墨田区両国２－５－１３", "url2": "https://www.kaigokensaku.mhlw.go.jp/13/index.php?action_kouhyou_detail_004_kani=true&JigyosyoCd=1370702621-00&ServiceCd=210&Type=search" }, "geometry": { "type": "Point", "coordinates": [ 139.792453799999947, 35.6928233 ] } },
{ "type": "Feature", "properties": { "内容": "特別養護老人ホーム　あそか園【短期入所生活介護】東京都江東区住吉1-9-5", "url2": "https://www.kaigokensaku.mhlw.go.jp/13/index.php?action_kouhyou_detail_004_kani=true&JigyosyoCd=1370800235-00&ServiceCd=210&Type=search" }, "geometry": { "type": "Point", "coordinates": [ 139.812248306724001, 35.687627977630449 ] } },
{ "type": "Feature", "properties": { "内容": "コスモス短期入所施設【短期入所生活介護】東京都江東区大島9-6-16", "url2": "https://www.kaigokensaku.mhlw.go.jp/13/index.php?action_kouhyou_detail_004_kani=true&JigyosyoCd=1370801373-00&ServiceCd=210&Type=search" }, "geometry": { "type": "Point", "coordinates": [ 139.844829399999981, 35.693149 ] } },
{ "type": "Feature", "properties": { "内容": "老人短期入所事業　あじさい【短期入所生活介護】東京都江東区東砂4丁目20番15号", "url2": "https://www.kaigokensaku.mhlw.go.jp/13/index.php?action_kouhyou_detail_004_kani=true&JigyosyoCd=1370803064-00&ServiceCd=210&Type=search" }, "geometry": { "type": "Point", "coordinates": [ 139.838157700000011, 35.6781478 ] } },
{ "type": "Feature", "properties": { "内容": "特別養護老人ホーム　あそか園【短期入所生活介護】東京都江東区住吉1-9-5", "url2": "https://www.kaigokensaku.mhlw.go.jp/13/index.php?action_kouhyou_detail_004_kani=true&JigyosyoCd=1370806786-00&ServiceCd=210&Type=search" }, "geometry": { "type": "Point", "coordinates": [ 139.8122684, 35.687622 ] } },
{ "type": "Feature", "properties": { "内容": "寿園短期入所施設【短期入所生活介護】東京都江東区北砂2－1－16", "url2": "https://www.kaigokensaku.mhlw.go.jp/13/index.php?action_kouhyou_detail_004_kani=true&JigyosyoCd=1370800607-00&ServiceCd=210&Type=search" }, "geometry": { "type": "Point", "coordinates": [ 139.8268549, 35.679022 ] } },
{ "type": "Feature", "properties": { "内容": "深川愛の園【短期入所生活介護】東京都江東区冬木16-7", "url2": "https://www.kaigokensaku.mhlw.go.jp/13/index.php?action_kouhyou_detail_004_kani=true&JigyosyoCd=1370800516-00&ServiceCd=210&Type=search" }, "geometry": { "type": "Point", "coordinates": [ 139.801012611639408, 35.675057565794233 ] } },
{ "type": "Feature", "properties": { "内容": "特別養護老人ホーム三井陽光苑【短期入所生活介護】東京都江東区新砂3-3-37", "url2": "https://www.kaigokensaku.mhlw.go.jp/13/index.php?action_kouhyou_detail_004_kani=true&JigyosyoCd=1370801399-00&ServiceCd=210&Type=search" }, "geometry": { "type": "Point", "coordinates": [ 139.8324973, 35.6649381 ] } },
{ "type": "Feature", "properties": { "内容": "ショートステイ　カメリア【短期入所生活介護】東京都江東区亀戸3-36-5", "url2": "https://www.kaigokensaku.mhlw.go.jp/13/index.php?action_kouhyou_detail_004_kani=true&JigyosyoCd=1370804070-00&ServiceCd=210&Type=search" }, "geometry": { "type": "Point", "coordinates": [ 139.8198664, 35.7069787 ] } },
{ "type": "Feature", "properties": { "内容": "特別養護老人ホームあかつき苑【短期入所生活介護】東京都江東区大島７丁目３８番１５号メディカルケアタウン東大島", "url2": "https://www.kaigokensaku.mhlw.go.jp/13/index.php?action_kouhyou_detail_004_kani=true&JigyosyoCd=1370805168-00&ServiceCd=210&Type=search" }, "geometry": { "type": "Point", "coordinates": [ 139.842008377909906, 35.691267977726419 ] } },
{ "type": "Feature", "properties": { "内容": "ショートステイ故郷の家・東京【短期入所生活介護】東京都江東区塩浜1-4-48", "url2": "https://www.kaigokensaku.mhlw.go.jp/13/index.php?action_kouhyou_detail_004_kani=true&JigyosyoCd=1370806315-00&ServiceCd=210&Type=search" }, "geometry": { "type": "Point", "coordinates": [ 139.802174700000023, 35.6637658 ] } },
{ "type": "Feature", "properties": { "内容": "江東ホーム指定短期入所生活介護事業所【短期入所生活介護】東京都江東区東陽2-1-2", "url2": "https://www.kaigokensaku.mhlw.go.jp/13/index.php?action_kouhyou_detail_004_kani=true&JigyosyoCd=1370807032-00&ServiceCd=210&Type=search" }, "geometry": { "type": "Point", "coordinates": [ 139.8147064, 35.6658806 ] } },
{ "type": "Feature", "properties": { "内容": "特別養護老人ホーム芳香苑【短期入所生活介護】東京都江東区東雲２丁目２番２９号", "url2": "https://www.kaigokensaku.mhlw.go.jp/13/index.php?action_kouhyou_detail_004_kani=true&JigyosyoCd=1370803403-00&ServiceCd=210&Type=search" }, "geometry": { "type": "Point", "coordinates": [ 139.8013264, 35.642465 ] } },
{ "type": "Feature", "properties": { "内容": "タムスさくらの杜亀戸【短期入所生活介護】東京都江東区亀戸9-6-27", "url2": "https://www.kaigokensaku.mhlw.go.jp/13/index.php?action_kouhyou_detail_004_kani=true&JigyosyoCd=1370807339-00&ServiceCd=210&Type=search" }, "geometry": { "type": "Point", "coordinates": [ 139.8422099, 35.6962624 ] } },
{ "type": "Feature", "properties": { "内容": "タムスさくらの杜　亀戸【短期入所生活介護】東京都江東区亀戸9-6-27", "url2": "https://www.kaigokensaku.mhlw.go.jp/13/index.php?action_kouhyou_detail_004_kani=true&JigyosyoCd=1370807347-00&ServiceCd=210&Type=search" }, "geometry": { "type": "Point", "coordinates": [ 139.8422099, 35.6962624 ] } },
{ "type": "Feature", "properties": { "内容": "かえで荘短期入所生活介護事業【短期入所生活介護】東京都品川区八潮５-１-１品川総合福祉センター", "url2": "https://www.kaigokensaku.mhlw.go.jp/13/index.php?action_kouhyou_detail_004_kani=true&JigyosyoCd=1370902189-00&ServiceCd=210&Type=search" }, "geometry": { "type": "Point", "coordinates": [ 139.7525104, 35.605119 ] } },
{ "type": "Feature", "properties": { "内容": "品川区立戸越台特別養護老人ホーム【短期入所生活介護】東京都品川区　戸越　１－１５－２３", "url2": "https://www.kaigokensaku.mhlw.go.jp/13/index.php?action_kouhyou_detail_004_kani=true&JigyosyoCd=1370900779-00&ServiceCd=210&Type=search" }, "geometry": { "type": "Point", "coordinates": [ 139.7179554, 35.6155338 ] } },
{ "type": "Feature", "properties": { "内容": "品川区立荏原老人短期入所施設【短期入所生活介護】東京都品川区荏原2-9-6", "url2": "https://www.kaigokensaku.mhlw.go.jp/13/index.php?action_kouhyou_detail_004_kani=true&JigyosyoCd=1370900795-00&ServiceCd=210&Type=search" }, "geometry": { "type": "Point", "coordinates": [ 139.711112400000047, 35.6170912 ] } },
{ "type": "Feature", "properties": { "内容": "品川区立中延特別養護老人ホーム【短期入所生活介護】東京都品川区中延６－８－８", "url2": "https://www.kaigokensaku.mhlw.go.jp/13/index.php?action_kouhyou_detail_004_kani=true&JigyosyoCd=1370900852-00&ServiceCd=210&Type=search" }, "geometry": { "type": "Point", "coordinates": [ 139.711190699999946, 35.6018125 ] } },
{ "type": "Feature", "properties": { "内容": "ロイヤルサニー【短期入所生活介護】東京都品川区西大井２－４－４", "url2": "https://www.kaigokensaku.mhlw.go.jp/13/index.php?action_kouhyou_detail_004_kani=true&JigyosyoCd=1370900985-00&ServiceCd=210&Type=search" }, "geometry": { "type": "Point", "coordinates": [ 139.722531500000059, 35.5999297 ] } },
{ "type": "Feature", "properties": { "内容": "品川区立上大崎特別養護老人ホーム【短期入所生活介護】東京都品川区上大崎3丁目10番7号", "url2": "https://www.kaigokensaku.mhlw.go.jp/13/index.php?action_kouhyou_detail_004_kani=true&JigyosyoCd=1370904763-00&ServiceCd=210&Type=search" }, "geometry": { "type": "Point", "coordinates": [ 139.717908599999987, 35.631948 ] } },
{ "type": "Feature", "properties": { "内容": "社会福祉法人　福栄会　特別養護老人ホーム　晴楓ホーム　短期入所生活介護【短期入所生活介護】東京都品川区東品川3-1-8", "url2": "https://www.kaigokensaku.mhlw.go.jp/13/index.php?action_kouhyou_detail_004_kani=true&JigyosyoCd=1370900316-00&ServiceCd=210&Type=search" }, "geometry": { "type": "Point", "coordinates": [ 139.746834835581922, 35.61714281725591 ] } },
{ "type": "Feature", "properties": { "内容": "品川区立平塚橋特別養護老人ホーム【短期入所生活介護】東京都品川区西中延1-2-8", "url2": "https://www.kaigokensaku.mhlw.go.jp/13/index.php?action_kouhyou_detail_004_kani=true&JigyosyoCd=1370904623-00&ServiceCd=210&Type=search" }, "geometry": { "type": "Point", "coordinates": [ 139.709784799999966, 35.6141471 ] } },
{ "type": "Feature", "properties": { "内容": "グランアークみづほショートステイ事業所【短期入所生活介護】東京都品川区南品川四丁目2番32号", "url2": "https://www.kaigokensaku.mhlw.go.jp/13/index.php?action_kouhyou_detail_004_kani=true&JigyosyoCd=1370905059-00&ServiceCd=210&Type=search" }, "geometry": { "type": "Point", "coordinates": [ 139.739020031352197, 35.614615171521258 ] } },
{ "type": "Feature", "properties": { "内容": "品川区立八潮南特別養護老人ホーム　短期入所生活介護事業【短期入所生活介護】東京都品川区八潮５－９－２", "url2": "https://www.kaigokensaku.mhlw.go.jp/13/index.php?action_kouhyou_detail_004_kani=true&JigyosyoCd=1370903617-00&ServiceCd=210&Type=search" }, "geometry": { "type": "Point", "coordinates": [ 139.7522047, 35.598953 ] } },
{ "type": "Feature", "properties": { "内容": "品川区立杜松特別養護老人ホームショートステイ【短期入所生活介護】東京都品川区豊町4－24－15品川区立杜松地域密着型多機能ホーム", "url2": "https://www.kaigokensaku.mhlw.go.jp/13/index.php?action_kouhyou_detail_004_kani=true&JigyosyoCd=1370905455-00&ServiceCd=210&Type=search" }, "geometry": { "type": "Point", "coordinates": [ 139.722614, 35.605989 ] } },
{ "type": "Feature", "properties": { "内容": "成幸ホーム【短期入所生活介護】東京都品川区中延１－８－７", "url2": "https://www.kaigokensaku.mhlw.go.jp/13/index.php?action_kouhyou_detail_004_kani=true&JigyosyoCd=1370900621-00&ServiceCd=210&Type=search" }, "geometry": { "type": "Point", "coordinates": [ 139.7118375, 35.6120835 ] } },
{ "type": "Feature", "properties": { "内容": "特別養護老人ホーム清徳苑【短期入所生活介護】東京都目黒区目黒本町４－２－１", "url2": "https://www.kaigokensaku.mhlw.go.jp/13/index.php?action_kouhyou_detail_004_kani=true&JigyosyoCd=1371000488-00&ServiceCd=210&Type=search" }, "geometry": { "type": "Point", "coordinates": [ 139.698299499999962, 35.6228235 ] } },
{ "type": "Feature", "properties": { "内容": "青葉台さくら苑【短期入所生活介護】東京都目黒区青葉台３－２１－６", "url2": "https://www.kaigokensaku.mhlw.go.jp/13/index.php?action_kouhyou_detail_004_kani=true&JigyosyoCd=1371000298-00&ServiceCd=210&Type=search" }, "geometry": { "type": "Point", "coordinates": [ 139.692002, 35.6496062 ] } },
{ "type": "Feature", "properties": { "内容": "目黒区立特別養護老人ホーム東が丘【短期入所生活介護】東京都目黒区東が丘1-6-4", "url2": "https://www.kaigokensaku.mhlw.go.jp/13/index.php?action_kouhyou_detail_004_kani=true&JigyosyoCd=1371003789-00&ServiceCd=210&Type=search" }, "geometry": { "type": "Point", "coordinates": [ 139.670513, 35.6263556 ] } },
{ "type": "Feature", "properties": { "内容": "こぶしえん【短期入所生活介護】東京都目黒区下目黒6-18-2", "url2": "https://www.kaigokensaku.mhlw.go.jp/13/index.php?action_kouhyou_detail_004_kani=true&JigyosyoCd=1371005214-00&ServiceCd=210&Type=search" }, "geometry": { "type": "Point", "coordinates": [ 139.6968362, 35.6286658 ] } },
{ "type": "Feature", "properties": { "内容": "目黒区立特別養護老人ホーム中目黒　短期入所生活介護【短期入所生活介護】東京都目黒区中目黒5-7-35なかめぐろホーム", "url2": "https://www.kaigokensaku.mhlw.go.jp/13/index.php?action_kouhyou_detail_004_kani=true&JigyosyoCd=1371003813-00&ServiceCd=210&Type=search" }, "geometry": { "type": "Point", "coordinates": [ 139.7009098, 35.6359829 ] } },
{ "type": "Feature", "properties": { "内容": "特別養護老人ホーム目黒中央の家　短期入所生活介護　介護予防短期入所生活介護【短期入所生活介護】東京都目黒区中央町2丁目32番23号目黒中央の家", "url2": "https://www.kaigokensaku.mhlw.go.jp/13/index.php?action_kouhyou_detail_004_kani=true&JigyosyoCd=1371004936-00&ServiceCd=210&Type=search" }, "geometry": { "type": "Point", "coordinates": [ 139.6880823, 35.6315685 ] } },
{ "type": "Feature", "properties": { "内容": "さんホーム目黒【短期入所生活介護】東京都目黒区目黒3-20-8さんホーム目黒", "url2": "https://www.kaigokensaku.mhlw.go.jp/13/index.php?action_kouhyou_detail_004_kani=true&JigyosyoCd=1371005248-00&ServiceCd=210&Type=search" }, "geometry": { "type": "Point", "coordinates": [ 139.704061200000012, 35.6339843 ] } },
{ "type": "Feature", "properties": { "内容": "目黒区立特別養護老人ホーム東山【短期入所生活介護】東京都目黒区東山３－２４－６", "url2": "https://www.kaigokensaku.mhlw.go.jp/13/index.php?action_kouhyou_detail_004_kani=true&JigyosyoCd=1371003805-00&ServiceCd=210&Type=search" }, "geometry": { "type": "Point", "coordinates": [ 139.685436, 35.6473507 ] } },
{ "type": "Feature", "properties": { "内容": "特別養護老人ホーム好日苑【短期入所生活介護】東京都大田区上池台5-7-1", "url2": "https://www.kaigokensaku.mhlw.go.jp/13/index.php?action_kouhyou_detail_004_kani=true&JigyosyoCd=1371100841-00&ServiceCd=210&Type=search" }, "geometry": { "type": "Point", "coordinates": [ 139.702244899999982, 35.5945355 ] } },
{ "type": "Feature", "properties": { "内容": "ゴールデン鶴亀ホーム【短期入所生活介護】東京都大田区矢口１－２３－１２ゴールデン鶴亀ホーム", "url2": "https://www.kaigokensaku.mhlw.go.jp/13/index.php?action_kouhyou_detail_004_kani=true&JigyosyoCd=1371101344-00&ServiceCd=210&Type=search" }, "geometry": { "type": "Point", "coordinates": [ 139.694700600000033, 35.56587 ] } },
{ "type": "Feature", "properties": { "内容": "大田翔裕園【短期入所生活介護】東京都大田区東六郷1-12-12", "url2": "https://www.kaigokensaku.mhlw.go.jp/13/index.php?action_kouhyou_detail_004_kani=true&JigyosyoCd=1371103811-00&ServiceCd=210&Type=search" }, "geometry": { "type": "Point", "coordinates": [ 139.720084499999984, 35.5534691 ] } },
{ "type": "Feature", "properties": { "内容": "特別養護老人ホームいずみえん【短期入所生活介護】東京都大田区矢口3-1-5", "url2": "https://www.kaigokensaku.mhlw.go.jp/13/index.php?action_kouhyou_detail_004_kani=true&JigyosyoCd=1371104157-00&ServiceCd=210&Type=search" }, "geometry": { "type": "Point", "coordinates": [ 139.69611169999996, 35.5611763 ] } },
{ "type": "Feature", "properties": { "内容": "大田区立特別養護老人ホーム蒲田　短期入所生活介護【短期入所生活介護】東京都大田区蒲田2₋8₋8", "url2": "https://www.kaigokensaku.mhlw.go.jp/13/index.php?action_kouhyou_detail_004_kani=true&JigyosyoCd=1371106475-00&ServiceCd=210&Type=search" }, "geometry": { "type": "Point", "coordinates": [ 139.724968499999989, 35.5667246 ] } },
{ "type": "Feature", "properties": { "内容": "ショートステイココファン六郷【短期入所生活介護】東京都大田区仲六郷4-16-12", "url2": "https://www.kaigokensaku.mhlw.go.jp/13/index.php?action_kouhyou_detail_004_kani=true&JigyosyoCd=1371106301-00&ServiceCd=210&Type=search" }, "geometry": { "type": "Point", "coordinates": [ 139.7085224, 35.5420597 ] } },
{ "type": "Feature", "properties": { "内容": "大田区立特別養護老人ホームたまがわ【短期入所生活介護】東京都大田区下丸子4－23－1", "url2": "https://www.kaigokensaku.mhlw.go.jp/13/index.php?action_kouhyou_detail_004_kani=true&JigyosyoCd=1371106483-00&ServiceCd=210&Type=search" }, "geometry": { "type": "Point", "coordinates": [ 139.679046400000061, 35.5710165 ] } },
{ "type": "Feature", "properties": { "内容": "特別養護老人ホーム大森【短期入所生活介護】東京都大田区大森西1-16-18", "url2": "https://www.kaigokensaku.mhlw.go.jp/13/index.php?action_kouhyou_detail_004_kani=true&JigyosyoCd=1371106582-00&ServiceCd=210&Type=search" }, "geometry": { "type": "Point", "coordinates": [ 139.725274603704861, 35.575310327369003 ] } },
{ "type": "Feature", "properties": { "内容": "特別養護老人ホーム馬込【短期入所生活介護】東京都大田区西馬込2-11-2", "url2": "https://www.kaigokensaku.mhlw.go.jp/13/index.php?action_kouhyou_detail_004_kani=true&JigyosyoCd=1371111160-00&ServiceCd=210&Type=search" }, "geometry": { "type": "Point", "coordinates": [ 139.701598099999956, 35.5897945 ] } },
{ "type": "Feature", "properties": { "内容": "特別養護老人ホーム花みずき【短期入所生活介護】東京都大田区大森西４－１２－１", "url2": "https://www.kaigokensaku.mhlw.go.jp/13/index.php?action_kouhyou_detail_004_kani=true&JigyosyoCd=1371111319-00&ServiceCd=210&Type=search" }, "geometry": { "type": "Point", "coordinates": [ 139.723191633065767, 35.572629845974525 ] } },
{ "type": "Feature", "properties": { "内容": "特別養護老人ホームさくらのみち紫苑【短期入所生活介護】東京都大田区矢口3-11-3", "url2": "https://www.kaigokensaku.mhlw.go.jp/13/index.php?action_kouhyou_detail_004_kani=true&JigyosyoCd=1371111657-00&ServiceCd=210&Type=search" }, "geometry": { "type": "Point", "coordinates": [ 139.694095299999958, 35.5595904 ] } },
{ "type": "Feature", "properties": { "内容": "千里【短期入所生活介護】東京都大田区東糀谷１－１３－６特別養護老人ホーム千里", "url2": "https://www.kaigokensaku.mhlw.go.jp/13/index.php?action_kouhyou_detail_004_kani=true&JigyosyoCd=1371108455-00&ServiceCd=210&Type=search" }, "geometry": { "type": "Point", "coordinates": [ 139.738705200000027, 35.5590355 ] } },
{ "type": "Feature", "properties": { "内容": "ショートステイバタフライヒル大森南【短期入所生活介護】東京都大田区大森南1丁目17-6", "url2": "https://www.kaigokensaku.mhlw.go.jp/13/index.php?action_kouhyou_detail_004_kani=true&JigyosyoCd=1371108448-00&ServiceCd=210&Type=search" }, "geometry": { "type": "Point", "coordinates": [ 139.739474299999983, 35.5631876 ] } },
{ "type": "Feature", "properties": { "内容": "介護老人福祉施設　ケアホーム千鳥【短期入所生活介護】東京都大田区千鳥2-34-25", "url2": "https://www.kaigokensaku.mhlw.go.jp/13/index.php?action_kouhyou_detail_004_kani=true&JigyosyoCd=1371111913-00&ServiceCd=210&Type=search" }, "geometry": { "type": "Point", "coordinates": [ 139.694981, 35.5686502 ] } },
{ "type": "Feature", "properties": { "内容": "ショートステイ生寿園【短期入所生活介護】東京都大田区萩中二丁目3番10号", "url2": "https://www.kaigokensaku.mhlw.go.jp/13/index.php?action_kouhyou_detail_004_kani=true&JigyosyoCd=1371111152-00&ServiceCd=210&Type=search" }, "geometry": { "type": "Point", "coordinates": [ 139.731819329499785, 35.552438634778127 ] } },
{ "type": "Feature", "properties": { "内容": "ショートステイ誠心園【短期入所生活介護】東京都大田区西糀谷一丁目1番12号", "url2": "https://www.kaigokensaku.mhlw.go.jp/13/index.php?action_kouhyou_detail_004_kani=true&JigyosyoCd=1371112754-00&ServiceCd=210&Type=search" }, "geometry": { "type": "Point", "coordinates": [ 139.728469340748347, 35.559393256868688 ] } },
{ "type": "Feature", "properties": { "内容": "特別養護老人ホーム羽田【短期入所生活介護】東京都大田区本羽田3-23-45", "url2": "https://www.kaigokensaku.mhlw.go.jp/13/index.php?action_kouhyou_detail_004_kani=true&JigyosyoCd=1371113125-00&ServiceCd=210&Type=search" }, "geometry": { "type": "Point", "coordinates": [ 139.735898419573971, 35.545861653604724 ] } },
{ "type": "Feature", "properties": { "内容": "ショートステイ　フロース東糀谷【短期入所生活介護】東京都大田区東糀谷六丁目４番１７号", "url2": "https://www.kaigokensaku.mhlw.go.jp/13/index.php?action_kouhyou_detail_004_kani=true&JigyosyoCd=1371105550-00&ServiceCd=210&Type=search" }, "geometry": { "type": "Point", "coordinates": [ 139.751026599999932, 35.5592414 ] } },
{ "type": "Feature", "properties": { "内容": "地域密着型特別養護老人ホーム　寿満ホームかみきたざわ【短期入所生活介護】東京都世田谷区上北沢1-32-11", "url2": "https://www.kaigokensaku.mhlw.go.jp/13/index.php?action_kouhyou_detail_004_kani=true&JigyosyoCd=1371217322-00&ServiceCd=210&Type=search" }, "geometry": { "type": "Point", "coordinates": [ 139.623308882208988, 35.664101462526261 ] } },
{ "type": "Feature", "properties": { "内容": "第２有隣ホーム【短期入所生活介護】東京都世田谷区船橋2－15－38", "url2": "https://www.kaigokensaku.mhlw.go.jp/13/index.php?action_kouhyou_detail_004_kani=true&JigyosyoCd=1371200625-00&ServiceCd=210&Type=search" }, "geometry": { "type": "Point", "coordinates": [ 139.619191499999943, 35.6510239 ] } },
{ "type": "Feature", "properties": { "内容": "砧ホーム【短期入所生活介護】東京都世田谷区砧3-9-11", "url2": "https://www.kaigokensaku.mhlw.go.jp/13/index.php?action_kouhyou_detail_004_kani=true&JigyosyoCd=1371200641-00&ServiceCd=210&Type=search" }, "geometry": { "type": "Point", "coordinates": [ 139.613498400000026, 35.6360009 ] } },
{ "type": "Feature", "properties": { "内容": "千歳敬心苑【短期入所生活介護】東京都世田谷区給田５丁目９番５号", "url2": "https://www.kaigokensaku.mhlw.go.jp/13/index.php?action_kouhyou_detail_004_kani=true&JigyosyoCd=1371200666-00&ServiceCd=210&Type=search" }, "geometry": { "type": "Point", "coordinates": [ 139.5858349, 35.672106 ] } },
{ "type": "Feature", "properties": { "内容": "短期入所生活介護　博水の郷【短期入所生活介護】東京都世田谷区鎌田3－16―6", "url2": "https://www.kaigokensaku.mhlw.go.jp/13/index.php?action_kouhyou_detail_004_kani=true&JigyosyoCd=1371202894-00&ServiceCd=210&Type=search" }, "geometry": { "type": "Point", "coordinates": [ 139.615935400000012, 35.6197202 ] } },
{ "type": "Feature", "properties": { "内容": "喜多見ホーム【短期入所生活介護】東京都世田谷区喜多見七丁目20番26号", "url2": "https://www.kaigokensaku.mhlw.go.jp/13/index.php?action_kouhyou_detail_004_kani=true&JigyosyoCd=1371202910-00&ServiceCd=210&Type=search" }, "geometry": { "type": "Point", "coordinates": [ 139.595972500000016, 35.6323844 ] } },
{ "type": "Feature", "properties": { "内容": "東京敬寿園【短期入所生活介護】東京都世田谷区上祖師谷7－1－1", "url2": "https://www.kaigokensaku.mhlw.go.jp/13/index.php?action_kouhyou_detail_004_kani=true&JigyosyoCd=1371203587-00&ServiceCd=210&Type=search" }, "geometry": { "type": "Point", "coordinates": [ 139.594779300000027, 35.6581637 ] } },
{ "type": "Feature", "properties": { "内容": "特別養護老人ホーム芦花ホーム【短期入所生活介護】東京都世田谷区粕谷2-23-1", "url2": "https://www.kaigokensaku.mhlw.go.jp/13/index.php?action_kouhyou_detail_004_kani=true&JigyosyoCd=1371216332-00&ServiceCd=210&Type=search" }, "geometry": { "type": "Point", "coordinates": [ 139.609965, 35.6658587 ] } },
{ "type": "Feature", "properties": { "内容": "社会福祉法人康和会　久我山園【短期入所生活介護】東京都世田谷区北烏山2-14-14", "url2": "https://www.kaigokensaku.mhlw.go.jp/13/index.php?action_kouhyou_detail_004_kani=true&JigyosyoCd=1371200609-00&ServiceCd=210&Type=search" }, "geometry": { "type": "Point", "coordinates": [ 139.598416899999961, 35.6813138 ] } },
{ "type": "Feature", "properties": { "内容": "成城アルテンハイム【短期入所生活介護】東京都世田谷区成城６－１３－１７", "url2": "https://www.kaigokensaku.mhlw.go.jp/13/index.php?action_kouhyou_detail_004_kani=true&JigyosyoCd=1371201276-00&ServiceCd=210&Type=search" }, "geometry": { "type": "Point", "coordinates": [ 139.600018699999964, 35.6417552 ] } },
{ "type": "Feature", "properties": { "内容": "せたがや給田乃杜（ショートステイ）【短期入所生活介護】東京都世田谷区給田5-3-5", "url2": "https://www.kaigokensaku.mhlw.go.jp/13/index.php?action_kouhyou_detail_004_kani=true&JigyosyoCd=1371208537-00&ServiceCd=210&Type=search" }, "geometry": { "type": "Point", "coordinates": [ 139.588262500000042, 35.6731476 ] } },
{ "type": "Feature", "properties": { "内容": "短期入所生活介護施設馬事公苑【短期入所生活介護】上用賀4-15-12LaStoria馬事公苑", "url2": "https://www.kaigokensaku.mhlw.go.jp/13/index.php?action_kouhyou_detail_004_kani=true&JigyosyoCd=1371215540-00&ServiceCd=210&Type=search" }, "geometry": { "type": "Point", "coordinates": [ 139.631108345368943, 35.635642877048049 ] } },
{ "type": "Feature", "properties": { "内容": "短期入所生活介護　ときわぎ世田谷【短期入所生活介護】東京都世田谷区下馬２－３－１０特別養護老人ホーム　ときわぎ世田谷", "url2": "https://www.kaigokensaku.mhlw.go.jp/13/index.php?action_kouhyou_detail_004_kani=true&JigyosyoCd=1371215680-00&ServiceCd=210&Type=search" }, "geometry": { "type": "Point", "coordinates": [ 139.6773762, 35.6382131 ] } },
{ "type": "Feature", "properties": { "内容": "介護老人福祉士施設　ラぺ二子玉川【短期入所生活介護】東京都世田谷区瀬田４丁目5-5介護老人福祉施設　ラぺ二子玉川", "url2": "https://www.kaigokensaku.mhlw.go.jp/13/index.php?action_kouhyou_detail_004_kani=true&JigyosyoCd=1371215755-00&ServiceCd=210&Type=search" }, "geometry": { "type": "Point", "coordinates": [ 139.624383399999942, 35.6193686 ] } },
{ "type": "Feature", "properties": { "内容": "老人短期入所施設さくらほうむ【短期入所生活介護】東京都世田谷区弦巻三丁目3番17号", "url2": "https://www.kaigokensaku.mhlw.go.jp/13/index.php?action_kouhyou_detail_004_kani=true&JigyosyoCd=1371215854-00&ServiceCd=210&Type=search" }, "geometry": { "type": "Point", "coordinates": [ 139.6482996, 35.635534600000014 ] } },
{ "type": "Feature", "properties": { "内容": "特別養護老人ホーム　上北沢ホーム【短期入所生活介護】東京都世田谷区上北沢1-28-17", "url2": "https://www.kaigokensaku.mhlw.go.jp/13/index.php?action_kouhyou_detail_004_kani=true&JigyosyoCd=1371216340-00&ServiceCd=210&Type=search" }, "geometry": { "type": "Point", "coordinates": [ 139.626159800000011, 35.6635204 ] } },
{ "type": "Feature", "properties": { "内容": "世田谷希望丘ホームショートステイ【短期入所生活介護】東京都世田谷区船橋6-25-25世田谷希望丘ホーム", "url2": "https://www.kaigokensaku.mhlw.go.jp/13/index.php?action_kouhyou_detail_004_kani=true&JigyosyoCd=1371216993-00&ServiceCd=210&Type=search" }, "geometry": { "type": "Point", "coordinates": [ 139.6215336, 35.6593794 ] } },
{ "type": "Feature", "properties": { "内容": "下馬の家【短期入所生活介護】東京都世田谷区下馬2－25ー8優っくり村下馬", "url2": "https://www.kaigokensaku.mhlw.go.jp/13/index.php?action_kouhyou_detail_004_kani=true&JigyosyoCd=1371215425-00&ServiceCd=210&Type=search" }, "geometry": { "type": "Point", "coordinates": [ 139.6783204, 35.6419646 ] } },
{ "type": "Feature", "properties": { "内容": "特別養護老人ホーム　フレンズホーム【短期入所生活介護】東京都世田谷区下馬2-21-11", "url2": "https://www.kaigokensaku.mhlw.go.jp/13/index.php?action_kouhyou_detail_004_kani=true&JigyosyoCd=1371200633-00&ServiceCd=210&Type=search" }, "geometry": { "type": "Point", "coordinates": [ 139.675889899999987, 35.6401763 ] } },
{ "type": "Feature", "properties": { "内容": "等々力共愛ホームズ【短期入所生活介護】東京都世田谷区等々力一丁目２４番１１号", "url2": "https://www.kaigokensaku.mhlw.go.jp/13/index.php?action_kouhyou_detail_004_kani=true&JigyosyoCd=1371204858-00&ServiceCd=210&Type=search" }, "geometry": { "type": "Point", "coordinates": [ 139.648402, 35.6039135 ] } },
{ "type": "Feature", "properties": { "内容": "老人短期入所事業フォーライフ桃郷【短期入所生活介護】東京都世田谷区北烏山7-8-11", "url2": "https://www.kaigokensaku.mhlw.go.jp/13/index.php?action_kouhyou_detail_004_kani=true&JigyosyoCd=1371205673-00&ServiceCd=210&Type=search" }, "geometry": { "type": "Point", "coordinates": [ 139.592334199999982, 35.6772529 ] } },
{ "type": "Feature", "properties": { "内容": "特別養護老人ホーム深沢共愛ホームズ【短期入所生活介護】東京都世田谷区深沢１－３１－２１", "url2": "https://www.kaigokensaku.mhlw.go.jp/13/index.php?action_kouhyou_detail_004_kani=true&JigyosyoCd=1371214592-00&ServiceCd=210&Type=search" }, "geometry": { "type": "Point", "coordinates": [ 139.6657887, 35.6188924 ] } },
{ "type": "Feature", "properties": { "内容": "ケアプラスホテル瀬田ステイ【短期入所生活介護】東京都世田谷区瀬田1-25-4", "url2": "https://www.kaigokensaku.mhlw.go.jp/13/index.php?action_kouhyou_detail_004_kani=true&JigyosyoCd=1371216043-00&ServiceCd=210&Type=search" }, "geometry": { "type": "Point", "coordinates": [ 139.63374730000001, 35.615901500000014 ] } },
{ "type": "Feature", "properties": { "内容": "弦巻の家ショートステイ【短期入所生活介護】東京都世田谷区弦巻5－34－5特別養護老人ホーム弦巻の家", "url2": "https://www.kaigokensaku.mhlw.go.jp/13/index.php?action_kouhyou_detail_004_kani=true&JigyosyoCd=1371217025-00&ServiceCd=210&Type=search" }, "geometry": { "type": "Point", "coordinates": [ 139.636859896295164, 35.636220511866881 ] } },
{ "type": "Feature", "properties": { "内容": "特別養護老人ホーム　エリザベート成城【短期入所生活介護】東京都世田谷区成城八丁目27番24号", "url2": "https://www.kaigokensaku.mhlw.go.jp/13/index.php?action_kouhyou_detail_004_kani=true&JigyosyoCd=1371212612-00&ServiceCd=210&Type=search" }, "geometry": { "type": "Point", "coordinates": [ 139.594352941595389, 35.6480510563363 ] } },
{ "type": "Feature", "properties": { "内容": "特別養護老人ホーム　等々力の家【短期入所生活介護】東京都世田谷区等々力８－２６－１６", "url2": "https://www.kaigokensaku.mhlw.go.jp/13/index.php?action_kouhyou_detail_004_kani=true&JigyosyoCd=1371202217-00&ServiceCd=210&Type=search" }, "geometry": { "type": "Point", "coordinates": [ 139.652031699999952, 35.617334 ] } },
{ "type": "Feature", "properties": { "内容": "短期入所生活介護　きたざわ苑【短期入所生活介護】東京都世田谷区北沢５－２４－１８", "url2": "https://www.kaigokensaku.mhlw.go.jp/13/index.php?action_kouhyou_detail_004_kani=true&JigyosyoCd=1371216357-00&ServiceCd=210&Type=search" }, "geometry": { "type": "Point", "coordinates": [ 139.671049399999987, 35.670227 ] } },
{ "type": "Feature", "properties": { "内容": "渋谷区総合ケアコミュニティ・せせらぎショートステイ【短期入所生活介護】東京都渋谷区西原１－４０－１０", "url2": "https://www.kaigokensaku.mhlw.go.jp/13/index.php?action_kouhyou_detail_004_kani=true&JigyosyoCd=1371302710-00&ServiceCd=210&Type=search" }, "geometry": { "type": "Point", "coordinates": [ 139.6818441, 35.6752993 ] } },
{ "type": "Feature", "properties": { "内容": "パール代官山【短期入所生活介護】東京都渋谷区鉢山町３－２７", "url2": "https://www.kaigokensaku.mhlw.go.jp/13/index.php?action_kouhyou_detail_004_kani=true&JigyosyoCd=1371300250-00&ServiceCd=210&Type=search" }, "geometry": { "type": "Point", "coordinates": [ 139.698681562565667, 35.652733874913459 ] } },
{ "type": "Feature", "properties": { "内容": "渋谷区けやきの苑・西原【短期入所生活介護】東京都渋谷区西原２－１９－１", "url2": "https://www.kaigokensaku.mhlw.go.jp/13/index.php?action_kouhyou_detail_004_kani=true&JigyosyoCd=1371301902-00&ServiceCd=210&Type=search" }, "geometry": { "type": "Point", "coordinates": [ 139.6795191, 35.6740751 ] } },
{ "type": "Feature", "properties": { "内容": "渋谷区つばめの里・本町東ショートステイ【短期入所生活介護】東京都渋谷区本町3-46-1渋谷区つばめの里・本町東", "url2": "https://www.kaigokensaku.mhlw.go.jp/13/index.php?action_kouhyou_detail_004_kani=true&JigyosyoCd=1371303981-00&ServiceCd=210&Type=search" }, "geometry": { "type": "Point", "coordinates": [ 139.682004799999987, 35.6874725 ] } },
{ "type": "Feature", "properties": { "内容": "渋谷区あやめの苑・代々木【短期入所生活介護】東京都渋谷区代々木三丁目35番1号", "url2": "https://www.kaigokensaku.mhlw.go.jp/13/index.php?action_kouhyou_detail_004_kani=true&JigyosyoCd=1371300235-00&ServiceCd=210&Type=search" }, "geometry": { "type": "Point", "coordinates": [ 139.693128699999988, 35.6825606 ] } },
{ "type": "Feature", "properties": { "内容": "つるとかめ【短期入所生活介護】東京都渋谷区笹塚2-31-8", "url2": "https://www.kaigokensaku.mhlw.go.jp/13/index.php?action_kouhyou_detail_004_kani=true&JigyosyoCd=1371300243-00&ServiceCd=210&Type=search" }, "geometry": { "type": "Point", "coordinates": [ 139.663781500000027, 35.674469 ] } },
{ "type": "Feature", "properties": { "内容": "杜の風・上原　短期入所生活介護正吉苑【短期入所生活介護】東京都渋谷区上原2-2-17", "url2": "https://www.kaigokensaku.mhlw.go.jp/13/index.php?action_kouhyou_detail_004_kani=true&JigyosyoCd=1371302843-00&ServiceCd=210&Type=search" }, "geometry": { "type": "Point", "coordinates": [ 139.684090423278803, 35.667826394080954 ] } },
{ "type": "Feature", "properties": { "内容": "渋谷区美竹の丘・しぶや【短期入所生活介護】東京都渋谷区渋谷1-18-9", "url2": "https://www.kaigokensaku.mhlw.go.jp/13/index.php?action_kouhyou_detail_004_kani=true&JigyosyoCd=1371301688-00&ServiceCd=210&Type=search" }, "geometry": { "type": "Point", "coordinates": [ 139.7045812, 35.6617952 ] } },
{ "type": "Feature", "properties": { "内容": "日本赤十字社総合福祉センター　特別養護老人ホーム　レクロス広尾　短期入所生活介護事業兼介護予防短期入所生活介護事業【短期入所生活介護】東京都渋谷区広尾４丁目１番２３号日本赤十字社総合福祉センター", "url2": "https://www.kaigokensaku.mhlw.go.jp/13/index.php?action_kouhyou_detail_004_kani=true&JigyosyoCd=1371302637-00&ServiceCd=210&Type=search" }, "geometry": { "type": "Point", "coordinates": [ 139.718956953303518, 35.654520326111232 ] } },
{ "type": "Feature", "properties": { "内容": "中野区かみさぎ特別養護老人ホーム【短期入所生活介護】東京都中野区上鷺宮3-17-4", "url2": "https://www.kaigokensaku.mhlw.go.jp/13/index.php?action_kouhyou_detail_004_kani=true&JigyosyoCd=1371400290-00&ServiceCd=210&Type=search" }, "geometry": { "type": "Point", "coordinates": [ 139.631395600000019, 35.7351951 ] } },
{ "type": "Feature", "properties": { "内容": "老人短期入所施設おたきほうむ【短期入所生活介護】東京都中野区東中野5-17-30", "url2": "https://www.kaigokensaku.mhlw.go.jp/13/index.php?action_kouhyou_detail_004_kani=true&JigyosyoCd=1371404243-00&ServiceCd=210&Type=search" }, "geometry": { "type": "Point", "coordinates": [ 139.688492, 35.7094878 ] } },
{ "type": "Feature", "properties": { "内容": "ショートステイ　中野すみれ園　短期入所生活介護【短期入所生活介護】東京都中野区弥生町6-7-16", "url2": "https://www.kaigokensaku.mhlw.go.jp/13/index.php?action_kouhyou_detail_004_kani=true&JigyosyoCd=1371405836-00&ServiceCd=210&Type=search" }, "geometry": { "type": "Point", "coordinates": [ 139.6614774, 35.685837 ] } },
{ "type": "Feature", "properties": { "内容": "中野友愛ホーム【短期入所生活介護】東京都中野区江古田2-24-11", "url2": "https://www.kaigokensaku.mhlw.go.jp/13/index.php?action_kouhyou_detail_004_kani=true&JigyosyoCd=1371400282-00&ServiceCd=210&Type=search" }, "geometry": { "type": "Point", "coordinates": [ 139.664156899999966, 35.7272771 ] } },
{ "type": "Feature", "properties": { "内容": "ベタニアホーム【短期入所生活介護】東京都中野区江古田３－１５－２", "url2": "https://www.kaigokensaku.mhlw.go.jp/13/index.php?action_kouhyou_detail_004_kani=true&JigyosyoCd=1371400308-00&ServiceCd=210&Type=search" }, "geometry": { "type": "Point", "coordinates": [ 139.6640127, 35.7290945 ] } },
{ "type": "Feature", "properties": { "内容": "特別養護老人ホームしらさぎホーム【短期入所生活介護】東京都中野区白鷺2-51-5", "url2": "https://www.kaigokensaku.mhlw.go.jp/13/index.php?action_kouhyou_detail_004_kani=true&JigyosyoCd=1371401546-00&ServiceCd=210&Type=search" }, "geometry": { "type": "Point", "coordinates": [ 139.631982099999959, 35.720019 ] } },
{ "type": "Feature", "properties": { "内容": "特別養護老人ホーム　　小淀ホーム【短期入所生活介護】東京都中野区中央１－１８－３", "url2": "https://www.kaigokensaku.mhlw.go.jp/13/index.php?action_kouhyou_detail_004_kani=true&JigyosyoCd=1371401561-00&ServiceCd=210&Type=search" }, "geometry": { "type": "Point", "coordinates": [ 139.687212, 35.7002361 ] } },
{ "type": "Feature", "properties": { "内容": "短期入所生活介護事業所　江古田の森【短期入所生活介護】東京都中野区江古田３－１４－１９", "url2": "https://www.kaigokensaku.mhlw.go.jp/13/index.php?action_kouhyou_detail_004_kani=true&JigyosyoCd=1371402841-00&ServiceCd=210&Type=search" }, "geometry": { "type": "Point", "coordinates": [ 139.665365, 35.729588 ] } },
{ "type": "Feature", "properties": { "内容": "介護老人福祉施設　浄風園【短期入所生活介護】東京都中野区江古田4-19-9", "url2": "https://www.kaigokensaku.mhlw.go.jp/13/index.php?action_kouhyou_detail_004_kani=true&JigyosyoCd=1371400316-00&ServiceCd=210&Type=search" }, "geometry": { "type": "Point", "coordinates": [ 139.6632042, 35.7273827 ] } },
{ "type": "Feature", "properties": { "内容": "老人短期入所施設弥生ホーム【短期入所生活介護】東京都中野区弥生町2-42-2", "url2": "https://www.kaigokensaku.mhlw.go.jp/13/index.php?action_kouhyou_detail_004_kani=true&JigyosyoCd=1371401231-00&ServiceCd=210&Type=search" }, "geometry": { "type": "Point", "coordinates": [ 139.672455, 35.6919505 ] } },
{ "type": "Feature", "properties": { "内容": "ショートステイひなぎくの丘【短期入所生活介護】東京都中野区弥生町5-11-15", "url2": "https://www.kaigokensaku.mhlw.go.jp/13/index.php?action_kouhyou_detail_004_kani=true&JigyosyoCd=1371509165-00&ServiceCd=210&Type=search" }, "geometry": { "type": "Point", "coordinates": [ 139.668080499999974, 35.6874259 ] } },
{ "type": "Feature", "properties": { "内容": "東京令和館　中野【短期入所生活介護】東京都中野区江古田4-43-5", "url2": "https://www.kaigokensaku.mhlw.go.jp/13/index.php?action_kouhyou_detail_004_kani=true&JigyosyoCd=1371405976-00&ServiceCd=210&Type=search" }, "geometry": { "type": "Point", "coordinates": [ 139.6590371, 35.725310900000025 ] } },
{ "type": "Feature", "properties": { "内容": "特別養護老人ホーム　和田堀ホーム【短期入所生活介護】東京都杉並区和田２－２７－８", "url2": "https://www.kaigokensaku.mhlw.go.jp/13/index.php?action_kouhyou_detail_004_kani=true&JigyosyoCd=1371500958-00&ServiceCd=210&Type=search" }, "geometry": { "type": "Point", "coordinates": [ 139.6551452, 35.6902752 ] } },
{ "type": "Feature", "properties": { "内容": "南陽園【短期入所生活介護】東京都杉並区高井戸西1-12-1", "url2": "https://www.kaigokensaku.mhlw.go.jp/13/index.php?action_kouhyou_detail_004_kani=true&JigyosyoCd=1371500222-00&ServiceCd=210&Type=search" }, "geometry": { "type": "Point", "coordinates": [ 139.609749131877152, 35.679750313145171 ] } },
{ "type": "Feature", "properties": { "内容": "第二南陽園【短期入所生活介護】東京都杉並区高井戸西1-12-1", "url2": "https://www.kaigokensaku.mhlw.go.jp/13/index.php?action_kouhyou_detail_004_kani=true&JigyosyoCd=1371500230-00&ServiceCd=210&Type=search" }, "geometry": { "type": "Point", "coordinates": [ 139.609904699999987, 35.6803865 ] } },
{ "type": "Feature", "properties": { "内容": "社会福祉法人浴風会　特別養護老人ホーム第三南陽園【短期入所生活介護】東京都杉並区高井戸西1-12-1", "url2": "https://www.kaigokensaku.mhlw.go.jp/13/index.php?action_kouhyou_detail_004_kani=true&JigyosyoCd=1371501758-00&ServiceCd=210&Type=search" }, "geometry": { "type": "Point", "coordinates": [ 139.609904699999987, 35.6803865 ] } },
{ "type": "Feature", "properties": { "内容": "すぎなみ正吉苑【短期入所生活介護】東京都杉並区清水２－１５－２４", "url2": "https://www.kaigokensaku.mhlw.go.jp/13/index.php?action_kouhyou_detail_004_kani=true&JigyosyoCd=1371502988-00&ServiceCd=210&Type=search" }, "geometry": { "type": "Point", "coordinates": [ 139.6177947, 35.7142778 ] } },
{ "type": "Feature", "properties": { "内容": "救世軍恵みの家【短期入所生活介護】東京都杉並区和田1-41-11", "url2": "https://www.kaigokensaku.mhlw.go.jp/13/index.php?action_kouhyou_detail_004_kani=true&JigyosyoCd=1371507813-00&ServiceCd=210&Type=search" }, "geometry": { "type": "Point", "coordinates": [ 139.659425400000032, 35.6917752 ] } },
{ "type": "Feature", "properties": { "内容": "特別養護老人ホーム　沓掛ホーム【短期入所生活介護】東京都杉並区本天沼3-34-28", "url2": "https://www.kaigokensaku.mhlw.go.jp/13/index.php?action_kouhyou_detail_004_kani=true&JigyosyoCd=1371508472-00&ServiceCd=210&Type=search" }, "geometry": { "type": "Point", "coordinates": [ 139.6220859, 35.7162221 ] } },
{ "type": "Feature", "properties": { "内容": "山河短期入所生活介護【短期入所生活介護】東京都杉並区高井戸東3-30-13", "url2": "https://www.kaigokensaku.mhlw.go.jp/13/index.php?action_kouhyou_detail_004_kani=true&JigyosyoCd=1371510403-00&ServiceCd=210&Type=search" }, "geometry": { "type": "Point", "coordinates": [ 139.61827489999996, 35.6869352 ] } },
{ "type": "Feature", "properties": { "内容": "さんじゅ阿佐谷【短期入所生活介護】東京都杉並区阿佐谷北1-2-1", "url2": "https://www.kaigokensaku.mhlw.go.jp/13/index.php?action_kouhyou_detail_004_kani=true&JigyosyoCd=1371500248-00&ServiceCd=210&Type=search" }, "geometry": { "type": "Point", "coordinates": [ 139.640084600000023, 35.7051762 ] } },
{ "type": "Feature", "properties": { "内容": "さんじゅ久我山【短期入所生活介護】東京都杉並区久我山3-47-16", "url2": "https://www.kaigokensaku.mhlw.go.jp/13/index.php?action_kouhyou_detail_004_kani=true&JigyosyoCd=1371502335-00&ServiceCd=210&Type=search" }, "geometry": { "type": "Point", "coordinates": [ 139.593233700000042, 35.6899018 ] } },
{ "type": "Feature", "properties": { "内容": "指定介護老人福祉施設　マイルドハート高円寺【短期入所生活介護】東京都杉並区高円寺北１－２８－１", "url2": "https://www.kaigokensaku.mhlw.go.jp/13/index.php?action_kouhyou_detail_004_kani=true&JigyosyoCd=1371505635-00&ServiceCd=210&Type=search" }, "geometry": { "type": "Point", "coordinates": [ 139.657783, 35.7090426 ] } },
{ "type": "Feature", "properties": { "内容": "特別養護老人ホーム　愛敬苑【短期入所生活介護】東京都杉並区和田一丁目３番７号", "url2": "https://www.kaigokensaku.mhlw.go.jp/13/index.php?action_kouhyou_detail_004_kani=true&JigyosyoCd=1371508357-00&ServiceCd=210&Type=search" }, "geometry": { "type": "Point", "coordinates": [ 139.663950200000045, 35.6896894 ] } },
{ "type": "Feature", "properties": { "内容": "リバービレッジ杉並【短期入所生活介護】東京都杉並区3-3-13", "url2": "https://www.kaigokensaku.mhlw.go.jp/13/index.php?action_kouhyou_detail_004_kani=true&JigyosyoCd=1371510221-00&ServiceCd=210&Type=search" }, "geometry": { "type": "Point", "coordinates": [ 139.609004199999958, 35.7062527 ] } },
{ "type": "Feature", "properties": { "内容": "特別養護老人ホーム　プライムガーデンズ高円寺【短期入所生活介護】東京都杉並区高円寺南五丁目33番7号", "url2": "https://www.kaigokensaku.mhlw.go.jp/13/index.php?action_kouhyou_detail_004_kani=true&JigyosyoCd=1371510635-00&ServiceCd=210&Type=search" }, "geometry": { "type": "Point", "coordinates": [ 139.6555718, 35.7051092 ] } },
{ "type": "Feature", "properties": { "内容": "特別養護老人ホーム上井草園【短期入所生活介護】東京都杉並区上井草３－３３－１０", "url2": "https://www.kaigokensaku.mhlw.go.jp/13/index.php?action_kouhyou_detail_004_kani=true&JigyosyoCd=1371503036-00&ServiceCd=210&Type=search" }, "geometry": { "type": "Point", "coordinates": [ 139.602965199999971, 35.7242234 ] } },
{ "type": "Feature", "properties": { "内容": "特別養護老人ホーム新泉サナホーム【短期入所生活介護】東京都杉並区和泉1-44-19", "url2": "https://www.kaigokensaku.mhlw.go.jp/13/index.php?action_kouhyou_detail_004_kani=true&JigyosyoCd=1371510148-00&ServiceCd=210&Type=search" }, "geometry": { "type": "Point", "coordinates": [ 139.656160833766421, 35.676192794283381 ] } },
{ "type": "Feature", "properties": { "内容": "ショートステイかえで園【短期入所生活介護】東京都杉並区宮前5-5-1", "url2": "https://www.kaigokensaku.mhlw.go.jp/13/index.php?action_kouhyou_detail_004_kani=true&JigyosyoCd=1371510619-00&ServiceCd=210&Type=search" }, "geometry": { "type": "Point", "coordinates": [ 139.598747300000014, 35.6926445 ] } },
{ "type": "Feature", "properties": { "内容": "せらび荻窪【短期入所生活介護】東京都杉並区今川4-8-8", "url2": "https://www.kaigokensaku.mhlw.go.jp/13/index.php?action_kouhyou_detail_004_kani=true&JigyosyoCd=1371506021-00&ServiceCd=210&Type=search" }, "geometry": { "type": "Point", "coordinates": [ 139.5982246, 35.71545 ] } },
{ "type": "Feature", "properties": { "内容": "特別養護老人ホーム　和泉サナホーム【短期入所生活介護】東京都杉並区和泉四丁目16番10号", "url2": "https://www.kaigokensaku.mhlw.go.jp/13/index.php?action_kouhyou_detail_004_kani=true&JigyosyoCd=1371508290-00&ServiceCd=210&Type=search" }, "geometry": { "type": "Point", "coordinates": [ 139.649617150926247, 35.678503088172462 ] } },
{ "type": "Feature", "properties": { "内容": "特別養護老人ホームおぎくぼ紫苑【短期入所生活介護】東京都杉並区荻窪3-7-30特別養護老人ホームおぎくぼ紫苑", "url2": "https://www.kaigokensaku.mhlw.go.jp/13/index.php?action_kouhyou_detail_004_kani=true&JigyosyoCd=1371509397-00&ServiceCd=210&Type=search" }, "geometry": { "type": "Point", "coordinates": [ 139.621011400000043, 35.7033681 ] } },
{ "type": "Feature", "properties": { "内容": "特別養護老人ホームフェニックス杉並【短期入所生活介護】天沼三丁目19番14号フェニックス杉並", "url2": "https://www.kaigokensaku.mhlw.go.jp/13/index.php?action_kouhyou_detail_004_kani=true&JigyosyoCd=1371510825-00&ServiceCd=210&Type=search" }, "geometry": { "type": "Point", "coordinates": [ 139.62022680000004, 35.7099624 ] } },
{ "type": "Feature", "properties": { "内容": "特別養護老人ホームサンフレンズ善福寺【短期入所生活介護】東京都杉並区善福寺３－２７－１１", "url2": "https://www.kaigokensaku.mhlw.go.jp/13/index.php?action_kouhyou_detail_004_kani=true&JigyosyoCd=1371504968-00&ServiceCd=210&Type=search" }, "geometry": { "type": "Point", "coordinates": [ 139.587397399999986, 35.7154101 ] } },
{ "type": "Feature", "properties": { "内容": "東池袋桑の実園ショートステイ【短期入所生活介護】東京都豊島区東池袋5-39-18", "url2": "https://www.kaigokensaku.mhlw.go.jp/13/index.php?action_kouhyou_detail_004_kani=true&JigyosyoCd=1371605203-00&ServiceCd=210&Type=search" }, "geometry": { "type": "Point", "coordinates": [ 139.72570410000003, 35.7281929 ] } },
{ "type": "Feature", "properties": { "内容": "特別養護老人ホーム菊かおる園【短期入所生活介護】東京都豊島区西巣鴨二丁目３０番１９号", "url2": "https://www.kaigokensaku.mhlw.go.jp/13/index.php?action_kouhyou_detail_004_kani=true&JigyosyoCd=1371602457-00&ServiceCd=210&Type=search" }, "geometry": { "type": "Point", "coordinates": [ 139.728478600000017, 35.7393251 ] } },
{ "type": "Feature", "properties": { "内容": "特別養護老人ホーム風かおる里【短期入所生活介護】東京都豊島区南長崎6丁目15番6号", "url2": "https://www.kaigokensaku.mhlw.go.jp/13/index.php?action_kouhyou_detail_004_kani=true&JigyosyoCd=1371602549-00&ServiceCd=210&Type=search" }, "geometry": { "type": "Point", "coordinates": [ 139.679044299999987, 35.7309435 ] } },
{ "type": "Feature", "properties": { "内容": "池袋敬心苑【短期入所生活介護】東京都豊島区南池袋3-7-8オリナスふくろうの杜", "url2": "https://www.kaigokensaku.mhlw.go.jp/13/index.php?action_kouhyou_detail_004_kani=true&JigyosyoCd=1371602531-00&ServiceCd=210&Type=search" }, "geometry": { "type": "Point", "coordinates": [ 139.7120999, 35.7235511 ] } },
{ "type": "Feature", "properties": { "内容": "社会福祉法人　櫻灯会　ショートステイ　しあわせの灯【短期入所生活介護】東京都豊島区南池袋４－５－１", "url2": "https://www.kaigokensaku.mhlw.go.jp/13/index.php?action_kouhyou_detail_004_kani=true&JigyosyoCd=1371604826-00&ServiceCd=210&Type=search" }, "geometry": { "type": "Point", "coordinates": [ 139.716644, 35.7215682 ] } },
{ "type": "Feature", "properties": { "内容": "特別養護老人ホーム池袋ほんちょうの郷【短期入所生活介護】東京都豊島区池袋本町1-29-12", "url2": "https://www.kaigokensaku.mhlw.go.jp/13/index.php?action_kouhyou_detail_004_kani=true&JigyosyoCd=1371600519-00&ServiceCd=210&Type=search" }, "geometry": { "type": "Point", "coordinates": [ 139.714879695327653, 35.739780506309735 ] } },
{ "type": "Feature", "properties": { "内容": "ゆたか苑【短期入所生活介護】東京都豊島区長崎３丁目２６番地４号", "url2": "https://www.kaigokensaku.mhlw.go.jp/13/index.php?action_kouhyou_detail_004_kani=true&JigyosyoCd=1371600766-00&ServiceCd=210&Type=search" }, "geometry": { "type": "Point", "coordinates": [ 139.687949099999969, 35.7315268 ] } },
{ "type": "Feature", "properties": { "内容": "特別養護老人ホーム　シオンとしま【短期入所生活介護】東京都豊島区池袋１－４－１１", "url2": "https://www.kaigokensaku.mhlw.go.jp/13/index.php?action_kouhyou_detail_004_kani=true&JigyosyoCd=1371602077-00&ServiceCd=210&Type=search" }, "geometry": { "type": "Point", "coordinates": [ 139.713366, 35.7346835 ] } },
{ "type": "Feature", "properties": { "内容": "特別養護老人ホーム　千川の杜【短期入所生活介護】東京都豊島区要町三丁目54-9特別養護老人ホーム　千川の杜", "url2": "https://www.kaigokensaku.mhlw.go.jp/13/index.php?action_kouhyou_detail_004_kani=true&JigyosyoCd=1371605013-00&ServiceCd=210&Type=search" }, "geometry": { "type": "Point", "coordinates": [ 139.6891875, 35.7406592 ] } },
{ "type": "Feature", "properties": { "内容": "特別養護老人ホーム山吹の里【短期入所生活介護】東京都豊島区高田3-37-17", "url2": "https://www.kaigokensaku.mhlw.go.jp/13/index.php?action_kouhyou_detail_004_kani=true&JigyosyoCd=1371602564-00&ServiceCd=210&Type=search" }, "geometry": { "type": "Point", "coordinates": [ 139.710525433729572, 35.715987600672875 ] } },
{ "type": "Feature", "properties": { "内容": "特別養護老人ホーム　アトリエ村【短期入所生活介護】東京都豊島区長崎４－２３－１", "url2": "https://www.kaigokensaku.mhlw.go.jp/13/index.php?action_kouhyou_detail_004_kani=true&JigyosyoCd=1371602523-00&ServiceCd=210&Type=search" }, "geometry": { "type": "Point", "coordinates": [ 139.686266, 35.7303214 ] } },
{ "type": "Feature", "properties": { "内容": "東京都北区立特別養護老人ホーム清水坂あじさい荘【短期入所生活介護】東京都北区浮間3-11-26", "url2": "https://www.kaigokensaku.mhlw.go.jp/13/index.php?action_kouhyou_detail_004_kani=true&JigyosyoCd=1371703370-00&ServiceCd=210&Type=search" }, "geometry": { "type": "Point", "coordinates": [ 139.699396815092513, 35.786576024467735 ] } },
{ "type": "Feature", "properties": { "内容": "特別養護老人ホーム　王子光照苑【短期入所生活介護】東京都北区王子３－３－１王子光照苑", "url2": "https://www.kaigokensaku.mhlw.go.jp/13/index.php?action_kouhyou_detail_004_kani=true&JigyosyoCd=1371700251-00&ServiceCd=210&Type=search" }, "geometry": { "type": "Point", "coordinates": [ 139.732963599999948, 35.7604423 ] } },
{ "type": "Feature", "properties": { "内容": "ウエルガーデン西が丘園【短期入所生活介護】東京都北区西が丘3-16-27", "url2": "https://www.kaigokensaku.mhlw.go.jp/13/index.php?action_kouhyou_detail_004_kani=true&JigyosyoCd=1371700764-00&ServiceCd=210&Type=search" }, "geometry": { "type": "Point", "coordinates": [ 139.706854499999963, 35.7672685 ] } },
{ "type": "Feature", "properties": { "内容": "赤羽北さくら荘【短期入所生活介護】東京都北区赤羽北３－６－１０", "url2": "https://www.kaigokensaku.mhlw.go.jp/13/index.php?action_kouhyou_detail_004_kani=true&JigyosyoCd=1371703354-00&ServiceCd=210&Type=search" }, "geometry": { "type": "Point", "coordinates": [ 139.707072648471012, 35.783063654981234 ] } },
{ "type": "Feature", "properties": { "内容": "北区立特別養護老人ホーム桐ケ丘やまぶき荘【短期入所生活介護】東京都北区桐ケ丘1-16-26", "url2": "https://www.kaigokensaku.mhlw.go.jp/13/index.php?action_kouhyou_detail_004_kani=true&JigyosyoCd=1371703305-00&ServiceCd=210&Type=search" }, "geometry": { "type": "Point", "coordinates": [ 139.70652640000003, 35.7787197 ] } },
{ "type": "Feature", "properties": { "内容": "みずべの苑【短期入所生活介護】東京都北区志茂3-6-5", "url2": "https://www.kaigokensaku.mhlw.go.jp/13/index.php?action_kouhyou_detail_004_kani=true&JigyosyoCd=1371701408-00&ServiceCd=210&Type=search" }, "geometry": { "type": "Point", "coordinates": [ 139.735976599999958, 35.776679199999982 ] } },
{ "type": "Feature", "properties": { "内容": "特別養護老人ホーム上中里つつじ荘【短期入所生活介護】東京都北区上中里2-45-2", "url2": "https://www.kaigokensaku.mhlw.go.jp/13/index.php?action_kouhyou_detail_004_kani=true&JigyosyoCd=1371703420-00&ServiceCd=210&Type=search" }, "geometry": { "type": "Point", "coordinates": [ 139.755033160617728, 35.744240443665163 ] } },
{ "type": "Feature", "properties": { "内容": "ショートステイサービス　飛鳥晴山苑【短期入所生活介護】東京都北区西ヶ原４－５１－１", "url2": "https://www.kaigokensaku.mhlw.go.jp/13/index.php?action_kouhyou_detail_004_kani=true&JigyosyoCd=1371704253-00&ServiceCd=210&Type=search" }, "geometry": { "type": "Point", "coordinates": [ 139.735894700000017, 35.741436 ] } },
{ "type": "Feature", "properties": { "内容": "新町光陽苑【短期入所生活介護】東京都北区田端新町2丁目27番16号", "url2": "https://www.kaigokensaku.mhlw.go.jp/13/index.php?action_kouhyou_detail_004_kani=true&JigyosyoCd=1371705474-00&ServiceCd=210&Type=search" }, "geometry": { "type": "Point", "coordinates": [ 139.7676563, 35.7406036 ] } },
{ "type": "Feature", "properties": { "内容": "短期入所生活介護　うきま幸朋苑【短期入所生活介護】東京都北区浮間5－13－1", "url2": "https://www.kaigokensaku.mhlw.go.jp/13/index.php?action_kouhyou_detail_004_kani=true&JigyosyoCd=1371703776-00&ServiceCd=210&Type=search" }, "geometry": { "type": "Point", "coordinates": [ 139.692485799999986, 35.78471 ] } },
{ "type": "Feature", "properties": { "内容": "短期入所生活介護さくら館【短期入所生活介護】東京都荒川区町屋７－１０－６", "url2": "https://www.kaigokensaku.mhlw.go.jp/13/index.php?action_kouhyou_detail_004_kani=true&JigyosyoCd=1371801562-00&ServiceCd=210&Type=search" }, "geometry": { "type": "Point", "coordinates": [ 139.786831799999959, 35.7493842 ] } },
{ "type": "Feature", "properties": { "内容": "特別養護老人ホーム花の木ハイム荒川【短期入所生活介護】東京都荒川区荒川5‐47‐2花の木ハイム荒川", "url2": "https://www.kaigokensaku.mhlw.go.jp/13/index.php?action_kouhyou_detail_004_kani=true&JigyosyoCd=1371804756-00&ServiceCd=210&Type=search" }, "geometry": { "type": "Point", "coordinates": [ 139.7761877, 35.7397925 ] } },
{ "type": "Feature", "properties": { "内容": "三幸福祉会　特別養護老人ホーム　癒しの里　南千住【短期入所生活介護】東京都荒川区南千住６－６７－８癒しの里　南千住", "url2": "https://www.kaigokensaku.mhlw.go.jp/13/index.php?action_kouhyou_detail_004_kani=true&JigyosyoCd=1371803386-00&ServiceCd=210&Type=search" }, "geometry": { "type": "Point", "coordinates": [ 139.794787499999984, 35.7388246 ] } },
{ "type": "Feature", "properties": { "内容": "荒川区立特別養護老人ホーム　サンハイム荒川【短期入所生活介護】東京都荒川区南千住3-14-7", "url2": "https://www.kaigokensaku.mhlw.go.jp/13/index.php?action_kouhyou_detail_004_kani=true&JigyosyoCd=1371804236-00&ServiceCd=210&Type=search" }, "geometry": { "type": "Point", "coordinates": [ 139.8031171, 35.730341199999984 ] } },
{ "type": "Feature", "properties": { "内容": "あそかのぞみの郷　短期入所生活介護【短期入所生活介護】東京都荒川区西尾久1-1-12", "url2": "https://www.kaigokensaku.mhlw.go.jp/13/index.php?action_kouhyou_detail_004_kani=true&JigyosyoCd=1371804897-00&ServiceCd=210&Type=search" }, "geometry": { "type": "Point", "coordinates": [ 139.7648666, 35.7444165 ] } },
{ "type": "Feature", "properties": { "内容": "ショートステイ　おたけの郷【短期入所生活介護】東京都荒川区町屋7丁目18番11号", "url2": "https://www.kaigokensaku.mhlw.go.jp/13/index.php?action_kouhyou_detail_004_kani=true&JigyosyoCd=1371803543-00&ServiceCd=210&Type=search" }, "geometry": { "type": "Point", "coordinates": [ 139.789181531877148, 35.749809050879023 ] } },
{ "type": "Feature", "properties": { "内容": "ショートステイ町屋【短期入所生活介護】東京都荒川区町屋1-38-20ディアレンスホーム町屋１Ｆ", "url2": "https://www.kaigokensaku.mhlw.go.jp/13/index.php?action_kouhyou_detail_004_kani=true&JigyosyoCd=1371804483-00&ServiceCd=210&Type=search" }, "geometry": { "type": "Point", "coordinates": [ 139.786567820762656, 35.745331817510234 ] } },
{ "type": "Feature", "properties": { "内容": "ショートステイ　みんなの家・西尾久【短期入所生活介護】東京都荒川区西尾久３－１５－１", "url2": "https://www.kaigokensaku.mhlw.go.jp/13/index.php?action_kouhyou_detail_004_kani=true&JigyosyoCd=1371802701-00&ServiceCd=210&Type=search" }, "geometry": { "type": "Point", "coordinates": [ 139.762697600000024, 35.7533632 ] } },
{ "type": "Feature", "properties": { "内容": "三河島ケアセンターそよ風【短期入所生活介護】東京都荒川区荒川5-3-3", "url2": "https://www.kaigokensaku.mhlw.go.jp/13/index.php?action_kouhyou_detail_004_kani=true&JigyosyoCd=1371803493-00&ServiceCd=210&Type=search" }, "geometry": { "type": "Point", "coordinates": [ 139.775457500000016, 35.7375433 ] } },
{ "type": "Feature", "properties": { "内容": "介護老人福祉施設ケアホーム板橋【短期入所生活介護】東京都板橋区向原3-7-8", "url2": "https://www.kaigokensaku.mhlw.go.jp/13/index.php?action_kouhyou_detail_004_kani=true&JigyosyoCd=1371911361-00&ServiceCd=210&Type=search" }, "geometry": { "type": "Point", "coordinates": [ 139.684308919712834, 35.744894422020295 ] } },
{ "type": "Feature", "properties": { "内容": "板橋の里　英智園【短期入所生活介護】東京都板橋区前野町３丁目－４５－７", "url2": "https://www.kaigokensaku.mhlw.go.jp/13/index.php?action_kouhyou_detail_004_kani=true&JigyosyoCd=1371906858-00&ServiceCd=210&Type=search" }, "geometry": { "type": "Point", "coordinates": [ 139.693883300000039, 35.7714676 ] } },
{ "type": "Feature", "properties": { "内容": "特別養護老人ホームケアポート板橋　短期入所事業【短期入所生活介護】東京都板橋区舟渡3-4-8", "url2": "https://www.kaigokensaku.mhlw.go.jp/13/index.php?action_kouhyou_detail_004_kani=true&JigyosyoCd=1371900893-00&ServiceCd=210&Type=search" }, "geometry": { "type": "Point", "coordinates": [ 139.681128299999955, 35.7926335 ] } },
{ "type": "Feature", "properties": { "内容": "ケアタウン成増【短期入所生活介護】東京都板橋区成増4-14-18", "url2": "https://www.kaigokensaku.mhlw.go.jp/13/index.php?action_kouhyou_detail_004_kani=true&JigyosyoCd=1371902535-00&ServiceCd=210&Type=search" }, "geometry": { "type": "Point", "coordinates": [ 139.63523239999995, 35.7832335 ] } },
{ "type": "Feature", "properties": { "内容": "特別養護老人ホーム　いずみの苑【短期入所生活介護】東京都板橋区東坂下２丁目２番２２号", "url2": "https://www.kaigokensaku.mhlw.go.jp/13/index.php?action_kouhyou_detail_004_kani=true&JigyosyoCd=1371900984-00&ServiceCd=210&Type=search" }, "geometry": { "type": "Point", "coordinates": [ 139.689916700000026, 35.7830796 ] } },
{ "type": "Feature", "properties": { "内容": "クローバーのさと　ショートステイ　カウピリ板橋【短期入所生活介護】東京都板橋区仲町1番4号", "url2": "https://www.kaigokensaku.mhlw.go.jp/13/index.php?action_kouhyou_detail_004_kani=true&JigyosyoCd=1371909373-00&ServiceCd=210&Type=search" }, "geometry": { "type": "Point", "coordinates": [ 139.699830600000041, 35.7513726 ] } },
{ "type": "Feature", "properties": { "内容": "ゆめの園りあん若葉ショートステイ事業所【短期入所生活介護】東京都板橋区若木3丁目15番1号", "url2": "https://www.kaigokensaku.mhlw.go.jp/13/index.php?action_kouhyou_detail_004_kani=true&JigyosyoCd=1371910512-00&ServiceCd=210&Type=search" }, "geometry": { "type": "Point", "coordinates": [ 139.674205448548946, 35.772088650820976 ] } },
{ "type": "Feature", "properties": { "内容": "加賀さくらの杜【短期入所生活介護】東京都板橋区加賀２－１－１", "url2": "https://www.kaigokensaku.mhlw.go.jp/13/index.php?action_kouhyou_detail_004_kani=true&JigyosyoCd=1371901479-00&ServiceCd=210&Type=search" }, "geometry": { "type": "Point", "coordinates": [ 139.714920799999959, 35.7540869 ] } },
{ "type": "Feature", "properties": { "内容": "若木ライフ【短期入所生活介護】東京都板橋区若木1-21-3", "url2": "https://www.kaigokensaku.mhlw.go.jp/13/index.php?action_kouhyou_detail_004_kani=true&JigyosyoCd=1371901990-00&ServiceCd=210&Type=search" }, "geometry": { "type": "Point", "coordinates": [ 139.671954899999946, 35.7678785 ] } },
{ "type": "Feature", "properties": { "内容": "特別養護老人ホームマイライフ徳丸【短期入所生活介護】東京都板橋区徳丸三丁目32番28号", "url2": "https://www.kaigokensaku.mhlw.go.jp/13/index.php?action_kouhyou_detail_004_kani=true&JigyosyoCd=1371903525-00&ServiceCd=210&Type=search" }, "geometry": { "type": "Point", "coordinates": [ 139.6570782, 35.7749965 ] } },
{ "type": "Feature", "properties": { "内容": "ブルーポピー【短期入所生活介護】東京都板橋区大門8番5号", "url2": "https://www.kaigokensaku.mhlw.go.jp/13/index.php?action_kouhyou_detail_004_kani=true&JigyosyoCd=1371904713-00&ServiceCd=210&Type=search" }, "geometry": { "type": "Point", "coordinates": [ 139.649900699999989, 35.7837922 ] } },
{ "type": "Feature", "properties": { "内容": "音羽台レジデンス【短期入所生活介護】東京都板橋区成増４－３３－１", "url2": "https://www.kaigokensaku.mhlw.go.jp/13/index.php?action_kouhyou_detail_004_kani=true&JigyosyoCd=1371906361-00&ServiceCd=210&Type=search" }, "geometry": { "type": "Point", "coordinates": [ 139.634460100000069, 35.786358 ] } },
{ "type": "Feature", "properties": { "内容": "アズハイムテラス成増【短期入所生活介護】東京都板橋区成増1-2-3", "url2": "https://www.kaigokensaku.mhlw.go.jp/13/index.php?action_kouhyou_detail_004_kani=true&JigyosyoCd=1371909704-00&ServiceCd=210&Type=search" }, "geometry": { "type": "Point", "coordinates": [ 139.6339964, 35.7740126 ] } },
{ "type": "Feature", "properties": { "内容": "相愛福祉会特別養護老人ホーム三園の里【短期入所生活介護】東京都板橋区三園2-15-22", "url2": "https://www.kaigokensaku.mhlw.go.jp/13/index.php?action_kouhyou_detail_004_kani=true&JigyosyoCd=1371909985-00&ServiceCd=210&Type=search" }, "geometry": { "type": "Point", "coordinates": [ 139.642902600000014, 35.7968822 ] } },
{ "type": "Feature", "properties": { "内容": "ショートステイ　ケアサポートいたばし【短期入所生活介護】東京都板橋区高島平7丁目11番4号", "url2": "https://www.kaigokensaku.mhlw.go.jp/13/index.php?action_kouhyou_detail_004_kani=true&JigyosyoCd=1371911395-00&ServiceCd=210&Type=search" }, "geometry": { "type": "Point", "coordinates": [ 139.655811, 35.7902087 ] } },
{ "type": "Feature", "properties": { "内容": "特別養護老人ホーム　サニーヒル板橋【短期入所生活介護】東京都板橋区大原町6-8特別養護老人ホームサニーヒル板橋", "url2": "https://www.kaigokensaku.mhlw.go.jp/13/index.php?action_kouhyou_detail_004_kani=true&JigyosyoCd=1371911437-00&ServiceCd=210&Type=search" }, "geometry": { "type": "Point", "coordinates": [ 139.7011651423025, 35.769992452969234 ] } },
{ "type": "Feature", "properties": { "内容": "社会福祉法人相愛福祉会　あずさわの里短期入所生活介護【短期入所生活介護】東京都板橋区小豆沢4-14-3", "url2": "https://www.kaigokensaku.mhlw.go.jp/13/index.php?action_kouhyou_detail_004_kani=true&JigyosyoCd=1371907997-00&ServiceCd=210&Type=search" }, "geometry": { "type": "Point", "coordinates": [ 139.701040700000021, 35.7810247 ] } },
{ "type": "Feature", "properties": { "内容": "メープルヴィラそよ風【短期入所生活介護】東京都板橋区東坂下2-22-14", "url2": "https://www.kaigokensaku.mhlw.go.jp/13/index.php?action_kouhyou_detail_004_kani=true&JigyosyoCd=1371908086-00&ServiceCd=210&Type=search" }, "geometry": { "type": "Point", "coordinates": [ 139.6852897932541, 35.790021422939475 ] } },
{ "type": "Feature", "properties": { "内容": "パナソニックエイジフリーケアセンター板橋大山西町ショートステイ【短期入所生活介護】東京都板橋区大山西町４１－１", "url2": "https://www.kaigokensaku.mhlw.go.jp/13/index.php?action_kouhyou_detail_004_kani=true&JigyosyoCd=1371910744-00&ServiceCd=210&Type=search" }, "geometry": { "type": "Point", "coordinates": [ 139.694047678504148, 35.746251811672366 ] } },
{ "type": "Feature", "properties": { "内容": "介護老人福祉施設ケアホーム板橋【短期入所生活介護】東京都板橋区向原3-7-8", "url2": "https://www.kaigokensaku.mhlw.go.jp/13/index.php?action_kouhyou_detail_004_kani=true&JigyosyoCd=1371911346-00&ServiceCd=210&Type=search" }, "geometry": { "type": "Point", "coordinates": [ 139.684321236278919, 35.744891486218819 ] } },
{ "type": "Feature", "properties": { "内容": "特別養護老人ホームみどりの苑　短期入所生活介護【短期入所生活介護】東京都板橋区前野町5-9-3", "url2": "https://www.kaigokensaku.mhlw.go.jp/13/index.php?action_kouhyou_detail_004_kani=true&JigyosyoCd=1371912245-00&ServiceCd=210&Type=search" }, "geometry": { "type": "Point", "coordinates": [ 139.685125699999986, 35.7710314 ] } },
{ "type": "Feature", "properties": { "内容": "東京武蔵野ホーム【短期入所生活介護】東京都板橋区小茂根4-11-11", "url2": "https://www.kaigokensaku.mhlw.go.jp/13/index.php?action_kouhyou_detail_004_kani=true&JigyosyoCd=1371900281-00&ServiceCd=210&Type=search" }, "geometry": { "type": "Point", "coordinates": [ 139.675077399999964, 35.7466696 ] } },
{ "type": "Feature", "properties": { "内容": "特別養護老人ホーム　ぽっかぽか板橋【短期入所生活介護】東京都板橋区中台3-23-26", "url2": "https://www.kaigokensaku.mhlw.go.jp/13/index.php?action_kouhyou_detail_004_kani=true&JigyosyoCd=1371912468-00&ServiceCd=210&Type=search" }, "geometry": { "type": "Point", "coordinates": [ 139.677543448410063, 35.772034927071445 ] } },
{ "type": "Feature", "properties": { "内容": "特別養護老人ホーム　練馬キングス・ガーデン【短期入所生活介護】東京都練馬区早宮2-10-22", "url2": "https://www.kaigokensaku.mhlw.go.jp/13/index.php?action_kouhyou_detail_004_kani=true&JigyosyoCd=1372001105-00&ServiceCd=210&Type=search" }, "geometry": { "type": "Point", "coordinates": [ 139.653209699999934, 35.7550406 ] } },
{ "type": "Feature", "properties": { "内容": "富士見台特別養護老人ホーム【短期入所生活介護】東京都練馬区富士見台1－22－4", "url2": "https://www.kaigokensaku.mhlw.go.jp/13/index.php?action_kouhyou_detail_004_kani=true&JigyosyoCd=1372005015-00&ServiceCd=210&Type=search" }, "geometry": { "type": "Point", "coordinates": [ 139.621132699999947, 35.7333478 ] } },
{ "type": "Feature", "properties": { "内容": "大泉特別養護老人ホーム【短期入所生活介護】東京都練馬区東大泉2-11-21", "url2": "https://www.kaigokensaku.mhlw.go.jp/13/index.php?action_kouhyou_detail_004_kani=true&JigyosyoCd=1372005049-00&ServiceCd=210&Type=search" }, "geometry": { "type": "Point", "coordinates": [ 139.5961704, 35.7511255 ] } },
{ "type": "Feature", "properties": { "内容": "田柄特別養護老人ホーム【短期入所生活介護】東京都練馬区田柄4-12-10", "url2": "https://www.kaigokensaku.mhlw.go.jp/13/index.php?action_kouhyou_detail_004_kani=true&JigyosyoCd=1372005023-00&ServiceCd=210&Type=search" }, "geometry": { "type": "Point", "coordinates": [ 139.635805, 35.7628891 ] } },
{ "type": "Feature", "properties": { "内容": "第２練馬高松園【短期入所生活介護】東京都練馬区高松２－９－１９", "url2": "https://www.kaigokensaku.mhlw.go.jp/13/index.php?action_kouhyou_detail_004_kani=true&JigyosyoCd=1372006070-00&ServiceCd=210&Type=search" }, "geometry": { "type": "Point", "coordinates": [ 139.6303368, 35.7473908 ] } },
{ "type": "Feature", "properties": { "内容": "第3育秀苑短期入所生活介護【短期入所生活介護】東京都練馬区土支田1-31-5", "url2": "https://www.kaigokensaku.mhlw.go.jp/13/index.php?action_kouhyou_detail_004_kani=true&JigyosyoCd=1372009512-00&ServiceCd=210&Type=search" }, "geometry": { "type": "Point", "coordinates": [ 139.618139499999984, 35.7662104 ] } },
{ "type": "Feature", "properties": { "内容": "大泉学園ふれあいの里【短期入所生活介護】東京都練馬区大泉学園町２丁目３０番４２号大泉学園ふれあいの里", "url2": "https://www.kaigokensaku.mhlw.go.jp/13/index.php?action_kouhyou_detail_004_kani=true&JigyosyoCd=1372014215-00&ServiceCd=210&Type=search" }, "geometry": { "type": "Point", "coordinates": [ 139.5832907, 35.7567871 ] } },
{ "type": "Feature", "properties": { "内容": "特別養護老人ホ－ム育秀苑【短期入所生活介護】東京都練馬区桜台２－２－８", "url2": "https://www.kaigokensaku.mhlw.go.jp/13/index.php?action_kouhyou_detail_004_kani=true&JigyosyoCd=1372001006-00&ServiceCd=210&Type=search" }, "geometry": { "type": "Point", "coordinates": [ 139.6677115, 35.7429116 ] } },
{ "type": "Feature", "properties": { "内容": "特別養護老人ホーム　光陽苑【短期入所生活介護】東京都練馬区西大泉5-21-2", "url2": "https://www.kaigokensaku.mhlw.go.jp/13/index.php?action_kouhyou_detail_004_kani=true&JigyosyoCd=1372000537-00&ServiceCd=210&Type=search" }, "geometry": { "type": "Point", "coordinates": [ 139.569597199999947, 35.7567601 ] } },
{ "type": "Feature", "properties": { "内容": "やすらぎの里大泉【短期入所生活介護】東京都練馬区大泉学園町７－１２－３２", "url2": "https://www.kaigokensaku.mhlw.go.jp/13/index.php?action_kouhyou_detail_004_kani=true&JigyosyoCd=1372000560-00&ServiceCd=210&Type=search" }, "geometry": { "type": "Point", "coordinates": [ 139.591364699999986, 35.7730337 ] } },
{ "type": "Feature", "properties": { "内容": "特別養護老人ホーム　第２育秀苑【短期入所生活介護】東京都練馬区羽沢2丁目8番16号", "url2": "https://www.kaigokensaku.mhlw.go.jp/13/index.php?action_kouhyou_detail_004_kani=true&JigyosyoCd=1372001097-00&ServiceCd=210&Type=search" }, "geometry": { "type": "Point", "coordinates": [ 139.671122299999979, 35.7438616 ] } },
{ "type": "Feature", "properties": { "内容": "第二光陽苑【短期入所生活介護】東京都練馬区関町北5-7-22", "url2": "https://www.kaigokensaku.mhlw.go.jp/13/index.php?action_kouhyou_detail_004_kani=true&JigyosyoCd=1372000602-00&ServiceCd=210&Type=search" }, "geometry": { "type": "Point", "coordinates": [ 139.5718478, 35.732677 ] } },
{ "type": "Feature", "properties": { "内容": "やすらぎミラージュ【短期入所生活介護】東京都練馬区大泉町４－２４－７", "url2": "https://www.kaigokensaku.mhlw.go.jp/13/index.php?action_kouhyou_detail_004_kani=true&JigyosyoCd=1372000610-00&ServiceCd=210&Type=search" }, "geometry": { "type": "Point", "coordinates": [ 139.597467100000017, 35.7627158 ] } },
{ "type": "Feature", "properties": { "内容": "特別養護老人ホーム　練馬高松園【短期入所生活介護】東京都練馬区高松２丁目９番地３", "url2": "https://www.kaigokensaku.mhlw.go.jp/13/index.php?action_kouhyou_detail_004_kani=true&JigyosyoCd=1372001592-00&ServiceCd=210&Type=search" }, "geometry": { "type": "Point", "coordinates": [ 139.6303312, 35.7467631 ] } },
{ "type": "Feature", "properties": { "内容": "指定介護老人福祉施設　こぐれの里【短期入所生活介護】東京都練馬区大泉学園町２－２６－２８", "url2": "https://www.kaigokensaku.mhlw.go.jp/13/index.php?action_kouhyou_detail_004_kani=true&JigyosyoCd=1372004265-00&ServiceCd=210&Type=search" }, "geometry": { "type": "Point", "coordinates": [ 139.584743399999979, 35.7589075 ] } },
{ "type": "Feature", "properties": { "内容": "特別養護老人ホーム　さくらヶ丘【短期入所生活介護】東京都練馬区大泉学園町５－３０－３６", "url2": "https://www.kaigokensaku.mhlw.go.jp/13/index.php?action_kouhyou_detail_004_kani=true&JigyosyoCd=1372005494-00&ServiceCd=210&Type=search" }, "geometry": { "type": "Point", "coordinates": [ 139.580560099999957, 35.7655677 ] } },
{ "type": "Feature", "properties": { "内容": "指定介護老人福祉施設　こぐれの杜【短期入所生活介護】東京都練馬区大泉学園町５丁目１８番４１号", "url2": "https://www.kaigokensaku.mhlw.go.jp/13/index.php?action_kouhyou_detail_004_kani=true&JigyosyoCd=1372007318-00&ServiceCd=210&Type=search" }, "geometry": { "type": "Point", "coordinates": [ 139.583118300000024, 35.7671954 ] } },
{ "type": "Feature", "properties": { "内容": "練馬ケアセンターそよ風【短期入所生活介護】東京都練馬区北町5-3-6", "url2": "https://www.kaigokensaku.mhlw.go.jp/13/index.php?action_kouhyou_detail_004_kani=true&JigyosyoCd=1372008753-00&ServiceCd=210&Type=search" }, "geometry": { "type": "Point", "coordinates": [ 139.6553371, 35.7627147 ] } },
{ "type": "Feature", "properties": { "内容": "秋月短期入所生活介護【短期入所生活介護】東京都練馬区石神井台6-1-11石神井台特別養護老人ホーム秋月", "url2": "https://www.kaigokensaku.mhlw.go.jp/13/index.php?action_kouhyou_detail_004_kani=true&JigyosyoCd=1372009256-00&ServiceCd=210&Type=search" }, "geometry": { "type": "Point", "coordinates": [ 139.586293899999987, 35.7390905 ] } },
{ "type": "Feature", "properties": { "内容": "上石神井特別養護老人ホーム【短期入所生活介護】東京都練馬区上石神井2－17－23", "url2": "https://www.kaigokensaku.mhlw.go.jp/13/index.php?action_kouhyou_detail_004_kani=true&JigyosyoCd=1372009397-00&ServiceCd=210&Type=search" }, "geometry": { "type": "Point", "coordinates": [ 139.596239893917868, 35.729022271726102 ] } },
{ "type": "Feature", "properties": { "内容": "やすらぎグランデ【短期入所生活介護】東京都練馬区大泉学園町8-9-30", "url2": "https://www.kaigokensaku.mhlw.go.jp/13/index.php?action_kouhyou_detail_004_kani=true&JigyosyoCd=1372010296-00&ServiceCd=210&Type=search" }, "geometry": { "type": "Point", "coordinates": [ 139.591642399999955, 35.7734531 ] } },
{ "type": "Feature", "properties": { "内容": "ショートステイ　ケアサポートねりま【短期入所生活介護】東京都練馬区南大泉1-22-50", "url2": "https://www.kaigokensaku.mhlw.go.jp/13/index.php?action_kouhyou_detail_004_kani=true&JigyosyoCd=1372010445-00&ServiceCd=210&Type=search" }, "geometry": { "type": "Point", "coordinates": [ 139.573986166934219, 35.73801658319649 ] } },
{ "type": "Feature", "properties": { "内容": "ショートステイ　やすらぎシティ東大泉【短期入所生活介護】東京都練馬区東大泉７丁目２７－４９", "url2": "https://www.kaigokensaku.mhlw.go.jp/13/index.php?action_kouhyou_detail_004_kani=true&JigyosyoCd=1372010643-00&ServiceCd=210&Type=search" }, "geometry": { "type": "Point", "coordinates": [ 139.5802807, 35.7436652 ] } },
{ "type": "Feature", "properties": { "内容": "医療法人社団平真会　薬師堂ショートステイ【短期入所生活介護】東京都練馬区富士見台3-55-3薬師堂ショートステイビル", "url2": "https://www.kaigokensaku.mhlw.go.jp/13/index.php?action_kouhyou_detail_004_kani=true&JigyosyoCd=1372011203-00&ServiceCd=210&Type=search" }, "geometry": { "type": "Point", "coordinates": [ 139.621051789248185, 35.739046880129742 ] } },
{ "type": "Feature", "properties": { "内容": "ショートステイ　タムスさくらの杜　練馬【短期入所生活介護】東京都練馬区土支田2-16-27", "url2": "https://www.kaigokensaku.mhlw.go.jp/13/index.php?action_kouhyou_detail_004_kani=true&JigyosyoCd=1372011997-00&ServiceCd=210&Type=search" }, "geometry": { "type": "Point", "coordinates": [ 139.614886664556934, 35.761011110378554 ] } },
{ "type": "Feature", "properties": { "内容": "練馬の丘キングス・ガーデン【短期入所生活介護】東京都練馬区練馬2－27－7", "url2": "https://www.kaigokensaku.mhlw.go.jp/13/index.php?action_kouhyou_detail_004_kani=true&JigyosyoCd=1372012029-00&ServiceCd=210&Type=search" }, "geometry": { "type": "Point", "coordinates": [ 139.651574623128198, 35.74359541804089 ] } },
{ "type": "Feature", "properties": { "内容": "ショートステイ　タムスさくらの杜　練馬アネックス【短期入所生活介護】東京都練馬区土支田2-36-16", "url2": "https://www.kaigokensaku.mhlw.go.jp/13/index.php?action_kouhyou_detail_004_kani=true&JigyosyoCd=1372012854-00&ServiceCd=210&Type=search" }, "geometry": { "type": "Point", "coordinates": [ 139.612808428836018, 35.761824511902674 ] } },
{ "type": "Feature", "properties": { "内容": "第３練馬高松園【短期入所生活介護】東京都練馬区高松2-30-8", "url2": "https://www.kaigokensaku.mhlw.go.jp/13/index.php?action_kouhyou_detail_004_kani=true&JigyosyoCd=1372013613-00&ServiceCd=210&Type=search" }, "geometry": { "type": "Point", "coordinates": [ 139.6294296, 35.7507277 ] } },
{ "type": "Feature", "properties": { "内容": "特別養護老人ホーム練馬いやし園【短期入所生活介護】東京都練馬区早宮三丁目１３番３５号特別養護老人ホーム練馬いやし園", "url2": "https://www.kaigokensaku.mhlw.go.jp/13/index.php?action_kouhyou_detail_004_kani=true&JigyosyoCd=1372013910-00&ServiceCd=210&Type=search" }, "geometry": { "type": "Point", "coordinates": [ 139.6530209, 35.7499236 ] } },
{ "type": "Feature", "properties": { "内容": "介護老人福祉施設　ケアホーム練馬【短期入所生活介護】東京都練馬区土支田2‐13‐17", "url2": "https://www.kaigokensaku.mhlw.go.jp/13/index.php?action_kouhyou_detail_004_kani=true&JigyosyoCd=1372014116-00&ServiceCd=210&Type=search" }, "geometry": { "type": "Point", "coordinates": [ 139.6134102, 35.7603541 ] } },
{ "type": "Feature", "properties": { "内容": "特別養護老人ホーム　おおいずみの里【短期入所生活介護】東京都練馬区大泉町4丁目20-7", "url2": "https://www.kaigokensaku.mhlw.go.jp/13/index.php?action_kouhyou_detail_004_kani=true&JigyosyoCd=1372014157-00&ServiceCd=210&Type=search" }, "geometry": { "type": "Point", "coordinates": [ 139.5980879, 35.7618408 ] } },
{ "type": "Feature", "properties": { "内容": "特別養護老人ホーム　サンライズ大泉【短期入所生活介護】東京都練馬区西大泉4丁目20番17号", "url2": "https://www.kaigokensaku.mhlw.go.jp/13/index.php?action_kouhyou_detail_004_kani=true&JigyosyoCd=1372009009-00&ServiceCd=210&Type=search" }, "geometry": { "type": "Point", "coordinates": [ 139.573749499999963, 35.7644288 ] } },
{ "type": "Feature", "properties": { "内容": "短期入所生活介護施設moi～モア～【短期入所生活介護】東京都練馬区下石神井三丁目6番13号", "url2": "https://www.kaigokensaku.mhlw.go.jp/13/index.php?action_kouhyou_detail_004_kani=true&JigyosyoCd=1372002954-00&ServiceCd=210&Type=search" }, "geometry": { "type": "Point", "coordinates": [ 139.607145100000025, 35.7335279 ] } },
{ "type": "Feature", "properties": { "内容": "みさよはうす土支田【短期入所生活介護】東京都練馬区土支田3-27-27", "url2": "https://www.kaigokensaku.mhlw.go.jp/13/index.php?action_kouhyou_detail_004_kani=true&JigyosyoCd=1372007169-00&ServiceCd=210&Type=search" }, "geometry": { "type": "Point", "coordinates": [ 139.607593700000052, 35.7615051 ] } },
{ "type": "Feature", "properties": { "内容": "南大泉かがやきの里【短期入所生活介護】東京都練馬区南大泉3-19-31", "url2": "https://www.kaigokensaku.mhlw.go.jp/13/index.php?action_kouhyou_detail_004_kani=true&JigyosyoCd=1372009322-00&ServiceCd=210&Type=search" }, "geometry": { "type": "Point", "coordinates": [ 139.5683421, 35.7448726 ] } },
{ "type": "Feature", "properties": { "内容": "エスケアステーション練馬　ショートステイ【短期入所生活介護】東京都練馬区東大泉1丁目18番13号エスケアステーション練馬ショートステイ", "url2": "https://www.kaigokensaku.mhlw.go.jp/13/index.php?action_kouhyou_detail_004_kani=true&JigyosyoCd=1372009710-00&ServiceCd=210&Type=search" }, "geometry": { "type": "Point", "coordinates": [ 139.593120799999951, 35.7495311 ] } },
{ "type": "Feature", "properties": { "内容": "ショートステイ上石神井幸朋苑【短期入所生活介護】東京都練馬区上石神井3-2-18", "url2": "https://www.kaigokensaku.mhlw.go.jp/13/index.php?action_kouhyou_detail_004_kani=true&JigyosyoCd=1372013019-00&ServiceCd=210&Type=search" }, "geometry": { "type": "Point", "coordinates": [ 139.5973387, 35.730752 ] } },
{ "type": "Feature", "properties": { "内容": "あおぞら縁小竹テラス　ショートステイ【短期入所生活介護】東京都練馬区小竹町1丁目29-1", "url2": "https://www.kaigokensaku.mhlw.go.jp/13/index.php?action_kouhyou_detail_004_kani=true&JigyosyoCd=1372013324-00&ServiceCd=210&Type=search" }, "geometry": { "type": "Point", "coordinates": [ 139.6771391, 35.739717400000032 ] } },
{ "type": "Feature", "properties": { "内容": "豊玉南しあわせの里【短期入所生活介護】東京都練馬区豊玉南2-26-6", "url2": "https://www.kaigokensaku.mhlw.go.jp/13/index.php?action_kouhyou_detail_004_kani=true&JigyosyoCd=1372003424-00&ServiceCd=210&Type=search" }, "geometry": { "type": "Point", "coordinates": [ 139.654413200000022, 35.7286825 ] } },
{ "type": "Feature", "properties": { "内容": "アズハイムテラス練馬【短期入所生活介護】東京都練馬区土支田2-21-5", "url2": "https://www.kaigokensaku.mhlw.go.jp/13/index.php?action_kouhyou_detail_004_kani=true&JigyosyoCd=1372009090-00&ServiceCd=210&Type=search" }, "geometry": { "type": "Point", "coordinates": [ 139.6142347, 35.7616775 ] } },
{ "type": "Feature", "properties": { "内容": "特別養護老人ホーム土支田創生苑【短期入所生活介護】東京都練馬区土支田三丁目4番20号", "url2": "https://www.kaigokensaku.mhlw.go.jp/13/index.php?action_kouhyou_detail_004_kani=true&JigyosyoCd=1372002012-00&ServiceCd=210&Type=search" }, "geometry": { "type": "Point", "coordinates": [ 139.6097575, 35.759536 ] } },
{ "type": "Feature", "properties": { "内容": "ショートステイグロリア東京【短期入所生活介護】東京都足立区中央本町5-2-8", "url2": "https://www.kaigokensaku.mhlw.go.jp/13/index.php?action_kouhyou_detail_004_kani=true&JigyosyoCd=1372112092-00&ServiceCd=210&Type=search" }, "geometry": { "type": "Point", "coordinates": [ 139.8034788, 35.778503 ] } },
{ "type": "Feature", "properties": { "内容": "ショートステイ　タムスさくらの杜花畑【短期入所生活介護】東京都足立区花畑３丁目１５番5", "url2": "https://www.kaigokensaku.mhlw.go.jp/13/index.php?action_kouhyou_detail_004_kani=true&JigyosyoCd=1372114288-00&ServiceCd=210&Type=search" }, "geometry": { "type": "Point", "coordinates": [ 139.811708900000014, 35.8025058 ] } },
{ "type": "Feature", "properties": { "内容": "特別養護老人ホーム　六月【短期入所生活介護】東京都足立区六月一丁目6番1号", "url2": "https://www.kaigokensaku.mhlw.go.jp/13/index.php?action_kouhyou_detail_004_kani=true&JigyosyoCd=1372101418-00&ServiceCd=210&Type=search" }, "geometry": { "type": "Point", "coordinates": [ 139.8005233, 35.7851216 ] } },
{ "type": "Feature", "properties": { "内容": "足立新生苑【短期入所生活介護】東京都足立区花畑四丁目３９番１０号", "url2": "https://www.kaigokensaku.mhlw.go.jp/13/index.php?action_kouhyou_detail_004_kani=true&JigyosyoCd=1372105708-00&ServiceCd=210&Type=search" }, "geometry": { "type": "Point", "coordinates": [ 139.809833, 35.8063634 ] } },
{ "type": "Feature", "properties": { "内容": "特別養護老人ホーム扇【短期入所生活介護】東京都足立区扇１－５２－２３", "url2": "https://www.kaigokensaku.mhlw.go.jp/13/index.php?action_kouhyou_detail_004_kani=true&JigyosyoCd=1372101509-00&ServiceCd=210&Type=search" }, "geometry": { "type": "Point", "coordinates": [ 139.773962500000039, 35.7668178 ] } },
{ "type": "Feature", "properties": { "内容": "特別養護老人ホーム　足立翔裕園【短期入所生活介護】東京都足立区入谷九丁目15番18号", "url2": "https://www.kaigokensaku.mhlw.go.jp/13/index.php?action_kouhyou_detail_004_kani=true&JigyosyoCd=1372100824-00&ServiceCd=210&Type=search" }, "geometry": { "type": "Point", "coordinates": [ 139.7560211, 35.8080444 ] } },
{ "type": "Feature", "properties": { "内容": "短期入所生活介護　プレミア扇【短期入所生活介護】東京都足立区扇1-3-5", "url2": "https://www.kaigokensaku.mhlw.go.jp/13/index.php?action_kouhyou_detail_004_kani=true&JigyosyoCd=1372105351-00&ServiceCd=210&Type=search" }, "geometry": { "type": "Point", "coordinates": [ 139.77640150000002, 35.760038 ] } },
{ "type": "Feature", "properties": { "内容": "ショートステイ　ハピネスあだち【短期入所生活介護】東京都足立区江北３－１４－１", "url2": "https://www.kaigokensaku.mhlw.go.jp/13/index.php?action_kouhyou_detail_004_kani=true&JigyosyoCd=1372105450-00&ServiceCd=210&Type=search" }, "geometry": { "type": "Point", "coordinates": [ 139.763085400000023, 35.7741221 ] } },
{ "type": "Feature", "properties": { "内容": "ユニット型ショートステイ　ル・ソラリオン綾瀬【短期入所生活介護】東京都足立区東綾瀬３－９－１", "url2": "https://www.kaigokensaku.mhlw.go.jp/13/index.php?action_kouhyou_detail_004_kani=true&JigyosyoCd=1372110740-00&ServiceCd=210&Type=search" }, "geometry": { "type": "Point", "coordinates": [ 139.834804, 35.7698211 ] } },
{ "type": "Feature", "properties": { "内容": "花畑あすか苑【短期入所生活介護】東京都足立区花畑4丁目20番1号", "url2": "https://www.kaigokensaku.mhlw.go.jp/13/index.php?action_kouhyou_detail_004_kani=true&JigyosyoCd=1372111565-00&ServiceCd=210&Type=search" }, "geometry": { "type": "Point", "coordinates": [ 139.80785549999996, 35.8032611 ] } },
{ "type": "Feature", "properties": { "内容": "新田楽生苑短期入所生活介護事業所【短期入所生活介護】東京都足立区新田１-21-20特別養護老人ホーム新田楽生苑", "url2": "https://www.kaigokensaku.mhlw.go.jp/13/index.php?action_kouhyou_detail_004_kani=true&JigyosyoCd=1372113918-00&ServiceCd=210&Type=search" }, "geometry": { "type": "Point", "coordinates": [ 139.739163371827686, 35.777140127479363 ] } },
{ "type": "Feature", "properties": { "内容": "特別養護老人ホームさの【短期入所生活介護】東京都足立区佐野２－３０－１２特別養護老人ホームさの", "url2": "https://www.kaigokensaku.mhlw.go.jp/13/index.php?action_kouhyou_detail_004_kani=true&JigyosyoCd=1372101467-00&ServiceCd=210&Type=search" }, "geometry": { "type": "Point", "coordinates": [ 139.836214700000028, 35.7885547 ] } },
{ "type": "Feature", "properties": { "内容": "特別養護老人ホーム中央本町杉の子園【短期入所生活介護】東京都足立区中央本町4-14-20", "url2": "https://www.kaigokensaku.mhlw.go.jp/13/index.php?action_kouhyou_detail_004_kani=true&JigyosyoCd=1372102317-00&ServiceCd=210&Type=search" }, "geometry": { "type": "Point", "coordinates": [ 139.808522900000071, 35.7764476 ] } },
{ "type": "Feature", "properties": { "内容": "ウエルガーデン伊興園【短期入所生活介護】東京都足立区伊興３丁目７番４号", "url2": "https://www.kaigokensaku.mhlw.go.jp/13/index.php?action_kouhyou_detail_004_kani=true&JigyosyoCd=1372102366-00&ServiceCd=210&Type=search" }, "geometry": { "type": "Point", "coordinates": [ 139.783745548410053, 35.792104223970625 ] } },
{ "type": "Feature", "properties": { "内容": "特別養護老人ホーム　イーストピア東和【短期入所生活介護】東京都足立区東和四丁目７番23号", "url2": "https://www.kaigokensaku.mhlw.go.jp/13/index.php?action_kouhyou_detail_004_kani=true&JigyosyoCd=1372102549-00&ServiceCd=210&Type=search" }, "geometry": { "type": "Point", "coordinates": [ 139.8432616, 35.7727098 ] } },
{ "type": "Feature", "properties": { "内容": "日介ケアセンター本木【短期入所生活介護】東京都足立区本木1-20-5日介ケアセンター本木", "url2": "https://www.kaigokensaku.mhlw.go.jp/13/index.php?action_kouhyou_detail_004_kani=true&JigyosyoCd=1372106052-00&ServiceCd=210&Type=search" }, "geometry": { "type": "Point", "coordinates": [ 139.78456170000004, 35.7629686 ] } },
{ "type": "Feature", "properties": { "内容": "ハッピーライフ足立【短期入所生活介護】東京都足立区入谷1-27-18", "url2": "https://www.kaigokensaku.mhlw.go.jp/13/index.php?action_kouhyou_detail_004_kani=true&JigyosyoCd=1372106458-00&ServiceCd=210&Type=search" }, "geometry": { "type": "Point", "coordinates": [ 139.7652898, 35.8055648 ] } },
{ "type": "Feature", "properties": { "内容": "特別養護老人ホーム　竹の塚翔裕園【短期入所生活介護】東京都足立区竹の塚七丁目19番14号", "url2": "https://www.kaigokensaku.mhlw.go.jp/13/index.php?action_kouhyou_detail_004_kani=true&JigyosyoCd=1372107449-00&ServiceCd=210&Type=search" }, "geometry": { "type": "Point", "coordinates": [ 139.796692600000029, 35.8010447 ] } },
{ "type": "Feature", "properties": { "内容": "特別養護老人ホーム奉優の家ショートステイ【短期入所生活介護】東京都足立区佐野1-29-3", "url2": "https://www.kaigokensaku.mhlw.go.jp/13/index.php?action_kouhyou_detail_004_kani=true&JigyosyoCd=1372110021-00&ServiceCd=210&Type=search" }, "geometry": { "type": "Point", "coordinates": [ 139.841494900000043, 35.789238 ] } },
{ "type": "Feature", "properties": { "内容": "特別養護老人ホーム　ピオーネ西新井【短期入所生活介護】東京都足立区西新井1-33-15", "url2": "https://www.kaigokensaku.mhlw.go.jp/13/index.php?action_kouhyou_detail_004_kani=true&JigyosyoCd=1372109999-00&ServiceCd=210&Type=search" }, "geometry": { "type": "Point", "coordinates": [ 139.782461199999943, 35.7808885 ] } },
{ "type": "Feature", "properties": { "内容": "古千谷苑　短期入所生活介護事業所【短期入所生活介護】東京都足立区古千谷本町1-3-19特別養護老人ホーム古千谷苑", "url2": "https://www.kaigokensaku.mhlw.go.jp/13/index.php?action_kouhyou_detail_004_kani=true&JigyosyoCd=1372110096-00&ServiceCd=210&Type=search" }, "geometry": { "type": "Point", "coordinates": [ 139.777237351589946, 35.803418428963283 ] } },
{ "type": "Feature", "properties": { "内容": "介護老人福祉施設ケアホーム足立【短期入所生活介護】東京都足立区入谷1-8-15ケアホーム足立　６F", "url2": "https://www.kaigokensaku.mhlw.go.jp/13/index.php?action_kouhyou_detail_004_kani=true&JigyosyoCd=1372110062-00&ServiceCd=210&Type=search" }, "geometry": { "type": "Point", "coordinates": [ 139.769848003704851, 35.803661492218247 ] } },
{ "type": "Feature", "properties": { "内容": "淵江ショートステイそよ風【短期入所生活介護】東京都足立区東保木間2-4-16", "url2": "https://www.kaigokensaku.mhlw.go.jp/13/index.php?action_kouhyou_detail_004_kani=true&JigyosyoCd=1372110765-00&ServiceCd=210&Type=search" }, "geometry": { "type": "Point", "coordinates": [ 139.8104277, 35.7944233 ] } },
{ "type": "Feature", "properties": { "内容": "特別養護老人ホーム　レスペート千住【短期入所生活介護】東京都足立区千住桜木二丁目１１番８号", "url2": "https://www.kaigokensaku.mhlw.go.jp/13/index.php?action_kouhyou_detail_004_kani=true&JigyosyoCd=1372112704-00&ServiceCd=210&Type=search" }, "geometry": { "type": "Point", "coordinates": [ 139.7884277, 35.7546561 ] } },
{ "type": "Feature", "properties": { "内容": "介護老人福祉施設　ケアホーム花畑【短期入所生活介護】東京都足立区花畑8-7-6介護老人福祉施設ケアホーム花畑", "url2": "https://www.kaigokensaku.mhlw.go.jp/13/index.php?action_kouhyou_detail_004_kani=true&JigyosyoCd=1372112795-00&ServiceCd=210&Type=search" }, "geometry": { "type": "Point", "coordinates": [ 139.822666600000048, 35.8129278 ] } },
{ "type": "Feature", "properties": { "内容": "千住桜花苑【短期入所生活介護】東京都足立区千住元町１８番１９号", "url2": "https://www.kaigokensaku.mhlw.go.jp/13/index.php?action_kouhyou_detail_004_kani=true&JigyosyoCd=1372106433-00&ServiceCd=210&Type=search" }, "geometry": { "type": "Point", "coordinates": [ 139.793369799999937, 35.7554225 ] } },
{ "type": "Feature", "properties": { "内容": "ショートステイ　ル・ソラリオン西新井【短期入所生活介護】東京都足立区西新井3丁目14番3号", "url2": "https://www.kaigokensaku.mhlw.go.jp/13/index.php?action_kouhyou_detail_004_kani=true&JigyosyoCd=1372107944-00&ServiceCd=210&Type=search" }, "geometry": { "type": "Point", "coordinates": [ 139.7814555, 35.7876182 ] } },
{ "type": "Feature", "properties": { "内容": "ショートステイ　ケアサポートあだち【短期入所生活介護】東京都足立区千住河原町２２－３", "url2": "https://www.kaigokensaku.mhlw.go.jp/13/index.php?action_kouhyou_detail_004_kani=true&JigyosyoCd=1372108819-00&ServiceCd=210&Type=search" }, "geometry": { "type": "Point", "coordinates": [ 139.798250223278842, 35.742250709907495 ] } },
{ "type": "Feature", "properties": { "内容": "ショートステイ　タムスさくらの杜花畑【短期入所生活介護】東京都足立区花畑３丁目１５番5", "url2": "https://www.kaigokensaku.mhlw.go.jp/13/index.php?action_kouhyou_detail_004_kani=true&JigyosyoCd=1372114296-00&ServiceCd=210&Type=search" }, "geometry": { "type": "Point", "coordinates": [ 139.811708900000014, 35.8025058 ] } },
{ "type": "Feature", "properties": { "内容": "特別養護老人ホーム　ピオーネ足立【短期入所生活介護】東京都足立区平野1-7-7", "url2": "https://www.kaigokensaku.mhlw.go.jp/13/index.php?action_kouhyou_detail_004_kani=true&JigyosyoCd=1372114601-00&ServiceCd=210&Type=search" }, "geometry": { "type": "Point", "coordinates": [ 139.805254899999966, 35.7804767 ] } },
{ "type": "Feature", "properties": { "内容": "特別養護老人ホーム紫磨園【短期入所生活介護】東京都足立区入谷3-3-6", "url2": "https://www.kaigokensaku.mhlw.go.jp/13/index.php?action_kouhyou_detail_004_kani=true&JigyosyoCd=1372101558-00&ServiceCd=210&Type=search" }, "geometry": { "type": "Point", "coordinates": [ 139.762020500000062, 35.8105943 ] } },
{ "type": "Feature", "properties": { "内容": "特別養護老人ホーム　グレイスホーム【短期入所生活介護】東京都足立区西新井本町4丁目13番16号", "url2": "https://www.kaigokensaku.mhlw.go.jp/13/index.php?action_kouhyou_detail_004_kani=true&JigyosyoCd=1372100816-00&ServiceCd=210&Type=search" }, "geometry": { "type": "Point", "coordinates": [ 139.778561800000034, 35.7730088 ] } },
{ "type": "Feature", "properties": { "内容": "さくら【短期入所生活介護】東京都足立区皿沼二丁目８番８号", "url2": "https://www.kaigokensaku.mhlw.go.jp/13/index.php?action_kouhyou_detail_004_kani=true&JigyosyoCd=1372101905-00&ServiceCd=210&Type=search" }, "geometry": { "type": "Point", "coordinates": [ 139.768267700000024, 35.7904589 ] } },
{ "type": "Feature", "properties": { "内容": "特別養護老人ホームはるかぜ【短期入所生活介護】東京都足立区東保木間１丁目１９番５号", "url2": "https://www.kaigokensaku.mhlw.go.jp/13/index.php?action_kouhyou_detail_004_kani=true&JigyosyoCd=1372106110-00&ServiceCd=210&Type=search" }, "geometry": { "type": "Point", "coordinates": [ 139.8158578, 35.7887276 ] } },
{ "type": "Feature", "properties": { "内容": "特別養護老人ホーム　足立万葉苑【短期入所生活介護】東京都足立区六月2丁目11番20号", "url2": "https://www.kaigokensaku.mhlw.go.jp/13/index.php?action_kouhyou_detail_004_kani=true&JigyosyoCd=1372110237-00&ServiceCd=210&Type=search" }, "geometry": { "type": "Point", "coordinates": [ 139.793727576057449, 35.78470108679403 ] } },
{ "type": "Feature", "properties": { "内容": "シンシア足立【短期入所生活介護】東京都足立区扇2丁目42番地8号", "url2": "https://www.kaigokensaku.mhlw.go.jp/13/index.php?action_kouhyou_detail_004_kani=true&JigyosyoCd=1372113215-00&ServiceCd=210&Type=search" }, "geometry": { "type": "Point", "coordinates": [ 139.7694411, 35.7682839 ] } },
{ "type": "Feature", "properties": { "内容": "特別養護老人ホーム花ざかり【短期入所生活介護】東京都足立区中央本町２丁目２４－１１", "url2": "https://www.kaigokensaku.mhlw.go.jp/13/index.php?action_kouhyou_detail_004_kani=true&JigyosyoCd=1372113512-00&ServiceCd=210&Type=search" }, "geometry": { "type": "Point", "coordinates": [ 139.8083719, 35.7678536 ] } },
{ "type": "Feature", "properties": { "内容": "短期入所生活介護事業所　ロイヤル足立【短期入所生活介護】東京都足立区舎人3丁目1-19", "url2": "https://www.kaigokensaku.mhlw.go.jp/13/index.php?action_kouhyou_detail_004_kani=true&JigyosyoCd=1372114551-00&ServiceCd=210&Type=search" }, "geometry": { "type": "Point", "coordinates": [ 139.77453220000001, 35.8106358 ] } },
{ "type": "Feature", "properties": { "内容": "ショートステイ　ハピネスもとき【短期入所生活介護】東京都足立区本木1-14-13", "url2": "https://www.kaigokensaku.mhlw.go.jp/13/index.php?action_kouhyou_detail_004_kani=true&JigyosyoCd=1372115103-00&ServiceCd=210&Type=search" }, "geometry": { "type": "Point", "coordinates": [ 139.786456500000014, 35.762564700000034 ] } },
{ "type": "Feature", "properties": { "内容": "中川園【短期入所生活介護】東京都葛飾区西水元４－５－１", "url2": "https://www.kaigokensaku.mhlw.go.jp/13/index.php?action_kouhyou_detail_004_kani=true&JigyosyoCd=1372200491-00&ServiceCd=210&Type=search" }, "geometry": { "type": "Point", "coordinates": [ 139.845540717721519, 35.793693914433575 ] } },
{ "type": "Feature", "properties": { "内容": "特別養護老人ホーム　水元ふれあいの家【短期入所生活介護】東京都葛飾区水元1丁目26番20号", "url2": "https://www.kaigokensaku.mhlw.go.jp/13/index.php?action_kouhyou_detail_004_kani=true&JigyosyoCd=1372200509-00&ServiceCd=210&Type=search" }, "geometry": { "type": "Point", "coordinates": [ 139.859771300000034, 35.7835445 ] } },
{ "type": "Feature", "properties": { "内容": "特別養護老人ホーム　奥戸くつろぎの郷【短期入所生活介護】東京都葛飾区奥戸３－２５－１", "url2": "https://www.kaigokensaku.mhlw.go.jp/13/index.php?action_kouhyou_detail_004_kani=true&JigyosyoCd=1372200525-00&ServiceCd=210&Type=search" }, "geometry": { "type": "Point", "coordinates": [ 139.862776, 35.7321733 ] } },
{ "type": "Feature", "properties": { "内容": "特別養護老人ホーム　すずうらホーム【短期入所生活介護】東京都葛飾区西新小岩三丁目３７番２７号", "url2": "https://www.kaigokensaku.mhlw.go.jp/13/index.php?action_kouhyou_detail_004_kani=true&JigyosyoCd=1372200533-00&ServiceCd=210&Type=search" }, "geometry": { "type": "Point", "coordinates": [ 139.846817, 35.7227462 ] } },
{ "type": "Feature", "properties": { "内容": "東四つ木ほほえみの里【短期入所生活介護】東京都葛飾区東四つ木２－２６－１５", "url2": "https://www.kaigokensaku.mhlw.go.jp/13/index.php?action_kouhyou_detail_004_kani=true&JigyosyoCd=1372200996-00&ServiceCd=210&Type=search" }, "geometry": { "type": "Point", "coordinates": [ 139.843650199999956, 35.7324538 ] } },
{ "type": "Feature", "properties": { "内容": "特別養護老人ホーム西水元あやめ園【短期入所生活介護】東京都葛飾区西水元２－２－８", "url2": "https://www.kaigokensaku.mhlw.go.jp/13/index.php?action_kouhyou_detail_004_kani=true&JigyosyoCd=1372200558-00&ServiceCd=210&Type=search" }, "geometry": { "type": "Point", "coordinates": [ 139.849061, 35.7849443 ] } },
{ "type": "Feature", "properties": { "内容": "西水元ナーシングホーム【短期入所生活介護】東京都葛飾区西水元六丁目１２番２号", "url2": "https://www.kaigokensaku.mhlw.go.jp/13/index.php?action_kouhyou_detail_004_kani=true&JigyosyoCd=1372201242-00&ServiceCd=210&Type=search" }, "geometry": { "type": "Point", "coordinates": [ 139.854405, 35.7904075 ] } },
{ "type": "Feature", "properties": { "内容": "特別養護老人ホーム　葛飾やすらぎの郷【短期入所生活介護】東京都葛飾区新宿3-4-10", "url2": "https://www.kaigokensaku.mhlw.go.jp/13/index.php?action_kouhyou_detail_004_kani=true&JigyosyoCd=1372201523-00&ServiceCd=210&Type=search" }, "geometry": { "type": "Point", "coordinates": [ 139.86203850000004, 35.7589923 ] } },
{ "type": "Feature", "properties": { "内容": "特別養護老人ホーム　癒しの里　青戸【短期入所生活介護】東京都葛飾区青戸８－１８－１３", "url2": "https://www.kaigokensaku.mhlw.go.jp/13/index.php?action_kouhyou_detail_004_kani=true&JigyosyoCd=1372201887-00&ServiceCd=210&Type=search" }, "geometry": { "type": "Point", "coordinates": [ 139.8536669, 35.7585008 ] } },
{ "type": "Feature", "properties": { "内容": "SILVERSUPPORT星にねがいを【短期入所生活介護】東京都葛飾区細田4-2-8", "url2": "https://www.kaigokensaku.mhlw.go.jp/13/index.php?action_kouhyou_detail_004_kani=true&JigyosyoCd=1372203354-00&ServiceCd=210&Type=search" }, "geometry": { "type": "Point", "coordinates": [ 139.8721941, 35.7410306 ] } },
{ "type": "Feature", "properties": { "内容": "癒しの里　亀有【短期入所生活介護】東京都葛飾区亀有2-60-5", "url2": "https://www.kaigokensaku.mhlw.go.jp/13/index.php?action_kouhyou_detail_004_kani=true&JigyosyoCd=1372203347-00&ServiceCd=210&Type=search" }, "geometry": { "type": "Point", "coordinates": [ 139.8486977, 35.7626974 ] } },
{ "type": "Feature", "properties": { "内容": "短期入所生活介護施設こはるび【短期入所生活介護】東京都葛飾区青戸7-34-6", "url2": "https://www.kaigokensaku.mhlw.go.jp/13/index.php?action_kouhyou_detail_004_kani=true&JigyosyoCd=1372203537-00&ServiceCd=210&Type=search" }, "geometry": { "type": "Point", "coordinates": [ 139.85699180000006, 35.7561705 ] } },
{ "type": "Feature", "properties": { "内容": "東かなまち桜園（介護予防）短期入所生活介護事業所【短期入所生活介護】東京都葛飾区東金町2-13-10", "url2": "https://www.kaigokensaku.mhlw.go.jp/13/index.php?action_kouhyou_detail_004_kani=true&JigyosyoCd=1372205938-00&ServiceCd=210&Type=search" }, "geometry": { "type": "Point", "coordinates": [ 139.868423600000028, 35.774870599999943 ] } },
{ "type": "Feature", "properties": { "内容": "アンブル宝町ショートステイ【短期入所生活介護】東京都葛飾区宝町1-2-9", "url2": "https://www.kaigokensaku.mhlw.go.jp/13/index.php?action_kouhyou_detail_004_kani=true&JigyosyoCd=1372206993-00&ServiceCd=210&Type=search" }, "geometry": { "type": "Point", "coordinates": [ 139.83532202142635, 35.7412452376985 ] } },
{ "type": "Feature", "properties": { "内容": "介護老人福祉施設ケアホーム葛飾【短期入所生活介護】東京都葛飾区小菅1-35-10なし", "url2": "https://www.kaigokensaku.mhlw.go.jp/13/index.php?action_kouhyou_detail_004_kani=true&JigyosyoCd=1372208361-00&ServiceCd=210&Type=search" }, "geometry": { "type": "Point", "coordinates": [ 139.815239600000012, 35.7569755 ] } },
{ "type": "Feature", "properties": { "内容": "第二奥戸くつろぎの郷【短期入所生活介護】東京都葛飾区奥戸3-25-23", "url2": "https://www.kaigokensaku.mhlw.go.jp/13/index.php?action_kouhyou_detail_004_kani=true&JigyosyoCd=1372207751-00&ServiceCd=210&Type=search" }, "geometry": { "type": "Point", "coordinates": [ 139.863470399999983, 35.7320178 ] } },
{ "type": "Feature", "properties": { "内容": "ル・ソラリオン葛飾【短期入所生活介護】東京都葛飾区青戸４－１６－７", "url2": "https://www.kaigokensaku.mhlw.go.jp/13/index.php?action_kouhyou_detail_004_kani=true&JigyosyoCd=1372203883-00&ServiceCd=210&Type=search" }, "geometry": { "type": "Point", "coordinates": [ 139.850078899999971, 35.7509461 ] } },
{ "type": "Feature", "properties": { "内容": "ショートステイ葛飾敬寿園【短期入所生活介護】東京都葛飾区新宿３－１９－１９", "url2": "https://www.kaigokensaku.mhlw.go.jp/13/index.php?action_kouhyou_detail_004_kani=true&JigyosyoCd=1372203859-00&ServiceCd=210&Type=search" }, "geometry": { "type": "Point", "coordinates": [ 139.863891100000046, 35.759881 ] } },
{ "type": "Feature", "properties": { "内容": "短期入所生活介護事業所　エトワール【短期入所生活介護】東京都葛飾区新宿6-2-13", "url2": "https://www.kaigokensaku.mhlw.go.jp/13/index.php?action_kouhyou_detail_004_kani=true&JigyosyoCd=1372204535-00&ServiceCd=210&Type=search" }, "geometry": { "type": "Point", "coordinates": [ 139.8628129, 35.7698631 ] } },
{ "type": "Feature", "properties": { "内容": "短期入所生活介護ショートステイ　バタフライヒル細田【短期入所生活介護】東京都葛飾区細田4-20-14", "url2": "https://www.kaigokensaku.mhlw.go.jp/13/index.php?action_kouhyou_detail_004_kani=true&JigyosyoCd=1372205987-00&ServiceCd=210&Type=search" }, "geometry": { "type": "Point", "coordinates": [ 139.872527399999967, 35.7425276 ] } },
{ "type": "Feature", "properties": { "内容": "スマイルホーム西井堀短期入所生活介護【短期入所生活介護】東京都葛飾区奥戸3-24-15", "url2": "https://www.kaigokensaku.mhlw.go.jp/13/index.php?action_kouhyou_detail_004_kani=true&JigyosyoCd=1372207819-00&ServiceCd=210&Type=search" }, "geometry": { "type": "Point", "coordinates": [ 139.8627593, 35.7314429 ] } },
{ "type": "Feature", "properties": { "内容": "ショートステイ　癒しの里西亀有【短期入所生活介護】東京都葛飾区西亀有３－１８－６", "url2": "https://www.kaigokensaku.mhlw.go.jp/13/index.php?action_kouhyou_detail_004_kani=true&JigyosyoCd=1372208452-00&ServiceCd=210&Type=search" }, "geometry": { "type": "Point", "coordinates": [ 139.8388912, 35.7594754 ] } },
{ "type": "Feature", "properties": { "内容": "水元園【短期入所生活介護】東京都葛飾区西水元４－６－１", "url2": "https://www.kaigokensaku.mhlw.go.jp/13/index.php?action_kouhyou_detail_004_kani=true&JigyosyoCd=1372200517-00&ServiceCd=210&Type=search" }, "geometry": { "type": "Point", "coordinates": [ 139.8466611, 35.7943846 ] } },
{ "type": "Feature", "properties": { "内容": "特別養護老人ホーム　タムスさくらの杜いちのえ【短期入所生活介護】東京都江戸川区一之江2-19-12", "url2": "https://www.kaigokensaku.mhlw.go.jp/13/index.php?action_kouhyou_detail_004_kani=true&JigyosyoCd=1372311322-00&ServiceCd=210&Type=search" }, "geometry": { "type": "Point", "coordinates": [ 139.8843293, 35.6943888 ] } },
{ "type": "Feature", "properties": { "内容": "IoT美しい日本のだんらん【短期入所生活介護】東京都江戸川区江戸川6-40-27", "url2": "https://www.kaigokensaku.mhlw.go.jp/13/index.php?action_kouhyou_detail_004_kani=true&JigyosyoCd=1372311405-00&ServiceCd=210&Type=search" }, "geometry": { "type": "Point", "coordinates": [ 139.8769725, 35.6746438 ] } },
{ "type": "Feature", "properties": { "内容": "なぎさ和楽苑【短期入所生活介護】東京都江戸川区西葛西8-1-1", "url2": "https://www.kaigokensaku.mhlw.go.jp/13/index.php?action_kouhyou_detail_004_kani=true&JigyosyoCd=1372301638-00&ServiceCd=210&Type=search" }, "geometry": { "type": "Point", "coordinates": [ 139.859420699999987, 35.6550791 ] } },
{ "type": "Feature", "properties": { "内容": "老人短期入所事業　泰山【短期入所生活介護】東京都江戸川区北小岩５－３４－１０", "url2": "https://www.kaigokensaku.mhlw.go.jp/13/index.php?action_kouhyou_detail_004_kani=true&JigyosyoCd=1372301737-00&ServiceCd=210&Type=search" }, "geometry": { "type": "Point", "coordinates": [ 139.891634299999964, 35.739703 ] } },
{ "type": "Feature", "properties": { "内容": "リバーサイドグリーン【短期入所生活介護】東京都江戸川区江戸川１丁目１１番地3号", "url2": "https://www.kaigokensaku.mhlw.go.jp/13/index.php?action_kouhyou_detail_004_kani=true&JigyosyoCd=1372300358-00&ServiceCd=210&Type=search" }, "geometry": { "type": "Point", "coordinates": [ 139.902832600000039, 35.688402099999983 ] } },
{ "type": "Feature", "properties": { "内容": "瑞江特別養護老人ホーム【短期入所生活介護】東京都江戸川区瑞江1-3-12", "url2": "https://www.kaigokensaku.mhlw.go.jp/13/index.php?action_kouhyou_detail_004_kani=true&JigyosyoCd=1372300374-00&ServiceCd=210&Type=search" }, "geometry": { "type": "Point", "coordinates": [ 139.893968699999959, 35.6994674 ] } },
{ "type": "Feature", "properties": { "内容": "小岩ホーム【短期入所生活介護】東京都江戸川区南小岩５－１１－１０", "url2": "https://www.kaigokensaku.mhlw.go.jp/13/index.php?action_kouhyou_detail_004_kani=true&JigyosyoCd=1372300382-00&ServiceCd=210&Type=search" }, "geometry": { "type": "Point", "coordinates": [ 139.879769099999976, 35.7248689 ] } },
{ "type": "Feature", "properties": { "内容": "江戸川光照苑【短期入所生活介護】東京都江戸川区北小岩5-7-2", "url2": "https://www.kaigokensaku.mhlw.go.jp/13/index.php?action_kouhyou_detail_004_kani=true&JigyosyoCd=1372300762-00&ServiceCd=210&Type=search" }, "geometry": { "type": "Point", "coordinates": [ 139.887865, 35.7402473 ] } },
{ "type": "Feature", "properties": { "内容": "特別養護老人ホーム　清心苑【短期入所生活介護】東京都江戸川区西一之江4-9-24", "url2": "https://www.kaigokensaku.mhlw.go.jp/13/index.php?action_kouhyou_detail_004_kani=true&JigyosyoCd=1372300408-00&ServiceCd=210&Type=search" }, "geometry": { "type": "Point", "coordinates": [ 139.874034700000038, 35.6956196 ] } },
{ "type": "Feature", "properties": { "内容": "特別養護老人ホームウエル江戸川【短期入所生活介護】東京都江戸川区平井7丁目13番32号", "url2": "https://www.kaigokensaku.mhlw.go.jp/13/index.php?action_kouhyou_detail_004_kani=true&JigyosyoCd=1372301430-00&ServiceCd=210&Type=search" }, "geometry": { "type": "Point", "coordinates": [ 139.837162900000067, 35.714444 ] } },
{ "type": "Feature", "properties": { "内容": "特別養護老人ホーム　みどりの郷福楽園【短期入所生活介護】東京都江戸川区臨海町1-4-4", "url2": "https://www.kaigokensaku.mhlw.go.jp/13/index.php?action_kouhyou_detail_004_kani=true&JigyosyoCd=1372301687-00&ServiceCd=210&Type=search" }, "geometry": { "type": "Point", "coordinates": [ 139.852490699999947, 35.6532346 ] } },
{ "type": "Feature", "properties": { "内容": "特別養護老人ホームきく【短期入所生活介護】東京都江戸川区鹿骨3-16-6", "url2": "https://www.kaigokensaku.mhlw.go.jp/13/index.php?action_kouhyou_detail_004_kani=true&JigyosyoCd=1372301943-00&ServiceCd=210&Type=search" }, "geometry": { "type": "Point", "coordinates": [ 139.89147939999998, 35.715515 ] } },
{ "type": "Feature", "properties": { "内容": "特別養護老人ホーム古川親水苑指定短期入所生活介護事業所【短期入所生活介護】東京都江戸川区江戸川五丁目4番2", "url2": "https://www.kaigokensaku.mhlw.go.jp/13/index.php?action_kouhyou_detail_004_kani=true&JigyosyoCd=1372307171-00&ServiceCd=210&Type=search" }, "geometry": { "type": "Point", "coordinates": [ 139.869205, 35.6828014 ] } },
{ "type": "Feature", "properties": { "内容": "ショートスティ　タムスさくらの杜江戸川【短期入所生活介護】東京都江戸川区東小松川1-5-4", "url2": "https://www.kaigokensaku.mhlw.go.jp/13/index.php?action_kouhyou_detail_004_kani=true&JigyosyoCd=1372307353-00&ServiceCd=210&Type=search" }, "geometry": { "type": "Point", "coordinates": [ 139.865616100000011, 35.7019683 ] } },
{ "type": "Feature", "properties": { "内容": "ショートステイ　わとなーる葛西【短期入所生活介護】東京都江戸川区東葛西7-19-8特別養護老人ホーム", "url2": "https://www.kaigokensaku.mhlw.go.jp/13/index.php?action_kouhyou_detail_004_kani=true&JigyosyoCd=1372308633-00&ServiceCd=210&Type=search" }, "geometry": { "type": "Point", "coordinates": [ 139.877151899999944, 35.6583785 ] } },
{ "type": "Feature", "properties": { "内容": "特別養護老人ホーム　癒しの里西小松川【短期入所生活介護】東京都江戸川区西小松川町１－２１特別養護老人ホーム　癒しの里西小松川", "url2": "https://www.kaigokensaku.mhlw.go.jp/13/index.php?action_kouhyou_detail_004_kani=true&JigyosyoCd=1372309011-00&ServiceCd=210&Type=search" }, "geometry": { "type": "Point", "coordinates": [ 139.8626276, 35.6953939 ] } },
{ "type": "Feature", "properties": { "内容": "特別養護老人ホーム　やすらぎの里北小岩【短期入所生活介護】東京都江戸川区北小岩1-21-12", "url2": "https://www.kaigokensaku.mhlw.go.jp/13/index.php?action_kouhyou_detail_004_kani=true&JigyosyoCd=1372310605-00&ServiceCd=210&Type=search" }, "geometry": { "type": "Point", "coordinates": [ 139.894653699999964, 35.735198199999978 ] } },
{ "type": "Feature", "properties": { "内容": "ショートステイ　タムスさくらの杜　春江【短期入所生活介護】東京都江戸川区春江町5丁目4番2号", "url2": "https://www.kaigokensaku.mhlw.go.jp/13/index.php?action_kouhyou_detail_004_kani=true&JigyosyoCd=1372309458-00&ServiceCd=210&Type=search" }, "geometry": { "type": "Point", "coordinates": [ 139.8744408, 35.679068799999982 ] } },
{ "type": "Feature", "properties": { "内容": "特別養護老人ホーム　タムスさくらの杜一之江【短期入所生活介護】東京都江戸川区一之江2-19-12タムスさくらの杜一之江", "url2": "https://www.kaigokensaku.mhlw.go.jp/13/index.php?action_kouhyou_detail_004_kani=true&JigyosyoCd=1372311330-00&ServiceCd=210&Type=search" }, "geometry": { "type": "Point", "coordinates": [ 139.8843293, 35.6943888 ] } },
{ "type": "Feature", "properties": { "内容": "特別養護老人ホームアゼリー江戸川【短期入所生活介護】東京都江戸川区本一色2-13-25", "url2": "https://www.kaigokensaku.mhlw.go.jp/13/index.php?action_kouhyou_detail_004_kani=true&JigyosyoCd=1372300416-00&ServiceCd=210&Type=search" }, "geometry": { "type": "Point", "coordinates": [ 139.873095, 35.719761 ] } },
{ "type": "Feature", "properties": { "内容": "アゼリーアネックス【短期入所生活介護】東京都江戸川区大杉2-10-16アゼリーアネックス", "url2": "https://www.kaigokensaku.mhlw.go.jp/13/index.php?action_kouhyou_detail_004_kani=true&JigyosyoCd=1372304541-00&ServiceCd=210&Type=search" }, "geometry": { "type": "Point", "coordinates": [ 139.879142099999967, 35.7064936 ] } },
{ "type": "Feature", "properties": { "内容": "特別養護老人ホーム　タムスさくらの杜　南葛西【短期入所生活介護】東京都江戸川区南葛西3-10-21", "url2": "https://www.kaigokensaku.mhlw.go.jp/13/index.php?action_kouhyou_detail_004_kani=true&JigyosyoCd=1372310951-00&ServiceCd=210&Type=search" }, "geometry": { "type": "Point", "coordinates": [ 139.8686461, 35.6516422 ] } },
{ "type": "Feature", "properties": { "内容": "特別養護老人ホームいずみ【短期入所生活介護】東京都江戸川区鹿骨4-3-13", "url2": "https://www.kaigokensaku.mhlw.go.jp/13/index.php?action_kouhyou_detail_004_kani=true&JigyosyoCd=1372311496-00&ServiceCd=210&Type=search" }, "geometry": { "type": "Point", "coordinates": [ 139.889162399999975, 35.712755199999989 ] } },
{ "type": "Feature", "properties": { "内容": "特別養護老人ホーム　暖心苑【短期入所生活介護】東京都江戸川区北葛西４丁目３番１６号", "url2": "https://www.kaigokensaku.mhlw.go.jp/13/index.php?action_kouhyou_detail_004_kani=true&JigyosyoCd=1372300564-00&ServiceCd=210&Type=search" }, "geometry": { "type": "Point", "coordinates": [ 139.86253350000004, 35.6715329 ] } },
{ "type": "Feature", "properties": { "内容": "諏訪の森【短期入所生活介護】東京都八王子市諏訪町１１０番地２", "url2": "https://www.kaigokensaku.mhlw.go.jp/13/index.php?action_kouhyou_detail_004_kani=true&JigyosyoCd=1372900454-00&ServiceCd=210&Type=search" }, "geometry": { "type": "Point", "coordinates": [ 139.293457399999966, 35.6756265 ] } },
{ "type": "Feature", "properties": { "内容": "特別養護老人ホーム　八王子心成苑【短期入所生活介護】東京都八王子市館町1783", "url2": "https://www.kaigokensaku.mhlw.go.jp/13/index.php?action_kouhyou_detail_004_kani=true&JigyosyoCd=1372901387-00&ServiceCd=210&Type=search" }, "geometry": { "type": "Point", "coordinates": [ 139.293534, 35.6289084 ] } },
{ "type": "Feature", "properties": { "内容": "第二青陽園【短期入所生活介護】東京都八王子市川口町1543番地", "url2": "https://www.kaigokensaku.mhlw.go.jp/13/index.php?action_kouhyou_detail_004_kani=true&JigyosyoCd=1372906733-00&ServiceCd=210&Type=search" }, "geometry": { "type": "Point", "coordinates": [ 139.295858778295951, 35.683614105564246 ] } },
{ "type": "Feature", "properties": { "内容": "青陽園【短期入所生活介護】東京都八王子市川口町1543番地", "url2": "https://www.kaigokensaku.mhlw.go.jp/13/index.php?action_kouhyou_detail_004_kani=true&JigyosyoCd=1372900280-00&ServiceCd=210&Type=search" }, "geometry": { "type": "Point", "coordinates": [ 139.297317900000053, 35.6834006 ] } },
{ "type": "Feature", "properties": { "内容": "特別養護老人ホーム椛の里【短期入所生活介護】東京都八王子市宮下町355番地特別養護老人ホーム椛の里", "url2": "https://www.kaigokensaku.mhlw.go.jp/13/index.php?action_kouhyou_detail_004_kani=true&JigyosyoCd=1372900298-00&ServiceCd=210&Type=search" }, "geometry": { "type": "Point", "coordinates": [ 139.308985600000028, 35.7056566 ] } },
{ "type": "Feature", "properties": { "内容": "特別養護老人ホーム　恩方ホーム【短期入所生活介護】東京都八王子市下恩方町１８０番地－１", "url2": "https://www.kaigokensaku.mhlw.go.jp/13/index.php?action_kouhyou_detail_004_kani=true&JigyosyoCd=1372900306-00&ServiceCd=210&Type=search" }, "geometry": { "type": "Point", "coordinates": [ 139.2551191, 35.676431 ] } },
{ "type": "Feature", "properties": { "内容": "清明園【短期入所生活介護】東京都八王子市裏高尾町347番地清明園", "url2": "https://www.kaigokensaku.mhlw.go.jp/13/index.php?action_kouhyou_detail_004_kani=true&JigyosyoCd=1372900850-00&ServiceCd=210&Type=search" }, "geometry": { "type": "Point", "coordinates": [ 139.254521299999965, 35.6379234 ] } },
{ "type": "Feature", "properties": { "内容": "徳寿園【短期入所生活介護】東京都八王子市美山町　８７５－６", "url2": "https://www.kaigokensaku.mhlw.go.jp/13/index.php?action_kouhyou_detail_004_kani=true&JigyosyoCd=1372900330-00&ServiceCd=210&Type=search" }, "geometry": { "type": "Point", "coordinates": [ 139.251116599999932, 35.6843389 ] } },
{ "type": "Feature", "properties": { "内容": "偕楽園ホーム【短期入所生活介護】東京都八王子市宮下町９８３番地", "url2": "https://www.kaigokensaku.mhlw.go.jp/13/index.php?action_kouhyou_detail_004_kani=true&JigyosyoCd=1372900348-00&ServiceCd=210&Type=search" }, "geometry": { "type": "Point", "coordinates": [ 139.312349400000016, 35.7004824 ] } },
{ "type": "Feature", "properties": { "内容": "介護老人福祉施設　みやま大樹の苑【短期入所生活介護】東京都八王子市美山町1463番地みやま大樹の苑", "url2": "https://www.kaigokensaku.mhlw.go.jp/13/index.php?action_kouhyou_detail_004_kani=true&JigyosyoCd=1372900389-00&ServiceCd=210&Type=search" }, "geometry": { "type": "Point", "coordinates": [ 139.257479800000027, 35.6847164 ] } },
{ "type": "Feature", "properties": { "内容": "特別養護老人ホーム　藤寿苑【短期入所生活介護】東京都八王子市明神町4丁目18番12号", "url2": "https://www.kaigokensaku.mhlw.go.jp/13/index.php?action_kouhyou_detail_004_kani=true&JigyosyoCd=1372900801-00&ServiceCd=210&Type=search" }, "geometry": { "type": "Point", "coordinates": [ 139.3429228, 35.6616435 ] } },
{ "type": "Feature", "properties": { "内容": "多摩シルバーハウス【短期入所生活介護】東京都八王子市上柚木1550番地", "url2": "https://www.kaigokensaku.mhlw.go.jp/13/index.php?action_kouhyou_detail_004_kani=true&JigyosyoCd=1372900413-00&ServiceCd=210&Type=search" }, "geometry": { "type": "Point", "coordinates": [ 139.368377600000031, 35.6276563 ] } },
{ "type": "Feature", "properties": { "内容": "ファミリーマイホーム【短期入所生活介護】東京都八王子市左入町373番地1", "url2": "https://www.kaigokensaku.mhlw.go.jp/13/index.php?action_kouhyou_detail_004_kani=true&JigyosyoCd=1372900421-00&ServiceCd=210&Type=search" }, "geometry": { "type": "Point", "coordinates": [ 139.346213400000011, 35.685774 ] } },
{ "type": "Feature", "properties": { "内容": "絹の道【短期入所生活介護】東京都八王子市鑓水94番地", "url2": "https://www.kaigokensaku.mhlw.go.jp/13/index.php?action_kouhyou_detail_004_kani=true&JigyosyoCd=1372900793-00&ServiceCd=210&Type=search" }, "geometry": { "type": "Point", "coordinates": [ 139.358853899999986, 35.6168381 ] } },
{ "type": "Feature", "properties": { "内容": "第二徳寿園【短期入所生活介護】東京都八王子市美山町　８６１－１", "url2": "https://www.kaigokensaku.mhlw.go.jp/13/index.php?action_kouhyou_detail_004_kani=true&JigyosyoCd=1372900447-00&ServiceCd=210&Type=search" }, "geometry": { "type": "Point", "coordinates": [ 139.251538799999906, 35.6843055 ] } },
{ "type": "Feature", "properties": { "内容": "特別養護老人ホーム　小松原園【短期入所生活介護】東京都八王子市犬目町688番地2", "url2": "https://www.kaigokensaku.mhlw.go.jp/13/index.php?action_kouhyou_detail_004_kani=true&JigyosyoCd=1372900462-00&ServiceCd=210&Type=search" }, "geometry": { "type": "Point", "coordinates": [ 139.303986399999985, 35.6960493 ] } },
{ "type": "Feature", "properties": { "内容": "ジョイステージ八王子【短期入所生活介護】東京都八王子市横川町924番地2", "url2": "https://www.kaigokensaku.mhlw.go.jp/13/index.php?action_kouhyou_detail_004_kani=true&JigyosyoCd=1372900991-00&ServiceCd=210&Type=search" }, "geometry": { "type": "Point", "coordinates": [ 139.2950042, 35.66332 ] } },
{ "type": "Feature", "properties": { "内容": "短期入所生活介護・介護予防短期入所生活介護　ファミリーイン堀之内【短期入所生活介護】東京都八王子市堀之内１２０６", "url2": "https://www.kaigokensaku.mhlw.go.jp/13/index.php?action_kouhyou_detail_004_kani=true&JigyosyoCd=1372901452-00&ServiceCd=210&Type=search" }, "geometry": { "type": "Point", "coordinates": [ 139.388787099999945, 35.6367219 ] } },
{ "type": "Feature", "properties": { "内容": "特別養護老人ホーム　長舟園【短期入所生活介護】東京都八王子市長房町987番地", "url2": "https://www.kaigokensaku.mhlw.go.jp/13/index.php?action_kouhyou_detail_004_kani=true&JigyosyoCd=1372907079-00&ServiceCd=210&Type=search" }, "geometry": { "type": "Point", "coordinates": [ 139.2886234, 35.6587883 ] } },
{ "type": "Feature", "properties": { "内容": "短期入所生活介護ドリームとぶき【短期入所生活介護】東京都八王子市戸吹町７６－１", "url2": "https://www.kaigokensaku.mhlw.go.jp/13/index.php?action_kouhyou_detail_004_kani=true&JigyosyoCd=1372907012-00&ServiceCd=210&Type=search" }, "geometry": { "type": "Point", "coordinates": [ 139.303377512233766, 35.706325003793552 ] } },
{ "type": "Feature", "properties": { "内容": "第二偕楽園ホーム　短期入所生活介護【短期入所生活介護】東京都八王子市加住町1丁目18番地第二偕楽園ホーム", "url2": "https://www.kaigokensaku.mhlw.go.jp/13/index.php?action_kouhyou_detail_004_kani=true&JigyosyoCd=1372908580-00&ServiceCd=210&Type=search" }, "geometry": { "type": "Point", "coordinates": [ 139.321074260138857, 35.696836922549046 ] } },
{ "type": "Feature", "properties": { "内容": "福寿園みなみ野【短期入所生活介護】八王子市みなみ野6丁目21番1号", "url2": "https://www.kaigokensaku.mhlw.go.jp/13/index.php?action_kouhyou_detail_004_kani=true&JigyosyoCd=1372900355-00&ServiceCd=210&Type=search" }, "geometry": { "type": "Point", "coordinates": [ 139.3239044, 35.6349152 ] } },
{ "type": "Feature", "properties": { "内容": "長寿園【短期入所生活介護】東京都八王子市叶谷町1133番地", "url2": "https://www.kaigokensaku.mhlw.go.jp/13/index.php?action_kouhyou_detail_004_kani=true&JigyosyoCd=1372900371-00&ServiceCd=210&Type=search" }, "geometry": { "type": "Point", "coordinates": [ 139.302404700000011, 35.6718628 ] } },
{ "type": "Feature", "properties": { "内容": "あずみ苑館町【短期入所生活介護】東京都八王子市館町2065-7", "url2": "https://www.kaigokensaku.mhlw.go.jp/13/index.php?action_kouhyou_detail_004_kani=true&JigyosyoCd=1372903979-00&ServiceCd=210&Type=search" }, "geometry": { "type": "Point", "coordinates": [ 139.303094, 35.6326521 ] } },
{ "type": "Feature", "properties": { "内容": "特別養護老人ホーム桜の里【短期入所生活介護】東京都八王子市犬目町560-1特別養護老人ホーム　桜の里", "url2": "https://www.kaigokensaku.mhlw.go.jp/13/index.php?action_kouhyou_detail_004_kani=true&JigyosyoCd=1372908176-00&ServiceCd=210&Type=search" }, "geometry": { "type": "Point", "coordinates": [ 139.3073362, 35.6912028 ] } },
{ "type": "Feature", "properties": { "内容": "短期入所生活介護施設　エクリプスみなみ野【短期入所生活介護】東京都八王子市西片倉1-23-4", "url2": "https://www.kaigokensaku.mhlw.go.jp/13/index.php?action_kouhyou_detail_004_kani=true&JigyosyoCd=1372905685-00&ServiceCd=210&Type=search" }, "geometry": { "type": "Point", "coordinates": [ 139.333657799999969, 35.6343744 ] } },
{ "type": "Feature", "properties": { "内容": "至誠特別養護老人ホーム【短期入所生活介護】東京都立川市錦町6-28-15", "url2": "https://www.kaigokensaku.mhlw.go.jp/13/index.php?action_kouhyou_detail_004_kani=true&JigyosyoCd=1373000221-00&ServiceCd=210&Type=search" }, "geometry": { "type": "Point", "coordinates": [ 139.416842632016028, 35.685158156294321 ] } },
{ "type": "Feature", "properties": { "内容": "フェローホームズショートスティサービス【短期入所生活介護】東京都立川市富士見町２丁目３６番４３号", "url2": "https://www.kaigokensaku.mhlw.go.jp/13/index.php?action_kouhyou_detail_004_kani=true&JigyosyoCd=1373000338-00&ServiceCd=210&Type=search" }, "geometry": { "type": "Point", "coordinates": [ 139.401208, 35.7014265 ] } },
{ "type": "Feature", "properties": { "内容": "至誠キートスホーム【短期入所生活介護】東京都立川市幸町4-14-1", "url2": "https://www.kaigokensaku.mhlw.go.jp/13/index.php?action_kouhyou_detail_004_kani=true&JigyosyoCd=1373000601-00&ServiceCd=210&Type=search" }, "geometry": { "type": "Point", "coordinates": [ 139.428174300000023, 35.7246633 ] } },
{ "type": "Feature", "properties": { "内容": "至誠ホームアウリンコ【短期入所生活介護】東京都立川市錦町６‐28‐15", "url2": "https://www.kaigokensaku.mhlw.go.jp/13/index.php?action_kouhyou_detail_004_kani=true&JigyosyoCd=1373002953-00&ServiceCd=210&Type=search" }, "geometry": { "type": "Point", "coordinates": [ 139.4160905, 35.6853395 ] } },
{ "type": "Feature", "properties": { "内容": "西砂ホーム【短期入所生活介護】東京都立川市西砂町５－５－５", "url2": "https://www.kaigokensaku.mhlw.go.jp/13/index.php?action_kouhyou_detail_004_kani=true&JigyosyoCd=1373000247-00&ServiceCd=210&Type=search" }, "geometry": { "type": "Point", "coordinates": [ 139.363282700000013, 35.7315024 ] } },
{ "type": "Feature", "properties": { "内容": "特別養護老人ホーム　敬愛ホーム【短期入所生活介護】東京都立川市上砂町2-14-1", "url2": "https://www.kaigokensaku.mhlw.go.jp/13/index.php?action_kouhyou_detail_004_kani=true&JigyosyoCd=1373000262-00&ServiceCd=210&Type=search" }, "geometry": { "type": "Point", "coordinates": [ 139.391763800000035, 35.722721 ] } },
{ "type": "Feature", "properties": { "内容": "ショートステイやわらぎ・西立川【短期入所生活介護】東京都立川市富士見町２－３１－２３", "url2": "https://www.kaigokensaku.mhlw.go.jp/13/index.php?action_kouhyou_detail_004_kani=true&JigyosyoCd=1373001468-00&ServiceCd=210&Type=search" }, "geometry": { "type": "Point", "coordinates": [ 139.399674900000036, 35.6990628 ] } },
{ "type": "Feature", "properties": { "内容": "フェローホームズ高松の家　ショートステイサービス【短期入所生活介護】東京都立川市高松町三丁目１番１号", "url2": "https://www.kaigokensaku.mhlw.go.jp/13/index.php?action_kouhyou_detail_004_kani=true&JigyosyoCd=1373002722-00&ServiceCd=210&Type=search" }, "geometry": { "type": "Point", "coordinates": [ 139.414599952778644, 35.703981550712719 ] } },
{ "type": "Feature", "properties": { "内容": "パナソニックエイジフリーケアセンター立川柏町・ショートステイ【短期入所生活介護】東京都立川市柏町3-25-2", "url2": "https://www.kaigokensaku.mhlw.go.jp/13/index.php?action_kouhyou_detail_004_kani=true&JigyosyoCd=1373002912-00&ServiceCd=210&Type=search" }, "geometry": { "type": "Point", "coordinates": [ 139.414967199999978, 35.723516 ] } },
{ "type": "Feature", "properties": { "内容": "至誠ホームオンニ【短期入所生活介護】東京都立川市錦町2-10-26", "url2": "https://www.kaigokensaku.mhlw.go.jp/13/index.php?action_kouhyou_detail_004_kani=true&JigyosyoCd=1373003282-00&ServiceCd=210&Type=search" }, "geometry": { "type": "Point", "coordinates": [ 139.415392200000042, 35.6916458 ] } },
{ "type": "Feature", "properties": { "内容": "特別養護老人ホーム砂川園【短期入所生活介護】東京都立川市上砂町五丁目７６番地の４", "url2": "https://www.kaigokensaku.mhlw.go.jp/13/index.php?action_kouhyou_detail_004_kani=true&JigyosyoCd=1373000239-00&ServiceCd=210&Type=search" }, "geometry": { "type": "Point", "coordinates": [ 139.389280399999961, 35.7300506 ] } },
{ "type": "Feature", "properties": { "内容": "特別養護老人ホームほゝえみ【短期入所生活介護】東京都立川市上砂町2-3-10", "url2": "https://www.kaigokensaku.mhlw.go.jp/13/index.php?action_kouhyou_detail_004_kani=true&JigyosyoCd=1373002060-00&ServiceCd=210&Type=search" }, "geometry": { "type": "Point", "coordinates": [ 139.391667, 35.7217811 ] } },
{ "type": "Feature", "properties": { "内容": "ゆとりえ【短期入所生活介護】東京都武蔵野市吉祥寺南町4-25-5", "url2": "https://www.kaigokensaku.mhlw.go.jp/13/index.php?action_kouhyou_detail_004_kani=true&JigyosyoCd=1373300209-00&ServiceCd=210&Type=search" }, "geometry": { "type": "Point", "coordinates": [ 139.591539199999943, 35.698750900000022 ] } },
{ "type": "Feature", "properties": { "内容": "短期入所生活介護武蔵野館【短期入所生活介護】東京都武蔵野市関前二丁目１６番５号", "url2": "https://www.kaigokensaku.mhlw.go.jp/13/index.php?action_kouhyou_detail_004_kani=true&JigyosyoCd=1373300480-00&ServiceCd=210&Type=search" }, "geometry": { "type": "Point", "coordinates": [ 139.549978399999986, 35.7115344 ] } },
{ "type": "Feature", "properties": { "内容": "特別養護老人ホーム親の家【短期入所生活介護】東京都武蔵野市八幡町3-4-18", "url2": "https://www.kaigokensaku.mhlw.go.jp/13/index.php?action_kouhyou_detail_004_kani=true&JigyosyoCd=1373300803-00&ServiceCd=210&Type=search" }, "geometry": { "type": "Point", "coordinates": [ 139.554422100000011, 35.7177588 ] } },
{ "type": "Feature", "properties": { "内容": "特別養護老人ホームケアコート武蔵野【短期入所生活介護】東京都武蔵野市境南町五丁目10番7号", "url2": "https://www.kaigokensaku.mhlw.go.jp/13/index.php?action_kouhyou_detail_004_kani=true&JigyosyoCd=1373301728-00&ServiceCd=210&Type=search" }, "geometry": { "type": "Point", "coordinates": [ 139.536860899999965, 35.6956276 ] } },
{ "type": "Feature", "properties": { "内容": "特別養護老人ホーム　さくらえん【短期入所生活介護】東京都武蔵野市桜堤2-8-31", "url2": "https://www.kaigokensaku.mhlw.go.jp/13/index.php?action_kouhyou_detail_004_kani=true&JigyosyoCd=1373301884-00&ServiceCd=210&Type=search" }, "geometry": { "type": "Point", "coordinates": [ 139.532321700000011, 35.7107229 ] } },
{ "type": "Feature", "properties": { "内容": "吉祥寺ナーシングホーム【短期入所生活介護】東京都武蔵野市吉祥寺北町２－９－２", "url2": "https://www.kaigokensaku.mhlw.go.jp/13/index.php?action_kouhyou_detail_004_kani=true&JigyosyoCd=1373301371-00&ServiceCd=210&Type=search" }, "geometry": { "type": "Point", "coordinates": [ 139.5789009, 35.7127046 ] } },
{ "type": "Feature", "properties": { "内容": "ショートステイとらいふ武蔵野【短期入所生活介護】東京都武蔵野市関前１－２－２０", "url2": "https://www.kaigokensaku.mhlw.go.jp/13/index.php?action_kouhyou_detail_004_kani=true&JigyosyoCd=1373302528-00&ServiceCd=210&Type=search" }, "geometry": { "type": "Point", "coordinates": [ 139.553844900000058, 35.7084349 ] } },
{ "type": "Feature", "properties": { "内容": "弘済園【短期入所生活介護】東京都三鷹市下連雀5-2-5", "url2": "https://www.kaigokensaku.mhlw.go.jp/13/index.php?action_kouhyou_detail_004_kani=true&JigyosyoCd=1373600053-00&ServiceCd=210&Type=search" }, "geometry": { "type": "Point", "coordinates": [ 139.571292749073791, 35.686293626518726 ] } },
{ "type": "Feature", "properties": { "内容": "特別養護老人ホーム　みたか紫水園【短期入所生活介護】東京都三鷹市新川５－６－３１", "url2": "https://www.kaigokensaku.mhlw.go.jp/13/index.php?action_kouhyou_detail_004_kani=true&JigyosyoCd=1373601838-00&ServiceCd=210&Type=search" }, "geometry": { "type": "Point", "coordinates": [ 139.5692752, 35.6761833 ] } },
{ "type": "Feature", "properties": { "内容": "特別養護老人ホーム恵比寿苑【短期入所生活介護】東京都三鷹市牟礼1-9-20", "url2": "https://www.kaigokensaku.mhlw.go.jp/13/index.php?action_kouhyou_detail_004_kani=true&JigyosyoCd=1373600327-00&ServiceCd=210&Type=search" }, "geometry": { "type": "Point", "coordinates": [ 139.589737, 35.6839244 ] } },
{ "type": "Feature", "properties": { "内容": "特別養護老人ホーム　ピオーネ三鷹（短期）【短期入所生活介護】東京都三鷹市井口1-17-22", "url2": "https://www.kaigokensaku.mhlw.go.jp/13/index.php?action_kouhyou_detail_004_kani=true&JigyosyoCd=1373602976-00&ServiceCd=210&Type=search" }, "geometry": { "type": "Point", "coordinates": [ 139.547258199999987, 35.6938494 ] } },
{ "type": "Feature", "properties": { "内容": "特別養護老人ホーム三鷹げんき【短期入所生活介護】東京都三鷹市大沢4-10-5", "url2": "https://www.kaigokensaku.mhlw.go.jp/13/index.php?action_kouhyou_detail_004_kani=true&JigyosyoCd=1373602950-00&ServiceCd=210&Type=search" }, "geometry": { "type": "Point", "coordinates": [ 139.538986996295165, 35.667944545662429 ] } },
{ "type": "Feature", "properties": { "内容": "青梅愛弘園【短期入所生活介護】東京都青梅市小曽木４丁目２５９０番地", "url2": "https://www.kaigokensaku.mhlw.go.jp/13/index.php?action_kouhyou_detail_004_kani=true&JigyosyoCd=1372800084-00&ServiceCd=210&Type=search" }, "geometry": { "type": "Point", "coordinates": [ 139.28250879999996, 35.8194951 ] } },
{ "type": "Feature", "properties": { "内容": "青梅療育院【短期入所生活介護】東京都青梅市今井3-12-6", "url2": "https://www.kaigokensaku.mhlw.go.jp/13/index.php?action_kouhyou_detail_004_kani=true&JigyosyoCd=1372800142-00&ServiceCd=210&Type=search" }, "geometry": { "type": "Point", "coordinates": [ 139.3088318, 35.7985955 ] } },
{ "type": "Feature", "properties": { "内容": "特別養護老人ホーム塩船園【短期入所生活介護】東京都青梅市塩船２５７番地１", "url2": "https://www.kaigokensaku.mhlw.go.jp/13/index.php?action_kouhyou_detail_004_kani=true&JigyosyoCd=1372801397-00&ServiceCd=210&Type=search" }, "geometry": { "type": "Point", "coordinates": [ 139.27935130000003, 35.8023997 ] } },
{ "type": "Feature", "properties": { "内容": "長渕園【短期入所生活介護】東京都青梅市長淵5-1421-14", "url2": "https://www.kaigokensaku.mhlw.go.jp/13/index.php?action_kouhyou_detail_004_kani=true&JigyosyoCd=1372800472-00&ServiceCd=210&Type=search" }, "geometry": { "type": "Point", "coordinates": [ 139.325983, 35.7930979 ] } },
{ "type": "Feature", "properties": { "内容": "第2カントリービラ青梅【短期入所生活介護】東京都青梅市長淵1-939-1", "url2": "https://www.kaigokensaku.mhlw.go.jp/13/index.php?action_kouhyou_detail_004_kani=true&JigyosyoCd=1372800274-00&ServiceCd=210&Type=search" }, "geometry": { "type": "Point", "coordinates": [ 139.27943, 35.7749976 ] } },
{ "type": "Feature", "properties": { "内容": "介護老人福祉施設　リバーパレス青梅【短期入所生活介護】東京都青梅市長渕4丁目377", "url2": "https://www.kaigokensaku.mhlw.go.jp/13/index.php?action_kouhyou_detail_004_kani=true&JigyosyoCd=1372800183-00&ServiceCd=210&Type=search" }, "geometry": { "type": "Point", "coordinates": [ 139.271838600000024, 35.7820186 ] } },
{ "type": "Feature", "properties": { "内容": "特別養護老人ホーム　あゆみえん【短期入所生活介護】東京都青梅市新町9丁目2153番地の3", "url2": "https://www.kaigokensaku.mhlw.go.jp/13/index.php?action_kouhyou_detail_004_kani=true&JigyosyoCd=1372800415-00&ServiceCd=210&Type=search" }, "geometry": { "type": "Point", "coordinates": [ 139.271543100000031, 35.8313548 ] } },
{ "type": "Feature", "properties": { "内容": "特別養護老人ホーム　青梅白寿苑【短期入所生活介護】東京都青梅市黒沢１丁目６９３番地１１", "url2": "https://www.kaigokensaku.mhlw.go.jp/13/index.php?action_kouhyou_detail_004_kani=true&JigyosyoCd=1372800126-00&ServiceCd=210&Type=search" }, "geometry": { "type": "Point", "coordinates": [ 139.267816150492877, 35.809886672762296 ] } },
{ "type": "Feature", "properties": { "内容": "特別養護老人ホーム　喜久松苑【短期入所生活介護】東京都青梅市柚木町二丁目４６２番地の１", "url2": "https://www.kaigokensaku.mhlw.go.jp/13/index.php?action_kouhyou_detail_004_kani=true&JigyosyoCd=1372800134-00&ServiceCd=210&Type=search" }, "geometry": { "type": "Point", "coordinates": [ 139.212538600000016, 35.8036239 ] } },
{ "type": "Feature", "properties": { "内容": "青梅園【短期入所生活介護】東京都青梅市長淵6丁目464番地１", "url2": "https://www.kaigokensaku.mhlw.go.jp/13/index.php?action_kouhyou_detail_004_kani=true&JigyosyoCd=1372800159-00&ServiceCd=210&Type=search" }, "geometry": { "type": "Point", "coordinates": [ 139.26632542655031, 35.780962770140249 ] } },
{ "type": "Feature", "properties": { "内容": "特別養護老人ホーム　大洋園【短期入所生活介護】東京都青梅市今井５－２４４０－１４１", "url2": "https://www.kaigokensaku.mhlw.go.jp/13/index.php?action_kouhyou_detail_004_kani=true&JigyosyoCd=1372800373-00&ServiceCd=210&Type=search" }, "geometry": { "type": "Point", "coordinates": [ 139.321744699999954, 35.7936465 ] } },
{ "type": "Feature", "properties": { "内容": "介護老人福祉施設　今井苑【短期入所生活介護】東京都青梅市今井２丁目１１１１－１", "url2": "https://www.kaigokensaku.mhlw.go.jp/13/index.php?action_kouhyou_detail_004_kani=true&JigyosyoCd=1372800217-00&ServiceCd=210&Type=search" }, "geometry": { "type": "Point", "coordinates": [ 139.311795299999972, 35.8045171 ] } },
{ "type": "Feature", "properties": { "内容": "青梅天使園【短期入所生活介護】東京都青梅市今井1丁目2609-1", "url2": "https://www.kaigokensaku.mhlw.go.jp/13/index.php?action_kouhyou_detail_004_kani=true&JigyosyoCd=1372800241-00&ServiceCd=210&Type=search" }, "geometry": { "type": "Point", "coordinates": [ 139.3150843, 35.8156554 ] } },
{ "type": "Feature", "properties": { "内容": "第二喜久松苑【短期入所生活介護】東京都青梅市柚木町2丁目460-1", "url2": "https://www.kaigokensaku.mhlw.go.jp/13/index.php?action_kouhyou_detail_004_kani=true&JigyosyoCd=1372800258-00&ServiceCd=210&Type=search" }, "geometry": { "type": "Point", "coordinates": [ 139.211855600000035, 35.8034905 ] } },
{ "type": "Feature", "properties": { "内容": "成蹊園【短期入所生活介護】東京都青梅市今井1丁目521番地の1", "url2": "https://www.kaigokensaku.mhlw.go.jp/13/index.php?action_kouhyou_detail_004_kani=true&JigyosyoCd=1372800282-00&ServiceCd=210&Type=search" }, "geometry": { "type": "Point", "coordinates": [ 139.315253100000064, 35.8122079 ] } },
{ "type": "Feature", "properties": { "内容": "特別養護老人ホーム　やすらぎの家【短期入所生活介護】東京都青梅市吹上88番", "url2": "https://www.kaigokensaku.mhlw.go.jp/13/index.php?action_kouhyou_detail_004_kani=true&JigyosyoCd=1372800399-00&ServiceCd=210&Type=search" }, "geometry": { "type": "Point", "coordinates": [ 139.280065199999967, 35.800275 ] } },
{ "type": "Feature", "properties": { "内容": "特別養護老人ホーム第二青梅園【短期入所生活介護】東京都青梅市黒沢三丁目１９６６－１", "url2": "https://www.kaigokensaku.mhlw.go.jp/13/index.php?action_kouhyou_detail_004_kani=true&JigyosyoCd=1372800712-00&ServiceCd=210&Type=search" }, "geometry": { "type": "Point", "coordinates": [ 139.250487, 35.794875 ] } },
{ "type": "Feature", "properties": { "内容": "九十九園【短期入所生活介護】東京都青梅市成木１丁目６３４番地７", "url2": "https://www.kaigokensaku.mhlw.go.jp/13/index.php?action_kouhyou_detail_004_kani=true&JigyosyoCd=1372801421-00&ServiceCd=210&Type=search" }, "geometry": { "type": "Point", "coordinates": [ 139.2772728, 35.8382901 ] } },
{ "type": "Feature", "properties": { "内容": "特別養護老人ホーム御岳園【短期入所生活介護】東京都青梅市御岳本町163番地1", "url2": "https://www.kaigokensaku.mhlw.go.jp/13/index.php?action_kouhyou_detail_004_kani=true&JigyosyoCd=1372801413-00&ServiceCd=210&Type=search" }, "geometry": { "type": "Point", "coordinates": [ 139.1774221, 35.8004985 ] } },
{ "type": "Feature", "properties": { "内容": "特別養護老人ホーム　大洋園【短期入所生活介護】東京都青梅市今井5-2440-141", "url2": "https://www.kaigokensaku.mhlw.go.jp/13/index.php?action_kouhyou_detail_004_kani=true&JigyosyoCd=1372801926-00&ServiceCd=210&Type=search" }, "geometry": { "type": "Point", "coordinates": [ 139.321744699999954, 35.7936465 ] } },
{ "type": "Feature", "properties": { "内容": "博仁会ショートステイあおぞら【短期入所生活介護】東京都青梅市富岡1-318", "url2": "https://www.kaigokensaku.mhlw.go.jp/13/index.php?action_kouhyou_detail_004_kani=true&JigyosyoCd=1372800340-00&ServiceCd=210&Type=search" }, "geometry": { "type": "Point", "coordinates": [ 139.292885844180319, 35.832946073067625 ] } },
{ "type": "Feature", "properties": { "内容": "聖明園富士見荘【短期入所生活介護】東京都青梅市根ケ布２丁目７２２番地２", "url2": "https://www.kaigokensaku.mhlw.go.jp/13/index.php?action_kouhyou_detail_004_kani=true&JigyosyoCd=1372800118-00&ServiceCd=210&Type=search" }, "geometry": { "type": "Point", "coordinates": [ 139.266594439660906, 35.806279071476204 ] } },
{ "type": "Feature", "properties": { "内容": "安立園特別養護老人ホーム【短期入所生活介護】東京都府中市晴見町1-13-5", "url2": "https://www.kaigokensaku.mhlw.go.jp/13/index.php?action_kouhyou_detail_004_kani=true&JigyosyoCd=1373800562-00&ServiceCd=210&Type=search" }, "geometry": { "type": "Point", "coordinates": [ 139.47921359999998, 35.6802694 ] } },
{ "type": "Feature", "properties": { "内容": "信愛緑苑【短期入所生活介護】東京都府中市緑町1-39-3", "url2": "https://www.kaigokensaku.mhlw.go.jp/13/index.php?action_kouhyou_detail_004_kani=true&JigyosyoCd=1373802550-00&ServiceCd=210&Type=search" }, "geometry": { "type": "Point", "coordinates": [ 139.487754799999948, 35.6752369 ] } },
{ "type": "Feature", "properties": { "内容": "府中市立よつや苑高齢者在宅サービスセンター【短期入所生活介護】東京都府中市四谷3-66", "url2": "https://www.kaigokensaku.mhlw.go.jp/13/index.php?action_kouhyou_detail_004_kani=true&JigyosyoCd=1373803061-00&ServiceCd=210&Type=search" }, "geometry": { "type": "Point", "coordinates": [ 139.446156, 35.6601236 ] } },
{ "type": "Feature", "properties": { "内容": "信愛泉苑【短期入所生活介護】東京都府中市武蔵台1-10-4", "url2": "https://www.kaigokensaku.mhlw.go.jp/13/index.php?action_kouhyou_detail_004_kani=true&JigyosyoCd=1373800133-00&ServiceCd=210&Type=search" }, "geometry": { "type": "Point", "coordinates": [ 139.464495909787047, 35.68758989424613 ] } },
{ "type": "Feature", "properties": { "内容": "たちばなの園白糸台【短期入所生活介護】東京都府中市白糸台六丁目2番17", "url2": "https://www.kaigokensaku.mhlw.go.jp/13/index.php?action_kouhyou_detail_004_kani=true&JigyosyoCd=1373800489-00&ServiceCd=210&Type=search" }, "geometry": { "type": "Point", "coordinates": [ 139.5195405, 35.6649527 ] } },
{ "type": "Feature", "properties": { "内容": "鳳仙寮【短期入所生活介護】東京都府中市西府町2-24-6", "url2": "https://www.kaigokensaku.mhlw.go.jp/13/index.php?action_kouhyou_detail_004_kani=true&JigyosyoCd=1373800836-00&ServiceCd=210&Type=search" }, "geometry": { "type": "Point", "coordinates": [ 139.453985399999965, 35.6750803 ] } },
{ "type": "Feature", "properties": { "内容": "特別養護老人ホーム・介護老人福祉施設「わたしの家　府中」【短期入所生活介護】東京都府中市南町6-60-3", "url2": "https://www.kaigokensaku.mhlw.go.jp/13/index.php?action_kouhyou_detail_004_kani=true&JigyosyoCd=1373803004-00&ServiceCd=210&Type=search" }, "geometry": { "type": "Point", "coordinates": [ 139.46982804152529, 35.655477628848153 ] } },
{ "type": "Feature", "properties": { "内容": "府中市立あさひ苑高齢者在宅サービスセンター【短期入所生活介護】東京都府中市朝日町3-17-1", "url2": "https://www.kaigokensaku.mhlw.go.jp/13/index.php?action_kouhyou_detail_004_kani=true&JigyosyoCd=1373803095-00&ServiceCd=210&Type=search" }, "geometry": { "type": "Point", "coordinates": [ 139.522504799999979, 35.66795 ] } },
{ "type": "Feature", "properties": { "内容": "特別養護老人ホーム府中若松苑【短期入所生活介護】東京都府中市若松町4-51-5", "url2": "https://www.kaigokensaku.mhlw.go.jp/13/index.php?action_kouhyou_detail_004_kani=true&JigyosyoCd=1373803913-00&ServiceCd=210&Type=search" }, "geometry": { "type": "Point", "coordinates": [ 139.499750325794992, 35.677620971340382 ] } },
{ "type": "Feature", "properties": { "内容": "特別養護老人ホーム　明日に架ける橋【短期入所生活介護】東京都府中市若松町4-4-5", "url2": "https://www.kaigokensaku.mhlw.go.jp/13/index.php?action_kouhyou_detail_004_kani=true&JigyosyoCd=1373804127-00&ServiceCd=210&Type=search" }, "geometry": { "type": "Point", "coordinates": [ 139.5019141, 35.6764669 ] } },
{ "type": "Feature", "properties": { "内容": "愛全園【短期入所生活介護】東京都昭島市田中町２－２５－３", "url2": "https://www.kaigokensaku.mhlw.go.jp/13/index.php?action_kouhyou_detail_004_kani=true&JigyosyoCd=1374000204-00&ServiceCd=210&Type=search" }, "geometry": { "type": "Point", "coordinates": [ 139.351034600000048, 35.7045136 ] } },
{ "type": "Feature", "properties": { "内容": "特別養護老人ホーム　フジホーム【短期入所生活介護】東京都昭島市中神町1260", "url2": "https://www.kaigokensaku.mhlw.go.jp/13/index.php?action_kouhyou_detail_004_kani=true&JigyosyoCd=1374000154-00&ServiceCd=210&Type=search" }, "geometry": { "type": "Point", "coordinates": [ 139.381834499999968, 35.7089529 ] } },
{ "type": "Feature", "properties": { "内容": "特別養護老人ホーム　ニューフジホーム【短期入所生活介護】東京都昭島市中神町１２６０番地", "url2": "https://www.kaigokensaku.mhlw.go.jp/13/index.php?action_kouhyou_detail_004_kani=true&JigyosyoCd=1374000162-00&ServiceCd=210&Type=search" }, "geometry": { "type": "Point", "coordinates": [ 139.381834499999968, 35.7089529 ] } },
{ "type": "Feature", "properties": { "内容": "ショートステイ　ハピネス昭和の森【短期入所生活介護】東京都昭島市代官山一丁目２番１号", "url2": "https://www.kaigokensaku.mhlw.go.jp/13/index.php?action_kouhyou_detail_004_kani=true&JigyosyoCd=1374001509-00&ServiceCd=210&Type=search" }, "geometry": { "type": "Point", "coordinates": [ 139.366043630763187, 35.720468882285118 ] } },
{ "type": "Feature", "properties": { "内容": "特別養護老人ホームもくせいの苑【短期入所生活介護】東京都昭島市松原町2-9-2", "url2": "https://www.kaigokensaku.mhlw.go.jp/13/index.php?action_kouhyou_detail_004_kani=true&JigyosyoCd=1374000220-00&ServiceCd=210&Type=search" }, "geometry": { "type": "Point", "coordinates": [ 139.351198100000033, 35.7154817 ] } },
{ "type": "Feature", "properties": { "内容": "昭島ケアセンターそよ風【短期入所生活介護】東京都昭島市宮沢町2-23-17", "url2": "https://www.kaigokensaku.mhlw.go.jp/13/index.php?action_kouhyou_detail_004_kani=true&JigyosyoCd=1374001251-00&ServiceCd=210&Type=search" }, "geometry": { "type": "Point", "coordinates": [ 139.3615893, 35.7024586 ] } },
{ "type": "Feature", "properties": { "内容": "調布市ちょうふの里高齢者在宅サービスセンター【短期入所生活介護】東京都調布市西町290番地5", "url2": "https://www.kaigokensaku.mhlw.go.jp/13/index.php?action_kouhyou_detail_004_kani=true&JigyosyoCd=1374200333-00&ServiceCd=210&Type=search" }, "geometry": { "type": "Point", "coordinates": [ 139.52306580000004, 35.6676473 ] } },
{ "type": "Feature", "properties": { "内容": "短期入所生活介護　ときわぎ国領【短期入所生活介護】東京都調布市国領町8-2-65", "url2": "https://www.kaigokensaku.mhlw.go.jp/13/index.php?action_kouhyou_detail_004_kani=true&JigyosyoCd=1374201604-00&ServiceCd=210&Type=search" }, "geometry": { "type": "Point", "coordinates": [ 139.564733299999943, 35.6462625 ] } },
{ "type": "Feature", "properties": { "内容": "短期入所生活介護カノン調布【短期入所生活介護】東京都調布市飛田給1-35-14", "url2": "https://www.kaigokensaku.mhlw.go.jp/13/index.php?action_kouhyou_detail_004_kani=true&JigyosyoCd=1374202966-00&ServiceCd=210&Type=search" }, "geometry": { "type": "Point", "coordinates": [ 139.5250939, 35.6623455 ] } },
{ "type": "Feature", "properties": { "内容": "ショートステイ　かしわ園【短期入所生活介護】東京都調布市国領町8-4-6", "url2": "https://www.kaigokensaku.mhlw.go.jp/13/index.php?action_kouhyou_detail_004_kani=true&JigyosyoCd=1374202420-00&ServiceCd=210&Type=search" }, "geometry": { "type": "Point", "coordinates": [ 139.564710800000057, 35.6492954 ] } },
{ "type": "Feature", "properties": { "内容": "神代の杜【短期入所生活介護】東京都調布市深大寺北町３－３１－１", "url2": "https://www.kaigokensaku.mhlw.go.jp/13/index.php?action_kouhyou_detail_004_kani=true&JigyosyoCd=1374202628-00&ServiceCd=210&Type=search" }, "geometry": { "type": "Point", "coordinates": [ 139.551026800000045, 35.6763775 ] } },
{ "type": "Feature", "properties": { "内容": "特別養護老人ホーム清風園【短期入所生活介護】東京都町田市金井7-17-13", "url2": "https://www.kaigokensaku.mhlw.go.jp/13/index.php?action_kouhyou_detail_004_kani=true&JigyosyoCd=1373200219-00&ServiceCd=210&Type=search" }, "geometry": { "type": "Point", "coordinates": [ 139.461443700000018, 35.5742151 ] } },
{ "type": "Feature", "properties": { "内容": "短期入所芙蓉園【短期入所生活介護】東京都町田市南町田5-16-1", "url2": "https://www.kaigokensaku.mhlw.go.jp/13/index.php?action_kouhyou_detail_004_kani=true&JigyosyoCd=1373201357-00&ServiceCd=210&Type=search" }, "geometry": { "type": "Point", "coordinates": [ 139.471312099999977, 35.5147267 ] } },
{ "type": "Feature", "properties": { "内容": "短期入所生活介護事業所みぎわホーム【短期入所生活介護】東京都町田市南町田4-10-38", "url2": "https://www.kaigokensaku.mhlw.go.jp/13/index.php?action_kouhyou_detail_004_kani=true&JigyosyoCd=1373200243-00&ServiceCd=210&Type=search" }, "geometry": { "type": "Point", "coordinates": [ 139.464431699999977, 35.5157288 ] } },
{ "type": "Feature", "properties": { "内容": "特別養護老人ホーム　福音の家【短期入所生活介護】東京都町田市野津田町1932番地", "url2": "https://www.kaigokensaku.mhlw.go.jp/13/index.php?action_kouhyou_detail_004_kani=true&JigyosyoCd=1373205960-00&ServiceCd=210&Type=search" }, "geometry": { "type": "Point", "coordinates": [ 139.435181599999964, 35.5871403 ] } },
{ "type": "Feature", "properties": { "内容": "合掌苑　桂寮【短期入所生活介護】東京都町田市金森東3-18-16", "url2": "https://www.kaigokensaku.mhlw.go.jp/13/index.php?action_kouhyou_detail_004_kani=true&JigyosyoCd=1373200284-00&ServiceCd=210&Type=search" }, "geometry": { "type": "Point", "coordinates": [ 139.465803400000027, 35.5315702 ] } },
{ "type": "Feature", "properties": { "内容": "いづみの里【短期入所生活介護】東京都町田市原町田５－１－１２", "url2": "https://www.kaigokensaku.mhlw.go.jp/13/index.php?action_kouhyou_detail_004_kani=true&JigyosyoCd=1373200193-00&ServiceCd=210&Type=search" }, "geometry": { "type": "Point", "coordinates": [ 139.448489900000027, 35.546745 ] } },
{ "type": "Feature", "properties": { "内容": "短期入所生活介護　芙蓉園（空床利用型）【短期入所生活介護】東京都町田市南町田5丁目16番1号", "url2": "https://www.kaigokensaku.mhlw.go.jp/13/index.php?action_kouhyou_detail_004_kani=true&JigyosyoCd=1373201365-00&ServiceCd=210&Type=search" }, "geometry": { "type": "Point", "coordinates": [ 139.468434200000047, 35.5199199 ] } },
{ "type": "Feature", "properties": { "内容": "短期入所施設　悠々園【短期入所生活介護】東京都町田市能ヶ谷4-30-1", "url2": "https://www.kaigokensaku.mhlw.go.jp/13/index.php?action_kouhyou_detail_004_kani=true&JigyosyoCd=1373201605-00&ServiceCd=210&Type=search" }, "geometry": { "type": "Point", "coordinates": [ 139.48716730000001, 35.5863495 ] } },
{ "type": "Feature", "properties": { "内容": "特別養護老人ホーム　コモンズ【短期入所生活介護】東京都町田市森野４－８－３９", "url2": "https://www.kaigokensaku.mhlw.go.jp/13/index.php?action_kouhyou_detail_004_kani=true&JigyosyoCd=1373202462-00&ServiceCd=210&Type=search" }, "geometry": { "type": "Point", "coordinates": [ 139.4331161, 35.5540718 ] } },
{ "type": "Feature", "properties": { "内容": "特別養護老人ホーム　町田誠心園【短期入所生活介護】東京都町田市下小山田町3352番地8", "url2": "https://www.kaigokensaku.mhlw.go.jp/13/index.php?action_kouhyou_detail_004_kani=true&JigyosyoCd=1373203635-00&ServiceCd=210&Type=search" }, "geometry": { "type": "Point", "coordinates": [ 139.408497799999964, 35.5901476 ] } },
{ "type": "Feature", "properties": { "内容": "椿ショートステイ【短期入所生活介護】東京都町田市相原町2311-1", "url2": "https://www.kaigokensaku.mhlw.go.jp/13/index.php?action_kouhyou_detail_004_kani=true&JigyosyoCd=1373204500-00&ServiceCd=210&Type=search" }, "geometry": { "type": "Point", "coordinates": [ 139.312780500000031, 35.610956 ] } },
{ "type": "Feature", "properties": { "内容": "椿ショートステイ【短期入所生活介護】東京都町田市相原町2311-1", "url2": "https://www.kaigokensaku.mhlw.go.jp/13/index.php?action_kouhyou_detail_004_kani=true&JigyosyoCd=1373204518-00&ServiceCd=210&Type=search" }, "geometry": { "type": "Point", "coordinates": [ 139.312780500000031, 35.610956 ] } },
{ "type": "Feature", "properties": { "内容": "特別養護老人ホーム　かりん・町田【短期入所生活介護】東京都町田市忠生１－２－７特別養護老人ホーム　かりん・町田", "url2": "https://www.kaigokensaku.mhlw.go.jp/13/index.php?action_kouhyou_detail_004_kani=true&JigyosyoCd=1373205374-00&ServiceCd=210&Type=search" }, "geometry": { "type": "Point", "coordinates": [ 139.42120141904914, 35.572777234249237 ] } },
{ "type": "Feature", "properties": { "内容": "みぎわホーム【短期入所生活介護】東京都町田市南町田4-10-38", "url2": "https://www.kaigokensaku.mhlw.go.jp/13/index.php?action_kouhyou_detail_004_kani=true&JigyosyoCd=1373205663-00&ServiceCd=210&Type=search" }, "geometry": { "type": "Point", "coordinates": [ 139.4645011, 35.5155483 ] } },
{ "type": "Feature", "properties": { "内容": "特別養護老人ホーム　友愛荘（従来型多床室・空床利用型）【短期入所生活介護】東京都町田市南大谷3丁目41番地1", "url2": "https://www.kaigokensaku.mhlw.go.jp/13/index.php?action_kouhyou_detail_004_kani=true&JigyosyoCd=1373200235-00&ServiceCd=210&Type=search" }, "geometry": { "type": "Point", "coordinates": [ 139.45220230000001, 35.5557857 ] } },
{ "type": "Feature", "properties": { "内容": "特別養護老人ホーム　サルビア莊【短期入所生活介護】東京都町田市図師町2987-１", "url2": "https://www.kaigokensaku.mhlw.go.jp/13/index.php?action_kouhyou_detail_004_kani=true&JigyosyoCd=1373200276-00&ServiceCd=210&Type=search" }, "geometry": { "type": "Point", "coordinates": [ 139.435047, 35.5896378 ] } },
{ "type": "Feature", "properties": { "内容": "美郷【短期入所生活介護】東京都町田市小山ヶ丘一丁目2番地9", "url2": "https://www.kaigokensaku.mhlw.go.jp/13/index.php?action_kouhyou_detail_004_kani=true&JigyosyoCd=1373200854-00&ServiceCd=210&Type=search" }, "geometry": { "type": "Point", "coordinates": [ 139.385744100000011, 35.5962408 ] } },
{ "type": "Feature", "properties": { "内容": "高齢者ショートステイサービスぬくもりの園【短期入所生活介護】東京都町田市下小山田町2729-1", "url2": "https://www.kaigokensaku.mhlw.go.jp/13/index.php?action_kouhyou_detail_004_kani=true&JigyosyoCd=1373202744-00&ServiceCd=210&Type=search" }, "geometry": { "type": "Point", "coordinates": [ 139.4076255, 35.5936749 ] } },
{ "type": "Feature", "properties": { "内容": "花美郷【短期入所生活介護】東京都町田市小山ヶ丘１丁目１２番地５", "url2": "https://www.kaigokensaku.mhlw.go.jp/13/index.php?action_kouhyou_detail_004_kani=true&JigyosyoCd=1373203072-00&ServiceCd=210&Type=search" }, "geometry": { "type": "Point", "coordinates": [ 139.386735700000031, 35.5969879 ] } },
{ "type": "Feature", "properties": { "内容": "ショートステイ　レガメ町田【短期入所生活介護】東京都町田市南大谷1-41-1", "url2": "https://www.kaigokensaku.mhlw.go.jp/13/index.php?action_kouhyou_detail_004_kani=true&JigyosyoCd=1373206075-00&ServiceCd=210&Type=search" }, "geometry": { "type": "Point", "coordinates": [ 139.4536103, 35.555480199999984 ] } },
{ "type": "Feature", "properties": { "内容": "特別養護老人ホーム友愛荘（ユニット型個室）【短期入所生活介護】東京都町田市南大谷3丁目41番地1", "url2": "https://www.kaigokensaku.mhlw.go.jp/13/index.php?action_kouhyou_detail_004_kani=true&JigyosyoCd=1373207016-00&ServiceCd=210&Type=search" }, "geometry": { "type": "Point", "coordinates": [ 139.4524889, 35.5557166 ] } },
{ "type": "Feature", "properties": { "内容": "介護老人福祉施設　ヴィラ町田【短期入所生活介護】東京都町田市相原町4391-7介護老人福祉施設ヴィラ町田", "url2": "https://www.kaigokensaku.mhlw.go.jp/13/index.php?action_kouhyou_detail_004_kani=true&JigyosyoCd=1373203858-00&ServiceCd=210&Type=search" }, "geometry": { "type": "Point", "coordinates": [ 139.294021, 35.6122975 ] } },
{ "type": "Feature", "properties": { "内容": "ふよう病院短期入所生活介護事業所【短期入所生活介護】東京都町田市南町田3-43-1", "url2": "https://www.kaigokensaku.mhlw.go.jp/13/index.php?action_kouhyou_detail_004_kani=true&JigyosyoCd=1373201324-00&ServiceCd=210&Type=search" }, "geometry": { "type": "Point", "coordinates": [ 139.471900900000037, 35.5159654 ] } },
{ "type": "Feature", "properties": { "内容": "高ケ坂ひかり苑　ショートステイ【短期入所生活介護】東京都町田市高ヶ坂５－２６－１９", "url2": "https://www.kaigokensaku.mhlw.go.jp/13/index.php?action_kouhyou_detail_004_kani=true&JigyosyoCd=1373204013-00&ServiceCd=210&Type=search" }, "geometry": { "type": "Point", "coordinates": [ 139.462061299999959, 35.5458374 ] } },
{ "type": "Feature", "properties": { "内容": "短期入所生活介護まちだ正吉苑【短期入所生活介護】東京都町田市成瀬八丁目10番1号", "url2": "https://www.kaigokensaku.mhlw.go.jp/13/index.php?action_kouhyou_detail_004_kani=true&JigyosyoCd=1373204195-00&ServiceCd=210&Type=search" }, "geometry": { "type": "Point", "coordinates": [ 139.470220246696499, 35.543026056119672 ] } },
{ "type": "Feature", "properties": { "内容": "短期入所施設　グランハート悠々園【短期入所生活介護】東京都町田市山崎町2055-1", "url2": "https://www.kaigokensaku.mhlw.go.jp/13/index.php?action_kouhyou_detail_004_kani=true&JigyosyoCd=1373206463-00&ServiceCd=210&Type=search" }, "geometry": { "type": "Point", "coordinates": [ 139.43173790000003, 35.5713366 ] } },
{ "type": "Feature", "properties": { "内容": "第二清風園【短期入所生活介護】東京都町田市薬師台3丁目270番1", "url2": "https://www.kaigokensaku.mhlw.go.jp/13/index.php?action_kouhyou_detail_004_kani=true&JigyosyoCd=1373200730-00&ServiceCd=210&Type=search" }, "geometry": { "type": "Point", "coordinates": [ 139.457002099999954, 35.5821945 ] } },
{ "type": "Feature", "properties": { "内容": "ケアライフ金井【短期入所生活介護】東京都町田市金井5-20-16", "url2": "https://www.kaigokensaku.mhlw.go.jp/13/index.php?action_kouhyou_detail_004_kani=true&JigyosyoCd=1373201753-00&ServiceCd=210&Type=search" }, "geometry": { "type": "Point", "coordinates": [ 139.4636358, 35.5806756 ] } },
{ "type": "Feature", "properties": { "内容": "町田成瀬ケアセンターそよ風【短期入所生活介護】東京都町田市成瀬2丁目１０－１", "url2": "https://www.kaigokensaku.mhlw.go.jp/13/index.php?action_kouhyou_detail_004_kani=true&JigyosyoCd=1373207545-00&ServiceCd=210&Type=search" }, "geometry": { "type": "Point", "coordinates": [ 139.476372866270481, 35.548549872919786 ] } },
{ "type": "Feature", "properties": { "内容": "桜町聖ヨハネホーム【短期入所生活介護】東京都小金井市桜町１－２－２４", "url2": "https://www.kaigokensaku.mhlw.go.jp/13/index.php?action_kouhyou_detail_004_kani=true&JigyosyoCd=1374100079-00&ServiceCd=210&Type=search" }, "geometry": { "type": "Point", "coordinates": [ 139.512070799999947, 35.7102779 ] } },
{ "type": "Feature", "properties": { "内容": "特別養護老人ホームつきみの園【短期入所生活介護】東京都小金井市中町２－１５－２５", "url2": "https://www.kaigokensaku.mhlw.go.jp/13/index.php?action_kouhyou_detail_004_kani=true&JigyosyoCd=1374100236-00&ServiceCd=210&Type=search" }, "geometry": { "type": "Point", "coordinates": [ 139.516904299999965, 35.6972185 ] } },
{ "type": "Feature", "properties": { "内容": "本町けやきの杜（ショートステイ）【短期入所生活介護】東京都小金井市本町4-7-1特別養護老人ホーム　本町けやきの杜", "url2": "https://www.kaigokensaku.mhlw.go.jp/13/index.php?action_kouhyou_detail_004_kani=true&JigyosyoCd=1374102034-00&ServiceCd=210&Type=search" }, "geometry": { "type": "Point", "coordinates": [ 139.501023800000041, 35.708397600000026 ] } },
{ "type": "Feature", "properties": { "内容": "ぬく井の杜（ショートステイ）【短期入所生活介護】東京都小金井市貫井北町3-4-8", "url2": "https://www.kaigokensaku.mhlw.go.jp/13/index.php?action_kouhyou_detail_004_kani=true&JigyosyoCd=1374101747-00&ServiceCd=210&Type=search" }, "geometry": { "type": "Point", "coordinates": [ 139.4975028, 35.7074055 ] } },
{ "type": "Feature", "properties": { "内容": "やすらぎの園【短期入所生活介護】東京都小平市小川町１丁目４８５番地", "url2": "https://www.kaigokensaku.mhlw.go.jp/13/index.php?action_kouhyou_detail_004_kani=true&JigyosyoCd=1374300174-00&ServiceCd=210&Type=search" }, "geometry": { "type": "Point", "coordinates": [ 139.440238989549243, 35.728122121790726 ] } },
{ "type": "Feature", "properties": { "内容": "小川ホーム【短期入所生活介護】東京都小平市小川西町2丁目35番2号", "url2": "https://www.kaigokensaku.mhlw.go.jp/13/index.php?action_kouhyou_detail_004_kani=true&JigyosyoCd=1374300190-00&ServiceCd=210&Type=search" }, "geometry": { "type": "Point", "coordinates": [ 139.4609266, 35.7368926 ] } },
{ "type": "Feature", "properties": { "内容": "多摩済生園【短期入所生活介護】東京都小平市美園町３－１２－１", "url2": "https://www.kaigokensaku.mhlw.go.jp/13/index.php?action_kouhyou_detail_004_kani=true&JigyosyoCd=1374300166-00&ServiceCd=210&Type=search" }, "geometry": { "type": "Point", "coordinates": [ 139.490212700000029, 35.7401404 ] } },
{ "type": "Feature", "properties": { "内容": "小平健成苑【短期入所生活介護】東京都小平市鈴木町2-230-3", "url2": "https://www.kaigokensaku.mhlw.go.jp/13/index.php?action_kouhyou_detail_004_kani=true&JigyosyoCd=1374300208-00&ServiceCd=210&Type=search" }, "geometry": { "type": "Point", "coordinates": [ 139.504609499999987, 35.724662 ] } },
{ "type": "Feature", "properties": { "内容": "短期入所施設　さくら野杜【短期入所生活介護】東京都小平市花小金井3-25-21", "url2": "https://www.kaigokensaku.mhlw.go.jp/13/index.php?action_kouhyou_detail_004_kani=true&JigyosyoCd=1374301362-00&ServiceCd=210&Type=search" }, "geometry": { "type": "Point", "coordinates": [ 139.514702199999988, 35.7404938 ] } },
{ "type": "Feature", "properties": { "内容": "エスケアステーション小平　ショートステイ【短期入所生活介護】東京都小平市仲町323番４", "url2": "https://www.kaigokensaku.mhlw.go.jp/13/index.php?action_kouhyou_detail_004_kani=true&JigyosyoCd=1374302303-00&ServiceCd=210&Type=search" }, "geometry": { "type": "Point", "coordinates": [ 139.491232599999989, 35.7290666 ] } },
{ "type": "Feature", "properties": { "内容": "ショートステイ　晴風苑【短期入所生活介護】東京都小平市小川町一丁目497番地9特別養護老人ホーム晴風苑", "url2": "https://www.kaigokensaku.mhlw.go.jp/13/index.php?action_kouhyou_detail_004_kani=true&JigyosyoCd=1374303525-00&ServiceCd=210&Type=search" }, "geometry": { "type": "Point", "coordinates": [ 139.43919456627043, 35.727194798565158 ] } },
{ "type": "Feature", "properties": { "内容": "特別養護老人ホーム小平グリーンてらす【短期入所生活介護】東京都小平市鈴木町一丁目99番6特別養護老人ホーム小平グリーンてらす", "url2": "https://www.kaigokensaku.mhlw.go.jp/13/index.php?action_kouhyou_detail_004_kani=true&JigyosyoCd=1374303392-00&ServiceCd=210&Type=search" }, "geometry": { "type": "Point", "coordinates": [ 139.493969287829259, 35.72376620723319 ] } },
{ "type": "Feature", "properties": { "内容": "特別養護老人ホームグランてらす小平団地【短期入所生活介護】東京都小平市喜平町3-1-41", "url2": "https://www.kaigokensaku.mhlw.go.jp/13/index.php?action_kouhyou_detail_004_kani=true&JigyosyoCd=1374303822-00&ServiceCd=210&Type=search" }, "geometry": { "type": "Point", "coordinates": [ 139.489511599999986, 35.7215276 ] } },
{ "type": "Feature", "properties": { "内容": "特別養護老人ホーム　まりも園【短期入所生活介護】東京都小平市上水南町4-7-45", "url2": "https://www.kaigokensaku.mhlw.go.jp/13/index.php?action_kouhyou_detail_004_kani=true&JigyosyoCd=1374300463-00&ServiceCd=210&Type=search" }, "geometry": { "type": "Point", "coordinates": [ 139.490974700000038, 35.7086927 ] } },
{ "type": "Feature", "properties": { "内容": "健成苑はなこがねい【短期入所生活介護】東京都小平市花小金井6丁目20-1健成苑はなこがねい", "url2": "https://www.kaigokensaku.mhlw.go.jp/13/index.php?action_kouhyou_detail_004_kani=true&JigyosyoCd=1374302097-00&ServiceCd=210&Type=search" }, "geometry": { "type": "Point", "coordinates": [ 139.5104308, 35.7302754 ] } },
{ "type": "Feature", "properties": { "内容": "マザアス日野【短期入所生活介護】東京都日野市万願寺一丁目16-1", "url2": "https://www.kaigokensaku.mhlw.go.jp/13/index.php?action_kouhyou_detail_004_kani=true&JigyosyoCd=1373500139-00&ServiceCd=210&Type=search" }, "geometry": { "type": "Point", "coordinates": [ 139.420151499999946, 35.6757989 ] } },
{ "type": "Feature", "properties": { "内容": "特別養護老人ホーム　豊かな里【短期入所生活介護】東京都日野市豊田1丁目22番地の2", "url2": "https://www.kaigokensaku.mhlw.go.jp/13/index.php?action_kouhyou_detail_004_kani=true&JigyosyoCd=1373500394-00&ServiceCd=210&Type=search" }, "geometry": { "type": "Point", "coordinates": [ 139.388402499999984, 35.6581721 ] } },
{ "type": "Feature", "properties": { "内容": "社会福祉法人　寿優和会　短期入所生活介護事業　あすなろ【短期入所生活介護】東京都日野市百草1042番17特別養護老人ホーム　あすなろ", "url2": "https://www.kaigokensaku.mhlw.go.jp/13/index.php?action_kouhyou_detail_004_kani=true&JigyosyoCd=1373501467-00&ServiceCd=210&Type=search" }, "geometry": { "type": "Point", "coordinates": [ 139.425005400000032, 35.6473606 ] } },
{ "type": "Feature", "properties": { "内容": "特別養護老人ホーム浅川苑【短期入所生活介護】東京都日野市高幡864-4", "url2": "https://www.kaigokensaku.mhlw.go.jp/13/index.php?action_kouhyou_detail_004_kani=true&JigyosyoCd=1373501673-00&ServiceCd=210&Type=search" }, "geometry": { "type": "Point", "coordinates": [ 139.4123195, 35.6646502 ] } },
{ "type": "Feature", "properties": { "内容": "日野ケアセンターそよ風【短期入所生活介護】東京都日野市南平4-37-3", "url2": "https://www.kaigokensaku.mhlw.go.jp/13/index.php?action_kouhyou_detail_004_kani=true&JigyosyoCd=1373502358-00&ServiceCd=210&Type=search" }, "geometry": { "type": "Point", "coordinates": [ 139.3979766, 35.6585501 ] } },
{ "type": "Feature", "properties": { "内容": "ショートステイかわせみ【短期入所生活介護】東京都日野市川辺堀之内190－3", "url2": "https://www.kaigokensaku.mhlw.go.jp/13/index.php?action_kouhyou_detail_004_kani=true&JigyosyoCd=1373502390-00&ServiceCd=210&Type=search" }, "geometry": { "type": "Point", "coordinates": [ 139.398773300000016, 35.664966 ] } },
{ "type": "Feature", "properties": { "内容": "ラペ日野短期入所生活介護【短期入所生活介護】東京都日野市程久保２－２７－１", "url2": "https://www.kaigokensaku.mhlw.go.jp/13/index.php?action_kouhyou_detail_004_kani=true&JigyosyoCd=1373502697-00&ServiceCd=210&Type=search" }, "geometry": { "type": "Point", "coordinates": [ 139.409895399999982, 35.650893 ] } },
{ "type": "Feature", "properties": { "内容": "特別養護老人ホーム花子【短期入所生活介護】東京都日野市多摩平3丁目1番11", "url2": "https://www.kaigokensaku.mhlw.go.jp/13/index.php?action_kouhyou_detail_004_kani=true&JigyosyoCd=1373502853-00&ServiceCd=210&Type=search" }, "geometry": { "type": "Point", "coordinates": [ 139.3775713, 35.6646982 ] } },
{ "type": "Feature", "properties": { "内容": "ショートステイ　シンフォニア【短期入所生活介護】東京都日野市東平山3-1-19特別養護老人ホーム　シンフォニア", "url2": "https://www.kaigokensaku.mhlw.go.jp/13/index.php?action_kouhyou_detail_004_kani=true&JigyosyoCd=1373502218-00&ServiceCd=210&Type=search" }, "geometry": { "type": "Point", "coordinates": [ 139.377796183992018, 35.655496785708806 ] } },
{ "type": "Feature", "properties": { "内容": "第二万寿園【短期入所生活介護】東京都東村山市富士見町二丁目1番地２", "url2": "https://www.kaigokensaku.mhlw.go.jp/13/index.php?action_kouhyou_detail_004_kani=true&JigyosyoCd=1372700078-00&ServiceCd=210&Type=search" }, "geometry": { "type": "Point", "coordinates": [ 139.45401860000004, 35.7445945 ] } },
{ "type": "Feature", "properties": { "内容": "特別養護老人ホーム　ひかり苑【短期入所生活介護】東京都東村山市富士見町２－７－４０", "url2": "https://www.kaigokensaku.mhlw.go.jp/13/index.php?action_kouhyou_detail_004_kani=true&JigyosyoCd=1372700102-00&ServiceCd=210&Type=search" }, "geometry": { "type": "Point", "coordinates": [ 139.454432600000018, 35.739656 ] } },
{ "type": "Feature", "properties": { "内容": "はるびの郷【短期入所生活介護】東京都　東村山市　秋津町　１－３２－１８", "url2": "https://www.kaigokensaku.mhlw.go.jp/13/index.php?action_kouhyou_detail_004_kani=true&JigyosyoCd=1372700763-00&ServiceCd=210&Type=search" }, "geometry": { "type": "Point", "coordinates": [ 139.497280499999988, 35.7734566 ] } },
{ "type": "Feature", "properties": { "内容": "特別養護老人ホーム　ハトホーム【短期入所生活介護】東京都東村山市富士見町2-7-5", "url2": "https://www.kaigokensaku.mhlw.go.jp/13/index.php?action_kouhyou_detail_004_kani=true&JigyosyoCd=1372700060-00&ServiceCd=210&Type=search" }, "geometry": { "type": "Point", "coordinates": [ 139.452041973541355, 35.740351241232354 ] } },
{ "type": "Feature", "properties": { "内容": "ショートステイ敬愛の森【短期入所生活介護】東京都東村山市富士見町1-14-3南台シニアセンター敬愛の森", "url2": "https://www.kaigokensaku.mhlw.go.jp/13/index.php?action_kouhyou_detail_004_kani=true&JigyosyoCd=1372702066-00&ServiceCd=210&Type=search" }, "geometry": { "type": "Point", "coordinates": [ 139.457452469172694, 35.744108325789234 ] } },
{ "type": "Feature", "properties": { "内容": "パナソニックエイジフリーケアセンター東村山ショートステイ【短期入所生活介護】東京都東村山市野口町3-11-1", "url2": "https://www.kaigokensaku.mhlw.go.jp/13/index.php?action_kouhyou_detail_004_kani=true&JigyosyoCd=1372702298-00&ServiceCd=210&Type=search" }, "geometry": { "type": "Point", "coordinates": [ 139.454617975509677, 35.761648872589113 ] } },
{ "type": "Feature", "properties": { "内容": "短期入所生活介護事業所　平成あおば上宮園【短期入所生活介護】東京都東村山市青葉町1-7-75", "url2": "https://www.kaigokensaku.mhlw.go.jp/13/index.php?action_kouhyou_detail_004_kani=true&JigyosyoCd=1372702546-00&ServiceCd=210&Type=search" }, "geometry": { "type": "Point", "coordinates": [ 139.49259517948866, 35.759214315843415 ] } },
{ "type": "Feature", "properties": { "内容": "第２ハトホーム【短期入所生活介護】東京都東村山市富士見町２－７－５", "url2": "https://www.kaigokensaku.mhlw.go.jp/13/index.php?action_kouhyou_detail_004_kani=true&JigyosyoCd=1374701819-00&ServiceCd=210&Type=search" }, "geometry": { "type": "Point", "coordinates": [ 139.452629899999977, 35.740245 ] } },
{ "type": "Feature", "properties": { "内容": "社会福祉法人　白十字会　白十字ホーム【短期入所生活介護】東京都東村山市諏訪町2丁目26番１", "url2": "https://www.kaigokensaku.mhlw.go.jp/13/index.php?action_kouhyou_detail_004_kani=true&JigyosyoCd=1372700052-00&ServiceCd=210&Type=search" }, "geometry": { "type": "Point", "coordinates": [ 139.463675299999977, 35.7718922 ] } },
{ "type": "Feature", "properties": { "内容": "特別養護老人ホーム　青葉の杜【短期入所生活介護】東京都東村山市青葉町2丁目26番地１", "url2": "https://www.kaigokensaku.mhlw.go.jp/13/index.php?action_kouhyou_detail_004_kani=true&JigyosyoCd=1372700508-00&ServiceCd=210&Type=search" }, "geometry": { "type": "Point", "coordinates": [ 139.490800900000067, 35.7626633 ] } },
{ "type": "Feature", "properties": { "内容": "特別養護老人ホーム　さくらテラス青葉町【短期入所生活介護】東京都東村山市青葉町1丁目7－72", "url2": "https://www.kaigokensaku.mhlw.go.jp/13/index.php?action_kouhyou_detail_004_kani=true&JigyosyoCd=1372702322-00&ServiceCd=210&Type=search" }, "geometry": { "type": "Point", "coordinates": [ 139.493645500000014, 35.7606717 ] } },
{ "type": "Feature", "properties": { "内容": "西恋ヶ窪にんじんホーム【短期入所生活介護】東京都国分寺市西恋ヶ窪1－50－１", "url2": "https://www.kaigokensaku.mhlw.go.jp/13/index.php?action_kouhyou_detail_004_kani=true&JigyosyoCd=1373100765-00&ServiceCd=210&Type=search" }, "geometry": { "type": "Point", "coordinates": [ 139.4678328, 35.7057743 ] } },
{ "type": "Feature", "properties": { "内容": "特別養護老人ホーム　にしき苑【短期入所生活介護】東京都国分寺市東恋ケ窪2-22-38", "url2": "https://www.kaigokensaku.mhlw.go.jp/13/index.php?action_kouhyou_detail_004_kani=true&JigyosyoCd=1373100047-00&ServiceCd=210&Type=search" }, "geometry": { "type": "Point", "coordinates": [ 139.471454599999987, 35.709885 ] } },
{ "type": "Feature", "properties": { "内容": "特別養護老人ホームサンライト【短期入所生活介護】東京都国分寺市西町1-31-2特別養護老人ホームサンライト", "url2": "https://www.kaigokensaku.mhlw.go.jp/13/index.php?action_kouhyou_detail_004_kani=true&JigyosyoCd=1373101607-00&ServiceCd=210&Type=search" }, "geometry": { "type": "Point", "coordinates": [ 139.4320655, 35.7028897 ] } },
{ "type": "Feature", "properties": { "内容": "特別養護老人ホーム　かがやき【短期入所生活介護】東京都国分寺市東恋ヶ窪2-17-2", "url2": "https://www.kaigokensaku.mhlw.go.jp/13/index.php?action_kouhyou_detail_004_kani=true&JigyosyoCd=1373101268-00&ServiceCd=210&Type=search" }, "geometry": { "type": "Point", "coordinates": [ 139.475032300000066, 35.707416 ] } },
{ "type": "Feature", "properties": { "内容": "くにたち苑【短期入所生活介護】東京都国立市泉３－１－６", "url2": "https://www.kaigokensaku.mhlw.go.jp/13/index.php?action_kouhyou_detail_004_kani=true&JigyosyoCd=1373400041-00&ServiceCd=210&Type=search" }, "geometry": { "type": "Point", "coordinates": [ 139.425903699999907, 35.6804097 ] } },
{ "type": "Feature", "properties": { "内容": "シルバーハイツ谷保【短期入所生活介護】東京都国立市谷保6丁目17番地の37", "url2": "https://www.kaigokensaku.mhlw.go.jp/13/index.php?action_kouhyou_detail_004_kani=true&JigyosyoCd=1373400611-00&ServiceCd=210&Type=search" }, "geometry": { "type": "Point", "coordinates": [ 139.443833300000051, 35.674824600000022 ] } },
{ "type": "Feature", "properties": { "内容": "特別養護老人ホームヨコタホーム【短期入所生活介護】東京都福生市福生2300番4", "url2": "https://www.kaigokensaku.mhlw.go.jp/13/index.php?action_kouhyou_detail_004_kani=true&JigyosyoCd=1374400107-00&ServiceCd=210&Type=search" }, "geometry": { "type": "Point", "coordinates": [ 139.337800900000047, 35.740545 ] } },
{ "type": "Feature", "properties": { "内容": "特別養護老人ホーム第2サンシャインビラ【短期入所生活介護】東京都福生市福生3244-10", "url2": "https://www.kaigokensaku.mhlw.go.jp/13/index.php?action_kouhyou_detail_004_kani=true&JigyosyoCd=1374400131-00&ServiceCd=210&Type=search" }, "geometry": { "type": "Point", "coordinates": [ 139.318052099999932, 35.7456938 ] } },
{ "type": "Feature", "properties": { "内容": "老人短期入所事業福生ことぶき苑【短期入所生活介護】東京都福生市北田園1丁目56番地1", "url2": "https://www.kaigokensaku.mhlw.go.jp/13/index.php?action_kouhyou_detail_004_kani=true&JigyosyoCd=1374400479-00&ServiceCd=210&Type=search" }, "geometry": { "type": "Point", "coordinates": [ 139.324624299999982, 35.7324289 ] } },
{ "type": "Feature", "properties": { "内容": "ふそうケアセンター【短期入所生活介護】東京都福生市福生二宮２４６１番地", "url2": "https://www.kaigokensaku.mhlw.go.jp/13/index.php?action_kouhyou_detail_004_kani=true&JigyosyoCd=1374400537-00&ServiceCd=210&Type=search" }, "geometry": { "type": "Point", "coordinates": [ 139.339756500000021, 35.7358678 ] } },
{ "type": "Feature", "properties": { "内容": "特別養護老人ホーム　サンシャインビラ【短期入所生活介護】東京都福生市北田園1丁目53番地3", "url2": "https://www.kaigokensaku.mhlw.go.jp/13/index.php?action_kouhyou_detail_004_kani=true&JigyosyoCd=1374400123-00&ServiceCd=210&Type=search" }, "geometry": { "type": "Point", "coordinates": [ 139.3225688, 35.7331982 ] } },
{ "type": "Feature", "properties": { "内容": "こまえ苑【短期入所生活介護】東京都狛江市岩戸南四丁目17番17号", "url2": "https://www.kaigokensaku.mhlw.go.jp/13/index.php?action_kouhyou_detail_004_kani=true&JigyosyoCd=1374500021-00&ServiceCd=210&Type=search" }, "geometry": { "type": "Point", "coordinates": [ 139.592729, 35.6258799 ] } },
{ "type": "Feature", "properties": { "内容": "特別養護老人ホーム　こまえ正吉苑【短期入所生活介護】東京都狛江市西野川2-27-23", "url2": "https://www.kaigokensaku.mhlw.go.jp/13/index.php?action_kouhyou_detail_004_kani=true&JigyosyoCd=1374500203-00&ServiceCd=210&Type=search" }, "geometry": { "type": "Point", "coordinates": [ 139.574040599999989, 35.645471 ] } },
{ "type": "Feature", "properties": { "内容": "短期入所生活介護こまえ正吉苑二番館【短期入所生活介護】東京都狛江市西野川4-8-8こまえ正吉苑二番館", "url2": "https://www.kaigokensaku.mhlw.go.jp/13/index.php?action_kouhyou_detail_004_kani=true&JigyosyoCd=1374501094-00&ServiceCd=210&Type=search" }, "geometry": { "type": "Point", "coordinates": [ 139.569628009787039, 35.647519579811394 ] } },
{ "type": "Feature", "properties": { "内容": "社会福祉法人多摩大和園やまと苑【短期入所生活介護】東京都東大和市狭山2丁目１２６４番地５", "url2": "https://www.kaigokensaku.mhlw.go.jp/13/index.php?action_kouhyou_detail_004_kani=true&JigyosyoCd=1374600060-00&ServiceCd=210&Type=search" }, "geometry": { "type": "Point", "coordinates": [ 139.439508400000022, 35.7570347 ] } },
{ "type": "Feature", "properties": { "内容": "向台老人ホーム【短期入所生活介護】東京都東大和市芋窪３丁目１６３８番地２", "url2": "https://www.kaigokensaku.mhlw.go.jp/13/index.php?action_kouhyou_detail_004_kani=true&JigyosyoCd=1374600078-00&ServiceCd=210&Type=search" }, "geometry": { "type": "Point", "coordinates": [ 139.415163500000062, 35.7528681 ] } },
{ "type": "Feature", "properties": { "内容": "特別養護老人ホーム　風の樹【短期入所生活介護】東京都東大和市蔵敷3丁目873番地1", "url2": "https://www.kaigokensaku.mhlw.go.jp/13/index.php?action_kouhyou_detail_004_kani=true&JigyosyoCd=1374600524-00&ServiceCd=210&Type=search" }, "geometry": { "type": "Point", "coordinates": [ 139.419616808598306, 35.746877323455529 ] } },
{ "type": "Feature", "properties": { "内容": "ユニット型指定短期入所生活介護事業所　は～とふる【短期入所生活介護】東京都東大和市桜が丘2-53-6", "url2": "https://www.kaigokensaku.mhlw.go.jp/13/index.php?action_kouhyou_detail_004_kani=true&JigyosyoCd=1374601159-00&ServiceCd=210&Type=search" }, "geometry": { "type": "Point", "coordinates": [ 139.419586200000026, 35.734902099999985 ] } },
{ "type": "Feature", "properties": { "内容": "特別養護老人ホーム　さくら苑【短期入所生活介護】東京都東大和市桜が丘2-122-4", "url2": "https://www.kaigokensaku.mhlw.go.jp/13/index.php?action_kouhyou_detail_004_kani=true&JigyosyoCd=1374600086-00&ServiceCd=210&Type=search" }, "geometry": { "type": "Point", "coordinates": [ 139.425649300000032, 35.7336095 ] } },
{ "type": "Feature", "properties": { "内容": "東大和ショートスティそよ風【短期入所生活介護】東京都東大和市清水６－１２５０", "url2": "https://www.kaigokensaku.mhlw.go.jp/13/index.php?action_kouhyou_detail_004_kani=true&JigyosyoCd=1374600896-00&ServiceCd=210&Type=search" }, "geometry": { "type": "Point", "coordinates": [ 139.445952600000027, 35.7463387 ] } },
{ "type": "Feature", "properties": { "内容": "あずみ苑東大和【短期入所生活介護】東京都東大和市狭山4-1483-3", "url2": "https://www.kaigokensaku.mhlw.go.jp/13/index.php?action_kouhyou_detail_004_kani=true&JigyosyoCd=1374601126-00&ServiceCd=210&Type=search" }, "geometry": { "type": "Point", "coordinates": [ 139.438054512828103, 35.750783042910271 ] } },
{ "type": "Feature", "properties": { "内容": "信愛の園【短期入所生活介護】東京都清瀬市梅園2-3-15", "url2": "https://www.kaigokensaku.mhlw.go.jp/13/index.php?action_kouhyou_detail_004_kani=true&JigyosyoCd=1374700084-00&ServiceCd=210&Type=search" }, "geometry": { "type": "Point", "coordinates": [ 139.503521699999965, 35.7727511 ] } },
{ "type": "Feature", "properties": { "内容": "特別養護老人ホーム　上宮園【短期入所生活介護】東京都清瀬市竹丘3丁目3番31号", "url2": "https://www.kaigokensaku.mhlw.go.jp/13/index.php?action_kouhyou_detail_004_kani=true&JigyosyoCd=1374700100-00&ServiceCd=210&Type=search" }, "geometry": { "type": "Point", "coordinates": [ 139.502455199999986, 35.7675435 ] } },
{ "type": "Feature", "properties": { "内容": "特別養護老人ホーム清雅苑【短期入所生活介護】東京都清瀬市中里5-91-2", "url2": "https://www.kaigokensaku.mhlw.go.jp/13/index.php?action_kouhyou_detail_004_kani=true&JigyosyoCd=1374700241-00&ServiceCd=210&Type=search" }, "geometry": { "type": "Point", "coordinates": [ 139.531891, 35.7893634 ] } },
{ "type": "Feature", "properties": { "内容": "パナソニックエイジフリー清瀬上清戸ショートステイ【短期入所生活介護】東京都清瀬市上清戸2-5-8", "url2": "https://www.kaigokensaku.mhlw.go.jp/13/index.php?action_kouhyou_detail_004_kani=true&JigyosyoCd=1374701058-00&ServiceCd=210&Type=search" }, "geometry": { "type": "Point", "coordinates": [ 139.520202178759746, 35.77886192299561 ] } },
{ "type": "Feature", "properties": { "内容": "聖ヨゼフ老人ホーム【短期入所生活介護】東京都清瀬市梅園３－１４－７２", "url2": "https://www.kaigokensaku.mhlw.go.jp/13/index.php?action_kouhyou_detail_004_kani=true&JigyosyoCd=1374700282-00&ServiceCd=210&Type=search" }, "geometry": { "type": "Point", "coordinates": [ 139.501658, 35.7720124 ] } },
{ "type": "Feature", "properties": { "内容": "介護老人福祉施設　けんちの里【短期入所生活介護】東京都東久留米市下里４丁目２番５０号", "url2": "https://www.kaigokensaku.mhlw.go.jp/13/index.php?action_kouhyou_detail_004_kani=true&JigyosyoCd=1374800058-00&ServiceCd=210&Type=search" }, "geometry": { "type": "Point", "coordinates": [ 139.494686900000033, 35.7528643 ] } },
{ "type": "Feature", "properties": { "内容": "シャローム東久留米【短期入所生活介護】東京都東久留米市南沢５－１８－３６", "url2": "https://www.kaigokensaku.mhlw.go.jp/13/index.php?action_kouhyou_detail_004_kani=true&JigyosyoCd=1374800066-00&ServiceCd=210&Type=search" }, "geometry": { "type": "Point", "coordinates": [ 139.526328799999987, 35.7435548 ] } },
{ "type": "Feature", "properties": { "内容": "ショートステイ　みどりの丘【短期入所生活介護】東京都東久留米市上の原一丁目2番42号", "url2": "https://www.kaigokensaku.mhlw.go.jp/13/index.php?action_kouhyou_detail_004_kani=true&JigyosyoCd=1374801825-00&ServiceCd=210&Type=search" }, "geometry": { "type": "Point", "coordinates": [ 139.5417433, 35.7689411 ] } },
{ "type": "Feature", "properties": { "内容": "ショートステイ　マザアス東久留米【短期入所生活介護】東京都東久留米市氷川台二丁目５番７号", "url2": "https://www.kaigokensaku.mhlw.go.jp/13/index.php?action_kouhyou_detail_004_kani=true&JigyosyoCd=1374800207-00&ServiceCd=210&Type=search" }, "geometry": { "type": "Point", "coordinates": [ 139.5330358, 35.7678188 ] } },
{ "type": "Feature", "properties": { "内容": "特別養護老人ホーム　多摩の里けやき園【短期入所生活介護】東京都東久留米市弥生二丁目１番１８号", "url2": "https://www.kaigokensaku.mhlw.go.jp/13/index.php?action_kouhyou_detail_004_kani=true&JigyosyoCd=1374800769-00&ServiceCd=210&Type=search" }, "geometry": { "type": "Point", "coordinates": [ 139.505256, 35.7355968 ] } },
{ "type": "Feature", "properties": { "内容": "エスケアステーション東久留米　ショートステイ【短期入所生活介護】東京都東久留米市八幡町三丁目7番16号", "url2": "https://www.kaigokensaku.mhlw.go.jp/13/index.php?action_kouhyou_detail_004_kani=true&JigyosyoCd=1374801502-00&ServiceCd=210&Type=search" }, "geometry": { "type": "Point", "coordinates": [ 139.510943900000058, 35.7501898 ] } },
{ "type": "Feature", "properties": { "内容": "短期入所生活介護事業所ひばりが丘ふれあいの里【短期入所生活介護】東京都東久留米市ひばりが丘団地7番地10号ひばりが丘ふれあいの里", "url2": "https://www.kaigokensaku.mhlw.go.jp/13/index.php?action_kouhyou_detail_004_kani=true&JigyosyoCd=1374801940-00&ServiceCd=210&Type=search" }, "geometry": { "type": "Point", "coordinates": [ 139.5326781, 35.7468269 ] } },
{ "type": "Feature", "properties": { "内容": "特別養護老人ホーム　伊奈平苑【短期入所生活介護】東京都武蔵村山市伊奈平６－１４－２", "url2": "https://www.kaigokensaku.mhlw.go.jp/13/index.php?action_kouhyou_detail_004_kani=true&JigyosyoCd=1374900262-00&ServiceCd=210&Type=search" }, "geometry": { "type": "Point", "coordinates": [ 139.3733648, 35.7441179 ] } },
{ "type": "Feature", "properties": { "内容": "特別養護老人ホーム　サンシャインホーム【短期入所生活介護】東京都武蔵村山市伊奈平4-10-2", "url2": "https://www.kaigokensaku.mhlw.go.jp/13/index.php?action_kouhyou_detail_004_kani=true&JigyosyoCd=1374900171-00&ServiceCd=210&Type=search" }, "geometry": { "type": "Point", "coordinates": [ 139.37718140000004, 35.7355634 ] } },
{ "type": "Feature", "properties": { "内容": "むさし村山苑【短期入所生活介護】東京都武蔵村山市学園二丁目37-5", "url2": "https://www.kaigokensaku.mhlw.go.jp/13/index.php?action_kouhyou_detail_004_kani=true&JigyosyoCd=1374901120-00&ServiceCd=210&Type=search" }, "geometry": { "type": "Point", "coordinates": [ 139.400786005973828, 35.746608796155115 ] } },
{ "type": "Feature", "properties": { "内容": "桜ヶ丘延寿ホーム【短期入所生活介護】東京都多摩市連光寺１－１－１", "url2": "https://www.kaigokensaku.mhlw.go.jp/13/index.php?action_kouhyou_detail_004_kani=true&JigyosyoCd=1375000096-00&ServiceCd=210&Type=search" }, "geometry": { "type": "Point", "coordinates": [ 139.458748119187902, 35.647811500000394 ] } },
{ "type": "Feature", "properties": { "内容": "和光園【短期入所生活介護】東京都多摩市和田1532番地", "url2": "https://www.kaigokensaku.mhlw.go.jp/13/index.php?action_kouhyou_detail_004_kani=true&JigyosyoCd=1375000302-00&ServiceCd=210&Type=search" }, "geometry": { "type": "Point", "coordinates": [ 139.431432699999959, 35.6459554 ] } },
{ "type": "Feature", "properties": { "内容": "白楽荘【短期入所生活介護】東京都多摩市山王下1-18-2", "url2": "https://www.kaigokensaku.mhlw.go.jp/13/index.php?action_kouhyou_detail_004_kani=true&JigyosyoCd=1375000088-00&ServiceCd=210&Type=search" }, "geometry": { "type": "Point", "coordinates": [ 139.415132299999982, 35.6252185 ] } },
{ "type": "Feature", "properties": { "内容": "多摩ケアセンターそよ風【短期入所生活介護】東京都多摩市連光寺2-29-9", "url2": "https://www.kaigokensaku.mhlw.go.jp/13/index.php?action_kouhyou_detail_004_kani=true&JigyosyoCd=1375001409-00&ServiceCd=210&Type=search" }, "geometry": { "type": "Point", "coordinates": [ 139.455654092736864, 35.641564046098246 ] } },
{ "type": "Feature", "properties": { "内容": "特別養護老人ホーム　ケアプラザたま【短期入所生活介護】東京都多摩市永山3-12-2高齢者総合ケアセンター　ケアプラザ多摩", "url2": "https://www.kaigokensaku.mhlw.go.jp/13/index.php?action_kouhyou_detail_004_kani=true&JigyosyoCd=1375001466-00&ServiceCd=210&Type=search" }, "geometry": { "type": "Point", "coordinates": [ 139.444142620237699, 35.620742302203595 ] } },
{ "type": "Feature", "properties": { "内容": "特別養護老人ホーム　ケアプラザたまアネックス【短期入所生活介護】東京都多摩市永山3-12-2", "url2": "https://www.kaigokensaku.mhlw.go.jp/13/index.php?action_kouhyou_detail_004_kani=true&JigyosyoCd=1375001458-00&ServiceCd=210&Type=search" }, "geometry": { "type": "Point", "coordinates": [ 139.444124301852412, 35.620718339317257 ] } },
{ "type": "Feature", "properties": { "内容": "愛生苑【短期入所生活介護】東京都多摩市和田1547番地", "url2": "https://www.kaigokensaku.mhlw.go.jp/13/index.php?action_kouhyou_detail_004_kani=true&JigyosyoCd=1375000146-00&ServiceCd=210&Type=search" }, "geometry": { "type": "Point", "coordinates": [ 139.432002099999977, 35.6469358 ] } },
{ "type": "Feature", "properties": { "内容": "シンシア多摩【短期入所生活介護】東京都多摩市聖ヶ丘5‐1‐1", "url2": "https://www.kaigokensaku.mhlw.go.jp/13/index.php?action_kouhyou_detail_004_kani=true&JigyosyoCd=1375002282-00&ServiceCd=210&Type=search" }, "geometry": { "type": "Point", "coordinates": [ 139.464079, 35.6270837 ] } },
{ "type": "Feature", "properties": { "内容": "いなぎ苑【短期入所生活介護】東京都稲城市百村２５５番地", "url2": "https://www.kaigokensaku.mhlw.go.jp/13/index.php?action_kouhyou_detail_004_kani=true&JigyosyoCd=1375100060-00&ServiceCd=210&Type=search" }, "geometry": { "type": "Point", "coordinates": [ 139.491992799999906, 35.6354235 ] } },
{ "type": "Feature", "properties": { "内容": "ショートステイひらお苑【短期入所生活介護】東京都稲城市平尾2-49-20", "url2": "https://www.kaigokensaku.mhlw.go.jp/13/index.php?action_kouhyou_detail_004_kani=true&JigyosyoCd=1375100094-00&ServiceCd=210&Type=search" }, "geometry": { "type": "Point", "coordinates": [ 139.493511, 35.6083257 ] } },
{ "type": "Feature", "properties": { "内容": "いなぎ正吉苑【短期入所生活介護】東京都稲城市平尾四丁目16番地の1", "url2": "https://www.kaigokensaku.mhlw.go.jp/13/index.php?action_kouhyou_detail_004_kani=true&JigyosyoCd=1375100110-00&ServiceCd=210&Type=search" }, "geometry": { "type": "Point", "coordinates": [ 139.4839389, 35.6154098 ] } },
{ "type": "Feature", "properties": { "内容": "稲城ケアセンターそよ風【短期入所生活介護】東京都稲城市押立1192-1", "url2": "https://www.kaigokensaku.mhlw.go.jp/13/index.php?action_kouhyou_detail_004_kani=true&JigyosyoCd=1375100524-00&ServiceCd=210&Type=search" }, "geometry": { "type": "Point", "coordinates": [ 139.516774317999307, 35.645684721558702 ] } },
{ "type": "Feature", "properties": { "内容": "特別養護老人ホーム　多摩の里むさしの園【短期入所生活介護】東京都羽村市五ノ神362番地", "url2": "https://www.kaigokensaku.mhlw.go.jp/13/index.php?action_kouhyou_detail_004_kani=true&JigyosyoCd=1372400539-00&ServiceCd=210&Type=search" }, "geometry": { "type": "Point", "coordinates": [ 139.332348609123329, 35.770536611638114 ] } },
{ "type": "Feature", "properties": { "内容": "ショートステイ　神明園【短期入所生活介護】東京都羽村市神明台４－２－２", "url2": "https://www.kaigokensaku.mhlw.go.jp/13/index.php?action_kouhyou_detail_004_kani=true&JigyosyoCd=1372400281-00&ServiceCd=210&Type=search" }, "geometry": { "type": "Point", "coordinates": [ 139.327753799999982, 35.7575899 ] } },
{ "type": "Feature", "properties": { "内容": "特別養護老人ホーム羽村園【短期入所生活介護】東京都羽村市羽690番地17", "url2": "https://www.kaigokensaku.mhlw.go.jp/13/index.php?action_kouhyou_detail_004_kani=true&JigyosyoCd=1375300488-00&ServiceCd=210&Type=search" }, "geometry": { "type": "Point", "coordinates": [ 139.304263507656856, 35.75490666479773 ] } },
{ "type": "Feature", "properties": { "内容": "羽村ケアセンターそよ風【短期入所生活介護】東京都羽村市栄町2-10-7", "url2": "https://www.kaigokensaku.mhlw.go.jp/13/index.php?action_kouhyou_detail_004_kani=true&JigyosyoCd=1375300454-00&ServiceCd=210&Type=search" }, "geometry": { "type": "Point", "coordinates": [ 139.308399165408332, 35.770816184097029 ] } },
{ "type": "Feature", "properties": { "内容": "あずみ苑羽村【短期入所生活介護】東京都羽村市栄町1-2-4", "url2": "https://www.kaigokensaku.mhlw.go.jp/13/index.php?action_kouhyou_detail_004_kani=true&JigyosyoCd=1375300579-00&ServiceCd=210&Type=search" }, "geometry": { "type": "Point", "coordinates": [ 139.305223399999988, 35.775492 ] } },
{ "type": "Feature", "properties": { "内容": "医療法人社団葵会　葵の園・羽村　短期入所生活介護【短期入所生活介護】東京都羽村市栄町三丁目3番10号", "url2": "https://www.kaigokensaku.mhlw.go.jp/13/index.php?action_kouhyou_detail_004_kani=true&JigyosyoCd=1375300587-00&ServiceCd=210&Type=search" }, "geometry": { "type": "Point", "coordinates": [ 139.314212699999985, 35.7716572 ] } },
{ "type": "Feature", "properties": { "内容": "短期入所生活介護　和敬園【短期入所生活介護】東京都あきる野市菅生１１５９番地", "url2": "https://www.kaigokensaku.mhlw.go.jp/13/index.php?action_kouhyou_detail_004_kani=true&JigyosyoCd=1374900502-00&ServiceCd=210&Type=search" }, "geometry": { "type": "Point", "coordinates": [ 139.2864442, 35.7507783 ] } },
{ "type": "Feature", "properties": { "内容": "短期入所生活介護事業所増戸ホーム【短期入所生活介護】東京都あきる野市三内４３６－１６", "url2": "https://www.kaigokensaku.mhlw.go.jp/13/index.php?action_kouhyou_detail_004_kani=true&JigyosyoCd=1374900098-00&ServiceCd=210&Type=search" }, "geometry": { "type": "Point", "coordinates": [ 139.22938152209008, 35.738144465361309 ] } },
{ "type": "Feature", "properties": { "内容": "南聖園【短期入所生活介護】東京都あきる野市瀬戸岡３０５番地１", "url2": "https://www.kaigokensaku.mhlw.go.jp/13/index.php?action_kouhyou_detail_004_kani=true&JigyosyoCd=1374900106-00&ServiceCd=210&Type=search" }, "geometry": { "type": "Point", "coordinates": [ 139.28618200986628, 35.734777171047611 ] } },
{ "type": "Feature", "properties": { "内容": "短期入所生活介護　コスモホーム【短期入所生活介護】東京都あきる野市菅生１１５９番地", "url2": "https://www.kaigokensaku.mhlw.go.jp/13/index.php?action_kouhyou_detail_004_kani=true&JigyosyoCd=1374900114-00&ServiceCd=210&Type=search" }, "geometry": { "type": "Point", "coordinates": [ 139.286548900000014, 35.7506983 ] } },
{ "type": "Feature", "properties": { "内容": "こもれびの郷【短期入所生活介護】東京都あきる野市雨間385-2", "url2": "https://www.kaigokensaku.mhlw.go.jp/13/index.php?action_kouhyou_detail_004_kani=true&JigyosyoCd=1374900338-00&ServiceCd=210&Type=search" }, "geometry": { "type": "Point", "coordinates": [ 139.289833899999962, 35.7261147 ] } },
{ "type": "Feature", "properties": { "内容": "短期入所生活介護　麦久保園【短期入所生活介護】東京都あきる野市草花2219番地", "url2": "https://www.kaigokensaku.mhlw.go.jp/13/index.php?action_kouhyou_detail_004_kani=true&JigyosyoCd=1374900163-00&ServiceCd=210&Type=search" }, "geometry": { "type": "Point", "coordinates": [ 139.30677270000001, 35.7492097 ] } },
{ "type": "Feature", "properties": { "内容": "特別養護老人ホーム福楽園【短期入所生活介護】東京都あきる野市網代326-1", "url2": "https://www.kaigokensaku.mhlw.go.jp/13/index.php?action_kouhyou_detail_004_kani=true&JigyosyoCd=1374900197-00&ServiceCd=210&Type=search" }, "geometry": { "type": "Point", "coordinates": [ 139.254539600000044, 35.719815 ] } },
{ "type": "Feature", "properties": { "内容": "特別養護老人ホームほたるの郷【短期入所生活介護】東京都あきる野市菅生1453", "url2": "https://www.kaigokensaku.mhlw.go.jp/13/index.php?action_kouhyou_detail_004_kani=true&JigyosyoCd=1375200068-00&ServiceCd=210&Type=search" }, "geometry": { "type": "Point", "coordinates": [ 139.286269, 35.7538696 ] } },
{ "type": "Feature", "properties": { "内容": "あきる野ケアセンターそよ風【短期入所生活介護】東京都あきる野市牛沼152-1", "url2": "https://www.kaigokensaku.mhlw.go.jp/13/index.php?action_kouhyou_detail_004_kani=true&JigyosyoCd=1375200571-00&ServiceCd=210&Type=search" }, "geometry": { "type": "Point", "coordinates": [ 139.289131736770656, 35.721504500686258 ] } },
{ "type": "Feature", "properties": { "内容": "草花苑【短期入所生活介護】東京都あきる野市草花１９８０番地", "url2": "https://www.kaigokensaku.mhlw.go.jp/13/index.php?action_kouhyou_detail_004_kani=true&JigyosyoCd=1374900189-00&ServiceCd=210&Type=search" }, "geometry": { "type": "Point", "coordinates": [ 139.309302900000034, 35.7504957 ] } },
{ "type": "Feature", "properties": { "内容": "特別養護老人ホーム　第二ほたるの郷【短期入所生活介護】東京都あきる野市菅生1446-1", "url2": "https://www.kaigokensaku.mhlw.go.jp/13/index.php?action_kouhyou_detail_004_kani=true&JigyosyoCd=1375200670-00&ServiceCd=210&Type=search" }, "geometry": { "type": "Point", "coordinates": [ 139.2862082, 35.7545202 ] } },
{ "type": "Feature", "properties": { "内容": "特別養護老人ホームあたご苑【短期入所生活介護】東京都あきる野市入野８１１番地", "url2": "https://www.kaigokensaku.mhlw.go.jp/13/index.php?action_kouhyou_detail_004_kani=true&JigyosyoCd=1374900148-00&ServiceCd=210&Type=search" }, "geometry": { "type": "Point", "coordinates": [ 139.2209255, 35.7362562 ] } },
{ "type": "Feature", "properties": { "内容": "フローラ田無　短期入所生活介護【短期入所生活介護】東京都西東京市向台町２－１６－２２", "url2": "https://www.kaigokensaku.mhlw.go.jp/13/index.php?action_kouhyou_detail_004_kani=true&JigyosyoCd=1373900248-00&ServiceCd=210&Type=search" }, "geometry": { "type": "Point", "coordinates": [ 139.5394427, 35.7203941 ] } },
{ "type": "Feature", "properties": { "内容": "特別養護老人ホーム保谷苑【短期入所生活介護】東京都西東京市栄町3丁目6番2号", "url2": "https://www.kaigokensaku.mhlw.go.jp/13/index.php?action_kouhyou_detail_004_kani=true&JigyosyoCd=1373700119-00&ServiceCd=210&Type=search" }, "geometry": { "type": "Point", "coordinates": [ 139.553378800000019, 35.7553181 ] } },
{ "type": "Feature", "properties": { "内容": "社会福祉法人　千曲会　健光園【短期入所生活介護】東京都西東京市田無町5-5-19", "url2": "https://www.kaigokensaku.mhlw.go.jp/13/index.php?action_kouhyou_detail_004_kani=true&JigyosyoCd=1373900073-00&ServiceCd=210&Type=search" }, "geometry": { "type": "Point", "coordinates": [ 139.53668110000001, 35.7317705 ] } },
{ "type": "Feature", "properties": { "内容": "クレイン【短期入所生活介護】東京都西東京市西原町４丁目３番５号", "url2": "https://www.kaigokensaku.mhlw.go.jp/13/index.php?action_kouhyou_detail_004_kani=true&JigyosyoCd=1373900081-00&ServiceCd=210&Type=search" }, "geometry": { "type": "Point", "coordinates": [ 139.528698299999974, 35.7351337 ] } },
{ "type": "Feature", "properties": { "内容": "グリーンロード【短期入所生活介護】東京都西東京市西原町２－２－１１", "url2": "https://www.kaigokensaku.mhlw.go.jp/13/index.php?action_kouhyou_detail_004_kani=true&JigyosyoCd=1373900347-00&ServiceCd=210&Type=search" }, "geometry": { "type": "Point", "coordinates": [ 139.531659200000036, 35.7339534 ] } },
{ "type": "Feature", "properties": { "内容": "西東京ケアセンターそよ風【短期入所生活介護】東京都西東京市東伏見5-10-15", "url2": "https://www.kaigokensaku.mhlw.go.jp/13/index.php?action_kouhyou_detail_004_kani=true&JigyosyoCd=1375400411-00&ServiceCd=210&Type=search" }, "geometry": { "type": "Point", "coordinates": [ 139.558813099999952, 35.7219723 ] } },
{ "type": "Feature", "properties": { "内容": "福寿園ひばりが丘【短期入所生活介護】東京都西東京市ひばりが丘3-1-18", "url2": "https://www.kaigokensaku.mhlw.go.jp/13/index.php?action_kouhyou_detail_004_kani=true&JigyosyoCd=1375424189-00&ServiceCd=210&Type=search" }, "geometry": { "type": "Point", "coordinates": [ 139.5369389, 35.7453494 ] } },
{ "type": "Feature", "properties": { "内容": "めぐみ園【短期入所生活介護】東京都西東京市柳沢4丁目1番3号", "url2": "https://www.kaigokensaku.mhlw.go.jp/13/index.php?action_kouhyou_detail_004_kani=true&JigyosyoCd=1373700101-00&ServiceCd=210&Type=search" }, "geometry": { "type": "Point", "coordinates": [ 139.550741600000038, 35.7212444 ] } },
{ "type": "Feature", "properties": { "内容": "西東京ｹｱｺﾐｭﾆﾃｨそよ風【短期入所生活介護】東京都西東京市東町3-1-13", "url2": "https://www.kaigokensaku.mhlw.go.jp/13/index.php?action_kouhyou_detail_004_kani=true&JigyosyoCd=1375424155-00&ServiceCd=210&Type=search" }, "geometry": { "type": "Point", "coordinates": [ 139.565250600000013, 35.7446975 ] } },
{ "type": "Feature", "properties": { "内容": "特別養護老人ホーム　尚和緑寿【短期入所生活介護】東京都西東京市新町1-11-25", "url2": "https://www.kaigokensaku.mhlw.go.jp/13/index.php?action_kouhyou_detail_004_kani=true&JigyosyoCd=1375425376-00&ServiceCd=210&Type=search" }, "geometry": { "type": "Point", "coordinates": [ 139.544180899999986, 35.7175856 ] } },
{ "type": "Feature", "properties": { "内容": "特別養護老人ホームみずほ園【短期入所生活介護】東京都西多摩郡瑞穂町箱根ヶ崎922番地１", "url2": "https://www.kaigokensaku.mhlw.go.jp/13/index.php?action_kouhyou_detail_004_kani=true&JigyosyoCd=1372400356-00&ServiceCd=210&Type=search" }, "geometry": { "type": "Point", "coordinates": [ 139.336340899999982, 35.7905112 ] } },
{ "type": "Feature", "properties": { "内容": "不老の郷【短期入所生活介護】東京都西多摩郡瑞穂町大字二本木1319", "url2": "https://www.kaigokensaku.mhlw.go.jp/13/index.php?action_kouhyou_detail_004_kani=true&JigyosyoCd=1372400216-00&ServiceCd=210&Type=search" }, "geometry": { "type": "Point", "coordinates": [ 139.3661525, 35.7907954 ] } },
{ "type": "Feature", "properties": { "内容": "特別養護老人ホーム　良友園【短期入所生活介護】東京都西多摩郡瑞穂町箱根ヶ崎６７０－１", "url2": "https://www.kaigokensaku.mhlw.go.jp/13/index.php?action_kouhyou_detail_004_kani=true&JigyosyoCd=1372400299-00&ServiceCd=210&Type=search" }, "geometry": { "type": "Point", "coordinates": [ 139.343593700000042, 35.7788711 ] } },
{ "type": "Feature", "properties": { "内容": "短期入所生活介護フラワープラム【短期入所生活介護】東京都西多摩郡瑞穂町長岡長谷部83番地1", "url2": "https://www.kaigokensaku.mhlw.go.jp/13/index.php?action_kouhyou_detail_004_kani=true&JigyosyoCd=1372400786-00&ServiceCd=210&Type=search" }, "geometry": { "type": "Point", "coordinates": [ 139.333502400000043, 35.7865893 ] } },
{ "type": "Feature", "properties": { "内容": "特別養護老人ホーム新清快園【短期入所生活介護】東京都西多摩郡日の出町平井1417番地1", "url2": "https://www.kaigokensaku.mhlw.go.jp/13/index.php?action_kouhyou_detail_004_kani=true&JigyosyoCd=1372401305-00&ServiceCd=210&Type=search" }, "geometry": { "type": "Point", "coordinates": [ 139.267976247642139, 35.737297812670157 ] } },
{ "type": "Feature", "properties": { "内容": "特別養護老人ホーム　ひのでホーム【短期入所生活介護】東京都西多摩郡日の出町平井3076", "url2": "https://www.kaigokensaku.mhlw.go.jp/13/index.php?action_kouhyou_detail_004_kani=true&JigyosyoCd=1372400661-00&ServiceCd=210&Type=search" }, "geometry": { "type": "Point", "coordinates": [ 139.256413100000032, 35.7492415 ] } },
{ "type": "Feature", "properties": { "内容": "特別養護老人ホーム　日の出紫苑【短期入所生活介護】東京都西多摩郡日の出町大久野231-1", "url2": "https://www.kaigokensaku.mhlw.go.jp/13/index.php?action_kouhyou_detail_004_kani=true&JigyosyoCd=1372400653-00&ServiceCd=210&Type=search" }, "geometry": { "type": "Point", "coordinates": [ 139.250752599999942, 35.7417009 ] } },
{ "type": "Feature", "properties": { "内容": "特別養護老人ホーム　栄光の杜【短期入所生活介護】東京都西多摩郡日の出町平井3052特別養護老人ホーム　栄光の杜", "url2": "https://www.kaigokensaku.mhlw.go.jp/13/index.php?action_kouhyou_detail_004_kani=true&JigyosyoCd=1372400240-00&ServiceCd=210&Type=search" }, "geometry": { "type": "Point", "coordinates": [ 139.258099099999981, 35.7491666 ] } },
{ "type": "Feature", "properties": { "内容": "藤香苑【短期入所生活介護】東京都西多摩郡日の出町大字大久野3588-1", "url2": "https://www.kaigokensaku.mhlw.go.jp/13/index.php?action_kouhyou_detail_004_kani=true&JigyosyoCd=1372400257-00&ServiceCd=210&Type=search" }, "geometry": { "type": "Point", "coordinates": [ 139.214613099999951, 35.7617108 ] } },
{ "type": "Feature", "properties": { "内容": "特別養護老人ホーム幸神さくら【短期入所生活介護】東京都西多摩郡日の出町大久野１７１８番地", "url2": "https://www.kaigokensaku.mhlw.go.jp/13/index.php?action_kouhyou_detail_004_kani=true&JigyosyoCd=1372401313-00&ServiceCd=210&Type=search" }, "geometry": { "type": "Point", "coordinates": [ 139.228646199999957, 35.7410856 ] } },
{ "type": "Feature", "properties": { "内容": "短期入所生活介護　第３サンシャインビラ【短期入所生活介護】東京都西多摩郡日の出町平井2368-5", "url2": "https://www.kaigokensaku.mhlw.go.jp/13/index.php?action_kouhyou_detail_004_kani=true&JigyosyoCd=1372401230-00&ServiceCd=210&Type=search" }, "geometry": { "type": "Point", "coordinates": [ 139.251865757672107, 35.73893868662055 ] } },
{ "type": "Feature", "properties": { "内容": "特別養護老人ホーム　桧原苑【短期入所生活介護】東京都西多摩郡檜原村5650-8", "url2": "https://www.kaigokensaku.mhlw.go.jp/13/index.php?action_kouhyou_detail_004_kani=true&JigyosyoCd=1372400620-00&ServiceCd=210&Type=search" }, "geometry": { "type": "Point", "coordinates": [ 139.149550734405921, 35.713843646695672 ] } },
{ "type": "Feature", "properties": { "内容": "特別養護老人ホーム　桧原サナホーム【短期入所生活介護】東京都西多摩郡檜原村3791-4", "url2": "https://www.kaigokensaku.mhlw.go.jp/13/index.php?action_kouhyou_detail_004_kani=true&JigyosyoCd=1372400604-00&ServiceCd=210&Type=search" }, "geometry": { "type": "Point", "coordinates": [ 139.121834997547921, 35.736867677238408 ] } },
{ "type": "Feature", "properties": { "内容": "寿楽荘【短期入所生活介護】東京都西多摩郡奥多摩町海澤497", "url2": "https://www.kaigokensaku.mhlw.go.jp/13/index.php?action_kouhyou_detail_004_kani=true&JigyosyoCd=1372400125-00&ServiceCd=210&Type=search" }, "geometry": { "type": "Point", "coordinates": [ 139.117053, 35.8003981 ] } },
{ "type": "Feature", "properties": { "内容": "琴清苑【短期入所生活介護】東京都西多摩郡奥多摩町氷川１１３９", "url2": "https://www.kaigokensaku.mhlw.go.jp/13/index.php?action_kouhyou_detail_004_kani=true&JigyosyoCd=1372400141-00&ServiceCd=210&Type=search" }, "geometry": { "type": "Point", "coordinates": [ 139.087984846870114, 35.801487912989153 ] } },
{ "type": "Feature", "properties": { "内容": "グリーンウッド奥多摩【短期入所生活介護】東京都西多摩郡奥多摩町白丸263番地", "url2": "https://www.kaigokensaku.mhlw.go.jp/13/index.php?action_kouhyou_detail_004_kani=true&JigyosyoCd=1372400182-00&ServiceCd=210&Type=search" }, "geometry": { "type": "Point", "coordinates": [ 139.112989500000026, 35.8117936 ] } },
{ "type": "Feature", "properties": { "内容": "シルバーコート丹三郎【短期入所生活介護】東京都西多摩郡奥多摩町丹三郎56-1", "url2": "https://www.kaigokensaku.mhlw.go.jp/13/index.php?action_kouhyou_detail_004_kani=true&JigyosyoCd=1372400224-00&ServiceCd=210&Type=search" }, "geometry": { "type": "Point", "coordinates": [ 139.160821199999987, 35.8069644 ] } },
{ "type": "Feature", "properties": { "内容": "大島老人ホーム【短期入所生活介護】東京都大島町元町字地の岡45番１", "url2": "https://www.kaigokensaku.mhlw.go.jp/13/index.php?action_kouhyou_detail_004_kani=true&JigyosyoCd=1370300251-00&ServiceCd=210&Type=search" }, "geometry": { "type": "Point", "coordinates": [ 139.365013500000032, 34.7716926 ] } },
{ "type": "Feature", "properties": { "内容": "神津島やすらぎの里【短期入所生活介護】東京都神津島村字沢尻１１番１", "url2": "https://www.kaigokensaku.mhlw.go.jp/13/index.php?action_kouhyou_detail_004_kani=true&JigyosyoCd=1370300137-00&ServiceCd=210&Type=search" }, "geometry": { "type": "Point", "coordinates": [ 139.1356793, 34.2176569 ] } },
{ "type": "Feature", "properties": { "内容": "老人短期入所　あじさいの里【短期入所生活介護】東京都三宅島三宅村阿古８０７－１", "url2": "https://www.kaigokensaku.mhlw.go.jp/13/index.php?action_kouhyou_detail_004_kani=true&JigyosyoCd=1370300301-00&ServiceCd=210&Type=search" }, "geometry": { "type": "Point", "coordinates": [ 139.484644399999979, 34.0658887 ] } },
{ "type": "Feature", "properties": { "内容": "第二八丈老人ホーム【短期入所生活介護】東京都八丈島八丈町大賀郷7670-1", "url2": "https://www.kaigokensaku.mhlw.go.jp/13/index.php?action_kouhyou_detail_004_kani=true&JigyosyoCd=1370300269-00&ServiceCd=210&Type=search" }, "geometry": { "type": "Point", "coordinates": [ 139.80051, 33.102183 ] } }
]
}
