{
"type": "FeatureCollection",
"name": "geo_13_訪問リハビリテーション",
"crs": { "type": "name", "properties": { "name": "urn:ogc:def:crs:OGC:1.3:CRS84" } },
"features": [
{ "type": "Feature", "properties": { "内容": "国家公務員共済組合連合会　九段坂病院【訪問リハビリテーション】東京都千代田区九段南1-6-12千代田区立高齢者総合サポートセンター・九段坂病院", "url2": "https://www.kaigokensaku.mhlw.go.jp/13/index.php?action_kouhyou_detail_004_kani=true&JigyosyoCd=1310170134-00&ServiceCd=140&Type=search" }, "geometry": { "type": "Point", "coordinates": [ 139.75211749999994, 35.6938471 ] } },
{ "type": "Feature", "properties": { "内容": "お茶の水整形外科機能リハビリテーションクリニック【訪問リハビリテーション】東京都千代田区神田駿河台4-2-1ステラお茶の水ビル2階3階4階5階", "url2": "https://www.kaigokensaku.mhlw.go.jp/13/index.php?action_kouhyou_detail_004_kani=true&JigyosyoCd=1310133256-00&ServiceCd=140&Type=search" }, "geometry": { "type": "Point", "coordinates": [ 139.765945700000032, 35.6975064 ] } },
{ "type": "Feature", "properties": { "内容": "医療法人財団　同仁記念会　明和病院【訪問リハビリテーション】東京都千代田区神田須田町1-18", "url2": "https://www.kaigokensaku.mhlw.go.jp/13/index.php?action_kouhyou_detail_004_kani=true&JigyosyoCd=1310170118-00&ServiceCd=140&Type=search" }, "geometry": { "type": "Point", "coordinates": [ 139.770985699999983, 35.6954114 ] } },
{ "type": "Feature", "properties": { "内容": "田中まき整形外科【訪問リハビリテーション】東京都中央区日本橋久松町5-3ホリイビル2階", "url2": "https://www.kaigokensaku.mhlw.go.jp/13/index.php?action_kouhyou_detail_004_kani=true&JigyosyoCd=1310238147-00&ServiceCd=140&Type=search" }, "geometry": { "type": "Point", "coordinates": [ 139.783523300000013, 35.689551800000032 ] } },
{ "type": "Feature", "properties": { "内容": "医療法人社団健育会石川島記念病院【訪問リハビリテーション】東京都中央区佃2-5-2", "url2": "https://www.kaigokensaku.mhlw.go.jp/13/index.php?action_kouhyou_detail_004_kani=true&JigyosyoCd=1310270769-00&ServiceCd=140&Type=search" }, "geometry": { "type": "Point", "coordinates": [ 139.7854395, 35.6675595 ] } },
{ "type": "Feature", "properties": { "内容": "訪問リハビリテーション新橋ばらの園【訪問リハビリテーション】東京都港区新橋6-19-2福祉プラザさくら川", "url2": "https://www.kaigokensaku.mhlw.go.jp/13/index.php?action_kouhyou_detail_004_kani=true&JigyosyoCd=1370303149-00&ServiceCd=140&Type=search" }, "geometry": { "type": "Point", "coordinates": [ 139.753779500000064, 35.6612067 ] } },
{ "type": "Feature", "properties": { "内容": "洛和ヴィラサラサ訪問リハビリテーション【訪問リハビリテーション】東京都文港区南麻布4-6-1ありすの杜北棟", "url2": "https://www.kaigokensaku.mhlw.go.jp/13/index.php?action_kouhyou_detail_004_kani=true&JigyosyoCd=1370305318-00&ServiceCd=140&Type=search" }, "geometry": { "type": "Point", "coordinates": [ 139.726640983011634, 35.650883227422078 ] } },
{ "type": "Feature", "properties": { "内容": "医療法人財団厚生会　古川橋病院【訪問リハビリテーション】東京都港区南麻布２丁目１０番２１号", "url2": "https://www.kaigokensaku.mhlw.go.jp/13/index.php?action_kouhyou_detail_004_kani=true&JigyosyoCd=1310317024-00&ServiceCd=140&Type=search" }, "geometry": { "type": "Point", "coordinates": [ 139.735113347221358, 35.647899471220128 ] } },
{ "type": "Feature", "properties": { "内容": "アットホーム表参道クリニック【訪問リハビリテーション】東京都港区北青山2-12-31第3イノセビル2階・地下1階", "url2": "https://www.kaigokensaku.mhlw.go.jp/13/index.php?action_kouhyou_detail_004_kani=true&JigyosyoCd=1315822861-00&ServiceCd=140&Type=search" }, "geometry": { "type": "Point", "coordinates": [ 139.714843049073778, 35.670057705023702 ] } },
{ "type": "Feature", "properties": { "内容": "三田在宅診療クリニック【訪問リハビリテーション】東京都港区三田1丁目2－18TTDPLAZA7F", "url2": "https://www.kaigokensaku.mhlw.go.jp/13/index.php?action_kouhyou_detail_004_kani=true&JigyosyoCd=1315823513-00&ServiceCd=140&Type=search" }, "geometry": { "type": "Point", "coordinates": [ 139.7406593, 35.655031 ] } },
{ "type": "Feature", "properties": { "内容": "社会福祉法人聖母会聖母病院訪問リハビリテーション【訪問リハビリテーション】東京都新宿区中落合2-5-1聖母病院内本館2階", "url2": "https://www.kaigokensaku.mhlw.go.jp/13/index.php?action_kouhyou_detail_004_kani=true&JigyosyoCd=1310411264-00&ServiceCd=140&Type=search" }, "geometry": { "type": "Point", "coordinates": [ 139.693490900000029, 35.7204395 ] } },
{ "type": "Feature", "properties": { "内容": "医療法人社団　三育会　新宿ヒロクリニック【訪問リハビリテーション】東京都新宿区大久保2‐11‐15大林ビル1,2階", "url2": "https://www.kaigokensaku.mhlw.go.jp/13/index.php?action_kouhyou_detail_004_kani=true&JigyosyoCd=1315723515-00&ServiceCd=140&Type=search" }, "geometry": { "type": "Point", "coordinates": [ 139.7069295, 35.7034455 ] } },
{ "type": "Feature", "properties": { "内容": "マイウェイ四谷【訪問リハビリテーション】東京都新宿区大京町1-3", "url2": "https://www.kaigokensaku.mhlw.go.jp/13/index.php?action_kouhyou_detail_004_kani=true&JigyosyoCd=1370404103-00&ServiceCd=140&Type=search" }, "geometry": { "type": "Point", "coordinates": [ 139.719197, 35.6866676 ] } },
{ "type": "Feature", "properties": { "内容": "はらまち訪問リハビリステーション【訪問リハビリテーション】東京都新宿区原町２－４３", "url2": "https://www.kaigokensaku.mhlw.go.jp/13/index.php?action_kouhyou_detail_004_kani=true&JigyosyoCd=1370402289-00&ServiceCd=140&Type=search" }, "geometry": { "type": "Point", "coordinates": [ 139.723830099999986, 35.6988793 ] } },
{ "type": "Feature", "properties": { "内容": "医療法人社団　曙光会　コンフォガーデンクリニック【訪問リハビリテーション】東京都新宿区河田町3番2号", "url2": "https://www.kaigokensaku.mhlw.go.jp/13/index.php?action_kouhyou_detail_004_kani=true&JigyosyoCd=1310436006-00&ServiceCd=140&Type=search" }, "geometry": { "type": "Point", "coordinates": [ 139.7205113, 35.6952377 ] } },
{ "type": "Feature", "properties": { "内容": "医療法人社団悠翔会　悠翔会在宅クリニック新宿【訪問リハビリテーション】東京都新宿区新宿2－5－12FORECAST新宿AVENUE9階", "url2": "https://www.kaigokensaku.mhlw.go.jp/13/index.php?action_kouhyou_detail_004_kani=true&JigyosyoCd=1315724414-00&ServiceCd=140&Type=search" }, "geometry": { "type": "Point", "coordinates": [ 139.7073723, 35.689510938617843 ] } },
{ "type": "Feature", "properties": { "内容": "東京保健生活協同組合東京健生病院【訪問リハビリテーション】東京都文京区大塚４－３－８", "url2": "https://www.kaigokensaku.mhlw.go.jp/13/index.php?action_kouhyou_detail_004_kani=true&JigyosyoCd=1310570010-00&ServiceCd=140&Type=search" }, "geometry": { "type": "Point", "coordinates": [ 139.7360237, 35.7245163 ] } },
{ "type": "Feature", "properties": { "内容": "龍岡訪問リハビリテーション【訪問リハビリテーション】東京都文京区湯島4-9-8", "url2": "https://www.kaigokensaku.mhlw.go.jp/13/index.php?action_kouhyou_detail_004_kani=true&JigyosyoCd=1370501130-00&ServiceCd=140&Type=search" }, "geometry": { "type": "Point", "coordinates": [ 139.764591200000041, 35.7095651 ] } },
{ "type": "Feature", "properties": { "内容": "小石川ホームクリニック【訪問リハビリテーション】東京都文京区小石川4-20-1イトークリエイト小石川ビル3階", "url2": "https://www.kaigokensaku.mhlw.go.jp/13/index.php?action_kouhyou_detail_004_kani=true&JigyosyoCd=1310527416-00&ServiceCd=140&Type=search" }, "geometry": { "type": "Point", "coordinates": [ 139.741352400000011, 35.71416330000001 ] } },
{ "type": "Feature", "properties": { "内容": "医療法人社団　翔貴会　須田整形外科クリニック【訪問リハビリテーション】東京都文京区後楽2-23-15", "url2": "https://www.kaigokensaku.mhlw.go.jp/13/index.php?action_kouhyou_detail_004_kani=true&JigyosyoCd=1310528752-00&ServiceCd=140&Type=search" }, "geometry": { "type": "Point", "coordinates": [ 139.744245299999989, 35.707637 ] } },
{ "type": "Feature", "properties": { "内容": "介護老人保健施設　音羽えびすの郷訪問リハビリステーション【訪問リハビリテーション】東京都文京区音羽1-22-14介護老人保健施設　音羽えびすの郷", "url2": "https://www.kaigokensaku.mhlw.go.jp/13/index.php?action_kouhyou_detail_004_kani=true&JigyosyoCd=1370503318-00&ServiceCd=140&Type=search" }, "geometry": { "type": "Point", "coordinates": [ 139.729693200000042, 35.7137776 ] } },
{ "type": "Feature", "properties": { "内容": "台東区立台東病院【訪問リハビリテーション】東京都台東区千束3-20-5", "url2": "https://www.kaigokensaku.mhlw.go.jp/13/index.php?action_kouhyou_detail_004_kani=true&JigyosyoCd=1310670646-00&ServiceCd=140&Type=search" }, "geometry": { "type": "Point", "coordinates": [ 139.792616299999963, 35.7228232 ] } },
{ "type": "Feature", "properties": { "内容": "藤本クリニック【訪問リハビリテーション】東京都台東区上野桜木１－１０－２２中銀上野パークマンシオン１階", "url2": "https://www.kaigokensaku.mhlw.go.jp/13/index.php?action_kouhyou_detail_004_kani=true&JigyosyoCd=1310628495-00&ServiceCd=140&Type=search" }, "geometry": { "type": "Point", "coordinates": [ 139.770679100000052, 35.7208552 ] } },
{ "type": "Feature", "properties": { "内容": "哺育会　浅草病院【訪問リハビリテーション】東京都台東区今戸２－２６－１５", "url2": "https://www.kaigokensaku.mhlw.go.jp/13/index.php?action_kouhyou_detail_004_kani=true&JigyosyoCd=1310670653-00&ServiceCd=140&Type=search" }, "geometry": { "type": "Point", "coordinates": [ 139.807681900000034, 35.7224124 ] } },
{ "type": "Feature", "properties": { "内容": "医療法人社団佐藤整形外科【訪問リハビリテーション】東京都台東区三筋1丁目7番3号MDX浅草橋１階３階４階", "url2": "https://www.kaigokensaku.mhlw.go.jp/13/index.php?action_kouhyou_detail_004_kani=true&JigyosyoCd=1310627737-00&ServiceCd=140&Type=search" }, "geometry": { "type": "Point", "coordinates": [ 139.784948500000013, 35.703238 ] } },
{ "type": "Feature", "properties": { "内容": "医療法人社団輝生会たいとう診療所【訪問リハビリテーション】東京都台東区元浅草1-6-17ＮＩＣ上野ビル", "url2": "https://www.kaigokensaku.mhlw.go.jp/13/index.php?action_kouhyou_detail_004_kani=true&JigyosyoCd=1310630046-00&ServiceCd=140&Type=search" }, "geometry": { "type": "Point", "coordinates": [ 139.782362299999932, 35.7084214 ] } },
{ "type": "Feature", "properties": { "内容": "しばさき在宅リハビリテーションクリニック【訪問リハビリテーション】東京都台東区千束2-21-3廣野第2ビル2F", "url2": "https://www.kaigokensaku.mhlw.go.jp/13/index.php?action_kouhyou_detail_004_kani=true&JigyosyoCd=1310632075-00&ServiceCd=140&Type=search" }, "geometry": { "type": "Point", "coordinates": [ 139.789491199999986, 35.721052 ] } },
{ "type": "Feature", "properties": { "内容": "永寿総合病院柳橋分院【訪問リハビリテーション】東京都台東区柳橋2-20-4", "url2": "https://www.kaigokensaku.mhlw.go.jp/13/index.php?action_kouhyou_detail_004_kani=true&JigyosyoCd=1310670620-00&ServiceCd=140&Type=search" }, "geometry": { "type": "Point", "coordinates": [ 139.789715, 35.6989393 ] } },
{ "type": "Feature", "properties": { "内容": "医療法人社団同善会　同善病院【訪問リハビリテーション】東京都台東区三ノ輪2丁目7-5", "url2": "https://www.kaigokensaku.mhlw.go.jp/13/index.php?action_kouhyou_detail_004_kani=true&JigyosyoCd=1310670638-00&ServiceCd=140&Type=search" }, "geometry": { "type": "Point", "coordinates": [ 139.7938685, 35.7294465 ] } },
{ "type": "Feature", "properties": { "内容": "社会医療法人財団正明会　山田記念病院【訪問リハビリテーション】東京都墨田区石原2-20-1", "url2": "https://www.kaigokensaku.mhlw.go.jp/13/index.php?action_kouhyou_detail_004_kani=true&JigyosyoCd=1310770750-00&ServiceCd=140&Type=search" }, "geometry": { "type": "Point", "coordinates": [ 139.8006861, 35.7009696 ] } },
{ "type": "Feature", "properties": { "内容": "賛育会病院【訪問リハビリテーション】東京都墨田区太平3-20-2", "url2": "https://www.kaigokensaku.mhlw.go.jp/13/index.php?action_kouhyou_detail_004_kani=true&JigyosyoCd=1310710772-00&ServiceCd=140&Type=search" }, "geometry": { "type": "Point", "coordinates": [ 139.813907, 35.7025941 ] } },
{ "type": "Feature", "properties": { "内容": "医療法人社団健芯会　ライフクリニック【訪問リハビリテーション】東京都墨田区江東橋５－１４－４", "url2": "https://www.kaigokensaku.mhlw.go.jp/13/index.php?action_kouhyou_detail_004_kani=true&JigyosyoCd=1310729277-00&ServiceCd=140&Type=search" }, "geometry": { "type": "Point", "coordinates": [ 139.8114392, 35.6924661 ] } },
{ "type": "Feature", "properties": { "内容": "社会福祉法人恩賜財団東京都済生会向島病院【訪問リハビリテーション】東京都墨田区八広1-5-10", "url2": "https://www.kaigokensaku.mhlw.go.jp/13/index.php?action_kouhyou_detail_004_kani=true&JigyosyoCd=1310710764-00&ServiceCd=140&Type=search" }, "geometry": { "type": "Point", "coordinates": [ 139.8222259, 35.72065760000001 ] } },
{ "type": "Feature", "properties": { "内容": "東京都リハビリテーション病院【訪問リハビリテーション】東京都墨田区堤通2-14-1", "url2": "https://www.kaigokensaku.mhlw.go.jp/13/index.php?action_kouhyou_detail_004_kani=true&JigyosyoCd=1310770677-00&ServiceCd=140&Type=search" }, "geometry": { "type": "Point", "coordinates": [ 139.815730300000041, 35.7358508 ] } },
{ "type": "Feature", "properties": { "内容": "医療法人伯鳳会　東京曳舟病院【訪問リハビリテーション】東京都墨田区東向島2-27-1東京曳舟病院", "url2": "https://www.kaigokensaku.mhlw.go.jp/13/index.php?action_kouhyou_detail_004_kani=true&JigyosyoCd=1310770784-00&ServiceCd=140&Type=search" }, "geometry": { "type": "Point", "coordinates": [ 139.8169926, 35.7176842 ] } },
{ "type": "Feature", "properties": { "内容": "医療法人社団翠松会　みどり整形外科クリニック【訪問リハビリテーション】東京都墨田区緑１－１４－２柏原マンション１０１", "url2": "https://www.kaigokensaku.mhlw.go.jp/13/index.php?action_kouhyou_detail_004_kani=true&JigyosyoCd=1310727362-00&ServiceCd=140&Type=search" }, "geometry": { "type": "Point", "coordinates": [ 139.799228099999937, 35.6943565 ] } },
{ "type": "Feature", "properties": { "内容": "深川立川病院【訪問リハビリテーション】東京都江東区扇橋二丁目２番３号", "url2": "https://www.kaigokensaku.mhlw.go.jp/13/index.php?action_kouhyou_detail_004_kani=true&JigyosyoCd=1310870964-00&ServiceCd=140&Type=search" }, "geometry": { "type": "Point", "coordinates": [ 139.814635, 35.68276620000001 ] } },
{ "type": "Feature", "properties": { "内容": "医療法人社団広育会　わかたけクリニック【訪問リハビリテーション】東京都江東区亀戸９丁目３４番１１３６号", "url2": "https://www.kaigokensaku.mhlw.go.jp/13/index.php?action_kouhyou_detail_004_kani=true&JigyosyoCd=1310829895-00&ServiceCd=140&Type=search" }, "geometry": { "type": "Point", "coordinates": [ 139.840707322684466, 35.700417384473177 ] } },
{ "type": "Feature", "properties": { "内容": "あそか病院【訪問リハビリテーション】東京都江東区住吉1丁目18番1号", "url2": "https://www.kaigokensaku.mhlw.go.jp/13/index.php?action_kouhyou_detail_004_kani=true&JigyosyoCd=1310814913-00&ServiceCd=140&Type=search" }, "geometry": { "type": "Point", "coordinates": [ 139.8118891, 35.689926200000031 ] } },
{ "type": "Feature", "properties": { "内容": "医療法人社団　田尻整形外科【訪問リハビリテーション】東京都江東区東砂４－２２－１", "url2": "https://www.kaigokensaku.mhlw.go.jp/13/index.php?action_kouhyou_detail_004_kani=true&JigyosyoCd=1310828053-00&ServiceCd=140&Type=search" }, "geometry": { "type": "Point", "coordinates": [ 139.840327, 35.6798282 ] } },
{ "type": "Feature", "properties": { "内容": "江東リハビリテーション病院【訪問リハビリテーション】東京都江東区北砂2-15-15", "url2": "https://www.kaigokensaku.mhlw.go.jp/13/index.php?action_kouhyou_detail_004_kani=true&JigyosyoCd=1310871020-00&ServiceCd=140&Type=search" }, "geometry": { "type": "Point", "coordinates": [ 139.826403099999965, 35.6847156 ] } },
{ "type": "Feature", "properties": { "内容": "なかむら整形外科【訪問リハビリテーション】東京都江東区高橋１４－３盛市ビル４階", "url2": "https://www.kaigokensaku.mhlw.go.jp/13/index.php?action_kouhyou_detail_004_kani=true&JigyosyoCd=1310826982-00&ServiceCd=140&Type=search" }, "geometry": { "type": "Point", "coordinates": [ 139.799233800000025, 35.6857464 ] } },
{ "type": "Feature", "properties": { "内容": "公益財団法人河野臨牀医学研究所附属品川リハビリテーション病院【訪問リハビリテーション】東京都品川区北品川５丁目２番１号品川リハビリテーションパーク・品川区立大崎図書館", "url2": "https://www.kaigokensaku.mhlw.go.jp/13/index.php?action_kouhyou_detail_004_kani=true&JigyosyoCd=1310970608-00&ServiceCd=140&Type=search" }, "geometry": { "type": "Point", "coordinates": [ 139.7317002, 35.623211 ] } },
{ "type": "Feature", "properties": { "内容": "医療法人財団佐花会大井中央病院【訪問リハビリテーション】東京都品川区大井４丁目１１番２７号", "url2": "https://www.kaigokensaku.mhlw.go.jp/13/index.php?action_kouhyou_detail_004_kani=true&JigyosyoCd=1310913269-00&ServiceCd=140&Type=search" }, "geometry": { "type": "Point", "coordinates": [ 139.733533, 35.6013645 ] } },
{ "type": "Feature", "properties": { "内容": "医療法人社団　双愛会　ツインハート在宅クリニック品川【訪問リハビリテーション】東京都品川区大井１丁目５５−６牧ビル201", "url2": "https://www.kaigokensaku.mhlw.go.jp/13/index.php?action_kouhyou_detail_004_kani=true&JigyosyoCd=1310935635-00&ServiceCd=140&Type=search" }, "geometry": { "type": "Point", "coordinates": [ 139.7330102, 35.6041765 ] } },
{ "type": "Feature", "properties": { "内容": "いすゞ病院【訪問リハビリテーション】東京都品川区南大井6-21-10", "url2": "https://www.kaigokensaku.mhlw.go.jp/13/index.php?action_kouhyou_detail_004_kani=true&JigyosyoCd=1310970491-00&ServiceCd=140&Type=search" }, "geometry": { "type": "Point", "coordinates": [ 139.732732031077063, 35.58957094181293 ] } },
{ "type": "Feature", "properties": { "内容": "社会医療法人社団　東京巨樹の会　東京品川病院【訪問リハビリテーション】東京都品川区東大井６丁目３番２２号", "url2": "https://www.kaigokensaku.mhlw.go.jp/13/index.php?action_kouhyou_detail_004_kani=true&JigyosyoCd=1310970590-00&ServiceCd=140&Type=search" }, "geometry": { "type": "Point", "coordinates": [ 139.7348766, 35.6017224 ] } },
{ "type": "Feature", "properties": { "内容": "五反田リハビリテーション病院【訪問リハビリテーション】東京都品川区西五反田8-8-20", "url2": "https://www.kaigokensaku.mhlw.go.jp/13/index.php?action_kouhyou_detail_004_kani=true&JigyosyoCd=1310970616-00&ServiceCd=140&Type=search" }, "geometry": { "type": "Point", "coordinates": [ 139.7207258, 35.6216582 ] } },
{ "type": "Feature", "properties": { "内容": "訪問リハビリテーション　カルナ五反田【訪問リハビリテーション】東京都品川区西五反田3-10-9carna五反田6階", "url2": "https://www.kaigokensaku.mhlw.go.jp/13/index.php?action_kouhyou_detail_004_kani=true&JigyosyoCd=1310934554-00&ServiceCd=140&Type=search" }, "geometry": { "type": "Point", "coordinates": [ 139.715858900000057, 35.6267513 ] } },
{ "type": "Feature", "properties": { "内容": "星野医院【訪問リハビリテーション】東京都　品川区　東大井　6-16-8", "url2": "https://www.kaigokensaku.mhlw.go.jp/13/index.php?action_kouhyou_detail_004_kani=true&JigyosyoCd=1310935601-00&ServiceCd=140&Type=search" }, "geometry": { "type": "Point", "coordinates": [ 139.735698720901496, 35.600069891913527 ] } },
{ "type": "Feature", "properties": { "内容": "医療法人財団ティーダ　大井町整形外科・外科クリニック【訪問リハビリテーション】東京都品川区大井1-23-21カクタビル5Ｆ・6Ｆ", "url2": "https://www.kaigokensaku.mhlw.go.jp/13/index.php?action_kouhyou_detail_004_kani=true&JigyosyoCd=1310934810-00&ServiceCd=140&Type=search" }, "geometry": { "type": "Point", "coordinates": [ 139.732710900000029, 35.6062279 ] } },
{ "type": "Feature", "properties": { "内容": "医療法人社団　順信会　目黒整形外科内科【訪問リハビリテーション】東京都目黒区目黒本町６－１－２友愛ビル１階・２階", "url2": "https://www.kaigokensaku.mhlw.go.jp/13/index.php?action_kouhyou_detail_004_kani=true&JigyosyoCd=1311028265-00&ServiceCd=140&Type=search" }, "geometry": { "type": "Point", "coordinates": [ 139.697277399999962, 35.6221263 ] } },
{ "type": "Feature", "properties": { "内容": "オーバル中目黒整形外科【訪問リハビリテーション】東京都目黒区上目黒2-15-14ＩＲＯＮＳＩＤＥＮＡＫＡＭＥＧＵＲＯ5階", "url2": "https://www.kaigokensaku.mhlw.go.jp/13/index.php?action_kouhyou_detail_004_kani=true&JigyosyoCd=1311032150-00&ServiceCd=140&Type=search" }, "geometry": { "type": "Point", "coordinates": [ 139.6970605, 35.6421659 ] } },
{ "type": "Feature", "properties": { "内容": "医療法人財団日扇会第一病院【訪問リハビリテーション】東京都目黒区中根2-10-20", "url2": "https://www.kaigokensaku.mhlw.go.jp/13/index.php?action_kouhyou_detail_004_kani=true&JigyosyoCd=1371000728-00&ServiceCd=140&Type=search" }, "geometry": { "type": "Point", "coordinates": [ 139.676588085612025, 35.614711382353946 ] } },
{ "type": "Feature", "properties": { "内容": "医療法人　横浜未来ヘルスケアシステム　大田池上病院【訪問リハビリテーション】東京都大田区池上2-7-10", "url2": "https://www.kaigokensaku.mhlw.go.jp/13/index.php?action_kouhyou_detail_004_kani=true&JigyosyoCd=1311113513-00&ServiceCd=140&Type=search" }, "geometry": { "type": "Point", "coordinates": [ 139.701135499999964, 35.5784619 ] } },
{ "type": "Feature", "properties": { "内容": "東馬込しば整形外科【訪問リハビリテーション】東京都大田区東馬込１－１９－３", "url2": "https://www.kaigokensaku.mhlw.go.jp/13/index.php?action_kouhyou_detail_004_kani=true&JigyosyoCd=1315620372-00&ServiceCd=140&Type=search" }, "geometry": { "type": "Point", "coordinates": [ 139.714568837434371, 35.596755812328183 ] } },
{ "type": "Feature", "properties": { "内容": "医療法人社団　壮友会　山口医院【訪問リハビリテーション】東京都大田区南千束二丁目17番2号山口ビル1階", "url2": "https://www.kaigokensaku.mhlw.go.jp/13/index.php?action_kouhyou_detail_004_kani=true&JigyosyoCd=1311135318-00&ServiceCd=140&Type=search" }, "geometry": { "type": "Point", "coordinates": [ 139.688421400000038, 35.604733100000011 ] } },
{ "type": "Feature", "properties": { "内容": "医療法人社団　涓泉会　山王リハビリ・クリニック【訪問リハビリテーション】東京都大田区東雪谷3-4-2", "url2": "https://www.kaigokensaku.mhlw.go.jp/13/index.php?action_kouhyou_detail_004_kani=true&JigyosyoCd=1311138726-00&ServiceCd=140&Type=search" }, "geometry": { "type": "Point", "coordinates": [ 139.690062600000033, 35.5955129 ] } },
{ "type": "Feature", "properties": { "内容": "東急株式会社　東急病院【訪問リハビリテーション】東京都大田区北千束３丁目２７番２号", "url2": "https://www.kaigokensaku.mhlw.go.jp/13/index.php?action_kouhyou_detail_004_kani=true&JigyosyoCd=1311171099-00&ServiceCd=140&Type=search" }, "geometry": { "type": "Point", "coordinates": [ 139.6859627, 35.6075325 ] } },
{ "type": "Feature", "properties": { "内容": "東京リハビリ整形外科クリニック　おおた【訪問リハビリテーション】東京都大田区蒲田一丁目9番11号1F", "url2": "https://www.kaigokensaku.mhlw.go.jp/13/index.php?action_kouhyou_detail_004_kani=true&JigyosyoCd=1315622212-00&ServiceCd=140&Type=search" }, "geometry": { "type": "Point", "coordinates": [ 139.719932320237774, 35.566642745483144 ] } },
{ "type": "Feature", "properties": { "内容": "医療法人社団心愛会　TOWN訪問診療所城南【訪問リハビリテーション】東京都大田区上池台一丁目40番6号ガーデニア上池台101号室", "url2": "https://www.kaigokensaku.mhlw.go.jp/13/index.php?action_kouhyou_detail_004_kani=true&JigyosyoCd=1315622667-00&ServiceCd=140&Type=search" }, "geometry": { "type": "Point", "coordinates": [ 139.6989791, 35.600608900000019 ] } },
{ "type": "Feature", "properties": { "内容": "医療法人社団巨樹の会　蒲田リハビリテーション病院【訪問リハビリテーション】東京都大田区大森西4-14-5", "url2": "https://www.kaigokensaku.mhlw.go.jp/13/index.php?action_kouhyou_detail_004_kani=true&JigyosyoCd=1315670047-00&ServiceCd=140&Type=search" }, "geometry": { "type": "Point", "coordinates": [ 139.720579, 35.572504 ] } },
{ "type": "Feature", "properties": { "内容": "医療法人社団　紹郷会　雑色たなべ整形外科リハビリテーション科【訪問リハビリテーション】東京都大田区東六郷2-10-10", "url2": "https://www.kaigokensaku.mhlw.go.jp/13/index.php?action_kouhyou_detail_004_kani=true&JigyosyoCd=1315621123-00&ServiceCd=140&Type=search" }, "geometry": { "type": "Point", "coordinates": [ 139.717543500000033, 35.549246 ] } },
{ "type": "Feature", "properties": { "内容": "医療法人社団双愛会ツインハート在宅クリニック蒲田【訪問リハビリテーション】東京都大田区南蒲田二丁目4番19号ANTビル4階", "url2": "https://www.kaigokensaku.mhlw.go.jp/13/index.php?action_kouhyou_detail_004_kani=true&JigyosyoCd=1315621396-00&ServiceCd=140&Type=search" }, "geometry": { "type": "Point", "coordinates": [ 139.7227494, 35.5582717 ] } },
{ "type": "Feature", "properties": { "内容": "みらいメディカルクリニック西六郷【訪問リハビリテーション】東京都大田区西六郷1-18-11グランドソレイユ１階", "url2": "https://www.kaigokensaku.mhlw.go.jp/13/index.php?action_kouhyou_detail_004_kani=true&JigyosyoCd=1315621925-00&ServiceCd=140&Type=search" }, "geometry": { "type": "Point", "coordinates": [ 139.706868, 35.5543783 ] } },
{ "type": "Feature", "properties": { "内容": "福）長寿村　大田ナーシングホーム翔裕園　訪問リハビリテーション【訪問リハビリテーション】東京都大田区東六郷1-12-11大田ナーシングホーム翔裕園", "url2": "https://www.kaigokensaku.mhlw.go.jp/13/index.php?action_kouhyou_detail_004_kani=true&JigyosyoCd=1371111830-00&ServiceCd=140&Type=search" }, "geometry": { "type": "Point", "coordinates": [ 139.719678899999963, 35.5538246 ] } },
{ "type": "Feature", "properties": { "内容": "社会福祉法人東京有隣会有隣病院【訪問リハビリテーション】東京都世田谷区船橋２－１５－３８", "url2": "https://www.kaigokensaku.mhlw.go.jp/13/index.php?action_kouhyou_detail_004_kani=true&JigyosyoCd=1311213032-00&ServiceCd=140&Type=search" }, "geometry": { "type": "Point", "coordinates": [ 139.619139800000028, 35.6509917 ] } },
{ "type": "Feature", "properties": { "内容": "医療法人社団篠田会　大原クリニック【訪問リハビリテーション】東京都世田谷区大原2-23-19", "url2": "https://www.kaigokensaku.mhlw.go.jp/13/index.php?action_kouhyou_detail_004_kani=true&JigyosyoCd=1315525407-00&ServiceCd=140&Type=search" }, "geometry": { "type": "Point", "coordinates": [ 139.6604793, 35.671969 ] } },
{ "type": "Feature", "properties": { "内容": "ふくろうクリニック等々力【訪問リハビリテーション】等々力3-5-2ヒューリック等々力3階", "url2": "https://www.kaigokensaku.mhlw.go.jp/13/index.php?action_kouhyou_detail_004_kani=true&JigyosyoCd=1315526421-00&ServiceCd=140&Type=search" }, "geometry": { "type": "Point", "coordinates": [ 139.6477779, 35.6086478 ] } },
{ "type": "Feature", "properties": { "内容": "成城リハビリテーション病院　訪問リハビリテーション【訪問リハビリテーション】東京都世田谷区祖師谷3－8－7", "url2": "https://www.kaigokensaku.mhlw.go.jp/13/index.php?action_kouhyou_detail_004_kani=true&JigyosyoCd=1315570080-00&ServiceCd=140&Type=search" }, "geometry": { "type": "Point", "coordinates": [ 139.60490733558197, 35.642385531538054 ] } },
{ "type": "Feature", "properties": { "内容": "医療法人社団　慈泉会　介護老人保健施設　うなね杏霞苑【訪問リハビリテーション】東京都世田谷区宇奈根3-12-29", "url2": "https://www.kaigokensaku.mhlw.go.jp/13/index.php?action_kouhyou_detail_004_kani=true&JigyosyoCd=1371213677-00&ServiceCd=140&Type=search" }, "geometry": { "type": "Point", "coordinates": [ 139.604567, 35.6248383 ] } },
{ "type": "Feature", "properties": { "内容": "五十畑クリニック【訪問リハビリテーション】東京都世田谷区経堂1-11-4", "url2": "https://www.kaigokensaku.mhlw.go.jp/13/index.php?action_kouhyou_detail_004_kani=true&JigyosyoCd=1311236041-00&ServiceCd=140&Type=search" }, "geometry": { "type": "Point", "coordinates": [ 139.6371679, 35.6490966 ] } },
{ "type": "Feature", "properties": { "内容": "古畑病院【訪問リハビリテーション】東京都世田谷区池尻2-33-10", "url2": "https://www.kaigokensaku.mhlw.go.jp/13/index.php?action_kouhyou_detail_004_kani=true&JigyosyoCd=1311270032-00&ServiceCd=140&Type=search" }, "geometry": { "type": "Point", "coordinates": [ 139.681836850262442, 35.648958128017782 ] } },
{ "type": "Feature", "properties": { "内容": "医療法人社団明世会成城内科【訪問リハビリテーション】東京都世田谷区成城6-22-3", "url2": "https://www.kaigokensaku.mhlw.go.jp/13/index.php?action_kouhyou_detail_004_kani=true&JigyosyoCd=1315520432-00&ServiceCd=140&Type=search" }, "geometry": { "type": "Point", "coordinates": [ 139.598918700000013, 35.6433105 ] } },
{ "type": "Feature", "properties": { "内容": "医療法人社団　山手クリニック【訪問リハビリテーション】東京都世田谷区代沢2-28-11DAIZAWAFLAT", "url2": "https://www.kaigokensaku.mhlw.go.jp/13/index.php?action_kouhyou_detail_004_kani=true&JigyosyoCd=1315527064-00&ServiceCd=140&Type=search" }, "geometry": { "type": "Point", "coordinates": [ 139.66848784047545, 35.658707437797005 ] } },
{ "type": "Feature", "properties": { "内容": "ふくろうクリニック自由が丘【訪問リハビリテーション】東京都世田谷奥沢6-20-23フォーラム自由が丘　1F-A、2F-A", "url2": "https://www.kaigokensaku.mhlw.go.jp/13/index.php?action_kouhyou_detail_004_kani=true&JigyosyoCd=1315530563-00&ServiceCd=140&Type=search" }, "geometry": { "type": "Point", "coordinates": [ 139.665677100000011, 35.6045941 ] } },
{ "type": "Feature", "properties": { "内容": "木内整形外科【訪問リハビリテーション】東京都世田谷区松原1-33-10", "url2": "https://www.kaigokensaku.mhlw.go.jp/13/index.php?action_kouhyou_detail_004_kani=true&JigyosyoCd=1315530795-00&ServiceCd=140&Type=search" }, "geometry": { "type": "Point", "coordinates": [ 139.6517255, 35.6677845 ] } },
{ "type": "Feature", "properties": { "内容": "せたがや岡田整形外科【訪問リハビリテーション】東京都世田谷区太子堂4-30-25澤村カスケーダ１階１０１号", "url2": "https://www.kaigokensaku.mhlw.go.jp/13/index.php?action_kouhyou_detail_004_kani=true&JigyosyoCd=1315531421-00&ServiceCd=140&Type=search" }, "geometry": { "type": "Point", "coordinates": [ 139.669165600000014, 35.6461059 ] } },
{ "type": "Feature", "properties": { "内容": "世田谷記念病院【訪問リハビリテーション】東京都世田谷区野毛2丁目30番10号", "url2": "https://www.kaigokensaku.mhlw.go.jp/13/index.php?action_kouhyou_detail_004_kani=true&JigyosyoCd=1315570072-00&ServiceCd=140&Type=search" }, "geometry": { "type": "Point", "coordinates": [ 139.638039299999946, 35.6037139 ] } },
{ "type": "Feature", "properties": { "内容": "武田整形外科【訪問リハビリテーション】東京都世田谷区玉川3-39-7", "url2": "https://www.kaigokensaku.mhlw.go.jp/13/index.php?action_kouhyou_detail_004_kani=true&JigyosyoCd=1311233980-00&ServiceCd=140&Type=search" }, "geometry": { "type": "Point", "coordinates": [ 139.621074294413802, 35.61740560523662 ] } },
{ "type": "Feature", "properties": { "内容": "一般財団法人平和協会駒沢診療所【訪問リハビリテーション】東京都世田谷区上馬4丁目5番8号", "url2": "https://www.kaigokensaku.mhlw.go.jp/13/index.php?action_kouhyou_detail_004_kani=true&JigyosyoCd=1311237098-00&ServiceCd=140&Type=search" }, "geometry": { "type": "Point", "coordinates": [ 139.6608387, 35.6341043 ] } },
{ "type": "Feature", "properties": { "内容": "医療法人社団　和孝会　荻原整形外科【訪問リハビリテーション】東京都渋谷区本町2-7-10", "url2": "https://www.kaigokensaku.mhlw.go.jp/13/index.php?action_kouhyou_detail_004_kani=true&JigyosyoCd=1311330711-00&ServiceCd=140&Type=search" }, "geometry": { "type": "Point", "coordinates": [ 139.6829295, 35.683774 ] } },
{ "type": "Feature", "properties": { "内容": "医療法人社団輝生会　初台リハビリテーション病院【訪問リハビリテーション】東京都渋谷区本町3-53-3", "url2": "https://www.kaigokensaku.mhlw.go.jp/13/index.php?action_kouhyou_detail_004_kani=true&JigyosyoCd=1311370162-00&ServiceCd=140&Type=search" }, "geometry": { "type": "Point", "coordinates": [ 139.684109900000067, 35.6863016 ] } },
{ "type": "Feature", "properties": { "内容": "原宿リハビリテーション病院【訪問リハビリテーション】東京都渋谷区神宮前6-26-1", "url2": "https://www.kaigokensaku.mhlw.go.jp/13/index.php?action_kouhyou_detail_004_kani=true&JigyosyoCd=1316070015-00&ServiceCd=140&Type=search" }, "geometry": { "type": "Point", "coordinates": [ 139.7024733, 35.6668742 ] } },
{ "type": "Feature", "properties": { "内容": "代々木病院訪問リハビリテーション事業所【訪問リハビリテーション】東京都渋谷区千駄ヶ谷1-30-7本館2階", "url2": "https://www.kaigokensaku.mhlw.go.jp/13/index.php?action_kouhyou_detail_004_kani=true&JigyosyoCd=1311370105-00&ServiceCd=140&Type=search" }, "geometry": { "type": "Point", "coordinates": [ 139.709551660713259, 35.681121929653209 ] } },
{ "type": "Feature", "properties": { "内容": "ゆみのハートクリニック渋谷【訪問リハビリテーション】東京都渋谷区桜丘町15-3堀ビル301", "url2": "https://www.kaigokensaku.mhlw.go.jp/13/index.php?action_kouhyou_detail_004_kani=true&JigyosyoCd=1316021364-00&ServiceCd=140&Type=search" }, "geometry": { "type": "Point", "coordinates": [ 139.7017275, 35.6563766 ] } },
{ "type": "Feature", "properties": { "内容": "医療法人社団鶴翔会　つるい整形外科【訪問リハビリテーション】東京都中野区野方6-6-2サンクリバージュ野方１F", "url2": "https://www.kaigokensaku.mhlw.go.jp/13/index.php?action_kouhyou_detail_004_kani=true&JigyosyoCd=1311430651-00&ServiceCd=140&Type=search" }, "geometry": { "type": "Point", "coordinates": [ 139.653432899999984, 35.7205998 ] } },
{ "type": "Feature", "properties": { "内容": "中野共立病院【訪問リハビリテーション】東京都中野区中野5-44-7", "url2": "https://www.kaigokensaku.mhlw.go.jp/13/index.php?action_kouhyou_detail_004_kani=true&JigyosyoCd=1311470038-00&ServiceCd=140&Type=search" }, "geometry": { "type": "Point", "coordinates": [ 139.667356500000011, 35.708834 ] } },
{ "type": "Feature", "properties": { "内容": "介護老人保健施設リハビリテーションセンター江古田の森【訪問リハビリテーション】東京都中野区江古田３－１４－１９", "url2": "https://www.kaigokensaku.mhlw.go.jp/13/index.php?action_kouhyou_detail_004_kani=true&JigyosyoCd=1371403153-00&ServiceCd=140&Type=search" }, "geometry": { "type": "Point", "coordinates": [ 139.665365, 35.729588 ] } },
{ "type": "Feature", "properties": { "内容": "新渡戸記念中野総合病院訪問リハビリテーション【訪問リハビリテーション】東京都中野区中央4-59-16", "url2": "https://www.kaigokensaku.mhlw.go.jp/13/index.php?action_kouhyou_detail_004_kani=true&JigyosyoCd=1311410901-00&ServiceCd=140&Type=search" }, "geometry": { "type": "Point", "coordinates": [ 139.667074299999967, 35.7025491 ] } },
{ "type": "Feature", "properties": { "内容": "医療法人社団健朗会三五医院【訪問リハビリテーション】東京都中野区南台２－６－８", "url2": "https://www.kaigokensaku.mhlw.go.jp/13/index.php?action_kouhyou_detail_004_kani=true&JigyosyoCd=1311431402-00&ServiceCd=140&Type=search" }, "geometry": { "type": "Point", "coordinates": [ 139.6711861, 35.6816573 ] } },
{ "type": "Feature", "properties": { "内容": "みやびハート＆ケアクリニック【訪問リハビリテーション】東京都中野区中央3-35-4ナビウス新中野1階EAST", "url2": "https://www.kaigokensaku.mhlw.go.jp/13/index.php?action_kouhyou_detail_004_kani=true&JigyosyoCd=1311433135-00&ServiceCd=140&Type=search" }, "geometry": { "type": "Point", "coordinates": [ 139.6710295, 35.698172 ] } },
{ "type": "Feature", "properties": { "内容": "中野なおクリニック【訪問リハビリテーション】東京都中野区弥生町2－4－9ツナシマ第3ビル2F", "url2": "https://www.kaigokensaku.mhlw.go.jp/13/index.php?action_kouhyou_detail_004_kani=true&JigyosyoCd=1311431758-00&ServiceCd=140&Type=search" }, "geometry": { "type": "Point", "coordinates": [ 139.676710299999968, 35.691367400000019 ] } },
{ "type": "Feature", "properties": { "内容": "医療法人財団健貢会　総合東京病院【訪問リハビリテーション】東京都中野区江古田3-15-2", "url2": "https://www.kaigokensaku.mhlw.go.jp/13/index.php?action_kouhyou_detail_004_kani=true&JigyosyoCd=1311470079-00&ServiceCd=140&Type=search" }, "geometry": { "type": "Point", "coordinates": [ 139.663916041664123, 35.727889244029832 ] } },
{ "type": "Feature", "properties": { "内容": "医療法人社団　くまくぼ整形外科　訪問リハビリテーション【訪問リハビリテーション】東京都中野区沼袋１－７－１４西武沼袋医院ビル５階", "url2": "https://www.kaigokensaku.mhlw.go.jp/13/index.php?action_kouhyou_detail_004_kani=true&JigyosyoCd=1311429794-00&ServiceCd=140&Type=search" }, "geometry": { "type": "Point", "coordinates": [ 139.664185, 35.7188863 ] } },
{ "type": "Feature", "properties": { "内容": "林脳神経外科メディカルクリニック【訪問リハビリテーション】東京都杉並区阿佐谷南1-9-2GOOD地下1階1階", "url2": "https://www.kaigokensaku.mhlw.go.jp/13/index.php?action_kouhyou_detail_004_kani=true&JigyosyoCd=1311537976-00&ServiceCd=140&Type=search" }, "geometry": { "type": "Point", "coordinates": [ 139.638917234354381, 35.698469543231511 ] } },
{ "type": "Feature", "properties": { "内容": "社会福祉法人浴風会　浴風会病院【訪問リハビリテーション】東京都杉並区高井戸西1-12-1", "url2": "https://www.kaigokensaku.mhlw.go.jp/13/index.php?action_kouhyou_detail_004_kani=true&JigyosyoCd=1311514983-00&ServiceCd=140&Type=search" }, "geometry": { "type": "Point", "coordinates": [ 139.609904700000016, 35.6803865 ] } },
{ "type": "Feature", "properties": { "内容": "城西病院訪問リハビリテーション事業所【訪問リハビリテーション】東京都杉並区上荻2-42-11", "url2": "https://www.kaigokensaku.mhlw.go.jp/13/index.php?action_kouhyou_detail_004_kani=true&JigyosyoCd=1311570928-00&ServiceCd=140&Type=search" }, "geometry": { "type": "Point", "coordinates": [ 139.614600699999983, 35.7078951 ] } },
{ "type": "Feature", "properties": { "内容": "医療法人財団荻窪病院　訪問リハビリテーション室【訪問リハビリテーション】東京都杉並区今川3-1-247階", "url2": "https://www.kaigokensaku.mhlw.go.jp/13/index.php?action_kouhyou_detail_004_kani=true&JigyosyoCd=1311514967-00&ServiceCd=140&Type=search" }, "geometry": { "type": "Point", "coordinates": [ 139.60754194378984, 35.715263780683138 ] } },
{ "type": "Feature", "properties": { "内容": "医療法人社団三成会　河北前田病院【訪問リハビリテーション】東京都杉並区本天沼1-2-1", "url2": "https://www.kaigokensaku.mhlw.go.jp/13/index.php?action_kouhyou_detail_004_kani=true&JigyosyoCd=1311517887-00&ServiceCd=140&Type=search" }, "geometry": { "type": "Point", "coordinates": [ 139.633048899999949, 35.7127059 ] } },
{ "type": "Feature", "properties": { "内容": "せいきょう診療所訪問リハビリテーション【訪問リハビリテーション】東京都杉並区松ノ木3-23-8", "url2": "https://www.kaigokensaku.mhlw.go.jp/13/index.php?action_kouhyou_detail_004_kani=true&JigyosyoCd=1311529791-00&ServiceCd=140&Type=search" }, "geometry": { "type": "Point", "coordinates": [ 139.6427447, 35.6947539 ] } },
{ "type": "Feature", "properties": { "内容": "医療法人社団野﨑クリニック【訪問リハビリテーション】東京都杉並区阿佐谷南3-37-13大同ビル301", "url2": "https://www.kaigokensaku.mhlw.go.jp/13/index.php?action_kouhyou_detail_004_kani=true&JigyosyoCd=1311532837-00&ServiceCd=140&Type=search" }, "geometry": { "type": "Point", "coordinates": [ 139.6358396, 35.7046346 ] } },
{ "type": "Feature", "properties": { "内容": "上井草診療所訪問リハビリテーション【訪問リハビリテーション】東京都杉並区今川3-30-10", "url2": "https://www.kaigokensaku.mhlw.go.jp/13/index.php?action_kouhyou_detail_004_kani=true&JigyosyoCd=1311534437-00&ServiceCd=140&Type=search" }, "geometry": { "type": "Point", "coordinates": [ 139.605598500000013, 35.7189529 ] } },
{ "type": "Feature", "properties": { "内容": "河北ファミリークリニック南阿佐谷【訪問リハビリテーション】東京都杉並区阿佐谷南1-16-8ISMASAGAYAビル3・4・5F", "url2": "https://www.kaigokensaku.mhlw.go.jp/13/index.php?action_kouhyou_detail_004_kani=true&JigyosyoCd=1311539238-00&ServiceCd=140&Type=search" }, "geometry": { "type": "Point", "coordinates": [ 139.63604380000001, 35.7008997 ] } },
{ "type": "Feature", "properties": { "内容": "医療法人社団　哺育会　杉並リハビリテーション病院【訪問リハビリテーション】東京都杉並区西荻北2-5-5", "url2": "https://www.kaigokensaku.mhlw.go.jp/13/index.php?action_kouhyou_detail_004_kani=true&JigyosyoCd=1311571017-00&ServiceCd=140&Type=search" }, "geometry": { "type": "Point", "coordinates": [ 139.60221, 35.7043246 ] } },
{ "type": "Feature", "properties": { "内容": "訪問リハビリテーションウェルファー【訪問リハビリテーション】東京都杉並区堀ノ内１－６－６", "url2": "https://www.kaigokensaku.mhlw.go.jp/13/index.php?action_kouhyou_detail_004_kani=true&JigyosyoCd=1371509751-00&ServiceCd=140&Type=search" }, "geometry": { "type": "Point", "coordinates": [ 139.653512399999954, 35.683098300000026 ] } },
{ "type": "Feature", "properties": { "内容": "河北リハビリテーション病院【訪問リハビリテーション】東京都杉並区堀ノ内1-9-27", "url2": "https://www.kaigokensaku.mhlw.go.jp/13/index.php?action_kouhyou_detail_004_kani=true&JigyosyoCd=1311570886-00&ServiceCd=140&Type=search" }, "geometry": { "type": "Point", "coordinates": [ 139.6509542, 35.684062 ] } },
{ "type": "Feature", "properties": { "内容": "南池袋介護老人保健施設アバンセ【訪問リハビリテーション】東京都豊島区南池袋4-6-1南池袋アバンセ", "url2": "https://www.kaigokensaku.mhlw.go.jp/13/index.php?action_kouhyou_detail_004_kani=true&JigyosyoCd=1371606003-00&ServiceCd=140&Type=search" }, "geometry": { "type": "Point", "coordinates": [ 139.716488784655752, 35.721790807074782 ] } },
{ "type": "Feature", "properties": { "内容": "南長崎整形リハビリクリニック【訪問リハビリテーション】東京都豊島区南長崎４－５－２０アイテラス落合南長崎３Ｆ", "url2": "https://www.kaigokensaku.mhlw.go.jp/13/index.php?action_kouhyou_detail_004_kani=true&JigyosyoCd=1311634682-00&ServiceCd=140&Type=search" }, "geometry": { "type": "Point", "coordinates": [ 139.68263879999995, 35.7243332 ] } },
{ "type": "Feature", "properties": { "内容": "ゆみのハートクリニック【訪問リハビリテーション】東京都豊島区高田3-14-29KDX高田馬場ビル1階", "url2": "https://www.kaigokensaku.mhlw.go.jp/13/index.php?action_kouhyou_detail_004_kani=true&JigyosyoCd=1311635119-00&ServiceCd=140&Type=search" }, "geometry": { "type": "Point", "coordinates": [ 139.705103799999961, 35.7150378 ] } },
{ "type": "Feature", "properties": { "内容": "医療法人社団　凜生会　目白整形外科内科【訪問リハビリテーション】東京都豊島区目白２－３８－２", "url2": "https://www.kaigokensaku.mhlw.go.jp/13/index.php?action_kouhyou_detail_004_kani=true&JigyosyoCd=1311635291-00&ServiceCd=140&Type=search" }, "geometry": { "type": "Point", "coordinates": [ 139.70752820000007, 35.7218122 ] } },
{ "type": "Feature", "properties": { "内容": "スガモ駅前整形外科【訪問リハビリテーション】東京都豊島区巣鴨3-20-17AKAビル", "url2": "https://www.kaigokensaku.mhlw.go.jp/13/index.php?action_kouhyou_detail_004_kani=true&JigyosyoCd=1311637925-00&ServiceCd=140&Type=search" }, "geometry": { "type": "Point", "coordinates": [ 139.736253200000021, 35.7347781 ] } },
{ "type": "Feature", "properties": { "内容": "医療法人社団仁泉会　としま昭和病院【訪問リハビリテーション】東京都豊島区南長崎5丁目17-9", "url2": "https://www.kaigokensaku.mhlw.go.jp/13/index.php?action_kouhyou_detail_004_kani=true&JigyosyoCd=1311670892-00&ServiceCd=140&Type=search" }, "geometry": { "type": "Point", "coordinates": [ 139.6822608, 35.728877100000034 ] } },
{ "type": "Feature", "properties": { "内容": "医療法人社団創成会　土屋医院【訪問リハビリテーション】東京都豊島区池袋4-17-10", "url2": "https://www.kaigokensaku.mhlw.go.jp/13/index.php?action_kouhyou_detail_004_kani=true&JigyosyoCd=1371601764-00&ServiceCd=140&Type=search" }, "geometry": { "type": "Point", "coordinates": [ 139.708166300000016, 35.7397382 ] } },
{ "type": "Feature", "properties": { "内容": "山口医院　訪問リハビリテーション・ことぶき【訪問リハビリテーション】東京都豊島区西巣鴨1-19-17", "url2": "https://www.kaigokensaku.mhlw.go.jp/13/index.php?action_kouhyou_detail_004_kani=true&JigyosyoCd=1311636000-00&ServiceCd=140&Type=search" }, "geometry": { "type": "Point", "coordinates": [ 139.725370666270493, 35.736847241537902 ] } },
{ "type": "Feature", "properties": { "内容": "生協浮間診療所【訪問リハビリテーション】東京都北区浮間3-22-1", "url2": "https://www.kaigokensaku.mhlw.go.jp/13/index.php?action_kouhyou_detail_004_kani=true&JigyosyoCd=1311729359-00&ServiceCd=140&Type=search" }, "geometry": { "type": "Point", "coordinates": [ 139.7011862, 35.7878771 ] } },
{ "type": "Feature", "properties": { "内容": "医療法人財団　逸生会　大橋病院　訪問リハビリテーション【訪問リハビリテーション】東京都北区桐ヶ丘1丁目22番1号", "url2": "https://www.kaigokensaku.mhlw.go.jp/13/index.php?action_kouhyou_detail_004_kani=true&JigyosyoCd=1311711878-00&ServiceCd=140&Type=search" }, "geometry": { "type": "Point", "coordinates": [ 139.705190499999958, 35.7754118 ] } },
{ "type": "Feature", "properties": { "内容": "赤羽整形・リウマチクリニック【訪問リハビリテーション】東京都北区赤羽西１丁目１７番８号", "url2": "https://www.kaigokensaku.mhlw.go.jp/13/index.php?action_kouhyou_detail_004_kani=true&JigyosyoCd=1311728872-00&ServiceCd=140&Type=search" }, "geometry": { "type": "Point", "coordinates": [ 139.7182338, 35.7768842 ] } },
{ "type": "Feature", "properties": { "内容": "東京ふれあい医療生活協同組合　梶原診療所【訪問リハビリテーション】東京都北区堀船3-29-9", "url2": "https://www.kaigokensaku.mhlw.go.jp/13/index.php?action_kouhyou_detail_004_kani=true&JigyosyoCd=1311731330-00&ServiceCd=140&Type=search" }, "geometry": { "type": "Point", "coordinates": [ 139.748835916671737, 35.751836163664244 ] } },
{ "type": "Feature", "properties": { "内容": "医療法人社団　田島厚生会　神谷病院【訪問リハビリテーション】東京都北区神谷1-27-14", "url2": "https://www.kaigokensaku.mhlw.go.jp/13/index.php?action_kouhyou_detail_004_kani=true&JigyosyoCd=1311711886-00&ServiceCd=140&Type=search" }, "geometry": { "type": "Point", "coordinates": [ 139.731568899999957, 35.7685608 ] } },
{ "type": "Feature", "properties": { "内容": "医療法人社団和海会　あいべ整形外科【訪問リハビリテーション】東京都北区滝野川6-14-9東京先端医療モールビル202", "url2": "https://www.kaigokensaku.mhlw.go.jp/13/index.php?action_kouhyou_detail_004_kani=true&JigyosyoCd=1311731355-00&ServiceCd=140&Type=search" }, "geometry": { "type": "Point", "coordinates": [ 139.7248322, 35.7437953 ] } },
{ "type": "Feature", "properties": { "内容": "中島クリニック【訪問リハビリテーション】東京都北区東十条3-1-14ライフェールマンション東十条1階", "url2": "https://www.kaigokensaku.mhlw.go.jp/13/index.php?action_kouhyou_detail_004_kani=true&JigyosyoCd=1311731645-00&ServiceCd=140&Type=search" }, "geometry": { "type": "Point", "coordinates": [ 139.728467079830125, 35.764397310033544 ] } },
{ "type": "Feature", "properties": { "内容": "十条かねたか整形外科【訪問リハビリテーション】東京都北区上十条2-8-7", "url2": "https://www.kaigokensaku.mhlw.go.jp/13/index.php?action_kouhyou_detail_004_kani=true&JigyosyoCd=1311732338-00&ServiceCd=140&Type=search" }, "geometry": { "type": "Point", "coordinates": [ 139.721377, 35.7593032 ] } },
{ "type": "Feature", "properties": { "内容": "医療法人社団医食動健　つかさ内科【訪問リハビリテーション】東京都北区西が丘3-17-10西ヶ丘サニーハイツ１階", "url2": "https://www.kaigokensaku.mhlw.go.jp/13/index.php?action_kouhyou_detail_004_kani=true&JigyosyoCd=1311732585-00&ServiceCd=140&Type=search" }, "geometry": { "type": "Point", "coordinates": [ 139.7064947, 35.7689018 ] } },
{ "type": "Feature", "properties": { "内容": "赤羽リハビリテーション病院　訪問リハビリテーション【訪問リハビリテーション】東京都北区赤羽西6-37-12", "url2": "https://www.kaigokensaku.mhlw.go.jp/13/index.php?action_kouhyou_detail_004_kani=true&JigyosyoCd=1311770817-00&ServiceCd=140&Type=search" }, "geometry": { "type": "Point", "coordinates": [ 139.706137899999987, 35.7703178 ] } },
{ "type": "Feature", "properties": { "内容": "しょうの整形外科クリニック【訪問リハビリテーション】東京都北区赤羽西１丁目４番１２号トレディパーチェ赤羽４階", "url2": "https://www.kaigokensaku.mhlw.go.jp/13/index.php?action_kouhyou_detail_004_kani=true&JigyosyoCd=1311732940-00&ServiceCd=140&Type=search" }, "geometry": { "type": "Point", "coordinates": [ 139.720186655819703, 35.776798 ] } },
{ "type": "Feature", "properties": { "内容": "磯医院【訪問リハビリテーション】東京都荒川区南千住1-56-10", "url2": "https://www.kaigokensaku.mhlw.go.jp/13/index.php?action_kouhyou_detail_004_kani=true&JigyosyoCd=1311826767-00&ServiceCd=140&Type=search" }, "geometry": { "type": "Point", "coordinates": [ 139.793129144180284, 35.733323723882364 ] } },
{ "type": "Feature", "properties": { "内容": "まる福ホームクリニック【訪問リハビリテーション】東京都荒川区西尾久4-27-3省栄製作所西尾久4丁目ビル1階", "url2": "https://www.kaigokensaku.mhlw.go.jp/13/index.php?action_kouhyou_detail_004_kani=true&JigyosyoCd=1311826833-00&ServiceCd=140&Type=search" }, "geometry": { "type": "Point", "coordinates": [ 139.75766608437803, 35.745652668848003 ] } },
{ "type": "Feature", "properties": { "内容": "医療法人社団　藤寿会　佐藤病院【訪問リハビリテーション】東京都荒川区西尾久５－７－１", "url2": "https://www.kaigokensaku.mhlw.go.jp/13/index.php?action_kouhyou_detail_004_kani=true&JigyosyoCd=1311870831-00&ServiceCd=140&Type=search" }, "geometry": { "type": "Point", "coordinates": [ 139.7613768, 35.7497603 ] } },
{ "type": "Feature", "properties": { "内容": "医療法人社団　杏精会　岡田病院【訪問リハビリテーション】東京都荒川区荒川5-3-1", "url2": "https://www.kaigokensaku.mhlw.go.jp/13/index.php?action_kouhyou_detail_004_kani=true&JigyosyoCd=1311870815-00&ServiceCd=140&Type=search" }, "geometry": { "type": "Point", "coordinates": [ 139.775703, 35.7374294 ] } },
{ "type": "Feature", "properties": { "内容": "医療法人財団朔望会　介護老人保健施設エーデルワイス【訪問リハビリテーション】東京都板橋区四葉2-21-16", "url2": "https://www.kaigokensaku.mhlw.go.jp/13/index.php?action_kouhyou_detail_004_kani=true&JigyosyoCd=1371903558-00&ServiceCd=140&Type=search" }, "geometry": { "type": "Point", "coordinates": [ 139.6507588, 35.7832808 ] } },
{ "type": "Feature", "properties": { "内容": "医療法人社団叡宥会　安田病院【訪問リハビリテーション】東京都板橋区成増１－１３－９", "url2": "https://www.kaigokensaku.mhlw.go.jp/13/index.php?action_kouhyou_detail_004_kani=true&JigyosyoCd=1311970813-00&ServiceCd=140&Type=search" }, "geometry": { "type": "Point", "coordinates": [ 139.632861942327878, 35.775376408936104 ] } },
{ "type": "Feature", "properties": { "内容": "医療法人社団　明芳会　イムス記念病院【訪問リハビリテーション】東京都板橋区常盤台四丁目25番5号", "url2": "https://www.kaigokensaku.mhlw.go.jp/13/index.php?action_kouhyou_detail_004_kani=true&JigyosyoCd=1311970763-00&ServiceCd=140&Type=search" }, "geometry": { "type": "Point", "coordinates": [ 139.6775922, 35.7634242 ] } },
{ "type": "Feature", "properties": { "内容": "介護老人保健施設　板橋ロイヤルケアセンター【訪問リハビリテーション】東京都板橋区前野町3丁目46番3号", "url2": "https://www.kaigokensaku.mhlw.go.jp/13/index.php?action_kouhyou_detail_004_kani=true&JigyosyoCd=1371912138-00&ServiceCd=140&Type=search" }, "geometry": { "type": "Point", "coordinates": [ 139.6942484, 35.7720338 ] } },
{ "type": "Feature", "properties": { "内容": "林クリニック【訪問リハビリテーション】東京都板橋区小茂根4-28-14", "url2": "https://www.kaigokensaku.mhlw.go.jp/13/index.php?action_kouhyou_detail_004_kani=true&JigyosyoCd=1311928100-00&ServiceCd=140&Type=search" }, "geometry": { "type": "Point", "coordinates": [ 139.6727277, 35.7452253 ] } },
{ "type": "Feature", "properties": { "内容": "医療法人社団経仁会　こうなんクリニック【訪問リハビリテーション】東京都板橋区幸町23-7コモディイイダ幸町店別館1階", "url2": "https://www.kaigokensaku.mhlw.go.jp/13/index.php?action_kouhyou_detail_004_kani=true&JigyosyoCd=1311931559-00&ServiceCd=140&Type=search" }, "geometry": { "type": "Point", "coordinates": [ 139.6985762, 35.7438866 ] } },
{ "type": "Feature", "properties": { "内容": "医療法人社団　理心会　中小路整形リハビリクリニック【訪問リハビリテーション】東京都板橋区坂下2-11-11蓮根マンション102", "url2": "https://www.kaigokensaku.mhlw.go.jp/13/index.php?action_kouhyou_detail_004_kani=true&JigyosyoCd=1311933134-00&ServiceCd=140&Type=search" }, "geometry": { "type": "Point", "coordinates": [ 139.680523099999959, 35.7820906 ] } },
{ "type": "Feature", "properties": { "内容": "医療法人社団　焔　やまと診療所【訪問リハビリテーション】東京都板橋区東新町1-26-14", "url2": "https://www.kaigokensaku.mhlw.go.jp/13/index.php?action_kouhyou_detail_004_kani=true&JigyosyoCd=1311933258-00&ServiceCd=140&Type=search" }, "geometry": { "type": "Point", "coordinates": [ 139.6804946, 35.7570676 ] } },
{ "type": "Feature", "properties": { "内容": "医療法人社団心愛会　TOWN訪問診療所板橋【訪問リハビリテーション】東京都板橋区大山金井町35番2号ボンボニエール1階101号室", "url2": "https://www.kaigokensaku.mhlw.go.jp/13/index.php?action_kouhyou_detail_004_kani=true&JigyosyoCd=1311933761-00&ServiceCd=140&Type=search" }, "geometry": { "type": "Point", "coordinates": [ 139.705193400000013, 35.7470925 ] } },
{ "type": "Feature", "properties": { "内容": "医療法人社団慈誠会　東武練馬中央病院【訪問リハビリテーション】東京都板橋区徳丸三丁目十九番一号", "url2": "https://www.kaigokensaku.mhlw.go.jp/13/index.php?action_kouhyou_detail_004_kani=true&JigyosyoCd=1311970854-00&ServiceCd=140&Type=search" }, "geometry": { "type": "Point", "coordinates": [ 139.659261, 35.770936 ] } },
{ "type": "Feature", "properties": { "内容": "医療法人社団慈誠会　上板橋病院【訪問リハビリテーション】東京都板橋区常盤台４丁目３６番９号", "url2": "https://www.kaigokensaku.mhlw.go.jp/13/index.php?action_kouhyou_detail_004_kani=true&JigyosyoCd=1311970896-00&ServiceCd=140&Type=search" }, "geometry": { "type": "Point", "coordinates": [ 139.676407299999937, 35.7653872 ] } },
{ "type": "Feature", "properties": { "内容": "板橋中央総合病院付属アイ・タワークリニック【訪問リハビリテーション】東京都板橋区舟渡1-13-10アイ・タワー3階", "url2": "https://www.kaigokensaku.mhlw.go.jp/13/index.php?action_kouhyou_detail_004_kani=true&JigyosyoCd=1311930221-00&ServiceCd=140&Type=search" }, "geometry": { "type": "Point", "coordinates": [ 139.6910518, 35.7922512 ] } },
{ "type": "Feature", "properties": { "内容": "IMSグループ　医療法人社団明芳会　イムス板橋リハビリテーション病院　訪問リハビリテーション事業所【訪問リハビリテーション】東京都板橋区小豆沢3丁目11番1号", "url2": "https://www.kaigokensaku.mhlw.go.jp/13/index.php?action_kouhyou_detail_004_kani=true&JigyosyoCd=1311970888-00&ServiceCd=140&Type=search" }, "geometry": { "type": "Point", "coordinates": [ 139.69270819999997, 35.7799746 ] } },
{ "type": "Feature", "properties": { "内容": "IMSグループ　医療法人社団明芳会　高島平中央総合病院　訪問リハビリテーション事業所【訪問リハビリテーション】東京都板橋区高島平1-73-1", "url2": "https://www.kaigokensaku.mhlw.go.jp/13/index.php?action_kouhyou_detail_004_kani=true&JigyosyoCd=1311970946-00&ServiceCd=140&Type=search" }, "geometry": { "type": "Point", "coordinates": [ 139.667567100000042, 35.7870086 ] } },
{ "type": "Feature", "properties": { "内容": "医療法人社団　北町整形外科医院【訪問リハビリテーション】東京都練馬区北町３－１８－１６ORビル１階", "url2": "https://www.kaigokensaku.mhlw.go.jp/13/index.php?action_kouhyou_detail_004_kani=true&JigyosyoCd=1312032688-00&ServiceCd=140&Type=search" }, "geometry": { "type": "Point", "coordinates": [ 139.649387299999944, 35.7684528 ] } },
{ "type": "Feature", "properties": { "内容": "訪問リハビリステーション　ふきのとう【訪問リハビリテーション】東京都練馬区大泉学園町８－２４－２５", "url2": "https://www.kaigokensaku.mhlw.go.jp/13/index.php?action_kouhyou_detail_004_kani=true&JigyosyoCd=1372011492-00&ServiceCd=140&Type=search" }, "geometry": { "type": "Point", "coordinates": [ 139.5980889, 35.7736644 ] } },
{ "type": "Feature", "properties": { "内容": "医療法人社団健育会　介護老人保健施設　ライフサポートひなた【訪問リハビリテーション】東京都練馬区氷川台2-14-3", "url2": "https://www.kaigokensaku.mhlw.go.jp/13/index.php?action_kouhyou_detail_004_kani=true&JigyosyoCd=1372010981-00&ServiceCd=140&Type=search" }, "geometry": { "type": "Point", "coordinates": [ 139.667891700000041, 35.7559963 ] } },
{ "type": "Feature", "properties": { "内容": "介護老人保健施設練馬ゆめの木【訪問リハビリテーション】東京都練馬区大泉町2-17-1", "url2": "https://www.kaigokensaku.mhlw.go.jp/13/index.php?action_kouhyou_detail_004_kani=true&JigyosyoCd=1372013654-00&ServiceCd=140&Type=search" }, "geometry": { "type": "Point", "coordinates": [ 139.603015989024357, 35.760886451606197 ] } },
{ "type": "Feature", "properties": { "内容": "医療法人社団川満惠光会　介護老人保健施設みんなの笑顔【訪問リハビリテーション】東京都練馬区東大泉５－２９－１３", "url2": "https://www.kaigokensaku.mhlw.go.jp/13/index.php?action_kouhyou_detail_004_kani=true&JigyosyoCd=1372013746-00&ServiceCd=140&Type=search" }, "geometry": { "type": "Point", "coordinates": [ 139.586840900000027, 35.747192300000023 ] } },
{ "type": "Feature", "properties": { "内容": "医療法人社団　岡田医院【訪問リハビリテーション】東京都練馬区関町北1－8－9", "url2": "https://www.kaigokensaku.mhlw.go.jp/13/index.php?action_kouhyou_detail_004_kani=true&JigyosyoCd=1312029395-00&ServiceCd=140&Type=search" }, "geometry": { "type": "Point", "coordinates": [ 139.5784784, 35.7250498 ] } },
{ "type": "Feature", "properties": { "内容": "医療法人社団一修会　富田いきいきクリニック【訪問リハビリテーション】東京都練馬区関町北4-4-17エトーレ武蔵関１Ｆ", "url2": "https://www.kaigokensaku.mhlw.go.jp/13/index.php?action_kouhyou_detail_004_kani=true&JigyosyoCd=1312035285-00&ServiceCd=140&Type=search" }, "geometry": { "type": "Point", "coordinates": [ 139.577919800000018, 35.7280777 ] } },
{ "type": "Feature", "properties": { "内容": "訪問リハビリ土支田ののはな【訪問リハビリテーション】東京都練馬区土支田2-29-19たいら整形外科クリニック　2階", "url2": "https://www.kaigokensaku.mhlw.go.jp/13/index.php?action_kouhyou_detail_004_kani=true&JigyosyoCd=1312036168-00&ServiceCd=140&Type=search" }, "geometry": { "type": "Point", "coordinates": [ 139.613411499999984, 35.765089 ] } },
{ "type": "Feature", "properties": { "内容": "大泉はなわクリニック訪問リハビリテーション【訪問リハビリテーション】東京都練馬区東大泉1-28-7フォンターナ琴坂６F", "url2": "https://www.kaigokensaku.mhlw.go.jp/13/index.php?action_kouhyou_detail_004_kani=true&JigyosyoCd=1312037372-00&ServiceCd=140&Type=search" }, "geometry": { "type": "Point", "coordinates": [ 139.5872761, 35.7498051 ] } },
{ "type": "Feature", "properties": { "内容": "慈誠会・練馬高野台病院【訪問リハビリテーション】東京都練馬区高野台3ｰ8ｰ8", "url2": "https://www.kaigokensaku.mhlw.go.jp/13/index.php?action_kouhyou_detail_004_kani=true&JigyosyoCd=1312070993-00&ServiceCd=140&Type=search" }, "geometry": { "type": "Point", "coordinates": [ 139.6120257, 35.7438774 ] } },
{ "type": "Feature", "properties": { "内容": "介護老人保健施設ライフサポートねりま【訪問リハビリテーション】東京都練馬区大泉学園町7-3-28", "url2": "https://www.kaigokensaku.mhlw.go.jp/13/index.php?action_kouhyou_detail_004_kani=true&JigyosyoCd=1372011872-00&ServiceCd=140&Type=search" }, "geometry": { "type": "Point", "coordinates": [ 139.588048050262444, 35.769864979604904 ] } },
{ "type": "Feature", "properties": { "内容": "医療法人社団　錦祥会　錦クリニック【訪問リハビリテーション】東京都練馬区錦１－１４－２０", "url2": "https://www.kaigokensaku.mhlw.go.jp/13/index.php?action_kouhyou_detail_004_kani=true&JigyosyoCd=1312033835-00&ServiceCd=140&Type=search" }, "geometry": { "type": "Point", "coordinates": [ 139.6711302, 35.7584711 ] } },
{ "type": "Feature", "properties": { "内容": "医療法人社団遼山会　関町病院【訪問リハビリテーション】東京都練馬区関町北1-6-19", "url2": "https://www.kaigokensaku.mhlw.go.jp/13/index.php?action_kouhyou_detail_004_kani=true&JigyosyoCd=1312070860-00&ServiceCd=140&Type=search" }, "geometry": { "type": "Point", "coordinates": [ 139.578199486198827, 35.723828199999986 ] } },
{ "type": "Feature", "properties": { "内容": "大泉生協病院【訪問リハビリテーション】東京都練馬区東大泉6-3-3", "url2": "https://www.kaigokensaku.mhlw.go.jp/13/index.php?action_kouhyou_detail_004_kani=true&JigyosyoCd=1312070894-00&ServiceCd=140&Type=search" }, "geometry": { "type": "Point", "coordinates": [ 139.5844253, 35.7413762 ] } },
{ "type": "Feature", "properties": { "内容": "医療法人社団　慈誠会　練馬駅リハビリテーション病院【訪問リハビリテーション】東京都練馬区練馬1-17-1複合施設　ココネリビル5～8階", "url2": "https://www.kaigokensaku.mhlw.go.jp/13/index.php?action_kouhyou_detail_004_kani=true&JigyosyoCd=1312070969-00&ServiceCd=140&Type=search" }, "geometry": { "type": "Point", "coordinates": [ 139.653358, 35.7382309 ] } },
{ "type": "Feature", "properties": { "内容": "池内整形外科【訪問リハビリテーション】東京都練馬区春日町３丁目２９番４１号ＡＺＡ・中の宮・Ａ101", "url2": "https://www.kaigokensaku.mhlw.go.jp/13/index.php?action_kouhyou_detail_004_kani=true&JigyosyoCd=1312033207-00&ServiceCd=140&Type=search" }, "geometry": { "type": "Point", "coordinates": [ 139.641038500000036, 35.7509768 ] } },
{ "type": "Feature", "properties": { "内容": "医療法人社団玲和会みながわ整形外科クリニック【訪問リハビリテーション】東京都足立区東和3-5-2", "url2": "https://www.kaigokensaku.mhlw.go.jp/13/index.php?action_kouhyou_detail_004_kani=true&JigyosyoCd=1312134443-00&ServiceCd=140&Type=search" }, "geometry": { "type": "Point", "coordinates": [ 139.8359725, 35.77103730000001 ] } },
{ "type": "Feature", "properties": { "内容": "心療内科クリニック【訪問リハビリテーション】東京都足立区東綾瀬３－１３－１１", "url2": "https://www.kaigokensaku.mhlw.go.jp/13/index.php?action_kouhyou_detail_004_kani=true&JigyosyoCd=1312130961-00&ServiceCd=140&Type=search" }, "geometry": { "type": "Point", "coordinates": [ 139.83395680000001, 35.7718208 ] } },
{ "type": "Feature", "properties": { "内容": "鹿浜診療所【訪問リハビリテーション】東京都足立区新田2丁目4番15号", "url2": "https://www.kaigokensaku.mhlw.go.jp/13/index.php?action_kouhyou_detail_004_kani=true&JigyosyoCd=1312129963-00&ServiceCd=140&Type=search" }, "geometry": { "type": "Point", "coordinates": [ 139.7413762, 35.7729514 ] } },
{ "type": "Feature", "properties": { "内容": "柳原リハビリテーション病院【訪問リハビリテーション】東京都足立区柳原1-27-5", "url2": "https://www.kaigokensaku.mhlw.go.jp/13/index.php?action_kouhyou_detail_004_kani=true&JigyosyoCd=1312171213-00&ServiceCd=140&Type=search" }, "geometry": { "type": "Point", "coordinates": [ 139.812049699999989, 35.7458963 ] } },
{ "type": "Feature", "properties": { "内容": "医療法人社団　大和会　大内病院【訪問リハビリテーション】東京都足立区西新井5-41-1", "url2": "https://www.kaigokensaku.mhlw.go.jp/13/index.php?action_kouhyou_detail_004_kani=true&JigyosyoCd=1312116846-00&ServiceCd=140&Type=search" }, "geometry": { "type": "Point", "coordinates": [ 139.778267699999958, 35.7850476 ] } },
{ "type": "Feature", "properties": { "内容": "医療法人社団　泰尚会　玄クリニック【訪問リハビリテーション】東京都足立区竹の塚１－３０－２０泰尚ビル１階、２階-B", "url2": "https://www.kaigokensaku.mhlw.go.jp/13/index.php?action_kouhyou_detail_004_kani=true&JigyosyoCd=1312130565-00&ServiceCd=140&Type=search" }, "geometry": { "type": "Point", "coordinates": [ 139.791776700000014, 35.792268 ] } },
{ "type": "Feature", "properties": { "内容": "足立鹿浜医院訪問リハビリテーション【訪問リハビリテーション】東京都足立区鹿浜三丁目6番1号", "url2": "https://www.kaigokensaku.mhlw.go.jp/13/index.php?action_kouhyou_detail_004_kani=true&JigyosyoCd=1312134849-00&ServiceCd=140&Type=search" }, "geometry": { "type": "Point", "coordinates": [ 139.754386899999986, 35.7799063 ] } },
{ "type": "Feature", "properties": { "内容": "等潤病院　訪問リハビリテーション【訪問リハビリテーション】東京都足立区一ツ家4-3-4", "url2": "https://www.kaigokensaku.mhlw.go.jp/13/index.php?action_kouhyou_detail_004_kani=true&JigyosyoCd=1312170116-00&ServiceCd=140&Type=search" }, "geometry": { "type": "Point", "coordinates": [ 139.816951, 35.7791567 ] } },
{ "type": "Feature", "properties": { "内容": "東京北部病院【訪問リハビリテーション】東京都足立区江北6丁目24-6", "url2": "https://www.kaigokensaku.mhlw.go.jp/13/index.php?action_kouhyou_detail_004_kani=true&JigyosyoCd=1312171106-00&ServiceCd=140&Type=search" }, "geometry": { "type": "Point", "coordinates": [ 139.765416, 35.7824508 ] } },
{ "type": "Feature", "properties": { "内容": "特定医療法人社団　潤恵会　敬仁病院訪問リハビリテーション【訪問リハビリテーション】東京都足立区新田2-18-6", "url2": "https://www.kaigokensaku.mhlw.go.jp/13/index.php?action_kouhyou_detail_004_kani=true&JigyosyoCd=1312171205-00&ServiceCd=140&Type=search" }, "geometry": { "type": "Point", "coordinates": [ 139.742772300000013, 35.7731988 ] } },
{ "type": "Feature", "properties": { "内容": "医療法人社団苑田会　花はたリハビリテーション病院【訪問リハビリテーション】東京都足立区花畑5-12-29", "url2": "https://www.kaigokensaku.mhlw.go.jp/13/index.php?action_kouhyou_detail_004_kani=true&JigyosyoCd=1312171494-00&ServiceCd=140&Type=search" }, "geometry": { "type": "Point", "coordinates": [ 139.81000223254091, 35.806862914358781 ] } },
{ "type": "Feature", "properties": { "内容": "米倉脊椎・関節病院【訪問リハビリテーション】東京都足立区扇3-13-14", "url2": "https://www.kaigokensaku.mhlw.go.jp/13/index.php?action_kouhyou_detail_004_kani=true&JigyosyoCd=1312171528-00&ServiceCd=140&Type=search" }, "geometry": { "type": "Point", "coordinates": [ 139.7709188, 35.7691993 ] } },
{ "type": "Feature", "properties": { "内容": "慈英会病院【訪問リハビリテーション】東京都足立区西新井栄町2丁目8番6号", "url2": "https://www.kaigokensaku.mhlw.go.jp/13/index.php?action_kouhyou_detail_004_kani=true&JigyosyoCd=1312171544-00&ServiceCd=140&Type=search" }, "geometry": { "type": "Point", "coordinates": [ 139.788165600000013, 35.7774091 ] } },
{ "type": "Feature", "properties": { "内容": "医療法人社団　苑田会　竹の塚脳神経リハビリテーション病院【訪問リハビリテーション】東京都足立区保木間5-2-3", "url2": "https://www.kaigokensaku.mhlw.go.jp/13/index.php?action_kouhyou_detail_004_kani=true&JigyosyoCd=1312171593-00&ServiceCd=140&Type=search" }, "geometry": { "type": "Point", "coordinates": [ 139.8026176, 35.8005996 ] } },
{ "type": "Feature", "properties": { "内容": "苑田会ニューロリハビリテーション病院【訪問リハビリテーション】東京都足立区青井1-10-10", "url2": "https://www.kaigokensaku.mhlw.go.jp/13/index.php?action_kouhyou_detail_004_kani=true&JigyosyoCd=1312171601-00&ServiceCd=140&Type=search" }, "geometry": { "type": "Point", "coordinates": [ 139.811708900000014, 35.774693100000022 ] } },
{ "type": "Feature", "properties": { "内容": "医療法人社団苑田会　愛里病院【訪問リハビリテーション】東京都足立区千住東1丁目20番12号", "url2": "https://www.kaigokensaku.mhlw.go.jp/13/index.php?action_kouhyou_detail_004_kani=true&JigyosyoCd=1312112241-00&ServiceCd=140&Type=search" }, "geometry": { "type": "Point", "coordinates": [ 139.8045091, 35.7454818 ] } },
{ "type": "Feature", "properties": { "内容": "ほきまクリニック【訪問リハビリテーション】東京都足立区保木間1-37-20", "url2": "https://www.kaigokensaku.mhlw.go.jp/13/index.php?action_kouhyou_detail_004_kani=true&JigyosyoCd=1312129526-00&ServiceCd=140&Type=search" }, "geometry": { "type": "Point", "coordinates": [ 139.810161200000039, 35.7909598 ] } },
{ "type": "Feature", "properties": { "内容": "等潤メディケア診療所　訪問リハビリテーション【訪問リハビリテーション】東京都足立区一ツ家4-2-11", "url2": "https://www.kaigokensaku.mhlw.go.jp/13/index.php?action_kouhyou_detail_004_kani=true&JigyosyoCd=1312135267-00&ServiceCd=140&Type=search" }, "geometry": { "type": "Point", "coordinates": [ 139.8161852, 35.7796409 ] } },
{ "type": "Feature", "properties": { "内容": "医療法人社団　洪泳会　東京洪誠病院【訪問リハビリテーション】東京都足立区西新井栄町1-17-25", "url2": "https://www.kaigokensaku.mhlw.go.jp/13/index.php?action_kouhyou_detail_004_kani=true&JigyosyoCd=1312171288-00&ServiceCd=140&Type=search" }, "geometry": { "type": "Point", "coordinates": [ 139.789352399999984, 35.7750228 ] } },
{ "type": "Feature", "properties": { "内容": "医療法人社団大和会　平成扇病院【訪問リハビリテーション】東京都足立区扇3-26-5", "url2": "https://www.kaigokensaku.mhlw.go.jp/13/index.php?action_kouhyou_detail_004_kani=true&JigyosyoCd=1312171478-00&ServiceCd=140&Type=search" }, "geometry": { "type": "Point", "coordinates": [ 139.773650677246081, 35.774990416206677 ] } },
{ "type": "Feature", "properties": { "内容": "福寿会病院訪問リハビリテーションセンター【訪問リハビリテーション】東京都足立区梅田７丁目１８番１２号", "url2": "https://www.kaigokensaku.mhlw.go.jp/13/index.php?action_kouhyou_detail_004_kani=true&JigyosyoCd=1312171585-00&ServiceCd=140&Type=search" }, "geometry": { "type": "Point", "coordinates": [ 139.799127380895357, 35.770271298101989 ] } },
{ "type": "Feature", "properties": { "内容": "医療法人財団　梅田病院　指定訪問リハビリテーション【訪問リハビリテーション】東京都足立区梅田7丁目1番2号医療法人財団梅田病院", "url2": "https://www.kaigokensaku.mhlw.go.jp/13/index.php?action_kouhyou_detail_004_kani=true&JigyosyoCd=1372103539-00&ServiceCd=140&Type=search" }, "geometry": { "type": "Point", "coordinates": [ 139.8011517, 35.7668849 ] } },
{ "type": "Feature", "properties": { "内容": "久光クリニック【訪問リハビリテーション】東京都足立区六町2-6-24", "url2": "https://www.kaigokensaku.mhlw.go.jp/13/index.php?action_kouhyou_detail_004_kani=true&JigyosyoCd=1312133874-00&ServiceCd=140&Type=search" }, "geometry": { "type": "Point", "coordinates": [ 139.819242799999984, 35.7832137 ] } },
{ "type": "Feature", "properties": { "内容": "介護老人保健施設リハビリケアかつしか訪問リハビリテーション事業所【訪問リハビリテーション】東京都葛飾区西新小岩3-37-8", "url2": "https://www.kaigokensaku.mhlw.go.jp/13/index.php?action_kouhyou_detail_004_kani=true&JigyosyoCd=1372206928-00&ServiceCd=140&Type=search" }, "geometry": { "type": "Point", "coordinates": [ 139.8455533, 35.7225824 ] } },
{ "type": "Feature", "properties": { "内容": "医療法人社団高志会　よつぎ整形外科内科　訪問リハビリテーション【訪問リハビリテーション】東京都葛飾区四つ木1-47-12ハルメディカルビル", "url2": "https://www.kaigokensaku.mhlw.go.jp/13/index.php?action_kouhyou_detail_004_kani=true&JigyosyoCd=1312231892-00&ServiceCd=140&Type=search" }, "geometry": { "type": "Point", "coordinates": [ 139.839607199999989, 35.7355674 ] } },
{ "type": "Feature", "properties": { "内容": "葛飾整形外科クリニック【訪問リハビリテーション】東京都葛飾区細田3-29-15", "url2": "https://www.kaigokensaku.mhlw.go.jp/13/index.php?action_kouhyou_detail_004_kani=true&JigyosyoCd=1312232296-00&ServiceCd=140&Type=search" }, "geometry": { "type": "Point", "coordinates": [ 139.870788700000048, 35.7414583 ] } },
{ "type": "Feature", "properties": { "内容": "医療法人社団明芳会　イムスリハビリテーションセンター東京葛飾病院【訪問リハビリテーション】東京都葛飾区堀切3-26-5", "url2": "https://www.kaigokensaku.mhlw.go.jp/13/index.php?action_kouhyou_detail_004_kani=true&JigyosyoCd=1312270023-00&ServiceCd=140&Type=search" }, "geometry": { "type": "Point", "coordinates": [ 139.8321685, 35.7449955 ] } },
{ "type": "Feature", "properties": { "内容": "医療法人社団五十鈴会坂本病院訪問リハビリテーション【訪問リハビリテーション】東京都葛飾区西新小岩4－39－20", "url2": "https://www.kaigokensaku.mhlw.go.jp/13/index.php?action_kouhyou_detail_004_kani=true&JigyosyoCd=1312270098-00&ServiceCd=140&Type=search" }, "geometry": { "type": "Point", "coordinates": [ 139.855431, 35.7203161 ] } },
{ "type": "Feature", "properties": { "内容": "介護老人保健施設こでまり【訪問リハビリテーション】東京都江戸川区北葛西2-5-21", "url2": "https://www.kaigokensaku.mhlw.go.jp/13/index.php?action_kouhyou_detail_004_kani=true&JigyosyoCd=1372311215-00&ServiceCd=140&Type=search" }, "geometry": { "type": "Point", "coordinates": [ 139.854003500000033, 35.6758384 ] } },
{ "type": "Feature", "properties": { "内容": "医療法人社団みなづき会春江町クリニック【訪問リハビリテーション】東京都江戸川区春江町2-48-14田沢ビル１階", "url2": "https://www.kaigokensaku.mhlw.go.jp/13/index.php?action_kouhyou_detail_004_kani=true&JigyosyoCd=1312329241-00&ServiceCd=140&Type=search" }, "geometry": { "type": "Point", "coordinates": [ 139.890496699999971, 35.7006532 ] } },
{ "type": "Feature", "properties": { "内容": "親和ハートフルクリニック【訪問リハビリテーション】東京都江戸川区平井2-24-16東京育明会ビル１階", "url2": "https://www.kaigokensaku.mhlw.go.jp/13/index.php?action_kouhyou_detail_004_kani=true&JigyosyoCd=1312334118-00&ServiceCd=140&Type=search" }, "geometry": { "type": "Point", "coordinates": [ 139.846228599999989, 35.703665200000046 ] } },
{ "type": "Feature", "properties": { "内容": "老人保健施設ビーバス成光苑【訪問リハビリテーション】東京都江戸川区北小岩２－７－６", "url2": "https://www.kaigokensaku.mhlw.go.jp/13/index.php?action_kouhyou_detail_004_kani=true&JigyosyoCd=1372305514-00&ServiceCd=140&Type=search" }, "geometry": { "type": "Point", "coordinates": [ 139.882526663754277, 35.74229756543167 ] } },
{ "type": "Feature", "properties": { "内容": "介護老人保健施設めぐみ【訪問リハビリテーション】東京都江戸川区東小松川2-7-1", "url2": "https://www.kaigokensaku.mhlw.go.jp/13/index.php?action_kouhyou_detail_004_kani=true&JigyosyoCd=1372310589-00&ServiceCd=140&Type=search" }, "geometry": { "type": "Point", "coordinates": [ 139.864408200000014, 35.6979265 ] } },
{ "type": "Feature", "properties": { "内容": "医療法人社団　杏泉会　塚本医院【訪問リハビリテーション】東京都江戸川区東小岩５－３２－１０１階・２階", "url2": "https://www.kaigokensaku.mhlw.go.jp/13/index.php?action_kouhyou_detail_004_kani=true&JigyosyoCd=1312327328-00&ServiceCd=140&Type=search" }, "geometry": { "type": "Point", "coordinates": [ 139.890698400000019, 35.7327651 ] } },
{ "type": "Feature", "properties": { "内容": "香雪医院【訪問リハビリテーション】東京都江戸川区篠崎町2-1-1", "url2": "https://www.kaigokensaku.mhlw.go.jp/13/index.php?action_kouhyou_detail_004_kani=true&JigyosyoCd=1312332526-00&ServiceCd=140&Type=search" }, "geometry": { "type": "Point", "coordinates": [ 139.90530949999993, 35.7043699 ] } },
{ "type": "Feature", "properties": { "内容": "医療法人社団靭生会　えどがわ在宅・透析クリニック【訪問リハビリテーション】東京都江戸川区南小岩2-18-9", "url2": "https://www.kaigokensaku.mhlw.go.jp/13/index.php?action_kouhyou_detail_004_kani=true&JigyosyoCd=1312334241-00&ServiceCd=140&Type=search" }, "geometry": { "type": "Point", "coordinates": [ 139.8895713, 35.7226523 ] } },
{ "type": "Feature", "properties": { "内容": "医療法人社団晃山会　松江病院【訪問リハビリテーション】東京都江戸川区松江2-6-15", "url2": "https://www.kaigokensaku.mhlw.go.jp/13/index.php?action_kouhyou_detail_004_kani=true&JigyosyoCd=1312371045-00&ServiceCd=140&Type=search" }, "geometry": { "type": "Point", "coordinates": [ 139.8710767, 35.6972387 ] } },
{ "type": "Feature", "properties": { "内容": "医療法人社団　昌医会　葛西昌医会病院【訪問リハビリテーション】東京都江戸川区東葛西6丁目30番3号", "url2": "https://www.kaigokensaku.mhlw.go.jp/13/index.php?action_kouhyou_detail_004_kani=true&JigyosyoCd=1312370930-00&ServiceCd=140&Type=search" }, "geometry": { "type": "Point", "coordinates": [ 139.877464199999963, 35.6605138 ] } },
{ "type": "Feature", "properties": { "内容": "医療法人社団つむぎ会　守島医院【訪問リハビリテーション】東京都江戸川区西小岩1-16-6", "url2": "https://www.kaigokensaku.mhlw.go.jp/13/index.php?action_kouhyou_detail_004_kani=true&JigyosyoCd=1312332955-00&ServiceCd=140&Type=search" }, "geometry": { "type": "Point", "coordinates": [ 139.878307800000016, 35.733822 ] } },
{ "type": "Feature", "properties": { "内容": "永生クリニック【訪問リハビリテーション】東京都八王子市椚田町５８８－１７", "url2": "https://www.kaigokensaku.mhlw.go.jp/13/index.php?action_kouhyou_detail_004_kani=true&JigyosyoCd=1312926814-00&ServiceCd=140&Type=search" }, "geometry": { "type": "Point", "coordinates": [ 139.305906300000061, 35.6394132 ] } },
{ "type": "Feature", "properties": { "内容": "医療法人社団玉栄会東京天使病院【訪問リハビリテーション】東京都八王子市上壱分方町50-1", "url2": "https://www.kaigokensaku.mhlw.go.jp/13/index.php?action_kouhyou_detail_004_kani=true&JigyosyoCd=1312913705-00&ServiceCd=140&Type=search" }, "geometry": { "type": "Point", "coordinates": [ 139.280560199999968, 35.6843963 ] } },
{ "type": "Feature", "properties": { "内容": "医療法人財団仁光会真宮病院【訪問リハビリテーション】東京都八王子市南新町23", "url2": "https://www.kaigokensaku.mhlw.go.jp/13/index.php?action_kouhyou_detail_004_kani=true&JigyosyoCd=1312913762-00&ServiceCd=140&Type=search" }, "geometry": { "type": "Point", "coordinates": [ 139.330105300000014, 35.6585277 ] } },
{ "type": "Feature", "properties": { "内容": "数井クリニック【訪問リハビリテーション】東京都八王子市打越町2001-16田代ビル3階", "url2": "https://www.kaigokensaku.mhlw.go.jp/13/index.php?action_kouhyou_detail_004_kani=true&JigyosyoCd=1312928786-00&ServiceCd=140&Type=search" }, "geometry": { "type": "Point", "coordinates": [ 139.352558499999986, 35.6446208 ] } },
{ "type": "Feature", "properties": { "内容": "医療法人社団永生会クリニックグリーングラス【訪問リハビリテーション】東京都八王子市千人町4-12-3", "url2": "https://www.kaigokensaku.mhlw.go.jp/13/index.php?action_kouhyou_detail_004_kani=true&JigyosyoCd=1312930303-00&ServiceCd=140&Type=search" }, "geometry": { "type": "Point", "coordinates": [ 139.30679, 35.6552997 ] } },
{ "type": "Feature", "properties": { "内容": "グリーングラス南大沢クリニック【訪問リハビリテーション】東京都八王子市下柚木2-26-11", "url2": "https://www.kaigokensaku.mhlw.go.jp/13/index.php?action_kouhyou_detail_004_kani=true&JigyosyoCd=1312930758-00&ServiceCd=140&Type=search" }, "geometry": { "type": "Point", "coordinates": [ 139.381807458860777, 35.624457650942183 ] } },
{ "type": "Feature", "properties": { "内容": "ほったクリニック【訪問リハビリテーション】東京都八王子市南大沢１－２２－３", "url2": "https://www.kaigokensaku.mhlw.go.jp/13/index.php?action_kouhyou_detail_004_kani=true&JigyosyoCd=1312930832-00&ServiceCd=140&Type=search" }, "geometry": { "type": "Point", "coordinates": [ 139.3849856, 35.617066 ] } },
{ "type": "Feature", "properties": { "内容": "北原国際病院【訪問リハビリテーション】東京都八王子市大和田町1-7-23", "url2": "https://www.kaigokensaku.mhlw.go.jp/13/index.php?action_kouhyou_detail_004_kani=true&JigyosyoCd=1312971042-00&ServiceCd=140&Type=search" }, "geometry": { "type": "Point", "coordinates": [ 139.360857300000021, 35.6624104 ] } },
{ "type": "Feature", "properties": { "内容": "右田病院訪問リハビリテーション事業所【訪問リハビリテーション】東京都八王子市暁町1-48-18", "url2": "https://www.kaigokensaku.mhlw.go.jp/13/index.php?action_kouhyou_detail_004_kani=true&JigyosyoCd=1312971208-00&ServiceCd=140&Type=search" }, "geometry": { "type": "Point", "coordinates": [ 139.34065720000001, 35.6688423 ] } },
{ "type": "Feature", "properties": { "内容": "医療法人社団健心会　みなみ野循環器病院【訪問リハビリテーション】東京都八王子市兵衛1-25-1", "url2": "https://www.kaigokensaku.mhlw.go.jp/13/index.php?action_kouhyou_detail_004_kani=true&JigyosyoCd=1312971224-00&ServiceCd=140&Type=search" }, "geometry": { "type": "Point", "coordinates": [ 139.3328238, 35.6313107 ] } },
{ "type": "Feature", "properties": { "内容": "医療法人社団東光会八王子山王病院【訪問リハビリテーション】東京都八王子市中野山王2丁目15番16号", "url2": "https://www.kaigokensaku.mhlw.go.jp/13/index.php?action_kouhyou_detail_004_kani=true&JigyosyoCd=1312971257-00&ServiceCd=140&Type=search" }, "geometry": { "type": "Point", "coordinates": [ 139.3281993, 35.6738508 ] } },
{ "type": "Feature", "properties": { "内容": "訪問リハビリ　結生【訪問リハビリテーション】東京都八王子市元八王子町3-2872-1", "url2": "https://www.kaigokensaku.mhlw.go.jp/13/index.php?action_kouhyou_detail_004_kani=true&JigyosyoCd=1312970135-00&ServiceCd=140&Type=search" }, "geometry": { "type": "Point", "coordinates": [ 139.266974600000026, 35.6537485 ] } },
{ "type": "Feature", "properties": { "内容": "医療法人社団　実穂会　渡辺医院【訪問リハビリテーション】東京都八王子市長房町373-2", "url2": "https://www.kaigokensaku.mhlw.go.jp/13/index.php?action_kouhyou_detail_004_kani=true&JigyosyoCd=1312925972-00&ServiceCd=140&Type=search" }, "geometry": { "type": "Point", "coordinates": [ 139.2980249, 35.6557437 ] } },
{ "type": "Feature", "properties": { "内容": "医療法人財団立川中央病院【訪問リハビリテーション】東京都立川市柴崎町2-17-14", "url2": "https://www.kaigokensaku.mhlw.go.jp/13/index.php?action_kouhyou_detail_004_kani=true&JigyosyoCd=1313013893-00&ServiceCd=140&Type=search" }, "geometry": { "type": "Point", "coordinates": [ 139.407121600000011, 35.6957442 ] } },
{ "type": "Feature", "properties": { "内容": "諏訪の森クリニック【訪問リハビリテーション】東京都立川市柴崎町２－１７－２１２階", "url2": "https://www.kaigokensaku.mhlw.go.jp/13/index.php?action_kouhyou_detail_004_kani=true&JigyosyoCd=1313024932-00&ServiceCd=140&Type=search" }, "geometry": { "type": "Point", "coordinates": [ 139.407295800000014, 35.696504099999984 ] } },
{ "type": "Feature", "properties": { "内容": "むさしの共立診療所訪問リハビリテーション事業部【訪問リハビリテーション】東京都武蔵野市西久保2-17-11", "url2": "https://www.kaigokensaku.mhlw.go.jp/13/index.php?action_kouhyou_detail_004_kani=true&JigyosyoCd=1313323425-00&ServiceCd=140&Type=search" }, "geometry": { "type": "Point", "coordinates": [ 139.558227699999946, 35.7107653 ] } },
{ "type": "Feature", "properties": { "内容": "武蔵野陽和会病院【訪問リハビリテーション】東京都武蔵野市緑町2丁目1番33号", "url2": "https://www.kaigokensaku.mhlw.go.jp/13/index.php?action_kouhyou_detail_004_kani=true&JigyosyoCd=1313370145-00&ServiceCd=140&Type=search" }, "geometry": { "type": "Point", "coordinates": [ 139.565368699999965, 35.7165278 ] } },
{ "type": "Feature", "properties": { "内容": "らいおんハート武蔵野脳神経外科内科クリニック【訪問リハビリテーション】東京都武蔵野市八幡町3-1-25", "url2": "https://www.kaigokensaku.mhlw.go.jp/13/index.php?action_kouhyou_detail_004_kani=true&JigyosyoCd=1313326824-00&ServiceCd=140&Type=search" }, "geometry": { "type": "Point", "coordinates": [ 139.5536789, 35.715413699999985 ] } },
{ "type": "Feature", "properties": { "内容": "介護老人保健施設あんず苑【訪問リハビリテーション】東京都武蔵野市境1-18-5", "url2": "https://www.kaigokensaku.mhlw.go.jp/13/index.php?action_kouhyou_detail_004_kani=true&JigyosyoCd=1373302544-00&ServiceCd=140&Type=search" }, "geometry": { "type": "Point", "coordinates": [ 139.5472331, 35.7031469 ] } },
{ "type": "Feature", "properties": { "内容": "介護老人保健施設太郎【訪問リハビリテーション】東京都三鷹市下連雀4-2-8", "url2": "https://www.kaigokensaku.mhlw.go.jp/13/index.php?action_kouhyou_detail_004_kani=true&JigyosyoCd=1373603164-00&ServiceCd=140&Type=search" }, "geometry": { "type": "Point", "coordinates": [ 139.5646927, 35.6934484 ] } },
{ "type": "Feature", "properties": { "内容": "医療法人社団心愛会　TOWN訪問診療所三鷹【訪問リハビリテーション】東京都三鷹市上連雀1-1-5三鷹ロイヤルハイツ104号", "url2": "https://www.kaigokensaku.mhlw.go.jp/13/index.php?action_kouhyou_detail_004_kani=true&JigyosyoCd=1313624707-00&ServiceCd=140&Type=search" }, "geometry": { "type": "Point", "coordinates": [ 139.5594433, 35.7031422 ] } },
{ "type": "Feature", "properties": { "内容": "一般社団法人緑誠会武蔵野みどり診療所【訪問リハビリテーション】東京都三鷹市井の頭5-7-361F", "url2": "https://www.kaigokensaku.mhlw.go.jp/13/index.php?action_kouhyou_detail_004_kani=true&JigyosyoCd=1313624970-00&ServiceCd=140&Type=search" }, "geometry": { "type": "Point", "coordinates": [ 139.577763953967292, 35.695819186832651 ] } },
{ "type": "Feature", "properties": { "内容": "ゆみのハートクリニック三鷹【訪問リハビリテーション】東京都三鷹市下連雀3-26-9サンシロービル4F", "url2": "https://www.kaigokensaku.mhlw.go.jp/13/index.php?action_kouhyou_detail_004_kani=true&JigyosyoCd=1313625225-00&ServiceCd=140&Type=search" }, "geometry": { "type": "Point", "coordinates": [ 139.5612197, 35.7017643 ] } },
{ "type": "Feature", "properties": { "内容": "医療法人社団倭林会　武蔵野台病院【訪問リハビリテーション】東京都青梅市今井1丁目2586番地", "url2": "https://www.kaigokensaku.mhlw.go.jp/13/index.php?action_kouhyou_detail_004_kani=true&JigyosyoCd=1312870087-00&ServiceCd=140&Type=search" }, "geometry": { "type": "Point", "coordinates": [ 139.313339300000052, 35.8129633 ] } },
{ "type": "Feature", "properties": { "内容": "医療法人社団　三秀会　青梅三慶病院【訪問リハビリテーション】東京都青梅市大柳町1412番地", "url2": "https://www.kaigokensaku.mhlw.go.jp/13/index.php?action_kouhyou_detail_004_kani=true&JigyosyoCd=1312870780-00&ServiceCd=140&Type=search" }, "geometry": { "type": "Point", "coordinates": [ 139.252182166270501, 35.784636189644488 ] } },
{ "type": "Feature", "properties": { "内容": "高木病院訪問リハビリテーション【訪問リハビリテーション】東京都青梅市今寺5-18-19", "url2": "https://www.kaigokensaku.mhlw.go.jp/13/index.php?action_kouhyou_detail_004_kani=true&JigyosyoCd=1312870822-00&ServiceCd=140&Type=search" }, "geometry": { "type": "Point", "coordinates": [ 139.3056574, 35.7933764 ] } },
{ "type": "Feature", "properties": { "内容": "進藤医院訪問リハビリテーション【訪問リハビリテーション】東京都青梅市千ヶ瀬5丁目610番11", "url2": "https://www.kaigokensaku.mhlw.go.jp/13/index.php?action_kouhyou_detail_004_kani=true&JigyosyoCd=1312822500-00&ServiceCd=140&Type=search" }, "geometry": { "type": "Point", "coordinates": [ 139.265979499999986, 35.7859568 ] } },
{ "type": "Feature", "properties": { "内容": "医療法人社団　療心会　府中日新町内科クリニック【訪問リハビリテーション】東京都府中市日新町５-５３-１", "url2": "https://www.kaigokensaku.mhlw.go.jp/13/index.php?action_kouhyou_detail_004_kani=true&JigyosyoCd=1313824232-00&ServiceCd=140&Type=search" }, "geometry": { "type": "Point", "coordinates": [ 139.440072699999973, 35.6698778 ] } },
{ "type": "Feature", "properties": { "内容": "ファミリートクリニック【訪問リハビリテーション】東京都府中市若松町2-4-4", "url2": "https://www.kaigokensaku.mhlw.go.jp/13/index.php?action_kouhyou_detail_004_kani=true&JigyosyoCd=1313824372-00&ServiceCd=140&Type=search" }, "geometry": { "type": "Point", "coordinates": [ 139.4982817, 35.6712044 ] } },
{ "type": "Feature", "properties": { "内容": "共済会櫻井病院【訪問リハビリテーション】東京都府中市是政2-36", "url2": "https://www.kaigokensaku.mhlw.go.jp/13/index.php?action_kouhyou_detail_004_kani=true&JigyosyoCd=1313870011-00&ServiceCd=140&Type=search" }, "geometry": { "type": "Point", "coordinates": [ 139.49825850000002, 35.6593684 ] } },
{ "type": "Feature", "properties": { "内容": "医療法人社団心愛会　TOWN訪問診療所【訪問リハビリテーション】東京都昭島市松原町四丁目11番9号", "url2": "https://www.kaigokensaku.mhlw.go.jp/13/index.php?action_kouhyou_detail_004_kani=true&JigyosyoCd=1314022000-00&ServiceCd=140&Type=search" }, "geometry": { "type": "Point", "coordinates": [ 139.344022644180285, 35.719169174966936 ] } },
{ "type": "Feature", "properties": { "内容": "あきしま相互病院【訪問リハビリテーション】東京都昭島市もくせいの杜2-2-1", "url2": "https://www.kaigokensaku.mhlw.go.jp/13/index.php?action_kouhyou_detail_004_kani=true&JigyosyoCd=1314070843-00&ServiceCd=140&Type=search" }, "geometry": { "type": "Point", "coordinates": [ 139.3843163, 35.7187005 ] } },
{ "type": "Feature", "properties": { "内容": "医療法人社団　竹口病院【訪問リハビリテーション】東京都昭島市玉川町4-6-32", "url2": "https://www.kaigokensaku.mhlw.go.jp/13/index.php?action_kouhyou_detail_004_kani=true&JigyosyoCd=1314018180-00&ServiceCd=140&Type=search" }, "geometry": { "type": "Point", "coordinates": [ 139.6262424, 35.6161825 ] } },
{ "type": "Feature", "properties": { "内容": "介護老人保健施設花水木【訪問リハビリテーション】東京都調布市深大寺北町四丁目１７番地７", "url2": "https://www.kaigokensaku.mhlw.go.jp/13/index.php?action_kouhyou_detail_004_kani=true&JigyosyoCd=1374203683-00&ServiceCd=140&Type=search" }, "geometry": { "type": "Point", "coordinates": [ 139.55204710000001, 35.6796743 ] } },
{ "type": "Feature", "properties": { "内容": "西調布整形外科【訪問リハビリテーション】東京都調布市上石原２－３３－２NKビル３階", "url2": "https://www.kaigokensaku.mhlw.go.jp/13/index.php?action_kouhyou_detail_004_kani=true&JigyosyoCd=1314224945-00&ServiceCd=140&Type=search" }, "geometry": { "type": "Point", "coordinates": [ 139.53043189999994, 35.656667 ] } },
{ "type": "Feature", "properties": { "内容": "国領整形外科とリハビリのクリニック【訪問リハビリテーション】東京都調布市国領町４丁目9−４九曜国領駅前ビル1階", "url2": "https://www.kaigokensaku.mhlw.go.jp/13/index.php?action_kouhyou_detail_004_kani=true&JigyosyoCd=1314225629-00&ServiceCd=140&Type=search" }, "geometry": { "type": "Point", "coordinates": [ 139.557827, 35.6491038 ] } },
{ "type": "Feature", "properties": { "内容": "医療法人社団東山会調布東山病院【訪問リハビリテーション】東京都調布市小島町2-32-17", "url2": "https://www.kaigokensaku.mhlw.go.jp/13/index.php?action_kouhyou_detail_004_kani=true&JigyosyoCd=1314270062-00&ServiceCd=140&Type=search" }, "geometry": { "type": "Point", "coordinates": [ 139.541724161698426, 35.651997136024647 ] } },
{ "type": "Feature", "properties": { "内容": "医療法人社団　晃啓会　きくち整形外科【訪問リハビリテーション】東京都調布市深大寺東町2-23-5深大寺メディカルビル101", "url2": "https://www.kaigokensaku.mhlw.go.jp/13/index.php?action_kouhyou_detail_004_kani=true&JigyosyoCd=1314224184-00&ServiceCd=140&Type=search" }, "geometry": { "type": "Point", "coordinates": [ 139.5621734, 35.6683009 ] } },
{ "type": "Feature", "properties": { "内容": "医療法人社団　大和会　多摩川病院【訪問リハビリテーション】東京都調布市国領町5-31-1", "url2": "https://www.kaigokensaku.mhlw.go.jp/13/index.php?action_kouhyou_detail_004_kani=true&JigyosyoCd=1314270096-00&ServiceCd=140&Type=search" }, "geometry": { "type": "Point", "coordinates": [ 139.55413980000003, 35.6486511 ] } },
{ "type": "Feature", "properties": { "内容": "介護老人保健施設グリーンガーデン青樹【訪問リハビリテーション】東京都調布市上石原三丁目33番地の17", "url2": "https://www.kaigokensaku.mhlw.go.jp/13/index.php?action_kouhyou_detail_004_kani=true&JigyosyoCd=1374203089-00&ServiceCd=140&Type=search" }, "geometry": { "type": "Point", "coordinates": [ 139.525193886508191, 35.650583441826207 ] } },
{ "type": "Feature", "properties": { "内容": "医療法人社団　康心会　ふれあい町田ホスピタル【訪問リハビリテーション】東京都町田市小山ヶ丘1-3-8", "url2": "https://www.kaigokensaku.mhlw.go.jp/13/index.php?action_kouhyou_detail_004_kani=true&JigyosyoCd=1313270857-00&ServiceCd=140&Type=search" }, "geometry": { "type": "Point", "coordinates": [ 139.383055399999989, 35.5979573 ] } },
{ "type": "Feature", "properties": { "内容": "医療法人社団幸隆会多摩丘陵リハビリテーション病院　訪問リハビリテーション【訪問リハビリテーション】東京都町田市下小山田町１４９１", "url2": "https://www.kaigokensaku.mhlw.go.jp/13/index.php?action_kouhyou_detail_004_kani=true&JigyosyoCd=1313270774-00&ServiceCd=140&Type=search" }, "geometry": { "type": "Point", "coordinates": [ 139.4216212, 35.6046823 ] } },
{ "type": "Feature", "properties": { "内容": "介護老人保健施設オネスティ南町田　訪問リハビリテーション【訪問リハビリテーション】東京都町田市鶴間7丁目3番3号", "url2": "https://www.kaigokensaku.mhlw.go.jp/13/index.php?action_kouhyou_detail_004_kani=true&JigyosyoCd=1373207107-00&ServiceCd=140&Type=search" }, "geometry": { "type": "Point", "coordinates": [ 139.4779227, 35.507119100000011 ] } },
{ "type": "Feature", "properties": { "内容": "医療法人財団　明理会　鶴川サナトリウム病院【訪問リハビリテーション】東京都町田市真光寺町197番地", "url2": "https://www.kaigokensaku.mhlw.go.jp/13/index.php?action_kouhyou_detail_004_kani=true&JigyosyoCd=1313270022-00&ServiceCd=140&Type=search" }, "geometry": { "type": "Point", "coordinates": [ 139.4593116, 35.6013853 ] } },
{ "type": "Feature", "properties": { "内容": "介護老人保健施設　ハピネスせりがや【訪問リハビリテーション】東京都町田市原町田４－２７－２９", "url2": "https://www.kaigokensaku.mhlw.go.jp/13/index.php?action_kouhyou_detail_004_kani=true&JigyosyoCd=1373207040-00&ServiceCd=140&Type=search" }, "geometry": { "type": "Point", "coordinates": [ 139.454497, 35.5435886 ] } },
{ "type": "Feature", "properties": { "内容": "町田胃腸病院【訪問リハビリテーション】東京都町田市旭町1ｰ17ｰ21", "url2": "https://www.kaigokensaku.mhlw.go.jp/13/index.php?action_kouhyou_detail_004_kani=true&JigyosyoCd=1313270824-00&ServiceCd=140&Type=search" }, "geometry": { "type": "Point", "coordinates": [ 139.4417344, 35.5546119 ] } },
{ "type": "Feature", "properties": { "内容": "医療法人社団幸隆会　多摩丘陵病院　訪問リハビリテーション【訪問リハビリテーション】東京都町田市下小山田町1401", "url2": "https://www.kaigokensaku.mhlw.go.jp/13/index.php?action_kouhyou_detail_004_kani=true&JigyosyoCd=1313270923-00&ServiceCd=140&Type=search" }, "geometry": { "type": "Point", "coordinates": [ 139.42168190000001, 35.6020713 ] } },
{ "type": "Feature", "properties": { "内容": "小金井リハビリテーション病院【訪問リハビリテーション】東京都小金井市前原町1-3-2", "url2": "https://www.kaigokensaku.mhlw.go.jp/13/index.php?action_kouhyou_detail_004_kani=true&JigyosyoCd=1314170049-00&ServiceCd=140&Type=search" }, "geometry": { "type": "Point", "coordinates": [ 139.5122978, 35.6889371 ] } },
{ "type": "Feature", "properties": { "内容": "菊地脳神経外科・整形外科【訪問リハビリテーション】東京都小金井市東町３－１２－１１", "url2": "https://www.kaigokensaku.mhlw.go.jp/13/index.php?action_kouhyou_detail_004_kani=true&JigyosyoCd=1314121968-00&ServiceCd=140&Type=search" }, "geometry": { "type": "Point", "coordinates": [ 139.530479041716262, 35.699357009964494 ] } },
{ "type": "Feature", "properties": { "内容": "小金井太陽病院【訪問リハビリテーション】東京都小金井市本町1-9-17", "url2": "https://www.kaigokensaku.mhlw.go.jp/13/index.php?action_kouhyou_detail_004_kani=true&JigyosyoCd=1314170023-00&ServiceCd=140&Type=search" }, "geometry": { "type": "Point", "coordinates": [ 139.507846699999959, 35.699854 ] } },
{ "type": "Feature", "properties": { "内容": "社会福祉法人黎明会　介護老人保健施設けやきの郷【訪問リハビリテーション】東京都小平市小川町1丁目485番地", "url2": "https://www.kaigokensaku.mhlw.go.jp/13/index.php?action_kouhyou_detail_004_kani=true&JigyosyoCd=1374303541-00&ServiceCd=140&Type=search" }, "geometry": { "type": "Point", "coordinates": [ 139.440273904893502, 35.728522144719385 ] } },
{ "type": "Feature", "properties": { "内容": "緑成会病院【訪問リハビリテーション】東京都小平市小川西町２丁目３５番１号", "url2": "https://www.kaigokensaku.mhlw.go.jp/13/index.php?action_kouhyou_detail_004_kani=true&JigyosyoCd=1314314209-00&ServiceCd=140&Type=search" }, "geometry": { "type": "Point", "coordinates": [ 139.461129300000039, 35.7371981 ] } },
{ "type": "Feature", "properties": { "内容": "医療法人社団武蔵野会　小平中央リハビリテーション病院【訪問リハビリテーション】東京都小平市鈴木町一丁目146番", "url2": "https://www.kaigokensaku.mhlw.go.jp/13/index.php?action_kouhyou_detail_004_kani=true&JigyosyoCd=1314370045-00&ServiceCd=140&Type=search" }, "geometry": { "type": "Point", "coordinates": [ 139.495176899999933, 35.7259144 ] } },
{ "type": "Feature", "properties": { "内容": "訪問リハビリテーション　プラチナ・ヴィラ小平【訪問リハビリテーション】東京都小平市鈴木町１－８５－１プラチナ・ヴィラ小平", "url2": "https://www.kaigokensaku.mhlw.go.jp/13/index.php?action_kouhyou_detail_004_kani=true&JigyosyoCd=1374303608-00&ServiceCd=140&Type=search" }, "geometry": { "type": "Point", "coordinates": [ 139.4936925, 35.7257566 ] } },
{ "type": "Feature", "properties": { "内容": "医療法人社団武蔵野会　一橋病院【訪問リハビリテーション】東京都小平市学園西町1-2-25", "url2": "https://www.kaigokensaku.mhlw.go.jp/13/index.php?action_kouhyou_detail_004_kani=true&JigyosyoCd=1314318879-00&ServiceCd=140&Type=search" }, "geometry": { "type": "Point", "coordinates": [ 139.479969899999986, 35.7178208 ] } },
{ "type": "Feature", "properties": { "内容": "医療法人社団康明会病院【訪問リハビリテーション】東京都日野市豊田2－32－1", "url2": "https://www.kaigokensaku.mhlw.go.jp/13/index.php?action_kouhyou_detail_004_kani=true&JigyosyoCd=1313570058-00&ServiceCd=140&Type=search" }, "geometry": { "type": "Point", "coordinates": [ 139.384556699999962, 35.6550139 ] } },
{ "type": "Feature", "properties": { "内容": "介護老人保健施設サルビア【訪問リハビリテーション】東京都日野市万願寺1丁目18番地の1", "url2": "https://www.kaigokensaku.mhlw.go.jp/13/index.php?action_kouhyou_detail_004_kani=true&JigyosyoCd=1373502770-00&ServiceCd=140&Type=search" }, "geometry": { "type": "Point", "coordinates": [ 139.4193717, 35.6763672 ] } },
{ "type": "Feature", "properties": { "内容": "介護老人保健施設ロベリア【訪問リハビリテーション】東京都日野市万願寺1-13-4介護老人保健施設ロベリア", "url2": "https://www.kaigokensaku.mhlw.go.jp/13/index.php?action_kouhyou_detail_004_kani=true&JigyosyoCd=1373502788-00&ServiceCd=140&Type=search" }, "geometry": { "type": "Point", "coordinates": [ 139.419929300000035, 35.6753822 ] } },
{ "type": "Feature", "properties": { "内容": "介護老人保健施設カトレア【訪問リハビリテーション】東京都日野市日野本町6-3-17", "url2": "https://www.kaigokensaku.mhlw.go.jp/13/index.php?action_kouhyou_detail_004_kani=true&JigyosyoCd=1357080740-00&ServiceCd=140&Type=search" }, "geometry": { "type": "Point", "coordinates": [ 139.401361299999962, 35.6833087 ] } },
{ "type": "Feature", "properties": { "内容": "医療法人社団康明会康明会ホームケアクリニック【訪問リハビリテーション】東京都日野市日野1451－1シルバービレッジ日野クリニックビル１階", "url2": "https://www.kaigokensaku.mhlw.go.jp/13/index.php?action_kouhyou_detail_004_kani=true&JigyosyoCd=1313522570-00&ServiceCd=140&Type=search" }, "geometry": { "type": "Point", "coordinates": [ 139.408402499999966, 35.6778678 ] } },
{ "type": "Feature", "properties": { "内容": "多摩平の森の病院【訪問リハビリテーション】東京都日野市多摩平三丁目1番17多摩平の森の病院", "url2": "https://www.kaigokensaku.mhlw.go.jp/13/index.php?action_kouhyou_detail_004_kani=true&JigyosyoCd=1313570108-00&ServiceCd=140&Type=search" }, "geometry": { "type": "Point", "coordinates": [ 139.3770165, 35.6653456 ] } },
{ "type": "Feature", "properties": { "内容": "北多摩生協診療所【訪問リハビリテーション】東京都東村山市本町４丁目２番地32ドルチェ久米川１階", "url2": "https://www.kaigokensaku.mhlw.go.jp/13/index.php?action_kouhyou_detail_004_kani=true&JigyosyoCd=1312721215-00&ServiceCd=140&Type=search" }, "geometry": { "type": "Point", "coordinates": [ 139.470258599999966, 35.7520387 ] } },
{ "type": "Feature", "properties": { "内容": "東京白十字病院訪問リハビリテーション【訪問リハビリテーション】東京都東村山市諏訪町２－２６－１", "url2": "https://www.kaigokensaku.mhlw.go.jp/13/index.php?action_kouhyou_detail_004_kani=true&JigyosyoCd=1312715498-00&ServiceCd=140&Type=search" }, "geometry": { "type": "Point", "coordinates": [ 139.4635786, 35.7709845 ] } },
{ "type": "Feature", "properties": { "内容": "愛の泉恩多クリニック【訪問リハビリテーション】東京都東村山市恩多町3-24-4", "url2": "https://www.kaigokensaku.mhlw.go.jp/13/index.php?action_kouhyou_detail_004_kani=true&JigyosyoCd=1312722585-00&ServiceCd=140&Type=search" }, "geometry": { "type": "Point", "coordinates": [ 139.4836669, 35.7523815 ] } },
{ "type": "Feature", "properties": { "内容": "介護老人保健施設　グリーン・ボイス【訪問リハビリテーション】東京都東村山市萩山町3-31-2", "url2": "https://www.kaigokensaku.mhlw.go.jp/13/index.php?action_kouhyou_detail_004_kani=true&JigyosyoCd=1372700623-00&ServiceCd=140&Type=search" }, "geometry": { "type": "Point", "coordinates": [ 139.4681407, 35.7439928 ] } },
{ "type": "Feature", "properties": { "内容": "国分寺ひかり診療所【訪問リハビリテーション】東京都国分寺市光町3-13-342階", "url2": "https://www.kaigokensaku.mhlw.go.jp/13/index.php?action_kouhyou_detail_004_kani=true&JigyosyoCd=1313122199-00&ServiceCd=140&Type=search" }, "geometry": { "type": "Point", "coordinates": [ 139.443305, 35.7075288 ] } },
{ "type": "Feature", "properties": { "内容": "介護老人保健施設　あるふぁ国立【訪問リハビリテーション】東京都国立市谷保6-21-13", "url2": "https://www.kaigokensaku.mhlw.go.jp/13/index.php?action_kouhyou_detail_004_kani=true&JigyosyoCd=1373400314-00&ServiceCd=140&Type=search" }, "geometry": { "type": "Point", "coordinates": [ 139.442671614402769, 35.67539796261898 ] } },
{ "type": "Feature", "properties": { "内容": "介護老人保健施設国立あおやぎ苑【訪問リハビリテーション】東京都国立市青柳3丁目5番地の1", "url2": "https://www.kaigokensaku.mhlw.go.jp/13/index.php?action_kouhyou_detail_004_kani=true&JigyosyoCd=1373400462-00&ServiceCd=140&Type=search" }, "geometry": { "type": "Point", "coordinates": [ 139.42119, 35.6875534 ] } },
{ "type": "Feature", "properties": { "内容": "新田クリニック【訪問リハビリテーション】東京都国立市西２－２６－２９", "url2": "https://www.kaigokensaku.mhlw.go.jp/13/index.php?action_kouhyou_detail_004_kani=true&JigyosyoCd=1313421187-00&ServiceCd=140&Type=search" }, "geometry": { "type": "Point", "coordinates": [ 139.4340221, 35.6919476 ] } },
{ "type": "Feature", "properties": { "内容": "富士見台ひまわり診療所【訪問リハビリテーション】東京都国立市富士見台1-24-11カーサパイン1F", "url2": "https://www.kaigokensaku.mhlw.go.jp/13/index.php?action_kouhyou_detail_004_kani=true&JigyosyoCd=1313422391-00&ServiceCd=140&Type=search" }, "geometry": { "type": "Point", "coordinates": [ 139.4494233, 35.682989 ] } },
{ "type": "Feature", "properties": { "内容": "医療法人社団国立あおやぎ会みのわ通りクリニック【訪問リハビリテーション】東京都国立市青柳3-2-4", "url2": "https://www.kaigokensaku.mhlw.go.jp/13/index.php?action_kouhyou_detail_004_kani=true&JigyosyoCd=1313422284-00&ServiceCd=140&Type=search" }, "geometry": { "type": "Point", "coordinates": [ 139.422051, 35.6874978 ] } },
{ "type": "Feature", "properties": { "内容": "福生クリニック【訪問リハビリテーション】東京都福生市加美平3-35-13", "url2": "https://www.kaigokensaku.mhlw.go.jp/13/index.php?action_kouhyou_detail_004_kani=true&JigyosyoCd=1314420675-00&ServiceCd=140&Type=search" }, "geometry": { "type": "Point", "coordinates": [ 139.31970739999997, 35.7490851 ] } },
{ "type": "Feature", "properties": { "内容": "医療法人社団　葵会　熊川病院【訪問リハビリテーション】東京都福生市大字熊川154番地", "url2": "https://www.kaigokensaku.mhlw.go.jp/13/index.php?action_kouhyou_detail_004_kani=true&JigyosyoCd=1314470068-00&ServiceCd=140&Type=search" }, "geometry": { "type": "Point", "coordinates": [ 139.334978, 35.715554900000022 ] } },
{ "type": "Feature", "properties": { "内容": "石倉整形外科訪問リハビリテーション事業所【訪問リハビリテーション】東京都狛江市中和泉１丁目８番３号シルク狛江１階", "url2": "https://www.kaigokensaku.mhlw.go.jp/13/index.php?action_kouhyou_detail_004_kani=true&JigyosyoCd=1314520748-00&ServiceCd=140&Type=search" }, "geometry": { "type": "Point", "coordinates": [ 139.575877200000036, 35.6363807 ] } },
{ "type": "Feature", "properties": { "内容": "調布狛江ホームケアクリニック【訪問リハビリテーション】東京都狛江市岩戸北二丁目１２番１２号チェスナテラス２号", "url2": "https://www.kaigokensaku.mhlw.go.jp/13/index.php?action_kouhyou_detail_004_kani=true&JigyosyoCd=1314521522-00&ServiceCd=140&Type=search" }, "geometry": { "type": "Point", "coordinates": [ 139.58435080000001, 35.6396565 ] } },
{ "type": "Feature", "properties": { "内容": "はく整形外科運動器エコークリニック【訪問リハビリテーション】東京都狛江市和泉本町3-12-6", "url2": "https://www.kaigokensaku.mhlw.go.jp/13/index.php?action_kouhyou_detail_004_kani=true&JigyosyoCd=1314521555-00&ServiceCd=140&Type=search" }, "geometry": { "type": "Point", "coordinates": [ 139.5740155, 35.641992199999983 ] } },
{ "type": "Feature", "properties": { "内容": "狛江はく整形外科【訪問リハビリテーション】東京都狛江市中和泉5-32-8プリマヴェーラ１階", "url2": "https://www.kaigokensaku.mhlw.go.jp/13/index.php?action_kouhyou_detail_004_kani=true&JigyosyoCd=1314521357-00&ServiceCd=140&Type=search" }, "geometry": { "type": "Point", "coordinates": [ 139.565418300000033, 35.6441114 ] } },
{ "type": "Feature", "properties": { "内容": "訪問リハビリテーション　プラチナ・ヴィラ東大和【訪問リハビリテーション】東京都東大和市芋窪6-1284-1プラチナ・ヴィラ東大和", "url2": "https://www.kaigokensaku.mhlw.go.jp/13/index.php?action_kouhyou_detail_004_kani=true&JigyosyoCd=1374601167-00&ServiceCd=140&Type=search" }, "geometry": { "type": "Point", "coordinates": [ 139.412698205557263, 35.750755682651281 ] } },
{ "type": "Feature", "properties": { "内容": "東大和ホームケアクリニック【訪問リハビリテーション】東京都東大和市南街2-49-3", "url2": "https://www.kaigokensaku.mhlw.go.jp/13/index.php?action_kouhyou_detail_004_kani=true&JigyosyoCd=1314621181-00&ServiceCd=140&Type=search" }, "geometry": { "type": "Point", "coordinates": [ 139.431476299999986, 35.740192 ] } },
{ "type": "Feature", "properties": { "内容": "清瀬リハビリテーション病院訪問リハビリテーションサービス【訪問リハビリテーション】東京都清瀬市竹丘3-3-33", "url2": "https://www.kaigokensaku.mhlw.go.jp/13/index.php?action_kouhyou_detail_004_kani=true&JigyosyoCd=1314714465-00&ServiceCd=140&Type=search" }, "geometry": { "type": "Point", "coordinates": [ 139.503006451589982, 35.768206242150121 ] } },
{ "type": "Feature", "properties": { "内容": "医療法人社団順洋会　武蔵野総合クリニック【訪問リハビリテーション】東京都清瀬市元町1-8-30", "url2": "https://www.kaigokensaku.mhlw.go.jp/13/index.php?action_kouhyou_detail_004_kani=true&JigyosyoCd=1314720975-00&ServiceCd=140&Type=search" }, "geometry": { "type": "Point", "coordinates": [ 139.519950699999981, 35.7736316 ] } },
{ "type": "Feature", "properties": { "内容": "北多摩クリニック【訪問リハビリテーション】東京都清瀬市上清戸二丁目1番41号", "url2": "https://www.kaigokensaku.mhlw.go.jp/13/index.php?action_kouhyou_detail_004_kani=true&JigyosyoCd=1314720744-00&ServiceCd=140&Type=search" }, "geometry": { "type": "Point", "coordinates": [ 139.525491699999947, 35.7798394 ] } },
{ "type": "Feature", "properties": { "内容": "医療法人社団好仁会滝山病院訪問リハビリテーション【訪問リハビリテーション】東京都東久留米市滝山4-1-18", "url2": "https://www.kaigokensaku.mhlw.go.jp/13/index.php?action_kouhyou_detail_004_kani=true&JigyosyoCd=1314819934-00&ServiceCd=140&Type=search" }, "geometry": { "type": "Point", "coordinates": [ 139.504494600000044, 35.745248599999989 ] } },
{ "type": "Feature", "properties": { "内容": "医療法人社団実幸会　石橋クリニック【訪問リハビリテーション】東京都東久留米市東本町8－9", "url2": "https://www.kaigokensaku.mhlw.go.jp/13/index.php?action_kouhyou_detail_004_kani=true&JigyosyoCd=1314820981-00&ServiceCd=140&Type=search" }, "geometry": { "type": "Point", "coordinates": [ 139.5317254, 35.7629279 ] } },
{ "type": "Feature", "properties": { "内容": "医療法人五麟会黒目川診療所訪問リハビリテーション【訪問リハビリテーション】東京都東久留米市滝山5番27-16", "url2": "https://www.kaigokensaku.mhlw.go.jp/13/index.php?action_kouhyou_detail_004_kani=true&JigyosyoCd=1314821765-00&ServiceCd=140&Type=search" }, "geometry": { "type": "Point", "coordinates": [ 139.49967407116398, 35.747934544656523 ] } },
{ "type": "Feature", "properties": { "内容": "介護老人保健施設ケア東久留米【訪問リハビリテーション】東京都東久留米市幸町3-11-10", "url2": "https://www.kaigokensaku.mhlw.go.jp/13/index.php?action_kouhyou_detail_004_kani=true&JigyosyoCd=1374801783-00&ServiceCd=140&Type=search" }, "geometry": { "type": "Point", "coordinates": [ 139.521606600000041, 35.7583807 ] } },
{ "type": "Feature", "properties": { "内容": "うるるリハビリクリニック東久留米【訪問リハビリテーション】東京都東久留米市本町2-3-1ハイツ東久留米1階", "url2": "https://www.kaigokensaku.mhlw.go.jp/13/index.php?action_kouhyou_detail_004_kani=true&JigyosyoCd=1314821864-00&ServiceCd=140&Type=search" }, "geometry": { "type": "Point", "coordinates": [ 139.52978584418031, 35.761129284632496 ] } },
{ "type": "Feature", "properties": { "内容": "北條医院訪問部【訪問リハビリテーション】東京都武蔵村山市残堀4-113-1", "url2": "https://www.kaigokensaku.mhlw.go.jp/13/index.php?action_kouhyou_detail_004_kani=true&JigyosyoCd=1314920765-00&ServiceCd=140&Type=search" }, "geometry": { "type": "Point", "coordinates": [ 139.3668419, 35.7514363 ] } },
{ "type": "Feature", "properties": { "内容": "デンマークイン若葉台訪問リハビリテーション【訪問リハビリテーション】東京都稲城市若葉台３－７－１", "url2": "https://www.kaigokensaku.mhlw.go.jp/13/index.php?action_kouhyou_detail_004_kani=true&JigyosyoCd=1375100771-00&ServiceCd=140&Type=search" }, "geometry": { "type": "Point", "coordinates": [ 139.4648118, 35.6243377 ] } },
{ "type": "Feature", "properties": { "内容": "医療法人社団慶晃会　南山リハビリテーション病院【訪問リハビリテーション】東京都稲城市矢野口３１２４－１２南山16街区4号", "url2": "https://www.kaigokensaku.mhlw.go.jp/13/index.php?action_kouhyou_detail_004_kani=true&JigyosyoCd=1315170048-00&ServiceCd=140&Type=search" }, "geometry": { "type": "Point", "coordinates": [ 139.5086919, 35.63342890000002 ] } },
{ "type": "Feature", "properties": { "内容": "医療法人社団　葵会　西多摩病院【訪問リハビリテーション】東京都羽村市双葉町２－２１－１", "url2": "https://www.kaigokensaku.mhlw.go.jp/13/index.php?action_kouhyou_detail_004_kani=true&JigyosyoCd=1315370036-00&ServiceCd=140&Type=search" }, "geometry": { "type": "Point", "coordinates": [ 139.33517269999993, 35.7601509 ] } },
{ "type": "Feature", "properties": { "内容": "医療法人社団三秀会　羽村三慶病院【訪問リハビリテーション】東京都羽村市羽字武蔵野4207", "url2": "https://www.kaigokensaku.mhlw.go.jp/13/index.php?action_kouhyou_detail_004_kani=true&JigyosyoCd=1315370028-00&ServiceCd=140&Type=search" }, "geometry": { "type": "Point", "coordinates": [ 139.3057698, 35.7539424 ] } },
{ "type": "Feature", "properties": { "内容": "介護老人保健施設　あかしあの里【訪問リハビリテーション】東京都羽村市玉川２丁目６番６号", "url2": "https://www.kaigokensaku.mhlw.go.jp/13/index.php?action_kouhyou_detail_004_kani=true&JigyosyoCd=1375300686-00&ServiceCd=140&Type=search" }, "geometry": { "type": "Point", "coordinates": [ 139.314741199999986, 35.7490365 ] } },
{ "type": "Feature", "properties": { "内容": "草花クリニック【訪問リハビリテーション】東京都あきる野市草花2724", "url2": "https://www.kaigokensaku.mhlw.go.jp/13/index.php?action_kouhyou_detail_004_kani=true&JigyosyoCd=1315220751-00&ServiceCd=140&Type=search" }, "geometry": { "type": "Point", "coordinates": [ 139.292416300000014, 35.7429628 ] } },
{ "type": "Feature", "properties": { "内容": "あきる台病院【訪問リハビリテーション】東京都あきる野市秋川6-5-1", "url2": "https://www.kaigokensaku.mhlw.go.jp/13/index.php?action_kouhyou_detail_004_kani=true&JigyosyoCd=1315270087-00&ServiceCd=140&Type=search" }, "geometry": { "type": "Point", "coordinates": [ 139.291708399999976, 35.7293429 ] } },
{ "type": "Feature", "properties": { "内容": "介護老人保健施設　ハートフル田無【訪問リハビリテーション】東京都西東京市向台町2-16-22", "url2": "https://www.kaigokensaku.mhlw.go.jp/13/index.php?action_kouhyou_detail_004_kani=true&JigyosyoCd=1375424601-00&ServiceCd=140&Type=search" }, "geometry": { "type": "Point", "coordinates": [ 139.5394427, 35.7203941 ] } },
{ "type": "Feature", "properties": { "内容": "田無病院【訪問リハビリテーション】東京都西東京市緑町3-6-1", "url2": "https://www.kaigokensaku.mhlw.go.jp/13/index.php?action_kouhyou_detail_004_kani=true&JigyosyoCd=1313914264-00&ServiceCd=140&Type=search" }, "geometry": { "type": "Point", "coordinates": [ 139.541482806309546, 35.742055526176742 ] } },
{ "type": "Feature", "properties": { "内容": "佐々総合病院【訪問リハビリテーション】東京都西東京市田無町4-24-15", "url2": "https://www.kaigokensaku.mhlw.go.jp/13/index.php?action_kouhyou_detail_004_kani=true&JigyosyoCd=1313970019-00&ServiceCd=140&Type=search" }, "geometry": { "type": "Point", "coordinates": [ 139.538681099999962, 35.729687399999989 ] } },
{ "type": "Feature", "properties": { "内容": "西東京中央総合病院【訪問リハビリテーション】東京都西東京市芝久保町2丁目4番19号", "url2": "https://www.kaigokensaku.mhlw.go.jp/13/index.php?action_kouhyou_detail_004_kani=true&JigyosyoCd=1313970969-00&ServiceCd=140&Type=search" }, "geometry": { "type": "Point", "coordinates": [ 139.5317037, 35.7266802 ] } },
{ "type": "Feature", "properties": { "内容": "武蔵野ファミリークリニック【訪問リハビリテーション】東京都西東京市新町１－２－２０", "url2": "https://www.kaigokensaku.mhlw.go.jp/13/index.php?action_kouhyou_detail_004_kani=true&JigyosyoCd=1315420294-00&ServiceCd=140&Type=search" }, "geometry": { "type": "Point", "coordinates": [ 139.547347800000011, 35.7163393 ] } },
{ "type": "Feature", "properties": { "内容": "グレースホームケアクリニック多摩【訪問リハビリテーション】東京都西東京市田無町5-9-1", "url2": "https://www.kaigokensaku.mhlw.go.jp/13/index.php?action_kouhyou_detail_004_kani=true&JigyosyoCd=1315421862-00&ServiceCd=140&Type=search" }, "geometry": { "type": "Point", "coordinates": [ 139.538500699999986, 35.7310505 ] } },
{ "type": "Feature", "properties": { "内容": "みずほ病院【訪問リハビリテーション】東京都西多摩郡瑞穂町箱根ケ崎535-5", "url2": "https://www.kaigokensaku.mhlw.go.jp/13/index.php?action_kouhyou_detail_004_kani=true&JigyosyoCd=1312470466-00&ServiceCd=140&Type=search" }, "geometry": { "type": "Point", "coordinates": [ 139.346111105557242, 35.775044850520302 ] } },
{ "type": "Feature", "properties": { "内容": "介護老人保健施設　ウェルピア白寿【訪問リハビリテーション】東京都西多摩郡日の出町平井3820番地", "url2": "https://www.kaigokensaku.mhlw.go.jp/13/index.php?action_kouhyou_detail_004_kani=true&JigyosyoCd=1372401446-00&ServiceCd=140&Type=search" }, "geometry": { "type": "Point", "coordinates": [ 139.2720215, 35.7447838 ] } },
{ "type": "Feature", "properties": { "内容": "医療法人社団崎陽会　日の出ヶ丘病院　訪問リハビリテーション【訪問リハビリテーション】東京都西多摩郡日の出町大久野３１０番地", "url2": "https://www.kaigokensaku.mhlw.go.jp/13/index.php?action_kouhyou_detail_004_kani=true&JigyosyoCd=1312418929-00&ServiceCd=140&Type=search" }, "geometry": { "type": "Point", "coordinates": [ 139.246248242327852, 35.74290813208723 ] } },
{ "type": "Feature", "properties": { "内容": "奥多摩町国民健康保険　奥多摩病院【訪問リハビリテーション】東京都西多摩郡奥多摩町氷川1,111", "url2": "https://www.kaigokensaku.mhlw.go.jp/13/index.php?action_kouhyou_detail_004_kani=true&JigyosyoCd=1312414555-00&ServiceCd=140&Type=search" }, "geometry": { "type": "Point", "coordinates": [ 139.0886342, 35.8004302 ] } }
]
}
