{
"type": "FeatureCollection",
"name": "geo_13_通所介護",
"crs": { "type": "name", "properties": { "name": "urn:ogc:def:crs:OGC:1.3:CRS84" } },
"features": [
{ "type": "Feature", "properties": { "内容": "千代田区立岩本町高齢者在宅サービスセンター【通所介護】東京都千代田区岩本町２－１５－３", "url": "https://www.kaigokensaku.mhlw.go.jp/13/index.php?action_kouhyou_detail_004_kani=true&JigyosyoCd=1370100560-00&ServiceCd=150&Type=search", "url2": "http://www.tama-dhk.or.jp" }, "geometry": { "type": "Point", "coordinates": [ 139.777860299999929, 35.6945312 ] } },
{ "type": "Feature", "properties": { "内容": "千代田区立一番町高齢者在宅サービスセンター【通所介護】東京都千代田区一番町12番地", "url": "https://www.kaigokensaku.mhlw.go.jp/13/index.php?action_kouhyou_detail_004_kani=true&JigyosyoCd=1370101725-00&ServiceCd=150&Type=search", "url2": "http://www.ichibancho-camellia-kai.com/" }, "geometry": { "type": "Point", "coordinates": [ 139.7395761, 35.6869008 ] } },
{ "type": "Feature", "properties": { "内容": "フォーユーデイサービス淡路【通所介護】東京都千代田区淡路町2-1096F", "url": "https://www.kaigokensaku.mhlw.go.jp/13/index.php?action_kouhyou_detail_004_kani=true&JigyosyoCd=1370101261-00&ServiceCd=150&Type=search", "url2": "https://www.foryou.or.jp/corp2/awajiday/" }, "geometry": { "type": "Point", "coordinates": [ 139.767016, 35.6968179 ] } },
{ "type": "Feature", "properties": { "内容": "新とみ【通所介護】東京都中央区新富1-4-6", "url": "https://www.kaigokensaku.mhlw.go.jp/13/index.php?action_kouhyou_detail_004_kani=true&JigyosyoCd=1370200659-00&ServiceCd=150&Type=search", "url2": "http://www.silver-w.jp/" }, "geometry": { "type": "Point", "coordinates": [ 139.772647399999983, 35.6727364 ] } },
{ "type": "Feature", "properties": { "内容": "中央区立高齢者在宅サービスセンター　マイホームはるみ【通所介護】東京都中央区晴海1丁目5−1", "url": "https://www.kaigokensaku.mhlw.go.jp/13/index.php?action_kouhyou_detail_004_kani=true&JigyosyoCd=1370202192-00&ServiceCd=150&Type=search", "url2": "https://www.foryou.or.jp/facility/harumi/w097/" }, "geometry": { "type": "Point", "coordinates": [ 139.78445540000007, 35.659779700000023 ] } },
{ "type": "Feature", "properties": { "内容": "中央区立高齢者在宅サービスセンター　マイホーム新川【通所介護】東京都中央区新川2－27－3", "url": "https://www.kaigokensaku.mhlw.go.jp/13/index.php?action_kouhyou_detail_004_kani=true&JigyosyoCd=1370201202-00&ServiceCd=150&Type=search", "url2": "http://www.san-ikukai.or.jp/chuo/shinkawa/" }, "geometry": { "type": "Point", "coordinates": [ 139.78397730000006, 35.6731006 ] } },
{ "type": "Feature", "properties": { "内容": "SOMPOケア　あいおい　デイサービス【通所介護】東京都中央区佃三丁目１番１５号８階", "url": "https://www.kaigokensaku.mhlw.go.jp/13/index.php?action_kouhyou_detail_004_kani=true&JigyosyoCd=1370201103-00&ServiceCd=150&Type=search", "url2": "https://www.sompocare.com/" }, "geometry": { "type": "Point", "coordinates": [ 139.787213400000041, 35.6659431 ] } },
{ "type": "Feature", "properties": { "内容": "いきいきらいふデイサービスセンター馬喰町【通所介護】東京都中央区日本橋馬喰町2-4-5高野ビル１階", "url": "https://www.kaigokensaku.mhlw.go.jp/13/index.php?action_kouhyou_detail_004_kani=true&JigyosyoCd=1370201129-00&ServiceCd=150&Type=search", "url2": "https://rare-c.co.jp/" }, "geometry": { "type": "Point", "coordinates": [ 139.781823900000063, 35.6959033 ] } },
{ "type": "Feature", "properties": { "内容": "デイサービスセンターなごやか築地【通所介護】東京都中央区築地6-18-4ライオンズ築地リバーノート2F", "url": "https://www.kaigokensaku.mhlw.go.jp/13/index.php?action_kouhyou_detail_004_kani=true&JigyosyoCd=1370202259-00&ServiceCd=150&Type=search", "url2": "http://club.nagoyaka-link.co.jp/tsukiji/" }, "geometry": { "type": "Point", "coordinates": [ 139.774727332242719, 35.664639379133611 ] } },
{ "type": "Feature", "properties": { "内容": "ベストリハ日本橋【通所介護】東京都中央区日本橋浜町3-20-7ローズハイツ日本橋浜町1階", "url": "https://www.kaigokensaku.mhlw.go.jp/13/index.php?action_kouhyou_detail_004_kani=true&JigyosyoCd=1370202481-00&ServiceCd=150&Type=search", "url2": "https://bestreha.com/" }, "geometry": { "type": "Point", "coordinates": [ 139.789475, 35.6848439 ] } },
{ "type": "Feature", "properties": { "内容": "中央区立日本橋高齢者在宅サービスセンター【通所介護】東京都中央区日本橋堀留町1-1-1日本橋保険センター等複合施設７階", "url": "https://www.kaigokensaku.mhlw.go.jp/13/index.php?action_kouhyou_detail_004_kani=true&JigyosyoCd=1370202531-00&ServiceCd=150&Type=search", "url2": "http://www.fukushiplazasakuragawa.com/nikkouzai/" }, "geometry": { "type": "Point", "coordinates": [ 139.7789961, 35.6874076 ] } },
{ "type": "Feature", "properties": { "内容": "デイサービス　グッドライフケア銀座【通所介護】東京都中央区築地2-7-3CAMEL築地Ⅱ", "url": "https://www.kaigokensaku.mhlw.go.jp/13/index.php?action_kouhyou_detail_004_kani=true&JigyosyoCd=1370202580-00&ServiceCd=150&Type=search", "url2": "https://goodlifecare.co.jp/tokyo-service/facility/day-ginza.html" }, "geometry": { "type": "Point", "coordinates": [ 139.7729345, 35.669694 ] } },
{ "type": "Feature", "properties": { "内容": "BESTジム湊【通所介護】東京都中央区湊1-7-1フドウ八丁堀ハイツ101", "url": "https://www.kaigokensaku.mhlw.go.jp/13/index.php?action_kouhyou_detail_004_kani=true&JigyosyoCd=1370202697-00&ServiceCd=150&Type=search", "url2": null }, "geometry": { "type": "Point", "coordinates": [ 139.779446, 35.6731335 ] } },
{ "type": "Feature", "properties": { "内容": "クローバーデイサービス中央【通所介護】東京都中央区日本橋本町2-8-12日本橋本町データビル1階", "url": "https://www.kaigokensaku.mhlw.go.jp/13/index.php?action_kouhyou_detail_004_kani=true&JigyosyoCd=1370201392-00&ServiceCd=150&Type=search", "url2": "http://www.clover.ac/" }, "geometry": { "type": "Point", "coordinates": [ 139.777646600000026, 35.6884152 ] } },
{ "type": "Feature", "properties": { "内容": "エンゼルハーバー【通所介護】東京都中央区晴海１丁目１番２８号キャナルハウス２０１", "url": "https://www.kaigokensaku.mhlw.go.jp/13/index.php?action_kouhyou_detail_004_kani=true&JigyosyoCd=1370201806-00&ServiceCd=150&Type=search", "url2": "http://www.angel-care.co.jp" }, "geometry": { "type": "Point", "coordinates": [ 139.786527500000034, 35.6612991 ] } },
{ "type": "Feature", "properties": { "内容": "デイサービスセンター新橋さくらの園　いきいき【通所介護】東京都港区新橋6-19-2福祉プラザさくら川", "url": "https://www.kaigokensaku.mhlw.go.jp/13/index.php?action_kouhyou_detail_004_kani=true&JigyosyoCd=1370302356-00&ServiceCd=150&Type=search", "url2": "http://www.fukushiplazasakuragawa.com/sakura_short" }, "geometry": { "type": "Point", "coordinates": [ 139.753779500000064, 35.6612067 ] } },
{ "type": "Feature", "properties": { "内容": "通所生活介護事業所　洛和デイセンター南麻布【通所介護】東京都港区南麻布４－６－１", "url": "https://www.kaigokensaku.mhlw.go.jp/13/index.php?action_kouhyou_detail_004_kani=true&JigyosyoCd=1370303156-00&ServiceCd=150&Type=search", "url2": "http://www.rakuwa.or.jp" }, "geometry": { "type": "Point", "coordinates": [ 139.726873899999987, 35.6502183 ] } },
{ "type": "Feature", "properties": { "内容": "港区立高齢者在宅サービスセンター　サン・サン赤坂【通所介護】東京都港区赤坂6-6-14", "url": "https://www.kaigokensaku.mhlw.go.jp/13/index.php?action_kouhyou_detail_004_kani=true&JigyosyoCd=1370304584-00&ServiceCd=150&Type=search", "url2": "http://www.seirouin.or.jp" }, "geometry": { "type": "Point", "coordinates": [ 139.737630699999954, 35.6699662 ] } },
{ "type": "Feature", "properties": { "内容": "港区立高齢者在宅サービスセンター港南の郷【通所介護】東京都港区港南三丁目３番２３号", "url": "https://www.kaigokensaku.mhlw.go.jp/13/index.php?action_kouhyou_detail_004_kani=true&JigyosyoCd=1370304592-00&ServiceCd=150&Type=search", "url2": "http://www.kounannosato.hello-net.info/" }, "geometry": { "type": "Point", "coordinates": [ 139.7492766, 35.6332173 ] } },
{ "type": "Feature", "properties": { "内容": "ケアクエスト　グッドライフケア芝浦【通所介護】東京都港区芝浦2-15-2ラシーネ芝浦1階", "url": "https://www.kaigokensaku.mhlw.go.jp/13/index.php?action_kouhyou_detail_004_kani=true&JigyosyoCd=1370305755-00&ServiceCd=150&Type=search", "url2": "https://goodlifecare.co.jp/tokyo-service/facility/day-carequest-shibaura.html" }, "geometry": { "type": "Point", "coordinates": [ 139.7532091, 35.6450741 ] } },
{ "type": "Feature", "properties": { "内容": "港区立高齢者在宅サービスセンター白金の森【通所介護】東京都港区白金台5-20-5", "url": "https://www.kaigokensaku.mhlw.go.jp/13/index.php?action_kouhyou_detail_004_kani=true&JigyosyoCd=1370303487-00&ServiceCd=150&Type=search", "url2": "http://shirokane.foryou.or.jp/work.php?id=w010" }, "geometry": { "type": "Point", "coordinates": [ 139.721991399999979, 35.6370753 ] } },
{ "type": "Feature", "properties": { "内容": "ケアベース　グッドライフケア渚橋【通所介護】東京都港区芝浦4-12-38キャナルゲート芝浦1階", "url": "https://www.kaigokensaku.mhlw.go.jp/13/index.php?action_kouhyou_detail_004_kani=true&JigyosyoCd=1370305789-00&ServiceCd=150&Type=search", "url2": "https://goodlifecare.co.jp/tokyo-service/facility/day-carebase-nagisabashi.html" }, "geometry": { "type": "Point", "coordinates": [ 139.7489845, 35.640982700000023 ] } },
{ "type": "Feature", "properties": { "内容": "ニチイケアセンターしろかね【通所介護】東京都港区白金3-3-1", "url": "https://www.kaigokensaku.mhlw.go.jp/13/index.php?action_kouhyou_detail_004_kani=true&JigyosyoCd=1370300830-00&ServiceCd=150&Type=search", "url2": "https://www.nichii-kaigo.jp/" }, "geometry": { "type": "Point", "coordinates": [ 139.729158899999987, 35.6463892 ] } },
{ "type": "Feature", "properties": { "内容": "デイサービスセンター友の里三田【通所介護】東京都港区三田三丁目7-16御田八幡ビル1F", "url": "https://www.kaigokensaku.mhlw.go.jp/13/index.php?action_kouhyou_detail_004_kani=true&JigyosyoCd=1370302174-00&ServiceCd=150&Type=search", "url2": "http://www.total-care-servise.co.jp" }, "geometry": { "type": "Point", "coordinates": [ 139.7416561, 35.6431696 ] } },
{ "type": "Feature", "properties": { "内容": "デイサービスセンターみたて【通所介護】東京都港区港南4-5-3", "url": "https://www.kaigokensaku.mhlw.go.jp/13/index.php?action_kouhyou_detail_004_kani=true&JigyosyoCd=1370302208-00&ServiceCd=150&Type=search", "url2": "http://www.sukoyaka-fu.or.jp/" }, "geometry": { "type": "Point", "coordinates": [ 139.746489699999984, 35.6265189 ] } },
{ "type": "Feature", "properties": { "内容": "リハの郷　三田【通所介護】東京都港区芝浦4-4-27三田ナショナルコート1F", "url": "https://www.kaigokensaku.mhlw.go.jp/13/index.php?action_kouhyou_detail_004_kani=true&JigyosyoCd=1370303909-00&ServiceCd=150&Type=search", "url2": "http://www.reha-sato.jp/mita/" }, "geometry": { "type": "Point", "coordinates": [ 139.744317099999989, 35.6391507 ] } },
{ "type": "Feature", "properties": { "内容": "港区立芝高齢者在宅サービスセンター【通所介護】東京都港区芝３丁目２４－５", "url": "https://www.kaigokensaku.mhlw.go.jp/13/index.php?action_kouhyou_detail_004_kani=true&JigyosyoCd=1370304535-00&ServiceCd=150&Type=search", "url2": "http://www.momohanokai.jp/shiba-ds" }, "geometry": { "type": "Point", "coordinates": [ 139.74812750000001, 35.6513966 ] } },
{ "type": "Feature", "properties": { "内容": "港区立虎ノ門高齢者在宅サービスセンター【通所介護】東京都港区虎ノ門1-21-10とらトピア", "url": "https://www.kaigokensaku.mhlw.go.jp/13/index.php?action_kouhyou_detail_004_kani=true&JigyosyoCd=1370304550-00&ServiceCd=150&Type=search", "url2": "http://www.momohanokai.jp" }, "geometry": { "type": "Point", "coordinates": [ 139.748713100000032, 35.6679057 ] } },
{ "type": "Feature", "properties": { "内容": "港区立南麻布高齢者在宅サービスセンター【通所介護】東京都港区南麻布1-5-26ゆうあい南麻布　2階", "url": "https://www.kaigokensaku.mhlw.go.jp/13/index.php?action_kouhyou_detail_004_kani=true&JigyosyoCd=1370304600-00&ServiceCd=150&Type=search", "url2": "https://minamiazabuhoukatsu.com/" }, "geometry": { "type": "Point", "coordinates": [ 139.73510090000002, 35.6514351 ] } },
{ "type": "Feature", "properties": { "内容": "港区立北青山高齢者在宅サービスセンター【通所介護】東京都港区北青山1-6-1港区立北青山高齢者在宅サービスセンター", "url": "https://www.kaigokensaku.mhlw.go.jp/13/index.php?action_kouhyou_detail_004_kani=true&JigyosyoCd=1370305433-00&ServiceCd=150&Type=search", "url2": null }, "geometry": { "type": "Point", "coordinates": [ 139.7217427, 35.6735368 ] } },
{ "type": "Feature", "properties": { "内容": "デイサービス　グッドライフケア汐留【通所介護】東京都港区東新橋2-18-3ルネパルティーレ汐留1階", "url": "https://www.kaigokensaku.mhlw.go.jp/13/index.php?action_kouhyou_detail_004_kani=true&JigyosyoCd=1370305508-00&ServiceCd=150&Type=search", "url2": "https://goodlifecare.co.jp/tokyo-service/facility/day-shiodome.html" }, "geometry": { "type": "Point", "coordinates": [ 139.758060300000011, 35.6607064 ] } },
{ "type": "Feature", "properties": { "内容": "港区立台場高齢者在宅サービスセンター【通所介護】東京都港区台場1-5-5", "url": "https://www.kaigokensaku.mhlw.go.jp/13/index.php?action_kouhyou_detail_004_kani=true&JigyosyoCd=1370305565-00&ServiceCd=150&Type=search", "url2": "http://www.momohanokai.jp/daiba-ds/" }, "geometry": { "type": "Point", "coordinates": [ 139.7780281, 35.6305963 ] } },
{ "type": "Feature", "properties": { "内容": "わかいデイサービス【通所介護】東京都新宿区百人町３－１－６B１　B号室", "url": "https://www.kaigokensaku.mhlw.go.jp/13/index.php?action_kouhyou_detail_004_kani=true&JigyosyoCd=1370407361-00&ServiceCd=150&Type=search", "url2": null }, "geometry": { "type": "Point", "coordinates": [ 139.7006704, 35.7063009 ] } },
{ "type": "Feature", "properties": { "内容": "高齢者在宅サービスセンター　あかね苑【通所介護】東京都新宿区北山伏町2-12", "url": "https://www.kaigokensaku.mhlw.go.jp/13/index.php?action_kouhyou_detail_004_kani=true&JigyosyoCd=1370402842-00&ServiceCd=150&Type=search", "url2": "http://www.azeriya-akane.com/" }, "geometry": { "type": "Point", "coordinates": [ 139.729682599999933, 35.7001318 ] } },
{ "type": "Feature", "properties": { "内容": "北新宿高齢者在宅サービスセンター【通所介護】東京都新宿区北新宿３-27-6", "url": "https://www.kaigokensaku.mhlw.go.jp/13/index.php?action_kouhyou_detail_004_kani=true&JigyosyoCd=1370402883-00&ServiceCd=150&Type=search", "url2": "http://www.shinjuku-sj.jp" }, "geometry": { "type": "Point", "coordinates": [ 139.689861599999972, 35.7047912 ] } },
{ "type": "Feature", "properties": { "内容": "デイサービス神楽坂セルン【通所介護】東京都新宿区矢来町104番高齢者福祉施設神楽坂", "url": "https://www.kaigokensaku.mhlw.go.jp/13/index.php?action_kouhyou_detail_004_kani=true&JigyosyoCd=1370404392-00&ServiceCd=150&Type=search", "url2": "http://www.misasakai.or.jp/kagurazaka/" }, "geometry": { "type": "Point", "coordinates": [ 139.7340405, 35.7033677 ] } },
{ "type": "Feature", "properties": { "内容": "デイサービスセンター　エンゼルヘルプ西落合【通所介護】東京都新宿区西落合4-8-19", "url": "https://www.kaigokensaku.mhlw.go.jp/13/index.php?action_kouhyou_detail_004_kani=true&JigyosyoCd=1370401398-00&ServiceCd=150&Type=search", "url2": "http://www.enzeru.co.jp" }, "geometry": { "type": "Point", "coordinates": [ 139.67950559999997, 35.7280077 ] } },
{ "type": "Feature", "properties": { "内容": "コンフォメディケアディサービス【通所介護】東京都新宿区住吉町9-10小林ビル", "url": "https://www.kaigokensaku.mhlw.go.jp/13/index.php?action_kouhyou_detail_004_kani=true&JigyosyoCd=1370406108-00&ServiceCd=150&Type=search", "url2": null }, "geometry": { "type": "Point", "coordinates": [ 139.7206971, 35.694857 ] } },
{ "type": "Feature", "properties": { "内容": "ツクイ新宿夏目坂【通所介護】東京都新宿区喜久井町10カスタリア新宿夏目坂1階", "url": "https://www.kaigokensaku.mhlw.go.jp/13/index.php?action_kouhyou_detail_004_kani=true&JigyosyoCd=1370400507-00&ServiceCd=150&Type=search", "url2": "http://www.tsukui.net" }, "geometry": { "type": "Point", "coordinates": [ 139.720871074817069, 35.704886826067323 ] } },
{ "type": "Feature", "properties": { "内容": "細工町高齢者在宅サービスセンター【通所介護】東京都新宿区細工町1番3号", "url": "https://www.kaigokensaku.mhlw.go.jp/13/index.php?action_kouhyou_detail_004_kani=true&JigyosyoCd=1370402867-00&ServiceCd=150&Type=search", "url2": "http://www.shinjuku-sj.jp/" }, "geometry": { "type": "Point", "coordinates": [ 139.73323240000002, 35.6985099 ] } },
{ "type": "Feature", "properties": { "内容": "新宿区立百人町高齢者在宅サービスセンター【通所介護】東京都新宿区百人町三丁目３０番２号", "url": "https://www.kaigokensaku.mhlw.go.jp/13/index.php?action_kouhyou_detail_004_kani=true&JigyosyoCd=1370402875-00&ServiceCd=150&Type=search", "url2": "http://www.shinjuku-sj.jp/" }, "geometry": { "type": "Point", "coordinates": [ 139.694949800000018, 35.7061579 ] } },
{ "type": "Feature", "properties": { "内容": "デイサービスヨウコー早稲田【通所介護】東京都新宿区西早稲田2-4-24", "url": "https://www.kaigokensaku.mhlw.go.jp/13/index.php?action_kouhyou_detail_004_kani=true&JigyosyoCd=1370403972-00&ServiceCd=150&Type=search", "url2": "http://rehabili-youko.com/" }, "geometry": { "type": "Point", "coordinates": [ 139.716633300000012, 35.7087389 ] } },
{ "type": "Feature", "properties": { "内容": "デイサービス　ココファン四谷【通所介護】東京都新宿区愛住町3－7ココファン四谷", "url": "https://www.kaigokensaku.mhlw.go.jp/13/index.php?action_kouhyou_detail_004_kani=true&JigyosyoCd=1370405332-00&ServiceCd=150&Type=search", "url2": null }, "geometry": { "type": "Point", "coordinates": [ 139.7189201, 35.6888217 ] } },
{ "type": "Feature", "properties": { "内容": "デイサービスゆりの木西落合【通所介護】東京都新宿区西落合4-3-13キャッスル西落合1F", "url": "https://www.kaigokensaku.mhlw.go.jp/13/index.php?action_kouhyou_detail_004_kani=true&JigyosyoCd=1370405449-00&ServiceCd=150&Type=search", "url2": "https://dayservice-yurinoki.com/" }, "geometry": { "type": "Point", "coordinates": [ 139.680975700000033, 35.7273067 ] } },
{ "type": "Feature", "properties": { "内容": "ベストリハ高田馬場【通所介護】東京都新宿区下落合1-3-6ハイシティ高田馬場１F", "url": "https://www.kaigokensaku.mhlw.go.jp/13/index.php?action_kouhyou_detail_004_kani=true&JigyosyoCd=1370405621-00&ServiceCd=150&Type=search", "url2": "http://bestreha.com/" }, "geometry": { "type": "Point", "coordinates": [ 139.702962299999967, 35.7156043 ] } },
{ "type": "Feature", "properties": { "内容": "なこやか曙橋【通所介護】東京都新宿区住吉町8-15アウローラ１階", "url": "https://www.kaigokensaku.mhlw.go.jp/13/index.php?action_kouhyou_detail_004_kani=true&JigyosyoCd=1370405910-00&ServiceCd=150&Type=search", "url2": "http://club.nagoyaka-link.co.jp" }, "geometry": { "type": "Point", "coordinates": [ 139.720978, 35.6939629 ] } },
{ "type": "Feature", "properties": { "内容": "デイサービスセンターなごやか新宿御苑【通所介護】東京都新宿区新宿1-29-5グランドメゾン新宿東1階", "url": "https://www.kaigokensaku.mhlw.go.jp/13/index.php?action_kouhyou_detail_004_kani=true&JigyosyoCd=1370405969-00&ServiceCd=150&Type=search", "url2": "http://www.nagoyaka-link.co.jp/club/shinjukugyoen/" }, "geometry": { "type": "Point", "coordinates": [ 139.712787400000025, 35.6905963 ] } },
{ "type": "Feature", "properties": { "内容": "落合ケアーズ【通所介護】東京都新宿区西落合3-15-5後藤ビル1F", "url": "https://www.kaigokensaku.mhlw.go.jp/13/index.php?action_kouhyou_detail_004_kani=true&JigyosyoCd=1370406173-00&ServiceCd=150&Type=search", "url2": "http://caregiver.co.jp/facility/ochiai_cares.php" }, "geometry": { "type": "Point", "coordinates": [ 139.679705799999965, 35.723336 ] } },
{ "type": "Feature", "properties": { "内容": "レッツ倶楽部新宿西落合【通所介護】東京都新宿区西落合4-4-18ステラ西落合1階", "url": "https://www.kaigokensaku.mhlw.go.jp/13/index.php?action_kouhyou_detail_004_kani=true&JigyosyoCd=1370406553-00&ServiceCd=150&Type=search", "url2": "https://www.lets-club.jp/shop/shinjyukunishiochiai/" }, "geometry": { "type": "Point", "coordinates": [ 139.68034990000001, 35.7274571 ] } },
{ "type": "Feature", "properties": { "内容": "ベストリハ西落合【通所介護】東京都新宿区西落合4-21-11ｸﾞﾘｰﾝﾚｼﾞﾃﾞﾝｽ西落合1階", "url": "https://www.kaigokensaku.mhlw.go.jp/13/index.php?action_kouhyou_detail_004_kani=true&JigyosyoCd=1370406579-00&ServiceCd=150&Type=search", "url2": "https://bestreha.com/" }, "geometry": { "type": "Point", "coordinates": [ 139.676954900000027, 35.72775 ] } },
{ "type": "Feature", "properties": { "内容": "めぐリハビリデイサービス新宿【通所介護】東京都新宿区早稲田鶴巻町557パールハウスウエムラ1F", "url": "https://www.kaigokensaku.mhlw.go.jp/13/index.php?action_kouhyou_detail_004_kani=true&JigyosyoCd=1370406595-00&ServiceCd=150&Type=search", "url2": "http://megu-group.com/" }, "geometry": { "type": "Point", "coordinates": [ 139.7256379, 35.7078539 ] } },
{ "type": "Feature", "properties": { "内容": "リタポンテ落合上高田【通所介護】東京都新宿区上落合2-9-16インテック落合1階", "url": "https://www.kaigokensaku.mhlw.go.jp/13/index.php?action_kouhyou_detail_004_kani=true&JigyosyoCd=1370407213-00&ServiceCd=150&Type=search", "url2": "http://www.ritaponte.jp/" }, "geometry": { "type": "Point", "coordinates": [ 139.689203099999986, 35.7134986 ] } },
{ "type": "Feature", "properties": { "内容": "中落合高齢者在宅サービスセンター【通所介護】東京都新宿区中落合一丁目７番１号", "url": "https://www.kaigokensaku.mhlw.go.jp/13/index.php?action_kouhyou_detail_004_kani=true&JigyosyoCd=1370402891-00&ServiceCd=150&Type=search", "url2": "http://www.shinjuku-sj.jp/" }, "geometry": { "type": "Point", "coordinates": [ 139.690727399999986, 35.7172592 ] } },
{ "type": "Feature", "properties": { "内容": "若葉高齢者在宅サービスセンター【通所介護】東京都新宿区若葉三丁目６番地", "url": "https://www.kaigokensaku.mhlw.go.jp/13/index.php?action_kouhyou_detail_004_kani=true&JigyosyoCd=1370402909-00&ServiceCd=150&Type=search", "url2": "http://www.shinjuku-sj.jp/" }, "geometry": { "type": "Point", "coordinates": [ 139.7233784, 35.6823643 ] } },
{ "type": "Feature", "properties": { "内容": "ベストリハ西早稲田【通所介護】東京都新宿区西早稲田3-31-11ニューライフ西早稲田１F", "url": "https://www.kaigokensaku.mhlw.go.jp/13/index.php?action_kouhyou_detail_004_kani=true&JigyosyoCd=1370405779-00&ServiceCd=150&Type=search", "url2": "http://www.bestreha.com/" }, "geometry": { "type": "Point", "coordinates": [ 139.712047500000011, 35.7143187 ] } },
{ "type": "Feature", "properties": { "内容": "戸山いつきの杜デイサ-ビス【通所介護】東京都新宿区戸山２丁目４番１０１号", "url": "https://www.kaigokensaku.mhlw.go.jp/13/index.php?action_kouhyou_detail_004_kani=true&JigyosyoCd=1370406157-00&ServiceCd=150&Type=search", "url2": "http://www.silver-w.jp" }, "geometry": { "type": "Point", "coordinates": [ 139.714793200000031, 35.704018800000014 ] } },
{ "type": "Feature", "properties": { "内容": "花実　静華庵【通所介護】東京都新宿区上落合2-26-33階", "url": "https://www.kaigokensaku.mhlw.go.jp/13/index.php?action_kouhyou_detail_004_kani=true&JigyosyoCd=1370407296-00&ServiceCd=150&Type=search", "url2": "https://www.c-ikkou.com" }, "geometry": { "type": "Point", "coordinates": [ 139.6864203, 35.7110309 ] } },
{ "type": "Feature", "properties": { "内容": "神楽坂静華庵【通所介護】東京都新宿区市谷山伏町2-2", "url": "https://www.kaigokensaku.mhlw.go.jp/13/index.php?action_kouhyou_detail_004_kani=true&JigyosyoCd=1370407304-00&ServiceCd=150&Type=search", "url2": "https://www.c-ikkou.com/" }, "geometry": { "type": "Point", "coordinates": [ 139.72766390000001, 35.6994206 ] } },
{ "type": "Feature", "properties": { "内容": "リハプライド　ルフラン【通所介護】東京都新宿区西落合４－２１－９1階", "url": "https://www.kaigokensaku.mhlw.go.jp/13/index.php?action_kouhyou_detail_004_kani=true&JigyosyoCd=1370407064-00&ServiceCd=150&Type=search", "url2": "https://rehapride.co.jp/refrain/" }, "geometry": { "type": "Point", "coordinates": [ 139.6768413, 35.7274873 ] } },
{ "type": "Feature", "properties": { "内容": "SOMPOケア　いきいき小日向　デイサービス【通所介護】東京都文京区小日向2-8-151階", "url": "https://www.kaigokensaku.mhlw.go.jp/13/index.php?action_kouhyou_detail_004_kani=true&JigyosyoCd=1370503375-00&ServiceCd=150&Type=search", "url2": null }, "geometry": { "type": "Point", "coordinates": [ 139.733780599999989, 35.7147398 ] } },
{ "type": "Feature", "properties": { "内容": "文京大塚高齢者在宅サービスセンター【通所介護】東京都文京区大塚4-50-1文京大塚みどりの郷", "url": "https://www.kaigokensaku.mhlw.go.jp/13/index.php?action_kouhyou_detail_004_kani=true&JigyosyoCd=1370503177-00&ServiceCd=150&Type=search", "url2": "https://kaigo.rakuwa.or.jp/service/station/otsuka/" }, "geometry": { "type": "Point", "coordinates": [ 139.730809499999964, 35.724654399999984 ] } },
{ "type": "Feature", "properties": { "内容": "ワンダーウイングボクシングジムマスターズクラブ【通所介護】東京都文京区本郷２－３９－６大同ビル８Ｆ", "url": "https://www.kaigokensaku.mhlw.go.jp/13/index.php?action_kouhyou_detail_004_kani=true&JigyosyoCd=1370503888-00&ServiceCd=150&Type=search", "url2": "https://wonder-wing.com/" }, "geometry": { "type": "Point", "coordinates": [ 139.760501039286794, 35.706563267991775 ] } },
{ "type": "Feature", "properties": { "内容": "文京向丘高齢者在宅サービスセンター【通所介護】東京都文京区向丘2-22-9", "url": "https://www.kaigokensaku.mhlw.go.jp/13/index.php?action_kouhyou_detail_004_kani=true&JigyosyoCd=1370503896-00&ServiceCd=150&Type=search", "url2": "https://bunkyo-mukogaoka.jp/" }, "geometry": { "type": "Point", "coordinates": [ 139.757386846032716, 35.723571486904284 ] } },
{ "type": "Feature", "properties": { "内容": "文京本郷高齢者在宅サービスセンター【通所介護】東京都文京区本郷4-21-2", "url": "https://www.kaigokensaku.mhlw.go.jp/13/index.php?action_kouhyou_detail_004_kani=true&JigyosyoCd=1370503912-00&ServiceCd=150&Type=search", "url2": "https://fuyo.or.jp/information/" }, "geometry": { "type": "Point", "coordinates": [ 139.7548734, 35.710096100000015 ] } },
{ "type": "Feature", "properties": { "内容": "文京くすのき高齢者在宅サービスセンター【通所介護】東京都文京区大塚4-18-1", "url": "https://www.kaigokensaku.mhlw.go.jp/13/index.php?action_kouhyou_detail_004_kani=true&JigyosyoCd=1370501932-00&ServiceCd=150&Type=search", "url2": "http://www.frontier-sw.or.jp" }, "geometry": { "type": "Point", "coordinates": [ 139.73469810000006, 35.724135 ] } },
{ "type": "Feature", "properties": { "内容": "ルネサンス元氣ジム目白台【通所介護】東京都文京区目白台3-28-10トノワガーデン1階", "url": "https://www.kaigokensaku.mhlw.go.jp/13/index.php?action_kouhyou_detail_004_kani=true&JigyosyoCd=1370503938-00&ServiceCd=150&Type=search", "url2": "https://kaigo.s-re.jp/kg/genki/" }, "geometry": { "type": "Point", "coordinates": [ 139.7250124, 35.7169934 ] } },
{ "type": "Feature", "properties": { "内容": "ベストリハ早稲田【通所介護】東京都文京区関口１ー３５－１７山水ビル　１階", "url": "https://www.kaigokensaku.mhlw.go.jp/13/index.php?action_kouhyou_detail_004_kani=true&JigyosyoCd=1370502773-00&ServiceCd=150&Type=search", "url2": "http://www.bestreha.com/" }, "geometry": { "type": "Point", "coordinates": [ 139.724115799999936, 35.7114861 ] } },
{ "type": "Feature", "properties": { "内容": "ジムデイサービス夢楽白山【通所介護】東京都文京区白山１－３３－１８白山ＮＴビル１Ｆ", "url": "https://www.kaigokensaku.mhlw.go.jp/13/index.php?action_kouhyou_detail_004_kani=true&JigyosyoCd=1370502799-00&ServiceCd=150&Type=search", "url2": "http://www.yumeraku.net/hakusan/gaiyo.html" }, "geometry": { "type": "Point", "coordinates": [ 139.752302699999973, 35.7209717 ] } },
{ "type": "Feature", "properties": { "内容": "デイサービスセンター　なごやか千石【通所介護】東京都文京区千石4-18-1千石ハイツ１階", "url": "https://www.kaigokensaku.mhlw.go.jp/13/index.php?action_kouhyou_detail_004_kani=true&JigyosyoCd=1370503078-00&ServiceCd=150&Type=search", "url2": "http://club.nagoyaka-link.co.jp" }, "geometry": { "type": "Point", "coordinates": [ 139.737456100000031, 35.7304344 ] } },
{ "type": "Feature", "properties": { "内容": "文京昭和高齢者在宅サービスセンター【通所介護】東京都文京区本駒込2-28-31", "url": "https://www.kaigokensaku.mhlw.go.jp/13/index.php?action_kouhyou_detail_004_kani=true&JigyosyoCd=1370503193-00&ServiceCd=150&Type=search", "url2": "https://bunkyo-showa.jp/" }, "geometry": { "type": "Point", "coordinates": [ 139.749113699999953, 35.7317093 ] } },
{ "type": "Feature", "properties": { "内容": "文京湯島高齢者在宅サービスセンター【通所介護】東京都文京区湯島2-28-14文京区立　湯島小学校内", "url": "https://www.kaigokensaku.mhlw.go.jp/13/index.php?action_kouhyou_detail_004_kani=true&JigyosyoCd=1370503201-00&ServiceCd=150&Type=search", "url2": "https://bunkyo-yushima.jp/" }, "geometry": { "type": "Point", "coordinates": [ 139.766646700000024, 35.7065877 ] } },
{ "type": "Feature", "properties": { "内容": "Medicalprosports介護デイサービス護国寺【通所介護】東京都文京区大塚2-17-12美津野商事本社ビル４階", "url": "https://www.kaigokensaku.mhlw.go.jp/13/index.php?action_kouhyou_detail_004_kani=true&JigyosyoCd=1370503581-00&ServiceCd=150&Type=search", "url2": "https://medipro.site/shop_gokokugi.php" }, "geometry": { "type": "Point", "coordinates": [ 139.732651, 35.720312700000015 ] } },
{ "type": "Feature", "properties": { "内容": "小日向ハウス【通所介護】東京都文京区小日向1-5-13", "url": "https://www.kaigokensaku.mhlw.go.jp/13/index.php?action_kouhyou_detail_004_kani=true&JigyosyoCd=1370503334-00&ServiceCd=150&Type=search", "url2": "http://kohinata.moon.bindcloud.jp" }, "geometry": { "type": "Point", "coordinates": [ 139.736719889549249, 35.710786200088229 ] } },
{ "type": "Feature", "properties": { "内容": "東京リハビリセンター【通所介護】東京都台東区北上野2-11-5OKADABOX　2F", "url": "https://www.kaigokensaku.mhlw.go.jp/13/index.php?action_kouhyou_detail_004_kani=true&JigyosyoCd=1370603811-00&ServiceCd=150&Type=search", "url2": "https://www.o-techno.co.jp/" }, "geometry": { "type": "Point", "coordinates": [ 139.784736480356628, 35.716543957360102 ] } },
{ "type": "Feature", "properties": { "内容": "東京都台東区立やなか高齢者在宅サービスセンター【通所介護】東京都台東区谷中2-17-20", "url": "https://www.kaigokensaku.mhlw.go.jp/13/index.php?action_kouhyou_detail_004_kani=true&JigyosyoCd=1370603977-00&ServiceCd=150&Type=search", "url2": "http://taitoswc.org/yanaka/" }, "geometry": { "type": "Point", "coordinates": [ 139.76432669999997, 35.7240524 ] } },
{ "type": "Feature", "properties": { "内容": "デイサービスセンター　コスモス【通所介護】東京都台東区日本堤１－１－７", "url": "https://www.kaigokensaku.mhlw.go.jp/13/index.php?action_kouhyou_detail_004_kani=true&JigyosyoCd=1370601435-00&ServiceCd=150&Type=search", "url2": "https://www.s-cosmos.org/" }, "geometry": { "type": "Point", "coordinates": [ 139.800133218819269, 35.726256542360765 ] } },
{ "type": "Feature", "properties": { "内容": "ゆめふる浅草店【通所介護】東京都台東区浅草2-34-7グレイプス浅草1階", "url": "https://www.kaigokensaku.mhlw.go.jp/13/index.php?action_kouhyou_detail_004_kani=true&JigyosyoCd=1370602706-00&ServiceCd=150&Type=search", "url2": "http://www.yasashiite.com/subdomains/division/09" }, "geometry": { "type": "Point", "coordinates": [ 139.798187199881994, 35.714869607937395 ] } },
{ "type": "Feature", "properties": { "内容": "デイサービス　ヨウコー御徒町【通所介護】東京都台東区元浅草1-14-7", "url": "https://www.kaigokensaku.mhlw.go.jp/13/index.php?action_kouhyou_detail_004_kani=true&JigyosyoCd=1370602532-00&ServiceCd=150&Type=search", "url2": "http://rehabili-youko.com/" }, "geometry": { "type": "Point", "coordinates": [ 139.784570499999973, 35.7088631 ] } },
{ "type": "Feature", "properties": { "内容": "健遊館銭湯ふくのゆ【通所介護】東京都台東区千束２－３４－６富久乃湯ビル1階", "url": "https://www.kaigokensaku.mhlw.go.jp/13/index.php?action_kouhyou_detail_004_kani=true&JigyosyoCd=1370603449-00&ServiceCd=150&Type=search", "url2": "http://www.kenyu.co.jp" }, "geometry": { "type": "Point", "coordinates": [ 139.79047479999997, 35.722601 ] } },
{ "type": "Feature", "properties": { "内容": "デイサービスセンターなごやか浅草【通所介護】東京都台東区浅草2-27-9クレッセンコート浅草", "url": "https://www.kaigokensaku.mhlw.go.jp/13/index.php?action_kouhyou_detail_004_kani=true&JigyosyoCd=1370603704-00&ServiceCd=150&Type=search", "url2": "http://www.nagoyaka-link.co.jp" }, "geometry": { "type": "Point", "coordinates": [ 139.795024799999965, 35.7163877 ] } },
{ "type": "Feature", "properties": { "内容": "デイサービスセンターなごやか蔵前【通所介護】東京都台東区蔵前4－37－5メリータウン蔵前１Ｆ", "url": "https://www.kaigokensaku.mhlw.go.jp/13/index.php?action_kouhyou_detail_004_kani=true&JigyosyoCd=1370603720-00&ServiceCd=150&Type=search", "url2": "http://www.nagoyaka-link.co.jp/club/kuramae/" }, "geometry": { "type": "Point", "coordinates": [ 139.788274099999967, 35.7058708 ] } },
{ "type": "Feature", "properties": { "内容": "台東区立まつがや高齢者在宅サービスセンター【通所介護】東京都台東区松が谷４－４－３", "url": "https://www.kaigokensaku.mhlw.go.jp/13/index.php?action_kouhyou_detail_004_kani=true&JigyosyoCd=1370603795-00&ServiceCd=150&Type=search", "url2": "http://www.tokyoengokyokai.or.jp/matsugayasenior01.html" }, "geometry": { "type": "Point", "coordinates": [ 139.787667, 35.7174569 ] } },
{ "type": "Feature", "properties": { "内容": "ベストリハ台東【通所介護】東京都台東区竜泉３－４４－３竜泉グリーンハイツ１階", "url": "https://www.kaigokensaku.mhlw.go.jp/13/index.php?action_kouhyou_detail_004_kani=true&JigyosyoCd=1370603860-00&ServiceCd=150&Type=search", "url2": "http://www.bestreha.com" }, "geometry": { "type": "Point", "coordinates": [ 139.791213400000061, 35.726328400000021 ] } },
{ "type": "Feature", "properties": { "内容": "東京都台東区立うえの高齢者在宅サービスセンター【通所介護】東京都台東区東上野2-25-14老人福祉センター　3階", "url": "https://www.kaigokensaku.mhlw.go.jp/13/index.php?action_kouhyou_detail_004_kani=true&JigyosyoCd=1370603936-00&ServiceCd=150&Type=search", "url2": "https://higasiueno-center.com/zaitaku/" }, "geometry": { "type": "Point", "coordinates": [ 139.781673400000045, 35.7094741 ] } },
{ "type": "Feature", "properties": { "内容": "Ｌｅｔ’ｓリハ！谷中言問【通所介護】東京都台東区上野桜木1-12-11フォレスト上野ヴィラ1Ｆ", "url": "https://www.kaigokensaku.mhlw.go.jp/13/index.php?action_kouhyou_detail_004_kani=true&JigyosyoCd=1370604124-00&ServiceCd=150&Type=search", "url2": "http://www.sakurajyuji.jp/" }, "geometry": { "type": "Point", "coordinates": [ 139.772206800000049, 35.7213975 ] } },
{ "type": "Feature", "properties": { "内容": "ライズケア　リハプライド上野【通所介護】東京都台東区東上野3-7-9中西ビル1階101号室", "url": "https://www.kaigokensaku.mhlw.go.jp/13/index.php?action_kouhyou_detail_004_kani=true&JigyosyoCd=1370604413-00&ServiceCd=150&Type=search", "url2": "https://www.rehapride.co.jp/ueno/" }, "geometry": { "type": "Point", "coordinates": [ 139.7807689, 35.7101609 ] } },
{ "type": "Feature", "properties": { "内容": "デイサービス　ソラスト台東【通所介護】東京都台東区台東2-3-6ソラスト台東ビル3階", "url": "https://www.kaigokensaku.mhlw.go.jp/13/index.php?action_kouhyou_detail_004_kani=true&JigyosyoCd=1370603100-00&ServiceCd=150&Type=search", "url2": "http://www.solasto.co.jp" }, "geometry": { "type": "Point", "coordinates": [ 139.779600991401736, 35.702621181679085 ] } },
{ "type": "Feature", "properties": { "内容": "健遊館　弁天湯【通所介護】東京都台東区浅草橋１－３３－６浅草橋シティマンション1階", "url": "https://www.kaigokensaku.mhlw.go.jp/13/index.php?action_kouhyou_detail_004_kani=true&JigyosyoCd=1370602896-00&ServiceCd=150&Type=search", "url2": "http://bentenyu.kenyu.co.jp/" }, "geometry": { "type": "Point", "coordinates": [ 139.784957, 35.6985253 ] } },
{ "type": "Feature", "properties": { "内容": "デイサービスセンター　エンゼルヘルプ浅草【通所介護】東京都台東区浅草7-5-4", "url": "https://www.kaigokensaku.mhlw.go.jp/13/index.php?action_kouhyou_detail_004_kani=true&JigyosyoCd=1370601633-00&ServiceCd=150&Type=search", "url2": "http://www.enzeru.co.jp/wps/" }, "geometry": { "type": "Point", "coordinates": [ 139.802118599999972, 35.7171488 ] } },
{ "type": "Feature", "properties": { "内容": "アサヒトラストリハビリセンター桜橋【通所介護】東京都台東区橋場1-32-6橋本ビル1階", "url": "https://www.kaigokensaku.mhlw.go.jp/13/index.php?action_kouhyou_detail_004_kani=true&JigyosyoCd=1370604769-00&ServiceCd=150&Type=search", "url2": "https://ds.asahitrust-x.com/" }, "geometry": { "type": "Point", "coordinates": [ 139.80553470000001, 35.7260196 ] } },
{ "type": "Feature", "properties": { "内容": "デイサービスジョイライフ【通所介護】東京都墨田区業平2-7-7", "url": "https://www.kaigokensaku.mhlw.go.jp/13/index.php?action_kouhyou_detail_004_kani=true&JigyosyoCd=1370702415-00&ServiceCd=150&Type=search", "url2": "http://www13.plala.or.jp/joylife/index.html" }, "geometry": { "type": "Point", "coordinates": [ 139.812548800000059, 35.7070274 ] } },
{ "type": "Feature", "properties": { "内容": "ゼストライフ【通所介護】東京都墨田区立川2-5-5カーサ両国1階", "url": "https://www.kaigokensaku.mhlw.go.jp/13/index.php?action_kouhyou_detail_004_kani=true&JigyosyoCd=1370705269-00&ServiceCd=150&Type=search", "url2": "http://zestlife.jp" }, "geometry": { "type": "Point", "coordinates": [ 139.8029235, 35.6910673 ] } },
{ "type": "Feature", "properties": { "内容": "和翔苑【通所介護】東京都墨田区八広6－55－17", "url": "https://www.kaigokensaku.mhlw.go.jp/13/index.php?action_kouhyou_detail_004_kani=true&JigyosyoCd=1370700286-00&ServiceCd=150&Type=search", "url2": "http://www.blog-washouen.com" }, "geometry": { "type": "Point", "coordinates": [ 139.83098259999997, 35.7240043 ] } },
{ "type": "Feature", "properties": { "内容": "高齢者在宅サービスセンター同愛記念ホーム【通所介護】東京都墨田区横網2-1-11", "url": "https://www.kaigokensaku.mhlw.go.jp/13/index.php?action_kouhyou_detail_004_kani=true&JigyosyoCd=1370700450-00&ServiceCd=150&Type=search", "url2": "http://www.doai.or" }, "geometry": { "type": "Point", "coordinates": [ 139.794143400000024, 35.6995421 ] } },
{ "type": "Feature", "properties": { "内容": "墨田区はなみずき高齢者在宅サービスセンター【通所介護】東京都墨田区八広３－２２－１４", "url": "https://www.kaigokensaku.mhlw.go.jp/13/index.php?action_kouhyou_detail_004_kani=true&JigyosyoCd=1370701953-00&ServiceCd=150&Type=search", "url2": "http://www.san-ikukai.or.jp" }, "geometry": { "type": "Point", "coordinates": [ 139.827966400000037, 35.7184546 ] } },
{ "type": "Feature", "properties": { "内容": "なりひら高齢者在宅サービスセンター【通所介護】東京都墨田区業平5-6-2", "url": "https://www.kaigokensaku.mhlw.go.jp/13/index.php?action_kouhyou_detail_004_kani=true&JigyosyoCd=1370704544-00&ServiceCd=150&Type=search", "url2": "http://www.camellia-kai.com" }, "geometry": { "type": "Point", "coordinates": [ 139.818009399999937, 35.7070608 ] } },
{ "type": "Feature", "properties": { "内容": "墨田区うめわか高齢者在宅サービスセンター【通所介護】東京都墨田区墨田１－４－４シルバープラザ梅若", "url": "https://www.kaigokensaku.mhlw.go.jp/13/index.php?action_kouhyou_detail_004_kani=true&JigyosyoCd=1370701904-00&ServiceCd=150&Type=search", "url2": "http://sumida-jigyodan.or.j/silverplazaumewaka/dayservice/index" }, "geometry": { "type": "Point", "coordinates": [ 139.815325499999972, 35.7292732 ] } },
{ "type": "Feature", "properties": { "内容": "すみだ福祉保健センター【通所介護】東京都墨田区向島三丁目36番7号", "url": "https://www.kaigokensaku.mhlw.go.jp/13/index.php?action_kouhyou_detail_004_kani=true&JigyosyoCd=1370701912-00&ServiceCd=150&Type=search", "url2": "https://sumida-jigyodan.or.jp/sumidafukushihokencenter/daykinou/index" }, "geometry": { "type": "Point", "coordinates": [ 139.8107903, 35.7132964 ] } },
{ "type": "Feature", "properties": { "内容": "デイサービスセンターこのまち両国【通所介護】東京都墨田区緑3-3-5両都ハイツ1階", "url": "https://www.kaigokensaku.mhlw.go.jp/13/index.php?action_kouhyou_detail_004_kani=true&JigyosyoCd=1370702092-00&ServiceCd=150&Type=search", "url2": "http://care365.co.jp" }, "geometry": { "type": "Point", "coordinates": [ 139.804174800000027, 35.6930844 ] } },
{ "type": "Feature", "properties": { "内容": "ジョイリハ亀戸【通所介護】東京都墨田区立花１－１７－１０", "url": "https://www.kaigokensaku.mhlw.go.jp/13/index.php?action_kouhyou_detail_004_kani=true&JigyosyoCd=1370702704-00&ServiceCd=150&Type=search", "url2": "http://www.okamoto-group.co.jp/joyreha/" }, "geometry": { "type": "Point", "coordinates": [ 139.82907780000005, 35.7071026 ] } },
{ "type": "Feature", "properties": { "内容": "らいおんハートリハビリ温泉デイサービス本所【通所介護】東京都墨田区本所１－２－１４ストークマンション１０１", "url": "https://www.kaigokensaku.mhlw.go.jp/13/index.php?action_kouhyou_detail_004_kani=true&JigyosyoCd=1370703637-00&ServiceCd=150&Type=search", "url2": "http://lion-heart.co/html/honjo.html" }, "geometry": { "type": "Point", "coordinates": [ 139.795850400000063, 35.7023639 ] } },
{ "type": "Feature", "properties": { "内容": "ルネサンス元氣ジム両国【通所介護】東京都墨田区亀沢1-19-1田中ビル2階", "url": "https://www.kaigokensaku.mhlw.go.jp/13/index.php?action_kouhyou_detail_004_kani=true&JigyosyoCd=1370703884-00&ServiceCd=150&Type=search", "url2": "http://www.s-re.jp" }, "geometry": { "type": "Point", "coordinates": [ 139.7993391, 35.6978505 ] } },
{ "type": "Feature", "properties": { "内容": "はなまるデイサービス八広【通所介護】東京都墨田区八広3-38-20", "url": "https://www.kaigokensaku.mhlw.go.jp/13/index.php?action_kouhyou_detail_004_kani=true&JigyosyoCd=1370704197-00&ServiceCd=150&Type=search", "url2": "http://www.aiseifukushi.jp" }, "geometry": { "type": "Point", "coordinates": [ 139.829671800000028, 35.7187324 ] } },
{ "type": "Feature", "properties": { "内容": "デイサービス夢楽駒形【通所介護】東京都墨田区東駒形2-19-1Ｃｉｔｙ　Ｐａｌ東駒形　１Ｆ", "url": "https://www.kaigokensaku.mhlw.go.jp/13/index.php?action_kouhyou_detail_004_kani=true&JigyosyoCd=1370704221-00&ServiceCd=150&Type=search", "url2": "http://yumeraku.net/komgata/" }, "geometry": { "type": "Point", "coordinates": [ 139.800927499999943, 35.7072718 ] } },
{ "type": "Feature", "properties": { "内容": "ベストリハ墨田【通所介護】東京都墨田区横川1-8-3EASTTOKYO1階", "url": "https://www.kaigokensaku.mhlw.go.jp/13/index.php?action_kouhyou_detail_004_kani=true&JigyosyoCd=1370704528-00&ServiceCd=150&Type=search", "url2": "http://www.bestreha.com" }, "geometry": { "type": "Point", "coordinates": [ 139.8111629, 35.7036832 ] } },
{ "type": "Feature", "properties": { "内容": "デイサービスセンターなごやか墨田【通所介護】東京都墨田区八広４－１０－６", "url": "https://www.kaigokensaku.mhlw.go.jp/13/index.php?action_kouhyou_detail_004_kani=true&JigyosyoCd=1370704635-00&ServiceCd=150&Type=search", "url2": "http://www.nagoyaka-link.co.jp/" }, "geometry": { "type": "Point", "coordinates": [ 139.827952399999958, 35.7227266 ] } },
{ "type": "Feature", "properties": { "内容": "リハプライド　鐘ヶ淵【通所介護】東京都墨田区墨田4-13-7101", "url": "https://www.kaigokensaku.mhlw.go.jp/13/index.php?action_kouhyou_detail_004_kani=true&JigyosyoCd=1370704858-00&ServiceCd=150&Type=search", "url2": "http://www.rehapride.co.jp/kanegafuchi/" }, "geometry": { "type": "Point", "coordinates": [ 139.822044399999982, 35.7313538 ] } },
{ "type": "Feature", "properties": { "内容": "デイホームゆりの木両国【通所介護】石原2-7-4吉武ビル1F", "url": "https://www.kaigokensaku.mhlw.go.jp/13/index.php?action_kouhyou_detail_004_kani=true&JigyosyoCd=1370705186-00&ServiceCd=150&Type=search", "url2": "https://www.elderly.jp/yurinoki/home/ryogoku/" }, "geometry": { "type": "Point", "coordinates": [ 139.8013871, 35.699921 ] } },
{ "type": "Feature", "properties": { "内容": "ベストリハ東向島【通所介護】東京都墨田区東向島3-20-8", "url": "https://www.kaigokensaku.mhlw.go.jp/13/index.php?action_kouhyou_detail_004_kani=true&JigyosyoCd=1370705236-00&ServiceCd=150&Type=search", "url2": "https://bestreha.com/" }, "geometry": { "type": "Point", "coordinates": [ 139.816844599999968, 35.7236619 ] } },
{ "type": "Feature", "properties": { "内容": "Tenon吾妻橋【通所介護】東京都墨田区吾妻橋2丁目18番8号パークリヴィエール1階", "url": "https://www.kaigokensaku.mhlw.go.jp/13/index.php?action_kouhyou_detail_004_kani=true&JigyosyoCd=1370705301-00&ServiceCd=150&Type=search", "url2": null }, "geometry": { "type": "Point", "coordinates": [ 139.8023423, 35.7106654 ] } },
{ "type": "Feature", "properties": { "内容": "デイサービス　ケット【通所介護】東京都墨田区本所２−14−11ヴェーレ", "url": "https://www.kaigokensaku.mhlw.go.jp/13/index.php?action_kouhyou_detail_004_kani=true&JigyosyoCd=1370705475-00&ServiceCd=150&Type=search", "url2": null }, "geometry": { "type": "Point", "coordinates": [ 139.800819499999989, 35.7038655 ] } },
{ "type": "Feature", "properties": { "内容": "エバーウォーク曳舟【通所介護】東京都墨田区東向島2-20-1向島ダイヤマンション１階", "url": "https://www.kaigokensaku.mhlw.go.jp/13/index.php?action_kouhyou_detail_004_kani=true&JigyosyoCd=1370705491-00&ServiceCd=150&Type=search", "url2": "http://everwalk.net/" }, "geometry": { "type": "Point", "coordinates": [ 139.8144566, 35.718787 ] } },
{ "type": "Feature", "properties": { "内容": "可能性支援型デイリハLABOオリーブ【通所介護】東京都墨田区向島４ー２０ー７１０２号室", "url": "https://www.kaigokensaku.mhlw.go.jp/13/index.php?action_kouhyou_detail_004_kani=true&JigyosyoCd=1370705574-00&ServiceCd=150&Type=search", "url2": "https://dayrehaolive.wordpress.com/" }, "geometry": { "type": "Point", "coordinates": [ 139.8134262, 35.7153542 ] } },
{ "type": "Feature", "properties": { "内容": "デイサービスやわら【通所介護】東京都墨田区京島2丁目8番6号", "url": "https://www.kaigokensaku.mhlw.go.jp/13/index.php?action_kouhyou_detail_004_kani=true&JigyosyoCd=1370705582-00&ServiceCd=150&Type=search", "url2": null }, "geometry": { "type": "Point", "coordinates": [ 139.8197324, 35.7142266 ] } },
{ "type": "Feature", "properties": { "内容": "デイサービス夢楽駒形2号店【通所介護】東京墨田区墨田3-8-13", "url": "https://www.kaigokensaku.mhlw.go.jp/13/index.php?action_kouhyou_detail_004_kani=true&JigyosyoCd=1370705715-00&ServiceCd=150&Type=search", "url2": "https://yumeraku.net/" }, "geometry": { "type": "Point", "coordinates": [ 139.8217709, 35.728638 ] } },
{ "type": "Feature", "properties": { "内容": "エバーウォーク両国【通所介護】東京都墨田区石原3丁目27番地10号原田ビル1階", "url": "https://www.kaigokensaku.mhlw.go.jp/13/index.php?action_kouhyou_detail_004_kani=true&JigyosyoCd=1370805374-00&ServiceCd=150&Type=search", "url2": "https://everwalk.net/" }, "geometry": { "type": "Point", "coordinates": [ 139.802949799999965, 35.7014529 ] } },
{ "type": "Feature", "properties": { "内容": "ニチイケアセンター　おしあげ【通所介護】東京都墨田区太平3-19-5", "url": "https://www.kaigokensaku.mhlw.go.jp/13/index.php?action_kouhyou_detail_004_kani=true&JigyosyoCd=1370702225-00&ServiceCd=150&Type=search", "url2": "http://www.nichiigakkan.co.jp" }, "geometry": { "type": "Point", "coordinates": [ 139.813540500000045, 35.702475 ] } },
{ "type": "Feature", "properties": { "内容": "健遊館　冨士乃湯【通所介護】東京都墨田区立花4-7-9立花冨士ハイツ１F", "url": "https://www.kaigokensaku.mhlw.go.jp/13/index.php?action_kouhyou_detail_004_kani=true&JigyosyoCd=1370702241-00&ServiceCd=150&Type=search", "url2": "http://fujinoyu.kenyu.co.jp/" }, "geometry": { "type": "Point", "coordinates": [ 139.8302665, 35.7108496 ] } },
{ "type": "Feature", "properties": { "内容": "なのはなデイサービスセンター【通所介護】東京都墨田区八広１－１－４ビレッタ八広１階", "url": "https://www.kaigokensaku.mhlw.go.jp/13/index.php?action_kouhyou_detail_004_kani=true&JigyosyoCd=1370702290-00&ServiceCd=150&Type=search", "url2": "http://www.nanohana.biz/" }, "geometry": { "type": "Point", "coordinates": [ 139.821078484655828, 35.720601941844755 ] } },
{ "type": "Feature", "properties": { "内容": "たのしいデイ　りょうごく【通所介護】東京都墨田区亀沢３－１４－１３錦糸町一重ローヤルコーポ101号", "url": "https://www.kaigokensaku.mhlw.go.jp/13/index.php?action_kouhyou_detail_004_kani=true&JigyosyoCd=1370702894-00&ServiceCd=150&Type=search", "url2": "http://care21.co.jp" }, "geometry": { "type": "Point", "coordinates": [ 139.804949699999952, 35.6977422 ] } },
{ "type": "Feature", "properties": { "内容": "デイサービスセンター墨田【通所介護】東京都墨田区墨田1-7-2", "url": "https://www.kaigokensaku.mhlw.go.jp/13/index.php?action_kouhyou_detail_004_kani=true&JigyosyoCd=1370703017-00&ServiceCd=150&Type=search", "url2": "http://care.co.jp" }, "geometry": { "type": "Point", "coordinates": [ 139.81659209999998, 35.7284733 ] } },
{ "type": "Feature", "properties": { "内容": "デイサービスヨウコー錦糸町【通所介護】東京都墨田区緑4-5-4", "url": "https://www.kaigokensaku.mhlw.go.jp/13/index.php?action_kouhyou_detail_004_kani=true&JigyosyoCd=1370703058-00&ServiceCd=150&Type=search", "url2": "http://rehabili-youko.com/" }, "geometry": { "type": "Point", "coordinates": [ 139.8060524, 35.6930928 ] } },
{ "type": "Feature", "properties": { "内容": "ゆめふる錦糸町店【通所介護】東京都墨田区太平1-12-5", "url": "https://www.kaigokensaku.mhlw.go.jp/13/index.php?action_kouhyou_detail_004_kani=true&JigyosyoCd=1370703181-00&ServiceCd=150&Type=search", "url2": "http://www.yasashiite.com" }, "geometry": { "type": "Point", "coordinates": [ 139.81058250000001, 35.7007835 ] } },
{ "type": "Feature", "properties": { "内容": "東京清風園高齢者在宅サービスセンター【通所介護】東京都墨田区立花1-25-12", "url": "https://www.kaigokensaku.mhlw.go.jp/13/index.php?action_kouhyou_detail_004_kani=true&JigyosyoCd=1370700534-00&ServiceCd=150&Type=search", "url2": "http://www.san-ikukai.or.jp/sumida/seifu" }, "geometry": { "type": "Point", "coordinates": [ 139.831111100000044, 35.7049834 ] } },
{ "type": "Feature", "properties": { "内容": "ヒューマンライフケアしらひげ乃湯【通所介護】東京都墨田区堤通2-7-37", "url": "https://www.kaigokensaku.mhlw.go.jp/13/index.php?action_kouhyou_detail_004_kani=true&JigyosyoCd=1370703082-00&ServiceCd=150&Type=search", "url2": "https://kaigo.human-lifecare.jp/facilities/ds013_Shirahige/summary.html" }, "geometry": { "type": "Point", "coordinates": [ 139.816850199999976, 35.7343229 ] } },
{ "type": "Feature", "properties": { "内容": "デイサービスMARU【通所介護】東京都墨田区横川2-13-14コスモ押上サザンフォルム１０１", "url": "https://www.kaigokensaku.mhlw.go.jp/13/index.php?action_kouhyou_detail_004_kani=true&JigyosyoCd=1370704478-00&ServiceCd=150&Type=search", "url2": "http://www.maru-asia.jp" }, "geometry": { "type": "Point", "coordinates": [ 139.81191560000002, 35.7044248 ] } },
{ "type": "Feature", "properties": { "内容": "大島リハビリデイステーション中の橋看護＆SPA【通所介護】東京都江東区大島7-7-1", "url": "https://www.kaigokensaku.mhlw.go.jp/13/index.php?action_kouhyou_detail_004_kani=true&JigyosyoCd=1370807198-00&ServiceCd=150&Type=search", "url2": null }, "geometry": { "type": "Point", "coordinates": [ 139.8379117, 35.691188 ] } },
{ "type": "Feature", "properties": { "内容": "あそか園高齢者在宅サービスセンター【通所介護】東京都江東区住吉１－９－５", "url": "https://www.kaigokensaku.mhlw.go.jp/13/index.php?action_kouhyou_detail_004_kani=true&JigyosyoCd=1370800599-00&ServiceCd=150&Type=search", "url2": "http://www.asokakai.or.jp/asoka/index.html" }, "geometry": { "type": "Point", "coordinates": [ 139.812051779366129, 35.687555921386611 ] } },
{ "type": "Feature", "properties": { "内容": "老人デイサービスセンター　あじさい【通所介護】東京都江東区東砂4丁目２０番１５号", "url": "https://www.kaigokensaku.mhlw.go.jp/13/index.php?action_kouhyou_detail_004_kani=true&JigyosyoCd=1370803056-00&ServiceCd=150&Type=search", "url2": "http://ajisai-kaigo.jp/" }, "geometry": { "type": "Point", "coordinates": [ 139.838157700000011, 35.6781478 ] } },
{ "type": "Feature", "properties": { "内容": "寿園サービスセンター【通所介護】東京都江東区北砂2丁目1番16号", "url": "https://www.kaigokensaku.mhlw.go.jp/13/index.php?action_kouhyou_detail_004_kani=true&JigyosyoCd=1370800615-00&ServiceCd=150&Type=search", "url2": "http://www.kotokotobukikai.com" }, "geometry": { "type": "Point", "coordinates": [ 139.8268549, 35.679022 ] } },
{ "type": "Feature", "properties": { "内容": "コスモス高齢者在宅サービスセンター【通所介護】東京都江東区大島9-6-16", "url": "https://www.kaigokensaku.mhlw.go.jp/13/index.php?action_kouhyou_detail_004_kani=true&JigyosyoCd=1370801381-00&ServiceCd=150&Type=search", "url2": null }, "geometry": { "type": "Point", "coordinates": [ 139.844829399999981, 35.693149 ] } },
{ "type": "Feature", "properties": { "内容": "江東ホーム高齢者在宅サービスセンター【通所介護】東京都江東区東陽2-1-2", "url": "https://www.kaigokensaku.mhlw.go.jp/13/index.php?action_kouhyou_detail_004_kani=true&JigyosyoCd=1370807024-00&ServiceCd=150&Type=search", "url2": "https://www.asokakai.or.jp/intro/intro02_01/" }, "geometry": { "type": "Point", "coordinates": [ 139.8147064, 35.6658806 ] } },
{ "type": "Feature", "properties": { "内容": "芳香苑高齢者在宅サービスセンター【通所介護】東京都江東区東雲2-2-29", "url": "https://www.kaigokensaku.mhlw.go.jp/13/index.php?action_kouhyou_detail_004_kani=true&JigyosyoCd=1370803395-00&ServiceCd=150&Type=search", "url2": "http://www.oheikai.or.jp/" }, "geometry": { "type": "Point", "coordinates": [ 139.801253300000013, 35.6421459 ] } },
{ "type": "Feature", "properties": { "内容": "ちろりん村・深川【通所介護】東京都江東区千田21-3", "url": "https://www.kaigokensaku.mhlw.go.jp/13/index.php?action_kouhyou_detail_004_kani=true&JigyosyoCd=1370804716-00&ServiceCd=150&Type=search", "url2": "http://www.yasuraginosono.com" }, "geometry": { "type": "Point", "coordinates": [ 139.816276499999958, 35.6811692 ] } },
{ "type": "Feature", "properties": { "内容": "すこやかホーム小名木川【通所介護】東京都江東区北砂五丁目20番1102号", "url": "https://www.kaigokensaku.mhlw.go.jp/13/index.php?action_kouhyou_detail_004_kani=true&JigyosyoCd=1370803007-00&ServiceCd=150&Type=search", "url2": "http://www.sukoyaka-home.com/" }, "geometry": { "type": "Point", "coordinates": [ 139.831627799999978, 35.6834553 ] } },
{ "type": "Feature", "properties": { "内容": "フォービスライフ　お元気クラブ【通所介護】江東区海辺23-15", "url": "https://www.kaigokensaku.mhlw.go.jp/13/index.php?action_kouhyou_detail_004_kani=true&JigyosyoCd=1370803130-00&ServiceCd=150&Type=search", "url2": "https://lion-heart.co/shops/day_service_kameido/" }, "geometry": { "type": "Point", "coordinates": [ 139.826078300000063, 35.695712 ] } },
{ "type": "Feature", "properties": { "内容": "門前仲町リハビリデイセンター【通所介護】東京都江東区深川1-3-4アーバンテラスN", "url": "https://www.kaigokensaku.mhlw.go.jp/13/index.php?action_kouhyou_detail_004_kani=true&JigyosyoCd=1370804674-00&ServiceCd=150&Type=search", "url2": "http://bodypioneer.net" }, "geometry": { "type": "Point", "coordinates": [ 139.795443306745938, 35.675830605443231 ] } },
{ "type": "Feature", "properties": { "内容": "深川愛の園デイサービスセンター【通所介護】東京都江東区富岡1-15-9深川えんみち", "url": "https://www.kaigokensaku.mhlw.go.jp/13/index.php?action_kouhyou_detail_004_kani=true&JigyosyoCd=1370800508-00&ServiceCd=150&Type=search", "url2": "https://seikyusyu.or.jp/" }, "geometry": { "type": "Point", "coordinates": [ 139.798422799999969, 35.672192600000024 ] } },
{ "type": "Feature", "properties": { "内容": "江東区枝川高齢者在宅サービスセンター【通所介護】東京都江東区潮見2-8-7", "url": "https://www.kaigokensaku.mhlw.go.jp/13/index.php?action_kouhyou_detail_004_kani=true&JigyosyoCd=1370800649-00&ServiceCd=150&Type=search", "url2": "https://www.foryou.or.jp/facility/edagawa/w092/" }, "geometry": { "type": "Point", "coordinates": [ 139.819541038986273, 35.658410637284298 ] } },
{ "type": "Feature", "properties": { "内容": "癒しのデイサービス江東【通所介護】東京都江東区大島6-1-4103", "url": "https://www.kaigokensaku.mhlw.go.jp/13/index.php?action_kouhyou_detail_004_kani=true&JigyosyoCd=1370800821-00&ServiceCd=150&Type=search", "url2": "http://www.riei.co.jp" }, "geometry": { "type": "Point", "coordinates": [ 139.832247199999983, 35.6911739 ] } },
{ "type": "Feature", "properties": { "内容": "すこやかホーム東陽町【通所介護】東京都江東区南砂１丁目３番２０号東京トラック同盟協同組合会館３階", "url": "https://www.kaigokensaku.mhlw.go.jp/13/index.php?action_kouhyou_detail_004_kani=true&JigyosyoCd=1370801340-00&ServiceCd=150&Type=search", "url2": "http://www.sukoyaka-home.com/" }, "geometry": { "type": "Point", "coordinates": [ 139.821695299999988, 35.6786501 ] } },
{ "type": "Feature", "properties": { "内容": "株式会社ケアサービス　デイサービスセンター南砂【通所介護】東京都江東区南砂1-7-10土屋ビル1階", "url": "https://www.kaigokensaku.mhlw.go.jp/13/index.php?action_kouhyou_detail_004_kani=true&JigyosyoCd=1370801688-00&ServiceCd=150&Type=search", "url2": "http://www.care.co.jp/" }, "geometry": { "type": "Point", "coordinates": [ 139.823059100000023, 35.6798749 ] } },
{ "type": "Feature", "properties": { "内容": "デイサービスリゾートハナマウイ【通所介護】東京都江東区東砂八丁目6番2号ツインシティ東砂アネックス114", "url": "https://www.kaigokensaku.mhlw.go.jp/13/index.php?action_kouhyou_detail_004_kani=true&JigyosyoCd=1370802017-00&ServiceCd=150&Type=search", "url2": "http.//hanamaui.co.jp" }, "geometry": { "type": "Point", "coordinates": [ 139.8396937, 35.6692934 ] } },
{ "type": "Feature", "properties": { "内容": "すこやかホーム住吉【通所介護】東京都江東区毛利2-5-8101", "url": "https://www.kaigokensaku.mhlw.go.jp/13/index.php?action_kouhyou_detail_004_kani=true&JigyosyoCd=1370802025-00&ServiceCd=150&Type=search", "url2": "https://sukoyakahome.wixsite.com/sukoyaka" }, "geometry": { "type": "Point", "coordinates": [ 139.815721067015176, 35.691624189269369 ] } },
{ "type": "Feature", "properties": { "内容": "デイサービス一歩【通所介護】東京都江東区白河３－１８－１２フルハウス白河", "url": "https://www.kaigokensaku.mhlw.go.jp/13/index.php?action_kouhyou_detail_004_kani=true&JigyosyoCd=1370802074-00&ServiceCd=150&Type=search", "url2": null }, "geometry": { "type": "Point", "coordinates": [ 139.803822299999979, 35.6830217 ] } },
{ "type": "Feature", "properties": { "内容": "南砂高齢者在宅サービスセンター【通所介護】東京都江東区南砂2-3-5102", "url": "https://www.kaigokensaku.mhlw.go.jp/13/index.php?action_kouhyou_detail_004_kani=true&JigyosyoCd=1370802447-00&ServiceCd=150&Type=search", "url2": "http://www.kotokotobukikai.com" }, "geometry": { "type": "Point", "coordinates": [ 139.822717499999953, 35.6708316 ] } },
{ "type": "Feature", "properties": { "内容": "亀戸高齢者在宅サービスセンター【通所介護】東京都江東区亀戸4-21-13", "url": "https://www.kaigokensaku.mhlw.go.jp/13/index.php?action_kouhyou_detail_004_kani=true&JigyosyoCd=1370802538-00&ServiceCd=150&Type=search", "url2": "https://www.asokakai.or.jp/" }, "geometry": { "type": "Point", "coordinates": [ 139.8265477, 35.7026473 ] } },
{ "type": "Feature", "properties": { "内容": "東陽高齢者在宅サービスセンター【通所介護】東京都江東区東陽６－２－１７高齢者総合福祉センター", "url": "https://www.kaigokensaku.mhlw.go.jp/13/index.php?action_kouhyou_detail_004_kani=true&JigyosyoCd=1370802561-00&ServiceCd=150&Type=search", "url2": "http://www.asokakai.or.jp" }, "geometry": { "type": "Point", "coordinates": [ 139.812391838419586, 35.674730042324249 ] } },
{ "type": "Feature", "properties": { "内容": "古石場高齢者在宅サービスセンター【通所介護】東京都江東区古石場2-14-1101", "url": "https://www.kaigokensaku.mhlw.go.jp/13/index.php?action_kouhyou_detail_004_kani=true&JigyosyoCd=1370802595-00&ServiceCd=150&Type=search", "url2": "http://www.asokakai.or.jp/" }, "geometry": { "type": "Point", "coordinates": [ 139.800011899999959, 35.6671486 ] } },
{ "type": "Feature", "properties": { "内容": "大島高齢者在宅サービスセンター【通所介護】東京都江東区大島6-14-4103", "url": "https://www.kaigokensaku.mhlw.go.jp/13/index.php?action_kouhyou_detail_004_kani=true&JigyosyoCd=1370802637-00&ServiceCd=150&Type=search", "url2": "http://www.asokakai.or.jp/" }, "geometry": { "type": "Point", "coordinates": [ 139.8363051, 35.6929988 ] } },
{ "type": "Feature", "properties": { "内容": "あっぷるデイサービス【通所介護】東京都江東区亀戸1-33-5シテセレスト１階", "url": "https://www.kaigokensaku.mhlw.go.jp/13/index.php?action_kouhyou_detail_004_kani=true&JigyosyoCd=1370802876-00&ServiceCd=150&Type=search", "url2": "http://www.well-life.co.jp/" }, "geometry": { "type": "Point", "coordinates": [ 139.824778899999956, 35.695298669398952 ] } },
{ "type": "Feature", "properties": { "内容": "デイサービスリゾートハナマウイスイート【通所介護】東京都江東区住吉1-19-1ツインタワーすみとし住吉館201", "url": "https://www.kaigokensaku.mhlw.go.jp/13/index.php?action_kouhyou_detail_004_kani=true&JigyosyoCd=1370803122-00&ServiceCd=150&Type=search", "url2": "http://hanamaui.jp" }, "geometry": { "type": "Point", "coordinates": [ 139.813174, 35.6901514 ] } },
{ "type": "Feature", "properties": { "内容": "らいおんハートリハビリ温泉デイサービスひまわり【通所介護】東京都江東区南砂3-5-3スターハイツ1Ｆ", "url": "https://www.kaigokensaku.mhlw.go.jp/13/index.php?action_kouhyou_detail_004_kani=true&JigyosyoCd=1370803734-00&ServiceCd=150&Type=search", "url2": "http://lion-heart.co/html/minamisuna.html" }, "geometry": { "type": "Point", "coordinates": [ 139.827314300000012, 35.6732536 ] } },
{ "type": "Feature", "properties": { "内容": "すこやかホーム大島【通所介護】東京都江東区大島８－２－１０", "url": "https://www.kaigokensaku.mhlw.go.jp/13/index.php?action_kouhyou_detail_004_kani=true&JigyosyoCd=1370803767-00&ServiceCd=150&Type=search", "url2": "http://homepage2.nifty.com/sukoyakahome/" }, "geometry": { "type": "Point", "coordinates": [ 139.838329899999962, 35.6884966 ] } },
{ "type": "Feature", "properties": { "内容": "デイサービス五幸　亀七通り【通所介護】東京都江東区亀戸7-28-9ペトリュス1Ｆ", "url": "https://www.kaigokensaku.mhlw.go.jp/13/index.php?action_kouhyou_detail_004_kani=true&JigyosyoCd=1370803890-00&ServiceCd=150&Type=search", "url2": "http://www.gokou-totalservice.co.jp/day-service/kamenana/" }, "geometry": { "type": "Point", "coordinates": [ 139.837002365606622, 35.698362720909259 ] } },
{ "type": "Feature", "properties": { "内容": "白河高齢者在宅サービスセンター【通所介護】東京都江東区白河3-4-3イーストコモンズ清澄白河フロントタワー　201", "url": "https://www.kaigokensaku.mhlw.go.jp/13/index.php?action_kouhyou_detail_004_kani=true&JigyosyoCd=1370804153-00&ServiceCd=150&Type=search", "url2": "http://www.asokakai.or.jp/shirakawa/index.html" }, "geometry": { "type": "Point", "coordinates": [ 139.805763699999943, 35.6821635 ] } },
{ "type": "Feature", "properties": { "内容": "ヒューマンライフケア鶴の湯【通所介護】東京都江東区冬木22-24リブリコスズ", "url": "https://www.kaigokensaku.mhlw.go.jp/13/index.php?action_kouhyou_detail_004_kani=true&JigyosyoCd=1370804203-00&ServiceCd=150&Type=search", "url2": "https://kaigo.human-lifecare.jp/facilities/ds005_Tsuru/summary.html" }, "geometry": { "type": "Point", "coordinates": [ 139.801024844921812, 35.675777527044232 ] } },
{ "type": "Feature", "properties": { "内容": "機能回復リハセンター南砂【通所介護】東京都江東区南砂1-10-11サンハイツ南砂　１F", "url": "https://www.kaigokensaku.mhlw.go.jp/13/index.php?action_kouhyou_detail_004_kani=true&JigyosyoCd=1370804849-00&ServiceCd=150&Type=search", "url2": "https://www.bodypioneer.net/" }, "geometry": { "type": "Point", "coordinates": [ 139.823825700000043, 35.678889 ] } },
{ "type": "Feature", "properties": { "内容": "デイサービスホーム　まんまる笑がお【通所介護】東京都江東区千石1-7-32", "url": "https://www.kaigokensaku.mhlw.go.jp/13/index.php?action_kouhyou_detail_004_kani=true&JigyosyoCd=1370805036-00&ServiceCd=150&Type=search", "url2": "http://manmaru-egao.com/" }, "geometry": { "type": "Point", "coordinates": [ 139.814260099999956, 35.6769336 ] } },
{ "type": "Feature", "properties": { "内容": "デイサービスいちばん星【通所介護】東京都江東区常盤２－１２－７", "url": "https://www.kaigokensaku.mhlw.go.jp/13/index.php?action_kouhyou_detail_004_kani=true&JigyosyoCd=1370805358-00&ServiceCd=150&Type=search", "url2": "http://www.ichibanboshi-care.com/index.html" }, "geometry": { "type": "Point", "coordinates": [ 139.7978756, 35.685210400000024 ] } },
{ "type": "Feature", "properties": { "内容": "デイサービスセンターなごやか江東【通所介護】東京都江東区扇橋３－２－２ハイツ扇橋１階", "url": "https://www.kaigokensaku.mhlw.go.jp/13/index.php?action_kouhyou_detail_004_kani=true&JigyosyoCd=1370805705-00&ServiceCd=150&Type=search", "url2": "http://www.nagoyaka-link.co.jp/club/koto/" }, "geometry": { "type": "Point", "coordinates": [ 139.818054, 35.6828329 ] } },
{ "type": "Feature", "properties": { "内容": "ディサービスセンターなごやか亀戸【通所介護】東京都江東区亀戸3-61-3小林ｺｰﾎﾟ1階", "url": "https://www.kaigokensaku.mhlw.go.jp/13/index.php?action_kouhyou_detail_004_kani=true&JigyosyoCd=1370805739-00&ServiceCd=150&Type=search", "url2": "https://www.nagoyaka-link.co.jp/club/kameto/" }, "geometry": { "type": "Point", "coordinates": [ 139.824797799999942, 35.7021223 ] } },
{ "type": "Feature", "properties": { "内容": "ディサービスセンターなごやか砂町【通所介護】東京都江東区東砂6-19-4スリーリバーハイツ1階", "url": "https://www.kaigokensaku.mhlw.go.jp/13/index.php?action_kouhyou_detail_004_kani=true&JigyosyoCd=1370805747-00&ServiceCd=150&Type=search", "url2": "http://www2.nagoyakaclub.jp/sunamachi/" }, "geometry": { "type": "Point", "coordinates": [ 139.840840800000024, 35.6745095 ] } },
{ "type": "Feature", "properties": { "内容": "デイサービス　きずな【通所介護】東京都江東区亀戸3-47-4ゴールドハイツ亀戸", "url": "https://www.kaigokensaku.mhlw.go.jp/13/index.php?action_kouhyou_detail_004_kani=true&JigyosyoCd=1370805861-00&ServiceCd=150&Type=search", "url2": null }, "geometry": { "type": "Point", "coordinates": [ 139.823339799999985, 35.702279 ] } },
{ "type": "Feature", "properties": { "内容": "森井整形外科デイサービス【通所介護】東京都江東区千田13番10号ー", "url": "https://www.kaigokensaku.mhlw.go.jp/13/index.php?action_kouhyou_detail_004_kani=true&JigyosyoCd=1370806281-00&ServiceCd=150&Type=search", "url2": "http://www.morii-orth.jp" }, "geometry": { "type": "Point", "coordinates": [ 139.81536507116391, 35.68202936271804 ] } },
{ "type": "Feature", "properties": { "内容": "Tenon東陽【通所介護】東京都江東区東陽1－26－15エンブレム木場102・103", "url": "https://www.kaigokensaku.mhlw.go.jp/13/index.php?action_kouhyou_detail_004_kani=true&JigyosyoCd=1370806299-00&ServiceCd=150&Type=search", "url2": null }, "geometry": { "type": "Point", "coordinates": [ 139.811961599999961, 35.6672777 ] } },
{ "type": "Feature", "properties": { "内容": "デイサービスめいゆう【通所介護】東京都江東区北砂１－１１－１コーポ小名木川", "url": "https://www.kaigokensaku.mhlw.go.jp/13/index.php?action_kouhyou_detail_004_kani=true&JigyosyoCd=1370806448-00&ServiceCd=150&Type=search", "url2": "https://www.bodypioneer.net/service/meiyuu.html" }, "geometry": { "type": "Point", "coordinates": [ 139.823322100000013, 35.6802517 ] } },
{ "type": "Feature", "properties": { "内容": "デイサービスたけのこ【通所介護】東京都江東区南砂3-8-33", "url": "https://www.kaigokensaku.mhlw.go.jp/13/index.php?action_kouhyou_detail_004_kani=true&JigyosyoCd=1370806570-00&ServiceCd=150&Type=search", "url2": "http://www.raycom.co.jp/" }, "geometry": { "type": "Point", "coordinates": [ 139.8305977, 35.6702845 ] } },
{ "type": "Feature", "properties": { "内容": "ルネサンス元氣ジム亀戸【通所介護】東京都江東区亀戸2-1-12階", "url": "https://www.kaigokensaku.mhlw.go.jp/13/index.php?action_kouhyou_detail_004_kani=true&JigyosyoCd=1370806596-00&ServiceCd=150&Type=search", "url2": "https://www.s-renaissance.co.jp/" }, "geometry": { "type": "Point", "coordinates": [ 139.8201324, 35.697394 ] } },
{ "type": "Feature", "properties": { "内容": "デイサービスセンター亀戸【通所介護】東京都江東区亀戸5-8-12サンメゾン荒井ビル1階", "url": "https://www.kaigokensaku.mhlw.go.jp/13/index.php?action_kouhyou_detail_004_kani=true&JigyosyoCd=1370806703-00&ServiceCd=150&Type=search", "url2": "https://www.care.co.jp" }, "geometry": { "type": "Point", "coordinates": [ 139.828634599999987, 35.6984639 ] } },
{ "type": "Feature", "properties": { "内容": "ベストリハ砂町銀座【通所介護】東京都江東区北砂3-37-2ボンジュール銀座1F", "url": "https://www.kaigokensaku.mhlw.go.jp/13/index.php?action_kouhyou_detail_004_kani=true&JigyosyoCd=1370806935-00&ServiceCd=150&Type=search", "url2": "https://bestreha.com/" }, "geometry": { "type": "Point", "coordinates": [ 139.8304817, 35.6796848 ] } },
{ "type": "Feature", "properties": { "内容": "セントケア東雲デイサービスセンター【通所介護】東京都江東区東雲1-9-20201", "url": "https://www.kaigokensaku.mhlw.go.jp/13/index.php?action_kouhyou_detail_004_kani=true&JigyosyoCd=1370803445-00&ServiceCd=150&Type=search", "url2": null }, "geometry": { "type": "Point", "coordinates": [ 139.803808899999979, 35.6481863 ] } },
{ "type": "Feature", "properties": { "内容": "らいおんハートリハビリデイサービス東陽町【通所介護】東京都江東区東陽2-2-11ライオンズマンション東陽町第三１F", "url": "https://www.kaigokensaku.mhlw.go.jp/13/index.php?action_kouhyou_detail_004_kani=true&JigyosyoCd=1370804286-00&ServiceCd=150&Type=search", "url2": "http://lion-heart.co/html/toyocho.html" }, "geometry": { "type": "Point", "coordinates": [ 139.815004499999986, 35.6679402 ] } },
{ "type": "Feature", "properties": { "内容": "すこやか自立学園木場校【通所介護】東京都江東区木場１－４－５イマス木場ビル３階", "url": "https://www.kaigokensaku.mhlw.go.jp/13/index.php?action_kouhyou_detail_004_kani=true&JigyosyoCd=1370804666-00&ServiceCd=150&Type=search", "url2": "http://sukoyaka-home.com/" }, "geometry": { "type": "Point", "coordinates": [ 139.804786299999932, 35.6686651 ] } },
{ "type": "Feature", "properties": { "内容": "リハプライド門前仲町【通所介護】東京都江東区深川1-8-6", "url": "https://www.kaigokensaku.mhlw.go.jp/13/index.php?action_kouhyou_detail_004_kani=true&JigyosyoCd=1370806141-00&ServiceCd=150&Type=search", "url2": "https://www.rehapride.co.jp/monzennakacho/" }, "geometry": { "type": "Point", "coordinates": [ 139.796537100000023, 35.6768697 ] } },
{ "type": "Feature", "properties": { "内容": "いちばん星リハカフェ【通所介護】東京都江東区常盤2-14-17リバーハイツトキワ", "url": "https://www.kaigokensaku.mhlw.go.jp/13/index.php?action_kouhyou_detail_004_kani=true&JigyosyoCd=1370807131-00&ServiceCd=150&Type=search", "url2": "http://www.ichibanboshi-care.com" }, "geometry": { "type": "Point", "coordinates": [ 139.797570200000024, 35.6842403 ] } },
{ "type": "Feature", "properties": { "内容": "デイサービスセンター　ドゥライフ品川【通所介護】東京都品川区南品川５－３－１０ミヤデラビル1階", "url": "https://www.kaigokensaku.mhlw.go.jp/13/index.php?action_kouhyou_detail_004_kani=true&JigyosyoCd=1370901090-00&ServiceCd=150&Type=search", "url2": "http://www.fureai-do.co.jp/" }, "geometry": { "type": "Point", "coordinates": [ 139.741104800000016, 35.6114511 ] } },
{ "type": "Feature", "properties": { "内容": "成幸在宅サービスセンター【通所介護】東京都品川区中延1-8-7", "url": "https://www.kaigokensaku.mhlw.go.jp/13/index.php?action_kouhyou_detail_004_kani=true&JigyosyoCd=1370900613-00&ServiceCd=150&Type=search", "url2": "https://www.santokukai.com/" }, "geometry": { "type": "Point", "coordinates": [ 139.7118375, 35.6120835 ] } },
{ "type": "Feature", "properties": { "内容": "東品川在宅サービスセンター【通所介護】東京都品川区東品川３－１－８", "url": "https://www.kaigokensaku.mhlw.go.jp/13/index.php?action_kouhyou_detail_004_kani=true&JigyosyoCd=1370900670-00&ServiceCd=150&Type=search", "url2": "http://www.fukueikai.or.jp" }, "geometry": { "type": "Point", "coordinates": [ 139.746840199999951, 35.6172562 ] } },
{ "type": "Feature", "properties": { "内容": "品川区立荏原在宅サービスセンター【通所介護】東京都品川区荏原2-9-6", "url": "https://www.kaigokensaku.mhlw.go.jp/13/index.php?action_kouhyou_detail_004_kani=true&JigyosyoCd=1370900803-00&ServiceCd=150&Type=search", "url2": "http://www.santokukai.com/" }, "geometry": { "type": "Point", "coordinates": [ 139.711112400000047, 35.6170912 ] } },
{ "type": "Feature", "properties": { "内容": "品川区立中延在宅サービスセンター【通所介護】東京都品川区中延６－８－８", "url": "https://www.kaigokensaku.mhlw.go.jp/13/index.php?action_kouhyou_detail_004_kani=true&JigyosyoCd=1370900845-00&ServiceCd=150&Type=search", "url2": "http://shinafuku.com" }, "geometry": { "type": "Point", "coordinates": [ 139.711190699999946, 35.6018125 ] } },
{ "type": "Feature", "properties": { "内容": "品川区西大井在宅サービスセンター【通所介護】東京都品川区西大井２－４－４", "url": "https://www.kaigokensaku.mhlw.go.jp/13/index.php?action_kouhyou_detail_004_kani=true&JigyosyoCd=1370900993-00&ServiceCd=150&Type=search", "url2": "http://www.shunkoufukushikai.or.jp" }, "geometry": { "type": "Point", "coordinates": [ 139.722531500000059, 35.5999297 ] } },
{ "type": "Feature", "properties": { "内容": "南大井在宅サービスセンター【通所介護】東京都品川区南大井５－１９－１高齢者保健福祉複合施設", "url": "https://www.kaigokensaku.mhlw.go.jp/13/index.php?action_kouhyou_detail_004_kani=true&JigyosyoCd=1370901058-00&ServiceCd=150&Type=search", "url2": "http://www.sakurakai.jp" }, "geometry": { "type": "Point", "coordinates": [ 139.733981099999937, 35.5946474 ] } },
{ "type": "Feature", "properties": { "内容": "西五反田在宅サービスセンター【通所介護】東京都品川区西五反田三丁目６番６号", "url": "https://www.kaigokensaku.mhlw.go.jp/13/index.php?action_kouhyou_detail_004_kani=true&JigyosyoCd=1370902049-00&ServiceCd=150&Type=search", "url2": "http://www.sakurakai.jp" }, "geometry": { "type": "Point", "coordinates": [ 139.716964299999972, 35.6281179 ] } },
{ "type": "Feature", "properties": { "内容": "品川区立戸越台在宅サービスセンター【通所介護】東京都品川区戸越1-15-23品川区立戸越台複合施設", "url": "https://www.kaigokensaku.mhlw.go.jp/13/index.php?action_kouhyou_detail_004_kani=true&JigyosyoCd=1370900761-00&ServiceCd=150&Type=search", "url2": "http://www.santokukai.com/" }, "geometry": { "type": "Point", "coordinates": [ 139.71465852070969, 35.610679302002204 ] } },
{ "type": "Feature", "properties": { "内容": "生活協同組合　パルシステム東京　デイサービスセンター八潮陽だまり【通所介護】東京都品川区八潮5-2-23F", "url": "https://www.kaigokensaku.mhlw.go.jp/13/index.php?action_kouhyou_detail_004_kani=true&JigyosyoCd=1370900605-00&ServiceCd=150&Type=search", "url2": "http://www.palsystem-tokyo.coop" }, "geometry": { "type": "Point", "coordinates": [ 139.753507099999979, 35.604457900000021 ] } },
{ "type": "Feature", "properties": { "内容": "品川区立大崎在宅サービスセンター【通所介護】東京都品川区大崎２－１１－１大崎ウィズタワー事務所棟1階・2階", "url": "https://www.kaigokensaku.mhlw.go.jp/13/index.php?action_kouhyou_detail_004_kani=true&JigyosyoCd=1370900688-00&ServiceCd=150&Type=search", "url2": "http://www.fukueikai.or.jp" }, "geometry": { "type": "Point", "coordinates": [ 139.729694989393579, 35.617027719139543 ] } },
{ "type": "Feature", "properties": { "内容": "品川区立八潮在宅サービスセンター【通所介護】東京都品川区八潮５丁目１０番２７号", "url": "https://www.kaigokensaku.mhlw.go.jp/13/index.php?action_kouhyou_detail_004_kani=true&JigyosyoCd=1370900829-00&ServiceCd=150&Type=search", "url2": "http://www.shinafuku.com" }, "geometry": { "type": "Point", "coordinates": [ 139.751149092590339, 35.599912477342848 ] } },
{ "type": "Feature", "properties": { "内容": "品川区立大井在宅サービスセンター【通所介護】東京都品川区大井４－１４－８", "url": "https://www.kaigokensaku.mhlw.go.jp/13/index.php?action_kouhyou_detail_004_kani=true&JigyosyoCd=1370900837-00&ServiceCd=150&Type=search", "url2": "http://www.shinafuku.com" }, "geometry": { "type": "Point", "coordinates": [ 139.732825199999979, 35.6018798 ] } },
{ "type": "Feature", "properties": { "内容": "峰原坂ケアセンター【通所介護】東京都品川区大崎5-5-3五反田スカイマンション１Ｆ", "url": "https://www.kaigokensaku.mhlw.go.jp/13/index.php?action_kouhyou_detail_004_kani=true&JigyosyoCd=1370901199-00&ServiceCd=150&Type=search", "url2": null }, "geometry": { "type": "Point", "coordinates": [ 139.7243277, 35.6233242 ] } },
{ "type": "Feature", "properties": { "内容": "通所介護　すずなり戸越【通所介護】東京都品川区戸越6-23-24コープ中延一階", "url": "https://www.kaigokensaku.mhlw.go.jp/13/index.php?action_kouhyou_detail_004_kani=true&JigyosyoCd=1370901587-00&ServiceCd=150&Type=search", "url2": "http://www.suzu-care.jp" }, "geometry": { "type": "Point", "coordinates": [ 139.714245799999958, 35.6066148 ] } },
{ "type": "Feature", "properties": { "内容": "株式会社ケアサービス　デイサービスセンター小山【通所介護】東京都品川区小山1-1-1アスペンヒルズ１F", "url": "https://www.kaigokensaku.mhlw.go.jp/13/index.php?action_kouhyou_detail_004_kani=true&JigyosyoCd=1370902148-00&ServiceCd=150&Type=search", "url2": "http://www.care.co.jp/" }, "geometry": { "type": "Point", "coordinates": [ 139.71044280000001, 35.6236238 ] } },
{ "type": "Feature", "properties": { "内容": "デイサービスセンター友の里旗の台【通所介護】東京都品川区旗の台4-10-1", "url": "https://www.kaigokensaku.mhlw.go.jp/13/index.php?action_kouhyou_detail_004_kani=true&JigyosyoCd=1370902270-00&ServiceCd=150&Type=search", "url2": "http://www.total-care-servise.co.jp/" }, "geometry": { "type": "Point", "coordinates": [ 139.702966400000037, 35.6021872 ] } },
{ "type": "Feature", "properties": { "内容": "通所介護すずなり立会川【通所介護】東京都品川区東大井2-25-19エコテック　立会川ビル1階", "url": "https://www.kaigokensaku.mhlw.go.jp/13/index.php?action_kouhyou_detail_004_kani=true&JigyosyoCd=1370903021-00&ServiceCd=150&Type=search", "url2": "http://www.suzu-care.jp/" }, "geometry": { "type": "Point", "coordinates": [ 139.739608399999952, 35.5976861 ] } },
{ "type": "Feature", "properties": { "内容": "デイサロン　まどか【通所介護】東京都品川区平塚3-15-9メイプル芦澤1Ｆ", "url": "https://www.kaigokensaku.mhlw.go.jp/13/index.php?action_kouhyou_detail_004_kani=true&JigyosyoCd=1370903484-00&ServiceCd=150&Type=search", "url2": null }, "geometry": { "type": "Point", "coordinates": [ 139.710879200000022, 35.614211 ] } },
{ "type": "Feature", "properties": { "内容": "ゆめふる荏原店【通所介護】東京都品川区荏原6-5-1", "url": "https://www.kaigokensaku.mhlw.go.jp/13/index.php?action_kouhyou_detail_004_kani=true&JigyosyoCd=1370903500-00&ServiceCd=150&Type=search", "url2": "https://search.yasashiite.com/detail/tsusyokaigo_ebara/" }, "geometry": { "type": "Point", "coordinates": [ 139.703904800000032, 35.6134387 ] } },
{ "type": "Feature", "properties": { "内容": "アースサポート東品川【通所介護】東京都品川区東品川3丁目21番8号", "url": "https://www.kaigokensaku.mhlw.go.jp/13/index.php?action_kouhyou_detail_004_kani=true&JigyosyoCd=1370903880-00&ServiceCd=150&Type=search", "url2": "https://www.earthsupport.co.jp" }, "geometry": { "type": "Point", "coordinates": [ 139.7473314, 35.6135631 ] } },
{ "type": "Feature", "properties": { "内容": "オハナ中延【通所介護】東京都品川区中延４－５－７スタイリオ中延駅前3階", "url": "https://www.kaigokensaku.mhlw.go.jp/13/index.php?action_kouhyou_detail_004_kani=true&JigyosyoCd=1370904144-00&ServiceCd=150&Type=search", "url2": "http://tokyu-ohana.jp/" }, "geometry": { "type": "Point", "coordinates": [ 139.712621, 35.6055677 ] } },
{ "type": "Feature", "properties": { "内容": "株式会社ケアサービス　デイサービスセンター豊町【通所介護】東京都品川区豊町1-10-16", "url": "https://www.kaigokensaku.mhlw.go.jp/13/index.php?action_kouhyou_detail_004_kani=true&JigyosyoCd=1370904318-00&ServiceCd=150&Type=search", "url2": null }, "geometry": { "type": "Point", "coordinates": [ 139.721783376651729, 35.612834875128939 ] } },
{ "type": "Feature", "properties": { "内容": "デイサービスセンターなごやか中延【通所介護】東京都品川区東中延2-5-5ハウスブルンネン１階", "url": "https://www.kaigokensaku.mhlw.go.jp/13/index.php?action_kouhyou_detail_004_kani=true&JigyosyoCd=1370904656-00&ServiceCd=150&Type=search", "url2": "https://www.nagoyaka-link.co.jp/club/nakanobu/" }, "geometry": { "type": "Point", "coordinates": [ 139.714031351971471, 35.608214437610037 ] } },
{ "type": "Feature", "properties": { "内容": "デイスポーツ　青空クラブ　武蔵小山【通所介護】東京都品川区小山台1-26-19", "url": "https://www.kaigokensaku.mhlw.go.jp/13/index.php?action_kouhyou_detail_004_kani=true&JigyosyoCd=1370905075-00&ServiceCd=150&Type=search", "url2": "http://hp.kaipoke.biz/1r2/index.html" }, "geometry": { "type": "Point", "coordinates": [ 139.705898, 35.6221919 ] } },
{ "type": "Feature", "properties": { "内容": "ブリッジライフ中延【通所介護】東京都品川区西中延3-2-15コーポラスシルバー1階", "url": "https://www.kaigokensaku.mhlw.go.jp/13/index.php?action_kouhyou_detail_004_kani=true&JigyosyoCd=1370905083-00&ServiceCd=150&Type=search", "url2": "https://www.bridge-life.jp/shop/nakanobu.html" }, "geometry": { "type": "Point", "coordinates": [ 139.708463100000017, 35.6082782 ] } },
{ "type": "Feature", "properties": { "内容": "つばさデイサービス西小山【通所介護】東京都品川区小山6-9-20シュテルンハイム１F", "url": "https://www.kaigokensaku.mhlw.go.jp/13/index.php?action_kouhyou_detail_004_kani=true&JigyosyoCd=1370905125-00&ServiceCd=150&Type=search", "url2": "https://kaigojapan.co.jp/" }, "geometry": { "type": "Point", "coordinates": [ 139.6986762, 35.6141234 ] } },
{ "type": "Feature", "properties": { "内容": "リハビリフィットネス　りふり品川【通所介護】東京都品川区上大崎3-14-34", "url": "https://www.kaigokensaku.mhlw.go.jp/13/index.php?action_kouhyou_detail_004_kani=true&JigyosyoCd=1370305722-00&ServiceCd=150&Type=search", "url2": "https://shinagawa.rehabili-fitness.com/" }, "geometry": { "type": "Point", "coordinates": [ 139.719900599999988, 35.6292575 ] } },
{ "type": "Feature", "properties": { "内容": "ミモザ南品川【通所介護】東京都品川区南品川2-2-51階", "url": "https://www.kaigokensaku.mhlw.go.jp/13/index.php?action_kouhyou_detail_004_kani=true&JigyosyoCd=1370904979-00&ServiceCd=150&Type=search", "url2": "https://www.mimoza-care.jp/base/minami-shinagawa.html" }, "geometry": { "type": "Point", "coordinates": [ 139.742210200000045, 35.6119706 ] } },
{ "type": "Feature", "properties": { "内容": "レッツ倶楽部立会川【通所介護】東京都品川区東大井２－２８－６マイキャッスル立会川", "url": "https://www.kaigokensaku.mhlw.go.jp/13/index.php?action_kouhyou_detail_004_kani=true&JigyosyoCd=1370903781-00&ServiceCd=150&Type=search", "url2": "http://www.lets-club.jp/shop/tachiaigawa/" }, "geometry": { "type": "Point", "coordinates": [ 139.739525, 35.59745 ] } },
{ "type": "Feature", "properties": { "内容": "はつね　柿の木坂【通所介護】東京都目黒区柿の木坂１－２－２", "url": "https://www.kaigokensaku.mhlw.go.jp/13/index.php?action_kouhyou_detail_004_kani=true&JigyosyoCd=1371005149-00&ServiceCd=150&Type=search", "url2": "http://www.office313.com/kakinokizaka/" }, "geometry": { "type": "Point", "coordinates": [ 139.679372900000033, 35.6227409 ] } },
{ "type": "Feature", "properties": { "内容": "青葉台さくら苑　高齢者在宅サービスセンター【通所介護】東京都目黒区青葉台３－２１－６", "url": "https://www.kaigokensaku.mhlw.go.jp/13/index.php?action_kouhyou_detail_004_kani=true&JigyosyoCd=1371000504-00&ServiceCd=150&Type=search", "url2": "http://www.sakuraen.or.jp" }, "geometry": { "type": "Point", "coordinates": [ 139.692160185145013, 35.649502671131074 ] } },
{ "type": "Feature", "properties": { "内容": "社会福祉法人　清徳会　ケアセンター【通所介護】東京都目黒区目黒本町４－２－１", "url": "https://www.kaigokensaku.mhlw.go.jp/13/index.php?action_kouhyou_detail_004_kani=true&JigyosyoCd=1371000538-00&ServiceCd=150&Type=search", "url2": "http://www.seitoku.or.jp/hp/care.htm" }, "geometry": { "type": "Point", "coordinates": [ 139.698299499999962, 35.6228235 ] } },
{ "type": "Feature", "properties": { "内容": "デイサロンこまば【通所介護】東京都目黒区大橋2-19-1駒場苑", "url": "https://www.kaigokensaku.mhlw.go.jp/13/index.php?action_kouhyou_detail_004_kani=true&JigyosyoCd=1371000660-00&ServiceCd=150&Type=search", "url2": "http://komabaen.org/" }, "geometry": { "type": "Point", "coordinates": [ 139.6825222, 35.6550414 ] } },
{ "type": "Feature", "properties": { "内容": "上目黒診療所【通所介護】東京都目黒区上目黒4-4-21", "url": "https://www.kaigokensaku.mhlw.go.jp/13/index.php?action_kouhyou_detail_004_kani=true&JigyosyoCd=1371001395-00&ServiceCd=150&Type=search", "url2": null }, "geometry": { "type": "Point", "coordinates": [ 139.692107800000031, 35.64136 ] } },
{ "type": "Feature", "properties": { "内容": "パナソニックエイジフリーケアセンター八雲・デイサービス【通所介護】東京都目黒区八雲５－１７－２２都立大学フラワーマンション１・２Ｆ", "url": "https://www.kaigokensaku.mhlw.go.jp/13/index.php?action_kouhyou_detail_004_kani=true&JigyosyoCd=1371002666-00&ServiceCd=150&Type=search", "url2": "https://panasonic.co.jp/ls/paf/" }, "geometry": { "type": "Point", "coordinates": [ 139.666252399999962, 35.6227975 ] } },
{ "type": "Feature", "properties": { "内容": "グリーンデイ鷹番【通所介護】東京都目黒区鷹番3-15-10永和レガート1F", "url": "https://www.kaigokensaku.mhlw.go.jp/13/index.php?action_kouhyou_detail_004_kani=true&JigyosyoCd=1371004712-00&ServiceCd=150&Type=search", "url2": "http://greenday15.com/" }, "geometry": { "type": "Point", "coordinates": [ 139.684004638895885, 35.628294311266202 ] } },
{ "type": "Feature", "properties": { "内容": "株式会社やさしい手　ゆめふる八雲店【通所介護】東京都目黒区八雲1-10-6カンプス１階", "url": "https://www.kaigokensaku.mhlw.go.jp/13/index.php?action_kouhyou_detail_004_kani=true&JigyosyoCd=1371000918-00&ServiceCd=150&Type=search", "url2": "http://www.yasashiite.com" }, "geometry": { "type": "Point", "coordinates": [ 139.672371399999946, 35.618451 ] } },
{ "type": "Feature", "properties": { "内容": "株式会社ケアサービス　デイサービスセンター目黒中町【通所介護】東京都目黒区中町1-37-14モンターニュ目黒中町", "url": "https://www.kaigokensaku.mhlw.go.jp/13/index.php?action_kouhyou_detail_004_kani=true&JigyosyoCd=1371001940-00&ServiceCd=150&Type=search", "url2": "http://www.care.co.jp/" }, "geometry": { "type": "Point", "coordinates": [ 139.6941663, 35.6304641 ] } },
{ "type": "Feature", "properties": { "内容": "デイサービス清水の里【通所介護】東京都目黒区目黒本町2－15－4", "url": "https://www.kaigokensaku.mhlw.go.jp/13/index.php?action_kouhyou_detail_004_kani=true&JigyosyoCd=1371002930-00&ServiceCd=150&Type=search", "url2": "http://shimizunosato.sakura.ne.jp" }, "geometry": { "type": "Point", "coordinates": [ 139.692766600000027, 35.6262035 ] } },
{ "type": "Feature", "properties": { "内容": "健遊館　めぐろのゆ【通所介護】東京都目黒区青葉台３－１６－２フォレスト青葉台１０２", "url": "https://www.kaigokensaku.mhlw.go.jp/13/index.php?action_kouhyou_detail_004_kani=true&JigyosyoCd=1371003367-00&ServiceCd=150&Type=search", "url2": "http://bunkayokusen.kenyu.co.jp/" }, "geometry": { "type": "Point", "coordinates": [ 139.6915562, 35.6507129 ] } },
{ "type": "Feature", "properties": { "内容": "デイサービスあかつき目黒本町【通所介護】東京都目黒区目黒本町6-16-12カーサ・アヤ　１階", "url": "https://www.kaigokensaku.mhlw.go.jp/13/index.php?action_kouhyou_detail_004_kani=true&JigyosyoCd=1371004043-00&ServiceCd=150&Type=search", "url2": "https://hinode-care.com/establishment/akatsuki/" }, "geometry": { "type": "Point", "coordinates": [ 139.694508300000052, 35.6192488 ] } },
{ "type": "Feature", "properties": { "内容": "デイサービス夢楽西小山【通所介護】東京都目黒区原町2-7-5コアプラス洗足1F", "url": "https://www.kaigokensaku.mhlw.go.jp/13/index.php?action_kouhyou_detail_004_kani=true&JigyosyoCd=1371004076-00&ServiceCd=150&Type=search", "url2": "http://yumeraku.net/nishikoyama/" }, "geometry": { "type": "Point", "coordinates": [ 139.692167, 35.6143521 ] } },
{ "type": "Feature", "properties": { "内容": "NANAIROCOOKINGSTUDIO自由が丘【通所介護】東京都目黒区八雲２－９－４バルビゾン１４", "url": "https://www.kaigokensaku.mhlw.go.jp/13/index.php?action_kouhyou_detail_004_kani=true&JigyosyoCd=1371004100-00&ServiceCd=150&Type=search", "url2": "http://www.sykz.co.jp/" }, "geometry": { "type": "Point", "coordinates": [ 139.670599399999986, 35.615593 ] } },
{ "type": "Feature", "properties": { "内容": "リハビリテーションAYUMU　下目黒店【通所介護】東京都目黒区下目黒3丁目15番2号松本ビル1階", "url": "https://www.kaigokensaku.mhlw.go.jp/13/index.php?action_kouhyou_detail_004_kani=true&JigyosyoCd=1371004233-00&ServiceCd=150&Type=search", "url2": "http://ayumu-ji.co.jp/" }, "geometry": { "type": "Point", "coordinates": [ 139.708106899999962, 35.62629560000002 ] } },
{ "type": "Feature", "properties": { "内容": "デイサービスセンターなごやか目黒【通所介護】東京都目黒区原町1-19-10", "url": "https://www.kaigokensaku.mhlw.go.jp/13/index.php?action_kouhyou_detail_004_kani=true&JigyosyoCd=1371004282-00&ServiceCd=150&Type=search", "url2": "http://www.nagoyaka-link.co.jp" }, "geometry": { "type": "Point", "coordinates": [ 139.695791500000041, 35.6178462 ] } },
{ "type": "Feature", "properties": { "内容": "グリーンデイ目黒本町【通所介護】東京都目黒区目黒本町3-19-2清徳会ビル1F、2F", "url": "https://www.kaigokensaku.mhlw.go.jp/13/index.php?action_kouhyou_detail_004_kani=true&JigyosyoCd=1371004571-00&ServiceCd=150&Type=search", "url2": "https://kaigojapan.co.jp/" }, "geometry": { "type": "Point", "coordinates": [ 139.6983722, 35.623999 ] } },
{ "type": "Feature", "properties": { "内容": "ウエルビスタケアスタジオ駒場【通所介護】東京都目黒区駒場1-39-18", "url": "https://www.kaigokensaku.mhlw.go.jp/13/index.php?action_kouhyou_detail_004_kani=true&JigyosyoCd=1371005404-00&ServiceCd=150&Type=search", "url2": "https://wellbista-cs.com/" }, "geometry": { "type": "Point", "coordinates": [ 139.6837002, 35.6571028 ] } },
{ "type": "Feature", "properties": { "内容": "デイサービスクローバー学芸大学別邸【通所介護】東京都目黒区中央町1-3-2ダイアン目黒ビル2F", "url": "https://www.kaigokensaku.mhlw.go.jp/13/index.php?action_kouhyou_detail_004_kani=true&JigyosyoCd=1371005412-00&ServiceCd=150&Type=search", "url2": "https://day-clover.com/dayservice/office/gakudaiannex/" }, "geometry": { "type": "Point", "coordinates": [ 139.694409899999982, 35.6296691 ] } },
{ "type": "Feature", "properties": { "内容": "オハナ池尻大橋【通所介護】東京都目黒区大橋1－8－3", "url": "https://www.kaigokensaku.mhlw.go.jp/13/index.php?action_kouhyou_detail_004_kani=true&JigyosyoCd=1371003268-00&ServiceCd=150&Type=search", "url2": "http://www.tokyu-ohana.jp" }, "geometry": { "type": "Point", "coordinates": [ 139.6886634, 35.650531 ] } },
{ "type": "Feature", "properties": { "内容": "アレッジワークス　目黒三田【通所介護】東京都目黒区三田２－１５－１２", "url": "https://www.kaigokensaku.mhlw.go.jp/13/index.php?action_kouhyou_detail_004_kani=true&JigyosyoCd=1371004837-00&ServiceCd=150&Type=search", "url2": "https://soyoka.wixsite.com/main" }, "geometry": { "type": "Point", "coordinates": [ 139.709307299999978, 35.6387269 ] } },
{ "type": "Feature", "properties": { "内容": "デイサービスセンター　あおぞら目黒【通所介護】東京都目黒区原町1-21-10戸部ビル1階", "url": "https://www.kaigokensaku.mhlw.go.jp/13/index.php?action_kouhyou_detail_004_kani=true&JigyosyoCd=1371004480-00&ServiceCd=150&Type=search", "url2": null }, "geometry": { "type": "Point", "coordinates": [ 139.695052700000019, 35.6171269 ] } },
{ "type": "Feature", "properties": { "内容": "デイサービスセンターみやび【通所介護】東京都目黒区下目黒2-15-10エムズ目黒1階", "url": "https://www.kaigokensaku.mhlw.go.jp/13/index.php?action_kouhyou_detail_004_kani=true&JigyosyoCd=1371003896-00&ServiceCd=150&Type=search", "url2": "https://heavenly2014.com" }, "geometry": { "type": "Point", "coordinates": [ 139.71145649999994, 35.6292564 ] } },
{ "type": "Feature", "properties": { "内容": "あずゆーらいく自由が丘【通所介護】東京都目黒区自由が丘2-3-13juima2　１階", "url": "https://www.kaigokensaku.mhlw.go.jp/13/index.php?action_kouhyou_detail_004_kani=true&JigyosyoCd=1371005560-00&ServiceCd=150&Type=search", "url2": "http://www.feuille-corp.com" }, "geometry": { "type": "Point", "coordinates": [ 139.66674033121339, 35.612795478624911 ] } },
{ "type": "Feature", "properties": { "内容": "好日苑デイサービスセンター【通所介護】東京都大田区上池台５丁目７番１号", "url": "https://www.kaigokensaku.mhlw.go.jp/13/index.php?action_kouhyou_detail_004_kani=true&JigyosyoCd=1371100858-00&ServiceCd=150&Type=search", "url2": "http://www.hibikikai-tokyo.or.jp" }, "geometry": { "type": "Point", "coordinates": [ 139.702244899999982, 35.5945355 ] } },
{ "type": "Feature", "properties": { "内容": "高齢者在宅サービスセンターやぐち南【通所介護】東京都大田区矢口１－２３－１２", "url": "https://www.kaigokensaku.mhlw.go.jp/13/index.php?action_kouhyou_detail_004_kani=true&JigyosyoCd=1371101336-00&ServiceCd=150&Type=search", "url2": "http://www.hakuyokai.org/" }, "geometry": { "type": "Point", "coordinates": [ 139.694700600000033, 35.56587 ] } },
{ "type": "Feature", "properties": { "内容": "大田翔裕園【通所介護】東京都大田区東六郷1-12-12", "url": "https://www.kaigokensaku.mhlw.go.jp/13/index.php?action_kouhyou_detail_004_kani=true&JigyosyoCd=1371103746-00&ServiceCd=150&Type=search", "url2": "http://www.chojumura.or.jp" }, "geometry": { "type": "Point", "coordinates": [ 139.720084499999984, 35.5534691 ] } },
{ "type": "Feature", "properties": { "内容": "デイサービスセンターいずみえん【通所介護】東京都大田区矢口3-1-5", "url": "https://www.kaigokensaku.mhlw.go.jp/13/index.php?action_kouhyou_detail_004_kani=true&JigyosyoCd=1371104165-00&ServiceCd=150&Type=search", "url2": "http://www.tokushinkai.jp" }, "geometry": { "type": "Point", "coordinates": [ 139.69611169999996, 35.5611763 ] } },
{ "type": "Feature", "properties": { "内容": "池上高齢者在宅サービスセンター【通所介護】東京都大田区仲池上二丁目24番8号", "url": "https://www.kaigokensaku.mhlw.go.jp/13/index.php?action_kouhyou_detail_004_kani=true&JigyosyoCd=1371106517-00&ServiceCd=150&Type=search", "url2": "http://www.ikegami.or.jp/" }, "geometry": { "type": "Point", "coordinates": [ 139.697843299999931, 35.5847507 ] } },
{ "type": "Feature", "properties": { "内容": "ウェルビスタケアスタジオ大森【通所介護】東京都大田区大森中2－2－5", "url": "https://www.kaigokensaku.mhlw.go.jp/13/index.php?action_kouhyou_detail_004_kani=true&JigyosyoCd=1371113810-00&ServiceCd=150&Type=search", "url2": "https://wellbista-cs.com/" }, "geometry": { "type": "Point", "coordinates": [ 139.73001690000001, 35.5672224 ] } },
{ "type": "Feature", "properties": { "内容": "グリーンエイド【通所介護】東京都大田区西六郷1-20-8鈴木ビル１階", "url": "https://www.kaigokensaku.mhlw.go.jp/13/index.php?action_kouhyou_detail_004_kani=true&JigyosyoCd=1371113828-00&ServiceCd=150&Type=search", "url2": null }, "geometry": { "type": "Point", "coordinates": [ 139.706484291401694, 35.5537376 ] } },
{ "type": "Feature", "properties": { "内容": "デイサービスココファン六郷【通所介護】東京都大田区仲六郷4-16-12", "url": "https://www.kaigokensaku.mhlw.go.jp/13/index.php?action_kouhyou_detail_004_kani=true&JigyosyoCd=1371106293-00&ServiceCd=150&Type=search", "url2": "http://www.cocofump.co.jp" }, "geometry": { "type": "Point", "coordinates": [ 139.7085224, 35.5420597 ] } },
{ "type": "Feature", "properties": { "内容": "大田区立たまがわ高齢者在宅サービスセンター【通所介護】東京都大田区下丸子４丁目２３番１号", "url": "https://www.kaigokensaku.mhlw.go.jp/13/index.php?action_kouhyou_detail_004_kani=true&JigyosyoCd=1371106491-00&ServiceCd=150&Type=search", "url2": "http://www.ikegami.or.jp" }, "geometry": { "type": "Point", "coordinates": [ 139.679046400000061, 35.5710165 ] } },
{ "type": "Feature", "properties": { "内容": "大田区立蒲田高齢者在宅サービスセンター【通所介護】東京都大田区蒲田2-8--8大田区立特別養護老人ホーム蒲田１F", "url": "https://www.kaigokensaku.mhlw.go.jp/13/index.php?action_kouhyou_detail_004_kani=true&JigyosyoCd=1371106509-00&ServiceCd=150&Type=search", "url2": "kamata.z@ikegami.or.jp" }, "geometry": { "type": "Point", "coordinates": [ 139.727363, 35.566392 ] } },
{ "type": "Feature", "properties": { "内容": "大田区立糀谷高齢者在宅サービスセンター【通所介護】東京都大田区蒲田２－８－８", "url": "https://www.kaigokensaku.mhlw.go.jp/13/index.php?action_kouhyou_detail_004_kani=true&JigyosyoCd=1371106558-00&ServiceCd=150&Type=search", "url2": "http://www.ikegami.or.jp" }, "geometry": { "type": "Point", "coordinates": [ 139.737210799999957, 35.5592104 ] } },
{ "type": "Feature", "properties": { "内容": "山王リハビリステーション【通所介護】東京都大田区山王３丁目４５番３号山王ヒルズ１階", "url": "https://www.kaigokensaku.mhlw.go.jp/13/index.php?action_kouhyou_detail_004_kani=true&JigyosyoCd=1371102987-00&ServiceCd=150&Type=search", "url2": "http://www.sanno-rc.com" }, "geometry": { "type": "Point", "coordinates": [ 139.720393699999931, 35.5838677 ] } },
{ "type": "Feature", "properties": { "内容": "羽田高齢者在宅サービスセンター【通所介護】東京都大田区本羽田3-23-45", "url": "https://www.kaigokensaku.mhlw.go.jp/13/index.php?action_kouhyou_detail_004_kani=true&JigyosyoCd=1371106525-00&ServiceCd=150&Type=search", "url2": "http://www.ikegami.or.jp" }, "geometry": { "type": "Point", "coordinates": [ 139.735965958962083, 35.545869003218186 ] } },
{ "type": "Feature", "properties": { "内容": "ニチイケアセンター南蒲田【通所介護】東京都大田区南蒲田2-16-2テクノポート大樹生命ビルＢ1Ｆ", "url": "https://www.kaigokensaku.mhlw.go.jp/13/index.php?action_kouhyou_detail_004_kani=true&JigyosyoCd=1371108836-00&ServiceCd=150&Type=search", "url2": "http://www.nichiigakkan.co.jp" }, "geometry": { "type": "Point", "coordinates": [ 139.7217842, 35.5558882 ] } },
{ "type": "Feature", "properties": { "内容": "アクセス・ケアセンター【通所介護】東京都大田区本羽田２-１６-２３", "url": "https://www.kaigokensaku.mhlw.go.jp/13/index.php?action_kouhyou_detail_004_kani=true&JigyosyoCd=1371103761-00&ServiceCd=150&Type=search", "url2": "http://www.access-care.co.jp/" }, "geometry": { "type": "Point", "coordinates": [ 139.732781299999942, 35.5458678 ] } },
{ "type": "Feature", "properties": { "内容": "株式会社ケアサービスデイサービスセンター西蒲田【通所介護】東京都大田区西蒲田6-10-7　1階", "url": "https://www.kaigokensaku.mhlw.go.jp/13/index.php?action_kouhyou_detail_004_kani=true&JigyosyoCd=1371110154-00&ServiceCd=150&Type=search", "url2": "https://www.care.co.jp/office/ds_nishikamata" }, "geometry": { "type": "Point", "coordinates": [ 139.710459799999967, 35.5672198 ] } },
{ "type": "Feature", "properties": { "内容": "ポラリスデイサービスセンター羽田萩中【通所介護】東京都大田区萩中３－１４－２０", "url": "https://www.kaigokensaku.mhlw.go.jp/13/index.php?action_kouhyou_detail_004_kani=true&JigyosyoCd=1371113562-00&ServiceCd=150&Type=search", "url2": "https://www.polaris.care/office/" }, "geometry": { "type": "Point", "coordinates": [ 139.733733699999988, 35.5514008 ] } },
{ "type": "Feature", "properties": { "内容": "株式会社ケアサービス　デイサービスセンター大森西【通所介護】東京都大田区大森西2-2-29セレーブル城南1Ｆ", "url": "https://www.kaigokensaku.mhlw.go.jp/13/index.php?action_kouhyou_detail_004_kani=true&JigyosyoCd=1370901348-00&ServiceCd=150&Type=search", "url2": "https://www.care.co.jp/office/ds_oomorinishi" }, "geometry": { "type": "Point", "coordinates": [ 139.728137062344103, 35.57801627990542 ] } },
{ "type": "Feature", "properties": { "内容": "寿デイサービスセンター六郷【通所介護】東京都大田区仲六郷２－３－１２ラフィネシャトー１Ｆ", "url": "https://www.kaigokensaku.mhlw.go.jp/13/index.php?action_kouhyou_detail_004_kani=true&JigyosyoCd=1371101682-00&ServiceCd=150&Type=search", "url2": "https://www.sms-kotobuki.co.jp" }, "geometry": { "type": "Point", "coordinates": [ 139.712189204771448, 35.551757935734408 ] } },
{ "type": "Feature", "properties": { "内容": "株式会社ケアサービス　デイサービスセンター上池台【通所介護】東京都大田区上池台3-43-5", "url": "https://www.kaigokensaku.mhlw.go.jp/13/index.php?action_kouhyou_detail_004_kani=true&JigyosyoCd=1371101948-00&ServiceCd=150&Type=search", "url2": "http://www.care.co.jp/" }, "geometry": { "type": "Point", "coordinates": [ 139.697276, 35.5927245 ] } },
{ "type": "Feature", "properties": { "内容": "通所介護　すずなり平和島【通所介護】東京都大田区大森北3-18-7ル・フラン大森1階", "url": "https://www.kaigokensaku.mhlw.go.jp/13/index.php?action_kouhyou_detail_004_kani=true&JigyosyoCd=1371102094-00&ServiceCd=150&Type=search", "url2": "http://www.suzu-care.jp/search/tenpo_heiwazima.html" }, "geometry": { "type": "Point", "coordinates": [ 139.734566922090153, 35.583148374539249 ] } },
{ "type": "Feature", "properties": { "内容": "株式会社ケアサービス　デイサービスセンター七辻【通所介護】東京都大田区東六郷1-16-2セブンクロスビル1F", "url": "https://www.kaigokensaku.mhlw.go.jp/13/index.php?action_kouhyou_detail_004_kani=true&JigyosyoCd=1371102300-00&ServiceCd=150&Type=search", "url2": "http://www.care.co.jp/" }, "geometry": { "type": "Point", "coordinates": [ 139.721245599999946, 35.5519527 ] } },
{ "type": "Feature", "properties": { "内容": "通所介護　すずなり大森【通所介護】東京都大田区大森南2-20-3ベルザ大森南1階・2階", "url": "https://www.kaigokensaku.mhlw.go.jp/13/index.php?action_kouhyou_detail_004_kani=true&JigyosyoCd=1371102458-00&ServiceCd=150&Type=search", "url2": "http://www.suzu-care.jp" }, "geometry": { "type": "Point", "coordinates": [ 139.7416548, 35.5618268 ] } },
{ "type": "Feature", "properties": { "内容": "株式会社ケアサービス　デイサービスセンター西六郷【通所介護】東京都大田区西六郷1-48-15第二紅ビル　１Ｆ", "url": "https://www.kaigokensaku.mhlw.go.jp/13/index.php?action_kouhyou_detail_004_kani=true&JigyosyoCd=1371102854-00&ServiceCd=150&Type=search", "url2": "http://www.care.co.jp/" }, "geometry": { "type": "Point", "coordinates": [ 139.70879130000003, 35.5521304 ] } },
{ "type": "Feature", "properties": { "内容": "すずなり　池上【通所介護】東京都大田区仲池上1-21-7すずなり", "url": "https://www.kaigokensaku.mhlw.go.jp/13/index.php?action_kouhyou_detail_004_kani=true&JigyosyoCd=1371103027-00&ServiceCd=150&Type=search", "url2": "http://www.suzu-care.jp/" }, "geometry": { "type": "Point", "coordinates": [ 139.698552, 35.5859056 ] } },
{ "type": "Feature", "properties": { "内容": "デイサービスセンター友の里下丸子【通所介護】東京都大田区矢口1丁目29番11号ウィステリア矢口１F", "url": "https://www.kaigokensaku.mhlw.go.jp/13/index.php?action_kouhyou_detail_004_kani=true&JigyosyoCd=1371103589-00&ServiceCd=150&Type=search", "url2": "http://www.total-care-servise.co.jp/" }, "geometry": { "type": "Point", "coordinates": [ 139.690937612442013, 35.564718087493524 ] } },
{ "type": "Feature", "properties": { "内容": "デイサービスセンター大岡山【通所介護】東京都大田区南千束3-18-13桜プレイス1階", "url": "https://www.kaigokensaku.mhlw.go.jp/13/index.php?action_kouhyou_detail_004_kani=true&JigyosyoCd=1371103951-00&ServiceCd=150&Type=search", "url2": "https://www.care.co.jp/" }, "geometry": { "type": "Point", "coordinates": [ 139.685281300000014, 35.6026094 ] } },
{ "type": "Feature", "properties": { "内容": "デイサービスセンター友の里北糀谷【通所介護】東京都大田区北糀谷1丁目8番11号", "url": "https://www.kaigokensaku.mhlw.go.jp/13/index.php?action_kouhyou_detail_004_kani=true&JigyosyoCd=1371104025-00&ServiceCd=150&Type=search", "url2": "http://www.total-care-servise.co.jp/" }, "geometry": { "type": "Point", "coordinates": [ 139.734557900000027, 35.5634208 ] } },
{ "type": "Feature", "properties": { "内容": "デイサービス春【通所介護】東京都大田区南雪谷1-17-11尚徳学園新館　１F", "url": "https://www.kaigokensaku.mhlw.go.jp/13/index.php?action_kouhyou_detail_004_kani=true&JigyosyoCd=1371104249-00&ServiceCd=150&Type=search", "url2": "http://hp.kaipoke.biz/hc5/63416/base_0004.html" }, "geometry": { "type": "Point", "coordinates": [ 139.684191, 35.5946434 ] } },
{ "type": "Feature", "properties": { "内容": "株式会社ケアサービス　デイサービスセンター夫婦坂【通所介護】東京都大田区北馬込1-17-7馬込グリーンコート1Ｆ", "url": "https://www.kaigokensaku.mhlw.go.jp/13/index.php?action_kouhyou_detail_004_kani=true&JigyosyoCd=1371104272-00&ServiceCd=150&Type=search", "url2": "http://www.care.co.jp/" }, "geometry": { "type": "Point", "coordinates": [ 139.704624800000033, 35.5993849 ] } },
{ "type": "Feature", "properties": { "内容": "正和クラブ千束【通所介護】東京都大田区南千束1-7-14", "url": "https://www.kaigokensaku.mhlw.go.jp/13/index.php?action_kouhyou_detail_004_kani=true&JigyosyoCd=1371104579-00&ServiceCd=150&Type=search", "url2": "http://seiwaclub.com/" }, "geometry": { "type": "Point", "coordinates": [ 139.6950531, 35.6044367 ] } },
{ "type": "Feature", "properties": { "内容": "有限会社　スマイルケア【通所介護】東京都大田区久が原１－４－３小川マンション１階", "url": "https://www.kaigokensaku.mhlw.go.jp/13/index.php?action_kouhyou_detail_004_kani=true&JigyosyoCd=1371105220-00&ServiceCd=150&Type=search", "url2": "http://www.smile1165.jp" }, "geometry": { "type": "Point", "coordinates": [ 139.6944479, 35.5866062 ] } },
{ "type": "Feature", "properties": { "内容": "パナソニックエイジフリーケアセンター蒲田・デイサービス【通所介護】東京都大田区蒲田1-29-5エーワンハイム１階", "url": "https://www.kaigokensaku.mhlw.go.jp/13/index.php?action_kouhyou_detail_004_kani=true&JigyosyoCd=1371105980-00&ServiceCd=150&Type=search", "url2": "http://panasonic.co.jp/es/pesasv/" }, "geometry": { "type": "Point", "coordinates": [ 139.719503499999973, 35.564253600000015 ] } },
{ "type": "Feature", "properties": { "内容": "パナソニックエイジフリーケアセンター千鳥デイサービス【通所介護】東京都大田区千鳥１－１６－２鈴木ビル１Ｆ", "url": "https://www.kaigokensaku.mhlw.go.jp/13/index.php?action_kouhyou_detail_004_kani=true&JigyosyoCd=1371106012-00&ServiceCd=150&Type=search", "url2": "https://sumai.panasonic.jp/agefree/map/detail.php?id=4" }, "geometry": { "type": "Point", "coordinates": [ 139.693539200000032, 35.5727162 ] } },
{ "type": "Feature", "properties": { "内容": "大田区立矢口高齢者在宅サービスセンター【通所介護】東京都大田区新蒲田２―１２―１８", "url": "https://www.kaigokensaku.mhlw.go.jp/13/index.php?action_kouhyou_detail_004_kani=true&JigyosyoCd=1371106459-00&ServiceCd=150&Type=search", "url2": "http://www.ikegami.or.jp/" }, "geometry": { "type": "Point", "coordinates": [ 139.703547403041085, 35.560099875660683 ] } },
{ "type": "Feature", "properties": { "内容": "大田区立下丸子高齢者在宅サービスセンター【通所介護】東京都大田区下丸子４丁目２５番１号", "url": "https://www.kaigokensaku.mhlw.go.jp/13/index.php?action_kouhyou_detail_004_kani=true&JigyosyoCd=1371106541-00&ServiceCd=150&Type=search", "url2": "http://www.ikegami.or.jp" }, "geometry": { "type": "Point", "coordinates": [ 139.677937400000019, 35.5722977 ] } },
{ "type": "Feature", "properties": { "内容": "ベストケア・デイサービスセンター蒲田【通所介護】東京都大田区仲六郷１丁目２２番２号ハイツアオキ第３－１階", "url": "https://www.kaigokensaku.mhlw.go.jp/13/index.php?action_kouhyou_detail_004_kani=true&JigyosyoCd=1371106905-00&ServiceCd=150&Type=search", "url2": "http://www.best-care.jp/" }, "geometry": { "type": "Point", "coordinates": [ 139.716954200000032, 35.554544 ] } },
{ "type": "Feature", "properties": { "内容": "デイサービス絆【通所介護】東京都大田区西糀谷3-40-7101", "url": "https://www.kaigokensaku.mhlw.go.jp/13/index.php?action_kouhyou_detail_004_kani=true&JigyosyoCd=1371106913-00&ServiceCd=150&Type=search", "url2": "http://www.kizunaspa.com" }, "geometry": { "type": "Point", "coordinates": [ 139.7373834, 35.5527447 ] } },
{ "type": "Feature", "properties": { "内容": "デイサービスすずやか久が原【通所介護】東京都大田区久が原3-27-10２F", "url": "https://www.kaigokensaku.mhlw.go.jp/13/index.php?action_kouhyou_detail_004_kani=true&JigyosyoCd=1371106996-00&ServiceCd=150&Type=search", "url2": "http://www.suzu-care.jp" }, "geometry": { "type": "Point", "coordinates": [ 139.682868599999978, 35.598228899999967 ] } },
{ "type": "Feature", "properties": { "内容": "デイサービスセンター東矢口【通所介護】東京都大田区東矢口3-7-3", "url": "https://www.kaigokensaku.mhlw.go.jp/13/index.php?action_kouhyou_detail_004_kani=true&JigyosyoCd=1371107366-00&ServiceCd=150&Type=search", "url2": "http://www.care.co.jp" }, "geometry": { "type": "Point", "coordinates": [ 139.7068021, 35.5635371 ] } },
{ "type": "Feature", "properties": { "内容": "レッツ倶楽部多摩川【通所介護】東京都大田区矢口1-29-13", "url": "https://www.kaigokensaku.mhlw.go.jp/13/index.php?action_kouhyou_detail_004_kani=true&JigyosyoCd=1371108943-00&ServiceCd=150&Type=search", "url2": "http://www.lets-club.jp/shop/tamagawa/" }, "geometry": { "type": "Point", "coordinates": [ 139.690667800000028, 35.5647591 ] } },
{ "type": "Feature", "properties": { "内容": "寿デイサービスセンター池上【通所介護】東京都大田区池上８－４－８池上タウンヒル１階", "url": "https://www.kaigokensaku.mhlw.go.jp/13/index.php?action_kouhyou_detail_004_kani=true&JigyosyoCd=1371108976-00&ServiceCd=150&Type=search", "url2": "https://www.sms-kotobuki.co.jp/" }, "geometry": { "type": "Point", "coordinates": [ 139.697924899999947, 35.5715747 ] } },
{ "type": "Feature", "properties": { "内容": "デイサービスひより大岡山【通所介護】東京都大田区北千束１－９－１９アーバンエミネンス１Ｆ", "url": "https://www.kaigokensaku.mhlw.go.jp/13/index.php?action_kouhyou_detail_004_kani=true&JigyosyoCd=1371109602-00&ServiceCd=150&Type=search", "url2": "https://www.dayservicehiyori.jp" }, "geometry": { "type": "Point", "coordinates": [ 139.690753300000011, 35.610372 ] } },
{ "type": "Feature", "properties": { "内容": "デイリハ友の里【通所介護】東京都大田区下丸子2-29-1THビル１F", "url": "https://www.kaigokensaku.mhlw.go.jp/13/index.php?action_kouhyou_detail_004_kani=true&JigyosyoCd=1371110048-00&ServiceCd=150&Type=search", "url2": "http://www.total-care-servise.co.jp/index.shtml" }, "geometry": { "type": "Point", "coordinates": [ 139.689854, 35.5641508 ] } },
{ "type": "Feature", "properties": { "内容": "ハルサコミュニティー羽田大鳥居【通所介護】東京都大田区東糀谷2-4-7スカイタウン糀谷1階", "url": "https://www.kaigokensaku.mhlw.go.jp/13/index.php?action_kouhyou_detail_004_kani=true&JigyosyoCd=1371110188-00&ServiceCd=150&Type=search", "url2": "http://halsacommunity.com/" }, "geometry": { "type": "Point", "coordinates": [ 139.742080100000067, 35.5562193 ] } },
{ "type": "Feature", "properties": { "内容": "デイサービスすずやか六郷【通所介護】東京都大田区仲六郷4-33-11シユウハイム　1階", "url": "https://www.kaigokensaku.mhlw.go.jp/13/index.php?action_kouhyou_detail_004_kani=true&JigyosyoCd=1371110469-00&ServiceCd=150&Type=search", "url2": "http://suzu-care.jp/" }, "geometry": { "type": "Point", "coordinates": [ 139.710365993254101, 35.542781809961511 ] } },
{ "type": "Feature", "properties": { "内容": "デイサービスセンター　サンケア上池台【通所介護】東京都大田区上池台5-34-10", "url": "https://www.kaigokensaku.mhlw.go.jp/13/index.php?action_kouhyou_detail_004_kani=true&JigyosyoCd=1371110519-00&ServiceCd=150&Type=search", "url2": null }, "geometry": { "type": "Point", "coordinates": [ 139.697929, 35.5902832 ] } },
{ "type": "Feature", "properties": { "内容": "デイサービスセンターサンケア鵜の木【通所介護】東京都大田区鵜の木1-22-8鵜の木ビル", "url": "https://www.kaigokensaku.mhlw.go.jp/13/index.php?action_kouhyou_detail_004_kani=true&JigyosyoCd=1371110527-00&ServiceCd=150&Type=search", "url2": "http://www.waseda-e-life.co.jp/kaigo-fukushi/" }, "geometry": { "type": "Point", "coordinates": [ 139.682682067459154, 35.574141765810538 ] } },
{ "type": "Feature", "properties": { "内容": "株式会社　仁済デイサービスセンター仲六郷【通所介護】東京都大田区仲六郷3-27-7アンビシャス福原１Ｆ", "url": "https://www.kaigokensaku.mhlw.go.jp/13/index.php?action_kouhyou_detail_004_kani=true&JigyosyoCd=1371110808-00&ServiceCd=150&Type=search", "url2": "http://www.jinsai.co.jp/" }, "geometry": { "type": "Point", "coordinates": [ 139.711373194740986, 35.546053788655165 ] } },
{ "type": "Feature", "properties": { "内容": "デイサービスセンターなごやか田園調布【通所介護】東京都大田区田園調布本町51-3田園調布スカイライトマンション1階", "url": "https://www.kaigokensaku.mhlw.go.jp/13/index.php?action_kouhyou_detail_004_kani=true&JigyosyoCd=1371111269-00&ServiceCd=150&Type=search", "url2": "http://www.nagoyaka-link.co.jp/club/denenchofu/" }, "geometry": { "type": "Point", "coordinates": [ 139.677967200000012, 35.588310899999989 ] } },
{ "type": "Feature", "properties": { "内容": "デイサービスセンターなごやか大田【通所介護】東京都大田区池上6-6-6TC第５４池上ビル", "url": "https://www.kaigokensaku.mhlw.go.jp/13/index.php?action_kouhyou_detail_004_kani=true&JigyosyoCd=1371111277-00&ServiceCd=150&Type=search", "url2": "http://www.nagoyaka-link.co.jp/" }, "geometry": { "type": "Point", "coordinates": [ 139.704863, 35.5717553 ] } },
{ "type": "Feature", "properties": { "内容": "デイサービスセンターなごやか馬込【通所介護】東京都大田区南馬込3-1-2NTT馬込ビル1F", "url": "https://www.kaigokensaku.mhlw.go.jp/13/index.php?action_kouhyou_detail_004_kani=true&JigyosyoCd=1371111285-00&ServiceCd=150&Type=search", "url2": "http://club.nagoyaka-link.co.jp/magome/" }, "geometry": { "type": "Point", "coordinates": [ 139.718921164417992, 35.588058900000014 ] } },
{ "type": "Feature", "properties": { "内容": "なごやかケアリンク株式会社　デイサービスセンターなごやか羽田【通所介護】東京都大田区羽田旭町１５－１第５高橋ビル１０１", "url": "https://www.kaigokensaku.mhlw.go.jp/13/index.php?action_kouhyou_detail_004_kani=true&JigyosyoCd=1371111293-00&ServiceCd=150&Type=search", "url2": "http://club.nagoyaka-link.co.jp/haneda/" }, "geometry": { "type": "Point", "coordinates": [ 139.752038199999987, 35.5516009 ] } },
{ "type": "Feature", "properties": { "内容": "ファミタウン洗足【通所介護】東京都大田区南千束2-17-1", "url": "https://www.kaigokensaku.mhlw.go.jp/13/index.php?action_kouhyou_detail_004_kani=true&JigyosyoCd=1371111368-00&ServiceCd=150&Type=search", "url2": null }, "geometry": { "type": "Point", "coordinates": [ 139.688354238623077, 35.604584008981462 ] } },
{ "type": "Feature", "properties": { "内容": "デイサービスひより千鳥町【通所介護】東京都大田区千鳥1-15-11101", "url": "https://www.kaigokensaku.mhlw.go.jp/13/index.php?action_kouhyou_detail_004_kani=true&JigyosyoCd=1371111376-00&ServiceCd=150&Type=search", "url2": "https://www.dayservicehiyori.jp/" }, "geometry": { "type": "Point", "coordinates": [ 139.695152900000039, 35.5725246 ] } },
{ "type": "Feature", "properties": { "内容": "ツクイ大田久が原【通所介護】東京都大田区久が原2－25－26", "url": "https://www.kaigokensaku.mhlw.go.jp/13/index.php?action_kouhyou_detail_004_kani=true&JigyosyoCd=1371111384-00&ServiceCd=150&Type=search", "url2": "http://www.tsukui.net" }, "geometry": { "type": "Point", "coordinates": [ 139.697327099999939, 35.580190199999983 ] } },
{ "type": "Feature", "properties": { "内容": "ツクイ大田中馬込【通所介護】東京都大田区中馬込3-17-19", "url": "https://www.kaigokensaku.mhlw.go.jp/13/index.php?action_kouhyou_detail_004_kani=true&JigyosyoCd=1371111582-00&ServiceCd=150&Type=search", "url2": "https://www.tsukui.net/home-care/2658/" }, "geometry": { "type": "Point", "coordinates": [ 139.704861199999982, 35.592635300000033 ] } },
{ "type": "Feature", "properties": { "内容": "ベストリハ山王【通所介護】東京都大田区山王4-11-7シャトレ山王1F", "url": "https://www.kaigokensaku.mhlw.go.jp/13/index.php?action_kouhyou_detail_004_kani=true&JigyosyoCd=1371111707-00&ServiceCd=150&Type=search", "url2": "http://bestreha.com" }, "geometry": { "type": "Point", "coordinates": [ 139.719199, 35.5902419 ] } },
{ "type": "Feature", "properties": { "内容": "デイホームゆりの木大田【通所介護】東京都大田区南六郷2-17-11泉マンション1階", "url": "https://www.kaigokensaku.mhlw.go.jp/13/index.php?action_kouhyou_detail_004_kani=true&JigyosyoCd=1371112416-00&ServiceCd=150&Type=search", "url2": "http://www.elderly.jp/" }, "geometry": { "type": "Point", "coordinates": [ 139.721297199999981, 35.5466333 ] } },
{ "type": "Feature", "properties": { "内容": "ベストリハ南蒲田【通所介護】東京都大田区南蒲田1-22-9リバティハイツ101、203", "url": "https://www.kaigokensaku.mhlw.go.jp/13/index.php?action_kouhyou_detail_004_kani=true&JigyosyoCd=1371112424-00&ServiceCd=150&Type=search", "url2": "https://bestreha.com/" }, "geometry": { "type": "Point", "coordinates": [ 139.724692499999946, 35.5577574 ] } },
{ "type": "Feature", "properties": { "内容": "デイサービスセンターみそら【通所介護】東京都大田区池上5-3-21プリマヴェーラ池上103号", "url": "https://www.kaigokensaku.mhlw.go.jp/13/index.php?action_kouhyou_detail_004_kani=true&JigyosyoCd=1371112580-00&ServiceCd=150&Type=search", "url2": "http://misora-day.sub.jp" }, "geometry": { "type": "Point", "coordinates": [ 139.709805700000061, 35.5738381 ] } },
{ "type": "Feature", "properties": { "内容": "リハビリデイサービスnagomiプラス洗足池店【通所介護】東京都大田区上池台2-14-7パークサイド洗足池　1階", "url": "https://www.kaigokensaku.mhlw.go.jp/13/index.php?action_kouhyou_detail_004_kani=true&JigyosyoCd=1371112655-00&ServiceCd=150&Type=search", "url2": "https://ncs.my-nagomi.com" }, "geometry": { "type": "Point", "coordinates": [ 139.693648700000011, 35.6008321 ] } },
{ "type": "Feature", "properties": { "内容": "リハデイ南六郷【通所介護】東京都大田区南六郷2-24-17小堀ビル1階", "url": "https://www.kaigokensaku.mhlw.go.jp/13/index.php?action_kouhyou_detail_004_kani=true&JigyosyoCd=1371112812-00&ServiceCd=150&Type=search", "url2": null }, "geometry": { "type": "Point", "coordinates": [ 139.7193584, 35.547712 ] } },
{ "type": "Feature", "properties": { "内容": "リハデイ山王【通所介護】東京都大田区山王4-19-6山越ビル1階", "url": "https://www.kaigokensaku.mhlw.go.jp/13/index.php?action_kouhyou_detail_004_kani=true&JigyosyoCd=1371112820-00&ServiceCd=150&Type=search", "url2": null }, "geometry": { "type": "Point", "coordinates": [ 139.720230500000014, 35.5847356 ] } },
{ "type": "Feature", "properties": { "内容": "リハビリデイサービスnagomiプラス大森店【通所介護】東京都大田区大森西5-25-11ヴィラ・グラノーバ　１階", "url": "https://www.kaigokensaku.mhlw.go.jp/13/index.php?action_kouhyou_detail_004_kani=true&JigyosyoCd=1371112853-00&ServiceCd=150&Type=search", "url2": "https://ncs.my-nagomi.com" }, "geometry": { "type": "Point", "coordinates": [ 139.7284764, 35.5693719 ] } },
{ "type": "Feature", "properties": { "内容": "ベストリハ蒲田【通所介護】東京都大田区蒲田2-2-13ヴィラはなぞの", "url": "https://www.kaigokensaku.mhlw.go.jp/13/index.php?action_kouhyou_detail_004_kani=true&JigyosyoCd=1371112861-00&ServiceCd=150&Type=search", "url2": "https://bestreha.com/" }, "geometry": { "type": "Point", "coordinates": [ 139.7241449, 35.5670651 ] } },
{ "type": "Feature", "properties": { "内容": "デイサービス夢楽羽田【通所介護】東京都大田区本羽田3丁目3番12号ハイツサープラス１Ｆ", "url": "https://www.kaigokensaku.mhlw.go.jp/13/index.php?action_kouhyou_detail_004_kani=true&JigyosyoCd=1371112937-00&ServiceCd=150&Type=search", "url2": "https://yumeraku.net/haneda/" }, "geometry": { "type": "Point", "coordinates": [ 139.7363626, 35.5485276 ] } },
{ "type": "Feature", "properties": { "内容": "レベルアップケア【通所介護】東京都大田区中央３－８－１４", "url": "https://www.kaigokensaku.mhlw.go.jp/13/index.php?action_kouhyou_detail_004_kani=true&JigyosyoCd=1371113067-00&ServiceCd=150&Type=search", "url2": "https://levelup-care.co.jp/" }, "geometry": { "type": "Point", "coordinates": [ 139.718252799999988, 35.5766353 ] } },
{ "type": "Feature", "properties": { "内容": "デイサービス元気俱楽部【通所介護】東京都大田区南蒲田2-30-17伊勢元ハイツ1階", "url": "https://www.kaigokensaku.mhlw.go.jp/13/index.php?action_kouhyou_detail_004_kani=true&JigyosyoCd=1371113075-00&ServiceCd=150&Type=search", "url2": null }, "geometry": { "type": "Point", "coordinates": [ 139.7225903, 35.552833800000016 ] } },
{ "type": "Feature", "properties": { "内容": "ベストリハ羽田【通所介護】東京都大田区羽田3-6-1シャンハイツ松輝1階", "url": "https://www.kaigokensaku.mhlw.go.jp/13/index.php?action_kouhyou_detail_004_kani=true&JigyosyoCd=1371113208-00&ServiceCd=150&Type=search", "url2": "https://bestreha.com" }, "geometry": { "type": "Point", "coordinates": [ 139.7439412, 35.547366200000042 ] } },
{ "type": "Feature", "properties": { "内容": "ブリッジライフ大森西【通所介護】東京都大田区大森西7-5-15英行ビル1F", "url": "https://www.kaigokensaku.mhlw.go.jp/13/index.php?action_kouhyou_detail_004_kani=true&JigyosyoCd=1371113224-00&ServiceCd=150&Type=search", "url2": "https://www.bridge-life.jp/shop/omorinishi/" }, "geometry": { "type": "Point", "coordinates": [ 139.7233922, 35.570024 ] } },
{ "type": "Feature", "properties": { "内容": "くらしの友リハプライド羽田【通所介護】東京都大田区東糀谷2-13-11", "url": "https://www.kaigokensaku.mhlw.go.jp/13/index.php?action_kouhyou_detail_004_kani=true&JigyosyoCd=1371113315-00&ServiceCd=150&Type=search", "url2": "https://www.rehapride.co.jp/haneda/" }, "geometry": { "type": "Point", "coordinates": [ 139.740701200000018, 35.553797899999985 ] } },
{ "type": "Feature", "properties": { "内容": "デイサービス　ジーノエバーノ【通所介護】東京都大田区田園調布４－４７－１１", "url": "https://www.kaigokensaku.mhlw.go.jp/13/index.php?action_kouhyou_detail_004_kani=true&JigyosyoCd=1371105899-00&ServiceCd=150&Type=search", "url2": "https://gabujapan.com/" }, "geometry": { "type": "Point", "coordinates": [ 139.659460099999933, 35.5923377 ] } },
{ "type": "Feature", "properties": { "内容": "健遊館　富久湯【通所介護】東京都大田区矢口2-15-6ゲレイス多摩川１階", "url": "https://www.kaigokensaku.mhlw.go.jp/13/index.php?action_kouhyou_detail_004_kani=true&JigyosyoCd=1371107564-00&ServiceCd=150&Type=search", "url2": "http://fukuyu.kenyu.co.jp/" }, "geometry": { "type": "Point", "coordinates": [ 139.6949062, 35.5631788 ] } },
{ "type": "Feature", "properties": { "内容": "ツクイ大田西糀谷【通所介護】東京都大田区西糀谷4-9-11", "url": "https://www.kaigokensaku.mhlw.go.jp/13/index.php?action_kouhyou_detail_004_kani=true&JigyosyoCd=1371107895-00&ServiceCd=150&Type=search", "url2": "http://www.tsukui.net" }, "geometry": { "type": "Point", "coordinates": [ 139.731214099999988, 35.5559524 ] } },
{ "type": "Feature", "properties": { "内容": "リラックスサロン絆【通所介護】東京都大田区仲六郷2-8-131Ｆ", "url": "https://www.kaigokensaku.mhlw.go.jp/13/index.php?action_kouhyou_detail_004_kani=true&JigyosyoCd=1371108042-00&ServiceCd=150&Type=search", "url2": "http://www.kizunaspa.com" }, "geometry": { "type": "Point", "coordinates": [ 139.714874, 35.5518638 ] } },
{ "type": "Feature", "properties": { "内容": "デイハウス鵜の木【通所介護】東京都大田区鵜の木3-23-3リバーフロントⅡ多摩川１F", "url": "https://www.kaigokensaku.mhlw.go.jp/13/index.php?action_kouhyou_detail_004_kani=true&JigyosyoCd=1371111475-00&ServiceCd=150&Type=search", "url2": null }, "geometry": { "type": "Point", "coordinates": [ 139.677365399999985, 35.5769822 ] } },
{ "type": "Feature", "properties": { "内容": "シンシアリハビリデイサービス大森【通所介護】東京都大田区大森西3－29－2ベルハイム大森101", "url": "https://www.kaigokensaku.mhlw.go.jp/13/index.php?action_kouhyou_detail_004_kani=true&JigyosyoCd=1371111897-00&ServiceCd=150&Type=search", "url2": null }, "geometry": { "type": "Point", "coordinates": [ 139.733474, 35.5741137 ] } },
{ "type": "Feature", "properties": { "内容": "大森スポーツリハデイサービスセンター【通所介護】東京都大田区大森北1‐31‐2柏屋ビル３階", "url": "https://www.kaigokensaku.mhlw.go.jp/13/index.php?action_kouhyou_detail_004_kani=true&JigyosyoCd=1371113612-00&ServiceCd=150&Type=search", "url2": null }, "geometry": { "type": "Point", "coordinates": [ 139.727386799999977, 35.5856627 ] } },
{ "type": "Feature", "properties": { "内容": "ツクイ大田西六郷【通所介護】東京都大田区西六郷3-31-12デイサービスセンター　ツクイ大田西六郷", "url": "https://www.kaigokensaku.mhlw.go.jp/13/index.php?action_kouhyou_detail_004_kani=true&JigyosyoCd=1371107630-00&ServiceCd=150&Type=search", "url2": "http://www.tsukui.net/" }, "geometry": { "type": "Point", "coordinates": [ 139.704089299999964, 35.5453953 ] } },
{ "type": "Feature", "properties": { "内容": "ゆめふる駒場店【通所介護】東京都世田谷区池尻４－２９－２２", "url": "https://www.kaigokensaku.mhlw.go.jp/13/index.php?action_kouhyou_detail_004_kani=true&JigyosyoCd=1371208289-00&ServiceCd=150&Type=search", "url2": "http://www.yasashiite.com" }, "geometry": { "type": "Point", "coordinates": [ 139.677742, 35.6553329 ] } },
{ "type": "Feature", "properties": { "内容": "ディサービス成城パティオ【通所介護】東京都世田谷区成城2-40-5ヴェルドミール成城　301　302　401", "url": "https://www.kaigokensaku.mhlw.go.jp/13/index.php?action_kouhyou_detail_004_kani=true&JigyosyoCd=1371208438-00&ServiceCd=150&Type=search", "url2": "http://medicalcura.com" }, "geometry": { "type": "Point", "coordinates": [ 139.5985134, 35.6397333 ] } },
{ "type": "Feature", "properties": { "内容": "デイサービスひより奥沢【通所介護】東京都世田谷区東玉川1-40-9シャトレ田園調布1階", "url": "https://www.kaigokensaku.mhlw.go.jp/13/index.php?action_kouhyou_detail_004_kani=true&JigyosyoCd=1371215367-00&ServiceCd=150&Type=search", "url2": "https://www.dayservicehiyori.jp/" }, "geometry": { "type": "Point", "coordinates": [ 139.674680399999943, 35.5990397 ] } },
{ "type": "Feature", "properties": { "内容": "デイ・ホーム　千歳【通所介護】東京都世田谷区給田　５－９－５", "url": "https://www.kaigokensaku.mhlw.go.jp/13/index.php?action_kouhyou_detail_004_kani=true&JigyosyoCd=1371201581-00&ServiceCd=150&Type=search", "url2": "http://www5.ocn.ne.jp/~keisinen" }, "geometry": { "type": "Point", "coordinates": [ 139.5858349, 35.672106 ] } },
{ "type": "Feature", "properties": { "内容": "高齢者在宅サービスセンター　デイ・ホーム芦花【通所介護】東京都世田谷区粕谷2-23-1世田谷区立特別養護老人ホーム芦花ホーム", "url": "https://www.kaigokensaku.mhlw.go.jp/13/index.php?action_kouhyou_detail_004_kani=true&JigyosyoCd=1371201607-00&ServiceCd=150&Type=search", "url2": "http://www.setagayaj.or.jp/" }, "geometry": { "type": "Point", "coordinates": [ 139.609769213024407, 35.666180093613526 ] } },
{ "type": "Feature", "properties": { "内容": "有隣ケアセンター【通所介護】東京都世田谷区船橋2丁目１５－３８", "url": "https://www.kaigokensaku.mhlw.go.jp/13/index.php?action_kouhyou_detail_004_kani=true&JigyosyoCd=1371201672-00&ServiceCd=150&Type=search", "url2": "http://www.yu-rin.jp/" }, "geometry": { "type": "Point", "coordinates": [ 139.619191499999943, 35.6510239 ] } },
{ "type": "Feature", "properties": { "内容": "社会福祉法人　奉優会　等々力の家デイホーム【通所介護】東京都世田谷区等々力8丁目26番16号", "url": "https://www.kaigokensaku.mhlw.go.jp/13/index.php?action_kouhyou_detail_004_kani=true&JigyosyoCd=1371202274-00&ServiceCd=150&Type=search", "url2": "http://todoroki.foryou.or.jp/work.php?id=w003" }, "geometry": { "type": "Point", "coordinates": [ 139.652031699999952, 35.617334 ] } },
{ "type": "Feature", "properties": { "内容": "老人デイサービスセンター喜多見ホーム【通所介護】東京都世田谷区喜多見七丁目20番26号", "url": "https://www.kaigokensaku.mhlw.go.jp/13/index.php?action_kouhyou_detail_004_kani=true&JigyosyoCd=1371202928-00&ServiceCd=150&Type=search", "url2": "https://nanzankai.tokyo/" }, "geometry": { "type": "Point", "coordinates": [ 139.595972500000016, 35.6323844 ] } },
{ "type": "Feature", "properties": { "内容": "デイサービス博水の郷【通所介護】東京都世田谷区鎌田3-16-6", "url": "https://www.kaigokensaku.mhlw.go.jp/13/index.php?action_kouhyou_detail_004_kani=true&JigyosyoCd=1371203157-00&ServiceCd=150&Type=search", "url2": "http://www.oomishima.jp/" }, "geometry": { "type": "Point", "coordinates": [ 139.615935400000012, 35.6197202 ] } },
{ "type": "Feature", "properties": { "内容": "東京敬寿園【通所介護】東京都世田谷区上祖師谷7－1－1", "url": "https://www.kaigokensaku.mhlw.go.jp/13/index.php?action_kouhyou_detail_004_kani=true&JigyosyoCd=1371203587-00&ServiceCd=150&Type=search", "url2": "http://www.keijuen.or.jp/tokyo/index.html" }, "geometry": { "type": "Point", "coordinates": [ 139.594779300000027, 35.6581637 ] } },
{ "type": "Feature", "properties": { "内容": "レコードブックユアテラス【通所介護】東京都世田谷区玉川3-39-91階1号室", "url": "https://www.kaigokensaku.mhlw.go.jp/13/index.php?action_kouhyou_detail_004_kani=true&JigyosyoCd=1371217637-00&ServiceCd=150&Type=search", "url2": "https://www.recordbook.jp/" }, "geometry": { "type": "Point", "coordinates": [ 139.6209177, 35.617516 ] } },
{ "type": "Feature", "properties": { "内容": "フレンズ　ケアセンター【通所介護】東京都世田谷区下馬２－２１－１１", "url": "https://www.kaigokensaku.mhlw.go.jp/13/index.php?action_kouhyou_detail_004_kani=true&JigyosyoCd=1371201169-00&ServiceCd=150&Type=search", "url2": "http://www.n-friends.or.jp" }, "geometry": { "type": "Point", "coordinates": [ 139.675889899999987, 35.6401763 ] } },
{ "type": "Feature", "properties": { "内容": "高齢者在宅サービスセンター　デイ・ホーム上北沢【通所介護】東京都世田谷区上北沢１－２８－１７", "url": "https://www.kaigokensaku.mhlw.go.jp/13/index.php?action_kouhyou_detail_004_kani=true&JigyosyoCd=1371201599-00&ServiceCd=150&Type=search", "url2": "http://www.setagayaj.or.jp/" }, "geometry": { "type": "Point", "coordinates": [ 139.626288563514322, 35.663523657939727 ] } },
{ "type": "Feature", "properties": { "内容": "デイサービスセンターきたざわ苑【通所介護】東京都世田谷区北沢５－２４－１８社会福祉法人　正吉福祉会　きたざわ苑", "url": "https://www.kaigokensaku.mhlw.go.jp/13/index.php?action_kouhyou_detail_004_kani=true&JigyosyoCd=1371202316-00&ServiceCd=150&Type=search", "url2": "http://www.shoukichi.org" }, "geometry": { "type": "Point", "coordinates": [ 139.671339399999965, 35.670028100000046 ] } },
{ "type": "Feature", "properties": { "内容": "介護予防センター・タケダ【通所介護】東京都世田谷区玉川3-39-7パールハイツ玉川404", "url": "https://www.kaigokensaku.mhlw.go.jp/13/index.php?action_kouhyou_detail_004_kani=true&JigyosyoCd=1371208123-00&ServiceCd=150&Type=search", "url2": "http://www.takeda-os.jp/" }, "geometry": { "type": "Point", "coordinates": [ 139.621162700000014, 35.6175595 ] } },
{ "type": "Feature", "properties": { "内容": "せたがや給田乃杜（デイサービス）【通所介護】東京都世田谷区給田5-3-5", "url": "https://www.kaigokensaku.mhlw.go.jp/13/index.php?action_kouhyou_detail_004_kani=true&JigyosyoCd=1371208628-00&ServiceCd=150&Type=search", "url2": "http://www.nanokakai.jp" }, "geometry": { "type": "Point", "coordinates": [ 139.588262500000042, 35.6731476 ] } },
{ "type": "Feature", "properties": { "内容": "ソルシアス上用賀【通所介護】東京都世田谷区上用賀3-9-9", "url": "https://www.kaigokensaku.mhlw.go.jp/13/index.php?action_kouhyou_detail_004_kani=true&JigyosyoCd=1371217629-00&ServiceCd=150&Type=search", "url2": "http://www.kuraci.co.jp/" }, "geometry": { "type": "Point", "coordinates": [ 139.630489355819691, 35.63195287986008 ] } },
{ "type": "Feature", "properties": { "内容": "Grasis等々力【通所介護】東京都世田谷区野毛1-9-27サンフラッツ多摩川１F", "url": "https://www.kaigokensaku.mhlw.go.jp/13/index.php?action_kouhyou_detail_004_kani=true&JigyosyoCd=1371217751-00&ServiceCd=150&Type=search", "url2": null }, "geometry": { "type": "Point", "coordinates": [ 139.6445597, 35.6018217 ] } },
{ "type": "Feature", "properties": { "内容": "株式会社ケアサービス　デイサービスセンター弦巻【通所介護】東京都世田谷区弦巻1-47-12", "url": "https://www.kaigokensaku.mhlw.go.jp/13/index.php?action_kouhyou_detail_004_kani=true&JigyosyoCd=1371204718-00&ServiceCd=150&Type=search", "url2": "http://www.care.co.jp/" }, "geometry": { "type": "Point", "coordinates": [ 139.646601400325039, 35.639790663408526 ] } },
{ "type": "Feature", "properties": { "内容": "老人デイサービスセンターフォーライフ桃郷【通所介護】東京都世田谷区北烏山7-8-11", "url": "https://www.kaigokensaku.mhlw.go.jp/13/index.php?action_kouhyou_detail_004_kani=true&JigyosyoCd=1371205665-00&ServiceCd=150&Type=search", "url2": "https://www.jyusinkai.or.jp" }, "geometry": { "type": "Point", "coordinates": [ 139.592334199999982, 35.6772529 ] } },
{ "type": "Feature", "properties": { "内容": "デイ・ライフモア世田谷用賀【通所介護】東京都世田谷区玉川台2-17-2", "url": "https://www.kaigokensaku.mhlw.go.jp/13/index.php?action_kouhyou_detail_004_kani=true&JigyosyoCd=1371213289-00&ServiceCd=150&Type=search", "url2": "https://more-g.co.jp/service/dl-yoga/" }, "geometry": { "type": "Point", "coordinates": [ 139.629775436245723, 35.62390200198098 ] } },
{ "type": "Feature", "properties": { "内容": "デイサービスセンターさくら草【通所介護】東京都世田谷区桜丘4-7-17", "url": "https://www.kaigokensaku.mhlw.go.jp/13/index.php?action_kouhyou_detail_004_kani=true&JigyosyoCd=1371205764-00&ServiceCd=150&Type=search", "url2": "https://tokyo-sakurafukushikai.com/index.html" }, "geometry": { "type": "Point", "coordinates": [ 139.623780500000066, 35.6413421 ] } },
{ "type": "Feature", "properties": { "内容": "ゆめふる千歳烏山店【通所介護】東京都世田谷区南烏山6-10-9コーシャハイム千歳烏山9号棟1階", "url": "https://www.kaigokensaku.mhlw.go.jp/13/index.php?action_kouhyou_detail_004_kani=true&JigyosyoCd=1371212018-00&ServiceCd=150&Type=search", "url2": "http://www.yasashiite.com" }, "geometry": { "type": "Point", "coordinates": [ 139.59870890000002, 35.6685123 ] } },
{ "type": "Feature", "properties": { "内容": "通所介護　ビバ・フローラ南館【通所介護】東京都世田谷区世田谷1-36-12", "url": "https://www.kaigokensaku.mhlw.go.jp/13/index.php?action_kouhyou_detail_004_kani=true&JigyosyoCd=1371213503-00&ServiceCd=150&Type=search", "url2": "https://www.lpax.co.jp/" }, "geometry": { "type": "Point", "coordinates": [ 139.648317300000031, 35.6403978 ] } },
{ "type": "Feature", "properties": { "内容": "ゆめふる東松原店【通所介護】東京都世田谷区松原5-26-15松原パレス107", "url": "https://www.kaigokensaku.mhlw.go.jp/13/index.php?action_kouhyou_detail_004_kani=true&JigyosyoCd=1371213768-00&ServiceCd=150&Type=search", "url2": "http://www.yasashiite.com/subdomains/section/365/" }, "geometry": { "type": "Point", "coordinates": [ 139.653824500000042, 35.6623091 ] } },
{ "type": "Feature", "properties": { "内容": "ニチイケアセンター豪徳寺【通所介護】東京都世田谷区宮坂2-27-26", "url": "https://www.kaigokensaku.mhlw.go.jp/13/index.php?action_kouhyou_detail_004_kani=true&JigyosyoCd=1371213818-00&ServiceCd=150&Type=search", "url2": "http://www.nichiigakkan.co.jp" }, "geometry": { "type": "Point", "coordinates": [ 139.6457365, 35.6532851 ] } },
{ "type": "Feature", "properties": { "内容": "デイ・ホーム上馬【通所介護】東京都世田谷区上馬4-36-9", "url": "https://www.kaigokensaku.mhlw.go.jp/13/index.php?action_kouhyou_detail_004_kani=true&JigyosyoCd=1371201185-00&ServiceCd=150&Type=search", "url2": "http://www.n-friends.or.jp" }, "geometry": { "type": "Point", "coordinates": [ 139.659935799999971, 35.6384816 ] } },
{ "type": "Feature", "properties": { "内容": "デイホーム赤堤【通所介護】東京都世田谷区赤堤１－３７－１１", "url": "https://www.kaigokensaku.mhlw.go.jp/13/index.php?action_kouhyou_detail_004_kani=true&JigyosyoCd=1371201342-00&ServiceCd=150&Type=search", "url2": "http://fukinotoh.mow.jp/" }, "geometry": { "type": "Point", "coordinates": [ 139.6382648, 35.6553319 ] } },
{ "type": "Feature", "properties": { "内容": "株式会社やさしい手　ゆめふる代沢店【通所介護】東京都世田谷区代沢4-44-12The　globe下北沢1階", "url": "https://www.kaigokensaku.mhlw.go.jp/13/index.php?action_kouhyou_detail_004_kani=true&JigyosyoCd=1371201383-00&ServiceCd=150&Type=search", "url2": "http://www.yasashiite.com" }, "geometry": { "type": "Point", "coordinates": [ 139.6669875, 35.654216 ] } },
{ "type": "Feature", "properties": { "内容": "高齢者在宅サービスセンター　デイ・ホーム玉川田園調布【通所介護】東京都世田谷区玉川田園調布２－１６－１２", "url": "https://www.kaigokensaku.mhlw.go.jp/13/index.php?action_kouhyou_detail_004_kani=true&JigyosyoCd=1371201417-00&ServiceCd=150&Type=search", "url2": "http://rougo-happy.or.jp/" }, "geometry": { "type": "Point", "coordinates": [ 139.665436399999976, 35.6028944 ] } },
{ "type": "Feature", "properties": { "内容": "高齢者在宅サービスセンター　デイ・ホーム中町【通所介護】東京都世田谷区中町４－１５－２１", "url": "https://www.kaigokensaku.mhlw.go.jp/13/index.php?action_kouhyou_detail_004_kani=true&JigyosyoCd=1371201425-00&ServiceCd=150&Type=search", "url2": "http://rougo-happy.or.jp/" }, "geometry": { "type": "Point", "coordinates": [ 139.6447657, 35.6181146 ] } },
{ "type": "Feature", "properties": { "内容": "高齢者在宅サービスセンター　デイ・ホーム等々力【通所介護】東京都世田谷区等々力5-19-11", "url": "https://www.kaigokensaku.mhlw.go.jp/13/index.php?action_kouhyou_detail_004_kani=true&JigyosyoCd=1371201433-00&ServiceCd=150&Type=search", "url2": "http://rougo-happy.or.jp/" }, "geometry": { "type": "Point", "coordinates": [ 139.654467699999941, 35.6100793 ] } },
{ "type": "Feature", "properties": { "内容": "高齢者在宅サービスセンター　デイ・ホーム　深沢【通所介護】東京都世田谷区深沢４－１７－１深沢環境共生住宅内　１階", "url": "https://www.kaigokensaku.mhlw.go.jp/13/index.php?action_kouhyou_detail_004_kani=true&JigyosyoCd=1371201441-00&ServiceCd=150&Type=search", "url2": "http://rougo-happy.or.jp/" }, "geometry": { "type": "Point", "coordinates": [ 139.653414800000064, 35.6184838 ] } },
{ "type": "Feature", "properties": { "内容": "高齢者在宅サービスセンター　デイ・ホーム弦巻【通所介護】東京都世田谷区弦巻5丁目13番19号", "url": "https://www.kaigokensaku.mhlw.go.jp/13/index.php?action_kouhyou_detail_004_kani=true&JigyosyoCd=1371201490-00&ServiceCd=150&Type=search", "url2": "http://www.setagayaj.or.jp" }, "geometry": { "type": "Point", "coordinates": [ 139.6411958, 35.638362 ] } },
{ "type": "Feature", "properties": { "内容": "高齢者在宅サービスセンターデイ・ホーム太子堂【通所介護】東京都世田谷区太子堂5丁目24-20", "url": "https://www.kaigokensaku.mhlw.go.jp/13/index.php?action_kouhyou_detail_004_kani=true&JigyosyoCd=1371201516-00&ServiceCd=150&Type=search", "url2": "https://www.setagayaj.or.jp/" }, "geometry": { "type": "Point", "coordinates": [ 139.6649396, 35.648422 ] } },
{ "type": "Feature", "properties": { "内容": "ニチイケアセンター烏山【通所介護】東京都世田谷区北烏山6-1-16", "url": "https://www.kaigokensaku.mhlw.go.jp/13/index.php?action_kouhyou_detail_004_kani=true&JigyosyoCd=1371202126-00&ServiceCd=150&Type=search", "url2": "http://www.nichiigakkan.co.jp" }, "geometry": { "type": "Point", "coordinates": [ 139.599886400000059, 35.672689599999977 ] } },
{ "type": "Feature", "properties": { "内容": "デイホーム池尻【通所介護】東京都世田谷区池尻2-4-26", "url": "https://www.kaigokensaku.mhlw.go.jp/13/index.php?action_kouhyou_detail_004_kani=true&JigyosyoCd=1371202183-00&ServiceCd=150&Type=search", "url2": "http://koureikyou.jp" }, "geometry": { "type": "Point", "coordinates": [ 139.679503299999965, 35.6462229 ] } },
{ "type": "Feature", "properties": { "内容": "デイ・ホーム中丸【通所介護】東京都世田谷区野沢３－２５－１０", "url": "https://www.kaigokensaku.mhlw.go.jp/13/index.php?action_kouhyou_detail_004_kani=true&JigyosyoCd=1371202233-00&ServiceCd=150&Type=search", "url2": "http://www.n-friennds.or.jp" }, "geometry": { "type": "Point", "coordinates": [ 139.6748708, 35.6324078 ] } },
{ "type": "Feature", "properties": { "内容": "デイホーム桜丘【通所介護】東京都世田谷区桜丘１－１９－２２", "url": "https://www.kaigokensaku.mhlw.go.jp/13/index.php?action_kouhyou_detail_004_kani=true&JigyosyoCd=1371202258-00&ServiceCd=150&Type=search", "url2": "http://fukinotoh.mow.jp/" }, "geometry": { "type": "Point", "coordinates": [ 139.630168700000013, 35.6452082 ] } },
{ "type": "Feature", "properties": { "内容": "株式会社ケアサービス　デイサービスセンター東玉川【通所介護】東京都世田谷区東玉川1-27-14", "url": "https://www.kaigokensaku.mhlw.go.jp/13/index.php?action_kouhyou_detail_004_kani=true&JigyosyoCd=1371202563-00&ServiceCd=150&Type=search", "url2": "http://www.care.co.jp" }, "geometry": { "type": "Point", "coordinates": [ 139.678821699999958, 35.5984677 ] } },
{ "type": "Feature", "properties": { "内容": "正和クラブ深沢【通所介護】東京都世田谷区深沢4-9-3", "url": "https://www.kaigokensaku.mhlw.go.jp/13/index.php?action_kouhyou_detail_004_kani=true&JigyosyoCd=1371203397-00&ServiceCd=150&Type=search", "url2": "http://www.seiwaclub.com" }, "geometry": { "type": "Point", "coordinates": [ 139.657896, 35.6210728 ] } },
{ "type": "Feature", "properties": { "内容": "デイサービスヨウコー千歳船橋【通所介護】東京都世田谷区経堂4-19-5ハニーコート１階", "url": "https://www.kaigokensaku.mhlw.go.jp/13/index.php?action_kouhyou_detail_004_kani=true&JigyosyoCd=1371204502-00&ServiceCd=150&Type=search", "url2": "https://magokoro.club-t.com/" }, "geometry": { "type": "Point", "coordinates": [ 139.625210599999946, 35.64803 ] } },
{ "type": "Feature", "properties": { "内容": "医療法人社団英寿会　ケア悠友の家【通所介護】東京都世田谷区弦巻2-39-7", "url": "https://www.kaigokensaku.mhlw.go.jp/13/index.php?action_kouhyou_detail_004_kani=true&JigyosyoCd=1371204932-00&ServiceCd=150&Type=search", "url2": "http://www.yuyu-home.jp" }, "geometry": { "type": "Point", "coordinates": [ 139.649588249073759, 35.634043359329176 ] } },
{ "type": "Feature", "properties": { "内容": "デイサービスヨウコー梅丘【通所介護】東京都世田谷区松原6-5-11", "url": "https://www.kaigokensaku.mhlw.go.jp/13/index.php?action_kouhyou_detail_004_kani=true&JigyosyoCd=1371204973-00&ServiceCd=150&Type=search", "url2": "https://kaigo-youko.com/ds_umegaoka.html" }, "geometry": { "type": "Point", "coordinates": [ 139.652566400000069, 35.6594483 ] } },
{ "type": "Feature", "properties": { "内容": "デイホーム奥沢【通所介護】東京都世田谷区奥沢2丁目２３番地１号", "url": "https://www.kaigokensaku.mhlw.go.jp/13/index.php?action_kouhyou_detail_004_kani=true&JigyosyoCd=1371205517-00&ServiceCd=150&Type=search", "url2": "http://www.foryou.or.jp/facilities/sasahata.html" }, "geometry": { "type": "Point", "coordinates": [ 139.677490799999987, 35.6056833 ] } },
{ "type": "Feature", "properties": { "内容": "パナソニックエイジフリーケアセンター用賀・デイサービス【通所介護】東京都世田谷区用賀２－３１－７イイダアネックスＩ　１０１", "url": "https://www.kaigokensaku.mhlw.go.jp/13/index.php?action_kouhyou_detail_004_kani=true&JigyosyoCd=1371207315-00&ServiceCd=150&Type=search", "url2": "http://panasonic.biz/healthcare/elderlycare/" }, "geometry": { "type": "Point", "coordinates": [ 139.6353914, 35.6247138 ] } },
{ "type": "Feature", "properties": { "内容": "ライフタイム上馬デイサービスセンター【通所介護】東京都世田谷区上馬5-39-11", "url": "https://www.kaigokensaku.mhlw.go.jp/13/index.php?action_kouhyou_detail_004_kani=true&JigyosyoCd=1371207562-00&ServiceCd=150&Type=search", "url2": "http://www.gc-lifetime.co.jp/" }, "geometry": { "type": "Point", "coordinates": [ 139.659544099999948, 35.6418478 ] } },
{ "type": "Feature", "properties": { "内容": "株式会社ケアサービス　デイサービスセンター東北沢【通所介護】東京都世田谷区北沢4-1-12ドッグウッドヒルズ1F", "url": "https://www.kaigokensaku.mhlw.go.jp/13/index.php?action_kouhyou_detail_004_kani=true&JigyosyoCd=1371208024-00&ServiceCd=150&Type=search", "url2": "http://www.care.co.jp/" }, "geometry": { "type": "Point", "coordinates": [ 139.672864299999986, 35.6673313 ] } },
{ "type": "Feature", "properties": { "内容": "ニチイケアセンター用賀【通所介護】東京都世田谷区用賀３丁目９番地１２", "url": "https://www.kaigokensaku.mhlw.go.jp/13/index.php?action_kouhyou_detail_004_kani=true&JigyosyoCd=1371208164-00&ServiceCd=150&Type=search", "url2": "http://www.nichiigakkan.co.jp/" }, "geometry": { "type": "Point", "coordinates": [ 139.638249200000018, 35.6300936 ] } },
{ "type": "Feature", "properties": { "内容": "エンジョイ音楽デイサービス　ひばり馬事公苑【通所介護】東京都世田谷区桜3-15-3ドミール馬事公苑1F", "url": "https://www.kaigokensaku.mhlw.go.jp/13/index.php?action_kouhyou_detail_004_kani=true&JigyosyoCd=1371208321-00&ServiceCd=150&Type=search", "url2": "http://hibari-care.jp/" }, "geometry": { "type": "Point", "coordinates": [ 139.635815699999966, 35.639609 ] } },
{ "type": "Feature", "properties": { "内容": "ふきのとうデイホーム【通所介護】東京都世田谷区上用賀6-19-21", "url": "https://www.kaigokensaku.mhlw.go.jp/13/index.php?action_kouhyou_detail_004_kani=true&JigyosyoCd=1371210889-00&ServiceCd=150&Type=search", "url2": "http://fukinotoh.mow.jp" }, "geometry": { "type": "Point", "coordinates": [ 139.623850299999958, 35.6349985 ] } },
{ "type": "Feature", "properties": { "内容": "ジョイリハ用賀【通所介護】東京都世田谷区用賀3-3-5ピエールリビエール1階", "url": "https://www.kaigokensaku.mhlw.go.jp/13/index.php?action_kouhyou_detail_004_kani=true&JigyosyoCd=1371210921-00&ServiceCd=150&Type=search", "url2": "http://www.joyreha.co.jp/" }, "geometry": { "type": "Point", "coordinates": [ 139.637974200000031, 35.631899 ] } },
{ "type": "Feature", "properties": { "内容": "デイホームリハビリくらぶ【通所介護】東京都世田谷区南烏山６－２９－１０ハイム安田１階", "url": "https://www.kaigokensaku.mhlw.go.jp/13/index.php?action_kouhyou_detail_004_kani=true&JigyosyoCd=1371211317-00&ServiceCd=150&Type=search", "url2": "https://yosiponn-rehabili.jbplt.jp" }, "geometry": { "type": "Point", "coordinates": [ 139.599021045369, 35.670225283346475 ] } },
{ "type": "Feature", "properties": { "内容": "夢のみずうみ村新樹苑デイサービスセンター【通所介護】東京都世田谷区八幡山3丁目１８－２７", "url": "https://www.kaigokensaku.mhlw.go.jp/13/index.php?action_kouhyou_detail_004_kani=true&JigyosyoCd=1371211440-00&ServiceCd=150&Type=search", "url2": "http://www.yumenomizuumi.com/" }, "geometry": { "type": "Point", "coordinates": [ 139.615721500000063, 35.664705 ] } },
{ "type": "Feature", "properties": { "内容": "レッツ倶楽部自由が丘【通所介護】東京都世田谷区奥沢3-37-7柴田ビル101", "url": "https://www.kaigokensaku.mhlw.go.jp/13/index.php?action_kouhyou_detail_004_kani=true&JigyosyoCd=1371211499-00&ServiceCd=150&Type=search", "url2": "http://www.lets-club.jp/" }, "geometry": { "type": "Point", "coordinates": [ 139.674610600000051, 35.6032529 ] } },
{ "type": "Feature", "properties": { "内容": "デイサービスセンターひばり豪徳寺【通所介護】東京都世田谷区豪徳寺1-35-1更竹ハイツ", "url": "https://www.kaigokensaku.mhlw.go.jp/13/index.php?action_kouhyou_detail_004_kani=true&JigyosyoCd=1371212364-00&ServiceCd=150&Type=search", "url2": "http://hibari-care.jp/index.html" }, "geometry": { "type": "Point", "coordinates": [ 139.649358399999983, 35.6559792 ] } },
{ "type": "Feature", "properties": { "内容": "ツクイ世田谷上祖師谷【通所介護】東京都世田谷区上祖師谷1-37-1ハーモニー千歳烏山　１階", "url": "https://www.kaigokensaku.mhlw.go.jp/13/index.php?action_kouhyou_detail_004_kani=true&JigyosyoCd=1371212844-00&ServiceCd=150&Type=search", "url2": "http://www.tsukui.net/search/2598/detail.html" }, "geometry": { "type": "Point", "coordinates": [ 139.59905619999995, 35.6667376 ] } },
{ "type": "Feature", "properties": { "内容": "水車の家デイサービス【通所介護】東京都世田谷区桜新町2-26-2水車の家　１F", "url": "https://www.kaigokensaku.mhlw.go.jp/13/index.php?action_kouhyou_detail_004_kani=true&JigyosyoCd=1371213545-00&ServiceCd=150&Type=search", "url2": "http://www.suishanoie.com" }, "geometry": { "type": "Point", "coordinates": [ 139.640404600000011, 35.6308435 ] } },
{ "type": "Feature", "properties": { "内容": "デイサービスセンターなごやか世田谷【通所介護】東京都世田谷区世田谷2-29-9プラセンス田中1F", "url": "https://www.kaigokensaku.mhlw.go.jp/13/index.php?action_kouhyou_detail_004_kani=true&JigyosyoCd=1371213602-00&ServiceCd=150&Type=search", "url2": "http://www.nagoyaka-link.co.jp/" }, "geometry": { "type": "Point", "coordinates": [ 139.6406012, 35.6426781 ] } },
{ "type": "Feature", "properties": { "内容": "デイサービスセンターなごやか用賀【通所介護】東京都世田谷区中町5-25-4サンフル用賀1階", "url": "https://www.kaigokensaku.mhlw.go.jp/13/index.php?action_kouhyou_detail_004_kani=true&JigyosyoCd=1371213610-00&ServiceCd=150&Type=search", "url2": null }, "geometry": { "type": "Point", "coordinates": [ 139.640929899999946, 35.6209337 ] } },
{ "type": "Feature", "properties": { "内容": "デイサービスセンターなごやか三軒茶屋【通所介護】東京都世田谷区太子堂5-17-16クリーン太子堂1階", "url": "https://www.kaigokensaku.mhlw.go.jp/13/index.php?action_kouhyou_detail_004_kani=true&JigyosyoCd=1371213628-00&ServiceCd=150&Type=search", "url2": "https://www.nagoyaka-link.co.jp/club/sangenjyaya/" }, "geometry": { "type": "Point", "coordinates": [ 139.667973699999948, 35.6488778 ] } },
{ "type": "Feature", "properties": { "内容": "デイサービスセンターいろどり【通所介護】東京都世田谷区上馬1-14-10上馬ハイツ１F", "url": "https://www.kaigokensaku.mhlw.go.jp/13/index.php?action_kouhyou_detail_004_kani=true&JigyosyoCd=1371213636-00&ServiceCd=150&Type=search", "url2": "http://www.shikisai-llc.co.jp" }, "geometry": { "type": "Point", "coordinates": [ 139.6678101, 35.6379874 ] } },
{ "type": "Feature", "properties": { "内容": "ニチイケアセンター祖師谷【通所介護】東京都世田谷区祖師谷1-2-15", "url": "https://www.kaigokensaku.mhlw.go.jp/13/index.php?action_kouhyou_detail_004_kani=true&JigyosyoCd=1371213859-00&ServiceCd=150&Type=search", "url2": "http://www.nichiiweb.jp" }, "geometry": { "type": "Point", "coordinates": [ 139.611998099999937, 35.6439136 ] } },
{ "type": "Feature", "properties": { "内容": "ＪＡ東京中央リハビリデイサービス　リハプライド烏山【通所介護】東京都世田谷区北烏山3-5-5", "url": "https://www.kaigokensaku.mhlw.go.jp/13/index.php?action_kouhyou_detail_004_kani=true&JigyosyoCd=1371214246-00&ServiceCd=150&Type=search", "url2": "http://www.rehapride.co.jp/jakarasuyama/" }, "geometry": { "type": "Point", "coordinates": [ 139.600678, 35.6725397 ] } },
{ "type": "Feature", "properties": { "内容": "リハビリデイサービス梅のさと【通所介護】東京都世田谷区粕谷3-31-11ソルティハイム1F", "url": "https://www.kaigokensaku.mhlw.go.jp/13/index.php?action_kouhyou_detail_004_kani=true&JigyosyoCd=1371214493-00&ServiceCd=150&Type=search", "url2": null }, "geometry": { "type": "Point", "coordinates": [ 139.60548940000001, 35.6626181 ] } },
{ "type": "Feature", "properties": { "内容": "リハビリテーション　AYUMU　経堂店【通所介護】東京都世田谷区経堂4丁目5番4号第2昭伸ハイツ1階", "url": "https://www.kaigokensaku.mhlw.go.jp/13/index.php?action_kouhyou_detail_004_kani=true&JigyosyoCd=1371214584-00&ServiceCd=150&Type=search", "url2": "http://www.ayumu-gi.com/" }, "geometry": { "type": "Point", "coordinates": [ 139.6264615, 35.646325799999978 ] } },
{ "type": "Feature", "properties": { "内容": "グリーンデイ上町【通所介護】東京都世田谷区世田谷１－２８－１５ベルフラット１階", "url": "https://www.kaigokensaku.mhlw.go.jp/13/index.php?action_kouhyou_detail_004_kani=true&JigyosyoCd=1371215474-00&ServiceCd=150&Type=search", "url2": "https://kaigojapan.co.jp/" }, "geometry": { "type": "Point", "coordinates": [ 139.6467093, 35.6416511 ] } },
{ "type": "Feature", "properties": { "内容": "Let'sリハ！世田谷桜上水【通所介護】東京都世田谷区桜上水1丁目7番地10号クールセリシエ1ＦＢ棟", "url": "https://www.kaigokensaku.mhlw.go.jp/13/index.php?action_kouhyou_detail_004_kani=true&JigyosyoCd=1371215706-00&ServiceCd=150&Type=search", "url2": "https://www.lets-reha.jp/" }, "geometry": { "type": "Point", "coordinates": [ 139.631386099999986, 35.6570029 ] } },
{ "type": "Feature", "properties": { "内容": "デイ・プラスモア世田谷千歳船橋【通所介護】東京都世田谷区経堂4-18-1", "url": "https://www.kaigokensaku.mhlw.go.jp/13/index.php?action_kouhyou_detail_004_kani=true&JigyosyoCd=1371216175-00&ServiceCd=150&Type=search", "url2": "https://more-g.co.jp/service/dp-chitosefunabashi/" }, "geometry": { "type": "Point", "coordinates": [ 139.6246984, 35.6479067 ] } },
{ "type": "Feature", "properties": { "内容": "グリーンデイ池ノ上【通所介護】東京都世田谷区北沢１－３２－２２サンワード北沢１F", "url": "https://www.kaigokensaku.mhlw.go.jp/13/index.php?action_kouhyou_detail_004_kani=true&JigyosyoCd=1371216381-00&ServiceCd=150&Type=search", "url2": "https://kaigojapan.co.jp/" }, "geometry": { "type": "Point", "coordinates": [ 139.673187700000028, 35.6613913 ] } },
{ "type": "Feature", "properties": { "内容": "デイサービスセンター悠ゆう【通所介護】東京都世田谷区南烏山　4-28-13第一大松ビル", "url": "https://www.kaigokensaku.mhlw.go.jp/13/index.php?action_kouhyou_detail_004_kani=true&JigyosyoCd=1371216464-00&ServiceCd=150&Type=search", "url2": "http://www.tandoru.com" }, "geometry": { "type": "Point", "coordinates": [ 139.6017007, 35.6723791 ] } },
{ "type": "Feature", "properties": { "内容": "ウェルビスタ　ケアスタジオ　上北沢【通所介護】東京都世田谷区上北沢4-16-12小宮ビル", "url": "https://www.kaigokensaku.mhlw.go.jp/13/index.php?action_kouhyou_detail_004_kani=true&JigyosyoCd=1371216548-00&ServiceCd=150&Type=search", "url2": "https://wellbista-cs.com/" }, "geometry": { "type": "Point", "coordinates": [ 139.6246516, 35.6699951 ] } },
{ "type": "Feature", "properties": { "内容": "リハビリデイサービスnagomiプラス用賀店【通所介護】東京都世田谷区用賀3-4-6", "url": "https://www.kaigokensaku.mhlw.go.jp/13/index.php?action_kouhyou_detail_004_kani=true&JigyosyoCd=1371216555-00&ServiceCd=150&Type=search", "url2": "http://www.my-nagomi.com" }, "geometry": { "type": "Point", "coordinates": [ 139.637817, 35.6317212 ] } },
{ "type": "Feature", "properties": { "内容": "ウェルビスタケアスタジオ成城【通所介護】東京都世田谷区成城6‐15‐14緑蔭館101", "url": "https://www.kaigokensaku.mhlw.go.jp/13/index.php?action_kouhyou_detail_004_kani=true&JigyosyoCd=1371216647-00&ServiceCd=150&Type=search", "url2": "https://wellbista-cs.com/" }, "geometry": { "type": "Point", "coordinates": [ 139.598058, 35.6417706 ] } },
{ "type": "Feature", "properties": { "内容": "Tenonからすやま【通所介護】東京都世田谷区南烏山6-38-10ピュアエリート1階", "url": "https://www.kaigokensaku.mhlw.go.jp/13/index.php?action_kouhyou_detail_004_kani=true&JigyosyoCd=1371216951-00&ServiceCd=150&Type=search", "url2": null }, "geometry": { "type": "Point", "coordinates": [ 139.587789500000014, 35.6810009 ] } },
{ "type": "Feature", "properties": { "内容": "デイサービスセンターひばり三軒茶屋【通所介護】東京都世田谷区三軒茶屋2-29-7セタガヤフラット1階", "url": "https://www.kaigokensaku.mhlw.go.jp/13/index.php?action_kouhyou_detail_004_kani=true&JigyosyoCd=1371207802-00&ServiceCd=150&Type=search", "url2": "http://hibari-care.jp/" }, "geometry": { "type": "Point", "coordinates": [ 139.6637548, 35.6410286 ] } },
{ "type": "Feature", "properties": { "内容": "奉優デイサービス池尻【通所介護】東京都世田谷区池尻2-3-45", "url": "https://www.kaigokensaku.mhlw.go.jp/13/index.php?action_kouhyou_detail_004_kani=true&JigyosyoCd=1371209899-00&ServiceCd=150&Type=search", "url2": "http://ikejiri.foryou.or.jp/work.php?id=w047" }, "geometry": { "type": "Point", "coordinates": [ 139.684052800000018, 35.6471757 ] } },
{ "type": "Feature", "properties": { "内容": "正和クラブ駒沢公園【通所介護】東京都世田谷区深沢２－１９－５正和クラブ駒沢公園", "url": "https://www.kaigokensaku.mhlw.go.jp/13/index.php?action_kouhyou_detail_004_kani=true&JigyosyoCd=1371209980-00&ServiceCd=150&Type=search", "url2": "http://seiwaclub.com/" }, "geometry": { "type": "Point", "coordinates": [ 139.660005800000022, 35.6221613 ] } },
{ "type": "Feature", "properties": { "内容": "ベストケア・デイサービスセンター桜新町【通所介護】東京都世田谷区弦巻４丁目２１番２２号パラッツォ　１階", "url": "https://www.kaigokensaku.mhlw.go.jp/13/index.php?action_kouhyou_detail_004_kani=true&JigyosyoCd=1371210103-00&ServiceCd=150&Type=search", "url2": "http://www.best-care.jp" }, "geometry": { "type": "Point", "coordinates": [ 139.65358649999996, 35.6353707 ] } },
{ "type": "Feature", "properties": { "内容": "デイ・ホーム　モア世田谷瀬田【通所介護】東京都世田谷区瀬田2-5-8102", "url": "https://www.kaigokensaku.mhlw.go.jp/13/index.php?action_kouhyou_detail_004_kani=true&JigyosyoCd=1371210871-00&ServiceCd=150&Type=search", "url2": "http://www.more-g.co.jp/" }, "geometry": { "type": "Point", "coordinates": [ 139.633603099999959, 35.6166928 ] } },
{ "type": "Feature", "properties": { "内容": "NANAIROCOOKINGSTUDIO三軒茶屋【通所介護】東京都世田谷区太子堂3-38-15", "url": "https://www.kaigokensaku.mhlw.go.jp/13/index.php?action_kouhyou_detail_004_kani=true&JigyosyoCd=1371215193-00&ServiceCd=150&Type=search", "url2": "https://www.sykz.co.jp/shisetsu-zaitaku/139551" }, "geometry": { "type": "Point", "coordinates": [ 139.671370499999966, 35.6520358 ] } },
{ "type": "Feature", "properties": { "内容": "AIリハ尾山台【通所介護】東京都世田谷区等々力2-19-2宝光ビル1F", "url": "https://www.kaigokensaku.mhlw.go.jp/13/index.php?action_kouhyou_detail_004_kani=true&JigyosyoCd=1371215375-00&ServiceCd=150&Type=search", "url2": "http://aicare.info/" }, "geometry": { "type": "Point", "coordinates": [ 139.652839, 35.6069134 ] } },
{ "type": "Feature", "properties": { "内容": "デイ・ホーム世田谷【通所介護】東京都世田谷区世田谷」4-15-3", "url": "https://www.kaigokensaku.mhlw.go.jp/13/index.php?action_kouhyou_detail_004_kani=true&JigyosyoCd=1371217173-00&ServiceCd=150&Type=search", "url2": "http://www.setagayaj.or.jp" }, "geometry": { "type": "Point", "coordinates": [ 139.6509084, 35.6444272 ] } },
{ "type": "Feature", "properties": { "内容": "NANAIROCOOKINGSTUDIO成城【通所介護】東京都世田谷区千歳台3-6-1あかねビル", "url": "https://www.kaigokensaku.mhlw.go.jp/13/index.php?action_kouhyou_detail_004_kani=true&JigyosyoCd=1371217272-00&ServiceCd=150&Type=search", "url2": "https://www.sykz.co.jp/nanairo/facility-guide/" }, "geometry": { "type": "Point", "coordinates": [ 139.616271099999977, 35.651372800000011 ] } },
{ "type": "Feature", "properties": { "内容": "ＳＰＲＯＵＴデイサービスポラリス大吉庵【通所介護】東京都世田谷区若林３丁目21-3", "url": "https://www.kaigokensaku.mhlw.go.jp/13/index.php?action_kouhyou_detail_004_kani=true&JigyosyoCd=1371217280-00&ServiceCd=150&Type=search", "url2": "https://www.polaris.care/lp/" }, "geometry": { "type": "Point", "coordinates": [ 139.6563557, 35.6442049 ] } },
{ "type": "Feature", "properties": { "内容": "正和クラブ三軒茶屋【通所介護】東京都世田谷区野沢1-35-8", "url": "https://www.kaigokensaku.mhlw.go.jp/13/index.php?action_kouhyou_detail_004_kani=true&JigyosyoCd=1371217330-00&ServiceCd=150&Type=search", "url2": "https://seiwaclub.com/" }, "geometry": { "type": "Point", "coordinates": [ 139.672468400000014, 35.6387111 ] } },
{ "type": "Feature", "properties": { "内容": "レインフォース千歳【通所介護】東京都世田谷区千歳台3-9-6サングレース千歳台102", "url": "https://www.kaigokensaku.mhlw.go.jp/13/index.php?action_kouhyou_detail_004_kani=true&JigyosyoCd=1371217348-00&ServiceCd=150&Type=search", "url2": null }, "geometry": { "type": "Point", "coordinates": [ 139.615379100000013, 35.6506573 ] } },
{ "type": "Feature", "properties": { "内容": "ウェルビスタケアスタジオ桜新町【通所介護】東京都世田谷区桜新町2-22-10FORESTRIBIC1F", "url": "https://www.kaigokensaku.mhlw.go.jp/13/index.php?action_kouhyou_detail_004_kani=true&JigyosyoCd=1371217397-00&ServiceCd=150&Type=search", "url2": "https://corp.sykz.co.jp/" }, "geometry": { "type": "Point", "coordinates": [ 139.6392615, 35.6329891 ] } },
{ "type": "Feature", "properties": { "内容": "ツクイ世田谷宇奈根【通所介護】東京都世田谷区宇奈根2-11-11", "url": "https://www.kaigokensaku.mhlw.go.jp/13/index.php?action_kouhyou_detail_004_kani=true&JigyosyoCd=1371210798-00&ServiceCd=150&Type=search", "url2": "http://www.tsukui.net/search/detail.php?officeid=573" }, "geometry": { "type": "Point", "coordinates": [ 139.603475500000059, 35.6212781 ] } },
{ "type": "Feature", "properties": { "内容": "アースサポート千歳烏山【通所介護】東京都世田谷区北烏山8丁目1番5号", "url": "https://www.kaigokensaku.mhlw.go.jp/13/index.php?action_kouhyou_detail_004_kani=true&JigyosyoCd=1371210806-00&ServiceCd=150&Type=search", "url2": "https://www.earthsupport.co.jp/" }, "geometry": { "type": "Point", "coordinates": [ 139.591589900000031, 35.6751253 ] } },
{ "type": "Feature", "properties": { "内容": "リハプレイスGen.【通所介護】東京都世田谷区東玉川1－6－11", "url": "https://www.kaigokensaku.mhlw.go.jp/13/index.php?action_kouhyou_detail_004_kani=true&JigyosyoCd=1371217504-00&ServiceCd=150&Type=search", "url2": "https://hp.kaipoke.biz/4gt/" }, "geometry": { "type": "Point", "coordinates": [ 139.677716576057435, 35.594499608386784 ] } },
{ "type": "Feature", "properties": { "内容": "レッツ倶楽部　三軒茶屋【通所介護】東京都世田谷区三軒茶屋2-36-1プレステージ三軒茶屋101号室", "url": "https://www.kaigokensaku.mhlw.go.jp/13/index.php?action_kouhyou_detail_004_kani=true&JigyosyoCd=1371213925-00&ServiceCd=150&Type=search", "url2": "http://www.lets-club.jp/shop/sangenjaya/" }, "geometry": { "type": "Point", "coordinates": [ 139.66552319021298, 35.640174069147164 ] } },
{ "type": "Feature", "properties": { "内容": "株式会社ケアサービス　デイサービスセンター経堂【通所介護】東京都世田谷区経堂1-5-12", "url": "https://www.kaigokensaku.mhlw.go.jp/13/index.php?action_kouhyou_detail_004_kani=true&JigyosyoCd=1371202860-00&ServiceCd=150&Type=search", "url2": "http://www.care.co.jp/" }, "geometry": { "type": "Point", "coordinates": [ 139.636490200000054, 35.6484634 ] } },
{ "type": "Feature", "properties": { "内容": "ワイズ・パーク芦花公園【通所介護】東京都世田谷区粕谷1-7-26", "url": "https://www.kaigokensaku.mhlw.go.jp/13/index.php?action_kouhyou_detail_004_kani=true&JigyosyoCd=1371214774-00&ServiceCd=150&Type=search", "url2": "http://ys-park.net" }, "geometry": { "type": "Point", "coordinates": [ 139.6123797, 35.6600568 ] } },
{ "type": "Feature", "properties": { "内容": "ワイズパーク芦花公園駅前店【通所介護】東京都世田谷区南烏山3-4-10VIC芦花公園A1階", "url": "https://www.kaigokensaku.mhlw.go.jp/13/index.php?action_kouhyou_detail_004_kani=true&JigyosyoCd=1371216399-00&ServiceCd=150&Type=search", "url2": null }, "geometry": { "type": "Point", "coordinates": [ 139.6082174, 35.6709992 ] } },
{ "type": "Feature", "properties": { "内容": "オハナ明大前【通所介護】東京都世田谷区松原１－５２－２フォレスト杉山１Ｆ", "url": "https://www.kaigokensaku.mhlw.go.jp/13/index.php?action_kouhyou_detail_004_kani=true&JigyosyoCd=1371214386-00&ServiceCd=150&Type=search", "url2": "http://www.tokyu-ohana.jp" }, "geometry": { "type": "Point", "coordinates": [ 139.654052, 35.6700637 ] } },
{ "type": "Feature", "properties": { "内容": "デイサービスセンターパール鉢山【通所介護】東京都渋谷区鉢山町3-27", "url": "https://www.kaigokensaku.mhlw.go.jp/13/index.php?action_kouhyou_detail_004_kani=true&JigyosyoCd=1371300342-00&ServiceCd=150&Type=search", "url2": "http://www.shibuya-pearl.or.Jp" }, "geometry": { "type": "Point", "coordinates": [ 139.698751300000026, 35.6527949 ] } },
{ "type": "Feature", "properties": { "内容": "渋谷区つばめの里・本町東高齢者在宅サービスセンター【通所介護】東京都渋谷区本町3-46-1特別養護老人ホームつばめの里・本町東", "url": "https://www.kaigokensaku.mhlw.go.jp/13/index.php?action_kouhyou_detail_004_kani=true&JigyosyoCd=1371303973-00&ServiceCd=150&Type=search", "url2": "https://www.foryou.or.jp/" }, "geometry": { "type": "Point", "coordinates": [ 139.681996700000013, 35.687439 ] } },
{ "type": "Feature", "properties": { "内容": "渋谷区あやめの苑・代々木【通所介護】東京都渋谷区代々木三丁目35番1号", "url": "https://www.kaigokensaku.mhlw.go.jp/13/index.php?action_kouhyou_detail_004_kani=true&JigyosyoCd=1371300235-00&ServiceCd=150&Type=search", "url2": "https://shibuyaswc.jp" }, "geometry": { "type": "Point", "coordinates": [ 139.693128699999988, 35.6825606 ] } },
{ "type": "Feature", "properties": { "内容": "つるとかめ【通所介護】東京都渋谷区笹塚2-31-8", "url": "https://www.kaigokensaku.mhlw.go.jp/13/index.php?action_kouhyou_detail_004_kani=true&JigyosyoCd=1371300243-00&ServiceCd=150&Type=search", "url2": "http://www.nakato.or.jp" }, "geometry": { "type": "Point", "coordinates": [ 139.663781500000027, 35.674469 ] } },
{ "type": "Feature", "properties": { "内容": "杜の風・上原　デイサービスセンター正吉苑【通所介護】東京都　渋谷区　上原２－２－１７", "url": "https://www.kaigokensaku.mhlw.go.jp/13/index.php?action_kouhyou_detail_004_kani=true&JigyosyoCd=1371302850-00&ServiceCd=150&Type=search", "url2": "http://shoukichi.org" }, "geometry": { "type": "Point", "coordinates": [ 139.684090423278803, 35.667819856911755 ] } },
{ "type": "Feature", "properties": { "内容": "日本赤十字社総合福祉センター　特別養護老人ホーム　レクロス広尾　通所介護事業【通所介護】東京都渋谷区広尾4丁目1番23号日本赤十字社総合福祉センター", "url": "https://www.kaigokensaku.mhlw.go.jp/13/index.php?action_kouhyou_detail_004_kani=true&JigyosyoCd=1371302645-00&ServiceCd=150&Type=search", "url2": "https://hiroo.jrc.or.jp/" }, "geometry": { "type": "Point", "coordinates": [ 139.718940860049429, 35.654550837977659 ] } },
{ "type": "Feature", "properties": { "内容": "渋谷区総合ケアコミュニティー・せせらぎ高齢者在宅サービスセンター【通所介護】東京都渋谷区西原1丁目40番10号", "url": "https://www.kaigokensaku.mhlw.go.jp/13/index.php?action_kouhyou_detail_004_kani=true&JigyosyoCd=1371302728-00&ServiceCd=150&Type=search", "url2": "http://www.foryou.or.jp/" }, "geometry": { "type": "Point", "coordinates": [ 139.681896599999959, 35.6753084 ] } },
{ "type": "Feature", "properties": { "内容": "渋谷区かんなみの杜・渋谷　高齢者在宅サービスセンター【通所介護】東京都渋谷区神南1-8-6", "url": "https://www.kaigokensaku.mhlw.go.jp/13/index.php?action_kouhyou_detail_004_kani=true&JigyosyoCd=1371303809-00&ServiceCd=150&Type=search", "url2": "http://www.enzerufukushikai.or.jp/facility/shibuya/" }, "geometry": { "type": "Point", "coordinates": [ 139.7009631, 35.664177 ] } },
{ "type": "Feature", "properties": { "内容": "デイサービスセンターなごやか代官山【通所介護】東京都渋谷区猿楽町7-1KDX代官山レジデンス1F", "url": "https://www.kaigokensaku.mhlw.go.jp/13/index.php?action_kouhyou_detail_004_kani=true&JigyosyoCd=1371303346-00&ServiceCd=150&Type=search", "url2": "http://www.nagoyaka-link.co.jp/club/daikanyama/" }, "geometry": { "type": "Point", "coordinates": [ 139.700881799999934, 35.6485538 ] } },
{ "type": "Feature", "properties": { "内容": "デイサービスセンターなごやか幡ヶ谷【通所介護】東京都渋谷区幡ヶ谷1-23-17プライムガーデン1Ｆ", "url": "https://www.kaigokensaku.mhlw.go.jp/13/index.php?action_kouhyou_detail_004_kani=true&JigyosyoCd=1371303379-00&ServiceCd=150&Type=search", "url2": "http://www.nagoyaka-link.co.jp/club/hatagaya/" }, "geometry": { "type": "Point", "coordinates": [ 139.674014, 35.6744388 ] } },
{ "type": "Feature", "properties": { "内容": "なごやか参宮橋【通所介護】東京都渋谷区代々木5-42-10藤和参宮橋コープⅡ１Ｆ", "url": "https://www.kaigokensaku.mhlw.go.jp/13/index.php?action_kouhyou_detail_004_kani=true&JigyosyoCd=1371303387-00&ServiceCd=150&Type=search", "url2": "http://club.nagoyaka-link.co.jp/sangubashi/" }, "geometry": { "type": "Point", "coordinates": [ 139.691251, 35.675033 ] } },
{ "type": "Feature", "properties": { "内容": "グッドタイムクラブ・恵比寿【通所介護】東京都渋谷区恵比寿南3-11-25プラウド恵比寿ヒルサイドガーデン", "url": "https://www.kaigokensaku.mhlw.go.jp/13/index.php?action_kouhyou_detail_004_kani=true&JigyosyoCd=1371303718-00&ServiceCd=150&Type=search", "url2": "http://www.japan-lifedesign.com/ebisu/" }, "geometry": { "type": "Point", "coordinates": [ 139.706885714255947, 35.644721446097464 ] } },
{ "type": "Feature", "properties": { "内容": "ツクイ渋谷桜丘【通所介護】東京都渋谷区桜丘町11-8", "url": "https://www.kaigokensaku.mhlw.go.jp/13/index.php?action_kouhyou_detail_004_kani=true&JigyosyoCd=1371303726-00&ServiceCd=150&Type=search", "url2": "https://www.tsukui.net/home-care/2748/" }, "geometry": { "type": "Point", "coordinates": [ 139.701747299999965, 35.6544233 ] } },
{ "type": "Feature", "properties": { "内容": "社会福祉法人奉優会渋谷区ケアステーション笹幡高齢者在宅サービスセンター【通所介護】東京都渋谷区幡ヶ谷2丁目２１番9号", "url": "https://www.kaigokensaku.mhlw.go.jp/13/index.php?action_kouhyou_detail_004_kani=true&JigyosyoCd=1371301894-00&ServiceCd=150&Type=search", "url2": "http://www.foryou.or.jp/facilities/sasahata.html" }, "geometry": { "type": "Point", "coordinates": [ 139.672497300000032, 35.6764468 ] } },
{ "type": "Feature", "properties": { "内容": "社会福祉法人奉優会渋谷区ひがし健康プラザ高齢者在宅サービスセンター【通所介護】東京都渋谷区東3-14-13渋谷区ひがし健康プラザ", "url": "https://www.kaigokensaku.mhlw.go.jp/13/index.php?action_kouhyou_detail_004_kani=true&JigyosyoCd=1371301852-00&ServiceCd=150&Type=search", "url2": "http://higashi.foryou.or.jp/work.php?wid=w014" }, "geometry": { "type": "Point", "coordinates": [ 139.709758700000066, 35.6508455 ] } },
{ "type": "Feature", "properties": { "内容": "弥生高齢者在宅サービスセンター【通所介護】東京都中野区弥生町3-33-8やよいの園", "url": "https://www.kaigokensaku.mhlw.go.jp/13/index.php?action_kouhyou_detail_004_kani=true&JigyosyoCd=1371401587-00&ServiceCd=150&Type=search", "url2": "https://www.foryou.or.jp/facility/yayoi/w015/" }, "geometry": { "type": "Point", "coordinates": [ 139.67434080000001, 35.688849400000016 ] } },
{ "type": "Feature", "properties": { "内容": "レッツ倶楽部中野本町【通所介護】東京都中野区本町３－１－９メゾンド・ルネ1階", "url": "https://www.kaigokensaku.mhlw.go.jp/13/index.php?action_kouhyou_detail_004_kani=true&JigyosyoCd=1371406412-00&ServiceCd=150&Type=search", "url2": "https://www.lets-club.jp/shop/nakanohoncho/" }, "geometry": { "type": "Point", "coordinates": [ 139.677748, 35.6932597 ] } },
{ "type": "Feature", "properties": { "内容": "デイサービス　サザンヒルズ【通所介護】東京都中野区南台2-30-11サザンヒルズ壱番館102号", "url": "https://www.kaigokensaku.mhlw.go.jp/13/index.php?action_kouhyou_detail_004_kani=true&JigyosyoCd=1371406420-00&ServiceCd=150&Type=search", "url2": "https://southern-hills-2.jimdosite.com/" }, "geometry": { "type": "Point", "coordinates": [ 139.6706346, 35.6842642 ] } },
{ "type": "Feature", "properties": { "内容": "中野区かみさぎ高齢者在宅サービスセンター【通所介護】東京都中野区上鷺宮3-17-4", "url": "https://www.kaigokensaku.mhlw.go.jp/13/index.php?action_kouhyou_detail_004_kani=true&JigyosyoCd=1371400514-00&ServiceCd=150&Type=search", "url2": "http://care-net.biz/13/kamisagi/" }, "geometry": { "type": "Point", "coordinates": [ 139.631395600000019, 35.7351951 ] } },
{ "type": "Feature", "properties": { "内容": "弥生ホーム【通所介護】東京都中野区弥生町2-42-2弥生ホーム", "url": "https://www.kaigokensaku.mhlw.go.jp/13/index.php?action_kouhyou_detail_004_kani=true&JigyosyoCd=1371401058-00&ServiceCd=150&Type=search", "url2": "http://www.yayoi-home.com" }, "geometry": { "type": "Point", "coordinates": [ 139.672455, 35.6919505 ] } },
{ "type": "Feature", "properties": { "内容": "デイサービスセンターしらさぎホーム【通所介護】東京都中野区白鷺2-51-5", "url": "https://www.kaigokensaku.mhlw.go.jp/13/index.php?action_kouhyou_detail_004_kani=true&JigyosyoCd=1371401538-00&ServiceCd=150&Type=search", "url2": "https://www.nakano-fj.jp/" }, "geometry": { "type": "Point", "coordinates": [ 139.631982099999959, 35.720019 ] } },
{ "type": "Feature", "properties": { "内容": "デイサービスセンター江古田の森【通所介護】東京都中野区江古田3-14-19", "url": "https://www.kaigokensaku.mhlw.go.jp/13/index.php?action_kouhyou_detail_004_kani=true&JigyosyoCd=1371402858-00&ServiceCd=150&Type=search", "url2": "http://www.kaigo-egota.com/" }, "geometry": { "type": "Point", "coordinates": [ 139.665365, 35.729588 ] } },
{ "type": "Feature", "properties": { "内容": "野方デイサービスセンター【通所介護】東京都中野区野方6-53-8", "url": "https://www.kaigokensaku.mhlw.go.jp/13/index.php?action_kouhyou_detail_004_kani=true&JigyosyoCd=1371401371-00&ServiceCd=150&Type=search", "url2": "https://www.asahi-sun-clean.co.jp/" }, "geometry": { "type": "Point", "coordinates": [ 139.649380400000041, 35.7236578 ] } },
{ "type": "Feature", "properties": { "内容": "ヒューマンライフケア薬師の湯【通所介護】東京都中野区松が丘一丁目33番15号アリススポーツビル1階", "url": "https://www.kaigokensaku.mhlw.go.jp/13/index.php?action_kouhyou_detail_004_kani=true&JigyosyoCd=1371403443-00&ServiceCd=150&Type=search", "url2": "https://kaigo.human-lifecare.jp/facilities/ds008_Yakushi/summary.html" }, "geometry": { "type": "Point", "coordinates": [ 139.672556399999962, 35.7211612 ] } },
{ "type": "Feature", "properties": { "内容": "FRESHWALK【通所介護】東京都中野区南台3-6-17クリスタルコート6F", "url": "https://www.kaigokensaku.mhlw.go.jp/13/index.php?action_kouhyou_detail_004_kani=true&JigyosyoCd=1370405175-00&ServiceCd=150&Type=search", "url2": "http://fresh-walk.com" }, "geometry": { "type": "Point", "coordinates": [ 139.668167087873343, 35.685993887666783 ] } },
{ "type": "Feature", "properties": { "内容": "NPOデイサービスセンター中野の郷ぷりむら【通所介護】東京都中野区南台3丁目6番17号クリスタルコート88　2F", "url": "https://www.kaigokensaku.mhlw.go.jp/13/index.php?action_kouhyou_detail_004_kani=true&JigyosyoCd=1371402312-00&ServiceCd=150&Type=search", "url2": "http://www.nakanonosato.jp/" }, "geometry": { "type": "Point", "coordinates": [ 139.668286099999932, 35.6857761 ] } },
{ "type": "Feature", "properties": { "内容": "老人デイサービスセンターふじみ苑【通所介護】東京都中野区弥生町５－２－１９", "url": "https://www.kaigokensaku.mhlw.go.jp/13/index.php?action_kouhyou_detail_004_kani=true&JigyosyoCd=1371402551-00&ServiceCd=150&Type=search", "url2": "https://care-net.biz/13/carenet/" }, "geometry": { "type": "Point", "coordinates": [ 139.6682194, 35.6869788 ] } },
{ "type": "Feature", "properties": { "内容": "デイサービスセンターゆずりは【通所介護】東京都中野区江原町2-8-2東京総合保健福祉センター江古田の森アネックス・1F", "url": "https://www.kaigokensaku.mhlw.go.jp/13/index.php?action_kouhyou_detail_004_kani=true&JigyosyoCd=1371404391-00&ServiceCd=150&Type=search", "url2": "http://www.kaigo-ｅｇｏｔａ.ｃｏｍ" }, "geometry": { "type": "Point", "coordinates": [ 139.669150800000011, 35.7293825 ] } },
{ "type": "Feature", "properties": { "内容": "やさしい手デイサービス　ゆめふる白鷺店【通所介護】東京都中野区白鷺2-6-24", "url": "https://www.kaigokensaku.mhlw.go.jp/13/index.php?action_kouhyou_detail_004_kani=true&JigyosyoCd=1371404979-00&ServiceCd=150&Type=search", "url2": "https://search.yasashiite.com/detail/tsusyokaigo_shirasagi/" }, "geometry": { "type": "Point", "coordinates": [ 139.6354791, 35.7175332 ] } },
{ "type": "Feature", "properties": { "内容": "東中野ケアーズ【通所介護】東京都中野区東中野2-28-14メディカルコートⅡ　１F", "url": "https://www.kaigokensaku.mhlw.go.jp/13/index.php?action_kouhyou_detail_004_kani=true&JigyosyoCd=1371405448-00&ServiceCd=150&Type=search", "url2": "http://caregiver.co.jp/facility/higashinakano_village.php" }, "geometry": { "type": "Point", "coordinates": [ 139.68115940000007, 35.70587410000001 ] } },
{ "type": "Feature", "properties": { "内容": "ウェルビスタケアスタジオ中野新橋【通所介護】東京都中野区弥生町2-14-14アジュールテラス中野新橋1階", "url": "https://www.kaigokensaku.mhlw.go.jp/13/index.php?action_kouhyou_detail_004_kani=true&JigyosyoCd=1371405828-00&ServiceCd=150&Type=search", "url2": "https://wellbista-cs.com/" }, "geometry": { "type": "Point", "coordinates": [ 139.675767400000041, 35.6915617 ] } },
{ "type": "Feature", "properties": { "内容": "ﾍﾞｽﾄﾘﾊ中野若宮【通所介護】東京都中野区若宮3-6-9都立家政ビル1階", "url": "https://www.kaigokensaku.mhlw.go.jp/13/index.php?action_kouhyou_detail_004_kani=true&JigyosyoCd=1371406040-00&ServiceCd=150&Type=search", "url2": "https://bestreha.com/" }, "geometry": { "type": "Point", "coordinates": [ 139.6454158, 35.7202938 ] } },
{ "type": "Feature", "properties": { "内容": "奉優デイサービス中野【通所介護】東京都中野区中野3－23－47", "url": "https://www.kaigokensaku.mhlw.go.jp/13/index.php?action_kouhyou_detail_004_kani=true&JigyosyoCd=1371406131-00&ServiceCd=150&Type=search", "url2": "https://www.foryou.or.jp/facility/nakano/w139/" }, "geometry": { "type": "Point", "coordinates": [ 139.664121540683738, 35.701634478566838 ] } },
{ "type": "Feature", "properties": { "内容": "らいおんハートリハビリ温泉デイサービス弥生町【通所介護】東京都中野区弥生町3-36-9アゼリア中野101", "url": "https://www.kaigokensaku.mhlw.go.jp/13/index.php?action_kouhyou_detail_004_kani=true&JigyosyoCd=1371406255-00&ServiceCd=150&Type=search", "url2": "http://lion-heart.co/shops/day_service_yayoicho/" }, "geometry": { "type": "Point", "coordinates": [ 139.6744883, 35.6900942 ] } },
{ "type": "Feature", "properties": { "内容": "リハビリデイサービスnagomiプラス中野店【通所介護】東京都中野区本町4-38-17コスモリード新中野1階", "url": "https://www.kaigokensaku.mhlw.go.jp/13/index.php?action_kouhyou_detail_004_kani=true&JigyosyoCd=1371406263-00&ServiceCd=150&Type=search", "url2": "https://ncs.my-nagomi.com" }, "geometry": { "type": "Point", "coordinates": [ 139.669265200000012, 35.6956259 ] } },
{ "type": "Feature", "properties": { "内容": "株式会社　ニチイ学館　ニチイケアセンター中野【通所介護】東京都中野区上高田2-46-6", "url": "https://www.kaigokensaku.mhlw.go.jp/13/index.php?action_kouhyou_detail_004_kani=true&JigyosyoCd=1371401173-00&ServiceCd=150&Type=search", "url2": "http://www.nichiigakkan.co.jp" }, "geometry": { "type": "Point", "coordinates": [ 139.669145636805297, 35.712268643735669 ] } },
{ "type": "Feature", "properties": { "内容": "デイサービスセンターひばり福寿苑【通所介護】東京都中野区本町5-47-10鈴木ビル1F", "url": "https://www.kaigokensaku.mhlw.go.jp/13/index.php?action_kouhyou_detail_004_kani=true&JigyosyoCd=1371403583-00&ServiceCd=150&Type=search", "url2": "http://hibari-care.jp/" }, "geometry": { "type": "Point", "coordinates": [ 139.667560025270063, 35.69357632883878 ] } },
{ "type": "Feature", "properties": { "内容": "グリーンデイ中野鷺宮【通所介護】東京都中野区鷺宮6-28-23グリーンロード鷺宮１階", "url": "https://www.kaigokensaku.mhlw.go.jp/13/index.php?action_kouhyou_detail_004_kani=true&JigyosyoCd=1371404011-00&ServiceCd=150&Type=search", "url2": "https://kaigojapan.co.jp/" }, "geometry": { "type": "Point", "coordinates": [ 139.6280998, 35.726726599999985 ] } },
{ "type": "Feature", "properties": { "内容": "グリーンデイ東中野【通所介護】東京都中野区東中野4-27-39グレースハイツ101", "url": "https://www.kaigokensaku.mhlw.go.jp/13/index.php?action_kouhyou_detail_004_kani=true&JigyosyoCd=1371405752-00&ServiceCd=150&Type=search", "url2": "https://kaigojapan.co.jp/" }, "geometry": { "type": "Point", "coordinates": [ 139.688509556448736, 35.710246924271225 ] } },
{ "type": "Feature", "properties": { "内容": "いろはデイサービス【通所介護】東京都中野区中央3丁目15番4号", "url": "https://www.kaigokensaku.mhlw.go.jp/13/index.php?action_kouhyou_detail_004_kani=true&JigyosyoCd=1371405612-00&ServiceCd=150&Type=search", "url2": null }, "geometry": { "type": "Point", "coordinates": [ 139.6739570122337, 35.701639528586902 ] } },
{ "type": "Feature", "properties": { "内容": "デイサービス　ウェルファー【通所介護】東京都杉並区堀ノ内１－８－１", "url": "https://www.kaigokensaku.mhlw.go.jp/13/index.php?action_kouhyou_detail_004_kani=true&JigyosyoCd=1371504190-00&ServiceCd=150&Type=search", "url2": "http://www.welfare.or.jp" }, "geometry": { "type": "Point", "coordinates": [ 139.653187399999979, 35.6830149 ] } },
{ "type": "Feature", "properties": { "内容": "ふれあいの家　しみず正吉苑【通所介護】東京都杉並区清水３－２２－４", "url": "https://www.kaigokensaku.mhlw.go.jp/13/index.php?action_kouhyou_detail_004_kani=true&JigyosyoCd=1371504224-00&ServiceCd=150&Type=search", "url2": "http://www.shoukichi.org" }, "geometry": { "type": "Point", "coordinates": [ 139.6191361, 35.7169164 ] } },
{ "type": "Feature", "properties": { "内容": "ツクイ杉並下井草【通所介護】東京都杉並区下井草4-31-7", "url": "https://www.kaigokensaku.mhlw.go.jp/13/index.php?action_kouhyou_detail_004_kani=true&JigyosyoCd=1371509132-00&ServiceCd=150&Type=search", "url2": "http://www.tsukui.net" }, "geometry": { "type": "Point", "coordinates": [ 139.619774799999959, 35.7240239 ] } },
{ "type": "Feature", "properties": { "内容": "デイサービスセンター　ほのかおぎくぼ【通所介護】東京都杉並区荻窪3-7-30特別養護老人ホーム　おぎくぼ紫苑", "url": "https://www.kaigokensaku.mhlw.go.jp/13/index.php?action_kouhyou_detail_004_kani=true&JigyosyoCd=1371509405-00&ServiceCd=150&Type=search", "url2": "http://www.outoukai.com" }, "geometry": { "type": "Point", "coordinates": [ 139.625844740644879, 35.698249434196285 ] } },
{ "type": "Feature", "properties": { "内容": "デイサービスセンター和泉【通所介護】東京都杉並区和泉1-52-101Ｆ", "url": "https://www.kaigokensaku.mhlw.go.jp/13/index.php?action_kouhyou_detail_004_kani=true&JigyosyoCd=1371505908-00&ServiceCd=150&Type=search", "url2": "https://www.care.co.jp/" }, "geometry": { "type": "Point", "coordinates": [ 139.6543163, 35.676209299999989 ] } },
{ "type": "Feature", "properties": { "内容": "せらび荻窪デイサービス【通所介護】東京都杉並区今川4-8-8", "url": "https://www.kaigokensaku.mhlw.go.jp/13/index.php?action_kouhyou_detail_004_kani=true&JigyosyoCd=1371506021-00&ServiceCd=150&Type=search", "url2": "https://solasto-kaigo.com/service/dayservice/ogikubo" }, "geometry": { "type": "Point", "coordinates": [ 139.5982246, 35.71545 ] } },
{ "type": "Feature", "properties": { "内容": "イノセント高円寺デイサービスセンター【通所介護】東京都杉並区高円寺南5丁目20番3号田中ビル1階", "url": "https://www.kaigokensaku.mhlw.go.jp/13/index.php?action_kouhyou_detail_004_kani=true&JigyosyoCd=1371511666-00&ServiceCd=150&Type=search", "url2": null }, "geometry": { "type": "Point", "coordinates": [ 139.6554454, 35.7025437 ] } },
{ "type": "Feature", "properties": { "内容": "ニチイケアセンター荻窪【通所介護】東京都杉並区荻窪1-15-13", "url": "https://www.kaigokensaku.mhlw.go.jp/13/index.php?action_kouhyou_detail_004_kani=true&JigyosyoCd=1371509041-00&ServiceCd=150&Type=search", "url2": "http://www.nichiigakkan.co.jp/" }, "geometry": { "type": "Point", "coordinates": [ 139.622041314602711, 35.69426689386087 ] } },
{ "type": "Feature", "properties": { "内容": "デイサービスセンターエンゼルヘルプ方南【通所介護】東京都杉並区方南2-6-28", "url": "https://www.kaigokensaku.mhlw.go.jp/13/index.php?action_kouhyou_detail_004_kani=true&JigyosyoCd=1371510809-00&ServiceCd=150&Type=search", "url2": "http://www.enzeru.co.jp" }, "geometry": { "type": "Point", "coordinates": [ 139.659298800000016, 35.680543600000014 ] } },
{ "type": "Feature", "properties": { "内容": "ゆめふる天沼店【通所介護】東京都杉並区本天沼3-44-12ノーベルコート1階", "url": "https://www.kaigokensaku.mhlw.go.jp/13/index.php?action_kouhyou_detail_004_kani=true&JigyosyoCd=1371500834-00&ServiceCd=150&Type=search", "url2": "http://www.yasashiite.com/" }, "geometry": { "type": "Point", "coordinates": [ 139.6237774, 35.7173831 ] } },
{ "type": "Feature", "properties": { "内容": "デイサービス太陽【通所介護】東京都杉並区西荻南４－２７－８", "url": "https://www.kaigokensaku.mhlw.go.jp/13/index.php?action_kouhyou_detail_004_kani=true&JigyosyoCd=1371502020-00&ServiceCd=150&Type=search", "url2": "http://mcsyamanaka.co.jp/" }, "geometry": { "type": "Point", "coordinates": [ 139.606709433126611, 35.70359490368719 ] } },
{ "type": "Feature", "properties": { "内容": "デイサービスヨウコー阿佐ヶ谷【通所介護】東京都杉並区成田東5-35-15ザ・プラザFビル　１階", "url": "https://www.kaigokensaku.mhlw.go.jp/13/index.php?action_kouhyou_detail_004_kani=true&JigyosyoCd=1371502608-00&ServiceCd=150&Type=search", "url2": "https:/kaigo-youko.com/ds_asagaya.html" }, "geometry": { "type": "Point", "coordinates": [ 139.633735399999978, 35.6998712 ] } },
{ "type": "Feature", "properties": { "内容": "株式会社ケアサービス　デイサービスセンター方南町【通所介護】東京都杉並区方南2-12-26", "url": "https://www.kaigokensaku.mhlw.go.jp/13/index.php?action_kouhyou_detail_004_kani=true&JigyosyoCd=1371502707-00&ServiceCd=150&Type=search", "url2": "http://www.care.co.jp/" }, "geometry": { "type": "Point", "coordinates": [ 139.658101, 35.6830151 ] } },
{ "type": "Feature", "properties": { "内容": "高齢者在宅サービスセンター和田ふれあいの家【通所介護】東京都杉並区和田3-52-4", "url": "https://www.kaigokensaku.mhlw.go.jp/13/index.php?action_kouhyou_detail_004_kani=true&JigyosyoCd=1371503044-00&ServiceCd=150&Type=search", "url2": "http://www.3friends.or.jp/" }, "geometry": { "type": "Point", "coordinates": [ 139.654706, 35.6963439 ] } },
{ "type": "Feature", "properties": { "内容": "和泉ふれあいの家【通所介護】東京都杉並区和泉4-40-31和泉ふれあいの家", "url": "https://www.kaigokensaku.mhlw.go.jp/13/index.php?action_kouhyou_detail_004_kani=true&JigyosyoCd=1371503051-00&ServiceCd=150&Type=search", "url2": "https://www.3friends.or.jp" }, "geometry": { "type": "Point", "coordinates": [ 139.65668530396681, 35.679698870179706 ] } },
{ "type": "Feature", "properties": { "内容": "高齢者在宅サービスセンター松ノ木ふれあいの家【通所介護】東京都杉並区松ノ木2-14-3", "url": "https://www.kaigokensaku.mhlw.go.jp/13/index.php?action_kouhyou_detail_004_kani=true&JigyosyoCd=1371503069-00&ServiceCd=150&Type=search", "url2": "http://www.3friends.or.jp" }, "geometry": { "type": "Point", "coordinates": [ 139.6416074, 35.6902362 ] } },
{ "type": "Feature", "properties": { "内容": "デイサービスセンターしもいぐさ正吉苑【通所介護】東京都杉並区下井草4-23-11", "url": "https://www.kaigokensaku.mhlw.go.jp/13/index.php?action_kouhyou_detail_004_kani=true&JigyosyoCd=1371504216-00&ServiceCd=150&Type=search", "url2": "http://www.shoukichi.org/" }, "geometry": { "type": "Point", "coordinates": [ 139.620495827786272, 35.721951819118601 ] } },
{ "type": "Feature", "properties": { "内容": "高齢者在宅サービスセンター松渓ふれあいの家【通所介護】東京都杉並区荻窪2-3-1", "url": "https://www.kaigokensaku.mhlw.go.jp/13/index.php?action_kouhyou_detail_004_kani=true&JigyosyoCd=1371504232-00&ServiceCd=150&Type=search", "url2": "https://npo-ikigai.webnode.jp" }, "geometry": { "type": "Point", "coordinates": [ 139.621337405418444, 35.696018170979777 ] } },
{ "type": "Feature", "properties": { "内容": "社会福祉法人　奉優会　デイホーム高円寺北ふれあいの家【通所介護】東京都杉並区高円寺北３－２０－８", "url": "https://www.kaigokensaku.mhlw.go.jp/13/index.php?action_kouhyou_detail_004_kani=true&JigyosyoCd=1371504240-00&ServiceCd=150&Type=search", "url2": "http://www.foryou.or.jp" }, "geometry": { "type": "Point", "coordinates": [ 139.648667100000011, 35.7068733 ] } },
{ "type": "Feature", "properties": { "内容": "社会福祉法人奉優会　デイホーム宮前ふれあいの家【通所介護】東京都杉並区宮前5-17-15", "url": "https://www.kaigokensaku.mhlw.go.jp/13/index.php?action_kouhyou_detail_004_kani=true&JigyosyoCd=1371505247-00&ServiceCd=150&Type=search", "url2": "http://miyamae.foryou.or.jp/" }, "geometry": { "type": "Point", "coordinates": [ 139.602237150262482, 35.695279094215685 ] } },
{ "type": "Feature", "properties": { "内容": "エンジョイ音楽デイサービスひばり高円寺【通所介護】東京都杉並区高円寺南１－２２－２０クレッセント東高円寺102号", "url": "https://www.kaigokensaku.mhlw.go.jp/13/index.php?action_kouhyou_detail_004_kani=true&JigyosyoCd=1371505593-00&ServiceCd=150&Type=search", "url2": "http://hibari-care.jp/" }, "geometry": { "type": "Point", "coordinates": [ 139.658097199999929, 35.7000102 ] } },
{ "type": "Feature", "properties": { "内容": "川内デイサービス【通所介護】東京都杉並区堀ノ内３－５２－２２", "url": "https://www.kaigokensaku.mhlw.go.jp/13/index.php?action_kouhyou_detail_004_kani=true&JigyosyoCd=1371505601-00&ServiceCd=150&Type=search", "url2": "https://kawauchi-day.co.jp/" }, "geometry": { "type": "Point", "coordinates": [ 139.653978400000028, 35.6936276 ] } },
{ "type": "Feature", "properties": { "内容": "株式会社ケアサービス　デイサービスセンター久我山【通所介護】東京都杉並区久我山5-24-30", "url": "https://www.kaigokensaku.mhlw.go.jp/13/index.php?action_kouhyou_detail_004_kani=true&JigyosyoCd=1371505866-00&ServiceCd=150&Type=search", "url2": "http://www.care.co.jp/" }, "geometry": { "type": "Point", "coordinates": [ 139.608179699999937, 35.6871164 ] } },
{ "type": "Feature", "properties": { "内容": "パナソニック　エイジフリーケアセンター荻窪・デイサービス【通所介護】東京都杉並区上荻1-18-6シェモア荻窪デ・プレ１階", "url": "https://www.kaigokensaku.mhlw.go.jp/13/index.php?action_kouhyou_detail_004_kani=true&JigyosyoCd=1371506252-00&ServiceCd=150&Type=search", "url2": "http://www.net-kaigo.com" }, "geometry": { "type": "Point", "coordinates": [ 139.617806, 35.7059204 ] } },
{ "type": "Feature", "properties": { "内容": "デイサービスみどりの杉並【通所介護】東京都杉並区大宮1-1-11ドリーム池1階", "url": "https://www.kaigokensaku.mhlw.go.jp/13/index.php?action_kouhyou_detail_004_kani=true&JigyosyoCd=1371508019-00&ServiceCd=150&Type=search", "url2": null }, "geometry": { "type": "Point", "coordinates": [ 139.6462048, 35.6827368 ] } },
{ "type": "Feature", "properties": { "内容": "デイサービス　ビーステップ井草【通所介護】東京都杉並区井草５－１０－２２", "url": "https://www.kaigokensaku.mhlw.go.jp/13/index.php?action_kouhyou_detail_004_kani=true&JigyosyoCd=1371508076-00&ServiceCd=150&Type=search", "url2": "https://bestep.co.jp/" }, "geometry": { "type": "Point", "coordinates": [ 139.6076425, 35.7257372 ] } },
{ "type": "Feature", "properties": { "内容": "社会福祉法人八成グループ高齢者在宅サービスセンター八成ふれあいの家【通所介護】東京都杉並区井草1-40-16", "url": "https://www.kaigokensaku.mhlw.go.jp/13/index.php?action_kouhyou_detail_004_kani=true&JigyosyoCd=1371508746-00&ServiceCd=150&Type=search", "url2": "http://care-net.biz/13/8nari/" }, "geometry": { "type": "Point", "coordinates": [ 139.622162307162483, 35.728572873972425 ] } },
{ "type": "Feature", "properties": { "内容": "ステップぱーとなー芦花公園【通所介護】東京都杉並区上高井戸1-18-10パール川内1階　101号室", "url": "https://www.kaigokensaku.mhlw.go.jp/13/index.php?action_kouhyou_detail_004_kani=true&JigyosyoCd=1371509066-00&ServiceCd=150&Type=search", "url2": null }, "geometry": { "type": "Point", "coordinates": [ 139.609885599999984, 35.6715984 ] } },
{ "type": "Feature", "properties": { "内容": "デイサービスセンターなごやか杉並【通所介護】東京都杉並区高円寺南５－６－４秀真コーポ1階", "url": "https://www.kaigokensaku.mhlw.go.jp/13/index.php?action_kouhyou_detail_004_kani=true&JigyosyoCd=1371509199-00&ServiceCd=150&Type=search", "url2": "http://www.nagoyaka-link.co.jp" }, "geometry": { "type": "Point", "coordinates": [ 139.655169500000056, 35.7018322 ] } },
{ "type": "Feature", "properties": { "内容": "スギコーデイサロン荻窪【通所介護】東京都杉並区上荻１－２２－１８荻窪ビル1Ｆ", "url": "https://www.kaigokensaku.mhlw.go.jp/13/index.php?action_kouhyou_detail_004_kani=true&JigyosyoCd=1371509256-00&ServiceCd=150&Type=search", "url2": "http://sugiko-welfare.com/" }, "geometry": { "type": "Point", "coordinates": [ 139.616256199999953, 35.70601480000002 ] } },
{ "type": "Feature", "properties": { "内容": "スギコーデイサロン浜田山【通所介護】東京都杉並区浜田山3-6-22リバーファーム", "url": "https://www.kaigokensaku.mhlw.go.jp/13/index.php?action_kouhyou_detail_004_kani=true&JigyosyoCd=1371509330-00&ServiceCd=150&Type=search", "url2": "http://www.sugikho.co.jp" }, "geometry": { "type": "Point", "coordinates": [ 139.634777799999938, 35.680576 ] } },
{ "type": "Feature", "properties": { "内容": "堀ノ内ビレッジ【通所介護】東京都杉並区堀ノ内3-4-12シルバーピア1F", "url": "https://www.kaigokensaku.mhlw.go.jp/13/index.php?action_kouhyou_detail_004_kani=true&JigyosyoCd=1371509579-00&ServiceCd=150&Type=search", "url2": "http://caregiver.co.jp/facility/horinouchi_village.php" }, "geometry": { "type": "Point", "coordinates": [ 139.65200649999997, 35.6905418 ] } },
{ "type": "Feature", "properties": { "内容": "リハビリほっとステーション　デイサービスヨウコー善福寺【通所介護】東京都杉並区上井草4-6-4シィームドメゾン善福寺", "url": "https://www.kaigokensaku.mhlw.go.jp/13/index.php?action_kouhyou_detail_004_kani=true&JigyosyoCd=1371509603-00&ServiceCd=150&Type=search", "url2": "https://rehabili-youko/com" }, "geometry": { "type": "Point", "coordinates": [ 139.594460600000048, 35.717885 ] } },
{ "type": "Feature", "properties": { "内容": "デイサービス夢楽井荻【通所介護】東京都杉並区井草4-6-20ライフ＆シニアハウス井草ビル１F", "url": "https://www.kaigokensaku.mhlw.go.jp/13/index.php?action_kouhyou_detail_004_kani=true&JigyosyoCd=1371510247-00&ServiceCd=150&Type=search", "url2": "http://yumeraku.net/iogi/" }, "geometry": { "type": "Point", "coordinates": [ 139.612673099999938, 35.7255765 ] } },
{ "type": "Feature", "properties": { "内容": "リハビリデイすまいるウォーク杉並【通所介護】東京都杉並区松ノ木2-39-7サットンプレイス松ノ木1F", "url": "https://www.kaigokensaku.mhlw.go.jp/13/index.php?action_kouhyou_detail_004_kani=true&JigyosyoCd=1371510478-00&ServiceCd=150&Type=search", "url2": "https://wamu-care.co.jp" }, "geometry": { "type": "Point", "coordinates": [ 139.642623500000013, 35.6915472 ] } },
{ "type": "Feature", "properties": { "内容": "リハビリデイサービスnagomiプラス高井戸店【通所介護】東京都杉並区上高井戸2-1-15上高井戸マンション1階", "url": "https://www.kaigokensaku.mhlw.go.jp/13/index.php?action_kouhyou_detail_004_kani=true&JigyosyoCd=1371510999-00&ServiceCd=150&Type=search", "url2": "https://ncs.my-nagomi.com" }, "geometry": { "type": "Point", "coordinates": [ 139.613735600000041, 35.6758768 ] } },
{ "type": "Feature", "properties": { "内容": "ビーナスプラス下井草【通所介護】東京都杉並区下井草3丁目4番地23号下井草パレス1階", "url": "https://www.kaigokensaku.mhlw.go.jp/13/index.php?action_kouhyou_detail_004_kani=true&JigyosyoCd=1371511096-00&ServiceCd=150&Type=search", "url2": "https://www.venus-comrade.co.jp/office/plus_shimoigusa/" }, "geometry": { "type": "Point", "coordinates": [ 139.62628220000002, 35.71892010000002 ] } },
{ "type": "Feature", "properties": { "内容": "らいおんハートデイサービスプレミアム杉並【通所介護】東京都杉並区和泉1-38-3河西ビル１F", "url": "https://www.kaigokensaku.mhlw.go.jp/13/index.php?action_kouhyou_detail_004_kani=true&JigyosyoCd=1371511237-00&ServiceCd=150&Type=search", "url2": "https://lion-heart.co/shops/day_service_p-suginami/" }, "geometry": { "type": "Point", "coordinates": [ 139.6574218, 35.6779432 ] } },
{ "type": "Feature", "properties": { "内容": "NPO法人デイサービスセンター夢の飛行船【通所介護】東京都杉並区高円寺南3-48-5", "url": "https://www.kaigokensaku.mhlw.go.jp/13/index.php?action_kouhyou_detail_004_kani=true&JigyosyoCd=1371503838-00&ServiceCd=150&Type=search", "url2": "http://yumenohikousen.jp" }, "geometry": { "type": "Point", "coordinates": [ 139.646920099999988, 35.7037375 ] } },
{ "type": "Feature", "properties": { "内容": "デイホームにんじん・荻窪ふれあいの家【通所介護】東京都杉並区荻窪２－２９－３", "url": "https://www.kaigokensaku.mhlw.go.jp/13/index.php?action_kouhyou_detail_004_kani=true&JigyosyoCd=1371504794-00&ServiceCd=150&Type=search", "url2": "http://www.ninjin.or.jp" }, "geometry": { "type": "Point", "coordinates": [ 139.618386800000053, 35.6966047 ] } },
{ "type": "Feature", "properties": { "内容": "デイサービス　ヨウコー高井戸【通所介護】東京都杉並区高井戸西１－２－１０セントーレア高井戸１０１", "url": "https://www.kaigokensaku.mhlw.go.jp/13/index.php?action_kouhyou_detail_004_kani=true&JigyosyoCd=1371507284-00&ServiceCd=150&Type=search", "url2": "https://rehabili-youko.com/" }, "geometry": { "type": "Point", "coordinates": [ 139.612515700000017, 35.6785117 ] } },
{ "type": "Feature", "properties": { "内容": "SOMPOケア高井戸デイサービス【通所介護】東京都杉並区上高井戸3-6-9ベルシャトウ上高井戸1階", "url": "https://www.kaigokensaku.mhlw.go.jp/13/index.php?action_kouhyou_detail_004_kani=true&JigyosyoCd=1371509967-00&ServiceCd=150&Type=search", "url2": "https://www.sompocare.com/service/zaitaku/dayservice/Z000151" }, "geometry": { "type": "Point", "coordinates": [ 139.617423599999938, 35.6756843 ] } },
{ "type": "Feature", "properties": { "内容": "NANAIROCOOKINGSTUDIO杉並宮前【通所介護】東京都杉並区宮前3-2-3", "url": "https://www.kaigokensaku.mhlw.go.jp/13/index.php?action_kouhyou_detail_004_kani=true&JigyosyoCd=1371511542-00&ServiceCd=150&Type=search", "url2": "http://www.sykz.co.jp" }, "geometry": { "type": "Point", "coordinates": [ 139.6088035, 35.6930006 ] } },
{ "type": "Feature", "properties": { "内容": "言語生活サポートセンター【通所介護】東京都杉並区荻窪５−２０−１７Mパラッツォ4F", "url": "https://www.kaigokensaku.mhlw.go.jp/13/index.php?action_kouhyou_detail_004_kani=true&JigyosyoCd=1371511641-00&ServiceCd=150&Type=search", "url2": "https://gengoseikastu.jimdoweb.com/" }, "geometry": { "type": "Point", "coordinates": [ 139.620684399999988, 35.7022144 ] } },
{ "type": "Feature", "properties": { "内容": "デイサービスセンターもも寿荻窪【通所介護】東京都杉並区桃井１丁目１３番１５号オカベ荻窪マンション１階", "url": "https://www.kaigokensaku.mhlw.go.jp/13/index.php?action_kouhyou_detail_004_kani=true&JigyosyoCd=1371511708-00&ServiceCd=150&Type=search", "url2": null }, "geometry": { "type": "Point", "coordinates": [ 139.614577700000012, 35.7108202 ] } },
{ "type": "Feature", "properties": { "内容": "デイホーム南池袋【通所介護】東京都豊島区南池袋3-7-8オリナスふくろうの杜", "url": "https://www.kaigokensaku.mhlw.go.jp/13/index.php?action_kouhyou_detail_004_kani=true&JigyosyoCd=1371602432-00&ServiceCd=150&Type=search", "url2": "http://www.keisinen.or.jp/ikebukuro/dayhome/index.html" }, "geometry": { "type": "Point", "coordinates": [ 139.712089171163939, 35.723398672459552 ] } },
{ "type": "Feature", "properties": { "内容": "高齢者在宅サービスセンター菊かおる園【通所介護】東京都豊島区西巣鴨２丁目３０番地１９号", "url": "https://www.kaigokensaku.mhlw.go.jp/13/index.php?action_kouhyou_detail_004_kani=true&JigyosyoCd=1371602507-00&ServiceCd=150&Type=search", "url2": "https://toshimaj.or.jp/facilities/kikukaorusono" }, "geometry": { "type": "Point", "coordinates": [ 139.728478600000017, 35.7393251 ] } },
{ "type": "Feature", "properties": { "内容": "高齢者在宅サービスセンター風かおる里【通所介護】東京都豊島区南長崎6－15－6", "url": "https://www.kaigokensaku.mhlw.go.jp/13/index.php?action_kouhyou_detail_004_kani=true&JigyosyoCd=1371605971-00&ServiceCd=150&Type=search", "url2": "https://www.toshimaj.or.jp/kourei/k_shisetsu/s_kaze/" }, "geometry": { "type": "Point", "coordinates": [ 139.6790938, 35.7309817 ] } },
{ "type": "Feature", "properties": { "内容": "池袋ほんちょうの郷高齢者在宅サービスセンター【通所介護】東京都豊島区池袋本町1-29-12", "url": "https://www.kaigokensaku.mhlw.go.jp/13/index.php?action_kouhyou_detail_004_kani=true&JigyosyoCd=1371600667-00&ServiceCd=150&Type=search", "url2": "http://www.frontier-sw.or.jp/" }, "geometry": { "type": "Point", "coordinates": [ 139.714873184686212, 35.739767164434966 ] } },
{ "type": "Feature", "properties": { "内容": "高齢者在宅サービスセンター山吹の里【通所介護】東京都豊島区高田三丁目37番17号", "url": "https://www.kaigokensaku.mhlw.go.jp/13/index.php?action_kouhyou_detail_004_kani=true&JigyosyoCd=1371602317-00&ServiceCd=150&Type=search", "url2": "http://www.frontier-sw.or.jp/" }, "geometry": { "type": "Point", "coordinates": [ 139.710525433729572, 35.715983245190905 ] } },
{ "type": "Feature", "properties": { "内容": "さわやかケアポートとしま・デイサービス【通所介護】東京都豊島区北大塚1－12－15", "url": "https://www.kaigokensaku.mhlw.go.jp/13/index.php?action_kouhyou_detail_004_kani=true&JigyosyoCd=1371603000-00&ServiceCd=150&Type=search", "url2": "http://www.welcia-partners.co.jp" }, "geometry": { "type": "Point", "coordinates": [ 139.732631399999946, 35.7322481 ] } },
{ "type": "Feature", "properties": { "内容": "高齢者在宅サービスセンターアトリエ村【通所介護】東京都豊島区長崎４－２３－１", "url": "https://www.kaigokensaku.mhlw.go.jp/13/index.php?action_kouhyou_detail_004_kani=true&JigyosyoCd=1371602465-00&ServiceCd=150&Type=search", "url2": "https://www.toshimaj.or.jp" }, "geometry": { "type": "Point", "coordinates": [ 139.686266, 35.7303214 ] } },
{ "type": "Feature", "properties": { "内容": "デイサービスヨウコー駒込【通所介護】東京都文京区本駒込5-32-8", "url": "https://www.kaigokensaku.mhlw.go.jp/13/index.php?action_kouhyou_detail_004_kani=true&JigyosyoCd=1370501742-00&ServiceCd=150&Type=search", "url2": "http://rehabili-youko.com/" }, "geometry": { "type": "Point", "coordinates": [ 139.752496800000017, 35.7331425 ] } },
{ "type": "Feature", "properties": { "内容": "株式会社ケアサービス　デイサービスセンター要町【通所介護】東京都豊島区池袋3-21-9大明ビル1階", "url": "https://www.kaigokensaku.mhlw.go.jp/13/index.php?action_kouhyou_detail_004_kani=true&JigyosyoCd=1371602754-00&ServiceCd=150&Type=search", "url2": "http://www.care.co.jp/" }, "geometry": { "type": "Point", "coordinates": [ 139.703828, 35.7354245 ] } },
{ "type": "Feature", "properties": { "内容": "憩いの里　いけぶくろ【通所介護】東京都豊島区池袋本町４丁目３０番地１５号", "url": "https://www.kaigokensaku.mhlw.go.jp/13/index.php?action_kouhyou_detail_004_kani=true&JigyosyoCd=1371602846-00&ServiceCd=150&Type=search", "url2": "http://www.ikoinosato.co.jp" }, "geometry": { "type": "Point", "coordinates": [ 139.716298530688533, 35.743746644525331 ] } },
{ "type": "Feature", "properties": { "内容": "コンチェルト目白デイサービスセンター【通所介護】東京都豊島区目白4-29-5コンフォール目白1F", "url": "https://www.kaigokensaku.mhlw.go.jp/13/index.php?action_kouhyou_detail_004_kani=true&JigyosyoCd=1371603174-00&ServiceCd=150&Type=search", "url2": "https://sites.google.com/view/concertocare" }, "geometry": { "type": "Point", "coordinates": [ 139.697754, 35.7256391 ] } },
{ "type": "Feature", "properties": { "内容": "健遊館　地蔵場【通所介護】東京都豊島区千早1－17－8", "url": "https://www.kaigokensaku.mhlw.go.jp/13/index.php?action_kouhyou_detail_004_kani=true&JigyosyoCd=1371603984-00&ServiceCd=150&Type=search", "url2": "http://jizouyu.kenyu.co.jp/" }, "geometry": { "type": "Point", "coordinates": [ 139.69707040000003, 35.7318412 ] } },
{ "type": "Feature", "properties": { "内容": "めぐリハビリデイサービス大塚【通所介護】東京都豊島区北大塚3-25-16伊納ビル1階", "url": "https://www.kaigokensaku.mhlw.go.jp/13/index.php?action_kouhyou_detail_004_kani=true&JigyosyoCd=1371605443-00&ServiceCd=150&Type=search", "url2": "http://megu-group.com/" }, "geometry": { "type": "Point", "coordinates": [ 139.72586780000006, 35.734309 ] } },
{ "type": "Feature", "properties": { "内容": "リハビリデイサービスnagomiプラス千川店【通所介護】東京都豊島区千早4-2-6星野コーポ／1階", "url": "https://www.kaigokensaku.mhlw.go.jp/13/index.php?action_kouhyou_detail_004_kani=true&JigyosyoCd=1371605468-00&ServiceCd=150&Type=search", "url2": "https://ncs.my-nagomi.com" }, "geometry": { "type": "Point", "coordinates": [ 139.683843600000046, 35.7364929 ] } },
{ "type": "Feature", "properties": { "内容": "ベストリハ大塚【通所介護】東京都豊島区北大塚2-19-2インプルーブ大塚1階", "url": "https://www.kaigokensaku.mhlw.go.jp/13/index.php?action_kouhyou_detail_004_kani=true&JigyosyoCd=1371605799-00&ServiceCd=150&Type=search", "url2": null }, "geometry": { "type": "Point", "coordinates": [ 139.7271878, 35.7341367 ] } },
{ "type": "Feature", "properties": { "内容": "グリーンデイ南長崎【通所介護】東京都豊島区南長崎5-8-12TARO'SHOUSEビル1F", "url": "https://www.kaigokensaku.mhlw.go.jp/13/index.php?action_kouhyou_detail_004_kani=true&JigyosyoCd=1371605898-00&ServiceCd=150&Type=search", "url2": "https://kaigojapan.co.jp/" }, "geometry": { "type": "Point", "coordinates": [ 139.6822962, 35.7276184 ] } },
{ "type": "Feature", "properties": { "内容": "アースサポート池袋【通所介護】東京都豊島区上池袋1丁目10番5号", "url": "https://www.kaigokensaku.mhlw.go.jp/13/index.php?action_kouhyou_detail_004_kani=true&JigyosyoCd=1371604065-00&ServiceCd=150&Type=search", "url2": "https://www.earthsupport.co.jp/" }, "geometry": { "type": "Point", "coordinates": [ 139.7190349, 35.7352754 ] } },
{ "type": "Feature", "properties": { "内容": "デイサービスサナサンテ大塚【通所介護】東京都豊島区南大塚2-42-9金子ビル1階", "url": "https://www.kaigokensaku.mhlw.go.jp/13/index.php?action_kouhyou_detail_004_kani=true&JigyosyoCd=1371606235-00&ServiceCd=150&Type=search", "url2": null }, "geometry": { "type": "Point", "coordinates": [ 139.7297194, 35.7302112 ] } },
{ "type": "Feature", "properties": { "内容": "レッツ倶楽部　王子神谷【通所介護】東京都北区豊島6-8-10", "url": "https://www.kaigokensaku.mhlw.go.jp/13/index.php?action_kouhyou_detail_004_kani=true&JigyosyoCd=1371706514-00&ServiceCd=150&Type=search", "url2": "http://www.lets-club.jp/shop/ojikamiya/" }, "geometry": { "type": "Point", "coordinates": [ 139.745281564418093, 35.7645921 ] } },
{ "type": "Feature", "properties": { "内容": "リハビリデイSＫiＰ【通所介護】東京都北区豊島８−４−１０丸菱ビル１階", "url": "https://www.kaigokensaku.mhlw.go.jp/13/index.php?action_kouhyou_detail_004_kani=true&JigyosyoCd=1371705904-00&ServiceCd=150&Type=search", "url2": "https://skip.tokyo/" }, "geometry": { "type": "Point", "coordinates": [ 139.740082199999989, 35.764970200000022 ] } },
{ "type": "Feature", "properties": { "内容": "ウエルガーデン西が丘園【通所介護】東京都北区西が丘3‐16‐27", "url": "https://www.kaigokensaku.mhlw.go.jp/13/index.php?action_kouhyou_detail_004_kani=true&JigyosyoCd=1371700285-00&ServiceCd=150&Type=search", "url2": "http://www.welgarden.or.jp/nishigaokaen/" }, "geometry": { "type": "Point", "coordinates": [ 139.706860099999972, 35.7672713 ] } },
{ "type": "Feature", "properties": { "内容": "高齢者在宅サービスセンター王子光照苑【通所介護】東京都北区王子３丁目３番１号", "url": "https://www.kaigokensaku.mhlw.go.jp/13/index.php?action_kouhyou_detail_004_kani=true&JigyosyoCd=1371700731-00&ServiceCd=150&Type=search", "url2": "https://o-kousyoen.com" }, "geometry": { "type": "Point", "coordinates": [ 139.732963599999948, 35.7604423 ] } },
{ "type": "Feature", "properties": { "内容": "北区立高齢者在宅サービスセンター桐ケ丘やまぶき荘【通所介護】東京都北区桐ケ丘1-16-26", "url": "https://www.kaigokensaku.mhlw.go.jp/13/index.php?action_kouhyou_detail_004_kani=true&JigyosyoCd=1371703297-00&ServiceCd=150&Type=search", "url2": "http://www.seirouin.or.jp/yamabuki/" }, "geometry": { "type": "Point", "coordinates": [ 139.70689594745636, 35.778584688402802 ] } },
{ "type": "Feature", "properties": { "内容": "赤羽北さくら荘デイサービスセンター【通所介護】東京都北区赤羽北3-6-10", "url": "https://www.kaigokensaku.mhlw.go.jp/13/index.php?action_kouhyou_detail_004_kani=true&JigyosyoCd=1371703339-00&ServiceCd=150&Type=search", "url2": "https://www.ak-sakurasou.org/" }, "geometry": { "type": "Point", "coordinates": [ 139.707029733126774, 35.783033192278751 ] } },
{ "type": "Feature", "properties": { "内容": "東京都北区立高齢者在宅サービスセンター清水坂あじさい荘【通所介護】東京都北区中十条4-16-32", "url": "https://www.kaigokensaku.mhlw.go.jp/13/index.php?action_kouhyou_detail_004_kani=true&JigyosyoCd=1371703453-00&ServiceCd=150&Type=search", "url2": "http://www.kitajigyo.com" }, "geometry": { "type": "Point", "coordinates": [ 139.722686587766248, 35.769490497126995 ] } },
{ "type": "Feature", "properties": { "内容": "デイサービスセンターあすか【通所介護】東京都北区西ヶ原4-51-1", "url": "https://www.kaigokensaku.mhlw.go.jp/13/index.php?action_kouhyou_detail_004_kani=true&JigyosyoCd=1371704238-00&ServiceCd=150&Type=search", "url2": "http://www.asuka-seizanen.com" }, "geometry": { "type": "Point", "coordinates": [ 139.735894700000017, 35.741436 ] } },
{ "type": "Feature", "properties": { "内容": "みずべの苑デイサービス【通所介護】東京都北区志茂3-6-13", "url": "https://www.kaigokensaku.mhlw.go.jp/13/index.php?action_kouhyou_detail_004_kani=true&JigyosyoCd=1371701408-00&ServiceCd=150&Type=search", "url2": "http://www.urara.or.jp" }, "geometry": { "type": "Point", "coordinates": [ 139.735998800000061, 35.7769597 ] } },
{ "type": "Feature", "properties": { "内容": "赤羽整形リハビリデイサービス【通所介護】東京都北区赤羽西1丁目34番2号玉川ビル2Ｆ", "url": "https://www.kaigokensaku.mhlw.go.jp/13/index.php?action_kouhyou_detail_004_kani=true&JigyosyoCd=1371704410-00&ServiceCd=150&Type=search", "url2": "https://akabaneseikei-ds.jp" }, "geometry": { "type": "Point", "coordinates": [ 139.7179853, 35.7771746 ] } },
{ "type": "Feature", "properties": { "内容": "新町光陽苑デイサービスセンター【通所介護】東京都北区田端新町2丁目27番16号", "url": "https://www.kaigokensaku.mhlw.go.jp/13/index.php?action_kouhyou_detail_004_kani=true&JigyosyoCd=1371705466-00&ServiceCd=150&Type=search", "url2": "https://senyoukai.or.jp/" }, "geometry": { "type": "Point", "coordinates": [ 139.767833325794982, 35.740551350349563 ] } },
{ "type": "Feature", "properties": { "内容": "高齢者在宅サービスセンター上中里つつじ荘【通所介護】東京都北区上中里2-45-2", "url": "https://www.kaigokensaku.mhlw.go.jp/13/index.php?action_kouhyou_detail_004_kani=true&JigyosyoCd=1371703461-00&ServiceCd=150&Type=search", "url2": "http://kitajigyo.com/aged_service/kaminakazato/day.html" }, "geometry": { "type": "Point", "coordinates": [ 139.755086067983996, 35.744259164604401 ] } },
{ "type": "Feature", "properties": { "内容": "デイサービスセンターうきま幸朋苑【通所介護】東京都北区浮間5－13－1", "url": "https://www.kaigokensaku.mhlw.go.jp/13/index.php?action_kouhyou_detail_004_kani=true&JigyosyoCd=1371703768-00&ServiceCd=150&Type=search", "url2": "http://www.kohoen.jp" }, "geometry": { "type": "Point", "coordinates": [ 139.692485799999986, 35.78471 ] } },
{ "type": "Feature", "properties": { "内容": "アースサポート王子神谷【通所介護】東京都北区王子5丁目17番22号", "url": "https://www.kaigokensaku.mhlw.go.jp/13/index.php?action_kouhyou_detail_004_kani=true&JigyosyoCd=1371703891-00&ServiceCd=150&Type=search", "url2": "https://www.earthsupport.co.jp" }, "geometry": { "type": "Point", "coordinates": [ 139.737796300000014, 35.7661529 ] } },
{ "type": "Feature", "properties": { "内容": "あいのわリハビリステーション豊島【通所介護】東京都北区豊島4-18-24ビバホーム北区豊島　3階", "url": "https://www.kaigokensaku.mhlw.go.jp/13/index.php?action_kouhyou_detail_004_kani=true&JigyosyoCd=1371707157-00&ServiceCd=150&Type=search", "url2": "http://www.ainowa.mkm-h.com" }, "geometry": { "type": "Point", "coordinates": [ 139.752283900000066, 35.7629716 ] } },
{ "type": "Feature", "properties": { "内容": "でいほーむ・はくび田端【通所介護】東京都北区田端6-7-1", "url": "https://www.kaigokensaku.mhlw.go.jp/13/index.php?action_kouhyou_detail_004_kani=true&JigyosyoCd=1371701754-00&ServiceCd=150&Type=search", "url2": null }, "geometry": { "type": "Point", "coordinates": [ 139.756449, 35.7397058 ] } },
{ "type": "Feature", "properties": { "内容": "ミアヘルサ　デイサービス赤羽台【通所介護】東京都北区赤羽台１-３-１２ヌーヴェル赤羽台１２号棟１０３", "url": "https://www.kaigokensaku.mhlw.go.jp/13/index.php?action_kouhyou_detail_004_kani=true&JigyosyoCd=1371706522-00&ServiceCd=150&Type=search", "url2": "https://www.merhalsa.jp/business/care/" }, "geometry": { "type": "Point", "coordinates": [ 139.715178400000013, 35.7784783 ] } },
{ "type": "Feature", "properties": { "内容": "通所介護　コモンズ【通所介護】東京都北区王子本町1-30-6オカダビル101号", "url": "https://www.kaigokensaku.mhlw.go.jp/13/index.php?action_kouhyou_detail_004_kani=true&JigyosyoCd=1371703024-00&ServiceCd=150&Type=search", "url2": null }, "geometry": { "type": "Point", "coordinates": [ 139.732799900000032, 35.7553234 ] } },
{ "type": "Feature", "properties": { "内容": "健遊館　亀の湯【通所介護】東京都北区堀船1-22-13", "url": "https://www.kaigokensaku.mhlw.go.jp/13/index.php?action_kouhyou_detail_004_kani=true&JigyosyoCd=1371703057-00&ServiceCd=150&Type=search", "url2": "http://kamenoyu.kenyu.co.jp/" }, "geometry": { "type": "Point", "coordinates": [ 139.742393799999974, 35.7520266 ] } },
{ "type": "Feature", "properties": { "内容": "北赤羽デイサービスセンター【通所介護】東京都北区赤羽北2-15赤羽北2丁目団地第1号棟101", "url": "https://www.kaigokensaku.mhlw.go.jp/13/index.php?action_kouhyou_detail_004_kani=true&JigyosyoCd=1371703230-00&ServiceCd=150&Type=search", "url2": "http://www.asahi-sun-clean.co.jp" }, "geometry": { "type": "Point", "coordinates": [ 139.705095799999981, 35.784166 ] } },
{ "type": "Feature", "properties": { "内容": "デイサービスひまわりⅠ【通所介護】東京都北区十条台2-6-29", "url": "https://www.kaigokensaku.mhlw.go.jp/13/index.php?action_kouhyou_detail_004_kani=true&JigyosyoCd=1371703545-00&ServiceCd=150&Type=search", "url2": "http://www.himawariservice.com/" }, "geometry": { "type": "Point", "coordinates": [ 139.718512, 35.7590976 ] } },
{ "type": "Feature", "properties": { "内容": "神谷デイサービス【通所介護】東京都北区神谷１－２２－８介護複合施設ＴＯＫＩ　2階", "url": "https://www.kaigokensaku.mhlw.go.jp/13/index.php?action_kouhyou_detail_004_kani=true&JigyosyoCd=1371704519-00&ServiceCd=150&Type=search", "url2": "http://toki-group.co.jp" }, "geometry": { "type": "Point", "coordinates": [ 139.731932599999936, 35.7686134 ] } },
{ "type": "Feature", "properties": { "内容": "デイサービスセンターコトニア赤羽【通所介護】東京都北区中十条4-17-1コトニア赤羽", "url": "https://www.kaigokensaku.mhlw.go.jp/13/index.php?action_kouhyou_detail_004_kani=true&JigyosyoCd=1371704527-00&ServiceCd=150&Type=search", "url2": "https://www.care.co.jp/office/ds_cotoniorakabane" }, "geometry": { "type": "Point", "coordinates": [ 139.7223588, 35.7709471 ] } },
{ "type": "Feature", "properties": { "内容": "ジェクサー・プラチナジムコトニア赤羽【通所介護】東京都北区中十条4-17-1コトニア赤羽", "url": "https://www.kaigokensaku.mhlw.go.jp/13/index.php?action_kouhyou_detail_004_kani=true&JigyosyoCd=1371706118-00&ServiceCd=150&Type=search", "url2": "https://www.jresports.co.jp" }, "geometry": { "type": "Point", "coordinates": [ 139.722428, 35.7707991 ] } },
{ "type": "Feature", "properties": { "内容": "ツクイ北区浮間【通所介護】東京都北区浮間5-9-7", "url": "https://www.kaigokensaku.mhlw.go.jp/13/index.php?action_kouhyou_detail_004_kani=true&JigyosyoCd=1371706191-00&ServiceCd=150&Type=search", "url2": "http://www.tsukui.net" }, "geometry": { "type": "Point", "coordinates": [ 139.6938695, 35.7863647 ] } },
{ "type": "Feature", "properties": { "内容": "アイリスデイサービス【通所介護】東京都北区豊島1－37－8", "url": "https://www.kaigokensaku.mhlw.go.jp/13/index.php?action_kouhyou_detail_004_kani=true&JigyosyoCd=1371706399-00&ServiceCd=150&Type=search", "url2": null }, "geometry": { "type": "Point", "coordinates": [ 139.741529600000035, 35.7584315 ] } },
{ "type": "Feature", "properties": { "内容": "なごやか東十条【通所介護】東京都北区東十条4-5-4ﾛﾜｰﾙ宮地１F", "url": "https://www.kaigokensaku.mhlw.go.jp/13/index.php?action_kouhyou_detail_004_kani=true&JigyosyoCd=1371706431-00&ServiceCd=150&Type=search", "url2": "https://www.nagoyaka-link.co.jp/club/higashijujo/" }, "geometry": { "type": "Point", "coordinates": [ 139.727599899999973, 35.7662998 ] } },
{ "type": "Feature", "properties": { "内容": "マイプロ板橋駅前【通所介護】東京都北区滝野川6丁目55番1号アーバンハウス大坪102", "url": "https://www.kaigokensaku.mhlw.go.jp/13/index.php?action_kouhyou_detail_004_kani=true&JigyosyoCd=1371706464-00&ServiceCd=150&Type=search", "url2": "http://hp.kaipoke.biz/gez/" }, "geometry": { "type": "Point", "coordinates": [ 139.723349401921837, 35.745311199237605 ] } },
{ "type": "Feature", "properties": { "内容": "グリーンデイ桐ヶ丘【通所介護】東京都北区桐ヶ丘2-11-35ラ・フォンテーヌ1F", "url": "https://www.kaigokensaku.mhlw.go.jp/13/index.php?action_kouhyou_detail_004_kani=true&JigyosyoCd=1371706787-00&ServiceCd=150&Type=search", "url2": "https://kaigojapan.co.jp/" }, "geometry": { "type": "Point", "coordinates": [ 139.710963, 35.7825881 ] } },
{ "type": "Feature", "properties": { "内容": "ベストリハ赤羽【通所介護】東京都北区赤羽1-41-5ADAMAS1F", "url": "https://www.kaigokensaku.mhlw.go.jp/13/index.php?action_kouhyou_detail_004_kani=true&JigyosyoCd=1371707165-00&ServiceCd=150&Type=search", "url2": "https://bestreha.com/" }, "geometry": { "type": "Point", "coordinates": [ 139.719660300000015, 35.7814553 ] } },
{ "type": "Feature", "properties": { "内容": "宝デイサービス十条【通所介護】東京都北区上十条4-20-4上十条ダイヤモンドマンション１F", "url": "https://www.kaigokensaku.mhlw.go.jp/13/index.php?action_kouhyou_detail_004_kani=true&JigyosyoCd=1371707207-00&ServiceCd=150&Type=search", "url2": "https://hibari-care.jp" }, "geometry": { "type": "Point", "coordinates": [ 139.71326160000001, 35.763275899999989 ] } },
{ "type": "Feature", "properties": { "内容": "コンパスウォーク西ヶ原【通所介護】東京都北区西ヶ原3-33-19ﾗﾐｱｰﾙ佐々木1F", "url": "https://www.kaigokensaku.mhlw.go.jp/13/index.php?action_kouhyou_detail_004_kani=true&JigyosyoCd=1371707405-00&ServiceCd=150&Type=search", "url2": null }, "geometry": { "type": "Point", "coordinates": [ 139.739111735581929, 35.744890292931927 ] } },
{ "type": "Feature", "properties": { "内容": "サニーガーデン尾久【通所介護】東京都北区昭和町２－１０－１１コーポ尾久１階", "url": "https://www.kaigokensaku.mhlw.go.jp/13/index.php?action_kouhyou_detail_004_kani=true&JigyosyoCd=1371707470-00&ServiceCd=150&Type=search", "url2": null }, "geometry": { "type": "Point", "coordinates": [ 139.752625399999971, 35.74874 ] } },
{ "type": "Feature", "properties": { "内容": "コンパスウォーク堀船【通所介護】東京都北区堀船３丁目２７−１０", "url": "https://www.kaigokensaku.mhlw.go.jp/13/index.php?action_kouhyou_detail_004_kani=true&JigyosyoCd=1371707512-00&ServiceCd=150&Type=search", "url2": "https://keigo-group.co.jp/shop/tokyoto/32710/" }, "geometry": { "type": "Point", "coordinates": [ 139.7488247, 35.7523656 ] } },
{ "type": "Feature", "properties": { "内容": "通所介護いちりん【通所介護】東京都北区中十条2ー12－7プラスエステートマンション101", "url": "https://www.kaigokensaku.mhlw.go.jp/13/index.php?action_kouhyou_detail_004_kani=true&JigyosyoCd=1371707520-00&ServiceCd=150&Type=search", "url2": "https://hajime-ichirin.jbplt.jp/" }, "geometry": { "type": "Point", "coordinates": [ 139.7259604, 35.7623687 ] } },
{ "type": "Feature", "properties": { "内容": "滝野川西高齢者在宅サービスセンター【通所介護】東京都北区滝野川６－２１－２５滝野川西区民センター３階", "url": "https://www.kaigokensaku.mhlw.go.jp/13/index.php?action_kouhyou_detail_004_kani=true&JigyosyoCd=1371703446-00&ServiceCd=150&Type=search", "url2": "https://kitajigyo.com/aged_service/takinogawa/index.html" }, "geometry": { "type": "Point", "coordinates": [ 139.725823, 35.7455633 ] } },
{ "type": "Feature", "properties": { "内容": "おおるりデイサービスセンター【通所介護】東京都北区岩淵町9-16winKI-DOURA-GO　101号", "url": "https://www.kaigokensaku.mhlw.go.jp/13/index.php?action_kouhyou_detail_004_kani=true&JigyosyoCd=1371700244-00&ServiceCd=150&Type=search", "url2": "http://www.fukujukaigr.or.jp" }, "geometry": { "type": "Point", "coordinates": [ 139.725327399999969, 35.7838333 ] } },
{ "type": "Feature", "properties": { "内容": "北区立堀船高齢者在宅サービスセンター【通所介護】東京都北区堀船2-25-2都営アパート101号", "url": "https://www.kaigokensaku.mhlw.go.jp/13/index.php?action_kouhyou_detail_004_kani=true&JigyosyoCd=1371703321-00&ServiceCd=150&Type=search", "url2": null }, "geometry": { "type": "Point", "coordinates": [ 139.747482399999967, 35.756059599999986 ] } },
{ "type": "Feature", "properties": { "内容": "デイサービスはるかぜ【通所介護】東京都北区王子本町2-28-3和幸マンション103", "url": "https://www.kaigokensaku.mhlw.go.jp/13/index.php?action_kouhyou_detail_004_kani=true&JigyosyoCd=1371703925-00&ServiceCd=150&Type=search", "url2": "https://www.harukaze-ouji.com/" }, "geometry": { "type": "Point", "coordinates": [ 139.730844499999989, 35.7542873 ] } },
{ "type": "Feature", "properties": { "内容": "デイサービスひまわりⅡ浮間【通所介護】東京都北区浮間3－26－20", "url": "https://www.kaigokensaku.mhlw.go.jp/13/index.php?action_kouhyou_detail_004_kani=true&JigyosyoCd=1371704154-00&ServiceCd=150&Type=search", "url2": "http://www.himawariservice.com/index.html" }, "geometry": { "type": "Point", "coordinates": [ 139.702565400000026, 35.7877932 ] } },
{ "type": "Feature", "properties": { "内容": "信和リハビリデイサービス駒込【通所介護】東京都北区西ヶ原1-1-11コンフォート駒込101", "url": "https://www.kaigokensaku.mhlw.go.jp/13/index.php?action_kouhyou_detail_004_kani=true&JigyosyoCd=1371704865-00&ServiceCd=150&Type=search", "url2": "http://shinwarihabiri.com/" }, "geometry": { "type": "Point", "coordinates": [ 139.747449599999982, 35.7397473 ] } },
{ "type": "Feature", "properties": { "内容": "リハビリストホーム王子神谷【通所介護】東京都北区王子5-2王子5丁目団地1号棟　103号", "url": "https://www.kaigokensaku.mhlw.go.jp/13/index.php?action_kouhyou_detail_004_kani=true&JigyosyoCd=1371706613-00&ServiceCd=150&Type=search", "url2": "http://rihabirisutohome.wixsite.com/oujikamiya" }, "geometry": { "type": "Point", "coordinates": [ 139.733763299999964, 35.764677900000017 ] } },
{ "type": "Feature", "properties": { "内容": "グッドデイサービスこうよう【通所介護】東京都北区滝野川2-56-5布田ホームズ1F", "url": "https://www.kaigokensaku.mhlw.go.jp/13/index.php?action_kouhyou_detail_004_kani=true&JigyosyoCd=1371706860-00&ServiceCd=150&Type=search", "url2": "http://dayservice-koyo.jp/" }, "geometry": { "type": "Point", "coordinates": [ 139.731380700000045, 35.7510655 ] } },
{ "type": "Feature", "properties": { "内容": "ＳＯＭＰＯケア　赤羽　デイサービス【通所介護】東京都北区赤羽台3-1-19綿貫ビル1階", "url": "https://www.kaigokensaku.mhlw.go.jp/13/index.php?action_kouhyou_detail_004_kani=true&JigyosyoCd=1371707025-00&ServiceCd=150&Type=search", "url2": "https://www.sompocare.com/" }, "geometry": { "type": "Point", "coordinates": [ 139.7181531, 35.7809586 ] } },
{ "type": "Feature", "properties": { "内容": "デイサービスヨウコー十条【通所介護】東京都北区東十条2-4-10", "url": "https://www.kaigokensaku.mhlw.go.jp/13/index.php?action_kouhyou_detail_004_kani=true&JigyosyoCd=1371703982-00&ServiceCd=150&Type=search", "url2": "http://rehabili-youko.com/" }, "geometry": { "type": "Point", "coordinates": [ 139.729380399999968, 35.7628752 ] } },
{ "type": "Feature", "properties": { "内容": "京北デイサービスセンター【通所介護】東京都北区神谷3-18-8角一サンハイツ神谷１階", "url": "https://www.kaigokensaku.mhlw.go.jp/13/index.php?action_kouhyou_detail_004_kani=true&JigyosyoCd=1371707884-00&ServiceCd=150&Type=search", "url2": "https://www.keihokuday.com/" }, "geometry": { "type": "Point", "coordinates": [ 139.732258029638444, 35.773022742106896 ] } },
{ "type": "Feature", "properties": { "内容": "デイサービスみらい町屋【通所介護】東京都荒川区町屋5-5-5シンフォニー１階", "url": "https://www.kaigokensaku.mhlw.go.jp/13/index.php?action_kouhyou_detail_004_kani=true&JigyosyoCd=1371804285-00&ServiceCd=150&Type=search", "url2": null }, "geometry": { "type": "Point", "coordinates": [ 139.778459529360958, 35.749525842448705 ] } },
{ "type": "Feature", "properties": { "内容": "コミュニティガーデンさくら【通所介護】東京都荒川区町屋７－１０－６", "url": "https://www.kaigokensaku.mhlw.go.jp/13/index.php?action_kouhyou_detail_004_kani=true&JigyosyoCd=1371801554-00&ServiceCd=150&Type=search", "url2": "https://www.communitygarden.jp/sakura/" }, "geometry": { "type": "Point", "coordinates": [ 139.786831799999959, 35.7493842 ] } },
{ "type": "Feature", "properties": { "内容": "社会福祉法人カメリア会　荒川区南千住中部在宅高齢者通所サービスセンター【通所介護】東京都荒川区南千住4-9-6", "url": "https://www.kaigokensaku.mhlw.go.jp/13/index.php?action_kouhyou_detail_004_kani=true&JigyosyoCd=1371804244-00&ServiceCd=150&Type=search", "url2": "https://sunheim.camellia-kai.com/" }, "geometry": { "type": "Point", "coordinates": [ 139.803988909608677, 35.73606557219118 ] } },
{ "type": "Feature", "properties": { "内容": "荒川区立花の木ハイム荒川在宅高齢者通所サービスセンター【通所介護】東京都荒川区荒川5-47-2", "url": "https://www.kaigokensaku.mhlw.go.jp/13/index.php?action_kouhyou_detail_004_kani=true&JigyosyoCd=1371804764-00&ServiceCd=150&Type=search", "url2": "http://hananoki-day@foryou.or.jp" }, "geometry": { "type": "Point", "coordinates": [ 139.7761877, 35.7397925 ] } },
{ "type": "Feature", "properties": { "内容": "まちや明生苑デイサービスセンター【通所介護】東京都荒川区町屋5-15-14", "url": "https://www.kaigokensaku.mhlw.go.jp/13/index.php?action_kouhyou_detail_004_kani=true&JigyosyoCd=1371802552-00&ServiceCd=150&Type=search", "url2": "http://www.fukushi-e.com" }, "geometry": { "type": "Point", "coordinates": [ 139.781096, 35.7524224 ] } },
{ "type": "Feature", "properties": { "内容": "癒しのデイサービス南千住【通所介護】東京都荒川区南千住4-7-3ロイヤルパークスタワー2階", "url": "https://www.kaigokensaku.mhlw.go.jp/13/index.php?action_kouhyou_detail_004_kani=true&JigyosyoCd=1371802610-00&ServiceCd=150&Type=search", "url2": "http://www.riei.co.jp" }, "geometry": { "type": "Point", "coordinates": [ 139.79122689999997, 35.7331778 ] } },
{ "type": "Feature", "properties": { "内容": "三河島ケアセンターそよ風【通所介護】東京都荒川区荒川5-3-3", "url": "https://www.kaigokensaku.mhlw.go.jp/13/index.php?action_kouhyou_detail_004_kani=true&JigyosyoCd=1371803493-00&ServiceCd=150&Type=search", "url2": null }, "geometry": { "type": "Point", "coordinates": [ 139.775457499999987, 35.7375433 ] } },
{ "type": "Feature", "properties": { "内容": "あそかのぞみの郷デイサービス【通所介護】東京都荒川区西尾久1-1-12", "url": "https://www.kaigokensaku.mhlw.go.jp/13/index.php?action_kouhyou_detail_004_kani=true&JigyosyoCd=1371804889-00&ServiceCd=150&Type=search", "url2": "http://www.asokakai.or.jp/" }, "geometry": { "type": "Point", "coordinates": [ 139.7648666, 35.7444165 ] } },
{ "type": "Feature", "properties": { "内容": "デイサービスほっと【通所介護】東京都荒川区荒川4-8-11", "url": "https://www.kaigokensaku.mhlw.go.jp/13/index.php?action_kouhyou_detail_004_kani=true&JigyosyoCd=1371802560-00&ServiceCd=150&Type=search", "url2": "http://www.best-kaigo.com" }, "geometry": { "type": "Point", "coordinates": [ 139.777702800000043, 35.7374267 ] } },
{ "type": "Feature", "properties": { "内容": "あらかわ介護リハビリセンター【通所介護】東京都荒川区荒川５－３９－６第２エステートイケダ１Ｆ", "url": "https://www.kaigokensaku.mhlw.go.jp/13/index.php?action_kouhyou_detail_004_kani=true&JigyosyoCd=1371705870-00&ServiceCd=150&Type=search", "url2": "http://arakawakaigo.com" }, "geometry": { "type": "Point", "coordinates": [ 139.776480567217249, 35.739300848546954 ] } },
{ "type": "Feature", "properties": { "内容": "いきいきらいふデイサービスセンター南千住【通所介護】東京都荒川区南千住３丁目３５番地１１", "url": "https://www.kaigokensaku.mhlw.go.jp/13/index.php?action_kouhyou_detail_004_kani=true&JigyosyoCd=1371801984-00&ServiceCd=150&Type=search", "url2": "http://rare-c.co.jp" }, "geometry": { "type": "Point", "coordinates": [ 139.80885360000002, 35.7320617 ] } },
{ "type": "Feature", "properties": { "内容": "デイサービスセンター　エンゼルヘルプ荒川【通所介護】東京都荒川区荒川8-8-3エンゼルヘルプ荒川", "url": "https://www.kaigokensaku.mhlw.go.jp/13/index.php?action_kouhyou_detail_004_kani=true&JigyosyoCd=1371802024-00&ServiceCd=150&Type=search", "url2": "http://www.enzeru.co.jp" }, "geometry": { "type": "Point", "coordinates": [ 139.787465699999984, 35.7389438 ] } },
{ "type": "Feature", "properties": { "内容": "健遊館　七福湯【通所介護】東京都荒川区東日暮里２丁目７番７号", "url": "https://www.kaigokensaku.mhlw.go.jp/13/index.php?action_kouhyou_detail_004_kani=true&JigyosyoCd=1371802065-00&ServiceCd=150&Type=search", "url2": "http://shichifukuyu.kenyu.co.jp/" }, "geometry": { "type": "Point", "coordinates": [ 139.786385800000062, 35.7286253 ] } },
{ "type": "Feature", "properties": { "内容": "ベストリハ西日暮里【通所介護】東京都荒川区西日暮里6-47-10小宮ビル１F", "url": "https://www.kaigokensaku.mhlw.go.jp/13/index.php?action_kouhyou_detail_004_kani=true&JigyosyoCd=1371803766-00&ServiceCd=150&Type=search", "url2": "http://www.bestreha.com" }, "geometry": { "type": "Point", "coordinates": [ 139.768581499999982, 35.7360374 ] } },
{ "type": "Feature", "properties": { "内容": "デイサービスセンターなごやか日暮里【通所介護】東京都荒川区東日暮里5-30-8ビオラ日暮里1階", "url": "https://www.kaigokensaku.mhlw.go.jp/13/index.php?action_kouhyou_detail_004_kani=true&JigyosyoCd=1371804160-00&ServiceCd=150&Type=search", "url2": "http://www.nagoyaka-link.co.jp/club/nippoli/" }, "geometry": { "type": "Point", "coordinates": [ 139.775542996364607, 35.72806514423899 ] } },
{ "type": "Feature", "properties": { "内容": "デイサービスセンターなごやか荒川【通所介護】東京都荒川区荒川8-4-1", "url": "https://www.kaigokensaku.mhlw.go.jp/13/index.php?action_kouhyou_detail_004_kani=true&JigyosyoCd=1371804178-00&ServiceCd=150&Type=search", "url2": "https://www.nagoyaka-link.co.jp/club/arakawa/" }, "geometry": { "type": "Point", "coordinates": [ 139.788387664417996, 35.7382411 ] } },
{ "type": "Feature", "properties": { "内容": "デイサービス千恵の輪【通所介護】東京都荒川区西日暮里6-15-11", "url": "https://www.kaigokensaku.mhlw.go.jp/13/index.php?action_kouhyou_detail_004_kani=true&JigyosyoCd=1371804335-00&ServiceCd=150&Type=search", "url2": "https://www.poiinc.jp" }, "geometry": { "type": "Point", "coordinates": [ 139.771218299999987, 35.7374379 ] } },
{ "type": "Feature", "properties": { "内容": "荒川区立荒川東部在宅高齢者通所サービスセンター【通所介護】東京都荒川区荒川1-34-6高齢者センター", "url": "https://www.kaigokensaku.mhlw.go.jp/13/index.php?action_kouhyou_detail_004_kani=true&JigyosyoCd=1371804541-00&ServiceCd=150&Type=search", "url2": "https://www.foryou.or.jp/" }, "geometry": { "type": "Point", "coordinates": [ 139.786891700000012, 35.7342861 ] } },
{ "type": "Feature", "properties": { "内容": "コンパスウォーク尾久【通所介護】東京都荒川区西尾久８－４２－６", "url": "https://www.kaigokensaku.mhlw.go.jp/13/index.php?action_kouhyou_detail_004_kani=true&JigyosyoCd=1371804632-00&ServiceCd=150&Type=search", "url2": null }, "geometry": { "type": "Point", "coordinates": [ 139.7512927, 35.7519881 ] } },
{ "type": "Feature", "properties": { "内容": "アサヒトラストリハビリセンター尾久【通所介護】東京都荒川区西尾久３－１９－３３階", "url": "https://www.kaigokensaku.mhlw.go.jp/13/index.php?action_kouhyou_detail_004_kani=true&JigyosyoCd=1371804772-00&ServiceCd=150&Type=search", "url2": "https://ds.asahitrust-x.com/" }, "geometry": { "type": "Point", "coordinates": [ 139.762692199999975, 35.750703399999985 ] } },
{ "type": "Feature", "properties": { "内容": "くらしの友リハプライド　東尾久【通所介護】東京都荒川区東尾久2-30-4村田マンション　1F", "url": "https://www.kaigokensaku.mhlw.go.jp/13/index.php?action_kouhyou_detail_004_kani=true&JigyosyoCd=1371804798-00&ServiceCd=150&Type=search", "url2": "https://www.rehapride.co.jp/higashioku/" }, "geometry": { "type": "Point", "coordinates": [ 139.7704195, 35.7421362 ] } },
{ "type": "Feature", "properties": { "内容": "Ｒｅ．ｌｉｆｅ【通所介護】東京都荒川区南千住２－１５－５照山ビル１０１号室", "url": "https://www.kaigokensaku.mhlw.go.jp/13/index.php?action_kouhyou_detail_004_kani=true&JigyosyoCd=1371804822-00&ServiceCd=150&Type=search", "url2": "https://1life-tt.co.jp/" }, "geometry": { "type": "Point", "coordinates": [ 139.7957005, 35.7290709 ] } },
{ "type": "Feature", "properties": { "内容": "株式会社ケアサービス　デイサービスセンターたから【通所介護】東京都荒川区町屋6-4-1タカラビル・１Ｆ", "url": "https://www.kaigokensaku.mhlw.go.jp/13/index.php?action_kouhyou_detail_004_kani=true&JigyosyoCd=1371801851-00&ServiceCd=150&Type=search", "url2": "http://www.care.co.jp/" }, "geometry": { "type": "Point", "coordinates": [ 139.782726599999933, 35.7498672 ] } },
{ "type": "Feature", "properties": { "内容": "シルバー茶論田端新町【通所介護】東京都荒川区東尾久1-31-10aLATO西日暮里2F", "url": "https://www.kaigokensaku.mhlw.go.jp/13/index.php?action_kouhyou_detail_004_kani=true&JigyosyoCd=1371803113-00&ServiceCd=150&Type=search", "url2": "http://silver-salons.com" }, "geometry": { "type": "Point", "coordinates": [ 139.76901639999997, 35.7402369 ] } },
{ "type": "Feature", "properties": { "内容": "小台介護リハビリセンター【通所介護】東京都荒川区西尾久1-12-5ロジュマン西尾久", "url": "https://www.kaigokensaku.mhlw.go.jp/13/index.php?action_kouhyou_detail_004_kani=true&JigyosyoCd=1371803204-00&ServiceCd=150&Type=search", "url2": null }, "geometry": { "type": "Point", "coordinates": [ 139.763654386122198, 35.744010062304341 ] } },
{ "type": "Feature", "properties": { "内容": "デイサービスセンター　なでしこ【通所介護】東京都荒川区西尾久8-13-9西尾久福祉複合施設", "url": "https://www.kaigokensaku.mhlw.go.jp/13/index.php?action_kouhyou_detail_004_kani=true&JigyosyoCd=1371803311-00&ServiceCd=150&Type=search", "url2": "http://www.t-hokuto.coop/" }, "geometry": { "type": "Point", "coordinates": [ 139.756189899999981, 35.7525685 ] } },
{ "type": "Feature", "properties": { "内容": "ジョイリハ東日暮里【通所介護】東京都荒川区東日暮里２丁目３２－１０", "url": "https://www.kaigokensaku.mhlw.go.jp/13/index.php?action_kouhyou_detail_004_kani=true&JigyosyoCd=1371803485-00&ServiceCd=150&Type=search", "url2": "http://www.joyreha.co.jp/" }, "geometry": { "type": "Point", "coordinates": [ 139.783872200000019, 35.7279835 ] } },
{ "type": "Feature", "properties": { "内容": "エバーウォーク町屋【通所介護】東京都荒川区荒川6-13-2小林ビル1階", "url": "https://www.kaigokensaku.mhlw.go.jp/13/index.php?action_kouhyou_detail_004_kani=true&JigyosyoCd=1371804947-00&ServiceCd=150&Type=search", "url2": "https://everwalk.net/" }, "geometry": { "type": "Point", "coordinates": [ 139.7780952, 35.7403959 ] } },
{ "type": "Feature", "properties": { "内容": "荒川区立東日暮里在宅高齢者通所サービスセンター【通所介護】東京都荒川区東日暮里3-8-16", "url": "https://www.kaigokensaku.mhlw.go.jp/13/index.php?action_kouhyou_detail_004_kani=true&JigyosyoCd=1371804863-00&ServiceCd=150&Type=search", "url2": "https://www.foryou.or.jp/corp2/higashinippori/" }, "geometry": { "type": "Point", "coordinates": [ 139.782342, 35.7295468 ] } },
{ "type": "Feature", "properties": { "内容": "デイサービス　ヨウコー町屋【通所介護】東京都荒川区町屋5-5-2", "url": "https://www.kaigokensaku.mhlw.go.jp/13/index.php?action_kouhyou_detail_004_kani=true&JigyosyoCd=1371803071-00&ServiceCd=150&Type=search", "url2": "http://rehabili-youko.com/" }, "geometry": { "type": "Point", "coordinates": [ 139.779168600000048, 35.7498698 ] } },
{ "type": "Feature", "properties": { "内容": "はなまるデイサービス南千住【通所介護】東京都荒川区南千住6-48-19", "url": "https://www.kaigokensaku.mhlw.go.jp/13/index.php?action_kouhyou_detail_004_kani=true&JigyosyoCd=1371803576-00&ServiceCd=150&Type=search", "url2": "http://www.aiseifukushi.jp/hanamaruday/hanamaruday4/tabid/69/Default.aspx" }, "geometry": { "type": "Point", "coordinates": [ 139.794434393254079, 35.734829615574149 ] } },
{ "type": "Feature", "properties": { "内容": "コンパスウォーク蓮根【通所介護】東京都板橋区坂下2-11-11", "url": "https://www.kaigokensaku.mhlw.go.jp/13/index.php?action_kouhyou_detail_004_kani=true&JigyosyoCd=1371911668-00&ServiceCd=150&Type=search", "url2": "https://kinoukaifuku.com/?p=3205" }, "geometry": { "type": "Point", "coordinates": [ 139.680602099999987, 35.7820496 ] } },
{ "type": "Feature", "properties": { "内容": "舟渡高齢者在宅サービスセンター【通所介護】東京都板橋区舟渡3-4-8", "url": "https://www.kaigokensaku.mhlw.go.jp/13/index.php?action_kouhyou_detail_004_kani=true&JigyosyoCd=1371900844-00&ServiceCd=150&Type=search", "url2": "http://www.fujikenikukai.or.jp" }, "geometry": { "type": "Point", "coordinates": [ 139.681128299999955, 35.7926335 ] } },
{ "type": "Feature", "properties": { "内容": "いずみの苑通所介護事業所【通所介護】東京都板橋区東坂下２－２－２２", "url": "https://www.kaigokensaku.mhlw.go.jp/13/index.php?action_kouhyou_detail_004_kani=true&JigyosyoCd=1371900976-00&ServiceCd=150&Type=search", "url2": "http://www.tokyoengokyokai.or.jp" }, "geometry": { "type": "Point", "coordinates": [ 139.689916700000026, 35.7830796 ] } },
{ "type": "Feature", "properties": { "内容": "こもね在宅サービスセンター【通所介護】東京都板橋区小茂根4-11-11", "url": "https://www.kaigokensaku.mhlw.go.jp/13/index.php?action_kouhyou_detail_004_kani=true&JigyosyoCd=1371901297-00&ServiceCd=150&Type=search", "url2": "http://www.komonenosato.com" }, "geometry": { "type": "Point", "coordinates": [ 139.675077399999964, 35.7466696 ] } },
{ "type": "Feature", "properties": { "内容": "音羽台高齢者在宅サービスセンター【通所介護】東京都板橋区成増4-33-1", "url": "https://www.kaigokensaku.mhlw.go.jp/13/index.php?action_kouhyou_detail_004_kani=true&JigyosyoCd=1371901560-00&ServiceCd=150&Type=search", "url2": "http://www.suisei-kai.jp/" }, "geometry": { "type": "Point", "coordinates": [ 139.634460100000069, 35.786358 ] } },
{ "type": "Feature", "properties": { "内容": "ケアタウン成増【通所介護】東京都板橋区成増4-14-18", "url": "https://www.kaigokensaku.mhlw.go.jp/13/index.php?action_kouhyou_detail_004_kani=true&JigyosyoCd=1371902535-00&ServiceCd=150&Type=search", "url2": "http://www.misono-fukushikai.or.jp" }, "geometry": { "type": "Point", "coordinates": [ 139.63523239999995, 35.7832335 ] } },
{ "type": "Feature", "properties": { "内容": "デイサービスセンターマイライフ徳丸【通所介護】東京都板橋区徳丸三丁目32番28号", "url": "https://www.kaigokensaku.mhlw.go.jp/13/index.php?action_kouhyou_detail_004_kani=true&JigyosyoCd=1371903533-00&ServiceCd=150&Type=search", "url2": "http://kitanokai.com/" }, "geometry": { "type": "Point", "coordinates": [ 139.6570782, 35.7749965 ] } },
{ "type": "Feature", "properties": { "内容": "クローバーのさと　デイサービスカウピリ板橋【通所介護】東京都板橋区仲町１番4号", "url": "https://www.kaigokensaku.mhlw.go.jp/13/index.php?action_kouhyou_detail_004_kani=true&JigyosyoCd=1371909381-00&ServiceCd=150&Type=search", "url2": "http://www.ims.gr.jp/clover/" }, "geometry": { "type": "Point", "coordinates": [ 139.699707218385385, 35.751729590055263 ] } },
{ "type": "Feature", "properties": { "内容": "ゆめの園りふれ若葉デイサービスセンター【通所介護】東京都板橋区若木3－15－1", "url": "https://www.kaigokensaku.mhlw.go.jp/13/index.php?action_kouhyou_detail_004_kani=true&JigyosyoCd=1371910348-00&ServiceCd=150&Type=search", "url2": "http://www.happynet.or.jp/" }, "geometry": { "type": "Point", "coordinates": [ 139.673685100000057, 35.7723585 ] } },
{ "type": "Feature", "properties": { "内容": "ＳＷＩＴＣＨ板橋【通所介護】東京都板橋区東坂下2-22-14メープルヴィラそよ風", "url": "https://www.kaigokensaku.mhlw.go.jp/13/index.php?action_kouhyou_detail_004_kani=true&JigyosyoCd=1371911387-00&ServiceCd=150&Type=search", "url2": null }, "geometry": { "type": "Point", "coordinates": [ 139.685273700000039, 35.7899518 ] } },
{ "type": "Feature", "properties": { "内容": "リハビリデイサービスnagomiプラスときわ台店【通所介護】東京都板橋区常盤台3-29-17", "url": "https://www.kaigokensaku.mhlw.go.jp/13/index.php?action_kouhyou_detail_004_kani=true&JigyosyoCd=1371912583-00&ServiceCd=150&Type=search", "url2": "https://ncs.my-nagomi.com" }, "geometry": { "type": "Point", "coordinates": [ 139.682535361376949, 35.762574835332295 ] } },
{ "type": "Feature", "properties": { "内容": "若木ライフ【通所介護】東京都板橋区若木1丁目21番3号", "url": "https://www.kaigokensaku.mhlw.go.jp/13/index.php?action_kouhyou_detail_004_kani=true&JigyosyoCd=1371901990-00&ServiceCd=150&Type=search", "url2": "https://shinryukai.org/wakagilife/" }, "geometry": { "type": "Point", "coordinates": [ 139.671954899999946, 35.7678785 ] } },
{ "type": "Feature", "properties": { "内容": "老人デイサービスセンター　ブルーポピー【通所介護】東京都板橋区大門8番5号", "url": "https://www.kaigokensaku.mhlw.go.jp/13/index.php?action_kouhyou_detail_004_kani=true&JigyosyoCd=1371904705-00&ServiceCd=150&Type=search", "url2": "http://www.tshnet.or.jp/" }, "geometry": { "type": "Point", "coordinates": [ 139.650431777384938, 35.783713868050022 ] } },
{ "type": "Feature", "properties": { "内容": "アズハイムテラス成増【通所介護】東京都板橋区成増1-2-3", "url": "https://www.kaigokensaku.mhlw.go.jp/13/index.php?action_kouhyou_detail_004_kani=true&JigyosyoCd=1371909670-00&ServiceCd=150&Type=search", "url2": "http://www.as-heim.com" }, "geometry": { "type": "Point", "coordinates": [ 139.6339964, 35.7740126 ] } },
{ "type": "Feature", "properties": { "内容": "社会福祉法人相愛福祉会特別養護老人ホーム三園の里【通所介護】東京都板橋区三園2-15-22", "url": "https://www.kaigokensaku.mhlw.go.jp/13/index.php?action_kouhyou_detail_004_kani=true&JigyosyoCd=1371909951-00&ServiceCd=150&Type=search", "url2": "http://www.kawatsuru-g.jp" }, "geometry": { "type": "Point", "coordinates": [ 139.6428963, 35.7968578 ] } },
{ "type": "Feature", "properties": { "内容": "デイサービスセンター　ケアサポートいたばし【通所介護】東京都板橋区高島平7-11-4", "url": "https://www.kaigokensaku.mhlw.go.jp/13/index.php?action_kouhyou_detail_004_kani=true&JigyosyoCd=1371911536-00&ServiceCd=150&Type=search", "url2": "https://www.care-support.biz/facillties/itabashi/" }, "geometry": { "type": "Point", "coordinates": [ 139.65574, 35.7901448 ] } },
{ "type": "Feature", "properties": { "内容": "奉優デイサービス　みどりの苑【通所介護】東京都板橋区前野町5-9-3", "url": "https://www.kaigokensaku.mhlw.go.jp/13/index.php?action_kouhyou_detail_004_kani=true&JigyosyoCd=1371912237-00&ServiceCd=150&Type=search", "url2": "https://www.foryou.or.jp/facility/midorinosono/w155/" }, "geometry": { "type": "Point", "coordinates": [ 139.685125699999986, 35.7710314 ] } },
{ "type": "Feature", "properties": { "内容": "あずさわの里デイサービスセンター【通所介護】東京都板橋区小豆沢４－１４－３", "url": "https://www.kaigokensaku.mhlw.go.jp/13/index.php?action_kouhyou_detail_004_kani=true&JigyosyoCd=1371907989-00&ServiceCd=150&Type=search", "url2": "http://www.kawatsuru-g.jp" }, "geometry": { "type": "Point", "coordinates": [ 139.701040700000021, 35.7810247 ] } },
{ "type": "Feature", "properties": { "内容": "（株）ニチイ学館ニチイケアセンター小茂根【通所介護】東京都板橋区小茂根5-4-41", "url": "https://www.kaigokensaku.mhlw.go.jp/13/index.php?action_kouhyou_detail_004_kani=true&JigyosyoCd=1371902568-00&ServiceCd=150&Type=search", "url2": "http://www.nichiigakkan.co.jp" }, "geometry": { "type": "Point", "coordinates": [ 139.675974499999938, 35.7501276 ] } },
{ "type": "Feature", "properties": { "内容": "ゆめふる上板橋店【通所介護】東京都板橋区上板橋１－１２－２", "url": "https://www.kaigokensaku.mhlw.go.jp/13/index.php?action_kouhyou_detail_004_kani=true&JigyosyoCd=1371909340-00&ServiceCd=150&Type=search", "url2": "http://www.yasashiite.com" }, "geometry": { "type": "Point", "coordinates": [ 139.677343400000041, 35.7628097 ] } },
{ "type": "Feature", "properties": { "内容": "パナソニックエイジフリー板橋大山西町デイサービス【通所介護】東京都板橋区大山西町41-1", "url": "https://www.kaigokensaku.mhlw.go.jp/13/index.php?action_kouhyou_detail_004_kani=true&JigyosyoCd=1371910728-00&ServiceCd=150&Type=search", "url2": "https://panasonic.co.jp/es/pesaf/" }, "geometry": { "type": "Point", "coordinates": [ 139.694195199999967, 35.7462812 ] } },
{ "type": "Feature", "properties": { "内容": "医療法人社団健育会　ケアセンターけやき【通所介護】東京都板橋区桜川2-10-7", "url": "https://www.kaigokensaku.mhlw.go.jp/13/index.php?action_kouhyou_detail_004_kani=true&JigyosyoCd=1371905926-00&ServiceCd=150&Type=search", "url2": "http://www.takekawa.gr.jp/keyaki" }, "geometry": { "type": "Point", "coordinates": [ 139.679443399999968, 35.7583491 ] } },
{ "type": "Feature", "properties": { "内容": "株式会社ケアサービスデイサービスセンター幸町【通所介護】東京都板橋区幸町48-5", "url": "https://www.kaigokensaku.mhlw.go.jp/13/index.php?action_kouhyou_detail_004_kani=true&JigyosyoCd=1371906429-00&ServiceCd=150&Type=search", "url2": "http://www.care.co.jp/" }, "geometry": { "type": "Point", "coordinates": [ 139.695728499999973, 35.7431066 ] } },
{ "type": "Feature", "properties": { "内容": "デイサービス　ソラストときわ台【通所介護】東京都板橋区前野町1-29-10商業棟3階", "url": "https://www.kaigokensaku.mhlw.go.jp/13/index.php?action_kouhyou_detail_004_kani=true&JigyosyoCd=1371908102-00&ServiceCd=150&Type=search", "url2": "http://www.solasto.co.jp/" }, "geometry": { "type": "Point", "coordinates": [ 139.696197200000029, 35.7661794 ] } },
{ "type": "Feature", "properties": { "内容": "㈱ケアサービス　デイサービスセンター仲町【通所介護】東京都板橋区仲町27-4", "url": "https://www.kaigokensaku.mhlw.go.jp/13/index.php?action_kouhyou_detail_004_kani=true&JigyosyoCd=1371903590-00&ServiceCd=150&Type=search", "url2": "https://www.care.co.jp/office/ds_nakachou" }, "geometry": { "type": "Point", "coordinates": [ 139.696423800000048, 35.7523195 ] } },
{ "type": "Feature", "properties": { "内容": "ツクイ板橋四葉営業所【通所介護】東京都板橋区四葉2－1－12", "url": "https://www.kaigokensaku.mhlw.go.jp/13/index.php?action_kouhyou_detail_004_kani=true&JigyosyoCd=1371904028-00&ServiceCd=150&Type=search", "url2": null }, "geometry": { "type": "Point", "coordinates": [ 139.6541614, 35.7806502 ] } },
{ "type": "Feature", "properties": { "内容": "医療法人財団朔望会　デイサービスビオラ【通所介護】東京都板橋区前野町3-36-10", "url": "https://www.kaigokensaku.mhlw.go.jp/13/index.php?action_kouhyou_detail_004_kani=true&JigyosyoCd=1371904127-00&ServiceCd=150&Type=search", "url2": "http://www.tshnet.or.jp/ccvi/" }, "geometry": { "type": "Point", "coordinates": [ 139.693585687727364, 35.769101873703939 ] } },
{ "type": "Feature", "properties": { "内容": "株式会社ケアサービス　デイサービスセンター蓮根【通所介護】東京都板橋区坂下3-11-11", "url": "https://www.kaigokensaku.mhlw.go.jp/13/index.php?action_kouhyou_detail_004_kani=true&JigyosyoCd=1371904218-00&ServiceCd=150&Type=search", "url2": "http://www.care.co.jp/" }, "geometry": { "type": "Point", "coordinates": [ 139.679786899999954, 35.7871676 ] } },
{ "type": "Feature", "properties": { "内容": "デイサービスヨウコー栄町【通所介護】東京都板橋区栄町4-11田中ビル", "url": "https://www.kaigokensaku.mhlw.go.jp/13/index.php?action_kouhyou_detail_004_kani=true&JigyosyoCd=1371905314-00&ServiceCd=150&Type=search", "url2": "http://rehabili-youko.com/" }, "geometry": { "type": "Point", "coordinates": [ 139.703391300000021, 35.753742 ] } },
{ "type": "Feature", "properties": { "内容": "カルチャー倶楽部志村【通所介護】東京都板橋区相生町8-4メゾングランパレ１F", "url": "https://www.kaigokensaku.mhlw.go.jp/13/index.php?action_kouhyou_detail_004_kani=true&JigyosyoCd=1371906320-00&ServiceCd=150&Type=search", "url2": "http://www.power-age.jp" }, "geometry": { "type": "Point", "coordinates": [ 139.681867600000032, 35.7764554 ] } },
{ "type": "Feature", "properties": { "内容": "デイサービスセンター友の里板橋【通所介護】東京都板橋区板橋2-65-10恵和会サービスセンタービル3階", "url": "https://www.kaigokensaku.mhlw.go.jp/13/index.php?action_kouhyou_detail_004_kani=true&JigyosyoCd=1371906577-00&ServiceCd=150&Type=search", "url2": "http://www.total-care-servise.co.jp" }, "geometry": { "type": "Point", "coordinates": [ 139.708735400000023, 35.7505954 ] } },
{ "type": "Feature", "properties": { "内容": "癒しの里雅【通所介護】東京都板橋区東新町２－２０－１", "url": "https://www.kaigokensaku.mhlw.go.jp/13/index.php?action_kouhyou_detail_004_kani=true&JigyosyoCd=1371906585-00&ServiceCd=150&Type=search", "url2": "https://iyashinosato-miyabi.miyabigroup.tokyo/" }, "geometry": { "type": "Point", "coordinates": [ 139.680748900000026, 35.7542189 ] } },
{ "type": "Feature", "properties": { "内容": "健遊館　志村大黒湯【通所介護】東京都板橋区志村1-35-3", "url": "https://www.kaigokensaku.mhlw.go.jp/13/index.php?action_kouhyou_detail_004_kani=true&JigyosyoCd=1371906593-00&ServiceCd=150&Type=search", "url2": "http://daikokuyu.kenyu.co.jp" }, "geometry": { "type": "Point", "coordinates": [ 139.693677699999967, 35.7758058 ] } },
{ "type": "Feature", "properties": { "内容": "ヒューマンライフケア小松湯【通所介護】東京都板橋区南常盤台２－９－２コーポ小松１階", "url": "https://www.kaigokensaku.mhlw.go.jp/13/index.php?action_kouhyou_detail_004_kani=true&JigyosyoCd=1371906965-00&ServiceCd=150&Type=search", "url2": "http://www.athuman.com" }, "geometry": { "type": "Point", "coordinates": [ 139.68597987790983, 35.75727728588636 ] } },
{ "type": "Feature", "properties": { "内容": "デイサービス夢楽　志村坂下【通所介護】東京都板橋区坂下1-21-12プライムコート志村１F", "url": "https://www.kaigokensaku.mhlw.go.jp/13/index.php?action_kouhyou_detail_004_kani=true&JigyosyoCd=1371908995-00&ServiceCd=150&Type=search", "url2": "http://www.yumeraku.net/simura/index.html" }, "geometry": { "type": "Point", "coordinates": [ 139.68650674232785, 35.780729647155603 ] } },
{ "type": "Feature", "properties": { "内容": "デイサービス夢楽大山【通所介護】東京都板橋区大山西町46-8プレデパルク３　１階", "url": "https://www.kaigokensaku.mhlw.go.jp/13/index.php?action_kouhyou_detail_004_kani=true&JigyosyoCd=1371909001-00&ServiceCd=150&Type=search", "url2": "http://www.yumeraku.net/oyama/index.html" }, "geometry": { "type": "Point", "coordinates": [ 139.694715799405685, 35.747136621435054 ] } },
{ "type": "Feature", "properties": { "内容": "リハビリセンター　ゴルディロックス【通所介護】東京都板橋区小茂根2-4-13サンケイコーポ201", "url": "https://www.kaigokensaku.mhlw.go.jp/13/index.php?action_kouhyou_detail_004_kani=true&JigyosyoCd=1371909100-00&ServiceCd=150&Type=search", "url2": "https://goldirocks.co.jp/" }, "geometry": { "type": "Point", "coordinates": [ 139.685233910298166, 35.751623739402831 ] } },
{ "type": "Feature", "properties": { "内容": "ルネサンス元氣ジム高島平【通所介護】東京都板橋区高島平2-1-20ピクサス高島平１F", "url": "https://www.kaigokensaku.mhlw.go.jp/13/index.php?action_kouhyou_detail_004_kani=true&JigyosyoCd=1371909357-00&ServiceCd=150&Type=search", "url2": "http://kaigo.s-re.jp/genki/takashimadaira.html" }, "geometry": { "type": "Point", "coordinates": [ 139.665496801852441, 35.782201814704592 ] } },
{ "type": "Feature", "properties": { "内容": "デイサービスセンターこころ【通所介護】東京都板橋区大谷口北町2-8セレナハイム中板橋プラティノ101号室", "url": "https://www.kaigokensaku.mhlw.go.jp/13/index.php?action_kouhyou_detail_004_kani=true&JigyosyoCd=1371909860-00&ServiceCd=150&Type=search", "url2": "http://www.bestcare-kaigo.jp/" }, "geometry": { "type": "Point", "coordinates": [ 139.691706299999964, 35.7523666 ] } },
{ "type": "Feature", "properties": { "内容": "デイサービス牌の彩板橋【通所介護】東京都板橋区徳丸2-27-14サンパレス徳丸１階", "url": "https://www.kaigokensaku.mhlw.go.jp/13/index.php?action_kouhyou_detail_004_kani=true&JigyosyoCd=1371909928-00&ServiceCd=150&Type=search", "url2": "https://www.alban-care.co.jp" }, "geometry": { "type": "Point", "coordinates": [ 139.66390309999997, 35.7747489 ] } },
{ "type": "Feature", "properties": { "内容": "デイサービスセンターなごやか志村【通所介護】東京都板橋区志村3-14-8ラウンド恵比寿1階", "url": "https://www.kaigokensaku.mhlw.go.jp/13/index.php?action_kouhyou_detail_004_kani=true&JigyosyoCd=1371910199-00&ServiceCd=150&Type=search", "url2": "http://www.nagoyaka-link.co.jp/club/shimura/" }, "geometry": { "type": "Point", "coordinates": [ 139.683698, 35.775447200000016 ] } },
{ "type": "Feature", "properties": { "内容": "デイサービスセンターなごやかときわ台【通所介護】東京都板橋区東新町１－８－１ＯＺＩＯ常盤台１階", "url": "https://www.kaigokensaku.mhlw.go.jp/13/index.php?action_kouhyou_detail_004_kani=true&JigyosyoCd=1371910215-00&ServiceCd=150&Type=search", "url2": "https://www.nagoyaka-link.co.jp/club/tokiwa/" }, "geometry": { "type": "Point", "coordinates": [ 139.681870900000035, 35.7598351 ] } },
{ "type": "Feature", "properties": { "内容": "デイサービスヨウコー板橋【通所介護】東京都板橋区板橋1-10-14", "url": "https://www.kaigokensaku.mhlw.go.jp/13/index.php?action_kouhyou_detail_004_kani=true&JigyosyoCd=1371910462-00&ServiceCd=150&Type=search", "url2": "http://rehabili-youko.com/" }, "geometry": { "type": "Point", "coordinates": [ 139.717409800000041, 35.7461852 ] } },
{ "type": "Feature", "properties": { "内容": "かがやきデイサービス板橋【通所介護】東京都板橋区徳丸5-3-11", "url": "https://www.kaigokensaku.mhlw.go.jp/13/index.php?action_kouhyou_detail_004_kani=true&JigyosyoCd=1371910538-00&ServiceCd=150&Type=search", "url2": "http://www.ymmd.co.jp" }, "geometry": { "type": "Point", "coordinates": [ 139.656398711639412, 35.776367960811626 ] } },
{ "type": "Feature", "properties": { "内容": "アズハイム赤塚デイサービスセンター【通所介護】東京都板橋区赤塚8-14-10", "url": "https://www.kaigokensaku.mhlw.go.jp/13/index.php?action_kouhyou_detail_004_kani=true&JigyosyoCd=1371910736-00&ServiceCd=150&Type=search", "url2": "http://www.as-heim.com" }, "geometry": { "type": "Point", "coordinates": [ 139.646698199999946, 35.7835366 ] } },
{ "type": "Feature", "properties": { "内容": "Let'sリハ！板橋みなみ常盤台【通所介護】東京都板橋区南常盤台2-21-5アプリーレ南常盤台1階", "url": "https://www.kaigokensaku.mhlw.go.jp/13/index.php?action_kouhyou_detail_004_kani=true&JigyosyoCd=1371911247-00&ServiceCd=150&Type=search", "url2": "https://www.sakurajyuji.or.jp/service/dayservice/" }, "geometry": { "type": "Point", "coordinates": [ 139.6846074, 35.7573972 ] } },
{ "type": "Feature", "properties": { "内容": "かがやきデイサービス板橋西台【通所介護】東京都板橋区西台1-25-11総合ケアセンター板橋西台", "url": "https://www.kaigokensaku.mhlw.go.jp/13/index.php?action_kouhyou_detail_004_kani=true&JigyosyoCd=1371911551-00&ServiceCd=150&Type=search", "url2": "https://www.ymmdnr.jp/index.html#dayservice" }, "geometry": { "type": "Point", "coordinates": [ 139.672715786122211, 35.774286204414949 ] } },
{ "type": "Feature", "properties": { "内容": "ReHaMo板橋【通所介護】東京都板橋区徳丸3-14-14", "url": "https://www.kaigokensaku.mhlw.go.jp/13/index.php?action_kouhyou_detail_004_kani=true&JigyosyoCd=1371911643-00&ServiceCd=150&Type=search", "url2": "https://itbs.rehamo.jp/" }, "geometry": { "type": "Point", "coordinates": [ 139.657695, 35.770306 ] } },
{ "type": "Feature", "properties": { "内容": "ベストリハ板橋大山【通所介護】東京都板橋区大山東町17-7ロイヤル大山", "url": "https://www.kaigokensaku.mhlw.go.jp/13/index.php?action_kouhyou_detail_004_kani=true&JigyosyoCd=1371911718-00&ServiceCd=150&Type=search", "url2": "https://bestreha.com/" }, "geometry": { "type": "Point", "coordinates": [ 139.7042588, 35.7486299 ] } },
{ "type": "Feature", "properties": { "内容": "みんなのリハビリデイサービス【通所介護】東京都板橋区小茂根4-1-2恵林マンション1階", "url": "https://www.kaigokensaku.mhlw.go.jp/13/index.php?action_kouhyou_detail_004_kani=true&JigyosyoCd=1371912047-00&ServiceCd=150&Type=search", "url2": null }, "geometry": { "type": "Point", "coordinates": [ 139.6783093, 35.7483496 ] } },
{ "type": "Feature", "properties": { "内容": "オリオンデイサービス【通所介護】東京都板橋区清水町38-10アクアⅡ３階", "url": "https://www.kaigokensaku.mhlw.go.jp/13/index.php?action_kouhyou_detail_004_kani=true&JigyosyoCd=1371912203-00&ServiceCd=150&Type=search", "url2": "https://www.orion-ds.jp/" }, "geometry": { "type": "Point", "coordinates": [ 139.706235400000054, 35.7629775 ] } },
{ "type": "Feature", "properties": { "内容": "こすもすリハビリデイサービス【通所介護】東京都板橋区高島平7-43-17内田コーポ103", "url": "https://www.kaigokensaku.mhlw.go.jp/13/index.php?action_kouhyou_detail_004_kani=true&JigyosyoCd=1371912229-00&ServiceCd=150&Type=search", "url2": null }, "geometry": { "type": "Point", "coordinates": [ 139.658083, 35.7920904 ] } },
{ "type": "Feature", "properties": { "内容": "ReHaMo板橋宮の下【通所介護】東京都板橋区德丸3-37-17シントミプラザ徳丸", "url": "https://www.kaigokensaku.mhlw.go.jp/13/index.php?action_kouhyou_detail_004_kani=true&JigyosyoCd=1371912278-00&ServiceCd=150&Type=search", "url2": "https://itbs.rehamo.jp/miyanoshita" }, "geometry": { "type": "Point", "coordinates": [ 139.659757299999967, 35.77537 ] } },
{ "type": "Feature", "properties": { "内容": "みなみデイサービス小茂根【通所介護】東京都板橋区小茂根2-2-3小茂根さつきハイム1階", "url": "https://www.kaigokensaku.mhlw.go.jp/13/index.php?action_kouhyou_detail_004_kani=true&JigyosyoCd=1371912294-00&ServiceCd=150&Type=search", "url2": "http://www.komoneday.com" }, "geometry": { "type": "Point", "coordinates": [ 139.68498360000001, 35.7497035 ] } },
{ "type": "Feature", "properties": { "内容": "ウェルビスタケアスタジオ板橋富士見町【通所介護】東京都板橋区富士見町17-16メルヴェーユイイダ板橋富士見町1階", "url": "https://www.kaigokensaku.mhlw.go.jp/13/index.php?action_kouhyou_detail_004_kani=true&JigyosyoCd=1371912310-00&ServiceCd=150&Type=search", "url2": "https://www.sykz.co.jp/shisetsu-zaitaku/134781" }, "geometry": { "type": "Point", "coordinates": [ 139.6982175, 35.7614074 ] } },
{ "type": "Feature", "properties": { "内容": "CHALLENGECareJapan株式会社【通所介護】東京都板橋区坂下１－２０－７", "url": "https://www.kaigokensaku.mhlw.go.jp/13/index.php?action_kouhyou_detail_004_kani=true&JigyosyoCd=1370503847-00&ServiceCd=150&Type=search", "url2": null }, "geometry": { "type": "Point", "coordinates": [ 139.6858283, 35.7801017 ] } },
{ "type": "Feature", "properties": { "内容": "デイサービスあいである　高島平【通所介護】東京都板橋区高島平４－２３－１８ファミリアミクソン1階", "url": "https://www.kaigokensaku.mhlw.go.jp/13/index.php?action_kouhyou_detail_004_kani=true&JigyosyoCd=1371907351-00&ServiceCd=150&Type=search", "url2": "https://kaigojapan.co.jp/" }, "geometry": { "type": "Point", "coordinates": [ 139.652342099999942, 35.7891081 ] } },
{ "type": "Feature", "properties": { "内容": "デイサービスひまわりIV見次【通所介護】東京都板橋区前野町3－44－2", "url": "https://www.kaigokensaku.mhlw.go.jp/13/index.php?action_kouhyou_detail_004_kani=true&JigyosyoCd=1371907773-00&ServiceCd=150&Type=search", "url2": "http://www.himawariservice.com/" }, "geometry": { "type": "Point", "coordinates": [ 139.693058400000041, 35.771337 ] } },
{ "type": "Feature", "properties": { "内容": "ジョイリハ板橋大山【通所介護】東京都板橋区大山金井町39-15", "url": "https://www.kaigokensaku.mhlw.go.jp/13/index.php?action_kouhyou_detail_004_kani=true&JigyosyoCd=1371908177-00&ServiceCd=150&Type=search", "url2": "http://www.joyreha.co.jp/" }, "geometry": { "type": "Point", "coordinates": [ 139.704060900000059, 35.74684 ] } },
{ "type": "Feature", "properties": { "内容": "グリーンデイ徳丸【通所介護】東京都板橋区徳丸7-2-47CaratState101", "url": "https://www.kaigokensaku.mhlw.go.jp/13/index.php?action_kouhyou_detail_004_kani=true&JigyosyoCd=1371910769-00&ServiceCd=150&Type=search", "url2": "http://greenday15.com/" }, "geometry": { "type": "Point", "coordinates": [ 139.664421400000037, 35.7806492 ] } },
{ "type": "Feature", "properties": { "内容": "アースサポート志村【通所介護】東京都板橋区東坂下2丁目4番10号", "url": "https://www.kaigokensaku.mhlw.go.jp/13/index.php?action_kouhyou_detail_004_kani=true&JigyosyoCd=1371910777-00&ServiceCd=150&Type=search", "url2": "https://www.earthsupport.co.jp" }, "geometry": { "type": "Point", "coordinates": [ 139.688091764418004, 35.783428899999983 ] } },
{ "type": "Feature", "properties": { "内容": "リハビリデイサービスいろは【通所介護】東京都板橋区前野町3-6-10メゾン米田1階", "url": "https://www.kaigokensaku.mhlw.go.jp/13/index.php?action_kouhyou_detail_004_kani=true&JigyosyoCd=1371912492-00&ServiceCd=150&Type=search", "url2": null }, "geometry": { "type": "Point", "coordinates": [ 139.6937, 35.7672206 ] } },
{ "type": "Feature", "properties": { "内容": "シンシアリハビリデイサービス【通所介護】東京都板橋区成増1-24-6グランサム成増１Ｆ", "url": "https://www.kaigokensaku.mhlw.go.jp/13/index.php?action_kouhyou_detail_004_kani=true&JigyosyoCd=1371908094-00&ServiceCd=150&Type=search", "url2": "http://wakarukaigo.jp/cm-content/cm-facilities-detail.php?id=13-1371908094-00-150" }, "geometry": { "type": "Point", "coordinates": [ 139.629416200000037, 35.7749846 ] } },
{ "type": "Feature", "properties": { "内容": "デイサービス一笑苑【通所介護】東京都板橋区清水町61-9根岸ビル1Ｆ", "url": "https://www.kaigokensaku.mhlw.go.jp/13/index.php?action_kouhyou_detail_004_kani=true&JigyosyoCd=1371910694-00&ServiceCd=150&Type=search", "url2": null }, "geometry": { "type": "Point", "coordinates": [ 139.707468400000039, 35.7662047 ] } },
{ "type": "Feature", "properties": { "内容": "百花リハビリデイサービス【通所介護】東京都板橋区赤塚新町3-32光が丘パークタウンゆりの木通り北14-101", "url": "https://www.kaigokensaku.mhlw.go.jp/13/index.php?action_kouhyou_detail_004_kani=true&JigyosyoCd=1371912526-00&ServiceCd=150&Type=search", "url2": null }, "geometry": { "type": "Point", "coordinates": [ 139.639494, 35.769988 ] } },
{ "type": "Feature", "properties": { "内容": "デイホームゆりの木板橋【通所介護】東京都板橋区清水町79-2パールハイツ102", "url": "https://www.kaigokensaku.mhlw.go.jp/13/index.php?action_kouhyou_detail_004_kani=true&JigyosyoCd=1371911296-00&ServiceCd=150&Type=search", "url2": "http://elderly.jp/yurinoki/home/itabashi/" }, "geometry": { "type": "Point", "coordinates": [ 139.7043721, 35.7658004 ] } },
{ "type": "Feature", "properties": { "内容": "ツクイ板橋【通所介護】東京都板橋区氷川町４‐８メゾンタカノハ", "url": "https://www.kaigokensaku.mhlw.go.jp/13/index.php?action_kouhyou_detail_004_kani=true&JigyosyoCd=1371903384-00&ServiceCd=150&Type=search", "url2": "https://www.tsukui.net/search/2151/detail.html" }, "geometry": { "type": "Point", "coordinates": [ 139.707387996657104, 35.75220096783552 ] } },
{ "type": "Feature", "properties": { "内容": "仲町高齢者在宅サービスセンター【通所介護】東京都板橋区仲町20-5仲町ふれあい館１階", "url": "https://www.kaigokensaku.mhlw.go.jp/13/index.php?action_kouhyou_detail_004_kani=true&JigyosyoCd=1371905389-00&ServiceCd=150&Type=search", "url2": "https://www.foryou.or.jp/corp2/nakachouday/" }, "geometry": { "type": "Point", "coordinates": [ 139.696289299999989, 35.7512475 ] } },
{ "type": "Feature", "properties": { "内容": "グリーンデイ板橋向原【通所介護】東京都板橋区向原2-35-2遠州屋ビル1階", "url": "https://www.kaigokensaku.mhlw.go.jp/13/index.php?action_kouhyou_detail_004_kani=true&JigyosyoCd=1371911445-00&ServiceCd=150&Type=search", "url2": "https://kaigojapan.co.jp/" }, "geometry": { "type": "Point", "coordinates": [ 139.6810786, 35.7420945 ] } },
{ "type": "Feature", "properties": { "内容": "エンジョイ音楽デイサービスひばり桜台【通所介護】東京都練馬区豊玉北四丁目13番2ヴィラ桜台101", "url": "https://www.kaigokensaku.mhlw.go.jp/13/index.php?action_kouhyou_detail_004_kani=true&JigyosyoCd=1372011088-00&ServiceCd=150&Type=search", "url2": "http://hibari-care.jp/" }, "geometry": { "type": "Point", "coordinates": [ 139.659604100000024, 35.736687299999986 ] } },
{ "type": "Feature", "properties": { "内容": "らいおんハートデイサービス練馬かたかご【通所介護】東京都練馬区谷原２－８－３グランデージ司１F", "url": "https://www.kaigokensaku.mhlw.go.jp/13/index.php?action_kouhyou_detail_004_kani=true&JigyosyoCd=1372014918-00&ServiceCd=150&Type=search", "url2": null }, "geometry": { "type": "Point", "coordinates": [ 139.6137745, 35.7498099 ] } },
{ "type": "Feature", "properties": { "内容": "練馬キングス・ガーデン　デイサービスセンター【通所介護】東京都練馬区早宮2-10-22", "url": "https://www.kaigokensaku.mhlw.go.jp/13/index.php?action_kouhyou_detail_004_kani=true&JigyosyoCd=1372001139-00&ServiceCd=150&Type=search", "url2": "http://www.kg-tokyo.or.jp" }, "geometry": { "type": "Point", "coordinates": [ 139.653209699999934, 35.7550406 ] } },
{ "type": "Feature", "properties": { "内容": "やすらぎ舎デイサービスセンター【通所介護】東京都練馬区大泉学園町7-12-32", "url": "https://www.kaigokensaku.mhlw.go.jp/13/index.php?action_kouhyou_detail_004_kani=true&JigyosyoCd=1372001394-00&ServiceCd=150&Type=search", "url2": "http://www.yasuragi1977.jp/" }, "geometry": { "type": "Point", "coordinates": [ 139.591364699999986, 35.7730337 ] } },
{ "type": "Feature", "properties": { "内容": "練馬高松園デイサービスセンター【通所介護】東京都練馬区高松２丁目９番３号", "url": "https://www.kaigokensaku.mhlw.go.jp/13/index.php?action_kouhyou_detail_004_kani=true&JigyosyoCd=1372001600-00&ServiceCd=150&Type=search", "url2": "http://www.tfk.or.jp/" }, "geometry": { "type": "Point", "coordinates": [ 139.630277555819703, 35.746754392401215 ] } },
{ "type": "Feature", "properties": { "内容": "田柄デイサービスセンター【通所介護】東京都練馬区田柄4-12-10", "url": "https://www.kaigokensaku.mhlw.go.jp/13/index.php?action_kouhyou_detail_004_kani=true&JigyosyoCd=1372004927-00&ServiceCd=150&Type=search", "url2": "http://www.nerima-swf.jp/service/tsusyo/tagaraday/" }, "geometry": { "type": "Point", "coordinates": [ 139.635805, 35.7628891 ] } },
{ "type": "Feature", "properties": { "内容": "富士見台デイサービスセンター【通所介護】東京都練馬区富士見台1-22-4", "url": "https://www.kaigokensaku.mhlw.go.jp/13/index.php?action_kouhyou_detail_004_kani=true&JigyosyoCd=1372005007-00&ServiceCd=150&Type=search", "url2": "http://www.nerima-swf.jp/" }, "geometry": { "type": "Point", "coordinates": [ 139.621132699999947, 35.7333478 ] } },
{ "type": "Feature", "properties": { "内容": "レッツ倶楽部練馬【通所介護】東京都練馬区高松5-21-5", "url": "https://www.kaigokensaku.mhlw.go.jp/13/index.php?action_kouhyou_detail_004_kani=true&JigyosyoCd=1372014959-00&ServiceCd=150&Type=search", "url2": "https://www.lets-club.jp/shop/nerima/" }, "geometry": { "type": "Point", "coordinates": [ 139.6231861, 35.7610686 ] } },
{ "type": "Feature", "properties": { "内容": "みちなかの里春日町店【通所介護】東京都練馬区春日町6-12-20ラトールシノダ1F", "url": "https://www.kaigokensaku.mhlw.go.jp/13/index.php?action_kouhyou_detail_004_kani=true&JigyosyoCd=1372014983-00&ServiceCd=150&Type=search", "url2": "https://ameblo.jp/kasugatyou4/" }, "geometry": { "type": "Point", "coordinates": [ 139.634061300000013, 35.751104 ] } },
{ "type": "Feature", "properties": { "内容": "社会福祉法人　泉陽会　第二光陽苑　デイサービスセンター【通所介護】東京都練馬区関町北5-7-22", "url": "https://www.kaigokensaku.mhlw.go.jp/13/index.php?action_kouhyou_detail_004_kani=true&JigyosyoCd=1372000602-00&ServiceCd=150&Type=search", "url2": "https://senyoukai.or.jp/" }, "geometry": { "type": "Point", "coordinates": [ 139.571772698147583, 35.73244620748261 ] } },
{ "type": "Feature", "properties": { "内容": "やすらぎミラージュデイサービスセンター【通所介護】東京都練馬区大泉町４－２４－７", "url": "https://www.kaigokensaku.mhlw.go.jp/13/index.php?action_kouhyou_detail_004_kani=true&JigyosyoCd=1372001410-00&ServiceCd=150&Type=search", "url2": "http://www.yasuragi1977.jp" }, "geometry": { "type": "Point", "coordinates": [ 139.597467100000017, 35.7627158 ] } },
{ "type": "Feature", "properties": { "内容": "大泉デイサービスセンター【通所介護】東京都練馬区東大泉2-11-21", "url": "https://www.kaigokensaku.mhlw.go.jp/13/index.php?action_kouhyou_detail_004_kani=true&JigyosyoCd=1372004943-00&ServiceCd=150&Type=search", "url2": "http://www.nerima-swf.jp/" }, "geometry": { "type": "Point", "coordinates": [ 139.5961704, 35.7511255 ] } },
{ "type": "Feature", "properties": { "内容": "石神井クラシック・コミュニティそよ風【通所介護】東京都練馬区石神井台７－１６－１１石神井クラシック・コミュニティそよ風", "url": "https://www.kaigokensaku.mhlw.go.jp/13/index.php?action_kouhyou_detail_004_kani=true&JigyosyoCd=1372005239-00&ServiceCd=150&Type=search", "url2": "http://www.sykz.co.jp" }, "geometry": { "type": "Point", "coordinates": [ 139.578383600000052, 35.731244 ] } },
{ "type": "Feature", "properties": { "内容": "練馬ケアセンターそよ風【通所介護】東京都練馬区北町5-3-6", "url": "https://www.kaigokensaku.mhlw.go.jp/13/index.php?action_kouhyou_detail_004_kani=true&JigyosyoCd=1372008753-00&ServiceCd=150&Type=search", "url2": "http://www.unimat-rc.co.jp/" }, "geometry": { "type": "Point", "coordinates": [ 139.6553371, 35.7627147 ] } },
{ "type": "Feature", "properties": { "内容": "デイサービスセンター　ケアサポートねりま【通所介護】東京都練馬区南大泉1-22-50", "url": "https://www.kaigokensaku.mhlw.go.jp/13/index.php?action_kouhyou_detail_004_kani=true&JigyosyoCd=1372010452-00&ServiceCd=150&Type=search", "url2": "http://www.care-support.biz/" }, "geometry": { "type": "Point", "coordinates": [ 139.574136370639053, 35.738003520363002 ] } },
{ "type": "Feature", "properties": { "内容": "医療法人社団平真会　薬師堂デイサービスみのる【通所介護】東京都練馬区富士見台３－５５－３薬師堂ショートステイ　１階", "url": "https://www.kaigokensaku.mhlw.go.jp/13/index.php?action_kouhyou_detail_004_kani=true&JigyosyoCd=1372011229-00&ServiceCd=150&Type=search", "url2": "https://sites.google.com/view/yakushidodayminoru、http://www.yakushido.jp/" }, "geometry": { "type": "Point", "coordinates": [ 139.621054700000059, 35.7392693 ] } },
{ "type": "Feature", "properties": { "内容": "リハビリデイサービスnagomiプラス豊玉店【通所介護】東京都練馬区豊玉中１丁目１６−４", "url": "https://www.kaigokensaku.mhlw.go.jp/13/index.php?action_kouhyou_detail_004_kani=true&JigyosyoCd=1372013753-00&ServiceCd=150&Type=search", "url2": "http://www.my-nagomi.com" }, "geometry": { "type": "Point", "coordinates": [ 139.663729600000011, 35.7314502 ] } },
{ "type": "Feature", "properties": { "内容": "豊玉南しあわせの里デイサービスセンター【通所介護】東京都練馬区豊玉南2-26-6", "url": "https://www.kaigokensaku.mhlw.go.jp/13/index.php?action_kouhyou_detail_004_kani=true&JigyosyoCd=1372003499-00&ServiceCd=150&Type=search", "url2": "https://anshinkai-gr.jp/anshinkai/toyotamaminamishiawasenosato" }, "geometry": { "type": "Point", "coordinates": [ 139.654413200000022, 35.7286825 ] } },
{ "type": "Feature", "properties": { "内容": "エスケアステーション練馬　デイサービス【通所介護】東京都練馬区東大泉一丁目１８番１３号", "url": "https://www.kaigokensaku.mhlw.go.jp/13/index.php?action_kouhyou_detail_004_kani=true&JigyosyoCd=1372009678-00&ServiceCd=150&Type=search", "url2": "http://www.s-caremate.co.jp/" }, "geometry": { "type": "Point", "coordinates": [ 139.593120799999951, 35.7495311 ] } },
{ "type": "Feature", "properties": { "内容": "リニエデイサービス練馬高野台【通所介護】東京都練馬区高野台２-８-２リニエデイサービス練馬高野台", "url": "https://www.kaigokensaku.mhlw.go.jp/13/index.php?action_kouhyou_detail_004_kani=true&JigyosyoCd=1372013381-00&ServiceCd=150&Type=search", "url2": "https://linie-group.jp/" }, "geometry": { "type": "Point", "coordinates": [ 139.6210596, 35.7464005 ] } },
{ "type": "Feature", "properties": { "内容": "デイサービスセンタテルウェル練馬【通所介護】東京都練馬区関町南4-16-20ウエリスオリーブ武蔵野関町", "url": "https://www.kaigokensaku.mhlw.go.jp/13/index.php?action_kouhyou_detail_004_kani=true&JigyosyoCd=1371205947-00&ServiceCd=150&Type=search", "url2": "http://telwel-kaigo.com/" }, "geometry": { "type": "Point", "coordinates": [ 139.57107346134913, 35.722221035702994 ] } },
{ "type": "Feature", "properties": { "内容": "デイサービスコミュニティ・ケア【通所介護】東京都練馬区西大泉3-26-15さかえやビル1階", "url": "https://www.kaigokensaku.mhlw.go.jp/13/index.php?action_kouhyou_detail_004_kani=true&JigyosyoCd=1372005791-00&ServiceCd=150&Type=search", "url2": "http://ｗｗｗ.communitycare-ooizumi.co.jp" }, "geometry": { "type": "Point", "coordinates": [ 139.578891699999986, 35.7620048 ] } },
{ "type": "Feature", "properties": { "内容": "ゆとり庵【通所介護】東京都練馬区南大泉1-13-15", "url": "https://www.kaigokensaku.mhlw.go.jp/13/index.php?action_kouhyou_detail_004_kani=true&JigyosyoCd=1372012615-00&ServiceCd=150&Type=search", "url2": "http://yutorina.org/" }, "geometry": { "type": "Point", "coordinates": [ 139.575169599999981, 35.7388569 ] } },
{ "type": "Feature", "properties": { "内容": "医療法人社団真成会デイサービスひまわり【通所介護】東京都練馬区北1-12-16", "url": "https://www.kaigokensaku.mhlw.go.jp/13/index.php?action_kouhyou_detail_004_kani=true&JigyosyoCd=1372014785-00&ServiceCd=150&Type=search", "url2": "http://www.shinseikai-cc.jp" }, "geometry": { "type": "Point", "coordinates": [ 139.6657768, 35.7642264 ] } },
{ "type": "Feature", "properties": { "内容": "デイサービスセンター　さくらの苑【通所介護】東京都練馬区北町８－２１－１９", "url": "https://www.kaigokensaku.mhlw.go.jp/13/index.php?action_kouhyou_detail_004_kani=true&JigyosyoCd=1372002400-00&ServiceCd=150&Type=search", "url2": "http://www.hokuzankai.or.jp/" }, "geometry": { "type": "Point", "coordinates": [ 139.6511372, 35.7673918 ] } },
{ "type": "Feature", "properties": { "内容": "大泉学園デイサービスセンター【通所介護】東京都練馬区大泉学園町2-20-21", "url": "https://www.kaigokensaku.mhlw.go.jp/13/index.php?action_kouhyou_detail_004_kani=true&JigyosyoCd=1372002442-00&ServiceCd=150&Type=search", "url2": "http://www.fukuinkai.or.jp" }, "geometry": { "type": "Point", "coordinates": [ 139.587484899999936, 35.7597797 ] } },
{ "type": "Feature", "properties": { "内容": "さくら【通所介護】東京都練馬区貫井４－４７－６１KMエンゼルハイム中村橋１０１号", "url": "https://www.kaigokensaku.mhlw.go.jp/13/index.php?action_kouhyou_detail_004_kani=true&JigyosyoCd=1372003887-00&ServiceCd=150&Type=search", "url2": null }, "geometry": { "type": "Point", "coordinates": [ 139.629908339881126, 35.743958487801606 ] } },
{ "type": "Feature", "properties": { "内容": "ほっと・ハウス・豊玉デイサービスセンター【通所介護】東京都練馬区豊玉北５丁目８番１９号", "url": "https://www.kaigokensaku.mhlw.go.jp/13/index.php?action_kouhyou_detail_004_kani=true&JigyosyoCd=1372004620-00&ServiceCd=150&Type=search", "url2": "http://www.hotspace.co.jp" }, "geometry": { "type": "Point", "coordinates": [ 139.656596199999967, 35.7338987 ] } },
{ "type": "Feature", "properties": { "内容": "練馬区立高野台デイサービスセンター【通所介護】東京都練馬区高野台5－24－1", "url": "https://www.kaigokensaku.mhlw.go.jp/13/index.php?action_kouhyou_detail_004_kani=true&JigyosyoCd=1372004786-00&ServiceCd=150&Type=search", "url2": "https://anshinkai-gr.jp/anshinkai/takanodaidayservice" }, "geometry": { "type": "Point", "coordinates": [ 139.6097658, 35.7465271 ] } },
{ "type": "Feature", "properties": { "内容": "株式会社ケアサービス　デイサービスセンターさくら【通所介護】東京都練馬区桜台1-12-5", "url": "https://www.kaigokensaku.mhlw.go.jp/13/index.php?action_kouhyou_detail_004_kani=true&JigyosyoCd=1372004851-00&ServiceCd=150&Type=search", "url2": "http://www.care.co.jp/" }, "geometry": { "type": "Point", "coordinates": [ 139.662971210450706, 35.739583796859286 ] } },
{ "type": "Feature", "properties": { "内容": "練馬区立錦デイサービスセンター【通所介護】東京都練馬区錦2-6-14", "url": "https://www.kaigokensaku.mhlw.go.jp/13/index.php?action_kouhyou_detail_004_kani=true&JigyosyoCd=1372004919-00&ServiceCd=150&Type=search", "url2": "http://www.nerima-swf.jp/office/30?c=12" }, "geometry": { "type": "Point", "coordinates": [ 139.666205600000012, 35.7615985 ] } },
{ "type": "Feature", "properties": { "内容": "練馬区立豊玉デイサービスセンター【通所介護】東京都練馬区豊玉南3-9-13", "url": "https://www.kaigokensaku.mhlw.go.jp/13/index.php?action_kouhyou_detail_004_kani=true&JigyosyoCd=1372004950-00&ServiceCd=150&Type=search", "url2": "http://www.nerima-swf.jp/service/tsusyo/toyotamaday/" }, "geometry": { "type": "Point", "coordinates": [ 139.65264389999993, 35.7277047 ] } },
{ "type": "Feature", "properties": { "内容": "練馬区立高松デイサービスセンター【通所介護】東京都練馬区高松6-3-24", "url": "https://www.kaigokensaku.mhlw.go.jp/13/index.php?action_kouhyou_detail_004_kani=true&JigyosyoCd=1372004976-00&ServiceCd=150&Type=search", "url2": "http://www.nerima-swf.jp/service/tsusyo/takamatsuday/" }, "geometry": { "type": "Point", "coordinates": [ 139.6198121, 35.7568477 ] } },
{ "type": "Feature", "properties": { "内容": "練馬区立練馬デイサービスセンター【通所介護】東京都練馬区練馬2-24-3", "url": "https://www.kaigokensaku.mhlw.go.jp/13/index.php?action_kouhyou_detail_004_kani=true&JigyosyoCd=1372004992-00&ServiceCd=150&Type=search", "url2": "https://www.nerima-swf.jp/office/28?c=11" }, "geometry": { "type": "Point", "coordinates": [ 139.65414050000004, 35.7441169 ] } },
{ "type": "Feature", "properties": { "内容": "ヒューマンライフケアあいぞめの湯【通所介護】東京都練馬区豊玉北6-7-2第二愛染ビル1階", "url": "https://www.kaigokensaku.mhlw.go.jp/13/index.php?action_kouhyou_detail_004_kani=true&JigyosyoCd=1372007342-00&ServiceCd=150&Type=search", "url2": "http://kaigo.human-lifecare.jp/facilities/ds004_Aizome/summary.html" }, "geometry": { "type": "Point", "coordinates": [ 139.6531205, 35.7340116 ] } },
{ "type": "Feature", "properties": { "内容": "かがやきデイサービス練馬大泉【通所介護】東京都練馬区大泉町1-51-9なごやかレジデンス練馬大泉", "url": "https://www.kaigokensaku.mhlw.go.jp/13/index.php?action_kouhyou_detail_004_kani=true&JigyosyoCd=1372010254-00&ServiceCd=150&Type=search", "url2": "http://www.nagoyakaclub.jp/nerimaoizumi" }, "geometry": { "type": "Point", "coordinates": [ 139.603910499999984, 35.7696596 ] } },
{ "type": "Feature", "properties": { "内容": "マイ・ハート　リハ倶楽部　石神井公園【通所介護】東京都練馬区石神井台2-13-14", "url": "https://www.kaigokensaku.mhlw.go.jp/13/index.php?action_kouhyou_detail_004_kani=true&JigyosyoCd=1372011039-00&ServiceCd=150&Type=search", "url2": "https://my-heart-club.com/" }, "geometry": { "type": "Point", "coordinates": [ 139.59243790000005, 35.7362275 ] } },
{ "type": "Feature", "properties": { "内容": "デイサービスここけあ練馬豊玉【通所介護】東京都練馬区豊玉北2-22-15鳳月第一ビル1F", "url": "https://www.kaigokensaku.mhlw.go.jp/13/index.php?action_kouhyou_detail_004_kani=true&JigyosyoCd=1372011591-00&ServiceCd=150&Type=search", "url2": "http://gladcare.co.jp/" }, "geometry": { "type": "Point", "coordinates": [ 139.6644066, 35.734332 ] } },
{ "type": "Feature", "properties": { "内容": "ルネサンス　元氣ジム練馬【通所介護】東京都練馬区豊玉中3丁目17番6号サンフラワー豊玉1階", "url": "https://www.kaigokensaku.mhlw.go.jp/13/index.php?action_kouhyou_detail_004_kani=true&JigyosyoCd=1372012847-00&ServiceCd=150&Type=search", "url2": "https://kaigo.s-re.jp/kg/store/" }, "geometry": { "type": "Point", "coordinates": [ 139.653983700000026, 35.7316405 ] } },
{ "type": "Feature", "properties": { "内容": "シンシアリハビリデイサービス　田柄店【通所介護】東京都練馬区田柄4-33-20", "url": "https://www.kaigokensaku.mhlw.go.jp/13/index.php?action_kouhyou_detail_004_kani=true&JigyosyoCd=1372012912-00&ServiceCd=150&Type=search", "url2": "http://hp.kaipoke.biz/zfu/131060/index_0004.html" }, "geometry": { "type": "Point", "coordinates": [ 139.63959019999993, 35.7673156 ] } },
{ "type": "Feature", "properties": { "内容": "カインドケア練馬関町【通所介護】東京都練馬区関町北4-1-6ハイクレスト関１F", "url": "https://www.kaigokensaku.mhlw.go.jp/13/index.php?action_kouhyou_detail_004_kani=true&JigyosyoCd=1372013316-00&ServiceCd=150&Type=search", "url2": "https://www.kind-care.biz" }, "geometry": { "type": "Point", "coordinates": [ 139.5776831, 35.7278341 ] } },
{ "type": "Feature", "properties": { "内容": "デイサービス富士見台ケアーズ【通所介護】東京都練馬区貫井4-14-15LEGAME1F", "url": "https://www.kaigokensaku.mhlw.go.jp/13/index.php?action_kouhyou_detail_004_kani=true&JigyosyoCd=1372013696-00&ServiceCd=150&Type=search", "url2": "https://caregiver.co.jp/facility/day_fujimidai_cares.php" }, "geometry": { "type": "Point", "coordinates": [ 139.63253180000001, 35.7425687 ] } },
{ "type": "Feature", "properties": { "内容": "ルネサンス元氣ジム石神井公園【通所介護】東京都練馬区下石神井3‐9‐8", "url": "https://www.kaigokensaku.mhlw.go.jp/13/index.php?action_kouhyou_detail_004_kani=true&JigyosyoCd=1372013720-00&ServiceCd=150&Type=search", "url2": "http://www.s-re.jp" }, "geometry": { "type": "Point", "coordinates": [ 139.6073801, 35.7352814 ] } },
{ "type": "Feature", "properties": { "内容": "デイサービス　牌の彩練馬【通所介護】東京都練馬区貫井4丁目45-18", "url": "https://www.kaigokensaku.mhlw.go.jp/13/index.php?action_kouhyou_detail_004_kani=true&JigyosyoCd=1372014470-00&ServiceCd=150&Type=search", "url2": "https://www.alban-care.co.jp/" }, "geometry": { "type": "Point", "coordinates": [ 139.6259436, 35.7447225 ] } },
{ "type": "Feature", "properties": { "内容": "ルネサンス元氣ジム武蔵関【通所介護】東京都練馬区関町北2-31-4第9小野ビル1階", "url": "https://www.kaigokensaku.mhlw.go.jp/13/index.php?action_kouhyou_detail_004_kani=true&JigyosyoCd=1372014504-00&ServiceCd=150&Type=search", "url2": null }, "geometry": { "type": "Point", "coordinates": [ 139.574732, 35.726995100000018 ] } },
{ "type": "Feature", "properties": { "内容": "ビーナスプラス吉祥寺【通所介護】東京都練馬区立野町14-21ライオンズマンション吉祥寺北１階", "url": "https://www.kaigokensaku.mhlw.go.jp/13/index.php?action_kouhyou_detail_004_kani=true&JigyosyoCd=1372014512-00&ServiceCd=150&Type=search", "url2": null }, "geometry": { "type": "Point", "coordinates": [ 139.582713399999989, 35.717171600000015 ] } },
{ "type": "Feature", "properties": { "内容": "カルチャー倶楽部練馬北町【通所介護】東京都練馬区北町2-39-3ダイエイビルディング1階", "url": "https://www.kaigokensaku.mhlw.go.jp/13/index.php?action_kouhyou_detail_004_kani=true&JigyosyoCd=1372006013-00&ServiceCd=150&Type=search", "url2": "http://www.culture-club.net" }, "geometry": { "type": "Point", "coordinates": [ 139.662380699999972, 35.7682393 ] } },
{ "type": "Feature", "properties": { "内容": "デイサービス　ほほえみ【通所介護】東京都練馬区小竹町1-35-4グレース江古田　１Ｆ", "url": "https://www.kaigokensaku.mhlw.go.jp/13/index.php?action_kouhyou_detail_004_kani=true&JigyosyoCd=1372006096-00&ServiceCd=150&Type=search", "url2": "https://ishiwata-kaigo.com" }, "geometry": { "type": "Point", "coordinates": [ 139.676763599999958, 35.738253800000017 ] } },
{ "type": "Feature", "properties": { "内容": "ツクイ　練馬南田中【通所介護】東京都練馬区南田中4-7-3", "url": "https://www.kaigokensaku.mhlw.go.jp/13/index.php?action_kouhyou_detail_004_kani=true&JigyosyoCd=1372008449-00&ServiceCd=150&Type=search", "url2": "http://www.tsukui.net" }, "geometry": { "type": "Point", "coordinates": [ 139.6124807, 35.732406 ] } },
{ "type": "Feature", "properties": { "内容": "SOMPOケア桜台デイサービス【通所介護】東京都練馬区桜台2-29-11", "url": "https://www.kaigokensaku.mhlw.go.jp/13/index.php?action_kouhyou_detail_004_kani=true&JigyosyoCd=1372012557-00&ServiceCd=150&Type=search", "url2": "https://www.sompocare.com" }, "geometry": { "type": "Point", "coordinates": [ 139.665259742327862, 35.74307901600455 ] } },
{ "type": "Feature", "properties": { "内容": "デイサービス　スマイル大学【通所介護】東京都練馬区高松２-１５-２２", "url": "https://www.kaigokensaku.mhlw.go.jp/13/index.php?action_kouhyou_detail_004_kani=true&JigyosyoCd=1372012623-00&ServiceCd=150&Type=search", "url2": "https://www.smilecarenerima.jp/" }, "geometry": { "type": "Point", "coordinates": [ 139.6328476, 35.7486935 ] } },
{ "type": "Feature", "properties": { "内容": "ルネサンス元氣ジム大泉学園【通所介護】東京都練馬区大泉町4-34-27レーベンハウス大泉1階", "url": "https://www.kaigokensaku.mhlw.go.jp/13/index.php?action_kouhyou_detail_004_kani=true&JigyosyoCd=1372014736-00&ServiceCd=150&Type=search", "url2": "https://kaigo.s-re.jp/kg/" }, "geometry": { "type": "Point", "coordinates": [ 139.5945068, 35.7632982 ] } },
{ "type": "Feature", "properties": { "内容": "リハビリデイサービスnagomiプラス石神井店【通所介護】東京都練馬区上石神井　2-18-15エレガンス石神井1階", "url": "https://www.kaigokensaku.mhlw.go.jp/13/index.php?action_kouhyou_detail_004_kani=true&JigyosyoCd=1372012607-00&ServiceCd=150&Type=search", "url2": "http://www.my-nagomi.com" }, "geometry": { "type": "Point", "coordinates": [ 139.594036920237727, 35.729639668463527 ] } },
{ "type": "Feature", "properties": { "内容": "みちなかの里　南大泉店【通所介護】東京都練馬区南大泉1-48-1", "url": "https://www.kaigokensaku.mhlw.go.jp/13/index.php?action_kouhyou_detail_004_kani=true&JigyosyoCd=1372012748-00&ServiceCd=150&Type=search", "url2": "https://ameblo.jp/michinakashakujii/" }, "geometry": { "type": "Point", "coordinates": [ 139.573866800000019, 35.7430952 ] } },
{ "type": "Feature", "properties": { "内容": "練馬区立土支田デイサービスセンター【通所介護】東京都練馬区土支田2-40-18シルバーピア　かたくりの里", "url": "https://www.kaigokensaku.mhlw.go.jp/13/index.php?action_kouhyou_detail_004_kani=true&JigyosyoCd=1372004968-00&ServiceCd=150&Type=search", "url2": "http://www.nerima-swf.jp/office/21?c=7" }, "geometry": { "type": "Point", "coordinates": [ 139.611396, 35.7642438 ] } },
{ "type": "Feature", "properties": { "内容": "株式会社ケアサービス　デイサービスセンター春日町【通所介護】東京都練馬区春日町5-31-23West練馬春日町1Ｆ", "url": "https://www.kaigokensaku.mhlw.go.jp/13/index.php?action_kouhyou_detail_004_kani=true&JigyosyoCd=1372006419-00&ServiceCd=150&Type=search", "url2": "http://www.care.co.jp" }, "geometry": { "type": "Point", "coordinates": [ 139.6386609, 35.7513823 ] } },
{ "type": "Feature", "properties": { "内容": "ケアパートナー大泉【通所介護】東京都練馬区西大泉　６－１１－１セレノプラシード１F", "url": "https://www.kaigokensaku.mhlw.go.jp/13/index.php?action_kouhyou_detail_004_kani=true&JigyosyoCd=1372007086-00&ServiceCd=150&Type=search", "url2": "https://www.care-partner.com/place/oizumi/" }, "geometry": { "type": "Point", "coordinates": [ 139.568927600000052, 35.7616095 ] } },
{ "type": "Feature", "properties": { "内容": "ジョイリハSPA光が丘【通所介護】東京都練馬区田柄3-4-14", "url": "https://www.kaigokensaku.mhlw.go.jp/13/index.php?action_kouhyou_detail_004_kani=true&JigyosyoCd=1372007391-00&ServiceCd=150&Type=search", "url2": "http://www.okamoto-group.co.jp/joyreha/index.html" }, "geometry": { "type": "Point", "coordinates": [ 139.642299200000025, 35.7599702 ] } },
{ "type": "Feature", "properties": { "内容": "ツクイ練馬春日町【通所介護】東京都練馬区春日町2-9-33", "url": "https://www.kaigokensaku.mhlw.go.jp/13/index.php?action_kouhyou_detail_004_kani=true&JigyosyoCd=1372009389-00&ServiceCd=150&Type=search", "url2": "http://www.tsukui.net" }, "geometry": { "type": "Point", "coordinates": [ 139.645631291540525, 35.754561989235896 ] } },
{ "type": "Feature", "properties": { "内容": "デイサービスヨウコー練馬北町【通所介護】東京都練馬区北町１－４４－３練馬北町シティハウス１階", "url": "https://www.kaigokensaku.mhlw.go.jp/13/index.php?action_kouhyou_detail_004_kani=true&JigyosyoCd=1372009835-00&ServiceCd=150&Type=search", "url2": "https://rehabili-youko.com" }, "geometry": { "type": "Point", "coordinates": [ 139.6686886, 35.765653600000014 ] } },
{ "type": "Feature", "properties": { "内容": "ルネサンス元氣ジム光が丘【通所介護】東京都練馬区高松5－12－9ボンソワール1階", "url": "https://www.kaigokensaku.mhlw.go.jp/13/index.php?action_kouhyou_detail_004_kani=true&JigyosyoCd=1372010965-00&ServiceCd=150&Type=search", "url2": "http://kaigo.s-re.jp/" }, "geometry": { "type": "Point", "coordinates": [ 139.621020199999947, 35.7577865 ] } },
{ "type": "Feature", "properties": { "内容": "デイフォレスト練馬錦【通所介護】東京都練馬区錦2丁目１３－１２", "url": "https://www.kaigokensaku.mhlw.go.jp/13/index.php?action_kouhyou_detail_004_kani=true&JigyosyoCd=1372011344-00&ServiceCd=150&Type=search", "url2": "http://www.fillcare.co.jp/" }, "geometry": { "type": "Point", "coordinates": [ 139.6660559, 35.762584499999988 ] } },
{ "type": "Feature", "properties": { "内容": "歌笑デイサービスセンター笑いの北町【通所介護】東京都練馬区北町1-19-15リュミエール105", "url": "https://www.kaigokensaku.mhlw.go.jp/13/index.php?action_kouhyou_detail_004_kani=true&JigyosyoCd=1372011435-00&ServiceCd=150&Type=search", "url2": "http://hibari-care.jp/" }, "geometry": { "type": "Point", "coordinates": [ 139.6674554, 35.7642982 ] } },
{ "type": "Feature", "properties": { "内容": "デイサービスセンターなごやか練馬【通所介護】東京都練馬区早宮1-32-12サンサン豊島園1階", "url": "https://www.kaigokensaku.mhlw.go.jp/13/index.php?action_kouhyou_detail_004_kani=true&JigyosyoCd=1372011450-00&ServiceCd=150&Type=search", "url2": "http://www.nagoyaka-link.co.jp/club/nerima/" }, "geometry": { "type": "Point", "coordinates": [ 139.656476200000043, 35.7497552 ] } },
{ "type": "Feature", "properties": { "内容": "ジョイリハプラス北町【通所介護】東京都練馬区北町1-11-12渡久第一ビルUR都市機構練馬北町一丁目1階", "url": "https://www.kaigokensaku.mhlw.go.jp/13/index.php?action_kouhyou_detail_004_kani=true&JigyosyoCd=1372012250-00&ServiceCd=150&Type=search", "url2": "https://joyreha.co.jp/shop/%E3%82%B8%E3%83%A7%E3%82%A4%E3%83%AA%E3%83%8F%E3%83%97%E3%83%A9%E3%82%B9%E5%8C%97%E7%94%BA/" }, "geometry": { "type": "Point", "coordinates": [ 139.666080500000021, 35.7637982 ] } },
{ "type": "Feature", "properties": { "内容": "ツクイ練馬光が丘【通所介護】東京都練馬区土支田1-20-11", "url": "https://www.kaigokensaku.mhlw.go.jp/13/index.php?action_kouhyou_detail_004_kani=true&JigyosyoCd=1372012789-00&ServiceCd=150&Type=search", "url2": "https://www.tsukui.net/home-care/2715/" }, "geometry": { "type": "Point", "coordinates": [ 139.6178622, 35.7638945 ] } },
{ "type": "Feature", "properties": { "内容": "リハビリデイサービスnagomiプラス高松店【通所介護】東京都練馬区高松6-8-19", "url": "https://www.kaigokensaku.mhlw.go.jp/13/index.php?action_kouhyou_detail_004_kani=true&JigyosyoCd=1372013571-00&ServiceCd=150&Type=search", "url2": "https://ncs.my-nagomi.com" }, "geometry": { "type": "Point", "coordinates": [ 139.617318899999987, 35.7575842 ] } },
{ "type": "Feature", "properties": { "内容": "デイサービス健楽　氷川台【通所介護】東京都練馬区氷川台4－29－1コーポSS１０１", "url": "https://www.kaigokensaku.mhlw.go.jp/13/index.php?action_kouhyou_detail_004_kani=true&JigyosyoCd=1372013779-00&ServiceCd=150&Type=search", "url2": "http://trustlife2021.com" }, "geometry": { "type": "Point", "coordinates": [ 139.6660214, 35.7546166 ] } },
{ "type": "Feature", "properties": { "内容": "株式会社ケアサービス　デイサービスセンター大泉学園【通所介護】東京都練馬区東大泉6-52-5プライマル大泉学園1F", "url": "https://www.kaigokensaku.mhlw.go.jp/13/index.php?action_kouhyou_detail_004_kani=true&JigyosyoCd=1372013837-00&ServiceCd=150&Type=search", "url2": "https://www.care.co.jp/office/ds_ooizumigakuen" }, "geometry": { "type": "Point", "coordinates": [ 139.585005700000011, 35.74941290000001 ] } },
{ "type": "Feature", "properties": { "内容": "らいおんハートリハビリデイサービス光が丘【通所介護】東京都練馬区旭町1-8-7フォレスト上原1F", "url": "https://www.kaigokensaku.mhlw.go.jp/13/index.php?action_kouhyou_detail_004_kani=true&JigyosyoCd=1372014165-00&ServiceCd=150&Type=search", "url2": null }, "geometry": { "type": "Point", "coordinates": [ 139.620173843768754, 35.762558370909218 ] } },
{ "type": "Feature", "properties": { "内容": "グッデイ西大泉【通所介護】東京都練馬区西大泉1-32-3コンフォート西大泉Ⅱ　1Ｆ/203", "url": "https://www.kaigokensaku.mhlw.go.jp/13/index.php?action_kouhyou_detail_004_kani=true&JigyosyoCd=1372014223-00&ServiceCd=150&Type=search", "url2": null }, "geometry": { "type": "Point", "coordinates": [ 139.5683038, 35.7551519 ] } },
{ "type": "Feature", "properties": { "内容": "ウェルビスタ　ケアスタジオ　練馬北町【通所介護】東京都練馬区北町3-16-10ソライエアイル練馬北町", "url": "https://www.kaigokensaku.mhlw.go.jp/13/index.php?action_kouhyou_detail_004_kani=true&JigyosyoCd=1372014272-00&ServiceCd=150&Type=search", "url2": "https://www.sykz.co.jp/shisetsu-zaitaku/134711" }, "geometry": { "type": "Point", "coordinates": [ 139.657963099999989, 35.7642298 ] } },
{ "type": "Feature", "properties": { "内容": "ジョイリハSPA東武練馬【通所介護】東京都練馬区北町1-35-3池上ビル1F", "url": "https://www.kaigokensaku.mhlw.go.jp/13/index.php?action_kouhyou_detail_004_kani=true&JigyosyoCd=1372014462-00&ServiceCd=150&Type=search", "url2": "https://joyreha.co.jp/" }, "geometry": { "type": "Point", "coordinates": [ 139.6660355, 35.7664191 ] } },
{ "type": "Feature", "properties": { "内容": "パナソニックエイジフリー練馬春日町デイサービス【通所介護】東京都練馬区春日町3丁目33-27サンヴェリー真野1F", "url": "https://www.kaigokensaku.mhlw.go.jp/13/index.php?action_kouhyou_detail_004_kani=true&JigyosyoCd=1372006138-00&ServiceCd=150&Type=search", "url2": "http://panasonic.biz/healthcare/elderlycare/" }, "geometry": { "type": "Point", "coordinates": [ 139.643635499999959, 35.7528989 ] } },
{ "type": "Feature", "properties": { "内容": "アズハイムテラス練馬【通所介護】東京都練馬区土支田2-21-5", "url": "https://www.kaigokensaku.mhlw.go.jp/13/index.php?action_kouhyou_detail_004_kani=true&JigyosyoCd=1372009108-00&ServiceCd=150&Type=search", "url2": "http://www.as-heim.com" }, "geometry": { "type": "Point", "coordinates": [ 139.6142347, 35.7616775 ] } },
{ "type": "Feature", "properties": { "内容": "らいおんハートリハビリ温泉デイサービス練馬【通所介護】東京都練馬区東大泉７－３６－１１サンヒルズいがしら　１階", "url": "https://www.kaigokensaku.mhlw.go.jp/13/index.php?action_kouhyou_detail_004_kani=true&JigyosyoCd=1372012300-00&ServiceCd=150&Type=search", "url2": "https://lion-heart.co/html/notfound.html" }, "geometry": { "type": "Point", "coordinates": [ 139.579794099999958, 35.747044899999985 ] } },
{ "type": "Feature", "properties": { "内容": "光陽苑【通所介護】東京都練馬区西大泉5丁目21番2号", "url": "https://www.kaigokensaku.mhlw.go.jp/13/index.php?action_kouhyou_detail_004_kani=true&JigyosyoCd=1372000537-00&ServiceCd=150&Type=search", "url2": "https://senyoukai.or.jp/" }, "geometry": { "type": "Point", "coordinates": [ 139.569597199999947, 35.7567601 ] } },
{ "type": "Feature", "properties": { "内容": "かがやきデイサービス東大泉【通所介護】東京都練馬区東大泉1-20-44", "url": "https://www.kaigokensaku.mhlw.go.jp/13/index.php?action_kouhyou_detail_004_kani=true&JigyosyoCd=1372011237-00&ServiceCd=150&Type=search", "url2": "https://www.ymmd.co.jp/" }, "geometry": { "type": "Point", "coordinates": [ 139.59103540000001, 35.7500734 ] } },
{ "type": "Feature", "properties": { "内容": "老人デイサービスセンターはるかぜ【通所介護】東京都足立区東保木間一丁目１９番５号", "url": "https://www.kaigokensaku.mhlw.go.jp/13/index.php?action_kouhyou_detail_004_kani=true&JigyosyoCd=1372106094-00&ServiceCd=150&Type=search", "url2": "http://www.haruhato.jp/" }, "geometry": { "type": "Point", "coordinates": [ 139.815844100000049, 35.7888184 ] } },
{ "type": "Feature", "properties": { "内容": "デイサービスセンター　ロイヤル足立【通所介護】東京都足立区舎人3丁目1-19", "url": "https://www.kaigokensaku.mhlw.go.jp/13/index.php?action_kouhyou_detail_004_kani=true&JigyosyoCd=1372114544-00&ServiceCd=150&Type=search", "url2": null }, "geometry": { "type": "Point", "coordinates": [ 139.77453220000001, 35.8106358 ] } },
{ "type": "Feature", "properties": { "内容": "デイサービスセンター朝日【通所介護】東京都足立区興野1-18-12", "url": "https://www.kaigokensaku.mhlw.go.jp/13/index.php?action_kouhyou_detail_004_kani=true&JigyosyoCd=1372106334-00&ServiceCd=150&Type=search", "url2": "http://hp.kaipoke.biz/6bx/" }, "geometry": { "type": "Point", "coordinates": [ 139.781078400000069, 35.7679818 ] } },
{ "type": "Feature", "properties": { "内容": "デイサービスセンター扇【通所介護】東京都足立区扇１－５２－２３", "url": "https://www.kaigokensaku.mhlw.go.jp/13/index.php?action_kouhyou_detail_004_kani=true&JigyosyoCd=1372101517-00&ServiceCd=150&Type=search", "url2": "http://www.seifuukai.or.jp/" }, "geometry": { "type": "Point", "coordinates": [ 139.773962500000039, 35.7668178 ] } },
{ "type": "Feature", "properties": { "内容": "デイサービスセンターはなはた【通所介護】東京都足立区花畑4丁目39番10号", "url": "https://www.kaigokensaku.mhlw.go.jp/13/index.php?action_kouhyou_detail_004_kani=true&JigyosyoCd=1372101574-00&ServiceCd=150&Type=search", "url2": "http://www.seifuukai.or.jp" }, "geometry": { "type": "Point", "coordinates": [ 139.809833, 35.8063634 ] } },
{ "type": "Feature", "properties": { "内容": "老人デイサービスセンタープレミア扇【通所介護】東京都足立区扇1-3-5", "url": "https://www.kaigokensaku.mhlw.go.jp/13/index.php?action_kouhyou_detail_004_kani=true&JigyosyoCd=1372105344-00&ServiceCd=150&Type=search", "url2": "http://www.100.or.jp" }, "geometry": { "type": "Point", "coordinates": [ 139.77640150000002, 35.760038 ] } },
{ "type": "Feature", "properties": { "内容": "デイサービスセンター　ハピネスあだち【通所介護】東京都足立区江北3-14-1", "url": "https://www.kaigokensaku.mhlw.go.jp/13/index.php?action_kouhyou_detail_004_kani=true&JigyosyoCd=1372105443-00&ServiceCd=150&Type=search", "url2": "http://family-wf.jp" }, "geometry": { "type": "Point", "coordinates": [ 139.763085400000023, 35.7741221 ] } },
{ "type": "Feature", "properties": { "内容": "デイサービスセンター　ル・ソラリオン綾瀬【通所介護】東京都足立区東綾瀬3-9-1", "url": "https://www.kaigokensaku.mhlw.go.jp/13/index.php?action_kouhyou_detail_004_kani=true&JigyosyoCd=1372110716-00&ServiceCd=150&Type=search", "url2": "https://www.med-wel.jp" }, "geometry": { "type": "Point", "coordinates": [ 139.834804, 35.7698211 ] } },
{ "type": "Feature", "properties": { "内容": "デイサービスセンター　oneHeart【通所介護】東京都足立区花畑3-12-4メゾンクレール1F", "url": "https://www.kaigokensaku.mhlw.go.jp/13/index.php?action_kouhyou_detail_004_kani=true&JigyosyoCd=1372114775-00&ServiceCd=150&Type=search", "url2": "https://nextone-hanahata.com/" }, "geometry": { "type": "Point", "coordinates": [ 139.813317500000011, 35.8019768 ] } },
{ "type": "Feature", "properties": { "内容": "デイサービスセンター六月【通所介護】東京都足立区六月1丁目6番1号", "url": "https://www.kaigokensaku.mhlw.go.jp/13/index.php?action_kouhyou_detail_004_kani=true&JigyosyoCd=1372101434-00&ServiceCd=150&Type=search", "url2": "http://www.seifuukai.or.jp/" }, "geometry": { "type": "Point", "coordinates": [ 139.8005233, 35.7851216 ] } },
{ "type": "Feature", "properties": { "内容": "足立区さのデイサービスセンター【通所介護】東京都足立区佐野2丁目３０－１２", "url": "https://www.kaigokensaku.mhlw.go.jp/13/index.php?action_kouhyou_detail_004_kani=true&JigyosyoCd=1372101475-00&ServiceCd=150&Type=search", "url2": "http://www.t-souseikai.or.jp/" }, "geometry": { "type": "Point", "coordinates": [ 139.836214700000028, 35.7885547 ] } },
{ "type": "Feature", "properties": { "内容": "紫磨園在宅サービスセンター【通所介護】東京都足立区入谷3-3-6", "url": "https://www.kaigokensaku.mhlw.go.jp/13/index.php?action_kouhyou_detail_004_kani=true&JigyosyoCd=1372101533-00&ServiceCd=150&Type=search", "url2": "http://www.aijukai.com/" }, "geometry": { "type": "Point", "coordinates": [ 139.762036593254123, 35.810542096321967 ] } },
{ "type": "Feature", "properties": { "内容": "足立ケアコミュニティそよ風【通所介護】東京都足立区梅島2-31-14", "url": "https://www.kaigokensaku.mhlw.go.jp/13/index.php?action_kouhyou_detail_004_kani=true&JigyosyoCd=1372101582-00&ServiceCd=150&Type=search", "url2": "https://www.sykz.co.jp/" }, "geometry": { "type": "Point", "coordinates": [ 139.801723399999986, 35.7782891 ] } },
{ "type": "Feature", "properties": { "内容": "デイサービスセンターさくら【通所介護】東京都足立区皿沼二丁目８番８号", "url": "https://www.kaigokensaku.mhlw.go.jp/13/index.php?action_kouhyou_detail_004_kani=true&JigyosyoCd=1372101889-00&ServiceCd=150&Type=search", "url2": "https://www.houeikai.gr.jp" }, "geometry": { "type": "Point", "coordinates": [ 139.768267700000024, 35.7904589 ] } },
{ "type": "Feature", "properties": { "内容": "高齢者在宅サービスセンター中央本町【通所介護】東京都足立区中央本町4-14-20", "url": "https://www.kaigokensaku.mhlw.go.jp/13/index.php?action_kouhyou_detail_004_kani=true&JigyosyoCd=1372102309-00&ServiceCd=150&Type=search", "url2": "https://s-suginoko.or.jp/" }, "geometry": { "type": "Point", "coordinates": [ 139.808522900000071, 35.7764476 ] } },
{ "type": "Feature", "properties": { "内容": "ウエルガーデン伊興園【通所介護】東京都足立区伊興３丁目７番４号", "url": "https://www.kaigokensaku.mhlw.go.jp/13/index.php?action_kouhyou_detail_004_kani=true&JigyosyoCd=1372102366-00&ServiceCd=150&Type=search", "url2": "https://welgarden.or.jp/facilities/ikoen/common-day-service/" }, "geometry": { "type": "Point", "coordinates": [ 139.783713361901874, 35.792117277922657 ] } },
{ "type": "Feature", "properties": { "内容": "イーストピア東和【通所介護】東京都足立区東和4-7-23", "url": "https://www.kaigokensaku.mhlw.go.jp/13/index.php?action_kouhyou_detail_004_kani=true&JigyosyoCd=1372102549-00&ServiceCd=150&Type=search", "url2": "http://kenshukai.kir.jp" }, "geometry": { "type": "Point", "coordinates": [ 139.8432616, 35.7727098 ] } },
{ "type": "Feature", "properties": { "内容": "ふちえデイサービスセンター【通所介護】東京都足立区保木間４－３１－１", "url": "https://www.kaigokensaku.mhlw.go.jp/13/index.php?action_kouhyou_detail_004_kani=true&JigyosyoCd=1372105096-00&ServiceCd=150&Type=search", "url2": null }, "geometry": { "type": "Point", "coordinates": [ 139.806425200000035, 35.79822 ] } },
{ "type": "Feature", "properties": { "内容": "日介ケアセンター本木【通所介護】東京都足立区本木1-20-5日介ケアセンター本木", "url": "https://www.kaigokensaku.mhlw.go.jp/13/index.php?action_kouhyou_detail_004_kani=true&JigyosyoCd=1372106052-00&ServiceCd=150&Type=search", "url2": "http://www.nikkai-center.co.jp" }, "geometry": { "type": "Point", "coordinates": [ 139.78456170000004, 35.7629686 ] } },
{ "type": "Feature", "properties": { "内容": "ケアセンターつどい足立入谷【通所介護】東京都足立区入谷1-27-18", "url": "https://www.kaigokensaku.mhlw.go.jp/13/index.php?action_kouhyou_detail_004_kani=true&JigyosyoCd=1372106441-00&ServiceCd=150&Type=search", "url2": "http://www.mcp-net.jp" }, "geometry": { "type": "Point", "coordinates": [ 139.7652898, 35.8055648 ] } },
{ "type": "Feature", "properties": { "内容": "株式会社　ケアサービス　デイサービスセンター西保木間【通所介護】東京都足立区西保木間1-23-4", "url": "https://www.kaigokensaku.mhlw.go.jp/13/index.php?action_kouhyou_detail_004_kani=true&JigyosyoCd=1372107118-00&ServiceCd=150&Type=search", "url2": "http://www.care.co.jp" }, "geometry": { "type": "Point", "coordinates": [ 139.7981843, 35.7971785 ] } },
{ "type": "Feature", "properties": { "内容": "デイサービスセンター　ピオーネ西新井【通所介護】東京都足立区西新井1-33-15", "url": "https://www.kaigokensaku.mhlw.go.jp/13/index.php?action_kouhyou_detail_004_kani=true&JigyosyoCd=1372110005-00&ServiceCd=150&Type=search", "url2": "https://www.isto.or.jp" }, "geometry": { "type": "Point", "coordinates": [ 139.782461199999943, 35.7808885 ] } },
{ "type": "Feature", "properties": { "内容": "平成デイサービスセンター足立【通所介護】東京都足立区入谷１－８－１５ケアホーム足立　３F", "url": "https://www.kaigokensaku.mhlw.go.jp/13/index.php?action_kouhyou_detail_004_kani=true&JigyosyoCd=1372110120-00&ServiceCd=150&Type=search", "url2": "http://www.adachi.tokuyou.jp" }, "geometry": { "type": "Point", "coordinates": [ 139.769815817196672, 35.80365714153325 ] } },
{ "type": "Feature", "properties": { "内容": "ドーミーＣａｒｅ　Ｌｅｖｉ亀有【通所介護】東京都足立区東和１－１７－２６", "url": "https://www.kaigokensaku.mhlw.go.jp/13/index.php?action_kouhyou_detail_004_kani=true&JigyosyoCd=1372110641-00&ServiceCd=150&Type=search", "url2": "http://www.dormy-senior.com" }, "geometry": { "type": "Point", "coordinates": [ 139.838612199999943, 35.767174300000029 ] } },
{ "type": "Feature", "properties": { "内容": "千住桜花苑【通所介護】東京都足立区千住元町18番19号", "url": "https://www.kaigokensaku.mhlw.go.jp/13/index.php?action_kouhyou_detail_004_kani=true&JigyosyoCd=1372106425-00&ServiceCd=150&Type=search", "url2": "http://www.seifuukai.or.jp" }, "geometry": { "type": "Point", "coordinates": [ 139.793369799999937, 35.7554225 ] } },
{ "type": "Feature", "properties": { "内容": "デイサービスセンターケアサポートあだち【通所介護】東京都足立区千住河原町22-3", "url": "https://www.kaigokensaku.mhlw.go.jp/13/index.php?action_kouhyou_detail_004_kani=true&JigyosyoCd=1372108827-00&ServiceCd=150&Type=search", "url2": "http://www.care-support.biz" }, "geometry": { "type": "Point", "coordinates": [ 139.798250223278842, 35.74228582953117 ] } },
{ "type": "Feature", "properties": { "内容": "高齢者在宅サービスセンター　西新井本町　友興の園【通所介護】東京都足立区西新井本町4丁目13番16号", "url": "https://www.kaigokensaku.mhlw.go.jp/13/index.php?action_kouhyou_detail_004_kani=true&JigyosyoCd=1372101459-00&ServiceCd=150&Type=search", "url2": "https://yukokai.or.jp/gracehome/" }, "geometry": { "type": "Point", "coordinates": [ 139.778561800000034, 35.7730088 ] } },
{ "type": "Feature", "properties": { "内容": "シンシア足立【通所介護】東京都足立区扇2丁目42番8号", "url": "https://www.kaigokensaku.mhlw.go.jp/13/index.php?action_kouhyou_detail_004_kani=true&JigyosyoCd=1372113215-00&ServiceCd=150&Type=search", "url2": "https://www.sincere-gri.com/044_adachids/index.html" }, "geometry": { "type": "Point", "coordinates": [ 139.769194336770624, 35.768310015726065 ] } },
{ "type": "Feature", "properties": { "内容": "わくわく倶楽部等潤【通所介護】東京都足立区一ツ家4-2-11", "url": "https://www.kaigokensaku.mhlw.go.jp/13/index.php?action_kouhyou_detail_004_kani=true&JigyosyoCd=1372114221-00&ServiceCd=150&Type=search", "url2": "https://www.jiseikai-phcc.jp/tojun_hospital/" }, "geometry": { "type": "Point", "coordinates": [ 139.8161852, 35.7796409 ] } },
{ "type": "Feature", "properties": { "内容": "こまどりデイサービスセンター【通所介護】東京都足立区西伊興４－７－２１メディネスト第4ビル　1.2階", "url": "https://www.kaigokensaku.mhlw.go.jp/13/index.php?action_kouhyou_detail_004_kani=true&JigyosyoCd=1372101764-00&ServiceCd=150&Type=search", "url2": "http//www.fukujukaigr.or.jp/" }, "geometry": { "type": "Point", "coordinates": [ 139.780806945837298, 35.804312341005982 ] } },
{ "type": "Feature", "properties": { "内容": "デイサービスきたがわ【通所介護】東京都足立区千住橋戸町34-1アゼリアコート2F", "url": "https://www.kaigokensaku.mhlw.go.jp/13/index.php?action_kouhyou_detail_004_kani=true&JigyosyoCd=1372102127-00&ServiceCd=150&Type=search", "url2": null }, "geometry": { "type": "Point", "coordinates": [ 139.797273289935333, 35.740366277926434 ] } },
{ "type": "Feature", "properties": { "内容": "デイサービスソラスト竹ノ塚【通所介護】東京都足立区竹の塚１－３０－２０泰尚ビル３階", "url": "https://www.kaigokensaku.mhlw.go.jp/13/index.php?action_kouhyou_detail_004_kani=true&JigyosyoCd=1372104008-00&ServiceCd=150&Type=search", "url2": null }, "geometry": { "type": "Point", "coordinates": [ 139.791776700000014, 35.792268 ] } },
{ "type": "Feature", "properties": { "内容": "ニチイケアセンター中川【通所介護】東京都足立区中川一丁目3番10号", "url": "https://www.kaigokensaku.mhlw.go.jp/13/index.php?action_kouhyou_detail_004_kani=true&JigyosyoCd=1372107373-00&ServiceCd=150&Type=search", "url2": "http://www.nichiigakkan.co.jp" }, "geometry": { "type": "Point", "coordinates": [ 139.85319979999997, 35.7672664 ] } },
{ "type": "Feature", "properties": { "内容": "リハビリステーション谷中翔裕園【通所介護】東京都足立区谷中1-17-7あやせコミュニティパーク", "url": "https://www.kaigokensaku.mhlw.go.jp/13/index.php?action_kouhyou_detail_004_kani=true&JigyosyoCd=1372107951-00&ServiceCd=150&Type=search", "url2": "http://www.chojumura.or.jp" }, "geometry": { "type": "Point", "coordinates": [ 139.8321042, 35.7715485 ] } },
{ "type": "Feature", "properties": { "内容": "デイサービスわかば西新井【通所介護】東京都足立区西新井4-20-1", "url": "https://www.kaigokensaku.mhlw.go.jp/13/index.php?action_kouhyou_detail_004_kani=true&JigyosyoCd=1372114890-00&ServiceCd=150&Type=search", "url2": "https://wakaba-care.co.jp" }, "geometry": { "type": "Point", "coordinates": [ 139.7732743, 35.7856163 ] } },
{ "type": "Feature", "properties": { "内容": "足立区日の出デイサービスセンター【通所介護】東京都足立区日ノ出町２７－３101", "url": "https://www.kaigokensaku.mhlw.go.jp/13/index.php?action_kouhyou_detail_004_kani=true&JigyosyoCd=1372101491-00&ServiceCd=150&Type=search", "url2": "http://www.t-souseikai.or.jp/adachi2/nursing_hinode.html" }, "geometry": { "type": "Point", "coordinates": [ 139.80888559999994, 35.7517759 ] } },
{ "type": "Feature", "properties": { "内容": "西綾瀬在宅サービスセンター【通所介護】東京都足立区西綾瀬３－２－１", "url": "https://www.kaigokensaku.mhlw.go.jp/13/index.php?action_kouhyou_detail_004_kani=true&JigyosyoCd=1372101525-00&ServiceCd=150&Type=search", "url2": "http://www.aijukai.com/" }, "geometry": { "type": "Point", "coordinates": [ 139.815656399999966, 35.7617635 ] } },
{ "type": "Feature", "properties": { "内容": "高齢者在宅サービスセンターはごろも【通所介護】東京都足立区西新井５丁目34番1号", "url": "https://www.kaigokensaku.mhlw.go.jp/13/index.php?action_kouhyou_detail_004_kani=true&JigyosyoCd=1372102341-00&ServiceCd=150&Type=search", "url2": "http://www.gokeikai.or.jp/" }, "geometry": { "type": "Point", "coordinates": [ 139.774931199999969, 35.7856126 ] } },
{ "type": "Feature", "properties": { "内容": "高齢者在宅サービスセンター西新井【通所介護】東京都足立区西新井2丁目5番5号", "url": "https://www.kaigokensaku.mhlw.go.jp/13/index.php?action_kouhyou_detail_004_kani=true&JigyosyoCd=1372103414-00&ServiceCd=150&Type=search", "url2": "http://www.nishiaraidaiwakai.or.jp/" }, "geometry": { "type": "Point", "coordinates": [ 139.779600592561337, 35.784038428458778 ] } },
{ "type": "Feature", "properties": { "内容": "ケアセンターつどい谷中【通所介護】東京都足立区谷中3-8-20", "url": "https://www.kaigokensaku.mhlw.go.jp/13/index.php?action_kouhyou_detail_004_kani=true&JigyosyoCd=1372104040-00&ServiceCd=150&Type=search", "url2": "http://www.mcp-net.jp" }, "geometry": { "type": "Point", "coordinates": [ 139.834845500000029, 35.7785421 ] } },
{ "type": "Feature", "properties": { "内容": "フィットネスデイハンド・イン・ハンド【通所介護】東京都足立区西新井5－13－8", "url": "https://www.kaigokensaku.mhlw.go.jp/13/index.php?action_kouhyou_detail_004_kani=true&JigyosyoCd=1372107316-00&ServiceCd=150&Type=search", "url2": "http://www.hand-in-hand.co.jp/" }, "geometry": { "type": "Point", "coordinates": [ 139.777389299999982, 35.7834741 ] } },
{ "type": "Feature", "properties": { "内容": "ツクイ足立古千谷【通所介護】東京都足立区古千谷本町4-7-5", "url": "https://www.kaigokensaku.mhlw.go.jp/13/index.php?action_kouhyou_detail_004_kani=true&JigyosyoCd=1372107696-00&ServiceCd=150&Type=search", "url2": "https://www.tsukui.net/home-care/2482" }, "geometry": { "type": "Point", "coordinates": [ 139.7799662, 35.8055629 ] } },
{ "type": "Feature", "properties": { "内容": "デイサービス絆の家【通所介護】東京都足立区佐野2-32-14102号", "url": "https://www.kaigokensaku.mhlw.go.jp/13/index.php?action_kouhyou_detail_004_kani=true&JigyosyoCd=1372110948-00&ServiceCd=150&Type=search", "url2": "https://kizunanoie.hp.peraichi.com/site" }, "geometry": { "type": "Point", "coordinates": [ 139.837231299999985, 35.788857499999985 ] } },
{ "type": "Feature", "properties": { "内容": "デイサービスラスベガス足立【通所介護】東京都足立区島根1-1-8", "url": "https://www.kaigokensaku.mhlw.go.jp/13/index.php?action_kouhyou_detail_004_kani=true&JigyosyoCd=1372112712-00&ServiceCd=150&Type=search", "url2": "http://las-vegas.jp" }, "geometry": { "type": "Point", "coordinates": [ 139.801937299999963, 35.7788807 ] } },
{ "type": "Feature", "properties": { "内容": "デイサービス竹ノ塚　シャンティ【通所介護】東京都足立区竹の塚3-3-9", "url": "https://www.kaigokensaku.mhlw.go.jp/13/index.php?action_kouhyou_detail_004_kani=true&JigyosyoCd=1372113173-00&ServiceCd=150&Type=search", "url2": null }, "geometry": { "type": "Point", "coordinates": [ 139.798401717721589, 35.789119153478119 ] } },
{ "type": "Feature", "properties": { "内容": "クレア足立デイサービスセンター【通所介護】東京都足立区入谷2-19-10", "url": "https://www.kaigokensaku.mhlw.go.jp/13/index.php?action_kouhyou_detail_004_kani=true&JigyosyoCd=1372113587-00&ServiceCd=150&Type=search", "url2": null }, "geometry": { "type": "Point", "coordinates": [ 139.7633711, 35.8091253 ] } },
{ "type": "Feature", "properties": { "内容": "デイサービスゆいま～る【通所介護】東京都足立区千住仲町１６－４ゆいま～るビル", "url": "https://www.kaigokensaku.mhlw.go.jp/13/index.php?action_kouhyou_detail_004_kani=true&JigyosyoCd=1372102689-00&ServiceCd=150&Type=search", "url2": "http://www.kaigo-yuimaru.co.jp/" }, "geometry": { "type": "Point", "coordinates": [ 139.799147799999986, 35.746532 ] } },
{ "type": "Feature", "properties": { "内容": "おしどりデイサービスセンター【通所介護】東京都足立区鹿浜７－２５－１５", "url": "https://www.kaigokensaku.mhlw.go.jp/13/index.php?action_kouhyou_detail_004_kani=true&JigyosyoCd=1372106391-00&ServiceCd=150&Type=search", "url2": "http://fukujukaigr.or.jp" }, "geometry": { "type": "Point", "coordinates": [ 139.762901699999929, 35.7855538 ] } },
{ "type": "Feature", "properties": { "内容": "株式会社ケアサービス　デイサービスセンターたくみ【通所介護】東京都足立区南花畑2-6-8", "url": "https://www.kaigokensaku.mhlw.go.jp/13/index.php?action_kouhyou_detail_004_kani=true&JigyosyoCd=1372106466-00&ServiceCd=150&Type=search", "url2": "http://www.care.co.jp/" }, "geometry": { "type": "Point", "coordinates": [ 139.818929900000057, 35.7887573 ] } },
{ "type": "Feature", "properties": { "内容": "ケアパートナー花畑【通所介護】東京都足立区南花畑1丁目13-20セレッソ1階", "url": "https://www.kaigokensaku.mhlw.go.jp/13/index.php?action_kouhyou_detail_004_kani=true&JigyosyoCd=1372106474-00&ServiceCd=150&Type=search", "url2": "http://www.care-partner.com/" }, "geometry": { "type": "Point", "coordinates": [ 139.82466, 35.7877436 ] } },
{ "type": "Feature", "properties": { "内容": "デイサービスえくぼ【通所介護】東京都足立区保木間2丁目23番2号", "url": "https://www.kaigokensaku.mhlw.go.jp/13/index.php?action_kouhyou_detail_004_kani=true&JigyosyoCd=1372106557-00&ServiceCd=150&Type=search", "url2": "http://www.ekubo-care.jp" }, "geometry": { "type": "Point", "coordinates": [ 139.807758499999977, 35.7943149 ] } },
{ "type": "Feature", "properties": { "内容": "ジョイリハSAP北綾瀬【通所介護】東京都足立区谷中２－１０－１７アイリスセゾン1階", "url": "https://www.kaigokensaku.mhlw.go.jp/13/index.php?action_kouhyou_detail_004_kani=true&JigyosyoCd=1372106714-00&ServiceCd=150&Type=search", "url2": "https://joyreha.co.jp/" }, "geometry": { "type": "Point", "coordinates": [ 139.832812399999966, 35.7760785 ] } },
{ "type": "Feature", "properties": { "内容": "SHIBUYAデイサービスセンター【通所介護】東京都足立区舎人6-2-11SHIBUYAデイサービスセンター", "url": "https://www.kaigokensaku.mhlw.go.jp/13/index.php?action_kouhyou_detail_004_kani=true&JigyosyoCd=1372107894-00&ServiceCd=150&Type=search", "url2": "http://www.shibuya‐dsc.jp" }, "geometry": { "type": "Point", "coordinates": [ 139.76521301203141, 35.813241871474581 ] } },
{ "type": "Feature", "properties": { "内容": "ハートデイサービスセンター【通所介護】東京都足立区大谷田5-28-15TAS大谷田", "url": "https://www.kaigokensaku.mhlw.go.jp/13/index.php?action_kouhyou_detail_004_kani=true&JigyosyoCd=1372107936-00&ServiceCd=150&Type=search", "url2": "http://www.ayaseheart.or.jp/abrain/" }, "geometry": { "type": "Point", "coordinates": [ 139.838767178851271, 35.784151576985408 ] } },
{ "type": "Feature", "properties": { "内容": "㈱ケアサービス　デイサービスセンター島根【通所介護】東京都足立区島根4-5-24", "url": "https://www.kaigokensaku.mhlw.go.jp/13/index.php?action_kouhyou_detail_004_kani=true&JigyosyoCd=1372112332-00&ServiceCd=150&Type=search", "url2": null }, "geometry": { "type": "Point", "coordinates": [ 139.7945767, 35.7823081 ] } },
{ "type": "Feature", "properties": { "内容": "ベストリハ竹ノ塚【通所介護】東京都足立区竹の塚2-9-1トータス竹の塚", "url": "https://www.kaigokensaku.mhlw.go.jp/13/index.php?action_kouhyou_detail_004_kani=true&JigyosyoCd=1372112357-00&ServiceCd=150&Type=search", "url2": "http://bestreha.com" }, "geometry": { "type": "Point", "coordinates": [ 139.797315199999957, 35.7891545 ] } },
{ "type": "Feature", "properties": { "内容": "サンライズのデイサービス陽光【通所介護】東京都足立区西綾瀬2-7-6レミカーサ1F", "url": "https://www.kaigokensaku.mhlw.go.jp/13/index.php?action_kouhyou_detail_004_kani=true&JigyosyoCd=1372112514-00&ServiceCd=150&Type=search", "url2": "http://www.samaba.jp" }, "geometry": { "type": "Point", "coordinates": [ 139.813856399999963, 35.7636438 ] } },
{ "type": "Feature", "properties": { "内容": "デイサービスセンターバンビ　足立店【通所介護】東京都足立区神明南１－３－１５１階", "url": "https://www.kaigokensaku.mhlw.go.jp/13/index.php?action_kouhyou_detail_004_kani=true&JigyosyoCd=1372205276-00&ServiceCd=150&Type=search", "url2": "http://wcs-bambi.jp/" }, "geometry": { "type": "Point", "coordinates": [ 139.829095185952696, 35.787959909710352 ] } },
{ "type": "Feature", "properties": { "内容": "ベストリハステイ西新井【通所介護】東京都足立区加賀2-2-2", "url": "https://www.kaigokensaku.mhlw.go.jp/13/index.php?action_kouhyou_detail_004_kani=true&JigyosyoCd=1372112621-00&ServiceCd=150&Type=search", "url2": "https://service.bestreha.com/facility/facility-18588/" }, "geometry": { "type": "Point", "coordinates": [ 139.760953151626296, 35.790898776578835 ] } },
{ "type": "Feature", "properties": { "内容": "医療法人社団　容生会　デイサービスゆとり【通所介護】東京都足立区保塚１５－１９ようせいメディカルコート１Ｆ", "url": "https://www.kaigokensaku.mhlw.go.jp/13/index.php?action_kouhyou_detail_004_kani=true&JigyosyoCd=1372102945-00&ServiceCd=150&Type=search", "url2": "http://www.yosei.or.jp" }, "geometry": { "type": "Point", "coordinates": [ 139.811406655854398, 35.787504210833568 ] } },
{ "type": "Feature", "properties": { "内容": "ツクイ足立西新井【通所介護】東京都足立区西新井4-38-27", "url": "https://www.kaigokensaku.mhlw.go.jp/13/index.php?action_kouhyou_detail_004_kani=true&JigyosyoCd=1372103711-00&ServiceCd=150&Type=search", "url2": "http://www.tsukui.net" }, "geometry": { "type": "Point", "coordinates": [ 139.774993158051757, 35.789840242293018 ] } },
{ "type": "Feature", "properties": { "内容": "ツクイ足立佐野【通所介護】東京都足立区佐野1丁目33番7号", "url": "https://www.kaigokensaku.mhlw.go.jp/13/index.php?action_kouhyou_detail_004_kani=true&JigyosyoCd=1372104321-00&ServiceCd=150&Type=search", "url2": "https://www.tsukui.net" }, "geometry": { "type": "Point", "coordinates": [ 139.8429696, 35.7897213 ] } },
{ "type": "Feature", "properties": { "内容": "ツクイ足立入谷【通所介護】東京都足立区入谷5‐3‐2", "url": "https://www.kaigokensaku.mhlw.go.jp/13/index.php?action_kouhyou_detail_004_kani=true&JigyosyoCd=1372105179-00&ServiceCd=150&Type=search", "url2": "https://www.tsukui.net/home-care/2321/" }, "geometry": { "type": "Point", "coordinates": [ 139.7649284, 35.8027661 ] } },
{ "type": "Feature", "properties": { "内容": "デイサービスあおば　蜜柑の家【通所介護】東京都足立区辰沼２－４－１７", "url": "https://www.kaigokensaku.mhlw.go.jp/13/index.php?action_kouhyou_detail_004_kani=true&JigyosyoCd=1372105773-00&ServiceCd=150&Type=search", "url2": "https://aoba-day.co.jp/" }, "geometry": { "type": "Point", "coordinates": [ 139.835756400000037, 35.7874326 ] } },
{ "type": "Feature", "properties": { "内容": "株式会社ケアサービス　デイサービスセンター　江北【通所介護】東京都足立区江北3-38-23", "url": "https://www.kaigokensaku.mhlw.go.jp/13/index.php?action_kouhyou_detail_004_kani=true&JigyosyoCd=1372106987-00&ServiceCd=150&Type=search", "url2": "http://www.care.co.jp" }, "geometry": { "type": "Point", "coordinates": [ 139.761374299999943, 35.7777437 ] } },
{ "type": "Feature", "properties": { "内容": "ジョイリハ西新井【通所介護】東京都足立区江北7-22-15徳栄コーポ1F", "url": "https://www.kaigokensaku.mhlw.go.jp/13/index.php?action_kouhyou_detail_004_kani=true&JigyosyoCd=1372107191-00&ServiceCd=150&Type=search", "url2": "http://www.okamoto-group.co.jp/joyreha/" }, "geometry": { "type": "Point", "coordinates": [ 139.761490800000047, 35.7825208 ] } },
{ "type": "Feature", "properties": { "内容": "ミモザ大谷田【通所介護】東京都足立区大谷田１－１－３１０２", "url": "https://www.kaigokensaku.mhlw.go.jp/13/index.php?action_kouhyou_detail_004_kani=true&JigyosyoCd=1372107324-00&ServiceCd=150&Type=search", "url2": "http://www.mimoza-care.jp/" }, "geometry": { "type": "Point", "coordinates": [ 139.843658577840415, 35.778206544416634 ] } },
{ "type": "Feature", "properties": { "内容": "健遊館　大平湯【通所介護】東京都足立区青井6-21-3", "url": "https://www.kaigokensaku.mhlw.go.jp/13/index.php?action_kouhyou_detail_004_kani=true&JigyosyoCd=1372107811-00&ServiceCd=150&Type=search", "url2": "http://taiheiyu.kenyu.co.jp/" }, "geometry": { "type": "Point", "coordinates": [ 139.814105700000027, 35.7779558 ] } },
{ "type": "Feature", "properties": { "内容": "たのしいデイ　うめじま【通所介護】東京都足立区梅島2-3-15岩立ビル1階", "url": "https://www.kaigokensaku.mhlw.go.jp/13/index.php?action_kouhyou_detail_004_kani=true&JigyosyoCd=1372108611-00&ServiceCd=150&Type=search", "url2": "http://ｗｗｗ.care21.co.jp" }, "geometry": { "type": "Point", "coordinates": [ 139.80300109999996, 35.7764949 ] } },
{ "type": "Feature", "properties": { "内容": "デイサービス　きたえる～む竹ノ塚【通所介護】東京都足立区六月２丁目１－１", "url": "https://www.kaigokensaku.mhlw.go.jp/13/index.php?action_kouhyou_detail_004_kani=true&JigyosyoCd=1372109098-00&ServiceCd=150&Type=search", "url2": "http://kitaeroom.com/" }, "geometry": { "type": "Point", "coordinates": [ 139.7974236, 35.7853549 ] } },
{ "type": "Feature", "properties": { "内容": "ベストリハ北千住【通所介護】東京都足立区千住旭町9-13宝マンション1F", "url": "https://www.kaigokensaku.mhlw.go.jp/13/index.php?action_kouhyou_detail_004_kani=true&JigyosyoCd=1372109221-00&ServiceCd=150&Type=search", "url2": "http://www.bestreha.com/store/03/" }, "geometry": { "type": "Point", "coordinates": [ 139.808766500000047, 35.7470321 ] } },
{ "type": "Feature", "properties": { "内容": "ベストケア・デイサービスセンター足立六町【通所介護】東京都足立区一ツ家３丁目１７－５プレミールタニノ　１階", "url": "https://www.kaigokensaku.mhlw.go.jp/13/index.php?action_kouhyou_detail_004_kani=true&JigyosyoCd=1372109395-00&ServiceCd=150&Type=search", "url2": "http://www.best-care.jp" }, "geometry": { "type": "Point", "coordinates": [ 139.811146, 35.7807823 ] } },
{ "type": "Feature", "properties": { "内容": "きららデイサービス花畑【通所介護】東京都足立区南花畑4-18-7", "url": "https://www.kaigokensaku.mhlw.go.jp/13/index.php?action_kouhyou_detail_004_kani=true&JigyosyoCd=1372109429-00&ServiceCd=150&Type=search", "url2": "https://kirara-kaigo.net" }, "geometry": { "type": "Point", "coordinates": [ 139.819524099999967, 35.7961592 ] } },
{ "type": "Feature", "properties": { "内容": "癒しのデイサービス足立【通所介護】東京都足立区青井5-11-27綾瀬グランドハイツ1階", "url": "https://www.kaigokensaku.mhlw.go.jp/13/index.php?action_kouhyou_detail_004_kani=true&JigyosyoCd=1372109684-00&ServiceCd=150&Type=search", "url2": "http://www.riei.co.jp/communicare/" }, "geometry": { "type": "Point", "coordinates": [ 139.82052250608217, 35.777631564336517 ] } },
{ "type": "Feature", "properties": { "内容": "ケアパートナー西新井【通所介護】東京都足立区西新井4-26-21ハッピーノ・コア1階", "url": "https://www.kaigokensaku.mhlw.go.jp/13/index.php?action_kouhyou_detail_004_kani=true&JigyosyoCd=1372111094-00&ServiceCd=150&Type=search", "url2": "http://www.care-partner.com/" }, "geometry": { "type": "Point", "coordinates": [ 139.773336800000038, 35.7873234 ] } },
{ "type": "Feature", "properties": { "内容": "セカンドジムプラス西新井【通所介護】東京都足立区西新井4-31-14", "url": "https://www.kaigokensaku.mhlw.go.jp/13/index.php?action_kouhyou_detail_004_kani=true&JigyosyoCd=1372111243-00&ServiceCd=150&Type=search", "url2": "http://plus.2-gym.com" }, "geometry": { "type": "Point", "coordinates": [ 139.7792002, 35.7876376 ] } },
{ "type": "Feature", "properties": { "内容": "医療法人社団福寿会　フィットネスデイ　フェニックス梅島【通所介護】東京都足立区梅田7-19-9", "url": "https://www.kaigokensaku.mhlw.go.jp/13/index.php?action_kouhyou_detail_004_kani=true&JigyosyoCd=1372111896-00&ServiceCd=150&Type=search", "url2": "http://www.fukujukaigr.or.jp/" }, "geometry": { "type": "Point", "coordinates": [ 139.799356183991989, 35.7688122585337 ] } },
{ "type": "Feature", "properties": { "内容": "akari舎人【通所介護】東京都足立区舎人5-2-21", "url": "https://www.kaigokensaku.mhlw.go.jp/13/index.php?action_kouhyou_detail_004_kani=true&JigyosyoCd=1372112670-00&ServiceCd=150&Type=search", "url2": "http://humansupport-welfare.co.jp" }, "geometry": { "type": "Point", "coordinates": [ 139.7680633, 35.8095585 ] } },
{ "type": "Feature", "properties": { "内容": "デイホームゆりの木竹ノ塚【通所介護】東京都足立区竹の塚２－２３－５ヴィルヌーブ　１階", "url": "https://www.kaigokensaku.mhlw.go.jp/13/index.php?action_kouhyou_detail_004_kani=true&JigyosyoCd=1372112886-00&ServiceCd=150&Type=search", "url2": "http://www.elderly.jp" }, "geometry": { "type": "Point", "coordinates": [ 139.7942409, 35.7908761 ] } },
{ "type": "Feature", "properties": { "内容": "デイサービス　桜花乃郷　足立五反野【通所介護】東京都足立区西綾瀬2－20－12MYビル1F2F", "url": "https://www.kaigokensaku.mhlw.go.jp/13/index.php?action_kouhyou_detail_004_kani=true&JigyosyoCd=1372112969-00&ServiceCd=150&Type=search", "url2": null }, "geometry": { "type": "Point", "coordinates": [ 139.813247600000011, 35.7662936 ] } },
{ "type": "Feature", "properties": { "内容": "ルネサンス元氣ジム綾瀬【通所介護】東京都足立区綾瀬6-5-12", "url": "https://www.kaigokensaku.mhlw.go.jp/13/index.php?action_kouhyou_detail_004_kani=true&JigyosyoCd=1372113074-00&ServiceCd=150&Type=search", "url2": "https://kaigo.s-re.jp/kg/" }, "geometry": { "type": "Point", "coordinates": [ 139.824283599999973, 35.7689065 ] } },
{ "type": "Feature", "properties": { "内容": "デイサービスわかば佐野【通所介護】東京都足立区佐野2-43-8", "url": "https://www.kaigokensaku.mhlw.go.jp/13/index.php?action_kouhyou_detail_004_kani=true&JigyosyoCd=1372113132-00&ServiceCd=150&Type=search", "url2": "https://wakaba-care.co.jp/" }, "geometry": { "type": "Point", "coordinates": [ 139.8403104, 35.7883992 ] } },
{ "type": "Feature", "properties": { "内容": "コンパスウォーク保木間【通所介護】東京都足立区保木間1-19-2プラセール竹の塚1階", "url": "https://www.kaigokensaku.mhlw.go.jp/13/index.php?action_kouhyou_detail_004_kani=true&JigyosyoCd=1372113157-00&ServiceCd=150&Type=search", "url2": "https://keigo-group.co.jp/shop/tokyoto/10985/" }, "geometry": { "type": "Point", "coordinates": [ 139.8028554, 35.7914631 ] } },
{ "type": "Feature", "properties": { "内容": "コンパスウォーク北綾瀬【通所介護】東京都足立区神明南2-12-131階", "url": "https://www.kaigokensaku.mhlw.go.jp/13/index.php?action_kouhyou_detail_004_kani=true&JigyosyoCd=1372113355-00&ServiceCd=150&Type=search", "url2": "https://kinoukaifuku.com/?p=4107" }, "geometry": { "type": "Point", "coordinates": [ 139.8321545, 35.7891377 ] } },
{ "type": "Feature", "properties": { "内容": "レッツ倶楽部江北ウォーク＆SPA【通所介護】東京都足立区江北1-20-9ミレニアム101号", "url": "https://www.kaigokensaku.mhlw.go.jp/13/index.php?action_kouhyou_detail_004_kani=true&JigyosyoCd=1372113496-00&ServiceCd=150&Type=search", "url2": null }, "geometry": { "type": "Point", "coordinates": [ 139.7694624, 35.7690771 ] } },
{ "type": "Feature", "properties": { "内容": "ジョイリハプラス大師前【通所介護】東京都足立区栗原3丁目10-19東武大師前サンライトマンション3号館109", "url": "https://www.kaigokensaku.mhlw.go.jp/13/index.php?action_kouhyou_detail_004_kani=true&JigyosyoCd=1372113504-00&ServiceCd=150&Type=search", "url2": "https://joyreha.co.jp/shop/%e3%82%b8%e3%83%a7%e3%82%a4%e3%83%aa%e3%83%8f%e3%83%97%e3%83%a9%e3%82%b9%e5%a4%a7%e5%b8%ab%e5%89%8d/" }, "geometry": { "type": "Point", "coordinates": [ 139.7832018, 35.7783155 ] } },
{ "type": "Feature", "properties": { "内容": "デイサービスまゆら本店【通所介護】東京都足立区西竹の塚２−１２−１６グランドソレイユ１F", "url": "https://www.kaigokensaku.mhlw.go.jp/13/index.php?action_kouhyou_detail_004_kani=true&JigyosyoCd=1372113520-00&ServiceCd=150&Type=search", "url2": "https://al1jp.wordpress.com/" }, "geometry": { "type": "Point", "coordinates": [ 139.789652399999966, 35.79652950000002 ] } },
{ "type": "Feature", "properties": { "内容": "コンパスウォーク東和【通所介護】東京都足立区東和3-18-2", "url": "https://www.kaigokensaku.mhlw.go.jp/13/index.php?action_kouhyou_detail_004_kani=true&JigyosyoCd=1372113660-00&ServiceCd=150&Type=search", "url2": "https://4trees.jp/service/care-work/" }, "geometry": { "type": "Point", "coordinates": [ 139.8363181, 35.7732862 ] } },
{ "type": "Feature", "properties": { "内容": "福寿江北【通所介護】東京都足立区江北4-10-10", "url": "https://www.kaigokensaku.mhlw.go.jp/13/index.php?action_kouhyou_detail_004_kani=true&JigyosyoCd=1372114072-00&ServiceCd=150&Type=search", "url2": null }, "geometry": { "type": "Point", "coordinates": [ 139.765692199999989, 35.771245900000032 ] } },
{ "type": "Feature", "properties": { "内容": "ヒューマンライフケア西新井【通所介護】東京都足立区栗原1丁目25番8号ジュナラル1階", "url": "https://www.kaigokensaku.mhlw.go.jp/13/index.php?action_kouhyou_detail_004_kani=true&JigyosyoCd=1372114213-00&ServiceCd=150&Type=search", "url2": "https://kaigo.human-lifecare.jp/facilities/ds014_NishiArai/summary.html" }, "geometry": { "type": "Point", "coordinates": [ 139.791242617196616, 35.781330736652528 ] } },
{ "type": "Feature", "properties": { "内容": "デイサービスセンターバンビ　加平店【通所介護】東京都足立区西加平2-4-21コンフォート六町　１階", "url": "https://www.kaigokensaku.mhlw.go.jp/13/index.php?action_kouhyou_detail_004_kani=true&JigyosyoCd=1372206167-00&ServiceCd=150&Type=search", "url2": "http://wcs-bambi.jp" }, "geometry": { "type": "Point", "coordinates": [ 139.821246998780794, 35.779730705800617 ] } },
{ "type": "Feature", "properties": { "内容": "こまどりデイサービスセンター関原【通所介護】東京都足立区関原3-1-113階", "url": "https://www.kaigokensaku.mhlw.go.jp/13/index.php?action_kouhyou_detail_004_kani=true&JigyosyoCd=1372114387-00&ServiceCd=150&Type=search", "url2": "https://www.fukujukaigr.or.jp/shisetsu/komadori-dayservice-sekihara/" }, "geometry": { "type": "Point", "coordinates": [ 139.791669899999988, 35.76987 ] } },
{ "type": "Feature", "properties": { "内容": "リハプライド　足立区入谷【通所介護】東京都足立区入谷2丁目19‐14ホワイトハイツ市川101", "url": "https://www.kaigokensaku.mhlw.go.jp/13/index.php?action_kouhyou_detail_004_kani=true&JigyosyoCd=1372114007-00&ServiceCd=150&Type=search", "url2": null }, "geometry": { "type": "Point", "coordinates": [ 139.7633449, 35.8094044 ] } },
{ "type": "Feature", "properties": { "内容": "ツクイ足立弘道【通所介護】東京都足立区弘道1-29-1", "url": "https://www.kaigokensaku.mhlw.go.jp/13/index.php?action_kouhyou_detail_004_kani=true&JigyosyoCd=1372108009-00&ServiceCd=150&Type=search", "url2": "http://www.tsukui.net" }, "geometry": { "type": "Point", "coordinates": [ 139.810742299999987, 35.7699762 ] } },
{ "type": "Feature", "properties": { "内容": "ベストリハ五反野【通所介護】東京都足立区足立3-7-16グリーンパーク第５五反野", "url": "https://www.kaigokensaku.mhlw.go.jp/13/index.php?action_kouhyou_detail_004_kani=true&JigyosyoCd=1372108272-00&ServiceCd=150&Type=search", "url2": "http://bestreha.com" }, "geometry": { "type": "Point", "coordinates": [ 139.809109600000056, 35.7636687 ] } },
{ "type": "Feature", "properties": { "内容": "デイサービスさぽると【通所介護】東京都足立区栗原１丁目14-19宮内サンハイツ西新井A棟１階", "url": "https://www.kaigokensaku.mhlw.go.jp/13/index.php?action_kouhyou_detail_004_kani=true&JigyosyoCd=1372113785-00&ServiceCd=150&Type=search", "url2": "https://a-supporto.com/" }, "geometry": { "type": "Point", "coordinates": [ 139.789039800000012, 35.7812706 ] } },
{ "type": "Feature", "properties": { "内容": "デイサービス桜花乃郷足立江北【通所介護】東京都足立区江北4-5-4シャトー江北1F", "url": "https://www.kaigokensaku.mhlw.go.jp/13/index.php?action_kouhyou_detail_004_kani=true&JigyosyoCd=1372112548-00&ServiceCd=150&Type=search", "url2": "http://www.okanosato.com/" }, "geometry": { "type": "Point", "coordinates": [ 139.768382200000019, 35.7720836 ] } },
{ "type": "Feature", "properties": { "内容": "デイサービスわかば平野【通所介護】東京都足立区平野2-8-2", "url": "https://www.kaigokensaku.mhlw.go.jp/13/index.php?action_kouhyou_detail_004_kani=true&JigyosyoCd=1372105500-00&ServiceCd=150&Type=search", "url2": "http://wakaba-care.co.jp/" }, "geometry": { "type": "Point", "coordinates": [ 139.803381533729521, 35.783495689270005 ] } },
{ "type": "Feature", "properties": { "内容": "ベストリハ西新井【通所介護】東京都　足立区　西新井栄町　1-17-20ﾚｺｼﾃｨﾌﾟﾗｲﾑ", "url": "https://www.kaigokensaku.mhlw.go.jp/13/index.php?action_kouhyou_detail_004_kani=true&JigyosyoCd=1372108769-00&ServiceCd=150&Type=search", "url2": "http://www.bestreha.com" }, "geometry": { "type": "Point", "coordinates": [ 139.789266083114626, 35.774609334891991 ] } },
{ "type": "Feature", "properties": { "内容": "まゆら北綾瀬店【通所介護】東京都足立区北加平町9-25ユヌ・リュミエール１F", "url": "https://www.kaigokensaku.mhlw.go.jp/13/index.php?action_kouhyou_detail_004_kani=true&JigyosyoCd=1372115079-00&ServiceCd=150&Type=search", "url2": "https://mayura-al1.com/" }, "geometry": { "type": "Point", "coordinates": [ 139.8309834, 35.7854826 ] } },
{ "type": "Feature", "properties": { "内容": "こまどり・フェニックスデイサービスセンター南花畑【通所介護】東京都足立区南花畑3-35-10１階", "url": "https://www.kaigokensaku.mhlw.go.jp/13/index.php?action_kouhyou_detail_004_kani=true&JigyosyoCd=1372115087-00&ServiceCd=150&Type=search", "url2": "http://www.fukujukaigr.or.jp/" }, "geometry": { "type": "Point", "coordinates": [ 139.823858, 35.7944419 ] } },
{ "type": "Feature", "properties": { "内容": "友愛デイサービス【通所介護】東京都葛飾区東四つ木3-38-12", "url": "https://www.kaigokensaku.mhlw.go.jp/13/index.php?action_kouhyou_detail_004_kani=true&JigyosyoCd=1372202075-00&ServiceCd=150&Type=search", "url2": "http://www1.odn.ne.jp/yu-ai/" }, "geometry": { "type": "Point", "coordinates": [ 139.838023199999952, 35.7309566 ] } },
{ "type": "Feature", "properties": { "内容": "デイサービス　いろりの里【通所介護】東京都葛飾区堀切1丁目23番21号(株)いろり　デイサービスいろりの里", "url": "https://www.kaigokensaku.mhlw.go.jp/13/index.php?action_kouhyou_detail_004_kani=true&JigyosyoCd=1372204931-00&ServiceCd=150&Type=search", "url2": null }, "geometry": { "type": "Point", "coordinates": [ 139.829915699999987, 35.740336 ] } },
{ "type": "Feature", "properties": { "内容": "かつしかケアセンター【通所介護】東京都葛飾区西水元4－5－1", "url": "https://www.kaigokensaku.mhlw.go.jp/13/index.php?action_kouhyou_detail_004_kani=true&JigyosyoCd=1372200772-00&ServiceCd=150&Type=search", "url2": "http://www.jinseisya.jp" }, "geometry": { "type": "Point", "coordinates": [ 139.845980599999962, 35.7939985 ] } },
{ "type": "Feature", "properties": { "内容": "奥戸在宅サービスセンター【通所介護】東京都葛飾区奥戸3-25-1", "url": "https://www.kaigokensaku.mhlw.go.jp/13/index.php?action_kouhyou_detail_004_kani=true&JigyosyoCd=1372200780-00&ServiceCd=150&Type=search", "url2": "www.jinseisha.jp" }, "geometry": { "type": "Point", "coordinates": [ 139.862776, 35.7321733 ] } },
{ "type": "Feature", "properties": { "内容": "ＢＥＳＴジム花瑞季【通所介護】東京都葛飾区細田4-40-9", "url": "https://www.kaigokensaku.mhlw.go.jp/13/index.php?action_kouhyou_detail_004_kani=true&JigyosyoCd=1372209500-00&ServiceCd=150&Type=search", "url2": "https://hanamizuki-web.jimdosite.com/" }, "geometry": { "type": "Point", "coordinates": [ 139.874630647885141, 35.743112272017683 ] } },
{ "type": "Feature", "properties": { "内容": "水元在宅サービスセンター【通所介護】東京都葛飾区水元1丁目26番20号", "url": "https://www.kaigokensaku.mhlw.go.jp/13/index.php?action_kouhyou_detail_004_kani=true&JigyosyoCd=1372200806-00&ServiceCd=150&Type=search", "url2": "http://www.jinseisha.jp" }, "geometry": { "type": "Point", "coordinates": [ 139.859771300000034, 35.7835445 ] } },
{ "type": "Feature", "properties": { "内容": "西新小岩在宅サ－ビスセンタ－【通所介護】東京都葛飾区西新小岩３-３７-２７", "url": "https://www.kaigokensaku.mhlw.go.jp/13/index.php?action_kouhyou_detail_004_kani=true&JigyosyoCd=1372200913-00&ServiceCd=150&Type=search", "url2": "http://www.seiyunoie.or.jp/" }, "geometry": { "type": "Point", "coordinates": [ 139.846817, 35.7227462 ] } },
{ "type": "Feature", "properties": { "内容": "癒しの里青戸　デイサービスセンター【通所介護】東京都葛飾区青戸8-18-13", "url": "https://www.kaigokensaku.mhlw.go.jp/13/index.php?action_kouhyou_detail_004_kani=true&JigyosyoCd=1372201788-00&ServiceCd=150&Type=search", "url2": "http://www.sanko-fukusi.or.jp" }, "geometry": { "type": "Point", "coordinates": [ 139.8536669, 35.7585008 ] } },
{ "type": "Feature", "properties": { "内容": "ケアリゾート　お茶のみともだち【通所介護】東京都葛飾区細田4-2-8", "url": "https://www.kaigokensaku.mhlw.go.jp/13/index.php?action_kouhyou_detail_004_kani=true&JigyosyoCd=1372202927-00&ServiceCd=150&Type=search", "url2": "http://www.sunheart-care.jp/ochanomi.html" }, "geometry": { "type": "Point", "coordinates": [ 139.8721941, 35.7410306 ] } },
{ "type": "Feature", "properties": { "内容": "新宿在宅サービスセンター【通所介護】東京都葛飾区新宿３丁目４番１０号", "url": "https://www.kaigokensaku.mhlw.go.jp/13/index.php?action_kouhyou_detail_004_kani=true&JigyosyoCd=1372201499-00&ServiceCd=150&Type=search", "url2": "http://www.sukoyaka-fu.or.jp/jigyosho/day/sinjyuku.html" }, "geometry": { "type": "Point", "coordinates": [ 139.86203850000004, 35.7589923 ] } },
{ "type": "Feature", "properties": { "内容": "ミアヘルサデイサービス東新小岩【通所介護】東京都葛飾区東新小岩4-11-10ミアヘルサ　オアシス東新小岩", "url": "https://www.kaigokensaku.mhlw.go.jp/13/index.php?action_kouhyou_detail_004_kani=true&JigyosyoCd=1372206373-00&ServiceCd=150&Type=search", "url2": "http://www.merhalsa.jp" }, "geometry": { "type": "Point", "coordinates": [ 139.8618014, 35.7258712 ] } },
{ "type": "Feature", "properties": { "内容": "デイサービスあゆみ【通所介護】東京都葛飾区東新小岩8-8-11", "url": "https://www.kaigokensaku.mhlw.go.jp/13/index.php?action_kouhyou_detail_004_kani=true&JigyosyoCd=1372207363-00&ServiceCd=150&Type=search", "url2": "http://www.solasto.co.jp" }, "geometry": { "type": "Point", "coordinates": [ 139.849416499999961, 35.7271848 ] } },
{ "type": "Feature", "properties": { "内容": "デイサービスセンターウェルフォース白鳥【通所介護】東京都葛飾区白鳥２－１０－７ル・ヴァンヴェール白鳥", "url": "https://www.kaigokensaku.mhlw.go.jp/13/index.php?action_kouhyou_detail_004_kani=true&JigyosyoCd=1372208585-00&ServiceCd=150&Type=search", "url2": null }, "geometry": { "type": "Point", "coordinates": [ 139.8440082, 35.7485599 ] } },
{ "type": "Feature", "properties": { "内容": "エバーウォークお花茶屋【通所介護】東京都葛飾区お花茶屋1-15-8みつやビル1階", "url": "https://www.kaigokensaku.mhlw.go.jp/13/index.php?action_kouhyou_detail_004_kani=true&JigyosyoCd=1372209534-00&ServiceCd=150&Type=search", "url2": "https://everwalk.net/shop/ohana-chaya" }, "geometry": { "type": "Point", "coordinates": [ 139.839511, 35.748874399999984 ] } },
{ "type": "Feature", "properties": { "内容": "エバーウォーク金町【通所介護】東京都葛飾区金町4-1-9久間ビル1階", "url": "https://www.kaigokensaku.mhlw.go.jp/13/index.php?action_kouhyou_detail_004_kani=true&JigyosyoCd=1372209542-00&ServiceCd=150&Type=search", "url2": "https://everwalk.net/" }, "geometry": { "type": "Point", "coordinates": [ 139.8636799, 35.7636948 ] } },
{ "type": "Feature", "properties": { "内容": "ほのぼのデイサービス【通所介護】東京都葛飾区金町一丁目23番18号1階", "url": "https://www.kaigokensaku.mhlw.go.jp/13/index.php?action_kouhyou_detail_004_kani=true&JigyosyoCd=1372203677-00&ServiceCd=150&Type=search", "url2": "http://hp.kaipoke.biz/yg3/" }, "geometry": { "type": "Point", "coordinates": [ 139.86884340000006, 35.761491800000016 ] } },
{ "type": "Feature", "properties": { "内容": "湯ったりデイサービス櫻舞【通所介護】東京都葛飾区亀有1-22-22", "url": "https://www.kaigokensaku.mhlw.go.jp/13/index.php?action_kouhyou_detail_004_kani=true&JigyosyoCd=1372207793-00&ServiceCd=150&Type=search", "url2": null }, "geometry": { "type": "Point", "coordinates": [ 139.846912, 35.7587506 ] } },
{ "type": "Feature", "properties": { "内容": "東四つ木在宅サービスセンター【通所介護】東京都葛飾区東四つ木４－４４－２東四つ木４丁目アパート　　１０１号", "url": "https://www.kaigokensaku.mhlw.go.jp/13/index.php?action_kouhyou_detail_004_kani=true&JigyosyoCd=1372200848-00&ServiceCd=150&Type=search", "url2": "https://care-net.biz/13/higashiyotugi/" }, "geometry": { "type": "Point", "coordinates": [ 139.8412032, 35.7347064 ] } },
{ "type": "Feature", "properties": { "内容": "二チイケアセンター　せせらぎ【通所介護】東京都葛飾区細田2-2-4", "url": "https://www.kaigokensaku.mhlw.go.jp/13/index.php?action_kouhyou_detail_004_kani=true&JigyosyoCd=1372201549-00&ServiceCd=150&Type=search", "url2": "http://www.nichiigakkan.co.jp" }, "geometry": { "type": "Point", "coordinates": [ 139.865480899999966, 35.739553 ] } },
{ "type": "Feature", "properties": { "内容": "癒しの森堀切【通所介護】東京都葛飾区堀切1-20-20", "url": "https://www.kaigokensaku.mhlw.go.jp/13/index.php?action_kouhyou_detail_004_kani=true&JigyosyoCd=1372202554-00&ServiceCd=150&Type=search", "url2": "https://www.iyashi-m.jp" }, "geometry": { "type": "Point", "coordinates": [ 139.830540299999939, 35.7385198 ] } },
{ "type": "Feature", "properties": { "内容": "デイサービスセンターすこやか【通所介護】東京都葛飾区青戸３丁目１３番１９号青戸福祉の家", "url": "https://www.kaigokensaku.mhlw.go.jp/13/index.php?action_kouhyou_detail_004_kani=true&JigyosyoCd=1372202620-00&ServiceCd=150&Type=search", "url2": "http://www.sukoyaka-fu.or.jp" }, "geometry": { "type": "Point", "coordinates": [ 139.849823600000036, 35.7476854 ] } },
{ "type": "Feature", "properties": { "内容": "デイサ-ビスセンターかなまち【通所介護】東京都葛飾区東金町2-23-15かなまち福祉の家　1階", "url": "https://www.kaigokensaku.mhlw.go.jp/13/index.php?action_kouhyou_detail_004_kani=true&JigyosyoCd=1372202943-00&ServiceCd=150&Type=search", "url2": "http://www.sukoyaka-fu.or.jp/index.html" }, "geometry": { "type": "Point", "coordinates": [ 139.869712400000026, 35.7738929 ] } },
{ "type": "Feature", "properties": { "内容": "きらら介護サービス【通所介護】東京都葛飾区小菅3-5-14", "url": "https://www.kaigokensaku.mhlw.go.jp/13/index.php?action_kouhyou_detail_004_kani=true&JigyosyoCd=1372203198-00&ServiceCd=150&Type=search", "url2": "http://kirara-kaigo.net/" }, "geometry": { "type": "Point", "coordinates": [ 139.821872286231098, 35.755021033960098 ] } },
{ "type": "Feature", "properties": { "内容": "ＳＯＭＰＯケア　ハッピーデイズ立石【通所介護】東京都葛飾区立石２－１６－３ラヴィーレレジデンス立石", "url": "https://www.kaigokensaku.mhlw.go.jp/13/index.php?action_kouhyou_detail_004_kani=true&JigyosyoCd=1372207660-00&ServiceCd=150&Type=search", "url2": "https://www.sompocare.com" }, "geometry": { "type": "Point", "coordinates": [ 139.840972, 35.740886 ] } },
{ "type": "Feature", "properties": { "内容": "菜の花葛飾デイサービス【通所介護】東京都葛飾区奥戸9-16-2高齢者介護福祉施設菜の花葛飾", "url": "https://www.kaigokensaku.mhlw.go.jp/13/index.php?action_kouhyou_detail_004_kani=true&JigyosyoCd=1372208304-00&ServiceCd=150&Type=search", "url2": "https://katsushika.nanohana-group.net/" }, "geometry": { "type": "Point", "coordinates": [ 139.8695009, 35.7376257 ] } },
{ "type": "Feature", "properties": { "内容": "ミモザ葛飾奥戸【通所介護】東京都葛飾区奥戸7－16－8ミモザ葛飾奥戸", "url": "https://www.kaigokensaku.mhlw.go.jp/13/index.php?action_kouhyou_detail_004_kani=true&JigyosyoCd=1372208882-00&ServiceCd=150&Type=search", "url2": "https://mimoza-care.com/facility/day-service/post-1115/" }, "geometry": { "type": "Point", "coordinates": [ 139.8631825, 35.7381584 ] } },
{ "type": "Feature", "properties": { "内容": "デイサービスあおぞら【通所介護】東京都葛飾区柴又3-6-18", "url": "https://www.kaigokensaku.mhlw.go.jp/13/index.php?action_kouhyou_detail_004_kani=true&JigyosyoCd=1372203982-00&ServiceCd=150&Type=search", "url2": "https://www.aozora2007.com" }, "geometry": { "type": "Point", "coordinates": [ 139.871494302082596, 35.761346837659651 ] } },
{ "type": "Feature", "properties": { "内容": "デイサービスヨウコー新小岩【通所介護】東京都葛飾区新小岩1-26-19", "url": "https://www.kaigokensaku.mhlw.go.jp/13/index.php?action_kouhyou_detail_004_kani=true&JigyosyoCd=1372205300-00&ServiceCd=150&Type=search", "url2": "http://rehabili-youko.com" }, "geometry": { "type": "Point", "coordinates": [ 139.856971899999962, 35.7150943 ] } },
{ "type": "Feature", "properties": { "内容": "デイサロン　むさしの郷【通所介護】東京都葛飾区細田4-3-9１Ｆ", "url": "https://www.kaigokensaku.mhlw.go.jp/13/index.php?action_kouhyou_detail_004_kani=true&JigyosyoCd=1372205318-00&ServiceCd=150&Type=search", "url2": "http://www.aiwa-fukushi.com" }, "geometry": { "type": "Point", "coordinates": [ 139.87196629999994, 35.7416389 ] } },
{ "type": "Feature", "properties": { "内容": "ジョイリハSPA亀有【通所介護】東京都葛飾区青戸8-3-13", "url": "https://www.kaigokensaku.mhlw.go.jp/13/index.php?action_kouhyou_detail_004_kani=true&JigyosyoCd=1372205532-00&ServiceCd=150&Type=search", "url2": "http://www.joyreha.co.jp/" }, "geometry": { "type": "Point", "coordinates": [ 139.849975699999959, 35.7566565 ] } },
{ "type": "Feature", "properties": { "内容": "デイサービスこの道【通所介護】東京都葛飾区細田5-17-10", "url": "https://www.kaigokensaku.mhlw.go.jp/13/index.php?action_kouhyou_detail_004_kani=true&JigyosyoCd=1372205581-00&ServiceCd=150&Type=search", "url2": "https://www.lifestage-tokyo.jp" }, "geometry": { "type": "Point", "coordinates": [ 139.8760768, 35.7374648 ] } },
{ "type": "Feature", "properties": { "内容": "生活リハビリデイサービス　りふり【通所介護】東京都葛飾区柴又5-10-1　1Fコスモ柴又1F", "url": "https://www.kaigokensaku.mhlw.go.jp/13/index.php?action_kouhyou_detail_004_kani=true&JigyosyoCd=1372207918-00&ServiceCd=150&Type=search", "url2": "http://rifuri.jp/" }, "geometry": { "type": "Point", "coordinates": [ 139.878207599999968, 35.7530661 ] } },
{ "type": "Feature", "properties": { "内容": "ベストリハ小岩【通所介護】東京都葛飾区細田4-37-16永福ハイム1階", "url": "https://www.kaigokensaku.mhlw.go.jp/13/index.php?action_kouhyou_detail_004_kani=true&JigyosyoCd=1372207991-00&ServiceCd=150&Type=search", "url2": "http://bestreha.com" }, "geometry": { "type": "Point", "coordinates": [ 139.873566699999969, 35.7441075 ] } },
{ "type": "Feature", "properties": { "内容": "ツクイ葛飾柴又【通所介護】東京都葛飾区新宿3-32-11", "url": "https://www.kaigokensaku.mhlw.go.jp/13/index.php?action_kouhyou_detail_004_kani=true&JigyosyoCd=1372208114-00&ServiceCd=150&Type=search", "url2": "http://www.tsukui.net/" }, "geometry": { "type": "Point", "coordinates": [ 139.86726909999993, 35.7577431 ] } },
{ "type": "Feature", "properties": { "内容": "ＤａｙＲｏｏｍエフ・ティー介護東金町【通所介護】東京都葛飾区東金町一丁目３６番地１号金町駅前団地105", "url": "https://www.kaigokensaku.mhlw.go.jp/13/index.php?action_kouhyou_detail_004_kani=true&JigyosyoCd=1372204915-00&ServiceCd=150&Type=search", "url2": "http://care-net.biz/13/ftkaigo/" }, "geometry": { "type": "Point", "coordinates": [ 139.869623499999989, 35.7707794 ] } },
{ "type": "Feature", "properties": { "内容": "ほのぼのデイホーム燈【通所介護】東京都葛飾区金町１－２３－１６", "url": "https://www.kaigokensaku.mhlw.go.jp/13/index.php?action_kouhyou_detail_004_kani=true&JigyosyoCd=1372205615-00&ServiceCd=150&Type=search", "url2": "http://hp.kaipoke.biz/yg3/" }, "geometry": { "type": "Point", "coordinates": [ 139.868762899999979, 35.7617251 ] } },
{ "type": "Feature", "properties": { "内容": "医療法人社団　福寿会　こまどり・フェニックスデイサービスセンター亀有【通所介護】東京都葛飾区新宿4-2-2", "url": "https://www.kaigokensaku.mhlw.go.jp/13/index.php?action_kouhyou_detail_004_kani=true&JigyosyoCd=1372101772-00&ServiceCd=150&Type=search", "url2": "http://www.fukujukaigr.or.jp/" }, "geometry": { "type": "Point", "coordinates": [ 139.859543226126021, 35.761594437130022 ] } },
{ "type": "Feature", "properties": { "内容": "東新小岩在宅サービスセンター【通所介護】東京都葛飾区東新小岩３－８－６１０１号", "url": "https://www.kaigokensaku.mhlw.go.jp/13/index.php?action_kouhyou_detail_004_kani=true&JigyosyoCd=1372200814-00&ServiceCd=150&Type=search", "url2": "http://www.jinseisha.jp/top/index.htm" }, "geometry": { "type": "Point", "coordinates": [ 139.859918500000049, 35.7216549 ] } },
{ "type": "Feature", "properties": { "内容": "亀有在宅サービスセンター【通所介護】東京都葛飾区亀有１丁目１０番１４号１０１", "url": "https://www.kaigokensaku.mhlw.go.jp/13/index.php?action_kouhyou_detail_004_kani=true&JigyosyoCd=1372200822-00&ServiceCd=150&Type=search", "url2": "https://jinseisha.com/kameari_zaitaku/" }, "geometry": { "type": "Point", "coordinates": [ 139.8482228306884, 35.757382519313659 ] } },
{ "type": "Feature", "properties": { "内容": "東堀切在宅サービスセンター【通所介護】東京都葛飾区東堀切２－２８－６１０１", "url": "https://www.kaigokensaku.mhlw.go.jp/13/index.php?action_kouhyou_detail_004_kani=true&JigyosyoCd=1372200830-00&ServiceCd=150&Type=search", "url2": "http://www.jinseisha.jp/day_horikiri/index.htm" }, "geometry": { "type": "Point", "coordinates": [ 139.8377607, 35.7515486 ] } },
{ "type": "Feature", "properties": { "内容": "癒しの森　水元【通所介護】東京都葛飾区水元1-5-19", "url": "https://www.kaigokensaku.mhlw.go.jp/13/index.php?action_kouhyou_detail_004_kani=true&JigyosyoCd=1372201812-00&ServiceCd=150&Type=search", "url2": "https://www.iyashi-m.jp" }, "geometry": { "type": "Point", "coordinates": [ 139.853735137542685, 35.780608157852377 ] } },
{ "type": "Feature", "properties": { "内容": "ツクイ葛飾細田デイサービス【通所介護】東京都葛飾区細田3-1-4ツクイ葛飾細田デイサービス", "url": "https://www.kaigokensaku.mhlw.go.jp/13/index.php?action_kouhyou_detail_004_kani=true&JigyosyoCd=1372202679-00&ServiceCd=150&Type=search", "url2": "https://www.tsukui.net" }, "geometry": { "type": "Point", "coordinates": [ 139.867366, 35.7401582 ] } },
{ "type": "Feature", "properties": { "内容": "ジョイリハ新小岩【通所介護】東京都葛飾区奥戸8-7-3", "url": "https://www.kaigokensaku.mhlw.go.jp/13/index.php?action_kouhyou_detail_004_kani=true&JigyosyoCd=1372203008-00&ServiceCd=150&Type=search", "url2": "http://www.okamoto-group.co.jp/joyreha/" }, "geometry": { "type": "Point", "coordinates": [ 139.8674393, 35.7351258 ] } },
{ "type": "Feature", "properties": { "内容": "ウェル森永　デイサービス和【通所介護】東京都葛飾区西新小岩4丁目8番1号コーポマスダ1Ｆ", "url": "https://www.kaigokensaku.mhlw.go.jp/13/index.php?action_kouhyou_detail_004_kani=true&JigyosyoCd=1372203065-00&ServiceCd=150&Type=search", "url2": "https://www.wel-morinaga.co.jp/" }, "geometry": { "type": "Point", "coordinates": [ 139.850039, 35.72175750000001 ] } },
{ "type": "Feature", "properties": { "内容": "デイサービストーリツ　新小岩【通所介護】東京都葛飾区東新小岩7-31-11", "url": "https://www.kaigokensaku.mhlw.go.jp/13/index.php?action_kouhyou_detail_004_kani=true&JigyosyoCd=1372203255-00&ServiceCd=150&Type=search", "url2": "http://www.to-ritsu.co.jp" }, "geometry": { "type": "Point", "coordinates": [ 139.857335199999966, 35.7255684 ] } },
{ "type": "Feature", "properties": { "内容": "DayRoomエフ・ティー介護【通所介護】東京都葛飾区金町三丁目２１番１２号第２高橋ビル　１Ｆ", "url": "https://www.kaigokensaku.mhlw.go.jp/13/index.php?action_kouhyou_detail_004_kani=true&JigyosyoCd=1372203479-00&ServiceCd=150&Type=search", "url2": null }, "geometry": { "type": "Point", "coordinates": [ 139.87427619999994, 35.7672381 ] } },
{ "type": "Feature", "properties": { "内容": "株式会社ケアサービス　デイサービスセンター堀切【通所介護】東京都葛飾区堀切7-8-18", "url": "https://www.kaigokensaku.mhlw.go.jp/13/index.php?action_kouhyou_detail_004_kani=true&JigyosyoCd=1372203743-00&ServiceCd=150&Type=search", "url2": "http://www.care.co.jp/" }, "geometry": { "type": "Point", "coordinates": [ 139.8305474, 35.7541009 ] } },
{ "type": "Feature", "properties": { "内容": "亀有デイサービス　さくらんぼ【通所介護】東京都葛飾区亀有3-34-10", "url": "https://www.kaigokensaku.mhlw.go.jp/13/index.php?action_kouhyou_detail_004_kani=true&JigyosyoCd=1372203826-00&ServiceCd=150&Type=search", "url2": "https://hokuyoukai.jp/ds-sakuranbo/" }, "geometry": { "type": "Point", "coordinates": [ 139.849725300000046, 35.7642305 ] } },
{ "type": "Feature", "properties": { "内容": "ニチイケアセンター奥戸【通所介護】東京都葛飾区奥戸5-16-10", "url": "https://www.kaigokensaku.mhlw.go.jp/13/index.php?action_kouhyou_detail_004_kani=true&JigyosyoCd=1372204618-00&ServiceCd=150&Type=search", "url2": "http://www.nichiigakkan.co.jp" }, "geometry": { "type": "Point", "coordinates": [ 139.866706199999953, 35.7319873 ] } },
{ "type": "Feature", "properties": { "内容": "癒しの森いきいきデイ【通所介護】東京都葛飾区西水元6-6-11", "url": "https://www.kaigokensaku.mhlw.go.jp/13/index.php?action_kouhyou_detail_004_kani=true&JigyosyoCd=1372204832-00&ServiceCd=150&Type=search", "url2": "https://www.iyashi-m.jp/" }, "geometry": { "type": "Point", "coordinates": [ 139.853959047393516, 35.790656411104969 ] } },
{ "type": "Feature", "properties": { "内容": "ベストリハ立石【通所介護】東京都葛飾区立石8-43-8コージュ立石１階", "url": "https://www.kaigokensaku.mhlw.go.jp/13/index.php?action_kouhyou_detail_004_kani=true&JigyosyoCd=1372206555-00&ServiceCd=150&Type=search", "url2": "http://www.bestreha.com/" }, "geometry": { "type": "Point", "coordinates": [ 139.857374076057454, 35.73958737877728 ] } },
{ "type": "Feature", "properties": { "内容": "デイサービスきたえるーむ西亀有【通所介護】東京都葛飾区西亀有1-14-4レクセル綾瀬1F", "url": "https://www.kaigokensaku.mhlw.go.jp/13/index.php?action_kouhyou_detail_004_kani=true&JigyosyoCd=1372206662-00&ServiceCd=150&Type=search", "url2": "http://kitaeroom.com/" }, "geometry": { "type": "Point", "coordinates": [ 139.838460199999986, 35.7566424 ] } },
{ "type": "Feature", "properties": { "内容": "デイサービスセンター　たのしいデイほりきり【通所介護】東京都葛飾区堀切3-4-8ゲートウェイタワー堀切菖蒲園1Ｆ", "url": "https://www.kaigokensaku.mhlw.go.jp/13/index.php?action_kouhyou_detail_004_kani=true&JigyosyoCd=1372206746-00&ServiceCd=150&Type=search", "url2": "http://www.care21.co.jp/facilities/A/B/day/horikiri/index.html" }, "geometry": { "type": "Point", "coordinates": [ 139.827784400000041, 35.7464298 ] } },
{ "type": "Feature", "properties": { "内容": "デイサービスセンターなごやか新小岩【通所介護】東京都葛飾区新小岩1-33-9栄大ビル１Ｆ", "url": "https://www.kaigokensaku.mhlw.go.jp/13/index.php?action_kouhyou_detail_004_kani=true&JigyosyoCd=1372207512-00&ServiceCd=150&Type=search", "url2": "https://www.nagoyaka-link.co.jp/club/shinkoiwa/" }, "geometry": { "type": "Point", "coordinates": [ 139.859176828836098, 35.7148124 ] } },
{ "type": "Feature", "properties": { "内容": "デイサービスセンターなごやか亀有【通所介護】東京都葛飾区亀有5-34-6レジデンス・フォンテーヌ1階", "url": "https://www.kaigokensaku.mhlw.go.jp/13/index.php?action_kouhyou_detail_004_kani=true&JigyosyoCd=1372207520-00&ServiceCd=150&Type=search", "url2": "http://www.nagoyaka-link.co.jp" }, "geometry": { "type": "Point", "coordinates": [ 139.848264100000051, 35.7672579 ] } },
{ "type": "Feature", "properties": { "内容": "わたんくる新小岩【通所介護】東京都葛飾区新小岩4-11-11", "url": "https://www.kaigokensaku.mhlw.go.jp/13/index.php?action_kouhyou_detail_004_kani=true&JigyosyoCd=1372207678-00&ServiceCd=150&Type=search", "url2": "https://www.watancl.com/" }, "geometry": { "type": "Point", "coordinates": [ 139.862154499999974, 35.718172 ] } },
{ "type": "Feature", "properties": { "内容": "脳トレ麻雀デイサービス・ウェルチャオ西亀有【通所介護】東京都葛飾区西亀有２－２０－５ミューズ綾瀬１階", "url": "https://www.kaigokensaku.mhlw.go.jp/13/index.php?action_kouhyou_detail_004_kani=true&JigyosyoCd=1372208015-00&ServiceCd=150&Type=search", "url2": "https://www.welchao.com/" }, "geometry": { "type": "Point", "coordinates": [ 139.832137028547862, 35.762271179858317 ] } },
{ "type": "Feature", "properties": { "内容": "ルネサンス　元氣ジム青砥【通所介護】東京都葛飾区青戸5-31-8", "url": "https://www.kaigokensaku.mhlw.go.jp/13/index.php?action_kouhyou_detail_004_kani=true&JigyosyoCd=1372208106-00&ServiceCd=150&Type=search", "url2": "https://kaigo.s-re.jp" }, "geometry": { "type": "Point", "coordinates": [ 139.855731200000037, 35.748110400000016 ] } },
{ "type": "Feature", "properties": { "内容": "ベストリハ亀有【通所介護】東京都葛飾区亀有3-11-1D'sVARIE亀有レジデンス1F", "url": "https://www.kaigokensaku.mhlw.go.jp/13/index.php?action_kouhyou_detail_004_kani=true&JigyosyoCd=1372208189-00&ServiceCd=150&Type=search", "url2": "https://bestreha.com/" }, "geometry": { "type": "Point", "coordinates": [ 139.847236, 35.7635052 ] } },
{ "type": "Feature", "properties": { "内容": "デイホームゆりの木柴又【通所介護】東京都葛飾区柴又7-1-81階", "url": "https://www.kaigokensaku.mhlw.go.jp/13/index.php?action_kouhyou_detail_004_kani=true&JigyosyoCd=1372208213-00&ServiceCd=150&Type=search", "url2": "http://www.elderly.jp" }, "geometry": { "type": "Point", "coordinates": [ 139.876339899999948, 35.757194 ] } },
{ "type": "Feature", "properties": { "内容": "シルバー茶論パークハイム【通所介護】東京都葛飾区堀切7-7-17パークハイム1F", "url": "https://www.kaigokensaku.mhlw.go.jp/13/index.php?action_kouhyou_detail_004_kani=true&JigyosyoCd=1372208254-00&ServiceCd=150&Type=search", "url2": "http://silver-salons.com" }, "geometry": { "type": "Point", "coordinates": [ 139.830304399999932, 35.7546022 ] } },
{ "type": "Feature", "properties": { "内容": "生活リハビリデイサービスりふり　亀有店【通所介護】東京都葛飾区亀有4-32-7足立屋ビル1F", "url": "https://www.kaigokensaku.mhlw.go.jp/13/index.php?action_kouhyou_detail_004_kani=true&JigyosyoCd=1372208866-00&ServiceCd=150&Type=search", "url2": "https://kameari-d.rifuri.jp/" }, "geometry": { "type": "Point", "coordinates": [ 139.8439519, 35.7643357 ] } },
{ "type": "Feature", "properties": { "内容": "アズハイム葛飾白鳥デイサービスセンター【通所介護】東京都葛飾区白鳥4-15-19", "url": "https://www.kaigokensaku.mhlw.go.jp/13/index.php?action_kouhyou_detail_004_kani=true&JigyosyoCd=1372209401-00&ServiceCd=150&Type=search", "url2": "http://www.as-heim.com" }, "geometry": { "type": "Point", "coordinates": [ 139.8466, 35.7536415 ] } },
{ "type": "Feature", "properties": { "内容": "デイサービスリゾートハナマウイパームス【通所介護】東京都葛飾区立石5-4-7", "url": "https://www.kaigokensaku.mhlw.go.jp/13/index.php?action_kouhyou_detail_004_kani=true&JigyosyoCd=1372205094-00&ServiceCd=150&Type=search", "url2": "http://hanamaui.co.jp" }, "geometry": { "type": "Point", "coordinates": [ 139.844641337434354, 35.743709101580656 ] } },
{ "type": "Feature", "properties": { "内容": "エルケアヒーロー【通所介護】東京都葛飾区奥戸4-23-26KYビル1階", "url": "https://www.kaigokensaku.mhlw.go.jp/13/index.php?action_kouhyou_detail_004_kani=true&JigyosyoCd=1372209666-00&ServiceCd=150&Type=search", "url2": null }, "geometry": { "type": "Point", "coordinates": [ 139.869097127647393, 35.727921762519117 ] } },
{ "type": "Feature", "properties": { "内容": "デイサービス茶々【通所介護】東京都葛飾区西亀有１－２－１３デイサービス茶々", "url": "https://www.kaigokensaku.mhlw.go.jp/13/index.php?action_kouhyou_detail_004_kani=true&JigyosyoCd=1372204964-00&ServiceCd=150&Type=search", "url2": "https://www.chacha-dayservice.com" }, "geometry": { "type": "Point", "coordinates": [ 139.837263099999973, 35.7566257 ] } },
{ "type": "Feature", "properties": { "内容": "アルクラボ水元【通所介護】東京都葛飾区西水元1-21-6MER弐番館1Ｆ-Ｂ", "url": "https://www.kaigokensaku.mhlw.go.jp/13/index.php?action_kouhyou_detail_004_kani=true&JigyosyoCd=1372209682-00&ServiceCd=150&Type=search", "url2": "https://www.prunzcare.com/cont1/9.html" }, "geometry": { "type": "Point", "coordinates": [ 139.8518416, 35.7824956 ] } },
{ "type": "Feature", "properties": { "内容": "デイサービスフルール細田【通所介護】東京都葛飾区細田１丁目１６番９号", "url": "https://www.kaigokensaku.mhlw.go.jp/13/index.php?action_kouhyou_detail_004_kani=true&JigyosyoCd=1372205722-00&ServiceCd=150&Type=search", "url2": "http://smica-fleur.com" }, "geometry": { "type": "Point", "coordinates": [ 139.870211636106887, 35.740230029389366 ] } },
{ "type": "Feature", "properties": { "内容": "癒しのデイサービス葛飾【通所介護】東京都葛飾区奥戸２－１６－７米山ビル３０１号室", "url": "https://www.kaigokensaku.mhlw.go.jp/13/index.php?action_kouhyou_detail_004_kani=true&JigyosyoCd=1372204204-00&ServiceCd=150&Type=search", "url2": "http://www.c-24.jp/" }, "geometry": { "type": "Point", "coordinates": [ 139.856470800000011, 35.7357285 ] } },
{ "type": "Feature", "properties": { "内容": "なぎさ和楽苑　通所介護事業所【通所介護】東京都江戸川区西葛西８－１－１", "url": "https://www.kaigokensaku.mhlw.go.jp/13/index.php?action_kouhyou_detail_004_kani=true&JigyosyoCd=1372301620-00&ServiceCd=150&Type=search", "url2": "http://www.tokyoeiwakai.or.jp" }, "geometry": { "type": "Point", "coordinates": [ 139.859420699999987, 35.6550791 ] } },
{ "type": "Feature", "properties": { "内容": "老人デイサービスセンター　泰明【通所介護】東京都江戸川区北小岩５－３４－１０", "url": "https://www.kaigokensaku.mhlw.go.jp/13/index.php?action_kouhyou_detail_004_kani=true&JigyosyoCd=1372301729-00&ServiceCd=150&Type=search", "url2": "http://www.hakusyuu.jimusho.jp" }, "geometry": { "type": "Point", "coordinates": [ 139.891634299999964, 35.739703 ] } },
{ "type": "Feature", "properties": { "内容": "小岩デイサービスセンター【通所介護】東京都江戸川区南小岩５－１１－１０", "url": "https://www.kaigokensaku.mhlw.go.jp/13/index.php?action_kouhyou_detail_004_kani=true&JigyosyoCd=1372300507-00&ServiceCd=150&Type=search", "url2": "https://www.koiwahome.com/" }, "geometry": { "type": "Point", "coordinates": [ 139.879769099999976, 35.7248689 ] } },
{ "type": "Feature", "properties": { "内容": "清心苑ケアセンター【通所介護】東京都江戸川区西一之江4-9-24", "url": "https://www.kaigokensaku.mhlw.go.jp/13/index.php?action_kouhyou_detail_004_kani=true&JigyosyoCd=1372300614-00&ServiceCd=150&Type=search", "url2": "http://kenshukai.kir.jp/" }, "geometry": { "type": "Point", "coordinates": [ 139.874034700000038, 35.6956196 ] } },
{ "type": "Feature", "properties": { "内容": "暖心苑デイサービスセンター【通所介護】東京都江戸川区北葛西4-3-16", "url": "https://www.kaigokensaku.mhlw.go.jp/13/index.php?action_kouhyou_detail_004_kani=true&JigyosyoCd=1372300655-00&ServiceCd=150&Type=search", "url2": "http://www.danshinen.org" }, "geometry": { "type": "Point", "coordinates": [ 139.86253350000004, 35.6715329 ] } },
{ "type": "Feature", "properties": { "内容": "アゼリー江戸川【通所介護】東京都江戸川区本一色2-13-25", "url": "https://www.kaigokensaku.mhlw.go.jp/13/index.php?action_kouhyou_detail_004_kani=true&JigyosyoCd=1372300697-00&ServiceCd=150&Type=search", "url2": "http://koujukai.azalee.or.jp/facilities/index2.html" }, "geometry": { "type": "Point", "coordinates": [ 139.873095, 35.719761 ] } },
{ "type": "Feature", "properties": { "内容": "瑞江在宅サービスセンター【通所介護】東京都江戸川区瑞江１丁目３番１２号", "url": "https://www.kaigokensaku.mhlw.go.jp/13/index.php?action_kouhyou_detail_004_kani=true&JigyosyoCd=1372300705-00&ServiceCd=150&Type=search", "url2": "http://zuikoukai.jp/" }, "geometry": { "type": "Point", "coordinates": [ 139.893968699999959, 35.6994674 ] } },
{ "type": "Feature", "properties": { "内容": "高齢者在宅サービスセンター江戸川光照苑【通所介護】東京都江戸川区北小岩５―７―２", "url": "https://www.kaigokensaku.mhlw.go.jp/13/index.php?action_kouhyou_detail_004_kani=true&JigyosyoCd=1372300754-00&ServiceCd=150&Type=search", "url2": "https://e-kousyoen.or.jp/" }, "geometry": { "type": "Point", "coordinates": [ 139.887865, 35.7402473 ] } },
{ "type": "Feature", "properties": { "内容": "デイサービスセンター　ウエル江戸川【通所介護】東京都江戸川区平井7丁目13番32号", "url": "https://www.kaigokensaku.mhlw.go.jp/13/index.php?action_kouhyou_detail_004_kani=true&JigyosyoCd=1372301414-00&ServiceCd=150&Type=search", "url2": "http://www.wel-edogawa.jp" }, "geometry": { "type": "Point", "coordinates": [ 139.837162900000067, 35.714444 ] } },
{ "type": "Feature", "properties": { "内容": "みどりの郷福楽園デイサービスセンター【通所介護】東京都江戸川区臨海町１－４－４", "url": "https://www.kaigokensaku.mhlw.go.jp/13/index.php?action_kouhyou_detail_004_kani=true&JigyosyoCd=1372301679-00&ServiceCd=150&Type=search", "url2": "https://e-houseikai.or.jp" }, "geometry": { "type": "Point", "coordinates": [ 139.852490699999947, 35.6532346 ] } },
{ "type": "Feature", "properties": { "内容": "デイサービスきらら一之江【通所介護】東京都江戸川区一之江7-50-6", "url": "https://www.kaigokensaku.mhlw.go.jp/13/index.php?action_kouhyou_detail_004_kani=true&JigyosyoCd=1372304277-00&ServiceCd=150&Type=search", "url2": "http://www.starts.co.jp/s-careservice/s_ichinoe/ds/" }, "geometry": { "type": "Point", "coordinates": [ 139.877740300000028, 35.6856905 ] } },
{ "type": "Feature", "properties": { "内容": "古川親水苑デイサービスセンター【通所介護】東京都江戸川区江戸川五丁目4番2", "url": "https://www.kaigokensaku.mhlw.go.jp/13/index.php?action_kouhyou_detail_004_kani=true&JigyosyoCd=1372307163-00&ServiceCd=150&Type=search", "url2": "http://t-yuukikai.or.jp/" }, "geometry": { "type": "Point", "coordinates": [ 139.869205, 35.6828014 ] } },
{ "type": "Feature", "properties": { "内容": "癒しの里西小松川デイサービスセンター【通所介護】東京都江戸川区西小松川町１－２１", "url": "https://www.kaigokensaku.mhlw.go.jp/13/index.php?action_kouhyou_detail_004_kani=true&JigyosyoCd=1372309029-00&ServiceCd=150&Type=search", "url2": "http://www.sanko-fukushi.jp/" }, "geometry": { "type": "Point", "coordinates": [ 139.8626276, 35.6953939 ] } },
{ "type": "Feature", "properties": { "内容": "在宅サービスセンターきく【通所介護】東京都江戸川区鹿骨三丁目16番6号", "url": "https://www.kaigokensaku.mhlw.go.jp/13/index.php?action_kouhyou_detail_004_kani=true&JigyosyoCd=1372301950-00&ServiceCd=150&Type=search", "url2": "http://www.kyowakai-kiku.jp/" }, "geometry": { "type": "Point", "coordinates": [ 139.89147939999998, 35.715515 ] } },
{ "type": "Feature", "properties": { "内容": "あおぞらデイサービス【通所介護】東京都江戸川区船堀６－３－２０つばめガーデン", "url": "https://www.kaigokensaku.mhlw.go.jp/13/index.php?action_kouhyou_detail_004_kani=true&JigyosyoCd=1372303519-00&ServiceCd=150&Type=search", "url2": "http://www.daisen-aozora.com" }, "geometry": { "type": "Point", "coordinates": [ 139.866899699999976, 35.6791406 ] } },
{ "type": "Feature", "properties": { "内容": "アゼリーアネックス【通所介護】東京都江戸川区大杉2-10-16", "url": "https://www.kaigokensaku.mhlw.go.jp/13/index.php?action_kouhyou_detail_004_kani=true&JigyosyoCd=1372304590-00&ServiceCd=150&Type=search", "url2": "http://koujukai.azalee.or.jp/" }, "geometry": { "type": "Point", "coordinates": [ 139.879142099999967, 35.7064936 ] } },
{ "type": "Feature", "properties": { "内容": "デイサービス　さくら茶房【通所介護】東京都江戸川区北小岩8-21-6仙寿庵1階", "url": "https://www.kaigokensaku.mhlw.go.jp/13/index.php?action_kouhyou_detail_004_kani=true&JigyosyoCd=1372305266-00&ServiceCd=150&Type=search", "url2": "http://www.sakurasabou.co.jp" }, "geometry": { "type": "Point", "coordinates": [ 139.8857233, 35.7484322 ] } },
{ "type": "Feature", "properties": { "内容": "アースサポート江戸川【通所介護】東京都江戸川区船堀6丁目4番8号", "url": "https://www.kaigokensaku.mhlw.go.jp/13/index.php?action_kouhyou_detail_004_kani=true&JigyosyoCd=1372309672-00&ServiceCd=150&Type=search", "url2": "https://www.earthsupport.co.jp" }, "geometry": { "type": "Point", "coordinates": [ 139.866958100000033, 35.6799905 ] } },
{ "type": "Feature", "properties": { "内容": "デイサービスこまつな【通所介護】東京都江戸川区松江6-4-20NOGUCHIMATSUEBldg2階", "url": "https://www.kaigokensaku.mhlw.go.jp/13/index.php?action_kouhyou_detail_004_kani=true&JigyosyoCd=1372309797-00&ServiceCd=150&Type=search", "url2": "https://www.noguchi-net.co.jp/service/service07/" }, "geometry": { "type": "Point", "coordinates": [ 139.871522199999959, 35.686465900000016 ] } },
{ "type": "Feature", "properties": { "内容": "デイサービス和　篠崎【通所介護】東京都江戸川区篠崎町8丁目14番15号シャインスター1Ｆ", "url": "https://www.kaigokensaku.mhlw.go.jp/13/index.php?action_kouhyou_detail_004_kani=true&JigyosyoCd=1372306132-00&ServiceCd=150&Type=search", "url2": "https://www.wel-morinaga.co.jp/" }, "geometry": { "type": "Point", "coordinates": [ 139.898504300000013, 35.7060055 ] } },
{ "type": "Feature", "properties": { "内容": "コミュニティガーデン東京アネックス【通所介護】東京都江戸川区南篠崎町1-6-14", "url": "https://www.kaigokensaku.mhlw.go.jp/13/index.php?action_kouhyou_detail_004_kani=true&JigyosyoCd=1372309730-00&ServiceCd=150&Type=search", "url2": "https://www.communitygarden.jp/tokyoannex/" }, "geometry": { "type": "Point", "coordinates": [ 139.903154500000028, 35.6950153 ] } },
{ "type": "Feature", "properties": { "内容": "ケアラウンジキョウエイ【通所介護】東京都江戸川区江戸川5-17-7", "url": "https://www.kaigokensaku.mhlw.go.jp/13/index.php?action_kouhyou_detail_004_kani=true&JigyosyoCd=1372307395-00&ServiceCd=150&Type=search", "url2": "https://kyoei1971.jp/" }, "geometry": { "type": "Point", "coordinates": [ 139.8802580217247, 35.675275752250506 ] } },
{ "type": "Feature", "properties": { "内容": "ケアセンターつどい【通所介護】東京都江戸川区北葛西１－２２－１７", "url": "https://www.kaigokensaku.mhlw.go.jp/13/index.php?action_kouhyou_detail_004_kani=true&JigyosyoCd=1372301869-00&ServiceCd=150&Type=search", "url2": "http://www.mcp-tudoi.com/" }, "geometry": { "type": "Point", "coordinates": [ 139.86063630000001, 35.6799679 ] } },
{ "type": "Feature", "properties": { "内容": "フォービスライフデイサービスセンター英【通所介護】東京都江戸川区松江2－29－18", "url": "https://www.kaigokensaku.mhlw.go.jp/13/index.php?action_kouhyou_detail_004_kani=true&JigyosyoCd=1372302818-00&ServiceCd=150&Type=search", "url2": "http://cs-forvice.com" }, "geometry": { "type": "Point", "coordinates": [ 139.874090099999989, 35.7013523 ] } },
{ "type": "Feature", "properties": { "内容": "コミュニティガーデン東京アネックス別館【通所介護】東京都江戸川区南篠崎町３－８－１５", "url": "https://www.kaigokensaku.mhlw.go.jp/13/index.php?action_kouhyou_detail_004_kani=true&JigyosyoCd=1372302982-00&ServiceCd=150&Type=search", "url2": "http://www.hokusuikai.or.jp" }, "geometry": { "type": "Point", "coordinates": [ 139.8988048, 35.6951263 ] } },
{ "type": "Feature", "properties": { "内容": "江東園ケアセンターつばきふれあいの間【通所介護】東京都江戸川区春江町２－５－１５", "url": "https://www.kaigokensaku.mhlw.go.jp/13/index.php?action_kouhyou_detail_004_kani=true&JigyosyoCd=1372304129-00&ServiceCd=150&Type=search", "url2": "http://www.kotoen.or.jp/" }, "geometry": { "type": "Point", "coordinates": [ 139.887083100000041, 35.7007614 ] } },
{ "type": "Feature", "properties": { "内容": "ケアセンターつどい大杉【通所介護】東京都江戸川区大杉3-4-13", "url": "https://www.kaigokensaku.mhlw.go.jp/13/index.php?action_kouhyou_detail_004_kani=true&JigyosyoCd=1372307684-00&ServiceCd=150&Type=search", "url2": null }, "geometry": { "type": "Point", "coordinates": [ 139.881766800000037, 35.7045273 ] } },
{ "type": "Feature", "properties": { "内容": "デイサービス　ソラスト船堀【通所介護】東京都江戸川区松江5-12-14", "url": "https://www.kaigokensaku.mhlw.go.jp/13/index.php?action_kouhyou_detail_004_kani=true&JigyosyoCd=1372308054-00&ServiceCd=150&Type=search", "url2": "http://www.solasto.co.jp" }, "geometry": { "type": "Point", "coordinates": [ 139.869221499999981, 35.6888729 ] } },
{ "type": "Feature", "properties": { "内容": "株式会社みなみ北葛西ケアセンター【通所介護】東京都江戸川区北葛西2-23-14", "url": "https://www.kaigokensaku.mhlw.go.jp/13/index.php?action_kouhyou_detail_004_kani=true&JigyosyoCd=1372309060-00&ServiceCd=150&Type=search", "url2": "http://minamicare.co.jp/" }, "geometry": { "type": "Point", "coordinates": [ 139.859203100000059, 35.6760127 ] } },
{ "type": "Feature", "properties": { "内容": "デイサービスほっとホームえがお【通所介護】東京都江戸川区下篠崎町９－１２", "url": "https://www.kaigokensaku.mhlw.go.jp/13/index.php?action_kouhyou_detail_004_kani=true&JigyosyoCd=1372309821-00&ServiceCd=150&Type=search", "url2": "http//youmei-home.jp" }, "geometry": { "type": "Point", "coordinates": [ 139.912434699999949, 35.698342 ] } },
{ "type": "Feature", "properties": { "内容": "デイホームゆりの木江戸川【通所介護】東京都江戸川区松島1-27-18", "url": "https://www.kaigokensaku.mhlw.go.jp/13/index.php?action_kouhyou_detail_004_kani=true&JigyosyoCd=1372309854-00&ServiceCd=150&Type=search", "url2": "http://www.elderly.jp" }, "geometry": { "type": "Point", "coordinates": [ 139.865332599999988, 35.706162299999974 ] } },
{ "type": "Feature", "properties": { "内容": "ともいきケア一之江【通所介護】東京都江戸川区一之江7-66-1イーストイン1階", "url": "https://www.kaigokensaku.mhlw.go.jp/13/index.php?action_kouhyou_detail_004_kani=true&JigyosyoCd=1372310076-00&ServiceCd=150&Type=search", "url2": "http://tomoikicare.com/" }, "geometry": { "type": "Point", "coordinates": [ 139.8770432, 35.6833546 ] } },
{ "type": "Feature", "properties": { "内容": "一笑苑　江戸川【通所介護】東京都江戸川区平井4-22-7スルガヤビル１Ｆ", "url": "https://www.kaigokensaku.mhlw.go.jp/13/index.php?action_kouhyou_detail_004_kani=true&JigyosyoCd=1372310662-00&ServiceCd=150&Type=search", "url2": "http://isshoen.org/index.php/Build/view/bId/6" }, "geometry": { "type": "Point", "coordinates": [ 139.846665, 35.7070867 ] } },
{ "type": "Feature", "properties": { "内容": "デイサービストーリツ西一之江【通所介護】東京都江戸川区西一之江3-36-11-", "url": "https://www.kaigokensaku.mhlw.go.jp/13/index.php?action_kouhyou_detail_004_kani=true&JigyosyoCd=1372306090-00&ServiceCd=150&Type=search", "url2": "http://www.to-ritsu.co.jp" }, "geometry": { "type": "Point", "coordinates": [ 139.8766068, 35.6921674 ] } },
{ "type": "Feature", "properties": { "内容": "機能回復リハセンター松島【通所介護】東京都江戸川区松島２−３５−４", "url": "https://www.kaigokensaku.mhlw.go.jp/13/index.php?action_kouhyou_detail_004_kani=true&JigyosyoCd=1372309169-00&ServiceCd=150&Type=search", "url2": "https://www.bodypioneer.net/リハビリ特化型デイサービス/機能回復リハセンター松島/" }, "geometry": { "type": "Point", "coordinates": [ 139.864602099999956, 35.7067955 ] } },
{ "type": "Feature", "properties": { "内容": "ＳＯＭＰＯケア　ハッピーデイズ船堀【通所介護】東京都江戸川区東小松川３丁目24番13号", "url": "https://www.kaigokensaku.mhlw.go.jp/13/index.php?action_kouhyou_detail_004_kani=true&JigyosyoCd=1372309599-00&ServiceCd=150&Type=search", "url2": "https://www.sompocare.com/service/zaitaku/dayservice/Z000002/message/" }, "geometry": { "type": "Point", "coordinates": [ 139.866736863159872, 35.693580837705007 ] } },
{ "type": "Feature", "properties": { "内容": "やさしい手デイサービス　ゆめふる小岩店【通所介護】東京都江戸川区南小岩6-4-7", "url": "https://www.kaigokensaku.mhlw.go.jp/13/index.php?action_kouhyou_detail_004_kani=true&JigyosyoCd=1372304665-00&ServiceCd=150&Type=search", "url2": "http://www.yasashiite.com" }, "geometry": { "type": "Point", "coordinates": [ 139.876847, 35.7294682 ] } },
{ "type": "Feature", "properties": { "内容": "コスモス通所介護サービスセンター【通所介護】東京都江戸川区中央３－２０－２２", "url": "https://www.kaigokensaku.mhlw.go.jp/13/index.php?action_kouhyou_detail_004_kani=true&JigyosyoCd=1372301224-00&ServiceCd=150&Type=search", "url2": "http://www.mitsuwakai.jp/cosmossc/index.html" }, "geometry": { "type": "Point", "coordinates": [ 139.874864500000058, 35.713198 ] } },
{ "type": "Feature", "properties": { "内容": "高齢者介護まつしまリハビリホーム【通所介護】東京都江戸川区松島4-46-16正栄ビル2階", "url": "https://www.kaigokensaku.mhlw.go.jp/13/index.php?action_kouhyou_detail_004_kani=true&JigyosyoCd=1372301513-00&ServiceCd=150&Type=search", "url2": "https://care-net.biz/13/mediwel/" }, "geometry": { "type": "Point", "coordinates": [ 139.860251693254099, 35.71362324390121 ] } },
{ "type": "Feature", "properties": { "内容": "介護サポート　コンパス【通所介護】東京都江戸川区東葛西６－２９－１７", "url": "https://www.kaigokensaku.mhlw.go.jp/13/index.php?action_kouhyou_detail_004_kani=true&JigyosyoCd=1372302396-00&ServiceCd=150&Type=search", "url2": "https://www.compass-kaigo.co.jp/" }, "geometry": { "type": "Point", "coordinates": [ 139.877532067395151, 35.65986801601565 ] } },
{ "type": "Feature", "properties": { "内容": "ツクイ江戸川宇喜田【通所介護】東京都江戸川宇喜田町1237-1", "url": "https://www.kaigokensaku.mhlw.go.jp/13/index.php?action_kouhyou_detail_004_kani=true&JigyosyoCd=1372302891-00&ServiceCd=150&Type=search", "url2": "https://www.tsukui.net" }, "geometry": { "type": "Point", "coordinates": [ 139.861336, 35.675987700000015 ] } },
{ "type": "Feature", "properties": { "内容": "いきいき神鹿【通所介護】東京都江戸川区鹿骨3-12-17ロンジェヴィテえどがわ１階", "url": "https://www.kaigokensaku.mhlw.go.jp/13/index.php?action_kouhyou_detail_004_kani=true&JigyosyoCd=1372304376-00&ServiceCd=150&Type=search", "url2": "http://www.ikiikisupport.org/" }, "geometry": { "type": "Point", "coordinates": [ 139.891800435581956, 35.713830345230406 ] } },
{ "type": "Feature", "properties": { "内容": "ツクイ江戸川大杉【通所介護】東京都江戸川区大杉1-19-8ツクイ江戸川大杉デイサービス", "url": "https://www.kaigokensaku.mhlw.go.jp/13/index.php?action_kouhyou_detail_004_kani=true&JigyosyoCd=1372304491-00&ServiceCd=150&Type=search", "url2": "http://www.tsukui.net/search/2380/detail.html" }, "geometry": { "type": "Point", "coordinates": [ 139.877320693037746, 35.70590099721327 ] } },
{ "type": "Feature", "properties": { "内容": "デイサービスリゾート　ハナマウイジョイ【通所介護】東京都江戸川区船堀２－２２－１４NSセントラルビル２階", "url": "https://www.kaigokensaku.mhlw.go.jp/13/index.php?action_kouhyou_detail_004_kani=true&JigyosyoCd=1372304806-00&ServiceCd=150&Type=search", "url2": null }, "geometry": { "type": "Point", "coordinates": [ 139.862619499999937, 35.6829788 ] } },
{ "type": "Feature", "properties": { "内容": "株式会社ケアサービス　デイサービスセンター大杉【通所介護】東京都江戸川区大杉１－１１－７", "url": "https://www.kaigokensaku.mhlw.go.jp/13/index.php?action_kouhyou_detail_004_kani=true&JigyosyoCd=1372304897-00&ServiceCd=150&Type=search", "url2": "http://www.care.co.jp" }, "geometry": { "type": "Point", "coordinates": [ 139.87773679999998, 35.7033272 ] } },
{ "type": "Feature", "properties": { "内容": "ジョイリハ葛西【通所介護】東京都江戸川区中葛西1-8-6大高ハイツ103", "url": "https://www.kaigokensaku.mhlw.go.jp/13/index.php?action_kouhyou_detail_004_kani=true&JigyosyoCd=1372304921-00&ServiceCd=150&Type=search", "url2": "http://www.okamoto-group.co.jp/joyreha/" }, "geometry": { "type": "Point", "coordinates": [ 139.868860899999959, 35.6713083 ] } },
{ "type": "Feature", "properties": { "内容": "ジョイリハ春江【通所介護】東京都江戸川区春江町1-1-22シェルティ田島１Ｆ", "url": "https://www.kaigokensaku.mhlw.go.jp/13/index.php?action_kouhyou_detail_004_kani=true&JigyosyoCd=1372305456-00&ServiceCd=150&Type=search", "url2": "http://www.okamoto-group.co.jp/joyreha/" }, "geometry": { "type": "Point", "coordinates": [ 139.891963199999964, 35.7020337 ] } },
{ "type": "Feature", "properties": { "内容": "健遊館　銭湯　小岩大黒湯【通所介護】東京都江戸川区南小岩６丁目２９番１５号大黒ビル　1Ｆ", "url": "https://www.kaigokensaku.mhlw.go.jp/13/index.php?action_kouhyou_detail_004_kani=true&JigyosyoCd=1372305472-00&ServiceCd=150&Type=search", "url2": "http://koiwadaikokuyu.kenyu.co.jp/" }, "geometry": { "type": "Point", "coordinates": [ 139.880782700000026, 35.7305487 ] } },
{ "type": "Feature", "properties": { "内容": "ヒューマンライフケア風鈴の湯【通所介護】東京都江戸川区中央3-23-7橋本ビル１階", "url": "https://www.kaigokensaku.mhlw.go.jp/13/index.php?action_kouhyou_detail_004_kani=true&JigyosyoCd=1372305654-00&ServiceCd=150&Type=search", "url2": "https://kaigo.human-lifecare.jp/facilities/ds006_Fuurin/summary.html" }, "geometry": { "type": "Point", "coordinates": [ 139.874264700000026, 35.7106317 ] } },
{ "type": "Feature", "properties": { "内容": "株式会社ケアサービス　デイサービスセンター東葛西【通所介護】東京都江戸川区東葛西5-9-19", "url": "https://www.kaigokensaku.mhlw.go.jp/13/index.php?action_kouhyou_detail_004_kani=true&JigyosyoCd=1372306033-00&ServiceCd=150&Type=search", "url2": "http://www.care.co.jp" }, "geometry": { "type": "Point", "coordinates": [ 139.873938599999974, 35.6655537 ] } },
{ "type": "Feature", "properties": { "内容": "デイサービスリゾート　ハナマウイ　グレース【通所介護】東京都江戸川区瑞江4-22-13", "url": "https://www.kaigokensaku.mhlw.go.jp/13/index.php?action_kouhyou_detail_004_kani=true&JigyosyoCd=1372306892-00&ServiceCd=150&Type=search", "url2": "http://hanamaui.co.jp" }, "geometry": { "type": "Point", "coordinates": [ 139.894509185983225, 35.692020289404205 ] } },
{ "type": "Feature", "properties": { "内容": "アゼリーリハビリ倶楽部【通所介護】東京都江戸川区中央1-8-21アゼリーリハビリ倶楽部", "url": "https://www.kaigokensaku.mhlw.go.jp/13/index.php?action_kouhyou_detail_004_kani=true&JigyosyoCd=1372307098-00&ServiceCd=150&Type=search", "url2": "http://koujukai.azalee.or.jp" }, "geometry": { "type": "Point", "coordinates": [ 139.869507, 35.709326 ] } },
{ "type": "Feature", "properties": { "内容": "デイサービスたけのこ平井【通所介護】東京都江戸川区平井7-17-6ミサワビル1F", "url": "https://www.kaigokensaku.mhlw.go.jp/13/index.php?action_kouhyou_detail_004_kani=true&JigyosyoCd=1372307114-00&ServiceCd=150&Type=search", "url2": "http://raycom.co.jp/" }, "geometry": { "type": "Point", "coordinates": [ 139.83806, 35.7137663 ] } },
{ "type": "Feature", "properties": { "内容": "デイサービス江戸川邸【通所介護】東京都江戸川区南葛西6-34-12グロリア参番館101", "url": "https://www.kaigokensaku.mhlw.go.jp/13/index.php?action_kouhyou_detail_004_kani=true&JigyosyoCd=1372307239-00&ServiceCd=150&Type=search", "url2": "https://www.pasona-lc.co.jp/kaigo/office/edogawa/" }, "geometry": { "type": "Point", "coordinates": [ 139.879502699999989, 35.6504305 ] } },
{ "type": "Feature", "properties": { "内容": "デイサービス夢楽瑞江【通所介護】東京都江戸川区谷河内2-4-6メゾンエスユー　1Ｆ", "url": "https://www.kaigokensaku.mhlw.go.jp/13/index.php?action_kouhyou_detail_004_kani=true&JigyosyoCd=1372307361-00&ServiceCd=150&Type=search", "url2": "http://yumeraku.net/mizue/" }, "geometry": { "type": "Point", "coordinates": [ 139.898179499999969, 35.7013201 ] } },
{ "type": "Feature", "properties": { "内容": "機能回復リハセンター篠崎【通所介護】東京都江戸川区鹿骨2-37-8ニットーハイツ１F", "url": "https://www.kaigokensaku.mhlw.go.jp/13/index.php?action_kouhyou_detail_004_kani=true&JigyosyoCd=1372307718-00&ServiceCd=150&Type=search", "url2": "http://www.bodypioneer.net/" }, "geometry": { "type": "Point", "coordinates": [ 139.896076699999981, 35.7059138 ] } },
{ "type": "Feature", "properties": { "内容": "かがやきデイサービス一之江北【通所介護】東京都江戸川区一之江三丁目９番９号", "url": "https://www.kaigokensaku.mhlw.go.jp/13/index.php?action_kouhyou_detail_004_kani=true&JigyosyoCd=1372308484-00&ServiceCd=150&Type=search", "url2": "http://www.ymmd.co.jp" }, "geometry": { "type": "Point", "coordinates": [ 139.884170317119953, 35.688665605702248 ] } },
{ "type": "Feature", "properties": { "内容": "フィッツリハ　一之江【通所介護】東京都江戸川区一之江７丁目35番22号一富ビル3階", "url": "https://www.kaigokensaku.mhlw.go.jp/13/index.php?action_kouhyou_detail_004_kani=true&JigyosyoCd=1372308500-00&ServiceCd=150&Type=search", "url2": "https://fitsriha.com" }, "geometry": { "type": "Point", "coordinates": [ 139.88166769999998, 35.6861323 ] } },
{ "type": "Feature", "properties": { "内容": "デイサービスセンターなごやか小岩【通所介護】東京都江戸川区東小岩5-4-10日電コーポ1階", "url": "https://www.kaigokensaku.mhlw.go.jp/13/index.php?action_kouhyou_detail_004_kani=true&JigyosyoCd=1372308724-00&ServiceCd=150&Type=search", "url2": "http://club.nagoyaka-link.co.jp/koiwa/" }, "geometry": { "type": "Point", "coordinates": [ 139.886154300000044, 35.7328734 ] } },
{ "type": "Feature", "properties": { "内容": "デイサービスセンターなごやか葛西【通所介護】東京都江戸川区東葛西8-3-1ヴィルメゾン葛西１Ｆ", "url": "https://www.kaigokensaku.mhlw.go.jp/13/index.php?action_kouhyou_detail_004_kani=true&JigyosyoCd=1372308740-00&ServiceCd=150&Type=search", "url2": "http://www.nagoyaka-link.co.jp/" }, "geometry": { "type": "Point", "coordinates": [ 139.873133400000029, 35.6573823 ] } },
{ "type": "Feature", "properties": { "内容": "デイサービス　夢楽　船堀【通所介護】東京都江戸川区船堀5-11-22ヴェトヴィ船堀１Ｆ", "url": "https://www.kaigokensaku.mhlw.go.jp/13/index.php?action_kouhyou_detail_004_kani=true&JigyosyoCd=1372308757-00&ServiceCd=150&Type=search", "url2": null }, "geometry": { "type": "Point", "coordinates": [ 139.870163300000058, 35.6807156 ] } },
{ "type": "Feature", "properties": { "内容": "スウィング仁【通所介護】東京都江戸川区西瑞江3丁目２４の１６サンルームますだ１階店舗", "url": "https://www.kaigokensaku.mhlw.go.jp/13/index.php?action_kouhyou_detail_004_kani=true&JigyosyoCd=1372309201-00&ServiceCd=150&Type=search", "url2": "http://bearvalley.co.jp" }, "geometry": { "type": "Point", "coordinates": [ 139.890265245368937, 35.686852172005594 ] } },
{ "type": "Feature", "properties": { "内容": "ミモザ江戸川鹿本【通所介護】東京都江戸川区東松本1-6-19", "url": "https://www.kaigokensaku.mhlw.go.jp/13/index.php?action_kouhyou_detail_004_kani=true&JigyosyoCd=1372309862-00&ServiceCd=150&Type=search", "url2": "https://mimoza-care.com/facility/day-service/post-1091/" }, "geometry": { "type": "Point", "coordinates": [ 139.8843293, 35.7188002 ] } },
{ "type": "Feature", "properties": { "内容": "ベストリハ一之江【通所介護】東京都江戸川区江戸川6-8-3ブライトステージ１階", "url": "https://www.kaigokensaku.mhlw.go.jp/13/index.php?action_kouhyou_detail_004_kani=true&JigyosyoCd=1372309896-00&ServiceCd=150&Type=search", "url2": "https://www.bestreha.com" }, "geometry": { "type": "Point", "coordinates": [ 139.877973600000018, 35.676402199999984 ] } },
{ "type": "Feature", "properties": { "内容": "フィッツリハ　小岩【通所介護】東京都江戸川区南小岩8丁目11番地1号オークプレイス小岩2階", "url": "https://www.kaigokensaku.mhlw.go.jp/13/index.php?action_kouhyou_detail_004_kani=true&JigyosyoCd=1372310092-00&ServiceCd=150&Type=search", "url2": "https://fitsriha.com/" }, "geometry": { "type": "Point", "coordinates": [ 139.883993552778605, 35.733072882249942 ] } },
{ "type": "Feature", "properties": { "内容": "Rehash【通所介護】東京都江戸川区松島４－４１－８", "url": "https://www.kaigokensaku.mhlw.go.jp/13/index.php?action_kouhyou_detail_004_kani=true&JigyosyoCd=1372310167-00&ServiceCd=150&Type=search", "url2": "https://rehashcafe.business.site/" }, "geometry": { "type": "Point", "coordinates": [ 139.8594261, 35.7112019 ] } },
{ "type": "Feature", "properties": { "内容": "生活リハビリデイサービス　りふり春江店【通所介護】東京都江戸川区春江町2-31-9ニューキャネル須賀101", "url": "https://www.kaigokensaku.mhlw.go.jp/13/index.php?action_kouhyou_detail_004_kani=true&JigyosyoCd=1372310183-00&ServiceCd=150&Type=search", "url2": "http://rifuri.jp" }, "geometry": { "type": "Point", "coordinates": [ 139.8899285, 35.7011781 ] } },
{ "type": "Feature", "properties": { "内容": "ベストリハ葛西【通所介護】東京都江戸川区中葛西８－２２－８フローラル中葛西Ⅵ１階", "url": "https://www.kaigokensaku.mhlw.go.jp/13/index.php?action_kouhyou_detail_004_kani=true&JigyosyoCd=1372310233-00&ServiceCd=150&Type=search", "url2": "https://bestreha.com/" }, "geometry": { "type": "Point", "coordinates": [ 139.872136355155902, 35.657178179205843 ] } },
{ "type": "Feature", "properties": { "内容": "脳トレ麻雀デイサービス・ウェルチャオ平井【通所介護】東京都江戸川区平井3-19-20", "url": "https://www.kaigokensaku.mhlw.go.jp/13/index.php?action_kouhyou_detail_004_kani=true&JigyosyoCd=1372310282-00&ServiceCd=150&Type=search", "url2": "https://www.welchao.com" }, "geometry": { "type": "Point", "coordinates": [ 139.842509799999988, 35.7022859 ] } },
{ "type": "Feature", "properties": { "内容": "リハデイnoie【通所介護】東京都江戸川区南小岩6-18-11", "url": "https://www.kaigokensaku.mhlw.go.jp/13/index.php?action_kouhyou_detail_004_kani=true&JigyosyoCd=1372310563-00&ServiceCd=150&Type=search", "url2": null }, "geometry": { "type": "Point", "coordinates": [ 139.880428099999989, 35.7315804 ] } },
{ "type": "Feature", "properties": { "内容": "リハデイBrain【通所介護】東京都江戸川区北小岩4-39-7", "url": "https://www.kaigokensaku.mhlw.go.jp/13/index.php?action_kouhyou_detail_004_kani=true&JigyosyoCd=1372310571-00&ServiceCd=150&Type=search", "url2": "https://www.bodypioneer.net" }, "geometry": { "type": "Point", "coordinates": [ 139.895813299999986, 35.7412179 ] } },
{ "type": "Feature", "properties": { "内容": "デイサービスセンター　コンパスプラス西一之江【通所介護】東京都江戸川区西一之江1-12-15", "url": "https://www.kaigokensaku.mhlw.go.jp/13/index.php?action_kouhyou_detail_004_kani=true&JigyosyoCd=1372310712-00&ServiceCd=150&Type=search", "url2": "https://compass-kaigo.co.jp/" }, "geometry": { "type": "Point", "coordinates": [ 139.8771673, 35.7005403 ] } },
{ "type": "Feature", "properties": { "内容": "通所サービスにじいろデイズ【通所介護】東京都江戸川区南篠崎町２-３７-１１リヴ鹿島田１F", "url": "https://www.kaigokensaku.mhlw.go.jp/13/index.php?action_kouhyou_detail_004_kani=true&JigyosyoCd=1372310860-00&ServiceCd=150&Type=search", "url2": "http://www.nijiiro-kaigo.jp/" }, "geometry": { "type": "Point", "coordinates": [ 139.9014776, 35.694285 ] } },
{ "type": "Feature", "properties": { "内容": "菜の花小岩リハビリデイサービス【通所介護】東京都江戸川区西小岩２－１９－１１セザール小岩マンション１階", "url": "https://www.kaigokensaku.mhlw.go.jp/13/index.php?action_kouhyou_detail_004_kani=true&JigyosyoCd=1372310878-00&ServiceCd=150&Type=search", "url2": "http://nanohana-group.net/company/" }, "geometry": { "type": "Point", "coordinates": [ 139.87707, 35.7342695 ] } },
{ "type": "Feature", "properties": { "内容": "東京リハビリデイゆうあい【通所介護】東京都江戸川区中央1-12-17セントラーレ十二番館", "url": "https://www.kaigokensaku.mhlw.go.jp/13/index.php?action_kouhyou_detail_004_kani=true&JigyosyoCd=1372310894-00&ServiceCd=150&Type=search", "url2": "http//ablaze-reha.com" }, "geometry": { "type": "Point", "coordinates": [ 139.8694529, 35.705786 ] } },
{ "type": "Feature", "properties": { "内容": "ケアポート銀の鈴【通所介護】東京都江戸川区北小岩６－１５－１０リエス京成小岩駅前１０１", "url": "https://www.kaigokensaku.mhlw.go.jp/13/index.php?action_kouhyou_detail_004_kani=true&JigyosyoCd=1372311041-00&ServiceCd=150&Type=search", "url2": null }, "geometry": { "type": "Point", "coordinates": [ 139.884989600000011, 35.7424099 ] } },
{ "type": "Feature", "properties": { "内容": "すこやかホーム瑞江【通所介護】東京都江戸川区南篠崎町2-51-2-1Fベルウッド瑞江１階", "url": "https://www.kaigokensaku.mhlw.go.jp/13/index.php?action_kouhyou_detail_004_kani=true&JigyosyoCd=1372311165-00&ServiceCd=150&Type=search", "url2": "https://www.sukoyaka-home.com" }, "geometry": { "type": "Point", "coordinates": [ 139.902011077909833, 35.694109735015154 ] } },
{ "type": "Feature", "properties": { "内容": "デイサービスＴＯＵＳＥＩ【通所介護】東京都江戸川区西一之江2-26-10田澤ビル１階", "url": "https://www.kaigokensaku.mhlw.go.jp/13/index.php?action_kouhyou_detail_004_kani=true&JigyosyoCd=1372310936-00&ServiceCd=150&Type=search", "url2": "https://d-tousei.co.jp/" }, "geometry": { "type": "Point", "coordinates": [ 139.881669564418019, 35.697669448144921 ] } },
{ "type": "Feature", "properties": { "内容": "にっこりでいさーびす【通所介護】東京都江戸川区北小岩6-15-10リエス京成小岩駅前202", "url": "https://www.kaigokensaku.mhlw.go.jp/13/index.php?action_kouhyou_detail_004_kani=true&JigyosyoCd=1372309151-00&ServiceCd=150&Type=search", "url2": "https://mgtoffice.j9-inc.com/" }, "geometry": { "type": "Point", "coordinates": [ 139.884829367459133, 35.742542612933178 ] } },
{ "type": "Feature", "properties": { "内容": "Tenon北小岩【通所介護】東京都江戸川区北小岩1丁目7番6号平ビル1階", "url": "https://www.kaigokensaku.mhlw.go.jp/13/index.php?action_kouhyou_detail_004_kani=true&JigyosyoCd=1372311306-00&ServiceCd=150&Type=search", "url2": "https://tenon-crosslife.co.jp/kitakoiwa-base/" }, "geometry": { "type": "Point", "coordinates": [ 139.887756100000018, 35.736858800000014 ] } },
{ "type": "Feature", "properties": { "内容": "デイサービスセンターエクラシア八王子【通所介護】東京都八王子市北野町523-3エクラシア八王子", "url": "https://www.kaigokensaku.mhlw.go.jp/13/index.php?action_kouhyou_detail_004_kani=true&JigyosyoCd=1372908986-00&ServiceCd=150&Type=search", "url2": "http://welloff.co.jp" }, "geometry": { "type": "Point", "coordinates": [ 139.351077800000013, 35.6505126 ] } },
{ "type": "Feature", "properties": { "内容": "デイサービス真秀の里【通所介護】東京都八王子市川口町3393", "url": "https://www.kaigokensaku.mhlw.go.jp/13/index.php?action_kouhyou_detail_004_kani=true&JigyosyoCd=1372904183-00&ServiceCd=150&Type=search", "url2": null }, "geometry": { "type": "Point", "coordinates": [ 139.272125299999971, 35.6984457 ] } },
{ "type": "Feature", "properties": { "内容": "青陽園デイケアセンター【通所介護】東京都八王子市川口町１５４３", "url": "https://www.kaigokensaku.mhlw.go.jp/13/index.php?action_kouhyou_detail_004_kani=true&JigyosyoCd=1372901122-00&ServiceCd=150&Type=search", "url2": "http://www.seiyoen.com" }, "geometry": { "type": "Point", "coordinates": [ 139.295805134115653, 35.683435458091942 ] } },
{ "type": "Feature", "properties": { "内容": "高齢者在宅サービスセンター八王子心成苑【通所介護】東京都八王子市館町1783番地", "url": "https://www.kaigokensaku.mhlw.go.jp/13/index.php?action_kouhyou_detail_004_kani=true&JigyosyoCd=1372901387-00&ServiceCd=150&Type=search", "url2": "http://www.sinseien.or.jp" }, "geometry": { "type": "Point", "coordinates": [ 139.293534, 35.6289084 ] } },
{ "type": "Feature", "properties": { "内容": "老人デイサービスセンター　第二八王子心成苑【通所介護】東京都八王子市館町1795番地1", "url": "https://www.kaigokensaku.mhlw.go.jp/13/index.php?action_kouhyou_detail_004_kani=true&JigyosyoCd=1372904191-00&ServiceCd=150&Type=search", "url2": "http://www.sinseien.or.jp/" }, "geometry": { "type": "Point", "coordinates": [ 139.294897799999944, 35.6288195 ] } },
{ "type": "Feature", "properties": { "内容": "ファミリーデイサービスセンター【通所介護】東京都八王子市宇津木町832番地", "url": "https://www.kaigokensaku.mhlw.go.jp/13/index.php?action_kouhyou_detail_004_kani=true&JigyosyoCd=1372909810-00&ServiceCd=150&Type=search", "url2": "http://www.seishinfukushikai.jp" }, "geometry": { "type": "Point", "coordinates": [ 139.3495595, 35.6846659 ] } },
{ "type": "Feature", "properties": { "内容": "長雄・松島デイサービスセンター【通所介護】東京都八王子市明神町4-18-12", "url": "https://www.kaigokensaku.mhlw.go.jp/13/index.php?action_kouhyou_detail_004_kani=true&JigyosyoCd=1372900819-00&ServiceCd=150&Type=search", "url2": "http://www.toujuen.or.jp/" }, "geometry": { "type": "Point", "coordinates": [ 139.3429228, 35.6616435 ] } },
{ "type": "Feature", "properties": { "内容": "絹の道デイサービスセンター【通所介護】東京都八王子市鑓水94番地", "url": "https://www.kaigokensaku.mhlw.go.jp/13/index.php?action_kouhyou_detail_004_kani=true&JigyosyoCd=1372900942-00&ServiceCd=150&Type=search", "url2": "http://www.kinu-michi.jp/" }, "geometry": { "type": "Point", "coordinates": [ 139.358853899999986, 35.6168381 ] } },
{ "type": "Feature", "properties": { "内容": "多摩シルバーハウス　デイサービスセンター【通所介護】東京都八王子市上柚木1550番地", "url": "https://www.kaigokensaku.mhlw.go.jp/13/index.php?action_kouhyou_detail_004_kani=true&JigyosyoCd=1372901148-00&ServiceCd=150&Type=search", "url2": "http://t-s-h.jp/" }, "geometry": { "type": "Point", "coordinates": [ 139.368377600000031, 35.6276563 ] } },
{ "type": "Feature", "properties": { "内容": "美山デイホーム【通所介護】東京都八王子市美山町1463", "url": "https://www.kaigokensaku.mhlw.go.jp/13/index.php?action_kouhyou_detail_004_kani=true&JigyosyoCd=1372901213-00&ServiceCd=150&Type=search", "url2": "https://azeriya-miyamaday.jp/" }, "geometry": { "type": "Point", "coordinates": [ 139.257002366795376, 35.684677185276968 ] } },
{ "type": "Feature", "properties": { "内容": "小松原園デイサービスセンター【通所介護】東京都八王子市犬目町688番地2", "url": "https://www.kaigokensaku.mhlw.go.jp/13/index.php?action_kouhyou_detail_004_kani=true&JigyosyoCd=1372901239-00&ServiceCd=150&Type=search", "url2": "http://www.komatubaraen.or.jp" }, "geometry": { "type": "Point", "coordinates": [ 139.303986399999985, 35.6960493 ] } },
{ "type": "Feature", "properties": { "内容": "ファミリーマイホームデイサービスセンター【通所介護】東京都八王子市左入町373番地1", "url": "https://www.kaigokensaku.mhlw.go.jp/13/index.php?action_kouhyou_detail_004_kani=true&JigyosyoCd=1372901353-00&ServiceCd=150&Type=search", "url2": "http://www.seishinfukushikai.or.jp/main.htm" }, "geometry": { "type": "Point", "coordinates": [ 139.3462183, 35.685740299999985 ] } },
{ "type": "Feature", "properties": { "内容": "ファミリーイン堀之内デイサービスセンター【通所介護】東京都八王子市堀之内1206", "url": "https://www.kaigokensaku.mhlw.go.jp/13/index.php?action_kouhyou_detail_004_kani=true&JigyosyoCd=1372901676-00&ServiceCd=150&Type=search", "url2": "http://www.seishinfukushikai.jp/" }, "geometry": { "type": "Point", "coordinates": [ 139.388787099999945, 35.6367219 ] } },
{ "type": "Feature", "properties": { "内容": "八王子ケアコミュニティそよ風【通所介護】東京都八王子市小宮町1226-4", "url": "https://www.kaigokensaku.mhlw.go.jp/13/index.php?action_kouhyou_detail_004_kani=true&JigyosyoCd=1372902245-00&ServiceCd=150&Type=search", "url2": "http://www.sykz.co.jp" }, "geometry": { "type": "Point", "coordinates": [ 139.363882279762237, 35.687189241153114 ] } },
{ "type": "Feature", "properties": { "内容": "あずみ苑館町【通所介護】東京都八王子市館町2065-7あずみ苑館町", "url": "https://www.kaigokensaku.mhlw.go.jp/13/index.php?action_kouhyou_detail_004_kani=true&JigyosyoCd=1372903979-00&ServiceCd=150&Type=search", "url2": "https://www.az-lifecare.co.jp/" }, "geometry": { "type": "Point", "coordinates": [ 139.303094, 35.6326521 ] } },
{ "type": "Feature", "properties": { "内容": "アイムデイサービスセンター【通所介護】東京都八王子市打越町2003-4エントピア北野３F", "url": "https://www.kaigokensaku.mhlw.go.jp/13/index.php?action_kouhyou_detail_004_kani=true&JigyosyoCd=1372904225-00&ServiceCd=150&Type=search", "url2": "http://a-i-m-inc.co.jp/" }, "geometry": { "type": "Point", "coordinates": [ 139.351277987339955, 35.645441420075315 ] } },
{ "type": "Feature", "properties": { "内容": "デイサービス鑓水【通所介護】東京都八王子市鑓水2-175-10", "url": "https://www.kaigokensaku.mhlw.go.jp/13/index.php?action_kouhyou_detail_004_kani=true&JigyosyoCd=1372908515-00&ServiceCd=150&Type=search", "url2": "https://nakahama-clinic.com/welfare/day_yarimizu.html" }, "geometry": { "type": "Point", "coordinates": [ 139.346161099999989, 35.6126918 ] } },
{ "type": "Feature", "properties": { "内容": "八王子保健生活協同組合　指定通所介護事業所　いきいきラウンジ爽杜【通所介護】東京都八王子市元八王子町2-1162-1", "url": "https://www.kaigokensaku.mhlw.go.jp/13/index.php?action_kouhyou_detail_004_kani=true&JigyosyoCd=1372904704-00&ServiceCd=150&Type=search", "url2": "http://www.hachisei.or.jp" }, "geometry": { "type": "Point", "coordinates": [ 139.283036600000059, 35.6592535 ] } },
{ "type": "Feature", "properties": { "内容": "リハビリセンターおおつか【通所介護】東京都八王子市大塚796-1", "url": "https://www.kaigokensaku.mhlw.go.jp/13/index.php?action_kouhyou_detail_004_kani=true&JigyosyoCd=1372904266-00&ServiceCd=150&Type=search", "url2": "http://aimcare.business1.gogo.jp/" }, "geometry": { "type": "Point", "coordinates": [ 139.425372599999946, 35.6382533 ] } },
{ "type": "Feature", "properties": { "内容": "社会福祉法人めじろ会　めじろデイホーム【通所介護】東京都八王子市めじろ台2-55-5", "url": "https://www.kaigokensaku.mhlw.go.jp/13/index.php?action_kouhyou_detail_004_kani=true&JigyosyoCd=1372901171-00&ServiceCd=150&Type=search", "url2": null }, "geometry": { "type": "Point", "coordinates": [ 139.31382039999994, 35.6412619 ] } },
{ "type": "Feature", "properties": { "内容": "大正舎介護くらぶ【通所介護】東京都八王子市元八王子町1-488-3", "url": "https://www.kaigokensaku.mhlw.go.jp/13/index.php?action_kouhyou_detail_004_kani=true&JigyosyoCd=1372902344-00&ServiceCd=150&Type=search", "url2": "https://www.bestcare-kaigo.jp/" }, "geometry": { "type": "Point", "coordinates": [ 139.28984689999993, 35.665855399999984 ] } },
{ "type": "Feature", "properties": { "内容": "デイサービス　うらら【通所介護】東京都八王子市弐分方町３４２番地", "url": "https://www.kaigokensaku.mhlw.go.jp/13/index.php?action_kouhyou_detail_004_kani=true&JigyosyoCd=1372903458-00&ServiceCd=150&Type=search", "url2": "http://www.urara-day.com" }, "geometry": { "type": "Point", "coordinates": [ 139.281869499999971, 35.6756956 ] } },
{ "type": "Feature", "properties": { "内容": "ニチイケアセンター由木【通所介護】東京都八王子市越野317-3", "url": "https://www.kaigokensaku.mhlw.go.jp/13/index.php?action_kouhyou_detail_004_kani=true&JigyosyoCd=1372903714-00&ServiceCd=150&Type=search", "url2": "http://www.nichiigakkan.co.jp" }, "geometry": { "type": "Point", "coordinates": [ 139.389201100000037, 35.6300144 ] } },
{ "type": "Feature", "properties": { "内容": "デイサービス　やまびこ【通所介護】東京都八王子市北野町522-12", "url": "https://www.kaigokensaku.mhlw.go.jp/13/index.php?action_kouhyou_detail_004_kani=true&JigyosyoCd=1372904001-00&ServiceCd=150&Type=search", "url2": "https://www.yamabiko-care-center.com/" }, "geometry": { "type": "Point", "coordinates": [ 139.349247933723689, 35.650197393931201 ] } },
{ "type": "Feature", "properties": { "内容": "ちぎら・みなみ野【通所介護】東京都八王子市みなみ野4丁目9番地3", "url": "https://www.kaigokensaku.mhlw.go.jp/13/index.php?action_kouhyou_detail_004_kani=true&JigyosyoCd=1372906881-00&ServiceCd=150&Type=search", "url2": "https://www.chigira.jp" }, "geometry": { "type": "Point", "coordinates": [ 139.326557799999989, 35.6259018 ] } },
{ "type": "Feature", "properties": { "内容": "八王子デイサービスセンター絆【通所介護】東京都八王子市日吉町１１－９", "url": "https://www.kaigokensaku.mhlw.go.jp/13/index.php?action_kouhyou_detail_004_kani=true&JigyosyoCd=1372908127-00&ServiceCd=150&Type=search", "url2": "http://hachioji-day-service-kizuna.jp/" }, "geometry": { "type": "Point", "coordinates": [ 139.315687914016763, 35.661058756711803 ] } },
{ "type": "Feature", "properties": { "内容": "デイサービス　やわらぎ【通所介護】東京都八王子市川口町1514-9", "url": "https://www.kaigokensaku.mhlw.go.jp/13/index.php?action_kouhyou_detail_004_kani=true&JigyosyoCd=1372908168-00&ServiceCd=150&Type=search", "url2": "http://care-yawaragi.com" }, "geometry": { "type": "Point", "coordinates": [ 139.29391540000006, 35.6855531 ] } },
{ "type": "Feature", "properties": { "内容": "デイサービスゆうらく【通所介護】東京都八王子市大横町４－１６河野ビル１階", "url": "https://www.kaigokensaku.mhlw.go.jp/13/index.php?action_kouhyou_detail_004_kani=true&JigyosyoCd=1372904530-00&ServiceCd=150&Type=search", "url2": null }, "geometry": { "type": "Point", "coordinates": [ 139.330423800000062, 35.6638484 ] } },
{ "type": "Feature", "properties": { "内容": "デイふれんず【通所介護】東京都八王子市上壱分方町159-5", "url": "https://www.kaigokensaku.mhlw.go.jp/13/index.php?action_kouhyou_detail_004_kani=true&JigyosyoCd=1372905719-00&ServiceCd=150&Type=search", "url2": "http://furenzu.net/" }, "geometry": { "type": "Point", "coordinates": [ 139.281466262030136, 35.680458200848818 ] } },
{ "type": "Feature", "properties": { "内容": "ヒーリングベル【通所介護】東京都八王子市めじろ台2-70-5カーサパセオ1F", "url": "https://www.kaigokensaku.mhlw.go.jp/13/index.php?action_kouhyou_detail_004_kani=true&JigyosyoCd=1372905990-00&ServiceCd=150&Type=search", "url2": "http://www.healing-bell.com/" }, "geometry": { "type": "Point", "coordinates": [ 139.312748882361916, 35.639462575957566 ] } },
{ "type": "Feature", "properties": { "内容": "ファミタウン八王子【通所介護】東京都八王子市明神町2丁目２７－２エヌワイビル１F", "url": "https://www.kaigokensaku.mhlw.go.jp/13/index.php?action_kouhyou_detail_004_kani=true&JigyosyoCd=1372908382-00&ServiceCd=150&Type=search", "url2": "www.famitownhachiouji.com" }, "geometry": { "type": "Point", "coordinates": [ 139.34354780000001, 35.6579717 ] } },
{ "type": "Feature", "properties": { "内容": "やさしい手　デイサービスセンター　八王子倶楽部【通所介護】東京都八王子市散田町３－１４－１４", "url": "https://www.kaigokensaku.mhlw.go.jp/13/index.php?action_kouhyou_detail_004_kani=true&JigyosyoCd=1372902773-00&ServiceCd=150&Type=search", "url2": null }, "geometry": { "type": "Point", "coordinates": [ 139.3085317, 35.652543800000011 ] } },
{ "type": "Feature", "properties": { "内容": "医療法人社団豊明会　デイサービスローズガーデン北野【通所介護】東京都八王子市北野町570-5", "url": "https://www.kaigokensaku.mhlw.go.jp/13/index.php?action_kouhyou_detail_004_kani=true&JigyosyoCd=1372904134-00&ServiceCd=150&Type=search", "url2": null }, "geometry": { "type": "Point", "coordinates": [ 139.354552600000034, 35.6500897 ] } },
{ "type": "Feature", "properties": { "内容": "デイサービスセンター　パレモの森【通所介護】東京都八王子市長房町1007", "url": "https://www.kaigokensaku.mhlw.go.jp/13/index.php?action_kouhyou_detail_004_kani=true&JigyosyoCd=1372904662-00&ServiceCd=150&Type=search", "url2": null }, "geometry": { "type": "Point", "coordinates": [ 139.290672099999938, 35.6561374 ] } },
{ "type": "Feature", "properties": { "内容": "SOMPOケア　ハッピーデイズ堀之内【通所介護】東京都八王子市堀之内3-30-5S-Fort　八王子堀之内", "url": "https://www.kaigokensaku.mhlw.go.jp/13/index.php?action_kouhyou_detail_004_kani=true&JigyosyoCd=1372908481-00&ServiceCd=150&Type=search", "url2": "https://www.sompocare.com/service/zaitaku/dayservice/Z000001" }, "geometry": { "type": "Point", "coordinates": [ 139.4000919, 35.6265262 ] } },
{ "type": "Feature", "properties": { "内容": "ＳＯＭＰＯケア八王子みなみ野デイサービス【通所介護】東京都八王子市七国1-21-4", "url": "https://www.kaigokensaku.mhlw.go.jp/13/index.php?action_kouhyou_detail_004_kani=true&JigyosyoCd=1372908499-00&ServiceCd=150&Type=search", "url2": "https://www.sompocare.com/service/zaitaku/dayservice/Z000216" }, "geometry": { "type": "Point", "coordinates": [ 139.328220133729616, 35.62409103950116 ] } },
{ "type": "Feature", "properties": { "内容": "デイサービスセンターさくら【通所介護】東京都八王子市長房町１２３－１", "url": "https://www.kaigokensaku.mhlw.go.jp/13/index.php?action_kouhyou_detail_004_kani=true&JigyosyoCd=1372902526-00&ServiceCd=150&Type=search", "url2": "https://kabusikigaisya-furi-jia.jimdosite.com/" }, "geometry": { "type": "Point", "coordinates": [ 139.301651524467502, 35.659154355313525 ] } },
{ "type": "Feature", "properties": { "内容": "シルバーサポート小春日和の里【通所介護】東京都八王子市元八王子町３－２５９８", "url": "https://www.kaigokensaku.mhlw.go.jp/13/index.php?action_kouhyou_detail_004_kani=true&JigyosyoCd=1372902534-00&ServiceCd=150&Type=search", "url2": "http://www.silver-support.co.jp" }, "geometry": { "type": "Point", "coordinates": [ 139.265363500000035, 35.6571146 ] } },
{ "type": "Feature", "properties": { "内容": "八王子市高齢者在宅サービスセンター中野【通所介護】東京都八王子市中野山王三丁目１７番地２号", "url": "https://www.kaigokensaku.mhlw.go.jp/13/index.php?action_kouhyou_detail_004_kani=true&JigyosyoCd=1372902666-00&ServiceCd=150&Type=search", "url2": "https://www.kairakuenhome.or.jp" }, "geometry": { "type": "Point", "coordinates": [ 139.321738200000027, 35.6755606 ] } },
{ "type": "Feature", "properties": { "内容": "デイサービス　こんぺいとう【通所介護】東京都八王子市北野台4丁目3番１３", "url": "https://www.kaigokensaku.mhlw.go.jp/13/index.php?action_kouhyou_detail_004_kani=true&JigyosyoCd=1372902898-00&ServiceCd=150&Type=search", "url2": null }, "geometry": { "type": "Point", "coordinates": [ 139.353942299999972, 35.6305476 ] } },
{ "type": "Feature", "properties": { "内容": "八王子市高齢者在宅サービスセンター長房【通所介護】東京都八王子市長房町588番地長房アパート西22号棟1階", "url": "https://www.kaigokensaku.mhlw.go.jp/13/index.php?action_kouhyou_detail_004_kani=true&JigyosyoCd=1372903227-00&ServiceCd=150&Type=search", "url2": "https://nagafusa.tokyo/" }, "geometry": { "type": "Point", "coordinates": [ 139.2923422, 35.6545463 ] } },
{ "type": "Feature", "properties": { "内容": "ツクイ八王子片倉【通所介護】東京都八王子市西片倉一丁目7番1号ツクイ八王子片倉", "url": "https://www.kaigokensaku.mhlw.go.jp/13/index.php?action_kouhyou_detail_004_kani=true&JigyosyoCd=1372905123-00&ServiceCd=150&Type=search", "url2": null }, "geometry": { "type": "Point", "coordinates": [ 139.3329593, 35.635387 ] } },
{ "type": "Feature", "properties": { "内容": "デイサービスほのぼの【通所介護】東京都八王子市上野町124", "url": "https://www.kaigokensaku.mhlw.go.jp/13/index.php?action_kouhyou_detail_004_kani=true&JigyosyoCd=1372905198-00&ServiceCd=150&Type=search", "url2": "http://www.silver-support.co.jp" }, "geometry": { "type": "Point", "coordinates": [ 139.3260189, 35.6569936 ] } },
{ "type": "Feature", "properties": { "内容": "ヒューマンライフケアめじろ台【通所介護】東京都八王子市椚田町537番2号ソリッドリファインめじろ台１階", "url": "https://www.kaigokensaku.mhlw.go.jp/13/index.php?action_kouhyou_detail_004_kani=true&JigyosyoCd=1372905230-00&ServiceCd=150&Type=search", "url2": "https://kaigo.human-lifecare.jp/facilities/ds011_Mejiro/access.html" }, "geometry": { "type": "Point", "coordinates": [ 139.309374399999967, 35.637861900000019 ] } },
{ "type": "Feature", "properties": { "内容": "デイサービスセンター福寿はちおうじ美山【通所介護】美山町1272-1", "url": "https://www.kaigokensaku.mhlw.go.jp/13/index.php?action_kouhyou_detail_004_kani=true&JigyosyoCd=1372906337-00&ServiceCd=150&Type=search", "url2": null }, "geometry": { "type": "Point", "coordinates": [ 139.2610568, 35.6833556 ] } },
{ "type": "Feature", "properties": { "内容": "デイサービス「いでしたの翼」【通所介護】東京都八王子市楢原町443", "url": "https://www.kaigokensaku.mhlw.go.jp/13/index.php?action_kouhyou_detail_004_kani=true&JigyosyoCd=1372906451-00&ServiceCd=150&Type=search", "url2": "http://www.ideshita-care.jp/" }, "geometry": { "type": "Point", "coordinates": [ 139.306192199999941, 35.6809706 ] } },
{ "type": "Feature", "properties": { "内容": "フォローライフラムネの湯左入【通所介護】東京都八王子市左入町404-3", "url": "https://www.kaigokensaku.mhlw.go.jp/13/index.php?action_kouhyou_detail_004_kani=true&JigyosyoCd=1372906469-00&ServiceCd=150&Type=search", "url2": "http://www.follow-life.jp/" }, "geometry": { "type": "Point", "coordinates": [ 139.343535800000041, 35.6873404 ] } },
{ "type": "Feature", "properties": { "内容": "あさひデイサービスセンター大和田【通所介護】東京都八王子市大和田町6-20-7", "url": "https://www.kaigokensaku.mhlw.go.jp/13/index.php?action_kouhyou_detail_004_kani=true&JigyosyoCd=1372906600-00&ServiceCd=150&Type=search", "url2": null }, "geometry": { "type": "Point", "coordinates": [ 139.346536571163909, 35.666737254944557 ] } },
{ "type": "Feature", "properties": { "内容": "ポシブル八王子【通所介護】東京都八王子市大楽寺町537-1", "url": "https://www.kaigokensaku.mhlw.go.jp/13/index.php?action_kouhyou_detail_004_kani=true&JigyosyoCd=1372906626-00&ServiceCd=150&Type=search", "url2": "https://www.possible-plus.co.jp/" }, "geometry": { "type": "Point", "coordinates": [ 139.299126399999977, 35.6708522 ] } },
{ "type": "Feature", "properties": { "内容": "ビーンズリハビリセンターフィジオ【通所介護】東京都八王子市横川町108-23", "url": "https://www.kaigokensaku.mhlw.go.jp/13/index.php?action_kouhyou_detail_004_kani=true&JigyosyoCd=1372906667-00&ServiceCd=150&Type=search", "url2": "http://www.rehabilitation.pro/hachioji/" }, "geometry": { "type": "Point", "coordinates": [ 139.309899733343514, 35.666252193009221 ] } },
{ "type": "Feature", "properties": { "内容": "レッツ倶楽部八王子【通所介護】東京都八王子市南新町１３－１２プランドール長尾", "url": "https://www.kaigokensaku.mhlw.go.jp/13/index.php?action_kouhyou_detail_004_kani=true&JigyosyoCd=1372907327-00&ServiceCd=150&Type=search", "url2": "http://www.lets-club.jp/shop/hachioji/" }, "geometry": { "type": "Point", "coordinates": [ 139.328771299999971, 35.65931 ] } },
{ "type": "Feature", "properties": { "内容": "リハビリデイサービス「笑う門」【通所介護】東京都八王子市大塚1446-3", "url": "https://www.kaigokensaku.mhlw.go.jp/13/index.php?action_kouhyou_detail_004_kani=true&JigyosyoCd=1372907939-00&ServiceCd=150&Type=search", "url2": "https://crossdrift.co.jp/contact/#form-sec" }, "geometry": { "type": "Point", "coordinates": [ 139.418204067459101, 35.635986781054875 ] } },
{ "type": "Feature", "properties": { "内容": "ケアパートナー八王子【通所介護】東京都八王子市横川町898-2クルトゥーラガーデン１F", "url": "https://www.kaigokensaku.mhlw.go.jp/13/index.php?action_kouhyou_detail_004_kani=true&JigyosyoCd=1372908051-00&ServiceCd=150&Type=search", "url2": "http://www.care-partner.com" }, "geometry": { "type": "Point", "coordinates": [ 139.297526291489589, 35.665387345074713 ] } },
{ "type": "Feature", "properties": { "内容": "デイサービス　きずな【通所介護】東京都八王子市中野上町5丁目18-11", "url": "https://www.kaigokensaku.mhlw.go.jp/13/index.php?action_kouhyou_detail_004_kani=true&JigyosyoCd=1372908234-00&ServiceCd=150&Type=search", "url2": "https://relife-corp.com/" }, "geometry": { "type": "Point", "coordinates": [ 139.317669099999989, 35.67533 ] } },
{ "type": "Feature", "properties": { "内容": "デイサービスセンターときのもり【通所介護】東京都八王子市西寺方町668番地", "url": "https://www.kaigokensaku.mhlw.go.jp/13/index.php?action_kouhyou_detail_004_kani=true&JigyosyoCd=1372908283-00&ServiceCd=150&Type=search", "url2": "http://www.tokinomori.co.jp" }, "geometry": { "type": "Point", "coordinates": [ 139.269747962565589, 35.678610516408405 ] } },
{ "type": "Feature", "properties": { "内容": "リハ・リメイク横川町【通所介護】東京都八王子市横川町550-50", "url": "https://www.kaigokensaku.mhlw.go.jp/13/index.php?action_kouhyou_detail_004_kani=true&JigyosyoCd=1372908697-00&ServiceCd=150&Type=search", "url2": "http://carestaff.co.jp" }, "geometry": { "type": "Point", "coordinates": [ 139.303267, 35.6647155 ] } },
{ "type": "Feature", "properties": { "内容": "ブリッジライフ暁町【通所介護】東京都八王子市暁町1-2-19", "url": "https://www.kaigokensaku.mhlw.go.jp/13/index.php?action_kouhyou_detail_004_kani=true&JigyosyoCd=1372908721-00&ServiceCd=150&Type=search", "url2": null }, "geometry": { "type": "Point", "coordinates": [ 139.339722599999959, 35.66721 ] } },
{ "type": "Feature", "properties": { "内容": "デイサービスセンター福寿はちおうじ上壱分方町【通所介護】東京都八王子市上壱分方町303-1", "url": "https://www.kaigokensaku.mhlw.go.jp/13/index.php?action_kouhyou_detail_004_kani=true&JigyosyoCd=1372908796-00&ServiceCd=150&Type=search", "url2": "https://jala.co.jp/" }, "geometry": { "type": "Point", "coordinates": [ 139.28951, 35.6801255 ] } },
{ "type": "Feature", "properties": { "内容": "デイサービスつむぎ【通所介護】東京都八王子市元八王子町３－２１９１－１", "url": "https://www.kaigokensaku.mhlw.go.jp/13/index.php?action_kouhyou_detail_004_kani=true&JigyosyoCd=1372908838-00&ServiceCd=150&Type=search", "url2": "https://hp.kaipoke.biz/kyd/" }, "geometry": { "type": "Point", "coordinates": [ 139.278116077909857, 35.654883894681014 ] } },
{ "type": "Feature", "properties": { "内容": "百笑さんのう【通所介護】東京都八王子市中野山王2-20-11", "url": "https://www.kaigokensaku.mhlw.go.jp/13/index.php?action_kouhyou_detail_004_kani=true&JigyosyoCd=1372908846-00&ServiceCd=150&Type=search", "url2": "https://www.eternal-cast.com/uni-earth/" }, "geometry": { "type": "Point", "coordinates": [ 139.327307834748694, 35.676730393940417 ] } },
{ "type": "Feature", "properties": { "内容": "デイサービスセンター福寿はちおうじ宇津木町【通所介護】東京都八王子市宇津木町1268", "url": "https://www.kaigokensaku.mhlw.go.jp/13/index.php?action_kouhyou_detail_004_kani=true&JigyosyoCd=1372909141-00&ServiceCd=150&Type=search", "url2": null }, "geometry": { "type": "Point", "coordinates": [ 139.351395, 35.6883785 ] } },
{ "type": "Feature", "properties": { "内容": "レッツ倶楽部元八王子【通所介護】東京都八王子市元八王子町2-1963-1レジデンスメルベーユ102", "url": "https://www.kaigokensaku.mhlw.go.jp/13/index.php?action_kouhyou_detail_004_kani=true&JigyosyoCd=1372909224-00&ServiceCd=150&Type=search", "url2": "https://www.lets-club.jp/shop/motohatiouji/" }, "geometry": { "type": "Point", "coordinates": [ 139.2824645, 35.6578035 ] } },
{ "type": "Feature", "properties": { "内容": "パナソニックエイジフリーケアセンター八王子・デイサービス【通所介護】東京都八王子市長沼町951－1エントピア田代１Ｆ", "url": "https://www.kaigokensaku.mhlw.go.jp/13/index.php?action_kouhyou_detail_004_kani=true&JigyosyoCd=1372904464-00&ServiceCd=150&Type=search", "url2": "http://panasonic.biz/healthcare/elderlycare/" }, "geometry": { "type": "Point", "coordinates": [ 139.362599600000067, 35.6419573 ] } },
{ "type": "Feature", "properties": { "内容": "八王子リハビリセンター【通所介護】東京都八王子市初沢町1277-3岸ビル２・3階", "url": "https://www.kaigokensaku.mhlw.go.jp/13/index.php?action_kouhyou_detail_004_kani=true&JigyosyoCd=1372906717-00&ServiceCd=150&Type=search", "url2": "https://www.pokara-h.co.jp/" }, "geometry": { "type": "Point", "coordinates": [ 139.285475799999972, 35.641347900000014 ] } },
{ "type": "Feature", "properties": { "内容": "デイサービスセンターアライズ片倉【通所介護】東京都八王子市片倉町461-2", "url": "https://www.kaigokensaku.mhlw.go.jp/13/index.php?action_kouhyou_detail_004_kani=true&JigyosyoCd=1372906816-00&ServiceCd=150&Type=search", "url2": "http://arise-ltd.biz/" }, "geometry": { "type": "Point", "coordinates": [ 139.340140199999951, 35.643079 ] } },
{ "type": "Feature", "properties": { "内容": "デイホール　きらり【通所介護】東京都八王子市川口町1791", "url": "https://www.kaigokensaku.mhlw.go.jp/13/index.php?action_kouhyou_detail_004_kani=true&JigyosyoCd=1372905636-00&ServiceCd=150&Type=search", "url2": "http://www.urara-day.com" }, "geometry": { "type": "Point", "coordinates": [ 139.298245400000042, 35.6888306 ] } },
{ "type": "Feature", "properties": { "内容": "ツクイ八王子【通所介護】東京都八王子市石川町730－1", "url": "https://www.kaigokensaku.mhlw.go.jp/13/index.php?action_kouhyou_detail_004_kani=true&JigyosyoCd=1372904621-00&ServiceCd=150&Type=search", "url2": "https://www.tsukui.net/home-care/2426/" }, "geometry": { "type": "Point", "coordinates": [ 139.36881429999994, 35.6828248 ] } },
{ "type": "Feature", "properties": { "内容": "八王子リハビリセンター弐分方【通所介護】東京都八王子市元八王子町2-1925-1", "url": "https://www.kaigokensaku.mhlw.go.jp/13/index.php?action_kouhyou_detail_004_kani=true&JigyosyoCd=1372908465-00&ServiceCd=150&Type=search", "url2": "https://www.pokara-h.co.jp/" }, "geometry": { "type": "Point", "coordinates": [ 139.281108966382021, 35.657881962535477 ] } },
{ "type": "Feature", "properties": { "内容": "ジョイリハ立川【通所介護】東京立川市若葉町1-11-22", "url": "https://www.kaigokensaku.mhlw.go.jp/13/index.php?action_kouhyou_detail_004_kani=true&JigyosyoCd=1373002854-00&ServiceCd=150&Type=search", "url2": "http://wellness-frontier.co.jp/" }, "geometry": { "type": "Point", "coordinates": [ 139.436987600000066, 35.7199583 ] } },
{ "type": "Feature", "properties": { "内容": "ツクイ立川一番町【通所介護】東京都立川市一番町2-19-19", "url": "https://www.kaigokensaku.mhlw.go.jp/13/index.php?action_kouhyou_detail_004_kani=true&JigyosyoCd=1373003688-00&ServiceCd=150&Type=search", "url2": "https://www.tsukui.net/home-care/2827/" }, "geometry": { "type": "Point", "coordinates": [ 139.381337281828905, 35.726767997292313 ] } },
{ "type": "Feature", "properties": { "内容": "フェローホームズデイサービスセンター【通所介護】東京都立川市富士見町2-36-43", "url": "https://www.kaigokensaku.mhlw.go.jp/13/index.php?action_kouhyou_detail_004_kani=true&JigyosyoCd=1373000536-00&ServiceCd=150&Type=search", "url2": "http://www.fellow-homes.or.jp" }, "geometry": { "type": "Point", "coordinates": [ 139.401208, 35.7014265 ] } },
{ "type": "Feature", "properties": { "内容": "至誠キートスデイサービスセンター【通所介護】東京都立川市幸町４－１４－１", "url": "https://www.kaigokensaku.mhlw.go.jp/13/index.php?action_kouhyou_detail_004_kani=true&JigyosyoCd=1373000593-00&ServiceCd=150&Type=search", "url2": "http://www.shisei.or.jp" }, "geometry": { "type": "Point", "coordinates": [ 139.428174300000023, 35.7246633 ] } },
{ "type": "Feature", "properties": { "内容": "かがやきでいさーびすたちかわさいわい【通所介護】東京都立川市幸町1-30-44", "url": "https://www.kaigokensaku.mhlw.go.jp/13/index.php?action_kouhyou_detail_004_kani=true&JigyosyoCd=1373003712-00&ServiceCd=150&Type=search", "url2": "http://www.ymmd.co.jp" }, "geometry": { "type": "Point", "coordinates": [ 139.4205513, 35.7201634 ] } },
{ "type": "Feature", "properties": { "内容": "デイサービスセンターやわらぎ・西立川【通所介護】東京都立川市富士見町2-31-23", "url": "https://www.kaigokensaku.mhlw.go.jp/13/index.php?action_kouhyou_detail_004_kani=true&JigyosyoCd=1373001450-00&ServiceCd=150&Type=search", "url2": "http://www.yawaragi.or.jp/" }, "geometry": { "type": "Point", "coordinates": [ 139.399674900000036, 35.6990628 ] } },
{ "type": "Feature", "properties": { "内容": "パナソニックエイジフリーケアセンター立川柏町・デイサービス【通所介護】東京都立川市柏町3丁目25番地2号", "url": "https://www.kaigokensaku.mhlw.go.jp/13/index.php?action_kouhyou_detail_004_kani=true&JigyosyoCd=1373002904-00&ServiceCd=150&Type=search", "url2": "http://panasonic.co.jp/es/pesaf/" }, "geometry": { "type": "Point", "coordinates": [ 139.414940377909829, 35.723699366421286 ] } },
{ "type": "Feature", "properties": { "内容": "至誠アウリンコデイホーム【通所介護】東京都立川市錦町6-28-15", "url": "https://www.kaigokensaku.mhlw.go.jp/13/index.php?action_kouhyou_detail_004_kani=true&JigyosyoCd=1373000411-00&ServiceCd=150&Type=search", "url2": "http://www.shisei.or.jp" }, "geometry": { "type": "Point", "coordinates": [ 139.415522985180701, 35.685772514370086 ] } },
{ "type": "Feature", "properties": { "内容": "デイサービスReha-studio【通所介護】東京都立川市錦町5-17-13加瀬ビル141-101", "url": "https://www.kaigokensaku.mhlw.go.jp/13/index.php?action_kouhyou_detail_004_kani=true&JigyosyoCd=1373003183-00&ServiceCd=150&Type=search", "url2": "http://hp.kaipoke.biz/0wf/" }, "geometry": { "type": "Point", "coordinates": [ 139.415471, 35.6883087 ] } },
{ "type": "Feature", "properties": { "内容": "立川市社会福祉協議会　デイサービスセンター【通所介護】東京都立川市富士見町2-36-47", "url": "https://www.kaigokensaku.mhlw.go.jp/13/index.php?action_kouhyou_detail_004_kani=true&JigyosyoCd=1373000478-00&ServiceCd=150&Type=search", "url2": "https://www.tachikawa-shakyo.or.jp" }, "geometry": { "type": "Point", "coordinates": [ 139.401860700000043, 35.7013099 ] } },
{ "type": "Feature", "properties": { "内容": "羽衣地域福祉サービスセンター【通所介護】東京都立川市羽衣町1-12-18", "url": "https://www.kaigokensaku.mhlw.go.jp/13/index.php?action_kouhyou_detail_004_kani=true&JigyosyoCd=1373000528-00&ServiceCd=150&Type=search", "url2": "http://www.fellow-homes.or.jp" }, "geometry": { "type": "Point", "coordinates": [ 139.425536500000021, 35.6975553 ] } },
{ "type": "Feature", "properties": { "内容": "デイサービス　ソラスト立川【通所介護】東京都立川市柏町1－10－24ＳＢビル1階", "url": "https://www.kaigokensaku.mhlw.go.jp/13/index.php?action_kouhyou_detail_004_kani=true&JigyosyoCd=1373001369-00&ServiceCd=150&Type=search", "url2": null }, "geometry": { "type": "Point", "coordinates": [ 139.416561600000023, 35.720527 ] } },
{ "type": "Feature", "properties": { "内容": "有限会社シルバンズハウス　デイサービスみはらし館【通所介護】東京都立川市一番町1丁目29番地の５", "url": "https://www.kaigokensaku.mhlw.go.jp/13/index.php?action_kouhyou_detail_004_kani=true&JigyosyoCd=1373001773-00&ServiceCd=150&Type=search", "url2": "https://www.sylvanshouse-miharashikan.com/" }, "geometry": { "type": "Point", "coordinates": [ 139.383578400000033, 35.7234234 ] } },
{ "type": "Feature", "properties": { "内容": "デイサービスむすび【通所介護】東京都立川市一番町6－29－8", "url": "https://www.kaigokensaku.mhlw.go.jp/13/index.php?action_kouhyou_detail_004_kani=true&JigyosyoCd=1373003191-00&ServiceCd=150&Type=search", "url2": "https://www.kotatsu.co.jp/top-1" }, "geometry": { "type": "Point", "coordinates": [ 139.3697515, 35.7360576 ] } },
{ "type": "Feature", "properties": { "内容": "立川市柏地域福祉サービスセンター【通所介護】東京都立川市柏町1-12都営柏町住宅11-1", "url": "https://www.kaigokensaku.mhlw.go.jp/13/index.php?action_kouhyou_detail_004_kani=true&JigyosyoCd=1373000429-00&ServiceCd=150&Type=search", "url2": "http://shisei.or.jp" }, "geometry": { "type": "Point", "coordinates": [ 139.412650900000017, 35.7189693 ] } },
{ "type": "Feature", "properties": { "内容": "デイサービスセンターエクラシア立川砂川【通所介護】東京都立川市砂川町8-54-2", "url": "https://www.kaigokensaku.mhlw.go.jp/13/index.php?action_kouhyou_detail_004_kani=true&JigyosyoCd=1373003662-00&ServiceCd=150&Type=search", "url2": "https://www.eclasia.co.jp/" }, "geometry": { "type": "Point", "coordinates": [ 139.3982143, 35.7298775 ] } },
{ "type": "Feature", "properties": { "内容": "ツクイ立川【通所介護】東京都立川市幸町3-27-3", "url": "https://www.kaigokensaku.mhlw.go.jp/13/index.php?action_kouhyou_detail_004_kani=true&JigyosyoCd=1373001963-00&ServiceCd=150&Type=search", "url2": null }, "geometry": { "type": "Point", "coordinates": [ 139.430793599999987, 35.7220914 ] } },
{ "type": "Feature", "properties": { "内容": "メディカルサロン彩り【通所介護】東京都立川市砂川町2－47－2102", "url": "https://www.kaigokensaku.mhlw.go.jp/13/index.php?action_kouhyou_detail_004_kani=true&JigyosyoCd=1373002482-00&ServiceCd=150&Type=search", "url2": "http://www.medicalsalonirodori.com" }, "geometry": { "type": "Point", "coordinates": [ 139.397707699999955, 35.7231989 ] } },
{ "type": "Feature", "properties": { "内容": "百笑たちかわ【通所介護】東京都立川市富士見町1-18-10ワコ－レ立川１Ｆ", "url": "https://www.kaigokensaku.mhlw.go.jp/13/index.php?action_kouhyou_detail_004_kani=true&JigyosyoCd=1373002540-00&ServiceCd=150&Type=search", "url2": "https://irodori-u.com/" }, "geometry": { "type": "Point", "coordinates": [ 139.396286300000043, 35.699071 ] } },
{ "type": "Feature", "properties": { "内容": "ケアパートナー立川【通所介護】東京都立川市西砂町6-17-14", "url": "https://www.kaigokensaku.mhlw.go.jp/13/index.php?action_kouhyou_detail_004_kani=true&JigyosyoCd=1373002730-00&ServiceCd=150&Type=search", "url2": "http://www.care-partner.com/index.html" }, "geometry": { "type": "Point", "coordinates": [ 139.369112324467437, 35.729793931896275 ] } },
{ "type": "Feature", "properties": { "内容": "デイサービスまつなかの里【通所介護】東京都立川市一番町5-1-5ネクサス立川102", "url": "https://www.kaigokensaku.mhlw.go.jp/13/index.php?action_kouhyou_detail_004_kani=true&JigyosyoCd=1373002870-00&ServiceCd=150&Type=search", "url2": "https://seseragi.co" }, "geometry": { "type": "Point", "coordinates": [ 139.379831299999978, 35.7303808 ] } },
{ "type": "Feature", "properties": { "内容": "デイサービスココファン立川【通所介護】東京都立川市錦町3-6-23", "url": "https://www.kaigokensaku.mhlw.go.jp/13/index.php?action_kouhyou_detail_004_kani=true&JigyosyoCd=1373003134-00&ServiceCd=150&Type=search", "url2": "http://www.cocofump.co.jp" }, "geometry": { "type": "Point", "coordinates": [ 139.417359600000026, 35.6931805 ] } },
{ "type": "Feature", "properties": { "内容": "デイサービスセンターエクラシア立川【通所介護】東京都立川市幸町1-33-22エクラシア立川", "url": "https://www.kaigokensaku.mhlw.go.jp/13/index.php?action_kouhyou_detail_004_kani=true&JigyosyoCd=1373003498-00&ServiceCd=150&Type=search", "url2": null }, "geometry": { "type": "Point", "coordinates": [ 139.4205513, 35.7201634 ] } },
{ "type": "Feature", "properties": { "内容": "デイサービスセンターエクラシア立川上砂【通所介護】東京都立川市上砂町5-79-4", "url": "https://www.kaigokensaku.mhlw.go.jp/13/index.php?action_kouhyou_detail_004_kani=true&JigyosyoCd=1373003522-00&ServiceCd=150&Type=search", "url2": null }, "geometry": { "type": "Point", "coordinates": [ 139.38775830000003, 35.728933699999985 ] } },
{ "type": "Feature", "properties": { "内容": "レッツ倶楽部立川【通所介護】東京都立川市栄町4丁目23番地の13シャトーレ石川　1階B区画", "url": "https://www.kaigokensaku.mhlw.go.jp/13/index.php?action_kouhyou_detail_004_kani=true&JigyosyoCd=1373003605-00&ServiceCd=150&Type=search", "url2": "https://www.lets-club.jp/shop/tachikawa/" }, "geometry": { "type": "Point", "coordinates": [ 139.4220996, 35.713751200000011 ] } },
{ "type": "Feature", "properties": { "内容": "社会福祉法人にんじんの会　デイホームにんじん･立川【通所介護】東京都立川市高松町2-27-27TBK高松第1ビル１０１", "url": "https://www.kaigokensaku.mhlw.go.jp/13/index.php?action_kouhyou_detail_004_kani=true&JigyosyoCd=1373002946-00&ServiceCd=150&Type=search", "url2": "http://www.ninjin.or.jp" }, "geometry": { "type": "Point", "coordinates": [ 139.4189563, 35.7037768 ] } },
{ "type": "Feature", "properties": { "内容": "ゆとりえデイサービスセンター【通所介護】東京都武蔵野市吉祥寺南町４－２５－５", "url": "https://www.kaigokensaku.mhlw.go.jp/13/index.php?action_kouhyou_detail_004_kani=true&JigyosyoCd=1373300456-00&ServiceCd=150&Type=search", "url2": "http://fuku-musashino.or.jp" }, "geometry": { "type": "Point", "coordinates": [ 139.591539199999943, 35.6987509 ] } },
{ "type": "Feature", "properties": { "内容": "親の家【通所介護】東京都武蔵野市八幡町3-4-18", "url": "https://www.kaigokensaku.mhlw.go.jp/13/index.php?action_kouhyou_detail_004_kani=true&JigyosyoCd=1373300803-00&ServiceCd=150&Type=search", "url2": "http://www.oyanoie.jp" }, "geometry": { "type": "Point", "coordinates": [ 139.554422100000011, 35.7177588 ] } },
{ "type": "Feature", "properties": { "内容": "社会福祉法人　徳心会　デイサービスセンターさくらえん【通所介護】東京都武蔵野市桜堤2-8-31", "url": "https://www.kaigokensaku.mhlw.go.jp/13/index.php?action_kouhyou_detail_004_kani=true&JigyosyoCd=1373301900-00&ServiceCd=150&Type=search", "url2": "http://www.tokusinkai.jp" }, "geometry": { "type": "Point", "coordinates": [ 139.532321700000011, 35.7107229 ] } },
{ "type": "Feature", "properties": { "内容": "吉祥寺ナ－シングホ－ムデイサ－ビスセンター【通所介護】東京都武蔵野市吉祥寺北町２丁目９番２号", "url": "https://www.kaigokensaku.mhlw.go.jp/13/index.php?action_kouhyou_detail_004_kani=true&JigyosyoCd=1373301363-00&ServiceCd=150&Type=search", "url2": "http://www.kichijoji-home.com/" }, "geometry": { "type": "Point", "coordinates": [ 139.5789009, 35.7127046 ] } },
{ "type": "Feature", "properties": { "内容": "稲垣薬局ケアセンター　コトニア吉祥寺【通所介護】東京都武蔵野市吉祥寺南町5-15-10", "url": "https://www.kaigokensaku.mhlw.go.jp/13/index.php?action_kouhyou_detail_004_kani=true&JigyosyoCd=1373302080-00&ServiceCd=150&Type=search", "url2": "http://www.inagaki-group.jp/" }, "geometry": { "type": "Point", "coordinates": [ 139.5941202, 35.7034993 ] } },
{ "type": "Feature", "properties": { "内容": "武蔵野市立高齢者総合センター　デイサービスセンター【通所介護】東京都武蔵野市緑町2-4-1武蔵野市立高齢者総合センター", "url": "https://www.kaigokensaku.mhlw.go.jp/13/index.php?action_kouhyou_detail_004_kani=true&JigyosyoCd=1373301694-00&ServiceCd=150&Type=search", "url2": "http://www.fukushikosha.jp" }, "geometry": { "type": "Point", "coordinates": [ 139.562598026800316, 35.715322034898541 ] } },
{ "type": "Feature", "properties": { "内容": "レッツ倶楽部三鷹【通所介護】東京都武蔵野市関前２－９－３マンションカンギン１階", "url": "https://www.kaigokensaku.mhlw.go.jp/13/index.php?action_kouhyou_detail_004_kani=true&JigyosyoCd=1373302536-00&ServiceCd=150&Type=search", "url2": "http://www.lets-club.jp/shop/mitaka/" }, "geometry": { "type": "Point", "coordinates": [ 139.5521589, 35.7095736 ] } },
{ "type": "Feature", "properties": { "内容": "ＳＯＭＰＯケア吉祥寺デイサービス【通所介護】東京都武蔵野市吉祥寺南町2-38-7吉祥寺　メディカルモール", "url": "https://www.kaigokensaku.mhlw.go.jp/13/index.php?action_kouhyou_detail_004_kani=true&JigyosyoCd=1373302569-00&ServiceCd=150&Type=search", "url2": "https://www.sompocare.com" }, "geometry": { "type": "Point", "coordinates": [ 139.585823574205051, 35.703410782153654 ] } },
{ "type": "Feature", "properties": { "内容": "ぐっどういる境南【通所介護】東京都武蔵野市境南町3-25-4", "url": "https://www.kaigokensaku.mhlw.go.jp/13/index.php?action_kouhyou_detail_004_kani=true&JigyosyoCd=1373300498-00&ServiceCd=150&Type=search", "url2": "http://www.toraifu.com/" }, "geometry": { "type": "Point", "coordinates": [ 139.539357800000062, 35.697758 ] } },
{ "type": "Feature", "properties": { "内容": "武蔵野市立北町高齢者センターコミュニティケアサロン【通所介護】東京都武蔵野市吉祥寺北町４－１－１６", "url": "https://www.kaigokensaku.mhlw.go.jp/13/index.php?action_kouhyou_detail_004_kani=true&JigyosyoCd=1373301702-00&ServiceCd=150&Type=search", "url2": "http://www.fukushikosha.jp/" }, "geometry": { "type": "Point", "coordinates": [ 139.568501800000035, 35.7127043 ] } },
{ "type": "Feature", "properties": { "内容": "株式会社ケアサービス　デイサービスセンター吉祥寺【通所介護】東京都武蔵野市吉祥寺本町3-27-9", "url": "https://www.kaigokensaku.mhlw.go.jp/13/index.php?action_kouhyou_detail_004_kani=true&JigyosyoCd=1373302205-00&ServiceCd=150&Type=search", "url2": "http://www.care.co.jp" }, "geometry": { "type": "Point", "coordinates": [ 139.567356955819719, 35.703659243844534 ] } },
{ "type": "Feature", "properties": { "内容": "ジェクサー・プラチナジム武蔵境【通所介護】東京都武蔵野市境南町4-4-13", "url": "https://www.kaigokensaku.mhlw.go.jp/13/index.php?action_kouhyou_detail_004_kani=true&JigyosyoCd=1373302213-00&ServiceCd=150&Type=search", "url2": "http://www.jresports.co.jp" }, "geometry": { "type": "Point", "coordinates": [ 139.533243152778596, 35.701909550439986 ] } },
{ "type": "Feature", "properties": { "内容": "かがやきデイサービス武蔵境【通所介護】東京都武蔵野市境一丁目８番４号", "url": "https://www.kaigokensaku.mhlw.go.jp/13/index.php?action_kouhyou_detail_004_kani=true&JigyosyoCd=1373302338-00&ServiceCd=150&Type=search", "url2": "https://www.ymmd.co.jp" }, "geometry": { "type": "Point", "coordinates": [ 139.544715399999973, 35.7052211 ] } },
{ "type": "Feature", "properties": { "内容": "Let'sリハ！吉祥寺本町【通所介護】東京都武蔵野市吉祥寺本町4-3-14エスポワールM本館１階", "url": "https://www.kaigokensaku.mhlw.go.jp/13/index.php?action_kouhyou_detail_004_kani=true&JigyosyoCd=1373302635-00&ServiceCd=150&Type=search", "url2": "https://www.lets-reha.jp/" }, "geometry": { "type": "Point", "coordinates": [ 139.5758121, 35.7086036 ] } },
{ "type": "Feature", "properties": { "内容": "デイサービスセンターとらいふ武蔵野【通所介護】東京都武蔵野市関前1丁目２番20号", "url": "https://www.kaigokensaku.mhlw.go.jp/13/index.php?action_kouhyou_detail_004_kani=true&JigyosyoCd=1373302460-00&ServiceCd=150&Type=search", "url2": "http://www.toraifu.com/" }, "geometry": { "type": "Point", "coordinates": [ 139.553844900000058, 35.7084349 ] } },
{ "type": "Feature", "properties": { "内容": "弘済ケアセンター【通所介護】東京都三鷹市下連雀5-2-5", "url": "https://www.kaigokensaku.mhlw.go.jp/13/index.php?action_kouhyou_detail_004_kani=true&JigyosyoCd=1373600186-00&ServiceCd=150&Type=search", "url2": "http://www.kosaien.or.jp" }, "geometry": { "type": "Point", "coordinates": [ 139.5713303, 35.6860017 ] } },
{ "type": "Feature", "properties": { "内容": "アースサポートエクラ三鷹【通所介護】東京都三鷹市上連雀9丁目24番25号", "url": "https://www.kaigokensaku.mhlw.go.jp/13/index.php?action_kouhyou_detail_004_kani=true&JigyosyoCd=1373601630-00&ServiceCd=150&Type=search", "url2": "https://www.earthsupport.co.jp" }, "geometry": { "type": "Point", "coordinates": [ 139.5520153, 35.6870985 ] } },
{ "type": "Feature", "properties": { "内容": "生活機能型リニエデイサービス三鷹【通所介護】東京都三鷹市牟礼6-13-15", "url": "https://www.kaigokensaku.mhlw.go.jp/13/index.php?action_kouhyou_detail_004_kani=true&JigyosyoCd=1373602760-00&ServiceCd=150&Type=search", "url2": "https://linie-group.jp/service/day-service/" }, "geometry": { "type": "Point", "coordinates": [ 139.574718800000028, 35.6891542 ] } },
{ "type": "Feature", "properties": { "内容": "三鷹市高齢者センターけやき苑【通所介護】東京都三鷹市深大寺2丁目29番13号", "url": "https://www.kaigokensaku.mhlw.go.jp/13/index.php?action_kouhyou_detail_004_kani=true&JigyosyoCd=1373600251-00&ServiceCd=150&Type=search", "url2": "http://www.kosaien.or.jp" }, "geometry": { "type": "Point", "coordinates": [ 139.5410941, 35.6851401 ] } },
{ "type": "Feature", "properties": { "内容": "通所介護カノン三鷹【通所介護】東京都三鷹市牟礼3-8-16カノン三鷹", "url": "https://www.kaigokensaku.mhlw.go.jp/13/index.php?action_kouhyou_detail_004_kani=true&JigyosyoCd=1373602521-00&ServiceCd=150&Type=search", "url2": "http://www.goodtimehome.com" }, "geometry": { "type": "Point", "coordinates": [ 139.581037700000024, 35.6883294 ] } },
{ "type": "Feature", "properties": { "内容": "ツクイ三鷹【通所介護】東京都三鷹市上連雀7丁目20番14号", "url": "https://www.kaigokensaku.mhlw.go.jp/13/index.php?action_kouhyou_detail_004_kani=true&JigyosyoCd=1373601689-00&ServiceCd=150&Type=search", "url2": "http://www.tsukui.net" }, "geometry": { "type": "Point", "coordinates": [ 139.5519236, 35.6896482 ] } },
{ "type": "Feature", "properties": { "内容": "つばさデイ・リハビリテーション三鷹【通所介護】東京都三鷹市下連雀1-8-21パーク井の頭１Ｆ", "url": "https://www.kaigokensaku.mhlw.go.jp/13/index.php?action_kouhyou_detail_004_kani=true&JigyosyoCd=1373602026-00&ServiceCd=150&Type=search", "url2": "https://tsubasa-group.jp/" }, "geometry": { "type": "Point", "coordinates": [ 139.569777400000021, 35.6931982 ] } },
{ "type": "Feature", "properties": { "内容": "株式会社ケアサービスデイサービスセンター牟礼【通所介護】東京都三鷹市牟礼6-1-1ルミナージュ美鷹　１F", "url": "https://www.kaigokensaku.mhlw.go.jp/13/index.php?action_kouhyou_detail_004_kani=true&JigyosyoCd=1373602208-00&ServiceCd=150&Type=search", "url2": "http://www.care.co.jp" }, "geometry": { "type": "Point", "coordinates": [ 139.579176700000062, 35.6875489 ] } },
{ "type": "Feature", "properties": { "内容": "有限会社デイサービスセンターゆや【通所介護】東京都三鷹市井口2丁目4番31号", "url": "https://www.kaigokensaku.mhlw.go.jp/13/index.php?action_kouhyou_detail_004_kani=true&JigyosyoCd=1373601291-00&ServiceCd=150&Type=search", "url2": "http://www.chiyonoyu.co.jp/" }, "geometry": { "type": "Point", "coordinates": [ 139.549315500000034, 35.6872067 ] } },
{ "type": "Feature", "properties": { "内容": "ベストケア・デイサービスセンター三鷹【通所介護】東京都三鷹市上連雀６丁目１９番７号カサ・ポルト１階", "url": "https://www.kaigokensaku.mhlw.go.jp/13/index.php?action_kouhyou_detail_004_kani=true&JigyosyoCd=1373602448-00&ServiceCd=150&Type=search", "url2": "http://www.best-care.jp/" }, "geometry": { "type": "Point", "coordinates": [ 139.556948099999971, 35.688729 ] } },
{ "type": "Feature", "properties": { "内容": "デイサービスヨウコー三鷹【通所介護】東京都三鷹市上連雀６－３２－３６サンフレッチェ三鷹上連雀1F", "url": "https://www.kaigokensaku.mhlw.go.jp/13/index.php?action_kouhyou_detail_004_kani=true&JigyosyoCd=1373602455-00&ServiceCd=150&Type=search", "url2": "https://rehabili-youko.com/" }, "geometry": { "type": "Point", "coordinates": [ 139.55648129017834, 35.693432676669957 ] } },
{ "type": "Feature", "properties": { "内容": "アズハイム三鷹北野デイサービスセンター【通所介護】東京都三鷹市北野1丁目8-5エアリクスA", "url": "https://www.kaigokensaku.mhlw.go.jp/13/index.php?action_kouhyou_detail_004_kani=true&JigyosyoCd=1373602877-00&ServiceCd=150&Type=search", "url2": "https://as-heim.com/mitaka_day/" }, "geometry": { "type": "Point", "coordinates": [ 139.584345699999972, 35.6779823 ] } },
{ "type": "Feature", "properties": { "内容": "ツクイ三鷹新川【通所介護】東京都三鷹市新川3-6-6フォレナ１Ｆ", "url": "https://www.kaigokensaku.mhlw.go.jp/13/index.php?action_kouhyou_detail_004_kani=true&JigyosyoCd=1373602885-00&ServiceCd=150&Type=search", "url2": "https://www.tsukui.net/home-care/2717/" }, "geometry": { "type": "Point", "coordinates": [ 139.573358699999972, 35.6779893 ] } },
{ "type": "Feature", "properties": { "内容": "ケアセンター結人【通所介護】東京都青梅市東青梅3-5-12桑田ビル1F", "url": "https://www.kaigokensaku.mhlw.go.jp/13/index.php?action_kouhyou_detail_004_kani=true&JigyosyoCd=1372802254-00&ServiceCd=150&Type=search", "url2": "https://www.carecenter-yuito.com" }, "geometry": { "type": "Point", "coordinates": [ 139.2754698, 35.7902855 ] } },
{ "type": "Feature", "properties": { "内容": "デイサービスセンターエクラシア青梅【通所介護】東京都青梅市友田町3-1267-2エクラシア青梅", "url": "https://www.kaigokensaku.mhlw.go.jp/13/index.php?action_kouhyou_detail_004_kani=true&JigyosyoCd=1372802064-00&ServiceCd=150&Type=search", "url2": "http://www.welloff.co.jp/" }, "geometry": { "type": "Point", "coordinates": [ 139.288579199999987, 35.7738454 ] } },
{ "type": "Feature", "properties": { "内容": "デイサービス　彩【通所介護】東京都青梅市今寺4-23-5", "url": "https://www.kaigokensaku.mhlw.go.jp/13/index.php?action_kouhyou_detail_004_kani=true&JigyosyoCd=1372802270-00&ServiceCd=150&Type=search", "url2": null }, "geometry": { "type": "Point", "coordinates": [ 139.3003926, 35.7974095 ] } },
{ "type": "Feature", "properties": { "内容": "デイサービスセンターあゆみえん【通所介護】東京都青梅市新町9-2153-3", "url": "https://www.kaigokensaku.mhlw.go.jp/13/index.php?action_kouhyou_detail_004_kani=true&JigyosyoCd=1372801991-00&ServiceCd=150&Type=search", "url2": "http://www.tokushinkai.jp/" }, "geometry": { "type": "Point", "coordinates": [ 139.320925515894487, 35.780022947602525 ] } },
{ "type": "Feature", "properties": { "内容": "博仁会デイサービスセンターさざなみ【通所介護】東京都青梅市富岡1丁目318番地", "url": "https://www.kaigokensaku.mhlw.go.jp/13/index.php?action_kouhyou_detail_004_kani=true&JigyosyoCd=1372800357-00&ServiceCd=150&Type=search", "url2": "http://www.hakujin-kai.or.jp" }, "geometry": { "type": "Point", "coordinates": [ 139.292832200000021, 35.8330548 ] } },
{ "type": "Feature", "properties": { "内容": "大洋園デイサービスセンター【通所介護】東京都青梅市今井５－２４４０－１４１", "url": "https://www.kaigokensaku.mhlw.go.jp/13/index.php?action_kouhyou_detail_004_kani=true&JigyosyoCd=1372800365-00&ServiceCd=150&Type=search", "url2": "https://www.issekikai.jp" }, "geometry": { "type": "Point", "coordinates": [ 139.322436709925796, 35.793302751825081 ] } },
{ "type": "Feature", "properties": { "内容": "喜久松苑　デイサービスセンター【通所介護】東京都青梅市柚木町２丁目４６２番地の１", "url": "https://www.kaigokensaku.mhlw.go.jp/13/index.php?action_kouhyou_detail_004_kani=true&JigyosyoCd=1372800571-00&ServiceCd=150&Type=search", "url2": "http://www.kikumatsuen.org" }, "geometry": { "type": "Point", "coordinates": [ 139.212425, 35.803621 ] } },
{ "type": "Feature", "properties": { "内容": "滝ノ上デイサービスセンター【通所介護】東京都青梅市滝ノ上町１２８６－９", "url": "https://www.kaigokensaku.mhlw.go.jp/13/index.php?action_kouhyou_detail_004_kani=true&JigyosyoCd=1372800787-00&ServiceCd=150&Type=search", "url2": "https://www.issekikai.jp" }, "geometry": { "type": "Point", "coordinates": [ 139.256504942022048, 35.789181502956183 ] } },
{ "type": "Feature", "properties": { "内容": "医療法人社団和風会　デイサービスセンターパーク【通所介護】東京都青梅市新町1-43-12", "url": "https://www.kaigokensaku.mhlw.go.jp/13/index.php?action_kouhyou_detail_004_kani=true&JigyosyoCd=1372800803-00&ServiceCd=150&Type=search", "url2": "http://www.wafukai.or.jp/" }, "geometry": { "type": "Point", "coordinates": [ 139.295565320888016, 35.791049107756884 ] } },
{ "type": "Feature", "properties": { "内容": "河辺デイサービスセンター【通所介護】東京都青梅市河辺町９－９－２５", "url": "https://www.kaigokensaku.mhlw.go.jp/13/index.php?action_kouhyou_detail_004_kani=true&JigyosyoCd=1372801033-00&ServiceCd=150&Type=search", "url2": "http://www.issekikai.jp" }, "geometry": { "type": "Point", "coordinates": [ 139.291575500000022, 35.7850883 ] } },
{ "type": "Feature", "properties": { "内容": "ニチイケアセンター河辺【通所介護】東京都青梅市河辺町6-5-9", "url": "https://www.kaigokensaku.mhlw.go.jp/13/index.php?action_kouhyou_detail_004_kani=true&JigyosyoCd=1372801314-00&ServiceCd=150&Type=search", "url2": null }, "geometry": { "type": "Point", "coordinates": [ 139.290178500000025, 35.7808359 ] } },
{ "type": "Feature", "properties": { "内容": "デイサービスほほえみ【通所介護】東京都青梅市今寺3-418-5", "url": "https://www.kaigokensaku.mhlw.go.jp/13/index.php?action_kouhyou_detail_004_kani=true&JigyosyoCd=1372801470-00&ServiceCd=150&Type=search", "url2": "http://www.r-hohoemi.com" }, "geometry": { "type": "Point", "coordinates": [ 139.298096699999974, 35.7992368 ] } },
{ "type": "Feature", "properties": { "内容": "青梅河辺温泉デイサービスセンター湯梅の郷【通所介護】東京都青梅市河辺町10-8-1河辺タウンビルＢ　１階", "url": "https://www.kaigokensaku.mhlw.go.jp/13/index.php?action_kouhyou_detail_004_kani=true&JigyosyoCd=1372801512-00&ServiceCd=150&Type=search", "url2": "http://tokyo-busonkai.or.jp/yumenosato/" }, "geometry": { "type": "Point", "coordinates": [ 139.285152425165933, 35.785173679201002 ] } },
{ "type": "Feature", "properties": { "内容": "ゆったりリゾートサロン青梅【通所介護】東京都青梅市新町4-29-3コトブキビル1F", "url": "https://www.kaigokensaku.mhlw.go.jp/13/index.php?action_kouhyou_detail_004_kani=true&JigyosyoCd=1372801629-00&ServiceCd=150&Type=search", "url2": "http://www.jc-innovation.co.jp" }, "geometry": { "type": "Point", "coordinates": [ 139.3088434, 35.7845833 ] } },
{ "type": "Feature", "properties": { "内容": "デイサービス花・花【通所介護】東京都青梅市木野下2-227-1", "url": "https://www.kaigokensaku.mhlw.go.jp/13/index.php?action_kouhyou_detail_004_kani=true&JigyosyoCd=1372801645-00&ServiceCd=150&Type=search", "url2": "http://eishionn-care.jp/" }, "geometry": { "type": "Point", "coordinates": [ 139.292235900000037, 35.8043332 ] } },
{ "type": "Feature", "properties": { "内容": "デイサービスきたえるーむ青梅【通所介護】東京都青梅市千ヶ瀬町6-793-3ヴィレッジ水車101", "url": "https://www.kaigokensaku.mhlw.go.jp/13/index.php?action_kouhyou_detail_004_kani=true&JigyosyoCd=1372801744-00&ServiceCd=150&Type=search", "url2": "http://www.kitaeroom.com" }, "geometry": { "type": "Point", "coordinates": [ 139.260122755819708, 35.786033981395491 ] } },
{ "type": "Feature", "properties": { "内容": "ツクイ青梅末広町【通所介護】東京都青梅市末広町２－１－１", "url": "https://www.kaigokensaku.mhlw.go.jp/13/index.php?action_kouhyou_detail_004_kani=true&JigyosyoCd=1372802213-00&ServiceCd=150&Type=search", "url2": "https://www.tsukui.net/" }, "geometry": { "type": "Point", "coordinates": [ 139.306129, 35.7781876 ] } },
{ "type": "Feature", "properties": { "内容": "デイサービスセンターエクラシア青梅新町【通所介護】東京都青梅市新町1-1-1エクラシア青梅新町", "url": "https://www.kaigokensaku.mhlw.go.jp/13/index.php?action_kouhyou_detail_004_kani=true&JigyosyoCd=1372802247-00&ServiceCd=150&Type=search", "url2": null }, "geometry": { "type": "Point", "coordinates": [ 139.2937114, 35.7858654 ] } },
{ "type": "Feature", "properties": { "内容": "デイサービスセンターもも寿府中【通所介護】東京都府中市府中町2－25－12F.I.Cビル1階", "url": "https://www.kaigokensaku.mhlw.go.jp/13/index.php?action_kouhyou_detail_004_kani=true&JigyosyoCd=1373802741-00&ServiceCd=150&Type=search", "url2": "http://www.momoju.co.jp" }, "geometry": { "type": "Point", "coordinates": [ 139.483341200000041, 35.6757089 ] } },
{ "type": "Feature", "properties": { "内容": "ツクイ府中浅間町【通所介護】東京都府中市浅間町3丁目8-1", "url": "https://www.kaigokensaku.mhlw.go.jp/13/index.php?action_kouhyou_detail_004_kani=true&JigyosyoCd=1373804275-00&ServiceCd=150&Type=search", "url2": "https://www.tsukui.net/home-care/2826/" }, "geometry": { "type": "Point", "coordinates": [ 139.500440499999968, 35.6868005 ] } },
{ "type": "Feature", "properties": { "内容": "安立園在宅ケア・センター【通所介護】東京都府中市晴見町１－１３－５", "url": "https://www.kaigokensaku.mhlw.go.jp/13/index.php?action_kouhyou_detail_004_kani=true&JigyosyoCd=1373800281-00&ServiceCd=150&Type=search", "url2": "http://www.anryuen.jp" }, "geometry": { "type": "Point", "coordinates": [ 139.47921359999998, 35.6802694 ] } },
{ "type": "Feature", "properties": { "内容": "デイサービスソラスト西府【通所介護】東京都府中市西府町３－３４－３", "url": "https://www.kaigokensaku.mhlw.go.jp/13/index.php?action_kouhyou_detail_004_kani=true&JigyosyoCd=1373802782-00&ServiceCd=150&Type=search", "url2": "http://solasto.co.jp" }, "geometry": { "type": "Point", "coordinates": [ 139.456179499999962, 35.6775662 ] } },
{ "type": "Feature", "properties": { "内容": "鳳仙寮【通所介護】東京都府中市西府町2-24-6", "url": "https://www.kaigokensaku.mhlw.go.jp/13/index.php?action_kouhyou_detail_004_kani=true&JigyosyoCd=1373800851-00&ServiceCd=150&Type=search", "url2": "http://www.housenryo.jp/" }, "geometry": { "type": "Point", "coordinates": [ 139.453985399999965, 35.6750803 ] } },
{ "type": "Feature", "properties": { "内容": "府中市立よつや苑高齢者在宅サービスセンター　通所介護【通所介護】東京都府中市四谷3－66", "url": "https://www.kaigokensaku.mhlw.go.jp/13/index.php?action_kouhyou_detail_004_kani=true&JigyosyoCd=1373803079-00&ServiceCd=150&Type=search", "url2": "https://shoukichi.org/yotsuya/" }, "geometry": { "type": "Point", "coordinates": [ 139.446156, 35.6601236 ] } },
{ "type": "Feature", "properties": { "内容": "府中市立あさひ苑高齢者在宅サービスセンター【通所介護】東京都府中市朝日町3－17－1", "url": "https://www.kaigokensaku.mhlw.go.jp/13/index.php?action_kouhyou_detail_004_kani=true&JigyosyoCd=1373803103-00&ServiceCd=150&Type=search", "url2": "http://www.tama-dhk.or.jp/asahi/index.html" }, "geometry": { "type": "Point", "coordinates": [ 139.522504799999979, 35.66795 ] } },
{ "type": "Feature", "properties": { "内容": "コンパスウォーク府中【通所介護】東京都府中市小柳町3-16-1", "url": "https://www.kaigokensaku.mhlw.go.jp/13/index.php?action_kouhyou_detail_004_kani=true&JigyosyoCd=1373804309-00&ServiceCd=150&Type=search", "url2": "https://keigo-group.co.jp/shop/tokyoto/1177/" }, "geometry": { "type": "Point", "coordinates": [ 139.505730699999958, 35.66083290000001 ] } },
{ "type": "Feature", "properties": { "内容": "コートウエスト府中　デイサービスセンター【通所介護】東京都府中市西府町3-17-6１階", "url": "https://www.kaigokensaku.mhlw.go.jp/13/index.php?action_kouhyou_detail_004_kani=true&JigyosyoCd=1373802931-00&ServiceCd=150&Type=search", "url2": "http://kouyakai.webmedipr.jp/cwfuchu/home/index.html" }, "geometry": { "type": "Point", "coordinates": [ 139.457570499999946, 35.6788404 ] } },
{ "type": "Feature", "properties": { "内容": "リハデイボナール府中美好町【通所介護】東京都府中市美好町2-12-2１F", "url": "https://www.kaigokensaku.mhlw.go.jp/13/index.php?action_kouhyou_detail_004_kani=true&JigyosyoCd=1373803020-00&ServiceCd=150&Type=search", "url2": "https://www.finecare.co.jp/" }, "geometry": { "type": "Point", "coordinates": [ 139.465298500000017, 35.672911500000019 ] } },
{ "type": "Feature", "properties": { "内容": "デイサービスセンターたのしいデイむさしふちゅう【通所介護】東京都府中市分梅町五丁目30-1", "url": "https://www.kaigokensaku.mhlw.go.jp/13/index.php?action_kouhyou_detail_004_kani=true&JigyosyoCd=1373801735-00&ServiceCd=150&Type=search", "url2": null }, "geometry": { "type": "Point", "coordinates": [ 139.4649391, 35.6613779 ] } },
{ "type": "Feature", "properties": { "内容": "ニチイケアセンター西府【通所介護】東京都府中市本宿町1-24-4", "url": "https://www.kaigokensaku.mhlw.go.jp/13/index.php?action_kouhyou_detail_004_kani=true&JigyosyoCd=1373803129-00&ServiceCd=150&Type=search", "url2": "http://www.nichiigakkan.co.jp/company/about.html" }, "geometry": { "type": "Point", "coordinates": [ 139.46182724113919, 35.670537582570915 ] } },
{ "type": "Feature", "properties": { "内容": "デイサービスセンター　遊・府中【通所介護】東京都府中市四谷2丁目75番地の２", "url": "https://www.kaigokensaku.mhlw.go.jp/13/index.php?action_kouhyou_detail_004_kani=true&JigyosyoCd=1373801461-00&ServiceCd=150&Type=search", "url2": "http://www.wis-net.co.jp" }, "geometry": { "type": "Point", "coordinates": [ 139.44587249999995, 35.665073 ] } },
{ "type": "Feature", "properties": { "内容": "ヒューマンライフケア府中の湯【通所介護】東京都府中市栄町3-12-1メディカルビルグレイス１F", "url": "https://www.kaigokensaku.mhlw.go.jp/13/index.php?action_kouhyou_detail_004_kani=true&JigyosyoCd=1373802998-00&ServiceCd=150&Type=search", "url2": "http://hlc.athuman.com/caresearch/tokyo/361044/index.php?sisetu=138" }, "geometry": { "type": "Point", "coordinates": [ 139.469554692204269, 35.687564073390675 ] } },
{ "type": "Feature", "properties": { "内容": "リハデイボナール東府中【通所介護】東京都府中市緑町3-6-1エスポワール東府中　1階", "url": "https://www.kaigokensaku.mhlw.go.jp/13/index.php?action_kouhyou_detail_004_kani=true&JigyosyoCd=1373802576-00&ServiceCd=150&Type=search", "url2": "http://www.finecare.co.jp" }, "geometry": { "type": "Point", "coordinates": [ 139.493998568853499, 35.670131500255103 ] } },
{ "type": "Feature", "properties": { "内容": "レッツ倶楽部・府中【通所介護】東京都府中市美好町1-38-1井上ビル1F", "url": "https://www.kaigokensaku.mhlw.go.jp/13/index.php?action_kouhyou_detail_004_kani=true&JigyosyoCd=1373802725-00&ServiceCd=150&Type=search", "url2": "http://www.for-you-inc.co.jp" }, "geometry": { "type": "Point", "coordinates": [ 139.467862200000013, 35.6724422 ] } },
{ "type": "Feature", "properties": { "内容": "アズハイム府中中河原デイサービスセンター【通所介護】東京都府中市四谷3-14-9", "url": "https://www.kaigokensaku.mhlw.go.jp/13/index.php?action_kouhyou_detail_004_kani=true&JigyosyoCd=1373803871-00&ServiceCd=150&Type=search", "url2": "http://as-heim.com/" }, "geometry": { "type": "Point", "coordinates": [ 139.446962513491826, 35.663537575099326 ] } },
{ "type": "Feature", "properties": { "内容": "憩いの森鳳仙寮【通所介護】清水が丘2-45-4ベルファースト1階", "url": "https://www.kaigokensaku.mhlw.go.jp/13/index.php?action_kouhyou_detail_004_kani=true&JigyosyoCd=1373804234-00&ServiceCd=150&Type=search", "url2": "http://housenryo.jp/page/dayservice-shimizugaoka" }, "geometry": { "type": "Point", "coordinates": [ 139.4949037, 35.664769 ] } },
{ "type": "Feature", "properties": { "内容": "デイサービスももたろう【通所介護】東京都府中市矢崎町2-3-5", "url": "https://www.kaigokensaku.mhlw.go.jp/13/index.php?action_kouhyou_detail_004_kani=true&JigyosyoCd=1373801685-00&ServiceCd=150&Type=search", "url2": "http://mtaro.jp/" }, "geometry": { "type": "Point", "coordinates": [ 139.473950599999966, 35.663181525305376 ] } },
{ "type": "Feature", "properties": { "内容": "パナソニックエイジフリーケアセンター府中・デイサービス【通所介護】東京都府中市浅間町３－５－２シャルール浅間町１Ｆ", "url": "https://www.kaigokensaku.mhlw.go.jp/13/index.php?action_kouhyou_detail_004_kani=true&JigyosyoCd=1373801925-00&ServiceCd=150&Type=search", "url2": "http://www.net-kaigo.com" }, "geometry": { "type": "Point", "coordinates": [ 139.498348, 35.6846444 ] } },
{ "type": "Feature", "properties": { "内容": "かがやきデイサービス府中白糸台【通所介護】東京都府中市白糸台3-4-1", "url": "https://www.kaigokensaku.mhlw.go.jp/13/index.php?action_kouhyou_detail_004_kani=true&JigyosyoCd=1373803293-00&ServiceCd=150&Type=search", "url2": "http://www.ymmd.co.jp/" }, "geometry": { "type": "Point", "coordinates": [ 139.514336100000037, 35.6665778 ] } },
{ "type": "Feature", "properties": { "内容": "リハビリデイサービスnagomi西府中店【通所介護】東京都府中市西原町2-21-1", "url": "https://www.kaigokensaku.mhlw.go.jp/13/index.php?action_kouhyou_detail_004_kani=true&JigyosyoCd=1373803301-00&ServiceCd=150&Type=search", "url2": "https://ncs.my-nagomi.com" }, "geometry": { "type": "Point", "coordinates": [ 139.4568319, 35.684157100000014 ] } },
{ "type": "Feature", "properties": { "内容": "デイサービスセンター　なごやか府中【通所介護】東京都府中市白糸台１－６６－１ファミーユ・トキワ1F", "url": "https://www.kaigokensaku.mhlw.go.jp/13/index.php?action_kouhyou_detail_004_kani=true&JigyosyoCd=1373803400-00&ServiceCd=150&Type=search", "url2": "http://club.nagoyaka-link.co.jp/fuchu/" }, "geometry": { "type": "Point", "coordinates": [ 139.505448, 35.6666775 ] } },
{ "type": "Feature", "properties": { "内容": "デイサービス笑福【通所介護】東京都府中市北山町3丁目25番地ー１グリーンハイツ１Ｆ", "url": "https://www.kaigokensaku.mhlw.go.jp/13/index.php?action_kouhyou_detail_004_kani=true&JigyosyoCd=1373803442-00&ServiceCd=150&Type=search", "url2": "https://www.efkaigo.com/home" }, "geometry": { "type": "Point", "coordinates": [ 139.455612200000019, 35.6890148 ] } },
{ "type": "Feature", "properties": { "内容": "リハビリフィットネス　ゆずりは　西国分寺【通所介護】東京都府中市武蔵台3-23-24アメニティコウヤマ第1ガーデン", "url": "https://www.kaigokensaku.mhlw.go.jp/13/index.php?action_kouhyou_detail_004_kani=true&JigyosyoCd=1373803574-00&ServiceCd=150&Type=search", "url2": "https://www.rf-yuzuriha.com/" }, "geometry": { "type": "Point", "coordinates": [ 139.4610308, 35.6972584 ] } },
{ "type": "Feature", "properties": { "内容": "ツクイ府中西原町【通所介護】東京都府中市西原町2-27-2", "url": "https://www.kaigokensaku.mhlw.go.jp/13/index.php?action_kouhyou_detail_004_kani=true&JigyosyoCd=1373803947-00&ServiceCd=150&Type=search", "url2": "https://www.tsukui.net/home-care/2732/" }, "geometry": { "type": "Point", "coordinates": [ 139.459160937434376, 35.685183813689477 ] } },
{ "type": "Feature", "properties": { "内容": "脳トレ麻雀デイサービス・ウェルチャオ府中【通所介護】東京都府中市府中町２丁目２５−１２F．I．Cビル1階", "url": "https://www.kaigokensaku.mhlw.go.jp/13/index.php?action_kouhyou_detail_004_kani=true&JigyosyoCd=1373804366-00&ServiceCd=150&Type=search", "url2": "https://www.welchao.com" }, "geometry": { "type": "Point", "coordinates": [ 139.4833942, 35.6757198 ] } },
{ "type": "Feature", "properties": { "内容": "デイサービスセンターなごやか東府中【通所介護】東京都府中市緑町3-3-6ﾀﾞｲﾔﾓﾝﾄﾞｽｸｴｱ東府中1F", "url": "https://www.kaigokensaku.mhlw.go.jp/13/index.php?action_kouhyou_detail_004_kani=true&JigyosyoCd=1373803418-00&ServiceCd=150&Type=search", "url2": "https://www.nagoyaka-link.co.jp/club/higashifuchu/" }, "geometry": { "type": "Point", "coordinates": [ 139.493015600000035, 35.6698794 ] } },
{ "type": "Feature", "properties": { "内容": "スマイルケア昭和の森デイサービスセンター【通所介護】東京都昭島市松原町1-11-7コートエレガンスC棟", "url": "https://www.kaigokensaku.mhlw.go.jp/13/index.php?action_kouhyou_detail_004_kani=true&JigyosyoCd=1374002051-00&ServiceCd=150&Type=search", "url2": "https://showanomori-as.co.jp/smilecare/dayservice/" }, "geometry": { "type": "Point", "coordinates": [ 139.3556625, 35.7143355 ] } },
{ "type": "Feature", "properties": { "内容": "ジェクサープラチナジムナカガミ【通所介護】東京都昭島市中神町1180番4TKビル2階", "url": "https://www.kaigokensaku.mhlw.go.jp/13/index.php?action_kouhyou_detail_004_kani=true&JigyosyoCd=1374002069-00&ServiceCd=150&Type=search", "url2": "https://www.jexer.jp/platinagym/index.html" }, "geometry": { "type": "Point", "coordinates": [ 139.375605400000012, 35.7092289 ] } },
{ "type": "Feature", "properties": { "内容": "デイサービスセンター　ハピネス昭和の森【通所介護】東京都昭島市代官山一丁目２番１号", "url": "https://www.kaigokensaku.mhlw.go.jp/13/index.php?action_kouhyou_detail_004_kani=true&JigyosyoCd=1374001491-00&ServiceCd=150&Type=search", "url2": "http://family-wf.jjp/" }, "geometry": { "type": "Point", "coordinates": [ 139.365973893328828, 35.720686643831598 ] } },
{ "type": "Feature", "properties": { "内容": "昭島市高齢者在宅サービスセンター　愛全園【通所介護】東京都昭島市田中町2-25-3", "url": "https://www.kaigokensaku.mhlw.go.jp/13/index.php?action_kouhyou_detail_004_kani=true&JigyosyoCd=1374000238-00&ServiceCd=150&Type=search", "url2": "http://doho-gojyokai.or.jp/" }, "geometry": { "type": "Point", "coordinates": [ 139.351034600000048, 35.7045136 ] } },
{ "type": "Feature", "properties": { "内容": "昭島ケアセンターそよ風【通所介護】東京都昭島市宮沢町2-23-17", "url": "https://www.kaigokensaku.mhlw.go.jp/13/index.php?action_kouhyou_detail_004_kani=true&JigyosyoCd=1374001251-00&ServiceCd=150&Type=search", "url2": null }, "geometry": { "type": "Point", "coordinates": [ 139.3615893, 35.7024586 ] } },
{ "type": "Feature", "properties": { "内容": "デイサービス　ラスベガス昭島【通所介護】東京都昭島市昭和町4-6-2", "url": "https://www.kaigokensaku.mhlw.go.jp/13/index.php?action_kouhyou_detail_004_kani=true&JigyosyoCd=1374001806-00&ServiceCd=150&Type=search", "url2": "http://syusenkai.or.jp" }, "geometry": { "type": "Point", "coordinates": [ 139.363341699999978, 35.7101105 ] } },
{ "type": "Feature", "properties": { "内容": "宮沢の太陽【通所介護】東京都昭島市宮沢町497-3", "url": "https://www.kaigokensaku.mhlw.go.jp/13/index.php?action_kouhyou_detail_004_kani=true&JigyosyoCd=1374000998-00&ServiceCd=150&Type=search", "url2": "https://www.tamakouki.com/" }, "geometry": { "type": "Point", "coordinates": [ 139.372593871163872, 35.713915599653717 ] } },
{ "type": "Feature", "properties": { "内容": "リハビリデイサービス　こはる２号館【通所介護】東京都昭島市美堀町２－１－３", "url": "https://www.kaigokensaku.mhlw.go.jp/13/index.php?action_kouhyou_detail_004_kani=true&JigyosyoCd=1374001699-00&ServiceCd=150&Type=search", "url2": "http://www.koharu-maize.com/" }, "geometry": { "type": "Point", "coordinates": [ 139.36562696441797, 35.72421720000002 ] } },
{ "type": "Feature", "properties": { "内容": "デイサービス「いでしたの虹」【通所介護】東京都昭島市拝島町2-5-16", "url": "https://www.kaigokensaku.mhlw.go.jp/13/index.php?action_kouhyou_detail_004_kani=true&JigyosyoCd=1374001145-00&ServiceCd=150&Type=search", "url2": "http://ideshita-care.jp/" }, "geometry": { "type": "Point", "coordinates": [ 139.3412826, 35.7074546 ] } },
{ "type": "Feature", "properties": { "内容": "デイケアセンターASO　昭島【通所介護】東京都昭島市昭和町2-7-23サンシュロス昭島", "url": "https://www.kaigokensaku.mhlw.go.jp/13/index.php?action_kouhyou_detail_004_kani=true&JigyosyoCd=1374001277-00&ServiceCd=150&Type=search", "url2": null }, "geometry": { "type": "Point", "coordinates": [ 139.359419699999989, 35.7136628 ] } },
{ "type": "Feature", "properties": { "内容": "デイサービスセンターエクラシア昭島【通所介護】東京都昭島市中神町1174-13", "url": "https://www.kaigokensaku.mhlw.go.jp/13/index.php?action_kouhyou_detail_004_kani=true&JigyosyoCd=1374001855-00&ServiceCd=150&Type=search", "url2": null }, "geometry": { "type": "Point", "coordinates": [ 139.3775908, 35.710021 ] } },
{ "type": "Feature", "properties": { "内容": "SAKURA通所介護リハビリセンター【通所介護】東京都昭島市田中町1-18-3チトセビル1F", "url": "https://www.kaigokensaku.mhlw.go.jp/13/index.php?action_kouhyou_detail_004_kani=true&JigyosyoCd=1374001863-00&ServiceCd=150&Type=search", "url2": "https://www.sou-seniorcare.co.jp" }, "geometry": { "type": "Point", "coordinates": [ 139.3544751, 35.7062089 ] } },
{ "type": "Feature", "properties": { "内容": "デイサービスセンターエクラシア宮沢【通所介護】東京都昭島市宮沢町2-39-34エクラシア宮沢", "url": "https://www.kaigokensaku.mhlw.go.jp/13/index.php?action_kouhyou_detail_004_kani=true&JigyosyoCd=1374001921-00&ServiceCd=150&Type=search", "url2": "https://www.eclasia.co.jp/" }, "geometry": { "type": "Point", "coordinates": [ 139.366584100000011, 35.6999512 ] } },
{ "type": "Feature", "properties": { "内容": "リハデイ晴れのち元気【通所介護】東京都昭島市松原町5-23-5プライムⅠ　1階", "url": "https://www.kaigokensaku.mhlw.go.jp/13/index.php?action_kouhyou_detail_004_kani=true&JigyosyoCd=1374001947-00&ServiceCd=150&Type=search", "url2": "https://www.harenochi-gp.jp" }, "geometry": { "type": "Point", "coordinates": [ 139.33966860000001, 35.7178104 ] } },
{ "type": "Feature", "properties": { "内容": "晴れのち未来【通所介護】東京都昭島市東町4-12-15魚力第1ビル1階", "url": "https://www.kaigokensaku.mhlw.go.jp/13/index.php?action_kouhyou_detail_004_kani=true&JigyosyoCd=1374001962-00&ServiceCd=150&Type=search", "url2": "http://www.harenochi-gp.jp" }, "geometry": { "type": "Point", "coordinates": [ 139.389313, 35.7025374 ] } },
{ "type": "Feature", "properties": { "内容": "デイサービスここらっせ【通所介護】東京都昭島市玉川町5-15-34", "url": "https://www.kaigokensaku.mhlw.go.jp/13/index.php?action_kouhyou_detail_004_kani=true&JigyosyoCd=1374002085-00&ServiceCd=150&Type=search", "url2": null }, "geometry": { "type": "Point", "coordinates": [ 139.374743, 35.702625 ] } },
{ "type": "Feature", "properties": { "内容": "調布市ちょうふの里高齢者在宅サービスセンター【通所介護】東京都調布市西町290番地5", "url": "https://www.kaigokensaku.mhlw.go.jp/13/index.php?action_kouhyou_detail_004_kani=true&JigyosyoCd=1374200333-00&ServiceCd=150&Type=search", "url2": "http://www.katabamikai.jp/sato/" }, "geometry": { "type": "Point", "coordinates": [ 139.52306580000004, 35.6676473 ] } },
{ "type": "Feature", "properties": { "内容": "老人デイサービスセンターときわぎ国領【通所介護】東京都調布市国領町８－２－６５", "url": "https://www.kaigokensaku.mhlw.go.jp/13/index.php?action_kouhyou_detail_004_kani=true&JigyosyoCd=1374201596-00&ServiceCd=150&Type=search", "url2": "http://www.tokiwakai.tokyo" }, "geometry": { "type": "Point", "coordinates": [ 139.564733299999943, 35.6462625 ] } },
{ "type": "Feature", "properties": { "内容": "高齢者在宅サービスセンター調布八雲苑【通所介護】東京都調布市八雲台１－５－５", "url": "https://www.kaigokensaku.mhlw.go.jp/13/index.php?action_kouhyou_detail_004_kani=true&JigyosyoCd=1374200291-00&ServiceCd=150&Type=search", "url2": "http://www.katabamikai.jp/" }, "geometry": { "type": "Point", "coordinates": [ 139.553650400000038, 35.6538558 ] } },
{ "type": "Feature", "properties": { "内容": "通所介護カノン調布【通所介護】東京都調布市飛田給1-35-14", "url": "https://www.kaigokensaku.mhlw.go.jp/13/index.php?action_kouhyou_detail_004_kani=true&JigyosyoCd=1374202974-00&ServiceCd=150&Type=search", "url2": "http://www.goodtimehome.com/chofu/" }, "geometry": { "type": "Point", "coordinates": [ 139.5250939, 35.6623455 ] } },
{ "type": "Feature", "properties": { "内容": "イノセント調布デイサービスセンター【通所介護】東京都調布市入間町1-32-6アルカディア鈴木1階", "url": "https://www.kaigokensaku.mhlw.go.jp/13/index.php?action_kouhyou_detail_004_kani=true&JigyosyoCd=1374203964-00&ServiceCd=150&Type=search", "url2": "https://argento-h.com/" }, "geometry": { "type": "Point", "coordinates": [ 139.589863799999989, 35.6505082 ] } },
{ "type": "Feature", "properties": { "内容": "デイサービスセンターちょうふ花園【通所介護】東京都調布市下石原3-44-1", "url": "https://www.kaigokensaku.mhlw.go.jp/13/index.php?action_kouhyou_detail_004_kani=true&JigyosyoCd=1374201281-00&ServiceCd=150&Type=search", "url2": "http://www.tojinkai.or.jp" }, "geometry": { "type": "Point", "coordinates": [ 139.53336360000003, 35.6517086 ] } },
{ "type": "Feature", "properties": { "内容": "リハデイボナール調布【通所介護】東京都調布市布田3-45-61F", "url": "https://www.kaigokensaku.mhlw.go.jp/13/index.php?action_kouhyou_detail_004_kani=true&JigyosyoCd=1374203691-00&ServiceCd=150&Type=search", "url2": "http://www.finecare.co.jp" }, "geometry": { "type": "Point", "coordinates": [ 139.5470939, 35.6494819 ] } },
{ "type": "Feature", "properties": { "内容": "ゆめふる調布店【通所介護】東京都調布市調布ヶ丘4-35-5", "url": "https://www.kaigokensaku.mhlw.go.jp/13/index.php?action_kouhyou_detail_004_kani=true&JigyosyoCd=1374202396-00&ServiceCd=150&Type=search", "url2": "http://www.yasashiite.com" }, "geometry": { "type": "Point", "coordinates": [ 139.54319780000003, 35.6629431 ] } },
{ "type": "Feature", "properties": { "内容": "ビーナスプラス調布【通所介護】東京都調布市下石原1-56-2", "url": "https://www.kaigokensaku.mhlw.go.jp/13/index.php?action_kouhyou_detail_004_kani=true&JigyosyoCd=1374203931-00&ServiceCd=150&Type=search", "url2": "https://www.venus-comrade.co.jp/office/plus_chofu/" }, "geometry": { "type": "Point", "coordinates": [ 139.5372377, 35.6548197 ] } },
{ "type": "Feature", "properties": { "内容": "調布市総合福祉センター【通所介護】東京都調布市小島町２－４７－１", "url": "https://www.kaigokensaku.mhlw.go.jp/13/index.php?action_kouhyou_detail_004_kani=true&JigyosyoCd=1374200309-00&ServiceCd=150&Type=search", "url2": "http://www.ccsw.or.jp" }, "geometry": { "type": "Point", "coordinates": [ 139.542690026983678, 35.65117974923632 ] } },
{ "type": "Feature", "properties": { "内容": "アースサポート深大寺【通所介護】東京都調布市深大寺東町6丁目37番地1", "url": "https://www.kaigokensaku.mhlw.go.jp/13/index.php?action_kouhyou_detail_004_kani=true&JigyosyoCd=1374202081-00&ServiceCd=150&Type=search", "url2": "https://www.earthsupport.co.jp/" }, "geometry": { "type": "Point", "coordinates": [ 139.555212500000039, 35.677322 ] } },
{ "type": "Feature", "properties": { "内容": "アースサポート調布国領【通所介護】東京都調布市国領町５丁目３番地１", "url": "https://www.kaigokensaku.mhlw.go.jp/13/index.php?action_kouhyou_detail_004_kani=true&JigyosyoCd=1374202776-00&ServiceCd=150&Type=search", "url2": "https://www.earthsupport.co.jp/" }, "geometry": { "type": "Point", "coordinates": [ 139.551226199999974, 35.6482316 ] } },
{ "type": "Feature", "properties": { "内容": "ツクイ調布菊野台【通所介護】東京都調布市菊野台2-45-4", "url": "https://www.kaigokensaku.mhlw.go.jp/13/index.php?action_kouhyou_detail_004_kani=true&JigyosyoCd=1374202826-00&ServiceCd=150&Type=search", "url2": "http://www.tsukui.net" }, "geometry": { "type": "Point", "coordinates": [ 139.567679799999951, 35.6507868 ] } },
{ "type": "Feature", "properties": { "内容": "トータルデイサービス梅のさと【通所介護】東京都調布市入間町1-30-12グレイスコート成城107", "url": "https://www.kaigokensaku.mhlw.go.jp/13/index.php?action_kouhyou_detail_004_kani=true&JigyosyoCd=1374202842-00&ServiceCd=150&Type=search", "url2": "http://www.umex-mg.co.jp" }, "geometry": { "type": "Point", "coordinates": [ 139.591727200000037, 35.6518035 ] } },
{ "type": "Feature", "properties": { "内容": "調布ケアーズ【通所介護】東京都調布市染地2-8-3そめちクリニック2F", "url": "https://www.kaigokensaku.mhlw.go.jp/13/index.php?action_kouhyou_detail_004_kani=true&JigyosyoCd=1374202917-00&ServiceCd=150&Type=search", "url2": "http://caregiver.co.jp/" }, "geometry": { "type": "Point", "coordinates": [ 139.549327129791038, 35.639816673632886 ] } },
{ "type": "Feature", "properties": { "内容": "グリーンデイ西調布【通所介護】東京都調布市上石原1-37-1アンベリールⅡ　1階", "url": "https://www.kaigokensaku.mhlw.go.jp/13/index.php?action_kouhyou_detail_004_kani=true&JigyosyoCd=1374203188-00&ServiceCd=150&Type=search", "url2": "http://greenday15.com/" }, "geometry": { "type": "Point", "coordinates": [ 139.531807500000014, 35.6589379 ] } },
{ "type": "Feature", "properties": { "内容": "レコードブック調布柴崎【通所介護】東京都調布市菊野台1－54－2小川ビル１階", "url": "https://www.kaigokensaku.mhlw.go.jp/13/index.php?action_kouhyou_detail_004_kani=true&JigyosyoCd=1374203360-00&ServiceCd=150&Type=search", "url2": "https://www.tncteams.co.jp/" }, "geometry": { "type": "Point", "coordinates": [ 139.565179700000044, 35.6550251 ] } },
{ "type": "Feature", "properties": { "内容": "アースサポート成城学園前【通所介護】東京都調布市入間町3丁目10番12号", "url": "https://www.kaigokensaku.mhlw.go.jp/13/index.php?action_kouhyou_detail_004_kani=true&JigyosyoCd=1374203477-00&ServiceCd=150&Type=search", "url2": "https://www.earthsupport.co.jp/" }, "geometry": { "type": "Point", "coordinates": [ 139.591742599999947, 35.6467809 ] } },
{ "type": "Feature", "properties": { "内容": "グッドリハ　調布【通所介護】東京都調布市下石原一丁目４２番地１ハーミット西村1階", "url": "https://www.kaigokensaku.mhlw.go.jp/13/index.php?action_kouhyou_detail_004_kani=true&JigyosyoCd=1374203535-00&ServiceCd=150&Type=search", "url2": "https://www.goodreha.com/chofu" }, "geometry": { "type": "Point", "coordinates": [ 139.534054257672125, 35.656301081152883 ] } },
{ "type": "Feature", "properties": { "内容": "デイサービスセンター調布柴崎【通所介護】東京都調布市菊野台1-52-4三高家ビル1F", "url": "https://www.kaigokensaku.mhlw.go.jp/13/index.php?action_kouhyou_detail_004_kani=true&JigyosyoCd=1374203642-00&ServiceCd=150&Type=search", "url2": "https://www.care.co.jp/office/ds_chofushibasaki" }, "geometry": { "type": "Point", "coordinates": [ 139.56566620000001, 35.6553865 ] } },
{ "type": "Feature", "properties": { "内容": "グリーンデイ柴崎【通所介護】東京都調布市菊野台1-19-5ルポゼ調布101", "url": "https://www.kaigokensaku.mhlw.go.jp/13/index.php?action_kouhyou_detail_004_kani=true&JigyosyoCd=1374203733-00&ServiceCd=150&Type=search", "url2": "https://greenday15.com/" }, "geometry": { "type": "Point", "coordinates": [ 139.5671476, 35.6555528 ] } },
{ "type": "Feature", "properties": { "内容": "アタマの体操教室ふくろう舎西調布店【通所介護】東京都調布市下石原１－３２－１芦川マンション１F", "url": "https://www.kaigokensaku.mhlw.go.jp/13/index.php?action_kouhyou_detail_004_kani=true&JigyosyoCd=1374203675-00&ServiceCd=150&Type=search", "url2": "http://www.fukurou-sha.com" }, "geometry": { "type": "Point", "coordinates": [ 139.5347582, 35.6573185 ] } },
{ "type": "Feature", "properties": { "内容": "あいケアデイサービス【通所介護】東京都調布市柴崎1-5-6カナメレジデンンス1F", "url": "https://www.kaigokensaku.mhlw.go.jp/13/index.php?action_kouhyou_detail_004_kani=true&JigyosyoCd=1374202339-00&ServiceCd=150&Type=search", "url2": "http://www.aicare.jp/" }, "geometry": { "type": "Point", "coordinates": [ 139.563789515526594, 35.657587261271495 ] } },
{ "type": "Feature", "properties": { "内容": "至誠ホーム調布若葉ケアセンター　デイホーム【通所介護】東京都調布市若葉町３－１－５", "url": "https://www.kaigokensaku.mhlw.go.jp/13/index.php?action_kouhyou_detail_004_kani=true&JigyosyoCd=1374202529-00&ServiceCd=150&Type=search", "url2": "http://www.shisei.or.jp/" }, "geometry": { "type": "Point", "coordinates": [ 139.5821168, 35.6552862 ] } },
{ "type": "Feature", "properties": { "内容": "すまいるウォーク【通所介護】東京都調布市多摩川1-33-5レナジア昭和1F-B号室", "url": "https://www.kaigokensaku.mhlw.go.jp/13/index.php?action_kouhyou_detail_004_kani=true&JigyosyoCd=1374203410-00&ServiceCd=150&Type=search", "url2": null }, "geometry": { "type": "Point", "coordinates": [ 139.530656499999964, 35.6495627 ] } },
{ "type": "Feature", "properties": { "内容": "デイサービスセンター福寿まちだ野津田町【通所介護】東京都町田市野津田町2543-9", "url": "https://www.kaigokensaku.mhlw.go.jp/13/index.php?action_kouhyou_detail_004_kani=true&JigyosyoCd=1373206869-00&ServiceCd=150&Type=search", "url2": null }, "geometry": { "type": "Point", "coordinates": [ 139.4514661, 35.5872716 ] } },
{ "type": "Feature", "properties": { "内容": "エクラシア玉川学園【通所介護】東京都町田市南大谷3-21-21エクラシア玉川学園", "url": "https://www.kaigokensaku.mhlw.go.jp/13/index.php?action_kouhyou_detail_004_kani=true&JigyosyoCd=1373207057-00&ServiceCd=150&Type=search", "url2": null }, "geometry": { "type": "Point", "coordinates": [ 139.455061, 35.5545817 ] } },
{ "type": "Feature", "properties": { "内容": "デイサービスセンターエクラシア町田小山【通所介護】東京都町田市小山町1506-1", "url": "https://www.kaigokensaku.mhlw.go.jp/13/index.php?action_kouhyou_detail_004_kani=true&JigyosyoCd=1373207180-00&ServiceCd=150&Type=search", "url2": "http://www.welloff.co.jp/" }, "geometry": { "type": "Point", "coordinates": [ 139.3716612, 35.5967655 ] } },
{ "type": "Feature", "properties": { "内容": "デイサービスセンター福寿まちだ山崎【通所介護】東京都町田市山崎町338-1", "url": "https://www.kaigokensaku.mhlw.go.jp/13/index.php?action_kouhyou_detail_004_kani=true&JigyosyoCd=1373205366-00&ServiceCd=150&Type=search", "url2": "http://www.fuku-kaigo.com/" }, "geometry": { "type": "Point", "coordinates": [ 139.432258347221392, 35.579413535623161 ] } },
{ "type": "Feature", "properties": { "内容": "こころLIFEコミュニティ【通所介護】東京都町田市忠生4丁目19番地1", "url": "https://www.kaigokensaku.mhlw.go.jp/13/index.php?action_kouhyou_detail_004_kani=true&JigyosyoCd=1373207750-00&ServiceCd=150&Type=search", "url2": "https://www.npokokoro.jp/" }, "geometry": { "type": "Point", "coordinates": [ 139.40961489999998, 35.5841675 ] } },
{ "type": "Feature", "properties": { "内容": "デイサービスセンター福寿まちだ根岸【通所介護】東京都町田市根岸町1001-19福寿まちだ根岸", "url": "https://www.kaigokensaku.mhlw.go.jp/13/index.php?action_kouhyou_detail_004_kani=true&JigyosyoCd=1373205911-00&ServiceCd=150&Type=search", "url2": "http://www.jala.co.jp/" }, "geometry": { "type": "Point", "coordinates": [ 139.407973438098139, 35.576852115737047 ] } },
{ "type": "Feature", "properties": { "内容": "デイサービス　いづみの里【通所介護】東京都町田市原町田５－１－１２", "url": "https://www.kaigokensaku.mhlw.go.jp/13/index.php?action_kouhyou_detail_004_kani=true&JigyosyoCd=1373200193-00&ServiceCd=150&Type=search", "url2": "http://www.753kai.or.jp" }, "geometry": { "type": "Point", "coordinates": [ 139.448489900000027, 35.546745 ] } },
{ "type": "Feature", "properties": { "内容": "まちだケアセンター【通所介護】東京都町田市野津田町１９３２番地", "url": "https://www.kaigokensaku.mhlw.go.jp/13/index.php?action_kouhyou_detail_004_kani=true&JigyosyoCd=1373200516-00&ServiceCd=150&Type=search", "url2": "http://www.fukuinkai.or.jp" }, "geometry": { "type": "Point", "coordinates": [ 139.435181599999964, 35.5871403 ] } },
{ "type": "Feature", "properties": { "内容": "ケアセンター成瀬【通所介護】東京都町田市成瀬台３丁目２４番１号", "url": "https://www.kaigokensaku.mhlw.go.jp/13/index.php?action_kouhyou_detail_004_kani=true&JigyosyoCd=1373200698-00&ServiceCd=150&Type=search", "url2": "http://www.ccnaruse.com/" }, "geometry": { "type": "Point", "coordinates": [ 139.4786269, 35.5557404 ] } },
{ "type": "Feature", "properties": { "内容": "合掌苑翠の杜【通所介護】東京都町田市金森東3-18-16", "url": "https://www.kaigokensaku.mhlw.go.jp/13/index.php?action_kouhyou_detail_004_kani=true&JigyosyoCd=1373200821-00&ServiceCd=150&Type=search", "url2": "http://www.gsen.or.jp" }, "geometry": { "type": "Point", "coordinates": [ 139.465803400000027, 35.5315702 ] } },
{ "type": "Feature", "properties": { "内容": "通所介護事業所みぎわホーム【通所介護】東京都町田市南町田4-10-38", "url": "https://www.kaigokensaku.mhlw.go.jp/13/index.php?action_kouhyou_detail_004_kani=true&JigyosyoCd=1373201068-00&ServiceCd=150&Type=search", "url2": "http://www.migiwa-home.or.jp" }, "geometry": { "type": "Point", "coordinates": [ 139.464453157672096, 35.515641471939809 ] } },
{ "type": "Feature", "properties": { "内容": "社会福祉法人賛育会高齢者在宅サービスセンター清風園【通所介護】東京都町田市金井7丁目17番地13号", "url": "https://www.kaigokensaku.mhlw.go.jp/13/index.php?action_kouhyou_detail_004_kani=true&JigyosyoCd=1373201134-00&ServiceCd=150&Type=search", "url2": "http://www.san-ikukai.or.jp/seifu-en" }, "geometry": { "type": "Point", "coordinates": [ 139.461443700000018, 35.5742151 ] } },
{ "type": "Feature", "properties": { "内容": "デイサービスセンター悠々園【通所介護】東京都町田市能ヶ谷4-30-1", "url": "https://www.kaigokensaku.mhlw.go.jp/13/index.php?action_kouhyou_detail_004_kani=true&JigyosyoCd=1373201613-00&ServiceCd=150&Type=search", "url2": "http://www.yuyuen.com/" }, "geometry": { "type": "Point", "coordinates": [ 139.48716730000001, 35.5863495 ] } },
{ "type": "Feature", "properties": { "内容": "デイサービスふれあいルーム【通所介護】東京都町田市南町田3-43-1", "url": "https://www.kaigokensaku.mhlw.go.jp/13/index.php?action_kouhyou_detail_004_kani=true&JigyosyoCd=1373204963-00&ServiceCd=150&Type=search", "url2": "http://www.fuyou.or.jp" }, "geometry": { "type": "Point", "coordinates": [ 139.471955200000025, 35.5160134 ] } },
{ "type": "Feature", "properties": { "内容": "デイサービスセンター椿【通所介護】東京都町田市相原町2311-1", "url": "https://www.kaigokensaku.mhlw.go.jp/13/index.php?action_kouhyou_detail_004_kani=true&JigyosyoCd=1373207487-00&ServiceCd=150&Type=search", "url2": "https://tenjuen.net" }, "geometry": { "type": "Point", "coordinates": [ 139.3127618, 35.6109048 ] } },
{ "type": "Feature", "properties": { "内容": "美郷【通所介護】東京都町田市小山が丘一丁目2番地9", "url": "https://www.kaigokensaku.mhlw.go.jp/13/index.php?action_kouhyou_detail_004_kani=true&JigyosyoCd=1373200854-00&ServiceCd=150&Type=search", "url2": "http://www.chikuseikai.com" }, "geometry": { "type": "Point", "coordinates": [ 139.385744100000011, 35.5962408 ] } },
{ "type": "Feature", "properties": { "内容": "ケアライフ金井【通所介護】東京都町田市金井5-20-16ケアライフ金井", "url": "https://www.kaigokensaku.mhlw.go.jp/13/index.php?action_kouhyou_detail_004_kani=true&JigyosyoCd=1373204393-00&ServiceCd=150&Type=search", "url2": "https://www.tsukushinbo.net/" }, "geometry": { "type": "Point", "coordinates": [ 139.463557400000013, 35.580684 ] } },
{ "type": "Feature", "properties": { "内容": "デイサービス　レガメ町田【通所介護】東京都町田市南大谷1丁目41番1号", "url": "https://www.kaigokensaku.mhlw.go.jp/13/index.php?action_kouhyou_detail_004_kani=true&JigyosyoCd=1373205978-00&ServiceCd=150&Type=search", "url2": "http://taiseikai-web.com" }, "geometry": { "type": "Point", "coordinates": [ 139.459671293472269, 35.550900116693001 ] } },
{ "type": "Feature", "properties": { "内容": "デイサービスセンター芙蓉園【通所介護】東京都町田市南町田五丁目16番1号", "url": "https://www.kaigokensaku.mhlw.go.jp/13/index.php?action_kouhyou_detail_004_kani=true&JigyosyoCd=1373201340-00&ServiceCd=150&Type=search", "url2": "https://www.fuyouen.jp" }, "geometry": { "type": "Point", "coordinates": [ 139.47129418465579, 35.514712034178203 ] } },
{ "type": "Feature", "properties": { "内容": "平成デイサービスセンター町田【通所介護】東京都町田市相原町4391-7介護老人福祉施設ヴィラ町田", "url": "https://www.kaigokensaku.mhlw.go.jp/13/index.php?action_kouhyou_detail_004_kani=true&JigyosyoCd=1373203833-00&ServiceCd=150&Type=search", "url2": "http://machida.tokuyou.jp" }, "geometry": { "type": "Point", "coordinates": [ 139.294021, 35.6122975 ] } },
{ "type": "Feature", "properties": { "内容": "高ケ坂ひかり苑　デイサービス【通所介護】東京都町田市高ヶ坂５－２６－１９", "url": "https://www.kaigokensaku.mhlw.go.jp/13/index.php?action_kouhyou_detail_004_kani=true&JigyosyoCd=1373204054-00&ServiceCd=150&Type=search", "url2": "https://midorifukushikai.or.jp/facility/kogasaka/" }, "geometry": { "type": "Point", "coordinates": [ 139.462061299999959, 35.5458374 ] } },
{ "type": "Feature", "properties": { "内容": "デイサービスセンターまちだ正吉苑【通所介護】東京都町田市成瀬8丁目10番1号", "url": "https://www.kaigokensaku.mhlw.go.jp/13/index.php?action_kouhyou_detail_004_kani=true&JigyosyoCd=1373204187-00&ServiceCd=150&Type=search", "url2": "http://shoukichi.org/services/dayservice.html" }, "geometry": { "type": "Point", "coordinates": [ 139.469775, 35.5430828 ] } },
{ "type": "Feature", "properties": { "内容": "第二清風園高齢者在宅サービスセンター【通所介護】東京都町田市薬師台3丁目270番1", "url": "https://www.kaigokensaku.mhlw.go.jp/13/index.php?action_kouhyou_detail_004_kani=true&JigyosyoCd=1373200748-00&ServiceCd=150&Type=search", "url2": "http://www.san-ikukai.or.jp/machida/seifu2/" }, "geometry": { "type": "Point", "coordinates": [ 139.457002099999954, 35.5821945 ] } },
{ "type": "Feature", "properties": { "内容": "あすかフィジカルセンター鶴川【通所介護】東京都町田市能ヶ谷6-2-50", "url": "https://www.kaigokensaku.mhlw.go.jp/13/index.php?action_kouhyou_detail_004_kani=true&JigyosyoCd=1373206802-00&ServiceCd=150&Type=search", "url2": "http://asuka-group.jp" }, "geometry": { "type": "Point", "coordinates": [ 139.4811455, 35.5881102 ] } },
{ "type": "Feature", "properties": { "内容": "町田成瀬ケアセンターそよ風【通所介護】東京都町田市成瀬2丁目10‐1", "url": "https://www.kaigokensaku.mhlw.go.jp/13/index.php?action_kouhyou_detail_004_kani=true&JigyosyoCd=1373207545-00&ServiceCd=150&Type=search", "url2": "https://www.sykz.co.jp/" }, "geometry": { "type": "Point", "coordinates": [ 139.476415781614719, 35.54820506761132 ] } },
{ "type": "Feature", "properties": { "内容": "ルイーダの家ゆず【通所介護】東京都町田市野津田町2412-3", "url": "https://www.kaigokensaku.mhlw.go.jp/13/index.php?action_kouhyou_detail_004_kani=true&JigyosyoCd=1373207800-00&ServiceCd=150&Type=search", "url2": "https://ruidahome-yuzu.jp/" }, "geometry": { "type": "Point", "coordinates": [ 139.4486312, 35.5851036 ] } },
{ "type": "Feature", "properties": { "内容": "ケアセンター木曽山崎【通所介護】東京都町田市山崎町２２００番地", "url": "https://www.kaigokensaku.mhlw.go.jp/13/index.php?action_kouhyou_detail_004_kani=true&JigyosyoCd=1373200573-00&ServiceCd=150&Type=search", "url2": "http://www.fukuinkai.or.jp" }, "geometry": { "type": "Point", "coordinates": [ 139.434820368168431, 35.567906474281941 ] } },
{ "type": "Feature", "properties": { "内容": "小山田高齢者在宅サービスセンター【通所介護】東京都町田市下小山田町3580番地ふれあい桜館１階", "url": "https://www.kaigokensaku.mhlw.go.jp/13/index.php?action_kouhyou_detail_004_kani=true&JigyosyoCd=1373200664-00&ServiceCd=150&Type=search", "url2": "https://machida-fukushi.or.jp/" }, "geometry": { "type": "Point", "coordinates": [ 139.408086799999978, 35.5854268 ] } },
{ "type": "Feature", "properties": { "内容": "桜実会デイサービス玉川学園【通所介護】東京都町田市玉川学園３丁目３５号１番", "url": "https://www.kaigokensaku.mhlw.go.jp/13/index.php?action_kouhyou_detail_004_kani=true&JigyosyoCd=1373200896-00&ServiceCd=150&Type=search", "url2": "http://www.ohmikai.com" }, "geometry": { "type": "Point", "coordinates": [ 139.458563700000013, 35.5633605 ] } },
{ "type": "Feature", "properties": { "内容": "デイサービス木曽【通所介護】東京都町田市木曽西3-23-7", "url": "https://www.kaigokensaku.mhlw.go.jp/13/index.php?action_kouhyou_detail_004_kani=true&JigyosyoCd=1373201043-00&ServiceCd=150&Type=search", "url2": "http://www.753kai.or.jp" }, "geometry": { "type": "Point", "coordinates": [ 139.418769699999984, 35.5710752 ] } },
{ "type": "Feature", "properties": { "内容": "デイサービス相原やまゆり【通所介護】東京都町田市相原町3174", "url": "https://www.kaigokensaku.mhlw.go.jp/13/index.php?action_kouhyou_detail_004_kani=true&JigyosyoCd=1373202538-00&ServiceCd=150&Type=search", "url2": "http://aihara-yamayuri.org/" }, "geometry": { "type": "Point", "coordinates": [ 139.3020957, 35.6065068 ] } },
{ "type": "Feature", "properties": { "内容": "ツクイ町田金井【通所介護】東京都町田市金井8-25-28", "url": "https://www.kaigokensaku.mhlw.go.jp/13/index.php?action_kouhyou_detail_004_kani=true&JigyosyoCd=1373202546-00&ServiceCd=150&Type=search", "url2": "https://www.tsukui.net/home-care/2328/" }, "geometry": { "type": "Point", "coordinates": [ 139.469548199999963, 35.5806619 ] } },
{ "type": "Feature", "properties": { "内容": "スマイル本町田【通所介護】東京都町田市本町田1747-1", "url": "https://www.kaigokensaku.mhlw.go.jp/13/index.php?action_kouhyou_detail_004_kani=true&JigyosyoCd=1373205754-00&ServiceCd=150&Type=search", "url2": "http://www.smile-kaigo.co.jp" }, "geometry": { "type": "Point", "coordinates": [ 139.437327853736832, 35.560246563945149 ] } },
{ "type": "Feature", "properties": { "内容": "リハステーション木曽西【通所介護】東京都町田市木曽西2-18-18", "url": "https://www.kaigokensaku.mhlw.go.jp/13/index.php?action_kouhyou_detail_004_kani=true&JigyosyoCd=1373206042-00&ServiceCd=150&Type=search", "url2": "https://machida-fukushi.or.jp/" }, "geometry": { "type": "Point", "coordinates": [ 139.415394621951236, 35.568283951240403 ] } },
{ "type": "Feature", "properties": { "内容": "ケアパートナー町田南【通所介護】東京都町田市南つくし野２－８－１", "url": "https://www.kaigokensaku.mhlw.go.jp/13/index.php?action_kouhyou_detail_004_kani=true&JigyosyoCd=1373206703-00&ServiceCd=150&Type=search", "url2": "http://www.care-partner.com/" }, "geometry": { "type": "Point", "coordinates": [ 139.479523322367839, 35.516474312428315 ] } },
{ "type": "Feature", "properties": { "内容": "デイサービス湧和【通所介護】東京都町田市本町田２１０２－１", "url": "https://www.kaigokensaku.mhlw.go.jp/13/index.php?action_kouhyou_detail_004_kani=true&JigyosyoCd=1373207164-00&ServiceCd=150&Type=search", "url2": "https://www.npo-yuwa.com/" }, "geometry": { "type": "Point", "coordinates": [ 139.4385418, 35.560130099999981 ] } },
{ "type": "Feature", "properties": { "内容": "デイサービスセンタ　テルウェル町田【通所介護】東京都町田市中町１－１１－１２ウエリスオリーブ町田中町１F", "url": "https://www.kaigokensaku.mhlw.go.jp/13/index.php?action_kouhyou_detail_004_kani=true&JigyosyoCd=1373206232-00&ServiceCd=150&Type=search", "url2": "http://www.telwel-kaigo.com/" }, "geometry": { "type": "Point", "coordinates": [ 139.445352954631062, 35.548936252257825 ] } },
{ "type": "Feature", "properties": { "内容": "ディサービスセンターエクラシア町田相原【通所介護】東京都町田市相原町395-1", "url": "https://www.kaigokensaku.mhlw.go.jp/13/index.php?action_kouhyou_detail_004_kani=true&JigyosyoCd=1373207172-00&ServiceCd=150&Type=search", "url2": "https://www.welloff.co.jp" }, "geometry": { "type": "Point", "coordinates": [ 139.3110697, 35.6115012 ] } },
{ "type": "Feature", "properties": { "内容": "桜美林ガーデンヒルズ　サクラデイサービス【通所介護】東京都町田市小山ヶ丘1丁目14-1", "url": "https://www.kaigokensaku.mhlw.go.jp/13/index.php?action_kouhyou_detail_004_kani=true&JigyosyoCd=1373207719-00&ServiceCd=150&Type=search", "url2": "https://welfuture.co.jp/facility/1666/" }, "geometry": { "type": "Point", "coordinates": [ 139.389241300000037, 35.5954215 ] } },
{ "type": "Feature", "properties": { "内容": "～憩Ｃａｆe～町田図師【通所介護】東京都町田市図師６０４－３", "url": "https://www.kaigokensaku.mhlw.go.jp/13/index.php?action_kouhyou_detail_004_kani=true&JigyosyoCd=1373203197-00&ServiceCd=150&Type=search", "url2": "http://www.k-scc.co.jp" }, "geometry": { "type": "Point", "coordinates": [ 139.417044499999946, 35.5810017 ] } },
{ "type": "Feature", "properties": { "内容": "ヒューマンライフケア南町田【通所介護】東京都町田市南町田2-6-22黄桜グリーンハイツ1F", "url": "https://www.kaigokensaku.mhlw.go.jp/13/index.php?action_kouhyou_detail_004_kani=true&JigyosyoCd=1373204336-00&ServiceCd=150&Type=search", "url2": "https://kaigo.human-lifecare.jp/facilities/ds017_MinamiMachida/summary.html" }, "geometry": { "type": "Point", "coordinates": [ 139.4720838, 35.5180303 ] } },
{ "type": "Feature", "properties": { "内容": "リハテラス南町田【通所介護】東京都町田市南町田4-6-1ライオンズマンション南町田　1F　105号室", "url": "https://www.kaigokensaku.mhlw.go.jp/13/index.php?action_kouhyou_detail_004_kani=true&JigyosyoCd=1373206208-00&ServiceCd=150&Type=search", "url2": "http://www.rehaterrace.com/" }, "geometry": { "type": "Point", "coordinates": [ 139.464224239270038, 35.517596600371235 ] } },
{ "type": "Feature", "properties": { "内容": "リハセンターみどりの樹　町田【通所介護】東京都町田市木曽東4丁目2-12グレイスヤギワ1A", "url": "https://www.kaigokensaku.mhlw.go.jp/13/index.php?action_kouhyou_detail_004_kani=true&JigyosyoCd=1373206323-00&ServiceCd=150&Type=search", "url2": "http://leaps-care.jp" }, "geometry": { "type": "Point", "coordinates": [ 139.4276774, 35.5627513 ] } },
{ "type": "Feature", "properties": { "内容": "医療法人社団三医会　デイサービス三輪【通所介護】東京都町田市三輪緑山4-14-１三輪コミュニティセンター１F", "url": "https://www.kaigokensaku.mhlw.go.jp/13/index.php?action_kouhyou_detail_004_kani=true&JigyosyoCd=1373201423-00&ServiceCd=150&Type=search", "url2": "http://www.tsurukawakinen.or.jp/" }, "geometry": { "type": "Point", "coordinates": [ 139.493370193618091, 35.577175833754424 ] } },
{ "type": "Feature", "properties": { "内容": "デイサービス榛名坂【通所介護】東京都町田市金井３－２０－１", "url": "https://www.kaigokensaku.mhlw.go.jp/13/index.php?action_kouhyou_detail_004_kani=true&JigyosyoCd=1373201449-00&ServiceCd=150&Type=search", "url2": null }, "geometry": { "type": "Point", "coordinates": [ 139.459527, 35.5801143 ] } },
{ "type": "Feature", "properties": { "内容": "デイサービスゆらり【通所介護】東京都町田市本町田3307-4", "url": "https://www.kaigokensaku.mhlw.go.jp/13/index.php?action_kouhyou_detail_004_kani=true&JigyosyoCd=1373201795-00&ServiceCd=150&Type=search", "url2": "http://hlcare.net/" }, "geometry": { "type": "Point", "coordinates": [ 139.443067499999984, 35.5704842 ] } },
{ "type": "Feature", "properties": { "内容": "ツクイ町田鶴川【通所介護】東京都町田市鶴川1-16-1", "url": "https://www.kaigokensaku.mhlw.go.jp/13/index.php?action_kouhyou_detail_004_kani=true&JigyosyoCd=1373202207-00&ServiceCd=150&Type=search", "url2": "https://www.tsukui.net/home-care/2252/" }, "geometry": { "type": "Point", "coordinates": [ 139.4784343, 35.587356899999982 ] } },
{ "type": "Feature", "properties": { "内容": "ヘルパーステーション相原デイサービスセンター【通所介護】東京都町田市相原町4-5", "url": "https://www.kaigokensaku.mhlw.go.jp/13/index.php?action_kouhyou_detail_004_kani=true&JigyosyoCd=1373202694-00&ServiceCd=150&Type=search", "url2": null }, "geometry": { "type": "Point", "coordinates": [ 139.345258599999966, 35.603762199999984 ] } },
{ "type": "Feature", "properties": { "内容": "パナソニック　エイジフリーケアセンター町田・デイサービス【通所介護】東京都町田市木曽西3-20-6メディカルモール町田Ｃ区画", "url": "https://www.kaigokensaku.mhlw.go.jp/13/index.php?action_kouhyou_detail_004_kani=true&JigyosyoCd=1373203080-00&ServiceCd=150&Type=search", "url2": "https://panasonic.co.jp/es/pesaf/" }, "geometry": { "type": "Point", "coordinates": [ 139.419569499999966, 35.5726666 ] } },
{ "type": "Feature", "properties": { "内容": "きららデイリハてをつなごう【通所介護】東京都町田市忠生１－５－３", "url": "https://www.kaigokensaku.mhlw.go.jp/13/index.php?action_kouhyou_detail_004_kani=true&JigyosyoCd=1373203122-00&ServiceCd=150&Type=search", "url2": "http://www.kirara-g.jp" }, "geometry": { "type": "Point", "coordinates": [ 139.424905343578189, 35.574008126828446 ] } },
{ "type": "Feature", "properties": { "内容": "総合リハビリテーション　デイサービス忠生【通所介護】東京都町田市忠生1丁目19番地2忠生市営住宅集会場施設に併設　1F", "url": "https://www.kaigokensaku.mhlw.go.jp/13/index.php?action_kouhyou_detail_004_kani=true&JigyosyoCd=1373203221-00&ServiceCd=150&Type=search", "url2": "http://www.kaedenokaze.com/" }, "geometry": { "type": "Point", "coordinates": [ 139.421238799999969, 35.5750303 ] } },
{ "type": "Feature", "properties": { "内容": "リハテラス鶴間【通所介護】東京都町田市南町田2-15-31ジャストラックS二番館1F", "url": "https://www.kaigokensaku.mhlw.go.jp/13/index.php?action_kouhyou_detail_004_kani=true&JigyosyoCd=1373204583-00&ServiceCd=150&Type=search", "url2": "http://o-t-p.co.jp/rehaterrace/" }, "geometry": { "type": "Point", "coordinates": [ 139.469270225339528, 35.520886148625443 ] } },
{ "type": "Feature", "properties": { "内容": "機能訓練型　デイサービス　つくし【通所介護】東京都町田市成瀬2-14-1", "url": "https://www.kaigokensaku.mhlw.go.jp/13/index.php?action_kouhyou_detail_004_kani=true&JigyosyoCd=1373204823-00&ServiceCd=150&Type=search", "url2": null }, "geometry": { "type": "Point", "coordinates": [ 139.478068900000039, 35.5490467 ] } },
{ "type": "Feature", "properties": { "内容": "リハテラス根岸【通所介護】東京都町田市根岸1-12-122F", "url": "https://www.kaigokensaku.mhlw.go.jp/13/index.php?action_kouhyou_detail_004_kani=true&JigyosyoCd=1373204849-00&ServiceCd=150&Type=search", "url2": "http://o-t-p.co.jp/rehaterrace/" }, "geometry": { "type": "Point", "coordinates": [ 139.412961799999948, 35.5734026 ] } },
{ "type": "Feature", "properties": { "内容": "リハテラス大蔵【通所介護】東京都町田市大蔵町549-1中溝ビル1・2F", "url": "https://www.kaigokensaku.mhlw.go.jp/13/index.php?action_kouhyou_detail_004_kani=true&JigyosyoCd=1373205150-00&ServiceCd=150&Type=search", "url2": null }, "geometry": { "type": "Point", "coordinates": [ 139.460312899999963, 35.589069 ] } },
{ "type": "Feature", "properties": { "内容": "リハテラス成瀬【通所介護】東京都町田市南成瀬1-6-9カワタビル1　101号室", "url": "https://www.kaigokensaku.mhlw.go.jp/13/index.php?action_kouhyou_detail_004_kani=true&JigyosyoCd=1373205200-00&ServiceCd=150&Type=search", "url2": null }, "geometry": { "type": "Point", "coordinates": [ 139.469622500000014, 35.5375889 ] } },
{ "type": "Feature", "properties": { "内容": "リハテラス小山町【通所介護】東京都町田市小山町4392-1モトビル　1F", "url": "https://www.kaigokensaku.mhlw.go.jp/13/index.php?action_kouhyou_detail_004_kani=true&JigyosyoCd=1373205614-00&ServiceCd=150&Type=search", "url2": "http://www.o-t-p.co.jp/rehaterrace/index.html" }, "geometry": { "type": "Point", "coordinates": [ 139.34807509999996, 35.602754 ] } },
{ "type": "Feature", "properties": { "内容": "ツクイ町田南成瀬【通所介護】東京都町田市南成瀬5丁目9番4号", "url": "https://www.kaigokensaku.mhlw.go.jp/13/index.php?action_kouhyou_detail_004_kani=true&JigyosyoCd=1373205937-00&ServiceCd=150&Type=search", "url2": "http://www.tsukui.net/search/2665/detail.html" }, "geometry": { "type": "Point", "coordinates": [ 139.478256990351838, 35.536008542452926 ] } },
{ "type": "Feature", "properties": { "内容": "かがやきデイサービス町田【通所介護】東京都町田市原町田3-19-1", "url": "https://www.kaigokensaku.mhlw.go.jp/13/index.php?action_kouhyou_detail_004_kani=true&JigyosyoCd=1373206034-00&ServiceCd=150&Type=search", "url2": "http://www.ymmd.co.jp" }, "geometry": { "type": "Point", "coordinates": [ 139.454099814541678, 35.543176872380521 ] } },
{ "type": "Feature", "properties": { "内容": "デイサービスラスベガス町田木曽【通所介護】東京都町田市木曽東4-10-25", "url": "https://www.kaigokensaku.mhlw.go.jp/13/index.php?action_kouhyou_detail_004_kani=true&JigyosyoCd=1373206513-00&ServiceCd=150&Type=search", "url2": "http://senior-life.jp/" }, "geometry": { "type": "Point", "coordinates": [ 139.432204500000012, 35.563932 ] } },
{ "type": "Feature", "properties": { "内容": "デイサービスばんば【通所介護】東京都町田市小山町40-1", "url": "https://www.kaigokensaku.mhlw.go.jp/13/index.php?action_kouhyou_detail_004_kani=true&JigyosyoCd=1373206539-00&ServiceCd=150&Type=search", "url2": null }, "geometry": { "type": "Point", "coordinates": [ 139.390754, 35.5871547 ] } },
{ "type": "Feature", "properties": { "内容": "デイサービス藤の台【通所介護】東京都町田市藤の台1丁目１番52103号", "url": "https://www.kaigokensaku.mhlw.go.jp/13/index.php?action_kouhyou_detail_004_kani=true&JigyosyoCd=1373206562-00&ServiceCd=150&Type=search", "url2": "http://www.kaedenokaze.com" }, "geometry": { "type": "Point", "coordinates": [ 139.448943899999989, 35.571015 ] } },
{ "type": "Feature", "properties": { "内容": "ツクイ・デイサービス高ヶ坂【通所介護】東京都町田市高ヶ坂7丁目26番8号", "url": "https://www.kaigokensaku.mhlw.go.jp/13/index.php?action_kouhyou_detail_004_kani=true&JigyosyoCd=1373206570-00&ServiceCd=150&Type=search", "url2": "https://www.tsukui.net/home-care/2729/" }, "geometry": { "type": "Point", "coordinates": [ 139.4621323, 35.5398901 ] } },
{ "type": "Feature", "properties": { "内容": "リハスタジオ入倉クリニック【通所介護】東京都町田市真光寺2-37-11鶴川台メディカルヴィレッジ脳神経外科棟　２F", "url": "https://www.kaigokensaku.mhlw.go.jp/13/index.php?action_kouhyou_detail_004_kani=true&JigyosyoCd=1373206679-00&ServiceCd=150&Type=search", "url2": "https://www.irikuraclinic.com/access.html" }, "geometry": { "type": "Point", "coordinates": [ 139.469032607409673, 35.600379679722977 ] } },
{ "type": "Feature", "properties": { "内容": "リハテラス金森【通所介護】東京都町田市金森2-39-5", "url": "https://www.kaigokensaku.mhlw.go.jp/13/index.php?action_kouhyou_detail_004_kani=true&JigyosyoCd=1373206893-00&ServiceCd=150&Type=search", "url2": "http://www.rehaterrace.com/store/store09.php" }, "geometry": { "type": "Point", "coordinates": [ 139.4613774, 35.5304487 ] } },
{ "type": "Feature", "properties": { "内容": "エクラシア町田【通所介護】東京都町田市広袴町521-2", "url": "https://www.kaigokensaku.mhlw.go.jp/13/index.php?action_kouhyou_detail_004_kani=true&JigyosyoCd=1373206976-00&ServiceCd=150&Type=search", "url2": "https://www.welloff.co.jp/" }, "geometry": { "type": "Point", "coordinates": [ 139.4761915, 35.5936009 ] } },
{ "type": "Feature", "properties": { "内容": "らいおんハートジップリハパーク【通所介護】東京都町田市三輪緑山１−３−１", "url": "https://www.kaigokensaku.mhlw.go.jp/13/index.php?action_kouhyou_detail_004_kani=true&JigyosyoCd=1373207149-00&ServiceCd=150&Type=search", "url2": null }, "geometry": { "type": "Point", "coordinates": [ 139.489090299999987, 35.5730654 ] } },
{ "type": "Feature", "properties": { "内容": "井の花デイ【通所介護】東京都町田市大蔵町530-1", "url": "https://www.kaigokensaku.mhlw.go.jp/13/index.php?action_kouhyou_detail_004_kani=true&JigyosyoCd=1373207313-00&ServiceCd=150&Type=search", "url2": "https://day-reha.com" }, "geometry": { "type": "Point", "coordinates": [ 139.4605947, 35.5893266 ] } },
{ "type": "Feature", "properties": { "内容": "楓の風リハビリテーション颯木曽【通所介護】東京都町田市根岸1-15-49", "url": "https://www.kaigokensaku.mhlw.go.jp/13/index.php?action_kouhyou_detail_004_kani=true&JigyosyoCd=1373207438-00&ServiceCd=150&Type=search", "url2": "https://www.kaedenokaze.com/" }, "geometry": { "type": "Point", "coordinates": [ 139.4125622, 35.5721279 ] } },
{ "type": "Feature", "properties": { "内容": "アズハイム町田デイサービスセンター【通所介護】東京都町田市根岸町1009-10", "url": "https://www.kaigokensaku.mhlw.go.jp/13/index.php?action_kouhyou_detail_004_kani=true&JigyosyoCd=1373205291-00&ServiceCd=150&Type=search", "url2": "http://www.as-heim.com" }, "geometry": { "type": "Point", "coordinates": [ 139.406886731352188, 35.579072036827817 ] } },
{ "type": "Feature", "properties": { "内容": "エクラシア町田森野【通所介護】東京都町田市森野3-10-37エクラシア町田森野", "url": "https://www.kaigokensaku.mhlw.go.jp/13/index.php?action_kouhyou_detail_004_kani=true&JigyosyoCd=1373207230-00&ServiceCd=150&Type=search", "url2": null }, "geometry": { "type": "Point", "coordinates": [ 139.435004, 35.5524432 ] } },
{ "type": "Feature", "properties": { "内容": "レコードブック成瀬【通所介護】東京都町田市南成瀬2-7-1", "url": "https://www.kaigokensaku.mhlw.go.jp/13/index.php?action_kouhyou_detail_004_kani=true&JigyosyoCd=1373207867-00&ServiceCd=150&Type=search", "url2": "https://www.kokorobiz.jp/" }, "geometry": { "type": "Point", "coordinates": [ 139.4678618, 35.5377982 ] } },
{ "type": "Feature", "properties": { "内容": "中町高齢者在宅サービスセンター【通所介護】東京都小金井市中町２－１５－２５", "url": "https://www.kaigokensaku.mhlw.go.jp/13/index.php?action_kouhyou_detail_004_kani=true&JigyosyoCd=1374100228-00&ServiceCd=150&Type=search", "url2": "http://www.seirouin.or.jp/tsukimi/" }, "geometry": { "type": "Point", "coordinates": [ 139.516904299999965, 35.6972185 ] } },
{ "type": "Feature", "properties": { "内容": "桜町高齢者在宅サービスセンター【通所介護】東京都小金井市桜町1-9-5", "url": "https://www.kaigokensaku.mhlw.go.jp/13/index.php?action_kouhyou_detail_004_kani=true&JigyosyoCd=1374100152-00&ServiceCd=150&Type=search", "url2": "http://www.seiyohanekai.or.jp" }, "geometry": { "type": "Point", "coordinates": [ 139.511851299999989, 35.7106056 ] } },
{ "type": "Feature", "properties": { "内容": "リハビリ・トレーニングセンター東京【通所介護】東京都小金井市前原町５－２－４７ファインコート益田１F", "url": "https://www.kaigokensaku.mhlw.go.jp/13/index.php?action_kouhyou_detail_004_kani=true&JigyosyoCd=1374101119-00&ServiceCd=150&Type=search", "url2": null }, "geometry": { "type": "Point", "coordinates": [ 139.497361899999987, 35.6868691 ] } },
{ "type": "Feature", "properties": { "内容": "小金井市立本町高齢者在宅サービスセンター【通所介護】東京都小金井市本町２丁目１０番１３号小金井市立本町高齢者在宅サービスセンター", "url": "https://www.kaigokensaku.mhlw.go.jp/13/index.php?action_kouhyou_detail_004_kani=true&JigyosyoCd=1374100194-00&ServiceCd=150&Type=search", "url2": "http://www.seiyohanekai.or.jp/honcho-center/index.html" }, "geometry": { "type": "Point", "coordinates": [ 139.510068600000039, 35.7031953 ] } },
{ "type": "Feature", "properties": { "内容": "医療法人社団大日会　通所介護事業所　陽なたリハビリデイサービス【通所介護】東京都小金井市本町6-7-6", "url": "https://www.kaigokensaku.mhlw.go.jp/13/index.php?action_kouhyou_detail_004_kani=true&JigyosyoCd=1374101499-00&ServiceCd=150&Type=search", "url2": "http://hp.kaipoke.biz/bve/" }, "geometry": { "type": "Point", "coordinates": [ 139.5019555, 35.6994316 ] } },
{ "type": "Feature", "properties": { "内容": "ジョイリハ小金井【通所介護】東京都小金井市梶野町2-1-2プライムアーバン武蔵野ヒルズA棟1階", "url": "https://www.kaigokensaku.mhlw.go.jp/13/index.php?action_kouhyou_detail_004_kani=true&JigyosyoCd=1374101598-00&ServiceCd=150&Type=search", "url2": "http://www.okamoto-group.co.jp/" }, "geometry": { "type": "Point", "coordinates": [ 139.5318082, 35.7054179 ] } },
{ "type": "Feature", "properties": { "内容": "デイサービス夢楽武蔵小金井【通所介護】東京都小金井市中町3-16-9クレアホームズ武蔵小金井1F", "url": "https://www.kaigokensaku.mhlw.go.jp/13/index.php?action_kouhyou_detail_004_kani=true&JigyosyoCd=1374101622-00&ServiceCd=150&Type=search", "url2": null }, "geometry": { "type": "Point", "coordinates": [ 139.5116964, 35.6989014 ] } },
{ "type": "Feature", "properties": { "内容": "コンパスウオーク小金井【通所介護】東京都小金井市貫井南町1-5-1", "url": "https://www.kaigokensaku.mhlw.go.jp/13/index.php?action_kouhyou_detail_004_kani=true&JigyosyoCd=1374101838-00&ServiceCd=150&Type=search", "url2": null }, "geometry": { "type": "Point", "coordinates": [ 139.498355400000037, 35.6883788 ] } },
{ "type": "Feature", "properties": { "内容": "ビーナスプラス小金井【通所介護】東京都小金井市中町2-17-18ステラコート武蔵小金井102号室", "url": "https://www.kaigokensaku.mhlw.go.jp/13/index.php?action_kouhyou_detail_004_kani=true&JigyosyoCd=1374101895-00&ServiceCd=150&Type=search", "url2": "http://www.venus-comrade.co.jp" }, "geometry": { "type": "Point", "coordinates": [ 139.518332, 35.6975261 ] } },
{ "type": "Feature", "properties": { "内容": "エイジレス介護センター【通所介護】東京都小金井市貫井北町3-30-9", "url": "https://www.kaigokensaku.mhlw.go.jp/13/index.php?action_kouhyou_detail_004_kani=true&JigyosyoCd=1374100707-00&ServiceCd=150&Type=search", "url2": "https://eijiresukaigosenta.hp.gogo.jp" }, "geometry": { "type": "Point", "coordinates": [ 139.496889859476823, 35.711203618369055 ] } },
{ "type": "Feature", "properties": { "内容": "ぬく井の杜（デイサービス）【通所介護】東京都小金井市貫井北町3-4-8", "url": "https://www.kaigokensaku.mhlw.go.jp/13/index.php?action_kouhyou_detail_004_kani=true&JigyosyoCd=1374101762-00&ServiceCd=150&Type=search", "url2": "http://nanokakai.jp" }, "geometry": { "type": "Point", "coordinates": [ 139.4975028, 35.7074055 ] } },
{ "type": "Feature", "properties": { "内容": "リハデイ一期一笑　小平喜平【通所介護】東京都小平市上水南町3-4-26豊田総研ビル1F", "url": "https://www.kaigokensaku.mhlw.go.jp/13/index.php?action_kouhyou_detail_004_kani=true&JigyosyoCd=1374303855-00&ServiceCd=150&Type=search", "url2": "https://kaigo-ichigoichie.com" }, "geometry": { "type": "Point", "coordinates": [ 139.4889877, 35.7145923 ] } },
{ "type": "Feature", "properties": { "内容": "小川ホームデイサービスセンター【通所介護】東京都小平市小川西町２丁目３５番２号", "url": "https://www.kaigokensaku.mhlw.go.jp/13/index.php?action_kouhyou_detail_004_kani=true&JigyosyoCd=1374300281-00&ServiceCd=150&Type=search", "url2": "http://www.ogawahome.or.jp" }, "geometry": { "type": "Point", "coordinates": [ 139.4609266, 35.7368926 ] } },
{ "type": "Feature", "properties": { "内容": "デイサービスやすらぎ【通所介護】東京都小平市小川町1丁目485番地", "url": "https://www.kaigokensaku.mhlw.go.jp/13/index.php?action_kouhyou_detail_004_kani=true&JigyosyoCd=1374300364-00&ServiceCd=150&Type=search", "url2": "http://www.reimeikai.or.jp/yasuragi/" }, "geometry": { "type": "Point", "coordinates": [ 139.440249718385303, 35.728117766972005 ] } },
{ "type": "Feature", "properties": { "内容": "ウォークリハ一期一笑　小金井【通所介護】東京都小平市回田町349-5ガーデンハウス1階/1号室", "url": "https://www.kaigokensaku.mhlw.go.jp/13/index.php?action_kouhyou_detail_004_kani=true&JigyosyoCd=1374303897-00&ServiceCd=150&Type=search", "url2": "https://kaigo-ichigoichie.com/" }, "geometry": { "type": "Point", "coordinates": [ 139.4980046, 35.7136613 ] } },
{ "type": "Feature", "properties": { "内容": "多摩済生ケアセンター【通所介護】東京都小平市美園町3-12-1", "url": "https://www.kaigokensaku.mhlw.go.jp/13/index.php?action_kouhyou_detail_004_kani=true&JigyosyoCd=1374300323-00&ServiceCd=150&Type=search", "url2": "http://www.tama-sai.jp" }, "geometry": { "type": "Point", "coordinates": [ 139.490212700000029, 35.7401404 ] } },
{ "type": "Feature", "properties": { "内容": "エスケアステーション小平　デイサービス【通所介護】東京都小平市仲町323番4", "url": "https://www.kaigokensaku.mhlw.go.jp/13/index.php?action_kouhyou_detail_004_kani=true&JigyosyoCd=1374302311-00&ServiceCd=150&Type=search", "url2": "http://s-caremate.co.jp" }, "geometry": { "type": "Point", "coordinates": [ 139.491232599999989, 35.7290666 ] } },
{ "type": "Feature", "properties": { "内容": "木下の介護　小平【通所介護】東京都小平市美園町2-10-9", "url": "https://www.kaigokensaku.mhlw.go.jp/13/index.php?action_kouhyou_detail_004_kani=true&JigyosyoCd=1374302980-00&ServiceCd=150&Type=search", "url2": "http://www.kinoshita-kaigo.co.jp/facility/day_service/day-service_kodaira.html" }, "geometry": { "type": "Point", "coordinates": [ 139.490304400000014, 35.7378045 ] } },
{ "type": "Feature", "properties": { "内容": "グランてらす小平団地デイサービスセンター【通所介護】東京都小平市喜平町3-1-41", "url": "https://www.kaigokensaku.mhlw.go.jp/13/index.php?action_kouhyou_detail_004_kani=true&JigyosyoCd=1374303814-00&ServiceCd=150&Type=search", "url2": "https://ryokuzankai.jp/grp/kodairadanchi/" }, "geometry": { "type": "Point", "coordinates": [ 139.48853053375862, 35.721698980836209 ] } },
{ "type": "Feature", "properties": { "内容": "小平健成苑　デイサービスセンター【通所介護】東京都小平市鈴木町２丁目　２３０－３", "url": "https://www.kaigokensaku.mhlw.go.jp/13/index.php?action_kouhyou_detail_004_kani=true&JigyosyoCd=1374300430-00&ServiceCd=150&Type=search", "url2": "http://www.kenseien.org/" }, "geometry": { "type": "Point", "coordinates": [ 139.504609499999987, 35.724662 ] } },
{ "type": "Feature", "properties": { "内容": "まりも園　デイサービスセンター【通所介護】東京都小平市上水南町4-7-45", "url": "https://www.kaigokensaku.mhlw.go.jp/13/index.php?action_kouhyou_detail_004_kani=true&JigyosyoCd=1374300455-00&ServiceCd=150&Type=search", "url2": "https://www.marimokai.jp/facility/marimo-dsc" }, "geometry": { "type": "Point", "coordinates": [ 139.491028300000039, 35.7087996 ] } },
{ "type": "Feature", "properties": { "内容": "緑成会デイサービスセンター【通所介護】東京都小平市小川西町2-35-1", "url": "https://www.kaigokensaku.mhlw.go.jp/13/index.php?action_kouhyou_detail_004_kani=true&JigyosyoCd=1374301883-00&ServiceCd=150&Type=search", "url2": "http://www.ryokuseikai.or.jp/" }, "geometry": { "type": "Point", "coordinates": [ 139.461129300000039, 35.7371981 ] } },
{ "type": "Feature", "properties": { "内容": "デイサービスセンターぶどうの木【通所介護】東京都小平市小川東町1-11-18", "url": "https://www.kaigokensaku.mhlw.go.jp/13/index.php?action_kouhyou_detail_004_kani=true&JigyosyoCd=1374301263-00&ServiceCd=150&Type=search", "url2": "http://www.kenseien.org/" }, "geometry": { "type": "Point", "coordinates": [ 139.465045700000019, 35.7347318 ] } },
{ "type": "Feature", "properties": { "内容": "デイサービスセンターはなこジム【通所介護】東京都小平市大沼町1-25-11", "url": "https://www.kaigokensaku.mhlw.go.jp/13/index.php?action_kouhyou_detail_004_kani=true&JigyosyoCd=1374301693-00&ServiceCd=150&Type=search", "url2": "http://www.kenseien.org" }, "geometry": { "type": "Point", "coordinates": [ 139.495314811247567, 35.737665236439604 ] } },
{ "type": "Feature", "properties": { "内容": "かがやきデイサービス小平上水【通所介護】東京都小平市上水南町2-23-1", "url": "https://www.kaigokensaku.mhlw.go.jp/13/index.php?action_kouhyou_detail_004_kani=true&JigyosyoCd=1374302451-00&ServiceCd=150&Type=search", "url2": "http://www.ymmd-scc.jp/location/kodairajosui/" }, "geometry": { "type": "Point", "coordinates": [ 139.486610199999973, 35.7140227 ] } },
{ "type": "Feature", "properties": { "内容": "デイサロン　あやとり小平【通所介護】東京都小平市天神町4-5-16", "url": "https://www.kaigokensaku.mhlw.go.jp/13/index.php?action_kouhyou_detail_004_kani=true&JigyosyoCd=1374301909-00&ServiceCd=150&Type=search", "url2": "http://kaigonopuro.jimdo.com/" }, "geometry": { "type": "Point", "coordinates": [ 139.49644330000001, 35.7288002 ] } },
{ "type": "Feature", "properties": { "内容": "デイサービス「いでしたの木もれ日」【通所介護】東京都小平市鈴木町2-766-11", "url": "https://www.kaigokensaku.mhlw.go.jp/13/index.php?action_kouhyou_detail_004_kani=true&JigyosyoCd=1374302048-00&ServiceCd=150&Type=search", "url2": "http://www.ideshita-care.jp" }, "geometry": { "type": "Point", "coordinates": [ 139.50589, 35.7230067 ] } },
{ "type": "Feature", "properties": { "内容": "ツクイ小平花小金井【通所介護】東京都小平市花小金井4-19-3", "url": "https://www.kaigokensaku.mhlw.go.jp/13/index.php?action_kouhyou_detail_004_kani=true&JigyosyoCd=1374303145-00&ServiceCd=150&Type=search", "url2": "https://www.tsukui.net/home-care/2705/" }, "geometry": { "type": "Point", "coordinates": [ 139.50950693089905, 35.735586614033075 ] } },
{ "type": "Feature", "properties": { "内容": "株式会社やさしい手　ゆめふる小平店【通所介護】東京都小平市学園東町1-19-13福祉会館2階", "url": "https://www.kaigokensaku.mhlw.go.jp/13/index.php?action_kouhyou_detail_004_kani=true&JigyosyoCd=1374300489-00&ServiceCd=150&Type=search", "url2": "http://www.yasashiite.com" }, "geometry": { "type": "Point", "coordinates": [ 139.478114399999981, 35.7265665 ] } },
{ "type": "Feature", "properties": { "内容": "デイサービス　ソラスト小平【通所介護】東京都小平市学園西町2-15-12階", "url": "https://www.kaigokensaku.mhlw.go.jp/13/index.php?action_kouhyou_detail_004_kani=true&JigyosyoCd=1374301537-00&ServiceCd=150&Type=search", "url2": "http://www.solasto.co.jp/" }, "geometry": { "type": "Point", "coordinates": [ 139.478786799999966, 35.7232642 ] } },
{ "type": "Feature", "properties": { "内容": "ツクイ　小平仲町【通所介護】東京都小平市仲町397-4", "url": "https://www.kaigokensaku.mhlw.go.jp/13/index.php?action_kouhyou_detail_004_kani=true&JigyosyoCd=1374302147-00&ServiceCd=150&Type=search", "url2": "http://www.tsukui.net/home-care/2535/" }, "geometry": { "type": "Point", "coordinates": [ 139.488706900000039, 35.7293522 ] } },
{ "type": "Feature", "properties": { "内容": "ケア・ポストマン【通所介護】東京都小平市鈴木町2-186-8え-1place", "url": "https://www.kaigokensaku.mhlw.go.jp/13/index.php?action_kouhyou_detail_004_kani=true&JigyosyoCd=1374302204-00&ServiceCd=150&Type=search", "url2": "http://care-pm2.com" }, "geometry": { "type": "Point", "coordinates": [ 139.507492599999978, 35.723415 ] } },
{ "type": "Feature", "properties": { "内容": "かがやきデイサービス小平小川【通所介護】東京都小平市小川町1-984-7", "url": "https://www.kaigokensaku.mhlw.go.jp/13/index.php?action_kouhyou_detail_004_kani=true&JigyosyoCd=1374302584-00&ServiceCd=150&Type=search", "url2": "https://www.ymmd.co.jp/" }, "geometry": { "type": "Point", "coordinates": [ 139.45798, 35.7254827 ] } },
{ "type": "Feature", "properties": { "内容": "一橋ケアーズ【通所介護】東京都小平市喜平町1-2-5一橋アパートメント1階", "url": "https://www.kaigokensaku.mhlw.go.jp/13/index.php?action_kouhyou_detail_004_kani=true&JigyosyoCd=1374302675-00&ServiceCd=150&Type=search", "url2": "http://caregiver.co.jp" }, "geometry": { "type": "Point", "coordinates": [ 139.481614600000057, 35.7173067 ] } },
{ "type": "Feature", "properties": { "内容": "ツクイ小平小川【通所介護】東京都小平市小川東町5-7-23", "url": "https://www.kaigokensaku.mhlw.go.jp/13/index.php?action_kouhyou_detail_004_kani=true&JigyosyoCd=1374302683-00&ServiceCd=150&Type=search", "url2": "https://www.tsukui.net/home-care/2621/" }, "geometry": { "type": "Point", "coordinates": [ 139.4680965, 35.7333979 ] } },
{ "type": "Feature", "properties": { "内容": "ベストケア・デイサービスセンター小金井公園【通所介護】東京都小平市鈴木町２丁目８６５番１９号パークサイドハイツ１階", "url": "https://www.kaigokensaku.mhlw.go.jp/13/index.php?action_kouhyou_detail_004_kani=true&JigyosyoCd=1374302733-00&ServiceCd=150&Type=search", "url2": "http://www.best-care.jp/" }, "geometry": { "type": "Point", "coordinates": [ 139.50915370000007, 35.7204765 ] } },
{ "type": "Feature", "properties": { "内容": "レッツ倶楽部スマイル花小金井【通所介護】東京都小平市花小金井4-5-26ヒュッテＧＭ101", "url": "https://www.kaigokensaku.mhlw.go.jp/13/index.php?action_kouhyou_detail_004_kani=true&JigyosyoCd=1374302840-00&ServiceCd=150&Type=search", "url2": "http://www.lets-club.jp/shop/hanakoganei/" }, "geometry": { "type": "Point", "coordinates": [ 139.506980799694134, 35.739913100000024 ] } },
{ "type": "Feature", "properties": { "内容": "デイサービスヨウコー小平【通所介護】東京都小平市大沼町5-4-17ラフォーレジュン弐番館　１階", "url": "https://www.kaigokensaku.mhlw.go.jp/13/index.php?action_kouhyou_detail_004_kani=true&JigyosyoCd=1374302873-00&ServiceCd=150&Type=search", "url2": "http://rehabili-youko.com" }, "geometry": { "type": "Point", "coordinates": [ 139.502633800000012, 35.7405962 ] } },
{ "type": "Feature", "properties": { "内容": "憩いの広場　まお里【通所介護】東京都小平市仲町522鈴木ビル　3Ｆ", "url": "https://www.kaigokensaku.mhlw.go.jp/13/index.php?action_kouhyou_detail_004_kani=true&JigyosyoCd=1374302899-00&ServiceCd=150&Type=search", "url2": "http://www.maori-kodaira.com/" }, "geometry": { "type": "Point", "coordinates": [ 139.484922, 35.730499600000016 ] } },
{ "type": "Feature", "properties": { "内容": "かがやきデイサービス花小金井【通所介護】東京都小平市花小金井5-35-4", "url": "https://www.kaigokensaku.mhlw.go.jp/13/index.php?action_kouhyou_detail_004_kani=true&JigyosyoCd=1374303467-00&ServiceCd=150&Type=search", "url2": "http://www.ymmd.co.jp" }, "geometry": { "type": "Point", "coordinates": [ 139.5087524, 35.7311773 ] } },
{ "type": "Feature", "properties": { "内容": "リハプライド小平上水南【通所介護】東京都小平市上水南町２－１５－７－１エバーグレース５４３　１０１号室", "url": "https://www.kaigokensaku.mhlw.go.jp/13/index.php?action_kouhyou_detail_004_kani=true&JigyosyoCd=1374303558-00&ServiceCd=150&Type=search", "url2": "https://rehapride.co.jp/kodairajosuiminami/" }, "geometry": { "type": "Point", "coordinates": [ 139.486941892065431, 35.709649976689015 ] } },
{ "type": "Feature", "properties": { "内容": "かがやきデイサービス小平鈴木【通所介護】東京都小平市鈴木町2-160-2", "url": "https://www.kaigokensaku.mhlw.go.jp/13/index.php?action_kouhyou_detail_004_kani=true&JigyosyoCd=1374303582-00&ServiceCd=150&Type=search", "url2": "http://www.ymmd.co.jp" }, "geometry": { "type": "Point", "coordinates": [ 139.509535, 35.7253594 ] } },
{ "type": "Feature", "properties": { "内容": "一期一笑　みその塾【通所介護】東京都小平市美園町2-10-12", "url": "https://www.kaigokensaku.mhlw.go.jp/13/index.php?action_kouhyou_detail_004_kani=true&JigyosyoCd=1374303756-00&ServiceCd=150&Type=search", "url2": "https://kaigo-ichigoichie.com" }, "geometry": { "type": "Point", "coordinates": [ 139.4905743, 35.7378507 ] } },
{ "type": "Feature", "properties": { "内容": "パナソニックエイジフリーケアセンター花小金井・デイサービス【通所介護】東京都小平市花小金井３丁目１１番２号", "url": "https://www.kaigokensaku.mhlw.go.jp/13/index.php?action_kouhyou_detail_004_kani=true&JigyosyoCd=1374301628-00&ServiceCd=150&Type=search", "url2": "https://sumai.panasonic.jp/agefree/" }, "geometry": { "type": "Point", "coordinates": [ 139.519702, 35.7333309 ] } },
{ "type": "Feature", "properties": { "内容": "カインドケア小平【通所介護】東京都小平市喜平町1‐14‐40", "url": "https://www.kaigokensaku.mhlw.go.jp/13/index.php?action_kouhyou_detail_004_kani=true&JigyosyoCd=1374303624-00&ServiceCd=150&Type=search", "url2": null }, "geometry": { "type": "Point", "coordinates": [ 139.490783599999986, 35.7157485 ] } },
{ "type": "Feature", "properties": { "内容": "高齢者在宅サービスセンターマザアス多摩川苑【通所介護】東京都日野市万願寺一丁目16-1", "url": "https://www.kaigokensaku.mhlw.go.jp/13/index.php?action_kouhyou_detail_004_kani=true&JigyosyoCd=1373500287-00&ServiceCd=150&Type=search", "url2": "http://www.moth.or.jp" }, "geometry": { "type": "Point", "coordinates": [ 139.420151499999946, 35.6757989 ] } },
{ "type": "Feature", "properties": { "内容": "浅川苑サービスセンター【通所介護】東京都日野市高幡864-4", "url": "https://www.kaigokensaku.mhlw.go.jp/13/index.php?action_kouhyou_detail_004_kani=true&JigyosyoCd=1373501681-00&ServiceCd=150&Type=search", "url2": "https://care-net.biz/13/asakawaen/b15.php" }, "geometry": { "type": "Point", "coordinates": [ 139.412236, 35.6646498 ] } },
{ "type": "Feature", "properties": { "内容": "日野ケアセンターそよ風【通所介護】東京都日野市南平4-37-3", "url": "https://www.kaigokensaku.mhlw.go.jp/13/index.php?action_kouhyou_detail_004_kani=true&JigyosyoCd=1373502358-00&ServiceCd=150&Type=search", "url2": "http://www.unimat-soyokaze.co.jp" }, "geometry": { "type": "Point", "coordinates": [ 139.3979766, 35.6585501 ] } },
{ "type": "Feature", "properties": { "内容": "デイサービス花子【通所介護】東京都日野市多摩平3丁目1番11特別養護老人ホーム花子", "url": "https://www.kaigokensaku.mhlw.go.jp/13/index.php?action_kouhyou_detail_004_kani=true&JigyosyoCd=1373502846-00&ServiceCd=150&Type=search", "url2": "https://tokuyohanako.com/" }, "geometry": { "type": "Point", "coordinates": [ 139.3775713, 35.6646982 ] } },
{ "type": "Feature", "properties": { "内容": "スタジオアクオ【通所介護】東京都日野市百草1042-21", "url": "https://www.kaigokensaku.mhlw.go.jp/13/index.php?action_kouhyou_detail_004_kani=true&JigyosyoCd=1373502952-00&ServiceCd=150&Type=search", "url2": "https://mogusa-asunaro.jp" }, "geometry": { "type": "Point", "coordinates": [ 139.424850474868776, 35.646786045793661 ] } },
{ "type": "Feature", "properties": { "内容": "デイサービス　あすなろ【通所介護】東京都日野市百草1042-21", "url": "https://www.kaigokensaku.mhlw.go.jp/13/index.php?action_kouhyou_detail_004_kani=true&JigyosyoCd=1373502960-00&ServiceCd=150&Type=search", "url2": "http://www.asunaro-mogusa.jp/" }, "geometry": { "type": "Point", "coordinates": [ 139.424711, 35.647283 ] } },
{ "type": "Feature", "properties": { "内容": "デイホームにんじん・万願寺【通所介護】東京都日野市万願寺６―２２―６", "url": "https://www.kaigokensaku.mhlw.go.jp/13/index.php?action_kouhyou_detail_004_kani=true&JigyosyoCd=1373500667-00&ServiceCd=150&Type=search", "url2": "http://www.ninjin.or.jp" }, "geometry": { "type": "Point", "coordinates": [ 139.4086307, 35.6664994 ] } },
{ "type": "Feature", "properties": { "内容": "イマレ生活リハビリサポートセンター【通所介護】東京都日野市豊田4-37-12グランシェール豊田102", "url": "https://www.kaigokensaku.mhlw.go.jp/13/index.php?action_kouhyou_detail_004_kani=true&JigyosyoCd=1373502622-00&ServiceCd=150&Type=search", "url2": "https://www.imare.co.jp/" }, "geometry": { "type": "Point", "coordinates": [ 139.38337219999994, 35.6602385 ] } },
{ "type": "Feature", "properties": { "内容": "デイサービスセンター多摩あんしん館【通所介護】東京都日野市多摩平１－１４－９７", "url": "https://www.kaigokensaku.mhlw.go.jp/13/index.php?action_kouhyou_detail_004_kani=true&JigyosyoCd=1373501152-00&ServiceCd=150&Type=search", "url2": "http://www.fujilife.co.jp/ansin/index.asp" }, "geometry": { "type": "Point", "coordinates": [ 139.378318417196624, 35.661083126336443 ] } },
{ "type": "Feature", "properties": { "内容": "友遊ケアセンター【通所介護】東京都日野市西平山2-2-15", "url": "https://www.kaigokensaku.mhlw.go.jp/13/index.php?action_kouhyou_detail_004_kani=true&JigyosyoCd=1373501863-00&ServiceCd=150&Type=search", "url2": null }, "geometry": { "type": "Point", "coordinates": [ 139.3746542, 35.6454069 ] } },
{ "type": "Feature", "properties": { "内容": "デイサービス　いずみの友【通所介護】東京都日野市豊田3-34-3ルネス・グリシーヌ1階", "url": "https://www.kaigokensaku.mhlw.go.jp/13/index.php?action_kouhyou_detail_004_kani=true&JigyosyoCd=1373502044-00&ServiceCd=150&Type=search", "url2": "https://itp.ne.jp/info/133107777100000899/" }, "geometry": { "type": "Point", "coordinates": [ 139.379940300000015, 35.6569605 ] } },
{ "type": "Feature", "properties": { "内容": "デイサービス　いずみの森【通所介護】東京都日野市東豊田２丁目１１番地の３ラポール豊田１階", "url": "https://www.kaigokensaku.mhlw.go.jp/13/index.php?action_kouhyou_detail_004_kani=true&JigyosyoCd=1373501459-00&ServiceCd=150&Type=search", "url2": "https://itp.ne.jp/info/133107777100000899/" }, "geometry": { "type": "Point", "coordinates": [ 139.390701919465641, 35.660636053985861 ] } },
{ "type": "Feature", "properties": { "内容": "福祉カフェ・リハビリサロン【通所介護】東京都日野市日野本町3-13-4", "url": "https://www.kaigokensaku.mhlw.go.jp/13/index.php?action_kouhyou_detail_004_kani=true&JigyosyoCd=1373501939-00&ServiceCd=150&Type=search", "url2": "https://www.fukushi-cafe.com/" }, "geometry": { "type": "Point", "coordinates": [ 139.395924802130168, 35.678454250971072 ] } },
{ "type": "Feature", "properties": { "内容": "レッツ倶楽部　日野【通所介護】東京都日野市東豊田４－１２－６", "url": "https://www.kaigokensaku.mhlw.go.jp/13/index.php?action_kouhyou_detail_004_kani=true&JigyosyoCd=1373503067-00&ServiceCd=150&Type=search", "url2": "http://www.lets-club.jp/shop/hino/" }, "geometry": { "type": "Point", "coordinates": [ 139.391121, 35.6653019 ] } },
{ "type": "Feature", "properties": { "内容": "ツクイ日野営業所【通所介護】東京都日野市万願寺3-13-4", "url": "https://www.kaigokensaku.mhlw.go.jp/13/index.php?action_kouhyou_detail_004_kani=true&JigyosyoCd=1373502606-00&ServiceCd=150&Type=search", "url2": null }, "geometry": { "type": "Point", "coordinates": [ 139.4152182, 35.6720767 ] } },
{ "type": "Feature", "properties": { "内容": "リルセーヌ多摩平の森【通所介護】東京都日野市多摩平3-1-1TomorrowPLAZA１F", "url": "https://www.kaigokensaku.mhlw.go.jp/13/index.php?action_kouhyou_detail_004_kani=true&JigyosyoCd=1373502614-00&ServiceCd=150&Type=search", "url2": "https://rirescene.com/" }, "geometry": { "type": "Point", "coordinates": [ 139.368445800000018, 35.6570389 ] } },
{ "type": "Feature", "properties": { "内容": "ヒューマンライフケア高幡不動の湯【通所介護】東京都日野市大字上田339-1ディアコート１F", "url": "https://www.kaigokensaku.mhlw.go.jp/13/index.php?action_kouhyou_detail_004_kani=true&JigyosyoCd=1373502630-00&ServiceCd=150&Type=search", "url2": "http://kaigo.human-lifecare.jp/facilities/ds021_Takahata/summary.html" }, "geometry": { "type": "Point", "coordinates": [ 139.406444700000094, 35.667113200000024 ] } },
{ "type": "Feature", "properties": { "内容": "ラピオンリハビリセンター【通所介護】東京都日野市南平３－１６－１１ペアヒル高幡1階", "url": "https://www.kaigokensaku.mhlw.go.jp/13/index.php?action_kouhyou_detail_004_kani=true&JigyosyoCd=1373502747-00&ServiceCd=150&Type=search", "url2": "http://lapion-jp.com" }, "geometry": { "type": "Point", "coordinates": [ 139.402895400000034, 35.6609555 ] } },
{ "type": "Feature", "properties": { "内容": "iMAReLife【通所介護】東京都日野市新町1-20-4sincere日野101", "url": "https://www.kaigokensaku.mhlw.go.jp/13/index.php?action_kouhyou_detail_004_kani=true&JigyosyoCd=1373503091-00&ServiceCd=150&Type=search", "url2": "https://www.imare.co.jp/" }, "geometry": { "type": "Point", "coordinates": [ 139.3927766, 35.6803534 ] } },
{ "type": "Feature", "properties": { "内容": "中央リハビリステーションエボルブ東豊田【通所介護】東京都日野市豊田1430-3", "url": "https://www.kaigokensaku.mhlw.go.jp/13/index.php?action_kouhyou_detail_004_kani=true&JigyosyoCd=1373503182-00&ServiceCd=150&Type=search", "url2": "https://evolve.a-line.jpn.com/" }, "geometry": { "type": "Point", "coordinates": [ 139.3939781, 35.6665337 ] } },
{ "type": "Feature", "properties": { "内容": "東村山楠の樹地域福祉事業所ふたば【通所介護】東京都東村山市野口町1−15−5グランドハイツ野口1階", "url": "https://www.kaigokensaku.mhlw.go.jp/13/index.php?action_kouhyou_detail_004_kani=true&JigyosyoCd=1372702470-00&ServiceCd=150&Type=search", "url2": "https://futaba.roukyou.gr.jp/" }, "geometry": { "type": "Point", "coordinates": [ 139.463006299999989, 35.7615839 ] } },
{ "type": "Feature", "properties": { "内容": "手づくり工房　かえで【通所介護】東京都東村山市美住町1-14-1", "url": "https://www.kaigokensaku.mhlw.go.jp/13/index.php?action_kouhyou_detail_004_kani=true&JigyosyoCd=1372702801-00&ServiceCd=150&Type=search", "url2": "https://kaedekobo.wordpress.com/" }, "geometry": { "type": "Point", "coordinates": [ 139.460386200000016, 35.750780700000035 ] } },
{ "type": "Feature", "properties": { "内容": "寿デイ・サービスセンター【通所介護】東京都東村山市富士見町２－１－２", "url": "https://www.kaigokensaku.mhlw.go.jp/13/index.php?action_kouhyou_detail_004_kani=true&JigyosyoCd=1372700243-00&ServiceCd=150&Type=search", "url2": "http://www.t-souseikai.or.jp" }, "geometry": { "type": "Point", "coordinates": [ 139.45401860000004, 35.7445945 ] } },
{ "type": "Feature", "properties": { "内容": "社会福祉法人白十字会　高齢者在宅サービスセンター　白十字八国苑【通所介護】東京都東村山市諏訪町2丁目26番１", "url": "https://www.kaigokensaku.mhlw.go.jp/13/index.php?action_kouhyou_detail_004_kani=true&JigyosyoCd=1372700698-00&ServiceCd=150&Type=search", "url2": "http://www.hakujuji-home.jp/" }, "geometry": { "type": "Point", "coordinates": [ 139.463262239811684, 35.771100054841376 ] } },
{ "type": "Feature", "properties": { "内容": "高齢者在宅サ－ビスセンタ－　はるびの郷【通所介護】東京都東村山市秋津町　１－３２－１８", "url": "https://www.kaigokensaku.mhlw.go.jp/13/index.php?action_kouhyou_detail_004_kani=true&JigyosyoCd=1372700755-00&ServiceCd=150&Type=search", "url2": "http://harubi.or.jp/" }, "geometry": { "type": "Point", "coordinates": [ 139.497280499999988, 35.7734566 ] } },
{ "type": "Feature", "properties": { "内容": "デイサービスセンター　さくらコート青葉町【通所介護】東京都東村山市青葉町一丁目7-70さくらコート青葉町", "url": "https://www.kaigokensaku.mhlw.go.jp/13/index.php?action_kouhyou_detail_004_kani=true&JigyosyoCd=1372701639-00&ServiceCd=150&Type=search", "url2": "http://www.misasakai.or.jp/sakuracourt" }, "geometry": { "type": "Point", "coordinates": [ 139.492850500000031, 35.7579189 ] } },
{ "type": "Feature", "properties": { "内容": "デイサービス敬愛の森【通所介護】東京都東村山市富士見町1-14-3", "url": "https://www.kaigokensaku.mhlw.go.jp/13/index.php?action_kouhyou_detail_004_kani=true&JigyosyoCd=1372702058-00&ServiceCd=150&Type=search", "url2": "http://www.keiaikai.org/mori/" }, "geometry": { "type": "Point", "coordinates": [ 139.457444500000094, 35.7440323 ] } },
{ "type": "Feature", "properties": { "内容": "パナソニックエイジフリーケアセンター東村山・デイサービス【通所介護】東京都東村山市野口町3-11-1", "url": "https://www.kaigokensaku.mhlw.go.jp/13/index.php?action_kouhyou_detail_004_kani=true&JigyosyoCd=1372702280-00&ServiceCd=150&Type=search", "url2": "https://sumai.panasonic.jp/agefree/" }, "geometry": { "type": "Point", "coordinates": [ 139.454523600000016, 35.7617429 ] } },
{ "type": "Feature", "properties": { "内容": "青葉の杜デイサービスセンター【通所介護】東京都東村山市青葉町2-26-1", "url": "https://www.kaigokensaku.mhlw.go.jp/13/index.php?action_kouhyou_detail_004_kani=true&JigyosyoCd=1372700516-00&ServiceCd=150&Type=search", "url2": "http://www.nanokakai.jp" }, "geometry": { "type": "Point", "coordinates": [ 139.490800900000067, 35.7626633 ] } },
{ "type": "Feature", "properties": { "内容": "デイサービスセンタ　テルウェル東村山【通所介護】東京都東村山市富士見町１－１３－２１ウエリスオリーブ東村山富士見町", "url": "https://www.kaigokensaku.mhlw.go.jp/13/index.php?action_kouhyou_detail_004_kani=true&JigyosyoCd=1372702363-00&ServiceCd=150&Type=search", "url2": "http://www.telwel-kaigo.com/" }, "geometry": { "type": "Point", "coordinates": [ 139.455520673023102, 35.742212790277037 ] } },
{ "type": "Feature", "properties": { "内容": "デイサロンあやとり【通所介護】東京都東村山市栄町3-5-5", "url": "https://www.kaigokensaku.mhlw.go.jp/13/index.php?action_kouhyou_detail_004_kani=true&JigyosyoCd=1374301131-00&ServiceCd=150&Type=search", "url2": "http://kaigonopuro.jimdo.com/" }, "geometry": { "type": "Point", "coordinates": [ 139.467102924199395, 35.749260110016955 ] } },
{ "type": "Feature", "properties": { "内容": "ほんちょうケアセンター【通所介護】東京都東村山市本町3-43-1", "url": "https://www.kaigokensaku.mhlw.go.jp/13/index.php?action_kouhyou_detail_004_kani=true&JigyosyoCd=1372701522-00&ServiceCd=150&Type=search", "url2": "http://murayamaen.or.jp/" }, "geometry": { "type": "Point", "coordinates": [ 139.470444600000064, 35.7556106 ] } },
{ "type": "Feature", "properties": { "内容": "リハデイ一期一笑　小平【通所介護】東京都東村山市萩山町1-8-12クロウバーハイツ1F", "url": "https://www.kaigokensaku.mhlw.go.jp/13/index.php?action_kouhyou_detail_004_kani=true&JigyosyoCd=1372702348-00&ServiceCd=150&Type=search", "url2": "https://kaigo-ichigoichie.com/" }, "geometry": { "type": "Point", "coordinates": [ 139.482542307382744, 35.739361707201304 ] } },
{ "type": "Feature", "properties": { "内容": "ウィズケアリハビリセンター【通所介護】東京都東村山市久米川町3-1-1ウィズケアリハビリセンター", "url": "https://www.kaigokensaku.mhlw.go.jp/13/index.php?action_kouhyou_detail_004_kani=true&JigyosyoCd=1372702769-00&ServiceCd=150&Type=search", "url2": "https://jwc-rehabilitation.org/" }, "geometry": { "type": "Point", "coordinates": [ 139.473569311962564, 35.759749994899352 ] } },
{ "type": "Feature", "properties": { "内容": "株式会社　優　（デイサービス　優）【通所介護】東京都東村山市萩山町５丁目２番地２４", "url": "https://www.kaigokensaku.mhlw.go.jp/13/index.php?action_kouhyou_detail_004_kani=true&JigyosyoCd=1372702702-00&ServiceCd=150&Type=search", "url2": null }, "geometry": { "type": "Point", "coordinates": [ 139.477073100000013, 35.7485671 ] } },
{ "type": "Feature", "properties": { "内容": "レッツ倶楽部東村山【通所介護】東京都東村山市秋津町2-3-1", "url": "https://www.kaigokensaku.mhlw.go.jp/13/index.php?action_kouhyou_detail_004_kani=true&JigyosyoCd=1372702744-00&ServiceCd=150&Type=search", "url2": "https://www.lets-club.jp/shop/higashimurayama/" }, "geometry": { "type": "Point", "coordinates": [ 139.4898296, 35.7739947 ] } },
{ "type": "Feature", "properties": { "内容": "デイサービス「いでしたの未来」【通所介護】東京都東村山市秋津町2丁目22番地1号ライオンズマンション秋津１階Ａ号室", "url": "https://www.kaigokensaku.mhlw.go.jp/13/index.php?action_kouhyou_detail_004_kani=true&JigyosyoCd=1372702157-00&ServiceCd=150&Type=search", "url2": "http://ideshita-care.jp" }, "geometry": { "type": "Point", "coordinates": [ 139.4869281, 35.7691376 ] } },
{ "type": "Feature", "properties": { "内容": "リハデイ一期一笑　東村山【通所介護】東京都東村山市青葉町1-23-4", "url": "https://www.kaigokensaku.mhlw.go.jp/13/index.php?action_kouhyou_detail_004_kani=true&JigyosyoCd=1372702173-00&ServiceCd=150&Type=search", "url2": "https://kaigo-ichigoichie.com/" }, "geometry": { "type": "Point", "coordinates": [ 139.499080700000036, 35.7614802 ] } },
{ "type": "Feature", "properties": { "内容": "デイサービス夢楽東村山【通所介護】東京都東村山市萩山町2-10-1ハーヴェスト萩山1F", "url": "https://www.kaigokensaku.mhlw.go.jp/13/index.php?action_kouhyou_detail_004_kani=true&JigyosyoCd=1372702629-00&ServiceCd=150&Type=search", "url2": "https://yumeraku.net/higashimurayama/" }, "geometry": { "type": "Point", "coordinates": [ 139.4783835, 35.7430487 ] } },
{ "type": "Feature", "properties": { "内容": "ブルーミングケア秋津町【通所介護】東京都東村山市秋津町5-18-6", "url": "https://www.kaigokensaku.mhlw.go.jp/13/index.php?action_kouhyou_detail_004_kani=true&JigyosyoCd=1372702694-00&ServiceCd=150&Type=search", "url2": "https://care-peaks.com/" }, "geometry": { "type": "Point", "coordinates": [ 139.491768128836071, 35.775542435621894 ] } },
{ "type": "Feature", "properties": { "内容": "デイサービスアルゴ弐番館・四番館【通所介護】東京都東村山市恩多町1-57-3", "url": "https://www.kaigokensaku.mhlw.go.jp/13/index.php?action_kouhyou_detail_004_kani=true&JigyosyoCd=1372702710-00&ServiceCd=150&Type=search", "url2": null }, "geometry": { "type": "Point", "coordinates": [ 139.4894296, 35.7515544 ] } },
{ "type": "Feature", "properties": { "内容": "メディカルサロン彩リ2号店【通所介護】東京都東大和市南街４－８－１石井ビル１階", "url": "https://www.kaigokensaku.mhlw.go.jp/13/index.php?action_kouhyou_detail_004_kani=true&JigyosyoCd=1374601316-00&ServiceCd=150&Type=search", "url2": "http://www.medicalsalonirodori.com/" }, "geometry": { "type": "Point", "coordinates": [ 139.4300801, 35.7394695 ] } },
{ "type": "Feature", "properties": { "内容": "ケアパートナー東村山【通所介護】東京都東村山市廻田町1-11-1", "url": "https://www.kaigokensaku.mhlw.go.jp/13/index.php?action_kouhyou_detail_004_kani=true&JigyosyoCd=1372701688-00&ServiceCd=150&Type=search", "url2": "http://www.care-partner.com/" }, "geometry": { "type": "Point", "coordinates": [ 139.454932099999951, 35.7559296 ] } },
{ "type": "Feature", "properties": { "内容": "ビーナスプラス東村山【通所介護】東京都東村山市萩山町3-15-1東村山ホワイトビル1階", "url": "https://www.kaigokensaku.mhlw.go.jp/13/index.php?action_kouhyou_detail_004_kani=true&JigyosyoCd=1372702637-00&ServiceCd=150&Type=search", "url2": "https://www.venus-comrade.co.jp" }, "geometry": { "type": "Point", "coordinates": [ 139.472611323875327, 35.745929278454661 ] } },
{ "type": "Feature", "properties": { "内容": "高齢者在宅サービスセンターにしき苑【通所介護】東京都国分寺市東恋ケ窪2-22-38", "url": "https://www.kaigokensaku.mhlw.go.jp/13/index.php?action_kouhyou_detail_004_kani=true&JigyosyoCd=1373100153-00&ServiceCd=150&Type=search", "url2": "http://www.nishiki-en.com" }, "geometry": { "type": "Point", "coordinates": [ 139.471454599999987, 35.709885 ] } },
{ "type": "Feature", "properties": { "内容": "デイホームにんじん・西恋ヶ窪【通所介護】東京都国分寺市西恋ヶ窪1-50-1", "url": "https://www.kaigokensaku.mhlw.go.jp/13/index.php?action_kouhyou_detail_004_kani=true&JigyosyoCd=1373100757-00&ServiceCd=150&Type=search", "url2": "http://www.ninjin.or.jp" }, "geometry": { "type": "Point", "coordinates": [ 139.4678328, 35.7057743 ] } },
{ "type": "Feature", "properties": { "内容": "老人デイサービスセンター　日吉の里【通所介護】東京都国分寺市日吉町4-32-6", "url": "https://www.kaigokensaku.mhlw.go.jp/13/index.php?action_kouhyou_detail_004_kani=true&JigyosyoCd=1373100468-00&ServiceCd=150&Type=search", "url2": "http://www.kokorokai.jp" }, "geometry": { "type": "Point", "coordinates": [ 139.458844399999947, 35.706735 ] } },
{ "type": "Feature", "properties": { "内容": "社会福祉法人にんじんの会　　リハセンターにんじん・健康の駅【通所介護】東京都国分寺市西元町2-16-34ザ・ライオンズ武蔵国分寺公園　124号", "url": "https://www.kaigokensaku.mhlw.go.jp/13/index.php?action_kouhyou_detail_004_kani=true&JigyosyoCd=1373101532-00&ServiceCd=150&Type=search", "url2": "http://www.ninjin.or.jp" }, "geometry": { "type": "Point", "coordinates": [ 139.468524900000034, 35.6951895 ] } },
{ "type": "Feature", "properties": { "内容": "リハデイボナール国分寺【通所介護】東京都国分寺市北町1-1-3エスポワール北町１Ｆ", "url": "https://www.kaigokensaku.mhlw.go.jp/13/index.php?action_kouhyou_detail_004_kani=true&JigyosyoCd=1373101250-00&ServiceCd=150&Type=search", "url2": "http://www.finecare.co.jp" }, "geometry": { "type": "Point", "coordinates": [ 139.461019297314465, 35.717249712662259 ] } },
{ "type": "Feature", "properties": { "内容": "ニチイケアセンターはあときたまち【通所介護】東京都国分寺市北町4-5-4", "url": "https://www.kaigokensaku.mhlw.go.jp/13/index.php?action_kouhyou_detail_004_kani=true&JigyosyoCd=1373100377-00&ServiceCd=150&Type=search", "url2": "http://www.nichiigakkan.co.jp" }, "geometry": { "type": "Point", "coordinates": [ 139.450866799999972, 35.7216859 ] } },
{ "type": "Feature", "properties": { "内容": "デイサービス　ソラスト国分寺【通所介護】東京都国分寺市南町二丁目14番3号ユニエトワール国分寺2号室", "url": "https://www.kaigokensaku.mhlw.go.jp/13/index.php?action_kouhyou_detail_004_kani=true&JigyosyoCd=1373100575-00&ServiceCd=150&Type=search", "url2": null }, "geometry": { "type": "Point", "coordinates": [ 139.481326800000033, 35.6969452 ] } },
{ "type": "Feature", "properties": { "内容": "至誠ケアセンターもとまち【通所介護】東京都国分寺市東元町2-5-17さわやかプラザ2階", "url": "https://www.kaigokensaku.mhlw.go.jp/13/index.php?action_kouhyou_detail_004_kani=true&JigyosyoCd=1373100930-00&ServiceCd=150&Type=search", "url2": "http://www.shisei.or.jp" }, "geometry": { "type": "Point", "coordinates": [ 139.480952, 35.691693 ] } },
{ "type": "Feature", "properties": { "内容": "ツクイ恋ヶ窪【通所介護】東京都国分寺市西恋ヶ窪3-6-10", "url": "https://www.kaigokensaku.mhlw.go.jp/13/index.php?action_kouhyou_detail_004_kani=true&JigyosyoCd=1373100831-00&ServiceCd=150&Type=search", "url2": "http://www.tsukui.net/home-care/2278/" }, "geometry": { "type": "Point", "coordinates": [ 139.46330260000002, 35.7025329 ] } },
{ "type": "Feature", "properties": { "内容": "かがやきデイサービス国立【通所介護】東京都国分寺市戸倉2-30-15", "url": "https://www.kaigokensaku.mhlw.go.jp/13/index.php?action_kouhyou_detail_004_kani=true&JigyosyoCd=1373101649-00&ServiceCd=150&Type=search", "url2": "http://www.ymmdnr.jp/map/kunitachi.html" }, "geometry": { "type": "Point", "coordinates": [ 139.452822832202202, 35.705134001330073 ] } },
{ "type": "Feature", "properties": { "内容": "アースサポート国分寺【通所介護】東京都国分寺市内藤2丁目29番3", "url": "https://www.kaigokensaku.mhlw.go.jp/13/index.php?action_kouhyou_detail_004_kani=true&JigyosyoCd=1373101656-00&ServiceCd=150&Type=search", "url2": "https://www.earthsupport.co.jp/" }, "geometry": { "type": "Point", "coordinates": [ 139.454768244180258, 35.698081628013995 ] } },
{ "type": "Feature", "properties": { "内容": "くにたち苑デイケアセンター【通所介護】東京都国立市泉３－１－６", "url": "https://www.kaigokensaku.mhlw.go.jp/13/index.php?action_kouhyou_detail_004_kani=true&JigyosyoCd=1373400066-00&ServiceCd=150&Type=search", "url2": "http://www.kuni-en.com" }, "geometry": { "type": "Point", "coordinates": [ 139.425903699999907, 35.6804097 ] } },
{ "type": "Feature", "properties": { "内容": "レッツ俱楽部国立【通所介護】東京都国立市富士見台4-37-1", "url": "https://www.kaigokensaku.mhlw.go.jp/13/index.php?action_kouhyou_detail_004_kani=true&JigyosyoCd=1373401478-00&ServiceCd=150&Type=search", "url2": "https://www.lets-club.jp/shop/kunitachi/" }, "geometry": { "type": "Point", "coordinates": [ 139.4330808, 35.6889405 ] } },
{ "type": "Feature", "properties": { "内容": "くにたち北高齢者在宅サービスセンター【通所介護】東京都国立市北３－２－１５号棟　１階", "url": "https://www.kaigokensaku.mhlw.go.jp/13/index.php?action_kouhyou_detail_004_kani=true&JigyosyoCd=1373400074-00&ServiceCd=150&Type=search", "url2": "http://www.kuni-en.com" }, "geometry": { "type": "Point", "coordinates": [ 139.433033, 35.7007467 ] } },
{ "type": "Feature", "properties": { "内容": "国立あおやぎ苑谷保デイサービスセンター【通所介護】東京都国立市富士見台2-30-4メゾンプチフォーレ1階", "url": "https://www.kaigokensaku.mhlw.go.jp/13/index.php?action_kouhyou_detail_004_kani=true&JigyosyoCd=1373400629-00&ServiceCd=150&Type=search", "url2": "http://www.aoyagien.or.jp" }, "geometry": { "type": "Point", "coordinates": [ 139.443188400000054, 35.6847429 ] } },
{ "type": "Feature", "properties": { "内容": "デイサービスみのわの里【通所介護】東京都国立市青柳3-25-4", "url": "https://www.kaigokensaku.mhlw.go.jp/13/index.php?action_kouhyou_detail_004_kani=true&JigyosyoCd=1373401064-00&ServiceCd=150&Type=search", "url2": "http://www.zaitaku-hachioji.jp/" }, "geometry": { "type": "Point", "coordinates": [ 139.420327079067988, 35.682621561644964 ] } },
{ "type": "Feature", "properties": { "内容": "ジェクサー・プラチナジム　コトニア国立【通所介護】東京都国立市北3－42－1", "url": "https://www.kaigokensaku.mhlw.go.jp/13/index.php?action_kouhyou_detail_004_kani=true&JigyosyoCd=1373401221-00&ServiceCd=150&Type=search", "url2": "https://www.jexer.jp/platinagym/" }, "geometry": { "type": "Point", "coordinates": [ 139.431958099999946, 35.6987802 ] } },
{ "type": "Feature", "properties": { "内容": "高齢者在宅サービスセンター武蔵野【通所介護】東京都福生市福生２３００番４", "url": "https://www.kaigokensaku.mhlw.go.jp/13/index.php?action_kouhyou_detail_004_kani=true&JigyosyoCd=1374400230-00&ServiceCd=150&Type=search", "url2": "http://www.mokuseikai.or.jp" }, "geometry": { "type": "Point", "coordinates": [ 139.337800900000047, 35.740545 ] } },
{ "type": "Feature", "properties": { "内容": "高齢者在宅サービスセンター加美【通所介護】東京都福生市福生3244-10", "url": "https://www.kaigokensaku.mhlw.go.jp/13/index.php?action_kouhyou_detail_004_kani=true&JigyosyoCd=1374400149-00&ServiceCd=150&Type=search", "url2": "http://www.fukuyokai.or.jp/" }, "geometry": { "type": "Point", "coordinates": [ 139.318052099999932, 35.7456938 ] } },
{ "type": "Feature", "properties": { "内容": "ブルーミングケア福生熊川【通所介護】東京都福生市熊川192-1", "url": "https://www.kaigokensaku.mhlw.go.jp/13/index.php?action_kouhyou_detail_004_kani=true&JigyosyoCd=1374401022-00&ServiceCd=150&Type=search", "url2": null }, "geometry": { "type": "Point", "coordinates": [ 139.334838260713184, 35.71754657146279 ] } },
{ "type": "Feature", "properties": { "内容": "ふそうケアセンター【通所介護】東京都福生市福生二宮２４６１番地", "url": "https://www.kaigokensaku.mhlw.go.jp/13/index.php?action_kouhyou_detail_004_kani=true&JigyosyoCd=1374400537-00&ServiceCd=150&Type=search", "url2": "http://ふそうの介護.net/" }, "geometry": { "type": "Point", "coordinates": [ 139.339756500000021, 35.7358678 ] } },
{ "type": "Feature", "properties": { "内容": "デイサービスあさがお【通所介護】東京都福生市南田園1-6-14", "url": "https://www.kaigokensaku.mhlw.go.jp/13/index.php?action_kouhyou_detail_004_kani=true&JigyosyoCd=1374400636-00&ServiceCd=150&Type=search", "url2": "http://www.wish-alive.com" }, "geometry": { "type": "Point", "coordinates": [ 139.331089128388982, 35.72189661889837 ] } },
{ "type": "Feature", "properties": { "内容": "ツクイ福生【通所介護】東京都福生市南田園2-8-2", "url": "https://www.kaigokensaku.mhlw.go.jp/13/index.php?action_kouhyou_detail_004_kani=true&JigyosyoCd=1374400545-00&ServiceCd=150&Type=search", "url2": "http://www.tsukui.net" }, "geometry": { "type": "Point", "coordinates": [ 139.33148529999994, 35.7254855 ] } },
{ "type": "Feature", "properties": { "内容": "福生市高齢者在宅サービスセンター田園【通所介護】東京都福生市南田園2丁目13番地１", "url": "https://www.kaigokensaku.mhlw.go.jp/13/index.php?action_kouhyou_detail_004_kani=true&JigyosyoCd=1374400206-00&ServiceCd=150&Type=search", "url2": "http://www.fussashakyo.or.jp" }, "geometry": { "type": "Point", "coordinates": [ 139.3322713, 35.7274853 ] } },
{ "type": "Feature", "properties": { "内容": "アシストデイサービス輝【通所介護】東京都福生市熊川642-3", "url": "https://www.kaigokensaku.mhlw.go.jp/13/index.php?action_kouhyou_detail_004_kani=true&JigyosyoCd=1374400867-00&ServiceCd=150&Type=search", "url2": "https://assist-24.jimdosite.com/" }, "geometry": { "type": "Point", "coordinates": [ 139.3481842, 35.7224669 ] } },
{ "type": "Feature", "properties": { "内容": "こまえ苑【通所介護】東京都狛江市岩戸南四丁目17番17号", "url": "https://www.kaigokensaku.mhlw.go.jp/13/index.php?action_kouhyou_detail_004_kani=true&JigyosyoCd=1374500021-00&ServiceCd=150&Type=search", "url2": "https://www.komaeen.or.jp" }, "geometry": { "type": "Point", "coordinates": [ 139.592729, 35.6258799 ] } },
{ "type": "Feature", "properties": { "内容": "デイサービスセンターこまえ正吉苑【通所介護】東京都狛江市西野川2-27-23", "url": "https://www.kaigokensaku.mhlw.go.jp/13/index.php?action_kouhyou_detail_004_kani=true&JigyosyoCd=1374500211-00&ServiceCd=150&Type=search", "url2": "http://www.shoukichi.org" }, "geometry": { "type": "Point", "coordinates": [ 139.574040599999989, 35.645471 ] } },
{ "type": "Feature", "properties": { "内容": "医療法人社団　心身会　デイサービスセンターわらく【通所介護】東京都狛江市西野川4-6-9", "url": "https://www.kaigokensaku.mhlw.go.jp/13/index.php?action_kouhyou_detail_004_kani=true&JigyosyoCd=1374500294-00&ServiceCd=150&Type=search", "url2": "http://www.shinshinkai.com" }, "geometry": { "type": "Point", "coordinates": [ 139.5691994, 35.6466014 ] } },
{ "type": "Feature", "properties": { "内容": "ニチイケアセンター狛江元和泉【通所介護】東京都狛江市元和泉1-23-4", "url": "https://www.kaigokensaku.mhlw.go.jp/13/index.php?action_kouhyou_detail_004_kani=true&JigyosyoCd=1374501136-00&ServiceCd=150&Type=search", "url2": "http://www.nichiigakkan.co.jp" }, "geometry": { "type": "Point", "coordinates": [ 139.575229499999978, 35.6297821 ] } },
{ "type": "Feature", "properties": { "内容": "デイプラス狛江のいずみ【通所介護】東京都狛江市中和泉１－９－５", "url": "https://www.kaigokensaku.mhlw.go.jp/13/index.php?action_kouhyou_detail_004_kani=true&JigyosyoCd=1374500856-00&ServiceCd=150&Type=search", "url2": null }, "geometry": { "type": "Point", "coordinates": [ 139.575513399999977, 35.6357752 ] } },
{ "type": "Feature", "properties": { "内容": "アズハイム狛江中和泉デイサービスセンター【通所介護】東京都狛江市中和泉5-17-19", "url": "https://www.kaigokensaku.mhlw.go.jp/13/index.php?action_kouhyou_detail_004_kani=true&JigyosyoCd=1374501276-00&ServiceCd=150&Type=search", "url2": "http://www.as-heim.com" }, "geometry": { "type": "Point", "coordinates": [ 139.567183300000011, 35.6426547 ] } },
{ "type": "Feature", "properties": { "内容": "ツクイ狛江【通所介護】東京都狛江市東和泉1-35-13", "url": "https://www.kaigokensaku.mhlw.go.jp/13/index.php?action_kouhyou_detail_004_kani=true&JigyosyoCd=1374500765-00&ServiceCd=150&Type=search", "url2": "https://www.tsukui.net/home-care/2492/" }, "geometry": { "type": "Point", "coordinates": [ 139.5756807, 35.6290981 ] } },
{ "type": "Feature", "properties": { "内容": "デイサービスセンターなごやか狛江【通所介護】東京都狛江市中和泉５－４１－１２狛江大沢店舗", "url": "https://www.kaigokensaku.mhlw.go.jp/13/index.php?action_kouhyou_detail_004_kani=true&JigyosyoCd=1374501086-00&ServiceCd=150&Type=search", "url2": "https://www.nagoyaka-link.co.jp/club/komae/" }, "geometry": { "type": "Point", "coordinates": [ 139.564639100000022, 35.642327 ] } },
{ "type": "Feature", "properties": { "内容": "ビーナスプラス狛江【通所介護】東京都狛江市東野川２丁目２０番１７号タウンコート１階", "url": "https://www.kaigokensaku.mhlw.go.jp/13/index.php?action_kouhyou_detail_004_kani=true&JigyosyoCd=1374501383-00&ServiceCd=150&Type=search", "url2": "https://www.venus-comrade.co.jp/" }, "geometry": { "type": "Point", "coordinates": [ 139.5785251, 35.6463531 ] } },
{ "type": "Feature", "properties": { "内容": "ウォークリハ一期一笑　東大和【通所介護】東京都東大和市上北台3-344-32細渕ビル1F", "url": "https://www.kaigokensaku.mhlw.go.jp/13/index.php?action_kouhyou_detail_004_kani=true&JigyosyoCd=1374601399-00&ServiceCd=150&Type=search", "url2": "https://kaigo-ichigoichie.com/" }, "geometry": { "type": "Point", "coordinates": [ 139.41255705648345, 35.739792611857126 ] } },
{ "type": "Feature", "properties": { "内容": "在宅サービスセンター向台【通所介護】東京都東大和市芋窪3-1611-1", "url": "https://www.kaigokensaku.mhlw.go.jp/13/index.php?action_kouhyou_detail_004_kani=true&JigyosyoCd=1374600169-00&ServiceCd=150&Type=search", "url2": "http://care-net.biz/13/mukoukai/" }, "geometry": { "type": "Point", "coordinates": [ 139.414058100000034, 35.752693 ] } },
{ "type": "Feature", "properties": { "内容": "サービスセンターさくら苑【通所介護】東京都東大和市桜が丘２丁目１２２番地４", "url": "https://www.kaigokensaku.mhlw.go.jp/13/index.php?action_kouhyou_detail_004_kani=true&JigyosyoCd=1374600128-00&ServiceCd=150&Type=search", "url2": "http://www.tamayamatoen.net" }, "geometry": { "type": "Point", "coordinates": [ 139.425649300000032, 35.7336095 ] } },
{ "type": "Feature", "properties": { "内容": "デイサービスセンター風の樹【通所介護】東京都東大和市蔵敷3丁目873番地1", "url": "https://www.kaigokensaku.mhlw.go.jp/13/index.php?action_kouhyou_detail_004_kani=true&JigyosyoCd=1374600532-00&ServiceCd=150&Type=search", "url2": "https://www.issekikai.jp" }, "geometry": { "type": "Point", "coordinates": [ 139.4195578, 35.7469078 ] } },
{ "type": "Feature", "properties": { "内容": "いでしたリハビリステーション上北台【通所介護】東京都東大和市上北台1-2-6", "url": "https://www.kaigokensaku.mhlw.go.jp/13/index.php?action_kouhyou_detail_004_kani=true&JigyosyoCd=1374600847-00&ServiceCd=150&Type=search", "url2": "http://www.ideshita-care.jp/" }, "geometry": { "type": "Point", "coordinates": [ 139.415080399999965, 35.7464133 ] } },
{ "type": "Feature", "properties": { "内容": "ツクイ東大和【通所介護】東京都東大和市清原4-6-4サクラハイツ１階", "url": "https://www.kaigokensaku.mhlw.go.jp/13/index.php?action_kouhyou_detail_004_kani=true&JigyosyoCd=1374600375-00&ServiceCd=150&Type=search", "url2": "http://www.tsukui.net/search/detail.php?officeid=137" }, "geometry": { "type": "Point", "coordinates": [ 139.444977900000026, 35.740917 ] } },
{ "type": "Feature", "properties": { "内容": "東大和市高齢者在宅サービスセンターむこうはら【通所介護】東京都東大和市向原３丁目１０番地１３号棟　１階", "url": "https://www.kaigokensaku.mhlw.go.jp/13/index.php?action_kouhyou_detail_004_kani=true&JigyosyoCd=1374600649-00&ServiceCd=150&Type=search", "url2": "https://care-net.biz/13/mukoukai/" }, "geometry": { "type": "Point", "coordinates": [ 139.436020399999961, 35.7402032 ] } },
{ "type": "Feature", "properties": { "内容": "東大和市高齢者在宅サービスセンターきよはら【通所介護】東京都東大和市清原1丁目1番地34号棟1階", "url": "https://www.kaigokensaku.mhlw.go.jp/13/index.php?action_kouhyou_detail_004_kani=true&JigyosyoCd=1374600656-00&ServiceCd=150&Type=search", "url2": "http://www.tamayamatoen.net" }, "geometry": { "type": "Point", "coordinates": [ 139.448507, 35.7440883 ] } },
{ "type": "Feature", "properties": { "内容": "たてのリハビリデイサービス【通所介護】東京都東大和市立野1-22-22", "url": "https://www.kaigokensaku.mhlw.go.jp/13/index.php?action_kouhyou_detail_004_kani=true&JigyosyoCd=1374600730-00&ServiceCd=150&Type=search", "url2": "http://aisupport.info/" }, "geometry": { "type": "Point", "coordinates": [ 139.4210773, 35.7436306 ] } },
{ "type": "Feature", "properties": { "内容": "ニチケアセンター新堀【通所介護】東京都東大和市新堀3-12-1", "url": "https://www.kaigokensaku.mhlw.go.jp/13/index.php?action_kouhyou_detail_004_kani=true&JigyosyoCd=1374600789-00&ServiceCd=150&Type=search", "url2": null }, "geometry": { "type": "Point", "coordinates": [ 139.446686199999931, 35.7362619 ] } },
{ "type": "Feature", "properties": { "内容": "ツクイ東大和桜が丘【通所介護】東京都東大和市桜が丘4-287-1", "url": "https://www.kaigokensaku.mhlw.go.jp/13/index.php?action_kouhyou_detail_004_kani=true&JigyosyoCd=1374601142-00&ServiceCd=150&Type=search", "url2": "http://www.tsukui.net" }, "geometry": { "type": "Point", "coordinates": [ 139.415249829492723, 35.737296713710201 ] } },
{ "type": "Feature", "properties": { "内容": "デイサービス「いでしたのやすらぎ」【通所介護】東京都東大和市上北台3-469-1", "url": "https://www.kaigokensaku.mhlw.go.jp/13/index.php?action_kouhyou_detail_004_kani=true&JigyosyoCd=1374601241-00&ServiceCd=150&Type=search", "url2": "http://ideshita-care.jp/" }, "geometry": { "type": "Point", "coordinates": [ 139.416224100000022, 35.7393105 ] } },
{ "type": "Feature", "properties": { "内容": "デイホームゆりの木東大和【通所介護】東京都東大和市奈良橋6-761-1", "url": "https://www.kaigokensaku.mhlw.go.jp/13/index.php?action_kouhyou_detail_004_kani=true&JigyosyoCd=1374601258-00&ServiceCd=150&Type=search", "url2": "http://www.elderly.jp/yurinoki/home/higashiyamato/" }, "geometry": { "type": "Point", "coordinates": [ 139.425066, 35.7502469 ] } },
{ "type": "Feature", "properties": { "内容": "ビーナスプラス東大和【通所介護】東京都東大和市南街5-68-1セント東大和1階", "url": "https://www.kaigokensaku.mhlw.go.jp/13/index.php?action_kouhyou_detail_004_kani=true&JigyosyoCd=1374601282-00&ServiceCd=150&Type=search", "url2": "https://www.venus-comrade.co.jp" }, "geometry": { "type": "Point", "coordinates": [ 139.4337146, 35.735814 ] } },
{ "type": "Feature", "properties": { "内容": "サービスセンターやまと苑【通所介護】東京都東大和市狭山２－１２６４－５やまと苑", "url": "https://www.kaigokensaku.mhlw.go.jp/13/index.php?action_kouhyou_detail_004_kani=true&JigyosyoCd=1374600110-00&ServiceCd=150&Type=search", "url2": "http://www.tamayamatoen.net/" }, "geometry": { "type": "Point", "coordinates": [ 139.439508400000022, 35.7570347 ] } },
{ "type": "Feature", "properties": { "内容": "デイサービスセンターエクラシア東大和【通所介護】東京都東大和市芋窪6-1307-1エクラシア東大和", "url": "https://www.kaigokensaku.mhlw.go.jp/13/index.php?action_kouhyou_detail_004_kani=true&JigyosyoCd=1374601274-00&ServiceCd=150&Type=search", "url2": null }, "geometry": { "type": "Point", "coordinates": [ 139.410388899999987, 35.7503374 ] } },
{ "type": "Feature", "properties": { "内容": "あずみ苑東大和【通所介護】東京都東大和市狭山4-1483-3", "url": "https://www.kaigokensaku.mhlw.go.jp/13/index.php?action_kouhyou_detail_004_kani=true&JigyosyoCd=1374601126-00&ServiceCd=150&Type=search", "url2": "https://www.azumien.jp/search/higashiyamato/" }, "geometry": { "type": "Point", "coordinates": [ 139.438027690737954, 35.750787396489855 ] } },
{ "type": "Feature", "properties": { "内容": "信愛デイサービスセンター【通所介護】東京都清瀬市梅園2-3-15", "url": "https://www.kaigokensaku.mhlw.go.jp/13/index.php?action_kouhyou_detail_004_kani=true&JigyosyoCd=1374700357-00&ServiceCd=150&Type=search", "url2": "http://shin-ai.or.jp/sono/" }, "geometry": { "type": "Point", "coordinates": [ 139.503521699999965, 35.7727511 ] } },
{ "type": "Feature", "properties": { "内容": "高齢者在宅サービスセンター清雅【通所介護】東京都清瀬市中里5-91-2", "url": "https://www.kaigokensaku.mhlw.go.jp/13/index.php?action_kouhyou_detail_004_kani=true&JigyosyoCd=1374700233-00&ServiceCd=150&Type=search", "url2": "http://www.seirouin.or.jp/seiga" }, "geometry": { "type": "Point", "coordinates": [ 139.531891, 35.7893634 ] } },
{ "type": "Feature", "properties": { "内容": "パナソニックエイジフリーケアセンター清瀬上清戸・デイサービス【通所介護】東京都清瀬市上清戸2-5-8", "url": "https://www.kaigokensaku.mhlw.go.jp/13/index.php?action_kouhyou_detail_004_kani=true&JigyosyoCd=1374701041-00&ServiceCd=150&Type=search", "url2": "https://panasonic.co.jp/ls/paf/" }, "geometry": { "type": "Point", "coordinates": [ 139.520414341591049, 35.778570814391834 ] } },
{ "type": "Feature", "properties": { "内容": "デイサービスファインケアきよせ【通所介護】東京都清瀬市野塩3-1-1あいやビル１Ｆ", "url": "https://www.kaigokensaku.mhlw.go.jp/13/index.php?action_kouhyou_detail_004_kani=true&JigyosyoCd=1374701280-00&ServiceCd=150&Type=search", "url2": "https://www.finecare.co.jp/" }, "geometry": { "type": "Point", "coordinates": [ 139.509243199999986, 35.7792975 ] } },
{ "type": "Feature", "properties": { "内容": "中島医院　デイサービス愛といやしの家【通所介護】東京都清瀬市下清戸２－５８４－１６", "url": "https://www.kaigokensaku.mhlw.go.jp/13/index.php?action_kouhyou_detail_004_kani=true&JigyosyoCd=1374701231-00&ServiceCd=150&Type=search", "url2": "http://www.hospice-nakajima.com/" }, "geometry": { "type": "Point", "coordinates": [ 139.5324521, 35.7866665 ] } },
{ "type": "Feature", "properties": { "内容": "デイサービスセンターエクラシア清瀬【通所介護】東京都清瀬市下清戸2丁目518番地1エクラシア清瀬", "url": "https://www.kaigokensaku.mhlw.go.jp/13/index.php?action_kouhyou_detail_004_kani=true&JigyosyoCd=1374701769-00&ServiceCd=150&Type=search", "url2": "http://www.welloff.co.jp/" }, "geometry": { "type": "Point", "coordinates": [ 139.536413, 35.7849724 ] } },
{ "type": "Feature", "properties": { "内容": "ツクイ秋津【通所介護】東京都清瀬市野塩１丁目303-2", "url": "https://www.kaigokensaku.mhlw.go.jp/13/index.php?action_kouhyou_detail_004_kani=true&JigyosyoCd=1374700837-00&ServiceCd=150&Type=search", "url2": "http://www.tsukui.net/home-care/2349/" }, "geometry": { "type": "Point", "coordinates": [ 139.497220995235125, 35.779012925537977 ] } },
{ "type": "Feature", "properties": { "内容": "ヒューマンライフケア清瀬【通所介護】東京都清瀬市元町1-8-25", "url": "https://www.kaigokensaku.mhlw.go.jp/13/index.php?action_kouhyou_detail_004_kani=true&JigyosyoCd=1374701165-00&ServiceCd=150&Type=search", "url2": "https://kaigo.human-lifecare.jp/facilities/ds010_Kiyose/summary.html" }, "geometry": { "type": "Point", "coordinates": [ 139.519797899999986, 35.7740121 ] } },
{ "type": "Feature", "properties": { "内容": "サニーライフ清瀬デイサービス【通所介護】東京都清瀬市松山1-40-2", "url": "https://www.kaigokensaku.mhlw.go.jp/13/index.php?action_kouhyou_detail_004_kani=true&JigyosyoCd=1374701587-00&ServiceCd=150&Type=search", "url2": "http://www.sunnylife-group.co.jp" }, "geometry": { "type": "Point", "coordinates": [ 139.517100932540899, 35.768900423051846 ] } },
{ "type": "Feature", "properties": { "内容": "かがやきデイサービス清瀬【通所介護】東京都清瀬市竹丘2-28-13", "url": "https://www.kaigokensaku.mhlw.go.jp/13/index.php?action_kouhyou_detail_004_kani=true&JigyosyoCd=1374701686-00&ServiceCd=150&Type=search", "url2": "http://www.ymmd.co.jp" }, "geometry": { "type": "Point", "coordinates": [ 139.506977199999938, 35.7636661 ] } },
{ "type": "Feature", "properties": { "内容": "デイサービスセンターみどりの樹【通所介護】東京都清瀬市下清戸4-709-17みどりの樹清瀬", "url": "https://www.kaigokensaku.mhlw.go.jp/13/index.php?action_kouhyou_detail_004_kani=true&JigyosyoCd=1374701850-00&ServiceCd=150&Type=search", "url2": "https://shin-ai.or.jp/midori/" }, "geometry": { "type": "Point", "coordinates": [ 139.539040365606695, 35.786671003433149 ] } },
{ "type": "Feature", "properties": { "内容": "レッツ俱楽部清瀬【通所介護】東京都清瀬市中清戸3-306-1並木ビル1F", "url": "https://www.kaigokensaku.mhlw.go.jp/13/index.php?action_kouhyou_detail_004_kani=true&JigyosyoCd=1374701884-00&ServiceCd=150&Type=search", "url2": "https://www.lets-club.jp/shop/kiyose/" }, "geometry": { "type": "Point", "coordinates": [ 139.530311399999988, 35.7786271 ] } },
{ "type": "Feature", "properties": { "内容": "ｈｉｔｏｎｏｗａ【通所介護】東京都清瀬市下宿1-124-1協和オフィスビル1階", "url": "https://www.kaigokensaku.mhlw.go.jp/13/index.php?action_kouhyou_detail_004_kani=true&JigyosyoCd=1374701967-00&ServiceCd=150&Type=search", "url2": "https://www.jinwa-hitonowa.com/" }, "geometry": { "type": "Point", "coordinates": [ 139.5344687, 35.7961555 ] } },
{ "type": "Feature", "properties": { "内容": "清瀬市障害者福祉センター機能訓練特化型デイサービスりはっぴぃ【通所介護】東京都清瀬市上清戸1-16-62", "url": "https://www.kaigokensaku.mhlw.go.jp/13/index.php?action_kouhyou_detail_004_kani=true&JigyosyoCd=1374701975-00&ServiceCd=150&Type=search", "url2": "https://www.kiyose-f.net" }, "geometry": { "type": "Point", "coordinates": [ 139.5276872, 35.7732687 ] } },
{ "type": "Feature", "properties": { "内容": "リハビリ・デイサービス　けやき【通所介護】東京都東久留米市東本町12-9貫井総業ビル1Ｆ", "url": "https://www.kaigokensaku.mhlw.go.jp/13/index.php?action_kouhyou_detail_004_kani=true&JigyosyoCd=1374801635-00&ServiceCd=150&Type=search", "url2": "http://www.the-k-net.com/keyaki/" }, "geometry": { "type": "Point", "coordinates": [ 139.5356263042992, 35.763715656940974 ] } },
{ "type": "Feature", "properties": { "内容": "老人デイサービスセンターパレ・フローラ【通所介護】東京都東久留米市下里４丁目２番５０号けんちの里", "url": "https://www.kaigokensaku.mhlw.go.jp/13/index.php?action_kouhyou_detail_004_kani=true&JigyosyoCd=1374800280-00&ServiceCd=150&Type=search", "url2": "http://www.kenchi-sato.or.jp" }, "geometry": { "type": "Point", "coordinates": [ 139.494686900000033, 35.7528643 ] } },
{ "type": "Feature", "properties": { "内容": "シャローム南沢【通所介護】東京都東久留米市南沢5-18-36", "url": "https://www.kaigokensaku.mhlw.go.jp/13/index.php?action_kouhyou_detail_004_kani=true&JigyosyoCd=1374800330-00&ServiceCd=150&Type=search", "url2": "http://www.shalom-tokyo.net" }, "geometry": { "type": "Point", "coordinates": [ 139.526328799999987, 35.7435548 ] } },
{ "type": "Feature", "properties": { "内容": "デイサービス　みどりの丘【通所介護】東京都東久留米市上の原1丁目2番42号", "url": "https://www.kaigokensaku.mhlw.go.jp/13/index.php?action_kouhyou_detail_004_kani=true&JigyosyoCd=1374801866-00&ServiceCd=150&Type=search", "url2": "http://ryofu-kai.com/kaede" }, "geometry": { "type": "Point", "coordinates": [ 139.542252919712837, 35.769250132988766 ] } },
{ "type": "Feature", "properties": { "内容": "デイサービスセンターマザアス氷川台【通所介護】東京都東久留米市氷川台2-5-7", "url": "https://www.kaigokensaku.mhlw.go.jp/13/index.php?action_kouhyou_detail_004_kani=true&JigyosyoCd=1374800181-00&ServiceCd=150&Type=search", "url2": "http://www.moth.or.jp" }, "geometry": { "type": "Point", "coordinates": [ 139.5330358, 35.7678188 ] } },
{ "type": "Feature", "properties": { "内容": "エスケアステーション東久留米　デイサービス【通所介護】東京都東久留米市八幡町三丁目7番16号", "url": "https://www.kaigokensaku.mhlw.go.jp/13/index.php?action_kouhyou_detail_004_kani=true&JigyosyoCd=1374801528-00&ServiceCd=150&Type=search", "url2": "http://www.s-caremate.co.jp" }, "geometry": { "type": "Point", "coordinates": [ 139.511013637434445, 35.750237689714822 ] } },
{ "type": "Feature", "properties": { "内容": "ルネサンス元氣ジム東久留米【通所介護】東京都東久留米市中央町5-7-3カルフール前沢1階", "url": "https://www.kaigokensaku.mhlw.go.jp/13/index.php?action_kouhyou_detail_004_kani=true&JigyosyoCd=1374802302-00&ServiceCd=150&Type=search", "url2": "https://www.s-re.jp/" }, "geometry": { "type": "Point", "coordinates": [ 139.516111200000012, 35.7512414 ] } },
{ "type": "Feature", "properties": { "内容": "歌のつばさデイ　ひばりが丘【通所介護】東京都東久留米市学園町２－１８－２沢村屋ビル１階", "url": "https://www.kaigokensaku.mhlw.go.jp/13/index.php?action_kouhyou_detail_004_kani=true&JigyosyoCd=1374801973-00&ServiceCd=150&Type=search", "url2": null }, "geometry": { "type": "Point", "coordinates": [ 139.535955599999966, 35.7479685 ] } },
{ "type": "Feature", "properties": { "内容": "老人デイサービスセンター　ガーデン・ほんむら【通所介護】東京都東久留米市下里１丁目１１番２２号", "url": "https://www.kaigokensaku.mhlw.go.jp/13/index.php?action_kouhyou_detail_004_kani=true&JigyosyoCd=1374800272-00&ServiceCd=150&Type=search", "url2": "http://www.kenchi-sato.or.jp" }, "geometry": { "type": "Point", "coordinates": [ 139.5074356, 35.7584472 ] } },
{ "type": "Feature", "properties": { "内容": "東久留米市幸町デイサービスセンター【通所介護】東京都東久留米市幸町1-19-5", "url": "https://www.kaigokensaku.mhlw.go.jp/13/index.php?action_kouhyou_detail_004_kani=true&JigyosyoCd=1374800827-00&ServiceCd=150&Type=search", "url2": "http://www.shalom-tokyo.net" }, "geometry": { "type": "Point", "coordinates": [ 139.524421655294731, 35.761283606010039 ] } },
{ "type": "Feature", "properties": { "内容": "ニチイケアセンター学園町【通所介護】東京都東久留米市学園町2－11－18", "url": "https://www.kaigokensaku.mhlw.go.jp/13/index.php?action_kouhyou_detail_004_kani=true&JigyosyoCd=1374801064-00&ServiceCd=150&Type=search", "url2": null }, "geometry": { "type": "Point", "coordinates": [ 139.534569599999941, 35.7485462 ] } },
{ "type": "Feature", "properties": { "内容": "かがやきデイサービス東久留米【通所介護】東京都東久留米市新川町1-8-5", "url": "https://www.kaigokensaku.mhlw.go.jp/13/index.php?action_kouhyou_detail_004_kani=true&JigyosyoCd=1374801676-00&ServiceCd=150&Type=search", "url2": "http://www.nagoyakaclub.jp/higashikurume/" }, "geometry": { "type": "Point", "coordinates": [ 139.537429936660828, 35.76180585862361 ] } },
{ "type": "Feature", "properties": { "内容": "デイサービスセンターエクラシア東久留米【通所介護】東京都東久留米市前沢2-1-55", "url": "https://www.kaigokensaku.mhlw.go.jp/13/index.php?action_kouhyou_detail_004_kani=true&JigyosyoCd=1374802138-00&ServiceCd=150&Type=search", "url2": null }, "geometry": { "type": "Point", "coordinates": [ 139.5194273, 35.7437323 ] } },
{ "type": "Feature", "properties": { "内容": "わたしんち南沢【通所介護】東京都東久留米市南沢4-11-6", "url": "https://www.kaigokensaku.mhlw.go.jp/13/index.php?action_kouhyou_detail_004_kani=true&JigyosyoCd=1374802195-00&ServiceCd=150&Type=search", "url2": "http://watashinchi.wixsite.com/kaigo" }, "geometry": { "type": "Point", "coordinates": [ 139.525195599999989, 35.7461821 ] } },
{ "type": "Feature", "properties": { "内容": "わたしんち滝山【通所介護】東京都東久留米市前沢5－25－14", "url": "https://www.kaigokensaku.mhlw.go.jp/13/index.php?action_kouhyou_detail_004_kani=true&JigyosyoCd=1374802229-00&ServiceCd=150&Type=search", "url2": "https://watashinchi.wixsite.com/kaigo" }, "geometry": { "type": "Point", "coordinates": [ 139.509467300000011, 35.7424862 ] } },
{ "type": "Feature", "properties": { "内容": "コンパスウォーク東久留米【通所介護】東京都東久留米市野火止2-22-21１階", "url": "https://www.kaigokensaku.mhlw.go.jp/13/index.php?action_kouhyou_detail_004_kani=true&JigyosyoCd=1374802260-00&ServiceCd=150&Type=search", "url2": null }, "geometry": { "type": "Point", "coordinates": [ 139.516236099999986, 35.765007599999983 ] } },
{ "type": "Feature", "properties": { "内容": "ジョイリハ東久留米【通所介護】東京都東久留米市新川町2-6-3エスペラント落合", "url": "https://www.kaigokensaku.mhlw.go.jp/13/index.php?action_kouhyou_detail_004_kani=true&JigyosyoCd=1374801312-00&ServiceCd=150&Type=search", "url2": "http://www.joyreha.co.jp" }, "geometry": { "type": "Point", "coordinates": [ 139.540443699999969, 35.7607532 ] } },
{ "type": "Feature", "properties": { "内容": "デイサービスセンターもも寿ひばりヶ丘【通所介護】東京都東久留米市学園町2-12-10アートフルひばりが丘１階", "url": "https://www.kaigokensaku.mhlw.go.jp/13/index.php?action_kouhyou_detail_004_kani=true&JigyosyoCd=1374802328-00&ServiceCd=150&Type=search", "url2": null }, "geometry": { "type": "Point", "coordinates": [ 139.5355242, 35.7481147 ] } },
{ "type": "Feature", "properties": { "内容": "エクラシア武蔵村山【通所介護】t東京都武蔵村山市三ツ藤2-42-1", "url": "https://www.kaigokensaku.mhlw.go.jp/13/index.php?action_kouhyou_detail_004_kani=true&JigyosyoCd=1374901534-00&ServiceCd=150&Type=search", "url2": "https://www.welloff.co.jp/" }, "geometry": { "type": "Point", "coordinates": [ 139.3762466, 35.7515359 ] } },
{ "type": "Feature", "properties": { "内容": "伊奈平苑高齢者在宅サービスセンター【通所介護】東京都武蔵村山市伊奈平６－１４－２", "url": "https://www.kaigokensaku.mhlw.go.jp/13/index.php?action_kouhyou_detail_004_kani=true&JigyosyoCd=1374900304-00&ServiceCd=150&Type=search", "url2": "http://www.inadairaen.com" }, "geometry": { "type": "Point", "coordinates": [ 139.3733648, 35.7441179 ] } },
{ "type": "Feature", "properties": { "内容": "緑が丘高齢者在宅サービスセンター【通所介護】東京都武蔵村山市緑が丘1460番地1103号棟", "url": "https://www.kaigokensaku.mhlw.go.jp/13/index.php?action_kouhyou_detail_004_kani=true&JigyosyoCd=1374900627-00&ServiceCd=150&Type=search", "url2": "http://www.sunshinehome.or.jp/" }, "geometry": { "type": "Point", "coordinates": [ 139.407442299999957, 35.7439522 ] } },
{ "type": "Feature", "properties": { "内容": "村山団地デイサービスセンター【通所介護】東京都武蔵村山市緑ヶ丘1460番地46号棟-1階", "url": "https://www.kaigokensaku.mhlw.go.jp/13/index.php?action_kouhyou_detail_004_kani=true&JigyosyoCd=1374900817-00&ServiceCd=150&Type=search", "url2": "http://www.sunshinehome.or.jp" }, "geometry": { "type": "Point", "coordinates": [ 139.409309117474322, 35.743943492094104 ] } },
{ "type": "Feature", "properties": { "内容": "デイホームゆりの木武蔵村山【通所介護】東京都武蔵村山市神明2-12-8メゾン柳下1階", "url": "https://www.kaigokensaku.mhlw.go.jp/13/index.php?action_kouhyou_detail_004_kani=true&JigyosyoCd=1374901344-00&ServiceCd=150&Type=search", "url2": "http://www.elderly.jp/" }, "geometry": { "type": "Point", "coordinates": [ 139.402396900000014, 35.7536018 ] } },
{ "type": "Feature", "properties": { "内容": "天王橋リハビリデイサービス【通所介護】東京都武蔵村山市伊奈平1-83-2", "url": "https://www.kaigokensaku.mhlw.go.jp/13/index.php?action_kouhyou_detail_004_kani=true&JigyosyoCd=1373001989-00&ServiceCd=150&Type=search", "url2": "http://aisupport.info/" }, "geometry": { "type": "Point", "coordinates": [ 139.376580188330081, 35.743768714881085 ] } },
{ "type": "Feature", "properties": { "内容": "ヒューマンライフケア武蔵の湯【通所介護】東京都武蔵村山市神明4丁目118番地の1", "url": "https://www.kaigokensaku.mhlw.go.jp/13/index.php?action_kouhyou_detail_004_kani=true&JigyosyoCd=1374901039-00&ServiceCd=150&Type=search", "url2": "https://human-lifecare.jp/" }, "geometry": { "type": "Point", "coordinates": [ 139.403439700000035, 35.7492376 ] } },
{ "type": "Feature", "properties": { "内容": "ジョイリハＳＰＡ武蔵村山【通所介護】東京都武蔵村山市大南1-138-1グラドゥアーレ1階", "url": "https://www.kaigokensaku.mhlw.go.jp/13/index.php?action_kouhyou_detail_004_kani=true&JigyosyoCd=1374901484-00&ServiceCd=150&Type=search", "url2": "https://joyreha.co.jp/shop/%E3%82%B8%E3%83%A7%E3%82%A4%E3%83%AA%E3%83%8F%EF%BD%93%EF%BD%90%EF%BD%81%E6%AD%A6%E8%94%B5%E6%9D%91%E5%B1%B1/" }, "geometry": { "type": "Point", "coordinates": [ 139.3947894, 35.7386877 ] } },
{ "type": "Feature", "properties": { "内容": "ツクイ武蔵村山【通所介護】東京都武蔵村山市残堀5‐101‐5", "url": "https://www.kaigokensaku.mhlw.go.jp/13/index.php?action_kouhyou_detail_004_kani=true&JigyosyoCd=1374901500-00&ServiceCd=150&Type=search", "url2": null }, "geometry": { "type": "Point", "coordinates": [ 139.369757199999981, 35.752104700000025 ] } },
{ "type": "Feature", "properties": { "内容": "デイサービスセンター彩笑【通所介護】東京都武蔵村山市伊奈平2-33-11階", "url": "https://www.kaigokensaku.mhlw.go.jp/13/index.php?action_kouhyou_detail_004_kani=true&JigyosyoCd=1374901260-00&ServiceCd=150&Type=search", "url2": "https://irodori-u.com" }, "geometry": { "type": "Point", "coordinates": [ 139.3814496, 35.7405169 ] } },
{ "type": "Feature", "properties": { "内容": "デイサービスセンター福寿むさしむらやま本町【通所介護】東京都武蔵村山市本町5-2-1", "url": "https://www.kaigokensaku.mhlw.go.jp/13/index.php?action_kouhyou_detail_004_kani=true&JigyosyoCd=1374901385-00&ServiceCd=150&Type=search", "url2": "http://fuku-kaigo.jala.co.jp" }, "geometry": { "type": "Point", "coordinates": [ 139.386816399999987, 35.7600785 ] } },
{ "type": "Feature", "properties": { "内容": "レッツ倶楽部多摩センター【通所介護】東京都多摩市南野3-12-3TASUKYMALL多摩　1階", "url": "https://www.kaigokensaku.mhlw.go.jp/13/index.php?action_kouhyou_detail_004_kani=true&JigyosyoCd=1375002324-00&ServiceCd=150&Type=search", "url2": null }, "geometry": { "type": "Point", "coordinates": [ 139.42198, 35.608753800000017 ] } },
{ "type": "Feature", "properties": { "内容": "ツクイ多摩センター【通所介護】東京都多摩市豊ヶ丘1-59-15", "url": "https://www.kaigokensaku.mhlw.go.jp/13/index.php?action_kouhyou_detail_004_kani=true&JigyosyoCd=1375001151-00&ServiceCd=150&Type=search", "url2": "http://www.tsukui.net" }, "geometry": { "type": "Point", "coordinates": [ 139.431719700000031, 35.6238247 ] } },
{ "type": "Feature", "properties": { "内容": "白楽荘デイサービスセンター　えがお【通所介護】東京都多摩市山王下１－１８－２", "url": "https://www.kaigokensaku.mhlw.go.jp/13/index.php?action_kouhyou_detail_004_kani=true&JigyosyoCd=1375000153-00&ServiceCd=150&Type=search", "url2": "http://www.rakuyuukai.com" }, "geometry": { "type": "Point", "coordinates": [ 139.415132299999982, 35.6252185 ] } },
{ "type": "Feature", "properties": { "内容": "多摩市和光園ケアセンター【通所介護】東京都多摩市和田１５３２番地", "url": "https://www.kaigokensaku.mhlw.go.jp/13/index.php?action_kouhyou_detail_004_kani=true&JigyosyoCd=1375000187-00&ServiceCd=150&Type=search", "url2": "http://yamatokai-tokyo.or.jp/" }, "geometry": { "type": "Point", "coordinates": [ 139.431432699999959, 35.6459554 ] } },
{ "type": "Feature", "properties": { "内容": "多摩ケアセンターそよ風【通所介護】東京都多摩市連光寺2-29-2", "url": "https://www.kaigokensaku.mhlw.go.jp/13/index.php?action_kouhyou_detail_004_kani=true&JigyosyoCd=1375001409-00&ServiceCd=150&Type=search", "url2": "http://www.soyokaze.co.jp/" }, "geometry": { "type": "Point", "coordinates": [ 139.455748543516506, 35.641536258756531 ] } },
{ "type": "Feature", "properties": { "内容": "リハデイボナール多摩センター【通所介護】東京都多摩市乞田1159-1レーヴマニフィック永山1階", "url": "https://www.kaigokensaku.mhlw.go.jp/13/index.php?action_kouhyou_detail_004_kani=true&JigyosyoCd=1375001888-00&ServiceCd=150&Type=search", "url2": "http://www.finecare.co.jp/" }, "geometry": { "type": "Point", "coordinates": [ 139.4411177, 35.6319848 ] } },
{ "type": "Feature", "properties": { "内容": "シンシア多摩【通所介護】東京都多摩市聖ヶ丘5丁目1-1", "url": "https://www.kaigokensaku.mhlw.go.jp/13/index.php?action_kouhyou_detail_004_kani=true&JigyosyoCd=1375002282-00&ServiceCd=150&Type=search", "url2": "https://www.sincere-gri.com/052_tamads/index.html" }, "geometry": { "type": "Point", "coordinates": [ 139.464079, 35.6270837 ] } },
{ "type": "Feature", "properties": { "内容": "多摩市愛宕デイサービスセンター愛宕陽だまり【通所介護】東京都多摩市愛宕３－２かえで館内１F", "url": "https://www.kaigokensaku.mhlw.go.jp/13/index.php?action_kouhyou_detail_004_kani=true&JigyosyoCd=1375001201-00&ServiceCd=150&Type=search", "url2": null }, "geometry": { "type": "Point", "coordinates": [ 139.434483, 35.6335458 ] } },
{ "type": "Feature", "properties": { "内容": "ヒューマンライフケア永山の湯【通所介護】東京都多摩市諏訪4－21－1諏訪ハイム13ビル1階", "url": "https://www.kaigokensaku.mhlw.go.jp/13/index.php?action_kouhyou_detail_004_kani=true&JigyosyoCd=1375001276-00&ServiceCd=150&Type=search", "url2": "http://hlc.athuman.com/" }, "geometry": { "type": "Point", "coordinates": [ 139.455520200000024, 35.6276472 ] } },
{ "type": "Feature", "properties": { "内容": "あいフィットネスサロンさくら【通所介護】東京都多摩市関戸1-2-11スマイラス聖蹟桜ヶ丘１階", "url": "https://www.kaigokensaku.mhlw.go.jp/13/index.php?action_kouhyou_detail_004_kani=true&JigyosyoCd=1375001755-00&ServiceCd=150&Type=search", "url2": "https://kawakita.or.jp/aisafetynet/sakura/" }, "geometry": { "type": "Point", "coordinates": [ 139.446023, 35.65226940000003 ] } },
{ "type": "Feature", "properties": { "内容": "ライフケアデイサービスセンター　悠遊【通所介護】東京都多摩市永山6-2-5永井ビル1F", "url": "https://www.kaigokensaku.mhlw.go.jp/13/index.php?action_kouhyou_detail_004_kani=true&JigyosyoCd=1375000898-00&ServiceCd=150&Type=search", "url2": "http://www.lifecareservice.co.jp" }, "geometry": { "type": "Point", "coordinates": [ 139.443652199999974, 35.6162149 ] } },
{ "type": "Feature", "properties": { "内容": "ゆめふる多摩ニュータウン店【通所介護】東京都多摩市諏訪2-2B-100", "url": "https://www.kaigokensaku.mhlw.go.jp/13/index.php?action_kouhyou_detail_004_kani=true&JigyosyoCd=1375001433-00&ServiceCd=150&Type=search", "url2": "http://www.yasashiite.com/" }, "geometry": { "type": "Point", "coordinates": [ 139.45227, 35.625207300000021 ] } },
{ "type": "Feature", "properties": { "内容": "デイサービス　スマイル倶楽部【通所介護】東京都多摩市鶴牧6-8-10リッジモントゥ鶴牧0001号室", "url": "https://www.kaigokensaku.mhlw.go.jp/13/index.php?action_kouhyou_detail_004_kani=true&JigyosyoCd=1375001557-00&ServiceCd=150&Type=search", "url2": null }, "geometry": { "type": "Point", "coordinates": [ 139.412316942327834, 35.613596828231394 ] } },
{ "type": "Feature", "properties": { "内容": "かがやきデイサービス多摩【通所介護】東京都多摩市百草1120‐3", "url": "https://www.kaigokensaku.mhlw.go.jp/13/index.php?action_kouhyou_detail_004_kani=true&JigyosyoCd=1375001565-00&ServiceCd=150&Type=search", "url2": "https://www.ymmd.co.jp/" }, "geometry": { "type": "Point", "coordinates": [ 139.4343289, 35.6387552 ] } },
{ "type": "Feature", "properties": { "内容": "グッドリハ　多摩【通所介護】東京都多摩市中沢2丁目20-5ベルクレールタカムラⅢ1F", "url": "https://www.kaigokensaku.mhlw.go.jp/13/index.php?action_kouhyou_detail_004_kani=true&JigyosyoCd=1375001763-00&ServiceCd=150&Type=search", "url2": "https://www.goodreha.com/tama" }, "geometry": { "type": "Point", "coordinates": [ 139.414407332540918, 35.618998635344454 ] } },
{ "type": "Feature", "properties": { "内容": "レッツ倶楽部多摩永山【通所介護】東京都多摩市乞田1156番地１フラワーマンショコヤタ1階", "url": "https://www.kaigokensaku.mhlw.go.jp/13/index.php?action_kouhyou_detail_004_kani=true&JigyosyoCd=1375001912-00&ServiceCd=150&Type=search", "url2": "https://www.lets-club.jp/shop/tamanagayama/" }, "geometry": { "type": "Point", "coordinates": [ 139.440711599999986, 35.6319944 ] } },
{ "type": "Feature", "properties": { "内容": "リハプライド多摩永山【通所介護】東京都多摩市貝取1474-2", "url": "https://www.kaigokensaku.mhlw.go.jp/13/index.php?action_kouhyou_detail_004_kani=true&JigyosyoCd=1375002175-00&ServiceCd=150&Type=search", "url2": "https://www.rehapride.co.jp/tamanagayama/" }, "geometry": { "type": "Point", "coordinates": [ 139.4459597, 35.6363005 ] } },
{ "type": "Feature", "properties": { "内容": "ビーナスプラス多摩【通所介護】東京都多摩市愛宕4丁目8番地28有山ビル1階", "url": "https://www.kaigokensaku.mhlw.go.jp/13/index.php?action_kouhyou_detail_004_kani=true&JigyosyoCd=1375002217-00&ServiceCd=150&Type=search", "url2": "http://venus-comrade.co.jp" }, "geometry": { "type": "Point", "coordinates": [ 139.429225, 35.6279767 ] } },
{ "type": "Feature", "properties": { "内容": "いなぎ苑【通所介護】東京都稲城市百村２５５番地", "url": "https://www.kaigokensaku.mhlw.go.jp/13/index.php?action_kouhyou_detail_004_kani=true&JigyosyoCd=1375100060-00&ServiceCd=150&Type=search", "url2": "http://www.inagien.or.jp/" }, "geometry": { "type": "Point", "coordinates": [ 139.491992799999906, 35.6354235 ] } },
{ "type": "Feature", "properties": { "内容": "デイサービスセンターひらお苑【通所介護】東京都稲城市平尾2-49-20", "url": "https://www.kaigokensaku.mhlw.go.jp/13/index.php?action_kouhyou_detail_004_kani=true&JigyosyoCd=1375100086-00&ServiceCd=150&Type=search", "url2": "http://www.hiraokai.or.jp" }, "geometry": { "type": "Point", "coordinates": [ 139.493511, 35.6083257 ] } },
{ "type": "Feature", "properties": { "内容": "高齢者サービスステーション　いなぎ正吉苑【通所介護】東京都稲城市平尾四丁目16番地の1", "url": "https://www.kaigokensaku.mhlw.go.jp/13/index.php?action_kouhyou_detail_004_kani=true&JigyosyoCd=1375100029-00&ServiceCd=150&Type=search", "url2": "http://www.shoukichi.org/" }, "geometry": { "type": "Point", "coordinates": [ 139.483938900000027, 35.615409800000016 ] } },
{ "type": "Feature", "properties": { "内容": "稲城ケアセンターそよ風【通所介護】東京都稲城市押立1192-1", "url": "https://www.kaigokensaku.mhlw.go.jp/13/index.php?action_kouhyou_detail_004_kani=true&JigyosyoCd=1375100524-00&ServiceCd=150&Type=search", "url2": "http://www.soyokaze.co.jp/" }, "geometry": { "type": "Point", "coordinates": [ 139.51677163579032, 35.645695619861151 ] } },
{ "type": "Feature", "properties": { "内容": "ヒューマンライフケア稲城の湯【通所介護】東京都稲城市東長沼1715-4ROSE　WEST　1階", "url": "https://www.kaigokensaku.mhlw.go.jp/13/index.php?action_kouhyou_detail_004_kani=true&JigyosyoCd=1375100409-00&ServiceCd=150&Type=search", "url2": "https://human-lifecare.jp/" }, "geometry": { "type": "Point", "coordinates": [ 139.509726399999977, 35.6408803 ] } },
{ "type": "Feature", "properties": { "内容": "アイメディカルフィットネス稲城【通所介護】東京都稲城市東長沼3106-1ベェルヴェル稲城2階", "url": "https://www.kaigokensaku.mhlw.go.jp/13/index.php?action_kouhyou_detail_004_kani=true&JigyosyoCd=1375100862-00&ServiceCd=150&Type=search", "url2": "https://www.i-med-fit.com" }, "geometry": { "type": "Point", "coordinates": [ 139.4989912, 35.6376302 ] } },
{ "type": "Feature", "properties": { "内容": "デイサービスセンター　ハーモニー松葉【通所介護】東京都稲城市矢野口１８０６番地", "url": "https://www.kaigokensaku.mhlw.go.jp/13/index.php?action_kouhyou_detail_004_kani=true&JigyosyoCd=1375100177-00&ServiceCd=150&Type=search", "url2": "http://www.harmonymatsuba.or.jp" }, "geometry": { "type": "Point", "coordinates": [ 139.518918900000017, 35.6368999 ] } },
{ "type": "Feature", "properties": { "内容": "アクアメイト稲城【通所介護】東京都稲城市向陽台６－８", "url": "https://www.kaigokensaku.mhlw.go.jp/13/index.php?action_kouhyou_detail_004_kani=true&JigyosyoCd=1375100292-00&ServiceCd=150&Type=search", "url2": "http://aquamate.exblog.jp/" }, "geometry": { "type": "Point", "coordinates": [ 139.490357210450725, 35.641438499242312 ] } },
{ "type": "Feature", "properties": { "内容": "ツクイ稲城東長沼【通所介護】東京都稲城市東長沼2125-1", "url": "https://www.kaigokensaku.mhlw.go.jp/13/index.php?action_kouhyou_detail_004_kani=true&JigyosyoCd=1375100599-00&ServiceCd=150&Type=search", "url2": "http://www.tsukui.net/search/2671/detail.html" }, "geometry": { "type": "Point", "coordinates": [ 139.5039309, 35.6366046 ] } },
{ "type": "Feature", "properties": { "内容": "デイ・ホーム　たんぽぽ【通所介護】東京都稲城市坂浜88-1", "url": "https://www.kaigokensaku.mhlw.go.jp/13/index.php?action_kouhyou_detail_004_kani=true&JigyosyoCd=1375100706-00&ServiceCd=150&Type=search", "url2": "https://shkb.org/day-tanpopo/" }, "geometry": { "type": "Point", "coordinates": [ 139.492989500000022, 35.6306635 ] } },
{ "type": "Feature", "properties": { "内容": "ブルーミングケア稲城坂浜【通所介護】東京都稲城市坂浜3-30-1", "url": "https://www.kaigokensaku.mhlw.go.jp/13/index.php?action_kouhyou_detail_004_kani=true&JigyosyoCd=1375100755-00&ServiceCd=150&Type=search", "url2": "https://threec-3c.com/company" }, "geometry": { "type": "Point", "coordinates": [ 139.487101244193724, 35.619741225159146 ] } },
{ "type": "Feature", "properties": { "内容": "コンパスウォーク稲城【通所介護】東京都稲城市矢野口９４４", "url": "https://www.kaigokensaku.mhlw.go.jp/13/index.php?action_kouhyou_detail_004_kani=true&JigyosyoCd=1375100797-00&ServiceCd=150&Type=search", "url2": null }, "geometry": { "type": "Point", "coordinates": [ 139.5119862, 35.6431188 ] } },
{ "type": "Feature", "properties": { "内容": "ディサービス尊厳【通所介護】東京都稲城市矢野口313‐7三慶ビル3階", "url": "https://www.kaigokensaku.mhlw.go.jp/13/index.php?action_kouhyou_detail_004_kani=true&JigyosyoCd=1375100821-00&ServiceCd=150&Type=search", "url2": null }, "geometry": { "type": "Point", "coordinates": [ 139.520587299999988, 35.641425 ] } },
{ "type": "Feature", "properties": { "内容": "羽村ケアセンターそよ風【通所介護】東京都羽村市栄町2-10-7", "url": "https://www.kaigokensaku.mhlw.go.jp/13/index.php?action_kouhyou_detail_004_kani=true&JigyosyoCd=1375300454-00&ServiceCd=150&Type=search", "url2": "http://www.sykz.co.jp" }, "geometry": { "type": "Point", "coordinates": [ 139.1592147, 35.2561595 ] } },
{ "type": "Feature", "properties": { "内容": "ReHaMo【通所介護】東京都羽村市神明台1丁目17番5号", "url": "https://www.kaigokensaku.mhlw.go.jp/13/index.php?action_kouhyou_detail_004_kani=true&JigyosyoCd=1375300504-00&ServiceCd=150&Type=search", "url2": "http://www.rehamo.jp" }, "geometry": { "type": "Point", "coordinates": [ 139.32082169919741, 35.755295197211623 ] } },
{ "type": "Feature", "properties": { "内容": "デイサービスセンター羽村の郷【通所介護】東京都羽村市五ノ神２－１－１４", "url": "https://www.kaigokensaku.mhlw.go.jp/13/index.php?action_kouhyou_detail_004_kani=true&JigyosyoCd=1375300322-00&ServiceCd=150&Type=search", "url2": "http://www.tokyo-busonkai.or.jp/hamuranosato/" }, "geometry": { "type": "Point", "coordinates": [ 139.319528496728452, 35.76035466654649 ] } },
{ "type": "Feature", "properties": { "内容": "サニーライフ羽村デイサービス【通所介護】東京都羽村市栄町２－１９－３", "url": "https://www.kaigokensaku.mhlw.go.jp/13/index.php?action_kouhyou_detail_004_kani=true&JigyosyoCd=1375300603-00&ServiceCd=150&Type=search", "url2": null }, "geometry": { "type": "Point", "coordinates": [ 139.3121463, 35.7703906 ] } },
{ "type": "Feature", "properties": { "内容": "機能訓練デイサービスモリモリ【通所介護】東京都羽村市羽東3-21-5ライトオブハシモト1Ｆ", "url": "https://www.kaigokensaku.mhlw.go.jp/13/index.php?action_kouhyou_detail_004_kani=true&JigyosyoCd=1372801587-00&ServiceCd=150&Type=search", "url2": null }, "geometry": { "type": "Point", "coordinates": [ 139.271402399999943, 35.7900148 ] } },
{ "type": "Feature", "properties": { "内容": "デイサービスセンターさくら【通所介護】東京都羽村市緑ケ丘2-1-16", "url": "https://www.kaigokensaku.mhlw.go.jp/13/index.php?action_kouhyou_detail_004_kani=true&JigyosyoCd=1375300207-00&ServiceCd=150&Type=search", "url2": null }, "geometry": { "type": "Point", "coordinates": [ 139.315483786206329, 35.766219253289911 ] } },
{ "type": "Feature", "properties": { "内容": "ファミタウンはむら【通所介護】東京都羽村市五ノ神1-13-2リオ羽村壱番館101号室", "url": "https://www.kaigokensaku.mhlw.go.jp/13/index.php?action_kouhyou_detail_004_kani=true&JigyosyoCd=1375300645-00&ServiceCd=150&Type=search", "url2": "http://f-hamura.com" }, "geometry": { "type": "Point", "coordinates": [ 139.318790499999977, 35.7580895 ] } },
{ "type": "Feature", "properties": { "内容": "老人デイサービスセンター福楽園【通所介護】東京都あきる野市網代326-1", "url": "https://www.kaigokensaku.mhlw.go.jp/13/index.php?action_kouhyou_detail_004_kani=true&JigyosyoCd=1374900445-00&ServiceCd=150&Type=search", "url2": "http://www.fukurakuen.jp" }, "geometry": { "type": "Point", "coordinates": [ 139.254539600000044, 35.719815 ] } },
{ "type": "Feature", "properties": { "内容": "あきる野翔裕館【通所介護】東京都あきる野市草花1481-1あきる野翔裕館", "url": "https://www.kaigokensaku.mhlw.go.jp/13/index.php?action_kouhyou_detail_004_kani=true&JigyosyoCd=1375200217-00&ServiceCd=150&Type=search", "url2": "https://sangajapan.jp/akiruno/akiruno01/" }, "geometry": { "type": "Point", "coordinates": [ 139.308631200000036, 35.739666399999983 ] } },
{ "type": "Feature", "properties": { "内容": "あずみ苑グランデ平沢【通所介護】東京都あきる野市平沢473-1", "url": "https://www.kaigokensaku.mhlw.go.jp/13/index.php?action_kouhyou_detail_004_kani=true&JigyosyoCd=1375200365-00&ServiceCd=150&Type=search", "url2": "http://www.leopalace21.co.jp/" }, "geometry": { "type": "Point", "coordinates": [ 139.30553180000004, 35.7351363 ] } },
{ "type": "Feature", "properties": { "内容": "あきる野ケアセンターそよ風【通所介護】東京都あきる野市牛沼152-1", "url": "https://www.kaigokensaku.mhlw.go.jp/13/index.php?action_kouhyou_detail_004_kani=true&JigyosyoCd=1375200571-00&ServiceCd=150&Type=search", "url2": null }, "geometry": { "type": "Point", "coordinates": [ 139.2893785, 35.7220097 ] } },
{ "type": "Feature", "properties": { "内容": "指定通所介護事業所デイサービスセンターあきる台【通所介護】東京都あきる野市秋川5-1-8あきる台在宅医療福祉センター１階", "url": "https://www.kaigokensaku.mhlw.go.jp/13/index.php?action_kouhyou_detail_004_kani=true&JigyosyoCd=1375200936-00&ServiceCd=150&Type=search", "url2": null }, "geometry": { "type": "Point", "coordinates": [ 139.289887, 35.7323299 ] } },
{ "type": "Feature", "properties": { "内容": "デイサービスセンターくさばな【通所介護】東京都あきる野市草花2978番地", "url": "https://www.kaigokensaku.mhlw.go.jp/13/index.php?action_kouhyou_detail_004_kani=true&JigyosyoCd=1375200613-00&ServiceCd=150&Type=search", "url2": "http://www.kusabanaclinic.jp/" }, "geometry": { "type": "Point", "coordinates": [ 139.300960174499551, 35.740363237913989 ] } },
{ "type": "Feature", "properties": { "内容": "あすなろみんなの家【通所介護】東京都あきる野市原小宮２－６－３", "url": "https://www.kaigokensaku.mhlw.go.jp/13/index.php?action_kouhyou_detail_004_kani=true&JigyosyoCd=1374900528-00&ServiceCd=150&Type=search", "url2": "http://www.a-asunaro.com/minnanoie/" }, "geometry": { "type": "Point", "coordinates": [ 139.301440599999978, 35.7339836 ] } },
{ "type": "Feature", "properties": { "内容": "LCUBEデイサービス西東京西原【通所介護】東京都西東京市西原町5-3-1レアール田無101", "url": "https://www.kaigokensaku.mhlw.go.jp/13/index.php?action_kouhyou_detail_004_kani=true&JigyosyoCd=1375425160-00&ServiceCd=150&Type=search", "url2": "http://www.laughtale-care.com/" }, "geometry": { "type": "Point", "coordinates": [ 139.532462, 35.7390771 ] } },
{ "type": "Feature", "properties": { "内容": "デイサービスセンター　クレイン【通所介護】東京都西東京市西原町４丁目３番５号クレイン", "url": "https://www.kaigokensaku.mhlw.go.jp/13/index.php?action_kouhyou_detail_004_kani=true&JigyosyoCd=1373900255-00&ServiceCd=150&Type=search", "url2": "http://www.kurein.org" }, "geometry": { "type": "Point", "coordinates": [ 139.52869, 35.735142 ] } },
{ "type": "Feature", "properties": { "内容": "保谷苑デイサービスセンター【通所介護】東京都西東京市栄町3丁目6番2号", "url": "https://www.kaigokensaku.mhlw.go.jp/13/index.php?action_kouhyou_detail_004_kani=true&JigyosyoCd=1373700242-00&ServiceCd=150&Type=search", "url2": "http://www.toshinkai.or.jp" }, "geometry": { "type": "Point", "coordinates": [ 139.553378800000019, 35.7553181 ] } },
{ "type": "Feature", "properties": { "内容": "健光園デイサービスセンター【通所介護】東京都西東京市田無町5-5-19", "url": "https://www.kaigokensaku.mhlw.go.jp/13/index.php?action_kouhyou_detail_004_kani=true&JigyosyoCd=1373900321-00&ServiceCd=150&Type=search", "url2": "http://www.kenkouen.or.jp" }, "geometry": { "type": "Point", "coordinates": [ 139.53668110000001, 35.7317705 ] } },
{ "type": "Feature", "properties": { "内容": "高齢者在宅サービスセンター　グリーンロード【通所介護】東京都西東京市西原町２－２－１１", "url": "https://www.kaigokensaku.mhlw.go.jp/13/index.php?action_kouhyou_detail_004_kani=true&JigyosyoCd=1373900347-00&ServiceCd=150&Type=search", "url2": "https://www.greenroad.or.jp" }, "geometry": { "type": "Point", "coordinates": [ 139.531659200000036, 35.7339534 ] } },
{ "type": "Feature", "properties": { "内容": "西東京ケアセンターそよ風【通所介護】東京都西東京市東伏見５－１０－１５", "url": "https://www.kaigokensaku.mhlw.go.jp/13/index.php?action_kouhyou_detail_004_kani=true&JigyosyoCd=1375400411-00&ServiceCd=150&Type=search", "url2": null }, "geometry": { "type": "Point", "coordinates": [ 139.558813099999952, 35.7219723 ] } },
{ "type": "Feature", "properties": { "内容": "デイサービスセンター　遊・西東京【通所介護】東京都西東京市芝久保町2-13-32", "url": "https://www.kaigokensaku.mhlw.go.jp/13/index.php?action_kouhyou_detail_004_kani=true&JigyosyoCd=1375400775-00&ServiceCd=150&Type=search", "url2": null }, "geometry": { "type": "Point", "coordinates": [ 139.5282023, 35.726530799999971 ] } },
{ "type": "Feature", "properties": { "内容": "コンパスウオークひばりヶ丘【通所介護】東京都西東京市住吉町5-6-3", "url": "https://www.kaigokensaku.mhlw.go.jp/13/index.php?action_kouhyou_detail_004_kani=true&JigyosyoCd=1375425335-00&ServiceCd=150&Type=search", "url2": null }, "geometry": { "type": "Point", "coordinates": [ 139.554103500000025, 35.746238200000022 ] } },
{ "type": "Feature", "properties": { "内容": "西東京ケアコミュニティそよ風【通所介護】東京都西東京市東町3-1-13", "url": "https://www.kaigokensaku.mhlw.go.jp/13/index.php?action_kouhyou_detail_004_kani=true&JigyosyoCd=1375424155-00&ServiceCd=150&Type=search", "url2": "https://www.sykz.co.jp/" }, "geometry": { "type": "Point", "coordinates": [ 139.565593922753948, 35.744754100838122 ] } },
{ "type": "Feature", "properties": { "内容": "デイサービスいずみ【通所介護】東京都西東京市泉町3-15-28", "url": "https://www.kaigokensaku.mhlw.go.jp/13/index.php?action_kouhyou_detail_004_kani=true&JigyosyoCd=1373700184-00&ServiceCd=150&Type=search", "url2": "https://www.you-you123.com" }, "geometry": { "type": "Point", "coordinates": [ 139.554563505539932, 35.739296858757861 ] } },
{ "type": "Feature", "properties": { "内容": "リハビリデイサービス　陽だまり【通所介護】東京都西東京市南町4-13-17", "url": "https://www.kaigokensaku.mhlw.go.jp/13/index.php?action_kouhyou_detail_004_kani=true&JigyosyoCd=1375400718-00&ServiceCd=150&Type=search", "url2": "http://www.tanashi-hidamari.com" }, "geometry": { "type": "Point", "coordinates": [ 139.541836800000027, 35.722330100000015 ] } },
{ "type": "Feature", "properties": { "内容": "尚和緑寿ケアセンター【通所介護】東京都西東京市新町１－１１－２５", "url": "https://www.kaigokensaku.mhlw.go.jp/13/index.php?action_kouhyou_detail_004_kani=true&JigyosyoCd=1373700028-00&ServiceCd=150&Type=search", "url2": "http://www.shisei-tokyo.or.jp" }, "geometry": { "type": "Point", "coordinates": [ 139.544295199999965, 35.7171835 ] } },
{ "type": "Feature", "properties": { "内容": "マイズケア・デイサービスセンター【通所介護】東京都西東京市南町２－１－１４", "url": "https://www.kaigokensaku.mhlw.go.jp/13/index.php?action_kouhyou_detail_004_kani=true&JigyosyoCd=1375400403-00&ServiceCd=150&Type=search", "url2": "https://mys-care.com/" }, "geometry": { "type": "Point", "coordinates": [ 139.545691799999986, 35.7258298 ] } },
{ "type": "Feature", "properties": { "内容": "デイサービスハミング【通所介護】東京都西東京市泉町３－１２－２５パスレル保谷２階", "url": "https://www.kaigokensaku.mhlw.go.jp/13/index.php?action_kouhyou_detail_004_kani=true&JigyosyoCd=1375400676-00&ServiceCd=150&Type=search", "url2": "https://haming.ico.bz" }, "geometry": { "type": "Point", "coordinates": [ 139.557956500000046, 35.7420989 ] } },
{ "type": "Feature", "properties": { "内容": "パートナー西東京店【通所介護】東京都西東京市保谷6－8－1マコトスカイビラ1階", "url": "https://www.kaigokensaku.mhlw.go.jp/13/index.php?action_kouhyou_detail_004_kani=true&JigyosyoCd=1375401112-00&ServiceCd=150&Type=search", "url2": "https://partnernishitoukyo.web.fc2.com/" }, "geometry": { "type": "Point", "coordinates": [ 139.553942, 35.7353859 ] } },
{ "type": "Feature", "properties": { "内容": "株式会社ケアサービスデイサービスセンター保谷【通所介護】東京都西東京市東町3-13-21", "url": "https://www.kaigokensaku.mhlw.go.jp/13/index.php?action_kouhyou_detail_004_kani=true&JigyosyoCd=1375401179-00&ServiceCd=150&Type=search", "url2": "http://www.care.co.jp/" }, "geometry": { "type": "Point", "coordinates": [ 139.565631, 35.7476972 ] } },
{ "type": "Feature", "properties": { "内容": "西東京市高齢者センターきらら【通所介護】東京都西東京市富士町1-7-69", "url": "https://www.kaigokensaku.mhlw.go.jp/13/index.php?action_kouhyou_detail_004_kani=true&JigyosyoCd=1373700283-00&ServiceCd=150&Type=search", "url2": "https://www.toshinkai.or.jp" }, "geometry": { "type": "Point", "coordinates": [ 139.560445699999946, 35.7343736 ] } },
{ "type": "Feature", "properties": { "内容": "ツクイ西東京住吉【通所介護】東京都西東京市住吉町5-12-20", "url": "https://www.kaigokensaku.mhlw.go.jp/13/index.php?action_kouhyou_detail_004_kani=true&JigyosyoCd=1375424395-00&ServiceCd=150&Type=search", "url2": "https://www.tsukui.net/home-care/2553/" }, "geometry": { "type": "Point", "coordinates": [ 139.557219252778594, 35.746383094598563 ] } },
{ "type": "Feature", "properties": { "内容": "リハビリデイサービスnagomi西東京店【通所介護】東京都西東京市北町5丁目4番30号", "url": "https://www.kaigokensaku.mhlw.go.jp/13/index.php?action_kouhyou_detail_004_kani=true&JigyosyoCd=1375424536-00&ServiceCd=150&Type=search", "url2": "https://ncs.my-nagomi.com" }, "geometry": { "type": "Point", "coordinates": [ 139.561780563229405, 35.75620245310791 ] } },
{ "type": "Feature", "properties": { "内容": "リハビリデイサービスすきやき【通所介護】東京都西東京市田無町2-14-10田無本町ﾊﾟﾚｽ102", "url": "https://www.kaigokensaku.mhlw.go.jp/13/index.php?action_kouhyou_detail_004_kani=true&JigyosyoCd=1375424619-00&ServiceCd=150&Type=search", "url2": null }, "geometry": { "type": "Point", "coordinates": [ 139.543139099999962, 35.7286071 ] } },
{ "type": "Feature", "properties": { "内容": "かがやきデイサービスひばりヶ丘【通所介護】東京都西東京市住吉町６－６－３", "url": "https://www.kaigokensaku.mhlw.go.jp/13/index.php?action_kouhyou_detail_004_kani=true&JigyosyoCd=1375424643-00&ServiceCd=150&Type=search", "url2": "http://www.ymmd.co.jp" }, "geometry": { "type": "Point", "coordinates": [ 139.549812699999961, 35.7468163 ] } },
{ "type": "Feature", "properties": { "内容": "レッツ倶楽部西東京【通所介護】東京都西東京市北町1丁目6番1号Let‘Building1階", "url": "https://www.kaigokensaku.mhlw.go.jp/13/index.php?action_kouhyou_detail_004_kani=true&JigyosyoCd=1375425046-00&ServiceCd=150&Type=search", "url2": "https://www.lets-club.jp/shop/nishitokyo/" }, "geometry": { "type": "Point", "coordinates": [ 139.559296200000063, 35.7530788 ] } },
{ "type": "Feature", "properties": { "内容": "デイサービスsakurade保谷【通所介護】東京都西東京市下保谷2-1-1", "url": "https://www.kaigokensaku.mhlw.go.jp/13/index.php?action_kouhyou_detail_004_kani=true&JigyosyoCd=1375425228-00&ServiceCd=150&Type=search", "url2": null }, "geometry": { "type": "Point", "coordinates": [ 139.5573034, 35.7502115 ] } },
{ "type": "Feature", "properties": { "内容": "デイセンター健康くらぶ【通所介護】東京都西東京市向台町6丁目7番22号", "url": "https://www.kaigokensaku.mhlw.go.jp/13/index.php?action_kouhyou_detail_004_kani=true&JigyosyoCd=1375424825-00&ServiceCd=150&Type=search", "url2": "http://www.relifeclub.jp" }, "geometry": { "type": "Point", "coordinates": [ 139.525333285652579, 35.721182714769448 ] } },
{ "type": "Feature", "properties": { "内容": "デイホームきむら【通所介護】東京都西東京芝久保町4-15-14", "url": "https://www.kaigokensaku.mhlw.go.jp/13/index.php?action_kouhyou_detail_004_kani=true&JigyosyoCd=1375425434-00&ServiceCd=150&Type=search", "url2": "https://swl-k.co.jp/" }, "geometry": { "type": "Point", "coordinates": [ 139.5217317, 35.7308776 ] } },
{ "type": "Feature", "properties": { "内容": "フィットネスデイ　りらいふ【通所介護】東京都西東京市田無町2-15-6Mエーベンタイル1階", "url": "https://www.kaigokensaku.mhlw.go.jp/13/index.php?action_kouhyou_detail_004_kani=true&JigyosyoCd=1375425053-00&ServiceCd=150&Type=search", "url2": "http://www.relifeclub.jp" }, "geometry": { "type": "Point", "coordinates": [ 139.54371660000001, 35.7285552 ] } },
{ "type": "Feature", "properties": { "内容": "高齢者在宅サービスセンターみずほ【通所介護】東京都西多摩郡瑞穂町箱根ヶ崎922－1", "url": "https://www.kaigokensaku.mhlw.go.jp/13/index.php?action_kouhyou_detail_004_kani=true&JigyosyoCd=1372400018-00&ServiceCd=150&Type=search", "url2": "https://www.tokiwakai.tokyo/" }, "geometry": { "type": "Point", "coordinates": [ 139.336780782278424, 35.790324089364979 ] } },
{ "type": "Feature", "properties": { "内容": "通所介護フラワープラム【通所介護】東京都西多摩郡瑞穂町長岡長谷部83番1", "url": "https://www.kaigokensaku.mhlw.go.jp/13/index.php?action_kouhyou_detail_004_kani=true&JigyosyoCd=1372400786-00&ServiceCd=150&Type=search", "url2": "http://flowerplum.jp" }, "geometry": { "type": "Point", "coordinates": [ 139.333502400000043, 35.7865893 ] } },
{ "type": "Feature", "properties": { "内容": "第2デイサービスセンター　お茶のみ処【通所介護】東京都西多摩郡瑞穂町大字二本木1319", "url": "https://www.kaigokensaku.mhlw.go.jp/13/index.php?action_kouhyou_detail_004_kani=true&JigyosyoCd=1372401206-00&ServiceCd=150&Type=search", "url2": "https://www.furounosato.org" }, "geometry": { "type": "Point", "coordinates": [ 139.3661525, 35.7907954 ] } },
{ "type": "Feature", "properties": { "内容": "杜の園ながおかデイサービスセンター【通所介護】東京都西多摩郡瑞穂町長岡下師岡372-4", "url": "https://www.kaigokensaku.mhlw.go.jp/13/index.php?action_kouhyou_detail_004_kani=true&JigyosyoCd=1372401115-00&ServiceCd=150&Type=search", "url2": "http://nanokakai.jp/nagaoka-ds" }, "geometry": { "type": "Point", "coordinates": [ 139.324344900000028, 35.781563798925831 ] } },
{ "type": "Feature", "properties": { "内容": "老人デイサービスセンター不老の郷【通所介護】東京都西多摩郡瑞穂町箱根ヶ崎182-1", "url": "https://www.kaigokensaku.mhlw.go.jp/13/index.php?action_kouhyou_detail_004_kani=true&JigyosyoCd=1372401008-00&ServiceCd=150&Type=search", "url2": "http://www.furounosato.org" }, "geometry": { "type": "Point", "coordinates": [ 139.351163289996606, 35.771212942798485 ] } },
{ "type": "Feature", "properties": { "内容": "在宅サービスセンター　ひので理想郷の園【通所介護】東京都西多摩郡日の出町平井3076", "url": "https://www.kaigokensaku.mhlw.go.jp/13/index.php?action_kouhyou_detail_004_kani=true&JigyosyoCd=1372400422-00&ServiceCd=150&Type=search", "url2": "http://www.h-sunrise.com/utopia_day" }, "geometry": { "type": "Point", "coordinates": [ 139.256413100000032, 35.7492415 ] } },
{ "type": "Feature", "properties": { "内容": "医療法人社団崎陽会　日の出ヶ丘デイサービス【通所介護】東京都西多摩郡日の出町大字大久野88-1ケアセンターおちあい", "url": "https://www.kaigokensaku.mhlw.go.jp/13/index.php?action_kouhyou_detail_004_kani=true&JigyosyoCd=1372401354-00&ServiceCd=150&Type=search", "url2": "http://www.hinodehp.com" }, "geometry": { "type": "Point", "coordinates": [ 139.251885899999934, 35.7426341 ] } },
{ "type": "Feature", "properties": { "内容": "大島町高齢者在宅サービスセンター【通所介護】東京都大島町元町字地の岡45番１", "url": "https://www.kaigokensaku.mhlw.go.jp/13/index.php?action_kouhyou_detail_004_kani=true&JigyosyoCd=1370300566-00&ServiceCd=150&Type=search", "url2": "http://care-net.biz/13/tubakinosato/" }, "geometry": { "type": "Point", "coordinates": [ 139.365013500000032, 34.7716926 ] } },
{ "type": "Feature", "properties": { "内容": "老人デイサービスセンター　神津島やすらぎの里【通所介護】東京都神津島村字沢尻１１番１", "url": "https://www.kaigokensaku.mhlw.go.jp/13/index.php?action_kouhyou_detail_004_kani=true&JigyosyoCd=1370300749-00&ServiceCd=150&Type=search", "url2": "http://www.kouzu-yasuragi.net/" }, "geometry": { "type": "Point", "coordinates": [ 139.133469159771721, 34.219360259365629 ] } },
{ "type": "Feature", "properties": { "内容": "老人デイサービスセンター　あじさいの里【通所介護】東京都三宅島三宅村阿古８０７番地１", "url": "https://www.kaigokensaku.mhlw.go.jp/13/index.php?action_kouhyou_detail_004_kani=true&JigyosyoCd=1370300301-00&ServiceCd=150&Type=search", "url2": "http://www.ajisainokai.jp/" }, "geometry": { "type": "Point", "coordinates": [ 139.484644399999979, 34.0658887 ] } },
{ "type": "Feature", "properties": { "内容": "八丈島高齢者在宅サービスセンター【通所介護】東京都八丈島八丈町大賀郷7670-1", "url": "https://www.kaigokensaku.mhlw.go.jp/13/index.php?action_kouhyou_detail_004_kani=true&JigyosyoCd=1370300640-00&ServiceCd=150&Type=search", "url2": "http://www.yowakai.sakura.ne.jp/" }, "geometry": { "type": "Point", "coordinates": [ 139.773146103630097, 33.109884970136761 ] } }
]
}
