{
"type": "FeatureCollection",
"name": "geo_13_認知症対応型通所介護",
"crs": { "type": "name", "properties": { "name": "urn:ogc:def:crs:OGC:1.3:CRS84" } },
"features": [
{ "type": "Feature", "properties": { "内容": "千代田区立岩本町高齢者在宅サービスセンター【認知症対応型通所介護】東京都千代田区岩本町２－１５－３", "url": "https://www.kaigokensaku.mhlw.go.jp/13/index.php?action_kouhyou_detail_004_kani=true&JigyosyoCd=1370100560-00&ServiceCd=720&Type=search", "url2": "http://www.tama-dhk.or.jp" }, "geometry": { "type": "Point", "coordinates": [ 139.777860299999929, 35.6945312 ] } },
{ "type": "Feature", "properties": { "内容": "千代田区立一番町高齢者在宅サービスセンター【認知症対応型通所介護】東京都千代田区一番町12番地", "url": "https://www.kaigokensaku.mhlw.go.jp/13/index.php?action_kouhyou_detail_004_kani=true&JigyosyoCd=1390100152-00&ServiceCd=720&Type=search", "url2": null }, "geometry": { "type": "Point", "coordinates": [ 139.739576099999965, 35.686900800000011 ] } },
{ "type": "Feature", "properties": { "内容": "デイサービスセンター　晴海苑【認知症対応型通所介護】東京都中央区晴海１－１－２６", "url": "https://www.kaigokensaku.mhlw.go.jp/13/index.php?action_kouhyou_detail_004_kani=true&JigyosyoCd=1390200051-00&ServiceCd=720&Type=search", "url2": "http://www.harumien.or.jp" }, "geometry": { "type": "Point", "coordinates": [ 139.787696800000049, 35.6619796 ] } },
{ "type": "Feature", "properties": { "内容": "中央区立高齢者在宅サービスセンター　マイホームはるみ【認知症対応型通所介護】東京都中央区晴海1丁目5番1号", "url": "https://www.kaigokensaku.mhlw.go.jp/13/index.php?action_kouhyou_detail_004_kani=true&JigyosyoCd=1390200143-00&ServiceCd=720&Type=search", "url2": "http://harumi.foryou.or.jp/" }, "geometry": { "type": "Point", "coordinates": [ 139.78445540000007, 35.659779700000023 ] } },
{ "type": "Feature", "properties": { "内容": "中央区立高齢者在宅サービスセンター　マイホーム新川【認知症対応型通所介護】東京都中央区新川２－２７－３", "url": "https://www.kaigokensaku.mhlw.go.jp/13/index.php?action_kouhyou_detail_004_kani=true&JigyosyoCd=1390200028-00&ServiceCd=720&Type=search", "url2": "http://www.san-ikukai.or.jp/chuo/shinkawa/" }, "geometry": { "type": "Point", "coordinates": [ 139.78397730000006, 35.6731006 ] } },
{ "type": "Feature", "properties": { "内容": "ニチイケアセンターしろかね【認知症対応型通所介護】東京都港区白金３－３－１", "url": "https://www.kaigokensaku.mhlw.go.jp/13/index.php?action_kouhyou_detail_004_kani=true&JigyosyoCd=1390300042-00&ServiceCd=720&Type=search", "url2": "http://www.nichiigakkan.co.jp" }, "geometry": { "type": "Point", "coordinates": [ 139.729096, 35.6463716 ] } },
{ "type": "Feature", "properties": { "内容": "デイサービスセンター新橋さくらの園　なごみ【認知症対応型通所介護】東京都港区新橋6-19-2", "url": "https://www.kaigokensaku.mhlw.go.jp/13/index.php?action_kouhyou_detail_004_kani=true&JigyosyoCd=1390300026-00&ServiceCd=720&Type=search", "url2": "http://www.fukushiplazasakuragawa.com/" }, "geometry": { "type": "Point", "coordinates": [ 139.753779500000064, 35.6612067 ] } },
{ "type": "Feature", "properties": { "内容": "港区立高齢者在宅サービスセンター　サン・サン赤坂【認知症対応型通所介護】東京都港区赤坂6-6-14", "url": "https://www.kaigokensaku.mhlw.go.jp/13/index.php?action_kouhyou_detail_004_kani=true&JigyosyoCd=1390300281-00&ServiceCd=720&Type=search", "url2": "http://www.seirouin.or.jp" }, "geometry": { "type": "Point", "coordinates": [ 139.737630699999954, 35.6699662 ] } },
{ "type": "Feature", "properties": { "内容": "港区立芝高齢者在宅サービスセンター【認知症対応型通所介護】東京都港区芝３丁目２４－５", "url": "https://www.kaigokensaku.mhlw.go.jp/13/index.php?action_kouhyou_detail_004_kani=true&JigyosyoCd=1390300265-00&ServiceCd=720&Type=search", "url2": "http://www.momohanokai.jp/shiba-ds" }, "geometry": { "type": "Point", "coordinates": [ 139.74812750000001, 35.6513966 ] } },
{ "type": "Feature", "properties": { "内容": "港区立北青山高齢者在宅サービスセンター【認知症対応型通所介護】東京都港区北青山1-6-1港区立北青山高齢者在宅サービスセンター", "url": "https://www.kaigokensaku.mhlw.go.jp/13/index.php?action_kouhyou_detail_004_kani=true&JigyosyoCd=1390300448-00&ServiceCd=720&Type=search", "url2": "https://www.seirouin.or.jp/kita-aoyama/" }, "geometry": { "type": "Point", "coordinates": [ 139.721742699999965, 35.673536800000015 ] } },
{ "type": "Feature", "properties": { "内容": "やわらぎ中落合【認知症対応型通所介護】東京都新宿区中落合２－２４－１３", "url": "https://www.kaigokensaku.mhlw.go.jp/13/index.php?action_kouhyou_detail_004_kani=true&JigyosyoCd=1370400770-00&ServiceCd=720&Type=search", "url2": null }, "geometry": { "type": "Point", "coordinates": [ 139.692924299999959, 35.7204478 ] } },
{ "type": "Feature", "properties": { "内容": "デイサービスセンター　聖母ホーム【認知症対応型通所介護】東京都新宿区中落合2-5-21", "url": "https://www.kaigokensaku.mhlw.go.jp/13/index.php?action_kouhyou_detail_004_kani=true&JigyosyoCd=1370401455-00&ServiceCd=720&Type=search", "url2": "http://www.seibohome.jp/" }, "geometry": { "type": "Point", "coordinates": [ 139.69462139999996, 35.719023 ] } },
{ "type": "Feature", "properties": { "内容": "北新宿高齢者在宅サービスセンター【認知症対応型通所介護】東京都新宿区北新宿３-27-6", "url": "https://www.kaigokensaku.mhlw.go.jp/13/index.php?action_kouhyou_detail_004_kani=true&JigyosyoCd=1370402883-00&ServiceCd=720&Type=search", "url2": "http://www.shinjuku-sj.jp" }, "geometry": { "type": "Point", "coordinates": [ 139.689861599999972, 35.7047912 ] } },
{ "type": "Feature", "properties": { "内容": "ほっとステーション【認知症対応型通所介護】東京都新宿区余丁町8番16号ネオメディトピア2階", "url": "https://www.kaigokensaku.mhlw.go.jp/13/index.php?action_kouhyou_detail_004_kani=true&JigyosyoCd=1370400846-00&ServiceCd=720&Type=search", "url2": "http://www.hothot.jp" }, "geometry": { "type": "Point", "coordinates": [ 139.715114500000027, 35.6977539 ] } },
{ "type": "Feature", "properties": { "内容": "ミアヘルサ　デイサービスきずな新宿【認知症対応型通所介護】東京都新宿区新宿5-1-19藤和番衆町コープ101", "url": "https://www.kaigokensaku.mhlw.go.jp/13/index.php?action_kouhyou_detail_004_kani=true&JigyosyoCd=1370401976-00&ServiceCd=720&Type=search", "url2": "http://www.merhalsa.jp" }, "geometry": { "type": "Point", "coordinates": [ 139.712598800000023, 35.6925629 ] } },
{ "type": "Feature", "properties": { "内容": "新宿区立百人町高齢者在宅サービスセンター【認知症対応型通所介護】東京都新宿区百人町三丁目３０番２号", "url": "https://www.kaigokensaku.mhlw.go.jp/13/index.php?action_kouhyou_detail_004_kani=true&JigyosyoCd=1370402875-00&ServiceCd=720&Type=search", "url2": "http://www.shinjuku-sj.jp/" }, "geometry": { "type": "Point", "coordinates": [ 139.694949800000018, 35.7061579 ] } },
{ "type": "Feature", "properties": { "内容": "デイサービスふぁみりぃ【認知症対応型通所介護】東京都新宿区高田馬場４－３１－１０ＦＬＡＴ　ＭＥＬＳ　１Ｆ", "url": "https://www.kaigokensaku.mhlw.go.jp/13/index.php?action_kouhyou_detail_004_kani=true&JigyosyoCd=1390400214-00&ServiceCd=720&Type=search", "url2": "https://nicecare.tokyo/" }, "geometry": { "type": "Point", "coordinates": [ 139.698885300000029, 35.7091188 ] } },
{ "type": "Feature", "properties": { "内容": "若葉高齢者在宅サービスセンター【認知症対応型通所介護】東京都新宿区若葉三丁目６番地", "url": "https://www.kaigokensaku.mhlw.go.jp/13/index.php?action_kouhyou_detail_004_kani=true&JigyosyoCd=1370402909-00&ServiceCd=720&Type=search", "url2": "http://www.shinjuku-sj.jp/" }, "geometry": { "type": "Point", "coordinates": [ 139.7233784, 35.6823643 ] } },
{ "type": "Feature", "properties": { "内容": "和楽　静華庵【認知症対応型通所介護】東京都新宿区上落合2-26-3１階", "url": "https://www.kaigokensaku.mhlw.go.jp/13/index.php?action_kouhyou_detail_004_kani=true&JigyosyoCd=1390400743-00&ServiceCd=720&Type=search", "url2": "https://www.c-ikkou.com" }, "geometry": { "type": "Point", "coordinates": [ 139.6864203, 35.7110309 ] } },
{ "type": "Feature", "properties": { "内容": "神楽坂静華庵【認知症対応型通所介護】東京都新宿区市谷山伏町2-2", "url": "https://www.kaigokensaku.mhlw.go.jp/13/index.php?action_kouhyou_detail_004_kani=true&JigyosyoCd=1390400735-00&ServiceCd=720&Type=search", "url2": "https://www.c-ikkou.com/" }, "geometry": { "type": "Point", "coordinates": [ 139.72766390000001, 35.6994206 ] } },
{ "type": "Feature", "properties": { "内容": "より処まんまる庵【認知症対応型通所介護】東京都新宿区高田馬場1-20-16", "url": "https://www.kaigokensaku.mhlw.go.jp/13/index.php?action_kouhyou_detail_004_kani=true&JigyosyoCd=1390400073-00&ServiceCd=720&Type=search", "url2": "http://www.yoridokoro.or.jp/day.html" }, "geometry": { "type": "Point", "coordinates": [ 139.705640099999982, 35.7091023 ] } },
{ "type": "Feature", "properties": { "内容": "デイサービスセンター　ゆしまの郷【認知症対応型通所介護】東京都文京区湯島3-29-10", "url": "https://www.kaigokensaku.mhlw.go.jp/13/index.php?action_kouhyou_detail_004_kani=true&JigyosyoCd=1370501494-00&ServiceCd=720&Type=search", "url2": "http://www.yushimanosato.jp/" }, "geometry": { "type": "Point", "coordinates": [ 139.768385500000022, 35.70701 ] } },
{ "type": "Feature", "properties": { "内容": "文京くすのき高齢者在宅サービスセンター【認知症対応型通所介護】東京都文京区大塚４－１８－１", "url": "https://www.kaigokensaku.mhlw.go.jp/13/index.php?action_kouhyou_detail_004_kani=true&JigyosyoCd=1390500054-00&ServiceCd=720&Type=search", "url2": "http://www.frontier-sw.or.jp" }, "geometry": { "type": "Point", "coordinates": [ 139.73469810000006, 35.724135 ] } },
{ "type": "Feature", "properties": { "内容": "小石川デイサービスセンター【認知症対応型通所介護】東京都文京区春日2-4-8", "url": "https://www.kaigokensaku.mhlw.go.jp/13/index.php?action_kouhyou_detail_004_kani=true&JigyosyoCd=1390500286-00&ServiceCd=720&Type=search", "url2": null }, "geometry": { "type": "Point", "coordinates": [ 139.7440139, 35.7096505 ] } },
{ "type": "Feature", "properties": { "内容": "泉湧く憩いの家【認知症対応型通所介護】東京都文京区千石二丁目31番9号", "url": "https://www.kaigokensaku.mhlw.go.jp/13/index.php?action_kouhyou_detail_004_kani=true&JigyosyoCd=1390500013-00&ServiceCd=720&Type=search", "url2": "http://www.izumiwaku-ie.jp/ikoi" }, "geometry": { "type": "Point", "coordinates": [ 139.741352400000011, 35.7249171 ] } },
{ "type": "Feature", "properties": { "内容": "台東区立たいとう高齢者在宅サービスセンター【認知症対応型通所介護】東京都台東区台東1-25-5", "url": "https://www.kaigokensaku.mhlw.go.jp/13/index.php?action_kouhyou_detail_004_kani=true&JigyosyoCd=1390600409-00&ServiceCd=720&Type=search", "url2": "http://kenshukai.kir.jp/taitou/" }, "geometry": { "type": "Point", "coordinates": [ 139.7777606, 35.701733 ] } },
{ "type": "Feature", "properties": { "内容": "あさくさ高齢者在宅サービスセンター【認知症対応型通所介護】東京都台東区浅草４－２６－２", "url": "https://www.kaigokensaku.mhlw.go.jp/13/index.php?action_kouhyou_detail_004_kani=true&JigyosyoCd=1390600383-00&ServiceCd=720&Type=search", "url2": "https://www.fresco-group.jp/" }, "geometry": { "type": "Point", "coordinates": [ 139.7935277, 35.7190401 ] } },
{ "type": "Feature", "properties": { "内容": "東京都台東区立りゅうせん高齢者在宅サービスセンター【認知症対応型通所介護】東京都台東区竜泉2-10-8特別養護老人ホーム竜泉・りゅうせん高齢者在宅サービスセンター", "url": "https://www.kaigokensaku.mhlw.go.jp/13/index.php?action_kouhyou_detail_004_kani=true&JigyosyoCd=1390600052-00&ServiceCd=720&Type=search", "url2": "https://ryusen.taitoswc.org/" }, "geometry": { "type": "Point", "coordinates": [ 139.789750545032604, 35.725626080716879 ] } },
{ "type": "Feature", "properties": { "内容": "墨田区はなみずき高齢者在宅サービスセンター【認知症対応型通所介護】東京都墨田区八広３－２２－１４", "url": "https://www.kaigokensaku.mhlw.go.jp/13/index.php?action_kouhyou_detail_004_kani=true&JigyosyoCd=1390700019-00&ServiceCd=720&Type=search", "url2": "http://www.san-ikukai.or.jp" }, "geometry": { "type": "Point", "coordinates": [ 139.827966400000037, 35.7184546 ] } },
{ "type": "Feature", "properties": { "内容": "墨田区なりひら高齢者在宅サービスセンター【認知症対応型通所介護】東京都墨田区業平5-6-2", "url": "https://www.kaigokensaku.mhlw.go.jp/13/index.php?action_kouhyou_detail_004_kani=true&JigyosyoCd=1390700407-00&ServiceCd=720&Type=search", "url2": "http://narihira.camellia-kai.com" }, "geometry": { "type": "Point", "coordinates": [ 139.818009399999937, 35.7070608 ] } },
{ "type": "Feature", "properties": { "内容": "介護老人保健施設ベレール向島わかくさクラブ【認知症対応型通所介護】東京都墨田区東向島2-36-11", "url": "https://www.kaigokensaku.mhlw.go.jp/13/index.php?action_kouhyou_detail_004_kani=true&JigyosyoCd=1390700266-00&ServiceCd=720&Type=search", "url2": "http://www.shirahigebashi-hp.info/belair/" }, "geometry": { "type": "Point", "coordinates": [ 139.818245, 35.7216321 ] } },
{ "type": "Feature", "properties": { "内容": "デイサービスセンターかねがふち【認知症対応型通所介護】東京都墨田区墨田3-41-16", "url": "https://www.kaigokensaku.mhlw.go.jp/13/index.php?action_kouhyou_detail_004_kani=true&JigyosyoCd=1390700670-00&ServiceCd=720&Type=search", "url2": "http://www.sukoyaka-fu.or.jp" }, "geometry": { "type": "Point", "coordinates": [ 139.8229584, 35.729973 ] } },
{ "type": "Feature", "properties": { "内容": "墨田区うめわか高齢者在宅サービスセンター【認知症対応型通所介護】東京都墨田区墨田１－４－４シルバープラザ梅若", "url": "https://www.kaigokensaku.mhlw.go.jp/13/index.php?action_kouhyou_detail_004_kani=true&JigyosyoCd=1390700050-00&ServiceCd=720&Type=search", "url2": "http://sumida-jigyodan.or.jp/silverplazaumewaka/dayservice/index" }, "geometry": { "type": "Point", "coordinates": [ 139.815325499999972, 35.7292732 ] } },
{ "type": "Feature", "properties": { "内容": "デイサービス笑門【認知症対応型通所介護】東京都墨田区八広３丁目15番14号", "url": "https://www.kaigokensaku.mhlw.go.jp/13/index.php?action_kouhyou_detail_004_kani=true&JigyosyoCd=1390700696-00&ServiceCd=720&Type=search", "url2": "https://tokyo-smile.jimdofree.com/" }, "geometry": { "type": "Point", "coordinates": [ 139.8272373, 35.7185664 ] } },
{ "type": "Feature", "properties": { "内容": "寿園サービスセンター【認知症対応型通所介護】東京都江東区北砂2丁目1番16号", "url": "https://www.kaigokensaku.mhlw.go.jp/13/index.php?action_kouhyou_detail_004_kani=true&JigyosyoCd=1370800615-00&ServiceCd=720&Type=search", "url2": "http://www.kotokotobukikai.com" }, "geometry": { "type": "Point", "coordinates": [ 139.8268549, 35.679022 ] } },
{ "type": "Feature", "properties": { "内容": "デイサービスセンターらん花園【認知症対応型通所介護】東京都江東区塩浜2-7-2", "url": "https://www.kaigokensaku.mhlw.go.jp/13/index.php?action_kouhyou_detail_004_kani=true&JigyosyoCd=1370800862-00&ServiceCd=720&Type=search", "url2": "http://rankaen-kaigo.com" }, "geometry": { "type": "Point", "coordinates": [ 139.80660290000003, 35.6618658 ] } },
{ "type": "Feature", "properties": { "内容": "コスモス高齢者在宅サービスセンター【認知症対応型通所介護】東京都江東区大島9-6-16", "url": "https://www.kaigokensaku.mhlw.go.jp/13/index.php?action_kouhyou_detail_004_kani=true&JigyosyoCd=1370801381-00&ServiceCd=720&Type=search", "url2": null }, "geometry": { "type": "Point", "coordinates": [ 139.844829399999981, 35.693149 ] } },
{ "type": "Feature", "properties": { "内容": "三井陽光苑　高齢者在宅サービスセンター【認知症対応型通所介護】東京都江東区新砂3-3-37", "url": "https://www.kaigokensaku.mhlw.go.jp/13/index.php?action_kouhyou_detail_004_kani=true&JigyosyoCd=1370801407-00&ServiceCd=720&Type=search", "url2": "https://www.mitsuihosp.or.jp/youkouen/" }, "geometry": { "type": "Point", "coordinates": [ 139.8324973, 35.6649381 ] } },
{ "type": "Feature", "properties": { "内容": "深川愛の園デイサービスセンター【認知症対応型通所介護】東京都江東区富岡1-15-9深川えんみち", "url": "https://www.kaigokensaku.mhlw.go.jp/13/index.php?action_kouhyou_detail_004_kani=true&JigyosyoCd=1370800508-00&ServiceCd=720&Type=search", "url2": "https://seikyusyu.or.jp/" }, "geometry": { "type": "Point", "coordinates": [ 139.798422799999969, 35.672192600000024 ] } },
{ "type": "Feature", "properties": { "内容": "南砂高齢者在宅サービスセンター【認知症対応型通所介護】東京都江東区南砂2-3-5102", "url": "https://www.kaigokensaku.mhlw.go.jp/13/index.php?action_kouhyou_detail_004_kani=true&JigyosyoCd=1370802447-00&ServiceCd=720&Type=search", "url2": "http://www.kotokotobukikai.com" }, "geometry": { "type": "Point", "coordinates": [ 139.822559500000011, 35.6704754 ] } },
{ "type": "Feature", "properties": { "内容": "亀戸高齢者在宅サービスセンター【認知症対応型通所介護】東京都江東区亀戸4-21-13", "url": "https://www.kaigokensaku.mhlw.go.jp/13/index.php?action_kouhyou_detail_004_kani=true&JigyosyoCd=1370802538-00&ServiceCd=720&Type=search", "url2": "https://www.asokakai.or.jp/" }, "geometry": { "type": "Point", "coordinates": [ 139.8265477, 35.7026473 ] } },
{ "type": "Feature", "properties": { "内容": "東陽高齢者在宅サービスセンター【認知症対応型通所介護】東京都江東区東陽６－２－１７高齢者総合福祉センター", "url": "https://www.kaigokensaku.mhlw.go.jp/13/index.php?action_kouhyou_detail_004_kani=true&JigyosyoCd=1370802561-00&ServiceCd=720&Type=search", "url2": "http://www.asokakai.or.jp" }, "geometry": { "type": "Point", "coordinates": [ 139.812371399999961, 35.6748338 ] } },
{ "type": "Feature", "properties": { "内容": "古石場高齢者在宅サービスセンター【認知症対応型通所介護】東京都江東区古石場2-14-1ウェルタワー深川101", "url": "https://www.kaigokensaku.mhlw.go.jp/13/index.php?action_kouhyou_detail_004_kani=true&JigyosyoCd=1370802595-00&ServiceCd=720&Type=search", "url2": "http://www.asokakai.or.jp" }, "geometry": { "type": "Point", "coordinates": [ 139.800011899999959, 35.6671486 ] } },
{ "type": "Feature", "properties": { "内容": "大島高齢者在宅サービスセンター【認知症対応型通所介護】東京都江東区大島6-14-4103", "url": "https://www.kaigokensaku.mhlw.go.jp/13/index.php?action_kouhyou_detail_004_kani=true&JigyosyoCd=1370802637-00&ServiceCd=720&Type=search", "url2": "http://asokakai.or.jp/" }, "geometry": { "type": "Point", "coordinates": [ 139.8363051, 35.6929988 ] } },
{ "type": "Feature", "properties": { "内容": "白河高齢者在宅サービスセンター【認知症対応型通所介護】東京都江東区白河3-4-3イーストコモンズ清澄白河フロント201号", "url": "https://www.kaigokensaku.mhlw.go.jp/13/index.php?action_kouhyou_detail_004_kani=true&JigyosyoCd=1390800082-00&ServiceCd=720&Type=search", "url2": "http://www.asokakai.or.jp/shirakawa/index.html" }, "geometry": { "type": "Point", "coordinates": [ 139.805763699999943, 35.6821635 ] } },
{ "type": "Feature", "properties": { "内容": "いちばん星のいえ【認知症対応型通所介護】東京都江東区常盤2‐12‐5", "url": "https://www.kaigokensaku.mhlw.go.jp/13/index.php?action_kouhyou_detail_004_kani=true&JigyosyoCd=1390800660-00&ServiceCd=720&Type=search", "url2": "http://www.ichibanboshi-care.com/" }, "geometry": { "type": "Point", "coordinates": [ 139.7974098, 35.685179 ] } },
{ "type": "Feature", "properties": { "内容": "ミモザ品川八潮【認知症対応型通所介護】東京都品川区八潮5-5-7", "url": "https://www.kaigokensaku.mhlw.go.jp/13/index.php?action_kouhyou_detail_004_kani=true&JigyosyoCd=1390900080-00&ServiceCd=720&Type=search", "url2": "http://www.mimoza-care.jp/" }, "geometry": { "type": "Point", "coordinates": [ 139.750141, 35.5989279 ] } },
{ "type": "Feature", "properties": { "内容": "東品川在宅サービスセンター【認知症対応型通所介護】東京都品川区東品川３－１－５", "url": "https://www.kaigokensaku.mhlw.go.jp/13/index.php?action_kouhyou_detail_004_kani=true&JigyosyoCd=1370900670-00&ServiceCd=720&Type=search", "url2": "http://www.fukueikai.or.jp" }, "geometry": { "type": "Point", "coordinates": [ 139.747333726458692, 35.617138456377894 ] } },
{ "type": "Feature", "properties": { "内容": "品川区立荏原在宅サービスセンター【認知症対応型通所介護】東京都品川区荏原2-9-6", "url": "https://www.kaigokensaku.mhlw.go.jp/13/index.php?action_kouhyou_detail_004_kani=true&JigyosyoCd=1370900803-00&ServiceCd=720&Type=search", "url2": "http://www.santokukai.com/" }, "geometry": { "type": "Point", "coordinates": [ 139.711112400000047, 35.6170912 ] } },
{ "type": "Feature", "properties": { "内容": "品川区立中延在宅サービスセンター【認知症対応型通所介護】東京都品川区中延６－８－８", "url": "https://www.kaigokensaku.mhlw.go.jp/13/index.php?action_kouhyou_detail_004_kani=true&JigyosyoCd=1370900845-00&ServiceCd=720&Type=search", "url2": "http://shinafuku.com" }, "geometry": { "type": "Point", "coordinates": [ 139.711190699999946, 35.6018125 ] } },
{ "type": "Feature", "properties": { "内容": "西五反田在宅サービスセンター【認知症対応型通所介護】東京都品川区西五反田三丁目６番６号西五反田高齢者複合施設", "url": "https://www.kaigokensaku.mhlw.go.jp/13/index.php?action_kouhyou_detail_004_kani=true&JigyosyoCd=1370902049-00&ServiceCd=720&Type=search", "url2": "http://www.sakurakai.jp" }, "geometry": { "type": "Point", "coordinates": [ 139.716964299999972, 35.6281179 ] } },
{ "type": "Feature", "properties": { "内容": "認知症対応型通所介護　くおりあ・湯～亀【認知症対応型通所介護】東京都品川区旗の台４－５－１７ｶﾞｰﾃﾞｨｱﾝﾌﾟﾚｲｽ旗の台", "url": "https://www.kaigokensaku.mhlw.go.jp/13/index.php?action_kouhyou_detail_004_kani=true&JigyosyoCd=1390900197-00&ServiceCd=720&Type=search", "url2": null }, "geometry": { "type": "Point", "coordinates": [ 139.705567987696924, 35.602610278385875 ] } },
{ "type": "Feature", "properties": { "内容": "品川区立戸越台在宅サービスセンター【認知症対応型通所介護】東京都品川区戸越１－１５－２３", "url": "https://www.kaigokensaku.mhlw.go.jp/13/index.php?action_kouhyou_detail_004_kani=true&JigyosyoCd=1370900761-00&ServiceCd=720&Type=search", "url2": "http://www.santokukai.com/" }, "geometry": { "type": "Point", "coordinates": [ 139.7179554, 35.6155338 ] } },
{ "type": "Feature", "properties": { "内容": "品川区立大崎在宅サービスセンター【認知症対応型通所介護】東京都品川区大崎２－１１－１大崎ウィズタワー事務所棟1階・2階", "url": "https://www.kaigokensaku.mhlw.go.jp/13/index.php?action_kouhyou_detail_004_kani=true&JigyosyoCd=1390900262-00&ServiceCd=720&Type=search", "url2": "http://www.fukueikai.or.jp" }, "geometry": { "type": "Point", "coordinates": [ 139.729523328016654, 35.617145462925592 ] } },
{ "type": "Feature", "properties": { "内容": "品川区立小山在宅サービスセンター【認知症対応型通所介護】東京都品川区小山7-14-18", "url": "https://www.kaigokensaku.mhlw.go.jp/13/index.php?action_kouhyou_detail_004_kani=true&JigyosyoCd=1370900811-00&ServiceCd=720&Type=search", "url2": "http://www.santokukai.com" }, "geometry": { "type": "Point", "coordinates": [ 139.696483400000034, 35.6090057 ] } },
{ "type": "Feature", "properties": { "内容": "品川区立大井在宅サービスセンター【認知症対応型通所介護】東京都品川区大井４－１４－８", "url": "https://www.kaigokensaku.mhlw.go.jp/13/index.php?action_kouhyou_detail_004_kani=true&JigyosyoCd=1370900837-00&ServiceCd=720&Type=search", "url2": "http://www.shinafuku.org" }, "geometry": { "type": "Point", "coordinates": [ 139.732825199999979, 35.6018798 ] } },
{ "type": "Feature", "properties": { "内容": "品川区立月見橋在宅サービスセンター【認知症対応型通所介護】東京都品川区南大井３－７－１０月見橋の家", "url": "https://www.kaigokensaku.mhlw.go.jp/13/index.php?action_kouhyou_detail_004_kani=true&JigyosyoCd=1370901207-00&ServiceCd=720&Type=search", "url2": "http://www.sakurakai.jp" }, "geometry": { "type": "Point", "coordinates": [ 139.734651852114922, 35.591515382710966 ] } },
{ "type": "Feature", "properties": { "内容": "東が丘デイホームしいの木【認知症対応型通所介護】東京都目黒区東が丘1-6-4", "url": "https://www.kaigokensaku.mhlw.go.jp/13/index.php?action_kouhyou_detail_004_kani=true&JigyosyoCd=1391000229-00&ServiceCd=720&Type=search", "url2": "http://www.meguro-fukushi.jp/" }, "geometry": { "type": "Point", "coordinates": [ 139.670513, 35.6263556 ] } },
{ "type": "Feature", "properties": { "内容": "デイサービスセンターこぶしえん【認知症対応型通所介護】東京都目黒区下目黒6-18-2", "url": "https://www.kaigokensaku.mhlw.go.jp/13/index.php?action_kouhyou_detail_004_kani=true&JigyosyoCd=1391000583-00&ServiceCd=720&Type=search", "url2": "https://tokushinkai.jp/" }, "geometry": { "type": "Point", "coordinates": [ 139.6968362, 35.6286658 ] } },
{ "type": "Feature", "properties": { "内容": "東山デイホームいちょう【認知症対応型通所介護】東京都目黒区東山3-24-6", "url": "https://www.kaigokensaku.mhlw.go.jp/13/index.php?action_kouhyou_detail_004_kani=true&JigyosyoCd=1391000237-00&ServiceCd=720&Type=search", "url2": "http://www.meguro-fukushi.jp" }, "geometry": { "type": "Point", "coordinates": [ 139.685436, 35.6473507 ] } },
{ "type": "Feature", "properties": { "内容": "田道地域密着型デイサービス【認知症対応型通所介護】東京都目黒区目黒1-25-26田道ふれあい館1階", "url": "https://www.kaigokensaku.mhlw.go.jp/13/index.php?action_kouhyou_detail_004_kani=true&JigyosyoCd=1391000526-00&ServiceCd=720&Type=search", "url2": null }, "geometry": { "type": "Point", "coordinates": [ 139.7082575, 35.6367586 ] } },
{ "type": "Feature", "properties": { "内容": "高齢者在宅サービスセンターやぐち南【認知症対応型通所介護】東京都大田区矢口１－２３－１２", "url": "https://www.kaigokensaku.mhlw.go.jp/13/index.php?action_kouhyou_detail_004_kani=true&JigyosyoCd=1371101336-00&ServiceCd=720&Type=search", "url2": "http://www.hakuyokai.org/" }, "geometry": { "type": "Point", "coordinates": [ 139.694700600000033, 35.56587 ] } },
{ "type": "Feature", "properties": { "内容": "大田翔裕園【認知症対応型通所介護】東京都大田区東六郷1-12-12", "url": "https://www.kaigokensaku.mhlw.go.jp/13/index.php?action_kouhyou_detail_004_kani=true&JigyosyoCd=1371103746-00&ServiceCd=720&Type=search", "url2": "http://www.chojumura.or.jp" }, "geometry": { "type": "Point", "coordinates": [ 139.720084499999984, 35.5534691 ] } },
{ "type": "Feature", "properties": { "内容": "池上高齢者在宅サービスセンター【認知症対応型通所介護】東京都大田区仲池上二丁目24番8号", "url": "https://www.kaigokensaku.mhlw.go.jp/13/index.php?action_kouhyou_detail_004_kani=true&JigyosyoCd=1391100359-00&ServiceCd=720&Type=search", "url2": "https://www.ikegami.or.jp/" }, "geometry": { "type": "Point", "coordinates": [ 139.697843299999931, 35.5847507 ] } },
{ "type": "Feature", "properties": { "内容": "デイサービスセンターフロース東糀谷【認知症対応型通所介護】東京都大田区東糀谷六丁目４番１７号サンタフェガーデンヒルズ", "url": "https://www.kaigokensaku.mhlw.go.jp/13/index.php?action_kouhyou_detail_004_kani=true&JigyosyoCd=1391100151-00&ServiceCd=720&Type=search", "url2": "http://www.zenkoukai.jp/" }, "geometry": { "type": "Point", "coordinates": [ 139.751026599999932, 35.5592414 ] } },
{ "type": "Feature", "properties": { "内容": "大田区立たまがわ高齢者在宅サービスセンター【認知症対応型通所介護】東京都大田区下丸子４丁目２３番１号", "url": "https://www.kaigokensaku.mhlw.go.jp/13/index.php?action_kouhyou_detail_004_kani=true&JigyosyoCd=1391100409-00&ServiceCd=720&Type=search", "url2": "http://www.ikegami.or.jp" }, "geometry": { "type": "Point", "coordinates": [ 139.679046400000061, 35.5710165 ] } },
{ "type": "Feature", "properties": { "内容": "大田区立蒲田高齢者在宅サービスセンター【認知症対応型通所介護】東京都大田区蒲田2-8-8大田区立特別養護老人ホーム蒲田１F", "url": "https://www.kaigokensaku.mhlw.go.jp/13/index.php?action_kouhyou_detail_004_kani=true&JigyosyoCd=1391100375-00&ServiceCd=720&Type=search", "url2": "kamata.@ikgami.or.jp" }, "geometry": { "type": "Point", "coordinates": [ 139.7270034, 35.5662389 ] } },
{ "type": "Feature", "properties": { "内容": "大田区立糀谷高齢者在宅サービスセンター【認知症対応型通所介護】東京都大田区蒲田２－８－８", "url": "https://www.kaigokensaku.mhlw.go.jp/13/index.php?action_kouhyou_detail_004_kani=true&JigyosyoCd=1391100417-00&ServiceCd=720&Type=search", "url2": "http://www.ikegami.or.jp" }, "geometry": { "type": "Point", "coordinates": [ 139.726964893299083, 35.566230015145166 ] } },
{ "type": "Feature", "properties": { "内容": "羽田高齢者在宅サービスセンター【認知症対応型通所介護】東京都大田区本羽田3-23-45", "url": "https://www.kaigokensaku.mhlw.go.jp/13/index.php?action_kouhyou_detail_004_kani=true&JigyosyoCd=1391100334-00&ServiceCd=720&Type=search", "url2": "http://www.ikegami.or.jp" }, "geometry": { "type": "Point", "coordinates": [ 139.736051800000013, 35.5458903 ] } },
{ "type": "Feature", "properties": { "内容": "大森高齢者在宅サービスセンター【認知症対応型通所介護】東京都大田区大森西１－１６－１８特別養護老人ホーム大森　4階", "url": "https://www.kaigokensaku.mhlw.go.jp/13/index.php?action_kouhyou_detail_004_kani=true&JigyosyoCd=1391100391-00&ServiceCd=720&Type=search", "url2": "https://www.ikegami.or.jp" }, "geometry": { "type": "Point", "coordinates": [ 139.725124400000027, 35.5757161 ] } },
{ "type": "Feature", "properties": { "内容": "デイサービスセンター　たのしいデイなかまごめ【認知症対応型通所介護】東京都大田区中馬込2-9-11", "url": "https://www.kaigokensaku.mhlw.go.jp/13/index.php?action_kouhyou_detail_004_kani=true&JigyosyoCd=1391100854-00&ServiceCd=720&Type=search", "url2": "https://www.tanoshii-ie.jp/" }, "geometry": { "type": "Point", "coordinates": [ 139.708708, 35.5962382 ] } },
{ "type": "Feature", "properties": { "内容": "デイサービス・ふれあいハート【認知症対応型通所介護】東京都大田区羽田２－３１－１ハートビル１Ｆ", "url": "https://www.kaigokensaku.mhlw.go.jp/13/index.php?action_kouhyou_detail_004_kani=true&JigyosyoCd=1371103688-00&ServiceCd=720&Type=search", "url2": "http://www.heart-haneda.net/" }, "geometry": { "type": "Point", "coordinates": [ 139.742614099999969, 35.5457431 ] } },
{ "type": "Feature", "properties": { "内容": "株式会社ケアサービス　デイサービスセンター大森中【認知症対応型通所介護】東京都大田区大森中1-4-3エンゼルハイム1階", "url": "https://www.kaigokensaku.mhlw.go.jp/13/index.php?action_kouhyou_detail_004_kani=true&JigyosyoCd=1371104561-00&ServiceCd=720&Type=search", "url2": "http://www.care.co.jp" }, "geometry": { "type": "Point", "coordinates": [ 139.734379699999977, 35.5711086 ] } },
{ "type": "Feature", "properties": { "内容": "大田区立矢口高齢者在宅サービスセンター【認知症対応型通所介護】東京都大田区新蒲田2-12-18", "url": "https://www.kaigokensaku.mhlw.go.jp/13/index.php?action_kouhyou_detail_004_kani=true&JigyosyoCd=1391100342-00&ServiceCd=720&Type=search", "url2": "http://www.ikegami.or.jp/facility/03/pg11.html" }, "geometry": { "type": "Point", "coordinates": [ 139.703547403041057, 35.560021323874466 ] } },
{ "type": "Feature", "properties": { "内容": "社会福祉法人　池上長寿園　　大田区立下丸子高齢者在宅サービスセンター【認知症対応型通所介護】東京都大田区下丸子4丁目25番1号", "url": "https://www.kaigokensaku.mhlw.go.jp/13/index.php?action_kouhyou_detail_004_kani=true&JigyosyoCd=1391100433-00&ServiceCd=720&Type=search", "url2": "http://www.ikegami.or.jp/" }, "geometry": { "type": "Point", "coordinates": [ 139.677937400000019, 35.5722977 ] } },
{ "type": "Feature", "properties": { "内容": "寿夢の家【認知症対応型通所介護】東京都大田区東馬込１－４２－５", "url": "https://www.kaigokensaku.mhlw.go.jp/13/index.php?action_kouhyou_detail_004_kani=true&JigyosyoCd=1391100052-00&ServiceCd=720&Type=search", "url2": null }, "geometry": { "type": "Point", "coordinates": [ 139.716893300000038, 35.5958357 ] } },
{ "type": "Feature", "properties": { "内容": "デイ・サロン友の里山王【認知症対応型通所介護】東京都大田区山王2-31-4", "url": "https://www.kaigokensaku.mhlw.go.jp/13/index.php?action_kouhyou_detail_004_kani=true&JigyosyoCd=1391100474-00&ServiceCd=720&Type=search", "url2": "http://www.total-care-servise.co.jp" }, "geometry": { "type": "Point", "coordinates": [ 139.722565499999973, 35.5889949 ] } },
{ "type": "Feature", "properties": { "内容": "デイサービスセンター仲池上【認知症対応型通所介護】東京都大田区仲池上1-21-4", "url": "https://www.kaigokensaku.mhlw.go.jp/13/index.php?action_kouhyou_detail_004_kani=true&JigyosyoCd=1391100714-00&ServiceCd=720&Type=search", "url2": "http://www.care.co.jp/" }, "geometry": { "type": "Point", "coordinates": [ 139.698226500000033, 35.586206 ] } },
{ "type": "Feature", "properties": { "内容": "デイサービスセンターほのか東矢口【認知症対応型通所介護】東京都大田区東矢口2-6-24", "url": "https://www.kaigokensaku.mhlw.go.jp/13/index.php?action_kouhyou_detail_004_kani=true&JigyosyoCd=1391100136-00&ServiceCd=720&Type=search", "url2": "http://www.outoukai.com/" }, "geometry": { "type": "Point", "coordinates": [ 139.698369599999978, 35.565309 ] } },
{ "type": "Feature", "properties": { "内容": "デイサロンかたくりの里　六郷【認知症対応型通所介護】東京都大田区西六郷4-21-8", "url": "https://www.kaigokensaku.mhlw.go.jp/13/index.php?action_kouhyou_detail_004_kani=true&JigyosyoCd=1391100623-00&ServiceCd=720&Type=search", "url2": null }, "geometry": { "type": "Point", "coordinates": [ 139.705211720232199, 35.541847060925541 ] } },
{ "type": "Feature", "properties": { "内容": "デイホーム語らいの家【認知症対応型通所介護】東京都世田谷区上祖師谷6-7-28", "url": "https://www.kaigokensaku.mhlw.go.jp/13/index.php?action_kouhyou_detail_004_kani=true&JigyosyoCd=1391200548-00&ServiceCd=720&Type=search", "url2": "http://www.npo-katarai.jp/" }, "geometry": { "type": "Point", "coordinates": [ 139.597273500000028, 35.6582777 ] } },
{ "type": "Feature", "properties": { "内容": "デイ・ホーム千歳【認知症対応型通所介護】東京都世田谷区給田　５－９－５", "url": "https://www.kaigokensaku.mhlw.go.jp/13/index.php?action_kouhyou_detail_004_kani=true&JigyosyoCd=1371201581-00&ServiceCd=720&Type=search", "url2": null }, "geometry": { "type": "Point", "coordinates": [ 139.5858349, 35.672106 ] } },
{ "type": "Feature", "properties": { "内容": "フレンズ　ケアセンター【認知症対応型通所介護】東京都世田谷区下馬２－２１－１１", "url": "https://www.kaigokensaku.mhlw.go.jp/13/index.php?action_kouhyou_detail_004_kani=true&JigyosyoCd=1371201169-00&ServiceCd=720&Type=search", "url2": "http://www.n-friends.or.jp" }, "geometry": { "type": "Point", "coordinates": [ 139.675889899999987, 35.6401763 ] } },
{ "type": "Feature", "properties": { "内容": "デイサービスセンターきたざわ苑【認知症対応型通所介護】東京都世田谷区北沢5-24-18", "url": "https://www.kaigokensaku.mhlw.go.jp/13/index.php?action_kouhyou_detail_004_kani=true&JigyosyoCd=1371202316-00&ServiceCd=720&Type=search", "url2": "https://www.shoukichi.org/kitazawa/" }, "geometry": { "type": "Point", "coordinates": [ 139.671049399999987, 35.670227 ] } },
{ "type": "Feature", "properties": { "内容": "デイサービスセンター梅ヶ丘【認知症対応型通所介護】東京都世田谷区松原六丁目37番地1号東京リハビリテーションセンター世田谷", "url": "https://www.kaigokensaku.mhlw.go.jp/13/index.php?action_kouhyou_detail_004_kani=true&JigyosyoCd=1391201298-00&ServiceCd=720&Type=search", "url2": "http://www.tokyo-rehabili.jp" }, "geometry": { "type": "Point", "coordinates": [ 139.650629400000071, 35.6576848 ] } },
{ "type": "Feature", "properties": { "内容": "デイホーム三宿【認知症対応型通所介護】東京都世田谷区三宿1-8-10山元ビル", "url": "https://www.kaigokensaku.mhlw.go.jp/13/index.php?action_kouhyou_detail_004_kani=true&JigyosyoCd=1391200035-00&ServiceCd=720&Type=search", "url2": "http://koureikyou.jp" }, "geometry": { "type": "Point", "coordinates": [ 139.675853500000017, 35.6500973 ] } },
{ "type": "Feature", "properties": { "内容": "デイホーム赤堤【認知症対応型通所介護】東京都世田谷区赤堤１－３７－１１", "url": "https://www.kaigokensaku.mhlw.go.jp/13/index.php?action_kouhyou_detail_004_kani=true&JigyosyoCd=1371201342-00&ServiceCd=720&Type=search", "url2": "http://fukinotoh.mow.jp/" }, "geometry": { "type": "Point", "coordinates": [ 139.6382648, 35.6553319 ] } },
{ "type": "Feature", "properties": { "内容": "高齢者在宅サービスセンター　デイ・ホーム玉川田園調布【認知症対応型通所介護】東京都世田谷区玉川田園調布２－１６－１２", "url": "https://www.kaigokensaku.mhlw.go.jp/13/index.php?action_kouhyou_detail_004_kani=true&JigyosyoCd=1371201417-00&ServiceCd=720&Type=search", "url2": "http://rougo-happy.or.jp/" }, "geometry": { "type": "Point", "coordinates": [ 139.665436399999976, 35.6028944 ] } },
{ "type": "Feature", "properties": { "内容": "高齢者在宅サービスセンター　デイ・ホーム中町【認知症対応型通所介護】東京都世田谷区中町４－１５－２１", "url": "https://www.kaigokensaku.mhlw.go.jp/13/index.php?action_kouhyou_detail_004_kani=true&JigyosyoCd=1371201425-00&ServiceCd=720&Type=search", "url2": "http://rougo-happy.or.jp/" }, "geometry": { "type": "Point", "coordinates": [ 139.6447657, 35.6181146 ] } },
{ "type": "Feature", "properties": { "内容": "デイ・ホーム中丸【認知症対応型通所介護】東京都世田谷区野沢３－２５－１０", "url": "https://www.kaigokensaku.mhlw.go.jp/13/index.php?action_kouhyou_detail_004_kani=true&JigyosyoCd=1371202233-00&ServiceCd=720&Type=search", "url2": "http://www.n-friennds.or.jp" }, "geometry": { "type": "Point", "coordinates": [ 139.6748708, 35.6324078 ] } },
{ "type": "Feature", "properties": { "内容": "デイホーム桜丘【認知症対応型通所介護】東京都世田谷区桜丘１－１９－２２", "url": "https://www.kaigokensaku.mhlw.go.jp/13/index.php?action_kouhyou_detail_004_kani=true&JigyosyoCd=1371202258-00&ServiceCd=720&Type=search", "url2": "http://fukinotoh.mow.jp/" }, "geometry": { "type": "Point", "coordinates": [ 139.630168700000013, 35.6452082 ] } },
{ "type": "Feature", "properties": { "内容": "生活協同組合パルシステム東京デイサービスセンター「上町陽だまり」だんらん【認知症対応型通所介護】東京都世田谷区世田谷2-8-2", "url": "https://www.kaigokensaku.mhlw.go.jp/13/index.php?action_kouhyou_detail_004_kani=true&JigyosyoCd=1391200290-00&ServiceCd=720&Type=search", "url2": "http://www.palsystem-tokyo.coop/" }, "geometry": { "type": "Point", "coordinates": [ 139.644753600000058, 35.643553 ] } },
{ "type": "Feature", "properties": { "内容": "デイサービスすずらん梅丘【認知症対応型通所介護】東京都世田谷区梅丘１－５９－９第２ツノダビル1階", "url": "https://www.kaigokensaku.mhlw.go.jp/13/index.php?action_kouhyou_detail_004_kani=true&JigyosyoCd=1391200217-00&ServiceCd=720&Type=search", "url2": "http://care-net.biz/13/suzuran/" }, "geometry": { "type": "Point", "coordinates": [ 139.649864, 35.6528352 ] } },
{ "type": "Feature", "properties": { "内容": "デイサービスセンターほのか千歳台【認知症対応型通所介護】東京都世田谷区千歳台３－２６－１５", "url": "https://www.kaigokensaku.mhlw.go.jp/13/index.php?action_kouhyou_detail_004_kani=true&JigyosyoCd=1391200274-00&ServiceCd=720&Type=search", "url2": "http://outoukai.or.jp" }, "geometry": { "type": "Point", "coordinates": [ 139.614033400000039, 35.6539149 ] } },
{ "type": "Feature", "properties": { "内容": "サロンデイ　語らいの家【認知症対応型通所介護】東京都世田谷区成城４－３－２３", "url": "https://www.kaigokensaku.mhlw.go.jp/13/index.php?action_kouhyou_detail_004_kani=true&JigyosyoCd=1391200282-00&ServiceCd=720&Type=search", "url2": "http://www.npo-katarai.ne.jp" }, "geometry": { "type": "Point", "coordinates": [ 139.593908300000066, 35.6395276 ] } },
{ "type": "Feature", "properties": { "内容": "共用デイ花みず木【認知症対応型通所介護】東京都世田谷区岡本３−１９−９", "url": "https://www.kaigokensaku.mhlw.go.jp/13/index.php?action_kouhyou_detail_004_kani=true&JigyosyoCd=1391201215-00&ServiceCd=720&Type=search", "url2": "https://www.tanuki-pon.com" }, "geometry": { "type": "Point", "coordinates": [ 139.614657200000011, 35.628024400000015 ] } },
{ "type": "Feature", "properties": { "内容": "デイサービスセンターパール鉢山【認知症対応型通所介護】東京都渋谷区鉢山町3-27", "url": "https://www.kaigokensaku.mhlw.go.jp/13/index.php?action_kouhyou_detail_004_kani=true&JigyosyoCd=1371300342-00&ServiceCd=720&Type=search", "url2": "http://www.shibuya-pearl.or.jp" }, "geometry": { "type": "Point", "coordinates": [ 139.698751300000026, 35.6527949 ] } },
{ "type": "Feature", "properties": { "内容": "日本赤十字社総合福祉センター　特別養護老人ホームレクロス広尾　認知症対応型通所介護事業【認知症対応型通所介護】東京都渋谷区広尾４－１－２３日本赤十字社総合福祉センター", "url": "https://www.kaigokensaku.mhlw.go.jp/13/index.php?action_kouhyou_detail_004_kani=true&JigyosyoCd=1391300108-00&ServiceCd=720&Type=search", "url2": "https://hiroo.jrc.or.jp/" }, "geometry": { "type": "Point", "coordinates": [ 139.7194022, 35.6563423 ] } },
{ "type": "Feature", "properties": { "内容": "渋谷区総合ケアコミュニティ・せせらぎ高齢者在宅サービスセンター【認知症対応型通所介護】東京都渋谷区西原1-40-10", "url": "https://www.kaigokensaku.mhlw.go.jp/13/index.php?action_kouhyou_detail_004_kani=true&JigyosyoCd=1391300157-00&ServiceCd=720&Type=search", "url2": "http://www.foryou.or.jp" }, "geometry": { "type": "Point", "coordinates": [ 139.681896599999959, 35.6753084 ] } },
{ "type": "Feature", "properties": { "内容": "渋谷区かんなみの杜・渋谷高齢者在宅サービスセンター【認知症対応型通所介護】東京都渋谷区神南1-8-6", "url": "https://www.kaigokensaku.mhlw.go.jp/13/index.php?action_kouhyou_detail_004_kani=true&JigyosyoCd=1391300306-00&ServiceCd=720&Type=search", "url2": "http://www.enzerufukushikai.or.jp/facility/shibuya/" }, "geometry": { "type": "Point", "coordinates": [ 139.7009631, 35.664177 ] } },
{ "type": "Feature", "properties": { "内容": "渋谷区グループホーム笹塚高齢者在宅サービスセンター【認知症対応型通所介護】東京都渋谷区笹塚２－３３－９", "url": "https://www.kaigokensaku.mhlw.go.jp/13/index.php?action_kouhyou_detail_004_kani=true&JigyosyoCd=1391300231-00&ServiceCd=720&Type=search", "url2": "http://www.nakato.or.jp/" }, "geometry": { "type": "Point", "coordinates": [ 139.663845400000014, 35.6750773 ] } },
{ "type": "Feature", "properties": { "内容": "渋谷区ケアステーション笹幡高齢者在宅サービスセンター【認知症対応型通所介護】東京都渋谷区幡ヶ谷2-21-9", "url": "https://www.kaigokensaku.mhlw.go.jp/13/index.php?action_kouhyou_detail_004_kani=true&JigyosyoCd=1391300264-00&ServiceCd=720&Type=search", "url2": "http://www.foryou.or.jp" }, "geometry": { "type": "Point", "coordinates": [ 139.672497300000032, 35.6764468 ] } },
{ "type": "Feature", "properties": { "内容": "アルカディア【認知症対応型通所介護】東京都渋谷区恵比寿２－２５－１５", "url": "https://www.kaigokensaku.mhlw.go.jp/13/index.php?action_kouhyou_detail_004_kani=true&JigyosyoCd=1391300082-00&ServiceCd=720&Type=search", "url2": null }, "geometry": { "type": "Point", "coordinates": [ 139.720127400000024, 35.6467296 ] } },
{ "type": "Feature", "properties": { "内容": "弥生高齢者在宅サービスセンター【認知症対応型通所介護】東京都中野区弥生町3-33-8やよいの園", "url": "https://www.kaigokensaku.mhlw.go.jp/13/index.php?action_kouhyou_detail_004_kani=true&JigyosyoCd=1391400270-00&ServiceCd=720&Type=search", "url2": "https://www.foryou.or.jp/facility/yayoi/w065/" }, "geometry": { "type": "Point", "coordinates": [ 139.67434080000001, 35.688849400000016 ] } },
{ "type": "Feature", "properties": { "内容": "中野区かみさぎ高齢者在宅サービスセンター【認知症対応型通所介護】東京都中野区上鷺宮3-17-4", "url": "https://www.kaigokensaku.mhlw.go.jp/13/index.php?action_kouhyou_detail_004_kani=true&JigyosyoCd=1371400514-00&ServiceCd=720&Type=search", "url2": "http://care-net.biz/13/kamisagi/" }, "geometry": { "type": "Point", "coordinates": [ 139.631395600000019, 35.7351951 ] } },
{ "type": "Feature", "properties": { "内容": "ベタニア・デイ・ホーム星【認知症対応型通所介護】東京都中野区江古田３－１５－２", "url": "https://www.kaigokensaku.mhlw.go.jp/13/index.php?action_kouhyou_detail_004_kani=true&JigyosyoCd=1371400308-00&ServiceCd=720&Type=search", "url2": "http://www.bethania.gr.jp" }, "geometry": { "type": "Point", "coordinates": [ 139.664254, 35.7283465 ] } },
{ "type": "Feature", "properties": { "内容": "デイサービスセンター小淀ホーム【認知症対応型通所介護】東京都中野区中央１－１８－３", "url": "https://www.kaigokensaku.mhlw.go.jp/13/index.php?action_kouhyou_detail_004_kani=true&JigyosyoCd=1371401553-00&ServiceCd=720&Type=search", "url2": "http://www.nakano-fj.jp" }, "geometry": { "type": "Point", "coordinates": [ 139.687221880287183, 35.700169423763342 ] } },
{ "type": "Feature", "properties": { "内容": "デイサービスセンター江古田の森【認知症対応型通所介護】東京都中野区江古田3-14-19", "url": "https://www.kaigokensaku.mhlw.go.jp/13/index.php?action_kouhyou_detail_004_kani=true&JigyosyoCd=1391400031-00&ServiceCd=720&Type=search", "url2": "http://www.minamitohoku.or.jp/st-welfare.htm" }, "geometry": { "type": "Point", "coordinates": [ 139.665365, 35.729588 ] } },
{ "type": "Feature", "properties": { "内容": "生活協同組合　パルシステム東京　デイサービスセンター「中野陽だまり」だんらん【認知症対応型通所介護】東京都中野区東中野1-4-10", "url": "https://www.kaigokensaku.mhlw.go.jp/13/index.php?action_kouhyou_detail_004_kani=true&JigyosyoCd=1391400023-00&ServiceCd=720&Type=search", "url2": "http://www.palsystem-tokyo.coop" }, "geometry": { "type": "Point", "coordinates": [ 139.685559300000023, 35.7018386 ] } },
{ "type": "Feature", "properties": { "内容": "松が丘高齢者在宅サービスセンター【認知症対応型通所介護】東京都中野区松が丘１－３２－１０", "url": "https://www.kaigokensaku.mhlw.go.jp/13/index.php?action_kouhyou_detail_004_kani=true&JigyosyoCd=1371401645-00&ServiceCd=720&Type=search", "url2": "http://www.frontier-sw.or.jp/" }, "geometry": { "type": "Point", "coordinates": [ 139.672095399999989, 35.7211723 ] } },
{ "type": "Feature", "properties": { "内容": "デイホーム　ゆりの木中野【認知症対応型通所介護】東京都中野区中央1-13-8大橋セントラルビル１階", "url": "https://www.kaigokensaku.mhlw.go.jp/13/index.php?action_kouhyou_detail_004_kani=true&JigyosyoCd=1391400551-00&ServiceCd=720&Type=search", "url2": "http://elderly.jp" }, "geometry": { "type": "Point", "coordinates": [ 139.6865173, 35.7013529 ] } },
{ "type": "Feature", "properties": { "内容": "優っくりデイサービス沓掛【認知症対応型通所介護】東京都杉並区本天沼3-34-28沓掛ホーム", "url": "https://www.kaigokensaku.mhlw.go.jp/13/index.php?action_kouhyou_detail_004_kani=true&JigyosyoCd=1391500459-00&ServiceCd=720&Type=search", "url2": "https://www.foryou.or.jp/facility/kutsukake/w088/" }, "geometry": { "type": "Point", "coordinates": [ 139.622193188360598, 35.716213389061537 ] } },
{ "type": "Feature", "properties": { "内容": "南陽園在宅サービスセンター【認知症対応型通所介護】東京都杉並区高井戸西一丁目12番1号", "url": "https://www.kaigokensaku.mhlw.go.jp/13/index.php?action_kouhyou_detail_004_kani=true&JigyosyoCd=1371500750-00&ServiceCd=720&Type=search", "url2": "https://www.yokufuukai.or.jp/facility/nanyo_en-ss.html" }, "geometry": { "type": "Point", "coordinates": [ 139.609765750558807, 35.679727840900881 ] } },
{ "type": "Feature", "properties": { "内容": "デイサービスセンター　和田堀ホーム【認知症対応型通所介護】東京都杉並区和田2-27-8", "url": "https://www.kaigokensaku.mhlw.go.jp/13/index.php?action_kouhyou_detail_004_kani=true&JigyosyoCd=1371500966-00&ServiceCd=720&Type=search", "url2": "http://www.shinsyounokai.or.jp" }, "geometry": { "type": "Point", "coordinates": [ 139.6551452, 35.6902752 ] } },
{ "type": "Feature", "properties": { "内容": "社会福祉法人　奉優会　デイホーム宮前ふれあいの家【認知症対応型通所介護】東京都杉並区宮前5-17-15", "url": "https://www.kaigokensaku.mhlw.go.jp/13/index.php?action_kouhyou_detail_004_kani=true&JigyosyoCd=1391500178-00&ServiceCd=720&Type=search", "url2": "http://miyamae.foryou.or.jp/" }, "geometry": { "type": "Point", "coordinates": [ 139.6025161, 35.6953488 ] } },
{ "type": "Feature", "properties": { "内容": "デイサービスセンターにじの家【認知症対応型通所介護】東京都杉並区善福寺4-20-10", "url": "https://www.kaigokensaku.mhlw.go.jp/13/index.php?action_kouhyou_detail_004_kani=true&JigyosyoCd=1391500095-00&ServiceCd=720&Type=search", "url2": null }, "geometry": { "type": "Point", "coordinates": [ 139.589763700000049, 35.7193597 ] } },
{ "type": "Feature", "properties": { "内容": "デイサービス　凛【認知症対応型通所介護】東京都杉並区阿佐ヶ谷北1-17-3", "url": "https://www.kaigokensaku.mhlw.go.jp/13/index.php?action_kouhyou_detail_004_kani=true&JigyosyoCd=1391500467-00&ServiceCd=720&Type=search", "url2": null }, "geometry": { "type": "Point", "coordinates": [ 139.638768, 35.7079037 ] } },
{ "type": "Feature", "properties": { "内容": "デイサービスあすなろの家【認知症対応型通所介護】東京都杉並区成田東５－３６－１１三富ハウス", "url": "https://www.kaigokensaku.mhlw.go.jp/13/index.php?action_kouhyou_detail_004_kani=true&JigyosyoCd=1391500152-00&ServiceCd=720&Type=search", "url2": "http://asunaro-day.jimdo.com/" }, "geometry": { "type": "Point", "coordinates": [ 139.632863199999946, 35.6995712 ] } },
{ "type": "Feature", "properties": { "内容": "株式会社ケアサービス　デイサービスセンター浜田山【認知症対応型通所介護】東京都杉並区浜田山4-10-3ユリシーズ浜田山1Ｆ", "url": "https://www.kaigokensaku.mhlw.go.jp/13/index.php?action_kouhyou_detail_004_kani=true&JigyosyoCd=1391500301-00&ServiceCd=720&Type=search", "url2": "http://www.care.co.jp" }, "geometry": { "type": "Point", "coordinates": [ 139.631347399999981, 35.6827173 ] } },
{ "type": "Feature", "properties": { "内容": "デイホームフレイア【認知症対応型通所介護】東京都杉並区荻窪2-36-3", "url": "https://www.kaigokensaku.mhlw.go.jp/13/index.php?action_kouhyou_detail_004_kani=true&JigyosyoCd=1391500491-00&ServiceCd=720&Type=search", "url2": null }, "geometry": { "type": "Point", "coordinates": [ 139.6204459, 35.6979641 ] } },
{ "type": "Feature", "properties": { "内容": "ＳＯＭＰＯケア堀ノ内　デイサービス【認知症対応型通所介護】東京都杉並区堀ノ内二丁目19番26号", "url": "https://www.kaigokensaku.mhlw.go.jp/13/index.php?action_kouhyou_detail_004_kani=true&JigyosyoCd=1391500996-00&ServiceCd=720&Type=search", "url2": "https://www.sompocare.com" }, "geometry": { "type": "Point", "coordinates": [ 139.650520699999987, 35.6874172 ] } },
{ "type": "Feature", "properties": { "内容": "デイホーム南池袋【認知症対応型通所介護】東京都豊島区南池袋3-7-8", "url": "https://www.kaigokensaku.mhlw.go.jp/13/index.php?action_kouhyou_detail_004_kani=true&JigyosyoCd=1371602432-00&ServiceCd=720&Type=search", "url2": "keshin-fukushi.com/ikebukuro/keishin_fl/kourei_02html" }, "geometry": { "type": "Point", "coordinates": [ 139.712078442327879, 35.723424802915524 ] } },
{ "type": "Feature", "properties": { "内容": "高齢者在宅サービスセンター菊かおる園【認知症対応型通所介護】東京都豊島区西巣鴨２丁目３０番地１９号", "url": "https://www.kaigokensaku.mhlw.go.jp/13/index.php?action_kouhyou_detail_004_kani=true&JigyosyoCd=1371602507-00&ServiceCd=720&Type=search", "url2": "https://www.toshimaj.or.jp/kourei/k_shisetsu/s_kiku/" }, "geometry": { "type": "Point", "coordinates": [ 139.728478600000017, 35.7393251 ] } },
{ "type": "Feature", "properties": { "内容": "さわやかケアポートとしま・２デイ【認知症対応型通所介護】東京都豊島区北大塚１-12-15", "url": "https://www.kaigokensaku.mhlw.go.jp/13/index.php?action_kouhyou_detail_004_kani=true&JigyosyoCd=1391600069-00&ServiceCd=720&Type=search", "url2": "http://www.welcia-partners.co.jp" }, "geometry": { "type": "Point", "coordinates": [ 139.732631399999946, 35.7322481 ] } },
{ "type": "Feature", "properties": { "内容": "デイサービス長崎いずみの郷【認知症対応型通所介護】東京都豊島区長崎４－４５－６", "url": "https://www.kaigokensaku.mhlw.go.jp/13/index.php?action_kouhyou_detail_004_kani=true&JigyosyoCd=1391600036-00&ServiceCd=720&Type=search", "url2": "http://frontier-sw.or.jp" }, "geometry": { "type": "Point", "coordinates": [ 139.686338100000086, 35.7323212 ] } },
{ "type": "Feature", "properties": { "内容": "高齢者在宅サービスセンター王子光照苑【認知症対応型通所介護】東京都北区王子３丁目３番１号高齢者在宅サービスセンター　王子光照苑", "url": "https://www.kaigokensaku.mhlw.go.jp/13/index.php?action_kouhyou_detail_004_kani=true&JigyosyoCd=1371700731-00&ServiceCd=720&Type=search", "url2": "https://o-kousyoen.com" }, "geometry": { "type": "Point", "coordinates": [ 139.732963599999948, 35.7604423 ] } },
{ "type": "Feature", "properties": { "内容": "北区立高齢者在宅サービスセンター桐ケ丘やまぶき荘【認知症対応型通所介護】東京都北区桐ケ丘1-16-26", "url": "https://www.kaigokensaku.mhlw.go.jp/13/index.php?action_kouhyou_detail_004_kani=true&JigyosyoCd=1391700067-00&ServiceCd=720&Type=search", "url2": "http://www.seirouin.or.jp/yamabuki/" }, "geometry": { "type": "Point", "coordinates": [ 139.70652640000003, 35.7787197 ] } },
{ "type": "Feature", "properties": { "内容": "認証対応型デイサービスセンターあすか【認知症対応型通所介護】東京都北区西ヶ原4-51-1", "url": "https://www.kaigokensaku.mhlw.go.jp/13/index.php?action_kouhyou_detail_004_kani=true&JigyosyoCd=1391700133-00&ServiceCd=720&Type=search", "url2": "http://www.asuka-seizanen.com" }, "geometry": { "type": "Point", "coordinates": [ 139.735894700000017, 35.741436 ] } },
{ "type": "Feature", "properties": { "内容": "みずべの苑【認知症対応型通所介護】東京都北区志茂3-6-13", "url": "https://www.kaigokensaku.mhlw.go.jp/13/index.php?action_kouhyou_detail_004_kani=true&JigyosyoCd=1371701408-00&ServiceCd=720&Type=search", "url2": "http://www.urara.or.jp" }, "geometry": { "type": "Point", "coordinates": [ 139.736048799999907, 35.7769291 ] } },
{ "type": "Feature", "properties": { "内容": "高齢者在宅サービスセンター上中里つつじ荘【認知症対応型通所介護】東京都北区上中里2-45-2", "url": "https://www.kaigokensaku.mhlw.go.jp/13/index.php?action_kouhyou_detail_004_kani=true&JigyosyoCd=1391700026-00&ServiceCd=720&Type=search", "url2": "http://kitajigyo.com/aged_service/kaminakazato/day.html" }, "geometry": { "type": "Point", "coordinates": [ 139.755016330549608, 35.744263518540386 ] } },
{ "type": "Feature", "properties": { "内容": "ミアヘルサデイサービスきずな赤羽台【認知症対応型通所介護】東京都北区赤羽台1-3-12ヌーヴェル赤羽台102", "url": "https://www.kaigokensaku.mhlw.go.jp/13/index.php?action_kouhyou_detail_004_kani=true&JigyosyoCd=1371702620-00&ServiceCd=720&Type=search", "url2": "https://www.merhalsa.jp/business/care/" }, "geometry": { "type": "Point", "coordinates": [ 139.715508900000032, 35.7787033 ] } },
{ "type": "Feature", "properties": { "内容": "医療法人社団　福寿会　地域密着型らいちょうデイサービスセンター【認知症対応型通所介護】東京都北区堀船2-3-13", "url": "https://www.kaigokensaku.mhlw.go.jp/13/index.php?action_kouhyou_detail_004_kani=true&JigyosyoCd=1391700588-00&ServiceCd=720&Type=search", "url2": "https://www.fukujukaigr.or.jp/shisetsu/k_raicho.html" }, "geometry": { "type": "Point", "coordinates": [ 139.7463663, 35.752521 ] } },
{ "type": "Feature", "properties": { "内容": "滝野川西高齢者在宅サービスセンター【認知症対応型通所介護】東京都北区滝野川６－２１－２５滝野川西区民センター３階", "url": "https://www.kaigokensaku.mhlw.go.jp/13/index.php?action_kouhyou_detail_004_kani=true&JigyosyoCd=1391700042-00&ServiceCd=720&Type=search", "url2": "https://kitajigyo.com/aged_service/takinogawa/index.html" }, "geometry": { "type": "Point", "coordinates": [ 139.725823, 35.7455633 ] } },
{ "type": "Feature", "properties": { "内容": "東京都北区立高齢者在宅サービスセンター清水坂あじさい荘【認知症対応型通所介護】東京都北区中十条4-16-32", "url": "https://www.kaigokensaku.mhlw.go.jp/13/index.php?action_kouhyou_detail_004_kani=true&JigyosyoCd=1391700059-00&ServiceCd=720&Type=search", "url2": "http://www,kitajigyo.com" }, "geometry": { "type": "Point", "coordinates": [ 139.72271129297539, 35.769737824944514 ] } },
{ "type": "Feature", "properties": { "内容": "あいゆうデイサービス【認知症対応型通所介護】東京都北区赤羽北３－１９－４インパレス志村１０４", "url": "https://www.kaigokensaku.mhlw.go.jp/13/index.php?action_kouhyou_detail_004_kani=true&JigyosyoCd=1391700158-00&ServiceCd=720&Type=search", "url2": null }, "geometry": { "type": "Point", "coordinates": [ 139.704818199999977, 35.7799416 ] } },
{ "type": "Feature", "properties": { "内容": "北区立堀船高齢者在宅サービスセンター【認知症対応型通所介護】東京都北区堀船2-25-2都営アパート101", "url": "https://www.kaigokensaku.mhlw.go.jp/13/index.php?action_kouhyou_detail_004_kani=true&JigyosyoCd=1391700265-00&ServiceCd=720&Type=search", "url2": "http://www.o-kousyoen.com" }, "geometry": { "type": "Point", "coordinates": [ 139.7475092, 35.7560549 ] } },
{ "type": "Feature", "properties": { "内容": "荒川区立東日暮里在宅高齢者通所サービスセンター【認知症対応型通所介護】東京都荒川区東日暮里3-8-16", "url": "https://www.kaigokensaku.mhlw.go.jp/13/index.php?action_kouhyou_detail_004_kani=true&JigyosyoCd=1391800644-00&ServiceCd=720&Type=search", "url2": "https://www.foryou.or.jp/corp2/higashinippori/" }, "geometry": { "type": "Point", "coordinates": [ 139.782342, 35.7295468 ] } },
{ "type": "Feature", "properties": { "内容": "いずみの苑通所介護事業所【認知症対応型通所介護】東京都板橋区東坂下２－２－２２", "url": "https://www.kaigokensaku.mhlw.go.jp/13/index.php?action_kouhyou_detail_004_kani=true&JigyosyoCd=1371900976-00&ServiceCd=720&Type=search", "url2": "http://www.tokyoengokyokai.or.jp" }, "geometry": { "type": "Point", "coordinates": [ 139.689916700000026, 35.7830796 ] } },
{ "type": "Feature", "properties": { "内容": "クローバーのさと　認知症対応型デイサービス　カウピリ板橋【認知症対応型通所介護】東京都板橋区仲町1番4号", "url": "https://www.kaigokensaku.mhlw.go.jp/13/index.php?action_kouhyou_detail_004_kani=true&JigyosyoCd=1391900428-00&ServiceCd=720&Type=search", "url2": "http://www.ims.gr.jp/clover/" }, "geometry": { "type": "Point", "coordinates": [ 139.699750133729623, 35.751646872989724 ] } },
{ "type": "Feature", "properties": { "内容": "舟渡高齢者在宅サービスセンター【認知症対応型通所介護】東京都板橋区舟渡3-4-8", "url": "https://www.kaigokensaku.mhlw.go.jp/13/index.php?action_kouhyou_detail_004_kani=true&JigyosyoCd=1371900844-00&ServiceCd=720&Type=search", "url2": "http://www.fujikenikukai.or.jp" }, "geometry": { "type": "Point", "coordinates": [ 139.681128299999955, 35.7926335 ] } },
{ "type": "Feature", "properties": { "内容": "ゆめの園りふれ若葉認知症対応型デイサービスセンター【認知症対応型通所介護】東京都板橋区若木3-15-1", "url": "https://www.kaigokensaku.mhlw.go.jp/13/index.php?action_kouhyou_detail_004_kani=true&JigyosyoCd=1391900618-00&ServiceCd=720&Type=search", "url2": "http://www.happynet.or.jp/" }, "geometry": { "type": "Point", "coordinates": [ 139.674216177385034, 35.772332385603349 ] } },
{ "type": "Feature", "properties": { "内容": "社会福祉法人三共会たつの子ライフ・サービス【認知症対応型通所介護】東京都板橋区常盤台3-24-1", "url": "https://www.kaigokensaku.mhlw.go.jp/13/index.php?action_kouhyou_detail_004_kani=true&JigyosyoCd=1371903459-00&ServiceCd=720&Type=search", "url2": "http://tatsunoko-net.jp/zaitaku.html" }, "geometry": { "type": "Point", "coordinates": [ 139.683662300000037, 35.7634376 ] } },
{ "type": "Feature", "properties": { "内容": "デイサービス　紫音【認知症対応型通所介護】東京都板橋区高島平１丁目３４番１０号１階", "url": "https://www.kaigokensaku.mhlw.go.jp/13/index.php?action_kouhyou_detail_004_kani=true&JigyosyoCd=1391900121-00&ServiceCd=720&Type=search", "url2": "http://shionservice.dip.jp" }, "geometry": { "type": "Point", "coordinates": [ 139.670232299999952, 35.7838428 ] } },
{ "type": "Feature", "properties": { "内容": "デイサービスけやき【認知症対応型通所介護】東京都板橋区若木1-26-10", "url": "https://www.kaigokensaku.mhlw.go.jp/13/index.php?action_kouhyou_detail_004_kani=true&JigyosyoCd=1371905066-00&ServiceCd=720&Type=search", "url2": "http://www.d-keyaki.com" }, "geometry": { "type": "Point", "coordinates": [ 139.670574399999964, 35.7686756 ] } },
{ "type": "Feature", "properties": { "内容": "デイサービスはるか【認知症対応型通所介護】東京都板橋区徳丸8-20-16アートパレス高島1F", "url": "https://www.kaigokensaku.mhlw.go.jp/13/index.php?action_kouhyou_detail_004_kani=true&JigyosyoCd=1391900469-00&ServiceCd=720&Type=search", "url2": null }, "geometry": { "type": "Point", "coordinates": [ 139.6606471, 35.7822872 ] } },
{ "type": "Feature", "properties": { "内容": "練馬区立高野台デイサービスセンター【認知症対応型通所介護】東京都練馬区高野台5-24-1", "url": "https://www.kaigokensaku.mhlw.go.jp/13/index.php?action_kouhyou_detail_004_kani=true&JigyosyoCd=1392000012-00&ServiceCd=720&Type=search", "url2": "http://www.anshin.or.jp/" }, "geometry": { "type": "Point", "coordinates": [ 139.609635900000058, 35.7464875 ] } },
{ "type": "Feature", "properties": { "内容": "富士見台デイサービスセンター【認知症対応型通所介護】東京都練馬区富士見台１-２２-４", "url": "https://www.kaigokensaku.mhlw.go.jp/13/index.php?action_kouhyou_detail_004_kani=true&JigyosyoCd=1392000020-00&ServiceCd=720&Type=search", "url2": "http://www.nerima-swf.jp/" }, "geometry": { "type": "Point", "coordinates": [ 139.621132699999947, 35.7333478 ] } },
{ "type": "Feature", "properties": { "内容": "第3育秀苑デイサービスセンター　レインボー【認知症対応型通所介護】東京都練馬区土支田1-31-5", "url": "https://www.kaigokensaku.mhlw.go.jp/13/index.php?action_kouhyou_detail_004_kani=true&JigyosyoCd=1392000566-00&ServiceCd=720&Type=search", "url2": "http://www.ikushukai.or.jp" }, "geometry": { "type": "Point", "coordinates": [ 139.618139499999984, 35.7662104 ] } },
{ "type": "Feature", "properties": { "内容": "社会福祉法人　泉陽会　第二光陽苑　デイサービスセンター【認知症対応型通所介護】東京都練馬区関町北5-7-22", "url": "https://www.kaigokensaku.mhlw.go.jp/13/index.php?action_kouhyou_detail_004_kani=true&JigyosyoCd=1372000602-00&ServiceCd=720&Type=search", "url2": "https://senyoukai.or.jp/" }, "geometry": { "type": "Point", "coordinates": [ 139.571724418385315, 35.732476689551646 ] } },
{ "type": "Feature", "properties": { "内容": "やすらぎミラージュ　こころ【認知症対応型通所介護】東京都練馬区大泉町４－２４－７", "url": "https://www.kaigokensaku.mhlw.go.jp/13/index.php?action_kouhyou_detail_004_kani=true&JigyosyoCd=1392000384-00&ServiceCd=720&Type=search", "url2": "http://www.yasuragi1977.jp" }, "geometry": { "type": "Point", "coordinates": [ 139.597467100000017, 35.7627158 ] } },
{ "type": "Feature", "properties": { "内容": "大泉デイサービスセンター【認知症対応型通所介護】東京都練馬区東大泉2-11-21", "url": "https://www.kaigokensaku.mhlw.go.jp/13/index.php?action_kouhyou_detail_004_kani=true&JigyosyoCd=1392000038-00&ServiceCd=720&Type=search", "url2": "http://www.nerima-swf.jp" }, "geometry": { "type": "Point", "coordinates": [ 139.5961704, 35.7511255 ] } },
{ "type": "Feature", "properties": { "内容": "練馬の丘キングス・ガーデンデイサービス【認知症対応型通所介護】東京都練馬区練馬2－27－7", "url": "https://www.kaigokensaku.mhlw.go.jp/13/index.php?action_kouhyou_detail_004_kani=true&JigyosyoCd=1392000822-00&ServiceCd=720&Type=search", "url2": "http://www.kg-tokyo.or.jp/" }, "geometry": { "type": "Point", "coordinates": [ 139.651603215404265, 35.743612833928637 ] } },
{ "type": "Feature", "properties": { "内容": "大泉学園デイサービスセンター【認知症対応型通所介護】東京都練馬区大泉学園町2-20-21", "url": "https://www.kaigokensaku.mhlw.go.jp/13/index.php?action_kouhyou_detail_004_kani=true&JigyosyoCd=1392000624-00&ServiceCd=720&Type=search", "url2": "http://www.fukuinkai.or.jp" }, "geometry": { "type": "Point", "coordinates": [ 139.587484899999936, 35.7597797 ] } },
{ "type": "Feature", "properties": { "内容": "シルバーハートリハビリデイサービス練馬【認知症対応型通所介護】東京都練馬区練馬３－２５－１１ヴェルディ豊島園　1階", "url": "https://www.kaigokensaku.mhlw.go.jp/13/index.php?action_kouhyou_detail_004_kani=true&JigyosyoCd=1392000749-00&ServiceCd=720&Type=search", "url2": "http://silverheart.biz" }, "geometry": { "type": "Point", "coordinates": [ 139.648824399999967, 35.7395007 ] } },
{ "type": "Feature", "properties": { "内容": "デイ・サービス　太陽【認知症対応型通所介護】東京都練馬区春日町5-33-29", "url": "https://www.kaigokensaku.mhlw.go.jp/13/index.php?action_kouhyou_detail_004_kani=true&JigyosyoCd=1372004554-00&ServiceCd=720&Type=search", "url2": "http://www.dayservice-taiyo.jp" }, "geometry": { "type": "Point", "coordinates": [ 139.637261, 35.7512045 ] } },
{ "type": "Feature", "properties": { "内容": "光陽苑【認知症対応型通所介護】東京都練馬区西大泉5丁目21番2号", "url": "https://www.kaigokensaku.mhlw.go.jp/13/index.php?action_kouhyou_detail_004_kani=true&JigyosyoCd=1372000537-00&ServiceCd=720&Type=search", "url2": "https://senyoukai.or.jp/" }, "geometry": { "type": "Point", "coordinates": [ 139.569597199999947, 35.7567601 ] } },
{ "type": "Feature", "properties": { "内容": "シルバーケア花笑み【認知症対応型通所介護】東京都足立区一ツ家3-11-13グループホーム常楽1F", "url": "https://www.kaigokensaku.mhlw.go.jp/13/index.php?action_kouhyou_detail_004_kani=true&JigyosyoCd=1392101026-00&ServiceCd=720&Type=search", "url2": "http://www.jiseikai-phcc.jp" }, "geometry": { "type": "Point", "coordinates": [ 139.815474399999971, 35.7794906 ] } },
{ "type": "Feature", "properties": { "内容": "デイサービスセンター扇【認知症対応型通所介護】東京都足立区扇１－５２－２３", "url": "https://www.kaigokensaku.mhlw.go.jp/13/index.php?action_kouhyou_detail_004_kani=true&JigyosyoCd=1372101517-00&ServiceCd=720&Type=search", "url2": "http://www.seifuukai.or.jp/" }, "geometry": { "type": "Point", "coordinates": [ 139.773962500000039, 35.7668178 ] } },
{ "type": "Feature", "properties": { "内容": "デイサービスセンター　ハピネスあだち【認知症対応型通所介護】東京都足立区江北3-14-1", "url": "https://www.kaigokensaku.mhlw.go.jp/13/index.php?action_kouhyou_detail_004_kani=true&JigyosyoCd=1392100010-00&ServiceCd=720&Type=search", "url2": "http://family-wf.jp" }, "geometry": { "type": "Point", "coordinates": [ 139.763085400000023, 35.7741221 ] } },
{ "type": "Feature", "properties": { "内容": "デイサービスセンターあすか【認知症対応型通所介護】東京都足立区花畑4-20-1", "url": "https://www.kaigokensaku.mhlw.go.jp/13/index.php?action_kouhyou_detail_004_kani=true&JigyosyoCd=1392100663-00&ServiceCd=720&Type=search", "url2": "http://www.seifuukai.or.jp" }, "geometry": { "type": "Point", "coordinates": [ 139.807372702377279, 35.803274152119421 ] } },
{ "type": "Feature", "properties": { "内容": "デイサービスセンター新田楽生苑【認知症対応型通所介護】東京都足立区新田1-21-20", "url": "https://www.kaigokensaku.mhlw.go.jp/13/index.php?action_kouhyou_detail_004_kani=true&JigyosyoCd=1392101323-00&ServiceCd=720&Type=search", "url2": "https://rakusei.or.jp" }, "geometry": { "type": "Point", "coordinates": [ 139.738857599999989, 35.7772881 ] } },
{ "type": "Feature", "properties": { "内容": "デイサービスセンター六月【認知症対応型通所介護】東京都足立区六月1丁目6番1号", "url": "https://www.kaigokensaku.mhlw.go.jp/13/index.php?action_kouhyou_detail_004_kani=true&JigyosyoCd=1372101434-00&ServiceCd=720&Type=search", "url2": "http://www.seifuukai.or.jp/" }, "geometry": { "type": "Point", "coordinates": [ 139.8005233, 35.7851216 ] } },
{ "type": "Feature", "properties": { "内容": "足立区さのデイサービスセンター【認知症対応型通所介護】東京都足立区佐野2丁目３０－１２", "url": "https://www.kaigokensaku.mhlw.go.jp/13/index.php?action_kouhyou_detail_004_kani=true&JigyosyoCd=1372101475-00&ServiceCd=720&Type=search", "url2": "https://www.t-souseikai.or.jp/" }, "geometry": { "type": "Point", "coordinates": [ 139.836214700000028, 35.7885547 ] } },
{ "type": "Feature", "properties": { "内容": "イーストピア東和【認知症対応型通所介護】東京都足立区東和4-7-23", "url": "https://www.kaigokensaku.mhlw.go.jp/13/index.php?action_kouhyou_detail_004_kani=true&JigyosyoCd=1372102549-00&ServiceCd=720&Type=search", "url2": "http://kenshukai.kir.jp" }, "geometry": { "type": "Point", "coordinates": [ 139.8432616, 35.7727098 ] } },
{ "type": "Feature", "properties": { "内容": "デイサービスセンター　竹の塚翔裕園【認知症対応型通所介護】東京都足立区竹の塚七丁目19番14号", "url": "https://www.kaigokensaku.mhlw.go.jp/13/index.php?action_kouhyou_detail_004_kani=true&JigyosyoCd=1392100184-00&ServiceCd=720&Type=search", "url2": "http://www.chojumura.or.jp/takenotsuka/" }, "geometry": { "type": "Point", "coordinates": [ 139.796692600000029, 35.8010447 ] } },
{ "type": "Feature", "properties": { "内容": "千住桜花苑【認知症対応型通所介護】東京都足立区千住元町18番19号", "url": "https://www.kaigokensaku.mhlw.go.jp/13/index.php?action_kouhyou_detail_004_kani=true&JigyosyoCd=1392100093-00&ServiceCd=720&Type=search", "url2": "http://www.seifuukai.or.jp" }, "geometry": { "type": "Point", "coordinates": [ 139.793369799999937, 35.7554225 ] } },
{ "type": "Feature", "properties": { "内容": "デイサービスセンター　ル・ソラリオン西新井【認知症対応型通所介護】東京都足立区西新井3丁目14番3号", "url": "https://www.kaigokensaku.mhlw.go.jp/13/index.php?action_kouhyou_detail_004_kani=true&JigyosyoCd=1392100242-00&ServiceCd=720&Type=search", "url2": "http://www.med-wel.jp" }, "geometry": { "type": "Point", "coordinates": [ 139.7814555, 35.7876182 ] } },
{ "type": "Feature", "properties": { "内容": "デイサービスセンター　谷中翔裕園【認知症対応型通所介護】東京都足立区谷中１-１７-７", "url": "https://www.kaigokensaku.mhlw.go.jp/13/index.php?action_kouhyou_detail_004_kani=true&JigyosyoCd=1392100226-00&ServiceCd=720&Type=search", "url2": "http://www.chojumura.or.jp" }, "geometry": { "type": "Point", "coordinates": [ 139.8321042, 35.7715485 ] } },
{ "type": "Feature", "properties": { "内容": "足立区日の出デイサービスセンター【認知症対応型通所介護】東京都足立区日ノ出町２７－３101", "url": "https://www.kaigokensaku.mhlw.go.jp/13/index.php?action_kouhyou_detail_004_kani=true&JigyosyoCd=1392100044-00&ServiceCd=720&Type=search", "url2": "http://www.t-souseikai.or.jp/adachi2/nursing_hinode.html" }, "geometry": { "type": "Point", "coordinates": [ 139.808682800000042, 35.7519592 ] } },
{ "type": "Feature", "properties": { "内容": "高齢者在宅サービスセンター西新井【認知症対応型通所介護】東京都足立区西新井2丁目5番5号", "url": "https://www.kaigokensaku.mhlw.go.jp/13/index.php?action_kouhyou_detail_004_kani=true&JigyosyoCd=1372103414-00&ServiceCd=720&Type=search", "url2": "http://www.nishiaraidaiwakai.or.jp/" }, "geometry": { "type": "Point", "coordinates": [ 139.779764099999966, 35.7838436 ] } },
{ "type": "Feature", "properties": { "内容": "認知症デイサービスよりみち【認知症対応型通所介護】東京都足立区柳原1-29-16", "url": "https://www.kaigokensaku.mhlw.go.jp/13/index.php?action_kouhyou_detail_004_kani=true&JigyosyoCd=1392100051-00&ServiceCd=720&Type=search", "url2": "http://www.sukoyaka-fu.or.jp" }, "geometry": { "type": "Point", "coordinates": [ 139.812133099999983, 35.745288 ] } },
{ "type": "Feature", "properties": { "内容": "西伊興指定認知症対応型通所介護【認知症対応型通所介護】東京都足立区西伊興４－１－１", "url": "https://www.kaigokensaku.mhlw.go.jp/13/index.php?action_kouhyou_detail_004_kani=true&JigyosyoCd=1392100325-00&ServiceCd=720&Type=search", "url2": "https://www.higashiiko.net/dayservice" }, "geometry": { "type": "Point", "coordinates": [ 139.783743800000025, 35.8008861 ] } },
{ "type": "Feature", "properties": { "内容": "日介ケアセンター六町【認知症対応型通所介護】東京都足立区南花畑３－３３－１", "url": "https://www.kaigokensaku.mhlw.go.jp/13/index.php?action_kouhyou_detail_004_kani=true&JigyosyoCd=1392100341-00&ServiceCd=720&Type=search", "url2": "http://www.nikkai-center.co.jp" }, "geometry": { "type": "Point", "coordinates": [ 139.822532200000069, 35.7931873 ] } },
{ "type": "Feature", "properties": { "内容": "足立区谷中デイサービスセンター【認知症対応型通所介護】東京都足立区谷中三丁目１４－１谷中中学校内", "url": "https://www.kaigokensaku.mhlw.go.jp/13/index.php?action_kouhyou_detail_004_kani=true&JigyosyoCd=1372101483-00&ServiceCd=720&Type=search", "url2": "http://www13.ocn.ne.jp/~sousei6/04_dai.html" }, "geometry": { "type": "Point", "coordinates": [ 139.835881500000028, 35.7801225 ] } },
{ "type": "Feature", "properties": { "内容": "地域密着型らいちょうデイサービスセンター関原【認知症対応型通所介護】東京都足立区関原3-1-11", "url": "https://www.kaigokensaku.mhlw.go.jp/13/index.php?action_kouhyou_detail_004_kani=true&JigyosyoCd=1392100085-00&ServiceCd=720&Type=search", "url2": "http://www.fukujukaigr.or.jp" }, "geometry": { "type": "Point", "coordinates": [ 139.791635700000029, 35.769856800000014 ] } },
{ "type": "Feature", "properties": { "内容": "スマイル・エイジングたまえ組【認知症対応型通所介護】東京都足立区平野1-15-6", "url": "https://www.kaigokensaku.mhlw.go.jp/13/index.php?action_kouhyou_detail_004_kani=true&JigyosyoCd=1392101273-00&ServiceCd=720&Type=search", "url2": "https://smile-ap.jp/" }, "geometry": { "type": "Point", "coordinates": [ 139.807501700000017, 35.7789346 ] } },
{ "type": "Feature", "properties": { "内容": "デイサービスセンター入谷翔裕園【認知症対応型通所介護】東京都足立区入谷9丁目15番18号", "url": "https://www.kaigokensaku.mhlw.go.jp/13/index.php?action_kouhyou_detail_004_kani=true&JigyosyoCd=1372101616-00&ServiceCd=720&Type=search", "url2": "http://www.chojumura.or.jp" }, "geometry": { "type": "Point", "coordinates": [ 139.7560211, 35.8080444 ] } },
{ "type": "Feature", "properties": { "内容": "ゆいま～るほっと【認知症対応型通所介護】東京都足立区千住緑町3－1－16", "url": "https://www.kaigokensaku.mhlw.go.jp/13/index.php?action_kouhyou_detail_004_kani=true&JigyosyoCd=1392100291-00&ServiceCd=720&Type=search", "url2": "http://www.kaigo-yuimaru.co.jp/" }, "geometry": { "type": "Point", "coordinates": [ 139.794174930290978, 35.747247252272203 ] } },
{ "type": "Feature", "properties": { "内容": "デイサービスセンターハピネスもとき【認知症対応型通所介護】東京都足立区本木1-14-13", "url": "https://www.kaigokensaku.mhlw.go.jp/13/index.php?action_kouhyou_detail_004_kani=true&JigyosyoCd=1392101521-00&ServiceCd=720&Type=search", "url2": "https://www.family-wf.jp/" }, "geometry": { "type": "Point", "coordinates": [ 139.786456500000014, 35.7625647 ] } },
{ "type": "Feature", "properties": { "内容": "奥戸在宅サービスセンター【認知症対応型通所介護】東京都葛飾区奥戸3-25-1", "url": "https://www.kaigokensaku.mhlw.go.jp/13/index.php?action_kouhyou_detail_004_kani=true&JigyosyoCd=1372200780-00&ServiceCd=720&Type=search", "url2": "http://www.jinseisha.jp" }, "geometry": { "type": "Point", "coordinates": [ 139.862776, 35.7321733 ] } },
{ "type": "Feature", "properties": { "内容": "社会福祉法人武蔵野会　西水元在宅サービスセンター【認知症対応型通所介護】東京都葛飾区西水元２－２－８", "url": "https://www.kaigokensaku.mhlw.go.jp/13/index.php?action_kouhyou_detail_004_kani=true&JigyosyoCd=1372200798-00&ServiceCd=720&Type=search", "url2": "http://care-net.biz./13/ayama/" }, "geometry": { "type": "Point", "coordinates": [ 139.849061, 35.7849443 ] } },
{ "type": "Feature", "properties": { "内容": "認知症対応型デイサービスペガサス【認知症対応型通所介護】東京都葛飾区新宿6-2-13", "url": "https://www.kaigokensaku.mhlw.go.jp/13/index.php?action_kouhyou_detail_004_kani=true&JigyosyoCd=1392200125-00&ServiceCd=720&Type=search", "url2": "http://www.toujukai.jp/" }, "geometry": { "type": "Point", "coordinates": [ 139.8628129, 35.7698631 ] } },
{ "type": "Feature", "properties": { "内容": "デイサービスセンター　ル・ソラリオン葛飾【認知症対応型通所介護】東京都葛飾区青戸4-16-7", "url": "https://www.kaigokensaku.mhlw.go.jp/13/index.php?action_kouhyou_detail_004_kani=true&JigyosyoCd=1392200034-00&ServiceCd=720&Type=search", "url2": "https://www.med-wel.jp/katushika/" }, "geometry": { "type": "Point", "coordinates": [ 139.850078899999971, 35.7509461 ] } },
{ "type": "Feature", "properties": { "内容": "東四つ木在宅サービスセンター【認知症対応型通所介護】東京都葛飾区東四つ木４－４４－２東四つ木４丁目アパート　１０１号", "url": "https://www.kaigokensaku.mhlw.go.jp/13/index.php?action_kouhyou_detail_004_kani=true&JigyosyoCd=1372200848-00&ServiceCd=720&Type=search", "url2": "https://care-net.biz/13/higashiyotugi/" }, "geometry": { "type": "Point", "coordinates": [ 139.8412032, 35.7347064 ] } },
{ "type": "Feature", "properties": { "内容": "なぎさ和楽苑　認知症対応型通所介護事業所【認知症対応型通所介護】東京都江戸川区西葛西８－１－１", "url": "https://www.kaigokensaku.mhlw.go.jp/13/index.php?action_kouhyou_detail_004_kani=true&JigyosyoCd=1372301620-00&ServiceCd=720&Type=search", "url2": "http://www.tokyoeiwakai.or.jp" }, "geometry": { "type": "Point", "coordinates": [ 139.859420699999987, 35.6550791 ] } },
{ "type": "Feature", "properties": { "内容": "デイサービスセンター　わとなーる【認知症対応型通所介護】東京都江戸川区鹿骨一丁目３番８号", "url": "https://www.kaigokensaku.mhlw.go.jp/13/index.php?action_kouhyou_detail_004_kani=true&JigyosyoCd=1392300040-00&ServiceCd=720&Type=search", "url2": "http://www.watona-ru.com" }, "geometry": { "type": "Point", "coordinates": [ 139.886474499999963, 35.7069772 ] } },
{ "type": "Feature", "properties": { "内容": "暖心苑デイサービスセンター【認知症対応型通所介護】東京都江戸川区北葛西4-3-16", "url": "https://www.kaigokensaku.mhlw.go.jp/13/index.php?action_kouhyou_detail_004_kani=true&JigyosyoCd=1372300655-00&ServiceCd=720&Type=search", "url2": "http://www.danshinen.org" }, "geometry": { "type": "Point", "coordinates": [ 139.86253350000004, 35.6715329 ] } },
{ "type": "Feature", "properties": { "内容": "アゼリー江戸川【認知症対応型通所介護】東京都江戸川区本一色2-13-25", "url": "https://www.kaigokensaku.mhlw.go.jp/13/index.php?action_kouhyou_detail_004_kani=true&JigyosyoCd=1372300697-00&ServiceCd=720&Type=search", "url2": "http://koujukai.azalee.or.jp/facilities/index2.html" }, "geometry": { "type": "Point", "coordinates": [ 139.873095, 35.719761 ] } },
{ "type": "Feature", "properties": { "内容": "高齢者在宅サービスセンター江戸川光照苑【認知症対応型通所介護】東京都江戸川区北小岩５―７―２", "url": "https://www.kaigokensaku.mhlw.go.jp/13/index.php?action_kouhyou_detail_004_kani=true&JigyosyoCd=1372300754-00&ServiceCd=720&Type=search", "url2": "https://www.e-kousyoen.or.jp" }, "geometry": { "type": "Point", "coordinates": [ 139.887865, 35.7402473 ] } },
{ "type": "Feature", "properties": { "内容": "ケアセンターつどい大杉【認知症対応型通所介護】東京都江戸川区大杉3-4-13", "url": "https://www.kaigokensaku.mhlw.go.jp/13/index.php?action_kouhyou_detail_004_kani=true&JigyosyoCd=1392300461-00&ServiceCd=720&Type=search", "url2": "https://mcp-net.jp/about-mcp.html" }, "geometry": { "type": "Point", "coordinates": [ 139.881766800000037, 35.7045273 ] } },
{ "type": "Feature", "properties": { "内容": "ライブラリ葛西デイサービスセンター【認知症対応型通所介護】東京都江戸川区中葛西６－１７－９", "url": "https://www.kaigokensaku.mhlw.go.jp/13/index.php?action_kouhyou_detail_004_kani=true&JigyosyoCd=1392300651-00&ServiceCd=720&Type=search", "url2": "http://www.living-platform.com" }, "geometry": { "type": "Point", "coordinates": [ -8.24389, 53.41291 ] } },
{ "type": "Feature", "properties": { "内容": "瑞江ホーム東部デイサービスセンター【認知症対応型通所介護】東京都江戸川区東瑞江1-18-5", "url": "https://www.kaigokensaku.mhlw.go.jp/13/index.php?action_kouhyou_detail_004_kani=true&JigyosyoCd=1392300263-00&ServiceCd=720&Type=search", "url2": "https://www.mizuehome.com/" }, "geometry": { "type": "Point", "coordinates": [ 139.898352299999942, 35.6894047 ] } },
{ "type": "Feature", "properties": { "内容": "やわらぎ～離れ～【認知症対応型通所介護】東京都八王子市川口町1540-430", "url": "https://www.kaigokensaku.mhlw.go.jp/13/index.php?action_kouhyou_detail_004_kani=true&JigyosyoCd=1392901185-00&ServiceCd=720&Type=search", "url2": "yawaragi-hanare.com" }, "geometry": { "type": "Point", "coordinates": [ 139.2945895, 35.6853269 ] } },
{ "type": "Feature", "properties": { "内容": "絹の道デイサービスセンター【認知症対応型通所介護】東京都八王子市鑓水94番地", "url": "https://www.kaigokensaku.mhlw.go.jp/13/index.php?action_kouhyou_detail_004_kani=true&JigyosyoCd=1372900942-00&ServiceCd=720&Type=search", "url2": "http://www.kinu-michi.jp/" }, "geometry": { "type": "Point", "coordinates": [ 139.358853899999986, 35.6168381 ] } },
{ "type": "Feature", "properties": { "内容": "認知症グループホーム寿限無【認知症対応型通所介護】東京都八王子市椚田町590-4", "url": "https://www.kaigokensaku.mhlw.go.jp/13/index.php?action_kouhyou_detail_004_kani=true&JigyosyoCd=1392900088-00&ServiceCd=720&Type=search", "url2": "http://www.eisei.or.jp" }, "geometry": { "type": "Point", "coordinates": [ 139.30731, 35.638646 ] } },
{ "type": "Feature", "properties": { "内容": "社会福祉法人めじろ会　めじろデイホーム【認知症対応型通所介護】東京都八王子市めじろ台2-55-5", "url": "https://www.kaigokensaku.mhlw.go.jp/13/index.php?action_kouhyou_detail_004_kani=true&JigyosyoCd=1372901171-00&ServiceCd=720&Type=search", "url2": null }, "geometry": { "type": "Point", "coordinates": [ 139.31382039999994, 35.6412619 ] } },
{ "type": "Feature", "properties": { "内容": "デイサービスあじさい【認知症対応型通所介護】東京都八王子市散田町　3-18-15カネヒビル１階", "url": "https://www.kaigokensaku.mhlw.go.jp/13/index.php?action_kouhyou_detail_004_kani=true&JigyosyoCd=1372903375-00&ServiceCd=720&Type=search", "url2": "http://www.zaitaku-hachioji.jp" }, "geometry": { "type": "Point", "coordinates": [ 139.314198300000044, 35.655564 ] } },
{ "type": "Feature", "properties": { "内容": "デイサービス桜並木【認知症対応型通所介護】東京都八王子市元八王子町2-1299-1ケアセンター桜並木　１階", "url": "https://www.kaigokensaku.mhlw.go.jp/13/index.php?action_kouhyou_detail_004_kani=true&JigyosyoCd=1392900435-00&ServiceCd=720&Type=search", "url2": "http://www.silver-support.co.jp" }, "geometry": { "type": "Point", "coordinates": [ 139.2821338, 35.6626779 ] } },
{ "type": "Feature", "properties": { "内容": "元気セミナー　やまぼうし【認知症対応型通所介護】東京都八王子市長房町404-2", "url": "https://www.kaigokensaku.mhlw.go.jp/13/index.php?action_kouhyou_detail_004_kani=true&JigyosyoCd=1392900898-00&ServiceCd=720&Type=search", "url2": "http://www.silver-support.co.jp/" }, "geometry": { "type": "Point", "coordinates": [ 139.3016816, 35.658164 ] } },
{ "type": "Feature", "properties": { "内容": "デイサービスセンター　初音の杜【認知症対応型通所介護】東京都八王子市宮下町988番地", "url": "https://www.kaigokensaku.mhlw.go.jp/13/index.php?action_kouhyou_detail_004_kani=true&JigyosyoCd=1392900187-00&ServiceCd=720&Type=search", "url2": "http://www.kairakuen2830.sakura.ne.jp" }, "geometry": { "type": "Point", "coordinates": [ 139.313071499999978, 35.700213 ] } },
{ "type": "Feature", "properties": { "内容": "デイサービススマイル【認知症対応型通所介護】東京都八王子市北野町516-14小山ビル１F", "url": "https://www.kaigokensaku.mhlw.go.jp/13/index.php?action_kouhyou_detail_004_kani=true&JigyosyoCd=1392900567-00&ServiceCd=720&Type=search", "url2": null }, "geometry": { "type": "Point", "coordinates": [ 139.349661400000059, 35.6513699 ] } },
{ "type": "Feature", "properties": { "内容": "樹楽デイサービスみんなのわ【認知症対応型通所介護】東京都八王子市片倉町1395番地21号", "url": "https://www.kaigokensaku.mhlw.go.jp/13/index.php?action_kouhyou_detail_004_kani=true&JigyosyoCd=1392900575-00&ServiceCd=720&Type=search", "url2": "https://www.minnanowaday.com" }, "geometry": { "type": "Point", "coordinates": [ 139.344650873610675, 35.627664892363754 ] } },
{ "type": "Feature", "properties": { "内容": "デイサ－ビス縁【認知症対応型通所介護】東京都八王子市北野台３丁目36-12", "url": "https://www.kaigokensaku.mhlw.go.jp/13/index.php?action_kouhyou_detail_004_kani=true&JigyosyoCd=1392901078-00&ServiceCd=720&Type=search", "url2": null }, "geometry": { "type": "Point", "coordinates": [ 139.3518689, 35.6270731 ] } },
{ "type": "Feature", "properties": { "内容": "デイサービスセンターやわらぎ・立川【認知症対応型通所介護】東京都立川市錦町2-6-23小川ビル１階", "url": "https://www.kaigokensaku.mhlw.go.jp/13/index.php?action_kouhyou_detail_004_kani=true&JigyosyoCd=1373001062-00&ServiceCd=720&Type=search", "url2": "http://www.yawaragi.or.jp/" }, "geometry": { "type": "Point", "coordinates": [ 139.414117778820838, 35.694319323675096 ] } },
{ "type": "Feature", "properties": { "内容": "至誠キートスデイサービスセンター【認知症対応型通所介護】東京都立川市幸町４－１４－１", "url": "https://www.kaigokensaku.mhlw.go.jp/13/index.php?action_kouhyou_detail_004_kani=true&JigyosyoCd=1373000593-00&ServiceCd=720&Type=search", "url2": "http://www.shisei.or.jp" }, "geometry": { "type": "Point", "coordinates": [ 139.428174300000023, 35.7246633 ] } },
{ "type": "Feature", "properties": { "内容": "至誠アウリンコデイホーム【認知症対応型通所介護】東京都立川市錦町6-28-15", "url": "https://www.kaigokensaku.mhlw.go.jp/13/index.php?action_kouhyou_detail_004_kani=true&JigyosyoCd=1373000411-00&ServiceCd=720&Type=search", "url2": "http://www.shisei.or.jp" }, "geometry": { "type": "Point", "coordinates": [ 139.415522985180701, 35.685755085837393 ] } },
{ "type": "Feature", "properties": { "内容": "羽衣地域福祉サービスセンター【認知症対応型通所介護】東京都立川市羽衣町1-12-18", "url": "https://www.kaigokensaku.mhlw.go.jp/13/index.php?action_kouhyou_detail_004_kani=true&JigyosyoCd=1373000528-00&ServiceCd=720&Type=search", "url2": "http://www.fellow-homes.or.jp" }, "geometry": { "type": "Point", "coordinates": [ 139.42554210000003, 35.6975331 ] } },
{ "type": "Feature", "properties": { "内容": "フェローホームズデイサービスセンター【認知症対応型通所介護】東京都立川市緑町3372-10ヴィラ・フェローホームズ　3階", "url": "https://www.kaigokensaku.mhlw.go.jp/13/index.php?action_kouhyou_detail_004_kani=true&JigyosyoCd=1393000060-00&ServiceCd=720&Type=search", "url2": "http://www.fellow-homes.or.jp" }, "geometry": { "type": "Point", "coordinates": [ 139.400433099999987, 35.7016709 ] } },
{ "type": "Feature", "properties": { "内容": "上砂地域福祉サービスセンター【認知症対応型通所介護】東京都立川市上砂町1-13-1大山団地16号棟1F", "url": "https://www.kaigokensaku.mhlw.go.jp/13/index.php?action_kouhyou_detail_004_kani=true&JigyosyoCd=1393000375-00&ServiceCd=720&Type=search", "url2": "http://www.keiaikai.org/" }, "geometry": { "type": "Point", "coordinates": [ 139.3891371, 35.720606400000015 ] } },
{ "type": "Feature", "properties": { "内容": "立川市柏地域福祉サービスセンター【認知症対応型通所介護】東京都立川市柏町1-12都営柏町住宅11-1", "url": "https://www.kaigokensaku.mhlw.go.jp/13/index.php?action_kouhyou_detail_004_kani=true&JigyosyoCd=1373000429-00&ServiceCd=720&Type=search", "url2": "http://shisei.or.jp" }, "geometry": { "type": "Point", "coordinates": [ 139.412650900000017, 35.7189693 ] } },
{ "type": "Feature", "properties": { "内容": "ライブリーデイサービスセンター【認知症対応型通所介護】東京都立川市栄町３－１５－２９", "url": "https://www.kaigokensaku.mhlw.go.jp/13/index.php?action_kouhyou_detail_004_kani=true&JigyosyoCd=1373001005-00&ServiceCd=720&Type=search", "url2": "https://www.lively-village.com/" }, "geometry": { "type": "Point", "coordinates": [ 139.424600783462779, 35.709585280198709 ] } },
{ "type": "Feature", "properties": { "内容": "デイサービスセンター親の家【認知症対応型通所介護】東京都武蔵野市八幡町3-4-18", "url": "https://www.kaigokensaku.mhlw.go.jp/13/index.php?action_kouhyou_detail_004_kani=true&JigyosyoCd=1373300803-00&ServiceCd=720&Type=search", "url2": "http://www.oyanoie.jp" }, "geometry": { "type": "Point", "coordinates": [ 139.554422100000011, 35.7177588 ] } },
{ "type": "Feature", "properties": { "内容": "ぐっどういる境南【認知症対応型通所介護】東京都武蔵野市境南町3-25-4", "url": "https://www.kaigokensaku.mhlw.go.jp/13/index.php?action_kouhyou_detail_004_kani=true&JigyosyoCd=1373300498-00&ServiceCd=720&Type=search", "url2": "http://www.toraifu.com/" }, "geometry": { "type": "Point", "coordinates": [ 139.539357800000062, 35.697758 ] } },
{ "type": "Feature", "properties": { "内容": "弘済ケアセンター【認知症対応型通所介護】東京都三鷹市下連雀5-2-5", "url": "https://www.kaigokensaku.mhlw.go.jp/13/index.php?action_kouhyou_detail_004_kani=true&JigyosyoCd=1373600186-00&ServiceCd=720&Type=search", "url2": "http://www.kosaien.or.jp" }, "geometry": { "type": "Point", "coordinates": [ 139.5713303, 35.6860017 ] } },
{ "type": "Feature", "properties": { "内容": "三鷹市高齢者センターけやき苑【認知症対応型通所介護】東京都三鷹市深大寺2丁目29番13号三鷹市高齢者センターけやき苑", "url": "https://www.kaigokensaku.mhlw.go.jp/13/index.php?action_kouhyou_detail_004_kani=true&JigyosyoCd=1373600251-00&ServiceCd=720&Type=search", "url2": "http://www.kosaien.or.jp" }, "geometry": { "type": "Point", "coordinates": [ 139.5410941, 35.6851401 ] } },
{ "type": "Feature", "properties": { "内容": "方丈庵・大沢【認知症対応型通所介護】東京都三鷹市大沢６丁目１１番１号－１", "url": "https://www.kaigokensaku.mhlw.go.jp/13/index.php?action_kouhyou_detail_004_kani=true&JigyosyoCd=1393600034-00&ServiceCd=720&Type=search", "url2": "https://hojoan.com/" }, "geometry": { "type": "Point", "coordinates": [ 139.528294003906495, 35.677930759481782 ] } },
{ "type": "Feature", "properties": { "内容": "デイサービスセンターリバーパレス青梅【認知症対応型通所介護】東京都青梅市長渕4－408－3", "url": "https://www.kaigokensaku.mhlw.go.jp/13/index.php?action_kouhyou_detail_004_kani=true&JigyosyoCd=1392800098-00&ServiceCd=720&Type=search", "url2": "http://www.riverpalace.ne.jp" }, "geometry": { "type": "Point", "coordinates": [ 139.271730299999945, 35.7811159 ] } },
{ "type": "Feature", "properties": { "内容": "河辺デイサービスセンターわかくさ【認知症対応型通所介護】東京都青梅市河辺町９－９－２５", "url": "https://www.kaigokensaku.mhlw.go.jp/13/index.php?action_kouhyou_detail_004_kani=true&JigyosyoCd=1392800023-00&ServiceCd=720&Type=search", "url2": "http://www.taiyoen.or.jp" }, "geometry": { "type": "Point", "coordinates": [ 139.291575500000022, 35.7850883 ] } },
{ "type": "Feature", "properties": { "内容": "東青梅デイサービスセンターすずらん【認知症対応型通所介護】東京都青梅市東青梅１丁目５－２８", "url": "https://www.kaigokensaku.mhlw.go.jp/13/index.php?action_kouhyou_detail_004_kani=true&JigyosyoCd=1392800064-00&ServiceCd=720&Type=search", "url2": "http://www.nagabuchien.or.jp/" }, "geometry": { "type": "Point", "coordinates": [ 139.271302500000047, 35.7889177 ] } },
{ "type": "Feature", "properties": { "内容": "木野下デイサービスセンター【認知症対応型通所介護】東京都青梅市木野下１－４１８", "url": "https://www.kaigokensaku.mhlw.go.jp/13/index.php?action_kouhyou_detail_004_kani=true&JigyosyoCd=1392800049-00&ServiceCd=720&Type=search", "url2": "https://www.issekikai.jp/" }, "geometry": { "type": "Point", "coordinates": [ 139.298166271163979, 35.807968298208337 ] } },
{ "type": "Feature", "properties": { "内容": "府中市立よつや苑高齢者在宅サービスセンター【認知症対応型通所介護】東京都府中市四谷3-66", "url": "https://www.kaigokensaku.mhlw.go.jp/13/index.php?action_kouhyou_detail_004_kani=true&JigyosyoCd=1393800196-00&ServiceCd=720&Type=search", "url2": "http://shoukichi.org" }, "geometry": { "type": "Point", "coordinates": [ 139.446156, 35.6601236 ] } },
{ "type": "Feature", "properties": { "内容": "府中市立あさひ苑高齢者在宅サービスセンター【認知症対応型通所介護】東京都府中市朝日町3-17-1", "url": "https://www.kaigokensaku.mhlw.go.jp/13/index.php?action_kouhyou_detail_004_kani=true&JigyosyoCd=1393800188-00&ServiceCd=720&Type=search", "url2": "http://www.tama-dhk.or.jp/asahi/index.html" }, "geometry": { "type": "Point", "coordinates": [ 139.522504799999979, 35.66795 ] } },
{ "type": "Feature", "properties": { "内容": "生活協同組合　パルシステム東京　デイサービスセンター「府中陽だまり」　だんらん【認知症対応型通所介護】東京都府中市幸町2-13-29", "url": "https://www.kaigokensaku.mhlw.go.jp/13/index.php?action_kouhyou_detail_004_kani=true&JigyosyoCd=1393800220-00&ServiceCd=720&Type=search", "url2": "http://www.palsystem-tokyo.coop" }, "geometry": { "type": "Point", "coordinates": [ 139.4848938, 35.678442 ] } },
{ "type": "Feature", "properties": { "内容": "昭島市高齢者在宅サービスセンター　愛全園【認知症対応型通所介護】東京都昭島市田中町2-25-3ー", "url": "https://www.kaigokensaku.mhlw.go.jp/13/index.php?action_kouhyou_detail_004_kani=true&JigyosyoCd=1374000238-00&ServiceCd=720&Type=search", "url2": "http://doho-gojyokai.or.jp" }, "geometry": { "type": "Point", "coordinates": [ 139.351034600000048, 35.7045136 ] } },
{ "type": "Feature", "properties": { "内容": "デイサービスセンター　こでまりの苑【認知症対応型通所介護】東京都昭島市美堀町2-14-25", "url": "https://www.kaigokensaku.mhlw.go.jp/13/index.php?action_kouhyou_detail_004_kani=true&JigyosyoCd=1374000402-00&ServiceCd=720&Type=search", "url2": "http://www/blu/m-net.ne.jp" }, "geometry": { "type": "Point", "coordinates": [ 139.359619400000042, 35.7234755 ] } },
{ "type": "Feature", "properties": { "内容": "デイサービスみかん【認知症対応型通所介護】東京都昭島市田中町２－２８－２８", "url": "https://www.kaigokensaku.mhlw.go.jp/13/index.php?action_kouhyou_detail_004_kani=true&JigyosyoCd=1394000028-00&ServiceCd=720&Type=search", "url2": "http://www.kotatsu.co.jp" }, "geometry": { "type": "Point", "coordinates": [ 139.3497764, 35.7051635 ] } },
{ "type": "Feature", "properties": { "内容": "調布市ちょうふの里高齢者在宅サービスセンター【認知症対応型通所介護】東京都調布市西町290番地5", "url": "https://www.kaigokensaku.mhlw.go.jp/13/index.php?action_kouhyou_detail_004_kani=true&JigyosyoCd=1374200333-00&ServiceCd=720&Type=search", "url2": "http://www.katabamikai.jp/sato/" }, "geometry": { "type": "Point", "coordinates": [ 139.52306580000004, 35.6676473 ] } },
{ "type": "Feature", "properties": { "内容": "高齢者在宅サービスセンター調布八雲苑【認知症対応型通所介護】東京都調布市八雲台１－５－５", "url": "https://www.kaigokensaku.mhlw.go.jp/13/index.php?action_kouhyou_detail_004_kani=true&JigyosyoCd=1374200291-00&ServiceCd=720&Type=search", "url2": "http://www.katabamikai.jp/" }, "geometry": { "type": "Point", "coordinates": [ 139.553650400000038, 35.6538558 ] } },
{ "type": "Feature", "properties": { "内容": "調布市国領高齢者在宅サービスセンター【認知症対応型通所介護】東京都調布市国領町3-8-1", "url": "https://www.kaigokensaku.mhlw.go.jp/13/index.php?action_kouhyou_detail_004_kani=true&JigyosyoCd=1374200341-00&ServiceCd=720&Type=search", "url2": "https://www.chofu-yu-ai.or.jp" }, "geometry": { "type": "Point", "coordinates": [ 139.562520633782952, 35.649412097559363 ] } },
{ "type": "Feature", "properties": { "内容": "調布市入間町地域密着型認知症デイサービス　ぷちぽあん【認知症対応型通所介護】東京都調布市入間町3-22-5", "url": "https://www.kaigokensaku.mhlw.go.jp/13/index.php?action_kouhyou_detail_004_kani=true&JigyosyoCd=1394200263-00&ServiceCd=720&Type=search", "url2": "https://www.chofu-yu-ai.or.jp" }, "geometry": { "type": "Point", "coordinates": [ 139.5880682, 35.6465135 ] } },
{ "type": "Feature", "properties": { "内容": "至誠ホーム調布若葉ケアセンター　デイホーム【認知症対応型通所介護】東京都調布市若葉町3-1-5", "url": "https://www.kaigokensaku.mhlw.go.jp/13/index.php?action_kouhyou_detail_004_kani=true&JigyosyoCd=1394200131-00&ServiceCd=720&Type=search", "url2": "http://www.shisei.or.jp" }, "geometry": { "type": "Point", "coordinates": [ 139.5821168, 35.6552862 ] } },
{ "type": "Feature", "properties": { "内容": "デイサービス　いづみの里【認知症対応型通所介護】東京都町田市原町田５－１－１２", "url": "https://www.kaigokensaku.mhlw.go.jp/13/index.php?action_kouhyou_detail_004_kani=true&JigyosyoCd=1373200193-00&ServiceCd=720&Type=search", "url2": "http://www.753kai.or.jp" }, "geometry": { "type": "Point", "coordinates": [ 139.448489900000027, 35.546745 ] } },
{ "type": "Feature", "properties": { "内容": "まちだケアセンター【認知症対応型通所介護】東京都町田市野津田町１９３２番地", "url": "https://www.kaigokensaku.mhlw.go.jp/13/index.php?action_kouhyou_detail_004_kani=true&JigyosyoCd=1393200298-00&ServiceCd=720&Type=search", "url2": "http://www.fukuinkai.or.jp" }, "geometry": { "type": "Point", "coordinates": [ 139.435181599999964, 35.5871403 ] } },
{ "type": "Feature", "properties": { "内容": "合掌苑翠の杜【認知症対応型通所介護】東京都町田市金森東3-18-16", "url": "https://www.kaigokensaku.mhlw.go.jp/13/index.php?action_kouhyou_detail_004_kani=true&JigyosyoCd=1373200821-00&ServiceCd=720&Type=search", "url2": "http://www.gsen.or.jp" }, "geometry": { "type": "Point", "coordinates": [ 139.465803400000027, 35.5315702 ] } },
{ "type": "Feature", "properties": { "内容": "認知症対応型通所介護事業所みぎわホーム　陽だまり【認知症対応型通所介護】東京都町田市南町田4-10-38", "url": "https://www.kaigokensaku.mhlw.go.jp/13/index.php?action_kouhyou_detail_004_kani=true&JigyosyoCd=1373201068-00&ServiceCd=720&Type=search", "url2": "http://www.migiwa-home.or.jp" }, "geometry": { "type": "Point", "coordinates": [ 139.464479979762245, 35.51564147193988 ] } },
{ "type": "Feature", "properties": { "内容": "おりづる苑もりの【認知症対応型通所介護】東京都町田市森野４－８－３９", "url": "https://www.kaigokensaku.mhlw.go.jp/13/index.php?action_kouhyou_detail_004_kani=true&JigyosyoCd=1373200631-00&ServiceCd=720&Type=search", "url2": "https://machida-fukushi.or.jp/care-service/dayservice-orizuru-morino/" }, "geometry": { "type": "Point", "coordinates": [ 139.4331161, 35.5540718 ] } },
{ "type": "Feature", "properties": { "内容": "サルビアデイケアセンター【認知症対応型通所介護】東京都町田市図師町2987-１", "url": "https://www.kaigokensaku.mhlw.go.jp/13/index.php?action_kouhyou_detail_004_kani=true&JigyosyoCd=1373200557-00&ServiceCd=720&Type=search", "url2": null }, "geometry": { "type": "Point", "coordinates": [ 139.435023199999961, 35.589651100000019 ] } },
{ "type": "Feature", "properties": { "内容": "認知症対応型デイサービス花美郷【認知症対応型通所介護】東京都町田市小山ヶ丘１丁目１２番地５", "url": "https://www.kaigokensaku.mhlw.go.jp/13/index.php?action_kouhyou_detail_004_kani=true&JigyosyoCd=1393200066-00&ServiceCd=720&Type=search", "url2": "http://chikuseikai.com/" }, "geometry": { "type": "Point", "coordinates": [ 139.386735700000031, 35.5969879 ] } },
{ "type": "Feature", "properties": { "内容": "認知症対応型通所介護芙蓉園【認知症対応型通所介護】東京都町田市南町田五丁目16番1号", "url": "https://www.kaigokensaku.mhlw.go.jp/13/index.php?action_kouhyou_detail_004_kani=true&JigyosyoCd=1393200181-00&ServiceCd=720&Type=search", "url2": "https://www.fuyouen.jp" }, "geometry": { "type": "Point", "coordinates": [ 139.471337100000028, 35.514729500000016 ] } },
{ "type": "Feature", "properties": { "内容": "デイサービスセンター　まちだ正吉苑【認知症対応型通所介護】東京都町田市成瀬８丁目１０番１号", "url": "https://www.kaigokensaku.mhlw.go.jp/13/index.php?action_kouhyou_detail_004_kani=true&JigyosyoCd=1393200256-00&ServiceCd=720&Type=search", "url2": "http://shoukichi.org/services/dayservice.html" }, "geometry": { "type": "Point", "coordinates": [ 139.4848333, 35.533996400000021 ] } },
{ "type": "Feature", "properties": { "内容": "第二清風園高齢者在宅サービスセンター【認知症対応型通所介護】東京都町田市薬師台3丁目270番1", "url": "https://www.kaigokensaku.mhlw.go.jp/13/index.php?action_kouhyou_detail_004_kani=true&JigyosyoCd=1373200748-00&ServiceCd=720&Type=search", "url2": "http://www.san-ikukai.or.jp/machida/seifu2/" }, "geometry": { "type": "Point", "coordinates": [ 139.457002099999954, 35.5821945 ] } },
{ "type": "Feature", "properties": { "内容": "高齢者デイサービスセンターぬくもりの園【認知症対応型通所介護】東京都町田市下小山田町２７２９－２", "url": "https://www.kaigokensaku.mhlw.go.jp/13/index.php?action_kouhyou_detail_004_kani=true&JigyosyoCd=1373201175-00&ServiceCd=720&Type=search", "url2": "http://www.kashokai.com" }, "geometry": { "type": "Point", "coordinates": [ 139.407981100000029, 35.593375 ] } },
{ "type": "Feature", "properties": { "内容": "ケアセンター木曽山崎【認知症対応型通所介護】東京都町田市山崎町２２００番地", "url": "https://www.kaigokensaku.mhlw.go.jp/13/index.php?action_kouhyou_detail_004_kani=true&JigyosyoCd=1393200280-00&ServiceCd=720&Type=search", "url2": "http://www.fukuinkai.or.jp" }, "geometry": { "type": "Point", "coordinates": [ 139.434878411104648, 35.567942997281065 ] } },
{ "type": "Feature", "properties": { "内容": "小山田高齢者在宅サービスセンター【認知症対応型通所介護】東京都町田市下小山田町3580番地ふれあい桜館１階", "url": "https://www.kaigokensaku.mhlw.go.jp/13/index.php?action_kouhyou_detail_004_kani=true&JigyosyoCd=1373200664-00&ServiceCd=720&Type=search", "url2": "https://machida-fukushi.or.jp/" }, "geometry": { "type": "Point", "coordinates": [ 139.408086799999978, 35.5854268 ] } },
{ "type": "Feature", "properties": { "内容": "桜実会　デイサービス玉川学園くつろぎ【認知症対応型通所介護】東京都町田市玉川学園三丁目３５号１番", "url": "https://www.kaigokensaku.mhlw.go.jp/13/index.php?action_kouhyou_detail_004_kani=true&JigyosyoCd=1373200896-00&ServiceCd=720&Type=search", "url2": "http://www.ohmikai.com" }, "geometry": { "type": "Point", "coordinates": [ 139.458563700000013, 35.5633605 ] } },
{ "type": "Feature", "properties": { "内容": "高齢者デイサービスセンター光の園町田【認知症対応型通所介護】東京都町田市真光寺町１１７２番地", "url": "https://www.kaigokensaku.mhlw.go.jp/13/index.php?action_kouhyou_detail_004_kani=true&JigyosyoCd=1373201191-00&ServiceCd=720&Type=search", "url2": "http://www.machida-shinkokai.com" }, "geometry": { "type": "Point", "coordinates": [ 139.460048699999987, 35.6017675 ] } },
{ "type": "Feature", "properties": { "内容": "おりづる苑かなもり【認知症対応型通所介護】東京都町田市金森東2-17-18", "url": "https://www.kaigokensaku.mhlw.go.jp/13/index.php?action_kouhyou_detail_004_kani=true&JigyosyoCd=1393200082-00&ServiceCd=720&Type=search", "url2": "http://machida-fukushi.or.jp" }, "geometry": { "type": "Point", "coordinates": [ 139.46309789999998, 35.5325559 ] } },
{ "type": "Feature", "properties": { "内容": "おりづる苑せりがや【認知症対応型通所介護】東京都町田市原町田4－24－6せりがや会館内", "url": "https://www.kaigokensaku.mhlw.go.jp/13/index.php?action_kouhyou_detail_004_kani=true&JigyosyoCd=1373200649-00&ServiceCd=720&Type=search", "url2": "https://machida-fukushi.or.jp/care-service/dayservice-orizuru-serigaya/" }, "geometry": { "type": "Point", "coordinates": [ 139.4530896, 35.5444286 ] } },
{ "type": "Feature", "properties": { "内容": "また明日デイホーム【認知症対応型通所介護】東京都小金井市貫井南町4-14-14ヴィレッジ・パル１Ｆ", "url": "https://www.kaigokensaku.mhlw.go.jp/13/index.php?action_kouhyou_detail_004_kani=true&JigyosyoCd=1394100018-00&ServiceCd=720&Type=search", "url2": "http://www7b.biglobe.ne.jp/~mata-asita/" }, "geometry": { "type": "Point", "coordinates": [ 139.494523, 35.6959763 ] } },
{ "type": "Feature", "properties": { "内容": "桜町高齢者在宅サービスセンター【認知症対応型通所介護】東京都小金井市桜町1-9-5", "url": "https://www.kaigokensaku.mhlw.go.jp/13/index.php?action_kouhyou_detail_004_kani=true&JigyosyoCd=1374100152-00&ServiceCd=720&Type=search", "url2": "http://www.seiyohanekai.or.jp" }, "geometry": { "type": "Point", "coordinates": [ 139.511851299999989, 35.7106056 ] } },
{ "type": "Feature", "properties": { "内容": "くすの木デイサービス【認知症対応型通所介護】東京都小金井市前原町3-16-11", "url": "https://www.kaigokensaku.mhlw.go.jp/13/index.php?action_kouhyou_detail_004_kani=true&JigyosyoCd=1374100665-00&ServiceCd=720&Type=search", "url2": "http://kusunokiday.com" }, "geometry": { "type": "Point", "coordinates": [ 139.503354912550321, 35.69469993415634 ] } },
{ "type": "Feature", "properties": { "内容": "小金井市立本町高齢者在宅サービスセンター【認知症対応型通所介護】東京都小金井市本町２丁目１０番１３号", "url": "https://www.kaigokensaku.mhlw.go.jp/13/index.php?action_kouhyou_detail_004_kani=true&JigyosyoCd=1374100194-00&ServiceCd=720&Type=search", "url2": "http://www.seiyohanekai.or.jp/honcho-center/index.html" }, "geometry": { "type": "Point", "coordinates": [ 139.510068600000068, 35.7031953 ] } },
{ "type": "Feature", "properties": { "内容": "多摩済生ケアセンター【認知症対応型通所介護】東京都小平市美園町3-12-1", "url": "https://www.kaigokensaku.mhlw.go.jp/13/index.php?action_kouhyou_detail_004_kani=true&JigyosyoCd=1374300323-00&ServiceCd=720&Type=search", "url2": "http://www.tama-sai.jp" }, "geometry": { "type": "Point", "coordinates": [ 139.490212700000029, 35.7401404 ] } },
{ "type": "Feature", "properties": { "内容": "デイサービスセンター　さくら野杜【認知症対応型通所介護】東京都小平市花小金井3-25-21", "url": "https://www.kaigokensaku.mhlw.go.jp/13/index.php?action_kouhyou_detail_004_kani=true&JigyosyoCd=1374301354-00&ServiceCd=720&Type=search", "url2": "http://www.nanokakai.jp/sakurano-mori" }, "geometry": { "type": "Point", "coordinates": [ 139.514702199999988, 35.7404938 ] } },
{ "type": "Feature", "properties": { "内容": "小平健成苑　デイサービスセンター【認知症対応型通所介護】東京都小平市鈴木町２丁目　２３０－３", "url": "https://www.kaigokensaku.mhlw.go.jp/13/index.php?action_kouhyou_detail_004_kani=true&JigyosyoCd=1374300430-00&ServiceCd=720&Type=search", "url2": "http://www.kenseien.org/" }, "geometry": { "type": "Point", "coordinates": [ 139.504609499999987, 35.724662 ] } },
{ "type": "Feature", "properties": { "内容": "デイサービスセンターぶどうの木【認知症対応型通所介護】東京都小平市小川東町1-11-18", "url": "https://www.kaigokensaku.mhlw.go.jp/13/index.php?action_kouhyou_detail_004_kani=true&JigyosyoCd=1374301263-00&ServiceCd=720&Type=search", "url2": "http://www.kenseien.org/" }, "geometry": { "type": "Point", "coordinates": [ 139.465045700000019, 35.7347318 ] } },
{ "type": "Feature", "properties": { "内容": "高齢者在宅サービスセンターマザアス多摩川苑【認知症対応型通所介護】東京都日野市万願寺一丁目16-1", "url": "https://www.kaigokensaku.mhlw.go.jp/13/index.php?action_kouhyou_detail_004_kani=true&JigyosyoCd=1373500287-00&ServiceCd=720&Type=search", "url2": "http://www.moth.or.jp" }, "geometry": { "type": "Point", "coordinates": [ 139.420151499999946, 35.6757989 ] } },
{ "type": "Feature", "properties": { "内容": "デイホームにんじん・万願寺【認知症対応型通所介護】東京都日野市万願寺6-22-6", "url": "https://www.kaigokensaku.mhlw.go.jp/13/index.php?action_kouhyou_detail_004_kani=true&JigyosyoCd=1373500238-00&ServiceCd=720&Type=search", "url2": "http://www.ninjin.or.jp/" }, "geometry": { "type": "Point", "coordinates": [ 139.4086307, 35.6664994 ] } },
{ "type": "Feature", "properties": { "内容": "友遊ケアセンター【認知症対応型通所介護】東京都日野市西平山2-2-15", "url": "https://www.kaigokensaku.mhlw.go.jp/13/index.php?action_kouhyou_detail_004_kani=true&JigyosyoCd=1393500051-00&ServiceCd=720&Type=search", "url2": null }, "geometry": { "type": "Point", "coordinates": [ 139.3746542, 35.6454069 ] } },
{ "type": "Feature", "properties": { "内容": "社会福祉法人白十字会　高齢者在宅サービスセンター　白十字八国苑【認知症対応型通所介護】東京都東村山市諏訪町2丁目26番１", "url": "https://www.kaigokensaku.mhlw.go.jp/13/index.php?action_kouhyou_detail_004_kani=true&JigyosyoCd=1372700698-00&ServiceCd=720&Type=search", "url2": "http://www.hakujujuji-home.jp/index.php" }, "geometry": { "type": "Point", "coordinates": [ 139.463305155155922, 35.771113112243114 ] } },
{ "type": "Feature", "properties": { "内容": "東大和市ふれあいデイセンターひかり苑【認知症対応型通所介護】東京都東村山市富士見町２－７－４０", "url": "https://www.kaigokensaku.mhlw.go.jp/13/index.php?action_kouhyou_detail_004_kani=true&JigyosyoCd=1372700359-00&ServiceCd=720&Type=search", "url2": "http://www.hikarien.com" }, "geometry": { "type": "Point", "coordinates": [ 139.454432600000018, 35.739656 ] } },
{ "type": "Feature", "properties": { "内容": "デイサービスセンターやわらぎ・国分寺【認知症対応型通所介護】東京都国分寺市本町4-1-2エスポアール花澤台1階", "url": "https://www.kaigokensaku.mhlw.go.jp/13/index.php?action_kouhyou_detail_004_kani=true&JigyosyoCd=1393100035-00&ServiceCd=720&Type=search", "url2": "http://www.yawaragi.or.jp/" }, "geometry": { "type": "Point", "coordinates": [ 139.477624099999957, 35.7004724 ] } },
{ "type": "Feature", "properties": { "内容": "やがわデイサービスセンター【認知症対応型通所介護】東京都国立市富士見台4-8-2", "url": "https://www.kaigokensaku.mhlw.go.jp/13/index.php?action_kouhyou_detail_004_kani=true&JigyosyoCd=1393400039-00&ServiceCd=720&Type=search", "url2": "http://www.nitta-clinic.or.jp" }, "geometry": { "type": "Point", "coordinates": [ 139.432372500000042, 35.6862037 ] } },
{ "type": "Feature", "properties": { "内容": "こまえ苑【認知症対応型通所介護】東京都狛江市岩戸南四丁目17番17号", "url": "https://www.kaigokensaku.mhlw.go.jp/13/index.php?action_kouhyou_detail_004_kani=true&JigyosyoCd=1374500021-00&ServiceCd=720&Type=search", "url2": "https://www.komaeen.or.jp" }, "geometry": { "type": "Point", "coordinates": [ 139.592729, 35.6258799 ] } },
{ "type": "Feature", "properties": { "内容": "デイサービスセンターこまえ正吉苑【認知症対応型通所介護】東京都狛江市西野川2-27-23", "url": "https://www.kaigokensaku.mhlw.go.jp/13/index.php?action_kouhyou_detail_004_kani=true&JigyosyoCd=1374500211-00&ServiceCd=720&Type=search", "url2": "http://www.shoukichi.org" }, "geometry": { "type": "Point", "coordinates": [ 139.574040599999989, 35.645471 ] } },
{ "type": "Feature", "properties": { "内容": "デイプラス狛江のいずみ　あざれあ【認知症対応型通所介護】東京都狛江市中和泉1-9-5グランドール松原", "url": "https://www.kaigokensaku.mhlw.go.jp/13/index.php?action_kouhyou_detail_004_kani=true&JigyosyoCd=1394500134-00&ServiceCd=720&Type=search", "url2": "https://komaenoizumi.bona.jp/" }, "geometry": { "type": "Point", "coordinates": [ 139.575513399999977, 35.635775199999976 ] } },
{ "type": "Feature", "properties": { "内容": "デイサービスつむぎ狛江【認知症対応型通所介護】東京都狛江市西野川2-20-8", "url": "https://www.kaigokensaku.mhlw.go.jp/13/index.php?action_kouhyou_detail_004_kani=true&JigyosyoCd=1394500035-00&ServiceCd=720&Type=search", "url2": "https://www.tsumugikomae.com/" }, "geometry": { "type": "Point", "coordinates": [ 139.573665799999958, 35.6436018 ] } },
{ "type": "Feature", "properties": { "内容": "在宅サービスセンター向台【認知症対応型通所介護】東京都東大和市芋窪3-1611-1", "url": "https://www.kaigokensaku.mhlw.go.jp/13/index.php?action_kouhyou_detail_004_kani=true&JigyosyoCd=1374600169-00&ServiceCd=720&Type=search", "url2": "http://care-net.biz/13/mukoukai/" }, "geometry": { "type": "Point", "coordinates": [ 139.414058100000034, 35.752693 ] } },
{ "type": "Feature", "properties": { "内容": "サービスセンターさくら苑【認知症対応型通所介護】東京都東大和市桜が丘２丁目１２２番地４", "url": "https://www.kaigokensaku.mhlw.go.jp/13/index.php?action_kouhyou_detail_004_kani=true&JigyosyoCd=1374600128-00&ServiceCd=720&Type=search", "url2": "http://www.tamayamatoen.net" }, "geometry": { "type": "Point", "coordinates": [ 139.425649300000032, 35.7336095 ] } },
{ "type": "Feature", "properties": { "内容": "サービスセンター　やまと苑【認知症対応型通所介護】東京都東大和市狭山２－１２６４－５やまと苑", "url": "https://www.kaigokensaku.mhlw.go.jp/13/index.php?action_kouhyou_detail_004_kani=true&JigyosyoCd=1374600110-00&ServiceCd=720&Type=search", "url2": "http://www.tamayamatoen.net/" }, "geometry": { "type": "Point", "coordinates": [ 139.439508400000022, 35.7570347 ] } },
{ "type": "Feature", "properties": { "内容": "老人デイサービスセンターパレ・フローラ【認知症対応型通所介護】東京都東久留米市下里４丁目２番５０号", "url": "https://www.kaigokensaku.mhlw.go.jp/13/index.php?action_kouhyou_detail_004_kani=true&JigyosyoCd=1374800280-00&ServiceCd=720&Type=search", "url2": "http://www.kenchi-sato.or.jp" }, "geometry": { "type": "Point", "coordinates": [ 139.494686900000033, 35.7528643 ] } },
{ "type": "Feature", "properties": { "内容": "デイサービスセンターマザアス氷川台【認知症対応型通所介護】東京都東久留米市氷川台2-5-7", "url": "https://www.kaigokensaku.mhlw.go.jp/13/index.php?action_kouhyou_detail_004_kani=true&JigyosyoCd=1374800181-00&ServiceCd=720&Type=search", "url2": "http://www.moth.or.jp" }, "geometry": { "type": "Point", "coordinates": [ 139.5330358, 35.7678188 ] } },
{ "type": "Feature", "properties": { "内容": "サンシャインホーム　デイサービスセンター【認知症対応型通所介護】東京都武蔵村山市伊奈平４－１０－２", "url": "https://www.kaigokensaku.mhlw.go.jp/13/index.php?action_kouhyou_detail_004_kani=true&JigyosyoCd=1374900312-00&ServiceCd=720&Type=search", "url2": "http://www.sunshinehome.or.jp" }, "geometry": { "type": "Point", "coordinates": [ 139.37718140000004, 35.7355634 ] } },
{ "type": "Feature", "properties": { "内容": "多摩市さくらが丘在宅サービスセンター【認知症対応型通所介護】東京都多摩市連光寺１－１－１", "url": "https://www.kaigokensaku.mhlw.go.jp/13/index.php?action_kouhyou_detail_004_kani=true&JigyosyoCd=1375000195-00&ServiceCd=720&Type=search", "url2": "http://www.swfsakura.or.jp/zaitaku/" }, "geometry": { "type": "Point", "coordinates": [ 139.458340423417638, 35.648059974300416 ] } },
{ "type": "Feature", "properties": { "内容": "白楽荘デイサービスセンター　ほのぼの【認知症対応型通所介護】東京都多摩市山王下１－１８－２", "url": "https://www.kaigokensaku.mhlw.go.jp/13/index.php?action_kouhyou_detail_004_kani=true&JigyosyoCd=1375000153-00&ServiceCd=720&Type=search", "url2": "http://www.rakuyuukai.com" }, "geometry": { "type": "Point", "coordinates": [ 139.415132299999982, 35.6252185 ] } },
{ "type": "Feature", "properties": { "内容": "多摩市和光園ケアセンター【認知症対応型通所介護】東京都多摩市和田１５３２番地", "url": "https://www.kaigokensaku.mhlw.go.jp/13/index.php?action_kouhyou_detail_004_kani=true&JigyosyoCd=1395000068-00&ServiceCd=720&Type=search", "url2": "http://yamatokai-tokyo.or.jp/" }, "geometry": { "type": "Point", "coordinates": [ 139.431432699999959, 35.6459554 ] } },
{ "type": "Feature", "properties": { "内容": "デイサービスセンター多摩の里むさしの園【認知症対応型通所介護】東京都羽村市五ノ神362", "url": "https://www.kaigokensaku.mhlw.go.jp/13/index.php?action_kouhyou_detail_004_kani=true&JigyosyoCd=1372400521-00&ServiceCd=720&Type=search", "url2": "http://www.enseikai.com" }, "geometry": { "type": "Point", "coordinates": [ 139.33256855026255, 35.770462619130015 ] } },
{ "type": "Feature", "properties": { "内容": "デイサービスポピー【認知症対応型通所介護】東京都羽村市羽4191-3", "url": "https://www.kaigokensaku.mhlw.go.jp/13/index.php?action_kouhyou_detail_004_kani=true&JigyosyoCd=1395300062-00&ServiceCd=720&Type=search", "url2": "http://day-poppy.com/" }, "geometry": { "type": "Point", "coordinates": [ 139.331606974468372, 35.762649486967966 ] } },
{ "type": "Feature", "properties": { "内容": "こいかわの郷【認知症対応型通所介護】東京都あきる野市菅生1446-1", "url": "https://www.kaigokensaku.mhlw.go.jp/13/index.php?action_kouhyou_detail_004_kani=true&JigyosyoCd=1395200023-00&ServiceCd=720&Type=search", "url2": "http://hotaru-home.jp/" }, "geometry": { "type": "Point", "coordinates": [ 139.286412425239661, 35.754328719945377 ] } },
{ "type": "Feature", "properties": { "内容": "デイサービスセンター　クレイン【認知症対応型通所介護】東京都西東京市西原町４丁目３番５号", "url": "https://www.kaigokensaku.mhlw.go.jp/13/index.php?action_kouhyou_detail_004_kani=true&JigyosyoCd=1373900255-00&ServiceCd=720&Type=search", "url2": "http://www.kurein.org" }, "geometry": { "type": "Point", "coordinates": [ 139.528698299999974, 35.7351337 ] } },
{ "type": "Feature", "properties": { "内容": "デイサービス悠花【認知症対応型通所介護】東京都西東京市泉町3-15-28", "url": "https://www.kaigokensaku.mhlw.go.jp/13/index.php?action_kouhyou_detail_004_kani=true&JigyosyoCd=1395400102-00&ServiceCd=720&Type=search", "url2": "http://www.you-you123.com" }, "geometry": { "type": "Point", "coordinates": [ 139.5526516, 35.7381535 ] } },
{ "type": "Feature", "properties": { "内容": "緑寿園ケアセンタ－【認知症対応型通所介護】東京都西東京市新町１－１１－２５", "url": "https://www.kaigokensaku.mhlw.go.jp/13/index.php?action_kouhyou_detail_004_kani=true&JigyosyoCd=1373700028-00&ServiceCd=720&Type=search", "url2": "http://www.shisei-tokyo.or.jp" }, "geometry": { "type": "Point", "coordinates": [ 139.544295199999965, 35.7171835 ] } },
{ "type": "Feature", "properties": { "内容": "年輪デイホーム【認知症対応型通所介護】東京都西東京市田無町５－４－８第一和光ビル１Ｆ", "url": "https://www.kaigokensaku.mhlw.go.jp/13/index.php?action_kouhyou_detail_004_kani=true&JigyosyoCd=1373900214-00&ServiceCd=720&Type=search", "url2": "http://www.npo-nenrin.com" }, "geometry": { "type": "Point", "coordinates": [ 139.5363979, 35.7306011 ] } },
{ "type": "Feature", "properties": { "内容": "西東京市高齢者センターきらら【認知症対応型通所介護】東京都西東京市富士町1-7-69", "url": "https://www.kaigokensaku.mhlw.go.jp/13/index.php?action_kouhyou_detail_004_kani=true&JigyosyoCd=1373700283-00&ServiceCd=720&Type=search", "url2": "https://www.toshinkai.or.jp" }, "geometry": { "type": "Point", "coordinates": [ 139.560445699999946, 35.7343736 ] } },
{ "type": "Feature", "properties": { "内容": "通所介護フラワープラム【認知症対応型通所介護】東京都西多摩郡瑞穂町長岡長谷部83番1", "url": "https://www.kaigokensaku.mhlw.go.jp/13/index.php?action_kouhyou_detail_004_kani=true&JigyosyoCd=1372400786-00&ServiceCd=720&Type=search", "url2": "http://www.flowerplum.jp" }, "geometry": { "type": "Point", "coordinates": [ 139.333502400000043, 35.7865893 ] } },
{ "type": "Feature", "properties": { "内容": "大島町高齢者在宅サービスセンター【認知症対応型通所介護】東京都大島町元町字地の岡45番１", "url": "https://www.kaigokensaku.mhlw.go.jp/13/index.php?action_kouhyou_detail_004_kani=true&JigyosyoCd=1370300566-00&ServiceCd=720&Type=search", "url2": "http://care-net.biz/13/tubakinosato/" }, "geometry": { "type": "Point", "coordinates": [ 139.365013500000032, 34.7716926 ] } },
{ "type": "Feature", "properties": { "内容": "グループホームあすなろ【認知症対応型通所介護】東京都大島町野増王若408－14", "url": "https://www.kaigokensaku.mhlw.go.jp/13/index.php?action_kouhyou_detail_004_kani=true&JigyosyoCd=1390300091-00&ServiceCd=720&Type=search", "url2": "http://www.asunaro-home.co.jp" }, "geometry": { "type": "Point", "coordinates": [ 139.3554996, 34.7501544 ] } },
{ "type": "Feature", "properties": { "内容": "デイサービス　スミレ【認知症対応型通所介護】東京都八丈島八丈町樫立３６９", "url": "https://www.kaigokensaku.mhlw.go.jp/13/index.php?action_kouhyou_detail_004_kani=true&JigyosyoCd=1390300224-00&ServiceCd=720&Type=search", "url2": "https://peacesmile.tokyo/" }, "geometry": { "type": "Point", "coordinates": [ 139.795817475328448, 33.071333530973526 ] } }
]
}
