{
"type": "FeatureCollection",
"name": "geo_13_特定福祉用具販売",
"crs": { "type": "name", "properties": { "name": "urn:ogc:def:crs:OGC:1.3:CRS84" } },
"features": [
{ "type": "Feature", "properties": { "内容": "あいけあ【特定福祉用具販売】東京都中央区日本橋大伝馬町11-8フジスタービル10階103号", "url": "https://www.kaigokensaku.mhlw.go.jp/13/index.php?action_kouhyou_detail_004_kani=true&JigyosyoCd=1370703611-00&ServiceCd=410&Type=search", "url2": null }, "geometry": { "type": "Point", "coordinates": [ 139.7803639, 35.6899775 ] } },
{ "type": "Feature", "properties": { "内容": "福祉用具ひまわり【特定福祉用具販売】東京都中央区東日本橋2ｰ8ｰ5グリーンビルアネックス7F", "url": "https://www.kaigokensaku.mhlw.go.jp/13/index.php?action_kouhyou_detail_004_kani=true&JigyosyoCd=1370201954-00&ServiceCd=410&Type=search", "url2": null }, "geometry": { "type": "Point", "coordinates": [ 139.731943199999904, 35.6186509 ] } },
{ "type": "Feature", "properties": { "内容": "グッドライフケア福祉用具【特定福祉用具販売】東京都中央区新川1-23-5ONESHINKAWA3階", "url": "https://www.kaigokensaku.mhlw.go.jp/13/index.php?action_kouhyou_detail_004_kani=true&JigyosyoCd=1370202234-00&ServiceCd=410&Type=search", "url2": "https://goodlifecare.co.jp/tokyo-service/office/assistive-device.html" }, "geometry": { "type": "Point", "coordinates": [ 139.7848186, 35.6768126 ] } },
{ "type": "Feature", "properties": { "内容": "88福祉用具【特定福祉用具販売】東京都港区六本木3-16-35イースト六本木704", "url": "https://www.kaigokensaku.mhlw.go.jp/13/index.php?action_kouhyou_detail_004_kani=true&JigyosyoCd=1370305615-00&ServiceCd=410&Type=search", "url2": null }, "geometry": { "type": "Point", "coordinates": [ 139.7367049, 35.6626506 ] } },
{ "type": "Feature", "properties": { "内容": "株式会社ヤマシタ港営業所【特定福祉用具販売】東京都港区三田2-10-6三田レオマビル3階", "url": "https://www.kaigokensaku.mhlw.go.jp/13/index.php?action_kouhyou_detail_004_kani=true&JigyosyoCd=1370301879-00&ServiceCd=410&Type=search", "url2": "http://www.yco.co.jp" }, "geometry": { "type": "Point", "coordinates": [ 139.744685600000025, 35.6535141 ] } },
{ "type": "Feature", "properties": { "内容": "アイム介護福祉支援センター【特定福祉用具販売】東京都港区赤坂7丁目10番地9号第四文成ビル701", "url": "https://www.kaigokensaku.mhlw.go.jp/13/index.php?action_kouhyou_detail_004_kani=true&JigyosyoCd=1370300350-00&ServiceCd=410&Type=search", "url2": "http://www.aimcare.co.jp/" }, "geometry": { "type": "Point", "coordinates": [ 139.732366, 35.6694591 ] } },
{ "type": "Feature", "properties": { "内容": "フランスベッド株式会社　メディカル六本木営業所【特定福祉用具販売】東京都港区六本木４丁目１番１６号六本木ハイツ２Ｆ", "url": "https://www.kaigokensaku.mhlw.go.jp/13/index.php?action_kouhyou_detail_004_kani=true&JigyosyoCd=1370302919-00&ServiceCd=410&Type=search", "url2": "http://www.francebed.co.jp/" }, "geometry": { "type": "Point", "coordinates": [ 139.734547799999973, 35.6646612 ] } },
{ "type": "Feature", "properties": { "内容": "セントケアりまいん　浜松町【特定福祉用具販売】東京都港区浜松町2-2-15浜松町ダイヤハイツ203", "url": "https://www.kaigokensaku.mhlw.go.jp/13/index.php?action_kouhyou_detail_004_kani=true&JigyosyoCd=1370304741-00&ServiceCd=410&Type=search", "url2": null }, "geometry": { "type": "Point", "coordinates": [ 139.754846599999979, 35.6552284 ] } },
{ "type": "Feature", "properties": { "内容": "YOURGOOD【特定福祉用具販売】東京都新宿区中井2-12-4内野マンション102", "url": "https://www.kaigokensaku.mhlw.go.jp/13/index.php?action_kouhyou_detail_004_kani=true&JigyosyoCd=1370407247-00&ServiceCd=410&Type=search", "url2": null }, "geometry": { "type": "Point", "coordinates": [ 139.686451300000016, 35.716082499999985 ] } },
{ "type": "Feature", "properties": { "内容": "介護とくらしのパートナー/エブリィ【特定福祉用具販売】東京都新宿区高田馬場4-13-12東海林ビル３階ーE", "url": "https://www.kaigokensaku.mhlw.go.jp/13/index.php?action_kouhyou_detail_004_kani=true&JigyosyoCd=1370407411-00&ServiceCd=410&Type=search", "url2": "http://www.mms1.jp" }, "geometry": { "type": "Point", "coordinates": [ 139.7011192, 35.7128692 ] } },
{ "type": "Feature", "properties": { "内容": "ハピネスケア【特定福祉用具販売】東京都新宿区高田馬場1-10-15三翔諏訪の森ハイツ第二　104", "url": "https://www.kaigokensaku.mhlw.go.jp/13/index.php?action_kouhyou_detail_004_kani=true&JigyosyoCd=1371911411-00&ServiceCd=410&Type=search", "url2": "http://www.happinesscare.jp" }, "geometry": { "type": "Point", "coordinates": [ 139.706908492560842, 35.709537152947114 ] } },
{ "type": "Feature", "properties": { "内容": "日本リック福祉用具貸与事業所【特定福祉用具販売】東京都新宿区早稲田町85番地近藤ビル１階", "url": "https://www.kaigokensaku.mhlw.go.jp/13/index.php?action_kouhyou_detail_004_kani=true&JigyosyoCd=1370402321-00&ServiceCd=410&Type=search", "url2": "http://www.nipponrick.co.jp" }, "geometry": { "type": "Point", "coordinates": [ 139.726814055816703, 35.705634707955909 ] } },
{ "type": "Feature", "properties": { "内容": "フランスベッド株式会社　メディカルショップ新宿店【特定福祉用具販売】東京都新宿区高田馬場一丁目３１番地１６号ワイム高田馬場ビル　２階", "url": "https://www.kaigokensaku.mhlw.go.jp/13/index.php?action_kouhyou_detail_004_kani=true&JigyosyoCd=1370403923-00&ServiceCd=410&Type=search", "url2": "https://medical.francebed.co.jp/" }, "geometry": { "type": "Point", "coordinates": [ 139.703359800000044, 35.7097966 ] } },
{ "type": "Feature", "properties": { "内容": "Ｋ－ＷＯＲＫＥＲ　福祉用具貸与事業所【特定福祉用具販売】東京都新宿区高田馬場3-33-11階", "url": "https://www.kaigokensaku.mhlw.go.jp/13/index.php?action_kouhyou_detail_004_kani=true&JigyosyoCd=1370405811-00&ServiceCd=410&Type=search", "url2": "http://www.k-worker.co.jp" }, "geometry": { "type": "Point", "coordinates": [ 139.696601262201483, 35.71174940110938 ] } },
{ "type": "Feature", "properties": { "内容": "シルバーはあと新宿【特定福祉用具販売】東京都新宿区大京町２８−１プラウド新宿御苑エンパイア１０３", "url": "https://www.kaigokensaku.mhlw.go.jp/13/index.php?action_kouhyou_detail_004_kani=true&JigyosyoCd=1370406009-00&ServiceCd=410&Type=search", "url2": "https://www.silver-heart.jp/" }, "geometry": { "type": "Point", "coordinates": [ 139.7157264, 35.683139 ] } },
{ "type": "Feature", "properties": { "内容": "大起エンゼルヘルプ　東京中央営業所【特定福祉用具販売】東京都新宿区西落合4-8-19", "url": "https://www.kaigokensaku.mhlw.go.jp/13/index.php?action_kouhyou_detail_004_kani=true&JigyosyoCd=1370406199-00&ServiceCd=410&Type=search", "url2": "http://www.enzeru.co.jp" }, "geometry": { "type": "Point", "coordinates": [ 139.679532399999971, 35.7279701 ] } },
{ "type": "Feature", "properties": { "内容": "株式会社ヤマシタ新宿営業所【特定福祉用具販売】東京都新宿区高田馬場1‐29‐20安念ビル６F", "url": "https://www.kaigokensaku.mhlw.go.jp/13/index.php?action_kouhyou_detail_004_kani=true&JigyosyoCd=1370406769-00&ServiceCd=410&Type=search", "url2": "https://www.yco.co.jp" }, "geometry": { "type": "Point", "coordinates": [ 139.704206699999986, 35.7105377 ] } },
{ "type": "Feature", "properties": { "内容": "アップライド株式会社【特定福祉用具販売】東京都新宿区上落合2-26-3上落合ビル2F", "url": "https://www.kaigokensaku.mhlw.go.jp/13/index.php?action_kouhyou_detail_004_kani=true&JigyosyoCd=1372200418-00&ServiceCd=410&Type=search", "url2": "http://www.upride.co.jp/" }, "geometry": { "type": "Point", "coordinates": [ 139.6864055, 35.711027 ] } },
{ "type": "Feature", "properties": { "内容": "ダスキンヘルスレント新宿ステーション【特定福祉用具販売】東京都新宿区天神町66-8", "url": "https://www.kaigokensaku.mhlw.go.jp/13/index.php?action_kouhyou_detail_004_kani=true&JigyosyoCd=1370403584-00&ServiceCd=410&Type=search", "url2": "https://healthrent.duskin.jp/station/tokyo/shinjyuku.html" }, "geometry": { "type": "Point", "coordinates": [ 139.7298508, 35.7055386 ] } },
{ "type": "Feature", "properties": { "内容": "株式会社アップサポート　ヤマクル福祉用具【特定福祉用具販売】東京都新宿区高田馬場1‐20‐7スワコモンズ107", "url": "https://www.kaigokensaku.mhlw.go.jp/13/index.php?action_kouhyou_detail_004_kani=true&JigyosyoCd=1370407494-00&ServiceCd=410&Type=search", "url2": "https://upsupport.tokyo/" }, "geometry": { "type": "Point", "coordinates": [ 139.705464799999959, 35.709434 ] } },
{ "type": "Feature", "properties": { "内容": "ナイスケア福祉用具貸与・販売事業所【特定福祉用具販売】東京都新宿区高田馬場4-26-15サルイアパートメント101", "url": "https://www.kaigokensaku.mhlw.go.jp/13/index.php?action_kouhyou_detail_004_kani=true&JigyosyoCd=1370407502-00&ServiceCd=410&Type=search", "url2": "https://nicecare.co.jp/" }, "geometry": { "type": "Point", "coordinates": [ 139.6992936, 35.709899 ] } },
{ "type": "Feature", "properties": { "内容": "ダスキンヘルスレント文京豊島ステーション【特定福祉用具販売】東京都文京区小石川5-30-11パークハイム美樹", "url": "https://www.kaigokensaku.mhlw.go.jp/13/index.php?action_kouhyou_detail_004_kani=true&JigyosyoCd=1370503664-00&ServiceCd=410&Type=search", "url2": "https://healthrent.duskin.jp/station/tokyo/bunkyotoshima.html" }, "geometry": { "type": "Point", "coordinates": [ 139.74031, 35.719768 ] } },
{ "type": "Feature", "properties": { "内容": "ライフネット株式会社【特定福祉用具販売】東京都台東区今戸１－１８－１０", "url": "https://www.kaigokensaku.mhlw.go.jp/13/index.php?action_kouhyou_detail_004_kani=true&JigyosyoCd=1370600718-00&ServiceCd=410&Type=search", "url2": "http://www.lifenet-kaigo.com" }, "geometry": { "type": "Point", "coordinates": [ 139.80396559999997, 35.7205402 ] } },
{ "type": "Feature", "properties": { "内容": "シルバーサポート東京店【特定福祉用具販売】東京都台東区蔵前3-19-11中越蔵前ビル", "url": "https://www.kaigokensaku.mhlw.go.jp/13/index.php?action_kouhyou_detail_004_kani=true&JigyosyoCd=1370602060-00&ServiceCd=410&Type=search", "url2": "https://www.ramico.co.jp/" }, "geometry": { "type": "Point", "coordinates": [ 139.791589896082655, 35.705397528785369 ] } },
{ "type": "Feature", "properties": { "内容": "東京サンメディカル　浅草営業所【特定福祉用具販売】東京都台東区花川戸2-17-8ハン六東京本店ビル３F", "url": "https://www.kaigokensaku.mhlw.go.jp/13/index.php?action_kouhyou_detail_004_kani=true&JigyosyoCd=1370604025-00&ServiceCd=410&Type=search", "url2": "http://t-sunme.jp/" }, "geometry": { "type": "Point", "coordinates": [ 139.8005674, 35.7152278 ] } },
{ "type": "Feature", "properties": { "内容": "レンティケアサービス墨田【特定福祉用具販売】東京都墨田区江東橋1-14-3", "url": "https://www.kaigokensaku.mhlw.go.jp/13/index.php?action_kouhyou_detail_004_kani=true&JigyosyoCd=1370702050-00&ServiceCd=410&Type=search", "url2": "https://www.renty.co.jp/company.html" }, "geometry": { "type": "Point", "coordinates": [ 139.810250200000013, 35.69591 ] } },
{ "type": "Feature", "properties": { "内容": "ＯＲＣＡ福祉用具レンタル部【特定福祉用具販売】東京都墨田区京島1-18-10フォレスト京島F101", "url": "https://www.kaigokensaku.mhlw.go.jp/13/index.php?action_kouhyou_detail_004_kani=true&JigyosyoCd=1370705889-00&ServiceCd=410&Type=search", "url2": "https://www.orca-welfare.com/" }, "geometry": { "type": "Point", "coordinates": [ 139.818748199999987, 35.714863300000026 ] } },
{ "type": "Feature", "properties": { "内容": "あくとケア墨田【特定福祉用具販売】東京都墨田区押上1-17ｰ6", "url": "https://www.kaigokensaku.mhlw.go.jp/13/index.php?action_kouhyou_detail_004_kani=true&JigyosyoCd=1370705921-00&ServiceCd=410&Type=search", "url2": null }, "geometry": { "type": "Point", "coordinates": [ 139.815725500000013, 35.7124622 ] } },
{ "type": "Feature", "properties": { "内容": "ラックすみだ【特定福祉用具販売】東京都墨田区京島1-47-172F", "url": "https://www.kaigokensaku.mhlw.go.jp/13/index.php?action_kouhyou_detail_004_kani=true&JigyosyoCd=1370702233-00&ServiceCd=410&Type=search", "url2": "http://www.lac-corp.jp/" }, "geometry": { "type": "Point", "coordinates": [ 139.821589300000028, 35.7183351 ] } },
{ "type": "Feature", "properties": { "内容": "ケア21ライフプラス東京城東【特定福祉用具販売】東京都墨田区押上3-30-10山﨑ビル1階", "url": "https://www.kaigokensaku.mhlw.go.jp/13/index.php?action_kouhyou_detail_004_kani=true&JigyosyoCd=1370701193-00&ServiceCd=410&Type=search", "url2": "https://www.care21.co.jp/service/rental/lifeplus" }, "geometry": { "type": "Point", "coordinates": [ 139.817459399999962, 35.7102383 ] } },
{ "type": "Feature", "properties": { "内容": "ライフアドバンスセノバ東京【特定福祉用具販売】東京都墨田区東向島2-31-19101", "url": "https://www.kaigokensaku.mhlw.go.jp/13/index.php?action_kouhyou_detail_004_kani=true&JigyosyoCd=1370704007-00&ServiceCd=410&Type=search", "url2": "http://senoba.main.jp/index.html" }, "geometry": { "type": "Point", "coordinates": [ 139.8179399, 35.7190199 ] } },
{ "type": "Feature", "properties": { "内容": "フランスベッド株式会社　メディカル押上営業所【特定福祉用具販売】東京都墨田区横川1-12-16アーバンコア山本１階", "url": "https://www.kaigokensaku.mhlw.go.jp/13/index.php?action_kouhyou_detail_004_kani=true&JigyosyoCd=1370705442-00&ServiceCd=410&Type=search", "url2": "https://www.francebed.co.jp/" }, "geometry": { "type": "Point", "coordinates": [ 139.8101825, 35.7034607 ] } },
{ "type": "Feature", "properties": { "内容": "高住研キヨタ株式会社東京中央店【特定福祉用具販売】東京都墨田区吾妻橋2丁目1番8号吾妻橋パーソナルハウス101号", "url": "https://www.kaigokensaku.mhlw.go.jp/13/index.php?action_kouhyou_detail_004_kani=true&JigyosyoCd=1370705533-00&ServiceCd=410&Type=search", "url2": "http://www.kojukenkiyota.com/" }, "geometry": { "type": "Point", "coordinates": [ 139.8030971, 35.7083289 ] } },
{ "type": "Feature", "properties": { "内容": "らいふパートナー東京【特定福祉用具販売】東京都墨田区菊川２－５－４クレール菊川３０１", "url": "https://www.kaigokensaku.mhlw.go.jp/13/index.php?action_kouhyou_detail_004_kani=true&JigyosyoCd=1370704916-00&ServiceCd=410&Type=search", "url2": "http://hp.kaipoke.biz/f0t/" }, "geometry": { "type": "Point", "coordinates": [ 139.804853999794545, 35.688202656352985 ] } },
{ "type": "Feature", "properties": { "内容": "コスモス福祉用具センター墨田【特定福祉用具販売】東京都墨田区京島3-19-3", "url": "https://www.kaigokensaku.mhlw.go.jp/13/index.php?action_kouhyou_detail_004_kani=true&JigyosyoCd=1370705996-00&ServiceCd=410&Type=search", "url2": null }, "geometry": { "type": "Point", "coordinates": [ 139.8243483, 35.7158612 ] } },
{ "type": "Feature", "properties": { "内容": "株式会社ヤマシタ　墨田営業所【特定福祉用具販売】東京都墨田区石原4丁目37番7号協和ビル", "url": "https://www.kaigokensaku.mhlw.go.jp/13/index.php?action_kouhyou_detail_004_kani=true&JigyosyoCd=1370705756-00&ServiceCd=410&Type=search", "url2": "https://www.ycota.jp/" }, "geometry": { "type": "Point", "coordinates": [ 139.805308, 35.7022089 ] } },
{ "type": "Feature", "properties": { "内容": "おたすけ福祉用具【特定福祉用具販売】東京都江東区三好3-2-8小倉ビル１階", "url": "https://www.kaigokensaku.mhlw.go.jp/13/index.php?action_kouhyou_detail_004_kani=true&JigyosyoCd=1370807065-00&ServiceCd=410&Type=search", "url2": "https://otodokepharmacy.com/" }, "geometry": { "type": "Point", "coordinates": [ 139.8049514, 35.6800079 ] } },
{ "type": "Feature", "properties": { "内容": "有限会社ヒロ薬品　ヒロ薬局介護サービス【特定福祉用具販売】東京都江東区千田22-4丸千ビル", "url": "https://www.kaigokensaku.mhlw.go.jp/13/index.php?action_kouhyou_detail_004_kani=true&JigyosyoCd=1370800037-00&ServiceCd=410&Type=search", "url2": "http://hiroyaku.co.jp" }, "geometry": { "type": "Point", "coordinates": [ 139.816237600000022, 35.6804498 ] } },
{ "type": "Feature", "properties": { "内容": "フォービスライフ江東【特定福祉用具販売】東京都江東区海辺23-15", "url": "https://www.kaigokensaku.mhlw.go.jp/13/index.php?action_kouhyou_detail_004_kani=true&JigyosyoCd=1370800383-00&ServiceCd=410&Type=search", "url2": "http://www.forvice.co.jp/" }, "geometry": { "type": "Point", "coordinates": [ 139.8203619, 35.6815484 ] } },
{ "type": "Feature", "properties": { "内容": "株式会社　ライコム・コーポレーション【特定福祉用具販売】東京都江東区東砂5丁目14番19号", "url": "https://www.kaigokensaku.mhlw.go.jp/13/index.php?action_kouhyou_detail_004_kani=true&JigyosyoCd=1370800920-00&ServiceCd=410&Type=search", "url2": "http://www.raycom.co.jp/" }, "geometry": { "type": "Point", "coordinates": [ 139.842037900000037, 35.6750205 ] } },
{ "type": "Feature", "properties": { "内容": "SOMPOケア　江東　福祉用具【特定福祉用具販売】東京都江東区東陽5-30-13東京原木会館　7階", "url": "https://www.kaigokensaku.mhlw.go.jp/13/index.php?action_kouhyou_detail_004_kani=true&JigyosyoCd=1370806893-00&ServiceCd=410&Type=search", "url2": null }, "geometry": { "type": "Point", "coordinates": [ 139.8157455, 35.6735464 ] } },
{ "type": "Feature", "properties": { "内容": "株式会社　ヤマシタ　江東営業所【特定福祉用具販売】東京都江東区南砂3-3-6共同砂町ビル2F", "url": "https://www.kaigokensaku.mhlw.go.jp/13/index.php?action_kouhyou_detail_004_kani=true&JigyosyoCd=1370200105-00&ServiceCd=410&Type=search", "url2": "https://www.ycota.jp/" }, "geometry": { "type": "Point", "coordinates": [ 139.827417200000042, 35.6713959 ] } },
{ "type": "Feature", "properties": { "内容": "野口株式会社　介護ショップ「ハーティケア」【特定福祉用具販売】東京都江東区亀戸7-51-3グローバルK　2階", "url": "https://www.kaigokensaku.mhlw.go.jp/13/index.php?action_kouhyou_detail_004_kani=true&JigyosyoCd=1370800714-00&ServiceCd=410&Type=search", "url2": null }, "geometry": { "type": "Point", "coordinates": [ 139.834824538098559, 35.694748894923222 ] } },
{ "type": "Feature", "properties": { "内容": "介護ショップ　トーヨー【特定福祉用具販売】東京都江東区南砂5丁目16番5号松本ビル", "url": "https://www.kaigokensaku.mhlw.go.jp/13/index.php?action_kouhyou_detail_004_kani=true&JigyosyoCd=1370800755-00&ServiceCd=410&Type=search", "url2": "http://www.toyo21.jp" }, "geometry": { "type": "Point", "coordinates": [ 139.833078, 35.675395 ] } },
{ "type": "Feature", "properties": { "内容": "あっぷるレンタルサポート【特定福祉用具販売】東京都江東区亀戸1丁目４３番９号コープ野村　西２０２", "url": "https://www.kaigokensaku.mhlw.go.jp/13/index.php?action_kouhyou_detail_004_kani=true&JigyosyoCd=1370802090-00&ServiceCd=410&Type=search", "url2": "http://www.well-life.co.jp/" }, "geometry": { "type": "Point", "coordinates": [ 139.820295499999929, 35.696578500000015 ] } },
{ "type": "Feature", "properties": { "内容": "みのり【特定福祉用具販売】東京都江東区亀戸2-6-1112", "url": "https://www.kaigokensaku.mhlw.go.jp/13/index.php?action_kouhyou_detail_004_kani=true&JigyosyoCd=1370803940-00&ServiceCd=410&Type=search", "url2": "http://www.minori-kaigo.jp/" }, "geometry": { "type": "Point", "coordinates": [ 139.8222647, 35.6994198 ] } },
{ "type": "Feature", "properties": { "内容": "セントケア　りまいん　江東【特定福祉用具販売】東京都江東区東陽1-16-8MELDIA東陽町ビル4階", "url": "https://www.kaigokensaku.mhlw.go.jp/13/index.php?action_kouhyou_detail_004_kani=true&JigyosyoCd=1370804872-00&ServiceCd=410&Type=search", "url2": null }, "geometry": { "type": "Point", "coordinates": [ 139.810062620537451, 35.667643153050136 ] } },
{ "type": "Feature", "properties": { "内容": "株式会社フロンティア江東営業所【特定福祉用具販売】東京都江東区木場3-14-4はが木場三ビル１階", "url": "https://www.kaigokensaku.mhlw.go.jp/13/index.php?action_kouhyou_detail_004_kani=true&JigyosyoCd=1370804898-00&ServiceCd=410&Type=search", "url2": "http://www.frontier-ph.com/homecare/" }, "geometry": { "type": "Point", "coordinates": [ 139.805180599999971, 35.6755976 ] } },
{ "type": "Feature", "properties": { "内容": "シルバーとっぷ東京【特定福祉用具販売】東京都江東区南砂４－１８－２", "url": "https://www.kaigokensaku.mhlw.go.jp/13/index.php?action_kouhyou_detail_004_kani=true&JigyosyoCd=1370805051-00&ServiceCd=410&Type=search", "url2": "http://www.silvertop.org" }, "geometry": { "type": "Point", "coordinates": [ 139.832354400000014, 35.672778 ] } },
{ "type": "Feature", "properties": { "内容": "アオアクア福祉用具サポート【特定福祉用具販売】東京都江東区大島5-47-9ヴェラハイツ大島704号室", "url": "https://www.kaigokensaku.mhlw.go.jp/13/index.php?action_kouhyou_detail_004_kani=true&JigyosyoCd=1370806372-00&ServiceCd=410&Type=search", "url2": "https://aoakua.net" }, "geometry": { "type": "Point", "coordinates": [ 139.8380008, 35.6898831 ] } },
{ "type": "Feature", "properties": { "内容": "株式会社福祉協同サービス江東営業所【特定福祉用具販売】東京都江東区大島1-21-12", "url": "https://www.kaigokensaku.mhlw.go.jp/13/index.php?action_kouhyou_detail_004_kani=true&JigyosyoCd=1370806794-00&ServiceCd=410&Type=search", "url2": "http://www.fukushi-ks.com" }, "geometry": { "type": "Point", "coordinates": [ 139.8250787, 35.6865218 ] } },
{ "type": "Feature", "properties": { "内容": "シルバーサポート江東店【特定福祉用具販売】東京都江東区木場６－６－６メロディHIROTA２０１", "url": "https://www.kaigokensaku.mhlw.go.jp/13/index.php?action_kouhyou_detail_004_kani=true&JigyosyoCd=1370806851-00&ServiceCd=410&Type=search", "url2": "http://www.ramico.co.jp" }, "geometry": { "type": "Point", "coordinates": [ 139.8057473, 35.6675437 ] } },
{ "type": "Feature", "properties": { "内容": "株式会社仁済　福祉用具貸与事業所江東【特定福祉用具販売】東京都江東区南砂5-24-17加賀見コート101", "url": "https://www.kaigokensaku.mhlw.go.jp/13/index.php?action_kouhyou_detail_004_kani=true&JigyosyoCd=1370807313-00&ServiceCd=410&Type=search", "url2": "https://www.jinsai.co.jp/" }, "geometry": { "type": "Point", "coordinates": [ 139.8359408, 35.6758211 ] } },
{ "type": "Feature", "properties": { "内容": "株式会社　星医療酸器　南東京営業所【特定福祉用具販売】東京都品川区西五反田4-27-3", "url": "https://www.kaigokensaku.mhlw.go.jp/13/index.php?action_kouhyou_detail_004_kani=true&JigyosyoCd=1370902007-00&ServiceCd=410&Type=search", "url2": "http://www.hosi.co.jp" }, "geometry": { "type": "Point", "coordinates": [ 139.7104952, 35.6244037 ] } },
{ "type": "Feature", "properties": { "内容": "フランスベッド株式会社　メディカル品川営業所【特定福祉用具販売】東京都品川区西五反田7-24-5ONEST西五反田スクエア1階", "url": "https://www.kaigokensaku.mhlw.go.jp/13/index.php?action_kouhyou_detail_004_kani=true&JigyosyoCd=1370903153-00&ServiceCd=410&Type=search", "url2": "https://www.francebed.co.jp/" }, "geometry": { "type": "Point", "coordinates": [ 139.7188195, 35.6207673 ] } },
{ "type": "Feature", "properties": { "内容": "フックル【特定福祉用具販売】東京都品川区南品川4-11-1グリーンハイム南品川　503号室", "url": "https://www.kaigokensaku.mhlw.go.jp/13/index.php?action_kouhyou_detail_004_kani=true&JigyosyoCd=1370905240-00&ServiceCd=410&Type=search", "url2": "http://www.ohsaki-hhs.co.jp" }, "geometry": { "type": "Point", "coordinates": [ 139.737141799999989, 35.6129532 ] } },
{ "type": "Feature", "properties": { "内容": "パナソニックエイジフリーショップ品川【特定福祉用具販売】東京都品川区東品川1-3-12パナソニック東品川ビル3階", "url": "https://www.kaigokensaku.mhlw.go.jp/13/index.php?action_kouhyou_detail_004_kani=true&JigyosyoCd=1371111186-00&ServiceCd=410&Type=search", "url2": "https://sumai.panasonic.jp/agefree/map/detail.php?id=168" }, "geometry": { "type": "Point", "coordinates": [ 139.74612818413371, 35.621926561043871 ] } },
{ "type": "Feature", "properties": { "内容": "株式会社トーカイ　品川営業所【特定福祉用具販売】東京都品川区東大井１－１５－１３", "url": "https://www.kaigokensaku.mhlw.go.jp/13/index.php?action_kouhyou_detail_004_kani=true&JigyosyoCd=1370902841-00&ServiceCd=410&Type=search", "url2": "http://www.tokai-corp.com/" }, "geometry": { "type": "Point", "coordinates": [ 139.744349300000067, 35.6048076 ] } },
{ "type": "Feature", "properties": { "内容": "有限会社アットホーム東京支店（アットホーム東日本）【特定福祉用具販売】東京都品川区戸越1-12-9", "url": "https://www.kaigokensaku.mhlw.go.jp/13/index.php?action_kouhyou_detail_004_kani=true&JigyosyoCd=1370903716-00&ServiceCd=410&Type=search", "url2": "http://www.kaigo-club.net/recruit201910/" }, "geometry": { "type": "Point", "coordinates": [ 139.719651199999987, 35.6160348 ] } },
{ "type": "Feature", "properties": { "内容": "シルバーはあと品川【特定福祉用具販売】東京都品川区南大井6-8-10", "url": "https://www.kaigokensaku.mhlw.go.jp/13/index.php?action_kouhyou_detail_004_kani=true&JigyosyoCd=1370903633-00&ServiceCd=410&Type=search", "url2": "https://www.silver-heart.jp/" }, "geometry": { "type": "Point", "coordinates": [ 139.73335910000003, 35.5917477 ] } },
{ "type": "Feature", "properties": { "内容": "えるはあとケアセンター【特定福祉用具販売】東京都目黒区中央町2-6-1K2ビル　2F", "url": "https://www.kaigokensaku.mhlw.go.jp/13/index.php?action_kouhyou_detail_004_kani=true&JigyosyoCd=1371002211-00&ServiceCd=410&Type=search", "url2": "http://el-heart.com/" }, "geometry": { "type": "Point", "coordinates": [ 139.693071800000013, 35.6314183 ] } },
{ "type": "Feature", "properties": { "内容": "スマートケアサービス【特定福祉用具販売】東京都目黒区緑が丘１－１３－２３ドエルぽうれん２３", "url": "https://www.kaigokensaku.mhlw.go.jp/13/index.php?action_kouhyou_detail_004_kani=true&JigyosyoCd=1371005479-00&ServiceCd=410&Type=search", "url2": null }, "geometry": { "type": "Point", "coordinates": [ 139.677696200000014, 35.609910200000016 ] } },
{ "type": "Feature", "properties": { "内容": "コスモインターリアリティー【特定福祉用具販売】東京都目黒区八雲2-11-6シベレス　203号室", "url": "https://www.kaigokensaku.mhlw.go.jp/13/index.php?action_kouhyou_detail_004_kani=true&JigyosyoCd=1371213875-00&ServiceCd=410&Type=search", "url2": null }, "geometry": { "type": "Point", "coordinates": [ 139.67061929999997, 35.6164537 ] } },
{ "type": "Feature", "properties": { "内容": "ダスキンヘルスレント中目黒ステーション【特定福祉用具販売】東京都目黒区上目黒5-18-20", "url": "https://www.kaigokensaku.mhlw.go.jp/13/index.php?action_kouhyou_detail_004_kani=true&JigyosyoCd=1371004852-00&ServiceCd=410&Type=search", "url2": "https://healthrent.duskin.jp/" }, "geometry": { "type": "Point", "coordinates": [ 139.688224100000014, 35.6433588 ] } },
{ "type": "Feature", "properties": { "内容": "ピース【特定福祉用具販売】駒場3-11-9フラッツ駒場101", "url": "https://www.kaigokensaku.mhlw.go.jp/13/index.php?action_kouhyou_detail_004_kani=true&JigyosyoCd=1371004258-00&ServiceCd=410&Type=search", "url2": null }, "geometry": { "type": "Point", "coordinates": [ 139.682206, 35.6592726 ] } },
{ "type": "Feature", "properties": { "内容": "グレース目黒【特定福祉用具販売】東京目黒区鷹番2-20-17TSビル504号", "url": "https://www.kaigokensaku.mhlw.go.jp/13/index.php?action_kouhyou_detail_004_kani=true&JigyosyoCd=1371005453-00&ServiceCd=410&Type=search", "url2": null }, "geometry": { "type": "Point", "coordinates": [ 139.6862319, 35.6298005 ] } },
{ "type": "Feature", "properties": { "内容": "ニック株式会社　目黒営業所【特定福祉用具販売】東京都目黒区目黒本町6－13－21", "url": "https://www.kaigokensaku.mhlw.go.jp/13/index.php?action_kouhyou_detail_004_kani=true&JigyosyoCd=1371005008-00&ServiceCd=410&Type=search", "url2": "https://www.nick-corp.com/" }, "geometry": { "type": "Point", "coordinates": [ 139.69541810000004, 35.621473 ] } },
{ "type": "Feature", "properties": { "内容": "レコードブッククロス池上【特定福祉用具販売】東京都大田区池上2-18-6", "url": "https://www.kaigokensaku.mhlw.go.jp/13/index.php?action_kouhyou_detail_004_kani=true&JigyosyoCd=1371113463-00&ServiceCd=410&Type=search", "url2": null }, "geometry": { "type": "Point", "coordinates": [ 139.702674800000011, 35.5775564 ] } },
{ "type": "Feature", "properties": { "内容": "福祉用具・レジリエンス【特定福祉用具販売】東京都大田区新蒲田1－13－１", "url": "https://www.kaigokensaku.mhlw.go.jp/13/index.php?action_kouhyou_detail_004_kani=true&JigyosyoCd=1371113679-00&ServiceCd=410&Type=search", "url2": null }, "geometry": { "type": "Point", "coordinates": [ 139.7098048, 35.559656 ] } },
{ "type": "Feature", "properties": { "内容": "株式会社シーン【特定福祉用具販売】東京都大田区南蒲田３－１－５", "url": "https://www.kaigokensaku.mhlw.go.jp/13/index.php?action_kouhyou_detail_004_kani=true&JigyosyoCd=1371100775-00&ServiceCd=410&Type=search", "url2": "http://www.care-scene.com" }, "geometry": { "type": "Point", "coordinates": [ 139.7267616, 35.5555119 ] } },
{ "type": "Feature", "properties": { "内容": "カラーズ【特定福祉用具販売】東京都大田区大森西6-2-2STビル1階", "url": "https://www.kaigokensaku.mhlw.go.jp/13/index.php?action_kouhyou_detail_004_kani=true&JigyosyoCd=1371109990-00&ServiceCd=410&Type=search", "url2": "https://www.colors-g.co.jp/" }, "geometry": { "type": "Point", "coordinates": [ 139.725391400000035, 35.5697057 ] } },
{ "type": "Feature", "properties": { "内容": "ＳＯＭＰＯケア　大田　福祉用具【特定福祉用具販売】東京都大田区西蒲田6-36-11西蒲田NSビル5階", "url": "https://www.kaigokensaku.mhlw.go.jp/13/index.php?action_kouhyou_detail_004_kani=true&JigyosyoCd=1371112069-00&ServiceCd=410&Type=search", "url2": null }, "geometry": { "type": "Point", "coordinates": [ 139.7128792, 35.5645685 ] } },
{ "type": "Feature", "properties": { "内容": "株式会社アーネストケア【特定福祉用具販売】東京都大田区新蒲田二丁目４番３号スポーツプラザビル５階", "url": "https://www.kaigokensaku.mhlw.go.jp/13/index.php?action_kouhyou_detail_004_kani=true&JigyosyoCd=1371113190-00&ServiceCd=410&Type=search", "url2": "http://www.earnest-care.com/" }, "geometry": { "type": "Point", "coordinates": [ 139.706750514480603, 35.560381803617553 ] } },
{ "type": "Feature", "properties": { "内容": "株式会社ケアサービス　レンタル大田【特定福祉用具販売】東京都大田区新蒲田3-15-7", "url": "https://www.kaigokensaku.mhlw.go.jp/13/index.php?action_kouhyou_detail_004_kani=true&JigyosyoCd=1371103076-00&ServiceCd=410&Type=search", "url2": "http://www.care.co.jp/" }, "geometry": { "type": "Point", "coordinates": [ 139.707742650926207, 35.55688026514995 ] } },
{ "type": "Feature", "properties": { "内容": "ナイスケアたんぽぽサポートセンター【特定福祉用具販売】東京都大田区北千束3-17-16", "url": "https://www.kaigokensaku.mhlw.go.jp/13/index.php?action_kouhyou_detail_004_kani=true&JigyosyoCd=1371001072-00&ServiceCd=410&Type=search", "url2": "http://www.nice-care.co.jp" }, "geometry": { "type": "Point", "coordinates": [ 139.687231500000053, 35.6065112 ] } },
{ "type": "Feature", "properties": { "内容": "シルバーはあと蒲田【特定福祉用具販売】東京都大田区多摩川1-4-8", "url": "https://www.kaigokensaku.mhlw.go.jp/13/index.php?action_kouhyou_detail_004_kani=true&JigyosyoCd=1371101583-00&ServiceCd=410&Type=search", "url2": "https://www.silver-heart.jp/" }, "geometry": { "type": "Point", "coordinates": [ 139.701116020194974, 35.562530925220898 ] } },
{ "type": "Feature", "properties": { "内容": "介護ショップらくだ【特定福祉用具販売】東京都大田区大森東4-18-3", "url": "https://www.kaigokensaku.mhlw.go.jp/13/index.php?action_kouhyou_detail_004_kani=true&JigyosyoCd=1371101625-00&ServiceCd=410&Type=search", "url2": "https://jyounaniyaku.co.jp/" }, "geometry": { "type": "Point", "coordinates": [ 139.737269708459507, 35.568255432140539 ] } },
{ "type": "Feature", "properties": { "内容": "トータルケアサービス本社事業所【特定福祉用具販売】東京都大田区西蒲田3-4-11階", "url": "https://www.kaigokensaku.mhlw.go.jp/13/index.php?action_kouhyou_detail_004_kani=true&JigyosyoCd=1371101690-00&ServiceCd=410&Type=search", "url2": "http://www.total-care-servise.co.jp/" }, "geometry": { "type": "Point", "coordinates": [ 139.706814392204251, 35.568777711358429 ] } },
{ "type": "Feature", "properties": { "内容": "CARE・DEPOTエンゼル【特定福祉用具販売】東京都大田区東馬込2-19-11日邦ビル４０２", "url": "https://www.kaigokensaku.mhlw.go.jp/13/index.php?action_kouhyou_detail_004_kani=true&JigyosyoCd=1371102219-00&ServiceCd=410&Type=search", "url2": "http://www.angel-care.co.jp" }, "geometry": { "type": "Point", "coordinates": [ 139.7149037, 35.5939298 ] } },
{ "type": "Feature", "properties": { "内容": "ダスキンヘルスレント池上ステーション【特定福祉用具販売】池上3-28-15", "url": "https://www.kaigokensaku.mhlw.go.jp/13/index.php?action_kouhyou_detail_004_kani=true&JigyosyoCd=1371102664-00&ServiceCd=410&Type=search", "url2": "d-miyoshiya.co.jp" }, "geometry": { "type": "Point", "coordinates": [ 139.7011841, 35.5749726 ] } },
{ "type": "Feature", "properties": { "内容": "メルシー・ダイキ雑色店【特定福祉用具販売】東京都大田区南六郷2-25-22", "url": "https://www.kaigokensaku.mhlw.go.jp/13/index.php?action_kouhyou_detail_004_kani=true&JigyosyoCd=1371103944-00&ServiceCd=410&Type=search", "url2": "http://www.mercidaiki.com/" }, "geometry": { "type": "Point", "coordinates": [ 139.717907299999979, 35.5475644 ] } },
{ "type": "Feature", "properties": { "内容": "(株)フロンティア大田営業所【特定福祉用具販売】東京都大田区平和島1-2-30センコー平和島PDセンター３階", "url": "https://www.kaigokensaku.mhlw.go.jp/13/index.php?action_kouhyou_detail_004_kani=true&JigyosyoCd=1371109123-00&ServiceCd=410&Type=search", "url2": "https://www.frontier-ph.com/area/ota-office/" }, "geometry": { "type": "Point", "coordinates": [ 139.7423703, 35.5844703 ] } },
{ "type": "Feature", "properties": { "内容": "フランスベッド株式会社メディカル大田営業所【特定福祉用具販売】東京都大田区上池台５－１－１８サクシード上池台", "url": "https://www.kaigokensaku.mhlw.go.jp/13/index.php?action_kouhyou_detail_004_kani=true&JigyosyoCd=1371109982-00&ServiceCd=410&Type=search", "url2": "http://www.francebed.co.jp/" }, "geometry": { "type": "Point", "coordinates": [ 139.702944600000023, 35.597312899999984 ] } },
{ "type": "Feature", "properties": { "内容": "株式会社ヤマシタ大田営業所【特定福祉用具販売】東京都大田区仲池上1-18-11仲池上Sパレス", "url": "https://www.kaigokensaku.mhlw.go.jp/13/index.php?action_kouhyou_detail_004_kani=true&JigyosyoCd=1371110329-00&ServiceCd=410&Type=search", "url2": "http://www.yco.co.jp/" }, "geometry": { "type": "Point", "coordinates": [ 139.6973514, 35.5878391 ] } },
{ "type": "Feature", "properties": { "内容": "笑みくる【特定福祉用具販売】東京都大田区大森西四丁目17番18号ワンズホーム大森1F", "url": "https://www.kaigokensaku.mhlw.go.jp/13/index.php?action_kouhyou_detail_004_kani=true&JigyosyoCd=1371111459-00&ServiceCd=410&Type=search", "url2": "http://emikulu.biz" }, "geometry": { "type": "Point", "coordinates": [ 139.723660600000017, 35.570704500000026 ] } },
{ "type": "Feature", "properties": { "内容": "サガセールケア【特定福祉用具販売】大森西3-12-17ロフティ大森町", "url": "https://www.kaigokensaku.mhlw.go.jp/13/index.php?action_kouhyou_detail_004_kani=true&JigyosyoCd=1371112747-00&ServiceCd=410&Type=search", "url2": "http://sagasale.net/company_archive/" }, "geometry": { "type": "Point", "coordinates": [ 139.7264615, 35.5725971 ] } },
{ "type": "Feature", "properties": { "内容": "株式会社　仁済　福祉用具貸与事業所【特定福祉用具販売】東京都大田区東馬込1-4-15ニューフラット東馬込1F", "url": "https://www.kaigokensaku.mhlw.go.jp/13/index.php?action_kouhyou_detail_004_kani=true&JigyosyoCd=1370902627-00&ServiceCd=410&Type=search", "url2": "http://www.jinsai1939.jp/" }, "geometry": { "type": "Point", "coordinates": [ 139.731180699999982, 35.6049877 ] } },
{ "type": "Feature", "properties": { "内容": "セントケアりまいん大田【特定福祉用具販売】東京都大田区蒲田5-36-2相互蒲田ビル201", "url": "https://www.kaigokensaku.mhlw.go.jp/13/index.php?action_kouhyou_detail_004_kani=true&JigyosyoCd=1371105600-00&ServiceCd=410&Type=search", "url2": null }, "geometry": { "type": "Point", "coordinates": [ 139.718795300000011, 35.5613596 ] } },
{ "type": "Feature", "properties": { "内容": "かたくり福祉用具城南センター【特定福祉用具販売】東京都大田区西六郷4-19-15ﾊﾟｰｸｻｲﾄﾞ多摩川105", "url": "https://www.kaigokensaku.mhlw.go.jp/13/index.php?action_kouhyou_detail_004_kani=true&JigyosyoCd=1371108406-00&ServiceCd=410&Type=search", "url2": null }, "geometry": { "type": "Point", "coordinates": [ 139.706099246049462, 35.541480336475885 ] } },
{ "type": "Feature", "properties": { "内容": "株式会社バディ【特定福祉用具販売】東京都大田区西糀谷四丁目30番8号ウイナーズ蒲田南1階", "url": "https://www.kaigokensaku.mhlw.go.jp/13/index.php?action_kouhyou_detail_004_kani=true&JigyosyoCd=1371112150-00&ServiceCd=410&Type=search", "url2": "https://we-buddy.com/" }, "geometry": { "type": "Point", "coordinates": [ 139.728153199999952, 35.5554579 ] } },
{ "type": "Feature", "properties": { "内容": "株式会社トーカイ大田営業所【特定福祉用具販売】東京都大田区久が原1丁目2番地15号", "url": "https://www.kaigokensaku.mhlw.go.jp/13/index.php?action_kouhyou_detail_004_kani=true&JigyosyoCd=1371113638-00&ServiceCd=410&Type=search", "url2": "https://www.tokai-corp.com" }, "geometry": { "type": "Point", "coordinates": [ 139.6935546, 35.5872348 ] } },
{ "type": "Feature", "properties": { "内容": "株式会社　東基　城南営業所【特定福祉用具販売】東京都大田区仲池上1-24-22", "url": "https://www.kaigokensaku.mhlw.go.jp/13/index.php?action_kouhyou_detail_004_kani=true&JigyosyoCd=1371105790-00&ServiceCd=410&Type=search", "url2": "http://www.toki-net.co.jp/" }, "geometry": { "type": "Point", "coordinates": [ 139.696350199999983, 35.5872666 ] } },
{ "type": "Feature", "properties": { "内容": "ネットワーク福祉用具ステーション【特定福祉用具販売】東京都世田谷区羽根木二丁目35-22107", "url": "https://www.kaigokensaku.mhlw.go.jp/13/index.php?action_kouhyou_detail_004_kani=true&JigyosyoCd=1371217256-00&ServiceCd=410&Type=search", "url2": null }, "geometry": { "type": "Point", "coordinates": [ 139.6562494, 35.6649279 ] } },
{ "type": "Feature", "properties": { "内容": "関東MFR【特定福祉用具販売】東京都世田谷区赤堤2-10-11", "url": "https://www.kaigokensaku.mhlw.go.jp/13/index.php?action_kouhyou_detail_004_kani=true&JigyosyoCd=1371217264-00&ServiceCd=410&Type=search", "url2": null }, "geometry": { "type": "Point", "coordinates": [ 139.6432565, 35.6578357 ] } },
{ "type": "Feature", "properties": { "内容": "イーライフ株式会社　世田谷営業所【特定福祉用具販売】東京都世田谷区弦巻4-11-2シェモア弦巻1F", "url": "https://www.kaigokensaku.mhlw.go.jp/13/index.php?action_kouhyou_detail_004_kani=true&JigyosyoCd=1371217546-00&ServiceCd=410&Type=search", "url2": "http://e-lifecare.com/" }, "geometry": { "type": "Point", "coordinates": [ 139.6408149, 35.6333425 ] } },
{ "type": "Feature", "properties": { "内容": "こかげようぐ【特定福祉用具販売】東京都世田谷区世田谷1-33-3Ｂ1", "url": "https://www.kaigokensaku.mhlw.go.jp/13/index.php?action_kouhyou_detail_004_kani=true&JigyosyoCd=1371217710-00&ServiceCd=410&Type=search", "url2": null }, "geometry": { "type": "Point", "coordinates": [ 139.6504501, 35.640102400000011 ] } },
{ "type": "Feature", "properties": { "内容": "㈱トータルライフケア奥沢【特定福祉用具販売】東京都世田谷区奥沢3-45-6鈴木第一ビル2F", "url": "https://www.kaigokensaku.mhlw.go.jp/13/index.php?action_kouhyou_detail_004_kani=true&JigyosyoCd=1371201367-00&ServiceCd=410&Type=search", "url2": "https://www.ikiikitlc.co.jp" }, "geometry": { "type": "Point", "coordinates": [ 139.673506, 35.603657 ] } },
{ "type": "Feature", "properties": { "内容": "株式会社トーカイ　東京支店【特定福祉用具販売】東京都世田谷区北烏山９－２５－２２", "url": "https://www.kaigokensaku.mhlw.go.jp/13/index.php?action_kouhyou_detail_004_kani=true&JigyosyoCd=1370200196-00&ServiceCd=410&Type=search", "url2": "https://www.tokai-corp.com/" }, "geometry": { "type": "Point", "coordinates": [ 139.592520400000012, 35.6746087 ] } },
{ "type": "Feature", "properties": { "内容": "株式会社やさしい手　住環境事業部　学芸大学営業所【特定福祉用具販売】東京都世田谷区下馬6-11-10", "url": "https://www.kaigokensaku.mhlw.go.jp/13/index.php?action_kouhyou_detail_004_kani=true&JigyosyoCd=1371000611-00&ServiceCd=410&Type=search", "url2": "http://www.yasashiite.com" }, "geometry": { "type": "Point", "coordinates": [ 139.677970599999981, 35.6276029 ] } },
{ "type": "Feature", "properties": { "内容": "株式会社サンハート　介楽工房【特定福祉用具販売】東京都世田谷区代沢4-37-2", "url": "https://www.kaigokensaku.mhlw.go.jp/13/index.php?action_kouhyou_detail_004_kani=true&JigyosyoCd=1371202050-00&ServiceCd=410&Type=search", "url2": "https://www.sunheart1999.co.jp/" }, "geometry": { "type": "Point", "coordinates": [ 139.67069, 35.6538051 ] } },
{ "type": "Feature", "properties": { "内容": "株式会社あかね【特定福祉用具販売】東京都世田谷区三軒茶屋2-11-20サンタワ－ズD棟8F", "url": "https://www.kaigokensaku.mhlw.go.jp/13/index.php?action_kouhyou_detail_004_kani=true&JigyosyoCd=1371203272-00&ServiceCd=410&Type=search", "url2": "http://www.akane-kaigo.co.jp" }, "geometry": { "type": "Point", "coordinates": [ 139.6692453, 35.6420507 ] } },
{ "type": "Feature", "properties": { "内容": "フランスベッド株式会社　メディカル世田谷営業所【特定福祉用具販売】東京都世田谷区若林4-31-15光映ビル2階", "url": "https://www.kaigokensaku.mhlw.go.jp/13/index.php?action_kouhyou_detail_004_kani=true&JigyosyoCd=1371207844-00&ServiceCd=410&Type=search", "url2": null }, "geometry": { "type": "Point", "coordinates": [ 139.6537945, 35.6466638 ] } },
{ "type": "Feature", "properties": { "内容": "アルファフリー【特定福祉用具販売】東京都世田谷区鎌田3-17-1ベルフレール玉川202", "url": "https://www.kaigokensaku.mhlw.go.jp/13/index.php?action_kouhyou_detail_004_kani=true&JigyosyoCd=1371208008-00&ServiceCd=410&Type=search", "url2": "http://www.alphafree.co.jp" }, "geometry": { "type": "Point", "coordinates": [ 139.61733879999997, 35.6191401 ] } },
{ "type": "Feature", "properties": { "内容": "レンタルサービス　ソラスト西東京【特定福祉用具販売】東京都世田谷区南烏山4-27-8岡田ビル2階", "url": "https://www.kaigokensaku.mhlw.go.jp/13/index.php?action_kouhyou_detail_004_kani=true&JigyosyoCd=1371208370-00&ServiceCd=410&Type=search", "url2": null }, "geometry": { "type": "Point", "coordinates": [ 139.600839899999983, 35.6722873 ] } },
{ "type": "Feature", "properties": { "内容": "株式会社フロンティア世田谷営業所【特定福祉用具販売】東京都世田谷区粕谷4-18-41F", "url": "https://www.kaigokensaku.mhlw.go.jp/13/index.php?action_kouhyou_detail_004_kani=true&JigyosyoCd=1371211226-00&ServiceCd=410&Type=search", "url2": "http://www.frontier-ph.com/homecare/" }, "geometry": { "type": "Point", "coordinates": [ 139.606858500000044, 35.6630467 ] } },
{ "type": "Feature", "properties": { "内容": "パナソニックエイジフリーショップ世田谷【特定福祉用具販売】東京都世田谷区経堂5-32-8マーベラス経堂1階", "url": "https://www.kaigokensaku.mhlw.go.jp/13/index.php?action_kouhyou_detail_004_kani=true&JigyosyoCd=1371211895-00&ServiceCd=410&Type=search", "url2": "http://www.kaigoshop.net/setagaya/" }, "geometry": { "type": "Point", "coordinates": [ 139.633512681817621, 35.648112962673864 ] } },
{ "type": "Feature", "properties": { "内容": "株式会社愛安住　千歳船橋営業所【特定福祉用具販売】東京都世田谷区船橋1丁目9-16やまもとハウス２Ｆ", "url": "https://www.kaigokensaku.mhlw.go.jp/13/index.php?action_kouhyou_detail_004_kani=true&JigyosyoCd=1371215722-00&ServiceCd=410&Type=search", "url2": "https://www.aianju.co.jp/" }, "geometry": { "type": "Point", "coordinates": [ 139.6233939, 35.6483157 ] } },
{ "type": "Feature", "properties": { "内容": "福祉用具AIケアセンター【特定福祉用具販売】東京都世田谷区船橋1-13-18", "url": "https://www.kaigokensaku.mhlw.go.jp/13/index.php?action_kouhyou_detail_004_kani=true&JigyosyoCd=1371216597-00&ServiceCd=410&Type=search", "url2": "https://www.sincere-ltd-japan.com/" }, "geometry": { "type": "Point", "coordinates": [ 139.623155200000014, 35.6486326 ] } },
{ "type": "Feature", "properties": { "内容": "株式会社ヤマシタ世田谷松原営業所【特定福祉用具販売】東京都世田谷区赤堤4－41－11Nビル1階", "url": "https://www.kaigokensaku.mhlw.go.jp/13/index.php?action_kouhyou_detail_004_kani=true&JigyosyoCd=1371217082-00&ServiceCd=410&Type=search", "url2": "https://www.yco.co.jp/" }, "geometry": { "type": "Point", "coordinates": [ 139.641244, 35.6655727 ] } },
{ "type": "Feature", "properties": { "内容": "レンティケアサービス城南【特定福祉用具販売】東京都世田谷区船橋２－７－５", "url": "https://www.kaigokensaku.mhlw.go.jp/13/index.php?action_kouhyou_detail_004_kani=true&JigyosyoCd=1371206952-00&ServiceCd=410&Type=search", "url2": "https://www.renty.co.jp/" }, "geometry": { "type": "Point", "coordinates": [ 139.617299, 35.6492652 ] } },
{ "type": "Feature", "properties": { "内容": "セントケアりまいん世田谷【特定福祉用具販売】東京都世田谷区等々力3-6-9ファニー等々力Ⅱ　202", "url": "https://www.kaigokensaku.mhlw.go.jp/13/index.php?action_kouhyou_detail_004_kani=true&JigyosyoCd=1371208875-00&ServiceCd=410&Type=search", "url2": null }, "geometry": { "type": "Point", "coordinates": [ 139.6465409, 35.6092324 ] } },
{ "type": "Feature", "properties": { "内容": "シルバーはあと世田谷【特定福祉用具販売】東京都世田谷区用賀2-33-11", "url": "https://www.kaigokensaku.mhlw.go.jp/13/index.php?action_kouhyou_detail_004_kani=true&JigyosyoCd=1371209535-00&ServiceCd=410&Type=search", "url2": "https://www.silver-heart.jp/" }, "geometry": { "type": "Point", "coordinates": [ 139.636181764170061, 35.625599924956397 ] } },
{ "type": "Feature", "properties": { "内容": "株式会社ヤマシタ　世田谷等々力営業所【特定福祉用具販売】東京都世田谷区玉堤2-9-14D-oneBUILDING101号室", "url": "https://www.kaigokensaku.mhlw.go.jp/13/index.php?action_kouhyou_detail_004_kani=true&JigyosyoCd=1371210822-00&ServiceCd=410&Type=search", "url2": "http://www.yco.co.jp" }, "geometry": { "type": "Point", "coordinates": [ 139.6465742, 35.59825 ] } },
{ "type": "Feature", "properties": { "内容": "ダスキンヘルスレント世田谷ステーション【特定福祉用具販売】東京都世田谷区北烏山9-23-31コンフォーレ烏山1F", "url": "https://www.kaigokensaku.mhlw.go.jp/13/index.php?action_kouhyou_detail_004_kani=true&JigyosyoCd=1371210301-00&ServiceCd=410&Type=search", "url2": "https://healthrent.duskin.jp/station/tokyo.html#setagaya" }, "geometry": { "type": "Point", "coordinates": [ 139.5937398, 35.6731775 ] } },
{ "type": "Feature", "properties": { "内容": "ニック株式会社　世田谷営業所【特定福祉用具販売】東京都世田谷北烏山3-25-20", "url": "https://www.kaigokensaku.mhlw.go.jp/13/index.php?action_kouhyou_detail_004_kani=true&JigyosyoCd=1371209048-00&ServiceCd=410&Type=search", "url2": "http://www.nick-corp.com/" }, "geometry": { "type": "Point", "coordinates": [ 139.595217700000035, 35.6658292 ] } },
{ "type": "Feature", "properties": { "内容": "保健福祉用品部【特定福祉用具販売】東京都世田谷区北沢5-33-3", "url": "https://www.kaigokensaku.mhlw.go.jp/13/index.php?action_kouhyou_detail_004_kani=true&JigyosyoCd=1371217850-00&ServiceCd=410&Type=search", "url2": null }, "geometry": { "type": "Point", "coordinates": [ 139.6692362, 35.6714053 ] } },
{ "type": "Feature", "properties": { "内容": "ノーマライ心の花渋谷桜丘【特定福祉用具販売】東京都渋谷区桜丘町7－10桜山ビル101", "url": "https://www.kaigokensaku.mhlw.go.jp/13/index.php?action_kouhyou_detail_004_kani=true&JigyosyoCd=1371303965-00&ServiceCd=410&Type=search", "url2": null }, "geometry": { "type": "Point", "coordinates": [ 139.7030838, 35.6545546 ] } },
{ "type": "Feature", "properties": { "内容": "アースサポート渋谷【特定福祉用具販売】東京都渋谷区本町1丁目4番3号", "url": "https://www.kaigokensaku.mhlw.go.jp/13/index.php?action_kouhyou_detail_004_kani=true&JigyosyoCd=1371303890-00&ServiceCd=410&Type=search", "url2": "https://www.earthsupport.co.jp" }, "geometry": { "type": "Point", "coordinates": [ 139.685027563754261, 35.681635397002353 ] } },
{ "type": "Feature", "properties": { "内容": "アビリティーズ・ケアネット株式会社本店【特定福祉用具販売】東京都渋谷区代々木四丁目30番3号新宿ミッドウエストビル", "url": "https://www.kaigokensaku.mhlw.go.jp/13/index.php?action_kouhyou_detail_004_kani=true&JigyosyoCd=1371300466-00&ServiceCd=410&Type=search", "url2": "http://www.abilities.jp/" }, "geometry": { "type": "Point", "coordinates": [ 139.689976200000046, 35.6832215 ] } },
{ "type": "Feature", "properties": { "内容": "モモ・トータルケアサービス【特定福祉用具販売】東京都渋谷区本町１－４０－１４カームコート初台１F", "url": "https://www.kaigokensaku.mhlw.go.jp/13/index.php?action_kouhyou_detail_004_kani=true&JigyosyoCd=1371302280-00&ServiceCd=410&Type=search", "url2": null }, "geometry": { "type": "Point", "coordinates": [ 139.683382, 35.6815416 ] } },
{ "type": "Feature", "properties": { "内容": "株式会社フロンティア渋谷営業所【特定福祉用具販売】東京都渋谷区幡ヶ谷2-24-7KDXレジデンス1階101号室", "url": "https://www.kaigokensaku.mhlw.go.jp/13/index.php?action_kouhyou_detail_004_kani=true&JigyosyoCd=1371303627-00&ServiceCd=410&Type=search", "url2": "http://www.frontier-ph.com" }, "geometry": { "type": "Point", "coordinates": [ 139.6722959, 35.6762028 ] } },
{ "type": "Feature", "properties": { "内容": "株式会社アースシステム【特定福祉用具販売】東京都中野区上高田2-19-11", "url": "https://www.kaigokensaku.mhlw.go.jp/13/index.php?action_kouhyou_detail_004_kani=true&JigyosyoCd=1371400860-00&ServiceCd=410&Type=search", "url2": "http://www.earth-system.jp" }, "geometry": { "type": "Point", "coordinates": [ 139.6724251, 35.71343 ] } },
{ "type": "Feature", "properties": { "内容": "すりいでぃ【特定福祉用具販売】東京都中野区中央５－２９－１１サンメゾン中野102", "url": "https://www.kaigokensaku.mhlw.go.jp/13/index.php?action_kouhyou_detail_004_kani=true&JigyosyoCd=1371401074-00&ServiceCd=410&Type=search", "url2": "http://www.three-dimension.com/" }, "geometry": { "type": "Point", "coordinates": [ 139.663823399999956, 35.7001545 ] } },
{ "type": "Feature", "properties": { "内容": "株式会社トーカイ　中野営業所【特定福祉用具販売】東京都中野区中央4丁目1番地2号KIビル601号", "url": "https://www.kaigokensaku.mhlw.go.jp/13/index.php?action_kouhyou_detail_004_kani=true&JigyosyoCd=1371404284-00&ServiceCd=410&Type=search", "url2": "http://www.tokai-corp.com/silver/" }, "geometry": { "type": "Point", "coordinates": [ 139.670559799999978, 35.6977419 ] } },
{ "type": "Feature", "properties": { "内容": "あけぼの介護センター　福祉用具貸与事業部【特定福祉用具販売】東京都中野区中野1-50-3ベニツル中野ビル2階", "url": "https://www.kaigokensaku.mhlw.go.jp/13/index.php?action_kouhyou_detail_004_kani=true&JigyosyoCd=1371405158-00&ServiceCd=410&Type=search", "url2": "https://www.caregate.co.jp/" }, "geometry": { "type": "Point", "coordinates": [ 139.6740854, 35.7023772 ] } },
{ "type": "Feature", "properties": { "内容": "SOMPOケア在宅老人ホーム杉並　福祉用具【特定福祉用具販売】東京都杉並区阿佐谷南1-17-18阿佐谷下田ビル2階", "url": "https://www.kaigokensaku.mhlw.go.jp/13/index.php?action_kouhyou_detail_004_kani=true&JigyosyoCd=1371509975-00&ServiceCd=410&Type=search", "url2": null }, "geometry": { "type": "Point", "coordinates": [ 139.636259, 35.70098 ] } },
{ "type": "Feature", "properties": { "内容": "スギコー福祉用具サービス【特定福祉用具販売】東京都杉並区久我山5-6-16サンメイト久我山", "url": "https://www.kaigokensaku.mhlw.go.jp/13/index.php?action_kouhyou_detail_004_kani=true&JigyosyoCd=1371509389-00&ServiceCd=410&Type=search", "url2": null }, "geometry": { "type": "Point", "coordinates": [ 139.601891300000034, 35.6876717 ] } },
{ "type": "Feature", "properties": { "内容": "明楽三喜ホーム【特定福祉用具販売】東京都杉並区久我山3-37-6", "url": "https://www.kaigokensaku.mhlw.go.jp/13/index.php?action_kouhyou_detail_004_kani=true&JigyosyoCd=1371511476-00&ServiceCd=410&Type=search", "url2": "https://meirakumikihome.co.jp" }, "geometry": { "type": "Point", "coordinates": [ 139.5975683, 35.6885773 ] } },
{ "type": "Feature", "properties": { "内容": "セントケアりまいん永福【特定福祉用具販売】東京都杉並区永福3-57-15榎本ビル1Ｆ", "url": "https://www.kaigokensaku.mhlw.go.jp/13/index.php?action_kouhyou_detail_004_kani=true&JigyosyoCd=1371211218-00&ServiceCd=410&Type=search", "url2": "http://www.saint-care.com/tokyo/" }, "geometry": { "type": "Point", "coordinates": [ 139.636427088130176, 35.679741666868061 ] } },
{ "type": "Feature", "properties": { "内容": "ソネット【特定福祉用具販売】東京都杉並区清水3-27-18", "url": "https://www.kaigokensaku.mhlw.go.jp/13/index.php?action_kouhyou_detail_004_kani=true&JigyosyoCd=1371504638-00&ServiceCd=410&Type=search", "url2": "http://www.sonnette.biz" }, "geometry": { "type": "Point", "coordinates": [ 139.618061200000056, 35.7190939 ] } },
{ "type": "Feature", "properties": { "内容": "シルバーはあと杉並【特定福祉用具販売】東京都杉並区本天沼1-3-3ﾘｰﾍﾞ杉並１F", "url": "https://www.kaigokensaku.mhlw.go.jp/13/index.php?action_kouhyou_detail_004_kani=true&JigyosyoCd=1371508316-00&ServiceCd=410&Type=search", "url2": "https://www.silver-heart.jp/" }, "geometry": { "type": "Point", "coordinates": [ 139.632368505957629, 35.712396399880355 ] } },
{ "type": "Feature", "properties": { "内容": "フランスベッド株式会社　メディカル杉並営業所【特定福祉用具販売】東京都杉並区堀ノ内3-52-14湯浅ビル1F2F", "url": "https://www.kaigokensaku.mhlw.go.jp/13/index.php?action_kouhyou_detail_004_kani=true&JigyosyoCd=1374001004-00&ServiceCd=410&Type=search", "url2": null }, "geometry": { "type": "Point", "coordinates": [ 139.635365500000034, 35.7094813 ] } },
{ "type": "Feature", "properties": { "内容": "株式会社　ペアレント【特定福祉用具販売】東京都杉並区久我山1-7-41岩崎通信機（株）構内　13号館2階", "url": "https://www.kaigokensaku.mhlw.go.jp/13/index.php?action_kouhyou_detail_004_kani=true&JigyosyoCd=1371506955-00&ServiceCd=410&Type=search", "url2": null }, "geometry": { "type": "Point", "coordinates": [ 139.596643300000011, 35.683197 ] } },
{ "type": "Feature", "properties": { "内容": "株式会社ケアサービス　レンタル杉並【特定福祉用具販売】東京都杉並区井草2-8-20サボハウス101号", "url": "https://www.kaigokensaku.mhlw.go.jp/13/index.php?action_kouhyou_detail_004_kani=true&JigyosyoCd=1371510122-00&ServiceCd=410&Type=search", "url2": null }, "geometry": { "type": "Point", "coordinates": [ 139.621338499999979, 35.7256598 ] } },
{ "type": "Feature", "properties": { "内容": "株式会社ヤマシタ杉並営業所【特定福祉用具販売】東京都杉並区阿佐谷南1-34-6新東京会館5階", "url": "https://www.kaigokensaku.mhlw.go.jp/13/index.php?action_kouhyou_detail_004_kani=true&JigyosyoCd=1371511377-00&ServiceCd=410&Type=search", "url2": "https://www.yco.co.jp/" }, "geometry": { "type": "Point", "coordinates": [ 139.636179499999969, 35.7015342 ] } },
{ "type": "Feature", "properties": { "内容": "株式会社東基　介護営業部　杉並営業所【特定福祉用具販売】東京都杉並区和田1-29-131F", "url": "https://www.kaigokensaku.mhlw.go.jp/13/index.php?action_kouhyou_detail_004_kani=true&JigyosyoCd=1371511674-00&ServiceCd=410&Type=search", "url2": "https://www.toki-net.co.jp/" }, "geometry": { "type": "Point", "coordinates": [ 139.665758, 35.692242 ] } },
{ "type": "Feature", "properties": { "内容": "パナソニックエイジフリーショップ杉並【特定福祉用具販売】東京都杉並区浜田山3-35-31丸共ビル１階", "url": "https://www.kaigokensaku.mhlw.go.jp/13/index.php?action_kouhyou_detail_004_kani=true&JigyosyoCd=1371507607-00&ServiceCd=410&Type=search", "url2": null }, "geometry": { "type": "Point", "coordinates": [ 139.626442099999963, 35.6844449 ] } },
{ "type": "Feature", "properties": { "内容": "ニック株式会社　杉並営業所【特定福祉用具販売】東京都杉並区和泉1-19-13", "url": "https://www.kaigokensaku.mhlw.go.jp/13/index.php?action_kouhyou_detail_004_kani=true&JigyosyoCd=1371510866-00&ServiceCd=410&Type=search", "url2": "http://www.nick-corp.com" }, "geometry": { "type": "Point", "coordinates": [ 139.658541500000013, 35.6745768 ] } },
{ "type": "Feature", "properties": { "内容": "ダスキンヘルスレント杉並ステーション【特定福祉用具販売】東京都杉並区成田東1-43-20グランド大塚　1階", "url": "https://www.kaigokensaku.mhlw.go.jp/13/index.php?action_kouhyou_detail_004_kani=true&JigyosyoCd=1371511682-00&ServiceCd=410&Type=search", "url2": "https://healthrent.duskin.jp/station/tokyo/suginami.html" }, "geometry": { "type": "Point", "coordinates": [ 139.642001099999987, 35.6927495 ] } },
{ "type": "Feature", "properties": { "内容": "東電さわやかケアポートとしま・福祉用具【特定福祉用具販売】東京都豊島区北大塚1-12-15", "url": "https://www.kaigokensaku.mhlw.go.jp/13/index.php?action_kouhyou_detail_004_kani=true&JigyosyoCd=1371603018-00&ServiceCd=410&Type=search", "url2": "http://www.tepco-partners.co.jp" }, "geometry": { "type": "Point", "coordinates": [ 139.732627799999989, 35.7322179 ] } },
{ "type": "Feature", "properties": { "内容": "eスコップ【特定福祉用具販売】東京都豊島区東池袋4-24-8ビーバーズビル4階", "url": "https://www.kaigokensaku.mhlw.go.jp/13/index.php?action_kouhyou_detail_004_kani=true&JigyosyoCd=1371606029-00&ServiceCd=410&Type=search", "url2": null }, "geometry": { "type": "Point", "coordinates": [ 139.717376800000011, 35.7285581 ] } },
{ "type": "Feature", "properties": { "内容": "常ケアサポート【特定福祉用具販売】東京都豊島区南池袋2-47-6パレス南池袋2F", "url": "https://www.kaigokensaku.mhlw.go.jp/13/index.php?action_kouhyou_detail_004_kani=true&JigyosyoCd=1371606052-00&ServiceCd=410&Type=search", "url2": "https://jyo-kikou.com" }, "geometry": { "type": "Point", "coordinates": [ 139.7159064, 35.726329 ] } },
{ "type": "Feature", "properties": { "内容": "ケアフレンド・福祉用具【特定福祉用具販売】東京都豊島区長崎4－16－2", "url": "https://www.kaigokensaku.mhlw.go.jp/13/index.php?action_kouhyou_detail_004_kani=true&JigyosyoCd=1371603778-00&ServiceCd=410&Type=search", "url2": "http://care-net.biz/13/c-friend/" }, "geometry": { "type": "Point", "coordinates": [ 139.685823618959461, 35.729183950531883 ] } },
{ "type": "Feature", "properties": { "内容": "倭ケアサービス【特定福祉用具販売】東京都豊島区西池袋３－３３－６ＳＨＫビル2階", "url": "https://www.kaigokensaku.mhlw.go.jp/13/index.php?action_kouhyou_detail_004_kani=true&JigyosyoCd=1371605682-00&ServiceCd=410&Type=search", "url2": "https://care-net.biz/13/nishiike/" }, "geometry": { "type": "Point", "coordinates": [ 139.705261556483464, 35.730058920716445 ] } },
{ "type": "Feature", "properties": { "内容": "株式会社ミタカ目白営業所【特定福祉用具販売】東京都豊島区高田2-18-23シャトー目白１F", "url": "https://www.kaigokensaku.mhlw.go.jp/13/index.php?action_kouhyou_detail_004_kani=true&JigyosyoCd=1371605757-00&ServiceCd=410&Type=search", "url2": "http://www.t-mitaka.com" }, "geometry": { "type": "Point", "coordinates": [ 139.7147924, 35.7181232 ] } },
{ "type": "Feature", "properties": { "内容": "SOMPOケア　豊島　福祉用具【特定福祉用具販売】東京都豊島区東池袋5-44-15東信東池袋ビル4階", "url": "https://www.kaigokensaku.mhlw.go.jp/13/index.php?action_kouhyou_detail_004_kani=true&JigyosyoCd=1371605526-00&ServiceCd=410&Type=search", "url2": "https://www.sompocare.com/" }, "geometry": { "type": "Point", "coordinates": [ 139.726558791840972, 35.727802815554526 ] } },
{ "type": "Feature", "properties": { "内容": "セントケア　りまいん豊島【特定福祉用具販売】東京都豊島区東池袋3-20-21広宣ビル2階", "url": "https://www.kaigokensaku.mhlw.go.jp/13/index.php?action_kouhyou_detail_004_kani=true&JigyosyoCd=1371604131-00&ServiceCd=410&Type=search", "url2": "http://www.saint-care.com" }, "geometry": { "type": "Point", "coordinates": [ 139.720660506513696, 35.730173709264321 ] } },
{ "type": "Feature", "properties": { "内容": "さくら総合福祉【特定福祉用具販売】東京都北区豊島8丁目33-8下川サンリバーマンション102", "url": "https://www.kaigokensaku.mhlw.go.jp/13/index.php?action_kouhyou_detail_004_kani=true&JigyosyoCd=1371707645-00&ServiceCd=410&Type=search", "url2": "https://sakura-sf.com/" }, "geometry": { "type": "Point", "coordinates": [ 139.741595499999988, 35.7681238 ] } },
{ "type": "Feature", "properties": { "内容": "ダスキンヘルスレント東京北ステーション【特定福祉用具販売】東京都北区田端新町1丁目12-3", "url": "https://www.kaigokensaku.mhlw.go.jp/13/index.php?action_kouhyou_detail_004_kani=true&JigyosyoCd=1371707538-00&ServiceCd=410&Type=search", "url2": "https://healthrent.duskin.jp/station/tokyo/tokyokita.html" }, "geometry": { "type": "Point", "coordinates": [ 139.7658769, 35.7388713 ] } },
{ "type": "Feature", "properties": { "内容": "東京サンメディカル　赤羽営業所【特定福祉用具販売】東京都北区赤羽台1－3－12ヌーヴェル赤羽台12号棟104号室", "url": "https://www.kaigokensaku.mhlw.go.jp/13/index.php?action_kouhyou_detail_004_kani=true&JigyosyoCd=1371707769-00&ServiceCd=410&Type=search", "url2": "https://t-sunme.jp/" }, "geometry": { "type": "Point", "coordinates": [ 139.7155056, 35.7786968 ] } },
{ "type": "Feature", "properties": { "内容": "株式会社　ヤマシタ　東京北営業所【特定福祉用具販売】東京都北区堀船2‐9‐19荻中ビル2階", "url": "https://www.kaigokensaku.mhlw.go.jp/13/index.php?action_kouhyou_detail_004_kani=true&JigyosyoCd=1371707793-00&ServiceCd=410&Type=search", "url2": "https://www.ycota.jp/area/132387" }, "geometry": { "type": "Point", "coordinates": [ 139.7458682, 35.7528569 ] } },
{ "type": "Feature", "properties": { "内容": "福祉用具プランニング城北営業所【特定福祉用具販売】東京都北区豊島3-7-1ミオマーレ豊島１階", "url": "https://www.kaigokensaku.mhlw.go.jp/13/index.php?action_kouhyou_detail_004_kani=true&JigyosyoCd=1371707306-00&ServiceCd=410&Type=search", "url2": "https://fukushiyouguplanning.jp/" }, "geometry": { "type": "Point", "coordinates": [ 139.745623357181927, 35.760521639981235 ] } },
{ "type": "Feature", "properties": { "内容": "ケアウェル王子店【特定福祉用具販売】東京都北区豊島５－４－１豊島団地１０５", "url": "https://www.kaigokensaku.mhlw.go.jp/13/index.php?action_kouhyou_detail_004_kani=true&JigyosyoCd=1370702480-00&ServiceCd=410&Type=search", "url2": "http://carewell.co.jp" }, "geometry": { "type": "Point", "coordinates": [ 139.751307799999978, 35.7648394 ] } },
{ "type": "Feature", "properties": { "内容": "介護用品のハッコウ　板橋駅前【特定福祉用具販売】東京都北区滝野川7-22-5", "url": "https://www.kaigokensaku.mhlw.go.jp/13/index.php?action_kouhyou_detail_004_kani=true&JigyosyoCd=1372008142-00&ServiceCd=410&Type=search", "url2": "http://www.hakkogroup.jp/" }, "geometry": { "type": "Point", "coordinates": [ 139.721550488954875, 35.743399646049021 ] } },
{ "type": "Feature", "properties": { "内容": "アスケア福祉用具センター東京【特定福祉用具販売】東京都北区志茂5-2-6101", "url": "https://www.kaigokensaku.mhlw.go.jp/13/index.php?action_kouhyou_detail_004_kani=true&JigyosyoCd=1371705847-00&ServiceCd=410&Type=search", "url2": "http://www.asahi-sun-clean.co.jp/office/81103/" }, "geometry": { "type": "Point", "coordinates": [ 139.72925209999994, 35.7819476 ] } },
{ "type": "Feature", "properties": { "内容": "ニック株式会社東京北営業所【特定福祉用具販売】東京都北区王子4-15-10", "url": "https://www.kaigokensaku.mhlw.go.jp/13/index.php?action_kouhyou_detail_004_kani=true&JigyosyoCd=1371704782-00&ServiceCd=410&Type=search", "url2": "http://www.nick-corp.com/" }, "geometry": { "type": "Point", "coordinates": [ 139.736221600000022, 35.7611561 ] } },
{ "type": "Feature", "properties": { "内容": "ホットステーションSUN【特定福祉用具販売】東京都荒川区荒川5-36-11F", "url": "https://www.kaigokensaku.mhlw.go.jp/13/index.php?action_kouhyou_detail_004_kani=true&JigyosyoCd=1371802982-00&ServiceCd=410&Type=search", "url2": "http://www.best-kaigo.com" }, "geometry": { "type": "Point", "coordinates": [ 139.775920899999988, 35.7385493 ] } },
{ "type": "Feature", "properties": { "内容": "あっぷるちよだ日暮里駅前店【特定福祉用具販売】東京都荒川区西日暮里2-17-8千代田第２ビル２階", "url": "https://www.kaigokensaku.mhlw.go.jp/13/index.php?action_kouhyou_detail_004_kani=true&JigyosyoCd=1371801877-00&ServiceCd=410&Type=search", "url2": null }, "geometry": { "type": "Point", "coordinates": [ 139.7721454, 35.7291918 ] } },
{ "type": "Feature", "properties": { "内容": "福祉用具メディサポ【特定福祉用具販売】東京都荒川区東日暮里4-19-10第2CHビル2階", "url": "https://www.kaigokensaku.mhlw.go.jp/13/index.php?action_kouhyou_detail_004_kani=true&JigyosyoCd=1371804624-00&ServiceCd=410&Type=search", "url2": null }, "geometry": { "type": "Point", "coordinates": [ 139.780447, 35.7265238 ] } },
{ "type": "Feature", "properties": { "内容": "ケアラックス【特定福祉用具販売】東京都荒川区南千住1-15-4トリニティ三ノ輪7F", "url": "https://www.kaigokensaku.mhlw.go.jp/13/index.php?action_kouhyou_detail_004_kani=true&JigyosyoCd=1371804939-00&ServiceCd=410&Type=search", "url2": "https://haruco.co.jp/" }, "geometry": { "type": "Point", "coordinates": [ 139.7923443, 35.7321382 ] } },
{ "type": "Feature", "properties": { "内容": "パナソニックエイジフリーショップ　荒川台東【特定福祉用具販売】東京都荒川区町屋八丁目２２番８号", "url": "https://www.kaigokensaku.mhlw.go.jp/13/index.php?action_kouhyou_detail_004_kani=true&JigyosyoCd=1371801174-00&ServiceCd=410&Type=search", "url2": "https://agefree-arakawa.com/" }, "geometry": { "type": "Point", "coordinates": [ 139.786693099999979, 35.745604 ] } },
{ "type": "Feature", "properties": { "内容": "介護用品のハッコウ　荒川営業所【特定福祉用具販売】東京都荒川区荒川三丁目３３番１号", "url": "https://www.kaigokensaku.mhlw.go.jp/13/index.php?action_kouhyou_detail_004_kani=true&JigyosyoCd=1371801372-00&ServiceCd=410&Type=search", "url2": "http://www.hakkogroup.jp" }, "geometry": { "type": "Point", "coordinates": [ 139.781427600000029, 35.7354271 ] } },
{ "type": "Feature", "properties": { "内容": "シルバーはあと荒川【特定福祉用具販売】東京都荒川区南千住２－３０－１０", "url": "https://www.kaigokensaku.mhlw.go.jp/13/index.php?action_kouhyou_detail_004_kani=true&JigyosyoCd=1371803873-00&ServiceCd=410&Type=search", "url2": "https://www.silver-heart.jp/" }, "geometry": { "type": "Point", "coordinates": [ 139.797851700000024, 35.7296811 ] } },
{ "type": "Feature", "properties": { "内容": "株式会社日本ドライ　介護用品のスマイル荒川営業所【特定福祉用具販売】東京都荒川区町屋1-27-52階", "url": "https://www.kaigokensaku.mhlw.go.jp/13/index.php?action_kouhyou_detail_004_kani=true&JigyosyoCd=1371803998-00&ServiceCd=410&Type=search", "url2": "https://jp-dry.co.jp/fukushi/yougu/" }, "geometry": { "type": "Point", "coordinates": [ 139.783812411045119, 35.74449877278964 ] } },
{ "type": "Feature", "properties": { "内容": "大起エンゼルヘルプ【特定福祉用具販売】東京都荒川区東尾久1-1-45階", "url": "https://www.kaigokensaku.mhlw.go.jp/13/index.php?action_kouhyou_detail_004_kani=true&JigyosyoCd=1371801133-00&ServiceCd=410&Type=search", "url2": "http://www.enzeru.co.jp/" }, "geometry": { "type": "Point", "coordinates": [ 139.772808722387026, 35.738183691388194 ] } },
{ "type": "Feature", "properties": { "内容": "ニック株式会社板橋営業所【特定福祉用具販売】東京都板橋区中台3-26-11", "url": "https://www.kaigokensaku.mhlw.go.jp/13/index.php?action_kouhyou_detail_004_kani=true&JigyosyoCd=1371912567-00&ServiceCd=410&Type=search", "url2": "https://www.nick-corp.com/" }, "geometry": { "type": "Point", "coordinates": [ 139.677495, 35.773397 ] } },
{ "type": "Feature", "properties": { "内容": "株式会社トーカイ板橋営業所【特定福祉用具販売】東京都板橋区徳丸7丁目27番1号ファミール高島平1階101号室", "url": "https://www.kaigokensaku.mhlw.go.jp/13/index.php?action_kouhyou_detail_004_kani=true&JigyosyoCd=1371912591-00&ServiceCd=410&Type=search", "url2": "https://www.tokai-corp.com" }, "geometry": { "type": "Point", "coordinates": [ 139.661531200000013, 35.7819728 ] } },
{ "type": "Feature", "properties": { "内容": "みちおい福祉用具【特定福祉用具販売】東京都板橋区徳丸3-38-34ヒルサイドハイツB1F", "url": "https://www.kaigokensaku.mhlw.go.jp/13/index.php?action_kouhyou_detail_004_kani=true&JigyosyoCd=1371911882-00&ServiceCd=410&Type=search", "url2": "https://www.mitioisya.tokyo/" }, "geometry": { "type": "Point", "coordinates": [ 139.658778162426756, 35.774207643736062 ] } },
{ "type": "Feature", "properties": { "内容": "ベスト・ケアーレンタル事業部【特定福祉用具販売】東京都板橋区小茂根１丁目25番22101", "url": "https://www.kaigokensaku.mhlw.go.jp/13/index.php?action_kouhyou_detail_004_kani=true&JigyosyoCd=1371902360-00&ServiceCd=410&Type=search", "url2": "http://www.bestcare-kaigo.jp" }, "geometry": { "type": "Point", "coordinates": [ 139.677782194477459, 35.747371275365481 ] } },
{ "type": "Feature", "properties": { "内容": "株式会社ハンドベル・ケア【特定福祉用具販売】東京都板橋区舟渡１－１３－１０アイ・タワー３階", "url": "https://www.kaigokensaku.mhlw.go.jp/13/index.php?action_kouhyou_detail_004_kani=true&JigyosyoCd=1371902832-00&ServiceCd=410&Type=search", "url2": "http://www.handbell-care.com" }, "geometry": { "type": "Point", "coordinates": [ 139.69090181333047, 35.79204154797381 ] } },
{ "type": "Feature", "properties": { "内容": "あずさわ福祉本舗【特定福祉用具販売】東京都板橋区小豆沢１－７－１", "url": "https://www.kaigokensaku.mhlw.go.jp/13/index.php?action_kouhyou_detail_004_kani=true&JigyosyoCd=1371903673-00&ServiceCd=410&Type=search", "url2": "https://fukushiyouguplanning.jp" }, "geometry": { "type": "Point", "coordinates": [ 139.701033850137264, 35.77352309291431 ] } },
{ "type": "Feature", "properties": { "内容": "まごの手板橋店【特定福祉用具販売】東京都板橋区双葉町15-13アシュレ双葉町", "url": "https://www.kaigokensaku.mhlw.go.jp/13/index.php?action_kouhyou_detail_004_kani=true&JigyosyoCd=1371904515-00&ServiceCd=410&Type=search", "url2": "http://www.magonote.com/" }, "geometry": { "type": "Point", "coordinates": [ 139.695833599999986, 35.7579857 ] } },
{ "type": "Feature", "properties": { "内容": "はなまる介護【特定福祉用具販売】東京都板橋区中板橋29-8クリテックビル3F", "url": "https://www.kaigokensaku.mhlw.go.jp/13/index.php?action_kouhyou_detail_004_kani=true&JigyosyoCd=1371908631-00&ServiceCd=410&Type=search", "url2": "https://870kaigo.com" }, "geometry": { "type": "Point", "coordinates": [ 139.694832600000012, 35.7565743 ] } },
{ "type": "Feature", "properties": { "内容": "フランスベッド株式会社メディカル板橋営業所【特定福祉用具販売】東京都板橋区本町39-10メゾンドジュリア101号", "url": "https://www.kaigokensaku.mhlw.go.jp/13/index.php?action_kouhyou_detail_004_kani=true&JigyosyoCd=1371909043-00&ServiceCd=410&Type=search", "url2": null }, "geometry": { "type": "Point", "coordinates": [ 139.706683200000043, 35.7592058 ] } },
{ "type": "Feature", "properties": { "内容": "株式会社　ヤマシタ　板橋営業所【特定福祉用具販売】東京都板橋区泉町39-15", "url": "https://www.kaigokensaku.mhlw.go.jp/13/index.php?action_kouhyou_detail_004_kani=true&JigyosyoCd=1371910074-00&ServiceCd=410&Type=search", "url2": "https://www.ycota.jp/" }, "geometry": { "type": "Point", "coordinates": [ 139.699861987696835, 35.766883652698475 ] } },
{ "type": "Feature", "properties": { "内容": "株式会社フロンティア板橋営業所【特定福祉用具販売】東京都板橋区仲町２２－１１", "url": "https://www.kaigokensaku.mhlw.go.jp/13/index.php?action_kouhyou_detail_004_kani=true&JigyosyoCd=1371911627-00&ServiceCd=410&Type=search", "url2": "https://www.frontier-ph.com/" }, "geometry": { "type": "Point", "coordinates": [ 139.6969009, 35.752132 ] } },
{ "type": "Feature", "properties": { "内容": "株式会社　M＆Wサポート【特定福祉用具販売】東京都板橋区前野町2-31-2101", "url": "https://www.kaigokensaku.mhlw.go.jp/13/index.php?action_kouhyou_detail_004_kani=true&JigyosyoCd=1371912211-00&ServiceCd=410&Type=search", "url2": "https://www.tshnet.or.jp/" }, "geometry": { "type": "Point", "coordinates": [ 139.689721600000013, 35.7655036 ] } },
{ "type": "Feature", "properties": { "内容": "シルバーサポート東京北店【特定福祉用具販売】東京都板橋区宮本町４４－６", "url": "https://www.kaigokensaku.mhlw.go.jp/13/index.php?action_kouhyou_detail_004_kani=true&JigyosyoCd=1371907963-00&ServiceCd=410&Type=search", "url2": "http://www.ramico.co.jp" }, "geometry": { "type": "Point", "coordinates": [ 139.697774382803345, 35.764344062478806 ] } },
{ "type": "Feature", "properties": { "内容": "ケア21ライフプラス東京城北【特定福祉用具販売】東京都板橋区大山西町9-3", "url": "https://www.kaigokensaku.mhlw.go.jp/13/index.php?action_kouhyou_detail_004_kani=true&JigyosyoCd=1372108629-00&ServiceCd=410&Type=search", "url2": "http://www.care21.co.jp/" }, "geometry": { "type": "Point", "coordinates": [ 139.700390747508209, 35.745760974324014 ] } },
{ "type": "Feature", "properties": { "内容": "ほっと・ライフサービス【特定福祉用具販売】東京都練馬区氷川台3-19-72F", "url": "https://www.kaigokensaku.mhlw.go.jp/13/index.php?action_kouhyou_detail_004_kani=true&JigyosyoCd=1372010197-00&ServiceCd=410&Type=search", "url2": "https://hotspace.co.jp/" }, "geometry": { "type": "Point", "coordinates": [ 139.6689433, 35.7505136 ] } },
{ "type": "Feature", "properties": { "内容": "住環境デザイン練馬【特定福祉用具販売】東京都練馬区関町南2-2-6善福寺コーポ103", "url": "https://www.kaigokensaku.mhlw.go.jp/13/index.php?action_kouhyou_detail_004_kani=true&JigyosyoCd=1372014710-00&ServiceCd=410&Type=search", "url2": null }, "geometry": { "type": "Point", "coordinates": [ 139.590963799999969, 35.7200132 ] } },
{ "type": "Feature", "properties": { "内容": "株式会社　東基【特定福祉用具販売】東京都練馬区貫井3-41-1", "url": "https://www.kaigokensaku.mhlw.go.jp/13/index.php?action_kouhyou_detail_004_kani=true&JigyosyoCd=1372000271-00&ServiceCd=410&Type=search", "url2": "http://www.toki-net.co.jp/" }, "geometry": { "type": "Point", "coordinates": [ 139.629927, 35.7397026 ] } },
{ "type": "Feature", "properties": { "内容": "コミュニティ・ケア【特定福祉用具販売】東京都練馬区西大泉3-26-15さかえやビル2階", "url": "https://www.kaigokensaku.mhlw.go.jp/13/index.php?action_kouhyou_detail_004_kani=true&JigyosyoCd=1372011823-00&ServiceCd=410&Type=search", "url2": "http:/www.communitycare-ooizumi.co.jp" }, "geometry": { "type": "Point", "coordinates": [ 139.5789416, 35.762017 ] } },
{ "type": "Feature", "properties": { "内容": "株式会社まごころプラス【特定福祉用具販売】北町1-16-6", "url": "https://www.kaigokensaku.mhlw.go.jp/13/index.php?action_kouhyou_detail_004_kani=true&JigyosyoCd=1372014694-00&ServiceCd=410&Type=search", "url2": null }, "geometry": { "type": "Point", "coordinates": [ 139.664689399999986, 35.7656897 ] } },
{ "type": "Feature", "properties": { "内容": "MearthsLink【特定福祉用具販売】東京都練馬区下石神井六丁目30番11号第1石塚マンション205", "url": "https://www.kaigokensaku.mhlw.go.jp/13/index.php?action_kouhyou_detail_004_kani=true&JigyosyoCd=1372015105-00&ServiceCd=410&Type=search", "url2": null }, "geometry": { "type": "Point", "coordinates": [ 139.6043266, 35.7354313 ] } },
{ "type": "Feature", "properties": { "内容": "フランスベッド株式会社　メディカル練馬営業所【特定福祉用具販売】東京都練馬区中村北3-15-16ﾀﾏﾙﾋﾞﾙ102", "url": "https://www.kaigokensaku.mhlw.go.jp/13/index.php?action_kouhyou_detail_004_kani=true&JigyosyoCd=1372006542-00&ServiceCd=410&Type=search", "url2": "http://www.francebed.co.jp/" }, "geometry": { "type": "Point", "coordinates": [ 139.639528199999972, 35.7366035 ] } },
{ "type": "Feature", "properties": { "内容": "スペースケア練馬営業所【特定福祉用具販売】東京都練馬区高松6-19-25", "url": "https://www.kaigokensaku.mhlw.go.jp/13/index.php?action_kouhyou_detail_004_kani=true&JigyosyoCd=1372010056-00&ServiceCd=410&Type=search", "url2": "http://www.spacecare.co.jp" }, "geometry": { "type": "Point", "coordinates": [ 139.616190254042067, 35.759454696292217 ] } },
{ "type": "Feature", "properties": { "内容": "株式会社フロンティア練馬営業所【特定福祉用具販売】東京都練馬区南田中３－２８－２０", "url": "https://www.kaigokensaku.mhlw.go.jp/13/index.php?action_kouhyou_detail_004_kani=true&JigyosyoCd=1372010403-00&ServiceCd=410&Type=search", "url2": "http://www.frontier-ph.com" }, "geometry": { "type": "Point", "coordinates": [ 139.615495517196678, 35.736954762549466 ] } },
{ "type": "Feature", "properties": { "内容": "株式会社ヤマシタ　練馬営業所【特定福祉用具販売】東京都練馬区谷原2-5-5", "url": "https://www.kaigokensaku.mhlw.go.jp/13/index.php?action_kouhyou_detail_004_kani=true&JigyosyoCd=1372010502-00&ServiceCd=410&Type=search", "url2": "http://www.yco.co.jp" }, "geometry": { "type": "Point", "coordinates": [ 139.616253300000039, 35.7495745 ] } },
{ "type": "Feature", "properties": { "内容": "FreeLife【特定福祉用具販売】東京都練馬区錦1丁目24番地16号", "url": "https://www.kaigokensaku.mhlw.go.jp/13/index.php?action_kouhyou_detail_004_kani=true&JigyosyoCd=1372011385-00&ServiceCd=410&Type=search", "url2": "https://www.freelifefukusiyougu.com/" }, "geometry": { "type": "Point", "coordinates": [ 139.670383, 35.7601376 ] } },
{ "type": "Feature", "properties": { "内容": "Ｔ’ｓライト【特定福祉用具販売】東京都練馬区西大泉5-17-1ジュノー・ムカイ101", "url": "https://www.kaigokensaku.mhlw.go.jp/13/index.php?action_kouhyou_detail_004_kani=true&JigyosyoCd=1372012771-00&ServiceCd=410&Type=search", "url2": null }, "geometry": { "type": "Point", "coordinates": [ 139.5692673, 35.7554461 ] } },
{ "type": "Feature", "properties": { "内容": "アサヒサンクリーン福祉用具センター練馬【特定福祉用具販売】東京都練馬区貫井2-28-4リスタアビル1階", "url": "https://www.kaigokensaku.mhlw.go.jp/13/index.php?action_kouhyou_detail_004_kani=true&JigyosyoCd=1372013704-00&ServiceCd=410&Type=search", "url2": "https://www.asahi-sun-clean.co.jp/" }, "geometry": { "type": "Point", "coordinates": [ 139.6355088, 35.7406193 ] } },
{ "type": "Feature", "properties": { "内容": "西川株式会社／ネーブルハウス練馬事業所【特定福祉用具販売】東京都練馬区石神井町2-33-27石神井ファインレジデンス103", "url": "https://www.kaigokensaku.mhlw.go.jp/13/index.php?action_kouhyou_detail_004_kani=true&JigyosyoCd=1372013894-00&ServiceCd=410&Type=search", "url2": "https://nablehouse.co.jp/nerima/" }, "geometry": { "type": "Point", "coordinates": [ 139.607460800000013, 35.7492593 ] } },
{ "type": "Feature", "properties": { "内容": "ねくすと【特定福祉用具販売】東京都練馬区高松3-7-17フレグランス光が丘106", "url": "https://www.kaigokensaku.mhlw.go.jp/13/index.php?action_kouhyou_detail_004_kani=true&JigyosyoCd=1371405596-00&ServiceCd=410&Type=search", "url2": "https://next-fukushi.com/" }, "geometry": { "type": "Point", "coordinates": [ 139.62684, 35.7475718 ] } },
{ "type": "Feature", "properties": { "内容": "ダスキンヘルスレント練馬ステーション【特定福祉用具販売】東京都練馬区氷川台4-36-16", "url": "https://www.kaigokensaku.mhlw.go.jp/13/index.php?action_kouhyou_detail_004_kani=true&JigyosyoCd=1372005783-00&ServiceCd=410&Type=search", "url2": "https://healthrent.duskin.jp/" }, "geometry": { "type": "Point", "coordinates": [ 139.664481200000012, 35.7550939 ] } },
{ "type": "Feature", "properties": { "内容": "セントケアりまいん練馬【特定福祉用具販売】東京都練馬区南田中3‐6‐12大沢ビル１F", "url": "https://www.kaigokensaku.mhlw.go.jp/13/index.php?action_kouhyou_detail_004_kani=true&JigyosyoCd=1372007862-00&ServiceCd=410&Type=search", "url2": "http://www.saint-care.com/tokyo" }, "geometry": { "type": "Point", "coordinates": [ 139.6202468, 35.738309 ] } },
{ "type": "Feature", "properties": { "内容": "SOMPOケア　練馬　福祉用具【特定福祉用具販売】東京都練馬区豊玉北4-11-10東洋ライス東日本支店ビル１階", "url": "https://www.kaigokensaku.mhlw.go.jp/13/index.php?action_kouhyou_detail_004_kani=true&JigyosyoCd=1372012540-00&ServiceCd=410&Type=search", "url2": "https://www.sompocare.com/" }, "geometry": { "type": "Point", "coordinates": [ 139.659152726946189, 35.735290647742502 ] } },
{ "type": "Feature", "properties": { "内容": "株式会社トーカイ　練馬営業所【特定福祉用具販売】東京都練馬区春日町1丁目17番19号", "url": "https://www.kaigokensaku.mhlw.go.jp/13/index.php?action_kouhyou_detail_004_kani=true&JigyosyoCd=1372013274-00&ServiceCd=410&Type=search", "url2": "https://www.tokai-corp.com/" }, "geometry": { "type": "Point", "coordinates": [ 139.646165700000012, 35.749310299999976 ] } },
{ "type": "Feature", "properties": { "内容": "ニック株式会社　練馬営業所【特定福祉用具販売】東京都練馬区田柄４－４５－５", "url": "https://www.kaigokensaku.mhlw.go.jp/13/index.php?action_kouhyou_detail_004_kani=true&JigyosyoCd=1372009652-00&ServiceCd=410&Type=search", "url2": "http://www.nick-corp.com" }, "geometry": { "type": "Point", "coordinates": [ 139.633944742327941, 35.764658912101439 ] } },
{ "type": "Feature", "properties": { "内容": "生活ぷらす東京支店【特定福祉用具販売】東京都練馬区関町南3-6-11パークヒルズ武蔵関１階", "url": "https://www.kaigokensaku.mhlw.go.jp/13/index.php?action_kouhyou_detail_004_kani=true&JigyosyoCd=1372015162-00&ServiceCd=410&Type=search", "url2": null }, "geometry": { "type": "Point", "coordinates": [ 139.582043982803356, 35.722405110262642 ] } },
{ "type": "Feature", "properties": { "内容": "のるでん【特定福祉用具販売】東京都足立区柳原１丁目１１番１１号", "url": "https://www.kaigokensaku.mhlw.go.jp/13/index.php?action_kouhyou_detail_004_kani=true&JigyosyoCd=1372114114-00&ServiceCd=410&Type=search", "url2": "http://scr.tokyo.jp" }, "geometry": { "type": "Point", "coordinates": [ 139.8141274, 35.7469001 ] } },
{ "type": "Feature", "properties": { "内容": "スマイル・おきの【特定福祉用具販売】東京都足立区興野1-14-8", "url": "https://www.kaigokensaku.mhlw.go.jp/13/index.php?action_kouhyou_detail_004_kani=true&JigyosyoCd=1372114171-00&ServiceCd=410&Type=search", "url2": null }, "geometry": { "type": "Point", "coordinates": [ 139.780799, 35.7691378 ] } },
{ "type": "Feature", "properties": { "内容": "城北介護センター【特定福祉用具販売】東京都足立区千住宮元町３０－４", "url": "https://www.kaigokensaku.mhlw.go.jp/13/index.php?action_kouhyou_detail_004_kani=true&JigyosyoCd=1372101152-00&ServiceCd=410&Type=search", "url2": "http://www.jyohokukaigo.com" }, "geometry": { "type": "Point", "coordinates": [ 139.795205200000026, 35.7490128 ] } },
{ "type": "Feature", "properties": { "内容": "アローライフケア【特定福祉用具販売】東京都足立区六町4-7-22", "url": "https://www.kaigokensaku.mhlw.go.jp/13/index.php?action_kouhyou_detail_004_kani=true&JigyosyoCd=1372114148-00&ServiceCd=410&Type=search", "url2": "https://natsuki-kaigo.com/" }, "geometry": { "type": "Point", "coordinates": [ 139.8247089, 35.7860036 ] } },
{ "type": "Feature", "properties": { "内容": "気宇【特定福祉用具販売】東京都足立区扇1-44-3", "url": "https://www.kaigokensaku.mhlw.go.jp/13/index.php?action_kouhyou_detail_004_kani=true&JigyosyoCd=1372114429-00&ServiceCd=410&Type=search", "url2": null }, "geometry": { "type": "Point", "coordinates": [ 139.776719199999974, 35.7661503 ] } },
{ "type": "Feature", "properties": { "内容": "ウイズone【特定福祉用具販売】東京都足立区花畑3-17-61階", "url": "https://www.kaigokensaku.mhlw.go.jp/13/index.php?action_kouhyou_detail_004_kani=true&JigyosyoCd=1372114460-00&ServiceCd=410&Type=search", "url2": "https://nextone-hanahata.com" }, "geometry": { "type": "Point", "coordinates": [ 139.8105938, 35.8036315 ] } },
{ "type": "Feature", "properties": { "内容": "あかつき【特定福祉用具販売】東京都足立区竹の塚4-2-7アーク竹ノ塚マンション101号室", "url": "https://www.kaigokensaku.mhlw.go.jp/13/index.php?action_kouhyou_detail_004_kani=true&JigyosyoCd=1372114486-00&ServiceCd=410&Type=search", "url2": null }, "geometry": { "type": "Point", "coordinates": [ 139.801837300000017, 35.7944211 ] } },
{ "type": "Feature", "properties": { "内容": "介護ショップ　ペンギン【特定福祉用具販売】東京都足立区梅島1丁目9番5号", "url": "https://www.kaigokensaku.mhlw.go.jp/13/index.php?action_kouhyou_detail_004_kani=true&JigyosyoCd=1372101673-00&ServiceCd=410&Type=search", "url2": "https://www.carefriend.co.jp" }, "geometry": { "type": "Point", "coordinates": [ 139.798908899999986, 35.7721661 ] } },
{ "type": "Feature", "properties": { "内容": "ベストサポート【特定福祉用具販売】東京都足立区舎人3-1-9", "url": "https://www.kaigokensaku.mhlw.go.jp/13/index.php?action_kouhyou_detail_004_kani=true&JigyosyoCd=1372114536-00&ServiceCd=410&Type=search", "url2": null }, "geometry": { "type": "Point", "coordinates": [ 139.7749626, 35.8097756 ] } },
{ "type": "Feature", "properties": { "内容": "福祉用具ケアろぐ【特定福祉用具販売】東京都足立区鹿浜2-25-1301", "url": "https://www.kaigokensaku.mhlw.go.jp/13/index.php?action_kouhyou_detail_004_kani=true&JigyosyoCd=1372114676-00&ServiceCd=410&Type=search", "url2": "https://www.carelog2021.com" }, "geometry": { "type": "Point", "coordinates": [ 139.7508398, 35.7800958 ] } },
{ "type": "Feature", "properties": { "内容": "有限会社東関東ｻｰﾋﾞｽ東京支店【特定福祉用具販売】東京都足立区辰沼2-6-10", "url": "https://www.kaigokensaku.mhlw.go.jp/13/index.php?action_kouhyou_detail_004_kani=true&JigyosyoCd=1372114767-00&ServiceCd=410&Type=search", "url2": null }, "geometry": { "type": "Point", "coordinates": [ 139.835202900000013, 35.788539 ] } },
{ "type": "Feature", "properties": { "内容": "日介センター竹の塚【特定福祉用具販売】東京都足立区竹の塚5-1-14", "url": "https://www.kaigokensaku.mhlw.go.jp/13/index.php?action_kouhyou_detail_004_kani=true&JigyosyoCd=1372114833-00&ServiceCd=410&Type=search", "url2": null }, "geometry": { "type": "Point", "coordinates": [ 139.797676700000011, 35.7936408 ] } },
{ "type": "Feature", "properties": { "内容": "やさしい手　住環境事業本部　東営業所【特定福祉用具販売】東京都足立区一ツ家1-22-21ウェルズ足立ﾊﾟｰﾄⅠ", "url": "https://www.kaigokensaku.mhlw.go.jp/13/index.php?action_kouhyou_detail_004_kani=true&JigyosyoCd=1371801885-00&ServiceCd=410&Type=search", "url2": "http://www.yasashiite.com" }, "geometry": { "type": "Point", "coordinates": [ 139.808956, 35.7829024 ] } },
{ "type": "Feature", "properties": { "内容": "株式会社ウメモトコーポレーション　介護用品の店　梅元【特定福祉用具販売】東京都足立区西新井栄町３丁目３番８号", "url": "https://www.kaigokensaku.mhlw.go.jp/13/index.php?action_kouhyou_detail_004_kani=true&JigyosyoCd=1372100592-00&ServiceCd=410&Type=search", "url2": "http://www.umemoto.co.jp" }, "geometry": { "type": "Point", "coordinates": [ 139.78450719447747, 35.775903328344967 ] } },
{ "type": "Feature", "properties": { "内容": "まごの手本店【特定福祉用具販売】東京都足立区足立4丁目37番11号", "url": "https://www.kaigokensaku.mhlw.go.jp/13/index.php?action_kouhyou_detail_004_kani=true&JigyosyoCd=1372100733-00&ServiceCd=410&Type=search", "url2": "http://www.magonote.com" }, "geometry": { "type": "Point", "coordinates": [ 139.808229, 35.7653935 ] } },
{ "type": "Feature", "properties": { "内容": "介護用品の店ゆいま～る【特定福祉用具販売】東京都足立区千住中居町１２-６", "url": "https://www.kaigokensaku.mhlw.go.jp/13/index.php?action_kouhyou_detail_004_kani=true&JigyosyoCd=1372101178-00&ServiceCd=410&Type=search", "url2": "http://www.kaigo-yuimaru.co.jp/" }, "geometry": { "type": "Point", "coordinates": [ 139.797078787467626, 35.749009907213924 ] } },
{ "type": "Feature", "properties": { "内容": "株式会社あおばライフケア【特定福祉用具販売】東京都足立区梅島3-33-1", "url": "https://www.kaigokensaku.mhlw.go.jp/13/index.php?action_kouhyou_detail_004_kani=true&JigyosyoCd=1372102804-00&ServiceCd=410&Type=search", "url2": "https://aoba-lifecare.com/" }, "geometry": { "type": "Point", "coordinates": [ 139.7921893, 35.7779632 ] } },
{ "type": "Feature", "properties": { "内容": "ヒラタ【特定福祉用具販売】東京都足立区鹿浜８－１１－５ロイヤルハイム小松原１０５号室", "url": "https://www.kaigokensaku.mhlw.go.jp/13/index.php?action_kouhyou_detail_004_kani=true&JigyosyoCd=1372104719-00&ServiceCd=410&Type=search", "url2": null }, "geometry": { "type": "Point", "coordinates": [ 139.762112800000068, 35.7883006 ] } },
{ "type": "Feature", "properties": { "内容": "レンタルサービスソラスト東東京【特定福祉用具販売】東京都足立区竹ノ塚1-30-20泰尚ビル３F", "url": "https://www.kaigokensaku.mhlw.go.jp/13/index.php?action_kouhyou_detail_004_kani=true&JigyosyoCd=1372107456-00&ServiceCd=410&Type=search", "url2": null }, "geometry": { "type": "Point", "coordinates": [ 139.791790600000013, 35.7922374 ] } },
{ "type": "Feature", "properties": { "内容": "株式会社　まごころ【特定福祉用具販売】東京都足立区関原3-33-5", "url": "https://www.kaigokensaku.mhlw.go.jp/13/index.php?action_kouhyou_detail_004_kani=true&JigyosyoCd=1372107589-00&ServiceCd=410&Type=search", "url2": null }, "geometry": { "type": "Point", "coordinates": [ 139.78578730000001, 35.7721438 ] } },
{ "type": "Feature", "properties": { "内容": "フランスベッド株式会社　メディカル足立営業所【特定福祉用具販売】東京都足立区宮城1-4-3", "url": "https://www.kaigokensaku.mhlw.go.jp/13/index.php?action_kouhyou_detail_004_kani=true&JigyosyoCd=1372107654-00&ServiceCd=410&Type=search", "url2": "http://www.francebed.co.jp" }, "geometry": { "type": "Point", "coordinates": [ 139.7537859, 35.7565567 ] } },
{ "type": "Feature", "properties": { "内容": "株式会社　フロンティア　足立営業所【特定福祉用具販売】東京都足立区竹の塚１－２７－１", "url": "https://www.kaigokensaku.mhlw.go.jp/13/index.php?action_kouhyou_detail_004_kani=true&JigyosyoCd=1372109338-00&ServiceCd=410&Type=search", "url2": "http://www.frontier-ph.com/" }, "geometry": { "type": "Point", "coordinates": [ 139.790356301930274, 35.791849548167221 ] } },
{ "type": "Feature", "properties": { "内容": "介護用品のハッコウ　足立営業所【特定福祉用具販売】東京都足立区南花畑2-46-6", "url": "https://www.kaigokensaku.mhlw.go.jp/13/index.php?action_kouhyou_detail_004_kani=true&JigyosyoCd=1372111748-00&ServiceCd=410&Type=search", "url2": null }, "geometry": { "type": "Point", "coordinates": [ 139.8185632, 35.7935867 ] } },
{ "type": "Feature", "properties": { "内容": "あっぷけあ大師参道【特定福祉用具販売】東京都足立区西新井1-8-2サイトウビル1階", "url": "https://www.kaigokensaku.mhlw.go.jp/13/index.php?action_kouhyou_detail_004_kani=true&JigyosyoCd=1372112639-00&ServiceCd=410&Type=search", "url2": "https://upcare.co.jp/pg3583578.html" }, "geometry": { "type": "Point", "coordinates": [ 139.779326200000014, 35.778646 ] } },
{ "type": "Feature", "properties": { "内容": "株式会社福祉協同サービス　足立営業所【特定福祉用具販売】東京都足立区柳原1-7-10", "url": "https://www.kaigokensaku.mhlw.go.jp/13/index.php?action_kouhyou_detail_004_kani=true&JigyosyoCd=1372113124-00&ServiceCd=410&Type=search", "url2": "http://www.fukushi-ks.com" }, "geometry": { "type": "Point", "coordinates": [ 139.812141371064001, 35.746460294404059 ] } },
{ "type": "Feature", "properties": { "内容": "株式会社アットホーム　足立営業所【特定福祉用具販売】東京都足立区六月２丁目３２番７号", "url": "https://www.kaigokensaku.mhlw.go.jp/13/index.php?action_kouhyou_detail_004_kani=true&JigyosyoCd=1372113579-00&ServiceCd=410&Type=search", "url2": "http://www.rsr-athome.com" }, "geometry": { "type": "Point", "coordinates": [ 139.7944468, 35.7879506 ] } },
{ "type": "Feature", "properties": { "内容": "ダスキンヘルスレント足立ステーション【特定福祉用具販売】東京都足立区六月1－13－7", "url": "https://www.kaigokensaku.mhlw.go.jp/13/index.php?action_kouhyou_detail_004_kani=true&JigyosyoCd=1372113611-00&ServiceCd=410&Type=search", "url2": "https://healthrent.duskin.jp/" }, "geometry": { "type": "Point", "coordinates": [ 139.7979882, 35.786444 ] } },
{ "type": "Feature", "properties": { "内容": "福祉用具ファストキャスト【特定福祉用具販売】東京都足立区六町2-7-17102", "url": "https://www.kaigokensaku.mhlw.go.jp/13/index.php?action_kouhyou_detail_004_kani=true&JigyosyoCd=1372113983-00&ServiceCd=410&Type=search", "url2": null }, "geometry": { "type": "Point", "coordinates": [ 139.818083699999988, 35.7839681 ] } },
{ "type": "Feature", "properties": { "内容": "あっぷけあ足立西【特定福祉用具販売】東京都足立区西新井1-5-3ウィステリア大師前２階", "url": "https://www.kaigokensaku.mhlw.go.jp/13/index.php?action_kouhyou_detail_004_kani=true&JigyosyoCd=1372112266-00&ServiceCd=410&Type=search", "url2": "https://upcare.co.jp/pg3532689" }, "geometry": { "type": "Point", "coordinates": [ 139.7805644, 35.778426 ] } },
{ "type": "Feature", "properties": { "内容": "LIFEマネジメント【特定福祉用具販売】東京都足立区竹の塚6-22-2ドリームコート201", "url": "https://www.kaigokensaku.mhlw.go.jp/13/index.php?action_kouhyou_detail_004_kani=true&JigyosyoCd=1372114874-00&ServiceCd=410&Type=search", "url2": "https://mgmt-life.jp/" }, "geometry": { "type": "Point", "coordinates": [ 139.7938773, 35.7964771 ] } },
{ "type": "Feature", "properties": { "内容": "株式会社トーカイ足立営業所【特定福祉用具販売】東京都足立区江北６－１１－１０", "url": "https://www.kaigokensaku.mhlw.go.jp/13/index.php?action_kouhyou_detail_004_kani=true&JigyosyoCd=1372109080-00&ServiceCd=410&Type=search", "url2": "http://www.tokai-corp.com/" }, "geometry": { "type": "Point", "coordinates": [ 139.766605700000014, 35.7803683 ] } },
{ "type": "Feature", "properties": { "内容": "すまサポ【特定福祉用具販売】東京都足立区綾瀬3-25-19", "url": "https://www.kaigokensaku.mhlw.go.jp/13/index.php?action_kouhyou_detail_004_kani=true&JigyosyoCd=1372106979-00&ServiceCd=410&Type=search", "url2": "https://sumai.panasonic.jp/agefree/map/detail.php?id=127" }, "geometry": { "type": "Point", "coordinates": [ 139.82779450000001, 35.7652919 ] } },
{ "type": "Feature", "properties": { "内容": "パナソニックエイジフリーショップ足立【特定福祉用具販売】東京都足立区新田1-17-3", "url": "https://www.kaigokensaku.mhlw.go.jp/13/index.php?action_kouhyou_detail_004_kani=true&JigyosyoCd=1372114940-00&ServiceCd=410&Type=search", "url2": "https://sumai.panasonic.jp/agefree/map/detail.php?id=127" }, "geometry": { "type": "Point", "coordinates": [ 139.739674, 35.7752488 ] } },
{ "type": "Feature", "properties": { "内容": "ケアフロー【特定福祉用具販売】東京都足立区梅島３丁目３３番６号エンブレム西新井２Ｆ－１５号室", "url": "https://www.kaigokensaku.mhlw.go.jp/13/index.php?action_kouhyou_detail_004_kani=true&JigyosyoCd=1372114965-00&ServiceCd=410&Type=search", "url2": null }, "geometry": { "type": "Point", "coordinates": [ 139.7913, 35.7781513 ] } },
{ "type": "Feature", "properties": { "内容": "アプリシェイト福祉用具ステーション【特定福祉用具販売】東京都足立区栗原3-1-4エスポワールKIJIMA502号室", "url": "https://www.kaigokensaku.mhlw.go.jp/13/index.php?action_kouhyou_detail_004_kani=true&JigyosyoCd=1372114973-00&ServiceCd=410&Type=search", "url2": null }, "geometry": { "type": "Point", "coordinates": [ 139.788653599999975, 35.7786779 ] } },
{ "type": "Feature", "properties": { "内容": "株式会社ヤマシタ　足立営業所【特定福祉用具販売】東京都足立区西綾瀬3-17-5URBAN201号室", "url": "https://www.kaigokensaku.mhlw.go.jp/13/index.php?action_kouhyou_detail_004_kani=true&JigyosyoCd=1372112563-00&ServiceCd=410&Type=search", "url2": "https://www.ycota.jp/" }, "geometry": { "type": "Point", "coordinates": [ 139.817882577598141, 35.763953231816885 ] } },
{ "type": "Feature", "properties": { "内容": "ケアリード【特定福祉用具販売】東京都足立区竹の塚一丁目３３番１０号", "url": "https://www.kaigokensaku.mhlw.go.jp/13/index.php?action_kouhyou_detail_004_kani=true&JigyosyoCd=1372112480-00&ServiceCd=410&Type=search", "url2": "http://www.wakaba-care.co.jp/" }, "geometry": { "type": "Point", "coordinates": [ 139.793643200000048, 35.7911681 ] } },
{ "type": "Feature", "properties": { "内容": "けんこうすまいる【特定福祉用具販売】東京都葛飾区宝町1-2-27", "url": "https://www.kaigokensaku.mhlw.go.jp/13/index.php?action_kouhyou_detail_004_kani=true&JigyosyoCd=1372209328-00&ServiceCd=410&Type=search", "url2": null }, "geometry": { "type": "Point", "coordinates": [ 139.8362045, 35.7411886 ] } },
{ "type": "Feature", "properties": { "内容": "福祉用具センターおにぎり【特定福祉用具販売】東京都葛飾区東水元5-11-8-2階", "url": "https://www.kaigokensaku.mhlw.go.jp/13/index.php?action_kouhyou_detail_004_kani=true&JigyosyoCd=1372209435-00&ServiceCd=410&Type=search", "url2": "http://ukoukoyao.com/" }, "geometry": { "type": "Point", "coordinates": [ 139.8652459, 35.7911409 ] } },
{ "type": "Feature", "properties": { "内容": "アビリティーズ・ケアネット株式会社　東京東営業所【特定福祉用具販売】東京都葛飾区白鳥1-8-10", "url": "https://www.kaigokensaku.mhlw.go.jp/13/index.php?action_kouhyou_detail_004_kani=true&JigyosyoCd=1372102473-00&ServiceCd=410&Type=search", "url2": "http://www.abilities.jp/" }, "geometry": { "type": "Point", "coordinates": [ 139.842982799999959, 35.7450218 ] } },
{ "type": "Feature", "properties": { "内容": "パナソニックエイジフリーショップ葛飾【特定福祉用具販売】東京都葛飾区金町４－１－２", "url": "https://www.kaigokensaku.mhlw.go.jp/13/index.php?action_kouhyou_detail_004_kani=true&JigyosyoCd=1372202109-00&ServiceCd=410&Type=search", "url2": "http://www.net-kaigo.com" }, "geometry": { "type": "Point", "coordinates": [ 139.863718699999907, 35.7631528 ] } },
{ "type": "Feature", "properties": { "内容": "介護ショップ　かがやき【特定福祉用具販売】東京都葛飾区西亀有4-16-15", "url": "https://www.kaigokensaku.mhlw.go.jp/13/index.php?action_kouhyou_detail_004_kani=true&JigyosyoCd=1372202323-00&ServiceCd=410&Type=search", "url2": "http://www.an-kaigo.com" }, "geometry": { "type": "Point", "coordinates": [ 139.841153800000029, 35.7657079 ] } },
{ "type": "Feature", "properties": { "内容": "ペアレント葛飾営業所【特定福祉用具販売】東京都葛飾区細田4-40-17", "url": "https://www.kaigokensaku.mhlw.go.jp/13/index.php?action_kouhyou_detail_004_kani=true&JigyosyoCd=1372206811-00&ServiceCd=410&Type=search", "url2": null }, "geometry": { "type": "Point", "coordinates": [ 139.87458, 35.742822 ] } },
{ "type": "Feature", "properties": { "内容": "ダスキンヘルスレント葛飾ステーション【特定福祉用具販売】東京都葛飾区立石5-9-10", "url": "https://www.kaigokensaku.mhlw.go.jp/13/index.php?action_kouhyou_detail_004_kani=true&JigyosyoCd=1372207181-00&ServiceCd=410&Type=search", "url2": "https://healthrent.duskin.jp/station/tokyo/katsushika.html" }, "geometry": { "type": "Point", "coordinates": [ 139.844626, 35.7428918 ] } },
{ "type": "Feature", "properties": { "内容": "スペースケア　東京第一営業所【特定福祉用具販売】東京都葛飾区奥戸8-13-11", "url": "https://www.kaigokensaku.mhlw.go.jp/13/index.php?action_kouhyou_detail_004_kani=true&JigyosyoCd=1372303378-00&ServiceCd=410&Type=search", "url2": "http://www.spacecare.co.jp" }, "geometry": { "type": "Point", "coordinates": [ 139.865917099999933, 35.7360452 ] } },
{ "type": "Feature", "properties": { "内容": "セントケアりまいん葛飾【特定福祉用具販売】東京都葛飾区高砂5-10-5シルバーハイツ高砂　1F", "url": "https://www.kaigokensaku.mhlw.go.jp/13/index.php?action_kouhyou_detail_004_kani=true&JigyosyoCd=1372203917-00&ServiceCd=410&Type=search", "url2": null }, "geometry": { "type": "Point", "coordinates": [ 139.8641409, 35.7519545 ] } },
{ "type": "Feature", "properties": { "内容": "㈱フロンティア葛飾営業所【特定福祉用具販売】東京都葛飾区金町1-3-5イーストアベニュー1階　100号室", "url": "https://www.kaigokensaku.mhlw.go.jp/13/index.php?action_kouhyou_detail_004_kani=true&JigyosyoCd=1372208023-00&ServiceCd=410&Type=search", "url2": "https://www.frontier-ph.com/main.cgi?c=5:1" }, "geometry": { "type": "Point", "coordinates": [ 139.865510399999948, 35.7611697 ] } },
{ "type": "Feature", "properties": { "内容": "モノライフ【特定福祉用具販売】東京都葛飾区東金町7-3-17グリーンパーク101", "url": "https://www.kaigokensaku.mhlw.go.jp/13/index.php?action_kouhyou_detail_004_kani=true&JigyosyoCd=1372207892-00&ServiceCd=410&Type=search", "url2": null }, "geometry": { "type": "Point", "coordinates": [ 139.878753400000051, 35.7757091 ] } },
{ "type": "Feature", "properties": { "内容": "福祉のニッカ葛飾営業所【特定福祉用具販売】東京都葛飾区亀有3-16-2セトビル403", "url": "https://www.kaigokensaku.mhlw.go.jp/13/index.php?action_kouhyou_detail_004_kani=true&JigyosyoCd=1370500488-00&ServiceCd=410&Type=search", "url2": "http://www.nikkamicron.co.jp" }, "geometry": { "type": "Point", "coordinates": [ 139.848274314054919, 35.763542317361754 ] } },
{ "type": "Feature", "properties": { "内容": "ライフサポートあんず【特定福祉用具販売】東京都葛飾区四つ木二丁目７番１０号", "url": "https://www.kaigokensaku.mhlw.go.jp/13/index.php?action_kouhyou_detail_004_kani=true&JigyosyoCd=1372209658-00&ServiceCd=410&Type=search", "url2": "https://japan-mercury.com/gh/" }, "geometry": { "type": "Point", "coordinates": [ 139.8372144, 35.735638 ] } },
{ "type": "Feature", "properties": { "内容": "株式会社東基城東営業所【特定福祉用具販売】東京都江戸川区松江5-7-22", "url": "https://www.kaigokensaku.mhlw.go.jp/13/index.php?action_kouhyou_detail_004_kani=true&JigyosyoCd=1372304715-00&ServiceCd=410&Type=search", "url2": "http://www.toki-net.co.jp" }, "geometry": { "type": "Point", "coordinates": [ 139.867627399999947, 35.6894983 ] } },
{ "type": "Feature", "properties": { "内容": "フランスベッド株式会社　メディカル江戸川営業所【特定福祉用具販売】東京都江戸川区船堀４－４－１１フェニックスガーデン１Ｆ", "url": "https://www.kaigokensaku.mhlw.go.jp/13/index.php?action_kouhyou_detail_004_kani=true&JigyosyoCd=1372305043-00&ServiceCd=410&Type=search", "url2": "http://www.francebed.co.jp/medical/index.html" }, "geometry": { "type": "Point", "coordinates": [ 139.867289174868745, 35.685346042844124 ] } },
{ "type": "Feature", "properties": { "内容": "福祉用具の三和【特定福祉用具販売】東京都江戸川区中葛西1-11-2", "url": "https://www.kaigokensaku.mhlw.go.jp/13/index.php?action_kouhyou_detail_004_kani=true&JigyosyoCd=1372311520-00&ServiceCd=410&Type=search", "url2": "https://sanwayakuhin.jimdofree.com/" }, "geometry": { "type": "Point", "coordinates": [ 139.867106, 35.6711561 ] } },
{ "type": "Feature", "properties": { "内容": "ケアレントのぞみ関東【特定福祉用具販売】東京都江戸川区南葛西6丁目2-27", "url": "https://www.kaigokensaku.mhlw.go.jp/13/index.php?action_kouhyou_detail_004_kani=true&JigyosyoCd=1372311538-00&ServiceCd=410&Type=search", "url2": "https://www.lamore.jp/" }, "geometry": { "type": "Point", "coordinates": [ 139.8766566, 35.6440539 ] } },
{ "type": "Feature", "properties": { "内容": "ふれあいプラザラビットレントアンドセールス【特定福祉用具販売】東京都江戸川区西葛西3-22-15", "url": "https://www.kaigokensaku.mhlw.go.jp/13/index.php?action_kouhyou_detail_004_kani=true&JigyosyoCd=1370200469-00&ServiceCd=410&Type=search", "url2": "http://www.rabbit-jp.net/" }, "geometry": { "type": "Point", "coordinates": [ 139.859326799999963, 35.6668159 ] } },
{ "type": "Feature", "properties": { "内容": "株式会社　共英【特定福祉用具販売】東京都江戸川区江戸川5-16-51", "url": "https://www.kaigokensaku.mhlw.go.jp/13/index.php?action_kouhyou_detail_004_kani=true&JigyosyoCd=1372301547-00&ServiceCd=410&Type=search", "url2": "http://kyoei1971.jp" }, "geometry": { "type": "Point", "coordinates": [ 139.880532200000061, 35.6752808 ] } },
{ "type": "Feature", "properties": { "内容": "トーリツ福祉用具　江戸川【特定福祉用具販売】東京都江戸川区松島1-41-7徳永ビル1F", "url": "https://www.kaigokensaku.mhlw.go.jp/13/index.php?action_kouhyou_detail_004_kani=true&JigyosyoCd=1372302057-00&ServiceCd=410&Type=search", "url2": "http://www.to-ritsu.co.jp" }, "geometry": { "type": "Point", "coordinates": [ 139.867557300000044, 35.7073373 ] } },
{ "type": "Feature", "properties": { "内容": "パナソニックエイジフリーショップ　小岩【特定福祉用具販売】東京都江戸川区西小岩２－１７－１ライオンズマンション西小岩第２　１０２号", "url": "https://www.kaigokensaku.mhlw.go.jp/13/index.php?action_kouhyou_detail_004_kani=true&JigyosyoCd=1372302289-00&ServiceCd=410&Type=search", "url2": "http://www15.ocn.ne.jp/~koiwaten/" }, "geometry": { "type": "Point", "coordinates": [ 139.8756386, 35.7342732 ] } },
{ "type": "Feature", "properties": { "内容": "パナソニックエイジフリー介護チェーン葛西【特定福祉用具販売】東京都江戸川区中葛西8-11-5シャルマン・ヴィラージュ１F", "url": "https://www.kaigokensaku.mhlw.go.jp/13/index.php?action_kouhyou_detail_004_kani=true&JigyosyoCd=1372302305-00&ServiceCd=410&Type=search", "url2": null }, "geometry": { "type": "Point", "coordinates": [ 139.871914, 35.6601319 ] } },
{ "type": "Feature", "properties": { "内容": "ダスキンヘルスレント江戸川ステーション【特定福祉用具販売】東京都江戸川区西瑞江5-4-31", "url": "https://www.kaigokensaku.mhlw.go.jp/13/index.php?action_kouhyou_detail_004_kani=true&JigyosyoCd=1372304004-00&ServiceCd=410&Type=search", "url2": "https://healthrent.duskin.jp/station/tokyo/edogawa.html" }, "geometry": { "type": "Point", "coordinates": [ 139.881234799999987, 35.6803603 ] } },
{ "type": "Feature", "properties": { "内容": "株式会社エイユウ（レンタルサポートエイユウ）【特定福祉用具販売】東京都江戸川区上一色3-13-15", "url": "https://www.kaigokensaku.mhlw.go.jp/13/index.php?action_kouhyou_detail_004_kani=true&JigyosyoCd=1372304681-00&ServiceCd=410&Type=search", "url2": null }, "geometry": { "type": "Point", "coordinates": [ 139.872026857672097, 35.7277164419286 ] } },
{ "type": "Feature", "properties": { "内容": "ユーケアplus【特定福祉用具販売】東京都江戸川区篠崎町4-13-131Ｆ", "url": "https://www.kaigokensaku.mhlw.go.jp/13/index.php?action_kouhyou_detail_004_kani=true&JigyosyoCd=1372305639-00&ServiceCd=410&Type=search", "url2": "http://www.united-care.net" }, "geometry": { "type": "Point", "coordinates": [ 139.911489165420562, 35.699077549923594 ] } },
{ "type": "Feature", "properties": { "内容": "株式会社ヤマシタ江戸川営業所【特定福祉用具販売】東京都江戸川区東小岩6-8-13東海第2ビル3階", "url": "https://www.kaigokensaku.mhlw.go.jp/13/index.php?action_kouhyou_detail_004_kani=true&JigyosyoCd=1372308666-00&ServiceCd=410&Type=search", "url2": "https://www.yco.co.jp/" }, "geometry": { "type": "Point", "coordinates": [ 139.886963899999955, 35.7336542 ] } },
{ "type": "Feature", "properties": { "内容": "シルバーはあと江戸川【特定福祉用具販売】東京都江戸川区中央1-3-1", "url": "https://www.kaigokensaku.mhlw.go.jp/13/index.php?action_kouhyou_detail_004_kani=true&JigyosyoCd=1372308948-00&ServiceCd=410&Type=search", "url2": "https://www.silver-heart.jp/" }, "geometry": { "type": "Point", "coordinates": [ 139.86808510000003, 35.705529200000015 ] } },
{ "type": "Feature", "properties": { "内容": "やまとcare【特定福祉用具販売】東京都江戸川区南小岩2-8-2　南小岩スタービル", "url": "https://www.kaigokensaku.mhlw.go.jp/13/index.php?action_kouhyou_detail_004_kani=true&JigyosyoCd=1372310621-00&ServiceCd=410&Type=search", "url2": "https://nadeshiko-care-plan.jp" }, "geometry": { "type": "Point", "coordinates": [ 139.887037744185733, 35.721427661189779 ] } },
{ "type": "Feature", "properties": { "内容": "介護の太助　江戸川店【特定福祉用具販売】東京都江戸川区北小岩2-34-1T.R.トリビュート101号室", "url": "https://www.kaigokensaku.mhlw.go.jp/13/index.php?action_kouhyou_detail_004_kani=true&JigyosyoCd=1372310688-00&ServiceCd=410&Type=search", "url2": "https://kaigo-tasuke.co.jp/" }, "geometry": { "type": "Point", "coordinates": [ 139.888364200000041, 35.7374624 ] } },
{ "type": "Feature", "properties": { "内容": "えるぷらん【特定福祉用具販売】東京都江戸川区鹿骨５－２６－７", "url": "https://www.kaigokensaku.mhlw.go.jp/13/index.php?action_kouhyou_detail_004_kani=true&JigyosyoCd=1372305902-00&ServiceCd=410&Type=search", "url2": null }, "geometry": { "type": "Point", "coordinates": [ 139.884907699999985, 35.7179422 ] } },
{ "type": "Feature", "properties": { "内容": "ケア・スポット【特定福祉用具販売】東京都江戸川区一之江5-17-7", "url": "https://www.kaigokensaku.mhlw.go.jp/13/index.php?action_kouhyou_detail_004_kani=true&JigyosyoCd=1372306223-00&ServiceCd=410&Type=search", "url2": "http://www.care-spot.co.jp" }, "geometry": { "type": "Point", "coordinates": [ 139.881602858669794, 35.6956265960849 ] } },
{ "type": "Feature", "properties": { "内容": "ユニオンケア【特定福祉用具販売】東京都江戸川区上一色2-12-10コーポ司　105", "url": "https://www.kaigokensaku.mhlw.go.jp/13/index.php?action_kouhyou_detail_004_kani=true&JigyosyoCd=1372309664-00&ServiceCd=410&Type=search", "url2": null }, "geometry": { "type": "Point", "coordinates": [ 139.873508500000071, 35.7269157 ] } },
{ "type": "Feature", "properties": { "内容": "株式会社トーカイ江戸川営業所【特定福祉用具販売】東京都江戸川区一之江4-7-2", "url": "https://www.kaigokensaku.mhlw.go.jp/13/index.php?action_kouhyou_detail_004_kani=true&JigyosyoCd=1372307858-00&ServiceCd=410&Type=search", "url2": "http://www.tokai-corp.com/" }, "geometry": { "type": "Point", "coordinates": [ 139.879348299999947, 35.69014 ] } },
{ "type": "Feature", "properties": { "内容": "わだつみ福祉用具サービス【特定福祉用具販売】東京都江戸川区瑞江2-22-5グリーンハウス下鎌田１階D室", "url": "https://www.kaigokensaku.mhlw.go.jp/13/index.php?action_kouhyou_detail_004_kani=true&JigyosyoCd=1372306355-00&ServiceCd=410&Type=search", "url2": "https://wadatsumi-s.com/" }, "geometry": { "type": "Point", "coordinates": [ 139.897929500000032, 35.695886200000011 ] } },
{ "type": "Feature", "properties": { "内容": "ニック株式会社江戸川営業所【特定福祉用具販売】東京都江戸川区平井1-9-7アルコデ石幡1階", "url": "https://www.kaigokensaku.mhlw.go.jp/13/index.php?action_kouhyou_detail_004_kani=true&JigyosyoCd=1372306538-00&ServiceCd=410&Type=search", "url2": "http://www.nick-corp.com/" }, "geometry": { "type": "Point", "coordinates": [ 139.8487318, 35.7017425 ] } },
{ "type": "Feature", "properties": { "内容": "株式会社クワバラ【特定福祉用具販売】東京都八王子市長房町492", "url": "https://www.kaigokensaku.mhlw.go.jp/13/index.php?action_kouhyou_detail_004_kani=true&JigyosyoCd=1372900470-00&ServiceCd=410&Type=search", "url2": "http://kuwabara-inc.jp" }, "geometry": { "type": "Point", "coordinates": [ 139.295969, 35.651466 ] } },
{ "type": "Feature", "properties": { "内容": "介護ショップ　ミニロクメイト【特定福祉用具販売】東京都八王子市元本郷町3-11-17", "url": "https://www.kaigokensaku.mhlw.go.jp/13/index.php?action_kouhyou_detail_004_kani=true&JigyosyoCd=1372902203-00&ServiceCd=410&Type=search", "url2": "https://www.yamaroku.co.jp/" }, "geometry": { "type": "Point", "coordinates": [ 139.3155514, 35.6638893 ] } },
{ "type": "Feature", "properties": { "内容": "福祉用具サービスこもれび【特定福祉用具販売】東京都八王子市叶谷町８９０－５", "url": "https://www.kaigokensaku.mhlw.go.jp/13/index.php?action_kouhyou_detail_004_kani=true&JigyosyoCd=1372905453-00&ServiceCd=410&Type=search", "url2": "www.hachisei.or.jp" }, "geometry": { "type": "Point", "coordinates": [ 139.298320900000022, 35.6714882 ] } },
{ "type": "Feature", "properties": { "内容": "介護ショップ多摩南【特定福祉用具販売】東京都八王子市上柚木1178", "url": "https://www.kaigokensaku.mhlw.go.jp/13/index.php?action_kouhyou_detail_004_kani=true&JigyosyoCd=1372909752-00&ServiceCd=410&Type=search", "url2": "https://www.tamaminami-pcs.com/" }, "geometry": { "type": "Point", "coordinates": [ 139.3707444, 35.6224929 ] } },
{ "type": "Feature", "properties": { "内容": "アイム福祉用具サービス【特定福祉用具販売】東京都八王子市堀之内3-4-12メゾンセレナイト601", "url": "https://www.kaigokensaku.mhlw.go.jp/13/index.php?action_kouhyou_detail_004_kani=true&JigyosyoCd=1372900579-00&ServiceCd=410&Type=search", "url2": "https://a-i-m-inc.co.jp/" }, "geometry": { "type": "Point", "coordinates": [ 139.40289, 35.6282222 ] } },
{ "type": "Feature", "properties": { "内容": "有限会社　十字会ケアステーション【特定福祉用具販売】東京都八王子市めじろ台2丁目1番地の1京王めじろ台マンションA棟1階", "url": "https://www.kaigokensaku.mhlw.go.jp/13/index.php?action_kouhyou_detail_004_kani=true&JigyosyoCd=1372901312-00&ServiceCd=410&Type=search", "url2": "http://www.eisei.or.jp/jyujikai/" }, "geometry": { "type": "Point", "coordinates": [ 139.3078382, 35.6431587 ] } },
{ "type": "Feature", "properties": { "内容": "アビリティーズ・ケアネット株式会社八王子営業所【特定福祉用具販売】東京都八王子市久保山町1-9-154", "url": "https://www.kaigokensaku.mhlw.go.jp/13/index.php?action_kouhyou_detail_004_kani=true&JigyosyoCd=1372903615-00&ServiceCd=410&Type=search", "url2": "http://www.abilities.jp" }, "geometry": { "type": "Point", "coordinates": [ 139.360357300000032, 35.6880221 ] } },
{ "type": "Feature", "properties": { "内容": "株式会社シルバー【特定福祉用具販売】東京都八王子市西片倉1-9-2", "url": "https://www.kaigokensaku.mhlw.go.jp/13/index.php?action_kouhyou_detail_004_kani=true&JigyosyoCd=1372903664-00&ServiceCd=410&Type=search", "url2": null }, "geometry": { "type": "Point", "coordinates": [ 139.3392852, 35.6384175 ] } },
{ "type": "Feature", "properties": { "内容": "フランスベッド株式会社メディカル八王子営業所【特定福祉用具販売】東京都八王子市大横町３－９", "url": "https://www.kaigokensaku.mhlw.go.jp/13/index.php?action_kouhyou_detail_004_kani=true&JigyosyoCd=1372904753-00&ServiceCd=410&Type=search", "url2": null }, "geometry": { "type": "Point", "coordinates": [ 139.329754500000035, 35.6633346 ] } },
{ "type": "Feature", "properties": { "内容": "株式会社フロンティア八王子営業所【特定福祉用具販売】東京都八王子市高倉町4-11", "url": "https://www.kaigokensaku.mhlw.go.jp/13/index.php?action_kouhyou_detail_004_kani=true&JigyosyoCd=1372907798-00&ServiceCd=410&Type=search", "url2": null }, "geometry": { "type": "Point", "coordinates": [ 139.363054199999965, 35.6671769 ] } },
{ "type": "Feature", "properties": { "内容": "シルバーサポート・八王子【特定福祉用具販売】東京都八王子市長房町405-1", "url": "https://www.kaigokensaku.mhlw.go.jp/13/index.php?action_kouhyou_detail_004_kani=true&JigyosyoCd=1372907889-00&ServiceCd=410&Type=search", "url2": "http://www.silver-support.co.jp/" }, "geometry": { "type": "Point", "coordinates": [ 139.3015925, 35.6578687 ] } },
{ "type": "Feature", "properties": { "内容": "パナソニックエイジフリーショップ八王子【特定福祉用具販売】東京都八王子市元本郷町2-9-22", "url": "https://www.kaigokensaku.mhlw.go.jp/13/index.php?action_kouhyou_detail_004_kani=true&JigyosyoCd=1372909281-00&ServiceCd=410&Type=search", "url2": "http://www.i-can.jp/care-service/index.html" }, "geometry": { "type": "Point", "coordinates": [ 139.318236972098816, 35.663842853143606 ] } },
{ "type": "Feature", "properties": { "内容": "株式会社ケイアイ　レンタル事業部【特定福祉用具販売】東京都八王子市大和田町3-10-12", "url": "https://www.kaigokensaku.mhlw.go.jp/13/index.php?action_kouhyou_detail_004_kani=true&JigyosyoCd=1373000759-00&ServiceCd=410&Type=search", "url2": "http://www.order-ki.co.jp/" }, "geometry": { "type": "Point", "coordinates": [ 139.353021073276267, 35.660552392895461 ] } },
{ "type": "Feature", "properties": { "内容": "医療法人社団　洋光会　ケアショップわかば【特定福祉用具販売】東京都八王子市北野町557-19メゾン根来102", "url": "https://www.kaigokensaku.mhlw.go.jp/13/index.php?action_kouhyou_detail_004_kani=true&JigyosyoCd=1372908663-00&ServiceCd=410&Type=search", "url2": null }, "geometry": { "type": "Point", "coordinates": [ 139.359116299999982, 35.6455847 ] } },
{ "type": "Feature", "properties": { "内容": "ベスト・ケアーレンタル事業部　八王子【特定福祉用具販売】東京都八王子市元八王子町1丁目488番3号", "url": "https://www.kaigokensaku.mhlw.go.jp/13/index.php?action_kouhyou_detail_004_kani=true&JigyosyoCd=1372909943-00&ServiceCd=410&Type=search", "url2": "https://www.bestcare-kaigo.jp/index.html" }, "geometry": { "type": "Point", "coordinates": [ 139.289879, 35.6658433 ] } },
{ "type": "Feature", "properties": { "内容": "ダスキンヘルスレント八王子ステーション【特定福祉用具販売】東京都八王子市大和田町5-16-1２F", "url": "https://www.kaigokensaku.mhlw.go.jp/13/index.php?action_kouhyou_detail_004_kani=true&JigyosyoCd=1372906386-00&ServiceCd=410&Type=search", "url2": null }, "geometry": { "type": "Point", "coordinates": [ 139.35238286758468, 35.664387999321136 ] } },
{ "type": "Feature", "properties": { "内容": "株式会社トーカイ　多摩営業所【特定福祉用具販売】東京都八王子市大和田町2-12-18", "url": "https://www.kaigokensaku.mhlw.go.jp/13/index.php?action_kouhyou_detail_004_kani=true&JigyosyoCd=1372902484-00&ServiceCd=410&Type=search", "url2": "http://www.tokai-corp.com/" }, "geometry": { "type": "Point", "coordinates": [ 139.359246399999961, 35.6609245 ] } },
{ "type": "Feature", "properties": { "内容": "株式会社ファミリー【特定福祉用具販売】東京都立川市錦町3－5－8　アデナ立川102", "url": "https://www.kaigokensaku.mhlw.go.jp/13/index.php?action_kouhyou_detail_004_kani=true&JigyosyoCd=1373400124-00&ServiceCd=410&Type=search", "url2": null }, "geometry": { "type": "Point", "coordinates": [ 139.4192214, 35.6929409 ] } },
{ "type": "Feature", "properties": { "内容": "株式会社　多摩健康企画【特定福祉用具販売】東京都立川市錦町１丁目２３番５号", "url": "https://www.kaigokensaku.mhlw.go.jp/13/index.php?action_kouhyou_detail_004_kani=true&JigyosyoCd=1373000486-00&ServiceCd=410&Type=search", "url2": null }, "geometry": { "type": "Point", "coordinates": [ 139.422875699999963, 35.6960388 ] } },
{ "type": "Feature", "properties": { "内容": "株式会社地域保健企画ふくじゅ草【特定福祉用具販売】東京都立川市錦町１－１７－１４", "url": "https://www.kaigokensaku.mhlw.go.jp/13/index.php?action_kouhyou_detail_004_kani=true&JigyosyoCd=1373000692-00&ServiceCd=410&Type=search", "url2": "http://www.miniren.net/hp" }, "geometry": { "type": "Point", "coordinates": [ 139.421911799999947, 35.6963193 ] } },
{ "type": "Feature", "properties": { "内容": "シルバーはあと立川【特定福祉用具販売】東京都立川市富士見町5-2-7クレストコート富士見１F", "url": "https://www.kaigokensaku.mhlw.go.jp/13/index.php?action_kouhyou_detail_004_kani=true&JigyosyoCd=1373002441-00&ServiceCd=410&Type=search", "url2": "https://www.silver-heart.jp/" }, "geometry": { "type": "Point", "coordinates": [ 139.40178949999995, 35.6979597 ] } },
{ "type": "Feature", "properties": { "内容": "株式会社フロンティア　立川営業所【特定福祉用具販売】東京都立川市栄町6-1立飛ビル6号館　102号室", "url": "https://www.kaigokensaku.mhlw.go.jp/13/index.php?action_kouhyou_detail_004_kani=true&JigyosyoCd=1373003563-00&ServiceCd=410&Type=search", "url2": "https://www.frontier-ph.com/" }, "geometry": { "type": "Point", "coordinates": [ 139.423129750926194, 35.715959960120699 ] } },
{ "type": "Feature", "properties": { "内容": "株式会社やさしい手　住環境事業本部　武蔵野営業所【特定福祉用具販売】東京都　武蔵野市　西久保3-18-14ローズマンション１階", "url": "https://www.kaigokensaku.mhlw.go.jp/13/index.php?action_kouhyou_detail_004_kani=true&JigyosyoCd=1371400928-00&ServiceCd=410&Type=search", "url2": "http://www.yasashiite.com" }, "geometry": { "type": "Point", "coordinates": [ 139.558931499999971, 35.7122751 ] } },
{ "type": "Feature", "properties": { "内容": "アビリティーズ・ケアネット株式会社　吉祥寺営業所【特定福祉用具販売】東京都武蔵野市吉祥寺本町3-11-1本町池田ビル1階", "url": "https://www.kaigokensaku.mhlw.go.jp/13/index.php?action_kouhyou_detail_004_kani=true&JigyosyoCd=1373300506-00&ServiceCd=410&Type=search", "url2": "http://www.abilities.jp/" }, "geometry": { "type": "Point", "coordinates": [ 139.571080247929359, 35.704924495489145 ] } },
{ "type": "Feature", "properties": { "内容": "株式会社　サカイ・ヘルスケアー三鷹店【特定福祉用具販売】東京都三鷹市下連雀9-3-15", "url": "https://www.kaigokensaku.mhlw.go.jp/13/index.php?action_kouhyou_detail_004_kani=true&JigyosyoCd=1373600178-00&ServiceCd=410&Type=search", "url2": "http://www.sakai-hc.co.jp" }, "geometry": { "type": "Point", "coordinates": [ 139.56204230000003, 35.6838907 ] } },
{ "type": "Feature", "properties": { "内容": "株式会社　三鷹ナース・ヘルパーセンター【特定福祉用具販売】東京都三鷹市上連雀７－８－２８", "url": "https://www.kaigokensaku.mhlw.go.jp/13/index.php?action_kouhyou_detail_004_kani=true&JigyosyoCd=1373600954-00&ServiceCd=410&Type=search", "url2": "http://mnhc.jp/" }, "geometry": { "type": "Point", "coordinates": [ 139.5529067, 35.6942032 ] } },
{ "type": "Feature", "properties": { "内容": "パナソニックエイジフリーショップ武蔵野三鷹【特定福祉用具販売】東京都三鷹市大沢４丁目１０－１９", "url": "https://www.kaigokensaku.mhlw.go.jp/13/index.php?action_kouhyou_detail_004_kani=true&JigyosyoCd=1373601945-00&ServiceCd=410&Type=search", "url2": "http://www.kaigoshop.net/musashino/" }, "geometry": { "type": "Point", "coordinates": [ 139.537714797971034, 35.669166971043246 ] } },
{ "type": "Feature", "properties": { "内容": "ダスキンヘルスレント三鷹ステーション【特定福祉用具販売】東京都三鷹市野崎1-14-4エクリーンミタカ101", "url": "https://www.kaigokensaku.mhlw.go.jp/13/index.php?action_kouhyou_detail_004_kani=true&JigyosyoCd=1373602125-00&ServiceCd=410&Type=search", "url2": "https://healthrent.duskin.jp/station/tokyo/mitaka.html" }, "geometry": { "type": "Point", "coordinates": [ 139.551879399999962, 35.6814242 ] } },
{ "type": "Feature", "properties": { "内容": "地域ケアサポートステーション　ここひろ青梅ここひろショップ【特定福祉用具販売】東京都青梅市1－816－10", "url": "https://www.kaigokensaku.mhlw.go.jp/13/index.php?action_kouhyou_detail_004_kani=true&JigyosyoCd=1372800969-00&ServiceCd=410&Type=search", "url2": "https://www.kokohiro.jp/" }, "geometry": { "type": "Point", "coordinates": [ 139.2757976, 35.788025 ] } },
{ "type": "Feature", "properties": { "内容": "ふれあい工房青梅営業所【特定福祉用具販売】東京都青梅市野上町4-5-7スカイハイツいせひろ102号室", "url": "https://www.kaigokensaku.mhlw.go.jp/13/index.php?action_kouhyou_detail_004_kani=true&JigyosyoCd=1372802098-00&ServiceCd=410&Type=search", "url2": "http://fureaikoubou.jp/" }, "geometry": { "type": "Point", "coordinates": [ 139.288418299999989, 35.7882853 ] } },
{ "type": "Feature", "properties": { "内容": "有限会社アイケアーサービス青梅【特定福祉用具販売】東京都青梅市東青梅一丁目7番地8", "url": "https://www.kaigokensaku.mhlw.go.jp/13/index.php?action_kouhyou_detail_004_kani=true&JigyosyoCd=1372800910-00&ServiceCd=410&Type=search", "url2": "http://www.ai-care.co.jp" }, "geometry": { "type": "Point", "coordinates": [ 139.27393, 35.7882429 ] } },
{ "type": "Feature", "properties": { "内容": "すりいでぃ府中【特定福祉用具販売】東京都府中市清水が丘3-29-4第2糟谷コーポ102", "url": "https://www.kaigokensaku.mhlw.go.jp/13/index.php?action_kouhyou_detail_004_kani=true&JigyosyoCd=1373804242-00&ServiceCd=410&Type=search", "url2": "http://www.three-dimension.com/" }, "geometry": { "type": "Point", "coordinates": [ 139.502543300000013, 35.665515 ] } },
{ "type": "Feature", "properties": { "内容": "パナソニックエイジフリーショップ府中【特定福祉用具販売】東京都府中市小柳町二丁目２９番地２シティコア内海１F", "url": "https://www.kaigokensaku.mhlw.go.jp/13/index.php?action_kouhyou_detail_004_kani=true&JigyosyoCd=1373803368-00&ServiceCd=410&Type=search", "url2": "http://sumai.panasonic.jp/agefree/shop/search/shop_detail.php?shop=970" }, "geometry": { "type": "Point", "coordinates": [ 139.5014122, 35.662093 ] } },
{ "type": "Feature", "properties": { "内容": "ＳＯＭＰＯケア　府中　福祉用具【特定福祉用具販売】東京都府中市宮西町2-16-2府中第一生命ビル2階", "url": "https://www.kaigokensaku.mhlw.go.jp/13/index.php?action_kouhyou_detail_004_kani=true&JigyosyoCd=1373803806-00&ServiceCd=410&Type=search", "url2": "https://www.sompocare.com" }, "geometry": { "type": "Point", "coordinates": [ 139.478105299999982, 35.669800100000018 ] } },
{ "type": "Feature", "properties": { "内容": "有限会社　ティー・オー・ピー　府中店【特定福祉用具販売】東京都府中市矢崎町4-1大東京綜合卸売センター456", "url": "https://www.kaigokensaku.mhlw.go.jp/13/index.php?action_kouhyou_detail_004_kani=true&JigyosyoCd=1373800554-00&ServiceCd=410&Type=search", "url2": null }, "geometry": { "type": "Point", "coordinates": [ 139.478542400000038, 35.658563 ] } },
{ "type": "Feature", "properties": { "内容": "フランスベッド株式会社メディカル府中営業所【特定福祉用具販売】東京都府中市府中町２－２３－１コーポ碧１０１", "url": "https://www.kaigokensaku.mhlw.go.jp/13/index.php?action_kouhyou_detail_004_kani=true&JigyosyoCd=1373803509-00&ServiceCd=410&Type=search", "url2": null }, "geometry": { "type": "Point", "coordinates": [ 139.484355, 35.6760561 ] } },
{ "type": "Feature", "properties": { "内容": "株式会社フロンティア府中営業所【特定福祉用具販売】東京都府中市片町3－33－2", "url": "https://www.kaigokensaku.mhlw.go.jp/13/index.php?action_kouhyou_detail_004_kani=true&JigyosyoCd=1373803962-00&ServiceCd=410&Type=search", "url2": "https://www.frontier-ph.com/" }, "geometry": { "type": "Point", "coordinates": [ 139.4687045, 35.6679114 ] } },
{ "type": "Feature", "properties": { "内容": "グッドケア【特定福祉用具販売】東京都府中市四谷4-52-31シティハイム小松原103", "url": "https://www.kaigokensaku.mhlw.go.jp/13/index.php?action_kouhyou_detail_004_kani=true&JigyosyoCd=1373804093-00&ServiceCd=410&Type=search", "url2": null }, "geometry": { "type": "Point", "coordinates": [ 139.4398151, 35.6684484 ] } },
{ "type": "Feature", "properties": { "内容": "ケア２１ライフプラス東京西部【特定福祉用具販売】東京都府中市分梅町五丁目30-1", "url": "https://www.kaigokensaku.mhlw.go.jp/13/index.php?action_kouhyou_detail_004_kani=true&JigyosyoCd=1374101200-00&ServiceCd=410&Type=search", "url2": "https://www.care21.co.jp/service/rental/lifeplus" }, "geometry": { "type": "Point", "coordinates": [ 139.4649133, 35.661380700000016 ] } },
{ "type": "Feature", "properties": { "内容": "ニック株式会社　府中営業所【特定福祉用具販売】東京都府中市清水が丘3-17-2", "url": "https://www.kaigokensaku.mhlw.go.jp/13/index.php?action_kouhyou_detail_004_kani=true&JigyosyoCd=1373802865-00&ServiceCd=410&Type=search", "url2": "https://www.nick-corp.com" }, "geometry": { "type": "Point", "coordinates": [ 139.501993199999987, 35.6666542 ] } },
{ "type": "Feature", "properties": { "内容": "パナソニックエイジフリーショップ　立川【特定福祉用具販売】東京都昭島市中神町3-8-28", "url": "https://www.kaigokensaku.mhlw.go.jp/13/index.php?action_kouhyou_detail_004_kani=true&JigyosyoCd=1373000999-00&ServiceCd=410&Type=search", "url2": "http://www.i-can.jp/care-service/index.html" }, "geometry": { "type": "Point", "coordinates": [ 139.370065859135707, 35.698418838437085 ] } },
{ "type": "Feature", "properties": { "内容": "株式会社サカイ・ヘルスケアー昭島店【特定福祉用具販売】東京都昭島市昭和町4-11-20", "url": "https://www.kaigokensaku.mhlw.go.jp/13/index.php?action_kouhyou_detail_004_kani=true&JigyosyoCd=1374000188-00&ServiceCd=410&Type=search", "url2": "http://www.sakai-hc.co.jp" }, "geometry": { "type": "Point", "coordinates": [ 139.3623695, 35.7116797 ] } },
{ "type": "Feature", "properties": { "内容": "西東京メディカル株式会社【特定福祉用具販売】東京都昭島市田中町2-28-43", "url": "https://www.kaigokensaku.mhlw.go.jp/13/index.php?action_kouhyou_detail_004_kani=true&JigyosyoCd=1374000253-00&ServiceCd=410&Type=search", "url2": "https://care-net.biz/13/nmedical/" }, "geometry": { "type": "Point", "coordinates": [ 139.351312399999983, 35.7050024 ] } },
{ "type": "Feature", "properties": { "内容": "有限会社　エイチビーエル【特定福祉用具販売】東京都昭島市中神町１１４５－３キマチビル１０１号", "url": "https://www.kaigokensaku.mhlw.go.jp/13/index.php?action_kouhyou_detail_004_kani=true&JigyosyoCd=1374000535-00&ServiceCd=410&Type=search", "url2": null }, "geometry": { "type": "Point", "coordinates": [ 139.376282599999968, 35.713952 ] } },
{ "type": "Feature", "properties": { "内容": "メディケアセンター昭島【特定福祉用具販売】東京都昭島市松原町2-12-11", "url": "https://www.kaigokensaku.mhlw.go.jp/13/index.php?action_kouhyou_detail_004_kani=true&JigyosyoCd=1374001533-00&ServiceCd=410&Type=search", "url2": "http://www.mc-tehart.com/" }, "geometry": { "type": "Point", "coordinates": [ 139.348728899999969, 35.7149817 ] } },
{ "type": "Feature", "properties": { "内容": "フランスベッド株式会社メディカル昭島営業所【特定福祉用具販売】東京都昭島市緑町5-19-10", "url": "https://www.kaigokensaku.mhlw.go.jp/13/index.php?action_kouhyou_detail_004_kani=true&JigyosyoCd=1374001897-00&ServiceCd=410&Type=search", "url2": null }, "geometry": { "type": "Point", "coordinates": [ 139.338201901203604, 35.71468676112238 ] } },
{ "type": "Feature", "properties": { "内容": "アースサポート調布【特定福祉用具販売】東京都調布市東つつじヶ丘1丁目5番2号", "url": "https://www.kaigokensaku.mhlw.go.jp/13/index.php?action_kouhyou_detail_004_kani=true&JigyosyoCd=1374200861-00&ServiceCd=410&Type=search", "url2": "https://www.earthsupport.co.jp" }, "geometry": { "type": "Point", "coordinates": [ 139.576053300000012, 35.6596633 ] } },
{ "type": "Feature", "properties": { "内容": "フランスベッド株式会社メディカル調布営業所【特定福祉用具販売】東京都調布市菊野台１－２－１", "url": "https://www.kaigokensaku.mhlw.go.jp/13/index.php?action_kouhyou_detail_004_kani=true&JigyosyoCd=1374201943-00&ServiceCd=410&Type=search", "url2": null }, "geometry": { "type": "Point", "coordinates": [ 139.562985600000047, 35.6534976 ] } },
{ "type": "Feature", "properties": { "内容": "ケアウェル調布店【特定福祉用具販売】東京都調布市深大寺南町5-46-4", "url": "https://www.kaigokensaku.mhlw.go.jp/13/index.php?action_kouhyou_detail_004_kani=true&JigyosyoCd=1374202727-00&ServiceCd=410&Type=search", "url2": "http://www.carewell.co.jp/" }, "geometry": { "type": "Point", "coordinates": [ 139.559727400000014, 35.6667758 ] } },
{ "type": "Feature", "properties": { "内容": "株式会社ヤマシタ調布営業所【特定福祉用具販売】東京都調布市布田1-45-6調布東口ビル201", "url": "https://www.kaigokensaku.mhlw.go.jp/13/index.php?action_kouhyou_detail_004_kani=true&JigyosyoCd=1374203576-00&ServiceCd=410&Type=search", "url2": "https://www.yco.co.jp" }, "geometry": { "type": "Point", "coordinates": [ 139.5456921, 35.6524355 ] } },
{ "type": "Feature", "properties": { "内容": "よつばの福祉用具【特定福祉用具販売】東京都町田市大蔵町245-1グリーンハイツ201", "url": "https://www.kaigokensaku.mhlw.go.jp/13/index.php?action_kouhyou_detail_004_kani=true&JigyosyoCd=1373207461-00&ServiceCd=410&Type=search", "url2": null }, "geometry": { "type": "Point", "coordinates": [ 139.473354, 35.584466300000017 ] } },
{ "type": "Feature", "properties": { "内容": "クリエーティブカミヤ株式会社　町田営業所【特定福祉用具販売】東京都町田市つくし野3-4-8", "url": "https://www.kaigokensaku.mhlw.go.jp/13/index.php?action_kouhyou_detail_004_kani=true&JigyosyoCd=1373201399-00&ServiceCd=410&Type=search", "url2": "http://www.c-kamiya.co.jp/" }, "geometry": { "type": "Point", "coordinates": [ 139.481543920290932, 35.523327090950126 ] } },
{ "type": "Feature", "properties": { "内容": "ネクスタス東京株式会社　町田営業所【特定福祉用具販売】東京都町田市金井8丁目17-3", "url": "https://www.kaigokensaku.mhlw.go.jp/13/index.php?action_kouhyou_detail_004_kani=true&JigyosyoCd=1373200920-00&ServiceCd=410&Type=search", "url2": "https://www.nextus-japan.com/" }, "geometry": { "type": "Point", "coordinates": [ 139.469195820237729, 35.576958029068166 ] } },
{ "type": "Feature", "properties": { "内容": "株式会社イノベイションオブメディカルサービス　町田営業所【特定福祉用具販売】東京都町田市野津田町1060", "url": "https://www.kaigokensaku.mhlw.go.jp/13/index.php?action_kouhyou_detail_004_kani=true&JigyosyoCd=1373204674-00&ServiceCd=410&Type=search", "url2": "http://www.ims-inc.co.jp/" }, "geometry": { "type": "Point", "coordinates": [ 139.45586579999997, 35.5884964 ] } },
{ "type": "Feature", "properties": { "内容": "シェアーズ【特定福祉用具販売】東京都町田市山崎町2200山崎団地3-18-108", "url": "https://www.kaigokensaku.mhlw.go.jp/13/index.php?action_kouhyou_detail_004_kani=true&JigyosyoCd=1373205457-00&ServiceCd=410&Type=search", "url2": null }, "geometry": { "type": "Point", "coordinates": [ 139.435663225547842, 35.56866930835951 ] } },
{ "type": "Feature", "properties": { "内容": "＆ココシア介護サービス【特定福祉用具販売】東京都町田市小川1-13-20ハロービズハウス町田小川6号室", "url": "https://www.kaigokensaku.mhlw.go.jp/13/index.php?action_kouhyou_detail_004_kani=true&JigyosyoCd=1373207008-00&ServiceCd=410&Type=search", "url2": "https://cocoxia.biz/" }, "geometry": { "type": "Point", "coordinates": [ 139.476476, 35.5286709 ] } },
{ "type": "Feature", "properties": { "内容": "フランスベッド株式会社メディカル町田営業所【特定福祉用具販売】東京都町田市原町田2-3-1守屋ビル103号", "url": "https://www.kaigokensaku.mhlw.go.jp/13/index.php?action_kouhyou_detail_004_kani=true&JigyosyoCd=1373204294-00&ServiceCd=410&Type=search", "url2": "https://www.francebed.co.jp/" }, "geometry": { "type": "Point", "coordinates": [ 139.452493256902386, 35.539113114580481 ] } },
{ "type": "Feature", "properties": { "内容": "介護ショップすまいふる町田相模原【特定福祉用具販売】東京都町田市忠生4-9-1町田ガス㈱本社ビル3F", "url": "https://www.kaigokensaku.mhlw.go.jp/13/index.php?action_kouhyou_detail_004_kani=true&JigyosyoCd=1373201647-00&ServiceCd=410&Type=search", "url2": "https://machida-gas.co.jp/" }, "geometry": { "type": "Point", "coordinates": [ 139.408966751567846, 35.579196860050665 ] } },
{ "type": "Feature", "properties": { "内容": "さわやかケア町田・福祉用具【特定福祉用具販売】東京都町田市森野4-17-23渋谷ビル2階-A", "url": "https://www.kaigokensaku.mhlw.go.jp/13/index.php?action_kouhyou_detail_004_kani=true&JigyosyoCd=1373203866-00&ServiceCd=410&Type=search", "url2": "http://www.welcia-partners.co.jp" }, "geometry": { "type": "Point", "coordinates": [ 139.435857700000014, 35.5549197 ] } },
{ "type": "Feature", "properties": { "内容": "株式会社トーカイ　町田支店【特定福祉用具販売】東京都町田市小川6-26-48", "url": "https://www.kaigokensaku.mhlw.go.jp/13/index.php?action_kouhyou_detail_004_kani=true&JigyosyoCd=1373204070-00&ServiceCd=410&Type=search", "url2": "http://www.tokai-corp.com/" }, "geometry": { "type": "Point", "coordinates": [ 139.474275700000021, 35.5186401 ] } },
{ "type": "Feature", "properties": { "内容": "Re・Try【特定福祉用具販売】東京都小金井市桜町2-1-42日生住宅小金井マンション101", "url": "https://www.kaigokensaku.mhlw.go.jp/13/index.php?action_kouhyou_detail_004_kani=true&JigyosyoCd=1374101952-00&ServiceCd=410&Type=search", "url2": "https://retry-web.jimdosite.com/" }, "geometry": { "type": "Point", "coordinates": [ 139.507646, 35.7104095 ] } },
{ "type": "Feature", "properties": { "内容": "株式会社クリエイティブオフィス【特定福祉用具販売】東京都小平市津田町２丁目２番５号阿部工業ビル", "url": "https://www.kaigokensaku.mhlw.go.jp/13/index.php?action_kouhyou_detail_004_kani=true&JigyosyoCd=1374300687-00&ServiceCd=410&Type=search", "url2": "http://www.creative-office.co.jp/" }, "geometry": { "type": "Point", "coordinates": [ 139.465374658266484, 35.724487533122876 ] } },
{ "type": "Feature", "properties": { "内容": "フランスベッド株式会社　メディカル小平営業所【特定福祉用具販売】東京都小平市天神町4-1-1メディカレント東京3F", "url": "https://www.kaigokensaku.mhlw.go.jp/13/index.php?action_kouhyou_detail_004_kani=true&JigyosyoCd=1374303574-00&ServiceCd=410&Type=search", "url2": "http://www.francebed.co.jp" }, "geometry": { "type": "Point", "coordinates": [ 139.4963166, 35.727032800000018 ] } },
{ "type": "Feature", "properties": { "内容": "けやきサポート多摩【特定福祉用具販売】東京都小平市小川町1-459-10サルーンマンションオザキ", "url": "https://www.kaigokensaku.mhlw.go.jp/13/index.php?action_kouhyou_detail_004_kani=true&JigyosyoCd=1374303095-00&ServiceCd=410&Type=search", "url2": null }, "geometry": { "type": "Point", "coordinates": [ 139.442358694012455, 35.73040944211894 ] } },
{ "type": "Feature", "properties": { "内容": "ハピネスパートナー【特定福祉用具販売】東京都小平市学園西町1-2-28", "url": "https://www.kaigokensaku.mhlw.go.jp/13/index.php?action_kouhyou_detail_004_kani=true&JigyosyoCd=1374301610-00&ServiceCd=410&Type=search", "url2": "http://www.happiness-partner.jp" }, "geometry": { "type": "Point", "coordinates": [ 139.480084199999965, 35.7173149 ] } },
{ "type": "Feature", "properties": { "内容": "たぐケアショップ【特定福祉用具販売】東京都日野市東豊田2-13-32F", "url": "https://www.kaigokensaku.mhlw.go.jp/13/index.php?action_kouhyou_detail_004_kani=true&JigyosyoCd=1373503125-00&ServiceCd=410&Type=search", "url2": null }, "geometry": { "type": "Point", "coordinates": [ 139.3911186, 35.661205699999989 ] } },
{ "type": "Feature", "properties": { "内容": "介護の三ツ矢天狗【特定福祉用具販売】東京都日野市東平山2-10-14", "url": "https://www.kaigokensaku.mhlw.go.jp/13/index.php?action_kouhyou_detail_004_kani=true&JigyosyoCd=1373503265-00&ServiceCd=410&Type=search", "url2": "https://www.yuzawa-kikaku.co.jp/" }, "geometry": { "type": "Point", "coordinates": [ 139.377705893917863, 35.65232751344675 ] } },
{ "type": "Feature", "properties": { "内容": "ふれあい介護ショップりんりん【特定福祉用具販売】東京都日野市多摩平4-1-18", "url": "https://www.kaigokensaku.mhlw.go.jp/13/index.php?action_kouhyou_detail_004_kani=true&JigyosyoCd=1373500386-00&ServiceCd=410&Type=search", "url2": "http://www.rinrin-hino.com" }, "geometry": { "type": "Point", "coordinates": [ 139.379102900000021, 35.6650129 ] } },
{ "type": "Feature", "properties": { "内容": "パナソニックエイジフリーショップ日野【特定福祉用具販売】東京都日野市多摩平３丁目２番１３", "url": "https://www.kaigokensaku.mhlw.go.jp/13/index.php?action_kouhyou_detail_004_kani=true&JigyosyoCd=1373500634-00&ServiceCd=410&Type=search", "url2": "http://www.i-can.jp/kaigo/" }, "geometry": { "type": "Point", "coordinates": [ 139.377486200000021, 35.6665933 ] } },
{ "type": "Feature", "properties": { "内容": "ひまわり館多摩営業所【特定福祉用具販売】東京都日野市多摩平1-14-100", "url": "https://www.kaigokensaku.mhlw.go.jp/13/index.php?action_kouhyou_detail_004_kani=true&JigyosyoCd=1373502663-00&ServiceCd=410&Type=search", "url2": "https://www.himawarikan.co.jp/base/tama/" }, "geometry": { "type": "Point", "coordinates": [ 139.378770172491357, 35.660508314384415 ] } },
{ "type": "Feature", "properties": { "内容": "ニック株式会社多摩営業所【特定福祉用具販売】東京都日野市東豊田3-11-6", "url": "https://www.kaigokensaku.mhlw.go.jp/13/index.php?action_kouhyou_detail_004_kani=true&JigyosyoCd=1373500188-00&ServiceCd=410&Type=search", "url2": "http://www.nick-corp.com/" }, "geometry": { "type": "Point", "coordinates": [ 139.385413500000027, 35.6632659 ] } },
{ "type": "Feature", "properties": { "内容": "ふれあい工房　東村山営業所【特定福祉用具販売】東京都東村山市本町4丁目12番地9アメニティ・パレスM101号室", "url": "https://www.kaigokensaku.mhlw.go.jp/13/index.php?action_kouhyou_detail_004_kani=true&JigyosyoCd=1372700995-00&ServiceCd=410&Type=search", "url2": "http://fureaikoubou.jp/" }, "geometry": { "type": "Point", "coordinates": [ 139.471321795770223, 35.752395268543921 ] } },
{ "type": "Feature", "properties": { "内容": "シンヨーケアサービス【特定福祉用具販売】東京都東村山市本町4-3-5", "url": "https://www.kaigokensaku.mhlw.go.jp/13/index.php?action_kouhyou_detail_004_kani=true&JigyosyoCd=1372700474-00&ServiceCd=410&Type=search", "url2": "http://sinyocare.co.jp" }, "geometry": { "type": "Point", "coordinates": [ 139.4709818, 35.752318 ] } },
{ "type": "Feature", "properties": { "内容": "フランスベッド株式会社メディカル東村山営業所【特定福祉用具販売】東京都東村山市野口町1-4-38", "url": "https://www.kaigokensaku.mhlw.go.jp/13/index.php?action_kouhyou_detail_004_kani=true&JigyosyoCd=1372701290-00&ServiceCd=410&Type=search", "url2": null }, "geometry": { "type": "Point", "coordinates": [ 139.466108599999984, 35.7633931 ] } },
{ "type": "Feature", "properties": { "内容": "ダスキンヘルスレント北多摩ステーション【特定福祉用具販売】東京都東村山市栄町１－１１－３７", "url": "https://www.kaigokensaku.mhlw.go.jp/13/index.php?action_kouhyou_detail_004_kani=true&JigyosyoCd=1372702132-00&ServiceCd=410&Type=search", "url2": null }, "geometry": { "type": "Point", "coordinates": [ 139.474811100000011, 35.7483614 ] } },
{ "type": "Feature", "properties": { "内容": "株式会社ヤマシタ　国分寺営業所【特定福祉用具販売】東京都国分寺市日吉町3-1-19", "url": "https://www.kaigokensaku.mhlw.go.jp/13/index.php?action_kouhyou_detail_004_kani=true&JigyosyoCd=1373800125-00&ServiceCd=410&Type=search", "url2": "http://www.yco.co.jp" }, "geometry": { "type": "Point", "coordinates": [ 139.459421647055024, 35.704465962919684 ] } },
{ "type": "Feature", "properties": { "内容": "福祉用具猫の手【特定福祉用具販売】東京都国分寺市西恋ヶ窪1-43-3第二立石荘106", "url": "https://www.kaigokensaku.mhlw.go.jp/13/index.php?action_kouhyou_detail_004_kani=true&JigyosyoCd=1373102126-00&ServiceCd=410&Type=search", "url2": "https://nekonote20200831.amebaownd.com/" }, "geometry": { "type": "Point", "coordinates": [ 139.4673799, 35.703232 ] } },
{ "type": "Feature", "properties": { "内容": "すりいでぃ国立【特定福祉用具販売】東京都国立市富士見台2-2-5サンフォーレ国立101", "url": "https://www.kaigokensaku.mhlw.go.jp/13/index.php?action_kouhyou_detail_004_kani=true&JigyosyoCd=1373400496-00&ServiceCd=410&Type=search", "url2": "http://www.three-dimension.com/" }, "geometry": { "type": "Point", "coordinates": [ 139.4470374, 35.6852561 ] } },
{ "type": "Feature", "properties": { "内容": "株式会社　イノベイションオブメディカルサービス　国立営業所【特定福祉用具販売】東京都国立市泉3-26-17", "url": "https://www.kaigokensaku.mhlw.go.jp/13/index.php?action_kouhyou_detail_004_kani=true&JigyosyoCd=1373400959-00&ServiceCd=410&Type=search", "url2": "http://www.ims-inc.co.jp/" }, "geometry": { "type": "Point", "coordinates": [ 139.42654820000007, 35.678221 ] } },
{ "type": "Feature", "properties": { "内容": "つくし【特定福祉用具販売】東京都福生市志茂14-1ロードサイド福生B号室", "url": "https://www.kaigokensaku.mhlw.go.jp/13/index.php?action_kouhyou_detail_004_kani=true&JigyosyoCd=1374401014-00&ServiceCd=410&Type=search", "url2": null }, "geometry": { "type": "Point", "coordinates": [ 139.329106494318296, 35.735037091119565 ] } },
{ "type": "Feature", "properties": { "内容": "シルバーはあと福生【特定福祉用具販売】東京都福生市志茂57-1", "url": "https://www.kaigokensaku.mhlw.go.jp/13/index.php?action_kouhyou_detail_004_kani=true&JigyosyoCd=1374400792-00&ServiceCd=410&Type=search", "url2": "https://www.silver-heart.jp/" }, "geometry": { "type": "Point", "coordinates": [ 139.32945159999997, 35.7349343 ] } },
{ "type": "Feature", "properties": { "内容": "ケイホスピア株式会社　多摩川営業所【特定福祉用具販売】東京都狛江市和泉本町4-9-51F", "url": "https://www.kaigokensaku.mhlw.go.jp/13/index.php?action_kouhyou_detail_004_kani=true&JigyosyoCd=1374501458-00&ServiceCd=410&Type=search", "url2": "http://www.hospia.co.jp" }, "geometry": { "type": "Point", "coordinates": [ 139.568522699999988, 35.6423911 ] } },
{ "type": "Feature", "properties": { "内容": "村山大和レンタルケアステーション【特定福祉用具販売】東京都東大和市南街2-49-3", "url": "https://www.kaigokensaku.mhlw.go.jp/13/index.php?action_kouhyou_detail_004_kani=true&JigyosyoCd=1374601001-00&ServiceCd=410&Type=search", "url2": "https://www.yamatokai.or.jp/supportcenter/service/rental.html" }, "geometry": { "type": "Point", "coordinates": [ 139.4313706, 35.7402613 ] } },
{ "type": "Feature", "properties": { "内容": "株式会社イノベイションオブメディカルサービス東大和営業所【特定福祉用具販売】東京都東大和市向原4-34-7", "url": "https://www.kaigokensaku.mhlw.go.jp/13/index.php?action_kouhyou_detail_004_kani=true&JigyosyoCd=1374601035-00&ServiceCd=410&Type=search", "url2": "http://www.ims-inc.co.jp/" }, "geometry": { "type": "Point", "coordinates": [ 139.444386399999985, 35.7357009 ] } },
{ "type": "Feature", "properties": { "内容": "ショップホームケアセンターイワサキ【特定福祉用具販売】東京都清瀬市中里3-1118-1", "url": "https://www.kaigokensaku.mhlw.go.jp/13/index.php?action_kouhyou_detail_004_kani=true&JigyosyoCd=1374700902-00&ServiceCd=410&Type=search", "url2": "http://www.hcc-iwasaki.co.jp" }, "geometry": { "type": "Point", "coordinates": [ 139.515937642327913, 35.782353575104949 ] } },
{ "type": "Feature", "properties": { "内容": "パナソニックエイジフリーショップ花小金井【特定福祉用具販売】東京都東久留米市南町１－１２－６４", "url": "https://www.kaigokensaku.mhlw.go.jp/13/index.php?action_kouhyou_detail_004_kani=true&JigyosyoCd=1374301008-00&ServiceCd=410&Type=search", "url2": "http://www.medical-station.jp" }, "geometry": { "type": "Point", "coordinates": [ 139.528853700000013, 35.7407497 ] } },
{ "type": "Feature", "properties": { "内容": "ふれあい工房東久留米営業所【特定福祉用具販売】東京都東久留米市前沢4-9-6小寺ビルE号", "url": "https://www.kaigokensaku.mhlw.go.jp/13/index.php?action_kouhyou_detail_004_kani=true&JigyosyoCd=1374801643-00&ServiceCd=410&Type=search", "url2": "http://fureaikoubou.jp/" }, "geometry": { "type": "Point", "coordinates": [ 139.512171200000012, 35.7424101 ] } },
{ "type": "Feature", "properties": { "内容": "株式会社CUDDLEUP【特定福祉用具販売】東京都武蔵村山市三ツ木２丁目44番26号ドミール102", "url": "https://www.kaigokensaku.mhlw.go.jp/13/index.php?action_kouhyou_detail_004_kani=true&JigyosyoCd=1374901526-00&ServiceCd=410&Type=search", "url2": null }, "geometry": { "type": "Point", "coordinates": [ 139.3704783, 35.7593689 ] } },
{ "type": "Feature", "properties": { "内容": "株式会社シルバーアシスト【特定福祉用具販売】東京都多摩市落合3-9-1小山ハイツ1Ｆ", "url": "https://www.kaigokensaku.mhlw.go.jp/13/index.php?action_kouhyou_detail_004_kani=true&JigyosyoCd=1375000492-00&ServiceCd=410&Type=search", "url2": "http://www.kaigo21.co.jp" }, "geometry": { "type": "Point", "coordinates": [ 139.428233799999987, 35.6202017 ] } },
{ "type": "Feature", "properties": { "内容": "ダスキンヘルスレント多摩東ステーション【特定福祉用具販売】東京都多摩市落合1-21-10", "url": "https://www.kaigokensaku.mhlw.go.jp/13/index.php?action_kouhyou_detail_004_kani=true&JigyosyoCd=1375000724-00&ServiceCd=410&Type=search", "url2": "http://healthrent.duskin.jp/" }, "geometry": { "type": "Point", "coordinates": [ 139.431013200000052, 35.6237973 ] } },
{ "type": "Feature", "properties": { "内容": "株式会社　シーエス　ぬくもり工房【特定福祉用具販売】東京都多摩市鶴牧2-21-13ペアタウン多摩A101", "url": "https://www.kaigokensaku.mhlw.go.jp/13/index.php?action_kouhyou_detail_004_kani=true&JigyosyoCd=1375001003-00&ServiceCd=410&Type=search", "url2": null }, "geometry": { "type": "Point", "coordinates": [ 139.414586699999973, 35.6183624 ] } },
{ "type": "Feature", "properties": { "内容": "介護ショップ　すまいふる【特定福祉用具販売】東京都多摩市関戸6-4-12１階", "url": "https://www.kaigokensaku.mhlw.go.jp/13/index.php?action_kouhyou_detail_004_kani=true&JigyosyoCd=1375001805-00&ServiceCd=410&Type=search", "url2": null }, "geometry": { "type": "Point", "coordinates": [ 139.4492119, 35.6376608 ] } },
{ "type": "Feature", "properties": { "内容": "株式会社みとも商会【特定福祉用具販売】東京都羽村市五ノ神1-8-5", "url": "https://www.kaigokensaku.mhlw.go.jp/13/index.php?action_kouhyou_detail_004_kani=true&JigyosyoCd=1372400703-00&ServiceCd=410&Type=search", "url2": "http://www.gws.ne.jp/home/mitomo/" }, "geometry": { "type": "Point", "coordinates": [ 139.316785200000027, 35.7576701 ] } },
{ "type": "Feature", "properties": { "内容": "井龍ファンライフ【特定福祉用具販売】東京都あきる野市五日市１４８", "url": "https://www.kaigokensaku.mhlw.go.jp/13/index.php?action_kouhyou_detail_004_kani=true&JigyosyoCd=1375200910-00&ServiceCd=410&Type=search", "url2": null }, "geometry": { "type": "Point", "coordinates": [ 139.225351, 35.7301259 ] } },
{ "type": "Feature", "properties": { "内容": "ダスキンヘルスレント多摩西ステーション【特定福祉用具販売】東京都あきる野市下代継２９３番１１号", "url": "https://www.kaigokensaku.mhlw.go.jp/13/index.php?action_kouhyou_detail_004_kani=true&JigyosyoCd=1374400420-00&ServiceCd=410&Type=search", "url2": "http://healthrent.duskin.jp/" }, "geometry": { "type": "Point", "coordinates": [ 139.276723800000013, 35.7247313 ] } },
{ "type": "Feature", "properties": { "内容": "有限会社せせらぎ【特定福祉用具販売】東京都あきる野市油平172-2", "url": "https://www.kaigokensaku.mhlw.go.jp/13/index.php?action_kouhyou_detail_004_kani=true&JigyosyoCd=1375200035-00&ServiceCd=410&Type=search", "url2": null }, "geometry": { "type": "Point", "coordinates": [ 139.284570300000013, 35.7234629 ] } },
{ "type": "Feature", "properties": { "内容": "株式会社あかつき【特定福祉用具販売】東京都あきる野市秋留1-1-10", "url": "https://www.kaigokensaku.mhlw.go.jp/13/index.php?action_kouhyou_detail_004_kani=true&JigyosyoCd=1375200928-00&ServiceCd=410&Type=search", "url2": "https://www.akatsuki-akiruno.com/" }, "geometry": { "type": "Point", "coordinates": [ 139.29889129999998, 35.7231045 ] } },
{ "type": "Feature", "properties": { "内容": "株式会社ふれあい広場　西東京田無店【特定福祉用具販売】東京都西東京市南町6-10-13", "url": "https://www.kaigokensaku.mhlw.go.jp/13/index.php?action_kouhyou_detail_004_kani=true&JigyosyoCd=1375424460-00&ServiceCd=410&Type=search", "url2": "http://www.fureai-hiroba.co.jp/" }, "geometry": { "type": "Point", "coordinates": [ 139.531504743407339, 35.725703872392742 ] } },
{ "type": "Feature", "properties": { "内容": "フランスベッド(株)メディカル田無営業所【特定福祉用具販売】東京都西東京市南町6-7-131F", "url": "https://www.kaigokensaku.mhlw.go.jp/13/index.php?action_kouhyou_detail_004_kani=true&JigyosyoCd=1375400965-00&ServiceCd=410&Type=search", "url2": "http://www.francebed.co.jp/" }, "geometry": { "type": "Point", "coordinates": [ 139.529589082953464, 35.722878787695741 ] } },
{ "type": "Feature", "properties": { "内容": "トリポッド【特定福祉用具販売】東京都西東京市田無町1-7-10キャラ田無1階", "url": "https://www.kaigokensaku.mhlw.go.jp/13/index.php?action_kouhyou_detail_004_kani=true&JigyosyoCd=1375425301-00&ServiceCd=410&Type=search", "url2": null }, "geometry": { "type": "Point", "coordinates": [ 139.546150799999964, 35.729918300000016 ] } },
{ "type": "Feature", "properties": { "内容": "日本ウイール・チェアー株式会社レンタル事業部【特定福祉用具販売】東京都西東京市芝久保町2-22-31", "url": "https://www.kaigokensaku.mhlw.go.jp/13/index.php?action_kouhyou_detail_004_kani=true&JigyosyoCd=1373900354-00&ServiceCd=410&Type=search", "url2": "http://nwc-kurumaisu.com/" }, "geometry": { "type": "Point", "coordinates": [ 139.520402100000013, 35.7259391 ] } },
{ "type": "Feature", "properties": { "内容": "株式会社フロンティア西東京営業所【特定福祉用具販売】東京都西東京市保谷町3-14-20", "url": "https://www.kaigokensaku.mhlw.go.jp/13/index.php?action_kouhyou_detail_004_kani=true&JigyosyoCd=1375424346-00&ServiceCd=410&Type=search", "url2": "http://www.frontier-ph.com" }, "geometry": { "type": "Point", "coordinates": [ 139.552321500000062, 35.7300322 ] } },
{ "type": "Feature", "properties": { "内容": "ケアレンタルセンター椿☆保谷【特定福祉用具販売】東京都西東京市中町2-3-2", "url": "https://www.kaigokensaku.mhlw.go.jp/13/index.php?action_kouhyou_detail_004_kani=true&JigyosyoCd=1375425103-00&ServiceCd=410&Type=search", "url2": "http://co-tsubaki.com" }, "geometry": { "type": "Point", "coordinates": [ 139.5595384, 35.74323 ] } },
{ "type": "Feature", "properties": { "内容": "介護ショップランダル【特定福祉用具販売】東京都西東京市中町4-2-26", "url": "https://www.kaigokensaku.mhlw.go.jp/13/index.php?action_kouhyou_detail_004_kani=true&JigyosyoCd=1375401187-00&ServiceCd=410&Type=search", "url2": "http://www.lundal.co.jp" }, "geometry": { "type": "Point", "coordinates": [ 139.562864900000022, 35.7364485 ] } },
{ "type": "Feature", "properties": { "内容": "えーす株式会社【特定福祉用具販売】東京都西東京市芝久保町1-12-66340", "url": "https://www.kaigokensaku.mhlw.go.jp/13/index.php?action_kouhyou_detail_004_kani=true&JigyosyoCd=1375425368-00&ServiceCd=410&Type=search", "url2": null }, "geometry": { "type": "Point", "coordinates": [ 139.526029599999958, 35.723991600000041 ] } },
{ "type": "Feature", "properties": { "内容": "かたくり福祉用具城西センター【特定福祉用具販売】東京都西東京市東町2-1-24", "url": "https://www.kaigokensaku.mhlw.go.jp/13/index.php?action_kouhyou_detail_004_kani=true&JigyosyoCd=1375424098-00&ServiceCd=410&Type=search", "url2": null }, "geometry": { "type": "Point", "coordinates": [ 139.56073420000007, 35.7448835 ] } },
{ "type": "Feature", "properties": { "内容": "株式会社ヤマシタ　西東京営業所【特定福祉用具販売】東京都西東京市田無町5-4-11グランドゥール田無1階", "url": "https://www.kaigokensaku.mhlw.go.jp/13/index.php?action_kouhyou_detail_004_kani=true&JigyosyoCd=1375425384-00&ServiceCd=410&Type=search", "url2": "https://www.yco.co.jp/" }, "geometry": { "type": "Point", "coordinates": [ 139.5359946, 35.7306453 ] } },
{ "type": "Feature", "properties": { "内容": "セイブケア【特定福祉用具販売】東京都西多摩郡瑞穂町高根98", "url": "https://www.kaigokensaku.mhlw.go.jp/13/index.php?action_kouhyou_detail_004_kani=true&JigyosyoCd=1372401156-00&ServiceCd=410&Type=search", "url2": "http://www.savecare.co.jp" }, "geometry": { "type": "Point", "coordinates": [ 139.363133599999969, 35.7842988 ] } },
{ "type": "Feature", "properties": { "内容": "株式会社ロングライフ　八丈博文館【特定福祉用具販売】東京都八丈島八丈町大賀郷5442-29", "url": "https://www.kaigokensaku.mhlw.go.jp/13/index.php?action_kouhyou_detail_004_kani=true&JigyosyoCd=1370301598-00&ServiceCd=410&Type=search", "url2": "http://www.longlife.co.jp" }, "geometry": { "type": "Point", "coordinates": [ 139.7444877, 33.1504749 ] } }
]
}
