{
"type": "FeatureCollection",
"name": "geo_13_介護老人福祉施設",
"crs": { "type": "name", "properties": { "name": "urn:ogc:def:crs:OGC:1.3:CRS84" } },
"features": [
{ "type": "Feature", "properties": { "内容": "ザ番町ハウス【介護老人福祉施設】東京都千代田区二番町7番地６THEBANCHO", "url": "https://www.kaigokensaku.mhlw.go.jp/13/index.php?action_kouhyou_detail_004_kani=true&JigyosyoCd=1370101626-00&ServiceCd=510&Type=search", "url2": "https://swct.or.jp/swct.html" }, "geometry": { "type": "Point", "coordinates": [ 139.7349559816127, 35.685264892352087 ] } },
{ "type": "Feature", "properties": { "内容": "千代田区立一番町特別養護老人ホーム【介護老人福祉施設】東京都千代田区一番町12番地", "url": "https://www.kaigokensaku.mhlw.go.jp/13/index.php?action_kouhyou_detail_004_kani=true&JigyosyoCd=1370100610-00&ServiceCd=510&Type=search", "url2": "http://www.ikiikiplaza.eiwa.jp" }, "geometry": { "type": "Point", "coordinates": [ 139.739893599999959, 35.6871226 ] } },
{ "type": "Feature", "properties": { "内容": "特別養護老人ホーム　かんだ連雀【介護老人福祉施設】東京都千代田区神田淡路町　2-8-1", "url": "https://www.kaigokensaku.mhlw.go.jp/13/index.php?action_kouhyou_detail_004_kani=true&JigyosyoCd=1370100651-00&ServiceCd=510&Type=search", "url2": "http://www.tama-dhk.or.jp" }, "geometry": { "type": "Point", "coordinates": [ 139.768444199999976, 35.6966556 ] } },
{ "type": "Feature", "properties": { "内容": "新とみ【介護老人福祉施設】東京都中央区新富1-4-6特別養護老人ホーム　　新とみ", "url": "https://www.kaigokensaku.mhlw.go.jp/13/index.php?action_kouhyou_detail_004_kani=true&JigyosyoCd=1370200667-00&ServiceCd=510&Type=search", "url2": "http://www.silver-w.jp/" }, "geometry": { "type": "Point", "coordinates": [ 139.772647399999983, 35.6727364 ] } },
{ "type": "Feature", "properties": { "内容": "中央区立特別養護老人ホームマイホームはるみ【介護老人福祉施設】東京都中央区晴海一丁目５番1号", "url": "https://www.kaigokensaku.mhlw.go.jp/13/index.php?action_kouhyou_detail_004_kani=true&JigyosyoCd=1370202218-00&ServiceCd=510&Type=search", "url2": "http://www.foryou.or.jp" }, "geometry": { "type": "Point", "coordinates": [ 139.78445540000007, 35.6597797 ] } },
{ "type": "Feature", "properties": { "内容": "特別養護老人ホーム　マイホーム新川【介護老人福祉施設】東京都中央区新川２－２７－３マイホーム新川", "url": "https://www.kaigokensaku.mhlw.go.jp/13/index.php?action_kouhyou_detail_004_kani=true&JigyosyoCd=1370201186-00&ServiceCd=510&Type=search", "url2": "http://www.san-ikukai.or.jp/chuo/shinkawa" }, "geometry": { "type": "Point", "coordinates": [ 139.78397730000006, 35.6731006 ] } },
{ "type": "Feature", "properties": { "内容": "特別養護老人ホーム　晴海苑【介護老人福祉施設】東京都中央区晴海１－１－２６", "url": "https://www.kaigokensaku.mhlw.go.jp/13/index.php?action_kouhyou_detail_004_kani=true&JigyosyoCd=1370201368-00&ServiceCd=510&Type=search", "url2": "http://www.harumien.or.jp" }, "geometry": { "type": "Point", "coordinates": [ 139.78717645145116, 35.661635283145323 ] } },
{ "type": "Feature", "properties": { "内容": "港区立特別養護老人ホーム　白金の森【介護老人福祉施設】東京都港区白金台５丁目２０番５号", "url": "https://www.kaigokensaku.mhlw.go.jp/13/index.php?action_kouhyou_detail_004_kani=true&JigyosyoCd=1370300277-00&ServiceCd=510&Type=search", "url2": "https://www.foryou.or.jp/facility/shirokane/w008/" }, "geometry": { "type": "Point", "coordinates": [ 139.722291807409675, 35.637145056622145 ] } },
{ "type": "Feature", "properties": { "内容": "港区立特別養護老人ホーム港南の郷【介護老人福祉施設】東京都港区港南三丁目３番２３号", "url": "https://www.kaigokensaku.mhlw.go.jp/13/index.php?action_kouhyou_detail_004_kani=true&JigyosyoCd=1370300327-00&ServiceCd=510&Type=search", "url2": "http://www.kounannosato.hello-net.info/" }, "geometry": { "type": "Point", "coordinates": [ 139.749211400000036, 35.6332877 ] } },
{ "type": "Feature", "properties": { "内容": "港区立特別養護老人ホームサン・サン赤坂【介護老人福祉施設】東京都港区赤坂6-6-14港区立特別養護老人ホーム　サン・サン赤坂", "url": "https://www.kaigokensaku.mhlw.go.jp/13/index.php?action_kouhyou_detail_004_kani=true&JigyosyoCd=1370301473-00&ServiceCd=510&Type=search", "url2": "http://www.seirouin.or.jp" }, "geometry": { "type": "Point", "coordinates": [ 139.737582420237686, 35.669757015926869 ] } },
{ "type": "Feature", "properties": { "内容": "特別養護老人ホーム　新橋さくらの園【介護老人福祉施設】東京都港区新橋6-19-2福祉プラザさくら川", "url": "https://www.kaigokensaku.mhlw.go.jp/13/index.php?action_kouhyou_detail_004_kani=true&JigyosyoCd=1370302372-00&ServiceCd=510&Type=search", "url2": "http://www.fukushiplazasakuragawa.com/sakura_short" }, "geometry": { "type": "Point", "coordinates": [ 139.753779500000064, 35.6612067 ] } },
{ "type": "Feature", "properties": { "内容": "特別養護老人ホーム　ありすの杜きのこ南麻布【介護老人福祉施設】東京都港区南麻布4-6-1南棟", "url": "https://www.kaigokensaku.mhlw.go.jp/13/index.php?action_kouhyou_detail_004_kani=true&JigyosyoCd=1370303198-00&ServiceCd=510&Type=search", "url2": "http://www.kinoko-group.jp" }, "geometry": { "type": "Point", "coordinates": [ 139.726873899999987, 35.650218299999985 ] } },
{ "type": "Feature", "properties": { "内容": "特別養護老人ホーム　洛和ヴィラ南麻布【介護老人福祉施設】東京都港区南麻布４－６－１ありすの杜南麻布（北棟）", "url": "https://www.kaigokensaku.mhlw.go.jp/13/index.php?action_kouhyou_detail_004_kani=true&JigyosyoCd=1370303206-00&ServiceCd=510&Type=search", "url2": "http://www.rakuwa.or.jp" }, "geometry": { "type": "Point", "coordinates": [ 139.726873899999987, 35.650218299999985 ] } },
{ "type": "Feature", "properties": { "内容": "特別養護老人ホーム南麻布シニアガーデンアリス【介護老人福祉施設】東京都港区南麻布4-6-13", "url": "https://www.kaigokensaku.mhlw.go.jp/13/index.php?action_kouhyou_detail_004_kani=true&JigyosyoCd=1370305151-00&ServiceCd=510&Type=search", "url2": "https://f-kenseikai.or.jp/facility/minamiazabu-a/" }, "geometry": { "type": "Point", "coordinates": [ 139.727203300000014, 35.6505906 ] } },
{ "type": "Feature", "properties": { "内容": "特別養護老人ホーム慶福育児会麻布慶福苑【介護老人福祉施設】東京都港区南麻布五丁目１番２０号", "url": "https://www.kaigokensaku.mhlw.go.jp/13/index.php?action_kouhyou_detail_004_kani=true&JigyosyoCd=1370300293-00&ServiceCd=510&Type=search", "url2": "http://www.azabukeifukuen.com" }, "geometry": { "type": "Point", "coordinates": [ 139.721838100000014, 35.6537122 ] } },
{ "type": "Feature", "properties": { "内容": "特別養護老人ホーム　聖母ホーム【介護老人福祉施設】東京都新宿区中落合2-5-21", "url": "https://www.kaigokensaku.mhlw.go.jp/13/index.php?action_kouhyou_detail_004_kani=true&JigyosyoCd=1370401430-00&ServiceCd=510&Type=search", "url2": "http://www.seibohome.jp" }, "geometry": { "type": "Point", "coordinates": [ 139.69462139999996, 35.719023 ] } },
{ "type": "Feature", "properties": { "内容": "原町ホーム【介護老人福祉施設】東京都新宿区原町3丁目8", "url": "https://www.kaigokensaku.mhlw.go.jp/13/index.php?action_kouhyou_detail_004_kani=true&JigyosyoCd=1370400341-00&ServiceCd=510&Type=search", "url2": "https://douen-haramachi.com" }, "geometry": { "type": "Point", "coordinates": [ 139.722122572352674, 35.699088068099883 ] } },
{ "type": "Feature", "properties": { "内容": "特別養護老人ﾎｰﾑ　新宿けやき園【介護老人福祉施設】東京都新宿区百人町4-5-1", "url": "https://www.kaigokensaku.mhlw.go.jp/13/index.php?action_kouhyou_detail_004_kani=true&JigyosyoCd=1370403774-00&ServiceCd=510&Type=search", "url2": "http://hoyukai.iuhw.ac.jp/keyakien" }, "geometry": { "type": "Point", "coordinates": [ 139.698107700000037, 35.7081577 ] } },
{ "type": "Feature", "properties": { "内容": "社会福祉法人園盛会　特別養護老人ホーム　もみの樹園【介護老人福祉施設】東京都新宿区上落合1-17-8", "url": "https://www.kaigokensaku.mhlw.go.jp/13/index.php?action_kouhyou_detail_004_kani=true&JigyosyoCd=1370405738-00&ServiceCd=510&Type=search", "url2": "http://mominoki-en.com/" }, "geometry": { "type": "Point", "coordinates": [ 139.694306724606321, 35.716075254782645 ] } },
{ "type": "Feature", "properties": { "内容": "みさよはうす富久【介護老人福祉施設】東京都新宿区富久町35番7号", "url": "https://www.kaigokensaku.mhlw.go.jp/13/index.php?action_kouhyou_detail_004_kani=true&JigyosyoCd=1370406512-00&ServiceCd=510&Type=search", "url2": "http://www.silver-w.jp/" }, "geometry": { "type": "Point", "coordinates": [ 139.712640603041109, 35.69472465877147 ] } },
{ "type": "Feature", "properties": { "内容": "特別養護老人ホーム新宿和光園【介護老人福祉施設】東京都新宿区市谷薬王寺町１９－３８", "url": "https://www.kaigokensaku.mhlw.go.jp/13/index.php?action_kouhyou_detail_004_kani=true&JigyosyoCd=1370407056-00&ServiceCd=510&Type=search", "url2": "https://www.yamatokai-tokyo.or.jp/nursing_homes/shinjuku-wakoen/" }, "geometry": { "type": "Point", "coordinates": [ 139.723409750926237, 35.696757591480498 ] } },
{ "type": "Feature", "properties": { "内容": "北新宿特別養護老人ホーム【介護老人福祉施設】東京都新宿区北新宿三丁目２７番６号", "url": "https://www.kaigokensaku.mhlw.go.jp/13/index.php?action_kouhyou_detail_004_kani=true&JigyosyoCd=1370402966-00&ServiceCd=510&Type=search", "url2": "http://www.shinjuku-sj.jp/" }, "geometry": { "type": "Point", "coordinates": [ 139.689861599999972, 35.7047912 ] } },
{ "type": "Feature", "properties": { "内容": "特別養護老人ホーム　あかね苑【介護老人福祉施設】東京都新宿区北山伏町２番１２号", "url": "https://www.kaigokensaku.mhlw.go.jp/13/index.php?action_kouhyou_detail_004_kani=true&JigyosyoCd=1370402974-00&ServiceCd=510&Type=search", "url2": "http://www.azeriya-akane.com" }, "geometry": { "type": "Point", "coordinates": [ 139.729682599999933, 35.7001318 ] } },
{ "type": "Feature", "properties": { "内容": "特別養護老人ホーム　神楽坂【介護老人福祉施設】東京都新宿区矢来町104", "url": "https://www.kaigokensaku.mhlw.go.jp/13/index.php?action_kouhyou_detail_004_kani=true&JigyosyoCd=1370404368-00&ServiceCd=510&Type=search", "url2": "http://www.misasakai.or.jp/" }, "geometry": { "type": "Point", "coordinates": [ 139.734292627647392, 35.703724905263989 ] } },
{ "type": "Feature", "properties": { "内容": "特別養護老人ホーム　ゆしまの郷【介護老人福祉施設】東京都文京区湯島3-29-10", "url": "https://www.kaigokensaku.mhlw.go.jp/13/index.php?action_kouhyou_detail_004_kani=true&JigyosyoCd=1370501445-00&ServiceCd=510&Type=search", "url2": "http://www.yushimanosato.jp/" }, "geometry": { "type": "Point", "coordinates": [ 139.768385500000022, 35.70701 ] } },
{ "type": "Feature", "properties": { "内容": "洛和ヴィラ文京春日【介護老人福祉施設】東京都文京区春日1-9-21", "url": "https://www.kaigokensaku.mhlw.go.jp/13/index.php?action_kouhyou_detail_004_kani=true&JigyosyoCd=1370503227-00&ServiceCd=510&Type=search", "url2": "http://www.rakuwa.or.jp/kaigo/tokuyou/bunkyo/index.html" }, "geometry": { "type": "Point", "coordinates": [ 139.746020199999947, 35.7080425 ] } },
{ "type": "Feature", "properties": { "内容": "特別養護老人ホーム　文京くすのきの郷【介護老人福祉施設】東京都文京区大塚４－１８－１", "url": "https://www.kaigokensaku.mhlw.go.jp/13/index.php?action_kouhyou_detail_004_kani=true&JigyosyoCd=1370501940-00&ServiceCd=510&Type=search", "url2": "http://frontier-sw.or.jp" }, "geometry": { "type": "Point", "coordinates": [ 139.73469810000006, 35.724135 ] } },
{ "type": "Feature", "properties": { "内容": "小石川ヒルサイドテラス【介護老人福祉施設】東京都文京区春日二丁目４番８号", "url": "https://www.kaigokensaku.mhlw.go.jp/13/index.php?action_kouhyou_detail_004_kani=true&JigyosyoCd=1370503508-00&ServiceCd=510&Type=search", "url2": "http://www.swct.or.jp" }, "geometry": { "type": "Point", "coordinates": [ 139.7440139, 35.7096505 ] } },
{ "type": "Feature", "properties": { "内容": "東京都台東区立特別養護老人ホーム竜泉【介護老人福祉施設】東京都台東区竜泉2-10-8", "url": "https://www.kaigokensaku.mhlw.go.jp/13/index.php?action_kouhyou_detail_004_kani=true&JigyosyoCd=1370604694-00&ServiceCd=510&Type=search", "url2": "https://ryusen.taitoswc.org" }, "geometry": { "type": "Point", "coordinates": [ 139.789972, 35.7255409 ] } },
{ "type": "Feature", "properties": { "内容": "東京都台東区立特別養護老人ホーム竜泉【介護老人福祉施設】東京都台東区竜泉2-10-8", "url": "https://www.kaigokensaku.mhlw.go.jp/13/index.php?action_kouhyou_detail_004_kani=true&JigyosyoCd=1370604702-00&ServiceCd=510&Type=search", "url2": "https://ryusen.taitoswc.org" }, "geometry": { "type": "Point", "coordinates": [ 139.789972, 35.7255409 ] } },
{ "type": "Feature", "properties": { "内容": "台東区立特別養護老人ホーム浅草【介護老人福祉施設】東京都台東区浅草４－２６－２", "url": "https://www.kaigokensaku.mhlw.go.jp/13/index.php?action_kouhyou_detail_004_kani=true&JigyosyoCd=1370600155-00&ServiceCd=510&Type=search", "url2": "https://www.fresco-group.jp/home-asakusa" }, "geometry": { "type": "Point", "coordinates": [ 139.7935277, 35.7190401 ] } },
{ "type": "Feature", "properties": { "内容": "台東区立特別養護老人ホーム谷中【介護老人福祉施設】東京都台東区谷中2-17-20", "url": "https://www.kaigokensaku.mhlw.go.jp/13/index.php?action_kouhyou_detail_004_kani=true&JigyosyoCd=1370600163-00&ServiceCd=510&Type=search", "url2": "http://taitoswc.org/yanaka/" }, "geometry": { "type": "Point", "coordinates": [ 139.76432669999997, 35.7240524 ] } },
{ "type": "Feature", "properties": { "内容": "台東区立特別養護老人ホーム台東【介護老人福祉施設】東京都台東区台東1-25-5", "url": "https://www.kaigokensaku.mhlw.go.jp/13/index.php?action_kouhyou_detail_004_kani=true&JigyosyoCd=1370600999-00&ServiceCd=510&Type=search", "url2": "http://kenshukai.kir.jp/taitou/index.html" }, "geometry": { "type": "Point", "coordinates": [ 139.777876800000058, 35.701847 ] } },
{ "type": "Feature", "properties": { "内容": "フレスコ浅草【介護老人福祉施設】東京都台東区浅草5-33-7", "url": "https://www.kaigokensaku.mhlw.go.jp/13/index.php?action_kouhyou_detail_004_kani=true&JigyosyoCd=1370603753-00&ServiceCd=510&Type=search", "url2": "http://www.fresco-group.jp/" }, "geometry": { "type": "Point", "coordinates": [ 139.796164000629005, 35.721934174000928 ] } },
{ "type": "Feature", "properties": { "内容": "特別養護老人ホーム　橋場すみれ園【介護老人福祉施設】東京都台東区橋場1-1-10橋場すみれ園", "url": "https://www.kaigokensaku.mhlw.go.jp/13/index.php?action_kouhyou_detail_004_kani=true&JigyosyoCd=1370603837-00&ServiceCd=510&Type=search", "url2": "http://www.sumire.or.jp/" }, "geometry": { "type": "Point", "coordinates": [ 139.807739760713162, 35.723384221745512 ] } },
{ "type": "Feature", "properties": { "内容": "特別養護老人ホーム　浅草ほうらい【介護老人福祉施設】東京都台東区清川2-14-7", "url": "https://www.kaigokensaku.mhlw.go.jp/13/index.php?action_kouhyou_detail_004_kani=true&JigyosyoCd=1370602656-00&ServiceCd=510&Type=search", "url2": "http://care-net.biz//13/seihoukai-hourai/" }, "geometry": { "type": "Point", "coordinates": [ 139.801279300000033, 35.7272008 ] } },
{ "type": "Feature", "properties": { "内容": "東京清風園【介護老人福祉施設】東京都墨田区立花1丁目25番12号", "url": "https://www.kaigokensaku.mhlw.go.jp/13/index.php?action_kouhyou_detail_004_kani=true&JigyosyoCd=1370700245-00&ServiceCd=510&Type=search", "url2": "http://www.san-ikukai.or.jp/sumida/seifu" }, "geometry": { "type": "Point", "coordinates": [ 139.831203743516539, 35.705047070326287 ] } },
{ "type": "Feature", "properties": { "内容": "同愛記念ホーム【介護老人福祉施設】東京都墨田区横網2-1-11", "url": "https://www.kaigokensaku.mhlw.go.jp/13/index.php?action_kouhyou_detail_004_kani=true&JigyosyoCd=1370700252-00&ServiceCd=510&Type=search", "url2": null }, "geometry": { "type": "Point", "coordinates": [ 139.7941434, 35.6995421 ] } },
{ "type": "Feature", "properties": { "内容": "和翔苑【介護老人福祉施設】東京都墨田区八広６－５５－１７", "url": "https://www.kaigokensaku.mhlw.go.jp/13/index.php?action_kouhyou_detail_004_kani=true&JigyosyoCd=1370700286-00&ServiceCd=510&Type=search", "url2": "http://www.washouen.com" }, "geometry": { "type": "Point", "coordinates": [ 139.83098259999997, 35.7240043 ] } },
{ "type": "Feature", "properties": { "内容": "特別養護老人ホーム　木下川吾亦紅【介護老人福祉施設】東京都墨田区東墨田2-15-2", "url": "https://www.kaigokensaku.mhlw.go.jp/13/index.php?action_kouhyou_detail_004_kani=true&JigyosyoCd=1370704833-00&ServiceCd=510&Type=search", "url2": "http://www.kissyou.or.jp" }, "geometry": { "type": "Point", "coordinates": [ 139.833273027122431, 35.721984214982214 ] } },
{ "type": "Feature", "properties": { "内容": "特別養護老人ホーム　木下川吾亦紅【介護老人福祉施設】東京都墨田区東墨田2-15-2", "url": "https://www.kaigokensaku.mhlw.go.jp/13/index.php?action_kouhyou_detail_004_kani=true&JigyosyoCd=1370704841-00&ServiceCd=510&Type=search", "url2": "http://www.kissyou.or.jp" }, "geometry": { "type": "Point", "coordinates": [ 139.833281073749475, 35.721995102866885 ] } },
{ "type": "Feature", "properties": { "内容": "特別養護老人ホームしらひげ【介護老人福祉施設】東京都墨田区東向島4-2-11", "url": "https://www.kaigokensaku.mhlw.go.jp/13/index.php?action_kouhyou_detail_004_kani=true&JigyosyoCd=1370705509-00&ServiceCd=510&Type=search", "url2": "http://hakuho.or.jp/ako/genbukai/index/?msclkid=40466a12c3b211ec914a81f7c9b5bef6" }, "geometry": { "type": "Point", "coordinates": [ 139.81409690000001, 35.727933 ] } },
{ "type": "Feature", "properties": { "内容": "特別養護老人ホームしらひげ（従来型）【介護老人福祉施設】東京都墨田区東向島4-2-11", "url": "https://www.kaigokensaku.mhlw.go.jp/13/index.php?action_kouhyou_detail_004_kani=true&JigyosyoCd=1370705517-00&ServiceCd=510&Type=search", "url2": "http://hakuho.or.jp/ako/genbukai/index/?msclkid=dc404145c39911ec84812ee0d03e822c" }, "geometry": { "type": "Point", "coordinates": [ 139.814096899999981, 35.727933 ] } },
{ "type": "Feature", "properties": { "内容": "墨田区特別養護老人ホームはなみずきホーム【介護老人福祉施設】東京都墨田区八広３－２２－１４", "url": "https://www.kaigokensaku.mhlw.go.jp/13/index.php?action_kouhyou_detail_004_kani=true&JigyosyoCd=1370703314-00&ServiceCd=510&Type=search", "url2": "http://www.san-ikukai.or.jp" }, "geometry": { "type": "Point", "coordinates": [ 139.827966400000037, 35.7184546 ] } },
{ "type": "Feature", "properties": { "内容": "墨田区特別養護老人ホーム　なりひらホーム【介護老人福祉施設】東京都墨田区業平五丁目6番2号", "url": "https://www.kaigokensaku.mhlw.go.jp/13/index.php?action_kouhyou_detail_004_kani=true&JigyosyoCd=1370702985-00&ServiceCd=510&Type=search", "url2": null }, "geometry": { "type": "Point", "coordinates": [ 139.8180261, 35.7071219 ] } },
{ "type": "Feature", "properties": { "内容": "特別養護老人ホーム　寿老の里【介護老人福祉施設】東京都墨田区東墨田三丁目１３番４号", "url": "https://www.kaigokensaku.mhlw.go.jp/13/index.php?action_kouhyou_detail_004_kani=true&JigyosyoCd=1370704601-00&ServiceCd=510&Type=search", "url2": "http://www.juro.or.jp/" }, "geometry": { "type": "Point", "coordinates": [ 139.836098983397733, 35.720788240347524 ] } },
{ "type": "Feature", "properties": { "内容": "墨田区特別養護老人ホームたちばなホーム【介護老人福祉施設】東京都墨田区立花3丁目10番1号", "url": "https://www.kaigokensaku.mhlw.go.jp/13/index.php?action_kouhyou_detail_004_kani=true&JigyosyoCd=1370703322-00&ServiceCd=510&Type=search", "url2": "http://www.san-ikukai.or.jp" }, "geometry": { "type": "Point", "coordinates": [ 139.8331164, 35.7053334 ] } },
{ "type": "Feature", "properties": { "内容": "ケアホームズ両国【介護老人福祉施設】東京都墨田区両国２－５－１３", "url": "https://www.kaigokensaku.mhlw.go.jp/13/index.php?action_kouhyou_detail_004_kani=true&JigyosyoCd=1370702589-00&ServiceCd=510&Type=search", "url2": "http://www.jusankai.or.jp/" }, "geometry": { "type": "Point", "coordinates": [ 139.792453799999947, 35.6928233 ] } },
{ "type": "Feature", "properties": { "内容": "特別養護老人ホーム　塩浜ホーム【介護老人福祉施設】東京都江東区塩浜2-7-17", "url": "https://www.kaigokensaku.mhlw.go.jp/13/index.php?action_kouhyou_detail_004_kani=true&JigyosyoCd=1370802694-00&ServiceCd=510&Type=search", "url2": "http://www.asokakai.or.jp/intro/intro04_01/" }, "geometry": { "type": "Point", "coordinates": [ 139.8075556, 35.6627574 ] } },
{ "type": "Feature", "properties": { "内容": "特別養護老人ホーム　あそか園【介護老人福祉施設】東京都江東区住吉1-9-5", "url": "https://www.kaigokensaku.mhlw.go.jp/13/index.php?action_kouhyou_detail_004_kani=true&JigyosyoCd=1370800235-00&ServiceCd=510&Type=search", "url2": "https://www.asokakai.or.jp/" }, "geometry": { "type": "Point", "coordinates": [ 139.81230325092622, 35.687591524865915 ] } },
{ "type": "Feature", "properties": { "内容": "特別養護老人ホームコスモス【介護老人福祉施設】東京都江東区大島9-6-16コスモス老人福祉施設", "url": "https://www.kaigokensaku.mhlw.go.jp/13/index.php?action_kouhyou_detail_004_kani=true&JigyosyoCd=1370801308-00&ServiceCd=510&Type=search", "url2": "http://www.kotokotobukikai.com" }, "geometry": { "type": "Point", "coordinates": [ 139.844829399999981, 35.693149 ] } },
{ "type": "Feature", "properties": { "内容": "介護老人福祉施設　あじさい【介護老人福祉施設】東京都江東区東砂4丁目20番15号", "url": "https://www.kaigokensaku.mhlw.go.jp/13/index.php?action_kouhyou_detail_004_kani=true&JigyosyoCd=1370803080-00&ServiceCd=510&Type=search", "url2": "http://ajisai-kaigo.jp/" }, "geometry": { "type": "Point", "coordinates": [ 139.838157700000011, 35.6781478 ] } },
{ "type": "Feature", "properties": { "内容": "特別養護老人ホーム　あそか園【介護老人福祉施設】東京都江東区住吉1-9-5特別養護老人ホーム　あそか園", "url": "https://www.kaigokensaku.mhlw.go.jp/13/index.php?action_kouhyou_detail_004_kani=true&JigyosyoCd=1370806786-00&ServiceCd=510&Type=search", "url2": "http://www.asokakai.or.jp/asoka/" }, "geometry": { "type": "Point", "coordinates": [ 139.8122684, 35.687622 ] } },
{ "type": "Feature", "properties": { "内容": "むつみ園【介護老人福祉施設】東京都江東区深川２丁目１番１２号", "url": "https://www.kaigokensaku.mhlw.go.jp/13/index.php?action_kouhyou_detail_004_kani=true&JigyosyoCd=1370800243-00&ServiceCd=510&Type=search", "url2": "http://mutsumikai-g.or.jp/" }, "geometry": { "type": "Point", "coordinates": [ 139.797838754227598, 35.673755536056369 ] } },
{ "type": "Feature", "properties": { "内容": "寿園【介護老人福祉施設】東京都江東区北砂2-1-16", "url": "https://www.kaigokensaku.mhlw.go.jp/13/index.php?action_kouhyou_detail_004_kani=true&JigyosyoCd=1370800284-00&ServiceCd=510&Type=search", "url2": "http://www.kotokotobukikai.com" }, "geometry": { "type": "Point", "coordinates": [ 139.8268549, 35.679022 ] } },
{ "type": "Feature", "properties": { "内容": "特別養護老人ホーム　深川愛の園【介護老人福祉施設】東京都江東区冬木16-7", "url": "https://www.kaigokensaku.mhlw.go.jp/13/index.php?action_kouhyou_detail_004_kani=true&JigyosyoCd=1370800292-00&ServiceCd=510&Type=search", "url2": "https://seikyusyu.or.jp/" }, "geometry": { "type": "Point", "coordinates": [ 139.80099701468049, 35.675023496717102 ] } },
{ "type": "Feature", "properties": { "内容": "特別養護老人ホーム　らん花園【介護老人福祉施設】東京都江東区塩浜2-7-2", "url": "https://www.kaigokensaku.mhlw.go.jp/13/index.php?action_kouhyou_detail_004_kani=true&JigyosyoCd=1370800789-00&ServiceCd=510&Type=search", "url2": "http://rankaen-kaigo.com/" }, "geometry": { "type": "Point", "coordinates": [ 139.80660290000003, 35.661647877801968 ] } },
{ "type": "Feature", "properties": { "内容": "特別養護老人ホーム三井陽光苑【介護老人福祉施設】東京都江東区新砂3-3-37", "url": "https://www.kaigokensaku.mhlw.go.jp/13/index.php?action_kouhyou_detail_004_kani=true&JigyosyoCd=1370801399-00&ServiceCd=510&Type=search", "url2": "http://www.mitsuihosp.or.jp/youkouen/" }, "geometry": { "type": "Point", "coordinates": [ 139.8324973, 35.6649381 ] } },
{ "type": "Feature", "properties": { "内容": "特別養護老人ホーム　カメリア【介護老人福祉施設】東京都江東区亀戸3-36-5", "url": "https://www.kaigokensaku.mhlw.go.jp/13/index.php?action_kouhyou_detail_004_kani=true&JigyosyoCd=1370804096-00&ServiceCd=510&Type=search", "url2": "http://kameido.camellia-kai.com/" }, "geometry": { "type": "Point", "coordinates": [ 139.8198664, 35.7069787 ] } },
{ "type": "Feature", "properties": { "内容": "特別養護老人ホームあかつき苑【介護老人福祉施設】東京都江東区大島７丁目３８番１５号メディカルケアタウン東大島", "url": "https://www.kaigokensaku.mhlw.go.jp/13/index.php?action_kouhyou_detail_004_kani=true&JigyosyoCd=1370805200-00&ServiceCd=510&Type=search", "url2": "http://m-caretown.com" }, "geometry": { "type": "Point", "coordinates": [ 139.841997649073846, 35.691272334558818 ] } },
{ "type": "Feature", "properties": { "内容": "特別養護老人ホーム　故郷の家・東京【介護老人福祉施設】東京都江東区塩浜1-4-48", "url": "https://www.kaigokensaku.mhlw.go.jp/13/index.php?action_kouhyou_detail_004_kani=true&JigyosyoCd=1370805820-00&ServiceCd=510&Type=search", "url2": "https://www.kokorono.or.jp/" }, "geometry": { "type": "Point", "coordinates": [ 139.80214082524526, 35.663785143441771 ] } },
{ "type": "Feature", "properties": { "内容": "特別養護老人ホームむつみ園【介護老人福祉施設】東京都江東区深川2-1-12", "url": "https://www.kaigokensaku.mhlw.go.jp/13/index.php?action_kouhyou_detail_004_kani=true&JigyosyoCd=1370806729-00&ServiceCd=510&Type=search", "url2": "https://www.mutsumikai-g.or.jp/" }, "geometry": { "type": "Point", "coordinates": [ 139.797851300000019, 35.6736987 ] } },
{ "type": "Feature", "properties": { "内容": "特別養護老人ホーム江東ホーム【介護老人福祉施設】東京都江東区東陽2-1-2", "url": "https://www.kaigokensaku.mhlw.go.jp/13/index.php?action_kouhyou_detail_004_kani=true&JigyosyoCd=1370807040-00&ServiceCd=510&Type=search", "url2": "https://www.asokakai.or.jp/intro/intro02_01/" }, "geometry": { "type": "Point", "coordinates": [ 139.8147064, 35.6658806 ] } },
{ "type": "Feature", "properties": { "内容": "特別養護老人ホーム芳香苑【介護老人福祉施設】東京都江東区東雲2-2-29", "url": "https://www.kaigokensaku.mhlw.go.jp/13/index.php?action_kouhyou_detail_004_kani=true&JigyosyoCd=1370803429-00&ServiceCd=510&Type=search", "url2": "http://www.oheikai.or.jp/" }, "geometry": { "type": "Point", "coordinates": [ 139.801253300000013, 35.6421459 ] } },
{ "type": "Feature", "properties": { "内容": "特別養護老人ホーム　タムスさくらの杜　亀戸【介護老人福祉施設】東京都江東区亀戸9-6-27", "url": "https://www.kaigokensaku.mhlw.go.jp/13/index.php?action_kouhyou_detail_004_kani=true&JigyosyoCd=1370807339-00&ServiceCd=510&Type=search", "url2": "https://kameido-sakuranomori.tums-kaigo.com/" }, "geometry": { "type": "Point", "coordinates": [ 139.8422099, 35.6962624 ] } },
{ "type": "Feature", "properties": { "内容": "タムスさくらの杜　亀戸【介護老人福祉施設】東京都江東区亀戸9-6-27", "url": "https://www.kaigokensaku.mhlw.go.jp/13/index.php?action_kouhyou_detail_004_kani=true&JigyosyoCd=1370807347-00&ServiceCd=510&Type=search", "url2": "https://kameido-sakuranomori.tums-kaigo.com/" }, "geometry": { "type": "Point", "coordinates": [ 139.8422099, 35.6962624 ] } },
{ "type": "Feature", "properties": { "内容": "かえで荘【介護老人福祉施設】東京都品川区八潮５－１－１品川総合福祉センター", "url": "https://www.kaigokensaku.mhlw.go.jp/13/index.php?action_kouhyou_detail_004_kani=true&JigyosyoCd=1370900308-00&ServiceCd=510&Type=search", "url2": "http://www.shinafuku.com" }, "geometry": { "type": "Point", "coordinates": [ 139.752434900000026, 35.605155 ] } },
{ "type": "Feature", "properties": { "内容": "ロイヤルサニー【介護老人福祉施設】東京都品川区西大井２－４－４", "url": "https://www.kaigokensaku.mhlw.go.jp/13/index.php?action_kouhyou_detail_004_kani=true&JigyosyoCd=1370900985-00&ServiceCd=510&Type=search", "url2": "http://www.shunkoufukushikai.or.jp" }, "geometry": { "type": "Point", "coordinates": [ 139.722531500000059, 35.5999297 ] } },
{ "type": "Feature", "properties": { "内容": "品川区立上大崎特別養護老人ホーム【介護老人福祉施設】東京都品川区上大崎3-10-7", "url": "https://www.kaigokensaku.mhlw.go.jp/13/index.php?action_kouhyou_detail_004_kani=true&JigyosyoCd=1370904771-00&ServiceCd=510&Type=search", "url2": "http://www.aiseifukusikai.jp/" }, "geometry": { "type": "Point", "coordinates": [ 139.718445041802966, 35.633166396389655 ] } },
{ "type": "Feature", "properties": { "内容": "晴楓ホーム【介護老人福祉施設】東京都品川区東品川３－１－８", "url": "https://www.kaigokensaku.mhlw.go.jp/13/index.php?action_kouhyou_detail_004_kani=true&JigyosyoCd=1370900316-00&ServiceCd=510&Type=search", "url2": "http://www.fukueikai.or.jp" }, "geometry": { "type": "Point", "coordinates": [ 139.746840199999951, 35.6172562 ] } },
{ "type": "Feature", "properties": { "内容": "品川区立平塚橋特別養護老人ホーム【介護老人福祉施設】東京都品川区西中延1-2-8", "url": "https://www.kaigokensaku.mhlw.go.jp/13/index.php?action_kouhyou_detail_004_kani=true&JigyosyoCd=1370904631-00&ServiceCd=510&Type=search", "url2": "http://www.santokukai.com" }, "geometry": { "type": "Point", "coordinates": [ 139.709784799999966, 35.6141471 ] } },
{ "type": "Feature", "properties": { "内容": "特別養護老人ホームグランアークみづほ【介護老人福祉施設】東京都品川区南品川区四丁目2番32号", "url": "https://www.kaigokensaku.mhlw.go.jp/13/index.php?action_kouhyou_detail_004_kani=true&JigyosyoCd=1370905067-00&ServiceCd=510&Type=search", "url2": "http://www.jiunfukushikai.com/houjin/" }, "geometry": { "type": "Point", "coordinates": [ 139.739009302516138, 35.614610810505461 ] } },
{ "type": "Feature", "properties": { "内容": "品川区立八潮南特別養護老人ホーム【介護老人福祉施設】東京都品川区八潮５－９－２", "url": "https://www.kaigokensaku.mhlw.go.jp/13/index.php?action_kouhyou_detail_004_kani=true&JigyosyoCd=1370903625-00&ServiceCd=510&Type=search", "url2": "http://www.shinafuku.com" }, "geometry": { "type": "Point", "coordinates": [ 139.7522047, 35.598953 ] } },
{ "type": "Feature", "properties": { "内容": "品川区立荏原特別養護老人ホーム【介護老人福祉施設】東京都品川区荏原2-9-6", "url": "https://www.kaigokensaku.mhlw.go.jp/13/index.php?action_kouhyou_detail_004_kani=true&JigyosyoCd=1370902932-00&ServiceCd=510&Type=search", "url2": "http://www.santokukai.com/" }, "geometry": { "type": "Point", "coordinates": [ 139.711112400000047, 35.6170912 ] } },
{ "type": "Feature", "properties": { "内容": "品川区立中延特別養護老人ホーム【介護老人福祉施設】東京都品川区中延6－8－8", "url": "https://www.kaigokensaku.mhlw.go.jp/13/index.php?action_kouhyou_detail_004_kani=true&JigyosyoCd=1370902940-00&ServiceCd=510&Type=search", "url2": "http://shinafuku.com" }, "geometry": { "type": "Point", "coordinates": [ 139.711190699999946, 35.6018125 ] } },
{ "type": "Feature", "properties": { "内容": "品川区立戸越台特別養護老人ホーム【介護老人福祉施設】東京都品川区　戸越　１－１５－２３", "url": "https://www.kaigokensaku.mhlw.go.jp/13/index.php?action_kouhyou_detail_004_kani=true&JigyosyoCd=1370902924-00&ServiceCd=510&Type=search", "url2": "http://www.santokukai.com/" }, "geometry": { "type": "Point", "coordinates": [ 139.7172074, 35.6157786 ] } },
{ "type": "Feature", "properties": { "内容": "成幸ホーム【介護老人福祉施設】東京都品川区中延一丁目８番７号", "url": "https://www.kaigokensaku.mhlw.go.jp/13/index.php?action_kouhyou_detail_004_kani=true&JigyosyoCd=1370900290-00&ServiceCd=510&Type=search", "url2": "https://www.santokukai.com/" }, "geometry": { "type": "Point", "coordinates": [ 139.7118375, 35.6120835 ] } },
{ "type": "Feature", "properties": { "内容": "特別養護老人ホーム清徳苑【介護老人福祉施設】東京都目黒区目黒本町４－２－１", "url": "https://www.kaigokensaku.mhlw.go.jp/13/index.php?action_kouhyou_detail_004_kani=true&JigyosyoCd=1371000256-00&ServiceCd=510&Type=search", "url2": "http://seitoku.or.jp" }, "geometry": { "type": "Point", "coordinates": [ 139.698299499999962, 35.6228235 ] } },
{ "type": "Feature", "properties": { "内容": "駒場苑【介護老人福祉施設】東京都目黒区大橋2-19-1駒場苑", "url": "https://www.kaigokensaku.mhlw.go.jp/13/index.php?action_kouhyou_detail_004_kani=true&JigyosyoCd=1371000264-00&ServiceCd=510&Type=search", "url2": "http://komaba.mdn.ne.jp" }, "geometry": { "type": "Point", "coordinates": [ 139.682763598811363, 35.655485997433885 ] } },
{ "type": "Feature", "properties": { "内容": "目黒区立特別養護老人ホーム東が丘【介護老人福祉施設】東京都目黒区東が丘1-6-4", "url": "https://www.kaigokensaku.mhlw.go.jp/13/index.php?action_kouhyou_detail_004_kani=true&JigyosyoCd=1371000280-00&ServiceCd=510&Type=search", "url2": "http://www.meguro-fukushi.jp" }, "geometry": { "type": "Point", "coordinates": [ 139.670513, 35.6263556 ] } },
{ "type": "Feature", "properties": { "内容": "特別養護老人ホーム　青葉台さくら苑【介護老人福祉施設】東京都目黒区青葉台３－２１－６", "url": "https://www.kaigokensaku.mhlw.go.jp/13/index.php?action_kouhyou_detail_004_kani=true&JigyosyoCd=1371000298-00&ServiceCd=510&Type=search", "url2": "http://www.sakuraen.or.jp" }, "geometry": { "type": "Point", "coordinates": [ 139.692002, 35.6496062 ] } },
{ "type": "Feature", "properties": { "内容": "こぶしえん【介護老人福祉施設】東京都目黒区下目黒6-18-2", "url": "https://www.kaigokensaku.mhlw.go.jp/13/index.php?action_kouhyou_detail_004_kani=true&JigyosyoCd=1371005222-00&ServiceCd=510&Type=search", "url2": "https://tokushinkai.jp/" }, "geometry": { "type": "Point", "coordinates": [ 139.6968362, 35.6286658 ] } },
{ "type": "Feature", "properties": { "内容": "目黒区立特別養護老人ホーム中目黒【介護老人福祉施設】東京都目黒区中目黒5-7-35なかめぐろホーム", "url": "https://www.kaigokensaku.mhlw.go.jp/13/index.php?action_kouhyou_detail_004_kani=true&JigyosyoCd=1371000272-00&ServiceCd=510&Type=search", "url2": "https://www.meguro-fukushi.jp/facilities/nakameguro/" }, "geometry": { "type": "Point", "coordinates": [ 139.7009098, 35.6359829 ] } },
{ "type": "Feature", "properties": { "内容": "特別養護老人ホーム　目黒中央の家【介護老人福祉施設】東京都目黒区中央町2-32-23目黒中央の家", "url": "https://www.kaigokensaku.mhlw.go.jp/13/index.php?action_kouhyou_detail_004_kani=true&JigyosyoCd=1371004936-00&ServiceCd=510&Type=search", "url2": "https://www.foryou.or.jp" }, "geometry": { "type": "Point", "coordinates": [ 139.688082300000019, 35.6315685 ] } },
{ "type": "Feature", "properties": { "内容": "さんホーム目黒【介護老人福祉施設】東京都目黒区目黒3-20-8さんホーム目黒", "url": "https://www.kaigokensaku.mhlw.go.jp/13/index.php?action_kouhyou_detail_004_kani=true&JigyosyoCd=1371005255-00&ServiceCd=510&Type=search", "url2": "https://www.meguro-fukushi.jp" }, "geometry": { "type": "Point", "coordinates": [ 139.704114844180282, 35.633731421955176 ] } },
{ "type": "Feature", "properties": { "内容": "目黒区立特別養護老人ホーム東山【介護老人福祉施設】東京都目黒区東山3-24-6", "url": "https://www.kaigokensaku.mhlw.go.jp/13/index.php?action_kouhyou_detail_004_kani=true&JigyosyoCd=1371000777-00&ServiceCd=510&Type=search", "url2": "http://www.meguro-fukushi.jp/" }, "geometry": { "type": "Point", "coordinates": [ 139.685436, 35.6473507 ] } },
{ "type": "Feature", "properties": { "内容": "特別養護老人ホーム好日苑【介護老人福祉施設】東京都大田区上池台5-7-1", "url": "https://www.kaigokensaku.mhlw.go.jp/13/index.php?action_kouhyou_detail_004_kani=true&JigyosyoCd=1371100346-00&ServiceCd=510&Type=search", "url2": "http://www.hibikikai-tokyo.or.jp" }, "geometry": { "type": "Point", "coordinates": [ 139.702244899999982, 35.5945355 ] } },
{ "type": "Feature", "properties": { "内容": "ゴールデン鶴亀ホーム【介護老人福祉施設】東京都大田区矢口１－２３－１２", "url": "https://www.kaigokensaku.mhlw.go.jp/13/index.php?action_kouhyou_detail_004_kani=true&JigyosyoCd=1371101344-00&ServiceCd=510&Type=search", "url2": "http://www.hakuyokai.org/" }, "geometry": { "type": "Point", "coordinates": [ 139.694700600000033, 35.56587 ] } },
{ "type": "Feature", "properties": { "内容": "大田翔裕園【介護老人福祉施設】東京都大田区東六郷1-12-12", "url": "https://www.kaigokensaku.mhlw.go.jp/13/index.php?action_kouhyou_detail_004_kani=true&JigyosyoCd=1371103811-00&ServiceCd=510&Type=search", "url2": "http://www.chojumura.or.jp" }, "geometry": { "type": "Point", "coordinates": [ 139.720084499999984, 35.5534691 ] } },
{ "type": "Feature", "properties": { "内容": "いずみえん【介護老人福祉施設】東京都大田区矢口三丁目１番５号", "url": "https://www.kaigokensaku.mhlw.go.jp/13/index.php?action_kouhyou_detail_004_kani=true&JigyosyoCd=1371104181-00&ServiceCd=510&Type=search", "url2": "http://www.tokushinkai.jp" }, "geometry": { "type": "Point", "coordinates": [ 139.69611169999996, 35.561176300000014 ] } },
{ "type": "Feature", "properties": { "内容": "大田区立特別養護老人ホーム蒲田【介護老人福祉施設】東京都大田区蒲田2丁目8₋8", "url": "https://www.kaigokensaku.mhlw.go.jp/13/index.php?action_kouhyou_detail_004_kani=true&JigyosyoCd=1371100320-00&ServiceCd=510&Type=search", "url2": "https://www.ikegami.or.jp/" }, "geometry": { "type": "Point", "coordinates": [ 139.727363, 35.566392 ] } },
{ "type": "Feature", "properties": { "内容": "大田区立特別養護老人ホームたまがわ【介護老人福祉施設】東京都大田区下丸子４－２３－１", "url": "https://www.kaigokensaku.mhlw.go.jp/13/index.php?action_kouhyou_detail_004_kani=true&JigyosyoCd=1371101518-00&ServiceCd=510&Type=search", "url2": "https://www.ikegami.or.jp" }, "geometry": { "type": "Point", "coordinates": [ 139.679046400000061, 35.5710165 ] } },
{ "type": "Feature", "properties": { "内容": "特別養護老人ホーム大森【介護老人福祉施設】東京都大田区大森西1-16-18", "url": "https://www.kaigokensaku.mhlw.go.jp/13/index.php?action_kouhyou_detail_004_kani=true&JigyosyoCd=1371110535-00&ServiceCd=510&Type=search", "url2": "https://www.ikegami.or.jp" }, "geometry": { "type": "Point", "coordinates": [ 139.725279420237712, 35.575297995541888 ] } },
{ "type": "Feature", "properties": { "内容": "特別養護老人ホーム馬込【介護老人福祉施設】東京都大田区西馬込2-11-2", "url": "https://www.kaigokensaku.mhlw.go.jp/13/index.php?action_kouhyou_detail_004_kani=true&JigyosyoCd=1371111236-00&ServiceCd=510&Type=search", "url2": "http://www.ikegami.or.jp/facility/magome/tabid/195/Default.aspx" }, "geometry": { "type": "Point", "coordinates": [ 139.701598099999956, 35.5897945 ] } },
{ "type": "Feature", "properties": { "内容": "特別養護老人ホーム花みずき【介護老人福祉施設】東京都大田区大森西４－１２－１", "url": "https://www.kaigokensaku.mhlw.go.jp/13/index.php?action_kouhyou_detail_004_kani=true&JigyosyoCd=1371111319-00&ServiceCd=510&Type=search", "url2": "http://hanamizuki-syohukai.jp/" }, "geometry": { "type": "Point", "coordinates": [ 139.723175539811677, 35.57263857258139 ] } },
{ "type": "Feature", "properties": { "内容": "特別養護老人ホームさくらのみち紫苑【介護老人福祉施設】東京都大田区矢口3-11-3", "url": "https://www.kaigokensaku.mhlw.go.jp/13/index.php?action_kouhyou_detail_004_kani=true&JigyosyoCd=1371111657-00&ServiceCd=510&Type=search", "url2": "http://outoukai.com" }, "geometry": { "type": "Point", "coordinates": [ 139.69433669881127, 35.559721320304469 ] } },
{ "type": "Feature", "properties": { "内容": "千里【介護老人福祉施設】東京都大田区東糀谷１－１３－６特別養護老人ホーム　千里", "url": "https://www.kaigokensaku.mhlw.go.jp/13/index.php?action_kouhyou_detail_004_kani=true&JigyosyoCd=1371108273-00&ServiceCd=510&Type=search", "url2": "http://www.ooka.or.jp" }, "geometry": { "type": "Point", "coordinates": [ 139.739407938761929, 35.558908942626168 ] } },
{ "type": "Feature", "properties": { "内容": "バタフライヒル　大森南【介護老人福祉施設】東京都大田区大森南1丁目17-6", "url": "https://www.kaigokensaku.mhlw.go.jp/13/index.php?action_kouhyou_detail_004_kani=true&JigyosyoCd=1371108513-00&ServiceCd=510&Type=search", "url2": "http://www.zenkoukai.jp" }, "geometry": { "type": "Point", "coordinates": [ 139.739474299999983, 35.5631876 ] } },
{ "type": "Feature", "properties": { "内容": "介護老人福祉施設　ケアホーム千鳥【介護老人福祉施設】東京都大田区千鳥2-34-25", "url": "https://www.kaigokensaku.mhlw.go.jp/13/index.php?action_kouhyou_detail_004_kani=true&JigyosyoCd=1371111913-00&ServiceCd=510&Type=search", "url2": "https://www.chidori.tokuyou.jp/" }, "geometry": { "type": "Point", "coordinates": [ 139.694981, 35.5686502 ] } },
{ "type": "Feature", "properties": { "内容": "特別養護老人ホーム　生寿園【介護老人福祉施設】東京都大田区萩中二丁目3番10号", "url": "https://www.kaigokensaku.mhlw.go.jp/13/index.php?action_kouhyou_detail_004_kani=true&JigyosyoCd=1371111210-00&ServiceCd=510&Type=search", "url2": "http://www.amasagi.or.jp/seijyuen/" }, "geometry": { "type": "Point", "coordinates": [ 139.731872973680083, 35.552438634778312 ] } },
{ "type": "Feature", "properties": { "内容": "特別養護老人ホーム羽田【介護老人福祉施設】東京都大田区本羽田3-23-45", "url": "https://www.kaigokensaku.mhlw.go.jp/13/index.php?action_kouhyou_detail_004_kani=true&JigyosyoCd=1371113091-00&ServiceCd=510&Type=search", "url2": "http://www.ikegami.or.jp" }, "geometry": { "type": "Point", "coordinates": [ 139.7362632, 35.5464378 ] } },
{ "type": "Feature", "properties": { "内容": "特別養護老人ホーム池上【介護老人福祉施設】東京都大田区仲池上二丁目24-8", "url": "https://www.kaigokensaku.mhlw.go.jp/13/index.php?action_kouhyou_detail_004_kani=true&JigyosyoCd=1371110543-00&ServiceCd=510&Type=search", "url2": "https://www.ikegami.or.jp/" }, "geometry": { "type": "Point", "coordinates": [ 139.6977604, 35.5845969 ] } },
{ "type": "Feature", "properties": { "内容": "特別養護老人ホーム　フロース東糀谷【介護老人福祉施設】東京都大田区東糀谷六丁目４番１７号サンタフェガーデンヒルズ", "url": "https://www.kaigokensaku.mhlw.go.jp/13/index.php?action_kouhyou_detail_004_kani=true&JigyosyoCd=1371105568-00&ServiceCd=510&Type=search", "url2": "http://www.zenkoukai.jp/" }, "geometry": { "type": "Point", "coordinates": [ 139.751026599999932, 35.5592414 ] } },
{ "type": "Feature", "properties": { "内容": "特別養護老人ホーム誠心園【介護老人福祉施設】東京都大田区西糀谷一丁目1番12号", "url": "https://www.kaigokensaku.mhlw.go.jp/13/index.php?action_kouhyou_detail_004_kani=true&JigyosyoCd=1371112721-00&ServiceCd=510&Type=search", "url2": "http://amasagi.or.jp/seishinen/" }, "geometry": { "type": "Point", "coordinates": [ 139.72845877283828, 35.559445101483682 ] } },
{ "type": "Feature", "properties": { "内容": "有隣ホーム【介護老人福祉施設】東京都世田谷区船橋2-15-38", "url": "https://www.kaigokensaku.mhlw.go.jp/13/index.php?action_kouhyou_detail_004_kani=true&JigyosyoCd=1371200583-00&ServiceCd=510&Type=search", "url2": "https://yurin-home.com" }, "geometry": { "type": "Point", "coordinates": [ 139.618537041000309, 35.651451083771924 ] } },
{ "type": "Feature", "properties": { "内容": "成城アルテンハイム【介護老人福祉施設】東京都世田谷区成城６－１３－１７", "url": "https://www.kaigokensaku.mhlw.go.jp/13/index.php?action_kouhyou_detail_004_kani=true&JigyosyoCd=1371200617-00&ServiceCd=510&Type=search", "url2": "http://www.h2.dion.ne.jp/~furuiki/" }, "geometry": { "type": "Point", "coordinates": [ 139.600018699999964, 35.6417552 ] } },
{ "type": "Feature", "properties": { "内容": "第２有隣ホーム【介護老人福祉施設】東京都世田谷区船橋2－15－38", "url": "https://www.kaigokensaku.mhlw.go.jp/13/index.php?action_kouhyou_detail_004_kani=true&JigyosyoCd=1371200625-00&ServiceCd=510&Type=search", "url2": "https://www.tokyoyurinkai.or.jp/" }, "geometry": { "type": "Point", "coordinates": [ 139.619191499999943, 35.6510239 ] } },
{ "type": "Feature", "properties": { "内容": "砧ホーム【介護老人福祉施設】東京都世田谷区砧3-9-11", "url": "https://www.kaigokensaku.mhlw.go.jp/13/index.php?action_kouhyou_detail_004_kani=true&JigyosyoCd=1371200641-00&ServiceCd=510&Type=search", "url2": "https://www.yuai.or.jp/" }, "geometry": { "type": "Point", "coordinates": [ 139.613498400000026, 35.6360009 ] } },
{ "type": "Feature", "properties": { "内容": "特別養護老人ホーム　等々力の家【介護老人福祉施設】東京都世田谷区等々力８－２６－１６", "url": "https://www.kaigokensaku.mhlw.go.jp/13/index.php?action_kouhyou_detail_004_kani=true&JigyosyoCd=1371202217-00&ServiceCd=510&Type=search", "url2": "http://www.foryou.or.jp" }, "geometry": { "type": "Point", "coordinates": [ 139.652031699999952, 35.617334 ] } },
{ "type": "Feature", "properties": { "内容": "特別養護老人ホーム　博水の郷【介護老人福祉施設】東京都世田谷区鎌田3－16―6", "url": "https://www.kaigokensaku.mhlw.go.jp/13/index.php?action_kouhyou_detail_004_kani=true&JigyosyoCd=1371202878-00&ServiceCd=510&Type=search", "url2": "http://www.oomishima.jp/" }, "geometry": { "type": "Point", "coordinates": [ 139.615935400000012, 35.6197202 ] } },
{ "type": "Feature", "properties": { "内容": "特別養護老人ホーム　喜多見ホーム【介護老人福祉施設】東京都世田谷区喜多見七丁目20番26号", "url": "https://www.kaigokensaku.mhlw.go.jp/13/index.php?action_kouhyou_detail_004_kani=true&JigyosyoCd=1371202969-00&ServiceCd=510&Type=search", "url2": "https://nanzankai.tokyo/" }, "geometry": { "type": "Point", "coordinates": [ 139.595972500000016, 35.6323844 ] } },
{ "type": "Feature", "properties": { "内容": "特別養護老人ホーム　東京敬寿園【介護老人福祉施設】東京都世田谷区上祖師谷7－1－1", "url": "https://www.kaigokensaku.mhlw.go.jp/13/index.php?action_kouhyou_detail_004_kani=true&JigyosyoCd=1371203587-00&ServiceCd=510&Type=search", "url2": "http://www.keijuen.or.jp/tokyo/index.html" }, "geometry": { "type": "Point", "coordinates": [ 139.594863300775074, 35.657791829730904 ] } },
{ "type": "Feature", "properties": { "内容": "特別養護老人ホーム芦花ホーム【介護老人福祉施設】東京都世田谷区粕谷2-23-1", "url": "https://www.kaigokensaku.mhlw.go.jp/13/index.php?action_kouhyou_detail_004_kani=true&JigyosyoCd=1371216332-00&ServiceCd=510&Type=search", "url2": "https://www.setagayaj.or.jp/service/nursinghome/roka" }, "geometry": { "type": "Point", "coordinates": [ 139.609965, 35.6658587 ] } },
{ "type": "Feature", "properties": { "内容": "社会福祉法人康和会　久我山園【介護老人福祉施設】東京都世田谷区北烏山2-14-14", "url": "https://www.kaigokensaku.mhlw.go.jp/13/index.php?action_kouhyou_detail_004_kani=true&JigyosyoCd=1371200609-00&ServiceCd=510&Type=search", "url2": "http://www.kugayama-en.org/" }, "geometry": { "type": "Point", "coordinates": [ 139.598416899999961, 35.6813138 ] } },
{ "type": "Feature", "properties": { "内容": "特別養護老人ホーム　フレンズホーム【介護老人福祉施設】東京都世田谷区下馬2-21-11フレンズ世田谷センタービル", "url": "https://www.kaigokensaku.mhlw.go.jp/13/index.php?action_kouhyou_detail_004_kani=true&JigyosyoCd=1371200633-00&ServiceCd=510&Type=search", "url2": "https://www.n-friends.or.jp" }, "geometry": { "type": "Point", "coordinates": [ 139.675889899999987, 35.6401763 ] } },
{ "type": "Feature", "properties": { "内容": "特別養護老人ホーム　せたがや給田乃杜【介護老人福祉施設】東京都世田谷区給田5-3-5", "url": "https://www.kaigokensaku.mhlw.go.jp/13/index.php?action_kouhyou_detail_004_kani=true&JigyosyoCd=1371208610-00&ServiceCd=510&Type=search", "url2": "http://www.nanokakai.jp" }, "geometry": { "type": "Point", "coordinates": [ 139.588262500000042, 35.6731476 ] } },
{ "type": "Feature", "properties": { "内容": "特別養護老人ホーム馬事公苑【介護老人福祉施設】上用賀4-15-12LaStoria馬事公苑", "url": "https://www.kaigokensaku.mhlw.go.jp/13/index.php?action_kouhyou_detail_004_kani=true&JigyosyoCd=1371215565-00&ServiceCd=510&Type=search", "url2": "http://f-keishinkai.jp/" }, "geometry": { "type": "Point", "coordinates": [ 139.631113709786973, 35.635721354650087 ] } },
{ "type": "Feature", "properties": { "内容": "特別養護老人ホーム　ときわぎ世田谷【介護老人福祉施設】東京都世田谷区下馬２－３－１０特別養護老人ホーム　ときわぎ世田谷", "url": "https://www.kaigokensaku.mhlw.go.jp/13/index.php?action_kouhyou_detail_004_kani=true&JigyosyoCd=1371215730-00&ServiceCd=510&Type=search", "url2": "http://www.tokiwakai.tokyo" }, "geometry": { "type": "Point", "coordinates": [ 139.677376200000026, 35.6382131 ] } },
{ "type": "Feature", "properties": { "内容": "介護老人福祉施設　ラぺ二子玉川【介護老人福祉施設】東京都世田谷区瀬田４丁目5-5介護老人福祉施設　ラぺ二子玉川", "url": "https://www.kaigokensaku.mhlw.go.jp/13/index.php?action_kouhyou_detail_004_kani=true&JigyosyoCd=1371215755-00&ServiceCd=510&Type=search", "url2": "https://ryokujyukai.com" }, "geometry": { "type": "Point", "coordinates": [ 139.624383399999942, 35.6193686 ] } },
{ "type": "Feature", "properties": { "内容": "さくらほうむ【介護老人福祉施設】東京都世田谷区弦巻三丁目3番17号", "url": "https://www.kaigokensaku.mhlw.go.jp/13/index.php?action_kouhyou_detail_004_kani=true&JigyosyoCd=1371215870-00&ServiceCd=510&Type=search", "url2": "http://www.yayoi-home.com" }, "geometry": { "type": "Point", "coordinates": [ 139.6482996, 35.6355346 ] } },
{ "type": "Feature", "properties": { "内容": "特別養護老人ホーム　上北沢ホーム【介護老人福祉施設】東京都世田谷区上北沢1-28-17", "url": "https://www.kaigokensaku.mhlw.go.jp/13/index.php?action_kouhyou_detail_004_kani=true&JigyosyoCd=1371216340-00&ServiceCd=510&Type=search", "url2": "https://www.setagayaj.or.jp/" }, "geometry": { "type": "Point", "coordinates": [ 139.626159800000011, 35.6635204 ] } },
{ "type": "Feature", "properties": { "内容": "世田谷希望丘ホーム【介護老人福祉施設】東京都世田谷区船橋６丁目２５番２５号", "url": "https://www.kaigokensaku.mhlw.go.jp/13/index.php?action_kouhyou_detail_004_kani=true&JigyosyoCd=1371215086-00&ServiceCd=510&Type=search", "url2": "http://www.rakuseikai.or.jp" }, "geometry": { "type": "Point", "coordinates": [ 139.621600620901518, 35.65933323314573 ] } },
{ "type": "Feature", "properties": { "内容": "第2有隣ホーム（ユニット型）【介護老人福祉施設】東京都世田谷区船橋2-15-38", "url": "https://www.kaigokensaku.mhlw.go.jp/13/index.php?action_kouhyou_detail_004_kani=true&JigyosyoCd=1371217454-00&ServiceCd=510&Type=search", "url2": "https://dai2yurinhome.com/" }, "geometry": { "type": "Point", "coordinates": [ 139.6191114, 35.6510523 ] } },
{ "type": "Feature", "properties": { "内容": "等々力共愛ホームズ【介護老人福祉施設】東京都世田谷区等々力一丁目２４番１１号", "url": "https://www.kaigokensaku.mhlw.go.jp/13/index.php?action_kouhyou_detail_004_kani=true&JigyosyoCd=1371204882-00&ServiceCd=510&Type=search", "url2": "http://rougo-happy.or.jp/" }, "geometry": { "type": "Point", "coordinates": [ 139.648402, 35.6039135 ] } },
{ "type": "Feature", "properties": { "内容": "特別養護老人ホームフォーライフ桃郷【介護老人福祉施設】東京都世田谷区北烏山7-8-11", "url": "https://www.kaigokensaku.mhlw.go.jp/13/index.php?action_kouhyou_detail_004_kani=true&JigyosyoCd=1371205749-00&ServiceCd=510&Type=search", "url2": "http://www.jyusinkai.or.jp" }, "geometry": { "type": "Point", "coordinates": [ 139.592334199999982, 35.6772529 ] } },
{ "type": "Feature", "properties": { "内容": "特別養護老人ホーム弦巻の家【介護老人福祉施設】東京都世田谷区弦巻５－３４－５特別養護老人ホーム弦巻の家", "url": "https://www.kaigokensaku.mhlw.go.jp/13/index.php?action_kouhyou_detail_004_kani=true&JigyosyoCd=1371217041-00&ServiceCd=510&Type=search", "url2": "https://www.foryou.or.jp" }, "geometry": { "type": "Point", "coordinates": [ 139.636870625131223, 35.636220511866881 ] } },
{ "type": "Feature", "properties": { "内容": "介護老人福祉施設きたざわ苑【介護老人福祉施設】東京都世田谷区北沢5-24-18", "url": "https://www.kaigokensaku.mhlw.go.jp/13/index.php?action_kouhyou_detail_004_kani=true&JigyosyoCd=1371216365-00&ServiceCd=510&Type=search", "url2": "http://www.shoukichi.org/kitazawa/" }, "geometry": { "type": "Point", "coordinates": [ 139.671306892065417, 35.670026532595806 ] } },
{ "type": "Feature", "properties": { "内容": "特別養護老人ホーム　エリザベート成城【介護老人福祉施設】東京都世田谷区成城八丁目２７番２４号", "url": "https://www.kaigokensaku.mhlw.go.jp/13/index.php?action_kouhyou_detail_004_kani=true&JigyosyoCd=1371212612-00&ServiceCd=510&Type=search", "url2": "http://www.ryokufu1984.or.jp" }, "geometry": { "type": "Point", "coordinates": [ 139.5943244, 35.6478514 ] } },
{ "type": "Feature", "properties": { "内容": "特別養護老人ホーム深沢共愛ホームズ【介護老人福祉施設】東京都世田谷区深沢1丁目32番21号 ", "url": "https://www.kaigokensaku.mhlw.go.jp/13/index.php?action_kouhyou_detail_004_kani=true&JigyosyoCd=1371214642-00&ServiceCd=510&Type=search", "url2": "http://rougo-happy.or.jp/" }, "geometry": { "type": "Point", "coordinates": [ 139.665224800000033, 35.6194562 ] } },
{ "type": "Feature", "properties": { "内容": "千歳敬心苑【介護老人福祉施設】東京都世田谷区給田５丁目９番５号", "url": "https://www.kaigokensaku.mhlw.go.jp/13/index.php?action_kouhyou_detail_004_kani=true&JigyosyoCd=1371200666-00&ServiceCd=510&Type=search", "url2": "http://www.keisinen.or.jp/" }, "geometry": { "type": "Point", "coordinates": [ 139.5858349, 35.672106 ] } },
{ "type": "Feature", "properties": { "内容": "渋谷区けやきの苑・西原【介護老人福祉施設】東京都渋谷区西原２－１９－１", "url": "https://www.kaigokensaku.mhlw.go.jp/13/index.php?action_kouhyou_detail_004_kani=true&JigyosyoCd=1371300227-00&ServiceCd=510&Type=search", "url2": "http://www.m-keyaki.jp/" }, "geometry": { "type": "Point", "coordinates": [ 139.6795191, 35.6740751 ] } },
{ "type": "Feature", "properties": { "内容": "パール代官山【介護老人福祉施設】東京都渋谷区鉢山町３－２７", "url": "https://www.kaigokensaku.mhlw.go.jp/13/index.php?action_kouhyou_detail_004_kani=true&JigyosyoCd=1371300250-00&ServiceCd=510&Type=search", "url2": "http://www.shibuya-pearl.or.jp" }, "geometry": { "type": "Point", "coordinates": [ 139.698670833729608, 35.652733874913459 ] } },
{ "type": "Feature", "properties": { "内容": "渋谷区かんなみの杜・しぶや【介護老人福祉施設】東京都渋谷区神南1-8-6", "url": "https://www.kaigokensaku.mhlw.go.jp/13/index.php?action_kouhyou_detail_004_kani=true&JigyosyoCd=1371303817-00&ServiceCd=510&Type=search", "url2": "http://www.enzerufukushikai.or.jp/facility/shibuya/" }, "geometry": { "type": "Point", "coordinates": [ 139.700863608598326, 35.664238883704684 ] } },
{ "type": "Feature", "properties": { "内容": "渋谷区あやめの苑・代々木【介護老人福祉施設】東京都渋谷区代々木三丁目35番1号", "url": "https://www.kaigokensaku.mhlw.go.jp/13/index.php?action_kouhyou_detail_004_kani=true&JigyosyoCd=1371300235-00&ServiceCd=510&Type=search", "url2": "https://shibuyaswc/jp" }, "geometry": { "type": "Point", "coordinates": [ 139.693128699999988, 35.6825606 ] } },
{ "type": "Feature", "properties": { "内容": "つるとかめ【介護老人福祉施設】東京都渋谷区笹塚2-31-8", "url": "https://www.kaigokensaku.mhlw.go.jp/13/index.php?action_kouhyou_detail_004_kani=true&JigyosyoCd=1371300243-00&ServiceCd=510&Type=search", "url2": "http://www.nakato.or.jp/" }, "geometry": { "type": "Point", "coordinates": [ 139.663781500000027, 35.674469 ] } },
{ "type": "Feature", "properties": { "内容": "杜の風・上原　特別養護老人ホーム正吉苑【介護老人福祉施設】東京都　渋谷区　上原　２－２－１７", "url": "https://www.kaigokensaku.mhlw.go.jp/13/index.php?action_kouhyou_detail_004_kani=true&JigyosyoCd=1371302892-00&ServiceCd=510&Type=search", "url2": "http://shoukichi.org" }, "geometry": { "type": "Point", "coordinates": [ 139.68416552513122, 35.667787171057405 ] } },
{ "type": "Feature", "properties": { "内容": "しぶやくみたけのおかしぶや【介護老人福祉施設】東京都渋谷区渋谷1-18-9", "url": "https://www.kaigokensaku.mhlw.go.jp/13/index.php?action_kouhyou_detail_004_kani=true&JigyosyoCd=1371301688-00&ServiceCd=510&Type=search", "url2": "https://shibuyaswc.jp/" }, "geometry": { "type": "Point", "coordinates": [ 139.7045812, 35.6617952 ] } },
{ "type": "Feature", "properties": { "内容": "日本赤十字社総合福祉センター　特別養護老人ホーム　レクロス広尾【介護老人福祉施設】東京都渋谷区広尾４丁目１番２３号日本赤十字社総合福祉センター", "url": "https://www.kaigokensaku.mhlw.go.jp/13/index.php?action_kouhyou_detail_004_kani=true&JigyosyoCd=1371302736-00&ServiceCd=510&Type=search", "url2": "https://hiroo.jrc.or.jp/" }, "geometry": { "type": "Point", "coordinates": [ 139.718982800000049, 35.6545367 ] } },
{ "type": "Feature", "properties": { "内容": "渋谷区つばめの里・本町東【介護老人福祉施設】東京都渋谷区本町3-46-1", "url": "https://www.kaigokensaku.mhlw.go.jp/13/index.php?action_kouhyou_detail_004_kani=true&JigyosyoCd=1371303569-00&ServiceCd=510&Type=search", "url2": "https://www.foryou.or.jp/corp1/tsubamenosato/" }, "geometry": { "type": "Point", "coordinates": [ 139.6822628, 35.6879124 ] } },
{ "type": "Feature", "properties": { "内容": "中野区かみさぎ特別養護老人ホーム【介護老人福祉施設】東京都中野区上鷺宮3-17-4", "url": "https://www.kaigokensaku.mhlw.go.jp/13/index.php?action_kouhyou_detail_004_kani=true&JigyosyoCd=1371400290-00&ServiceCd=510&Type=search", "url2": "https://kamisagi.studio.site/" }, "geometry": { "type": "Point", "coordinates": [ 139.631395600000019, 35.7351951 ] } },
{ "type": "Feature", "properties": { "内容": "ベタニアホーム【介護老人福祉施設】東京都中野区江古田３－１５－２", "url": "https://www.kaigokensaku.mhlw.go.jp/13/index.php?action_kouhyou_detail_004_kani=true&JigyosyoCd=1371400308-00&ServiceCd=510&Type=search", "url2": "http://www.bethania.gr.jp" }, "geometry": { "type": "Point", "coordinates": [ 139.664254, 35.7283465 ] } },
{ "type": "Feature", "properties": { "内容": "おたきほうむ【介護老人福祉施設】東京都中野区東中野5-17-30", "url": "https://www.kaigokensaku.mhlw.go.jp/13/index.php?action_kouhyou_detail_004_kani=true&JigyosyoCd=1371404243-00&ServiceCd=510&Type=search", "url2": "https://care-net.biz/13/carenet/" }, "geometry": { "type": "Point", "coordinates": [ 139.6885476, 35.70941 ] } },
{ "type": "Feature", "properties": { "内容": "特別養護老人ホーム中野すみれ園【介護老人福祉施設】東京都中野区弥生町6丁目7番16号", "url": "https://www.kaigokensaku.mhlw.go.jp/13/index.php?action_kouhyou_detail_004_kani=true&JigyosyoCd=1371405836-00&ServiceCd=510&Type=search", "url2": "https://nakano-sumire.jp/" }, "geometry": { "type": "Point", "coordinates": [ 139.660993, 35.6860807 ] } },
{ "type": "Feature", "properties": { "内容": "特別養護老人ホーム　ハピネスホーム・ひなぎくの丘【介護老人福祉施設】東京都中野区弥生町5-11-15", "url": "https://www.kaigokensaku.mhlw.go.jp/13/index.php?action_kouhyou_detail_004_kani=true&JigyosyoCd=1371405307-00&ServiceCd=510&Type=search", "url2": "http://hinagikuno-oka.org" }, "geometry": { "type": "Point", "coordinates": [ 139.668039599999958, 35.6880738 ] } },
{ "type": "Feature", "properties": { "内容": "特別養護老人ホームしらさぎホーム【介護老人福祉施設】東京都中野区白鷺2-51-5", "url": "https://www.kaigokensaku.mhlw.go.jp/13/index.php?action_kouhyou_detail_004_kani=true&JigyosyoCd=1371401546-00&ServiceCd=510&Type=search", "url2": "https://www.nakano-fj.jp/" }, "geometry": { "type": "Point", "coordinates": [ 139.631982099999959, 35.720019 ] } },
{ "type": "Feature", "properties": { "内容": "特別養護老人ホーム　　小淀ホーム【介護老人福祉施設】東京都中野区中央１－１８－３", "url": "https://www.kaigokensaku.mhlw.go.jp/13/index.php?action_kouhyou_detail_004_kani=true&JigyosyoCd=1371401561-00&ServiceCd=510&Type=search", "url2": "http://www.nakano-fj.jp" }, "geometry": { "type": "Point", "coordinates": [ 139.687212, 35.7002361 ] } },
{ "type": "Feature", "properties": { "内容": "特別養護老人ホーム　江古田の森【介護老人福祉施設】東京都中野区江古田３－１４－１９", "url": "https://www.kaigokensaku.mhlw.go.jp/13/index.php?action_kouhyou_detail_004_kani=true&JigyosyoCd=1371402874-00&ServiceCd=510&Type=search", "url2": "http://www.kaigo-egota.com/" }, "geometry": { "type": "Point", "coordinates": [ 139.665365, 35.729588 ] } },
{ "type": "Feature", "properties": { "内容": "介護老人福祉施設　浄風園【介護老人福祉施設】東京都中野区江古田4-19-9", "url": "https://www.kaigokensaku.mhlw.go.jp/13/index.php?action_kouhyou_detail_004_kani=true&JigyosyoCd=1371400316-00&ServiceCd=510&Type=search", "url2": "https://johu-en.sadist.jp" }, "geometry": { "type": "Point", "coordinates": [ 139.663198835581966, 35.727393587146665 ] } },
{ "type": "Feature", "properties": { "内容": "東京令和館　中野【介護老人福祉施設】東京都中野区江古田4-43-5", "url": "https://www.kaigokensaku.mhlw.go.jp/13/index.php?action_kouhyou_detail_004_kani=true&JigyosyoCd=1371405976-00&ServiceCd=510&Type=search", "url2": "http://tokyo-busonkai.or.jp/" }, "geometry": { "type": "Point", "coordinates": [ 139.6590371, 35.725310900000025 ] } },
{ "type": "Feature", "properties": { "内容": "特別養護老人ホーム弥生ホーム【介護老人福祉施設】東京都中野区弥生町2-42-2", "url": "https://www.kaigokensaku.mhlw.go.jp/13/index.php?action_kouhyou_detail_004_kani=true&JigyosyoCd=1371401066-00&ServiceCd=510&Type=search", "url2": "http://www.yayoi-home.com" }, "geometry": { "type": "Point", "coordinates": [ 139.672455, 35.6919505 ] } },
{ "type": "Feature", "properties": { "内容": "中野友愛ホーム【介護老人福祉施設】東京都中野区江古田２－２４－１１特別養護老人ホーム　中野友愛ホーム", "url": "https://www.kaigokensaku.mhlw.go.jp/13/index.php?action_kouhyou_detail_004_kani=true&JigyosyoCd=1371400282-00&ServiceCd=510&Type=search", "url2": "http://www.musashinoryoen.jp/" }, "geometry": { "type": "Point", "coordinates": [ 139.66355608518063, 35.727560165704723 ] } },
{ "type": "Feature", "properties": { "内容": "南陽園【介護老人福祉施設】東京都杉並区高井戸西1-12-1", "url": "https://www.kaigokensaku.mhlw.go.jp/13/index.php?action_kouhyou_detail_004_kani=true&JigyosyoCd=1371500222-00&ServiceCd=510&Type=search", "url2": "https://www.yokufuukai.or.jp/facility/nanyo_en.html" }, "geometry": { "type": "Point", "coordinates": [ 139.609641843516556, 35.679724168371465 ] } },
{ "type": "Feature", "properties": { "内容": "第二南陽園【介護老人福祉施設】東京都杉並区高井戸西1-12-1", "url": "https://www.kaigokensaku.mhlw.go.jp/13/index.php?action_kouhyou_detail_004_kani=true&JigyosyoCd=1371500230-00&ServiceCd=510&Type=search", "url2": "https://www.yokufuukai.or.jp" }, "geometry": { "type": "Point", "coordinates": [ 139.608923011500565, 35.681628356986749 ] } },
{ "type": "Feature", "properties": { "内容": "特別養護老人ホーム第三南陽園【介護老人福祉施設】東京都杉並区高井戸西1-12-1", "url": "https://www.kaigokensaku.mhlw.go.jp/13/index.php?action_kouhyou_detail_004_kani=true&JigyosyoCd=1371501766-00&ServiceCd=510&Type=search", "url2": "https://www.yokufuukai.or.jp/facility/nanyo_en3.html" }, "geometry": { "type": "Point", "coordinates": [ 139.609904699999987, 35.6803865 ] } },
{ "type": "Feature", "properties": { "内容": "すぎなみ正吉苑【介護老人福祉施設】東京都杉並区清水２－１５－２４", "url": "https://www.kaigokensaku.mhlw.go.jp/13/index.php?action_kouhyou_detail_004_kani=true&JigyosyoCd=1371503028-00&ServiceCd=510&Type=search", "url2": "http://www.shoukichi.org/" }, "geometry": { "type": "Point", "coordinates": [ 139.6177947, 35.7142778 ] } },
{ "type": "Feature", "properties": { "内容": "救世軍恵みの家【介護老人福祉施設】東京都杉並区和田1-41-11", "url": "https://www.kaigokensaku.mhlw.go.jp/13/index.php?action_kouhyou_detail_004_kani=true&JigyosyoCd=1371507813-00&ServiceCd=510&Type=search", "url2": "https://meguminoie.salvationarmy.or.jp" }, "geometry": { "type": "Point", "coordinates": [ 139.6592789, 35.6919482 ] } },
{ "type": "Feature", "properties": { "内容": "社会福祉法人奉優会沓掛ホーム【介護老人福祉施設】東京都杉並区本天沼3-34-28", "url": "https://www.kaigokensaku.mhlw.go.jp/13/index.php?action_kouhyou_detail_004_kani=true&JigyosyoCd=1371508514-00&ServiceCd=510&Type=search", "url2": "http://ｗｗｗ.foryou.or.jp" }, "geometry": { "type": "Point", "coordinates": [ 139.6220859, 35.7162221 ] } },
{ "type": "Feature", "properties": { "内容": "特別養護老人ホーム　山河【介護老人福祉施設】東京都杉並区高井戸東3-30-13", "url": "https://www.kaigokensaku.mhlw.go.jp/13/index.php?action_kouhyou_detail_004_kani=true&JigyosyoCd=1371510411-00&ServiceCd=510&Type=search", "url2": "https://www.sawarabikai.or.jp" }, "geometry": { "type": "Point", "coordinates": [ 139.61827489999996, 35.6869352 ] } },
{ "type": "Feature", "properties": { "内容": "さんじゅ阿佐谷【介護老人福祉施設】東京都杉並区阿佐谷北1-2-1", "url": "https://www.kaigokensaku.mhlw.go.jp/13/index.php?action_kouhyou_detail_004_kani=true&JigyosyoCd=1371500248-00&ServiceCd=510&Type=search", "url2": "http://sanjyukai.jp/" }, "geometry": { "type": "Point", "coordinates": [ 139.640056800000025, 35.7052318 ] } },
{ "type": "Feature", "properties": { "内容": "特別養護老人ホーム　和田堀ホーム【介護老人福祉施設】東京都杉並区和田２－２７－８", "url": "https://www.kaigokensaku.mhlw.go.jp/13/index.php?action_kouhyou_detail_004_kani=true&JigyosyoCd=1371500958-00&ServiceCd=510&Type=search", "url2": "http://wdx.wadahome.jp/" }, "geometry": { "type": "Point", "coordinates": [ 139.6551452, 35.6902752 ] } },
{ "type": "Feature", "properties": { "内容": "さんじゅ久我山【介護老人福祉施設】東京都杉並区久我山3-47-16", "url": "https://www.kaigokensaku.mhlw.go.jp/13/index.php?action_kouhyou_detail_004_kani=true&JigyosyoCd=1371502335-00&ServiceCd=510&Type=search", "url2": "http://www.sanjyukai.jp" }, "geometry": { "type": "Point", "coordinates": [ 139.593233700000042, 35.6899018 ] } },
{ "type": "Feature", "properties": { "内容": "特別養護老人ホーム　マイルドハート高円寺【介護老人福祉施設】東京都杉並区高円寺北１－２８－１", "url": "https://www.kaigokensaku.mhlw.go.jp/13/index.php?action_kouhyou_detail_004_kani=true&JigyosyoCd=1371505650-00&ServiceCd=510&Type=search", "url2": "http://www.utazufukushikai.or.jp" }, "geometry": { "type": "Point", "coordinates": [ 139.657783, 35.7090426 ] } },
{ "type": "Feature", "properties": { "内容": "特別養護老人ホーム　愛敬苑【介護老人福祉施設】東京都杉並区和田一丁目３番７号", "url": "https://www.kaigokensaku.mhlw.go.jp/13/index.php?action_kouhyou_detail_004_kani=true&JigyosyoCd=1371508340-00&ServiceCd=510&Type=search", "url2": "http://jiunkai.org/index.html" }, "geometry": { "type": "Point", "coordinates": [ 139.664132590213057, 35.6895325507706 ] } },
{ "type": "Feature", "properties": { "内容": "リバービレッジ杉並【介護老人福祉施設】東京都杉並区清水3-3-13", "url": "https://www.kaigokensaku.mhlw.go.jp/13/index.php?action_kouhyou_detail_004_kani=true&JigyosyoCd=1371510262-00&ServiceCd=510&Type=search", "url2": "https://rvsuginami.jp/" }, "geometry": { "type": "Point", "coordinates": [ 139.619388, 35.716442100000016 ] } },
{ "type": "Feature", "properties": { "内容": "特別養護老人ホーム　プライムガーデンズ高円寺【介護老人福祉施設】東京都杉並区高円寺南五丁目33番7号", "url": "https://www.kaigokensaku.mhlw.go.jp/13/index.php?action_kouhyou_detail_004_kani=true&JigyosyoCd=1371510668-00&ServiceCd=510&Type=search", "url2": "http://sanyoufukushikai.com" }, "geometry": { "type": "Point", "coordinates": [ 139.6555718, 35.7051092 ] } },
{ "type": "Feature", "properties": { "内容": "特別養護老人ホーム上井草園【介護老人福祉施設】東京都杉並区上井草３－３３－１０", "url": "https://www.kaigokensaku.mhlw.go.jp/13/index.php?action_kouhyou_detail_004_kani=true&JigyosyoCd=1371503036-00&ServiceCd=510&Type=search", "url2": "http://www.3friends.or.jp" }, "geometry": { "type": "Point", "coordinates": [ 139.602965199999971, 35.7242234 ] } },
{ "type": "Feature", "properties": { "内容": "永福南社会福祉ガーデン【介護老人福祉施設】東京都杉並区永福1-7-6", "url": "https://www.kaigokensaku.mhlw.go.jp/13/index.php?action_kouhyou_detail_004_kani=true&JigyosyoCd=1371509835-00&ServiceCd=510&Type=search", "url2": "https://www.f-kenseikai.or.jp/senior-garden/facility.html" }, "geometry": { "type": "Point", "coordinates": [ 139.643391899999983, 35.6697453 ] } },
{ "type": "Feature", "properties": { "内容": "特別養護老人ホーム新泉サナホーム【介護老人福祉施設】東京都杉並区和泉1丁目44番19号", "url": "https://www.kaigokensaku.mhlw.go.jp/13/index.php?action_kouhyou_detail_004_kani=true&JigyosyoCd=1371510098-00&ServiceCd=510&Type=search", "url2": "https://www.jinaikai.jp" }, "geometry": { "type": "Point", "coordinates": [ 139.656110139950556, 35.676166256170831 ] } },
{ "type": "Feature", "properties": { "内容": "特別養護老人ホーム　かえで園【介護老人福祉施設】東京都杉並区宮前5－5－1", "url": "https://www.kaigokensaku.mhlw.go.jp/13/index.php?action_kouhyou_detail_004_kani=true&JigyosyoCd=1371510171-00&ServiceCd=510&Type=search", "url2": "http://www.tojinkai.or.jp" }, "geometry": { "type": "Point", "coordinates": [ 139.59855253439332, 35.692447252904117 ] } },
{ "type": "Feature", "properties": { "内容": "特別養護老人ホーム　和泉サナホーム【介護老人福祉施設】東京都杉並区和泉四丁目16番10号", "url": "https://www.kaigokensaku.mhlw.go.jp/13/index.php?action_kouhyou_detail_004_kani=true&JigyosyoCd=1371508266-00&ServiceCd=510&Type=search", "url2": "https://www.jinaikai.jp" }, "geometry": { "type": "Point", "coordinates": [ 139.649676159524546, 35.678415937522544 ] } },
{ "type": "Feature", "properties": { "内容": "特別養護老人ホームおぎくぼ紫苑【介護老人福祉施設】東京都杉並区荻窪3-7-30特別養護老人ホームおぎくぼ紫苑", "url": "https://www.kaigokensaku.mhlw.go.jp/13/index.php?action_kouhyou_detail_004_kani=true&JigyosyoCd=1371509397-00&ServiceCd=510&Type=search", "url2": "http://outoukai.com" }, "geometry": { "type": "Point", "coordinates": [ 139.625560426489301, 35.698419335609536 ] } },
{ "type": "Feature", "properties": { "内容": "特別養護老人ホームフェニックス杉並【介護老人福祉施設】東京都杉並区天沼三丁目19番14号", "url": "https://www.kaigokensaku.mhlw.go.jp/13/index.php?action_kouhyou_detail_004_kani=true&JigyosyoCd=1371510825-00&ServiceCd=510&Type=search", "url2": "https://suginami.akatsukikai.com/" }, "geometry": { "type": "Point", "coordinates": [ 139.62022680000004, 35.7099624 ] } },
{ "type": "Feature", "properties": { "内容": "特別養護老人ホームサンフレンズ善福寺【介護老人福祉施設】東京都杉並区善福寺３－２７－１１", "url": "https://www.kaigokensaku.mhlw.go.jp/13/index.php?action_kouhyou_detail_004_kani=true&JigyosyoCd=1371504976-00&ServiceCd=510&Type=search", "url2": "https://www.3friends.or.jp" }, "geometry": { "type": "Point", "coordinates": [ 139.587397399999986, 35.7154101 ] } },
{ "type": "Feature", "properties": { "内容": "特別養護老人ホーム菊かおる園【介護老人福祉施設】東京都豊島区西巣鴨二丁目３０番１９号", "url": "https://www.kaigokensaku.mhlw.go.jp/13/index.php?action_kouhyou_detail_004_kani=true&JigyosyoCd=1371602457-00&ServiceCd=510&Type=search", "url2": "https://toshimaj.or.jp/facilities/kikukaorusono" }, "geometry": { "type": "Point", "coordinates": [ 139.728478600000017, 35.7393251 ] } },
{ "type": "Feature", "properties": { "内容": "特別養護老人ホーム風かおる里【介護老人福祉施設】東京都豊島区南長崎6丁目15番6号", "url": "https://www.kaigokensaku.mhlw.go.jp/13/index.php?action_kouhyou_detail_004_kani=true&JigyosyoCd=1371602549-00&ServiceCd=510&Type=search", "url2": "http://www.toshimaj.or.jp" }, "geometry": { "type": "Point", "coordinates": [ 139.679044299999987, 35.7309435 ] } },
{ "type": "Feature", "properties": { "内容": "池袋敬心苑【介護老人福祉施設】東京都豊島区南池袋3-7-8オリナスふくろうの杜", "url": "https://www.kaigokensaku.mhlw.go.jp/13/index.php?action_kouhyou_detail_004_kani=true&JigyosyoCd=1371602556-00&ServiceCd=510&Type=search", "url2": "http://www.keishinen.or.jp/ikebukuro/" }, "geometry": { "type": "Point", "coordinates": [ 139.7120999, 35.7235511 ] } },
{ "type": "Feature", "properties": { "内容": "特別養護老人ホーム池袋ほんちょうの郷【介護老人福祉施設】東京都豊島区池袋本町1-29-12", "url": "https://www.kaigokensaku.mhlw.go.jp/13/index.php?action_kouhyou_detail_004_kani=true&JigyosyoCd=1371600279-00&ServiceCd=510&Type=search", "url2": "http://www.frontier-sw.or.jp/" }, "geometry": { "type": "Point", "coordinates": [ 139.714851865203315, 35.739799815661804 ] } },
{ "type": "Feature", "properties": { "内容": "ゆたか苑【介護老人福祉施設】東京都豊島区長崎３丁目２６番地４号", "url": "https://www.kaigokensaku.mhlw.go.jp/13/index.php?action_kouhyou_detail_004_kani=true&JigyosyoCd=1371600303-00&ServiceCd=510&Type=search", "url2": "http://www.yutakaen-douen.com" }, "geometry": { "type": "Point", "coordinates": [ 139.687949099999969, 35.7315268 ] } },
{ "type": "Feature", "properties": { "内容": "特別養護老人ホーム　シオンとしま【介護老人福祉施設】東京都豊島区池袋１－４－１１", "url": "https://www.kaigokensaku.mhlw.go.jp/13/index.php?action_kouhyou_detail_004_kani=true&JigyosyoCd=1371602077-00&ServiceCd=510&Type=search", "url2": "http://www.seiei-kai.jp/" }, "geometry": { "type": "Point", "coordinates": [ 139.713366, 35.7346835 ] } },
{ "type": "Feature", "properties": { "内容": "特別養護老人ホーム　千川の杜【介護老人福祉施設】東京都豊島区要町三丁目54-9特別養護老人ホーム　千川の杜", "url": "https://www.kaigokensaku.mhlw.go.jp/13/index.php?action_kouhyou_detail_004_kani=true&JigyosyoCd=1371605054-00&ServiceCd=510&Type=search", "url2": "http://nanokakai.jp/senkawa-no-mori" }, "geometry": { "type": "Point", "coordinates": [ 139.689151300000049, 35.7408092 ] } },
{ "type": "Feature", "properties": { "内容": "特別養護老人ホーム山吹の里【介護老人福祉施設】東京都豊島区高田三丁目37番17号", "url": "https://www.kaigokensaku.mhlw.go.jp/13/index.php?action_kouhyou_detail_004_kani=true&JigyosyoCd=1371602564-00&ServiceCd=510&Type=search", "url2": "http://frontier-sw.or.jp" }, "geometry": { "type": "Point", "coordinates": [ 139.710605900000019, 35.7160268 ] } },
{ "type": "Feature", "properties": { "内容": "特別養護老人ホーム　アトリエ村【介護老人福祉施設】東京都豊島区長崎４－２３－１", "url": "https://www.kaigokensaku.mhlw.go.jp/13/index.php?action_kouhyou_detail_004_kani=true&JigyosyoCd=1371602523-00&ServiceCd=510&Type=search", "url2": "https://www.toshimaj.or.jp" }, "geometry": { "type": "Point", "coordinates": [ 139.686266, 35.7303214 ] } },
{ "type": "Feature", "properties": { "内容": "特別養護老人ホーム　東池袋桑の実園【介護老人福祉施設】東京都豊島区東池袋5-39-18", "url": "https://www.kaigokensaku.mhlw.go.jp/13/index.php?action_kouhyou_detail_004_kani=true&JigyosyoCd=1371605211-00&ServiceCd=510&Type=search", "url2": "higashiikebukuro@kuwanomien.jp" }, "geometry": { "type": "Point", "coordinates": [ 139.72570410000003, 35.7281929 ] } },
{ "type": "Feature", "properties": { "内容": "特別養護老人ホーム　王子光照苑【介護老人福祉施設】東京都北区王子３－３－１王子光照苑", "url": "https://www.kaigokensaku.mhlw.go.jp/13/index.php?action_kouhyou_detail_004_kani=true&JigyosyoCd=1371700251-00&ServiceCd=510&Type=search", "url2": "https://o-kousyoen.com" }, "geometry": { "type": "Point", "coordinates": [ 139.732963599999948, 35.7604423 ] } },
{ "type": "Feature", "properties": { "内容": "赤羽北さくら荘【介護老人福祉施設】東京都北区赤羽北3-6-10", "url": "https://www.kaigokensaku.mhlw.go.jp/13/index.php?action_kouhyou_detail_004_kani=true&JigyosyoCd=1371706647-00&ServiceCd=510&Type=search", "url2": "https://www.ak-sakurasou.org/" }, "geometry": { "type": "Point", "coordinates": [ 139.706889153967268, 35.783006008885287 ] } },
{ "type": "Feature", "properties": { "内容": "特別養護老人ホーム　飛鳥晴山苑【介護老人福祉施設】東京都北区西ヶ原4-51-1", "url": "https://www.kaigokensaku.mhlw.go.jp/13/index.php?action_kouhyou_detail_004_kani=true&JigyosyoCd=1371704261-00&ServiceCd=510&Type=search", "url2": "https://seizan-kai.or.jp/asuka-seizanen/" }, "geometry": { "type": "Point", "coordinates": [ 139.735894700000017, 35.741436 ] } },
{ "type": "Feature", "properties": { "内容": "赤羽北さくら荘【介護老人福祉施設】東京都北区赤羽北3-6-10", "url": "https://www.kaigokensaku.mhlw.go.jp/13/index.php?action_kouhyou_detail_004_kani=true&JigyosyoCd=1371706654-00&ServiceCd=510&Type=search", "url2": "https://www.ak-sakurasou.org/" }, "geometry": { "type": "Point", "coordinates": [ 139.706915976057417, 35.782992953436697 ] } },
{ "type": "Feature", "properties": { "内容": "みずべの苑【介護老人福祉施設】東京都北区志茂3-6-5", "url": "https://www.kaigokensaku.mhlw.go.jp/13/index.php?action_kouhyou_detail_004_kani=true&JigyosyoCd=1371701408-00&ServiceCd=510&Type=search", "url2": "http://www.urara.or.jp" }, "geometry": { "type": "Point", "coordinates": [ 139.736007200000017, 35.776931900000022 ] } },
{ "type": "Feature", "properties": { "内容": "新町光陽苑【介護老人福祉施設】東京都北区田端新町2丁目27番16号", "url": "https://www.kaigokensaku.mhlw.go.jp/13/index.php?action_kouhyou_detail_004_kani=true&JigyosyoCd=1371705508-00&ServiceCd=510&Type=search", "url2": "http://www.senyoukai.or.jp" }, "geometry": { "type": "Point", "coordinates": [ 139.7676563, 35.7406036 ] } },
{ "type": "Feature", "properties": { "内容": "浮間こひつじ園【介護老人福祉施設】東京都北区浮間二丁目１２番-22号", "url": "https://www.kaigokensaku.mhlw.go.jp/13/index.php?action_kouhyou_detail_004_kani=true&JigyosyoCd=1371706852-00&ServiceCd=510&Type=search", "url2": "http://chibaikumikai.or.jp/index.html" }, "geometry": { "type": "Point", "coordinates": [ 139.697409258335938, 35.791427592377325 ] } },
{ "type": "Feature", "properties": { "内容": "介護老人福祉施設うきま幸朋苑【介護老人福祉施設】東京都北区浮間5－13－1", "url": "https://www.kaigokensaku.mhlw.go.jp/13/index.php?action_kouhyou_detail_004_kani=true&JigyosyoCd=1371703784-00&ServiceCd=510&Type=search", "url2": "http://www.kohoen.jp" }, "geometry": { "type": "Point", "coordinates": [ 139.692485799999986, 35.78471 ] } },
{ "type": "Feature", "properties": { "内容": "特別養護老人ホーム上中里つつじ荘【介護老人福祉施設】東京都北区上中里2-45-2", "url": "https://www.kaigokensaku.mhlw.go.jp/13/index.php?action_kouhyou_detail_004_kani=true&JigyosyoCd=1371705052-00&ServiceCd=510&Type=search", "url2": "http://kitajigyo.com/aged_service/kaminakazato/home.html" }, "geometry": { "type": "Point", "coordinates": [ 139.754871710713047, 35.744249030349181 ] } },
{ "type": "Feature", "properties": { "内容": "東京都北区立特別養護老人ホーム清水坂あじさい荘【介護老人福祉施設】東京都北区中十条4-16-32", "url": "https://www.kaigokensaku.mhlw.go.jp/13/index.php?action_kouhyou_detail_004_kani=true&JigyosyoCd=1371705060-00&ServiceCd=510&Type=search", "url2": "http://www.kitajigyo.com" }, "geometry": { "type": "Point", "coordinates": [ 139.722705656133201, 35.769746161408285 ] } },
{ "type": "Feature", "properties": { "内容": "浮間こひつじ園【介護老人福祉施設】東京都北区浮間二丁目１２番２２号", "url": "https://www.kaigokensaku.mhlw.go.jp/13/index.php?action_kouhyou_detail_004_kani=true&JigyosyoCd=1371706845-00&ServiceCd=510&Type=search", "url2": "http://chibaikumikai.or.jp/index.html" }, "geometry": { "type": "Point", "coordinates": [ 139.697679034964494, 35.791426373936901 ] } },
{ "type": "Feature", "properties": { "内容": "ウエルガーデン西が丘園【介護老人福祉施設】東京都北区西が丘3-16-27", "url": "https://www.kaigokensaku.mhlw.go.jp/13/index.php?action_kouhyou_detail_004_kani=true&JigyosyoCd=1371700285-00&ServiceCd=510&Type=search", "url2": "http://www.welgarden.or.jp/nishigaokaen/" }, "geometry": { "type": "Point", "coordinates": [ 139.706860099999972, 35.7672713 ] } },
{ "type": "Feature", "properties": { "内容": "北区立特別養護老人ホーム桐ケ丘やまぶき荘【介護老人福祉施設】東京都北区浮間3-11-26", "url": "https://www.kaigokensaku.mhlw.go.jp/13/index.php?action_kouhyou_detail_004_kani=true&JigyosyoCd=1371705045-00&ServiceCd=510&Type=search", "url2": "http://seirouin.or.jp/yamabuki/" }, "geometry": { "type": "Point", "coordinates": [ 139.699472246392702, 35.786937563562041 ] } },
{ "type": "Feature", "properties": { "内容": "特別養護老人ホームさくら館【介護老人福祉施設】東京都荒川区町屋７－１０－６", "url": "https://www.kaigokensaku.mhlw.go.jp/13/index.php?action_kouhyou_detail_004_kani=true&JigyosyoCd=1371801588-00&ServiceCd=510&Type=search", "url2": "https://hokuyoukai.jp/sakura/" }, "geometry": { "type": "Point", "coordinates": [ 139.786831799999959, 35.7493842 ] } },
{ "type": "Feature", "properties": { "内容": "荒川区立特別養護老人ホーム花の木ハイム荒川【介護老人福祉施設】東京都荒川区荒川5-47-2", "url": "https://www.kaigokensaku.mhlw.go.jp/13/index.php?action_kouhyou_detail_004_kani=true&JigyosyoCd=1371802529-00&ServiceCd=510&Type=search", "url2": "https://www.foryou.or.jp/corp1/hananoki/" }, "geometry": { "type": "Point", "coordinates": [ 139.776188899999966, 35.7398291 ] } },
{ "type": "Feature", "properties": { "内容": "荒川区立特別養護老人ホーム　サンハイム荒川【介護老人福祉施設】東京都荒川区南千住3-14-7", "url": "https://www.kaigokensaku.mhlw.go.jp/13/index.php?action_kouhyou_detail_004_kani=true&JigyosyoCd=1371802537-00&ServiceCd=510&Type=search", "url2": "https://sunheim.camellia-kai.com/" }, "geometry": { "type": "Point", "coordinates": [ 139.803120700000022, 35.7303728 ] } },
{ "type": "Feature", "properties": { "内容": "癒しの里　南千住【介護老人福祉施設】東京都荒川区南千住６－６７－８癒しの里　南千住", "url": "https://www.kaigokensaku.mhlw.go.jp/13/index.php?action_kouhyou_detail_004_kani=true&JigyosyoCd=1371803329-00&ServiceCd=510&Type=search", "url2": "http://www.sanko-fukusi.or.jp/" }, "geometry": { "type": "Point", "coordinates": [ 139.794787499999984, 35.7388246 ] } },
{ "type": "Feature", "properties": { "内容": "特別養護老人ホーム　あそかのぞみの郷【介護老人福祉施設】東京都荒川区西尾久1-1-12", "url": "https://www.kaigokensaku.mhlw.go.jp/13/index.php?action_kouhyou_detail_004_kani=true&JigyosyoCd=1371804921-00&ServiceCd=510&Type=search", "url2": "https://www.asokakai.or.jp" }, "geometry": { "type": "Point", "coordinates": [ 139.7648666, 35.7444165 ] } },
{ "type": "Feature", "properties": { "内容": "特別養護老人ホーム　おたけの郷【介護老人福祉施設】東京都荒川区町屋7-18-11", "url": "https://www.kaigokensaku.mhlw.go.jp/13/index.php?action_kouhyou_detail_004_kani=true&JigyosyoCd=1371803568-00&ServiceCd=510&Type=search", "url2": "http://otakenosato.jp" }, "geometry": { "type": "Point", "coordinates": [ 139.789337100000012, 35.7497481 ] } },
{ "type": "Feature", "properties": { "内容": "荒川区立特別養護老人ホーム　グリーンハイム荒川【介護老人福祉施設】東京都荒川区南千住６－３６－５", "url": "https://www.kaigokensaku.mhlw.go.jp/13/index.php?action_kouhyou_detail_004_kani=true&JigyosyoCd=1371802545-00&ServiceCd=510&Type=search", "url2": "http://www.seifuukai.or.jp" }, "geometry": { "type": "Point", "coordinates": [ 139.791215500000021, 35.7385662 ] } },
{ "type": "Feature", "properties": { "内容": "板橋の里　英智園【介護老人福祉施設】東京都板橋区前野町３－４５－７", "url": "https://www.kaigokensaku.mhlw.go.jp/13/index.php?action_kouhyou_detail_004_kani=true&JigyosyoCd=1371906858-00&ServiceCd=510&Type=search", "url2": "http://care-net.biz/13/eichien/" }, "geometry": { "type": "Point", "coordinates": [ 139.693883300000039, 35.7714676 ] } },
{ "type": "Feature", "properties": { "内容": "東京武蔵野ホーム【介護老人福祉施設】東京都板橋区小茂根4-11-11", "url": "https://www.kaigokensaku.mhlw.go.jp/13/index.php?action_kouhyou_detail_004_kani=true&JigyosyoCd=1371900281-00&ServiceCd=510&Type=search", "url2": "http://www.komonenosato.com" }, "geometry": { "type": "Point", "coordinates": [ 139.675077399999964, 35.7466696 ] } },
{ "type": "Feature", "properties": { "内容": "特別養護老人ホームケアポート板橋【介護老人福祉施設】東京都板橋区舟渡3-4-8", "url": "https://www.kaigokensaku.mhlw.go.jp/13/index.php?action_kouhyou_detail_004_kani=true&JigyosyoCd=1371900299-00&ServiceCd=510&Type=search", "url2": "http://www.fujikenikukai.or.jp" }, "geometry": { "type": "Point", "coordinates": [ 139.681063926983597, 35.79255952805633 ] } },
{ "type": "Feature", "properties": { "内容": "ケアタウン成増【介護老人福祉施設】東京都板橋区成増4-14-18", "url": "https://www.kaigokensaku.mhlw.go.jp/13/index.php?action_kouhyou_detail_004_kani=true&JigyosyoCd=1371902527-00&ServiceCd=510&Type=search", "url2": "http://www.misono-fukushikai.or.jp" }, "geometry": { "type": "Point", "coordinates": [ 139.63523239999995, 35.7832335 ] } },
{ "type": "Feature", "properties": { "内容": "特別養護老人ホームマイライフ徳丸【介護老人福祉施設】東京都板橋区徳丸三丁目32番28号", "url": "https://www.kaigokensaku.mhlw.go.jp/13/index.php?action_kouhyou_detail_004_kani=true&JigyosyoCd=1371903566-00&ServiceCd=510&Type=search", "url2": "http://kitanokai.com/" }, "geometry": { "type": "Point", "coordinates": [ 139.6570782, 35.7749965 ] } },
{ "type": "Feature", "properties": { "内容": "特別養護老人ホームいずみの苑【介護老人福祉施設】東京都板橋区東坂下２丁目2番22号", "url": "https://www.kaigokensaku.mhlw.go.jp/13/index.php?action_kouhyou_detail_004_kani=true&JigyosyoCd=1371912252-00&ServiceCd=510&Type=search", "url2": "http://www.tokyoengokyokai.or.jp" }, "geometry": { "type": "Point", "coordinates": [ 139.6901005, 35.7831116 ] } },
{ "type": "Feature", "properties": { "内容": "クローバーのさと　イムスホーム　カウピリ板橋【介護老人福祉施設】東京都板橋区仲町1番4号", "url": "https://www.kaigokensaku.mhlw.go.jp/13/index.php?action_kouhyou_detail_004_kani=true&JigyosyoCd=1371909456-00&ServiceCd=510&Type=search", "url2": "http://www.ims.gr.jp/clover" }, "geometry": { "type": "Point", "coordinates": [ 139.699830600000041, 35.7513726 ] } },
{ "type": "Feature", "properties": { "内容": "クローバーのさと　イムスホーム　カウピリ板橋【介護老人福祉施設】東京都板橋区仲町1番4号", "url": "https://www.kaigokensaku.mhlw.go.jp/13/index.php?action_kouhyou_detail_004_kani=true&JigyosyoCd=1371909464-00&ServiceCd=510&Type=search", "url2": "http://www.ims.gr.jp/clover/" }, "geometry": { "type": "Point", "coordinates": [ 139.699830600000041, 35.7513726 ] } },
{ "type": "Feature", "properties": { "内容": "ゆめの園りあん若葉特別養護老人ホーム【介護老人福祉施設】東京都　板橋区若木三丁目15番1号", "url": "https://www.kaigokensaku.mhlw.go.jp/13/index.php?action_kouhyou_detail_004_kani=true&JigyosyoCd=1371910405-00&ServiceCd=510&Type=search", "url2": "http://www.happynet.or.jp/" }, "geometry": { "type": "Point", "coordinates": [ 139.674259092729244, 35.772088650821054 ] } },
{ "type": "Feature", "properties": { "内容": "加賀さくらの杜【介護老人福祉施設】東京都板橋区加賀２－１－１", "url": "https://www.kaigokensaku.mhlw.go.jp/13/index.php?action_kouhyou_detail_004_kani=true&JigyosyoCd=1371900240-00&ServiceCd=510&Type=search", "url2": "http://www.jyueikai.sakura.ne.jp" }, "geometry": { "type": "Point", "coordinates": [ 139.714797418385274, 35.754348103483345 ] } },
{ "type": "Feature", "properties": { "内容": "若木ライフ【介護老人福祉施設】東京都板橋区若木1-21-3", "url": "https://www.kaigokensaku.mhlw.go.jp/13/index.php?action_kouhyou_detail_004_kani=true&JigyosyoCd=1371901990-00&ServiceCd=510&Type=search", "url2": "https://shinryukai.org/wakagilife/" }, "geometry": { "type": "Point", "coordinates": [ 139.671954899999946, 35.7678785 ] } },
{ "type": "Feature", "properties": { "内容": "特別養護老人ホーム　ブルーポピー【介護老人福祉施設】東京都板橋区大門8番5号", "url": "https://www.kaigokensaku.mhlw.go.jp/13/index.php?action_kouhyou_detail_004_kani=true&JigyosyoCd=1371904721-00&ServiceCd=510&Type=search", "url2": "http://www.tshnet.or.jp/" }, "geometry": { "type": "Point", "coordinates": [ 139.649900699999989, 35.7837922 ] } },
{ "type": "Feature", "properties": { "内容": "音羽台レジデンス【介護老人福祉施設】東京都板橋区成増４－３３－１", "url": "https://www.kaigokensaku.mhlw.go.jp/13/index.php?action_kouhyou_detail_004_kani=true&JigyosyoCd=1371906387-00&ServiceCd=510&Type=search", "url2": "http://www.suisei-kai.jp/index.html" }, "geometry": { "type": "Point", "coordinates": [ 139.634460100000069, 35.786358 ] } },
{ "type": "Feature", "properties": { "内容": "特別養護老人ホーム　オーネスト成増【介護老人福祉施設】東京都板橋区成増四丁目２９番７号", "url": "https://www.kaigokensaku.mhlw.go.jp/13/index.php?action_kouhyou_detail_004_kani=true&JigyosyoCd=1371909746-00&ServiceCd=510&Type=search", "url2": "http://www.shisuikai.or.jp" }, "geometry": { "type": "Point", "coordinates": [ 139.636240600000065, 35.7851694 ] } },
{ "type": "Feature", "properties": { "内容": "特別養護老人ホーム三園の里【介護老人福祉施設】東京都板橋区三園2-15-22", "url": "https://www.kaigokensaku.mhlw.go.jp/13/index.php?action_kouhyou_detail_004_kani=true&JigyosyoCd=1371910017-00&ServiceCd=510&Type=search", "url2": "http://www.kawatsuru-g.jp" }, "geometry": { "type": "Point", "coordinates": [ 139.642896300000018, 35.796857800000033 ] } },
{ "type": "Feature", "properties": { "内容": "特別養護老人ホームサニーヒル板橋【介護老人福祉施設】東京都板橋区大原町6-8特別養護老人ホームサニーヒル板橋", "url": "https://www.kaigokensaku.mhlw.go.jp/13/index.php?action_kouhyou_detail_004_kani=true&JigyosyoCd=1371911437-00&ServiceCd=510&Type=search", "url2": "http://sunnyhill.or.jp" }, "geometry": { "type": "Point", "coordinates": [ 139.701068099999929, 35.7699676 ] } },
{ "type": "Feature", "properties": { "内容": "特別養護老人ホームみどりの苑【介護老人福祉施設】東京都板橋区前野町5-9-3特別養護老人ホームみどりの苑", "url": "https://www.kaigokensaku.mhlw.go.jp/13/index.php?action_kouhyou_detail_004_kani=true&JigyosyoCd=1371912245-00&ServiceCd=510&Type=search", "url2": "https://www.foryou.or.jp/facility/midorinosono/w154/" }, "geometry": { "type": "Point", "coordinates": [ 139.685125699999986, 35.7710314 ] } },
{ "type": "Feature", "properties": { "内容": "社会福祉法人相愛福祉会　特別養護老人ホームあずさわの里【介護老人福祉施設】東京都板橋区小豆沢４－１４－３", "url": "https://www.kaigokensaku.mhlw.go.jp/13/index.php?action_kouhyou_detail_004_kani=true&JigyosyoCd=1371908045-00&ServiceCd=510&Type=search", "url2": "http://www.kawatsuru-g.jp/" }, "geometry": { "type": "Point", "coordinates": [ 139.702285244982932, 35.781042107695725 ] } },
{ "type": "Feature", "properties": { "内容": "介護老人福祉施設ケアホーム板橋【介護老人福祉施設】東京都板橋区向原3-7-8", "url": "https://www.kaigokensaku.mhlw.go.jp/13/index.php?action_kouhyou_detail_004_kani=true&JigyosyoCd=1371911353-00&ServiceCd=510&Type=search", "url2": "https://itabashi.tokuyou.jp/" }, "geometry": { "type": "Point", "coordinates": [ 139.684308876498051, 35.744911077524435 ] } },
{ "type": "Feature", "properties": { "内容": "介護老人福祉施設　ケアホーム板橋【介護老人福祉施設】東京都板橋区向原3-7-8", "url": "https://www.kaigokensaku.mhlw.go.jp/13/index.php?action_kouhyou_detail_004_kani=true&JigyosyoCd=1371911361-00&ServiceCd=510&Type=search", "url2": "https://itabashi.tokuyou.jp/" }, "geometry": { "type": "Point", "coordinates": [ 139.684316186585818, 35.744897486402294 ] } },
{ "type": "Feature", "properties": { "内容": "特別養護老人ホーム　ぽっかぽか板橋【介護老人福祉施設】東京都板橋区中台3-23-26", "url": "https://www.kaigokensaku.mhlw.go.jp/13/index.php?action_kouhyou_detail_004_kani=true&JigyosyoCd=1371912468-00&ServiceCd=510&Type=search", "url2": "https://taijukai.com/" }, "geometry": { "type": "Point", "coordinates": [ 139.677532719574003, 35.772047984319705 ] } },
{ "type": "Feature", "properties": { "内容": "やすらぎの里大泉【介護老人福祉施設】東京都練馬区大泉学園町７－１２－３２", "url": "https://www.kaigokensaku.mhlw.go.jp/13/index.php?action_kouhyou_detail_004_kani=true&JigyosyoCd=1372000560-00&ServiceCd=510&Type=search", "url2": "http://www.yasuragi1977.jp/" }, "geometry": { "type": "Point", "coordinates": [ 139.591364699999986, 35.7730337 ] } },
{ "type": "Feature", "properties": { "内容": "特別養護老人ホーム　練馬キングス・ガーデン【介護老人福祉施設】東京都練馬区早宮2-10-22", "url": "https://www.kaigokensaku.mhlw.go.jp/13/index.php?action_kouhyou_detail_004_kani=true&JigyosyoCd=1372000578-00&ServiceCd=510&Type=search", "url2": "http://www.kg-tokyo.or.jp" }, "geometry": { "type": "Point", "coordinates": [ 139.653209699999934, 35.7550406 ] } },
{ "type": "Feature", "properties": { "内容": "特別養護老人ホーム　練馬高松園【介護老人福祉施設】東京都練馬区高松２丁目９番３号", "url": "https://www.kaigokensaku.mhlw.go.jp/13/index.php?action_kouhyou_detail_004_kani=true&JigyosyoCd=1372001592-00&ServiceCd=510&Type=search", "url2": "http://www.tfk.or.jp/" }, "geometry": { "type": "Point", "coordinates": [ 139.630282920237732, 35.746750038601469 ] } },
{ "type": "Feature", "properties": { "内容": "関町特別養護老人ホーム【介護老人福祉施設】東京都練馬区関町南4-9-28", "url": "https://www.kaigokensaku.mhlw.go.jp/13/index.php?action_kouhyou_detail_004_kani=true&JigyosyoCd=1372005064-00&ServiceCd=510&Type=search", "url2": "http://www.nerima-swf.jp" }, "geometry": { "type": "Point", "coordinates": [ 139.574117600000022, 35.7220811 ] } },
{ "type": "Feature", "properties": { "内容": "富士見台特別養護老人ホーム【介護老人福祉施設】東京都練馬区富士見台１－２２－４", "url": "https://www.kaigokensaku.mhlw.go.jp/13/index.php?action_kouhyou_detail_004_kani=true&JigyosyoCd=1372005072-00&ServiceCd=510&Type=search", "url2": "http://www.nerima-swf.jp" }, "geometry": { "type": "Point", "coordinates": [ 139.621132699999947, 35.7333478 ] } },
{ "type": "Feature", "properties": { "内容": "大泉特別養護老人ホーム【介護老人福祉施設】東京都練馬区東大泉2-11-21", "url": "https://www.kaigokensaku.mhlw.go.jp/13/index.php?action_kouhyou_detail_004_kani=true&JigyosyoCd=1372005080-00&ServiceCd=510&Type=search", "url2": "http://www.nerima-swf.jp/" }, "geometry": { "type": "Point", "coordinates": [ 139.5961704, 35.7511255 ] } },
{ "type": "Feature", "properties": { "内容": "田柄特別養護老人ホーム【介護老人福祉施設】東京都練馬区田柄4-12-10", "url": "https://www.kaigokensaku.mhlw.go.jp/13/index.php?action_kouhyou_detail_004_kani=true&JigyosyoCd=1372005098-00&ServiceCd=510&Type=search", "url2": "http://www.nerima-swf.jp" }, "geometry": { "type": "Point", "coordinates": [ 139.635805, 35.7628891 ] } },
{ "type": "Feature", "properties": { "内容": "第２練馬高松園【介護老人福祉施設】東京都練馬区高松２－９－１９", "url": "https://www.kaigokensaku.mhlw.go.jp/13/index.php?action_kouhyou_detail_004_kani=true&JigyosyoCd=1372005817-00&ServiceCd=510&Type=search", "url2": "https://www.tfk.or.jp/nerimatakamatsu2/" }, "geometry": { "type": "Point", "coordinates": [ 139.6303368, 35.7473908 ] } },
{ "type": "Feature", "properties": { "内容": "第3育秀苑【介護老人福祉施設】東京都練馬区土支田1-31-5", "url": "https://www.kaigokensaku.mhlw.go.jp/13/index.php?action_kouhyou_detail_004_kani=true&JigyosyoCd=1372009629-00&ServiceCd=510&Type=search", "url2": "http://www.ikushukai.or.jp" }, "geometry": { "type": "Point", "coordinates": [ 139.618139499999984, 35.7662104 ] } },
{ "type": "Feature", "properties": { "内容": "大泉学園ふれあいの里【介護老人福祉施設】東京都練馬区大泉学園町2丁目30番42号大泉学園ふれあいの里", "url": "https://www.kaigokensaku.mhlw.go.jp/13/index.php?action_kouhyou_detail_004_kani=true&JigyosyoCd=1352080103-00&ServiceCd=510&Type=search", "url2": "https://anshinkai-gr.jp" }, "geometry": { "type": "Point", "coordinates": [ 139.5832907, 35.7567871 ] } },
{ "type": "Feature", "properties": { "内容": "特別養護老人ホ－ム育秀苑【介護老人福祉施設】東京都練馬区桜台２－２－８", "url": "https://www.kaigokensaku.mhlw.go.jp/13/index.php?action_kouhyou_detail_004_kani=true&JigyosyoCd=1372000511-00&ServiceCd=510&Type=search", "url2": "http://www.ikushukai.or.jp/" }, "geometry": { "type": "Point", "coordinates": [ 139.6677115, 35.7429116 ] } },
{ "type": "Feature", "properties": { "内容": "特別養護老人ホーム　光陽苑【介護老人福祉施設】東京都練馬区西大泉5-21-2", "url": "https://www.kaigokensaku.mhlw.go.jp/13/index.php?action_kouhyou_detail_004_kani=true&JigyosyoCd=1372000537-00&ServiceCd=510&Type=search", "url2": "https://senyoukai.or.jp/" }, "geometry": { "type": "Point", "coordinates": [ 139.569597199999947, 35.7567601 ] } },
{ "type": "Feature", "properties": { "内容": "特別養護老人ホーム　第２育秀苑【介護老人福祉施設】東京都練馬区羽沢2丁目8番16号", "url": "https://www.kaigokensaku.mhlw.go.jp/13/index.php?action_kouhyou_detail_004_kani=true&JigyosyoCd=1372000586-00&ServiceCd=510&Type=search", "url2": "https://www.ikushukai.or.jp/" }, "geometry": { "type": "Point", "coordinates": [ 139.671122299999979, 35.7438616 ] } },
{ "type": "Feature", "properties": { "内容": "第二光陽苑【介護老人福祉施設】東京都練馬区関町北5-7-22", "url": "https://www.kaigokensaku.mhlw.go.jp/13/index.php?action_kouhyou_detail_004_kani=true&JigyosyoCd=1372000602-00&ServiceCd=510&Type=search", "url2": "https://senyoukai.or.jp/" }, "geometry": { "type": "Point", "coordinates": [ 139.5718478, 35.732677 ] } },
{ "type": "Feature", "properties": { "内容": "やすらぎミラージュ【介護老人福祉施設】東京都練馬区大泉町４－２４－７", "url": "https://www.kaigokensaku.mhlw.go.jp/13/index.php?action_kouhyou_detail_004_kani=true&JigyosyoCd=1372000610-00&ServiceCd=510&Type=search", "url2": "http://www.yasuragi1977.jp" }, "geometry": { "type": "Point", "coordinates": [ 139.597467100000017, 35.7627158 ] } },
{ "type": "Feature", "properties": { "内容": "指定介護老人福祉施設　こぐれの里【介護老人福祉施設】東京都練馬区大泉学園町２－２６－２８", "url": "https://www.kaigokensaku.mhlw.go.jp/13/index.php?action_kouhyou_detail_004_kani=true&JigyosyoCd=1372004265-00&ServiceCd=510&Type=search", "url2": "http://www.tokyoyushinkai.jp/kogurenosato/" }, "geometry": { "type": "Point", "coordinates": [ 139.584743399999979, 35.7589075 ] } },
{ "type": "Feature", "properties": { "内容": "特別養護老人ホーム　さくらヶ丘【介護老人福祉施設】東京都練馬区大泉学園町５－３０－３６", "url": "https://www.kaigokensaku.mhlw.go.jp/13/index.php?action_kouhyou_detail_004_kani=true&JigyosyoCd=1372005502-00&ServiceCd=510&Type=search", "url2": "https://hokuzankai.or.jp/" }, "geometry": { "type": "Point", "coordinates": [ 139.580560099999957, 35.7655677 ] } },
{ "type": "Feature", "properties": { "内容": "指定介護老人福祉施設　こぐれの杜【介護老人福祉施設】東京都練馬区大泉学園町５丁目１８番４１号", "url": "https://www.kaigokensaku.mhlw.go.jp/13/index.php?action_kouhyou_detail_004_kani=true&JigyosyoCd=1372007185-00&ServiceCd=510&Type=search", "url2": "http://www.tokyoyushinkai.jp/kogurenomori/" }, "geometry": { "type": "Point", "coordinates": [ 139.582952300000017, 35.7671506 ] } },
{ "type": "Feature", "properties": { "内容": "石神井台特別養護老人ホーム秋月【介護老人福祉施設】東京都練馬区石神井台6-1-11石神井台特別養護老人ホーム秋月", "url": "https://www.kaigokensaku.mhlw.go.jp/13/index.php?action_kouhyou_detail_004_kani=true&JigyosyoCd=1372009306-00&ServiceCd=510&Type=search", "url2": "http://www.sawarabikai.or.jp/" }, "geometry": { "type": "Point", "coordinates": [ 139.586293899999987, 35.7390905 ] } },
{ "type": "Feature", "properties": { "内容": "上石神井特別養護老人ホーム【介護老人福祉施設】東京都練馬区上石神井２－１７－２３", "url": "https://www.kaigokensaku.mhlw.go.jp/13/index.php?action_kouhyou_detail_004_kani=true&JigyosyoCd=1372009470-00&ServiceCd=510&Type=search", "url2": "http://www.nerima-swf.jp" }, "geometry": { "type": "Point", "coordinates": [ 139.596320360188315, 35.729048400337234 ] } },
{ "type": "Feature", "properties": { "内容": "やすらぎグランデ【介護老人福祉施設】東京都練馬区大泉学園町８－９－３０", "url": "https://www.kaigokensaku.mhlw.go.jp/13/index.php?action_kouhyou_detail_004_kani=true&JigyosyoCd=1372010346-00&ServiceCd=510&Type=search", "url2": "http://www.yasuragi1977.jp/" }, "geometry": { "type": "Point", "coordinates": [ 139.592034, 35.7734309 ] } },
{ "type": "Feature", "properties": { "内容": "特別養護老人ホーム　やすらぎシティ東大泉【介護老人福祉施設】東京都練馬区東大泉７丁目２７－４９", "url": "https://www.kaigokensaku.mhlw.go.jp/13/index.php?action_kouhyou_detail_004_kani=true&JigyosyoCd=1372010684-00&ServiceCd=510&Type=search", "url2": "http://www.yasuragi1977.jp/" }, "geometry": { "type": "Point", "coordinates": [ 139.578985900000021, 35.7448368 ] } },
{ "type": "Feature", "properties": { "内容": "特別養護老人ホーム　タムスさくらの杜　練馬【介護老人福祉施設】東京都練馬区土支田2-16-27", "url": "https://www.kaigokensaku.mhlw.go.jp/13/index.php?action_kouhyou_detail_004_kani=true&JigyosyoCd=1372012037-00&ServiceCd=510&Type=search", "url2": "https://nerima.sakuranomori.or.jp/" }, "geometry": { "type": "Point", "coordinates": [ 139.614006900000049, 35.7607804 ] } },
{ "type": "Feature", "properties": { "内容": "練馬の丘キングス・ガーデン【介護老人福祉施設】東京都練馬区練馬2－27－7", "url": "https://www.kaigokensaku.mhlw.go.jp/13/index.php?action_kouhyou_detail_004_kani=true&JigyosyoCd=1372012045-00&ServiceCd=510&Type=search", "url2": "http://www.kg-tokyo.or.jp/" }, "geometry": { "type": "Point", "coordinates": [ 139.651567488360541, 35.743543213870602 ] } },
{ "type": "Feature", "properties": { "内容": "練馬の丘キングス・ガーデン【介護老人福祉施設】東京都練馬区練馬2－27－7", "url": "https://www.kaigokensaku.mhlw.go.jp/13/index.php?action_kouhyou_detail_004_kani=true&JigyosyoCd=1372012052-00&ServiceCd=510&Type=search", "url2": "http://www.kg-tokyo.or.jp/" }, "geometry": { "type": "Point", "coordinates": [ 139.651615768122809, 35.743546087510282 ] } },
{ "type": "Feature", "properties": { "内容": "特別養護老人ホーム　タムスさくらの杜　練馬アネックス【介護老人福祉施設】東京都練馬区土支田2-36-16", "url": "https://www.kaigokensaku.mhlw.go.jp/13/index.php?action_kouhyou_detail_004_kani=true&JigyosyoCd=1372012896-00&ServiceCd=510&Type=search", "url2": "https://nerima.annex.sakuranomori.tums.jp/" }, "geometry": { "type": "Point", "coordinates": [ 139.61277624232784, 35.761820158927364 ] } },
{ "type": "Feature", "properties": { "内容": "特別養護老人ホーム　あおぞら縁小竹テラス【介護老人福祉施設】東京都練馬区小竹町1丁目29-1", "url": "https://www.kaigokensaku.mhlw.go.jp/13/index.php?action_kouhyou_detail_004_kani=true&JigyosyoCd=1372013332-00&ServiceCd=510&Type=search", "url2": "https://homan.or.jp" }, "geometry": { "type": "Point", "coordinates": [ 139.677359200000012, 35.7398294 ] } },
{ "type": "Feature", "properties": { "内容": "第３練馬高松園【介護老人福祉施設】東京都練馬区高松2-30-8", "url": "https://www.kaigokensaku.mhlw.go.jp/13/index.php?action_kouhyou_detail_004_kani=true&JigyosyoCd=1372013613-00&ServiceCd=510&Type=search", "url2": "https://www.tfk.or.jp" }, "geometry": { "type": "Point", "coordinates": [ 139.628973624467477, 35.750592738834442 ] } },
{ "type": "Feature", "properties": { "内容": "特別養護老人ホーム練馬いやし園【介護老人福祉施設】東京都練馬区早宮3-13-35", "url": "https://www.kaigokensaku.mhlw.go.jp/13/index.php?action_kouhyou_detail_004_kani=true&JigyosyoCd=1372013910-00&ServiceCd=510&Type=search", "url2": "https://iyashien.com" }, "geometry": { "type": "Point", "coordinates": [ 139.6530209, 35.7499236 ] } },
{ "type": "Feature", "properties": { "内容": "ケアホーム練馬【介護老人福祉施設】東京都練馬区土支田2‐13‐17", "url": "https://www.kaigokensaku.mhlw.go.jp/13/index.php?action_kouhyou_detail_004_kani=true&JigyosyoCd=1372014116-00&ServiceCd=510&Type=search", "url2": "https://nerima.tokuyou.jp/" }, "geometry": { "type": "Point", "coordinates": [ 139.6134102, 35.7603541 ] } },
{ "type": "Feature", "properties": { "内容": "特別養護老人ホーム　おおいずみの里【介護老人福祉施設】東京都練馬区大泉町4丁目20-7", "url": "https://www.kaigokensaku.mhlw.go.jp/13/index.php?action_kouhyou_detail_004_kani=true&JigyosyoCd=1372014157-00&ServiceCd=510&Type=search", "url2": "https://www.kounankai.jp" }, "geometry": { "type": "Point", "coordinates": [ 139.5980879, 35.7618408 ] } },
{ "type": "Feature", "properties": { "内容": "特別養護老人ホーム　サンライズ大泉【介護老人福祉施設】東京都練馬区西大泉4丁目20番17号", "url": "https://www.kaigokensaku.mhlw.go.jp/13/index.php?action_kouhyou_detail_004_kani=true&JigyosyoCd=1372009009-00&ServiceCd=510&Type=search", "url2": "http://www.h-sunrise.com/" }, "geometry": { "type": "Point", "coordinates": [ 139.57405527182766, 35.764620324408014 ] } },
{ "type": "Feature", "properties": { "内容": "みさよはうす土支田【介護老人福祉施設】東京都練馬区土支田3-27-27", "url": "https://www.kaigokensaku.mhlw.go.jp/13/index.php?action_kouhyou_detail_004_kani=true&JigyosyoCd=1372007177-00&ServiceCd=510&Type=search", "url2": "http://www.silver-w.jp" }, "geometry": { "type": "Point", "coordinates": [ 139.607593700000052, 35.7615051 ] } },
{ "type": "Feature", "properties": { "内容": "南大泉かがやきの里【介護老人福祉施設】東京都練馬区南大泉3-19-31", "url": "https://www.kaigokensaku.mhlw.go.jp/13/index.php?action_kouhyou_detail_004_kani=true&JigyosyoCd=1372009355-00&ServiceCd=510&Type=search", "url2": "http://www.anshin.or.jp/" }, "geometry": { "type": "Point", "coordinates": [ 139.5683421, 35.7448726 ] } },
{ "type": "Feature", "properties": { "内容": "特別養護老人ホーム上石神井幸朋苑【介護老人福祉施設】東京都練馬区上石神井3-2-18", "url": "https://www.kaigokensaku.mhlw.go.jp/13/index.php?action_kouhyou_detail_004_kani=true&JigyosyoCd=1372013043-00&ServiceCd=510&Type=search", "url2": "https://www.kohoen.jp/nursingcare/facility-12659/" }, "geometry": { "type": "Point", "coordinates": [ 139.597323, 35.730812900000032 ] } },
{ "type": "Feature", "properties": { "内容": "豊玉南しあわせの里【介護老人福祉施設】東京都練馬区豊玉南2-26-6", "url": "https://www.kaigokensaku.mhlw.go.jp/13/index.php?action_kouhyou_detail_004_kani=true&JigyosyoCd=1372003440-00&ServiceCd=510&Type=search", "url2": "https://anshinkai-gr.jp/anshinkai/toyotamaminamishiawasenosato" }, "geometry": { "type": "Point", "coordinates": [ 139.654413200000022, 35.7286825 ] } },
{ "type": "Feature", "properties": { "内容": "特別養護老人ホーム土支田創生苑【介護老人福祉施設】東京都練馬区土支田三丁目4番20号", "url": "https://www.kaigokensaku.mhlw.go.jp/13/index.php?action_kouhyou_detail_004_kani=true&JigyosyoCd=1372001956-00&ServiceCd=510&Type=search", "url2": "https://doshidasosei.com/" }, "geometry": { "type": "Point", "coordinates": [ 139.6097575, 35.759536 ] } },
{ "type": "Feature", "properties": { "内容": "特別養護老人ホームmoi～モア～【介護老人福祉施設】東京都練馬区下石神井三丁目6番13号", "url": "https://www.kaigokensaku.mhlw.go.jp/13/index.php?action_kouhyou_detail_004_kani=true&JigyosyoCd=1372002913-00&ServiceCd=510&Type=search", "url2": "http://www.nerimahouseikai.com" }, "geometry": { "type": "Point", "coordinates": [ 139.607145100000025, 35.7335279 ] } },
{ "type": "Feature", "properties": { "内容": "特別養護老人ホーム　六月【介護老人福祉施設】東京都足立区六月一丁目6番1号", "url": "https://www.kaigokensaku.mhlw.go.jp/13/index.php?action_kouhyou_detail_004_kani=true&JigyosyoCd=1372100808-00&ServiceCd=510&Type=search", "url2": "http://www.seifuukai.or.jp/" }, "geometry": { "type": "Point", "coordinates": [ 139.8005233, 35.7851216 ] } },
{ "type": "Feature", "properties": { "内容": "足立新生苑【介護老人福祉施設】東京都足立区花畑4丁目39番10号", "url": "https://www.kaigokensaku.mhlw.go.jp/13/index.php?action_kouhyou_detail_004_kani=true&JigyosyoCd=1372100766-00&ServiceCd=510&Type=search", "url2": "http://www.seifuukai.or.jp/" }, "geometry": { "type": "Point", "coordinates": [ 139.809833, 35.8063634 ] } },
{ "type": "Feature", "properties": { "内容": "特別養護老人ホーム扇【介護老人福祉施設】東京都足立区扇１－５２－２３", "url": "https://www.kaigokensaku.mhlw.go.jp/13/index.php?action_kouhyou_detail_004_kani=true&JigyosyoCd=1372100790-00&ServiceCd=510&Type=search", "url2": "http://www.seifuukai.or.jp/" }, "geometry": { "type": "Point", "coordinates": [ 139.773962500000039, 35.7668178 ] } },
{ "type": "Feature", "properties": { "内容": "特別養護老人ホーム　プレミア扇【介護老人福祉施設】東京都足立区扇1-3-5", "url": "https://www.kaigokensaku.mhlw.go.jp/13/index.php?action_kouhyou_detail_004_kani=true&JigyosyoCd=1372105377-00&ServiceCd=510&Type=search", "url2": "http://www.100.or.jp" }, "geometry": { "type": "Point", "coordinates": [ 139.77640150000002, 35.760038 ] } },
{ "type": "Feature", "properties": { "内容": "特別養護老人ホーム　ハピネスあだち【介護老人福祉施設】東京都足立区江北3丁目14番1号", "url": "https://www.kaigokensaku.mhlw.go.jp/13/index.php?action_kouhyou_detail_004_kani=true&JigyosyoCd=1372105476-00&ServiceCd=510&Type=search", "url2": "http://family-wf.jp/" }, "geometry": { "type": "Point", "coordinates": [ 139.763085400000023, 35.7741221 ] } },
{ "type": "Feature", "properties": { "内容": "ユニット型介護老人福祉施設　ル・ソラリオン綾瀬【介護老人福祉施設】東京都足立区東綾瀬３－９－１", "url": "https://www.kaigokensaku.mhlw.go.jp/13/index.php?action_kouhyou_detail_004_kani=true&JigyosyoCd=1372110807-00&ServiceCd=510&Type=search", "url2": "https://www.med-wel.jp" }, "geometry": { "type": "Point", "coordinates": [ 139.834804, 35.7698211 ] } },
{ "type": "Feature", "properties": { "内容": "介護老人福祉施設　ル・ソラリオン綾瀬【介護老人福祉施設】東京都足立区東綾瀬３－９－１", "url": "https://www.kaigokensaku.mhlw.go.jp/13/index.php?action_kouhyou_detail_004_kani=true&JigyosyoCd=1372110815-00&ServiceCd=510&Type=search", "url2": "https://www.med-wel.jp" }, "geometry": { "type": "Point", "coordinates": [ 139.834804, 35.7698211 ] } },
{ "type": "Feature", "properties": { "内容": "花畑あすか苑【介護老人福祉施設】東京都足立区花畑4丁目20番1号", "url": "https://www.kaigokensaku.mhlw.go.jp/13/index.php?action_kouhyou_detail_004_kani=true&JigyosyoCd=1372111573-00&ServiceCd=510&Type=search", "url2": "http://www.seifuukai.or.jp" }, "geometry": { "type": "Point", "coordinates": [ 139.80785549999996, 35.8032611 ] } },
{ "type": "Feature", "properties": { "内容": "花畑あすか苑【介護老人福祉施設】東京都足立区花畑4丁目20番1号", "url": "https://www.kaigokensaku.mhlw.go.jp/13/index.php?action_kouhyou_detail_004_kani=true&JigyosyoCd=1372111581-00&ServiceCd=510&Type=search", "url2": "http://www.seifuukai.or.jp" }, "geometry": { "type": "Point", "coordinates": [ 139.80785549999996, 35.8032611 ] } },
{ "type": "Feature", "properties": { "内容": "特別養護老人ホーム新田楽生苑【介護老人福祉施設】東京都足立区新田1-21-20", "url": "https://www.kaigokensaku.mhlw.go.jp/13/index.php?action_kouhyou_detail_004_kani=true&JigyosyoCd=1372113934-00&ServiceCd=510&Type=search", "url2": "https://rakusei.or.jp" }, "geometry": { "type": "Point", "coordinates": [ 139.739147278573597, 35.777192353106329 ] } },
{ "type": "Feature", "properties": { "内容": "特別養護老人ホーム新田楽生苑【介護老人福祉施設】東京都足立区新田1-21-20", "url": "https://www.kaigokensaku.mhlw.go.jp/13/index.php?action_kouhyou_detail_004_kani=true&JigyosyoCd=1372113942-00&ServiceCd=510&Type=search", "url2": "https://rakusei.or.jp" }, "geometry": { "type": "Point", "coordinates": [ 139.739158007409657, 35.777174944567832 ] } },
{ "type": "Feature", "properties": { "内容": "特別養護老人ホーム紫磨園【介護老人福祉施設】東京都足立区入谷3-3-6", "url": "https://www.kaigokensaku.mhlw.go.jp/13/index.php?action_kouhyou_detail_004_kani=true&JigyosyoCd=1372100774-00&ServiceCd=510&Type=search", "url2": "http://www.aijukai.com/" }, "geometry": { "type": "Point", "coordinates": [ 139.762020500000062, 35.8105943 ] } },
{ "type": "Feature", "properties": { "内容": "特別養護老人ホームさの【介護老人福祉施設】東京都足立区佐野２－３０－１２特別養護老人ホームさの", "url": "https://www.kaigokensaku.mhlw.go.jp/13/index.php?action_kouhyou_detail_004_kani=true&JigyosyoCd=1372100782-00&ServiceCd=510&Type=search", "url2": "http://www.t-souseikai.or.jp/" }, "geometry": { "type": "Point", "coordinates": [ 139.836214700000028, 35.7885547 ] } },
{ "type": "Feature", "properties": { "内容": "特別養護老人ホームさくら【介護老人福祉施設】東京都足立区皿沼二丁目８番８号", "url": "https://www.kaigokensaku.mhlw.go.jp/13/index.php?action_kouhyou_detail_004_kani=true&JigyosyoCd=1372101905-00&ServiceCd=510&Type=search", "url2": "https://www.houeikai.gr.jp" }, "geometry": { "type": "Point", "coordinates": [ 139.768267700000024, 35.7904589 ] } },
{ "type": "Feature", "properties": { "内容": "特別養護老人ホーム中央本町杉の子園【介護老人福祉施設】東京都足立区中央本町4-14-20", "url": "https://www.kaigokensaku.mhlw.go.jp/13/index.php?action_kouhyou_detail_004_kani=true&JigyosyoCd=1372102317-00&ServiceCd=510&Type=search", "url2": "http://s-suginoko.or.jp/" }, "geometry": { "type": "Point", "coordinates": [ 139.808522900000071, 35.7764476 ] } },
{ "type": "Feature", "properties": { "内容": "ウエルガーデン伊興園【介護老人福祉施設】東京都足立区伊興３丁目７番４号", "url": "https://www.kaigokensaku.mhlw.go.jp/13/index.php?action_kouhyou_detail_004_kani=true&JigyosyoCd=1372102366-00&ServiceCd=510&Type=search", "url2": "https://welgarden.or.jp/facilities/ikoen/aged/" }, "geometry": { "type": "Point", "coordinates": [ 139.783750912828026, 35.792134683189175 ] } },
{ "type": "Feature", "properties": { "内容": "特別養護老人ホーム　イーストピア東和【介護老人福祉施設】東京都足立区東和四丁目７番23号", "url": "https://www.kaigokensaku.mhlw.go.jp/13/index.php?action_kouhyou_detail_004_kani=true&JigyosyoCd=1372102549-00&ServiceCd=510&Type=search", "url2": "http://kenshukai.kir.jp" }, "geometry": { "type": "Point", "coordinates": [ 139.8432616, 35.7727098 ] } },
{ "type": "Feature", "properties": { "内容": "特別養護老人ホーム　竹の塚翔裕園【介護老人福祉施設】東京都足立区竹の塚七丁目19番14号", "url": "https://www.kaigokensaku.mhlw.go.jp/13/index.php?action_kouhyou_detail_004_kani=true&JigyosyoCd=1372107423-00&ServiceCd=510&Type=search", "url2": "http://www.chojumura.or.jp/takenotsuka/" }, "geometry": { "type": "Point", "coordinates": [ 139.796692600000029, 35.8010447 ] } },
{ "type": "Feature", "properties": { "内容": "特別養護老人ホーム奉優の家【介護老人福祉施設】東京都足立区佐野1-29-3", "url": "https://www.kaigokensaku.mhlw.go.jp/13/index.php?action_kouhyou_detail_004_kani=true&JigyosyoCd=1372110047-00&ServiceCd=510&Type=search", "url2": "https://www.foryou.or.jp/corp1/foryou/" }, "geometry": { "type": "Point", "coordinates": [ 139.841494900000043, 35.789238 ] } },
{ "type": "Feature", "properties": { "内容": "特別養護老人ホーム　ピオーネ西新井【介護老人福祉施設】東京都足立区西新井1-33-15", "url": "https://www.kaigokensaku.mhlw.go.jp/13/index.php?action_kouhyou_detail_004_kani=true&JigyosyoCd=1372110054-00&ServiceCd=510&Type=search", "url2": "https://www.isto.or.jp/pione-nishiarai/" }, "geometry": { "type": "Point", "coordinates": [ 139.782461199999943, 35.7808885 ] } },
{ "type": "Feature", "properties": { "内容": "特別養護老人ホーム　古千谷苑【介護老人福祉施設】東京都足立区古千谷本町1-3-19", "url": "https://www.kaigokensaku.mhlw.go.jp/13/index.php?action_kouhyou_detail_004_kani=true&JigyosyoCd=1372110153-00&ServiceCd=510&Type=search", "url2": "http://kojikai.org/" }, "geometry": { "type": "Point", "coordinates": [ 139.77710860555726, 35.80314433450647 ] } },
{ "type": "Feature", "properties": { "内容": "介護老人福祉施設ケアホーム足立【介護老人福祉施設】東京都足立区入谷1-8-15", "url": "https://www.kaigokensaku.mhlw.go.jp/13/index.php?action_kouhyou_detail_004_kani=true&JigyosyoCd=1372110161-00&ServiceCd=510&Type=search", "url2": "http://www.adachi.tokuyou.jp" }, "geometry": { "type": "Point", "coordinates": [ 139.769831910450762, 35.803665842902966 ] } },
{ "type": "Feature", "properties": { "内容": "特別養護老人ホーム　足立万葉苑【介護老人福祉施設】東京都足立区六月2丁目11番20号", "url": "https://www.kaigokensaku.mhlw.go.jp/13/index.php?action_kouhyou_detail_004_kani=true&JigyosyoCd=1372110310-00&ServiceCd=510&Type=search", "url2": "http://www.adachimanyouen.jp" }, "geometry": { "type": "Point", "coordinates": [ 139.79372221163942, 35.78470108679474 ] } },
{ "type": "Feature", "properties": { "内容": "特別養護老人ホーム　レスペート千住【介護老人福祉施設】東京都足立区千住桜木二丁目１１番８号", "url": "https://www.kaigokensaku.mhlw.go.jp/13/index.php?action_kouhyou_detail_004_kani=true&JigyosyoCd=1372112738-00&ServiceCd=510&Type=search", "url2": "http://www.casa.or.jp/senjyu/" }, "geometry": { "type": "Point", "coordinates": [ 139.78849871540433, 35.7547217 ] } },
{ "type": "Feature", "properties": { "内容": "特別養護老人ホーム　レスペート千住【介護老人福祉施設】東京都足立区千住桜木二丁目11番8号", "url": "https://www.kaigokensaku.mhlw.go.jp/13/index.php?action_kouhyou_detail_004_kani=true&JigyosyoCd=1372112746-00&ServiceCd=510&Type=search", "url2": "http://www.casa.or.jp/senjyu/" }, "geometry": { "type": "Point", "coordinates": [ 139.788468084541364, 35.754680256013657 ] } },
{ "type": "Feature", "properties": { "内容": "介護老人福祉施設　ケアホーム花畑【介護老人福祉施設】東京都足立区花畑8丁目7番6介護老人福祉施設　ケアホーム花畑", "url": "https://www.kaigokensaku.mhlw.go.jp/13/index.php?action_kouhyou_detail_004_kani=true&JigyosyoCd=1372112795-00&ServiceCd=510&Type=search", "url2": "https://www.hanahata.tokuyou.jp/" }, "geometry": { "type": "Point", "coordinates": [ 139.82260759140172, 35.812797294575645 ] } },
{ "type": "Feature", "properties": { "内容": "介護老人福祉施設　ケアホーム花畑【介護老人福祉施設】東京都足立区花畑8丁目7番6介護老人福祉施設　ケアホーム花畑", "url": "https://www.kaigokensaku.mhlw.go.jp/13/index.php?action_kouhyou_detail_004_kani=true&JigyosyoCd=1372112803-00&ServiceCd=510&Type=search", "url2": "https://www.hanahata.tokuyou.jp/" }, "geometry": { "type": "Point", "coordinates": [ 139.822586133729601, 35.812845146589488 ] } },
{ "type": "Feature", "properties": { "内容": "千住桜花苑【介護老人福祉施設】東京都足立区千住元町１８番１９号", "url": "https://www.kaigokensaku.mhlw.go.jp/13/index.php?action_kouhyou_detail_004_kani=true&JigyosyoCd=1372106409-00&ServiceCd=510&Type=search", "url2": "http://www.seifuukai.or.jp/" }, "geometry": { "type": "Point", "coordinates": [ 139.793369799999937, 35.7554225 ] } },
{ "type": "Feature", "properties": { "内容": "介護老人福祉施設　ル・ソラリオン西新井【介護老人福祉施設】東京都足立区西新井3丁目14番3号", "url": "https://www.kaigokensaku.mhlw.go.jp/13/index.php?action_kouhyou_detail_004_kani=true&JigyosyoCd=1372107985-00&ServiceCd=510&Type=search", "url2": "https://www.med-wel.jp/" }, "geometry": { "type": "Point", "coordinates": [ 139.7814555, 35.7876182 ] } },
{ "type": "Feature", "properties": { "内容": "特別養護老人ホーム　タムスさくらの杜花畑【介護老人福祉施設】東京都足立区花畑3-15-5", "url": "https://www.kaigokensaku.mhlw.go.jp/13/index.php?action_kouhyou_detail_004_kani=true&JigyosyoCd=1372114304-00&ServiceCd=510&Type=search", "url2": "https://hanahata.sakuranomori.tums.jp/" }, "geometry": { "type": "Point", "coordinates": [ 139.811708900000014, 35.8025058 ] } },
{ "type": "Feature", "properties": { "内容": "特別養護老人ホーム　タムスさくらの杜花畑【介護老人福祉施設】東京都足立区花畑３丁目１５番5", "url": "https://www.kaigokensaku.mhlw.go.jp/13/index.php?action_kouhyou_detail_004_kani=true&JigyosyoCd=1372114312-00&ServiceCd=510&Type=search", "url2": "https://hanahata.sakuranomori.tums.jp/" }, "geometry": { "type": "Point", "coordinates": [ 139.811708900000014, 35.8025058 ] } },
{ "type": "Feature", "properties": { "内容": "特別養護老人ホーム　ピオーネ足立【介護老人福祉施設】平野1-7-7", "url": "https://www.kaigokensaku.mhlw.go.jp/13/index.php?action_kouhyou_detail_004_kani=true&JigyosyoCd=1372114601-00&ServiceCd=510&Type=search", "url2": "https://www.isto.or.jp/pione-adachi/" }, "geometry": { "type": "Point", "coordinates": [ 139.7988316, 35.6786998 ] } },
{ "type": "Feature", "properties": { "内容": "特別養護老人ホーム　ピオーネ足立【介護老人福祉施設】東京都足立区平野1-7-7", "url": "https://www.kaigokensaku.mhlw.go.jp/13/index.php?action_kouhyou_detail_004_kani=true&JigyosyoCd=1372114619-00&ServiceCd=510&Type=search", "url2": "https://www.isto.or.jp/pione-adachi/" }, "geometry": { "type": "Point", "coordinates": [ 139.805254899999966, 35.7804767 ] } },
{ "type": "Feature", "properties": { "内容": "特別養護老人ホーム　グレイスホーム【介護老人福祉施設】東京都足立区西新井本町4丁目13番16号", "url": "https://www.kaigokensaku.mhlw.go.jp/13/index.php?action_kouhyou_detail_004_kani=true&JigyosyoCd=1372100816-00&ServiceCd=510&Type=search", "url2": "https://yukokai.or.jp/gracehome/" }, "geometry": { "type": "Point", "coordinates": [ 139.778561800000034, 35.7730088 ] } },
{ "type": "Feature", "properties": { "内容": "特別養護老人ホームはるかぜ【介護老人福祉施設】東京都足立区東保木間１丁目１９番５号", "url": "https://www.kaigokensaku.mhlw.go.jp/13/index.php?action_kouhyou_detail_004_kani=true&JigyosyoCd=1372106128-00&ServiceCd=510&Type=search", "url2": "http://www.haruhato.jp/" }, "geometry": { "type": "Point", "coordinates": [ 139.815844100000049, 35.7888184 ] } },
{ "type": "Feature", "properties": { "内容": "特別養護老人ホーム花ざかり【介護老人福祉施設】東京都足立区中央本町２丁目２４－１１", "url": "https://www.kaigokensaku.mhlw.go.jp/13/index.php?action_kouhyou_detail_004_kani=true&JigyosyoCd=1372113512-00&ServiceCd=510&Type=search", "url2": "https://kouenkai.or.jp" }, "geometry": { "type": "Point", "coordinates": [ 139.8083719, 35.7678536 ] } },
{ "type": "Feature", "properties": { "内容": "特別養護老人ホーム　ロイヤル足立【介護老人福祉施設】東京都足立区舎人3丁目1-19", "url": "https://www.kaigokensaku.mhlw.go.jp/13/index.php?action_kouhyou_detail_004_kani=true&JigyosyoCd=1372114577-00&ServiceCd=510&Type=search", "url2": "https://www.royal-adachi.jp/" }, "geometry": { "type": "Point", "coordinates": [ 139.77453220000001, 35.8106358 ] } },
{ "type": "Feature", "properties": { "内容": "特別養護老人ホーム　ロイヤル足立【介護老人福祉施設】東京都足立区舎人3丁目1-19", "url": "https://www.kaigokensaku.mhlw.go.jp/13/index.php?action_kouhyou_detail_004_kani=true&JigyosyoCd=1372114585-00&ServiceCd=510&Type=search", "url2": "https://www.royal-adachi.jp/" }, "geometry": { "type": "Point", "coordinates": [ 139.77453220000001, 35.8106358 ] } },
{ "type": "Feature", "properties": { "内容": "特別養護老人ホームハピネスもとき【介護老人福祉施設】東京都足立区本木1-14-13", "url": "https://www.kaigokensaku.mhlw.go.jp/13/index.php?action_kouhyou_detail_004_kani=true&JigyosyoCd=1372115111-00&ServiceCd=510&Type=search", "url2": "https://www.family-wf.jp/" }, "geometry": { "type": "Point", "coordinates": [ 139.786456500000014, 35.7625647 ] } },
{ "type": "Feature", "properties": { "内容": "特別養護老人ホームハピネスもとき【介護老人福祉施設】東京都足立区本木1-14-13", "url": "https://www.kaigokensaku.mhlw.go.jp/13/index.php?action_kouhyou_detail_004_kani=true&JigyosyoCd=1372115129-00&ServiceCd=510&Type=search", "url2": "https://www.family-wf.jp/" }, "geometry": { "type": "Point", "coordinates": [ 139.786456500000014, 35.7625647 ] } },
{ "type": "Feature", "properties": { "内容": "特別養護老人ホーム　足立翔裕園【介護老人福祉施設】東京都足立区入谷九丁目15番18号", "url": "https://www.kaigokensaku.mhlw.go.jp/13/index.php?action_kouhyou_detail_004_kani=true&JigyosyoCd=1372100824-00&ServiceCd=510&Type=search", "url2": "http://www.chojumura.or.jp" }, "geometry": { "type": "Point", "coordinates": [ 139.7560211, 35.8080444 ] } },
{ "type": "Feature", "properties": { "内容": "特別養護老人ホーム中川園【介護老人福祉施設】東京都葛飾区西水元４－５－１", "url": "https://www.kaigokensaku.mhlw.go.jp/13/index.php?action_kouhyou_detail_004_kani=true&JigyosyoCd=1372200491-00&ServiceCd=510&Type=search", "url2": "http://www.jinseisha.jp" }, "geometry": { "type": "Point", "coordinates": [ 139.845546082139549, 35.793702616894528 ] } },
{ "type": "Feature", "properties": { "内容": "特別養護老人ホーム　奥戸くつろぎの郷【介護老人福祉施設】東京都葛飾区奥戸３－２５－１", "url": "https://www.kaigokensaku.mhlw.go.jp/13/index.php?action_kouhyou_detail_004_kani=true&JigyosyoCd=1372200525-00&ServiceCd=510&Type=search", "url2": "http://www.jinseisha.jp" }, "geometry": { "type": "Point", "coordinates": [ 139.862776, 35.7321733 ] } },
{ "type": "Feature", "properties": { "内容": "特別養護老人ホーム　水元ふれあいの家【介護老人福祉施設】東京都葛飾区水元1丁目26番20号", "url": "https://www.kaigokensaku.mhlw.go.jp/13/index.php?action_kouhyou_detail_004_kani=true&JigyosyoCd=1372200509-00&ServiceCd=510&Type=search", "url2": "http://www.jinseisha.jp" }, "geometry": { "type": "Point", "coordinates": [ 139.859771300000034, 35.7835445 ] } },
{ "type": "Feature", "properties": { "内容": "特別養護老人ホーム　すずうらホーム【介護老人福祉施設】東京都葛飾区西新小岩三丁目３７番２７号", "url": "https://www.kaigokensaku.mhlw.go.jp/13/index.php?action_kouhyou_detail_004_kani=true&JigyosyoCd=1372200533-00&ServiceCd=510&Type=search", "url2": "http://www.seiyunoie.or.jp" }, "geometry": { "type": "Point", "coordinates": [ 139.846817, 35.7227462 ] } },
{ "type": "Feature", "properties": { "内容": "東四つ木ほほえみの里【介護老人福祉施設】東京都葛飾区東四つ木２－２７－１", "url": "https://www.kaigokensaku.mhlw.go.jp/13/index.php?action_kouhyou_detail_004_kani=true&JigyosyoCd=1372200541-00&ServiceCd=510&Type=search", "url2": "https://www.kyousei-kai.com/hohoemi/" }, "geometry": { "type": "Point", "coordinates": [ 139.844061569311521, 35.732277808221525 ] } },
{ "type": "Feature", "properties": { "内容": "特別養護老人ホーム西水元あやめ園【介護老人福祉施設】東京都葛飾区西水元２－２－８", "url": "https://www.kaigokensaku.mhlw.go.jp/13/index.php?action_kouhyou_detail_004_kani=true&JigyosyoCd=1372200558-00&ServiceCd=510&Type=search", "url2": "http://care-net.biz/13/ayame/" }, "geometry": { "type": "Point", "coordinates": [ 139.849061, 35.7849443 ] } },
{ "type": "Feature", "properties": { "内容": "西水元ナーシングホーム【介護老人福祉施設】東京都葛飾区西水元六丁目１２番２号", "url": "https://www.kaigokensaku.mhlw.go.jp/13/index.php?action_kouhyou_detail_004_kani=true&JigyosyoCd=1372201242-00&ServiceCd=510&Type=search", "url2": "http://care-net.biz/13/tosyou/" }, "geometry": { "type": "Point", "coordinates": [ 139.854405, 35.7904075 ] } },
{ "type": "Feature", "properties": { "内容": "特別養護老人ホーム　葛飾やすらぎの郷【介護老人福祉施設】東京都葛飾区新宿3-4-10", "url": "https://www.kaigokensaku.mhlw.go.jp/13/index.php?action_kouhyou_detail_004_kani=true&JigyosyoCd=1372201523-00&ServiceCd=510&Type=search", "url2": "http://www.sukoyaka-fu.or.jp/jigyosho/tokuyou/yasuragi.html" }, "geometry": { "type": "Point", "coordinates": [ 139.86203850000004, 35.7589923 ] } },
{ "type": "Feature", "properties": { "内容": "癒しの里　青戸【介護老人福祉施設】東京都葛飾区青戸８－１８－１３社会福祉法人　三幸福祉会　特別養護老人ホーム　癒しの里・青戸", "url": "https://www.kaigokensaku.mhlw.go.jp/13/index.php?action_kouhyou_detail_004_kani=true&JigyosyoCd=1372201846-00&ServiceCd=510&Type=search", "url2": "http://www.sanko-fukusi.or.jp/" }, "geometry": { "type": "Point", "coordinates": [ 139.853677628836067, 35.758457268416343 ] } },
{ "type": "Feature", "properties": { "内容": "特別養護老人ホームかつしか苑【介護老人福祉施設】東京都葛飾区白鳥2-9-18", "url": "https://www.kaigokensaku.mhlw.go.jp/13/index.php?action_kouhyou_detail_004_kani=true&JigyosyoCd=1372202356-00&ServiceCd=510&Type=search", "url2": "https://katsushikakai.or.jp" }, "geometry": { "type": "Point", "coordinates": [ 139.843093599999946, 35.7492434 ] } },
{ "type": "Feature", "properties": { "内容": "癒しの里　亀有【介護老人福祉施設】東京都葛飾区亀有2-60-5癒しの里　亀有", "url": "https://www.kaigokensaku.mhlw.go.jp/13/index.php?action_kouhyou_detail_004_kani=true&JigyosyoCd=1372203362-00&ServiceCd=510&Type=search", "url2": "http://sanko-fukushi.jp/" }, "geometry": { "type": "Point", "coordinates": [ 139.8486977, 35.7626974 ] } },
{ "type": "Feature", "properties": { "内容": "特別養護老人ホームエトワール【介護老人福祉施設】東京都葛飾区新宿6-2-13", "url": "https://www.kaigokensaku.mhlw.go.jp/13/index.php?action_kouhyou_detail_004_kani=true&JigyosyoCd=1372204543-00&ServiceCd=510&Type=search", "url2": "http://www.toujukai.jp/" }, "geometry": { "type": "Point", "coordinates": [ 139.8628129, 35.7698631 ] } },
{ "type": "Feature", "properties": { "内容": "特別養護老人ホーム東かなまち桜園【介護老人福祉施設】東京都葛飾区東金町2-13-10", "url": "https://www.kaigokensaku.mhlw.go.jp/13/index.php?action_kouhyou_detail_004_kani=true&JigyosyoCd=1372205961-00&ServiceCd=510&Type=search", "url2": "http://kanamachisakuraen.seifu-kai.jp/" }, "geometry": { "type": "Point", "coordinates": [ 139.868594657147241, 35.775008656765429 ] } },
{ "type": "Feature", "properties": { "内容": "特別養護老人ホーム　アンブル宝町【介護老人福祉施設】東京都葛飾区宝町1-2-9", "url": "https://www.kaigokensaku.mhlw.go.jp/13/index.php?action_kouhyou_detail_004_kani=true&JigyosyoCd=1372207025-00&ServiceCd=510&Type=search", "url2": "http://astory.jp" }, "geometry": { "type": "Point", "coordinates": [ 139.835407852114827, 35.741332319669681 ] } },
{ "type": "Feature", "properties": { "内容": "介護老人福祉施設ケアホーム葛飾【介護老人福祉施設】東京都葛飾区小菅1-35-10なし", "url": "https://www.kaigokensaku.mhlw.go.jp/13/index.php?action_kouhyou_detail_004_kani=true&JigyosyoCd=1372208379-00&ServiceCd=510&Type=search", "url2": "https://katsushika.tokuyou.jp" }, "geometry": { "type": "Point", "coordinates": [ 139.815239600000012, 35.7569755 ] } },
{ "type": "Feature", "properties": { "内容": "ル・ソラリオン葛飾【介護老人福祉施設】東京都葛飾区青戸４－１６－７", "url": "https://www.kaigokensaku.mhlw.go.jp/13/index.php?action_kouhyou_detail_004_kani=true&JigyosyoCd=1372203891-00&ServiceCd=510&Type=search", "url2": "https://www.med-wel.jp/katushika/" }, "geometry": { "type": "Point", "coordinates": [ 139.850078899999971, 35.7509461 ] } },
{ "type": "Feature", "properties": { "内容": "特別養護老人ホーム　バタフライヒル細田【介護老人福祉施設】東京都葛飾区細田4-20-14", "url": "https://www.kaigokensaku.mhlw.go.jp/13/index.php?action_kouhyou_detail_004_kani=true&JigyosyoCd=1372206027-00&ServiceCd=510&Type=search", "url2": "https://www.zenkoukai.jp/" }, "geometry": { "type": "Point", "coordinates": [ 139.872660799999949, 35.7425193 ] } },
{ "type": "Feature", "properties": { "内容": "特別養護老人ホーム　スマイルホーム西井堀【介護老人福祉施設】東京都葛飾区奥戸3-24-15", "url": "https://www.kaigokensaku.mhlw.go.jp/13/index.php?action_kouhyou_detail_004_kani=true&JigyosyoCd=1372207827-00&ServiceCd=510&Type=search", "url2": "http://www.tokyokiseikai.or.jp/" }, "geometry": { "type": "Point", "coordinates": [ 139.8627593, 35.7314429 ] } },
{ "type": "Feature", "properties": { "内容": "特別養護老人ホーム　癒しの里　西亀有【介護老人福祉施設】東京都葛飾区西亀有３－１８－６", "url": "https://www.kaigokensaku.mhlw.go.jp/13/index.php?action_kouhyou_detail_004_kani=true&JigyosyoCd=1372208460-00&ServiceCd=510&Type=search", "url2": "https://www.sanko-fukushi.jp/" }, "geometry": { "type": "Point", "coordinates": [ 139.8388912, 35.7594754 ] } },
{ "type": "Feature", "properties": { "内容": "水元園【介護老人福祉施設】東京都葛飾区西水元４－６－１", "url": "https://www.kaigokensaku.mhlw.go.jp/13/index.php?action_kouhyou_detail_004_kani=true&JigyosyoCd=1372200517-00&ServiceCd=510&Type=search", "url2": "http://www.jinseisha.jp" }, "geometry": { "type": "Point", "coordinates": [ 139.8466611, 35.7943846 ] } },
{ "type": "Feature", "properties": { "内容": "なぎさ和楽苑【介護老人福祉施設】東京都江戸川区西葛西8-1-1", "url": "https://www.kaigokensaku.mhlw.go.jp/13/index.php?action_kouhyou_detail_004_kani=true&JigyosyoCd=1372301638-00&ServiceCd=510&Type=search", "url2": "http://www.tokyoeiwakai.or.jp" }, "geometry": { "type": "Point", "coordinates": [ 139.859420699999987, 35.6550791 ] } },
{ "type": "Feature", "properties": { "内容": "特別養護老人ホーム　泰山【介護老人福祉施設】東京都江戸川区北小岩５－３４－１０", "url": "https://www.kaigokensaku.mhlw.go.jp/13/index.php?action_kouhyou_detail_004_kani=true&JigyosyoCd=1372301752-00&ServiceCd=510&Type=search", "url2": "http://www.hakusyuu.jimusho.jp" }, "geometry": { "type": "Point", "coordinates": [ 139.891634299999964, 35.739703 ] } },
{ "type": "Feature", "properties": { "内容": "リバーサイドグリーン【介護老人福祉施設】東京都江戸川区江戸川１丁目11番地３号江東園内", "url": "https://www.kaigokensaku.mhlw.go.jp/13/index.php?action_kouhyou_detail_004_kani=true&JigyosyoCd=1372300358-00&ServiceCd=510&Type=search", "url2": "http://www.kotoen.or.jp" }, "geometry": { "type": "Point", "coordinates": [ 139.902639480950967, 35.688524095598481 ] } },
{ "type": "Feature", "properties": { "内容": "暖心苑【介護老人福祉施設】東京都江戸川区北葛西4丁目３番１６号", "url": "https://www.kaigokensaku.mhlw.go.jp/13/index.php?action_kouhyou_detail_004_kani=true&JigyosyoCd=1372300366-00&ServiceCd=510&Type=search", "url2": "http://www.danshinen.org" }, "geometry": { "type": "Point", "coordinates": [ 139.86253350000004, 35.6715329 ] } },
{ "type": "Feature", "properties": { "内容": "瑞江特別養護老人ホーム【介護老人福祉施設】東京都江戸川区瑞江1-3-12", "url": "https://www.kaigokensaku.mhlw.go.jp/13/index.php?action_kouhyou_detail_004_kani=true&JigyosyoCd=1372300374-00&ServiceCd=510&Type=search", "url2": "http://zuikoukai.jp/" }, "geometry": { "type": "Point", "coordinates": [ 139.893968699999959, 35.6994674 ] } },
{ "type": "Feature", "properties": { "内容": "小岩ホーム【介護老人福祉施設】東京都江戸川区南小岩５－１１－１０", "url": "https://www.kaigokensaku.mhlw.go.jp/13/index.php?action_kouhyou_detail_004_kani=true&JigyosyoCd=1372300382-00&ServiceCd=510&Type=search", "url2": "https://www.koiwahome.com/" }, "geometry": { "type": "Point", "coordinates": [ 139.879769099999976, 35.7248689 ] } },
{ "type": "Feature", "properties": { "内容": "特別養護老人ホーム　清心苑【介護老人福祉施設】東京都江戸川区西一之江4-9-24", "url": "https://www.kaigokensaku.mhlw.go.jp/13/index.php?action_kouhyou_detail_004_kani=true&JigyosyoCd=1372300408-00&ServiceCd=510&Type=search", "url2": "http://kenshukai.kir.jp" }, "geometry": { "type": "Point", "coordinates": [ 139.874034700000038, 35.6956196 ] } },
{ "type": "Feature", "properties": { "内容": "特別養護老人ホームアゼリー江戸川【介護老人福祉施設】東京都江戸川区本一色2-13-25アゼリー江戸川", "url": "https://www.kaigokensaku.mhlw.go.jp/13/index.php?action_kouhyou_detail_004_kani=true&JigyosyoCd=1372300416-00&ServiceCd=510&Type=search", "url2": "http://koujukai.azalee.or.jp/" }, "geometry": { "type": "Point", "coordinates": [ 139.873095, 35.719761 ] } },
{ "type": "Feature", "properties": { "内容": "特別養護老人ホームウエル江戸川【介護老人福祉施設】東京都江戸川区平井7丁目13番32号", "url": "https://www.kaigokensaku.mhlw.go.jp/13/index.php?action_kouhyou_detail_004_kani=true&JigyosyoCd=1372301398-00&ServiceCd=510&Type=search", "url2": "http://www.wel-edogawa.jp" }, "geometry": { "type": "Point", "coordinates": [ 139.837162900000067, 35.714444 ] } },
{ "type": "Feature", "properties": { "内容": "特別養護老人ホーム　みどりの郷福楽園【介護老人福祉施設】東京都江戸川区臨海町1-4-4", "url": "https://www.kaigokensaku.mhlw.go.jp/13/index.php?action_kouhyou_detail_004_kani=true&JigyosyoCd=1372301745-00&ServiceCd=510&Type=search", "url2": "https://e-houseikai.or.jp" }, "geometry": { "type": "Point", "coordinates": [ 139.852490699999947, 35.6532346 ] } },
{ "type": "Feature", "properties": { "内容": "特別養護老人ホームきく【介護老人福祉施設】東京都江戸川区鹿骨三丁目16番6号", "url": "https://www.kaigokensaku.mhlw.go.jp/13/index.php?action_kouhyou_detail_004_kani=true&JigyosyoCd=1372301968-00&ServiceCd=510&Type=search", "url2": "https://kyowakai-kiku.jp/" }, "geometry": { "type": "Point", "coordinates": [ 139.89147939999998, 35.715515 ] } },
{ "type": "Feature", "properties": { "内容": "特別養護老人ホーム　第二みどりの郷【介護老人福祉施設】東京都江戸川区江戸川2-29-5", "url": "https://www.kaigokensaku.mhlw.go.jp/13/index.php?action_kouhyou_detail_004_kani=true&JigyosyoCd=1372303550-00&ServiceCd=510&Type=search", "url2": "http://e-houseikai.or.jp" }, "geometry": { "type": "Point", "coordinates": [ 139.903708612303149, 35.684111215020529 ] } },
{ "type": "Feature", "properties": { "内容": "特別養護老人ホーム古川親水苑【介護老人福祉施設】東京都江戸川区江戸川五丁目4番2", "url": "https://www.kaigokensaku.mhlw.go.jp/13/index.php?action_kouhyou_detail_004_kani=true&JigyosyoCd=1372307205-00&ServiceCd=510&Type=search", "url2": "http://t-yuukikai.or.jp/" }, "geometry": { "type": "Point", "coordinates": [ 139.883764030532802, 35.677698844451619 ] } },
{ "type": "Feature", "properties": { "内容": "特別養護老人ホーム　わとなーる葛西【介護老人福祉施設】東京都江戸川区東葛西7-19-8特別養護老人ホーム", "url": "https://www.kaigokensaku.mhlw.go.jp/13/index.php?action_kouhyou_detail_004_kani=true&JigyosyoCd=1372308674-00&ServiceCd=510&Type=search", "url2": "http://www.watona-ru.com/" }, "geometry": { "type": "Point", "coordinates": [ 139.877146022090187, 35.6584059895875 ] } },
{ "type": "Feature", "properties": { "内容": "特別養護老人ホーム　癒しの里　西小松川【介護老人福祉施設】東京都江戸川区西小松川町１－２１特別養護老人ホーム　癒しの里　西小松川", "url": "https://www.kaigokensaku.mhlw.go.jp/13/index.php?action_kouhyou_detail_004_kani=true&JigyosyoCd=1372309052-00&ServiceCd=510&Type=search", "url2": "http://sanko-fukushi.jp/" }, "geometry": { "type": "Point", "coordinates": [ 139.8626276, 35.6953939 ] } },
{ "type": "Feature", "properties": { "内容": "特別養護老人ホーム　タムスさくらの杜　南葛西【介護老人福祉施設】東京都江戸川区南葛西3-10-21", "url": "https://www.kaigokensaku.mhlw.go.jp/13/index.php?action_kouhyou_detail_004_kani=true&JigyosyoCd=1372310951-00&ServiceCd=510&Type=search", "url2": "https://minamikasai.sakuranomori.tums.jp/" }, "geometry": { "type": "Point", "coordinates": [ 139.8686461, 35.6516422 ] } },
{ "type": "Feature", "properties": { "内容": "特別養護老人ホーム　タムスさくらの杜　南葛西【介護老人福祉施設】東京都江戸川区南葛西3-10-21", "url": "https://www.kaigokensaku.mhlw.go.jp/13/index.php?action_kouhyou_detail_004_kani=true&JigyosyoCd=1372310969-00&ServiceCd=510&Type=search", "url2": "https://minamikasai.sakuranomori.tums.jp/" }, "geometry": { "type": "Point", "coordinates": [ 139.8686461, 35.6516422 ] } },
{ "type": "Feature", "properties": { "内容": "特別養護老人ホーム　タムスさくらの杜　春江【介護老人福祉施設】東京都江戸川区春江町5丁目4番2号タムスさくらの杜　春江", "url": "https://www.kaigokensaku.mhlw.go.jp/13/index.php?action_kouhyou_detail_004_kani=true&JigyosyoCd=1372309482-00&ServiceCd=510&Type=search", "url2": "https://harue.sakuranomori.or.jp/" }, "geometry": { "type": "Point", "coordinates": [ 139.875626336384585, 35.681971595824429 ] } },
{ "type": "Feature", "properties": { "内容": "特別養護老人ホームいずみ【介護老人福祉施設】東京都江戸川区鹿骨4-3-13", "url": "https://www.kaigokensaku.mhlw.go.jp/13/index.php?action_kouhyou_detail_004_kani=true&JigyosyoCd=1372311504-00&ServiceCd=510&Type=search", "url2": "https://izumi.iguchi-group.jp/" }, "geometry": { "type": "Point", "coordinates": [ 139.8891624, 35.7127552 ] } },
{ "type": "Feature", "properties": { "内容": "特別養護老人ホームいずみ【介護老人福祉施設】東京都江戸川区鹿骨4-3-13", "url": "https://www.kaigokensaku.mhlw.go.jp/13/index.php?action_kouhyou_detail_004_kani=true&JigyosyoCd=1372311496-00&ServiceCd=510&Type=search", "url2": "https://izumi.iguchi-group.jp/" }, "geometry": { "type": "Point", "coordinates": [ 139.8891624, 35.7127552 ] } },
{ "type": "Feature", "properties": { "内容": "やすらぎの里北小岩【介護老人福祉施設】東京都江戸川区北小岩1-21-12", "url": "https://www.kaigokensaku.mhlw.go.jp/13/index.php?action_kouhyou_detail_004_kani=true&JigyosyoCd=1372310605-00&ServiceCd=510&Type=search", "url2": "https://peraichi.com/landing_pages/view/kitakoiwaproject/" }, "geometry": { "type": "Point", "coordinates": [ 139.8948138, 35.7352621 ] } },
{ "type": "Feature", "properties": { "内容": "江戸川光照苑【介護老人福祉施設】東京都江戸川区北小岩5-7-2", "url": "https://www.kaigokensaku.mhlw.go.jp/13/index.php?action_kouhyou_detail_004_kani=true&JigyosyoCd=1372300390-00&ServiceCd=510&Type=search", "url2": "http://www.e-kousyoen.or.jp" }, "geometry": { "type": "Point", "coordinates": [ 139.887865, 35.7402473 ] } },
{ "type": "Feature", "properties": { "内容": "タムスさくらの杜江戸川【介護老人福祉施設】東京都江戸川区東小松川1-5-4", "url": "https://www.kaigokensaku.mhlw.go.jp/13/index.php?action_kouhyou_detail_004_kani=true&JigyosyoCd=1372307437-00&ServiceCd=510&Type=search", "url2": "http://syunwakai.com/" }, "geometry": { "type": "Point", "coordinates": [ 139.865411715640363, 35.701706924693475 ] } },
{ "type": "Feature", "properties": { "内容": "特別養護老人ホーム　第三みどりの郷【介護老人福祉施設】東京都江戸川区東小松川１－１３－２第三みどりの郷", "url": "https://www.kaigokensaku.mhlw.go.jp/13/index.php?action_kouhyou_detail_004_kani=true&JigyosyoCd=1372310530-00&ServiceCd=510&Type=search", "url2": "https://e-houseikai.or.jp" }, "geometry": { "type": "Point", "coordinates": [ 139.867545799999988, 35.6988257 ] } },
{ "type": "Feature", "properties": { "内容": "特別養護老人ホーム　タムスさくらの杜一之江【介護老人福祉施設】東京都江戸川区一之江2-19-2", "url": "https://www.kaigokensaku.mhlw.go.jp/13/index.php?action_kouhyou_detail_004_kani=true&JigyosyoCd=1372311322-00&ServiceCd=510&Type=search", "url2": "https://towakai.com/" }, "geometry": { "type": "Point", "coordinates": [ 139.8843293, 35.6943888 ] } },
{ "type": "Feature", "properties": { "内容": "特別養護老人ホーム　タムスさくらの杜一之江【介護老人福祉施設】東京都江戸川区一之江2-19-12タムスさくらの杜一之江", "url": "https://www.kaigokensaku.mhlw.go.jp/13/index.php?action_kouhyou_detail_004_kani=true&JigyosyoCd=1372311330-00&ServiceCd=510&Type=search", "url2": "https://towakai.com/" }, "geometry": { "type": "Point", "coordinates": [ 139.8843293, 35.6943888 ] } },
{ "type": "Feature", "properties": { "内容": "サントピア【介護老人福祉施設】東京都八王子市下恩方町３３７２番地", "url": "https://www.kaigokensaku.mhlw.go.jp/13/index.php?action_kouhyou_detail_004_kani=true&JigyosyoCd=1372900363-00&ServiceCd=510&Type=search", "url2": "http://www.su-topia.org" }, "geometry": { "type": "Point", "coordinates": [ 139.248212200000012, 35.6664855 ] } },
{ "type": "Feature", "properties": { "内容": "特別養護老人ホーム　山水園【介護老人福祉施設】東京都八王子市西寺方町303番地", "url": "https://www.kaigokensaku.mhlw.go.jp/13/index.php?action_kouhyou_detail_004_kani=true&JigyosyoCd=1372900322-00&ServiceCd=510&Type=search", "url2": "http://tokuyou-sansuien.jp/" }, "geometry": { "type": "Point", "coordinates": [ 139.266915728905474, 35.672878561507595 ] } },
{ "type": "Feature", "properties": { "内容": "特別養護老人ホーム　八王子心成苑【介護老人福祉施設】東京都八王子市館町1783", "url": "https://www.kaigokensaku.mhlw.go.jp/13/index.php?action_kouhyou_detail_004_kani=true&JigyosyoCd=1372901387-00&ServiceCd=510&Type=search", "url2": "http://www.sinseien.or.jp" }, "geometry": { "type": "Point", "coordinates": [ 139.293534, 35.6289084 ] } },
{ "type": "Feature", "properties": { "内容": "第二青陽園【介護老人福祉施設】東京都八王子市川口町1543番地", "url": "https://www.kaigokensaku.mhlw.go.jp/13/index.php?action_kouhyou_detail_004_kani=true&JigyosyoCd=1372906774-00&ServiceCd=510&Type=search", "url2": "https://daini-seiyoen.com" }, "geometry": { "type": "Point", "coordinates": [ 139.295842685041862, 35.683631534564832 ] } },
{ "type": "Feature", "properties": { "内容": "青陽園【介護老人福祉施設】東京都八王子市川口町1543番地", "url": "https://www.kaigokensaku.mhlw.go.jp/13/index.php?action_kouhyou_detail_004_kani=true&JigyosyoCd=1372900280-00&ServiceCd=510&Type=search", "url2": "http://www.seiyoen.com" }, "geometry": { "type": "Point", "coordinates": [ 139.297317900000053, 35.6834006 ] } },
{ "type": "Feature", "properties": { "内容": "特別養護老人ホーム椛の里【介護老人福祉施設】東京都八王子市宮下町355番地特別養護老人ホーム椛の里", "url": "https://www.kaigokensaku.mhlw.go.jp/13/index.php?action_kouhyou_detail_004_kani=true&JigyosyoCd=1372900298-00&ServiceCd=510&Type=search", "url2": "https://www.momijinosato.net" }, "geometry": { "type": "Point", "coordinates": [ 139.308985600000028, 35.7056566 ] } },
{ "type": "Feature", "properties": { "内容": "特別養護老人ホーム恩方ホーム【介護老人福祉施設】東京都八王子市下恩方町180-1", "url": "https://www.kaigokensaku.mhlw.go.jp/13/index.php?action_kouhyou_detail_004_kani=true&JigyosyoCd=1372900306-00&ServiceCd=510&Type=search", "url2": "http://www.shirayurikai.tokyo/" }, "geometry": { "type": "Point", "coordinates": [ 139.2551191, 35.676431 ] } },
{ "type": "Feature", "properties": { "内容": "清明園【介護老人福祉施設】東京都八王子市裏高尾町３４７番地清明園", "url": "https://www.kaigokensaku.mhlw.go.jp/13/index.php?action_kouhyou_detail_004_kani=true&JigyosyoCd=1372900314-00&ServiceCd=510&Type=search", "url2": "http://www.seimeikai.org" }, "geometry": { "type": "Point", "coordinates": [ 139.2542436, 35.6378235 ] } },
{ "type": "Feature", "properties": { "内容": "徳寿園【介護老人福祉施設】東京都八王子市美山町　８７５－６", "url": "https://www.kaigokensaku.mhlw.go.jp/13/index.php?action_kouhyou_detail_004_kani=true&JigyosyoCd=1372900330-00&ServiceCd=510&Type=search", "url2": "http://www.joueikai.jp/" }, "geometry": { "type": "Point", "coordinates": [ 139.251116599999932, 35.6843389 ] } },
{ "type": "Feature", "properties": { "内容": "偕楽園ホーム【介護老人福祉施設】東京都八王子市宮下町９８３番地", "url": "https://www.kaigokensaku.mhlw.go.jp/13/index.php?action_kouhyou_detail_004_kani=true&JigyosyoCd=1372900348-00&ServiceCd=510&Type=search", "url2": "http://kairakuenhome.or.jp/" }, "geometry": { "type": "Point", "coordinates": [ 139.312349400000016, 35.7004824 ] } },
{ "type": "Feature", "properties": { "内容": "介護老人福祉施設　みやま大樹の苑【介護老人福祉施設】東京都八王子市美山町1463番地みやま大樹の苑", "url": "https://www.kaigokensaku.mhlw.go.jp/13/index.php?action_kouhyou_detail_004_kani=true&JigyosyoCd=1372900389-00&ServiceCd=510&Type=search", "url2": "https://azeriya-taijyu.jp/" }, "geometry": { "type": "Point", "coordinates": [ 139.257479800000027, 35.6847164 ] } },
{ "type": "Feature", "properties": { "内容": "特別養護老人ホーム　藤寿苑【介護老人福祉施設】東京都八王子市明神町4丁目18番12号", "url": "https://www.kaigokensaku.mhlw.go.jp/13/index.php?action_kouhyou_detail_004_kani=true&JigyosyoCd=1372900405-00&ServiceCd=510&Type=search", "url2": "http://www.toujuen.or.jp/" }, "geometry": { "type": "Point", "coordinates": [ 139.3429228, 35.6616435 ] } },
{ "type": "Feature", "properties": { "内容": "多摩シルバーハウス【介護老人福祉施設】東京都八王子市上柚木1550番地", "url": "https://www.kaigokensaku.mhlw.go.jp/13/index.php?action_kouhyou_detail_004_kani=true&JigyosyoCd=1372900413-00&ServiceCd=510&Type=search", "url2": "http://www.t-s-h.jp" }, "geometry": { "type": "Point", "coordinates": [ 139.368377600000031, 35.6276563 ] } },
{ "type": "Feature", "properties": { "内容": "ファミリーマイホーム【介護老人福祉施設】東京都八王子市左入町373番地1", "url": "https://www.kaigokensaku.mhlw.go.jp/13/index.php?action_kouhyou_detail_004_kani=true&JigyosyoCd=1372900421-00&ServiceCd=510&Type=search", "url2": "http://www.seishinfukushikai.jp" }, "geometry": { "type": "Point", "coordinates": [ 139.346213400000011, 35.685774 ] } },
{ "type": "Feature", "properties": { "内容": "絹の道【介護老人福祉施設】東京都八王子市鑓水94番地", "url": "https://www.kaigokensaku.mhlw.go.jp/13/index.php?action_kouhyou_detail_004_kani=true&JigyosyoCd=1372900439-00&ServiceCd=510&Type=search", "url2": "https://kinu-michi.jp/" }, "geometry": { "type": "Point", "coordinates": [ 139.358853899999986, 35.6168381 ] } },
{ "type": "Feature", "properties": { "内容": "第二徳寿園【介護老人福祉施設】東京都八王子市美山町　８６１－１", "url": "https://www.kaigokensaku.mhlw.go.jp/13/index.php?action_kouhyou_detail_004_kani=true&JigyosyoCd=1372900447-00&ServiceCd=510&Type=search", "url2": "http://www.joueikai.jp/" }, "geometry": { "type": "Point", "coordinates": [ 139.251538799999906, 35.6843055 ] } },
{ "type": "Feature", "properties": { "内容": "特別養護老人ホーム　諏訪の森【介護老人福祉施設】東京都八王子市諏訪町１１０番地２", "url": "https://www.kaigokensaku.mhlw.go.jp/13/index.php?action_kouhyou_detail_004_kani=true&JigyosyoCd=1372900454-00&ServiceCd=510&Type=search", "url2": "http://www.suwanomori.com" }, "geometry": { "type": "Point", "coordinates": [ 139.293457399999966, 35.6756265 ] } },
{ "type": "Feature", "properties": { "内容": "特別養護老人ホーム　小松原園【介護老人福祉施設】東京都八王子市犬目町688番地2", "url": "https://www.kaigokensaku.mhlw.go.jp/13/index.php?action_kouhyou_detail_004_kani=true&JigyosyoCd=1372900462-00&ServiceCd=510&Type=search", "url2": "http://www.komatubaraen.or.jp" }, "geometry": { "type": "Point", "coordinates": [ 139.303986399999985, 35.6960493 ] } },
{ "type": "Feature", "properties": { "内容": "指定介護老人福祉施設　ファミリーイン堀之内【介護老人福祉施設】東京都八王子市堀之内1206", "url": "https://www.kaigokensaku.mhlw.go.jp/13/index.php?action_kouhyou_detail_004_kani=true&JigyosyoCd=1372901452-00&ServiceCd=510&Type=search", "url2": "https://www.seishinfukushikai.jp/horinouchi/" }, "geometry": { "type": "Point", "coordinates": [ 139.388787099999945, 35.6367219 ] } },
{ "type": "Feature", "properties": { "内容": "特別養護老人ホーム　長舟園【介護老人福祉施設】東京都八王子市長房町987番地", "url": "https://www.kaigokensaku.mhlw.go.jp/13/index.php?action_kouhyou_detail_004_kani=true&JigyosyoCd=1372906949-00&ServiceCd=510&Type=search", "url2": "https://seimeikai.org" }, "geometry": { "type": "Point", "coordinates": [ 139.288744295925881, 35.658614410352861 ] } },
{ "type": "Feature", "properties": { "内容": "特別養護老人ホーム　福寿園みなみ野【介護老人福祉施設】東京都八王子市みなみ野六丁目21番1号", "url": "https://www.kaigokensaku.mhlw.go.jp/13/index.php?action_kouhyou_detail_004_kani=true&JigyosyoCd=1372900355-00&ServiceCd=510&Type=search", "url2": "http://www.kyoujo.or.jp/index.html" }, "geometry": { "type": "Point", "coordinates": [ 139.324860046460003, 35.63553397329698 ] } },
{ "type": "Feature", "properties": { "内容": "長寿園【介護老人福祉施設】東京都八王子市叶谷町１１３３番地", "url": "https://www.kaigokensaku.mhlw.go.jp/13/index.php?action_kouhyou_detail_004_kani=true&JigyosyoCd=1372900371-00&ServiceCd=510&Type=search", "url2": "http://choujuen.org/" }, "geometry": { "type": "Point", "coordinates": [ 139.302865, 35.6718938 ] } },
{ "type": "Feature", "properties": { "内容": "マザ－ベル【介護老人福祉施設】東京都八王子市美山町2165", "url": "https://www.kaigokensaku.mhlw.go.jp/13/index.php?action_kouhyou_detail_004_kani=true&JigyosyoCd=1372900397-00&ServiceCd=510&Type=search", "url2": "http://motherbell.moo.jp/" }, "geometry": { "type": "Point", "coordinates": [ 139.243050700000026, 35.6939663 ] } },
{ "type": "Feature", "properties": { "内容": "特別養護老人ホーム桜の里【介護老人福祉施設】東京都八王子市犬目町560-1特別養護老人ホーム　桜の里", "url": "https://www.kaigokensaku.mhlw.go.jp/13/index.php?action_kouhyou_detail_004_kani=true&JigyosyoCd=1372908176-00&ServiceCd=510&Type=search", "url2": "http://sakurano-sato.net/" }, "geometry": { "type": "Point", "coordinates": [ 139.3073362, 35.691202800000021 ] } },
{ "type": "Feature", "properties": { "内容": "特別養護老人ホーム　エクリプスみなみ野【介護老人福祉施設】東京都八王子市西片倉１－２３－４", "url": "https://www.kaigokensaku.mhlw.go.jp/13/index.php?action_kouhyou_detail_004_kani=true&JigyosyoCd=1372905537-00&ServiceCd=510&Type=search", "url2": "http://hachieikai.or.jp/" }, "geometry": { "type": "Point", "coordinates": [ 139.3336578, 35.6343744 ] } },
{ "type": "Feature", "properties": { "内容": "至誠特別養護老人ホーム【介護老人福祉施設】東京都立川市錦町6-28-15", "url": "https://www.kaigokensaku.mhlw.go.jp/13/index.php?action_kouhyou_detail_004_kani=true&JigyosyoCd=1373000221-00&ServiceCd=510&Type=search", "url2": "http://www.shisei.or.jp" }, "geometry": { "type": "Point", "coordinates": [ 139.416123800000037, 35.6853673 ] } },
{ "type": "Feature", "properties": { "内容": "フェローホームズ仲間の家【介護老人福祉施設】東京都立川市富士見町２丁目３６番４３号", "url": "https://www.kaigokensaku.mhlw.go.jp/13/index.php?action_kouhyou_detail_004_kani=true&JigyosyoCd=1373000254-00&ServiceCd=510&Type=search", "url2": "http://www.fellow-homes.or.jp" }, "geometry": { "type": "Point", "coordinates": [ 139.401208, 35.7014265 ] } },
{ "type": "Feature", "properties": { "内容": "フェローホームズ森の家【介護老人福祉施設】東京都立川市富士見町２丁目36番43号", "url": "https://www.kaigokensaku.mhlw.go.jp/13/index.php?action_kouhyou_detail_004_kani=true&JigyosyoCd=1373002466-00&ServiceCd=510&Type=search", "url2": "http://www.fellow-homes.or.jp" }, "geometry": { "type": "Point", "coordinates": [ 139.399799863090522, 35.701866200444655 ] } },
{ "type": "Feature", "properties": { "内容": "至誠ホームアウリンコ【介護老人福祉施設】東京都立川市錦町6‐28-15", "url": "https://www.kaigokensaku.mhlw.go.jp/13/index.php?action_kouhyou_detail_004_kani=true&JigyosyoCd=1373003019-00&ServiceCd=510&Type=search", "url2": "http://www.shisei.or.jp/" }, "geometry": { "type": "Point", "coordinates": [ 139.4160905, 35.6853395 ] } },
{ "type": "Feature", "properties": { "内容": "西砂ホーム【介護老人福祉施設】東京都立川市西砂町５－５－５", "url": "https://www.kaigokensaku.mhlw.go.jp/13/index.php?action_kouhyou_detail_004_kani=true&JigyosyoCd=1373000247-00&ServiceCd=510&Type=search", "url2": "http://www.keyakikai.or.jp" }, "geometry": { "type": "Point", "coordinates": [ 139.363282700000013, 35.7315024 ] } },
{ "type": "Feature", "properties": { "内容": "特別養護老人ホーム　敬愛ホーム【介護老人福祉施設】東京都立川市上砂町2-14-1", "url": "https://www.kaigokensaku.mhlw.go.jp/13/index.php?action_kouhyou_detail_004_kani=true&JigyosyoCd=1373000262-00&ServiceCd=510&Type=search", "url2": "http://www.keiaikai.org/home/" }, "geometry": { "type": "Point", "coordinates": [ 139.391763800000035, 35.722721 ] } },
{ "type": "Feature", "properties": { "内容": "至誠ホームオンニ【介護老人福祉施設】東京都立川市錦町2-10-26", "url": "https://www.kaigokensaku.mhlw.go.jp/13/index.php?action_kouhyou_detail_004_kani=true&JigyosyoCd=1373003290-00&ServiceCd=510&Type=search", "url2": "http://www.shisei.or.jp/" }, "geometry": { "type": "Point", "coordinates": [ 139.415392200000042, 35.6916458 ] } },
{ "type": "Feature", "properties": { "内容": "特別養護老人ホーム砂川園【介護老人福祉施設】東京都立川市上砂町五丁目７６番地の４", "url": "https://www.kaigokensaku.mhlw.go.jp/13/index.php?action_kouhyou_detail_004_kani=true&JigyosyoCd=1373000239-00&ServiceCd=510&Type=search", "url2": "http://www.oheikai.or.jp/" }, "geometry": { "type": "Point", "coordinates": [ 139.389280399999961, 35.7300506 ] } },
{ "type": "Feature", "properties": { "内容": "至誠キートスホーム【介護老人福祉施設】東京都立川市幸町4-14-1", "url": "https://www.kaigokensaku.mhlw.go.jp/13/index.php?action_kouhyou_detail_004_kani=true&JigyosyoCd=1373000601-00&ServiceCd=510&Type=search", "url2": "http://www.shisei.or.jp" }, "geometry": { "type": "Point", "coordinates": [ 139.428174300000023, 35.7246633 ] } },
{ "type": "Feature", "properties": { "内容": "ゆとりえ【介護老人福祉施設】東京都武蔵野市吉祥寺南町４－２５－５", "url": "https://www.kaigokensaku.mhlw.go.jp/13/index.php?action_kouhyou_detail_004_kani=true&JigyosyoCd=1373300209-00&ServiceCd=510&Type=search", "url2": "http://fuku-musashino.or.jp/" }, "geometry": { "type": "Point", "coordinates": [ 139.591539199999943, 35.6987509 ] } },
{ "type": "Feature", "properties": { "内容": "特別養護老人ホーム武蔵野館【介護老人福祉施設】東京都武蔵野市関前二丁目１６番５号", "url": "https://www.kaigokensaku.mhlw.go.jp/13/index.php?action_kouhyou_detail_004_kani=true&JigyosyoCd=1373300217-00&ServiceCd=510&Type=search", "url2": "http://plathome.or.jp/" }, "geometry": { "type": "Point", "coordinates": [ 139.549978399999986, 35.7115344 ] } },
{ "type": "Feature", "properties": { "内容": "特別養護老人ホーム親の家【介護老人福祉施設】東京都武蔵野市八幡町3-4-18", "url": "https://www.kaigokensaku.mhlw.go.jp/13/index.php?action_kouhyou_detail_004_kani=true&JigyosyoCd=1373300803-00&ServiceCd=510&Type=search", "url2": "https://oyanoie.jp/" }, "geometry": { "type": "Point", "coordinates": [ 139.554422100000011, 35.7177588 ] } },
{ "type": "Feature", "properties": { "内容": "特別養護老人ホームケアコート武蔵野【介護老人福祉施設】東京都武蔵野市境南町五丁目10番7号", "url": "https://www.kaigokensaku.mhlw.go.jp/13/index.php?action_kouhyou_detail_004_kani=true&JigyosyoCd=1373301728-00&ServiceCd=510&Type=search", "url2": "https://care-court.com/" }, "geometry": { "type": "Point", "coordinates": [ 139.536860899999965, 35.6956276 ] } },
{ "type": "Feature", "properties": { "内容": "特別養護老人ホーム　さくらえん【介護老人福祉施設】東京都武蔵野市桜堤2-8-31", "url": "https://www.kaigokensaku.mhlw.go.jp/13/index.php?action_kouhyou_detail_004_kani=true&JigyosyoCd=1373301918-00&ServiceCd=510&Type=search", "url2": "http://www.tokushinkai.jp" }, "geometry": { "type": "Point", "coordinates": [ 139.532321700000011, 35.7107229 ] } },
{ "type": "Feature", "properties": { "内容": "特別養護老人ホームとらいふ武蔵野【介護老人福祉施設】東京都武蔵野市関前1-2-20", "url": "https://www.kaigokensaku.mhlw.go.jp/13/index.php?action_kouhyou_detail_004_kani=true&JigyosyoCd=1373302478-00&ServiceCd=510&Type=search", "url2": "http://www.toraifu.com/" }, "geometry": { "type": "Point", "coordinates": [ 139.553844900000058, 35.7084349 ] } },
{ "type": "Feature", "properties": { "内容": "吉祥寺ナーシングホーム【介護老人福祉施設】東京都武蔵野市吉祥寺北町２－９－２", "url": "https://www.kaigokensaku.mhlw.go.jp/13/index.php?action_kouhyou_detail_004_kani=true&JigyosyoCd=1373301389-00&ServiceCd=510&Type=search", "url2": "http://www.kichijoji-home.com/" }, "geometry": { "type": "Point", "coordinates": [ 139.5789009, 35.7127046 ] } },
{ "type": "Feature", "properties": { "内容": "弘済園【介護老人福祉施設】東京都三鷹市下連雀5－2－5", "url": "https://www.kaigokensaku.mhlw.go.jp/13/index.php?action_kouhyou_detail_004_kani=true&JigyosyoCd=1373600053-00&ServiceCd=510&Type=search", "url2": "https://www.kosaien.or.jp/" }, "geometry": { "type": "Point", "coordinates": [ 139.571346393254089, 35.686315412036805 ] } },
{ "type": "Feature", "properties": { "内容": "特別養護老人ホーム　みたか紫水園【介護老人福祉施設】東京都三鷹市新川５－６－３１", "url": "https://www.kaigokensaku.mhlw.go.jp/13/index.php?action_kouhyou_detail_004_kani=true&JigyosyoCd=1373601820-00&ServiceCd=510&Type=search", "url2": "http://www.shisuien.or.jp/" }, "geometry": { "type": "Point", "coordinates": [ 139.5692752, 35.6761833 ] } },
{ "type": "Feature", "properties": { "内容": "特別養護老人ホーム恵比寿苑【介護老人福祉施設】東京都三鷹市牟礼1-9-20", "url": "https://www.kaigokensaku.mhlw.go.jp/13/index.php?action_kouhyou_detail_004_kani=true&JigyosyoCd=1373600327-00&ServiceCd=510&Type=search", "url2": "http://www.oheikai.or.jp" }, "geometry": { "type": "Point", "coordinates": [ 139.589737, 35.6839244 ] } },
{ "type": "Feature", "properties": { "内容": "特別養護老人ホーム　ピオーネ三鷹【介護老人福祉施設】東京都三鷹市井口1-17-22ピオーネ三鷹", "url": "https://www.kaigokensaku.mhlw.go.jp/13/index.php?action_kouhyou_detail_004_kani=true&JigyosyoCd=1373602984-00&ServiceCd=510&Type=search", "url2": "https://www.isto.or.jp/" }, "geometry": { "type": "Point", "coordinates": [ 139.547258199999987, 35.6938494 ] } },
{ "type": "Feature", "properties": { "内容": "特別養護老人ホーム三鷹げんき【介護老人福祉施設】東京都三鷹市大沢４－１０－５特別養護老人ホーム三鷹げんき", "url": "https://www.kaigokensaku.mhlw.go.jp/13/index.php?action_kouhyou_detail_004_kani=true&JigyosyoCd=1373602950-00&ServiceCd=510&Type=search", "url2": "https://okayama-kotobuki.sakura.ne.jp/new/02facility/mitaka.html" }, "geometry": { "type": "Point", "coordinates": [ 139.5391372, 35.6683237 ] } },
{ "type": "Feature", "properties": { "内容": "介護老人福祉施設　リバーパレス青梅【介護老人福祉施設】東京都青梅市長渕4丁目377", "url": "https://www.kaigokensaku.mhlw.go.jp/13/index.php?action_kouhyou_detail_004_kani=true&JigyosyoCd=1372800183-00&ServiceCd=510&Type=search", "url2": "http://www.riverpalace.ne.jp" }, "geometry": { "type": "Point", "coordinates": [ 139.271838600000024, 35.7820186 ] } },
{ "type": "Feature", "properties": { "内容": "特別養護老人ホーム　あゆみえん【介護老人福祉施設】東京都青梅市新町９-2153-３", "url": "https://www.kaigokensaku.mhlw.go.jp/13/index.php?action_kouhyou_detail_004_kani=true&JigyosyoCd=1372800225-00&ServiceCd=510&Type=search", "url2": "https://tokushinkai.jp/" }, "geometry": { "type": "Point", "coordinates": [ 139.321267285191738, 35.780120477640438 ] } },
{ "type": "Feature", "properties": { "内容": "青梅愛弘園【介護老人福祉施設】東京都青梅市小曾木４丁目２５９０番地", "url": "https://www.kaigokensaku.mhlw.go.jp/13/index.php?action_kouhyou_detail_004_kani=true&JigyosyoCd=1372800084-00&ServiceCd=510&Type=search", "url2": "http://www.aikoukai.com/" }, "geometry": { "type": "Point", "coordinates": [ 139.2825253, 35.819398100000015 ] } },
{ "type": "Feature", "properties": { "内容": "和楽ホーム【介護老人福祉施設】東京都青梅市富岡1-318", "url": "https://www.kaigokensaku.mhlw.go.jp/13/index.php?action_kouhyou_detail_004_kani=true&JigyosyoCd=1372800100-00&ServiceCd=510&Type=search", "url2": "http://www.hakujin-kai.or.jp" }, "geometry": { "type": "Point", "coordinates": [ 139.292878173019972, 35.832947116937248 ] } },
{ "type": "Feature", "properties": { "内容": "特別養護老人ホーム　青梅白寿苑【介護老人福祉施設】東京都青梅市黒沢１丁目６９３番地１１", "url": "https://www.kaigokensaku.mhlw.go.jp/13/index.php?action_kouhyou_detail_004_kani=true&JigyosyoCd=1372800126-00&ServiceCd=510&Type=search", "url2": "https://hakujyu.or.jp/hakujyuen/" }, "geometry": { "type": "Point", "coordinates": [ 139.268111193484515, 35.809851870007314 ] } },
{ "type": "Feature", "properties": { "内容": "特別養護老人ホーム　喜久松苑【介護老人福祉施設】東京都青梅市柚木町２丁目４６２番地の１", "url": "https://www.kaigokensaku.mhlw.go.jp/13/index.php?action_kouhyou_detail_004_kani=true&JigyosyoCd=1372800134-00&ServiceCd=510&Type=search", "url2": "http://www.kikumatsuen.org" }, "geometry": { "type": "Point", "coordinates": [ 139.212425, 35.803621 ] } },
{ "type": "Feature", "properties": { "内容": "青梅療育院【介護老人福祉施設】東京都青梅市今井3-12-6", "url": "https://www.kaigokensaku.mhlw.go.jp/13/index.php?action_kouhyou_detail_004_kani=true&JigyosyoCd=1372800142-00&ServiceCd=510&Type=search", "url2": "https://jiniku.or.jp/" }, "geometry": { "type": "Point", "coordinates": [ 139.3088318, 35.7985955 ] } },
{ "type": "Feature", "properties": { "内容": "青梅園【介護老人福祉施設】東京都青梅市長淵六丁目464番地１", "url": "https://www.kaigokensaku.mhlw.go.jp/13/index.php?action_kouhyou_detail_004_kani=true&JigyosyoCd=1372800159-00&ServiceCd=510&Type=search", "url2": "http://www.oumeen.or.jp" }, "geometry": { "type": "Point", "coordinates": [ 139.268908399999987, 35.7799937 ] } },
{ "type": "Feature", "properties": { "内容": "聖明園寿荘【介護老人福祉施設】東京都青梅市根ヶ布２－７２４", "url": "https://www.kaigokensaku.mhlw.go.jp/13/index.php?action_kouhyou_detail_004_kani=true&JigyosyoCd=1372800167-00&ServiceCd=510&Type=search", "url2": "http://www.seimeien.jp/" }, "geometry": { "type": "Point", "coordinates": [ 139.265508400000044, 35.8070349 ] } },
{ "type": "Feature", "properties": { "内容": "特別養護老人ホーム　大洋園【介護老人福祉施設】東京都青梅市今井５－２４４０－１４１", "url": "https://www.kaigokensaku.mhlw.go.jp/13/index.php?action_kouhyou_detail_004_kani=true&JigyosyoCd=1372800175-00&ServiceCd=510&Type=search", "url2": "https://www.issekikai.jp" }, "geometry": { "type": "Point", "coordinates": [ 139.321744699999954, 35.7936465 ] } },
{ "type": "Feature", "properties": { "内容": "長渕園【介護老人福祉施設】東京都青梅市長淵5-1421-14", "url": "https://www.kaigokensaku.mhlw.go.jp/13/index.php?action_kouhyou_detail_004_kani=true&JigyosyoCd=1372800191-00&ServiceCd=510&Type=search", "url2": "http://www.nagabuchien.or.jp" }, "geometry": { "type": "Point", "coordinates": [ 139.258481699999948, 35.768458699999982 ] } },
{ "type": "Feature", "properties": { "内容": "カントリービラ青梅【介護老人福祉施設】東京都青梅市長淵１丁目９３０番地３", "url": "https://www.kaigokensaku.mhlw.go.jp/13/index.php?action_kouhyou_detail_004_kani=true&JigyosyoCd=1372800209-00&ServiceCd=510&Type=search", "url2": "http://www.country-villa.com/" }, "geometry": { "type": "Point", "coordinates": [ 139.2789464, 35.7755918 ] } },
{ "type": "Feature", "properties": { "内容": "介護老人福祉施設　今井苑【介護老人福祉施設】東京都青梅市今井2-1111-1", "url": "https://www.kaigokensaku.mhlw.go.jp/13/index.php?action_kouhyou_detail_004_kani=true&JigyosyoCd=1372800217-00&ServiceCd=510&Type=search", "url2": "http://www.imaien.jp/" }, "geometry": { "type": "Point", "coordinates": [ 139.311795299999972, 35.8045171 ] } },
{ "type": "Feature", "properties": { "内容": "青梅天使園【介護老人福祉施設】東京都青梅市今井1丁目2609-1", "url": "https://www.kaigokensaku.mhlw.go.jp/13/index.php?action_kouhyou_detail_004_kani=true&JigyosyoCd=1372800241-00&ServiceCd=510&Type=search", "url2": "http://www.oume-tensien.or.jp" }, "geometry": { "type": "Point", "coordinates": [ 139.315211299999987, 35.815627 ] } },
{ "type": "Feature", "properties": { "内容": "第二喜久松苑【介護老人福祉施設】東京都青梅市柚木町2丁目460-1", "url": "https://www.kaigokensaku.mhlw.go.jp/13/index.php?action_kouhyou_detail_004_kani=true&JigyosyoCd=1372800258-00&ServiceCd=510&Type=search", "url2": "http://www.2nd-kikumatsuen.or.jp" }, "geometry": { "type": "Point", "coordinates": [ 139.211855600000035, 35.8034905 ] } },
{ "type": "Feature", "properties": { "内容": "特別養護老人ホーム杜の園【介護老人福祉施設】東京都青梅市今井2丁目1079番地", "url": "https://www.kaigokensaku.mhlw.go.jp/13/index.php?action_kouhyou_detail_004_kani=true&JigyosyoCd=1372800266-00&ServiceCd=510&Type=search", "url2": "http://www.nanokakai.jp" }, "geometry": { "type": "Point", "coordinates": [ 139.308676099999957, 35.8041309 ] } },
{ "type": "Feature", "properties": { "内容": "特別養護老人ホーム第２カントリービラ青梅【介護老人福祉施設】東京都青梅市長淵1-939-1", "url": "https://www.kaigokensaku.mhlw.go.jp/13/index.php?action_kouhyou_detail_004_kani=true&JigyosyoCd=1372800274-00&ServiceCd=510&Type=search", "url2": "http://www.2nd-country-villa.com/" }, "geometry": { "type": "Point", "coordinates": [ 139.279446300000018, 35.7750252 ] } },
{ "type": "Feature", "properties": { "内容": "成蹊園【介護老人福祉施設】東京都青梅市今井一丁目521番地の1", "url": "https://www.kaigokensaku.mhlw.go.jp/13/index.php?action_kouhyou_detail_004_kani=true&JigyosyoCd=1372800282-00&ServiceCd=510&Type=search", "url2": "http://www.seikeien.or.jp" }, "geometry": { "type": "Point", "coordinates": [ 139.315253100000064, 35.8122079 ] } },
{ "type": "Feature", "properties": { "内容": "特別養護老人ホーム　やすらぎの家【介護老人福祉施設】東京都青梅市吹上88番", "url": "https://www.kaigokensaku.mhlw.go.jp/13/index.php?action_kouhyou_detail_004_kani=true&JigyosyoCd=1372800290-00&ServiceCd=510&Type=search", "url2": "http://www.oume-yasuragi.com" }, "geometry": { "type": "Point", "coordinates": [ 139.280065199999967, 35.800275 ] } },
{ "type": "Feature", "properties": { "内容": "第二青梅園【介護老人福祉施設】東京都青梅市黒沢３丁目１９６６－１", "url": "https://www.kaigokensaku.mhlw.go.jp/13/index.php?action_kouhyou_detail_004_kani=true&JigyosyoCd=1372800712-00&ServiceCd=510&Type=search", "url2": "http://www.dai2-omeen.com" }, "geometry": { "type": "Point", "coordinates": [ 139.250260199999957, 35.7948971 ] } },
{ "type": "Feature", "properties": { "内容": "九十九園【介護老人福祉施設】東京都青梅市成木１丁目６３４番地７", "url": "https://www.kaigokensaku.mhlw.go.jp/13/index.php?action_kouhyou_detail_004_kani=true&JigyosyoCd=1372801439-00&ServiceCd=510&Type=search", "url2": "http://www.tokyo-busonkai.or.jp/tsukumoen/" }, "geometry": { "type": "Point", "coordinates": [ 139.2772728, 35.8382901 ] } },
{ "type": "Feature", "properties": { "内容": "特別養護老人ホーム塩船園【介護老人福祉施設】東京都青梅市塩船２５７番地１", "url": "https://www.kaigokensaku.mhlw.go.jp/13/index.php?action_kouhyou_detail_004_kani=true&JigyosyoCd=1372801447-00&ServiceCd=510&Type=search", "url2": "https://www.tokyo-busonkai.or.jp/top-page" }, "geometry": { "type": "Point", "coordinates": [ 139.27935130000003, 35.8023997 ] } },
{ "type": "Feature", "properties": { "内容": "御岳園【介護老人福祉施設】東京都青梅市御岳本町163番地1", "url": "https://www.kaigokensaku.mhlw.go.jp/13/index.php?action_kouhyou_detail_004_kani=true&JigyosyoCd=1372801454-00&ServiceCd=510&Type=search", "url2": "http://www.tokyo-busonkai.or.jp" }, "geometry": { "type": "Point", "coordinates": [ 139.177575700000034, 35.8003851 ] } },
{ "type": "Feature", "properties": { "内容": "特別養護老人ホーム　大洋園【介護老人福祉施設】東京都青梅市今井5-2440-141", "url": "https://www.kaigokensaku.mhlw.go.jp/13/index.php?action_kouhyou_detail_004_kani=true&JigyosyoCd=1372801934-00&ServiceCd=510&Type=search", "url2": "http://www.issekikai.jp" }, "geometry": { "type": "Point", "coordinates": [ 139.321744699999954, 35.7936465 ] } },
{ "type": "Feature", "properties": { "内容": "青梅園【介護老人福祉施設】東京都青梅市長淵6丁目464番地１", "url": "https://www.kaigokensaku.mhlw.go.jp/13/index.php?action_kouhyou_detail_004_kani=true&JigyosyoCd=1372801959-00&ServiceCd=510&Type=search", "url2": "http://www.oumeen.or.jp" }, "geometry": { "type": "Point", "coordinates": [ 139.268908399999987, 35.7799937 ] } },
{ "type": "Feature", "properties": { "内容": "聖明園富士見荘【介護老人福祉施設】東京都青梅市根ケ布２丁目７２２番地２", "url": "https://www.kaigokensaku.mhlw.go.jp/13/index.php?action_kouhyou_detail_004_kani=true&JigyosyoCd=1372800118-00&ServiceCd=510&Type=search", "url2": "https://seimeifukushi.or.jp/" }, "geometry": { "type": "Point", "coordinates": [ 139.266454204617276, 35.806217125672461 ] } },
{ "type": "Feature", "properties": { "内容": "府中市立特別養護老人ホームよつや苑【介護老人福祉施設】東京都府中市四谷3-66", "url": "https://www.kaigokensaku.mhlw.go.jp/13/index.php?action_kouhyou_detail_004_kani=true&JigyosyoCd=1373800141-00&ServiceCd=510&Type=search", "url2": "http://www.shoukichi.org" }, "geometry": { "type": "Point", "coordinates": [ 139.446156, 35.6601236 ] } },
{ "type": "Feature", "properties": { "内容": "安立園特別養護老人ホーム【介護老人福祉施設】東京都府中市晴見町1-13-5", "url": "https://www.kaigokensaku.mhlw.go.jp/13/index.php?action_kouhyou_detail_004_kani=true&JigyosyoCd=1373800166-00&ServiceCd=510&Type=search", "url2": "https://anryuen.jp" }, "geometry": { "type": "Point", "coordinates": [ 139.479546193917855, 35.68027375743312 ] } },
{ "type": "Feature", "properties": { "内容": "特別養護老人ホーム　信愛緑苑【介護老人福祉施設】東京都府中市緑町1-39-3", "url": "https://www.kaigokensaku.mhlw.go.jp/13/index.php?action_kouhyou_detail_004_kani=true&JigyosyoCd=1373800174-00&ServiceCd=510&Type=search", "url2": "http://www.tama-dhk.or.jp/midori/" }, "geometry": { "type": "Point", "coordinates": [ 139.487754799999948, 35.6752369 ] } },
{ "type": "Feature", "properties": { "内容": "信愛泉苑【介護老人福祉施設】東京都府中市武蔵台1-10-4", "url": "https://www.kaigokensaku.mhlw.go.jp/13/index.php?action_kouhyou_detail_004_kani=true&JigyosyoCd=1373800133-00&ServiceCd=510&Type=search", "url2": "http://www.tama-dhk.or.jp/izumi/" }, "geometry": { "type": "Point", "coordinates": [ 139.464512003041136, 35.687576823144646 ] } },
{ "type": "Feature", "properties": { "内容": "府中市立特別養護老人ホームあさひ苑【介護老人福祉施設】東京都府中市立朝日町3-17-1", "url": "https://www.kaigokensaku.mhlw.go.jp/13/index.php?action_kouhyou_detail_004_kani=true&JigyosyoCd=1373800158-00&ServiceCd=510&Type=search", "url2": "http://asahi@tama-dhk.or.jp" }, "geometry": { "type": "Point", "coordinates": [ 139.5226702, 35.6678973 ] } },
{ "type": "Feature", "properties": { "内容": "たちばなの園白糸台【介護老人福祉施設】東京都府中市白糸台六丁目2番17", "url": "https://www.kaigokensaku.mhlw.go.jp/13/index.php?action_kouhyou_detail_004_kani=true&JigyosyoCd=1373800182-00&ServiceCd=510&Type=search", "url2": "https://www.chayanosono.jp/" }, "geometry": { "type": "Point", "coordinates": [ 139.519540499999977, 35.6649527 ] } },
{ "type": "Feature", "properties": { "内容": "特別養護老人ホーム・介護老人福祉施設「わたしの家　府中」【介護老人福祉施設】東京都府中市南町6-60-3", "url": "https://www.kaigokensaku.mhlw.go.jp/13/index.php?action_kouhyou_detail_004_kani=true&JigyosyoCd=1373803004-00&ServiceCd=510&Type=search", "url2": "https://sites.google.com/site/watashinoiefuchu/" }, "geometry": { "type": "Point", "coordinates": [ 139.469164481716916, 35.655578271630915 ] } },
{ "type": "Feature", "properties": { "内容": "特別養護老人ホーム　明日に架ける橋【介護老人福祉施設】東京都府中市若松町4-4-5特別養護老人ホーム　明日に架ける橋", "url": "https://www.kaigokensaku.mhlw.go.jp/13/index.php?action_kouhyou_detail_004_kani=true&JigyosyoCd=1373804127-00&ServiceCd=510&Type=search", "url2": "https://kosei.or.jp" }, "geometry": { "type": "Point", "coordinates": [ 139.5019141, 35.6764669 ] } },
{ "type": "Feature", "properties": { "内容": "特別養護老人ホーム府中若松苑【介護老人福祉施設】東京都府中市若松町4-51-5", "url": "https://www.kaigokensaku.mhlw.go.jp/13/index.php?action_kouhyou_detail_004_kani=true&JigyosyoCd=1373803913-00&ServiceCd=510&Type=search", "url2": "https://waw.or.jp" }, "geometry": { "type": "Point", "coordinates": [ 139.499679503704783, 35.677620315501969 ] } },
{ "type": "Feature", "properties": { "内容": "特別養護老人ホーム　鳳仙寮【介護老人福祉施設】東京都府中市西府町2-24-6", "url": "https://www.kaigokensaku.mhlw.go.jp/13/index.php?action_kouhyou_detail_004_kani=true&JigyosyoCd=1373800828-00&ServiceCd=510&Type=search", "url2": "http://www.housenryo.jp/" }, "geometry": { "type": "Point", "coordinates": [ 139.453985399999965, 35.6750803 ] } },
{ "type": "Feature", "properties": { "内容": "愛全園【介護老人福祉施設】東京都昭島市田中町二丁目２５番３号愛全園", "url": "https://www.kaigokensaku.mhlw.go.jp/13/index.php?action_kouhyou_detail_004_kani=true&JigyosyoCd=1374000147-00&ServiceCd=510&Type=search", "url2": "https://aizenen.jp" }, "geometry": { "type": "Point", "coordinates": [ 139.351034600000048, 35.7045136 ] } },
{ "type": "Feature", "properties": { "内容": "特別養護老人ホーム　フジホーム【介護老人福祉施設】東京都昭島市中神町１２６０番地", "url": "https://www.kaigokensaku.mhlw.go.jp/13/index.php?action_kouhyou_detail_004_kani=true&JigyosyoCd=1374000154-00&ServiceCd=510&Type=search", "url2": "http://www.doen.jp/" }, "geometry": { "type": "Point", "coordinates": [ 139.381506896820042, 35.70859778858344 ] } },
{ "type": "Feature", "properties": { "内容": "ニューフジホーム【介護老人福祉施設】東京都昭島市中神町１２６０番地", "url": "https://www.kaigokensaku.mhlw.go.jp/13/index.php?action_kouhyou_detail_004_kani=true&JigyosyoCd=1374000162-00&ServiceCd=510&Type=search", "url2": "http://www.d-nfh.jp" }, "geometry": { "type": "Point", "coordinates": [ 139.381780028343201, 35.710127842718407 ] } },
{ "type": "Feature", "properties": { "内容": "特別養護老人ホーム　ハピネス昭和の森【介護老人福祉施設】東京都昭島市代官山一丁目２番１号", "url": "https://www.kaigokensaku.mhlw.go.jp/13/index.php?action_kouhyou_detail_004_kani=true&JigyosyoCd=1374001525-00&ServiceCd=510&Type=search", "url2": "http://family-wf.jp/" }, "geometry": { "type": "Point", "coordinates": [ 139.366027537509126, 35.720738906514576 ] } },
{ "type": "Feature", "properties": { "内容": "特別養護老人ホームもくせいの苑【介護老人福祉施設】東京都昭島市松原町2-9-2", "url": "https://www.kaigokensaku.mhlw.go.jp/13/index.php?action_kouhyou_detail_004_kani=true&JigyosyoCd=1374000170-00&ServiceCd=510&Type=search", "url2": "http://www.mokuseinosono.jp" }, "geometry": { "type": "Point", "coordinates": [ 139.351198100000033, 35.7154817 ] } },
{ "type": "Feature", "properties": { "内容": "調布市特別養護老人ホームちょうふの里【介護老人福祉施設】東京都調布市西町290番地5", "url": "https://www.kaigokensaku.mhlw.go.jp/13/index.php?action_kouhyou_detail_004_kani=true&JigyosyoCd=1374200135-00&ServiceCd=510&Type=search", "url2": "http://www.katabamikai.jp/sato/" }, "geometry": { "type": "Point", "coordinates": [ 139.52306580000004, 35.6676473 ] } },
{ "type": "Feature", "properties": { "内容": "特別養護老人ホームときわぎ国領【介護老人福祉施設】東京都調布市国領町8-2-65", "url": "https://www.kaigokensaku.mhlw.go.jp/13/index.php?action_kouhyou_detail_004_kani=true&JigyosyoCd=1374201612-00&ServiceCd=510&Type=search", "url2": "http://www.tokiwakai.tokyo" }, "geometry": { "type": "Point", "coordinates": [ 139.564733299999943, 35.6462625 ] } },
{ "type": "Feature", "properties": { "内容": "調布八雲苑【介護老人福祉施設】東京都調布市八雲台１－５－５", "url": "https://www.kaigokensaku.mhlw.go.jp/13/index.php?action_kouhyou_detail_004_kani=true&JigyosyoCd=1374200127-00&ServiceCd=510&Type=search", "url2": "http://www.katabamikai.jp/" }, "geometry": { "type": "Point", "coordinates": [ 139.553650400000038, 35.6538558 ] } },
{ "type": "Feature", "properties": { "内容": "爽爽荘【介護老人福祉施設】東京都調布市飛田給３－３７－１", "url": "https://www.kaigokensaku.mhlw.go.jp/13/index.php?action_kouhyou_detail_004_kani=true&JigyosyoCd=1374200143-00&ServiceCd=510&Type=search", "url2": "http://www.sokokai.jp" }, "geometry": { "type": "Point", "coordinates": [ 139.521578671163979, 35.654376918131234 ] } },
{ "type": "Feature", "properties": { "内容": "特別養護老人ホーム　ちょうふ花園【介護老人福祉施設】東京都調布市下石原3-44-1", "url": "https://www.kaigokensaku.mhlw.go.jp/13/index.php?action_kouhyou_detail_004_kani=true&JigyosyoCd=1374201224-00&ServiceCd=510&Type=search", "url2": "http://www.tojinkai.or.jp" }, "geometry": { "type": "Point", "coordinates": [ 139.53336360000003, 35.6517086 ] } },
{ "type": "Feature", "properties": { "内容": "特別養護老人ホームらくえん深大寺【介護老人福祉施設】東京都調布市佐須町1-26-1", "url": "https://www.kaigokensaku.mhlw.go.jp/13/index.php?action_kouhyou_detail_004_kani=true&JigyosyoCd=1374202875-00&ServiceCd=510&Type=search", "url2": "https://www.rakuen1294.com/108/" }, "geometry": { "type": "Point", "coordinates": [ 139.553021665081786, 35.662311320982084 ] } },
{ "type": "Feature", "properties": { "内容": "特別養護老人ホーム仙川くぬぎ園【介護老人福祉施設】東京都調布市入間町2-28-33特別養護老人ホーム仙川くぬぎ園", "url": "https://www.kaigokensaku.mhlw.go.jp/13/index.php?action_kouhyou_detail_004_kani=true&JigyosyoCd=1374203428-00&ServiceCd=510&Type=search", "url2": "http://www.tojinkai.or.jp" }, "geometry": { "type": "Point", "coordinates": [ 139.58719670000005, 35.648668 ] } },
{ "type": "Feature", "properties": { "内容": "特別養護老人ホーム　かしわ園【介護老人福祉施設】東京都調布市国領町8-4-6", "url": "https://www.kaigokensaku.mhlw.go.jp/13/index.php?action_kouhyou_detail_004_kani=true&JigyosyoCd=1374202321-00&ServiceCd=510&Type=search", "url2": "http://www.tojinkai.or.jp/kashiwaen/especially/" }, "geometry": { "type": "Point", "coordinates": [ 139.564710800000057, 35.6492954 ] } },
{ "type": "Feature", "properties": { "内容": "特別養護老人ホーム清風園【介護老人福祉施設】東京都町田市金井7-17-13", "url": "https://www.kaigokensaku.mhlw.go.jp/13/index.php?action_kouhyou_detail_004_kani=true&JigyosyoCd=1373200219-00&ServiceCd=510&Type=search", "url2": "http://www.san-ikukai.or.jp/seifu-en" }, "geometry": { "type": "Point", "coordinates": [ 139.461443700000018, 35.5742151 ] } },
{ "type": "Feature", "properties": { "内容": "特別養護老人ホーム芙蓉園【介護老人福祉施設】東京都町田市南町田5-16-1", "url": "https://www.kaigokensaku.mhlw.go.jp/13/index.php?action_kouhyou_detail_004_kani=true&JigyosyoCd=1373200227-00&ServiceCd=510&Type=search", "url2": "http://www.fuyouen.jp" }, "geometry": { "type": "Point", "coordinates": [ 139.471337100000028, 35.514729500000016 ] } },
{ "type": "Feature", "properties": { "内容": "特別養護老人ホームみぎわホーム【介護老人福祉施設】東京都町田市南町田4-10-38", "url": "https://www.kaigokensaku.mhlw.go.jp/13/index.php?action_kouhyou_detail_004_kani=true&JigyosyoCd=1373200243-00&ServiceCd=510&Type=search", "url2": "http://www.migiwa-home.or.jp" }, "geometry": { "type": "Point", "coordinates": [ 139.464431699999977, 35.5157288 ] } },
{ "type": "Feature", "properties": { "内容": "特別養護老人ホーム　福音の家【介護老人福祉施設】東京都町田市野津田町１９３２番地", "url": "https://www.kaigokensaku.mhlw.go.jp/13/index.php?action_kouhyou_detail_004_kani=true&JigyosyoCd=1373200250-00&ServiceCd=510&Type=search", "url2": "http://www.fukuinkai.or.jp" }, "geometry": { "type": "Point", "coordinates": [ 139.435181599999964, 35.5871403 ] } },
{ "type": "Feature", "properties": { "内容": "合掌苑　桂寮【介護老人福祉施設】東京都町田市金森東3-18-16", "url": "https://www.kaigokensaku.mhlw.go.jp/13/index.php?action_kouhyou_detail_004_kani=true&JigyosyoCd=1373200284-00&ServiceCd=510&Type=search", "url2": "http://www.gsen.or.jp" }, "geometry": { "type": "Point", "coordinates": [ 139.465803400000027, 35.5315702 ] } },
{ "type": "Feature", "properties": { "内容": "特別養護老人ホームいづみの里【介護老人福祉施設】東京都町田市原町田５－１－１２", "url": "https://www.kaigokensaku.mhlw.go.jp/13/index.php?action_kouhyou_detail_004_kani=true&JigyosyoCd=1373200292-00&ServiceCd=510&Type=search", "url2": "http://www.753kai.or.jp" }, "geometry": { "type": "Point", "coordinates": [ 139.448489900000027, 35.546745 ] } },
{ "type": "Feature", "properties": { "内容": "特別養護老人ホーム　悠々園【介護老人福祉施設】東京都町田市能ヶ谷4-30-1", "url": "https://www.kaigokensaku.mhlw.go.jp/13/index.php?action_kouhyou_detail_004_kani=true&JigyosyoCd=1373201639-00&ServiceCd=510&Type=search", "url2": "http://www.yuyuen.com/" }, "geometry": { "type": "Point", "coordinates": [ 139.48716730000001, 35.5863495 ] } },
{ "type": "Feature", "properties": { "内容": "特別養護老人ホーム　コモンズ【介護老人福祉施設】東京都町田市森野４－８－３９", "url": "https://www.kaigokensaku.mhlw.go.jp/13/index.php?action_kouhyou_detail_004_kani=true&JigyosyoCd=1373202363-00&ServiceCd=510&Type=search", "url2": "https://machida-fukushi.or.jp/" }, "geometry": { "type": "Point", "coordinates": [ 139.4331161, 35.5540718 ] } },
{ "type": "Feature", "properties": { "内容": "特別養護老人ホーム　町田誠心園【介護老人福祉施設】東京都町田市下小山田町3352番地8", "url": "https://www.kaigokensaku.mhlw.go.jp/13/index.php?action_kouhyou_detail_004_kani=true&JigyosyoCd=1373203635-00&ServiceCd=510&Type=search", "url2": "http://www.sankokai.com" }, "geometry": { "type": "Point", "coordinates": [ 139.408497799999964, 35.5901476 ] } },
{ "type": "Feature", "properties": { "内容": "特別養護老人ホーム椿【介護老人福祉施設】東京都町田市相原町2311-1", "url": "https://www.kaigokensaku.mhlw.go.jp/13/index.php?action_kouhyou_detail_004_kani=true&JigyosyoCd=1373204559-00&ServiceCd=510&Type=search", "url2": "http://www.tenjuen.net" }, "geometry": { "type": "Point", "coordinates": [ 139.312769771163971, 35.610899304182645 ] } },
{ "type": "Feature", "properties": { "内容": "特別養護老人ホーム椿【介護老人福祉施設】東京都町田市相原町2311-1", "url": "https://www.kaigokensaku.mhlw.go.jp/13/index.php?action_kouhyou_detail_004_kani=true&JigyosyoCd=1373204567-00&ServiceCd=510&Type=search", "url2": "http://www.tenjuen.net" }, "geometry": { "type": "Point", "coordinates": [ 139.312780500000031, 35.610956 ] } },
{ "type": "Feature", "properties": { "内容": "特別養護老人ホーム　かりん・町田【介護老人福祉施設】東京都町田市忠生１－２－７特別養護老人ホーム　かりん・町田", "url": "https://www.kaigokensaku.mhlw.go.jp/13/index.php?action_kouhyou_detail_004_kani=true&JigyosyoCd=1373205408-00&ServiceCd=510&Type=search", "url2": "http://www.eijyukai-karin.com/" }, "geometry": { "type": "Point", "coordinates": [ 139.421190690213081, 35.572829593779524 ] } },
{ "type": "Feature", "properties": { "内容": "特別養護老人ホーム　友愛荘（従来型多床室）【介護老人福祉施設】東京都町田市南大谷3丁目41番地1", "url": "https://www.kaigokensaku.mhlw.go.jp/13/index.php?action_kouhyou_detail_004_kani=true&JigyosyoCd=1373200235-00&ServiceCd=510&Type=search", "url2": "https://www.yuai.or.jp/yuaiso/" }, "geometry": { "type": "Point", "coordinates": [ 139.452381917674984, 35.555851165836749 ] } },
{ "type": "Feature", "properties": { "内容": "杏林荘【介護老人福祉施設】東京都町田市相原町2017番地1", "url": "https://www.kaigokensaku.mhlw.go.jp/13/index.php?action_kouhyou_detail_004_kani=true&JigyosyoCd=1373200268-00&ServiceCd=510&Type=search", "url2": "https://kyorinso.jimdo.com/" }, "geometry": { "type": "Point", "coordinates": [ 139.319263399999954, 35.6094396 ] } },
{ "type": "Feature", "properties": { "内容": "特別養護老人ホームサルビア荘【介護老人福祉施設】東京都町田市図師町2987-1", "url": "https://www.kaigokensaku.mhlw.go.jp/13/index.php?action_kouhyou_detail_004_kani=true&JigyosyoCd=1373200276-00&ServiceCd=510&Type=search", "url2": "http://www.tokyoengokyokai.or.jp/" }, "geometry": { "type": "Point", "coordinates": [ 139.435076844180259, 35.589843044329342 ] } },
{ "type": "Feature", "properties": { "内容": "美郷【介護老人福祉施設】東京都町田市小山ヶ丘一丁目2番地9", "url": "https://www.kaigokensaku.mhlw.go.jp/13/index.php?action_kouhyou_detail_004_kani=true&JigyosyoCd=1373200854-00&ServiceCd=510&Type=search", "url2": "http://www.chikuseikai.com" }, "geometry": { "type": "Point", "coordinates": [ 139.385744100000011, 35.5962408 ] } },
{ "type": "Feature", "properties": { "内容": "花美郷【介護老人福祉施設】東京都町田市小山ヶ丘１丁目１２番地５", "url": "https://www.kaigokensaku.mhlw.go.jp/13/index.php?action_kouhyou_detail_004_kani=true&JigyosyoCd=1373203106-00&ServiceCd=510&Type=search", "url2": "http://chikuseikai.com/" }, "geometry": { "type": "Point", "coordinates": [ 139.386735700000031, 35.5969879 ] } },
{ "type": "Feature", "properties": { "内容": "特別養護老人ホーム　レガメ町田【介護老人福祉施設】東京都町田市南大谷1-41-1", "url": "https://www.kaigokensaku.mhlw.go.jp/13/index.php?action_kouhyou_detail_004_kani=true&JigyosyoCd=1373205994-00&ServiceCd=510&Type=search", "url2": "http://taiseikai-web.com" }, "geometry": { "type": "Point", "coordinates": [ 139.459767852996805, 35.550812826911915 ] } },
{ "type": "Feature", "properties": { "内容": "特別養護老人ホーム　友愛荘（ユニット型個室）【介護老人福祉施設】東京都町田市南大谷3丁目41番地1", "url": "https://www.kaigokensaku.mhlw.go.jp/13/index.php?action_kouhyou_detail_004_kani=true&JigyosyoCd=1373207024-00&ServiceCd=510&Type=search", "url2": "https://www.yuai.or.jp/facility/yuaiso/" }, "geometry": { "type": "Point", "coordinates": [ 139.4524889, 35.5557166 ] } },
{ "type": "Feature", "properties": { "内容": "介護老人福祉施設　ヴィラ町田【介護老人福祉施設】東京都町田市相原町4391-7", "url": "https://www.kaigokensaku.mhlw.go.jp/13/index.php?action_kouhyou_detail_004_kani=true&JigyosyoCd=1373203858-00&ServiceCd=510&Type=search", "url2": "http://machida.tokuyou.jp" }, "geometry": { "type": "Point", "coordinates": [ 139.294021, 35.6122975 ] } },
{ "type": "Feature", "properties": { "内容": "特別養護老人ホーム　高ケ坂ひかり苑【介護老人福祉施設】東京都町田市高ヶ坂５－２６－１９", "url": "https://www.kaigokensaku.mhlw.go.jp/13/index.php?action_kouhyou_detail_004_kani=true&JigyosyoCd=1373204047-00&ServiceCd=510&Type=search", "url2": "https://midorifukushikai.or.jp/facility/kogasaka/" }, "geometry": { "type": "Point", "coordinates": [ 139.462061299999959, 35.5458374 ] } },
{ "type": "Feature", "properties": { "内容": "特別養護老人ホーム　まちだ正吉苑【介護老人福祉施設】東京都町田市成瀬八丁目10番1号", "url": "https://www.kaigokensaku.mhlw.go.jp/13/index.php?action_kouhyou_detail_004_kani=true&JigyosyoCd=1373204211-00&ServiceCd=510&Type=search", "url2": "http://shoukichi.org/" }, "geometry": { "type": "Point", "coordinates": [ 139.470230975532559, 35.54299986662263 ] } },
{ "type": "Feature", "properties": { "内容": "グランハート悠々園【介護老人福祉施設】東京都町田市山崎町2055番地1", "url": "https://www.kaigokensaku.mhlw.go.jp/13/index.php?action_kouhyou_detail_004_kani=true&JigyosyoCd=1373206471-00&ServiceCd=510&Type=search", "url2": "http://www.yuyuen.com" }, "geometry": { "type": "Point", "coordinates": [ 139.43173790000003, 35.5713366 ] } },
{ "type": "Feature", "properties": { "内容": "第二清風園【介護老人福祉施設】東京都町田市薬師台3丁目270番1", "url": "https://www.kaigokensaku.mhlw.go.jp/13/index.php?action_kouhyou_detail_004_kani=true&JigyosyoCd=1373200300-00&ServiceCd=510&Type=search", "url2": "http://www.san-ikukai.or.jp/machida/seifu2/" }, "geometry": { "type": "Point", "coordinates": [ 139.457002099999954, 35.5821945 ] } },
{ "type": "Feature", "properties": { "内容": "桜町聖ヨハネホーム【介護老人福祉施設】東京都小金井市桜町１－２－２４", "url": "https://www.kaigokensaku.mhlw.go.jp/13/index.php?action_kouhyou_detail_004_kani=true&JigyosyoCd=1374100079-00&ServiceCd=510&Type=search", "url2": "https://www.seiyohanekai.or.jp/st-johns-home.html" }, "geometry": { "type": "Point", "coordinates": [ 139.512070799999947, 35.7102779 ] } },
{ "type": "Feature", "properties": { "内容": "特別養護老人ホームつきみの園【介護老人福祉施設】東京都小金井市中町２－１５－２５", "url": "https://www.kaigokensaku.mhlw.go.jp/13/index.php?action_kouhyou_detail_004_kani=true&JigyosyoCd=1374100277-00&ServiceCd=510&Type=search", "url2": "http://www.seirouin.or.jp/tsukimi" }, "geometry": { "type": "Point", "coordinates": [ 139.516904299999965, 35.6972185 ] } },
{ "type": "Feature", "properties": { "内容": "特別養護老人ホーム　本町けやきの杜【介護老人福祉施設】東京都小金井市本町4-7-1本町けやきの杜", "url": "https://www.kaigokensaku.mhlw.go.jp/13/index.php?action_kouhyou_detail_004_kani=true&JigyosyoCd=1374102059-00&ServiceCd=510&Type=search", "url2": null }, "geometry": { "type": "Point", "coordinates": [ 139.501023800000041, 35.708397600000026 ] } },
{ "type": "Feature", "properties": { "内容": "特別養護老人ホームぬく井の杜【介護老人福祉施設】東京都小金井市貫井北町3-4-8", "url": "https://www.kaigokensaku.mhlw.go.jp/13/index.php?action_kouhyou_detail_004_kani=true&JigyosyoCd=1374101754-00&ServiceCd=510&Type=search", "url2": "http://nanokakai.jp" }, "geometry": { "type": "Point", "coordinates": [ 139.4975028, 35.7074055 ] } },
{ "type": "Feature", "properties": { "内容": "小川ホーム【介護老人福祉施設】東京都小平市小川西町2丁目35番2号", "url": "https://www.kaigokensaku.mhlw.go.jp/13/index.php?action_kouhyou_detail_004_kani=true&JigyosyoCd=1374300190-00&ServiceCd=510&Type=search", "url2": "http://www.ogawahome.or.jp" }, "geometry": { "type": "Point", "coordinates": [ 139.4609266, 35.7368926 ] } },
{ "type": "Feature", "properties": { "内容": "特別養護老人ホーム　小平グリーンてらす【介護老人福祉施設】東京都小平市鈴木町１丁目９９－６特別養護老人ホーム小平グリーンてらす", "url": "https://www.kaigokensaku.mhlw.go.jp/13/index.php?action_kouhyou_detail_004_kani=true&JigyosyoCd=1374303392-00&ServiceCd=510&Type=search", "url2": "https://ryokuzankai.jp/" }, "geometry": { "type": "Point", "coordinates": [ 139.500005799999968, 35.723202 ] } },
{ "type": "Feature", "properties": { "内容": "多摩済生園【介護老人福祉施設】東京都小平市美園町３－１２－１", "url": "https://www.kaigokensaku.mhlw.go.jp/13/index.php?action_kouhyou_detail_004_kani=true&JigyosyoCd=1374300166-00&ServiceCd=510&Type=search", "url2": "https://tama-saisei-home.com" }, "geometry": { "type": "Point", "coordinates": [ 139.490212700000029, 35.7401404 ] } },
{ "type": "Feature", "properties": { "内容": "特別養護老人ホーム　まりも園【介護老人福祉施設】東京都小平市上水南町4-7-45", "url": "https://www.kaigokensaku.mhlw.go.jp/13/index.php?action_kouhyou_detail_004_kani=true&JigyosyoCd=1374300182-00&ServiceCd=510&Type=search", "url2": "https://marimokai.jp/" }, "geometry": { "type": "Point", "coordinates": [ 139.491028300000039, 35.7087996 ] } },
{ "type": "Feature", "properties": { "内容": "小平健成苑【介護老人福祉施設】東京都小平市鈴木町2町目230-3", "url": "https://www.kaigokensaku.mhlw.go.jp/13/index.php?action_kouhyou_detail_004_kani=true&JigyosyoCd=1374300208-00&ServiceCd=510&Type=search", "url2": "http://www.kenseien.org/" }, "geometry": { "type": "Point", "coordinates": [ 139.504609499999987, 35.724662 ] } },
{ "type": "Feature", "properties": { "内容": "特別養護老人ホーム　さくら野杜【介護老人福祉施設】東京都小平市花小金井3-25-21", "url": "https://www.kaigokensaku.mhlw.go.jp/13/index.php?action_kouhyou_detail_004_kani=true&JigyosyoCd=1374301321-00&ServiceCd=510&Type=search", "url2": "http://www.nanokakai.jp/sakurano-mori/" }, "geometry": { "type": "Point", "coordinates": [ 139.514702199999988, 35.7404938 ] } },
{ "type": "Feature", "properties": { "内容": "特別養護老人ホーム晴風苑【介護老人福祉施設】東京都小平市小川町一丁目497番地9特別養護老人ホーム晴風苑", "url": "https://www.kaigokensaku.mhlw.go.jp/13/index.php?action_kouhyou_detail_004_kani=true&JigyosyoCd=1374303285-00&ServiceCd=510&Type=search", "url2": "http://www.seifuukai.jp" }, "geometry": { "type": "Point", "coordinates": [ 139.439114099999983, 35.7274648 ] } },
{ "type": "Feature", "properties": { "内容": "Villaあい小平【介護老人福祉施設】東京都小平市小川町1-3014-7Villaあい小平", "url": "https://www.kaigokensaku.mhlw.go.jp/13/index.php?action_kouhyou_detail_004_kani=true&JigyosyoCd=1374303376-00&ServiceCd=510&Type=search", "url2": "http://www.ainoki.or.jp" }, "geometry": { "type": "Point", "coordinates": [ 139.443507853967276, 35.726065914122486 ] } },
{ "type": "Feature", "properties": { "内容": "特別養護老人ホームグランてらす小平団地【介護老人福祉施設】東京都小平市喜平町3-1-41", "url": "https://www.kaigokensaku.mhlw.go.jp/13/index.php?action_kouhyou_detail_004_kani=true&JigyosyoCd=1374303822-00&ServiceCd=510&Type=search", "url2": "https://ryokuzankai.jp/grp/kodairadanchi/" }, "geometry": { "type": "Point", "coordinates": [ 139.488566063090502, 35.721656566328122 ] } },
{ "type": "Feature", "properties": { "内容": "やすらぎの園【介護老人福祉施設】東京都小平市小川町１丁目４８５番地", "url": "https://www.kaigokensaku.mhlw.go.jp/13/index.php?action_kouhyou_detail_004_kani=true&JigyosyoCd=1374300174-00&ServiceCd=510&Type=search", "url2": "http://www.reimeikai.or.jp/yasuragi/" }, "geometry": { "type": "Point", "coordinates": [ 139.440228260713184, 35.72815696033144 ] } },
{ "type": "Feature", "properties": { "内容": "特別養護老人ホーム　マザアス日野【介護老人福祉施設】東京都日野市万願寺一丁目16番1号", "url": "https://www.kaigokensaku.mhlw.go.jp/13/index.php?action_kouhyou_detail_004_kani=true&JigyosyoCd=1373500139-00&ServiceCd=510&Type=search", "url2": "https://www.moth.or.jp" }, "geometry": { "type": "Point", "coordinates": [ 139.420151499999946, 35.6757989 ] } },
{ "type": "Feature", "properties": { "内容": "特別養護老人ホーム　豊かな里【介護老人福祉施設】東京都日野市豊田1丁目22番地の2", "url": "https://www.kaigokensaku.mhlw.go.jp/13/index.php?action_kouhyou_detail_004_kani=true&JigyosyoCd=1373500394-00&ServiceCd=510&Type=search", "url2": "http://www.yutakanasato.or.jp" }, "geometry": { "type": "Point", "coordinates": [ 139.388402499999984, 35.6581721 ] } },
{ "type": "Feature", "properties": { "内容": "特別養護老人ホームあすなろ【介護老人福祉施設】東京都日野市百草1042番17特別養護老人ホームあすなろ", "url": "https://www.kaigokensaku.mhlw.go.jp/13/index.php?action_kouhyou_detail_004_kani=true&JigyosyoCd=1373501483-00&ServiceCd=510&Type=search", "url2": "http://care-net.biz/13/asunaro/" }, "geometry": { "type": "Point", "coordinates": [ 139.425005400000032, 35.6473606 ] } },
{ "type": "Feature", "properties": { "内容": "特別養護老人ホーム浅川苑【介護老人福祉施設】東京都日野市高幡864-4", "url": "https://www.kaigokensaku.mhlw.go.jp/13/index.php?action_kouhyou_detail_004_kani=true&JigyosyoCd=1373501673-00&ServiceCd=510&Type=search", "url2": "http://care-net.biz/13/asakawaen/" }, "geometry": { "type": "Point", "coordinates": [ 139.412236, 35.6646498 ] } },
{ "type": "Feature", "properties": { "内容": "介護老人福祉施設ラペ日野【介護老人福祉施設】東京都日野市程久保2-27-1", "url": "https://www.kaigokensaku.mhlw.go.jp/13/index.php?action_kouhyou_detail_004_kani=true&JigyosyoCd=1373502697-00&ServiceCd=510&Type=search", "url2": "http://ryokujyukai.com/fcility/hino" }, "geometry": { "type": "Point", "coordinates": [ 139.409895399999982, 35.650893 ] } },
{ "type": "Feature", "properties": { "内容": "特別養護老人ホーム　花子【介護老人福祉施設】東京都日野市多摩平3丁目1番11", "url": "https://www.kaigokensaku.mhlw.go.jp/13/index.php?action_kouhyou_detail_004_kani=true&JigyosyoCd=1373502879-00&ServiceCd=510&Type=search", "url2": "https://tokuyohanako.com/" }, "geometry": { "type": "Point", "coordinates": [ 139.3775713, 35.6646982 ] } },
{ "type": "Feature", "properties": { "内容": "特別養護老人ホーム花子【介護老人福祉施設】東京都日野市多摩平3丁目1番11", "url": "https://www.kaigokensaku.mhlw.go.jp/13/index.php?action_kouhyou_detail_004_kani=true&JigyosyoCd=1373502887-00&ServiceCd=510&Type=search", "url2": "https://tokuyohanako.com/" }, "geometry": { "type": "Point", "coordinates": [ 139.3775713, 35.6646982 ] } },
{ "type": "Feature", "properties": { "内容": "特別養護老人ホーム　シンフォニア【介護老人福祉施設】東京都日野市東平山3-1-19", "url": "https://www.kaigokensaku.mhlw.go.jp/13/index.php?action_kouhyou_detail_004_kani=true&JigyosyoCd=1373502242-00&ServiceCd=510&Type=search", "url2": "https://d-symphonia.jp/summary/" }, "geometry": { "type": "Point", "coordinates": [ 139.378155600000014, 35.6550827 ] } },
{ "type": "Feature", "properties": { "内容": "第二万寿園【介護老人福祉施設】東京都東村山市富士見町二丁目1番地２", "url": "https://www.kaigokensaku.mhlw.go.jp/13/index.php?action_kouhyou_detail_004_kani=true&JigyosyoCd=1372700078-00&ServiceCd=510&Type=search", "url2": "http://www.t-souseikai.or.jp/higashimurayama2/daini_manjuen.html" }, "geometry": { "type": "Point", "coordinates": [ 139.454426295770276, 35.744690286133356 ] } },
{ "type": "Feature", "properties": { "内容": "特別養護老人ホーム　ひかり苑【介護老人福祉施設】東京都東村山市富士見町２－７－４０", "url": "https://www.kaigokensaku.mhlw.go.jp/13/index.php?action_kouhyou_detail_004_kani=true&JigyosyoCd=1372700102-00&ServiceCd=510&Type=search", "url2": "http://www.hikarien.com" }, "geometry": { "type": "Point", "coordinates": [ 139.454432600000018, 35.739656 ] } },
{ "type": "Feature", "properties": { "内容": "はるびの郷【介護老人福祉施設】東京都　東村山市　秋津町　１－３２－１８", "url": "https://www.kaigokensaku.mhlw.go.jp/13/index.php?action_kouhyou_detail_004_kani=true&JigyosyoCd=1372700797-00&ServiceCd=510&Type=search", "url2": "http://www.ai-wa-kai.com/" }, "geometry": { "type": "Point", "coordinates": [ 139.497280499999988, 35.7734566 ] } },
{ "type": "Feature", "properties": { "内容": "特別養護老人ホーム　ハトホーム【介護老人福祉施設】東京都東村山市富士見町2-7-5", "url": "https://www.kaigokensaku.mhlw.go.jp/13/index.php?action_kouhyou_detail_004_kani=true&JigyosyoCd=1372700060-00&ServiceCd=510&Type=search", "url2": "http://www.murayamaen.or.jp" }, "geometry": { "type": "Point", "coordinates": [ 139.452058066795445, 35.740381720275785 ] } },
{ "type": "Feature", "properties": { "内容": "特別養護老人ホーム平成あおば上宮園【介護老人福祉施設】東京都東村山市青葉町1-7-75", "url": "https://www.kaigokensaku.mhlw.go.jp/13/index.php?action_kouhyou_detail_004_kani=true&JigyosyoCd=1372702538-00&ServiceCd=510&Type=search", "url2": "http://www.aoba-jyogu.jp/" }, "geometry": { "type": "Point", "coordinates": [ 139.49273354893495, 35.759360028555434 ] } },
{ "type": "Feature", "properties": { "内容": "特別養護老人ホ－ム　第２ハトホ－ム【介護老人福祉施設】東京都東村山市富士見町２－７－５", "url": "https://www.kaigokensaku.mhlw.go.jp/13/index.php?action_kouhyou_detail_004_kani=true&JigyosyoCd=1374701819-00&ServiceCd=510&Type=search", "url2": "https://www.murayamaen.or.jp" }, "geometry": { "type": "Point", "coordinates": [ 139.452081044785274, 35.740078612028327 ] } },
{ "type": "Feature", "properties": { "内容": "社会福祉法人　白十字会　白十字ホーム【介護老人福祉施設】東京都東村山市諏訪町2丁目26番１", "url": "https://www.kaigokensaku.mhlw.go.jp/13/index.php?action_kouhyou_detail_004_kani=true&JigyosyoCd=1372700052-00&ServiceCd=510&Type=search", "url2": "http://www.hakujujikai.or.jp" }, "geometry": { "type": "Point", "coordinates": [ 139.463675299999977, 35.7718922 ] } },
{ "type": "Feature", "properties": { "内容": "特別養護老人ホーム　青葉の杜【介護老人福祉施設】東京都東村山市青葉町2丁目26番地１", "url": "https://www.kaigokensaku.mhlw.go.jp/13/index.php?action_kouhyou_detail_004_kani=true&JigyosyoCd=1372700508-00&ServiceCd=510&Type=search", "url2": "http://www.nanokakai.jp" }, "geometry": { "type": "Point", "coordinates": [ 139.490800900000067, 35.7626633 ] } },
{ "type": "Feature", "properties": { "内容": "特別養護老人ホーム　さくらテラス青葉町【介護老人福祉施設】東京都東村山市青葉町1丁目7-72", "url": "https://www.kaigokensaku.mhlw.go.jp/13/index.php?action_kouhyou_detail_004_kani=true&JigyosyoCd=1372702322-00&ServiceCd=510&Type=search", "url2": "http://www.misasakai.or.jp/" }, "geometry": { "type": "Point", "coordinates": [ 139.492539864942955, 35.758592198721097 ] } },
{ "type": "Feature", "properties": { "内容": "特別養護老人ホーム　さくらテラス青葉町【介護老人福祉施設】東京都東村山市青葉町1-7-72さくらテラス青葉町", "url": "https://www.kaigokensaku.mhlw.go.jp/13/index.php?action_kouhyou_detail_004_kani=true&JigyosyoCd=1372702330-00&ServiceCd=510&Type=search", "url2": "http://www.misasakai.or.jp/" }, "geometry": { "type": "Point", "coordinates": [ 139.493092400000023, 35.7592887 ] } },
{ "type": "Feature", "properties": { "内容": "西恋ヶ窪にんじんホーム【介護老人福祉施設】東京都国分寺市西恋ヶ窪1－50－１", "url": "https://www.kaigokensaku.mhlw.go.jp/13/index.php?action_kouhyou_detail_004_kani=true&JigyosyoCd=1373100765-00&ServiceCd=510&Type=search", "url2": "http://www.ninjin.or.jp" }, "geometry": { "type": "Point", "coordinates": [ 139.4678328, 35.7057743 ] } },
{ "type": "Feature", "properties": { "内容": "特別養護老人ホーム　にしき苑【介護老人福祉施設】東京都国分寺市東恋ヶ窪2-22-38", "url": "https://www.kaigokensaku.mhlw.go.jp/13/index.php?action_kouhyou_detail_004_kani=true&JigyosyoCd=1373100047-00&ServiceCd=510&Type=search", "url2": "http://www.nishiki-en.com" }, "geometry": { "type": "Point", "coordinates": [ 139.471454599999987, 35.709885 ] } },
{ "type": "Feature", "properties": { "内容": "特別養護老人ホーム　うれしのの里【介護老人福祉施設】東京都国分寺市日吉町4-32-6", "url": "https://www.kaigokensaku.mhlw.go.jp/13/index.php?action_kouhyou_detail_004_kani=true&JigyosyoCd=1373100476-00&ServiceCd=510&Type=search", "url2": "http://www.kokorokai.jp" }, "geometry": { "type": "Point", "coordinates": [ 139.458844399999947, 35.706735 ] } },
{ "type": "Feature", "properties": { "内容": "特別養護老人ホームサンライト【介護老人福祉施設】東京都国分寺市西町1-31-2", "url": "https://www.kaigokensaku.mhlw.go.jp/13/index.php?action_kouhyou_detail_004_kani=true&JigyosyoCd=1373101615-00&ServiceCd=510&Type=search", "url2": "https://sunlight.yokukou.net/" }, "geometry": { "type": "Point", "coordinates": [ 139.43194410000001, 35.7034797 ] } },
{ "type": "Feature", "properties": { "内容": "特別養護老人ホームかがやき【介護老人福祉施設】東京都国分寺市東恋ヶ窪2-17-2", "url": "https://www.kaigokensaku.mhlw.go.jp/13/index.php?action_kouhyou_detail_004_kani=true&JigyosyoCd=1373101292-00&ServiceCd=510&Type=search", "url2": "https://kagayaki.yokukou.net/" }, "geometry": { "type": "Point", "coordinates": [ 139.475032300000066, 35.707416 ] } },
{ "type": "Feature", "properties": { "内容": "特別養護老人ホーム　くにたち苑【介護老人福祉施設】東京都国立市泉３－１－６", "url": "https://www.kaigokensaku.mhlw.go.jp/13/index.php?action_kouhyou_detail_004_kani=true&JigyosyoCd=1373400041-00&ServiceCd=510&Type=search", "url2": "http://www.kuni-en.com" }, "geometry": { "type": "Point", "coordinates": [ 139.425903699999907, 35.6804097 ] } },
{ "type": "Feature", "properties": { "内容": "シルバーハイツ谷保【介護老人福祉施設】東京都国立市谷保6丁目17番地の37", "url": "https://www.kaigokensaku.mhlw.go.jp/13/index.php?action_kouhyou_detail_004_kani=true&JigyosyoCd=1373400611-00&ServiceCd=510&Type=search", "url2": "https://e-seiaikai.com/" }, "geometry": { "type": "Point", "coordinates": [ 139.443833300000051, 35.674824600000022 ] } },
{ "type": "Feature", "properties": { "内容": "特別養護老人ホームヨコタホーム【介護老人福祉施設】東京都福生市福生2300番4", "url": "https://www.kaigokensaku.mhlw.go.jp/13/index.php?action_kouhyou_detail_004_kani=true&JigyosyoCd=1374400107-00&ServiceCd=510&Type=search", "url2": "http://www.mokuseikai.or.jp" }, "geometry": { "type": "Point", "coordinates": [ 139.337800900000047, 35.740545 ] } },
{ "type": "Feature", "properties": { "内容": "特別養護老人ホーム第2サンシャインビラ【介護老人福祉施設】東京都福生市福生3244-10", "url": "https://www.kaigokensaku.mhlw.go.jp/13/index.php?action_kouhyou_detail_004_kani=true&JigyosyoCd=1374400099-00&ServiceCd=510&Type=search", "url2": "http://www.fukuyokai.or.jp/" }, "geometry": { "type": "Point", "coordinates": [ 139.318052099999932, 35.7456938 ] } },
{ "type": "Feature", "properties": { "内容": "特別養護老人ホーム福生ことぶき苑【介護老人福祉施設】東京都福生市北田園1丁目56番地1", "url": "https://www.kaigokensaku.mhlw.go.jp/13/index.php?action_kouhyou_detail_004_kani=true&JigyosyoCd=1374400487-00&ServiceCd=510&Type=search", "url2": "http://www.fussakotobukien.or.jp" }, "geometry": { "type": "Point", "coordinates": [ 139.324624299999982, 35.7324289 ] } },
{ "type": "Feature", "properties": { "内容": "特別養護老人ホーム　サンシャインビラ【介護老人福祉施設】東京都福生市北田園1丁目53番地3", "url": "https://www.kaigokensaku.mhlw.go.jp/13/index.php?action_kouhyou_detail_004_kani=true&JigyosyoCd=1374400081-00&ServiceCd=510&Type=search", "url2": "https://fukuyokai.or.jp/service/dai1/" }, "geometry": { "type": "Point", "coordinates": [ 139.3226674, 35.733068100000011 ] } },
{ "type": "Feature", "properties": { "内容": "こまえ苑【介護老人福祉施設】東京都狛江市岩戸南四丁目17番17号", "url": "https://www.kaigokensaku.mhlw.go.jp/13/index.php?action_kouhyou_detail_004_kani=true&JigyosyoCd=1374500021-00&ServiceCd=510&Type=search", "url2": "https://www.komaeen.or.jp" }, "geometry": { "type": "Point", "coordinates": [ 139.592729, 35.6258799 ] } },
{ "type": "Feature", "properties": { "内容": "こまえ正吉苑【介護老人福祉施設】東京都狛江市西野川2-27-23", "url": "https://www.kaigokensaku.mhlw.go.jp/13/index.php?action_kouhyou_detail_004_kani=true&JigyosyoCd=1374500237-00&ServiceCd=510&Type=search", "url2": "http://www.shoukichi.org" }, "geometry": { "type": "Point", "coordinates": [ 139.574040599999989, 35.645471 ] } },
{ "type": "Feature", "properties": { "内容": "地域福祉サービスセンターこまえ正吉苑二番館【介護老人福祉施設】東京都狛江市西野川4丁目8番8号地域福祉サービスセンターこまえ正吉苑二番館", "url": "https://www.kaigokensaku.mhlw.go.jp/13/index.php?action_kouhyou_detail_004_kani=true&JigyosyoCd=1374501102-00&ServiceCd=510&Type=search", "url2": "https://shoukichi.org/komae2/" }, "geometry": { "type": "Point", "coordinates": [ 139.569810400000051, 35.647292900000011 ] } },
{ "type": "Feature", "properties": { "内容": "特別養護老人ホームやまと苑【介護老人福祉施設】東京都東大和市狭山市2-1264-5やまと苑", "url": "https://www.kaigokensaku.mhlw.go.jp/13/index.php?action_kouhyou_detail_004_kani=true&JigyosyoCd=1374600060-00&ServiceCd=510&Type=search", "url2": "http://www.tamayamatoen.net" }, "geometry": { "type": "Point", "coordinates": [ 139.439508400000022, 35.7570347 ] } },
{ "type": "Feature", "properties": { "内容": "特別養護老人ホーム　さくら苑【介護老人福祉施設】東京都東大和市桜が丘2-122-4特別養護老人ホーム　さくら苑", "url": "https://www.kaigokensaku.mhlw.go.jp/13/index.php?action_kouhyou_detail_004_kani=true&JigyosyoCd=1374600086-00&ServiceCd=510&Type=search", "url2": "http://www.tamayamatoen.net" }, "geometry": { "type": "Point", "coordinates": [ 139.425649300000032, 35.7336095 ] } },
{ "type": "Feature", "properties": { "内容": "特別養護老人ホーム　風の樹【介護老人福祉施設】東京都東大和市蔵敷3丁目873番地1", "url": "https://www.kaigokensaku.mhlw.go.jp/13/index.php?action_kouhyou_detail_004_kani=true&JigyosyoCd=1374600540-00&ServiceCd=510&Type=search", "url2": "https://www.issekikai.jp" }, "geometry": { "type": "Point", "coordinates": [ 139.419616808598306, 35.74687732345555 ] } },
{ "type": "Feature", "properties": { "内容": "特別養護老人ホーム　は～とふる【介護老人福祉施設】東京都東大和市桜が丘2-53-6", "url": "https://www.kaigokensaku.mhlw.go.jp/13/index.php?action_kouhyou_detail_004_kani=true&JigyosyoCd=1374601134-00&ServiceCd=510&Type=search", "url2": "http://kyukokai.com/" }, "geometry": { "type": "Point", "coordinates": [ 139.419548016671797, 35.734944463337754 ] } },
{ "type": "Feature", "properties": { "内容": "向台老人ホーム【介護老人福祉施設】東京都東大和市芋窪３丁目１６３８番地２", "url": "https://www.kaigokensaku.mhlw.go.jp/13/index.php?action_kouhyou_detail_004_kani=true&JigyosyoCd=1374600078-00&ServiceCd=510&Type=search", "url2": "http://care-net.biz/13/mukoukai/" }, "geometry": { "type": "Point", "coordinates": [ 139.415163500000062, 35.7528681 ] } },
{ "type": "Feature", "properties": { "内容": "信愛の園【介護老人福祉施設】東京都清瀬市梅園2-3-15", "url": "https://www.kaigokensaku.mhlw.go.jp/13/index.php?action_kouhyou_detail_004_kani=true&JigyosyoCd=1374700084-00&ServiceCd=510&Type=search", "url2": "http://shin-ai.or.jp/sono/" }, "geometry": { "type": "Point", "coordinates": [ 139.503521699999965, 35.7727511 ] } },
{ "type": "Feature", "properties": { "内容": "特別養護老人ホーム　上宮園【介護老人福祉施設】東京都清瀬市竹丘3丁目3番31号", "url": "https://www.kaigokensaku.mhlw.go.jp/13/index.php?action_kouhyou_detail_004_kani=true&JigyosyoCd=1374700100-00&ServiceCd=510&Type=search", "url2": "http://www.jyogu.com/jyoguen/" }, "geometry": { "type": "Point", "coordinates": [ 139.502455199999986, 35.7675435 ] } },
{ "type": "Feature", "properties": { "内容": "救世軍恵泉ホーム【介護老人福祉施設】東京都清瀬市竹丘1-17-61", "url": "https://www.kaigokensaku.mhlw.go.jp/13/index.php?action_kouhyou_detail_004_kani=true&JigyosyoCd=1374700118-00&ServiceCd=510&Type=search", "url2": null }, "geometry": { "type": "Point", "coordinates": [ 139.508107399999972, 35.7696349 ] } },
{ "type": "Feature", "properties": { "内容": "緑寿園【介護老人福祉施設】東京都清瀬市梅園1-3-32", "url": "https://www.kaigokensaku.mhlw.go.jp/13/index.php?action_kouhyou_detail_004_kani=true&JigyosyoCd=1373700085-00&ServiceCd=510&Type=search", "url2": "http://www.ryokuju.gr.jp" }, "geometry": { "type": "Point", "coordinates": [ 139.544295199999965, 35.7171835 ] } },
{ "type": "Feature", "properties": { "内容": "特別養護老人ホーム清雅苑【介護老人福祉施設】東京都清瀬市中里5-91-2", "url": "https://www.kaigokensaku.mhlw.go.jp/13/index.php?action_kouhyou_detail_004_kani=true&JigyosyoCd=1374700126-00&ServiceCd=510&Type=search", "url2": "http://www.seirouin.or.jp/seiga/" }, "geometry": { "type": "Point", "coordinates": [ 139.531891, 35.7893634 ] } },
{ "type": "Feature", "properties": { "内容": "聖ヨゼフ老人ホーム【介護老人福祉施設】東京都清瀬市梅園３－１４－７２", "url": "https://www.kaigokensaku.mhlw.go.jp/13/index.php?action_kouhyou_detail_004_kani=true&JigyosyoCd=1374700092-00&ServiceCd=510&Type=search", "url2": "http://jiseikai-kiyose.com" }, "geometry": { "type": "Point", "coordinates": [ 139.501658, 35.7720124 ] } },
{ "type": "Feature", "properties": { "内容": "介護老人福祉施設　けんちの里【介護老人福祉施設】東京都東久留米市下里４丁目２番５０号", "url": "https://www.kaigokensaku.mhlw.go.jp/13/index.php?action_kouhyou_detail_004_kani=true&JigyosyoCd=1374800058-00&ServiceCd=510&Type=search", "url2": "http://www.kenchi-sato.or.jp" }, "geometry": { "type": "Point", "coordinates": [ 139.494686900000033, 35.7528643 ] } },
{ "type": "Feature", "properties": { "内容": "シャローム東久留米【介護老人福祉施設】東京都東久留米市南沢５－１８－３６", "url": "https://www.kaigokensaku.mhlw.go.jp/13/index.php?action_kouhyou_detail_004_kani=true&JigyosyoCd=1374800066-00&ServiceCd=510&Type=search", "url2": "http://www.shalom-tokyo.net" }, "geometry": { "type": "Point", "coordinates": [ 139.526328799999987, 35.7435548 ] } },
{ "type": "Feature", "properties": { "内容": "特別養護老人ホームみどりの丘【介護老人福祉施設】東京都東久留米市上の原1丁目2番42号", "url": "https://www.kaigokensaku.mhlw.go.jp/13/index.php?action_kouhyou_detail_004_kani=true&JigyosyoCd=1374801841-00&ServiceCd=510&Type=search", "url2": "http://ryofu-kai.com/kaede" }, "geometry": { "type": "Point", "coordinates": [ 139.5417433, 35.7689411 ] } },
{ "type": "Feature", "properties": { "内容": "特別養護老人ホームマザアス東久留米【介護老人福祉施設】東京都東久留米市氷川台二丁目５番７号", "url": "https://www.kaigokensaku.mhlw.go.jp/13/index.php?action_kouhyou_detail_004_kani=true&JigyosyoCd=1374800074-00&ServiceCd=510&Type=search", "url2": "http://www.moth.or.jp" }, "geometry": { "type": "Point", "coordinates": [ 139.5330358, 35.7678188 ] } },
{ "type": "Feature", "properties": { "内容": "特別養護老人ホーム　多摩の里けやき園【介護老人福祉施設】東京都東久留米市弥生二丁目１番１８号", "url": "https://www.kaigokensaku.mhlw.go.jp/13/index.php?action_kouhyou_detail_004_kani=true&JigyosyoCd=1374800777-00&ServiceCd=510&Type=search", "url2": "http://www.enseikai.com" }, "geometry": { "type": "Point", "coordinates": [ 139.505256, 35.7355968 ] } },
{ "type": "Feature", "properties": { "内容": "特別養護老人ホームみどりの丘【介護老人福祉施設】東京都東久留米市上の原1丁目2番42号", "url": "https://www.kaigokensaku.mhlw.go.jp/13/index.php?action_kouhyou_detail_004_kani=true&JigyosyoCd=1374801858-00&ServiceCd=510&Type=search", "url2": "http://ryofu-kai.com/kaede" }, "geometry": { "type": "Point", "coordinates": [ 139.5417433, 35.7689411 ] } },
{ "type": "Feature", "properties": { "内容": "介護老人福祉施設ひばりが丘ふれあいの里【介護老人福祉施設】東京都東久留米市ひばりが丘団地7番地10号ひばりが丘ふれあいの里", "url": "https://www.kaigokensaku.mhlw.go.jp/13/index.php?action_kouhyou_detail_004_kani=true&JigyosyoCd=1374801957-00&ServiceCd=510&Type=search", "url2": "https://anshinkai-gr.jp/anshinkai" }, "geometry": { "type": "Point", "coordinates": [ 139.5326781, 35.7468269 ] } },
{ "type": "Feature", "properties": { "内容": "特別養護老人ホーム伊奈平苑【介護老人福祉施設】東京都武蔵村山市伊奈平６－１４－２", "url": "https://www.kaigokensaku.mhlw.go.jp/13/index.php?action_kouhyou_detail_004_kani=true&JigyosyoCd=1374900130-00&ServiceCd=510&Type=search", "url2": "http://www.inadairaen.com" }, "geometry": { "type": "Point", "coordinates": [ 139.3733648, 35.7441179 ] } },
{ "type": "Feature", "properties": { "内容": "特別養護老人ホーム　サンシャインホーム【介護老人福祉施設】東京都武蔵村山市伊奈平4丁目10番地の2", "url": "https://www.kaigokensaku.mhlw.go.jp/13/index.php?action_kouhyou_detail_004_kani=true&JigyosyoCd=1374900171-00&ServiceCd=510&Type=search", "url2": "http://www.sunshinehome.or.jp" }, "geometry": { "type": "Point", "coordinates": [ 139.3770389, 35.7356411 ] } },
{ "type": "Feature", "properties": { "内容": "むさし村山苑【介護老人福祉施設】東京都武蔵村山市学園二丁目３７－５", "url": "https://www.kaigokensaku.mhlw.go.jp/13/index.php?action_kouhyou_detail_004_kani=true&JigyosyoCd=1374901120-00&ServiceCd=510&Type=search", "url2": "http://www.kyoutokukai.com" }, "geometry": { "type": "Point", "coordinates": [ 139.400753819465649, 35.746674103241915 ] } },
{ "type": "Feature", "properties": { "内容": "和光園【介護老人福祉施設】東京都多摩市和田1532番地", "url": "https://www.kaigokensaku.mhlw.go.jp/13/index.php?action_kouhyou_detail_004_kani=true&JigyosyoCd=1375000070-00&ServiceCd=510&Type=search", "url2": "http://yamatokai-tokyo.or.jp/" }, "geometry": { "type": "Point", "coordinates": [ 139.431432699999959, 35.6459554 ] } },
{ "type": "Feature", "properties": { "内容": "桜ヶ丘延寿ホーム【介護老人福祉施設】東京都多摩市連光寺１－１－１", "url": "https://www.kaigokensaku.mhlw.go.jp/13/index.php?action_kouhyou_detail_004_kani=true&JigyosyoCd=1375000096-00&ServiceCd=510&Type=search", "url2": "http://www.swfsakura.or.jp/enju/" }, "geometry": { "type": "Point", "coordinates": [ 139.458753483605932, 35.647815859205558 ] } },
{ "type": "Feature", "properties": { "内容": "白楽荘【介護老人福祉施設】東京都多摩市山王下1-18-2", "url": "https://www.kaigokensaku.mhlw.go.jp/13/index.php?action_kouhyou_detail_004_kani=true&JigyosyoCd=1375000088-00&ServiceCd=510&Type=search", "url2": "https://www.rakuyuukai.com" }, "geometry": { "type": "Point", "coordinates": [ 139.415132299999982, 35.6252185 ] } },
{ "type": "Feature", "properties": { "内容": "特別養護老人ホーム　ケアプラザたま【介護老人福祉施設】東京都多摩市永山3-12-2高齢者総合ケアセンター　ケアプラザ多摩", "url": "https://www.kaigokensaku.mhlw.go.jp/13/index.php?action_kouhyou_detail_004_kani=true&JigyosyoCd=1375001482-00&ServiceCd=510&Type=search", "url2": "https://horaikai.or.jp/spot/tama1" }, "geometry": { "type": "Point", "coordinates": [ 139.444153349073758, 35.620729220157749 ] } },
{ "type": "Feature", "properties": { "内容": "特別養護老人ホーム　ケアプラザたまアネックス【介護老人福祉施設】東京都多摩市永山3-12-2高齢者総合ケアセンター　ケアプラザ多摩", "url": "https://www.kaigokensaku.mhlw.go.jp/13/index.php?action_kouhyou_detail_004_kani=true&JigyosyoCd=1375001490-00&ServiceCd=510&Type=search", "url2": "https://horaikai.or.jp/spot/tama1" }, "geometry": { "type": "Point", "coordinates": [ 139.444147984655729, 35.620716138109998 ] } },
{ "type": "Feature", "properties": { "内容": "愛生苑【介護老人福祉施設】東京都多摩市和田1547番地", "url": "https://www.kaigokensaku.mhlw.go.jp/13/index.php?action_kouhyou_detail_004_kani=true&JigyosyoCd=1375000104-00&ServiceCd=510&Type=search", "url2": "http://www.yamatokai-tokyo.or.jp" }, "geometry": { "type": "Point", "coordinates": [ 139.432002099999977, 35.6469358 ] } },
{ "type": "Feature", "properties": { "内容": "いなぎ苑【介護老人福祉施設】東京都稲城市百村255番地", "url": "https://www.kaigokensaku.mhlw.go.jp/13/index.php?action_kouhyou_detail_004_kani=true&JigyosyoCd=1375100060-00&ServiceCd=510&Type=search", "url2": "http://www.inagien.jp." }, "geometry": { "type": "Point", "coordinates": [ 139.491992799999906, 35.6354235 ] } },
{ "type": "Feature", "properties": { "内容": "介護老人福祉施設　ひらお苑【介護老人福祉施設】東京都稲城市平尾2-49-20", "url": "https://www.kaigokensaku.mhlw.go.jp/13/index.php?action_kouhyou_detail_004_kani=true&JigyosyoCd=1375100078-00&ServiceCd=510&Type=search", "url2": "http://www.hiraokai.or.jp" }, "geometry": { "type": "Point", "coordinates": [ 139.493511, 35.6083257 ] } },
{ "type": "Feature", "properties": { "内容": "いなぎ正吉苑【介護老人福祉施設】東京都稲城市平尾四丁目16番地の1", "url": "https://www.kaigokensaku.mhlw.go.jp/13/index.php?action_kouhyou_detail_004_kani=true&JigyosyoCd=1375100052-00&ServiceCd=510&Type=search", "url2": "http://www.shoukichi.org/" }, "geometry": { "type": "Point", "coordinates": [ 139.4839389, 35.6154098 ] } },
{ "type": "Feature", "properties": { "内容": "多摩の里むさしの園【介護老人福祉施設】東京都羽村市五ノ神362番地", "url": "https://www.kaigokensaku.mhlw.go.jp/13/index.php?action_kouhyou_detail_004_kani=true&JigyosyoCd=1372400265-00&ServiceCd=510&Type=search", "url2": "http://www.enseikai.com/" }, "geometry": { "type": "Point", "coordinates": [ 139.33256855026255, 35.77055402163036 ] } },
{ "type": "Feature", "properties": { "内容": "特別養護老人ホーム　神明園【介護老人福祉施設】東京都羽村市神明台4-2-2", "url": "https://www.kaigokensaku.mhlw.go.jp/13/index.php?action_kouhyou_detail_004_kani=true&JigyosyoCd=1372400281-00&ServiceCd=510&Type=search", "url2": "https://www.sinmeien.or.jp" }, "geometry": { "type": "Point", "coordinates": [ 139.327753799999982, 35.7575899 ] } },
{ "type": "Feature", "properties": { "内容": "羽村園【介護老人福祉施設】東京都羽村市羽６９０－１７", "url": "https://www.kaigokensaku.mhlw.go.jp/13/index.php?action_kouhyou_detail_004_kani=true&JigyosyoCd=1375300348-00&ServiceCd=510&Type=search", "url2": "https://www.hamuraen.jp/" }, "geometry": { "type": "Point", "coordinates": [ 139.304218447671445, 35.754826093870626 ] } },
{ "type": "Feature", "properties": { "内容": "和敬園【介護老人福祉施設】東京都あきる野市菅生１１５９番地", "url": "https://www.kaigokensaku.mhlw.go.jp/13/index.php?action_kouhyou_detail_004_kani=true&JigyosyoCd=1374900072-00&ServiceCd=510&Type=search", "url2": "https://www.pinemaple.or.jp/" }, "geometry": { "type": "Point", "coordinates": [ 139.2864442, 35.7507783 ] } },
{ "type": "Feature", "properties": { "内容": "紫水園【介護老人福祉施設】東京都あきる野市留原３９６番地", "url": "https://www.kaigokensaku.mhlw.go.jp/13/index.php?action_kouhyou_detail_004_kani=true&JigyosyoCd=1374900080-00&ServiceCd=510&Type=search", "url2": "http://www.shisuien.or.jp" }, "geometry": { "type": "Point", "coordinates": [ 139.2282368, 35.7201748 ] } },
{ "type": "Feature", "properties": { "内容": "介護老人福祉施設増戸ホーム【介護老人福祉施設】東京都あきる野市三内485－1", "url": "https://www.kaigokensaku.mhlw.go.jp/13/index.php?action_kouhyou_detail_004_kani=true&JigyosyoCd=1374900098-00&ServiceCd=510&Type=search", "url2": "http://www.shirayurikai.tokyo/masukohome/" }, "geometry": { "type": "Point", "coordinates": [ 139.22936542883599, 35.738157528171691 ] } },
{ "type": "Feature", "properties": { "内容": "特別養護老人ホーム　南聖園【介護老人福祉施設】東京都あきる野市瀬戸岡３０５番地１", "url": "https://www.kaigokensaku.mhlw.go.jp/13/index.php?action_kouhyou_detail_004_kani=true&JigyosyoCd=1374900106-00&ServiceCd=510&Type=search", "url2": "http://e-seiaikai.com" }, "geometry": { "type": "Point", "coordinates": [ 139.286192481701477, 35.734768891399696 ] } },
{ "type": "Feature", "properties": { "内容": "社会福祉法人　松楓会　特別養護老人ホーム　コスモホーム【介護老人福祉施設】東京都あきる野市菅生１１５９番地", "url": "https://www.kaigokensaku.mhlw.go.jp/13/index.php?action_kouhyou_detail_004_kani=true&JigyosyoCd=1374900114-00&ServiceCd=510&Type=search", "url2": "https://www.pinemaple.or.jp/" }, "geometry": { "type": "Point", "coordinates": [ 139.285430324992376, 35.750591095860401 ] } },
{ "type": "Feature", "properties": { "内容": "第二紫水園【介護老人福祉施設】東京都あきる野市小和田１５－４", "url": "https://www.kaigokensaku.mhlw.go.jp/13/index.php?action_kouhyou_detail_004_kani=true&JigyosyoCd=1374900122-00&ServiceCd=510&Type=search", "url2": "http://dainishisuien.or.jp" }, "geometry": { "type": "Point", "coordinates": [ 139.224958465621228, 35.72206603346001 ] } },
{ "type": "Feature", "properties": { "内容": "こもれびの郷【介護老人福祉施設】東京都あきる野市雨間385-2", "url": "https://www.kaigokensaku.mhlw.go.jp/13/index.php?action_kouhyou_detail_004_kani=true&JigyosyoCd=1374900155-00&ServiceCd=510&Type=search", "url2": "http://www.komorebinosato.or.jp" }, "geometry": { "type": "Point", "coordinates": [ 139.289833899999962, 35.7261147 ] } },
{ "type": "Feature", "properties": { "内容": "特別養護老人ホーム　麦久保園【介護老人福祉施設】東京都あきる野市草花2219番地特別養護老人ホーム　麦久保園", "url": "https://www.kaigokensaku.mhlw.go.jp/13/index.php?action_kouhyou_detail_004_kani=true&JigyosyoCd=1374900163-00&ServiceCd=510&Type=search", "url2": "https://www.mugikubo.jp" }, "geometry": { "type": "Point", "coordinates": [ 139.30677270000001, 35.7492097 ] } },
{ "type": "Feature", "properties": { "内容": "特別養護老人ホーム福楽園【介護老人福祉施設】東京都あきる野市網代326-1", "url": "https://www.kaigokensaku.mhlw.go.jp/13/index.php?action_kouhyou_detail_004_kani=true&JigyosyoCd=1374900197-00&ServiceCd=510&Type=search", "url2": "http://www.fukurakuen.jp" }, "geometry": { "type": "Point", "coordinates": [ 139.254539600000044, 35.719815 ] } },
{ "type": "Feature", "properties": { "内容": "特別養護老人ホームほたるの郷【介護老人福祉施設】東京都あきる野市菅生1453", "url": "https://www.kaigokensaku.mhlw.go.jp/13/index.php?action_kouhyou_detail_004_kani=true&JigyosyoCd=1375200043-00&ServiceCd=510&Type=search", "url2": "http://www.hotaru-home.jp" }, "geometry": { "type": "Point", "coordinates": [ 139.286219, 35.7539196 ] } },
{ "type": "Feature", "properties": { "内容": "五日市ホーム【介護老人福祉施設】東京都あきる野市三内436番地１", "url": "https://www.kaigokensaku.mhlw.go.jp/13/index.php?action_kouhyou_detail_004_kani=true&JigyosyoCd=1374900064-00&ServiceCd=510&Type=search", "url2": "http://www.seimeikai.org/itukaiti/index.html" }, "geometry": { "type": "Point", "coordinates": [ 139.229354699999931, 35.7377221 ] } },
{ "type": "Feature", "properties": { "内容": "草花苑【介護老人福祉施設】東京都あきる野市草花１９８０番地", "url": "https://www.kaigokensaku.mhlw.go.jp/13/index.php?action_kouhyou_detail_004_kani=true&JigyosyoCd=1374900189-00&ServiceCd=510&Type=search", "url2": "http://www.keiryu.or.jp/" }, "geometry": { "type": "Point", "coordinates": [ 139.309302900000034, 35.7504957 ] } },
{ "type": "Feature", "properties": { "内容": "特別養護老人ホームあたご苑【介護老人福祉施設】東京都あきる野市入野811番地", "url": "https://www.kaigokensaku.mhlw.go.jp/13/index.php?action_kouhyou_detail_004_kani=true&JigyosyoCd=1374900148-00&ServiceCd=510&Type=search", "url2": "https://atagoen.com" }, "geometry": { "type": "Point", "coordinates": [ 139.220919399999957, 35.7362506 ] } },
{ "type": "Feature", "properties": { "内容": "特別養護老人ホーム　フローラ田無【介護老人福祉施設】東京都西東京市向台町2丁目16番22号", "url": "https://www.kaigokensaku.mhlw.go.jp/13/index.php?action_kouhyou_detail_004_kani=true&JigyosyoCd=1373900099-00&ServiceCd=510&Type=search", "url2": "http://www.tokyo-seishinkai.or.jp/" }, "geometry": { "type": "Point", "coordinates": [ 139.5394427, 35.7203941 ] } },
{ "type": "Feature", "properties": { "内容": "特別養護老人ホーム保谷苑【介護老人福祉施設】東京都西東京市栄町3丁目6番2号", "url": "https://www.kaigokensaku.mhlw.go.jp/13/index.php?action_kouhyou_detail_004_kani=true&JigyosyoCd=1373700119-00&ServiceCd=510&Type=search", "url2": "https://www.toshinkai.or.jp" }, "geometry": { "type": "Point", "coordinates": [ 139.553378800000019, 35.7553181 ] } },
{ "type": "Feature", "properties": { "内容": "社会福祉法人　千曲会　健光園【介護老人福祉施設】東京都西東京市田無町5-5-19", "url": "https://www.kaigokensaku.mhlw.go.jp/13/index.php?action_kouhyou_detail_004_kani=true&JigyosyoCd=1373900073-00&ServiceCd=510&Type=search", "url2": "http://www.kenkouen.or.jp/" }, "geometry": { "type": "Point", "coordinates": [ 139.53668110000001, 35.7317705 ] } },
{ "type": "Feature", "properties": { "内容": "クレイン【介護老人福祉施設】東京都西東京市西原町４丁目３番５号", "url": "https://www.kaigokensaku.mhlw.go.jp/13/index.php?action_kouhyou_detail_004_kani=true&JigyosyoCd=1373900081-00&ServiceCd=510&Type=search", "url2": "http://www.kurein.org" }, "geometry": { "type": "Point", "coordinates": [ 139.52869, 35.735142 ] } },
{ "type": "Feature", "properties": { "内容": "グリーンロード【介護老人福祉施設】東京都西東京市西原町２－２－１１", "url": "https://www.kaigokensaku.mhlw.go.jp/13/index.php?action_kouhyou_detail_004_kani=true&JigyosyoCd=1373900347-00&ServiceCd=510&Type=search", "url2": "https://greenroad.or.jp" }, "geometry": { "type": "Point", "coordinates": [ 139.531659200000036, 35.7339534 ] } },
{ "type": "Feature", "properties": { "内容": "特別養護老人ホーム　福寿園ひばりが丘【介護老人福祉施設】東京都西東京市ひばりが丘三丁目１番1８号", "url": "https://www.kaigokensaku.mhlw.go.jp/13/index.php?action_kouhyou_detail_004_kani=true&JigyosyoCd=1375424148-00&ServiceCd=510&Type=search", "url2": "http://www.kyoujo.or.jp" }, "geometry": { "type": "Point", "coordinates": [ 139.537144399999988, 35.7459688 ] } },
{ "type": "Feature", "properties": { "内容": "めぐみ園【介護老人福祉施設】東京都西東京市柳沢4丁目1番3号", "url": "https://www.kaigokensaku.mhlw.go.jp/13/index.php?action_kouhyou_detail_004_kani=true&JigyosyoCd=1373700101-00&ServiceCd=510&Type=search", "url2": "http://www.tokyo-rojin-home.or.jp" }, "geometry": { "type": "Point", "coordinates": [ 139.550747199999932, 35.7212888 ] } },
{ "type": "Feature", "properties": { "内容": "特別養護老人ホームみずほ園【介護老人福祉施設】東京都西多摩郡瑞穂町箱根ヶ崎922番地１", "url": "https://www.kaigokensaku.mhlw.go.jp/13/index.php?action_kouhyou_detail_004_kani=true&JigyosyoCd=1372400158-00&ServiceCd=510&Type=search", "url2": "http://www.tokiwakai.tokyo" }, "geometry": { "type": "Point", "coordinates": [ 139.336340899999982, 35.7905112 ] } },
{ "type": "Feature", "properties": { "内容": "特別養護老人ホーム　不老の郷【介護老人福祉施設】東京都西多摩郡瑞穂町大字二本木1319", "url": "https://www.kaigokensaku.mhlw.go.jp/13/index.php?action_kouhyou_detail_004_kani=true&JigyosyoCd=1372400216-00&ServiceCd=510&Type=search", "url2": "http://www.furounosato.org" }, "geometry": { "type": "Point", "coordinates": [ 139.366034482803343, 35.79048209934362 ] } },
{ "type": "Feature", "properties": { "内容": "特別養護老人ホーム　良友園【介護老人福祉施設】東京都西多摩郡瑞穂町箱根ヶ崎６７０－１", "url": "https://www.kaigokensaku.mhlw.go.jp/13/index.php?action_kouhyou_detail_004_kani=true&JigyosyoCd=1372400299-00&ServiceCd=510&Type=search", "url2": "https://www.ryoyuen.com/" }, "geometry": { "type": "Point", "coordinates": [ 139.343593700000042, 35.7788711 ] } },
{ "type": "Feature", "properties": { "内容": "特別養護老人ホーム　フラワープラム【介護老人福祉施設】東京都西多摩郡瑞穂町長岡長谷部83番1", "url": "https://www.kaigokensaku.mhlw.go.jp/13/index.php?action_kouhyou_detail_004_kani=true&JigyosyoCd=1372400786-00&ServiceCd=510&Type=search", "url2": "http://www.flowerplum.jp" }, "geometry": { "type": "Point", "coordinates": [ 139.333502400000043, 35.7865893 ] } },
{ "type": "Feature", "properties": { "内容": "特別養護老人ホーム　ひのでホーム【介護老人福祉施設】東京都西多摩郡日の出町平井3076", "url": "https://www.kaigokensaku.mhlw.go.jp/13/index.php?action_kouhyou_detail_004_kani=true&JigyosyoCd=1372400133-00&ServiceCd=510&Type=search", "url2": "https://www.h-sunrise.com" }, "geometry": { "type": "Point", "coordinates": [ 139.256413100000032, 35.7492415 ] } },
{ "type": "Feature", "properties": { "内容": "特別養護老人ホーム　日の出紫苑【介護老人福祉施設】東京都西多摩郡日の出町大久野231-1", "url": "https://www.kaigokensaku.mhlw.go.jp/13/index.php?action_kouhyou_detail_004_kani=true&JigyosyoCd=1372400232-00&ServiceCd=510&Type=search", "url2": "http://www.outoukai.com/" }, "geometry": { "type": "Point", "coordinates": [ 139.250752599999942, 35.7417009 ] } },
{ "type": "Feature", "properties": { "内容": "特別養護老人ホーム　栄光の杜【介護老人福祉施設】東京都西多摩郡日の出町平井3052特別養護老人ホーム　栄光の杜", "url": "https://www.kaigokensaku.mhlw.go.jp/13/index.php?action_kouhyou_detail_004_kani=true&JigyosyoCd=1372400240-00&ServiceCd=510&Type=search", "url2": "http://www.eikounomori.or.jp" }, "geometry": { "type": "Point", "coordinates": [ 139.258099099999981, 35.7491666 ] } },
{ "type": "Feature", "properties": { "内容": "藤香苑【介護老人福祉施設】東京都西多摩郡日の出町大字大久野3588-1", "url": "https://www.kaigokensaku.mhlw.go.jp/13/index.php?action_kouhyou_detail_004_kani=true&JigyosyoCd=1372400257-00&ServiceCd=510&Type=search", "url2": "http://tokoen.tokuyou.jp/" }, "geometry": { "type": "Point", "coordinates": [ 139.214613099999951, 35.7617108 ] } },
{ "type": "Feature", "properties": { "内容": "特別養護老人ホーム　新清快園【介護老人福祉施設】東京都西多摩郡日の出町平井1417番地1", "url": "https://www.kaigokensaku.mhlw.go.jp/13/index.php?action_kouhyou_detail_004_kani=true&JigyosyoCd=1372401305-00&ServiceCd=510&Type=search", "url2": "http://shin-seikaien.jp" }, "geometry": { "type": "Point", "coordinates": [ 139.267985762718212, 35.737319950171091 ] } },
{ "type": "Feature", "properties": { "内容": "特別養護老人ホーム　幸神さくら【介護老人福祉施設】東京都西多摩郡日の出町大久野１７１８番地", "url": "https://www.kaigokensaku.mhlw.go.jp/13/index.php?action_kouhyou_detail_004_kani=true&JigyosyoCd=1372401321-00&ServiceCd=510&Type=search", "url2": "http://幸神さくら.jp" }, "geometry": { "type": "Point", "coordinates": [ 139.228665631877107, 35.741196862392123 ] } },
{ "type": "Feature", "properties": { "内容": "特別養護老人ホーム　第３サンシャインビラ【介護老人福祉施設】東京都西多摩郡日の出町平井2368-5", "url": "https://www.kaigokensaku.mhlw.go.jp/13/index.php?action_kouhyou_detail_004_kani=true&JigyosyoCd=1372401248-00&ServiceCd=510&Type=search", "url2": "http://www.fukuyokai.or.jp/" }, "geometry": { "type": "Point", "coordinates": [ 139.251855028836076, 35.738929978165856 ] } },
{ "type": "Feature", "properties": { "内容": "特別養護老人ホーム　羽生の里【介護老人福祉施設】東京都西多摩郡日の出町大久野１２６３番地", "url": "https://www.kaigokensaku.mhlw.go.jp/13/index.php?action_kouhyou_detail_004_kani=true&JigyosyoCd=1372400273-00&ServiceCd=510&Type=search", "url2": "http://habunosato.yokukoukai.net" }, "geometry": { "type": "Point", "coordinates": [ 139.240348, 35.742157 ] } },
{ "type": "Feature", "properties": { "内容": "桧原苑【介護老人福祉施設】東京都西多摩郡檜原村5650番地8", "url": "https://www.kaigokensaku.mhlw.go.jp/13/index.php?action_kouhyou_detail_004_kani=true&JigyosyoCd=1372400166-00&ServiceCd=510&Type=search", "url2": "http://www.hinoharaen.jp" }, "geometry": { "type": "Point", "coordinates": [ 139.149442304385957, 35.714081420930022 ] } },
{ "type": "Feature", "properties": { "内容": "特別養護老人ホーム　桧原サナホーム【介護老人福祉施設】東京都西多摩郡檜原村3791-4", "url": "https://www.kaigokensaku.mhlw.go.jp/13/index.php?action_kouhyou_detail_004_kani=true&JigyosyoCd=1372400190-00&ServiceCd=510&Type=search", "url2": "https://www.jinaikai.jp" }, "geometry": { "type": "Point", "coordinates": [ 139.121888641728219, 35.736310319727657 ] } },
{ "type": "Feature", "properties": { "内容": "琴清苑【介護老人福祉施設】東京都西多摩郡奥多摩町氷川１１３９", "url": "https://www.kaigokensaku.mhlw.go.jp/13/index.php?action_kouhyou_detail_004_kani=true&JigyosyoCd=1372400141-00&ServiceCd=510&Type=search", "url2": "http://www.futabakai.or.jp" }, "geometry": { "type": "Point", "coordinates": [ 139.087982987510372, 35.801494786414935 ] } },
{ "type": "Feature", "properties": { "内容": "シルバーコート丹三郎【介護老人福祉施設】東京都西多摩郡奥多摩町丹三郎56-1", "url": "https://www.kaigokensaku.mhlw.go.jp/13/index.php?action_kouhyou_detail_004_kani=true&JigyosyoCd=1372400224-00&ServiceCd=510&Type=search", "url2": "http://www.hakujyu.or.jp" }, "geometry": { "type": "Point", "coordinates": [ 139.160821199999987, 35.8069644 ] } },
{ "type": "Feature", "properties": { "内容": "寿楽荘【介護老人福祉施設】東京都西多摩郡奥多摩町海澤497", "url": "https://www.kaigokensaku.mhlw.go.jp/13/index.php?action_kouhyou_detail_004_kani=true&JigyosyoCd=1372400125-00&ServiceCd=510&Type=search", "url2": "https://www.futabakai.or.jp/" }, "geometry": { "type": "Point", "coordinates": [ 139.117181746032657, 35.800097889847102 ] } },
{ "type": "Feature", "properties": { "内容": "グリーンウッド奥多摩【介護老人福祉施設】東京都西多摩郡奥多摩町白丸263番地", "url": "https://www.kaigokensaku.mhlw.go.jp/13/index.php?action_kouhyou_detail_004_kani=true&JigyosyoCd=1372400182-00&ServiceCd=510&Type=search", "url2": "http://www.green-wood.jp/" }, "geometry": { "type": "Point", "coordinates": [ 139.112989500000026, 35.8117936 ] } },
{ "type": "Feature", "properties": { "内容": "大島老人ホーム【介護老人福祉施設】東京都大島町元町字地の岡45番１", "url": "https://www.kaigokensaku.mhlw.go.jp/13/index.php?action_kouhyou_detail_004_kani=true&JigyosyoCd=1370300251-00&ServiceCd=510&Type=search", "url2": "http://care-net.biz/13/tubakinosato/" }, "geometry": { "type": "Point", "coordinates": [ 139.365013500000032, 34.7716926 ] } },
{ "type": "Feature", "properties": { "内容": "神津島やすらぎの里【介護老人福祉施設】東京都神津島村字沢尻１１番１神津島やすらぎの里", "url": "https://www.kaigokensaku.mhlw.go.jp/13/index.php?action_kouhyou_detail_004_kani=true&JigyosyoCd=1370300319-00&ServiceCd=510&Type=search", "url2": "http://www.kouzu-yasuragi.net/" }, "geometry": { "type": "Point", "coordinates": [ 139.135582740475456, 34.217981553619325 ] } },
{ "type": "Feature", "properties": { "内容": "特別養護老人ホーム　あじさいの里【介護老人福祉施設】東京都三宅島三宅村阿古８０７－１", "url": "https://www.kaigokensaku.mhlw.go.jp/13/index.php?action_kouhyou_detail_004_kani=true&JigyosyoCd=1370300301-00&ServiceCd=510&Type=search", "url2": "http://www.ajisainokai.jp/" }, "geometry": { "type": "Point", "coordinates": [ 139.484644399999979, 34.0658887 ] } },
{ "type": "Feature", "properties": { "内容": "第二八丈老人ホーム【介護老人福祉施設】東京都八丈島八丈町大賀郷7670-1", "url": "https://www.kaigokensaku.mhlw.go.jp/13/index.php?action_kouhyou_detail_004_kani=true&JigyosyoCd=1370300269-00&ServiceCd=510&Type=search", "url2": "http://www.yowakai.sakura.ne.jp/" }, "geometry": { "type": "Point", "coordinates": [ 139.80051, 33.102183 ] } }
]
}
