{
"type": "FeatureCollection",
"name": "geo_13_4",
"crs": { "type": "name", "properties": { "name": "urn:ogc:def:crs:OGC:1.3:CRS84" } },
"features": [
{ "type": "Feature", "properties": { "ID": 1344132700001, "正式名称": "さわ助産院桶谷式母乳育児相談室", "機関区分": 4, "都道府県コード": 13, "市区町村コード": 112, "所在地": "東京都世田谷区北沢３－５－１６　シェモア北沢１０１", "緯度": 35.666449, "経度": 139.671299, "url": "https://www.iryou.teikyouseido.mhlw.go.jp/znk-web/juminkanja/S2430/initialize?prefCd=13&kikanCd=4132700001&kikanKbn=4", "url2": "http://sawa-oketani.com", "内容": "さわ助産院桶谷式母乳育児相談室【4:助産院】東京都世田谷区北沢３－５－１６　シェモア北沢１０１" }, "geometry": { "type": "Point", "coordinates": [ 139.671299, 35.666449 ] } },
{ "type": "Feature", "properties": { "ID": 1344132700006, "正式名称": "吉田　敦子", "機関区分": 4, "都道府県コード": 13, "市区町村コード": 112, "所在地": "東京都世田谷区弦巻３", "緯度": 35.634411, "経度": 139.656044, "url": "https://www.iryou.teikyouseido.mhlw.go.jp/znk-web/juminkanja/S2430/initialize?prefCd=13&kikanCd=4132700006&kikanKbn=4", "url2": "https://www.mommybaby-atsuko.com/", "内容": "吉田　敦子【4:助産院】東京都世田谷区弦巻３" }, "geometry": { "type": "Point", "coordinates": [ 139.656044, 35.634411 ] } },
{ "type": "Feature", "properties": { "ID": 1344132700009, "正式名称": "桶谷式ふたこたまがわ母乳育児相談室", "機関区分": 4, "都道府県コード": 13, "市区町村コード": 112, "所在地": "東京都世田谷区玉川４－５－６　尾嶋ビル１Ｆ", "緯度": 35.615812, "経度": 139.625727, "url": "https://www.iryou.teikyouseido.mhlw.go.jp/znk-web/juminkanja/S2430/initialize?prefCd=13&kikanCd=4132700009&kikanKbn=4", "url2": "https://www.instagram.com/futako.breastfeeding?igsh=d2p6eWdxcjNkN2w4&utm_source=qr", "内容": "桶谷式ふたこたまがわ母乳育児相談室【4:助産院】東京都世田谷区玉川４－５－６　尾嶋ビル１Ｆ" }, "geometry": { "type": "Point", "coordinates": [ 139.625727, 35.615812 ] } },
{ "type": "Feature", "properties": { "ID": 1344132700011, "正式名称": "本田　暁子", "機関区分": 4, "都道府県コード": 13, "市区町村コード": 112, "所在地": "東京都世田谷区鎌田２－１０－４", "緯度": 35.618092, "経度": 139.612612, "url": "https://www.iryou.teikyouseido.mhlw.go.jp/znk-web/juminkanja/S2430/initialize?prefCd=13&kikanCd=4132700011&kikanKbn=4", "url2": null, "内容": "本田　暁子【4:助産院】東京都世田谷区鎌田２－１０－４" }, "geometry": { "type": "Point", "coordinates": [ 139.612612, 35.618092 ] } },
{ "type": "Feature", "properties": { "ID": 1344132700017, "正式名称": "助産師　山中容子", "機関区分": 4, "都道府県コード": 13, "市区町村コード": 112, "所在地": "東京都世田谷区若林", "緯度": 35.646523, "経度": 139.659239, "url": "https://www.iryou.teikyouseido.mhlw.go.jp/znk-web/juminkanja/S2430/initialize?prefCd=13&kikanCd=4132700017&kikanKbn=4", "url2": "http://happy.sakura.ne.jp", "内容": "助産師　山中容子【4:助産院】東京都世田谷区若林" }, "geometry": { "type": "Point", "coordinates": [ 139.659239, 35.646523 ] } },
{ "type": "Feature", "properties": { "ID": 1344132700018, "正式名称": "山本　直美", "機関区分": 4, "都道府県コード": 13, "市区町村コード": 112, "所在地": "東京都世田谷区", "緯度": 35.646057, "経度": 139.6561, "url": "https://www.iryou.teikyouseido.mhlw.go.jp/znk-web/juminkanja/S2430/initialize?prefCd=13&kikanCd=4132700018&kikanKbn=4", "url2": null, "内容": "山本　直美【4:助産院】東京都世田谷区" }, "geometry": { "type": "Point", "coordinates": [ 139.6561, 35.646057 ] } },
{ "type": "Feature", "properties": { "ID": 1344132700025, "正式名称": "川崎　麻希子　出張のみ", "機関区分": 4, "都道府県コード": 13, "市区町村コード": 112, "所在地": "東京都世田谷区若林１－１－２７　藤和若林コープ７０３", "緯度": 35.643424, "経度": 139.665023, "url": "https://www.iryou.teikyouseido.mhlw.go.jp/znk-web/juminkanja/S2430/initialize?prefCd=13&kikanCd=4132700025&kikanKbn=4", "url2": null, "内容": "川崎　麻希子　出張のみ【4:助産院】東京都世田谷区若林１－１－２７　藤和若林コープ７０３" }, "geometry": { "type": "Point", "coordinates": [ 139.665023, 35.643424 ] } },
{ "type": "Feature", "properties": { "ID": 1344132700029, "正式名称": "日高助産所（母乳相談）", "機関区分": 4, "都道府県コード": 13, "市区町村コード": 112, "所在地": "東京都世田谷区若林５－３７－８", "緯度": 35.649645, "経度": 139.658579, "url": "https://www.iryou.teikyouseido.mhlw.go.jp/znk-web/juminkanja/S2430/initialize?prefCd=13&kikanCd=4132700029&kikanKbn=4", "url2": null, "内容": "日高助産所（母乳相談）【4:助産院】東京都世田谷区若林５－３７－８" }, "geometry": { "type": "Point", "coordinates": [ 139.658579, 35.649645 ] } },
{ "type": "Feature", "properties": { "ID": 1344132700031, "正式名称": "出張助産師　落合　このみ", "機関区分": 4, "都道府県コード": 13, "市区町村コード": 112, "所在地": "東京都世田谷区代田４－２－２４－１０５", "緯度": 35.658977, "経度": 139.658662, "url": "https://www.iryou.teikyouseido.mhlw.go.jp/znk-web/juminkanja/S2430/initialize?prefCd=13&kikanCd=4132700031&kikanKbn=4", "url2": null, "内容": "出張助産師　落合　このみ【4:助産院】東京都世田谷区代田４－２－２４－１０５" }, "geometry": { "type": "Point", "coordinates": [ 139.658662, 35.658977 ] } },
{ "type": "Feature", "properties": { "ID": 1344132700033, "正式名称": "出張専門　向谷地　幸子", "機関区分": 4, "都道府県コード": 13, "市区町村コード": 112, "所在地": "東京都世田谷区粕谷", "緯度": 35.664393, "経度": 139.608166, "url": "https://www.iryou.teikyouseido.mhlw.go.jp/znk-web/juminkanja/S2430/initialize?prefCd=13&kikanCd=4132700033&kikanKbn=4", "url2": "https://sachi-josanjo-2.jimdosite.com/", "内容": "出張専門　向谷地　幸子【4:助産院】東京都世田谷区粕谷" }, "geometry": { "type": "Point", "coordinates": [ 139.608166, 35.664393 ] } },
{ "type": "Feature", "properties": { "ID": 1344132700034, "正式名称": "Ｒｅｉ助産院", "機関区分": 4, "都道府県コード": 13, "市区町村コード": 112, "所在地": "東京都世田谷区船橋１－１３－２０", "緯度": 35.648295, "経度": 139.623068, "url": "https://www.iryou.teikyouseido.mhlw.go.jp/znk-web/juminkanja/S2430/initialize?prefCd=13&kikanCd=4132700034&kikanKbn=4", "url2": "http://rei.fem.jp/", "内容": "Ｒｅｉ助産院【4:助産院】東京都世田谷区船橋１－１３－２０" }, "geometry": { "type": "Point", "coordinates": [ 139.623068, 35.648295 ] } },
{ "type": "Feature", "properties": { "ID": 1344132700036, "正式名称": "世田谷区立産後ケアセンター", "機関区分": 4, "都道府県コード": 13, "市区町村コード": 112, "所在地": "東京都世田谷区桜新町２－２９－６", "緯度": 35.632292, "経度": 139.638916, "url": "https://www.iryou.teikyouseido.mhlw.go.jp/znk-web/juminkanja/S2430/initialize?prefCd=13&kikanCd=4132700036&kikanKbn=4", "url2": "https://sango-midwife.jp/index.html", "内容": "世田谷区立産後ケアセンター【4:助産院】東京都世田谷区桜新町２－２９－６" }, "geometry": { "type": "Point", "coordinates": [ 139.638916, 35.632292 ] } },
{ "type": "Feature", "properties": { "ID": 1344132700041, "正式名称": "いろどり助産院", "機関区分": 4, "都道府県コード": 13, "市区町村コード": 112, "所在地": "東京都世田谷区桜新町１－１６－１１　ティーケー桜新町６０１", "緯度": 35.631175, "経度": 139.643136, "url": "https://www.iryou.teikyouseido.mhlw.go.jp/znk-web/juminkanja/S2430/initialize?prefCd=13&kikanCd=4132700041&kikanKbn=4", "url2": "https://irodori-josanin.com", "内容": "いろどり助産院【4:助産院】東京都世田谷区桜新町１－１６－１１　ティーケー桜新町６０１" }, "geometry": { "type": "Point", "coordinates": [ 139.643136, 35.631175 ] } },
{ "type": "Feature", "properties": { "ID": 1344132700044, "正式名称": "高橋　まなみ", "機関区分": 4, "都道府県コード": 13, "市区町村コード": 112, "所在地": "東京都世田谷区北烏山８－２９－２０　ヒルズ千歳烏山２１３", "緯度": 35.678307, "経度": 139.5885, "url": "https://www.iryou.teikyouseido.mhlw.go.jp/znk-web/juminkanja/S2430/initialize?prefCd=13&kikanCd=4132700044&kikanKbn=4", "url2": null, "内容": "高橋　まなみ【4:助産院】東京都世田谷区北烏山８－２９－２０　ヒルズ千歳烏山２１３" }, "geometry": { "type": "Point", "coordinates": [ 139.5885, 35.678307 ] } },
{ "type": "Feature", "properties": { "ID": 1344132700046, "正式名称": "助産院　ＳＡＫＵＲＡ　ＳＡＬＯＮ", "機関区分": 4, "都道府県コード": 13, "市区町村コード": 112, "所在地": "東京都世田谷区深沢７丁目", "緯度": 35.622961, "経度": 139.647435, "url": "https://www.iryou.teikyouseido.mhlw.go.jp/znk-web/juminkanja/S2430/initialize?prefCd=13&kikanCd=4132700046&kikanKbn=4", "url2": "http:///sakura-refrexology-salon.my.canva.site/", "内容": "助産院　ＳＡＫＵＲＡ　ＳＡＬＯＮ【4:助産院】東京都世田谷区深沢７丁目" }, "geometry": { "type": "Point", "coordinates": [ 139.647435, 35.622961 ] } },
{ "type": "Feature", "properties": { "ID": 1344132700060, "正式名称": "岩佐　寛子", "機関区分": 4, "都道府県コード": 13, "市区町村コード": 112, "所在地": "東京都世田谷区船橋", "緯度": 35.655477, "経度": 139.620443, "url": "https://www.iryou.teikyouseido.mhlw.go.jp/znk-web/juminkanja/S2430/initialize?prefCd=13&kikanCd=4132700060&kikanKbn=4", "url2": null, "内容": "岩佐　寛子【4:助産院】東京都世田谷区船橋" }, "geometry": { "type": "Point", "coordinates": [ 139.620443, 35.655477 ] } },
{ "type": "Feature", "properties": { "ID": 1344133100007, "正式名称": "産前産後ケアハウス　Ｕｍｂｉｌｉｃｕｓ", "機関区分": 4, "都道府県コード": 13, "市区町村コード": 114, "所在地": "東京都中野区本町５－１９ー５", "緯度": 35.693455, "経度": 139.672033, "url": "https://www.iryou.teikyouseido.mhlw.go.jp/znk-web/juminkanja/S2430/initialize?prefCd=13&kikanCd=4133100007&kikanKbn=4", "url2": "https://tsuku2.jp/umbilicus", "内容": "産前産後ケアハウス　Ｕｍｂｉｌｉｃｕｓ【4:助産院】東京都中野区本町５－１９ー５" }, "geometry": { "type": "Point", "coordinates": [ 139.672033, 35.693455 ] } },
{ "type": "Feature", "properties": { "ID": 1344133100009, "正式名称": "ひなた助産院", "機関区分": 4, "都道府県コード": 13, "市区町村コード": 113, "所在地": "東京都渋谷区恵比寿西１－１５－２アパルトマンイトウ１００６", "緯度": 35.648202, "経度": 139.707686, "url": "https://www.iryou.teikyouseido.mhlw.go.jp/znk-web/juminkanja/S2430/initialize?prefCd=13&kikanCd=4133100009&kikanKbn=4", "url2": "https://hinatasalon.com/", "内容": "ひなた助産院【4:助産院】東京都渋谷区恵比寿西１－１５－２アパルトマンイトウ１００６" }, "geometry": { "type": "Point", "coordinates": [ 139.707686, 35.648202 ] } },
{ "type": "Feature", "properties": { "ID": 1344133100011, "正式名称": "みかん助産院", "機関区分": 4, "都道府県コード": 13, "市区町村コード": 113, "所在地": "東京都渋谷区本町１－３０－８", "緯度": 35.680642, "経度": 139.680937, "url": "https://www.iryou.teikyouseido.mhlw.go.jp/znk-web/juminkanja/S2430/initialize?prefCd=13&kikanCd=4133100011&kikanKbn=4", "url2": "https://note.com/mikanjosanin", "内容": "みかん助産院【4:助産院】東京都渋谷区本町１－３０－８" }, "geometry": { "type": "Point", "coordinates": [ 139.680937, 35.680642 ] } },
{ "type": "Feature", "properties": { "ID": 1344133100016, "正式名称": "佐川助産院", "機関区分": 4, "都道府県コード": 13, "市区町村コード": 113, "所在地": "東京都渋谷区恵比寿１－７－４－９０３", "緯度": 35.648035, "経度": 139.710741, "url": "https://www.iryou.teikyouseido.mhlw.go.jp/znk-web/juminkanja/S2430/initialize?prefCd=13&kikanCd=4133100016&kikanKbn=4", "url2": "https://sagawa-birthhouse.com", "内容": "佐川助産院【4:助産院】東京都渋谷区恵比寿１－７－４－９０３" }, "geometry": { "type": "Point", "coordinates": [ 139.710741, 35.648035 ] } },
{ "type": "Feature", "properties": { "ID": 1344133100018, "正式名称": "大野出張助産所", "機関区分": 4, "都道府県コード": 13, "市区町村コード": 113, "所在地": "東京都渋谷区本町３－３４－１", "緯度": 35.689716, "経度": 139.680901, "url": "https://www.iryou.teikyouseido.mhlw.go.jp/znk-web/juminkanja/S2430/initialize?prefCd=13&kikanCd=4133100018&kikanKbn=4", "url2": null, "内容": "大野出張助産所【4:助産院】東京都渋谷区本町３－３４－１" }, "geometry": { "type": "Point", "coordinates": [ 139.680901, 35.689716 ] } },
{ "type": "Feature", "properties": { "ID": 1344133100020, "正式名称": "桶谷式母乳育児相談室", "機関区分": 4, "都道府県コード": 13, "市区町村コード": 110, "所在地": "東京都目黒区", "緯度": 35.620872, "経度": 139.68817, "url": "https://www.iryou.teikyouseido.mhlw.go.jp/znk-web/juminkanja/S2430/initialize?prefCd=13&kikanCd=4133100020&kikanKbn=4", "url2": "http://www.oketani-rso.com", "内容": "桶谷式母乳育児相談室【4:助産院】東京都目黒区" }, "geometry": { "type": "Point", "coordinates": [ 139.68817, 35.620872 ] } },
{ "type": "Feature", "properties": { "ID": 1344133100080, "正式名称": "マミーズルームしろた", "機関区分": 4, "都道府県コード": 13, "市区町村コード": 113, "所在地": "東京都渋谷区本町", "緯度": 35.683277, "経度": 139.68428, "url": "https://www.iryou.teikyouseido.mhlw.go.jp/znk-web/juminkanja/S2430/initialize?prefCd=13&kikanCd=4133100080&kikanKbn=4", "url2": null, "内容": "マミーズルームしろた【4:助産院】東京都渋谷区本町" }, "geometry": { "type": "Point", "coordinates": [ 139.68428, 35.683277 ] } },
{ "type": "Feature", "properties": { "ID": 1344133700002, "正式名称": "岩崎　洋子（出張専門）", "機関区分": 4, "都道府県コード": 13, "市区町村コード": 116, "所在地": "東京都豊島区西池袋４―２７―１０―４１１", "緯度": 35.727943, "経度": 139.698877, "url": "https://www.iryou.teikyouseido.mhlw.go.jp/znk-web/juminkanja/S2430/initialize?prefCd=13&kikanCd=4133700002&kikanKbn=4", "url2": null, "内容": "岩崎　洋子（出張専門）【4:助産院】東京都豊島区西池袋４―２７―１０―４１１" }, "geometry": { "type": "Point", "coordinates": [ 139.698877, 35.727943 ] } },
{ "type": "Feature", "properties": { "ID": 1344133700004, "正式名称": "（出張専門）　成田　優子　助産所", "機関区分": 4, "都道府県コード": 13, "市区町村コード": 116, "所在地": "東京都豊島区南長崎１－１１－１０", "緯度": 35.724749, "経度": 139.69185, "url": "https://www.iryou.teikyouseido.mhlw.go.jp/znk-web/juminkanja/S2430/initialize?prefCd=13&kikanCd=4133700004&kikanKbn=4", "url2": null, "内容": "（出張専門）　成田　優子　助産所【4:助産院】東京都豊島区南長崎１－１１－１０" }, "geometry": { "type": "Point", "coordinates": [ 139.69185, 35.724749 ] } },
{ "type": "Feature", "properties": { "ID": 1344133700006, "正式名称": "中村　菜美子（出張専門）", "機関区分": 4, "都道府県コード": 13, "市区町村コード": 116, "所在地": "東京都豊島区", "緯度": 35.744414, "経度": 139.718014, "url": "https://www.iryou.teikyouseido.mhlw.go.jp/znk-web/juminkanja/S2430/initialize?prefCd=13&kikanCd=4133700006&kikanKbn=4", "url2": null, "内容": "中村　菜美子（出張専門）【4:助産院】東京都豊島区" }, "geometry": { "type": "Point", "coordinates": [ 139.718014, 35.744414 ] } },
{ "type": "Feature", "properties": { "ID": 1344133700020, "正式名称": "目白助産所", "機関区分": 4, "都道府県コード": 13, "市区町村コード": 116, "所在地": "東京都豊島区雑司が谷２－２４－１１", "緯度": 35.720305, "経度": 139.717404, "url": "https://www.iryou.teikyouseido.mhlw.go.jp/znk-web/juminkanja/S2430/initialize?prefCd=13&kikanCd=4133700020&kikanKbn=4", "url2": "http://www.birthhouse.com", "内容": "目白助産所【4:助産院】東京都豊島区雑司が谷２－２４－１１" }, "geometry": { "type": "Point", "coordinates": [ 139.717404, 35.720305 ] } },
{ "type": "Feature", "properties": { "ID": 1344133700040, "正式名称": "もぎ助産所（母乳相談）", "機関区分": 4, "都道府県コード": 13, "市区町村コード": 116, "所在地": "東京都豊島区巣鴨５－４７－１０", "緯度": 35.741044, "経度": 139.733936, "url": "https://www.iryou.teikyouseido.mhlw.go.jp/znk-web/juminkanja/S2430/initialize?prefCd=13&kikanCd=4133700040&kikanKbn=4", "url2": null, "内容": "もぎ助産所（母乳相談）【4:助産院】東京都豊島区巣鴨５－４７－１０" }, "geometry": { "type": "Point", "coordinates": [ 139.733936, 35.741044 ] } },
{ "type": "Feature", "properties": { "ID": 1344133700050, "正式名称": "うぶすな助産院", "機関区分": 4, "都道府県コード": 13, "市区町村コード": 116, "所在地": "東京都豊島区西巣鴨１－９－１５　メゾネット高橋Ａ号室", "緯度": 35.737715, "経度": 139.723871, "url": "https://www.iryou.teikyouseido.mhlw.go.jp/znk-web/juminkanja/S2430/initialize?prefCd=13&kikanCd=4133700050&kikanKbn=4", "url2": "https://lit.link/ubusuna35", "内容": "うぶすな助産院【4:助産院】東京都豊島区西巣鴨１－９－１５　メゾネット高橋Ａ号室" }, "geometry": { "type": "Point", "coordinates": [ 139.723871, 35.737715 ] } },
{ "type": "Feature", "properties": { "ID": 1344133700120, "正式名称": "中野　華代", "機関区分": 4, "都道府県コード": 13, "市区町村コード": 117, "所在地": "東京都北区滝野川６－６２－１－４０９", "緯度": 35.745664, "経度": 139.721819, "url": "https://www.iryou.teikyouseido.mhlw.go.jp/znk-web/juminkanja/S2430/initialize?prefCd=13&kikanCd=4133700120&kikanKbn=4", "url2": "http://nakanojosanin.com", "内容": "中野　華代【4:助産院】東京都北区滝野川６－６２－１－４０９" }, "geometry": { "type": "Point", "coordinates": [ 139.721819, 35.745664 ] } },
{ "type": "Feature", "properties": { "ID": 1344134200000, "正式名称": "たんぽぽ助産院", "機関区分": 4, "都道府県コード": 13, "市区町村コード": 118, "所在地": "東京都荒川区荒川１－３１－８", "緯度": 35.734444, "経度": 139.788536, "url": "https://www.iryou.teikyouseido.mhlw.go.jp/znk-web/juminkanja/S2430/initialize?prefCd=13&kikanCd=4134200000&kikanKbn=4", "url2": "http://fuwafuwatannpopoarakawa.com", "内容": "たんぽぽ助産院【4:助産院】東京都荒川区荒川１－３１－８" }, "geometry": { "type": "Point", "coordinates": [ 139.788536, 35.734444 ] } },
{ "type": "Feature", "properties": { "ID": 1344134200002, "正式名称": "野嶋亜由美（出張のみ）", "機関区分": 4, "都道府県コード": 13, "市区町村コード": 118, "所在地": "東京都荒川区町屋７", "緯度": 35.745717, "経度": 139.785706, "url": "https://www.iryou.teikyouseido.mhlw.go.jp/znk-web/juminkanja/S2430/initialize?prefCd=13&kikanCd=4134200002&kikanKbn=4", "url2": "http://www.youandmejosanin.com", "内容": "野嶋亜由美（出張のみ）【4:助産院】東京都荒川区町屋７" }, "geometry": { "type": "Point", "coordinates": [ 139.785706, 35.745717 ] } },
{ "type": "Feature", "properties": { "ID": 1344134800001, "正式名称": "ｍａｍｍｙ助産院", "機関区分": 4, "都道府県コード": 13, "市区町村コード": 121, "所在地": "東京都足立区西新井本町", "緯度": 35.77566, "経度": 139.77936, "url": "https://www.iryou.teikyouseido.mhlw.go.jp/znk-web/juminkanja/S2430/initialize?prefCd=13&kikanCd=4134800001&kikanKbn=4", "url2": "http://www.mammy-josanin.com", "内容": "ｍａｍｍｙ助産院【4:助産院】東京都足立区西新井本町" }, "geometry": { "type": "Point", "coordinates": [ 139.77936, 35.77566 ] } },
{ "type": "Feature", "properties": { "ID": 1344134800004, "正式名称": "新田助産所（出張専門）", "機関区分": 4, "都道府県コード": 13, "市区町村コード": 121, "所在地": "東京都足立区新田", "緯度": 35.774078, "経度": 139.739066, "url": "https://www.iryou.teikyouseido.mhlw.go.jp/znk-web/juminkanja/S2430/initialize?prefCd=13&kikanCd=4134800004&kikanKbn=4", "url2": null, "内容": "新田助産所（出張専門）【4:助産院】東京都足立区新田" }, "geometry": { "type": "Point", "coordinates": [ 139.739066, 35.774078 ] } },
{ "type": "Feature", "properties": { "ID": 1344134800005, "正式名称": "池野　玲子（出張専門）", "機関区分": 4, "都道府県コード": 13, "市区町村コード": 121, "所在地": "東京都足立区加平２－２０－１６　サンクレール２０８号", "緯度": 35.781439, "経度": 139.827503, "url": "https://www.iryou.teikyouseido.mhlw.go.jp/znk-web/juminkanja/S2430/initialize?prefCd=13&kikanCd=4134800005&kikanKbn=4", "url2": null, "内容": "池野　玲子（出張専門）【4:助産院】東京都足立区加平２－２０－１６　サンクレール２０８号" }, "geometry": { "type": "Point", "coordinates": [ 139.827503, 35.781439 ] } },
{ "type": "Feature", "properties": { "ID": 1344134800006, "正式名称": "平田　尚子（出張専門）", "機関区分": 4, "都道府県コード": 13, "市区町村コード": 121, "所在地": "東京都足立区西新井栄町１－１９－３９－４０５", "緯度": 35.774773, "経度": 139.78709, "url": "https://www.iryou.teikyouseido.mhlw.go.jp/znk-web/juminkanja/S2430/initialize?prefCd=13&kikanCd=4134800006&kikanKbn=4", "url2": null, "内容": "平田　尚子（出張専門）【4:助産院】東京都足立区西新井栄町１－１９－３９－４０５" }, "geometry": { "type": "Point", "coordinates": [ 139.78709, 35.774773 ] } },
{ "type": "Feature", "properties": { "ID": 1344134800009, "正式名称": "入江　紗季（出張専門）", "機関区分": 4, "都道府県コード": 13, "市区町村コード": 121, "所在地": "東京都足立区千住桜木", "緯度": 35.754205, "経度": 139.788853, "url": "https://www.iryou.teikyouseido.mhlw.go.jp/znk-web/juminkanja/S2430/initialize?prefCd=13&kikanCd=4134800009&kikanKbn=4", "url2": null, "内容": "入江　紗季（出張専門）【4:助産院】東京都足立区千住桜木" }, "geometry": { "type": "Point", "coordinates": [ 139.788853, 35.754205 ] } },
{ "type": "Feature", "properties": { "ID": 1344134800030, "正式名称": "ひな助産院", "機関区分": 4, "都道府県コード": 13, "市区町村コード": 121, "所在地": "東京都足立区加平３－１４－１２", "緯度": 35.781051, "経度": 139.830281, "url": "https://www.iryou.teikyouseido.mhlw.go.jp/znk-web/juminkanja/S2430/initialize?prefCd=13&kikanCd=4134800030&kikanKbn=4", "url2": "https://hinajyosanin.com", "内容": "ひな助産院【4:助産院】東京都足立区加平３－１４－１２" }, "geometry": { "type": "Point", "coordinates": [ 139.830281, 35.781051 ] } },
{ "type": "Feature", "properties": { "ID": 1344134800040, "正式名称": "木村千里", "機関区分": 4, "都道府県コード": 13, "市区町村コード": 121, "所在地": "東京都足立区鹿浜２－２６－１０", "緯度": 35.781394, "経度": 139.749964, "url": "https://www.iryou.teikyouseido.mhlw.go.jp/znk-web/juminkanja/S2430/initialize?prefCd=13&kikanCd=4134800040&kikanKbn=4", "url2": null, "内容": "木村千里【4:助産院】東京都足立区鹿浜２－２６－１０" }, "geometry": { "type": "Point", "coordinates": [ 139.749964, 35.781394 ] } },
{ "type": "Feature", "properties": { "ID": 1344134800060, "正式名称": "小澤助産所", "機関区分": 4, "都道府県コード": 13, "市区町村コード": 121, "所在地": "東京都足立区千住寿町１４－５", "緯度": 35.751897, "経度": 139.798094, "url": "https://www.iryou.teikyouseido.mhlw.go.jp/znk-web/juminkanja/S2430/initialize?prefCd=13&kikanCd=4134800060&kikanKbn=4", "url2": null, "内容": "小澤助産所【4:助産院】東京都足立区千住寿町１４－５" }, "geometry": { "type": "Point", "coordinates": [ 139.798094, 35.751897 ] } },
{ "type": "Feature", "properties": { "ID": 1344135000000, "正式名称": "いで助産院", "機関区分": 4, "都道府県コード": 13, "市区町村コード": 122, "所在地": "東京都葛飾区亀有２－５６ー９", "緯度": 35.761664, "経度": 139.848363, "url": "https://www.iryou.teikyouseido.mhlw.go.jp/znk-web/juminkanja/S2430/initialize?prefCd=13&kikanCd=4135000000&kikanKbn=4", "url2": "https://ameblo.jp/table-is-waiting2017/", "内容": "いで助産院【4:助産院】東京都葛飾区亀有２－５６ー９" }, "geometry": { "type": "Point", "coordinates": [ 139.848363, 35.761664 ] } },
{ "type": "Feature", "properties": { "ID": 1344135000004, "正式名称": "ノア助産院", "機関区分": 4, "都道府県コード": 13, "市区町村コード": 121, "所在地": "東京都足立区綾瀬２－１１－４　第二フラワーコーポ１Ｆ", "緯度": 35.765136, "経度": 139.839586, "url": "https://www.iryou.teikyouseido.mhlw.go.jp/znk-web/juminkanja/S2430/initialize?prefCd=13&kikanCd=4135000004&kikanKbn=4", "url2": "https://www.noa-jyosanin.net/", "内容": "ノア助産院【4:助産院】東京都足立区綾瀬２－１１－４　第二フラワーコーポ１Ｆ" }, "geometry": { "type": "Point", "coordinates": [ 139.839586, 35.765136 ] } },
{ "type": "Feature", "properties": { "ID": 1344135000005, "正式名称": "Ｌｉｋｏ助産院", "機関区分": 4, "都道府県コード": 13, "市区町村コード": 122, "所在地": "東京都葛飾区亀有５－２８－１１　ジュネスサンプレイス４０６", "緯度": 35.768469, "経度": 139.847252, "url": "https://www.iryou.teikyouseido.mhlw.go.jp/znk-web/juminkanja/S2430/initialize?prefCd=13&kikanCd=4135000005&kikanKbn=4", "url2": "https://liko-jyosanin.jimdofree.com", "内容": "Ｌｉｋｏ助産院【4:助産院】東京都葛飾区亀有５－２８－１１　ジュネスサンプレイス４０６" }, "geometry": { "type": "Point", "coordinates": [ 139.847252, 35.768469 ] } },
{ "type": "Feature", "properties": { "ID": 1344135000020, "正式名称": "助産師　江原美恵子", "機関区分": 4, "都道府県コード": 13, "市区町村コード": 122, "所在地": "東京都葛飾区亀有３－４０－１", "緯度": 35.764331, "経度": 139.850558, "url": "https://www.iryou.teikyouseido.mhlw.go.jp/znk-web/juminkanja/S2430/initialize?prefCd=13&kikanCd=4135000020&kikanKbn=4", "url2": "http://midwifemap.com/ehara/mysite/", "内容": "助産師　江原美恵子【4:助産院】東京都葛飾区亀有３－４０－１" }, "geometry": { "type": "Point", "coordinates": [ 139.850558, 35.764331 ] } },
{ "type": "Feature", "properties": { "ID": 1344135200030, "正式名称": "あにちぇ助産院（出張専門）", "機関区分": 4, "都道府県コード": 13, "市区町村コード": 123, "所在地": "東京都江戸川区江戸川１丁目", "緯度": 35.688636, "経度": 139.905853, "url": "https://www.iryou.teikyouseido.mhlw.go.jp/znk-web/juminkanja/S2430/initialize?prefCd=13&kikanCd=4135200030&kikanKbn=4", "url2": null, "内容": "あにちぇ助産院（出張専門）【4:助産院】東京都江戸川区江戸川１丁目" }, "geometry": { "type": "Point", "coordinates": [ 139.905853, 35.688636 ] } },
{ "type": "Feature", "properties": { "ID": 1344135200100, "正式名称": "今村　道代", "機関区分": 4, "都道府県コード": 13, "市区町村コード": 123, "所在地": "東京都江戸川区南葛西５－３－４１　アーベントハイム葛西臨海公園２０６", "緯度": 35.644177, "経度": 139.873589, "url": "https://www.iryou.teikyouseido.mhlw.go.jp/znk-web/juminkanja/S2430/initialize?prefCd=13&kikanCd=4135200100&kikanKbn=4", "url2": null, "内容": "今村　道代【4:助産院】東京都江戸川区南葛西５－３－４１　アーベントハイム葛西臨海公園２０６" }, "geometry": { "type": "Point", "coordinates": [ 139.873589, 35.644177 ] } },
{ "type": "Feature", "properties": { "ID": 1344135200110, "正式名称": "ルチア助産所", "機関区分": 4, "都道府県コード": 13, "市区町村コード": 123, "所在地": "東京都江戸川区南葛西", "緯度": 35.649871, "経度": 139.873926, "url": "https://www.iryou.teikyouseido.mhlw.go.jp/znk-web/juminkanja/S2430/initialize?prefCd=13&kikanCd=4135200110&kikanKbn=4", "url2": null, "内容": "ルチア助産所【4:助産院】東京都江戸川区南葛西" }, "geometry": { "type": "Point", "coordinates": [ 139.873926, 35.649871 ] } },
{ "type": "Feature", "properties": { "ID": 1344135400004, "正式名称": "横川峰子", "機関区分": 4, "都道府県コード": 13, "市区町村コード": 106, "所在地": "東京都台東区池之端３－１－２１", "緯度": 35.715584, "経度": 139.768261, "url": "https://www.iryou.teikyouseido.mhlw.go.jp/znk-web/juminkanja/S2430/initialize?prefCd=13&kikanCd=4135400004&kikanKbn=4", "url2": null, "内容": "横川峰子【4:助産院】東京都台東区池之端３－１－２１" }, "geometry": { "type": "Point", "coordinates": [ 139.768261, 35.715584 ] } },
{ "type": "Feature", "properties": { "ID": 1344135400005, "正式名称": "めぐみ助産院", "機関区分": 4, "都道府県コード": 13, "市区町村コード": 106, "所在地": "東京都台東区", "緯度": 35.71735, "経度": 139.79263, "url": "https://www.iryou.teikyouseido.mhlw.go.jp/znk-web/juminkanja/S2430/initialize?prefCd=13&kikanCd=4135400005&kikanKbn=4", "url2": null, "内容": "めぐみ助産院【4:助産院】東京都台東区" }, "geometry": { "type": "Point", "coordinates": [ 139.79263, 35.71735 ] } },
{ "type": "Feature", "properties": { "ID": 1344135500003, "正式名称": "助産院　バース自由が丘", "機関区分": 4, "都道府県コード": 13, "市区町村コード": 110, "所在地": "東京都目黒区自由が丘１－２４－１６ヒルズ自由が丘Ｃ棟２Ｆ", "緯度": 35.609955, "経度": 139.668774, "url": "https://www.iryou.teikyouseido.mhlw.go.jp/znk-web/juminkanja/S2430/initialize?prefCd=13&kikanCd=4135500003&kikanKbn=4", "url2": "https://jmc-bonyu.com", "内容": "助産院　バース自由が丘【4:助産院】東京都目黒区自由が丘１－２４－１６ヒルズ自由が丘Ｃ棟２Ｆ" }, "geometry": { "type": "Point", "coordinates": [ 139.668774, 35.609955 ] } },
{ "type": "Feature", "properties": { "ID": 1344135500007, "正式名称": "ソラチ助産院", "機関区分": 4, "都道府県コード": 13, "市区町村コード": 110, "所在地": "東京都目黒区東山３ー１ー７　スウィフト東山２０２", "緯度": 35.650534, "経度": 139.686049, "url": "https://www.iryou.teikyouseido.mhlw.go.jp/znk-web/juminkanja/S2430/initialize?prefCd=13&kikanCd=4135500007&kikanKbn=4", "url2": "https://sorachi-josan.com", "内容": "ソラチ助産院【4:助産院】東京都目黒区東山３ー１ー７　スウィフト東山２０２" }, "geometry": { "type": "Point", "coordinates": [ 139.686049, 35.650534 ] } },
{ "type": "Feature", "properties": { "ID": 1344135500010, "正式名称": "助産院ファミリーバース・ルナ", "機関区分": 4, "都道府県コード": 13, "市区町村コード": 110, "所在地": "東京都目黒区中目黒１－１０－２２　中目黒ハイツ５０５", "緯度": 35.64269, "経度": 139.701268, "url": "https://www.iryou.teikyouseido.mhlw.go.jp/znk-web/juminkanja/S2430/initialize?prefCd=13&kikanCd=4135500010&kikanKbn=4", "url2": null, "内容": "助産院ファミリーバース・ルナ【4:助産院】東京都目黒区中目黒１－１０－２２　中目黒ハイツ５０５" }, "geometry": { "type": "Point", "coordinates": [ 139.701268, 35.64269 ] } },
{ "type": "Feature", "properties": { "ID": 1344135500015, "正式名称": "助産師　澤田　あさみ", "機関区分": 4, "都道府県コード": 13, "市区町村コード": 110, "所在地": "東京都目黒区平町", "緯度": 35.615427, "経度": 139.678606, "url": "https://www.iryou.teikyouseido.mhlw.go.jp/znk-web/juminkanja/S2430/initialize?prefCd=13&kikanCd=4135500015&kikanKbn=4", "url2": null, "内容": "助産師　澤田　あさみ【4:助産院】東京都目黒区平町" }, "geometry": { "type": "Point", "coordinates": [ 139.678606, 35.615427 ] } },
{ "type": "Feature", "properties": { "ID": 1344135500021, "正式名称": "中目黒オケタニ助産院", "機関区分": 4, "都道府県コード": 13, "市区町村コード": 110, "所在地": "東京都目黒区上目黒２－４０－２８　サンバレイ中目黒４０１", "緯度": 35.641003, "経度": 139.695504, "url": "https://www.iryou.teikyouseido.mhlw.go.jp/znk-web/juminkanja/S2430/initialize?prefCd=13&kikanCd=4135500021&kikanKbn=4", "url2": "https://nakame-oketani.com", "内容": "中目黒オケタニ助産院【4:助産院】東京都目黒区上目黒２－４０－２８　サンバレイ中目黒４０１" }, "geometry": { "type": "Point", "coordinates": [ 139.695504, 35.641003 ] } },
{ "type": "Feature", "properties": { "ID": 1344135500022, "正式名称": "出張専門ベビママサポートＭＡＨＡ", "機関区分": 4, "都道府県コード": 13, "市区町村コード": 110, "所在地": "東京都目黒区碑文谷－", "緯度": 35.622944, "経度": 139.68466, "url": "https://www.iryou.teikyouseido.mhlw.go.jp/znk-web/juminkanja/S2430/initialize?prefCd=13&kikanCd=4135500022&kikanKbn=4", "url2": "https://maha.crayonsite.net/", "内容": "出張専門ベビママサポートＭＡＨＡ【4:助産院】東京都目黒区碑文谷－" }, "geometry": { "type": "Point", "coordinates": [ 139.68466, 35.622944 ] } },
{ "type": "Feature", "properties": { "ID": 1344135500023, "正式名称": "助産師　土居貴久美", "機関区分": 4, "都道府県コード": 13, "市区町村コード": 112, "所在地": "東京都世田谷区下馬６－３１－１９", "緯度": 35.63123, "経度": 139.678767, "url": "https://www.iryou.teikyouseido.mhlw.go.jp/znk-web/juminkanja/S2430/initialize?prefCd=13&kikanCd=4135500023&kikanKbn=4", "url2": null, "内容": "助産師　土居貴久美【4:助産院】東京都世田谷区下馬６－３１－１９" }, "geometry": { "type": "Point", "coordinates": [ 139.678767, 35.63123 ] } },
{ "type": "Feature", "properties": { "ID": 1344135500024, "正式名称": "目黒みたま助産院", "機関区分": 4, "都道府県コード": 13, "市区町村コード": 110, "所在地": "東京都目黒区下目黒２－２１－２４　２０１", "緯度": 35.632703, "経度": 139.708868, "url": "https://www.iryou.teikyouseido.mhlw.go.jp/znk-web/juminkanja/S2430/initialize?prefCd=13&kikanCd=4135500024&kikanKbn=4", "url2": "https://r.goope.jp/mitama-josanin/", "内容": "目黒みたま助産院【4:助産院】東京都目黒区下目黒２－２１－２４　２０１" }, "geometry": { "type": "Point", "coordinates": [ 139.708868, 35.632703 ] } },
{ "type": "Feature", "properties": { "ID": 1344135600004, "正式名称": "助産師　渡千登世", "機関区分": 4, "都道府県コード": 13, "市区町村コード": 111, "所在地": "東京都大田区大森北６－１９－１０ー１０４", "緯度": 35.579654, "経度": 139.731076, "url": "https://www.iryou.teikyouseido.mhlw.go.jp/znk-web/juminkanja/S2430/initialize?prefCd=13&kikanCd=4135600004&kikanKbn=4", "url2": null, "内容": "助産師　渡千登世【4:助産院】東京都大田区大森北６－１９－１０ー１０４" }, "geometry": { "type": "Point", "coordinates": [ 139.731076, 35.579654 ] } },
{ "type": "Feature", "properties": { "ID": 1344135600005, "正式名称": "はる助産院　母乳育児相談室", "機関区分": 4, "都道府県コード": 13, "市区町村コード": 111, "所在地": "東京都大田区北千束３－１４－１８　大岡山フローラ１０５号", "緯度": 35.607678, "経度": 139.687967, "url": "https://www.iryou.teikyouseido.mhlw.go.jp/znk-web/juminkanja/S2430/initialize?prefCd=13&kikanCd=4135600005&kikanKbn=4", "url2": "http://haru-oektani.com/", "内容": "はる助産院　母乳育児相談室【4:助産院】東京都大田区北千束３－１４－１８　大岡山フローラ１０５号" }, "geometry": { "type": "Point", "coordinates": [ 139.687967, 35.607678 ] } },
{ "type": "Feature", "properties": { "ID": 1344135600015, "正式名称": "マミサポ", "機関区分": 4, "都道府県コード": 13, "市区町村コード": 111, "所在地": "東京都大田区中央３－２３－４", "緯度": 35.574364, "経度": 139.719277, "url": "https://www.iryou.teikyouseido.mhlw.go.jp/znk-web/juminkanja/S2430/initialize?prefCd=13&kikanCd=4135600015&kikanKbn=4", "url2": "https://www.mamisapo.com", "内容": "マミサポ【4:助産院】東京都大田区中央３－２３－４" }, "geometry": { "type": "Point", "coordinates": [ 139.719277, 35.574364 ] } },
{ "type": "Feature", "properties": { "ID": 1344135600030, "正式名称": "山口助産院　山口貴鈴桶谷母乳相談室", "機関区分": 4, "都道府県コード": 13, "市区町村コード": 111, "所在地": "東京都大田区山王１－９－１６　山王レジデンス１０１", "緯度": 35.592411, "経度": 139.729503, "url": "https://www.iryou.teikyouseido.mhlw.go.jp/znk-web/juminkanja/S2430/initialize?prefCd=13&kikanCd=4135600030&kikanKbn=4", "url2": null, "内容": "山口助産院　山口貴鈴桶谷母乳相談室【4:助産院】東京都大田区山王１－９－１６　山王レジデンス１０１" }, "geometry": { "type": "Point", "coordinates": [ 139.729503, 35.592411 ] } },
{ "type": "Feature", "properties": { "ID": 1344135600130, "正式名称": "吉田助産院", "機関区分": 4, "都道府県コード": 13, "市区町村コード": 111, "所在地": "東京都大田区池上８－２２－１１", "緯度": 35.5689, "経度": 139.697836, "url": "https://www.iryou.teikyouseido.mhlw.go.jp/znk-web/juminkanja/S2430/initialize?prefCd=13&kikanCd=4135600130&kikanKbn=4", "url2": "https://yoshida-oketani.com", "内容": "吉田助産院【4:助産院】東京都大田区池上８－２２－１１" }, "geometry": { "type": "Point", "coordinates": [ 139.697836, 35.5689 ] } },
{ "type": "Feature", "properties": { "ID": 1344135600170, "正式名称": "辻川　元子", "機関区分": 4, "都道府県コード": 13, "市区町村コード": 111, "所在地": "東京都大田区上池台５－５－１８　３０８", "緯度": 35.595207, "経度": 139.702189, "url": "https://www.iryou.teikyouseido.mhlw.go.jp/znk-web/juminkanja/S2430/initialize?prefCd=13&kikanCd=4135600170&kikanKbn=4", "url2": null, "内容": "辻川　元子【4:助産院】東京都大田区上池台５－５－１８　３０８" }, "geometry": { "type": "Point", "coordinates": [ 139.702189, 35.595207 ] } },
{ "type": "Feature", "properties": { "ID": 1344135700001, "正式名称": "母乳育児相談室みずの助産院", "機関区分": 4, "都道府県コード": 13, "市区町村コード": 115, "所在地": "東京都杉並区阿佐谷北２－１２－１９　聖観ビル４０１", "緯度": 35.705805, "経度": 139.635106, "url": "https://www.iryou.teikyouseido.mhlw.go.jp/znk-web/juminkanja/S2430/initialize?prefCd=13&kikanCd=4135700001&kikanKbn=4", "url2": "http://mizuno-oketani.com", "内容": "母乳育児相談室みずの助産院【4:助産院】東京都杉並区阿佐谷北２－１２－１９　聖観ビル４０１" }, "geometry": { "type": "Point", "coordinates": [ 139.635106, 35.705805 ] } },
{ "type": "Feature", "properties": { "ID": 1344135700003, "正式名称": "医療法人社団赤恵会　第２赤川助産所", "機関区分": 4, "都道府県コード": 13, "市区町村コード": 115, "所在地": "東京都杉並区上荻１－２４－６", "緯度": 35.706555, "経度": 139.615719, "url": "https://www.iryou.teikyouseido.mhlw.go.jp/znk-web/juminkanja/S2430/initialize?prefCd=13&kikanCd=4135700003&kikanKbn=4", "url2": "https://akagawaclinic.jp", "内容": "医療法人社団赤恵会　第２赤川助産所【4:助産院】東京都杉並区上荻１－２４－６" }, "geometry": { "type": "Point", "coordinates": [ 139.615719, 35.706555 ] } },
{ "type": "Feature", "properties": { "ID": 1344135700009, "正式名称": "ｃｈｉｃｈｉ　（杉並区出張専門助産院）", "機関区分": 4, "都道府県コード": 13, "市区町村コード": 115, "所在地": "東京都杉並区荻窪", "緯度": 35.698306, "経度": 139.61783, "url": "https://www.iryou.teikyouseido.mhlw.go.jp/znk-web/juminkanja/S2430/initialize?prefCd=13&kikanCd=4135700009&kikanKbn=4", "url2": "https://www.chichiso-dan.com/", "内容": "ｃｈｉｃｈｉ　（杉並区出張専門助産院）【4:助産院】東京都杉並区荻窪" }, "geometry": { "type": "Point", "coordinates": [ 139.61783, 35.698306 ] } },
{ "type": "Feature", "properties": { "ID": 1344135700010, "正式名称": "医療法人社団赤恵会　赤川助産所", "機関区分": 4, "都道府県コード": 13, "市区町村コード": 115, "所在地": "東京都杉並区上荻１－２４－４　プリンスマンション１０６", "緯度": 35.7049, "経度": 139.623311, "url": "https://www.iryou.teikyouseido.mhlw.go.jp/znk-web/juminkanja/S2430/initialize?prefCd=13&kikanCd=4135700010&kikanKbn=4", "url2": "https://akagawaclinic.jp", "内容": "医療法人社団赤恵会　赤川助産所【4:助産院】東京都杉並区上荻１－２４－４　プリンスマンション１０６" }, "geometry": { "type": "Point", "coordinates": [ 139.623311, 35.7049 ] } },
{ "type": "Feature", "properties": { "ID": 1344135700015, "正式名称": "出張専門助産院ここね", "機関区分": 4, "都道府県コード": 13, "市区町村コード": 115, "所在地": "東京都杉並区和泉４－１－２２　パークホームズ杉並和泉ザレジデンス４０５", "緯度": 35.678253, "経度": 139.656522, "url": "https://www.iryou.teikyouseido.mhlw.go.jp/znk-web/juminkanja/S2430/initialize?prefCd=13&kikanCd=4135700015&kikanKbn=4", "url2": null, "内容": "出張専門助産院ここね【4:助産院】東京都杉並区和泉４－１－２２　パークホームズ杉並和泉ザレジデンス４０５" }, "geometry": { "type": "Point", "coordinates": [ 139.656522, 35.678253 ] } },
{ "type": "Feature", "properties": { "ID": 1344135700016, "正式名称": "立石　由香麗", "機関区分": 4, "都道府県コード": 13, "市区町村コード": 115, "所在地": "東京都杉並区浜田山２丁目", "緯度": 35.677777, "経度": 139.625235, "url": "https://www.iryou.teikyouseido.mhlw.go.jp/znk-web/juminkanja/S2430/initialize?prefCd=13&kikanCd=4135700016&kikanKbn=4", "url2": "https://reserva.be/elder", "内容": "立石　由香麗【4:助産院】東京都杉並区浜田山２丁目" }, "geometry": { "type": "Point", "coordinates": [ 139.625235, 35.677777 ] } },
{ "type": "Feature", "properties": { "ID": 1344135700017, "正式名称": "出張助産師　田之上恵子", "機関区分": 4, "都道府県コード": 13, "市区町村コード": 115, "所在地": "東京都杉並区", "緯度": 35.725081, "経度": 139.619745, "url": "https://www.iryou.teikyouseido.mhlw.go.jp/znk-web/juminkanja/S2430/initialize?prefCd=13&kikanCd=4135700017&kikanKbn=4", "url2": null, "内容": "出張助産師　田之上恵子【4:助産院】東京都杉並区" }, "geometry": { "type": "Point", "coordinates": [ 139.619745, 35.725081 ] } },
{ "type": "Feature", "properties": { "ID": 1344135700029, "正式名称": "清水　茜", "機関区分": 4, "都道府県コード": 13, "市区町村コード": 115, "所在地": "東京都杉並区善福寺４－２１－４", "緯度": 35.718886, "経度": 139.588526, "url": "https://www.iryou.teikyouseido.mhlw.go.jp/znk-web/juminkanja/S2430/initialize?prefCd=13&kikanCd=4135700029&kikanKbn=4", "url2": "http://lin.ee/a77FW54", "内容": "清水　茜【4:助産院】東京都杉並区善福寺４－２１－４" }, "geometry": { "type": "Point", "coordinates": [ 139.588526, 35.718886 ] } },
{ "type": "Feature", "properties": { "ID": 1344135700050, "正式名称": "助産師　南俊江", "機関区分": 4, "都道府県コード": 13, "市区町村コード": 115, "所在地": "東京都杉並区阿佐谷南２－４－９", "緯度": 35.702972, "経度": 139.642244, "url": "https://www.iryou.teikyouseido.mhlw.go.jp/znk-web/juminkanja/S2430/initialize?prefCd=13&kikanCd=4135700050&kikanKbn=4", "url2": null, "内容": "助産師　南俊江【4:助産院】東京都杉並区阿佐谷南２－４－９" }, "geometry": { "type": "Point", "coordinates": [ 139.642244, 35.702972 ] } },
{ "type": "Feature", "properties": { "ID": 1344135700090, "正式名称": "高木助産院", "機関区分": 4, "都道府県コード": 13, "市区町村コード": 115, "所在地": "東京都杉並区下高井戸１―１０－１５モトハウス２０１号室", "緯度": 35.666676, "経度": 139.638623, "url": "https://www.iryou.teikyouseido.mhlw.go.jp/znk-web/juminkanja/S2430/initialize?prefCd=13&kikanCd=4135700090&kikanKbn=4", "url2": "http://www.takagi-josanin.com/", "内容": "高木助産院【4:助産院】東京都杉並区下高井戸１―１０－１５モトハウス２０１号室" }, "geometry": { "type": "Point", "coordinates": [ 139.638623, 35.666676 ] } },
{ "type": "Feature", "properties": { "ID": 1344135700100, "正式名称": "たらちね助産院", "機関区分": 4, "都道府県コード": 13, "市区町村コード": 115, "所在地": "東京都杉並区高井戸東４－７－７　サニーコーポ高井戸東１Ｆ", "緯度": 35.688575, "経度": 139.623667, "url": "https://www.iryou.teikyouseido.mhlw.go.jp/znk-web/juminkanja/S2430/initialize?prefCd=13&kikanCd=4135700100&kikanKbn=4", "url2": "http://www.taratine.com", "内容": "たらちね助産院【4:助産院】東京都杉並区高井戸東４－７－７　サニーコーポ高井戸東１Ｆ" }, "geometry": { "type": "Point", "coordinates": [ 139.623667, 35.688575 ] } },
{ "type": "Feature", "properties": { "ID": 1344135700141, "正式名称": "松本　佳代子", "機関区分": 4, "都道府県コード": 13, "市区町村コード": 115, "所在地": "東京都杉並区和泉", "緯度": 35.676448, "経度": 139.650634, "url": "https://www.iryou.teikyouseido.mhlw.go.jp/znk-web/juminkanja/S2430/initialize?prefCd=13&kikanCd=4135700141&kikanKbn=4", "url2": null, "内容": "松本　佳代子【4:助産院】東京都杉並区和泉" }, "geometry": { "type": "Point", "coordinates": [ 139.650634, 35.676448 ] } },
{ "type": "Feature", "properties": { "ID": 1344135800000, "正式名称": "筏井沙織助産所", "機関区分": 4, "都道府県コード": 13, "市区町村コード": 117, "所在地": "東京都北区十条仲原４丁目", "緯度": 35.769451, "経度": 139.721137, "url": "https://www.iryou.teikyouseido.mhlw.go.jp/znk-web/juminkanja/S2430/initialize?prefCd=13&kikanCd=4135800000&kikanKbn=4", "url2": "https://r.goope.jp/ikajosanjo", "内容": "筏井沙織助産所【4:助産院】東京都北区十条仲原４丁目" }, "geometry": { "type": "Point", "coordinates": [ 139.721137, 35.769451 ] } },
{ "type": "Feature", "properties": { "ID": 1344135800003, "正式名称": "奥平順子助産所", "機関区分": 4, "都道府県コード": 13, "市区町村コード": 117, "所在地": "東京都北区志茂５－４０－１１　イルドフルール２０２", "緯度": 35.785659, "経度": 139.726261, "url": "https://www.iryou.teikyouseido.mhlw.go.jp/znk-web/juminkanja/S2430/initialize?prefCd=13&kikanCd=4135800003&kikanKbn=4", "url2": null, "内容": "奥平順子助産所【4:助産院】東京都北区志茂５－４０－１１　イルドフルール２０２" }, "geometry": { "type": "Point", "coordinates": [ 139.726261, 35.785659 ] } },
{ "type": "Feature", "properties": { "ID": 1344135800007, "正式名称": "桶谷式母乳育児相談所ムックムク", "機関区分": 4, "都道府県コード": 13, "市区町村コード": 117, "所在地": "東京都北区赤羽２ー４８ー５マーサビレッジプラザ３０２", "緯度": 35.781076, "経度": 139.719345, "url": "https://www.iryou.teikyouseido.mhlw.go.jp/znk-web/juminkanja/S2430/initialize?prefCd=13&kikanCd=4135800007&kikanKbn=4", "url2": "http://mukkumuku.jimdo.com", "内容": "桶谷式母乳育児相談所ムックムク【4:助産院】東京都北区赤羽２ー４８ー５マーサビレッジプラザ３０２" }, "geometry": { "type": "Point", "coordinates": [ 139.719345, 35.781076 ] } },
{ "type": "Feature", "properties": { "ID": 1344135800009, "正式名称": "赤田　久美子", "機関区分": 4, "都道府県コード": 13, "市区町村コード": 117, "所在地": "東京都北区神谷１－３－３－２０８号", "緯度": 35.769293, "経度": 139.736842, "url": "https://www.iryou.teikyouseido.mhlw.go.jp/znk-web/juminkanja/S2430/initialize?prefCd=13&kikanCd=4135800009&kikanKbn=4", "url2": null, "内容": "赤田　久美子【4:助産院】東京都北区神谷１－３－３－２０８号" }, "geometry": { "type": "Point", "coordinates": [ 139.736842, 35.769293 ] } },
{ "type": "Feature", "properties": { "ID": 1344135800011, "正式名称": "蒲澤助産所", "機関区分": 4, "都道府県コード": 13, "市区町村コード": 117, "所在地": "東京都北区東十条６－２－９　菱和パレス東十条５０１号", "緯度": 35.769717, "経度": 139.724484, "url": "https://www.iryou.teikyouseido.mhlw.go.jp/znk-web/juminkanja/S2430/initialize?prefCd=13&kikanCd=4135800011&kikanKbn=4", "url2": null, "内容": "蒲澤助産所【4:助産院】東京都北区東十条６－２－９　菱和パレス東十条５０１号" }, "geometry": { "type": "Point", "coordinates": [ 139.724484, 35.769717 ] } },
{ "type": "Feature", "properties": { "ID": 1344135800100, "正式名称": "みづき助産院", "機関区分": 4, "都道府県コード": 13, "市区町村コード": 117, "所在地": "東京都北区西が丘２－１０－１０", "緯度": 35.768192, "経度": 139.716278, "url": "https://www.iryou.teikyouseido.mhlw.go.jp/znk-web/juminkanja/S2430/initialize?prefCd=13&kikanCd=4135800100&kikanKbn=4", "url2": "https://r.goope.jp/midukijosanin", "内容": "みづき助産院【4:助産院】東京都北区西が丘２－１０－１０" }, "geometry": { "type": "Point", "coordinates": [ 139.716278, 35.768192 ] } },
{ "type": "Feature", "properties": { "ID": 1344135800120, "正式名称": "晴ル・助産院", "機関区分": 4, "都道府県コード": 13, "市区町村コード": 117, "所在地": "東京都北区赤羽台３－１４－２７", "緯度": 35.783324, "経度": 139.714174, "url": "https://www.iryou.teikyouseido.mhlw.go.jp/znk-web/juminkanja/S2430/initialize?prefCd=13&kikanCd=4135800120&kikanKbn=4", "url2": "http://www.harujosanin.com", "内容": "晴ル・助産院【4:助産院】東京都北区赤羽台３－１４－２７" }, "geometry": { "type": "Point", "coordinates": [ 139.714174, 35.783324 ] } },
{ "type": "Feature", "properties": { "ID": 1344135900008, "正式名称": "ぱお助産院", "機関区分": 4, "都道府県コード": 13, "市区町村コード": 120, "所在地": "東京都練馬区氷川台４－５１－５", "緯度": 35.750718, "経度": 139.664518, "url": "https://www.iryou.teikyouseido.mhlw.go.jp/znk-web/juminkanja/S2430/initialize?prefCd=13&kikanCd=4135900008&kikanKbn=4", "url2": "http://www.pao-jo.com", "内容": "ぱお助産院【4:助産院】東京都練馬区氷川台４－５１－５" }, "geometry": { "type": "Point", "coordinates": [ 139.664518, 35.750718 ] } },
{ "type": "Feature", "properties": { "ID": 1344136000024, "正式名称": "出張専門助産院　Ｏｙａ＆Ｃｏ", "機関区分": 4, "都道府県コード": 13, "市区町村コード": 103, "所在地": "東京都港区", "緯度": 35.648675, "経度": 139.735818, "url": "https://www.iryou.teikyouseido.mhlw.go.jp/znk-web/juminkanja/S2430/initialize?prefCd=13&kikanCd=4136000024&kikanKbn=4", "url2": null, "内容": "出張専門助産院　Ｏｙａ＆Ｃｏ【4:助産院】東京都港区" }, "geometry": { "type": "Point", "coordinates": [ 139.735818, 35.648675 ] } },
{ "type": "Feature", "properties": { "ID": 1344136000025, "正式名称": "ＣＵＤＤＬＥ", "機関区分": 4, "都道府県コード": 13, "市区町村コード": 103, "所在地": "東京都港区", "緯度": 35.644456, "経度": 139.755676, "url": "https://www.iryou.teikyouseido.mhlw.go.jp/znk-web/juminkanja/S2430/initialize?prefCd=13&kikanCd=4136000025&kikanKbn=4", "url2": "https://cudlehome.jp", "内容": "ＣＵＤＤＬＥ【4:助産院】東京都港区" }, "geometry": { "type": "Point", "coordinates": [ 139.755676, 35.644456 ] } },
{ "type": "Feature", "properties": { "ID": 1344136000070, "正式名称": "ゆうき助産院　出張専門", "機関区分": 4, "都道府県コード": 13, "市区町村コード": 103, "所在地": "東京都港区三田２－１２－６", "緯度": 35.649871, "経度": 139.744037, "url": "https://www.iryou.teikyouseido.mhlw.go.jp/znk-web/juminkanja/S2430/initialize?prefCd=13&kikanCd=4136000070&kikanKbn=4", "url2": "http://www.yu-kimaternityclinic.com", "内容": "ゆうき助産院　出張専門【4:助産院】東京都港区三田２－１２－６" }, "geometry": { "type": "Point", "coordinates": [ 139.744037, 35.649871 ] } },
{ "type": "Feature", "properties": { "ID": 1344136000090, "正式名称": "たけふし助産院", "機関区分": 4, "都道府県コード": 13, "市区町村コード": 103, "所在地": "東京都港区芝１－８－２３　シティハイツ竹芝２２０７", "緯度": 35.640372, "経度": 139.752419, "url": "https://www.iryou.teikyouseido.mhlw.go.jp/znk-web/juminkanja/S2430/initialize?prefCd=13&kikanCd=4136000090&kikanKbn=4", "url2": "https://takefushi.theblog.me/", "内容": "たけふし助産院【4:助産院】東京都港区芝１－８－２３　シティハイツ竹芝２２０７" }, "geometry": { "type": "Point", "coordinates": [ 139.752419, 35.640372 ] } },
{ "type": "Feature", "properties": { "ID": 1344136100000, "正式名称": "堤式助産母乳育児相談処", "機関区分": 4, "都道府県コード": 13, "市区町村コード": 114, "所在地": "東京都中野区新井２－５－４", "緯度": 35.711833, "経度": 139.664381, "url": "https://www.iryou.teikyouseido.mhlw.go.jp/znk-web/juminkanja/S2430/initialize?prefCd=13&kikanCd=4136100000&kikanKbn=4", "url2": "http://www.tsutsumishiki.com", "内容": "堤式助産母乳育児相談処【4:助産院】東京都中野区新井２－５－４" }, "geometry": { "type": "Point", "coordinates": [ 139.664381, 35.711833 ] } },
{ "type": "Feature", "properties": { "ID": 1344136100001, "正式名称": "くみえ訪問助産師", "機関区分": 4, "都道府県コード": 13, "市区町村コード": 203, "所在地": "東京都武蔵野市", "緯度": 35.71597, "経度": 139.55764, "url": "https://www.iryou.teikyouseido.mhlw.go.jp/znk-web/juminkanja/S2430/initialize?prefCd=13&kikanCd=4136100001&kikanKbn=4", "url2": null, "内容": "くみえ訪問助産師【4:助産院】東京都武蔵野市" }, "geometry": { "type": "Point", "coordinates": [ 139.55764, 35.71597 ] } },
{ "type": "Feature", "properties": { "ID": 1344136100004, "正式名称": "しらさぎふれあい助産院", "機関区分": 4, "都道府県コード": 13, "市区町村コード": 114, "所在地": "東京都中野区鷺宮３－３－６　シュプール１０１", "緯度": 35.722942, "経度": 139.642604, "url": "https://www.iryou.teikyouseido.mhlw.go.jp/znk-web/juminkanja/S2430/initialize?prefCd=13&kikanCd=4136100004&kikanKbn=4", "url2": "http://www.shirasagifureai.com", "内容": "しらさぎふれあい助産院【4:助産院】東京都中野区鷺宮３－３－６　シュプール１０１" }, "geometry": { "type": "Point", "coordinates": [ 139.642604, 35.722942 ] } },
{ "type": "Feature", "properties": { "ID": 1344136100007, "正式名称": "助産師　えん", "機関区分": 4, "都道府県コード": 13, "市区町村コード": 114, "所在地": "東京都中野区江古田", "緯度": 35.725693, "経度": 139.670324, "url": "https://www.iryou.teikyouseido.mhlw.go.jp/znk-web/juminkanja/S2430/initialize?prefCd=13&kikanCd=4136100007&kikanKbn=4", "url2": "https://en-jyosanjyo.jimdofree.com/", "内容": "助産師　えん【4:助産院】東京都中野区江古田" }, "geometry": { "type": "Point", "coordinates": [ 139.670324, 35.725693 ] } },
{ "type": "Feature", "properties": { "ID": 1344136100010, "正式名称": "松が丘助産院", "機関区分": 4, "都道府県コード": 13, "市区町村コード": 114, "所在地": "東京都中野区松が丘１－１０－１３", "緯度": 35.718777, "経度": 139.671325, "url": "https://www.iryou.teikyouseido.mhlw.go.jp/znk-web/juminkanja/S2430/initialize?prefCd=13&kikanCd=4136100010&kikanKbn=4", "url2": "https://matsugaoka-birth.com", "内容": "松が丘助産院【4:助産院】東京都中野区松が丘１－１０－１３" }, "geometry": { "type": "Point", "coordinates": [ 139.671325, 35.718777 ] } },
{ "type": "Feature", "properties": { "ID": 1344136100011, "正式名称": "助産師　大西　出張専門", "機関区分": 4, "都道府県コード": 13, "市区町村コード": 114, "所在地": "東京都中野区江古田４－４１－３", "緯度": 35.724359, "経度": 139.659159, "url": "https://www.iryou.teikyouseido.mhlw.go.jp/znk-web/juminkanja/S2430/initialize?prefCd=13&kikanCd=4136100011&kikanKbn=4", "url2": null, "内容": "助産師　大西　出張専門【4:助産院】東京都中野区江古田４－４１－３" }, "geometry": { "type": "Point", "coordinates": [ 139.659159, 35.724359 ] } },
{ "type": "Feature", "properties": { "ID": 1344136100013, "正式名称": "中村　有香", "機関区分": 4, "都道府県コード": 13, "市区町村コード": 114, "所在地": "東京都中野区上高田１－４０－１０", "緯度": 35.710583, "経度": 139.675352, "url": "https://www.iryou.teikyouseido.mhlw.go.jp/znk-web/juminkanja/S2430/initialize?prefCd=13&kikanCd=4136100013&kikanKbn=4", "url2": null, "内容": "中村　有香【4:助産院】東京都中野区上高田１－４０－１０" }, "geometry": { "type": "Point", "coordinates": [ 139.675352, 35.710583 ] } },
{ "type": "Feature", "properties": { "ID": 1344136100030, "正式名称": "助産師訪問ＰＡＭ　オオクボクミコ", "機関区分": 4, "都道府県コード": 13, "市区町村コード": 114, "所在地": "東京都中野区野方５－１８－３", "緯度": 35.719082, "経度": 139.651354, "url": "https://www.iryou.teikyouseido.mhlw.go.jp/znk-web/juminkanja/S2430/initialize?prefCd=13&kikanCd=4136100030&kikanKbn=4", "url2": "https://pam.pupu.jp/", "内容": "助産師訪問ＰＡＭ　オオクボクミコ【4:助産院】東京都中野区野方５－１８－３" }, "geometry": { "type": "Point", "coordinates": [ 139.651354, 35.719082 ] } },
{ "type": "Feature", "properties": { "ID": 1344136200003, "正式名称": "嶋田　恭子", "機関区分": 4, "都道府県コード": 13, "市区町村コード": 213, "所在地": "東京都東村山市", "緯度": 35.750742, "経度": 139.469902, "url": "https://www.iryou.teikyouseido.mhlw.go.jp/znk-web/juminkanja/S2430/initialize?prefCd=13&kikanCd=4136200003&kikanKbn=4", "url2": null, "内容": "嶋田　恭子【4:助産院】東京都東村山市" }, "geometry": { "type": "Point", "coordinates": [ 139.469902, 35.750742 ] } },
{ "type": "Feature", "properties": { "ID": 1344136200006, "正式名称": "ハーモニーケアひとみ", "機関区分": 4, "都道府県コード": 13, "市区町村コード": 104, "所在地": "東京都新宿区上落合１－１１－１０　佐野ビル１０１", "緯度": 35.714694, "経度": 139.693073, "url": "https://www.iryou.teikyouseido.mhlw.go.jp/znk-web/juminkanja/S2430/initialize?prefCd=13&kikanCd=4136200006&kikanKbn=4", "url2": "https://harmonycare.tokyo", "内容": "ハーモニーケアひとみ【4:助産院】東京都新宿区上落合１－１１－１０　佐野ビル１０１" }, "geometry": { "type": "Point", "coordinates": [ 139.693073, 35.714694 ] } },
{ "type": "Feature", "properties": { "ID": 1344136200007, "正式名称": "助産師　北川　真理子", "機関区分": 4, "都道府県コード": 13, "市区町村コード": 104, "所在地": "東京都新宿区西早稲田２－１６－１５　レックス西早稲田２０１", "緯度": 35.710112, "経度": 139.712294, "url": "https://www.iryou.teikyouseido.mhlw.go.jp/znk-web/juminkanja/S2430/initialize?prefCd=13&kikanCd=4136200007&kikanKbn=4", "url2": null, "内容": "助産師　北川　真理子【4:助産院】東京都新宿区西早稲田２－１６－１５　レックス西早稲田２０１" }, "geometry": { "type": "Point", "coordinates": [ 139.712294, 35.710112 ] } },
{ "type": "Feature", "properties": { "ID": 1344136200008, "正式名称": "中村　康子", "機関区分": 4, "都道府県コード": 13, "市区町村コード": 104, "所在地": "東京都新宿区中落合１－１１－８", "緯度": 35.716861, "経度": 139.689518, "url": "https://www.iryou.teikyouseido.mhlw.go.jp/znk-web/juminkanja/S2430/initialize?prefCd=13&kikanCd=4136200008&kikanKbn=4", "url2": "http://www.coaracco.com/", "内容": "中村　康子【4:助産院】東京都新宿区中落合１－１１－８" }, "geometry": { "type": "Point", "coordinates": [ 139.689518, 35.716861 ] } },
{ "type": "Feature", "properties": { "ID": 1344136200010, "正式名称": "公益社団法人桶谷式母乳育児推進協会　オケタニ母乳育児相談室早稲田", "機関区分": 4, "都道府県コード": 13, "市区町村コード": 104, "所在地": "東京都新宿区喜久井町２０－８　オケタニ早稲田ビル１Ｆ", "緯度": 35.705997, "経度": 139.723279, "url": "https://www.iryou.teikyouseido.mhlw.go.jp/znk-web/juminkanja/S2430/initialize?prefCd=13&kikanCd=4136200010&kikanKbn=4", "url2": "http://www.waseda.oketani-school.jp", "内容": "公益社団法人桶谷式母乳育児推進協会　オケタニ母乳育児相談室早稲田【4:助産院】東京都新宿区喜久井町２０－８　オケタニ早稲田ビル１Ｆ" }, "geometry": { "type": "Point", "coordinates": [ 139.723279, 35.705997 ] } },
{ "type": "Feature", "properties": { "ID": 1344136200060, "正式名称": "助産師　水野真美", "機関区分": 4, "都道府県コード": 13, "市区町村コード": 110, "所在地": "東京都目黒区鷹番", "緯度": 35.629856, "経度": 139.68698, "url": "https://www.iryou.teikyouseido.mhlw.go.jp/znk-web/juminkanja/S2430/initialize?prefCd=13&kikanCd=4136200060&kikanKbn=4", "url2": "https://www.mere-et-mami.com", "内容": "助産師　水野真美【4:助産院】東京都目黒区鷹番" }, "geometry": { "type": "Point", "coordinates": [ 139.68698, 35.629856 ] } },
{ "type": "Feature", "properties": { "ID": 1344136200110, "正式名称": "中居助産所", "機関区分": 4, "都道府県コード": 13, "市区町村コード": 104, "所在地": "東京都新宿区市谷薬王寺町１６番１５号　中居ビル４０１号室", "緯度": 35.697141, "経度": 139.725515, "url": "https://www.iryou.teikyouseido.mhlw.go.jp/znk-web/juminkanja/S2430/initialize?prefCd=13&kikanCd=4136200110&kikanKbn=4", "url2": null, "内容": "中居助産所【4:助産院】東京都新宿区市谷薬王寺町１６番１５号　中居ビル４０１号室" }, "geometry": { "type": "Point", "coordinates": [ 139.725515, 35.697141 ] } },
{ "type": "Feature", "properties": { "ID": 1344136300002, "正式名称": "助産師　　　有馬　祐子", "機関区分": 4, "都道府県コード": 13, "市区町村コード": 109, "所在地": "東京都品川区南品川５－１１－１７－１０５", "緯度": 35.607818, "経度": 139.739657, "url": "https://www.iryou.teikyouseido.mhlw.go.jp/znk-web/juminkanja/S2430/initialize?prefCd=13&kikanCd=4136300002&kikanKbn=4", "url2": "http://midwifemap.com/yamw92/mysite/staff/", "内容": "助産師　　　有馬　祐子【4:助産院】東京都品川区南品川５－１１－１７－１０５" }, "geometry": { "type": "Point", "coordinates": [ 139.739657, 35.607818 ] } },
{ "type": "Feature", "properties": { "ID": 1344136300004, "正式名称": "みあれ助産院（出張専門）", "機関区分": 4, "都道府県コード": 13, "市区町村コード": 109, "所在地": "東京都品川区北品川５丁目５番１５号４階", "緯度": 35.621975, "経度": 139.730912, "url": "https://www.iryou.teikyouseido.mhlw.go.jp/znk-web/juminkanja/S2430/initialize?prefCd=13&kikanCd=4136300004&kikanKbn=4", "url2": "https://www.mialemc.com/", "内容": "みあれ助産院（出張専門）【4:助産院】東京都品川区北品川５丁目５番１５号４階" }, "geometry": { "type": "Point", "coordinates": [ 139.730912, 35.621975 ] } },
{ "type": "Feature", "properties": { "ID": 1344136300007, "正式名称": "もあ母乳育児相談室", "機関区分": 4, "都道府県コード": 13, "市区町村コード": 109, "所在地": "東京都品川区南品川２－１４－１６　モデリアブリュット南品川１０３", "緯度": 35.613817, "経度": 139.744212, "url": "https://www.iryou.teikyouseido.mhlw.go.jp/znk-web/juminkanja/S2430/initialize?prefCd=13&kikanCd=4136300007&kikanKbn=4", "url2": "https://www.moa-oketani.com", "内容": "もあ母乳育児相談室【4:助産院】東京都品川区南品川２－１４－１６　モデリアブリュット南品川１０３" }, "geometry": { "type": "Point", "coordinates": [ 139.744212, 35.613817 ] } },
{ "type": "Feature", "properties": { "ID": 1344136300018, "正式名称": "鈴木暁子　出張のみ", "機関区分": 4, "都道府県コード": 13, "市区町村コード": 109, "所在地": "東京都品川区西品川", "緯度": 35.613131, "経度": 139.725988, "url": "https://www.iryou.teikyouseido.mhlw.go.jp/znk-web/juminkanja/S2430/initialize?prefCd=13&kikanCd=4136300018&kikanKbn=4", "url2": null, "内容": "鈴木暁子　出張のみ【4:助産院】東京都品川区西品川" }, "geometry": { "type": "Point", "coordinates": [ 139.725988, 35.613131 ] } },
{ "type": "Feature", "properties": { "ID": 1344136300019, "正式名称": "楠城智子（出張専門）", "機関区分": 4, "都道府県コード": 13, "市区町村コード": 109, "所在地": "東京都品川区北品川５－１８－１５", "緯度": 35.620246, "経度": 139.734826, "url": "https://www.iryou.teikyouseido.mhlw.go.jp/znk-web/juminkanja/S2430/initialize?prefCd=13&kikanCd=4136300019&kikanKbn=4", "url2": null, "内容": "楠城智子（出張専門）【4:助産院】東京都品川区北品川５－１８－１５" }, "geometry": { "type": "Point", "coordinates": [ 139.734826, 35.620246 ] } },
{ "type": "Feature", "properties": { "ID": 1344136300030, "正式名称": "トコ助産所", "機関区分": 4, "都道府県コード": 13, "市区町村コード": 109, "所在地": "東京都品川区旗の台４－１３－１１", "緯度": 35.601734, "経度": 139.704938, "url": "https://www.iryou.teikyouseido.mhlw.go.jp/znk-web/juminkanja/S2430/initialize?prefCd=13&kikanCd=4136300030&kikanKbn=4", "url2": null, "内容": "トコ助産所【4:助産院】東京都品川区旗の台４－１３－１１" }, "geometry": { "type": "Point", "coordinates": [ 139.704938, 35.601734 ] } },
{ "type": "Feature", "properties": { "ID": 1344136300040, "正式名称": "田胡由美", "機関区分": 4, "都道府県コード": 13, "市区町村コード": 109, "所在地": "東京都品川区西五反田３－６－３８　ファミーユ西五反田東館１２０６", "緯度": 35.6273034, "経度": 139.7178736, "url": "https://www.iryou.teikyouseido.mhlw.go.jp/znk-web/juminkanja/S2430/initialize?prefCd=13&kikanCd=4136300040&kikanKbn=4", "url2": null, "内容": "田胡由美【4:助産院】東京都品川区西五反田３－６－３８　ファミーユ西五反田東館１２０６" }, "geometry": { "type": "Point", "coordinates": [ 139.7178736, 35.6273034 ] } },
{ "type": "Feature", "properties": { "ID": 1344136300082, "正式名称": "ゆきこラクテーションケア（母乳相談）", "機関区分": 4, "都道府県コード": 13, "市区町村コード": 109, "所在地": "東京都品川区戸越２－６－２９", "緯度": 35.613178, "経度": 139.719381, "url": "https://www.iryou.teikyouseido.mhlw.go.jp/znk-web/juminkanja/S2430/initialize?prefCd=13&kikanCd=4136300082&kikanKbn=4", "url2": "https://pregnancy-care-center-184.business.site/", "内容": "ゆきこラクテーションケア（母乳相談）【4:助産院】東京都品川区戸越２－６－２９" }, "geometry": { "type": "Point", "coordinates": [ 139.719381, 35.613178 ] } },
{ "type": "Feature", "properties": { "ID": 1344136500005, "正式名称": "こもれび助産院", "機関区分": 4, "都道府県コード": 13, "市区町村コード": 115, "所在地": "東京都杉並区荻窪３－４８－１０　ロイヤル須田２０４", "緯度": 35.703444, "経度": 139.625996, "url": "https://www.iryou.teikyouseido.mhlw.go.jp/znk-web/juminkanja/S2430/initialize?prefCd=13&kikanCd=4136500005&kikanKbn=4", "url2": "https://komorebi-oketani.com/", "内容": "こもれび助産院【4:助産院】東京都杉並区荻窪３－４８－１０　ロイヤル須田２０４" }, "geometry": { "type": "Point", "coordinates": [ 139.625996, 35.703444 ] } },
{ "type": "Feature", "properties": { "ID": 1344136500007, "正式名称": "助産所にこ", "機関区分": 4, "都道府県コード": 13, "市区町村コード": 120, "所在地": "東京都練馬区西大泉", "緯度": 35.758021, "経度": 139.570387, "url": "https://www.iryou.teikyouseido.mhlw.go.jp/znk-web/juminkanja/S2430/initialize?prefCd=13&kikanCd=4136500007&kikanKbn=4", "url2": null, "内容": "助産所にこ【4:助産院】東京都練馬区西大泉" }, "geometry": { "type": "Point", "coordinates": [ 139.570387, 35.758021 ] } },
{ "type": "Feature", "properties": { "ID": 1344136500013, "正式名称": "ふたば助産院", "機関区分": 4, "都道府県コード": 13, "市区町村コード": 120, "所在地": "東京都練馬区桜台３－１４－１５　ルミエール２０１", "緯度": 35.747885, "経度": 139.666546, "url": "https://www.iryou.teikyouseido.mhlw.go.jp/znk-web/juminkanja/S2430/initialize?prefCd=13&kikanCd=4136500013&kikanKbn=4", "url2": "https://www.futaba-oketani.com/", "内容": "ふたば助産院【4:助産院】東京都練馬区桜台３－１４－１５　ルミエール２０１" }, "geometry": { "type": "Point", "coordinates": [ 139.666546, 35.747885 ] } },
{ "type": "Feature", "properties": { "ID": 1344136500016, "正式名称": "しふら助産院", "機関区分": 4, "都道府県コード": 13, "市区町村コード": 120, "所在地": "東京都練馬区田柄２－１３－８", "緯度": 35.766466, "経度": 139.642686, "url": "https://www.iryou.teikyouseido.mhlw.go.jp/znk-web/juminkanja/S2430/initialize?prefCd=13&kikanCd=4136500016&kikanKbn=4", "url2": "http://shiphrah.jp", "内容": "しふら助産院【4:助産院】東京都練馬区田柄２－１３－８" }, "geometry": { "type": "Point", "coordinates": [ 139.642686, 35.766466 ] } },
{ "type": "Feature", "properties": { "ID": 1344136500019, "正式名称": "山野助産院", "機関区分": 4, "都道府県コード": 13, "市区町村コード": 120, "所在地": "東京都練馬区大泉町１－４５－１１", "緯度": 35.768076, "経度": 139.604744, "url": "https://www.iryou.teikyouseido.mhlw.go.jp/znk-web/juminkanja/S2430/initialize?prefCd=13&kikanCd=4136500019&kikanKbn=4", "url2": null, "内容": "山野助産院【4:助産院】東京都練馬区大泉町１－４５－１１" }, "geometry": { "type": "Point", "coordinates": [ 139.604744, 35.768076 ] } },
{ "type": "Feature", "properties": { "ID": 1344136500022, "正式名称": "あや助産所", "機関区分": 4, "都道府県コード": 13, "市区町村コード": 120, "所在地": "東京都練馬区大泉町", "緯度": 35.763916, "経度": 139.60777, "url": "https://www.iryou.teikyouseido.mhlw.go.jp/znk-web/juminkanja/S2430/initialize?prefCd=13&kikanCd=4136500022&kikanKbn=4", "url2": null, "内容": "あや助産所【4:助産院】東京都練馬区大泉町" }, "geometry": { "type": "Point", "coordinates": [ 139.60777, 35.763916 ] } },
{ "type": "Feature", "properties": { "ID": 1344136500023, "正式名称": "みらい助産所", "機関区分": 4, "都道府県コード": 13, "市区町村コード": 120, "所在地": "東京都練馬区春日町６", "緯度": 35.753376, "経度": 139.635645, "url": "https://www.iryou.teikyouseido.mhlw.go.jp/znk-web/juminkanja/S2430/initialize?prefCd=13&kikanCd=4136500023&kikanKbn=4", "url2": null, "内容": "みらい助産所【4:助産院】東京都練馬区春日町６" }, "geometry": { "type": "Point", "coordinates": [ 139.635645, 35.753376 ] } },
{ "type": "Feature", "properties": { "ID": 1344136500025, "正式名称": "花笑み助産院", "機関区分": 4, "都道府県コード": 13, "市区町村コード": 120, "所在地": "東京都練馬区平和台４－２－８", "緯度": 35.758606, "経度": 139.659351, "url": "https://www.iryou.teikyouseido.mhlw.go.jp/znk-web/juminkanja/S2430/initialize?prefCd=13&kikanCd=4136500025&kikanKbn=4", "url2": null, "内容": "花笑み助産院【4:助産院】東京都練馬区平和台４－２－８" }, "geometry": { "type": "Point", "coordinates": [ 139.659351, 35.758606 ] } },
{ "type": "Feature", "properties": { "ID": 1344136500026, "正式名称": "おかだ助産院", "機関区分": 4, "都道府県コード": 13, "市区町村コード": 120, "所在地": "東京都練馬区桜台３－２５－６", "緯度": 35.744774, "経度": 139.666713, "url": "https://www.iryou.teikyouseido.mhlw.go.jp/znk-web/juminkanja/S2430/initialize?prefCd=13&kikanCd=4136500026&kikanKbn=4", "url2": null, "内容": "おかだ助産院【4:助産院】東京都練馬区桜台３－２５－６" }, "geometry": { "type": "Point", "coordinates": [ 139.666713, 35.744774 ] } },
{ "type": "Feature", "properties": { "ID": 1344136500028, "正式名称": "あおい助産所", "機関区分": 4, "都道府県コード": 13, "市区町村コード": 120, "所在地": "東京都練馬区関町南１－２－２７", "緯度": 35.721903, "経度": 139.595714, "url": "https://www.iryou.teikyouseido.mhlw.go.jp/znk-web/juminkanja/S2430/initialize?prefCd=13&kikanCd=4136500028&kikanKbn=4", "url2": "http://aoi-childbirth.crayonsite.com", "内容": "あおい助産所【4:助産院】東京都練馬区関町南１－２－２７" }, "geometry": { "type": "Point", "coordinates": [ 139.595714, 35.721903 ] } },
{ "type": "Feature", "properties": { "ID": 1344136500031, "正式名称": "２５まま助産院", "機関区分": 4, "都道府県コード": 13, "市区町村コード": 120, "所在地": "東京都練馬区関町南２－２０－１０　２０６", "緯度": 35.715692, "経度": 139.583332, "url": "https://www.iryou.teikyouseido.mhlw.go.jp/znk-web/juminkanja/S2430/initialize?prefCd=13&kikanCd=4136500031&kikanKbn=4", "url2": "https://25mama.base.shop/", "内容": "２５まま助産院【4:助産院】東京都練馬区関町南２－２０－１０　２０６" }, "geometry": { "type": "Point", "coordinates": [ 139.583332, 35.715692 ] } },
{ "type": "Feature", "properties": { "ID": 1344136500032, "正式名称": "やぶた助産院", "機関区分": 4, "都道府県コード": 13, "市区町村コード": 120, "所在地": "東京都練馬区石神井町８－１８－７", "緯度": 35.74696, "経度": 139.596708, "url": "https://www.iryou.teikyouseido.mhlw.go.jp/znk-web/juminkanja/S2430/initialize?prefCd=13&kikanCd=4136500032&kikanKbn=4", "url2": null, "内容": "やぶた助産院【4:助産院】東京都練馬区石神井町８－１８－７" }, "geometry": { "type": "Point", "coordinates": [ 139.596708, 35.74696 ] } },
{ "type": "Feature", "properties": { "ID": 1344136500190, "正式名称": "なかま助産所まんまる～夢母乳相談室", "機関区分": 4, "都道府県コード": 13, "市区町村コード": 120, "所在地": "東京都練馬区豊玉上２－２７－２　　ブティックビル", "緯度": 35.737247, "経度": 139.65788, "url": "https://www.iryou.teikyouseido.mhlw.go.jp/znk-web/juminkanja/S2430/initialize?prefCd=13&kikanCd=4136500190&kikanKbn=4", "url2": "https://babykids-space-makana.jp", "内容": "なかま助産所まんまる～夢母乳相談室【4:助産院】東京都練馬区豊玉上２－２７－２　　ブティックビル" }, "geometry": { "type": "Point", "coordinates": [ 139.65788, 35.737247 ] } },
{ "type": "Feature", "properties": { "ID": 1344136500200, "正式名称": "助産所ここまる", "機関区分": 4, "都道府県コード": 13, "市区町村コード": 120, "所在地": "東京都練馬区関町南３－３２－２４", "緯度": 35.722441, "経度": 139.577499, "url": "https://www.iryou.teikyouseido.mhlw.go.jp/znk-web/juminkanja/S2430/initialize?prefCd=13&kikanCd=4136500200&kikanKbn=4", "url2": "https://kokomaru.tokyo", "内容": "助産所ここまる【4:助産院】東京都練馬区関町南３－３２－２４" }, "geometry": { "type": "Point", "coordinates": [ 139.577499, 35.722441 ] } },
{ "type": "Feature", "properties": { "ID": 1344136500210, "正式名称": "麻の実助産所", "機関区分": 4, "都道府県コード": 13, "市区町村コード": 120, "所在地": "東京都練馬区中村南１－３５－１２", "緯度": 35.726853, "経度": 139.649095, "url": "https://www.iryou.teikyouseido.mhlw.go.jp/znk-web/juminkanja/S2430/initialize?prefCd=13&kikanCd=4136500210&kikanKbn=4", "url2": "https://asanomi-jyosanjyo.com/", "内容": "麻の実助産所【4:助産院】東京都練馬区中村南１－３５－１２" }, "geometry": { "type": "Point", "coordinates": [ 139.649095, 35.726853 ] } },
{ "type": "Feature", "properties": { "ID": 1344136500230, "正式名称": "佐藤助産所", "機関区分": 4, "都道府県コード": 13, "市区町村コード": 120, "所在地": "東京都練馬区大泉町４－２７－１１　ライオンズマンション３０３", "緯度": 35.761132, "経度": 139.596662, "url": "https://www.iryou.teikyouseido.mhlw.go.jp/znk-web/juminkanja/S2430/initialize?prefCd=13&kikanCd=4136500230&kikanKbn=4", "url2": null, "内容": "佐藤助産所【4:助産院】東京都練馬区大泉町４－２７－１１　ライオンズマンション３０３" }, "geometry": { "type": "Point", "coordinates": [ 139.596662, 35.761132 ] } },
{ "type": "Feature", "properties": { "ID": 1344136500251, "正式名称": "つむぎ助産所", "機関区分": 4, "都道府県コード": 13, "市区町村コード": 120, "所在地": "東京都練馬区石神井台２－２－１７", "緯度": 35.733685, "経度": 139.594343, "url": "https://www.iryou.teikyouseido.mhlw.go.jp/znk-web/juminkanja/S2430/initialize?prefCd=13&kikanCd=4136500251&kikanKbn=4", "url2": "http://tsumugi-childbirth.com", "内容": "つむぎ助産所【4:助産院】東京都練馬区石神井台２－２－１７" }, "geometry": { "type": "Point", "coordinates": [ 139.594343, 35.733685 ] } },
{ "type": "Feature", "properties": { "ID": 1344136500252, "正式名称": "井上助産所", "機関区分": 4, "都道府県コード": 13, "市区町村コード": 120, "所在地": "東京都練馬区桜台１－２－１２　オークＮ－１０１", "緯度": 35.738497, "経度": 139.663963, "url": "https://www.iryou.teikyouseido.mhlw.go.jp/znk-web/juminkanja/S2430/initialize?prefCd=13&kikanCd=4136500252&kikanKbn=4", "url2": null, "内容": "井上助産所【4:助産院】東京都練馬区桜台１－２－１２　オークＮ－１０１" }, "geometry": { "type": "Point", "coordinates": [ 139.663963, 35.738497 ] } },
{ "type": "Feature", "properties": { "ID": 1344136500254, "正式名称": "いずみ助産院", "機関区分": 4, "都道府県コード": 13, "市区町村コード": 115, "所在地": "東京都杉並区荻窪５－１７－１１　　テイジンオギクボスカイレジテル４０８", "緯度": 35.703639, "経度": 139.618274, "url": "https://www.iryou.teikyouseido.mhlw.go.jp/znk-web/juminkanja/S2430/initialize?prefCd=13&kikanCd=4136500254&kikanKbn=4", "url2": "http://www7b.biglobe.ne.jp/~izumi-maternity", "内容": "いずみ助産院【4:助産院】東京都杉並区荻窪５－１７－１１　　テイジンオギクボスカイレジテル４０８" }, "geometry": { "type": "Point", "coordinates": [ 139.618274, 35.703639 ] } },
{ "type": "Feature", "properties": { "ID": 1344136500256, "正式名称": "いつき助産所", "機関区分": 4, "都道府県コード": 13, "市区町村コード": 120, "所在地": "東京都練馬区向山１－４－７", "緯度": 35.737774, "経度": 139.642715, "url": "https://www.iryou.teikyouseido.mhlw.go.jp/znk-web/juminkanja/S2430/initialize?prefCd=13&kikanCd=4136500256&kikanKbn=4", "url2": "https://itsuki-josanjo.com", "内容": "いつき助産所【4:助産院】東京都練馬区向山１－４－７" }, "geometry": { "type": "Point", "coordinates": [ 139.642715, 35.737774 ] } },
{ "type": "Feature", "properties": { "ID": 1344136600005, "正式名称": "中村　仁美", "機関区分": 4, "都道府県コード": 13, "市区町村コード": 105, "所在地": "東京都文京区千石４－３１－１", "緯度": 35.731749, "経度": 139.754484, "url": "https://www.iryou.teikyouseido.mhlw.go.jp/znk-web/juminkanja/S2430/initialize?prefCd=13&kikanCd=4136600005&kikanKbn=4", "url2": null, "内容": "中村　仁美【4:助産院】東京都文京区千石４－３１－１" }, "geometry": { "type": "Point", "coordinates": [ 139.754484, 35.731749 ] } },
{ "type": "Feature", "properties": { "ID": 1344136600007, "正式名称": "まえむら助産院　イクコ母乳育児相談室", "機関区分": 4, "都道府県コード": 13, "市区町村コード": 105, "所在地": "東京都文京区小石川", "緯度": 35.709556, "経度": 139.751003, "url": "https://www.iryou.teikyouseido.mhlw.go.jp/znk-web/juminkanja/S2430/initialize?prefCd=13&kikanCd=4136600007&kikanKbn=4", "url2": "https://iku-mamma21.com/", "内容": "まえむら助産院　イクコ母乳育児相談室【4:助産院】東京都文京区小石川" }, "geometry": { "type": "Point", "coordinates": [ 139.751003, 35.709556 ] } },
{ "type": "Feature", "properties": { "ID": 1344136600009, "正式名称": "島田　三惠子", "機関区分": 4, "都道府県コード": 13, "市区町村コード": 105, "所在地": "東京都文京区向丘２－１３－２１　ブランズ文京東大前３０３号", "緯度": 35.720306, "経度": 139.757373, "url": "https://www.iryou.teikyouseido.mhlw.go.jp/znk-web/juminkanja/S2430/initialize?prefCd=13&kikanCd=4136600009&kikanKbn=4", "url2": null, "内容": "島田　三惠子【4:助産院】東京都文京区向丘２－１３－２１　ブランズ文京東大前３０３号" }, "geometry": { "type": "Point", "coordinates": [ 139.757373, 35.720306 ] } },
{ "type": "Feature", "properties": { "ID": 1344136600012, "正式名称": "坪井　美紀子", "機関区分": 4, "都道府県コード": 13, "市区町村コード": 105, "所在地": "東京都文京区関口１", "緯度": 35.711084, "経度": 139.724487, "url": "https://www.iryou.teikyouseido.mhlw.go.jp/znk-web/juminkanja/S2430/initialize?prefCd=13&kikanCd=4136600012&kikanKbn=4", "url2": "https://healthforwomen.localinfo.jp", "内容": "坪井　美紀子【4:助産院】東京都文京区関口１" }, "geometry": { "type": "Point", "coordinates": [ 139.724487, 35.711084 ] } },
{ "type": "Feature", "properties": { "ID": 1344136600013, "正式名称": "吉井　育子", "機関区分": 4, "都道府県コード": 13, "市区町村コード": 105, "所在地": "東京都文京区小石川１－２４－４－２０３", "緯度": 35.71426, "経度": 139.749508, "url": "https://www.iryou.teikyouseido.mhlw.go.jp/znk-web/juminkanja/S2430/initialize?prefCd=13&kikanCd=4136600013&kikanKbn=4", "url2": "http://lupinusmambabycare.com", "内容": "吉井　育子【4:助産院】東京都文京区小石川１－２４－４－２０３" }, "geometry": { "type": "Point", "coordinates": [ 139.749508, 35.71426 ] } },
{ "type": "Feature", "properties": { "ID": 1344136600030, "正式名称": "Ｇａｒｄｅｎ助産院", "機関区分": 4, "都道府県コード": 13, "市区町村コード": 105, "所在地": "東京都文京区小日向１－１８－２９", "緯度": 35.713001, "経度": 139.737458, "url": "https://www.iryou.teikyouseido.mhlw.go.jp/znk-web/juminkanja/S2430/initialize?prefCd=13&kikanCd=4136600030&kikanKbn=4", "url2": null, "内容": "Ｇａｒｄｅｎ助産院【4:助産院】東京都文京区小日向１－１８－２９" }, "geometry": { "type": "Point", "coordinates": [ 139.737458, 35.713001 ] } },
{ "type": "Feature", "properties": { "ID": 1344136600080, "正式名称": "橋本　助産所", "機関区分": 4, "都道府県コード": 13, "市区町村コード": 105, "所在地": "東京都文京区本駒込２－４－７", "緯度": 35.728567, "経度": 139.750431, "url": "https://www.iryou.teikyouseido.mhlw.go.jp/znk-web/juminkanja/S2430/initialize?prefCd=13&kikanCd=4136600080&kikanKbn=4", "url2": null, "内容": "橋本　助産所【4:助産院】東京都文京区本駒込２－４－７" }, "geometry": { "type": "Point", "coordinates": [ 139.750431, 35.728567 ] } },
{ "type": "Feature", "properties": { "ID": 1344136600101, "正式名称": "八千代助産院", "機関区分": 4, "都道府県コード": 13, "市区町村コード": 105, "所在地": "東京都文京区音羽１－１９－１８－２Ｆ", "緯度": 35.715639, "経度": 139.728625, "url": "https://www.iryou.teikyouseido.mhlw.go.jp/znk-web/juminkanja/S2430/initialize?prefCd=13&kikanCd=4136600101&kikanKbn=4", "url2": "http://otowa-birth.jp", "内容": "八千代助産院【4:助産院】東京都文京区音羽１－１９－１８－２Ｆ" }, "geometry": { "type": "Point", "coordinates": [ 139.728625, 35.715639 ] } },
{ "type": "Feature", "properties": { "ID": 1344136600103, "正式名称": "古川　純子", "機関区分": 4, "都道府県コード": 13, "市区町村コード": 105, "所在地": "東京都文京区", "緯度": 35.725944, "経度": 139.737041, "url": "https://www.iryou.teikyouseido.mhlw.go.jp/znk-web/juminkanja/S2430/initialize?prefCd=13&kikanCd=4136600103&kikanKbn=4", "url2": null, "内容": "古川　純子【4:助産院】東京都文京区" }, "geometry": { "type": "Point", "coordinates": [ 139.737041, 35.725944 ] } },
{ "type": "Feature", "properties": { "ID": 1344136600104, "正式名称": "浜田　千代（出張）", "機関区分": 4, "都道府県コード": 13, "市区町村コード": 105, "所在地": "東京都文京区大塚３－３４－７", "緯度": 35.719361, "経度": 139.739874, "url": "https://www.iryou.teikyouseido.mhlw.go.jp/znk-web/juminkanja/S2430/initialize?prefCd=13&kikanCd=4136600104&kikanKbn=4", "url2": null, "内容": "浜田　千代（出張）【4:助産院】東京都文京区大塚３－３４－７" }, "geometry": { "type": "Point", "coordinates": [ 139.739874, 35.719361 ] } },
{ "type": "Feature", "properties": { "ID": 1344136700002, "正式名称": "真智湖助産院", "機関区分": 4, "都道府県コード": 13, "市区町村コード": 107, "所在地": "東京都墨田区両国１－１２－１０－８０１号", "緯度": 35.694976, "経度": 139.790094, "url": "https://www.iryou.teikyouseido.mhlw.go.jp/znk-web/juminkanja/S2430/initialize?prefCd=13&kikanCd=4136700002&kikanKbn=4", "url2": null, "内容": "真智湖助産院【4:助産院】東京都墨田区両国１－１２－１０－８０１号" }, "geometry": { "type": "Point", "coordinates": [ 139.790094, 35.694976 ] } },
{ "type": "Feature", "properties": { "ID": 1344136700004, "正式名称": "湯浅助産所（出張専門）", "機関区分": 4, "都道府県コード": 13, "市区町村コード": 107, "所在地": "東京都墨田区立花１－３４－４", "緯度": 35.703476, "経度": 139.831951, "url": "https://www.iryou.teikyouseido.mhlw.go.jp/znk-web/juminkanja/S2430/initialize?prefCd=13&kikanCd=4136700004&kikanKbn=4", "url2": null, "内容": "湯浅助産所（出張専門）【4:助産院】東京都墨田区立花１－３４－４" }, "geometry": { "type": "Point", "coordinates": [ 139.831951, 35.703476 ] } },
{ "type": "Feature", "properties": { "ID": 1344136700005, "正式名称": "助産院　Ｓｈｉｎｗａ", "機関区分": 4, "都道府県コード": 13, "市区町村コード": 107, "所在地": "東京都墨田区八広２－１４－９", "緯度": 35.716557, "経度": 139.824923, "url": "https://www.iryou.teikyouseido.mhlw.go.jp/znk-web/juminkanja/S2430/initialize?prefCd=13&kikanCd=4136700005&kikanKbn=4", "url2": "https://www.shinwadelanature.jp/", "内容": "助産院　Ｓｈｉｎｗａ【4:助産院】東京都墨田区八広２－１４－９" }, "geometry": { "type": "Point", "coordinates": [ 139.824923, 35.716557 ] } },
{ "type": "Feature", "properties": { "ID": 1344136700010, "正式名称": "杉山助産院両国マタテニティハウス", "機関区分": 4, "都道府県コード": 13, "市区町村コード": 107, "所在地": "東京都墨田区両国３－２０－８", "緯度": 35.694004, "経度": 139.794565, "url": "https://www.iryou.teikyouseido.mhlw.go.jp/znk-web/juminkanja/S2430/initialize?prefCd=13&kikanCd=4136700010&kikanKbn=4", "url2": "https://m-sugiyama.tokyo/", "内容": "杉山助産院両国マタテニティハウス【4:助産院】東京都墨田区両国３－２０－８" }, "geometry": { "type": "Point", "coordinates": [ 139.794565, 35.694004 ] } },
{ "type": "Feature", "properties": { "ID": 1344136800006, "正式名称": "なごみ助産院　母乳育児相談室", "機関区分": 4, "都道府県コード": 13, "市区町村コード": 108, "所在地": "東京都江東区亀戸１－１８－７－２０３", "緯度": 35.69456, "経度": 139.823452, "url": "https://www.iryou.teikyouseido.mhlw.go.jp/znk-web/juminkanja/S2430/initialize?prefCd=13&kikanCd=4136800006&kikanKbn=4", "url2": "http://nagomi-oketani.com", "内容": "なごみ助産院　母乳育児相談室【4:助産院】東京都江東区亀戸１－１８－７－２０３" }, "geometry": { "type": "Point", "coordinates": [ 139.823452, 35.69456 ] } },
{ "type": "Feature", "properties": { "ID": 1344136800010, "正式名称": "小島助産所", "機関区分": 4, "都道府県コード": 13, "市区町村コード": 108, "所在地": "東京都江東区南砂４ー９ー１７ー１０１号", "緯度": 35.673062, "経度": 139.830425, "url": "https://www.iryou.teikyouseido.mhlw.go.jp/znk-web/juminkanja/S2430/initialize?prefCd=13&kikanCd=4136800010&kikanKbn=4", "url2": null, "内容": "小島助産所【4:助産院】東京都江東区南砂４ー９ー１７ー１０１号" }, "geometry": { "type": "Point", "coordinates": [ 139.830425, 35.673062 ] } },
{ "type": "Feature", "properties": { "ID": 1344136800011, "正式名称": "助産師　山本　淑子", "機関区分": 4, "都道府県コード": 13, "市区町村コード": 108, "所在地": "東京都江東区東陽", "緯度": 35.666618, "経度": 139.808899, "url": "https://www.iryou.teikyouseido.mhlw.go.jp/znk-web/juminkanja/S2430/initialize?prefCd=13&kikanCd=4136800011&kikanKbn=4", "url2": null, "内容": "助産師　山本　淑子【4:助産院】東京都江東区東陽" }, "geometry": { "type": "Point", "coordinates": [ 139.808899, 35.666618 ] } },
{ "type": "Feature", "properties": { "ID": 1344136800012, "正式名称": "助産師　松本直美", "機関区分": 4, "都道府県コード": 13, "市区町村コード": 108, "所在地": "東京都江東区牡丹１－１６－８", "緯度": 35.671312, "経度": 139.793067, "url": "https://www.iryou.teikyouseido.mhlw.go.jp/znk-web/juminkanja/S2430/initialize?prefCd=13&kikanCd=4136800012&kikanKbn=4", "url2": null, "内容": "助産師　松本直美【4:助産院】東京都江東区牡丹１－１６－８" }, "geometry": { "type": "Point", "coordinates": [ 139.793067, 35.671312 ] } },
{ "type": "Feature", "properties": { "ID": 1344136800013, "正式名称": "医療法人社団東壽会　東峯助産所１", "機関区分": 4, "都道府県コード": 13, "市区町村コード": 108, "所在地": "東京都江東区木場６－１１－３　東峯サライ４Ｆ", "緯度": 35.668562, "経度": 139.806816, "url": "https://www.iryou.teikyouseido.mhlw.go.jp/znk-web/juminkanja/S2430/initialize?prefCd=13&kikanCd=4136800013&kikanKbn=4", "url2": "http://sarai.toho-clinic.or.jp/", "内容": "医療法人社団東壽会　東峯助産所１【4:助産院】東京都江東区木場６－１１－３　東峯サライ４Ｆ" }, "geometry": { "type": "Point", "coordinates": [ 139.806816, 35.668562 ] } },
{ "type": "Feature", "properties": { "ID": 1344136800015, "正式名称": "医療法人社団東壽会　東峯助産所２", "機関区分": 4, "都道府県コード": 13, "市区町村コード": 108, "所在地": "東京都江東区木場６－１１－３　東峯サライ５Ｆ", "緯度": 35.668562, "経度": 139.806816, "url": "https://www.iryou.teikyouseido.mhlw.go.jp/znk-web/juminkanja/S2430/initialize?prefCd=13&kikanCd=4136800015&kikanKbn=4", "url2": "http://sarai.toho-clinic.or.jp/", "内容": "医療法人社団東壽会　東峯助産所２【4:助産院】東京都江東区木場６－１１－３　東峯サライ５Ｆ" }, "geometry": { "type": "Point", "coordinates": [ 139.806816, 35.668562 ] } },
{ "type": "Feature", "properties": { "ID": 1344136800021, "正式名称": "助産師　坂田陽子", "機関区分": 4, "都道府県コード": 13, "市区町村コード": 108, "所在地": "東京都江東区常盤１－１９－８　ハーモニーレジデンス清澄ガーデン３０１号", "緯度": 35.684394, "経度": 139.79626, "url": "https://www.iryou.teikyouseido.mhlw.go.jp/znk-web/juminkanja/S2430/initialize?prefCd=13&kikanCd=4136800021&kikanKbn=4", "url2": "https://sumire-josanin.com/", "内容": "助産師　坂田陽子【4:助産院】東京都江東区常盤１－１９－８　ハーモニーレジデンス清澄ガーデン３０１号" }, "geometry": { "type": "Point", "coordinates": [ 139.79626, 35.684394 ] } },
{ "type": "Feature", "properties": { "ID": 1344136800022, "正式名称": "助産師　野村　恵美梨", "機関区分": 4, "都道府県コード": 13, "市区町村コード": 108, "所在地": "東京都江東区有明２－１－１　シティタワーズ東京ベイ２３１１", "緯度": 35.637482, "経度": 139.793846, "url": "https://www.iryou.teikyouseido.mhlw.go.jp/znk-web/juminkanja/S2430/initialize?prefCd=13&kikanCd=4136800022&kikanKbn=4", "url2": null, "内容": "助産師　野村　恵美梨【4:助産院】東京都江東区有明２－１－１　シティタワーズ東京ベイ２３１１" }, "geometry": { "type": "Point", "coordinates": [ 139.793846, 35.637482 ] } },
{ "type": "Feature", "properties": { "ID": 1344136800028, "正式名称": "助産師　西川　直子", "機関区分": 4, "都道府県コード": 13, "市区町村コード": 108, "所在地": "東京都江東区東雲１－９－２１－１１０９号　東雲キャナルコート２１号棟", "緯度": 35.648731, "経度": 139.803595, "url": "https://www.iryou.teikyouseido.mhlw.go.jp/znk-web/juminkanja/S2430/initialize?prefCd=13&kikanCd=4136800028&kikanKbn=4", "url2": null, "内容": "助産師　西川　直子【4:助産院】東京都江東区東雲１－９－２１－１１０９号　東雲キャナルコート２１号棟" }, "geometry": { "type": "Point", "coordinates": [ 139.803595, 35.648731 ] } },
{ "type": "Feature", "properties": { "ID": 1344136800029, "正式名称": "助産師　川添　梨沙", "機関区分": 4, "都道府県コード": 13, "市区町村コード": 108, "所在地": "東京都江東区福住１－１２－１－６０２", "緯度": 35.675357, "経度": 139.794477, "url": "https://www.iryou.teikyouseido.mhlw.go.jp/znk-web/juminkanja/S2430/initialize?prefCd=13&kikanCd=4136800029&kikanKbn=4", "url2": "https://www.tiasupport.com", "内容": "助産師　川添　梨沙【4:助産院】東京都江東区福住１－１２－１－６０２" }, "geometry": { "type": "Point", "coordinates": [ 139.794477, 35.675357 ] } },
{ "type": "Feature", "properties": { "ID": 1344136800040, "正式名称": "すこやか助産院", "機関区分": 4, "都道府県コード": 13, "市区町村コード": 108, "所在地": "東京都江東区亀戸７－１－１", "緯度": 35.694215, "経度": 139.833226, "url": "https://www.iryou.teikyouseido.mhlw.go.jp/znk-web/juminkanja/S2430/initialize?prefCd=13&kikanCd=4136800040&kikanKbn=4", "url2": "http://sukoyakajyosanin.jimdo.com", "内容": "すこやか助産院【4:助産院】東京都江東区亀戸７－１－１" }, "geometry": { "type": "Point", "coordinates": [ 139.833226, 35.694215 ] } },
{ "type": "Feature", "properties": { "ID": 1344136800170, "正式名称": "一般社団法人　助産婦　石村", "機関区分": 4, "都道府県コード": 13, "市区町村コード": 108, "所在地": "東京都江東区東陽３－２１－１１　藤和シティーコープ１０１", "緯度": 35.669173, "経度": 139.811926, "url": "https://www.iryou.teikyouseido.mhlw.go.jp/znk-web/juminkanja/S2430/initialize?prefCd=13&kikanCd=4136800170&kikanKbn=4", "url2": "http://www.josanpu-ishimura.jp", "内容": "一般社団法人　助産婦　石村【4:助産院】東京都江東区東陽３－２１－１１　藤和シティーコープ１０１" }, "geometry": { "type": "Point", "coordinates": [ 139.811926, 35.669173 ] } },
{ "type": "Feature", "properties": { "ID": 1344136900006, "正式名称": "聖路加助産院　マタニティケアホーム", "機関区分": 4, "都道府県コード": 13, "市区町村コード": 102, "所在地": "東京都中央区明石町１－２４", "緯度": 35.668506, "経度": 139.775679, "url": "https://www.iryou.teikyouseido.mhlw.go.jp/znk-web/juminkanja/S2430/initialize?prefCd=13&kikanCd=4136900006&kikanKbn=4", "url2": "http://hospital.luke.ac.jp/guide/maternity/mch.html", "内容": "聖路加助産院　マタニティケアホーム【4:助産院】東京都中央区明石町１－２４" }, "geometry": { "type": "Point", "coordinates": [ 139.775679, 35.668506 ] } },
{ "type": "Feature", "properties": { "ID": 1344136900009, "正式名称": "かなえ母乳相談処", "機関区分": 4, "都道府県コード": 13, "市区町村コード": 102, "所在地": "東京都中央区築地７－１８－２８　築地永谷コーポラス２２１号", "緯度": 35.664895, "経度": 139.77629, "url": "https://www.iryou.teikyouseido.mhlw.go.jp/znk-web/juminkanja/S2430/initialize?prefCd=13&kikanCd=4136900009&kikanKbn=4", "url2": "http://www.kanae-mother.com", "内容": "かなえ母乳相談処【4:助産院】東京都中央区築地７－１８－２８　築地永谷コーポラス２２１号" }, "geometry": { "type": "Point", "coordinates": [ 139.77629, 35.664895 ] } },
{ "type": "Feature", "properties": { "ID": 1344136900015, "正式名称": "助産師　西彩菜", "機関区分": 4, "都道府県コード": 13, "市区町村コード": 102, "所在地": "東京都中央区晴海５－１－１７－１４０４", "緯度": 35.652692, "経度": 139.774593, "url": "https://www.iryou.teikyouseido.mhlw.go.jp/znk-web/juminkanja/S2430/initialize?prefCd=13&kikanCd=4136900015&kikanKbn=4", "url2": "http://otetenowa.com", "内容": "助産師　西彩菜【4:助産院】東京都中央区晴海５－１－１７－１４０４" }, "geometry": { "type": "Point", "coordinates": [ 139.774593, 35.652692 ] } },
{ "type": "Feature", "properties": { "ID": 1344136900020, "正式名称": "木切倉助産院", "機関区分": 4, "都道府県コード": 13, "市区町村コード": 102, "所在地": "東京都中央区佃２－２－１１　コーシャタワー佃　２１０５", "緯度": 35.666867, "経度": 139.786906, "url": "https://www.iryou.teikyouseido.mhlw.go.jp/znk-web/juminkanja/S2430/initialize?prefCd=13&kikanCd=4136900020&kikanKbn=4", "url2": null, "内容": "木切倉助産院【4:助産院】東京都中央区佃２－２－１１　コーシャタワー佃　２１０５" }, "geometry": { "type": "Point", "coordinates": [ 139.786906, 35.666867 ] } },
{ "type": "Feature", "properties": { "ID": 1344136900021, "正式名称": "かちどき助産院", "機関区分": 4, "都道府県コード": 13, "市区町村コード": 102, "所在地": "東京都中央区勝どき２－１４－２－６０２", "緯度": 35.658452, "経度": 139.778124, "url": "https://www.iryou.teikyouseido.mhlw.go.jp/znk-web/juminkanja/S2430/initialize?prefCd=13&kikanCd=4136900021&kikanKbn=4", "url2": "https://sites.google.com/view/kachidoki-josanin/", "内容": "かちどき助産院【4:助産院】東京都中央区勝どき２－１４－２－６０２" }, "geometry": { "type": "Point", "coordinates": [ 139.778124, 35.658452 ] } },
{ "type": "Feature", "properties": { "ID": 1344137100000, "正式名称": "ちょうふ桶谷式母乳育児相談室", "機関区分": 4, "都道府県コード": 13, "市区町村コード": 208, "所在地": "東京都調布市布田２－４７－２　カームネスナカムラ３０５", "緯度": 35.651292, "経度": 139.549836, "url": "https://www.iryou.teikyouseido.mhlw.go.jp/znk-web/juminkanja/S2430/initialize?prefCd=13&kikanCd=4137100000&kikanKbn=4", "url2": "http://sengawa-oketani.sakura.ne.jp/", "内容": "ちょうふ桶谷式母乳育児相談室【4:助産院】東京都調布市布田２－４７－２　カームネスナカムラ３０５" }, "geometry": { "type": "Point", "coordinates": [ 139.549836, 35.651292 ] } },
{ "type": "Feature", "properties": { "ID": 1344137100002, "正式名称": "グリーン助産院", "機関区分": 4, "都道府県コード": 13, "市区町村コード": 210, "所在地": "東京都小金井市緑町４－５－２", "緯度": 35.705803, "経度": 139.514088, "url": "https://www.iryou.teikyouseido.mhlw.go.jp/znk-web/juminkanja/S2430/initialize?prefCd=13&kikanCd=4137100002&kikanKbn=4", "url2": "http://bonyu.jp", "内容": "グリーン助産院【4:助産院】東京都小金井市緑町４－５－２" }, "geometry": { "type": "Point", "coordinates": [ 139.514088, 35.705803 ] } },
{ "type": "Feature", "properties": { "ID": 1344137100004, "正式名称": "まめたま助産院", "機関区分": 4, "都道府県コード": 13, "市区町村コード": 204, "所在地": "東京都三鷹市野崎２－２２－７－４０２", "緯度": 35.682028, "経度": 139.545531, "url": "https://www.iryou.teikyouseido.mhlw.go.jp/znk-web/juminkanja/S2430/initialize?prefCd=13&kikanCd=4137100004&kikanKbn=4", "url2": "http://www.mametama.jp/", "内容": "まめたま助産院【4:助産院】東京都三鷹市野崎２－２２－７－４０２" }, "geometry": { "type": "Point", "coordinates": [ 139.545531, 35.682028 ] } },
{ "type": "Feature", "properties": { "ID": 1344137100008, "正式名称": "長尾　紀子", "機関区分": 4, "都道府県コード": 13, "市区町村コード": 219, "所在地": "東京都狛江市", "緯度": 35.63241, "経度": 139.57777, "url": "https://www.iryou.teikyouseido.mhlw.go.jp/znk-web/juminkanja/S2430/initialize?prefCd=13&kikanCd=4137100008&kikanKbn=4", "url2": null, "内容": "長尾　紀子【4:助産院】東京都狛江市" }, "geometry": { "type": "Point", "coordinates": [ 139.57777, 35.63241 ] } },
{ "type": "Feature", "properties": { "ID": 1344137100011, "正式名称": "産前産後助産院　ｓａｇｅ　ｆｅｍｍｅ", "機関区分": 4, "都道府県コード": 13, "市区町村コード": 208, "所在地": "東京都調布市国領町２－８－３　ゴコウエテルナーレＢ１０７", "緯度": 35.651893, "経度": 139.557615, "url": "https://www.iryou.teikyouseido.mhlw.go.jp/znk-web/juminkanja/S2430/initialize?prefCd=13&kikanCd=4137100011&kikanKbn=4", "url2": "http://sango.or.jp/", "内容": "産前産後助産院　ｓａｇｅ　ｆｅｍｍｅ【4:助産院】東京都調布市国領町２－８－３　ゴコウエテルナーレＢ１０７" }, "geometry": { "type": "Point", "coordinates": [ 139.557615, 35.651893 ] } },
{ "type": "Feature", "properties": { "ID": 1344137100012, "正式名称": "楠美助産院（出張型）", "機関区分": 4, "都道府県コード": 13, "市区町村コード": 204, "所在地": "東京都三鷹市牟礼６丁目", "緯度": 35.687457, "経度": 139.577807, "url": "https://www.iryou.teikyouseido.mhlw.go.jp/znk-web/juminkanja/S2430/initialize?prefCd=13&kikanCd=4137100012&kikanKbn=4", "url2": null, "内容": "楠美助産院（出張型）【4:助産院】東京都三鷹市牟礼６丁目" }, "geometry": { "type": "Point", "coordinates": [ 139.577807, 35.687457 ] } },
{ "type": "Feature", "properties": { "ID": 1344137100016, "正式名称": "出張専門ははこぐさ助産院", "機関区分": 4, "都道府県コード": 13, "市区町村コード": 204, "所在地": "東京都三鷹市上連雀８－１－２５－３１", "緯度": 35.688028, "経度": 139.557863, "url": "https://www.iryou.teikyouseido.mhlw.go.jp/znk-web/juminkanja/S2430/initialize?prefCd=13&kikanCd=4137100016&kikanKbn=4", "url2": null, "内容": "出張専門ははこぐさ助産院【4:助産院】東京都三鷹市上連雀８－１－２５－３１" }, "geometry": { "type": "Point", "coordinates": [ 139.557863, 35.688028 ] } },
{ "type": "Feature", "properties": { "ID": 1344137100017, "正式名称": "北浦　奈美（出張専門）", "機関区分": 4, "都道府県コード": 13, "市区町村コード": 208, "所在地": "東京都調布市深大寺元町３－２５－３", "緯度": 35.667641, "経度": 139.556642, "url": "https://www.iryou.teikyouseido.mhlw.go.jp/znk-web/juminkanja/S2430/initialize?prefCd=13&kikanCd=4137100017&kikanKbn=4", "url2": "https://nagomijosan.wixsite.com", "内容": "北浦　奈美（出張専門）【4:助産院】東京都調布市深大寺元町３－２５－３" }, "geometry": { "type": "Point", "coordinates": [ 139.556642, 35.667641 ] } },
{ "type": "Feature", "properties": { "ID": 1344137100018, "正式名称": "吉祥寺はな助産院　母乳育児相談室", "機関区分": 4, "都道府県コード": 13, "市区町村コード": 203, "所在地": "東京都武蔵野市吉祥寺南町１ー１１ー１１　ヴィヴィインターナショナルビル５０５号室", "緯度": 35.702455, "経度": 139.577199, "url": "https://www.iryou.teikyouseido.mhlw.go.jp/znk-web/juminkanja/S2430/initialize?prefCd=13&kikanCd=4137100018&kikanKbn=4", "url2": "http://www.kichijoji-hana.com/", "内容": "吉祥寺はな助産院　母乳育児相談室【4:助産院】東京都武蔵野市吉祥寺南町１ー１１ー１１　ヴィヴィインターナショナルビル５０５号室" }, "geometry": { "type": "Point", "coordinates": [ 139.577199, 35.702455 ] } },
{ "type": "Feature", "properties": { "ID": 1344137100021, "正式名称": "菅野紀代美助産院", "機関区分": 4, "都道府県コード": 13, "市区町村コード": 208, "所在地": "東京都調布市菊野台３－３９－１", "緯度": 35.652115, "経度": 139.572391, "url": "https://www.iryou.teikyouseido.mhlw.go.jp/znk-web/juminkanja/S2430/initialize?prefCd=13&kikanCd=4137100021&kikanKbn=4", "url2": "https://qoone.jimdofree.com/", "内容": "菅野紀代美助産院【4:助産院】東京都調布市菊野台３－３９－１" }, "geometry": { "type": "Point", "coordinates": [ 139.572391, 35.652115 ] } },
{ "type": "Feature", "properties": { "ID": 1344137100022, "正式名称": "ベビーナ助産院", "機関区分": 4, "都道府県コード": 13, "市区町村コード": 208, "所在地": "東京都調布市調布ケ丘４－１４－１　サニーサイドヒルズＡ－２０２", "緯度": 35.660697, "経度": 139.545032, "url": "https://www.iryou.teikyouseido.mhlw.go.jp/znk-web/juminkanja/S2430/initialize?prefCd=13&kikanCd=4137100022&kikanKbn=4", "url2": "https://baby-na.jimdofree.com/", "内容": "ベビーナ助産院【4:助産院】東京都調布市調布ケ丘４－１４－１　サニーサイドヒルズＡ－２０２" }, "geometry": { "type": "Point", "coordinates": [ 139.545032, 35.660697 ] } },
{ "type": "Feature", "properties": { "ID": 1344137100024, "正式名称": "医療法人社団千実会　Ｍａｍａ＆Ｂａｂｙあきやま２", "機関区分": 4, "都道府県コード": 13, "市区町村コード": 204, "所在地": "東京都三鷹市上連雀１－２－４　ベルジュール三鷹ステーションハウス１Ｆ", "緯度": 35.703082, "経度": 139.558668, "url": "https://www.iryou.teikyouseido.mhlw.go.jp/znk-web/juminkanja/S2430/initialize?prefCd=13&kikanCd=4137100024&kikanKbn=4", "url2": null, "内容": "医療法人社団千実会　Ｍａｍａ＆Ｂａｂｙあきやま２【4:助産院】東京都三鷹市上連雀１－２－４　ベルジュール三鷹ステーションハウス１Ｆ" }, "geometry": { "type": "Point", "coordinates": [ 139.558668, 35.703082 ] } },
{ "type": "Feature", "properties": { "ID": 1344137100028, "正式名称": "にじの助産院", "機関区分": 4, "都道府県コード": 13, "市区町村コード": 206, "所在地": "東京都府中市南町１－４３－６０", "緯度": 35.658058, "経度": 139.4704, "url": "https://www.iryou.teikyouseido.mhlw.go.jp/znk-web/juminkanja/S2430/initialize?prefCd=13&kikanCd=4137100028&kikanKbn=4", "url2": "https://peraichi/com/landing_pages/view/niginojyosanin", "内容": "にじの助産院【4:助産院】東京都府中市南町１－４３－６０" }, "geometry": { "type": "Point", "coordinates": [ 139.4704, 35.658058 ] } },
{ "type": "Feature", "properties": { "ID": 1344137100033, "正式名称": "竹内　美佐子（出張専門）", "機関区分": 4, "都道府県コード": 13, "市区町村コード": 204, "所在地": "東京都三鷹市下連雀６－６－４３－２０７", "緯度": 35.687889, "経度": 139.567057, "url": "https://www.iryou.teikyouseido.mhlw.go.jp/znk-web/juminkanja/S2430/initialize?prefCd=13&kikanCd=4137100033&kikanKbn=4", "url2": null, "内容": "竹内　美佐子（出張専門）【4:助産院】東京都三鷹市下連雀６－６－４３－２０７" }, "geometry": { "type": "Point", "coordinates": [ 139.567057, 35.687889 ] } },
{ "type": "Feature", "properties": { "ID": 1344137100034, "正式名称": "原田　絵理子（出張専門）", "機関区分": 4, "都道府県コード": 13, "市区町村コード": 208, "所在地": "東京都調布市", "緯度": 35.651695, "経度": 139.54391, "url": "https://www.iryou.teikyouseido.mhlw.go.jp/znk-web/juminkanja/S2430/initialize?prefCd=13&kikanCd=4137100034&kikanKbn=4", "url2": "https://www.instagram.com/musubi.__.e", "内容": "原田　絵理子（出張専門）【4:助産院】東京都調布市" }, "geometry": { "type": "Point", "coordinates": [ 139.54391, 35.651695 ] } },
{ "type": "Feature", "properties": { "ID": 1344137100035, "正式名称": "野元　麻美", "機関区分": 4, "都道府県コード": 13, "市区町村コード": 204, "所在地": "東京都三鷹市", "緯度": 35.690333, "経度": 139.542059, "url": "https://www.iryou.teikyouseido.mhlw.go.jp/znk-web/juminkanja/S2430/initialize?prefCd=13&kikanCd=4137100035&kikanKbn=4", "url2": null, "内容": "野元　麻美【4:助産院】東京都三鷹市" }, "geometry": { "type": "Point", "coordinates": [ 139.542059, 35.690333 ] } },
{ "type": "Feature", "properties": { "ID": 1344137100038, "正式名称": "吉祥寺ふわまる助産院", "機関区分": 4, "都道府県コード": 13, "市区町村コード": 203, "所在地": "東京都武蔵野市吉祥寺東町１－１１－１３", "緯度": 35.706435, "経度": 139.583783, "url": "https://www.iryou.teikyouseido.mhlw.go.jp/znk-web/juminkanja/S2430/initialize?prefCd=13&kikanCd=4137100038&kikanKbn=4", "url2": "https://fuwamaru-kichijoji.com/", "内容": "吉祥寺ふわまる助産院【4:助産院】東京都武蔵野市吉祥寺東町１－１１－１３" }, "geometry": { "type": "Point", "coordinates": [ 139.583783, 35.706435 ] } },
{ "type": "Feature", "properties": { "ID": 1344137100039, "正式名称": "助産師　仲村麻木子（出張専門）", "機関区分": 4, "都道府県コード": 13, "市区町村コード": 203, "所在地": "東京都武蔵野市吉祥寺本町", "緯度": 35.70405, "経度": 139.57903, "url": "https://www.iryou.teikyouseido.mhlw.go.jp/znk-web/juminkanja/S2430/initialize?prefCd=13&kikanCd=4137100039&kikanKbn=4", "url2": "https://www.yukuru-musashino23510.jp/", "内容": "助産師　仲村麻木子（出張専門）【4:助産院】東京都武蔵野市吉祥寺本町" }, "geometry": { "type": "Point", "coordinates": [ 139.57903, 35.70405 ] } },
{ "type": "Feature", "properties": { "ID": 1344137100042, "正式名称": "母乳育児ｓａｌｏｎ　ふわふわ助産院", "機関区分": 4, "都道府県コード": 13, "市区町村コード": 219, "所在地": "東京都狛江市東和泉３－１０－１６　２ｆ", "緯度": 35.627355, "経度": 139.574055, "url": "https://www.iryou.teikyouseido.mhlw.go.jp/znk-web/juminkanja/S2430/initialize?prefCd=13&kikanCd=4137100042&kikanKbn=4", "url2": "https://fuwafuwapulupulu.on.omisenomikata.jp/", "内容": "母乳育児ｓａｌｏｎ　ふわふわ助産院【4:助産院】東京都狛江市東和泉３－１０－１６　２ｆ" }, "geometry": { "type": "Point", "coordinates": [ 139.574055, 35.627355 ] } },
{ "type": "Feature", "properties": { "ID": 1344137100043, "正式名称": "小川　菜美子（出張専門ケア）", "機関区分": 4, "都道府県コード": 13, "市区町村コード": 204, "所在地": "東京都三鷹市井口４－９－３クレール", "緯度": 35.693015, "経度": 139.547093, "url": "https://www.iryou.teikyouseido.mhlw.go.jp/znk-web/juminkanja/S2430/initialize?prefCd=13&kikanCd=4137100043&kikanKbn=4", "url2": null, "内容": "小川　菜美子（出張専門ケア）【4:助産院】東京都三鷹市井口４－９－３クレール" }, "geometry": { "type": "Point", "coordinates": [ 139.547093, 35.693015 ] } },
{ "type": "Feature", "properties": { "ID": 1344137100090, "正式名称": "田辺助産所　母乳育児相談所", "機関区分": 4, "都道府県コード": 13, "市区町村コード": 206, "所在地": "東京都府中市栄町１－２４－１５", "緯度": 35.690776, "経度": 139.483203, "url": "https://www.iryou.teikyouseido.mhlw.go.jp/znk-web/juminkanja/S2430/initialize?prefCd=13&kikanCd=4137100090&kikanKbn=4", "url2": "http://www.tanabetomomi.jp", "内容": "田辺助産所　母乳育児相談所【4:助産院】東京都府中市栄町１－２４－１５" }, "geometry": { "type": "Point", "coordinates": [ 139.483203, 35.690776 ] } },
{ "type": "Feature", "properties": { "ID": 1344137100110, "正式名称": "助産師　伊藤仁子", "機関区分": 4, "都道府県コード": 13, "市区町村コード": 206, "所在地": "東京都府中市若松町３－３１－９", "緯度": 35.674506, "経度": 139.506289, "url": "https://www.iryou.teikyouseido.mhlw.go.jp/znk-web/juminkanja/S2430/initialize?prefCd=13&kikanCd=4137100110&kikanKbn=4", "url2": null, "内容": "助産師　伊藤仁子【4:助産院】東京都府中市若松町３－３１－９" }, "geometry": { "type": "Point", "coordinates": [ 139.506289, 35.674506 ] } },
{ "type": "Feature", "properties": { "ID": 1344137100190, "正式名称": "マザリーズ助産院", "機関区分": 4, "都道府県コード": 13, "市区町村コード": 208, "所在地": "東京都調布市深大寺北町４－１３－５１", "緯度": 35.678529, "経度": 139.553975, "url": "https://www.iryou.teikyouseido.mhlw.go.jp/znk-web/juminkanja/S2430/initialize?prefCd=13&kikanCd=4137100190&kikanKbn=4", "url2": "http://www.motherese.jp", "内容": "マザリーズ助産院【4:助産院】東京都調布市深大寺北町４－１３－５１" }, "geometry": { "type": "Point", "coordinates": [ 139.553975, 35.678529 ] } },
{ "type": "Feature", "properties": { "ID": 1344137100262, "正式名称": "山下倫子　　（出張）", "機関区分": 4, "都道府県コード": 13, "市区町村コード": 204, "所在地": "東京都三鷹市井の頭５－１６－６", "緯度": 35.698305, "経度": 139.57325, "url": "https://www.iryou.teikyouseido.mhlw.go.jp/znk-web/juminkanja/S2430/initialize?prefCd=13&kikanCd=4137100262&kikanKbn=4", "url2": null, "内容": "山下倫子　　（出張）【4:助産院】東京都三鷹市井の頭５－１６－６" }, "geometry": { "type": "Point", "coordinates": [ 139.57325, 35.698305 ] } },
{ "type": "Feature", "properties": { "ID": 1344137100264, "正式名称": "伊藤裕子　出張", "機関区分": 4, "都道府県コード": 13, "市区町村コード": 204, "所在地": "東京都三鷹市", "緯度": 35.68428, "経度": 139.57283, "url": "https://www.iryou.teikyouseido.mhlw.go.jp/znk-web/juminkanja/S2430/initialize?prefCd=13&kikanCd=4137100264&kikanKbn=4", "url2": null, "内容": "伊藤裕子　出張【4:助産院】東京都三鷹市" }, "geometry": { "type": "Point", "coordinates": [ 139.57283, 35.68428 ] } },
{ "type": "Feature", "properties": { "ID": 1344137100268, "正式名称": "あかり助産院", "機関区分": 4, "都道府県コード": 13, "市区町村コード": 210, "所在地": "東京都小金井市本町５－１３－１１　メゾンアラミス４０１号室", "緯度": 35.702748, "経度": 139.507256, "url": "https://www.iryou.teikyouseido.mhlw.go.jp/znk-web/juminkanja/S2430/initialize?prefCd=13&kikanCd=4137100268&kikanKbn=4", "url2": "http://www.akari-oketani.com/", "内容": "あかり助産院【4:助産院】東京都小金井市本町５－１３－１１　メゾンアラミス４０１号室" }, "geometry": { "type": "Point", "coordinates": [ 139.507256, 35.702748 ] } },
{ "type": "Feature", "properties": { "ID": 1344137200000, "正式名称": "宮岡助産所", "機関区分": 4, "都道府県コード": 13, "市区町村コード": 207, "所在地": "東京都昭島市美堀町２丁目１２－９", "緯度": 35.723134, "経度": 139.361432, "url": "https://www.iryou.teikyouseido.mhlw.go.jp/znk-web/juminkanja/S2430/initialize?prefCd=13&kikanCd=4137200000&kikanKbn=4", "url2": "https://www.midwifemap.com/mysite/miyaoka/", "内容": "宮岡助産所【4:助産院】東京都昭島市美堀町２丁目１２－９" }, "geometry": { "type": "Point", "coordinates": [ 139.361432, 35.723134 ] } },
{ "type": "Feature", "properties": { "ID": 1344137200004, "正式名称": "産後ケアハウス　村木助産院", "機関区分": 4, "都道府県コード": 13, "市区町村コード": 205, "所在地": "東京都青梅市今寺３－３７９－８", "緯度": 35.798672, "経度": 139.296315, "url": "https://www.iryou.teikyouseido.mhlw.go.jp/znk-web/juminkanja/S2430/initialize?prefCd=13&kikanCd=4137200004&kikanKbn=4", "url2": null, "内容": "産後ケアハウス　村木助産院【4:助産院】東京都青梅市今寺３－３７９－８" }, "geometry": { "type": "Point", "coordinates": [ 139.296315, 35.798672 ] } },
{ "type": "Feature", "properties": { "ID": 1344137200006, "正式名称": "まるやま助産院", "機関区分": 4, "都道府県コード": 13, "市区町村コード": 228, "所在地": "東京都あきる野市戸倉１１７０", "緯度": 35.733211, "経度": 139.200752, "url": "https://www.iryou.teikyouseido.mhlw.go.jp/znk-web/juminkanja/S2430/initialize?prefCd=13&kikanCd=4137200006&kikanKbn=4", "url2": null, "内容": "まるやま助産院【4:助産院】東京都あきる野市戸倉１１７０" }, "geometry": { "type": "Point", "coordinates": [ 139.200752, 35.733211 ] } },
{ "type": "Feature", "properties": { "ID": 1344137200007, "正式名称": "助産師　川杉　久子", "機関区分": 4, "都道府県コード": 13, "市区町村コード": 205, "所在地": "東京都青梅市河辺町", "緯度": 35.779541, "経度": 139.284632, "url": "https://www.iryou.teikyouseido.mhlw.go.jp/znk-web/juminkanja/S2430/initialize?prefCd=13&kikanCd=4137200007&kikanKbn=4", "url2": null, "内容": "助産師　川杉　久子【4:助産院】東京都青梅市河辺町" }, "geometry": { "type": "Point", "coordinates": [ 139.284632, 35.779541 ] } },
{ "type": "Feature", "properties": { "ID": 1344137200030, "正式名称": "ひとみ母乳育児相談室", "機関区分": 4, "都道府県コード": 13, "市区町村コード": 228, "所在地": "東京都あきる野市三内２２５－５", "緯度": 35.733642, "経度": 139.231817, "url": "https://www.iryou.teikyouseido.mhlw.go.jp/znk-web/juminkanja/S2430/initialize?prefCd=13&kikanCd=4137200030&kikanKbn=4", "url2": "http://www16.plala.or.jp/hitomibonyuu/index.html", "内容": "ひとみ母乳育児相談室【4:助産院】東京都あきる野市三内２２５－５" }, "geometry": { "type": "Point", "coordinates": [ 139.231817, 35.733642 ] } },
{ "type": "Feature", "properties": { "ID": 1344137200080, "正式名称": "森田助産院", "機関区分": 4, "都道府県コード": 13, "市区町村コード": 218, "所在地": "東京都福生市志茂８３番地", "緯度": 35.737105, "経度": 139.329924, "url": "https://www.iryou.teikyouseido.mhlw.go.jp/znk-web/juminkanja/S2430/initialize?prefCd=13&kikanCd=4137200080&kikanKbn=4", "url2": "http://www.morrkko.jp", "内容": "森田助産院【4:助産院】東京都福生市志茂８３番地" }, "geometry": { "type": "Point", "coordinates": [ 139.329924, 35.737105 ] } },
{ "type": "Feature", "properties": { "ID": 1344137300003, "正式名称": "わかば助産院　母乳育児相談室", "機関区分": 4, "都道府県コード": 13, "市区町村コード": 224, "所在地": "東京都多摩市鶴牧６－８－１３　１階", "緯度": 35.613867, "経度": 139.412379, "url": "https://www.iryou.teikyouseido.mhlw.go.jp/znk-web/juminkanja/S2430/initialize?prefCd=13&kikanCd=4137300003&kikanKbn=4", "url2": "https://www.wakaba-breastfeeding.com", "内容": "わかば助産院　母乳育児相談室【4:助産院】東京都多摩市鶴牧６－８－１３　１階" }, "geometry": { "type": "Point", "coordinates": [ 139.412379, 35.613867 ] } },
{ "type": "Feature", "properties": { "ID": 1344137300006, "正式名称": "うみ助産院", "機関区分": 4, "都道府県コード": 13, "市区町村コード": 201, "所在地": "東京都八王子市台町４－３９－７　はいつひろ１０１", "緯度": 35.656749, "経度": 139.316912, "url": "https://www.iryou.teikyouseido.mhlw.go.jp/znk-web/juminkanja/S2430/initialize?prefCd=13&kikanCd=4137300006&kikanKbn=4", "url2": "http://r.goope.jp/umijosanin", "内容": "うみ助産院【4:助産院】東京都八王子市台町４－３９－７　はいつひろ１０１" }, "geometry": { "type": "Point", "coordinates": [ 139.316912, 35.656749 ] } },
{ "type": "Feature", "properties": { "ID": 1344137300011, "正式名称": "Ｌａ　Ｍａｌｉｅ（ラマーリエ）助産院", "機関区分": 4, "都道府県コード": 13, "市区町村コード": 201, "所在地": "東京都八王子市", "緯度": 35.621393, "経度": 139.377714, "url": "https://www.iryou.teikyouseido.mhlw.go.jp/znk-web/juminkanja/S2430/initialize?prefCd=13&kikanCd=4137300011&kikanKbn=4", "url2": "https://lamalie-jyosanin.amebaownd.com/", "内容": "Ｌａ　Ｍａｌｉｅ（ラマーリエ）助産院【4:助産院】東京都八王子市" }, "geometry": { "type": "Point", "coordinates": [ 139.377714, 35.621393 ] } },
{ "type": "Feature", "properties": { "ID": 1344137300012, "正式名称": "飛松　康子", "機関区分": 4, "都道府県コード": 13, "市区町村コード": 201, "所在地": "東京都八王子市打越町１５１６－８", "緯度": 35.642613, "経度": 139.347272, "url": "https://www.iryou.teikyouseido.mhlw.go.jp/znk-web/juminkanja/S2430/initialize?prefCd=13&kikanCd=4137300012&kikanKbn=4", "url2": null, "内容": "飛松　康子【4:助産院】東京都八王子市打越町１５１６－８" }, "geometry": { "type": "Point", "coordinates": [ 139.347272, 35.642613 ] } },
{ "type": "Feature", "properties": { "ID": 1344137300013, "正式名称": "助産院　ともこさんち", "機関区分": 4, "都道府県コード": 13, "市区町村コード": 201, "所在地": "東京都八王子市元本郷町３－１１－６", "緯度": 35.663693, "経度": 139.314857, "url": "https://www.iryou.teikyouseido.mhlw.go.jp/znk-web/juminkanja/S2430/initialize?prefCd=13&kikanCd=4137300013&kikanKbn=4", "url2": "https://www.tomokosan.info", "内容": "助産院　ともこさんち【4:助産院】東京都八王子市元本郷町３－１１－６" }, "geometry": { "type": "Point", "coordinates": [ 139.314857, 35.663693 ] } },
{ "type": "Feature", "properties": { "ID": 1344137300014, "正式名称": "松井　陽子", "機関区分": 4, "都道府県コード": 13, "市区町村コード": 201, "所在地": "東京都八王子市", "緯度": 35.630058, "経度": 139.31072, "url": "https://www.iryou.teikyouseido.mhlw.go.jp/znk-web/juminkanja/S2430/initialize?prefCd=13&kikanCd=4137300014&kikanKbn=4", "url2": null, "内容": "松井　陽子【4:助産院】東京都八王子市" }, "geometry": { "type": "Point", "coordinates": [ 139.31072, 35.630058 ] } },
{ "type": "Feature", "properties": { "ID": 1344137300015, "正式名称": "佐藤　小織", "機関区分": 4, "都道府県コード": 13, "市区町村コード": 201, "所在地": "東京都八王子市", "緯度": 35.660103, "経度": 139.28287, "url": "https://www.iryou.teikyouseido.mhlw.go.jp/znk-web/juminkanja/S2430/initialize?prefCd=13&kikanCd=4137300015&kikanKbn=4", "url2": null, "内容": "佐藤　小織【4:助産院】東京都八王子市" }, "geometry": { "type": "Point", "coordinates": [ 139.28287, 35.660103 ] } },
{ "type": "Feature", "properties": { "ID": 1344137300018, "正式名称": "みさき助産院", "機関区分": 4, "都道府県コード": 13, "市区町村コード": 201, "所在地": "東京都八王子市裏高尾町４０６ー４", "緯度": 35.641595, "経度": 139.265019, "url": "https://www.iryou.teikyouseido.mhlw.go.jp/znk-web/juminkanja/S2430/initialize?prefCd=13&kikanCd=4137300018&kikanKbn=4", "url2": null, "内容": "みさき助産院【4:助産院】東京都八王子市裏高尾町４０６ー４" }, "geometry": { "type": "Point", "coordinates": [ 139.265019, 35.641595 ] } },
{ "type": "Feature", "properties": { "ID": 1344137300020, "正式名称": "助産師　河野朋子", "機関区分": 4, "都道府県コード": 13, "市区町村コード": 201, "所在地": "東京都八王子市大船町２２８－４", "緯度": 35.626364, "経度": 139.314858, "url": "https://www.iryou.teikyouseido.mhlw.go.jp/znk-web/juminkanja/S2430/initialize?prefCd=13&kikanCd=4137300020&kikanKbn=4", "url2": null, "内容": "助産師　河野朋子【4:助産院】東京都八王子市大船町２２８－４" }, "geometry": { "type": "Point", "coordinates": [ 139.314858, 35.626364 ] } },
{ "type": "Feature", "properties": { "ID": 1344137300022, "正式名称": "ＣｏｕＣｏｕ助産院", "機関区分": 4, "都道府県コード": 13, "市区町村コード": 201, "所在地": "東京都八王子市石川町４１６－３", "緯度": 35.68197, "経度": 139.363241, "url": "https://www.iryou.teikyouseido.mhlw.go.jp/znk-web/juminkanja/S2430/initialize?prefCd=13&kikanCd=4137300022&kikanKbn=4", "url2": "https://coucou-enfants.com", "内容": "ＣｏｕＣｏｕ助産院【4:助産院】東京都八王子市石川町４１６－３" }, "geometry": { "type": "Point", "coordinates": [ 139.363241, 35.68197 ] } },
{ "type": "Feature", "properties": { "ID": 1344137300023, "正式名称": "助産院ウィズ", "機関区分": 4, "都道府県コード": 13, "市区町村コード": 201, "所在地": "東京都八王子市寺田町", "緯度": 35.622646, "経度": 139.30666, "url": "https://www.iryou.teikyouseido.mhlw.go.jp/znk-web/juminkanja/S2430/initialize?prefCd=13&kikanCd=4137300023&kikanKbn=4", "url2": null, "内容": "助産院ウィズ【4:助産院】東京都八王子市寺田町" }, "geometry": { "type": "Point", "coordinates": [ 139.30666, 35.622646 ] } },
{ "type": "Feature", "properties": { "ID": 1344137300040, "正式名称": "おたふく助産院", "機関区分": 4, "都道府県コード": 13, "市区町村コード": 201, "所在地": "東京都八王子市片倉町１１８１－５", "緯度": 35.634114, "経度": 139.345225, "url": "https://www.iryou.teikyouseido.mhlw.go.jp/znk-web/juminkanja/S2430/initialize?prefCd=13&kikanCd=4137300040&kikanKbn=4", "url2": null, "内容": "おたふく助産院【4:助産院】東京都八王子市片倉町１１８１－５" }, "geometry": { "type": "Point", "coordinates": [ 139.345225, 35.634114 ] } },
{ "type": "Feature", "properties": { "ID": 1344137300140, "正式名称": "エンジェル母乳育児相談室", "機関区分": 4, "都道府県コード": 13, "市区町村コード": 201, "所在地": "東京都八王子市西寺方町１０１９－２１６", "緯度": 35.687499, "経度": 139.265058, "url": "https://www.iryou.teikyouseido.mhlw.go.jp/znk-web/juminkanja/S2430/initialize?prefCd=13&kikanCd=4137300140&kikanKbn=4", "url2": null, "内容": "エンジェル母乳育児相談室【4:助産院】東京都八王子市西寺方町１０１９－２１６" }, "geometry": { "type": "Point", "coordinates": [ 139.265058, 35.687499 ] } },
{ "type": "Feature", "properties": { "ID": 1344137300170, "正式名称": "ひとみ助産院", "機関区分": 4, "都道府県コード": 13, "市区町村コード": 201, "所在地": "東京都八王子市山田町１６９２－２", "緯度": 35.641439, "経度": 139.314239, "url": "https://www.iryou.teikyouseido.mhlw.go.jp/znk-web/juminkanja/S2430/initialize?prefCd=13&kikanCd=4137300170&kikanKbn=4", "url2": "http://hitomi.my.coocan.jp", "内容": "ひとみ助産院【4:助産院】東京都八王子市山田町１６９２－２" }, "geometry": { "type": "Point", "coordinates": [ 139.314239, 35.641439 ] } },
{ "type": "Feature", "properties": { "ID": 1344137500005, "正式名称": "おなごサロンはぴねす助産院", "機関区分": 4, "都道府県コード": 13, "市区町村コード": 209, "所在地": "東京都町田市南つくし野４－８－１７", "緯度": 35.521481, "経度": 139.477345, "url": "https://www.iryou.teikyouseido.mhlw.go.jp/znk-web/juminkanja/S2430/initialize?prefCd=13&kikanCd=4137500005&kikanKbn=4", "url2": "sanba.mom", "内容": "おなごサロンはぴねす助産院【4:助産院】東京都町田市南つくし野４－８－１７" }, "geometry": { "type": "Point", "coordinates": [ 139.477345, 35.521481 ] } },
{ "type": "Feature", "properties": { "ID": 1344137500006, "正式名称": "中垣　佳代子", "機関区分": 4, "都道府県コード": 13, "市区町村コード": 209, "所在地": "東京都町田市つくし野１－２６－２", "緯度": 35.531127, "経度": 139.484738, "url": "https://www.iryou.teikyouseido.mhlw.go.jp/znk-web/juminkanja/S2430/initialize?prefCd=13&kikanCd=4137500006&kikanKbn=4", "url2": "https://sites.google.com/view/suzumemw/", "内容": "中垣　佳代子【4:助産院】東京都町田市つくし野１－２６－２" }, "geometry": { "type": "Point", "coordinates": [ 139.484738, 35.531127 ] } },
{ "type": "Feature", "properties": { "ID": 1344137500030, "正式名称": "としの助産院", "機関区分": 4, "都道府県コード": 13, "市区町村コード": 209, "所在地": "東京都町田市東玉川学園２－２８－５０", "緯度": 35.553222, "経度": 139.473294, "url": "https://www.iryou.teikyouseido.mhlw.go.jp/znk-web/juminkanja/S2430/initialize?prefCd=13&kikanCd=4137500030&kikanKbn=4", "url2": "http://www.toshino-j.com", "内容": "としの助産院【4:助産院】東京都町田市東玉川学園２－２８－５０" }, "geometry": { "type": "Point", "coordinates": [ 139.473294, 35.553222 ] } },
{ "type": "Feature", "properties": { "ID": 1344139100015, "正式名称": "助産師　鷲尾ひとみ　（出張専門）", "機関区分": 4, "都道府県コード": 13, "市区町村コード": 224, "所在地": "東京都多摩市", "緯度": 35.625919, "経度": 139.431495, "url": "https://www.iryou.teikyouseido.mhlw.go.jp/znk-web/juminkanja/S2430/initialize?prefCd=13&kikanCd=4139100015&kikanKbn=4", "url2": null, "内容": "助産師　鷲尾ひとみ　（出張専門）【4:助産院】東京都多摩市" }, "geometry": { "type": "Point", "coordinates": [ 139.431495, 35.625919 ] } },
{ "type": "Feature", "properties": { "ID": 1344139100040, "正式名称": "まちだ母乳育児相談室", "機関区分": 4, "都道府県コード": 13, "市区町村コード": 224, "所在地": "東京都多摩市永山１－８－１７　ボヌール永山５０３", "緯度": 35.63198, "経度": 139.447275, "url": "https://www.iryou.teikyouseido.mhlw.go.jp/znk-web/juminkanja/S2430/initialize?prefCd=13&kikanCd=4139100040&kikanKbn=4", "url2": "http://www.oketani.or.jp", "内容": "まちだ母乳育児相談室【4:助産院】東京都多摩市永山１－８－１７　ボヌール永山５０３" }, "geometry": { "type": "Point", "coordinates": [ 139.447275, 35.63198 ] } },
{ "type": "Feature", "properties": { "ID": 1344139100060, "正式名称": "かなざわ助産院", "機関区分": 4, "都道府県コード": 13, "市区町村コード": 212, "所在地": "東京都日野市多摩平４－１－１－２０１", "緯度": 35.665942, "経度": 139.381944, "url": "https://www.iryou.teikyouseido.mhlw.go.jp/znk-web/juminkanja/S2430/initialize?prefCd=13&kikanCd=4139100060&kikanKbn=4", "url2": "http://kanazawa-josanin.sakura.ne.jp", "内容": "かなざわ助産院【4:助産院】東京都日野市多摩平４－１－１－２０１" }, "geometry": { "type": "Point", "coordinates": [ 139.381944, 35.665942 ] } },
{ "type": "Feature", "properties": { "ID": 1344139100061, "正式名称": "ＷＡＫＡＢＡあずみ助産院", "機関区分": 4, "都道府県コード": 13, "市区町村コード": 225, "所在地": "東京都稲城市若葉台３－１－１　ワルツの杜Ｄ１２０４", "緯度": 35.622172, "経度": 139.470096, "url": "https://www.iryou.teikyouseido.mhlw.go.jp/znk-web/juminkanja/S2430/initialize?prefCd=13&kikanCd=4139100061&kikanKbn=4", "url2": null, "内容": "ＷＡＫＡＢＡあずみ助産院【4:助産院】東京都稲城市若葉台３－１－１　ワルツの杜Ｄ１２０４" }, "geometry": { "type": "Point", "coordinates": [ 139.470096, 35.622172 ] } },
{ "type": "Feature", "properties": { "ID": 1344139100062, "正式名称": "とくおか助産院", "機関区分": 4, "都道府県コード": 13, "市区町村コード": 212, "所在地": "東京都日野市東平山２－１６－４", "緯度": 35.650918, "経度": 139.376852, "url": "https://www.iryou.teikyouseido.mhlw.go.jp/znk-web/juminkanja/S2430/initialize?prefCd=13&kikanCd=4139100062&kikanKbn=4", "url2": "http://tokuoka.sakura.ne.jp//", "内容": "とくおか助産院【4:助産院】東京都日野市東平山２－１６－４" }, "geometry": { "type": "Point", "coordinates": [ 139.376852, 35.650918 ] } },
{ "type": "Feature", "properties": { "ID": 1344139200000, "正式名称": "榊原　未知子", "機関区分": 4, "都道府県コード": 13, "市区町村コード": 214, "所在地": "東京都国分寺市南町３－２１－１　ブロードアベニュー国分寺９１８", "緯度": 35.699859, "経度": 139.478536, "url": "https://www.iryou.teikyouseido.mhlw.go.jp/znk-web/juminkanja/S2430/initialize?prefCd=13&kikanCd=4139200000&kikanKbn=4", "url2": null, "内容": "榊原　未知子【4:助産院】東京都国分寺市南町３－２１－１　ブロードアベニュー国分寺９１８" }, "geometry": { "type": "Point", "coordinates": [ 139.478536, 35.699859 ] } },
{ "type": "Feature", "properties": { "ID": 1344139200003, "正式名称": "おれんじ子育て案内所　ミワ助産院", "機関区分": 4, "都道府県コード": 13, "市区町村コード": 211, "所在地": "東京都小平市鈴木町１－３６４－２７", "緯度": 35.718163, "経度": 139.501922, "url": "https://www.iryou.teikyouseido.mhlw.go.jp/znk-web/juminkanja/S2430/initialize?prefCd=13&kikanCd=4139200003&kikanKbn=4", "url2": null, "内容": "おれんじ子育て案内所　ミワ助産院【4:助産院】東京都小平市鈴木町１－３６４－２７" }, "geometry": { "type": "Point", "coordinates": [ 139.501922, 35.718163 ] } },
{ "type": "Feature", "properties": { "ID": 1344139200005, "正式名称": "桶谷式母乳育児相談室　アヴェクトワ助産院", "機関区分": 4, "都道府県コード": 13, "市区町村コード": 214, "所在地": "東京都国分寺市本町４－１２－２２　ハイネス国分寺荒田マンション３１８", "緯度": 35.701386, "経度": 139.47873, "url": "https://www.iryou.teikyouseido.mhlw.go.jp/znk-web/juminkanja/S2430/initialize?prefCd=13&kikanCd=4139200005&kikanKbn=4", "url2": "https://avectoi-oketani.com/", "内容": "桶谷式母乳育児相談室　アヴェクトワ助産院【4:助産院】東京都国分寺市本町４－１２－２２　ハイネス国分寺荒田マンション３１８" }, "geometry": { "type": "Point", "coordinates": [ 139.47873, 35.701386 ] } },
{ "type": "Feature", "properties": { "ID": 1344139200007, "正式名称": "菊地　澄子", "機関区分": 4, "都道府県コード": 13, "市区町村コード": 202, "所在地": "東京都立川市西砂町２", "緯度": 35.727783, "経度": 139.374092, "url": "https://www.iryou.teikyouseido.mhlw.go.jp/znk-web/juminkanja/S2430/initialize?prefCd=13&kikanCd=4139200007&kikanKbn=4", "url2": null, "内容": "菊地　澄子【4:助産院】東京都立川市西砂町２" }, "geometry": { "type": "Point", "coordinates": [ 139.374092, 35.727783 ] } },
{ "type": "Feature", "properties": { "ID": 1344139200010, "正式名称": "まんまる助産院", "機関区分": 4, "都道府県コード": 13, "市区町村コード": 202, "所在地": "東京都立川市若葉町２－１－１", "緯度": 35.718995, "経度": 139.43951, "url": "https://www.iryou.teikyouseido.mhlw.go.jp/znk-web/juminkanja/S2430/initialize?prefCd=13&kikanCd=4139200010&kikanKbn=4", "url2": "http://www.manmaru-jyosanin.com/", "内容": "まんまる助産院【4:助産院】東京都立川市若葉町２－１－１" }, "geometry": { "type": "Point", "coordinates": [ 139.43951, 35.718995 ] } },
{ "type": "Feature", "properties": { "ID": 1344139200016, "正式名称": "訪問専門母乳・育児相談室　のじまみか", "機関区分": 4, "都道府県コード": 13, "市区町村コード": 215, "所在地": "東京都国立市谷保７０６７－２　ファーストメゾンＡ１０５", "緯度": 35.682832, "経度": 139.435235, "url": "https://www.iryou.teikyouseido.mhlw.go.jp/znk-web/juminkanja/S2430/initialize?prefCd=13&kikanCd=4139200016&kikanKbn=4", "url2": "https://nojimamika.amebaownd.com/", "内容": "訪問専門母乳・育児相談室　のじまみか【4:助産院】東京都国立市谷保７０６７－２　ファーストメゾンＡ１０５" }, "geometry": { "type": "Point", "coordinates": [ 139.435235, 35.682832 ] } },
{ "type": "Feature", "properties": { "ID": 1344139200018, "正式名称": "助産師高木静", "機関区分": 4, "都道府県コード": 13, "市区町村コード": 207, "所在地": "東京都昭島市東町１－３－６", "緯度": 35.701878, "経度": 139.393586, "url": "https://www.iryou.teikyouseido.mhlw.go.jp/znk-web/juminkanja/S2430/initialize?prefCd=13&kikanCd=4139200018&kikanKbn=4", "url2": null, "内容": "助産師高木静【4:助産院】東京都昭島市東町１－３－６" }, "geometry": { "type": "Point", "coordinates": [ 139.393586, 35.701878 ] } },
{ "type": "Feature", "properties": { "ID": 1344139200021, "正式名称": "小林　由記江", "機関区分": 4, "都道府県コード": 13, "市区町村コード": 202, "所在地": "東京都立川市砂川町７－３２－１３", "緯度": 35.731798, "経度": 139.405179, "url": "https://www.iryou.teikyouseido.mhlw.go.jp/znk-web/juminkanja/S2430/initialize?prefCd=13&kikanCd=4139200021&kikanKbn=4", "url2": null, "内容": "小林　由記江【4:助産院】東京都立川市砂川町７－３２－１３" }, "geometry": { "type": "Point", "coordinates": [ 139.405179, 35.731798 ] } },
{ "type": "Feature", "properties": { "ID": 1344139200023, "正式名称": "田村　江里", "機関区分": 4, "都道府県コード": 13, "市区町村コード": 220, "所在地": "東京都東大和市奈良橋２－６２０－２", "緯度": 35.753324, "経度": 139.424899, "url": "https://www.iryou.teikyouseido.mhlw.go.jp/znk-web/juminkanja/S2430/initialize?prefCd=13&kikanCd=4139200023&kikanKbn=4", "url2": null, "内容": "田村　江里【4:助産院】東京都東大和市奈良橋２－６２０－２" }, "geometry": { "type": "Point", "coordinates": [ 139.424899, 35.753324 ] } },
{ "type": "Feature", "properties": { "ID": 1344139200025, "正式名称": "平田　かおり", "機関区分": 4, "都道府県コード": 13, "市区町村コード": 214, "所在地": "東京都国分寺市高木町２－２－３８", "緯度": 35.709107, "経度": 139.440622, "url": "https://www.iryou.teikyouseido.mhlw.go.jp/znk-web/juminkanja/S2430/initialize?prefCd=13&kikanCd=4139200025&kikanKbn=4", "url2": null, "内容": "平田　かおり【4:助産院】東京都国分寺市高木町２－２－３８" }, "geometry": { "type": "Point", "coordinates": [ 139.440622, 35.709107 ] } },
{ "type": "Feature", "properties": { "ID": 1344139200026, "正式名称": "産前産後そうだん室　りあん助産院", "機関区分": 4, "都道府県コード": 13, "市区町村コード": 207, "所在地": "東京都昭島市朝日町３−１１−９ミワハイツ１０２", "緯度": 35.706062, "経度": 139.373847, "url": "https://www.iryou.teikyouseido.mhlw.go.jp/znk-web/juminkanja/S2430/initialize?prefCd=13&kikanCd=4139200026&kikanKbn=4", "url2": "https://www.lienjyosanin.com", "内容": "産前産後そうだん室　りあん助産院【4:助産院】東京都昭島市朝日町３−１１−９ミワハイツ１０２" }, "geometry": { "type": "Point", "coordinates": [ 139.373847, 35.706062 ] } },
{ "type": "Feature", "properties": { "ID": 1344139200027, "正式名称": "橋村　聖美", "機関区分": 4, "都道府県コード": 13, "市区町村コード": 214, "所在地": "東京都国分寺市並木町", "緯度": 35.716915, "経度": 139.4515, "url": "https://www.iryou.teikyouseido.mhlw.go.jp/znk-web/juminkanja/S2430/initialize?prefCd=13&kikanCd=4139200027&kikanKbn=4", "url2": null, "内容": "橋村　聖美【4:助産院】東京都国分寺市並木町" }, "geometry": { "type": "Point", "coordinates": [ 139.4515, 35.716915 ] } },
{ "type": "Feature", "properties": { "ID": 1344139200028, "正式名称": "押本奈緒", "機関区分": 4, "都道府県コード": 13, "市区町村コード": 214, "所在地": "東京都国分寺市日吉町２－３－１３", "緯度": 35.700582, "経度": 139.455463, "url": "https://www.iryou.teikyouseido.mhlw.go.jp/znk-web/juminkanja/S2430/initialize?prefCd=13&kikanCd=4139200028&kikanKbn=4", "url2": null, "内容": "押本奈緒【4:助産院】東京都国分寺市日吉町２－３－１３" }, "geometry": { "type": "Point", "coordinates": [ 139.455463, 35.700582 ] } },
{ "type": "Feature", "properties": { "ID": 1344139200110, "正式名称": "木村助産所", "機関区分": 4, "都道府県コード": 13, "市区町村コード": 214, "所在地": "東京都国分寺市東元町１－３８－３１", "緯度": 35.697054, "経度": 139.484535, "url": "https://www.iryou.teikyouseido.mhlw.go.jp/znk-web/juminkanja/S2430/initialize?prefCd=13&kikanCd=4139200110&kikanKbn=4", "url2": "http://kimurajosanjo.tumblr.com", "内容": "木村助産所【4:助産院】東京都国分寺市東元町１－３８－３１" }, "geometry": { "type": "Point", "coordinates": [ 139.484535, 35.697054 ] } },
{ "type": "Feature", "properties": { "ID": 1344139200120, "正式名称": "一般社団法人　矢島助産院", "機関区分": 4, "都道府県コード": 13, "市区町村コード": 214, "所在地": "東京都国分寺市東元町１－４０－７", "緯度": 35.692747, "経度": 139.486644, "url": "https://www.iryou.teikyouseido.mhlw.go.jp/znk-web/juminkanja/S2430/initialize?prefCd=13&kikanCd=4139200120&kikanKbn=4", "url2": "http://yajima-jyosanin.net/", "内容": "一般社団法人　矢島助産院【4:助産院】東京都国分寺市東元町１－４０－７" }, "geometry": { "type": "Point", "coordinates": [ 139.486644, 35.692747 ] } },
{ "type": "Feature", "properties": { "ID": 1344139200193, "正式名称": "めぶき助産院", "機関区分": 4, "都道府県コード": 13, "市区町村コード": 207, "所在地": "東京都昭島市朝日町２－２－１１", "緯度": 35.708634, "経度": 139.372183, "url": "https://www.iryou.teikyouseido.mhlw.go.jp/znk-web/juminkanja/S2430/initialize?prefCd=13&kikanCd=4139200193&kikanKbn=4", "url2": "https://www.mebukin.com/", "内容": "めぶき助産院【4:助産院】東京都昭島市朝日町２－２－１１" }, "geometry": { "type": "Point", "coordinates": [ 139.372183, 35.708634 ] } },
{ "type": "Feature", "properties": { "ID": 1344139700003, "正式名称": "ここみ助産所", "機関区分": 4, "都道府県コード": 13, "市区町村コード": 229, "所在地": "東京都西東京市南町１－３－１３", "緯度": 35.727329, "経度": 139.546862, "url": "https://www.iryou.teikyouseido.mhlw.go.jp/znk-web/juminkanja/S2430/initialize?prefCd=13&kikanCd=4139700003&kikanKbn=4", "url2": "https://kokomijosanjo.com", "内容": "ここみ助産所【4:助産院】東京都西東京市南町１－３－１３" }, "geometry": { "type": "Point", "coordinates": [ 139.546862, 35.727329 ] } },
{ "type": "Feature", "properties": { "ID": 1344139700007, "正式名称": "助産師　糸賀　留実", "機関区分": 4, "都道府県コード": 13, "市区町村コード": 229, "所在地": "東京都西東京市向台町３", "緯度": 35.722592, "経度": 139.545083, "url": "https://www.iryou.teikyouseido.mhlw.go.jp/znk-web/juminkanja/S2430/initialize?prefCd=13&kikanCd=4139700007&kikanKbn=4", "url2": "https://lagom-josan.com", "内容": "助産師　糸賀　留実【4:助産院】東京都西東京市向台町３" }, "geometry": { "type": "Point", "coordinates": [ 139.545083, 35.722592 ] } },
{ "type": "Feature", "properties": { "ID": 1344139700011, "正式名称": "ぴーあんどぴー", "機関区分": 4, "都道府県コード": 13, "市区町村コード": 211, "所在地": "東京都小平市花小金井南町１ー３ー１１シティテラス小金井公園Ｂ５４９", "緯度": 35.720218, "経度": 139.511754, "url": "https://www.iryou.teikyouseido.mhlw.go.jp/znk-web/juminkanja/S2430/initialize?prefCd=13&kikanCd=4139700011&kikanKbn=4", "url2": "http://pand-p.net", "内容": "ぴーあんどぴー【4:助産院】東京都小平市花小金井南町１ー３ー１１シティテラス小金井公園Ｂ５４９" }, "geometry": { "type": "Point", "coordinates": [ 139.511754, 35.720218 ] } },
{ "type": "Feature", "properties": { "ID": 1344139700012, "正式名称": "出張専門助産師　小田桐　菜都子", "機関区分": 4, "都道府県コード": 13, "市区町村コード": 211, "所在地": "東京都小平市小川町１－３０１５－２１", "緯度": 35.727522, "経度": 139.454203, "url": "https://www.iryou.teikyouseido.mhlw.go.jp/znk-web/juminkanja/S2430/initialize?prefCd=13&kikanCd=4139700012&kikanKbn=4", "url2": null, "内容": "出張専門助産師　小田桐　菜都子【4:助産院】東京都小平市小川町１－３０１５－２１" }, "geometry": { "type": "Point", "coordinates": [ 139.454203, 35.727522 ] } },
{ "type": "Feature", "properties": { "ID": 1344139700017, "正式名称": "るるん助産院", "機関区分": 4, "都道府県コード": 13, "市区町村コード": 229, "所在地": "東京都西東京市南町４丁目１３－１", "緯度": 35.72531, "経度": 139.542001, "url": "https://www.iryou.teikyouseido.mhlw.go.jp/znk-web/juminkanja/S2430/initialize?prefCd=13&kikanCd=4139700017&kikanKbn=4", "url2": "https://ruruq-postnatalcare.com", "内容": "るるん助産院【4:助産院】東京都西東京市南町４丁目１３－１" }, "geometry": { "type": "Point", "coordinates": [ 139.542001, 35.72531 ] } },
{ "type": "Feature", "properties": { "ID": 1344139700050, "正式名称": "うち助産院　まんまるーむ", "機関区分": 4, "都道府県コード": 13, "市区町村コード": 206, "所在地": "東京都府中市本町４－６－１", "緯度": 35.708572, "経度": 139.507017, "url": "https://www.iryou.teikyouseido.mhlw.go.jp/znk-web/juminkanja/S2430/initialize?prefCd=13&kikanCd=4139700050&kikanKbn=4", "url2": "https://www.manmaroom.com/", "内容": "うち助産院　まんまるーむ【4:助産院】東京都府中市本町４－６－１" }, "geometry": { "type": "Point", "coordinates": [ 139.507017, 35.708572 ] } },
{ "type": "Feature", "properties": { "ID": 1344139700070, "正式名称": "曽我部助産所", "機関区分": 4, "都道府県コード": 13, "市区町村コード": 229, "所在地": "東京都西東京市東町２－１４－１３", "緯度": 35.746522, "経度": 139.563522, "url": "https://www.iryou.teikyouseido.mhlw.go.jp/znk-web/juminkanja/S2430/initialize?prefCd=13&kikanCd=4139700070&kikanKbn=4", "url2": null, "内容": "曽我部助産所【4:助産院】東京都西東京市東町２－１４－１３" }, "geometry": { "type": "Point", "coordinates": [ 139.563522, 35.746522 ] } },
{ "type": "Feature", "properties": { "ID": 1344139700140, "正式名称": "さかもと助産所", "機関区分": 4, "都道府県コード": 13, "市区町村コード": 222, "所在地": "東京都東久留米市小山５－１－３５", "緯度": 35.763344, "経度": 139.520025, "url": "https://www.iryou.teikyouseido.mhlw.go.jp/znk-web/juminkanja/S2430/initialize?prefCd=13&kikanCd=4139700140&kikanKbn=4", "url2": "http://www.cam.hi-ho.ne.jp/sakamoto_miyuki/", "内容": "さかもと助産所【4:助産院】東京都東久留米市小山５－１－３５" }, "geometry": { "type": "Point", "coordinates": [ 139.520025, 35.763344 ] } },
{ "type": "Feature", "properties": { "ID": 1344139700270, "正式名称": "子宝助産院", "機関区分": 4, "都道府県コード": 13, "市区町村コード": 211, "所在地": "東京都小平市仲町４８９－５", "緯度": 35.728106, "経度": 139.486089, "url": "https://www.iryou.teikyouseido.mhlw.go.jp/znk-web/juminkanja/S2430/initialize?prefCd=13&kikanCd=4139700270&kikanKbn=4", "url2": "URL:http://www.metro-himawari.net/qq/qq13mopaup_out5.asp?kikan_cd=4139700270", "内容": "子宝助産院【4:助産院】東京都小平市仲町４８９－５" }, "geometry": { "type": "Point", "coordinates": [ 139.486089, 35.728106 ] } },
{ "type": "Feature", "properties": { "ID": 1345139900480, "正式名称": "つだ助産院母乳育児相談室それいゆ", "機関区分": 4, "都道府県コード": 13, "市区町村コード": 123, "所在地": "東京都江戸川区船堀３－１０－８船堀パールガーデン４０１", "緯度": 35.681472, "経度": 139.865065, "url": "https://www.iryou.teikyouseido.mhlw.go.jp/znk-web/juminkanja/S2430/initialize?prefCd=13&kikanCd=5139900480&kikanKbn=4", "url2": "http://www.soleil-oketani.com/", "内容": "つだ助産院母乳育児相談室それいゆ【4:助産院】東京都江戸川区船堀３－１０－８船堀パールガーデン４０１" }, "geometry": { "type": "Point", "coordinates": [ 139.865065, 35.681472 ] } },
{ "type": "Feature", "properties": { "ID": 1345139900800, "正式名称": "くじら助産院", "機関区分": 4, "都道府県コード": 13, "市区町村コード": 119, "所在地": "東京都板橋区赤塚２－２５－２１", "緯度": 35.773661, "経度": 139.640945, "url": "https://www.iryou.teikyouseido.mhlw.go.jp/znk-web/juminkanja/S2430/initialize?prefCd=13&kikanCd=5139900800&kikanKbn=4", "url2": null, "内容": "くじら助産院【4:助産院】東京都板橋区赤塚２－２５－２１" }, "geometry": { "type": "Point", "coordinates": [ 139.640945, 35.773661 ] } },
{ "type": "Feature", "properties": { "ID": 1345139900950, "正式名称": "助産院ｍａｍａｄｅ", "機関区分": 4, "都道府県コード": 13, "市区町村コード": 201, "所在地": "東京都八王子市久保山町２ー５１ー３", "緯度": 35.665721, "経度": 139.336368, "url": "https://www.iryou.teikyouseido.mhlw.go.jp/znk-web/juminkanja/S2430/initialize?prefCd=13&kikanCd=5139900950&kikanKbn=4", "url2": null, "内容": "助産院ｍａｍａｄｅ【4:助産院】東京都八王子市久保山町２ー５１ー３" }, "geometry": { "type": "Point", "coordinates": [ 139.336368, 35.665721 ] } },
{ "type": "Feature", "properties": { "ID": 1345139901010, "正式名称": "助産師　荒井祥子（出張専門）", "機関区分": 4, "都道府県コード": 13, "市区町村コード": 212, "所在地": "東京都日野市万願寺３－３０－３４", "緯度": 35.673863, "経度": 139.410954, "url": "https://www.iryou.teikyouseido.mhlw.go.jp/znk-web/juminkanja/S2430/initialize?prefCd=13&kikanCd=5139901010&kikanKbn=4", "url2": null, "内容": "助産師　荒井祥子（出張専門）【4:助産院】東京都日野市万願寺３－３０－３４" }, "geometry": { "type": "Point", "coordinates": [ 139.410954, 35.673863 ] } },
{ "type": "Feature", "properties": { "ID": 1345139901150, "正式名称": "百瀬妙子", "機関区分": 4, "都道府県コード": 13, "市区町村コード": 104, "所在地": "東京都新宿区若松町３５－１－３０５マイコート若松町ガーデンフラッツ", "緯度": 35.701272, "経度": 139.719997, "url": "https://www.iryou.teikyouseido.mhlw.go.jp/znk-web/juminkanja/S2430/initialize?prefCd=13&kikanCd=5139901150&kikanKbn=4", "url2": null, "内容": "百瀬妙子【4:助産院】東京都新宿区若松町３５－１－３０５マイコート若松町ガーデンフラッツ" }, "geometry": { "type": "Point", "coordinates": [ 139.719997, 35.701272 ] } },
{ "type": "Feature", "properties": { "ID": 1345139901640, "正式名称": "ママエール．テラス助産院", "機関区分": 4, "都道府県コード": 13, "市区町村コード": 228, "所在地": "東京都あきる野市野辺６００－８　ママエール．テラス助産院", "緯度": 35.72236, "経度": 139.30748, "url": "https://www.iryou.teikyouseido.mhlw.go.jp/znk-web/juminkanja/S2430/initialize?prefCd=13&kikanCd=5139901640&kikanKbn=4", "url2": null, "内容": "ママエール．テラス助産院【4:助産院】東京都あきる野市野辺６００－８　ママエール．テラス助産院" }, "geometry": { "type": "Point", "coordinates": [ 139.30748, 35.72236 ] } },
{ "type": "Feature", "properties": { "ID": 1345139902530, "正式名称": "まるんこ助産院", "機関区分": 4, "都道府県コード": 13, "市区町村コード": 120, "所在地": "東京都練馬区春日町３－１２－１３　１階", "緯度": 35.749568, "経度": 139.641027, "url": "https://www.iryou.teikyouseido.mhlw.go.jp/znk-web/juminkanja/S2430/initialize?prefCd=13&kikanCd=5139902530&kikanKbn=4", "url2": "marunko.org", "内容": "まるんこ助産院【4:助産院】東京都練馬区春日町３－１２－１３　１階" }, "geometry": { "type": "Point", "coordinates": [ 139.641027, 35.749568 ] } },
{ "type": "Feature", "properties": { "ID": 1345139902650, "正式名称": "トラスト錦糸町　助産院", "機関区分": 4, "都道府県コード": 13, "市区町村コード": 107, "所在地": "東京都墨田区錦糸４－１０－７フェリチータ１Ｆ", "緯度": 35.697705, "経度": 139.818148, "url": "https://www.iryou.teikyouseido.mhlw.go.jp/znk-web/juminkanja/S2430/initialize?prefCd=13&kikanCd=5139902650&kikanKbn=4", "url2": null, "内容": "トラスト錦糸町　助産院【4:助産院】東京都墨田区錦糸４－１０－７フェリチータ１Ｆ" }, "geometry": { "type": "Point", "coordinates": [ 139.818148, 35.697705 ] } },
{ "type": "Feature", "properties": { "ID": 1345139902710, "正式名称": "さんていもん助産院", "機関区分": 4, "都道府県コード": 13, "市区町村コード": 201, "所在地": "東京都八王子市鹿島８", "緯度": 35.633153, "経度": 139.423465, "url": "https://www.iryou.teikyouseido.mhlw.go.jp/znk-web/juminkanja/S2430/initialize?prefCd=13&kikanCd=5139902710&kikanKbn=4", "url2": null, "内容": "さんていもん助産院【4:助産院】東京都八王子市鹿島８" }, "geometry": { "type": "Point", "coordinates": [ 139.423465, 35.633153 ] } },
{ "type": "Feature", "properties": { "ID": 1345139903160, "正式名称": "助産院　ｃｏｌｏｒｓ", "機関区分": 4, "都道府県コード": 13, "市区町村コード": 201, "所在地": "東京都八王子市元八王子町２－１２１０－４", "緯度": 35.660103, "経度": 139.281114, "url": "https://www.iryou.teikyouseido.mhlw.go.jp/znk-web/juminkanja/S2430/initialize?prefCd=13&kikanCd=5139903160&kikanKbn=4", "url2": null, "内容": "助産院　ｃｏｌｏｒｓ【4:助産院】東京都八王子市元八王子町２－１２１０－４" }, "geometry": { "type": "Point", "coordinates": [ 139.281114, 35.660103 ] } }
]
}
