{
"type": "FeatureCollection",
"name": "geo_13_認知症対応型共同生活介護",
"crs": { "type": "name", "properties": { "name": "urn:ogc:def:crs:OGC:1.3:CRS84" } },
"features": [
{ "type": "Feature", "properties": { "内容": "千代田区立　グループホームいわもと【認知症対応型共同生活介護】東京都千代田区立岩本町2-15-3岩本町ほほえみプラザ4階", "url": "https://www.kaigokensaku.mhlw.go.jp/13/index.php?action_kouhyou_detail_004_kani=true&JigyosyoCd=1370100552-00&ServiceCd=320&Type=search", "url2": "http://www.tama-dhk.or.jp/iwamoto/index.html" }, "geometry": { "type": "Point", "coordinates": [ 139.777973697736314, 35.694386087196442 ] } },
{ "type": "Feature", "properties": { "内容": "グループホーム　ジロール麹町【認知症対応型共同生活介護】東京都千代田区麹町2-14-3", "url": "https://www.kaigokensaku.mhlw.go.jp/13/index.php?action_kouhyou_detail_004_kani=true&JigyosyoCd=1390100046-00&ServiceCd=320&Type=search", "url2": "http://www.kinoko-group.jp" }, "geometry": { "type": "Point", "coordinates": [ 139.741254700000013, 35.6856034 ] } },
{ "type": "Feature", "properties": { "内容": "番町グループホーム【認知症対応型共同生活介護】東京都千代田区二番町7番地6", "url": "https://www.kaigokensaku.mhlw.go.jp/13/index.php?action_kouhyou_detail_004_kani=true&JigyosyoCd=1390100129-00&ServiceCd=320&Type=search", "url2": "https://swct.or.jp" }, "geometry": { "type": "Point", "coordinates": [ 139.7353612, 35.6853388 ] } },
{ "type": "Feature", "properties": { "内容": "グループホームジロール神田佐久間町【認知症対応型共同生活介護】東京都千代田区神田佐久間町3-16-6", "url": "https://www.kaigokensaku.mhlw.go.jp/13/index.php?action_kouhyou_detail_004_kani=true&JigyosyoCd=1370100735-00&ServiceCd=320&Type=search", "url2": "http://www.kinoko-group.jp" }, "geometry": { "type": "Point", "coordinates": [ 139.778157400000026, 35.6973419 ] } },
{ "type": "Feature", "properties": { "内容": "優っくりグループホーム中央湊【認知症対応型共同生活介護】東京都中央区湊2－16－23パークシティ中央湊ザレジデンス", "url": "https://www.kaigokensaku.mhlw.go.jp/13/index.php?action_kouhyou_detail_004_kani=true&JigyosyoCd=1390200176-00&ServiceCd=320&Type=search", "url2": "http://yukkurimura.net" }, "geometry": { "type": "Point", "coordinates": [ 138.252924, 36.204824 ] } },
{ "type": "Feature", "properties": { "内容": "グループホーム晴海苑【認知症対応型共同生活介護】東京都中央区晴海１－１－２６", "url": "https://www.kaigokensaku.mhlw.go.jp/13/index.php?action_kouhyou_detail_004_kani=true&JigyosyoCd=1390200069-00&ServiceCd=320&Type=search", "url2": "http://www.harumien.or.jp" }, "geometry": { "type": "Point", "coordinates": [ 139.7871657226151, 35.661718093663694 ] } },
{ "type": "Feature", "properties": { "内容": "そんぽの家ＧＨあいおい【認知症対応型共同生活介護】東京都中央区佃三丁目１番１５号２階", "url": "https://www.kaigokensaku.mhlw.go.jp/13/index.php?action_kouhyou_detail_004_kani=true&JigyosyoCd=1370201111-00&ServiceCd=320&Type=search", "url2": "https://www.sompocare.com" }, "geometry": { "type": "Point", "coordinates": [ 139.787213400000041, 35.6659431 ] } },
{ "type": "Feature", "properties": { "内容": "グループホームロンジェ【認知症対応型共同生活介護】東京都中央区入船1-1-13桜川敬老館等複合施設6階", "url": "https://www.kaigokensaku.mhlw.go.jp/13/index.php?action_kouhyou_detail_004_kani=true&JigyosyoCd=1390200234-00&ServiceCd=320&Type=search", "url2": "http://www.watona-ru.com/" }, "geometry": { "type": "Point", "coordinates": [ 139.7782205, 35.6737456 ] } },
{ "type": "Feature", "properties": { "内容": "グループホーム人形町【認知症対応型共同生活介護】東京都中央区日本橋人形町２－１４－５", "url": "https://www.kaigokensaku.mhlw.go.jp/13/index.php?action_kouhyou_detail_004_kani=true&JigyosyoCd=1390200085-00&ServiceCd=320&Type=search", "url2": "https://gh-ningyocho.amebaownd.com/" }, "geometry": { "type": "Point", "coordinates": [ 139.784849099999974, 35.6846048 ] } },
{ "type": "Feature", "properties": { "内容": "グループホームありすの杜きのこ南麻布I・II【認知症対応型共同生活介護】東京都港区南麻布４－６－１南棟", "url": "https://www.kaigokensaku.mhlw.go.jp/13/index.php?action_kouhyou_detail_004_kani=true&JigyosyoCd=1390300109-00&ServiceCd=320&Type=search", "url2": "http://www.kinoko-group.jp" }, "geometry": { "type": "Point", "coordinates": [ 139.726873899999987, 35.650218299999985 ] } },
{ "type": "Feature", "properties": { "内容": "グループホームみたて【認知症対応型共同生活介護】東京都港区港南4-5-3", "url": "https://www.kaigokensaku.mhlw.go.jp/13/index.php?action_kouhyou_detail_004_kani=true&JigyosyoCd=1370302216-00&ServiceCd=320&Type=search", "url2": "http://www.sukoyaka-fu.or.jp/" }, "geometry": { "type": "Point", "coordinates": [ 139.746489699999984, 35.6265189 ] } },
{ "type": "Feature", "properties": { "内容": "グループホームしろかね【認知症対応型共同生活介護】東京都港区白金3-3-1", "url": "https://www.kaigokensaku.mhlw.go.jp/13/index.php?action_kouhyou_detail_004_kani=true&JigyosyoCd=1390300059-00&ServiceCd=320&Type=search", "url2": "http://www.nichiigakkan.co.jp" }, "geometry": { "type": "Point", "coordinates": [ 139.729096, 35.6463716 ] } },
{ "type": "Feature", "properties": { "内容": "青山スクウェアーグループホーム【認知症対応型共同生活介護】東京都港区南青山1-18-8", "url": "https://www.kaigokensaku.mhlw.go.jp/13/index.php?action_kouhyou_detail_004_kani=true&JigyosyoCd=1390300521-00&ServiceCd=320&Type=search", "url2": "https://swct.or.jp/tatsuokag.html?page=facility_aoyama_gh" }, "geometry": { "type": "Point", "coordinates": [ 139.724968499999989, 35.6689177 ] } },
{ "type": "Feature", "properties": { "内容": "医療法人財団順和会　グループホーム青山【認知症対応型共同生活介護】東京都港区南青山1-3-16S棟２", "url": "https://www.kaigokensaku.mhlw.go.jp/13/index.php?action_kouhyou_detail_004_kani=true&JigyosyoCd=1390300067-00&ServiceCd=320&Type=search", "url2": "http://www.sannoclc.or.jp/gpaoyama/" }, "geometry": { "type": "Point", "coordinates": [ 139.725527199999988, 35.6712219 ] } },
{ "type": "Feature", "properties": { "内容": "優っくりグループホーム高輪台【認知症対応型共同生活介護】東京都港区高輪三丁目10番16号優っくり村高輪台", "url": "https://www.kaigokensaku.mhlw.go.jp/13/index.php?action_kouhyou_detail_004_kani=true&JigyosyoCd=1390300414-00&ServiceCd=320&Type=search", "url2": "https://www.foryou.or.jp/corp3/takanawadaigrouphome/" }, "geometry": { "type": "Point", "coordinates": [ 139.7321475, 35.6310509 ] } },
{ "type": "Feature", "properties": { "内容": "グループホーム　神楽坂【認知症対応型共同生活介護】東京都新宿区矢来町104高齢者福祉施設神楽坂", "url": "https://www.kaigokensaku.mhlw.go.jp/13/index.php?action_kouhyou_detail_004_kani=true&JigyosyoCd=1390400131-00&ServiceCd=320&Type=search", "url2": "https://misasakai.ecat.jp/catalog/products/detail?id=8" }, "geometry": { "type": "Point", "coordinates": [ 139.7340405, 35.7033677 ] } },
{ "type": "Feature", "properties": { "内容": "グループホーム　聖母【認知症対応型共同生活介護】東京都新宿区中落合２－５－２１", "url": "https://www.kaigokensaku.mhlw.go.jp/13/index.php?action_kouhyou_detail_004_kani=true&JigyosyoCd=1390400263-00&ServiceCd=320&Type=search", "url2": "http://www.seibohome.jp/" }, "geometry": { "type": "Point", "coordinates": [ 139.6946269, 35.7190369 ] } },
{ "type": "Feature", "properties": { "内容": "高齢者グループホームみなみ新宿市ヶ谷【認知症対応型共同生活介護】東京都新宿区払方35-1", "url": "https://www.kaigokensaku.mhlw.go.jp/13/index.php?action_kouhyou_detail_004_kani=true&JigyosyoCd=1390400784-00&ServiceCd=320&Type=search", "url2": "https://www.aikokai-minamigp.or.jp/" }, "geometry": { "type": "Point", "coordinates": [ 139.733410579098546, 35.696621569621357 ] } },
{ "type": "Feature", "properties": { "内容": "せらび新宿【認知症対応型共同生活介護】東京都新宿区北新宿4-11-13", "url": "https://www.kaigokensaku.mhlw.go.jp/13/index.php?action_kouhyou_detail_004_kani=true&JigyosyoCd=1370402271-00&ServiceCd=320&Type=search", "url2": "https://www.solasto.co.jp" }, "geometry": { "type": "Point", "coordinates": [ 139.6930918, 35.7083434 ] } },
{ "type": "Feature", "properties": { "内容": "優っくりグループホーム新宿区西落合【認知症対応型共同生活介護】東京都新宿区西落合二丁目8-7", "url": "https://www.kaigokensaku.mhlw.go.jp/13/index.php?action_kouhyou_detail_004_kani=true&JigyosyoCd=1390400289-00&ServiceCd=320&Type=search", "url2": "https://www.foryou.or.jp/corp3/nishiochiaigrouphome/" }, "geometry": { "type": "Point", "coordinates": [ 139.6788243, 35.7185088 ] } },
{ "type": "Feature", "properties": { "内容": "グループホームなごみ西落合【認知症対応型共同生活介護】東京都新宿区西落合４－８－１９", "url": "https://www.kaigokensaku.mhlw.go.jp/13/index.php?action_kouhyou_detail_004_kani=true&JigyosyoCd=1370401406-00&ServiceCd=320&Type=search", "url2": "http://www.enzeru.co.jp" }, "geometry": { "type": "Point", "coordinates": [ 139.67950559999997, 35.7280077 ] } },
{ "type": "Feature", "properties": { "内容": "グループホーム静華庵【認知症対応型共同生活介護】東京都新宿区市谷山伏町2-2神楽坂HDビル4階・5階", "url": "https://www.kaigokensaku.mhlw.go.jp/13/index.php?action_kouhyou_detail_004_kani=true&JigyosyoCd=1390400719-00&ServiceCd=320&Type=search", "url2": "http://www.mc-ikkou.com" }, "geometry": { "type": "Point", "coordinates": [ 139.72766390000001, 35.6994206 ] } },
{ "type": "Feature", "properties": { "内容": "原町グループホーム【認知症対応型共同生活介護】東京都新宿区原町3-84原町高齢者複合施設３F,4F", "url": "https://www.kaigokensaku.mhlw.go.jp/13/index.php?action_kouhyou_detail_004_kani=true&JigyosyoCd=1390400180-00&ServiceCd=320&Type=search", "url2": "http://www.doen.jp/" }, "geometry": { "type": "Point", "coordinates": [ 139.721975673541237, 35.699196012799462 ] } },
{ "type": "Feature", "properties": { "内容": "グループホーム　あんじゅうむ大久保【認知症対応型共同生活介護】東京都新宿区大久保1丁目10‐19", "url": "https://www.kaigokensaku.mhlw.go.jp/13/index.php?action_kouhyou_detail_004_kani=true&JigyosyoCd=1390400420-00&ServiceCd=320&Type=search", "url2": "https://j-lifedesign.wixsite.com/ookubo" }, "geometry": { "type": "Point", "coordinates": [ 139.7044383, 35.7004541 ] } },
{ "type": "Feature", "properties": { "内容": "ワセダグループホーム【認知症対応型共同生活介護】東京都新宿区早稲田鶴巻町519-3", "url": "https://www.kaigokensaku.mhlw.go.jp/13/index.php?action_kouhyou_detail_004_kani=true&JigyosyoCd=1390400016-00&ServiceCd=320&Type=search", "url2": "http://www.mct.or.jp/" }, "geometry": { "type": "Point", "coordinates": [ 139.72368819999997, 35.7076948 ] } },
{ "type": "Feature", "properties": { "内容": "笑がおの園新宿【認知症対応型共同生活介護】東京都新宿区西新宿4-15-1西新宿パークハイツ2階", "url": "https://www.kaigokensaku.mhlw.go.jp/13/index.php?action_kouhyou_detail_004_kani=true&JigyosyoCd=1390400552-00&ServiceCd=320&Type=search", "url2": "https://egaoshinjuku.com/" }, "geometry": { "type": "Point", "coordinates": [ 139.687906899999973, 35.6897737 ] } },
{ "type": "Feature", "properties": { "内容": "より処ぬくみ・くるみ【認知症対応型共同生活介護】東京都新宿区高田馬場１－２０－１６社会福祉法人　サン", "url": "https://www.kaigokensaku.mhlw.go.jp/13/index.php?action_kouhyou_detail_004_kani=true&JigyosyoCd=1370401331-00&ServiceCd=320&Type=search", "url2": "http://www.yoridokoro.or.jp/group.html" }, "geometry": { "type": "Point", "coordinates": [ 139.705779574868785, 35.709411565328914 ] } },
{ "type": "Feature", "properties": { "内容": "泉湧く憩いの家【認知症対応型共同生活介護】東京都文京区千石2-31-9", "url": "https://www.kaigokensaku.mhlw.go.jp/13/index.php?action_kouhyou_detail_004_kani=true&JigyosyoCd=1390500013-00&ServiceCd=320&Type=search", "url2": "http://www.izumiwaku-ie.jp/ikoi#ttl-ikebukuronoie" }, "geometry": { "type": "Point", "coordinates": [ 139.741352400000011, 35.7249171 ] } },
{ "type": "Feature", "properties": { "内容": "花物語ぶんきょういつつ星【認知症対応型共同生活介護】東京都文京区小石川5-11-8", "url": "https://www.kaigokensaku.mhlw.go.jp/13/index.php?action_kouhyou_detail_004_kani=true&JigyosyoCd=1390500344-00&ServiceCd=320&Type=search", "url2": "https://jala.co.jp/" }, "geometry": { "type": "Point", "coordinates": [ 139.7412871, 35.7169544 ] } },
{ "type": "Feature", "properties": { "内容": "お寺のよこ【認知症対応型共同生活介護】東京都文京区向丘２－３８－５", "url": "https://www.kaigokensaku.mhlw.go.jp/13/index.php?action_kouhyou_detail_004_kani=true&JigyosyoCd=1370500892-00&ServiceCd=320&Type=search", "url2": "http://kimisanchi.org/" }, "geometry": { "type": "Point", "coordinates": [ 139.75558019999994, 35.7258601 ] } },
{ "type": "Feature", "properties": { "内容": "のんびり家【認知症対応型共同生活介護】東京都文京区向丘1-16-26小野ビル", "url": "https://www.kaigokensaku.mhlw.go.jp/13/index.php?action_kouhyou_detail_004_kani=true&JigyosyoCd=1390500112-00&ServiceCd=320&Type=search", "url2": null }, "geometry": { "type": "Point", "coordinates": [ 139.7571369, 35.7189925 ] } },
{ "type": "Feature", "properties": { "内容": "グループホーム　白山みやびの郷【認知症対応型共同生活介護】東京都文京区白山2-29-9", "url": "https://www.kaigokensaku.mhlw.go.jp/13/index.php?action_kouhyou_detail_004_kani=true&JigyosyoCd=1390500138-00&ServiceCd=320&Type=search", "url2": null }, "geometry": { "type": "Point", "coordinates": [ 139.750983499999961, 35.7176332 ] } },
{ "type": "Feature", "properties": { "内容": "グッドライフケアホーム向丘【認知症対応型共同生活介護】東京都文京区西片2-19-15グッドライフケアセンター向丘", "url": "https://www.kaigokensaku.mhlw.go.jp/13/index.php?action_kouhyou_detail_004_kani=true&JigyosyoCd=1390500237-00&ServiceCd=320&Type=search", "url2": "https://goodlifecare.co.jp/company/" }, "geometry": { "type": "Point", "coordinates": [ 139.756979390213019, 35.716395825881591 ] } },
{ "type": "Feature", "properties": { "内容": "愛の家グループホーム文京本駒込【認知症対応型共同生活介護】東京都文京区本駒込５－６６－５愛の家グループホーム文京本駒込", "url": "https://www.kaigokensaku.mhlw.go.jp/13/index.php?action_kouhyou_detail_004_kani=true&JigyosyoCd=1390500369-00&ServiceCd=320&Type=search", "url2": "https://mcs-ainoie.com/search/tokyo/bunkyoku/gh309/" }, "geometry": { "type": "Point", "coordinates": [ 139.751517400000012, 35.7340614 ] } },
{ "type": "Feature", "properties": { "内容": "グループホーム文京あやめ【認知症対応型共同生活介護】東京都文京区小日向1-23-20グループホーム文京あやめ", "url": "https://www.kaigokensaku.mhlw.go.jp/13/index.php?action_kouhyou_detail_004_kani=true&JigyosyoCd=1390500278-00&ServiceCd=320&Type=search", "url2": null }, "geometry": { "type": "Point", "coordinates": [ 139.737559799999985, 35.7137235 ] } },
{ "type": "Feature", "properties": { "内容": "グループホームソラスト台東【認知症対応型共同生活介護】東京都台東区台東2-3-6ソラスト台東ビル　５～８階", "url": "https://www.kaigokensaku.mhlw.go.jp/13/index.php?action_kouhyou_detail_004_kani=true&JigyosyoCd=1390600144-00&ServiceCd=320&Type=search", "url2": "http://www.solasto.co.jp/fukushi/kaigo.html" }, "geometry": { "type": "Point", "coordinates": [ 139.77966, 35.7026691 ] } },
{ "type": "Feature", "properties": { "内容": "グループホーム　なごみ浅草【認知症対応型共同生活介護】東京都台東区浅草７－５－４", "url": "https://www.kaigokensaku.mhlw.go.jp/13/index.php?action_kouhyou_detail_004_kani=true&JigyosyoCd=1370601641-00&ServiceCd=320&Type=search", "url2": "http://www.enzeru.co.jp" }, "geometry": { "type": "Point", "coordinates": [ 139.802118599999972, 35.7171488 ] } },
{ "type": "Feature", "properties": { "内容": "ﾊﾋﾞﾘｽ･ﾘ･ﾄｷ台東【認知症対応型共同生活介護】東京都台東区日本堤２－３０－３", "url": "https://www.kaigokensaku.mhlw.go.jp/13/index.php?action_kouhyou_detail_004_kani=true&JigyosyoCd=1390600185-00&ServiceCd=320&Type=search", "url2": null }, "geometry": { "type": "Point", "coordinates": [ 139.79821391349185, 35.72866618776586 ] } },
{ "type": "Feature", "properties": { "内容": "グループホームふれやか浅草【認知症対応型共同生活介護】東京都台東区浅草６－２９－３YANAGINUMA浅草ビル", "url": "https://www.kaigokensaku.mhlw.go.jp/13/index.php?action_kouhyou_detail_004_kani=true&JigyosyoCd=1390600045-00&ServiceCd=320&Type=search", "url2": "http://www.fureyaka.jp" }, "geometry": { "type": "Point", "coordinates": [ 139.7992633, 35.7174682 ] } },
{ "type": "Feature", "properties": { "内容": "グループホーム東京東浅草の家【認知症対応型共同生活介護】東京都台東区東浅草2丁目16番地6号", "url": "https://www.kaigokensaku.mhlw.go.jp/13/index.php?action_kouhyou_detail_004_kani=true&JigyosyoCd=1390600094-00&ServiceCd=320&Type=search", "url2": null }, "geometry": { "type": "Point", "coordinates": [ 139.800985, 35.7243927 ] } },
{ "type": "Feature", "properties": { "内容": "はなまるホーム浅草【認知症対応型共同生活介護】東京都台東区浅草６－６－３", "url": "https://www.kaigokensaku.mhlw.go.jp/13/index.php?action_kouhyou_detail_004_kani=true&JigyosyoCd=1390600102-00&ServiceCd=320&Type=search", "url2": "http://aiseifukushi.jp/" }, "geometry": { "type": "Point", "coordinates": [ 139.799724500000025, 35.71576 ] } },
{ "type": "Feature", "properties": { "内容": "グループホーム　オアシスケア根岸【認知症対応型共同生活介護】東京都台東区根岸5-8-23", "url": "https://www.kaigokensaku.mhlw.go.jp/13/index.php?action_kouhyou_detail_004_kani=true&JigyosyoCd=1390600193-00&ServiceCd=320&Type=search", "url2": "http://oasiscare.jp" }, "geometry": { "type": "Point", "coordinates": [ 139.78500269999995, 35.7274836 ] } },
{ "type": "Feature", "properties": { "内容": "はなまるホーム浅草北【認知症対応型共同生活介護】東京都台東区清川1-27-7", "url": "https://www.kaigokensaku.mhlw.go.jp/13/index.php?action_kouhyou_detail_004_kani=true&JigyosyoCd=1390600326-00&ServiceCd=320&Type=search", "url2": "https://www.aiseifukushi.jp/" }, "geometry": { "type": "Point", "coordinates": [ 139.8045725, 35.7256855 ] } },
{ "type": "Feature", "properties": { "内容": "花物語あさくさ【認知症対応型共同生活介護】東京都台東区清川1-7-3", "url": "https://www.kaigokensaku.mhlw.go.jp/13/index.php?action_kouhyou_detail_004_kani=true&JigyosyoCd=1390600391-00&ServiceCd=320&Type=search", "url2": null }, "geometry": { "type": "Point", "coordinates": [ 139.8016381, 35.7236684 ] } },
{ "type": "Feature", "properties": { "内容": "せらび　向島【認知症対応型共同生活介護】東京都墨田区東向島4-31-3", "url": "https://www.kaigokensaku.mhlw.go.jp/13/index.php?action_kouhyou_detail_004_kani=true&JigyosyoCd=1390700142-00&ServiceCd=320&Type=search", "url2": "http://www.j-carelink.co.jp/" }, "geometry": { "type": "Point", "coordinates": [ 139.818167200000062, 35.7239708 ] } },
{ "type": "Feature", "properties": { "内容": "さんいくの家あづま【認知症対応型共同生活介護】東京都墨田区立花1-25-12", "url": "https://www.kaigokensaku.mhlw.go.jp/13/index.php?action_kouhyou_detail_004_kani=true&JigyosyoCd=1390700241-00&ServiceCd=320&Type=search", "url2": "http://www.san-ikukai.or.jp/sumida/seifu" }, "geometry": { "type": "Point", "coordinates": [ 139.831196930688549, 35.705044385141846 ] } },
{ "type": "Feature", "properties": { "内容": "グループホームかねがふち【認知症対応型共同生活介護】東京都墨田区墨田３－４１－１５墨田医療福祉会館３、４階", "url": "https://www.kaigokensaku.mhlw.go.jp/13/index.php?action_kouhyou_detail_004_kani=true&JigyosyoCd=1370701847-00&ServiceCd=320&Type=search", "url2": "http://www.sukoyaka-fu.or.jp/" }, "geometry": { "type": "Point", "coordinates": [ 139.823011, 35.7300649 ] } },
{ "type": "Feature", "properties": { "内容": "ニチイケアセンターおしあげ【認知症対応型共同生活介護】東京都墨田区太平３－１９－５", "url": "https://www.kaigokensaku.mhlw.go.jp/13/index.php?action_kouhyou_detail_004_kani=true&JigyosyoCd=1390700092-00&ServiceCd=320&Type=search", "url2": "http://www.nichiigakkan.co.jp/" }, "geometry": { "type": "Point", "coordinates": [ 139.813540500000045, 35.702475 ] } },
{ "type": "Feature", "properties": { "内容": "はなまるホーム八広【認知症対応型共同生活介護】東京都墨田区八広3-38-20", "url": "https://www.kaigokensaku.mhlw.go.jp/13/index.php?action_kouhyou_detail_004_kani=true&JigyosyoCd=1390700332-00&ServiceCd=320&Type=search", "url2": "http://www.aiseifukushi.jp/" }, "geometry": { "type": "Point", "coordinates": [ 139.829671800000028, 35.7187324 ] } },
{ "type": "Feature", "properties": { "内容": "グループホーム　福さん家【認知症対応型共同生活介護】東京都墨田区吾妻橋2-7-3", "url": "https://www.kaigokensaku.mhlw.go.jp/13/index.php?action_kouhyou_detail_004_kani=true&JigyosyoCd=1370700922-00&ServiceCd=320&Type=search", "url2": "http://www.sukoyaka-fu.or.jp" }, "geometry": { "type": "Point", "coordinates": [ 139.803652199999988, 35.7097299 ] } },
{ "type": "Feature", "properties": { "内容": "グループホームかがやき両国【認知症対応型共同生活介護】東京都墨田区横網２－１４－１５", "url": "https://www.kaigokensaku.mhlw.go.jp/13/index.php?action_kouhyou_detail_004_kani=true&JigyosyoCd=1390700175-00&ServiceCd=320&Type=search", "url2": "http://gh-kagayaki.jp/" }, "geometry": { "type": "Point", "coordinates": [ 139.795492200000012, 35.7016417 ] } },
{ "type": "Feature", "properties": { "内容": "グループホームすこやかの家業平【認知症対応型共同生活介護】東京都墨田区業平2-9-9業平医療福祉会館4階、5階", "url": "https://www.kaigokensaku.mhlw.go.jp/13/index.php?action_kouhyou_detail_004_kani=true&JigyosyoCd=1390700183-00&ServiceCd=320&Type=search", "url2": "http://www.sukoyaka-fu.or.jp/jigyosho/gh/gh.html" }, "geometry": { "type": "Point", "coordinates": [ 139.812468199999984, 35.7078162 ] } },
{ "type": "Feature", "properties": { "内容": "ヒューマンライフケア墨田グループホーム【認知症対応型共同生活介護】東京都墨田区京島1-43-9", "url": "https://www.kaigokensaku.mhlw.go.jp/13/index.php?action_kouhyou_detail_004_kani=true&JigyosyoCd=1390700282-00&ServiceCd=320&Type=search", "url2": "http://hlc.athuman.com" }, "geometry": { "type": "Point", "coordinates": [ 139.82059490000006, 35.7193878 ] } },
{ "type": "Feature", "properties": { "内容": "グループホーム銀木犀＜錦糸町＞【認知症対応型共同生活介護】東京都墨田区亀沢3-3-11", "url": "https://www.kaigokensaku.mhlw.go.jp/13/index.php?action_kouhyou_detail_004_kani=true&JigyosyoCd=1390700324-00&ServiceCd=320&Type=search", "url2": "http://www.ginmokusei.net/" }, "geometry": { "type": "Point", "coordinates": [ 139.805166485913787, 35.696458636752496 ] } },
{ "type": "Feature", "properties": { "内容": "ちんとんしゃん【認知症対応型共同生活介護】東京都墨田区堤通１－１２－５", "url": "https://www.kaigokensaku.mhlw.go.jp/13/index.php?action_kouhyou_detail_004_kani=true&JigyosyoCd=1390700340-00&ServiceCd=320&Type=search", "url2": null }, "geometry": { "type": "Point", "coordinates": [ 139.8119259, 35.7255206 ] } },
{ "type": "Feature", "properties": { "内容": "グループホームみんなの家・墨田【認知症対応型共同生活介護】東京都墨田区墨田4-8-12", "url": "https://www.kaigokensaku.mhlw.go.jp/13/index.php?action_kouhyou_detail_004_kani=true&JigyosyoCd=1390700373-00&ServiceCd=320&Type=search", "url2": "http://www.kaigo.aisok.co.jp/" }, "geometry": { "type": "Point", "coordinates": [ 139.8219527, 35.7329314 ] } },
{ "type": "Feature", "properties": { "内容": "グループホーム石原あやめ【認知症対応型共同生活介護】東京都墨田区石原2-3-4", "url": "https://www.kaigokensaku.mhlw.go.jp/13/index.php?action_kouhyou_detail_004_kani=true&JigyosyoCd=1390700381-00&ServiceCd=320&Type=search", "url2": null }, "geometry": { "type": "Point", "coordinates": [ 139.801652800000056, 35.6991698 ] } },
{ "type": "Feature", "properties": { "内容": "グループホーム業平あやめ【認知症対応型共同生活介護】東京都墨田区業平4-5-10", "url": "https://www.kaigokensaku.mhlw.go.jp/13/index.php?action_kouhyou_detail_004_kani=true&JigyosyoCd=1390700399-00&ServiceCd=320&Type=search", "url2": "https://solasto-kaigo.com/care/area/gh-narihira.html" }, "geometry": { "type": "Point", "coordinates": [ 139.815766435928879, 35.707588353283569 ] } },
{ "type": "Feature", "properties": { "内容": "グループホームきらら曳舟【認知症対応型共同生活介護】東京都墨田区京島3-62-6", "url": "https://www.kaigokensaku.mhlw.go.jp/13/index.php?action_kouhyou_detail_004_kani=true&JigyosyoCd=1390700639-00&ServiceCd=320&Type=search", "url2": "https://www.starts-care.jp/" }, "geometry": { "type": "Point", "coordinates": [ 139.824209200000013, 35.7128971 ] } },
{ "type": "Feature", "properties": { "内容": "花物語りょうごく【認知症対応型共同生活介護】東京都墨田区緑1-13-19", "url": "https://www.kaigokensaku.mhlw.go.jp/13/index.php?action_kouhyou_detail_004_kani=true&JigyosyoCd=1390700746-00&ServiceCd=320&Type=search", "url2": null }, "geometry": { "type": "Point", "coordinates": [ 139.798641195770244, 35.694303243445603 ] } },
{ "type": "Feature", "properties": { "内容": "カームガーデン小村井【認知症対応型共同生活介護】東京都墨田区立花5丁目26番地２番", "url": "https://www.kaigokensaku.mhlw.go.jp/13/index.php?action_kouhyou_detail_004_kani=true&JigyosyoCd=1390700753-00&ServiceCd=320&Type=search", "url2": "https://www.care-partner.com/place/omurai-grouphome/" }, "geometry": { "type": "Point", "coordinates": [ 139.831294900000017, 35.7111668 ] } },
{ "type": "Feature", "properties": { "内容": "グループホーム東京墨田の家【認知症対応型共同生活介護】東京都墨田区八広一丁目１６番１６号グループホーム東京墨田の家", "url": "https://www.kaigokensaku.mhlw.go.jp/13/index.php?action_kouhyou_detail_004_kani=true&JigyosyoCd=1390700159-00&ServiceCd=320&Type=search", "url2": null }, "geometry": { "type": "Point", "coordinates": [ 139.822492, 35.7198683 ] } },
{ "type": "Feature", "properties": { "内容": "花物語とよす【認知症対応型共同生活介護】東京都江東区枝川2-14-2", "url": "https://www.kaigokensaku.mhlw.go.jp/13/index.php?action_kouhyou_detail_004_kani=true&JigyosyoCd=1390800520-00&ServiceCd=320&Type=search", "url2": "https://hana-kaigo.jala.co.jp" }, "geometry": { "type": "Point", "coordinates": [ 139.80669701303367, 35.657935979406403 ] } },
{ "type": "Feature", "properties": { "内容": "グループホームこすもす【認知症対応型共同生活介護】東京都江東区大島９－６－１６", "url": "https://www.kaigokensaku.mhlw.go.jp/13/index.php?action_kouhyou_detail_004_kani=true&JigyosyoCd=1370801365-00&ServiceCd=320&Type=search", "url2": "http://www.kotokotobukikai.or.jp/" }, "geometry": { "type": "Point", "coordinates": [ 139.844829399999981, 35.693149 ] } },
{ "type": "Feature", "properties": { "内容": "認知症高齢者グループホーム　サンライズホーム【認知症対応型共同生活介護】東京都江東区枝川三丁目8番18号", "url": "https://www.kaigokensaku.mhlw.go.jp/13/index.php?action_kouhyou_detail_004_kani=true&JigyosyoCd=1370802645-00&ServiceCd=320&Type=search", "url2": null }, "geometry": { "type": "Point", "coordinates": [ 139.811941299999944, 35.658744 ] } },
{ "type": "Feature", "properties": { "内容": "グループホーム　カメリア【認知症対応型共同生活介護】東京都江東区亀戸３丁目３６番５号", "url": "https://www.kaigokensaku.mhlw.go.jp/13/index.php?action_kouhyou_detail_004_kani=true&JigyosyoCd=1390800074-00&ServiceCd=320&Type=search", "url2": "http://www.camellia-kai.com/" }, "geometry": { "type": "Point", "coordinates": [ 139.819939799999929, 35.7070191 ] } },
{ "type": "Feature", "properties": { "内容": "グループホーム東桜の里・深川北【認知症対応型共同生活介護】東京都江東区千田13番７号", "url": "https://www.kaigokensaku.mhlw.go.jp/13/index.php?action_kouhyou_detail_004_kani=true&JigyosyoCd=1390800058-00&ServiceCd=320&Type=search", "url2": "http://www.koujyukai.com/company/index.html" }, "geometry": { "type": "Point", "coordinates": [ 139.8152459, 35.682336500000034 ] } },
{ "type": "Feature", "properties": { "内容": "グループホーム東京江東の家【認知症対応型共同生活介護】東京都江東区東砂７－１１－１４", "url": "https://www.kaigokensaku.mhlw.go.jp/13/index.php?action_kouhyou_detail_004_kani=true&JigyosyoCd=1390800066-00&ServiceCd=320&Type=search", "url2": null }, "geometry": { "type": "Point", "coordinates": [ 139.840274570465454, 35.672263975588393 ] } },
{ "type": "Feature", "properties": { "内容": "グループホームあいり【認知症対応型共同生活介護】東京都江東区大島３－３０－１１", "url": "https://www.kaigokensaku.mhlw.go.jp/13/index.php?action_kouhyou_detail_004_kani=true&JigyosyoCd=1390800090-00&ServiceCd=320&Type=search", "url2": "https://wwwkaigo-airi.com" }, "geometry": { "type": "Point", "coordinates": [ 139.8307552, 35.69051510000002 ] } },
{ "type": "Feature", "properties": { "内容": "グループホームきらら木場公園【認知症対応型共同生活介護】東京都江東区平野3-7-8グループホームきらら木場公園", "url": "https://www.kaigokensaku.mhlw.go.jp/13/index.php?action_kouhyou_detail_004_kani=true&JigyosyoCd=1390800157-00&ServiceCd=320&Type=search", "url2": "http：//ｗｗｗ.start-care.jp" }, "geometry": { "type": "Point", "coordinates": [ 139.805478, 35.6782052 ] } },
{ "type": "Feature", "properties": { "内容": "グループホーム新砂【認知症対応型共同生活介護】東京都江東区新砂3丁目3-11", "url": "https://www.kaigokensaku.mhlw.go.jp/13/index.php?action_kouhyou_detail_004_kani=true&JigyosyoCd=1390800165-00&ServiceCd=320&Type=search", "url2": "http://www.kohoen.jp" }, "geometry": { "type": "Point", "coordinates": [ 139.832766699999979, 35.6667657 ] } },
{ "type": "Feature", "properties": { "内容": "グループホームきらら南砂町【認知症対応型共同生活介護】東京都江東区南砂3-8-28", "url": "https://www.kaigokensaku.mhlw.go.jp/13/index.php?action_kouhyou_detail_004_kani=true&JigyosyoCd=1390800231-00&ServiceCd=320&Type=search", "url2": "http://www.starts.co.jp/s-careservice" }, "geometry": { "type": "Point", "coordinates": [ 139.830795200000011, 35.670611 ] } },
{ "type": "Feature", "properties": { "内容": "コンフォートフィオーレ木場公園【認知症対応型共同生活介護】東京都江東区東陽5-12-12", "url": "https://www.kaigokensaku.mhlw.go.jp/13/index.php?action_kouhyou_detail_004_kani=true&JigyosyoCd=1390800249-00&ServiceCd=320&Type=search", "url2": "http://www.conffort.jp/com/" }, "geometry": { "type": "Point", "coordinates": [ 139.811285399999946, 35.6728646 ] } },
{ "type": "Feature", "properties": { "内容": "グループホームきらら東大島【認知症対応型共同生活介護】東京都江東区大島7-25-1", "url": "https://www.kaigokensaku.mhlw.go.jp/13/index.php?action_kouhyou_detail_004_kani=true&JigyosyoCd=1390800256-00&ServiceCd=320&Type=search", "url2": "https://www.starts.co.jp/s-careservice/kirara/k_higashioojima/" }, "geometry": { "type": "Point", "coordinates": [ 139.840765799999986, 35.6912297 ] } },
{ "type": "Feature", "properties": { "内容": "グループホーム天神あやめ【認知症対応型共同生活介護】東京都江東区亀戸２－８－７和田屋ビル", "url": "https://www.kaigokensaku.mhlw.go.jp/13/index.php?action_kouhyou_detail_004_kani=true&JigyosyoCd=1390800272-00&ServiceCd=320&Type=search", "url2": null }, "geometry": { "type": "Point", "coordinates": [ 139.822281400000065, 35.7013779 ] } },
{ "type": "Feature", "properties": { "内容": "グループホームファンライフ江東【認知症対応型共同生活介護】東京都江東区海辺14-5ファンライフ江東", "url": "https://www.kaigokensaku.mhlw.go.jp/13/index.php?action_kouhyou_detail_004_kani=true&JigyosyoCd=1390800421-00&ServiceCd=320&Type=search", "url2": "https://www.sou-seniorcare.co.jp/company/outline/" }, "geometry": { "type": "Point", "coordinates": [ 139.817418, 35.6815247 ] } },
{ "type": "Feature", "properties": { "内容": "優っくりグループホーム江東北砂【認知症対応型共同生活介護】東京都江東区北砂6-27-17サイワメディカルクリニック　3-5階", "url": "https://www.kaigokensaku.mhlw.go.jp/13/index.php?action_kouhyou_detail_004_kani=true&JigyosyoCd=1390800439-00&ServiceCd=320&Type=search", "url2": "https://www.foryou.or.jp/corp3/kitasunagrouphome/" }, "geometry": { "type": "Point", "coordinates": [ 139.8384514, 35.6807618 ] } },
{ "type": "Feature", "properties": { "内容": "ライブラリ北砂【認知症対応型共同生活介護】東京都江東区北砂1丁目4－21ライブラリ北砂", "url": "https://www.kaigokensaku.mhlw.go.jp/13/index.php?action_kouhyou_detail_004_kani=true&JigyosyoCd=1390800538-00&ServiceCd=320&Type=search", "url2": "http://www.living-platform.com" }, "geometry": { "type": "Point", "coordinates": [ 139.8240021, 35.6820429 ] } },
{ "type": "Feature", "properties": { "内容": "花物語こうとう南【認知症対応型共同生活介護】東京都江東区南砂4-15-22", "url": "https://www.kaigokensaku.mhlw.go.jp/13/index.php?action_kouhyou_detail_004_kani=true&JigyosyoCd=1390800561-00&ServiceCd=320&Type=search", "url2": "https://hana-kaigo.jala.co.jp" }, "geometry": { "type": "Point", "coordinates": [ 139.830325499999987, 35.6724962 ] } },
{ "type": "Feature", "properties": { "内容": "グループホームきらら亀戸【認知症対応型共同生活介護】東京都江東区亀戸6-32-15グループホームきらら亀戸", "url": "https://www.kaigokensaku.mhlw.go.jp/13/index.php?action_kouhyou_detail_004_kani=true&JigyosyoCd=1390800595-00&ServiceCd=320&Type=search", "url2": null }, "geometry": { "type": "Point", "coordinates": [ 139.8295759, 35.694296 ] } },
{ "type": "Feature", "properties": { "内容": "花物語かめいど【認知症対応型共同生活介護】東京都江東区亀戸6丁目32番7号キングスコート", "url": "https://www.kaigokensaku.mhlw.go.jp/13/index.php?action_kouhyou_detail_004_kani=true&JigyosyoCd=1390800603-00&ServiceCd=320&Type=search", "url2": null }, "geometry": { "type": "Point", "coordinates": [ 139.829041499999988, 35.6945176 ] } },
{ "type": "Feature", "properties": { "内容": "グループホーム扇苑深川【認知症対応型共同生活介護】東京都江東区扇橋2丁目1番8号", "url": "https://www.kaigokensaku.mhlw.go.jp/13/index.php?action_kouhyou_detail_004_kani=true&JigyosyoCd=1390800686-00&ServiceCd=320&Type=search", "url2": "https://www.ghohgien-fukagawa.com/index.html" }, "geometry": { "type": "Point", "coordinates": [ 139.814486499999987, 35.6826068 ] } },
{ "type": "Feature", "properties": { "内容": "グループホームむつみ園【認知症対応型共同生活介護】東京都江東区深川２－１４－９", "url": "https://www.kaigokensaku.mhlw.go.jp/13/index.php?action_kouhyou_detail_004_kani=true&JigyosyoCd=1390800710-00&ServiceCd=320&Type=search", "url2": "https://www.mutsumikai-g.or.jp/" }, "geometry": { "type": "Point", "coordinates": [ 139.7983222, 35.6754727 ] } },
{ "type": "Feature", "properties": { "内容": "グループホームきらら南砂元八幡【認知症対応型共同生活介護】東京都江東区南砂７－１２－３グループホームきらら南砂元八幡", "url": "https://www.kaigokensaku.mhlw.go.jp/13/index.php?action_kouhyou_detail_004_kani=true&JigyosyoCd=1390800512-00&ServiceCd=320&Type=search", "url2": "https://www.starts-care.jp" }, "geometry": { "type": "Point", "coordinates": [ 139.836492299999946, 35.6685274 ] } },
{ "type": "Feature", "properties": { "内容": "気手来手くんの家南砂町【認知症対応型共同生活介護】東京都江東区北砂7-9-7", "url": "https://www.kaigokensaku.mhlw.go.jp/13/index.php?action_kouhyou_detail_004_kani=true&JigyosyoCd=1390800033-00&ServiceCd=320&Type=search", "url2": "http://www.saneido.co.jp" }, "geometry": { "type": "Point", "coordinates": [ 139.835630199999969, 35.6768618 ] } },
{ "type": "Feature", "properties": { "内容": "花物語こうとう北【認知症対応型共同生活介護】東京都江東区北砂2-11-7花物語こうとう北", "url": "https://www.kaigokensaku.mhlw.go.jp/13/index.php?action_kouhyou_detail_004_kani=true&JigyosyoCd=1390800553-00&ServiceCd=320&Type=search", "url2": "https://jala.co.jp" }, "geometry": { "type": "Point", "coordinates": [ 139.827387200000032, 35.6803122 ] } },
{ "type": "Feature", "properties": { "内容": "ミモザ品川八潮【認知症対応型共同生活介護】東京都品川区八潮5-5-7", "url": "https://www.kaigokensaku.mhlw.go.jp/13/index.php?action_kouhyou_detail_004_kani=true&JigyosyoCd=1390900072-00&ServiceCd=320&Type=search", "url2": "http://www.mimoza-care.jp/" }, "geometry": { "type": "Point", "coordinates": [ 139.750141, 35.5989279 ] } },
{ "type": "Feature", "properties": { "内容": "認知症高齢者グループホームロイヤル西大井【認知症対応型共同生活介護】東京都品川区西大井２－４－４", "url": "https://www.kaigokensaku.mhlw.go.jp/13/index.php?action_kouhyou_detail_004_kani=true&JigyosyoCd=1370902577-00&ServiceCd=320&Type=search", "url2": "http://www.shunkoufukushikai.or.jp" }, "geometry": { "type": "Point", "coordinates": [ 139.722531500000059, 35.5999297 ] } },
{ "type": "Feature", "properties": { "内容": "品川区立八潮南認知症高齢者グループホーム　グループホーム八潮南【認知症対応型共同生活介護】東京都品川区八潮５－９－２", "url": "https://www.kaigokensaku.mhlw.go.jp/13/index.php?action_kouhyou_detail_004_kani=true&JigyosyoCd=1390900171-00&ServiceCd=320&Type=search", "url2": "http://www.shinafuku.com" }, "geometry": { "type": "Point", "coordinates": [ 139.7522047, 35.598953 ] } },
{ "type": "Feature", "properties": { "内容": "品川区立グループホーム杜松【認知症対応型共同生活介護】東京都品川区豊町4丁目24番15号", "url": "https://www.kaigokensaku.mhlw.go.jp/13/index.php?action_kouhyou_detail_004_kani=true&JigyosyoCd=1390900601-00&ServiceCd=320&Type=search", "url2": null }, "geometry": { "type": "Point", "coordinates": [ 139.722614, 35.605989 ] } },
{ "type": "Feature", "properties": { "内容": "グループホーム　ｃａｒｎａ五反田【認知症対応型共同生活介護】東京都品川区西五反田3－10－9", "url": "https://www.kaigokensaku.mhlw.go.jp/13/index.php?action_kouhyou_detail_004_kani=true&JigyosyoCd=1390900312-00&ServiceCd=320&Type=search", "url2": "http://www.tmg.or.jp/carna_gotanda" }, "geometry": { "type": "Point", "coordinates": [ 139.715828399999964, 35.6272457 ] } },
{ "type": "Feature", "properties": { "内容": "グループホーム東大井【認知症対応型共同生活介護】東京都品川区東大井5-8-12", "url": "https://www.kaigokensaku.mhlw.go.jp/13/index.php?action_kouhyou_detail_004_kani=true&JigyosyoCd=1390900130-00&ServiceCd=320&Type=search", "url2": "http://www.enzeru.co.jp" }, "geometry": { "type": "Point", "coordinates": [ 139.737902399999939, 35.6076376 ] } },
{ "type": "Feature", "properties": { "内容": "品川区立小山地域密着型多機能ホーム　グループホーム小山【認知症対応型共同生活介護】東京都品川区小山7-14-4", "url": "https://www.kaigokensaku.mhlw.go.jp/13/index.php?action_kouhyou_detail_004_kani=true&JigyosyoCd=1390900056-00&ServiceCd=320&Type=search", "url2": "http://www.kinoko-group.jp" }, "geometry": { "type": "Point", "coordinates": [ 139.696780600000011, 35.608914 ] } },
{ "type": "Feature", "properties": { "内容": "認知症高齢者グループホームロイヤル中延【認知症対応型共同生活介護】東京都品川区中延５－９－２２", "url": "https://www.kaigokensaku.mhlw.go.jp/13/index.php?action_kouhyou_detail_004_kani=true&JigyosyoCd=1390900106-00&ServiceCd=320&Type=search", "url2": "http://www.shunkoufukushikai.or.jp" }, "geometry": { "type": "Point", "coordinates": [ 139.707157700000039, 35.6022151 ] } },
{ "type": "Feature", "properties": { "内容": "グループホームきらら品川荏原【認知症対応型共同生活介護】東京都品川区荏原6-17-10グループホームきらら品川荏原", "url": "https://www.kaigokensaku.mhlw.go.jp/13/index.php?action_kouhyou_detail_004_kani=true&JigyosyoCd=1390900247-00&ServiceCd=320&Type=search", "url2": "http://www.starts.co.jp/s-careservice" }, "geometry": { "type": "Point", "coordinates": [ 139.704077099999949, 35.6113445 ] } },
{ "type": "Feature", "properties": { "内容": "品川区立大井認知症高齢者グループホーム【認知症対応型共同生活介護】東京都品川区大井6－20－5", "url": "https://www.kaigokensaku.mhlw.go.jp/13/index.php?action_kouhyou_detail_004_kani=true&JigyosyoCd=1390900338-00&ServiceCd=320&Type=search", "url2": "http://keiai-nknk.jp" }, "geometry": { "type": "Point", "coordinates": [ 139.730345199999988, 35.5945251 ] } },
{ "type": "Feature", "properties": { "内容": "グループホーム　ソラストふたば【認知症対応型共同生活介護】東京都品川区二葉1-12-18", "url": "https://www.kaigokensaku.mhlw.go.jp/13/index.php?action_kouhyou_detail_004_kani=true&JigyosyoCd=1390900353-00&ServiceCd=320&Type=search", "url2": "https://www.solasto.co.jp/" }, "geometry": { "type": "Point", "coordinates": [ 139.726800900000029, 35.606796599999988 ] } },
{ "type": "Feature", "properties": { "内容": "品川区立東五反田地域密着型多機能ホーム　グループホーム東五反田【認知症対応型共同生活介護】東京都品川区東五反田4-11-6", "url": "https://www.kaigokensaku.mhlw.go.jp/13/index.php?action_kouhyou_detail_004_kani=true&JigyosyoCd=1390900403-00&ServiceCd=320&Type=search", "url2": "http://www.kinoko-group.jp/" }, "geometry": { "type": "Point", "coordinates": [ 139.725791299999969, 35.6303484 ] } },
{ "type": "Feature", "properties": { "内容": "花物語しながわ【認知症対応型共同生活介護】東京都品川区大井７－１８－1７", "url": "https://www.kaigokensaku.mhlw.go.jp/13/index.php?action_kouhyou_detail_004_kani=true&JigyosyoCd=1390900536-00&ServiceCd=320&Type=search", "url2": "https://jala.co.jp" }, "geometry": { "type": "Point", "coordinates": [ 139.725028, 35.5946597 ] } },
{ "type": "Feature", "properties": { "内容": "アースサポートグループホーム　武蔵小山【認知症対応型共同生活介護】東京都品川区小山4丁目5番16号", "url": "https://www.kaigokensaku.mhlw.go.jp/13/index.php?action_kouhyou_detail_004_kani=true&JigyosyoCd=1390900551-00&ServiceCd=320&Type=search", "url2": "https://www.earthsupport.co.jp/" }, "geometry": { "type": "Point", "coordinates": [ 139.7044003, 35.6180318 ] } },
{ "type": "Feature", "properties": { "内容": "グループホームめぐろ別荘【認知症対応型共同生活介護】東京都目黒区緑が丘3-10-25", "url": "https://www.kaigokensaku.mhlw.go.jp/13/index.php?action_kouhyou_detail_004_kani=true&JigyosyoCd=1391000633-00&ServiceCd=320&Type=search", "url2": "http://asunaro.blog" }, "geometry": { "type": "Point", "coordinates": [ 139.6805094, 35.6019448 ] } },
{ "type": "Feature", "properties": { "内容": "グループホーム鷹番あやめ【認知症対応型共同生活介護】東京都目黒区鷹番2-6-8グループホーム鷹番あやめ", "url": "https://www.kaigokensaku.mhlw.go.jp/13/index.php?action_kouhyou_detail_004_kani=true&JigyosyoCd=1391000278-00&ServiceCd=320&Type=search", "url2": "http://solasto-kaigo.com/care/area/gh-takaban.html" }, "geometry": { "type": "Point", "coordinates": [ 139.688864100000046, 35.6271894 ] } },
{ "type": "Feature", "properties": { "内容": "グループホームこまば【認知症対応型共同生活介護】東京都目黒区大橋2-19-1駒場苑", "url": "https://www.kaigokensaku.mhlw.go.jp/13/index.php?action_kouhyou_detail_004_kani=true&JigyosyoCd=1371001924-00&ServiceCd=320&Type=search", "url2": "http://komabaen.org/" }, "geometry": { "type": "Point", "coordinates": [ 139.682463191401695, 35.655433691980875 ] } },
{ "type": "Feature", "properties": { "内容": "グループホーム　みんなの家　目黒【認知症対応型共同生活介護】東京都目黒区中根１－１０－２２", "url": "https://www.kaigokensaku.mhlw.go.jp/13/index.php?action_kouhyou_detail_004_kani=true&JigyosyoCd=1371002062-00&ServiceCd=320&Type=search", "url2": null }, "geometry": { "type": "Point", "coordinates": [ 139.673110299999962, 35.6153292 ] } },
{ "type": "Feature", "properties": { "内容": "ニチイケアセンター目黒本町　グループホーム　ニチイのほほえみ【認知症対応型共同生活介護】東京都目黒区目黒本町2-17-1目黒本町ビル3F4F", "url": "https://www.kaigokensaku.mhlw.go.jp/13/index.php?action_kouhyou_detail_004_kani=true&JigyosyoCd=1391000070-00&ServiceCd=320&Type=search", "url2": null }, "geometry": { "type": "Point", "coordinates": [ 139.691061200000036, 35.6262867 ] } },
{ "type": "Feature", "properties": { "内容": "ニチイケアセンター都立大学【認知症対応型共同生活介護】東京都目黒区平町1-10-15ニチイケアセンター都立大学", "url": "https://www.kaigokensaku.mhlw.go.jp/13/index.php?action_kouhyou_detail_004_kani=true&JigyosyoCd=1391000088-00&ServiceCd=320&Type=search", "url2": "http://www.nichii-kaigo.jp/base/base-result/05S66/" }, "geometry": { "type": "Point", "coordinates": [ 139.67954850000001, 35.6186318 ] } },
{ "type": "Feature", "properties": { "内容": "グループホームひかり目黒【認知症対応型共同生活介護】東京都目黒区平町２丁目１５－２０", "url": "https://www.kaigokensaku.mhlw.go.jp/13/index.php?action_kouhyou_detail_004_kani=true&JigyosyoCd=1391000096-00&ServiceCd=320&Type=search", "url2": "http://www.gh-hikari.co.jp" }, "geometry": { "type": "Point", "coordinates": [ 139.67989579999994, 35.61506 ] } },
{ "type": "Feature", "properties": { "内容": "ウェルミー上目黒【認知症対応型共同生活介護】東京都目黒区上目黒4-11-2ウェルミー上目黒", "url": "https://www.kaigokensaku.mhlw.go.jp/13/index.php?action_kouhyou_detail_004_kani=true&JigyosyoCd=1391000120-00&ServiceCd=320&Type=search", "url2": "http://www.seikatsu-kagaku.co.jp/intro_house/kamimeguro/index.html" }, "geometry": { "type": "Point", "coordinates": [ 139.693263300000012, 35.6403296 ] } },
{ "type": "Feature", "properties": { "内容": "グループホームきらら目黒青葉台【認知症対応型共同生活介護】東京都目黒区青葉台3-15-17", "url": "https://www.kaigokensaku.mhlw.go.jp/13/index.php?action_kouhyou_detail_004_kani=true&JigyosyoCd=1391000138-00&ServiceCd=320&Type=search", "url2": "http://www.starts.co.jp/s-careservice/kirara/k_meguroaobadai/" }, "geometry": { "type": "Point", "coordinates": [ 139.691885400000047, 35.6504033 ] } },
{ "type": "Feature", "properties": { "内容": "グループホームかがやき目黒【認知症対応型共同生活介護】東京都目黒区目黒4-17-18グループホームかがやき目黒", "url": "https://www.kaigokensaku.mhlw.go.jp/13/index.php?action_kouhyou_detail_004_kani=true&JigyosyoCd=1391000245-00&ServiceCd=320&Type=search", "url2": "http://gh-hikari.co.jp/kagayakimeguro/" }, "geometry": { "type": "Point", "coordinates": [ 139.700896199999988, 35.6338528 ] } },
{ "type": "Feature", "properties": { "内容": "グループホーム　ソラスト碑文谷【認知症対応型共同生活介護】東京都目黒区碑文谷2-8-2ここちあ碑文谷", "url": "https://www.kaigokensaku.mhlw.go.jp/13/index.php?action_kouhyou_detail_004_kani=true&JigyosyoCd=1391000385-00&ServiceCd=320&Type=search", "url2": null }, "geometry": { "type": "Point", "coordinates": [ 139.688465299999962, 35.6229505 ] } },
{ "type": "Feature", "properties": { "内容": "グループホームかたくりの里目黒【認知症対応型共同生活介護】東京都目黒区目黒本町5-21-2", "url": "https://www.kaigokensaku.mhlw.go.jp/13/index.php?action_kouhyou_detail_004_kani=true&JigyosyoCd=1391000427-00&ServiceCd=320&Type=search", "url2": null }, "geometry": { "type": "Point", "coordinates": [ 139.699824499999977, 35.6196461 ] } },
{ "type": "Feature", "properties": { "内容": "グループホームたのしい家目黒東が丘【認知症対応型共同生活介護】東京都目黒区東が丘1-29-4", "url": "https://www.kaigokensaku.mhlw.go.jp/13/index.php?action_kouhyou_detail_004_kani=true&JigyosyoCd=1391000476-00&ServiceCd=320&Type=search", "url2": "https://www.care21.co.jp/" }, "geometry": { "type": "Point", "coordinates": [ 139.667052600000034, 35.6303048 ] } },
{ "type": "Feature", "properties": { "内容": "PLACES下目黒【認知症対応型共同生活介護】東京都目黒区下目黒6丁目3番11号", "url": "https://www.kaigokensaku.mhlw.go.jp/13/index.php?action_kouhyou_detail_004_kani=true&JigyosyoCd=1391000559-00&ServiceCd=320&Type=search", "url2": "http://3eee.co.jp" }, "geometry": { "type": "Point", "coordinates": [ 139.699690460049425, 35.628499133357415 ] } },
{ "type": "Feature", "properties": { "内容": "グループホーム　かがやき【認知症対応型共同生活介護】東京都大田区中央１丁目７番地３号", "url": "https://www.kaigokensaku.mhlw.go.jp/13/index.php?action_kouhyou_detail_004_kani=true&JigyosyoCd=1391100680-00&ServiceCd=320&Type=search", "url2": "http://www.gh-hikari.co.jp/" }, "geometry": { "type": "Point", "coordinates": [ 139.718449700000065, 35.580615299999984 ] } },
{ "type": "Feature", "properties": { "内容": "ライブラリ大森東１番館【認知症対応型共同生活介護】東京都大田区大森東4-40-3", "url": "https://www.kaigokensaku.mhlw.go.jp/13/index.php?action_kouhyou_detail_004_kani=true&JigyosyoCd=1391100979-00&ServiceCd=320&Type=search", "url2": "http:www.living-platform.com/" }, "geometry": { "type": "Point", "coordinates": [ 139.7385682, 35.5655417 ] } },
{ "type": "Feature", "properties": { "内容": "グループホームソラスト池上【認知症対応型共同生活介護】東京都大田区池上7‐23‐21", "url": "https://www.kaigokensaku.mhlw.go.jp/13/index.php?action_kouhyou_detail_004_kani=true&JigyosyoCd=1391101209-00&ServiceCd=320&Type=search", "url2": "https://www.solasto.co.jp/" }, "geometry": { "type": "Point", "coordinates": [ 139.6994138, 35.568528 ] } },
{ "type": "Feature", "properties": { "内容": "ライブラリ大田中央【認知症対応型共同生活介護】東京都大田区中央3－11－3ライブラリ大田中央", "url": "https://www.kaigokensaku.mhlw.go.jp/13/index.php?action_kouhyou_detail_004_kani=true&JigyosyoCd=1391100987-00&ServiceCd=320&Type=search", "url2": "https://www.living-platform.com/" }, "geometry": { "type": "Point", "coordinates": [ 139.719255299999986, 35.578174 ] } },
{ "type": "Feature", "properties": { "内容": "ミモザ多摩川【認知症対応型共同生活介護】東京都大田区多摩川1－16－5ミモザ多摩川", "url": "https://www.kaigokensaku.mhlw.go.jp/13/index.php?action_kouhyou_detail_004_kani=true&JigyosyoCd=1391101662-00&ServiceCd=320&Type=search", "url2": "https://mimoza-care.com/" }, "geometry": { "type": "Point", "coordinates": [ 139.697040500000014, 35.5642824 ] } },
{ "type": "Feature", "properties": { "内容": "グループホームさくらの家　東矢口【認知症対応型共同生活介護】東京都大田区東矢口2-6-24", "url": "https://www.kaigokensaku.mhlw.go.jp/13/index.php?action_kouhyou_detail_004_kani=true&JigyosyoCd=1391100177-00&ServiceCd=320&Type=search", "url2": "http://outoukai.com" }, "geometry": { "type": "Point", "coordinates": [ 139.698369599999978, 35.565309 ] } },
{ "type": "Feature", "properties": { "内容": "グループホームかたくりの里六郷【認知症対応型共同生活介護】東京都大田区西六郷4-21-8", "url": "https://www.kaigokensaku.mhlw.go.jp/13/index.php?action_kouhyou_detail_004_kani=true&JigyosyoCd=1391100631-00&ServiceCd=320&Type=search", "url2": null }, "geometry": { "type": "Point", "coordinates": [ 139.705181, 35.5417875 ] } },
{ "type": "Feature", "properties": { "内容": "ツクイ大田西六郷グループホーム【認知症対応型共同生活介護】東京都大田区西六郷3-31-12", "url": "https://www.kaigokensaku.mhlw.go.jp/13/index.php?action_kouhyou_detail_004_kani=true&JigyosyoCd=1391100748-00&ServiceCd=320&Type=search", "url2": "https://www.tsukui.net/group/2576/" }, "geometry": { "type": "Point", "coordinates": [ 139.703869630059444, 35.545215727178167 ] } },
{ "type": "Feature", "properties": { "内容": "グループホーム　たのしい家　中馬込【認知症対応型共同生活介護】東京都大田区中馬込2-9-11", "url": "https://www.kaigokensaku.mhlw.go.jp/13/index.php?action_kouhyou_detail_004_kani=true&JigyosyoCd=1391100847-00&ServiceCd=320&Type=search", "url2": "https://www.tanoshii-ie.jp/" }, "geometry": { "type": "Point", "coordinates": [ 139.708708, 35.5962382 ] } },
{ "type": "Feature", "properties": { "内容": "グループホーム・ハート【認知症対応型共同生活介護】東京都大田区羽田２－３１－１", "url": "https://www.kaigokensaku.mhlw.go.jp/13/index.php?action_kouhyou_detail_004_kani=true&JigyosyoCd=1391100441-00&ServiceCd=320&Type=search", "url2": "http://www.heart-haneda.net/" }, "geometry": { "type": "Point", "coordinates": [ 139.742614099999969, 35.5457431 ] } },
{ "type": "Feature", "properties": { "内容": "グループホーム友の里池上【認知症対応型共同生活介護】東京都大田区池上6-5-14", "url": "https://www.kaigokensaku.mhlw.go.jp/13/index.php?action_kouhyou_detail_004_kani=true&JigyosyoCd=1371102607-00&ServiceCd=320&Type=search", "url2": "http://www.total-care-servise.co.jp" }, "geometry": { "type": "Point", "coordinates": [ 139.704762764418064, 35.572339620591521 ] } },
{ "type": "Feature", "properties": { "内容": "グループホーム　虹の家　みちづか【認知症対応型共同生活介護】東京都大田区新蒲田３－２６－１７", "url": "https://www.kaigokensaku.mhlw.go.jp/13/index.php?action_kouhyou_detail_004_kani=true&JigyosyoCd=1371103522-00&ServiceCd=320&Type=search", "url2": null }, "geometry": { "type": "Point", "coordinates": [ 139.705972, 35.555691 ] } },
{ "type": "Feature", "properties": { "内容": "グループホーム　オーチク【認知症対応型共同生活介護】東京都大田区羽田２－２６－４", "url": "https://www.kaigokensaku.mhlw.go.jp/13/index.php?action_kouhyou_detail_004_kani=true&JigyosyoCd=1371103597-00&ServiceCd=320&Type=search", "url2": null }, "geometry": { "type": "Point", "coordinates": [ 139.742283499999985, 35.5465985 ] } },
{ "type": "Feature", "properties": { "内容": "グループホーム六郷【認知症対応型共同生活介護】東京都大田区西六郷４丁目２６番地６号", "url": "https://www.kaigokensaku.mhlw.go.jp/13/index.php?action_kouhyou_detail_004_kani=true&JigyosyoCd=1371103779-00&ServiceCd=320&Type=search", "url2": "http://www.youyou-care.co.jp/" }, "geometry": { "type": "Point", "coordinates": [ 139.703342300000031, 35.5422041 ] } },
{ "type": "Feature", "properties": { "内容": "セントケアホーム西糀谷【認知症対応型共同生活介護】東京都大田区西糀谷2-9-4美園マンション２Ｆ", "url": "https://www.kaigokensaku.mhlw.go.jp/13/index.php?action_kouhyou_detail_004_kani=true&JigyosyoCd=1391100193-00&ServiceCd=320&Type=search", "url2": "http://www.saint-care.com" }, "geometry": { "type": "Point", "coordinates": [ 139.737241300000051, 35.5607296 ] } },
{ "type": "Feature", "properties": { "内容": "グループホームきらら大森東【認知症対応型共同生活介護】東京都大田区大森東5-21-9", "url": "https://www.kaigokensaku.mhlw.go.jp/13/index.php?action_kouhyou_detail_004_kani=true&JigyosyoCd=1391100243-00&ServiceCd=320&Type=search", "url2": "http://www.starts.co.jp/s-careservice" }, "geometry": { "type": "Point", "coordinates": [ 139.741304500000069, 35.5681786 ] } },
{ "type": "Feature", "properties": { "内容": "グループホーム虹の家しおかぜ【認知症対応型共同生活介護】東京都大田区大森東５－２－７", "url": "https://www.kaigokensaku.mhlw.go.jp/13/index.php?action_kouhyou_detail_004_kani=true&JigyosyoCd=1391100300-00&ServiceCd=320&Type=search", "url2": null }, "geometry": { "type": "Point", "coordinates": [ 139.740865500000041, 35.5699478 ] } },
{ "type": "Feature", "properties": { "内容": "せらび池上【認知症対応型共同生活介護】東京都大田区池上4－2－5", "url": "https://www.kaigokensaku.mhlw.go.jp/13/index.php?action_kouhyou_detail_004_kani=true&JigyosyoCd=1391100318-00&ServiceCd=320&Type=search", "url2": "https://solasto-kaigo.com/service/grouphome/ikegami-2" }, "geometry": { "type": "Point", "coordinates": [ 139.709553899999946, 35.5746799 ] } },
{ "type": "Feature", "properties": { "内容": "ニチイケアセンター大鳥居【認知症対応型共同生活介護】東京都大田区東糀谷２－７－８", "url": "https://www.kaigokensaku.mhlw.go.jp/13/index.php?action_kouhyou_detail_004_kani=true&JigyosyoCd=1391100466-00&ServiceCd=320&Type=search", "url2": "http://www.nichiigakkan.co.jp" }, "geometry": { "type": "Point", "coordinates": [ 139.739999799999964, 35.5552611 ] } },
{ "type": "Feature", "properties": { "内容": "グループホーム　東京大田の家【認知症対応型共同生活介護】東京都大田区大森南5-6-5", "url": "https://www.kaigokensaku.mhlw.go.jp/13/index.php?action_kouhyou_detail_004_kani=true&JigyosyoCd=1391100508-00&ServiceCd=320&Type=search", "url2": null }, "geometry": { "type": "Point", "coordinates": [ 139.750305777771047, 35.561742991690586 ] } },
{ "type": "Feature", "properties": { "内容": "フラクタルビレッジ　西六郷【認知症対応型共同生活介護】東京都大田区西六郷1丁目19番6号", "url": "https://www.kaigokensaku.mhlw.go.jp/13/index.php?action_kouhyou_detail_004_kani=true&JigyosyoCd=1391100516-00&ServiceCd=320&Type=search", "url2": "http://www.zenkoukai.jp" }, "geometry": { "type": "Point", "coordinates": [ 139.707163600000058, 35.5537885 ] } },
{ "type": "Feature", "properties": { "内容": "フラクタルビレッジ　羽田【認知症対応型共同生活介護】東京都大田区羽田5-15-6フラクタルビレッジ羽田", "url": "https://www.kaigokensaku.mhlw.go.jp/13/index.php?action_kouhyou_detail_004_kani=true&JigyosyoCd=1391100532-00&ServiceCd=320&Type=search", "url2": "http://zenkoukai.jp" }, "geometry": { "type": "Point", "coordinates": [ 139.7515661, 35.5488735 ] } },
{ "type": "Feature", "properties": { "内容": "フラクタルビレッジ　大森南【認知症対応型共同生活介護】東京都大田区大森南3-19-4", "url": "https://www.kaigokensaku.mhlw.go.jp/13/index.php?action_kouhyou_detail_004_kani=true&JigyosyoCd=1391100573-00&ServiceCd=320&Type=search", "url2": "http://www.zenkoukai.jp" }, "geometry": { "type": "Point", "coordinates": [ 139.743785, 35.5659457 ] } },
{ "type": "Feature", "properties": { "内容": "グループホーム　ひかり大田中央【認知症対応型共同生活介護】東京都大田区中央1丁目7番地16号", "url": "https://www.kaigokensaku.mhlw.go.jp/13/index.php?action_kouhyou_detail_004_kani=true&JigyosyoCd=1391100656-00&ServiceCd=320&Type=search", "url2": "http://www.gh-hikari.co.jp/" }, "geometry": { "type": "Point", "coordinates": [ 139.718571900000029, 35.5807959 ] } },
{ "type": "Feature", "properties": { "内容": "グループホームみんなの家・殿山北糀谷【認知症対応型共同生活介護】東京都大田区北糀谷2-4-10", "url": "https://www.kaigokensaku.mhlw.go.jp/13/index.php?action_kouhyou_detail_004_kani=true&JigyosyoCd=1391100664-00&ServiceCd=320&Type=search", "url2": null }, "geometry": { "type": "Point", "coordinates": [ 139.734266400000024, 35.5612378 ] } },
{ "type": "Feature", "properties": { "内容": "愛の家グループホーム大田久が原【認知症対応型共同生活介護】東京都大田区久が原2-23-10リバーサイド久が原", "url": "https://www.kaigokensaku.mhlw.go.jp/13/index.php?action_kouhyou_detail_004_kani=true&JigyosyoCd=1391100706-00&ServiceCd=320&Type=search", "url2": "http://www.mcsg.co.jp" }, "geometry": { "type": "Point", "coordinates": [ 139.699401007676954, 35.580651209477274 ] } },
{ "type": "Feature", "properties": { "内容": "グループホームのどか池上【認知症対応型共同生活介護】東京都大田区池上５－４－５", "url": "https://www.kaigokensaku.mhlw.go.jp/13/index.php?action_kouhyou_detail_004_kani=true&JigyosyoCd=1391100722-00&ServiceCd=320&Type=search", "url2": "https://www.nodoka-kaigo.co.jp/instilist/index.html" }, "geometry": { "type": "Point", "coordinates": [ 139.708993099999986, 35.5740701 ] } },
{ "type": "Feature", "properties": { "内容": "グループホーム大森東あやめ【認知症対応型共同生活介護】東京都大田区大森東５-26-13", "url": "https://www.kaigokensaku.mhlw.go.jp/13/index.php?action_kouhyou_detail_004_kani=true&JigyosyoCd=1391100821-00&ServiceCd=320&Type=search", "url2": "http://www.solasto.co.jp" }, "geometry": { "type": "Point", "coordinates": [ 139.744246500000031, 35.5691006 ] } },
{ "type": "Feature", "properties": { "内容": "グループホームきらら久が原【認知症対応型共同生活介護】東京都　大田区　東嶺町26-5グループホームきらら久が原", "url": "https://www.kaigokensaku.mhlw.go.jp/13/index.php?action_kouhyou_detail_004_kani=true&JigyosyoCd=1391100912-00&ServiceCd=320&Type=search", "url2": "https://www.starts-care.jp/service/grouphome/kirara_kugahara/" }, "geometry": { "type": "Point", "coordinates": [ 139.68511710000007, 35.5818454 ] } },
{ "type": "Feature", "properties": { "内容": "ライブラリ大森南【認知症対応型共同生活介護】東京都大田区大森南3-5-5", "url": "https://www.kaigokensaku.mhlw.go.jp/13/index.php?action_kouhyou_detail_004_kani=true&JigyosyoCd=1391100961-00&ServiceCd=320&Type=search", "url2": null }, "geometry": { "type": "Point", "coordinates": [ 139.7427725, 35.5668729 ] } },
{ "type": "Feature", "properties": { "内容": "グループホームひかり鵜の木【認知症対応型共同生活介護】東京都大田区鵜の木１丁目２０番１４号グループホームひかり鵜の木", "url": "https://www.kaigokensaku.mhlw.go.jp/13/index.php?action_kouhyou_detail_004_kani=true&JigyosyoCd=1391101076-00&ServiceCd=320&Type=search", "url2": "http://gh-hikari.co.jp/" }, "geometry": { "type": "Point", "coordinates": [ 139.6833818, 35.574291 ] } },
{ "type": "Feature", "properties": { "内容": "ツクイ大田多摩川グループ【認知症対応型共同生活介護】東京都大田区多摩川1-34-5", "url": "https://www.kaigokensaku.mhlw.go.jp/13/index.php?action_kouhyou_detail_004_kani=true&JigyosyoCd=1391101100-00&ServiceCd=320&Type=search", "url2": "http://www.tsukui.net" }, "geometry": { "type": "Point", "coordinates": [ 139.699172500000032, 35.5604125 ] } },
{ "type": "Feature", "properties": { "内容": "グループホーム大田蒲田【認知症対応型共同生活介護】東京都大田区西蒲田6-5-3", "url": "https://www.kaigokensaku.mhlw.go.jp/13/index.php?action_kouhyou_detail_004_kani=true&JigyosyoCd=1391101274-00&ServiceCd=320&Type=search", "url2": "https://kenkohkai.jp/our-facilities/gh-otakamata/" }, "geometry": { "type": "Point", "coordinates": [ 139.710743099999945, 35.5673476 ] } },
{ "type": "Feature", "properties": { "内容": "はなまるホーム上池台【認知症対応型共同生活介護】東京都大田区上池台5-9-17はなまるホーム上池台", "url": "https://www.kaigokensaku.mhlw.go.jp/13/index.php?action_kouhyou_detail_004_kani=true&JigyosyoCd=1391101282-00&ServiceCd=320&Type=search", "url2": "https://www.aiseifukushi.jp/grouphome-kamiikedai" }, "geometry": { "type": "Point", "coordinates": [ 139.701609299999973, 35.593392899999984 ] } },
{ "type": "Feature", "properties": { "内容": "グループホーム百里【認知症対応型共同生活介護】東京都大田区田園調布南8-23グループホーム　百里", "url": "https://www.kaigokensaku.mhlw.go.jp/13/index.php?action_kouhyou_detail_004_kani=true&JigyosyoCd=1391101332-00&ServiceCd=320&Type=search", "url2": "https://www.ooka.or.jp/grouphome" }, "geometry": { "type": "Point", "coordinates": [ 139.67408290000003, 35.579829 ] } },
{ "type": "Feature", "properties": { "内容": "花物語おおた【認知症対応型共同生活介護】東京都大田区北馬込2-46-9", "url": "https://www.kaigokensaku.mhlw.go.jp/13/index.php?action_kouhyou_detail_004_kani=true&JigyosyoCd=1391101563-00&ServiceCd=320&Type=search", "url2": "https://hana-kaigo.jala.co.jp" }, "geometry": { "type": "Point", "coordinates": [ 139.7104144, 35.5995543 ] } },
{ "type": "Feature", "properties": { "内容": "花物語うめ【認知症対応型共同生活介護】東京都大田区鵜の木2-37-5花物語うめ", "url": "https://www.kaigokensaku.mhlw.go.jp/13/index.php?action_kouhyou_detail_004_kani=true&JigyosyoCd=1391101571-00&ServiceCd=320&Type=search", "url2": "https://hana-kaigo.jala.co.jp/gh/ume/index.html" }, "geometry": { "type": "Point", "coordinates": [ 139.6780478, 35.5751368 ] } },
{ "type": "Feature", "properties": { "内容": "グループホームきらら池上【認知症対応型共同生活介護】東京都大田区中央7-5-6", "url": "https://www.kaigokensaku.mhlw.go.jp/13/index.php?action_kouhyou_detail_004_kani=true&JigyosyoCd=1391101597-00&ServiceCd=320&Type=search", "url2": "http://www.starts.co.jp" }, "geometry": { "type": "Point", "coordinates": [ 139.712808200000012, 35.5757504 ] } },
{ "type": "Feature", "properties": { "内容": "ニチイケアセンター本羽田【認知症対応型共同生活介護】東京都大田区本羽田2-13-20", "url": "https://www.kaigokensaku.mhlw.go.jp/13/index.php?action_kouhyou_detail_004_kani=true&JigyosyoCd=1391100458-00&ServiceCd=320&Type=search", "url2": "http://www.nichiigakkan.co.jp/" }, "geometry": { "type": "Point", "coordinates": [ 139.730073100000027, 35.5462232 ] } },
{ "type": "Feature", "properties": { "内容": "グループホームきらら大森海浜パーク【認知症対応型共同生活介護】東京都大田区大森東2-29-3グループホームきらら大森海浜パーク", "url": "https://www.kaigokensaku.mhlw.go.jp/13/index.php?action_kouhyou_detail_004_kani=true&JigyosyoCd=1391101704-00&ServiceCd=320&Type=search", "url2": "http://www.starts.co.jp/s-careservice" }, "geometry": { "type": "Point", "coordinates": [ 139.737941949073758, 35.57350847074202 ] } },
{ "type": "Feature", "properties": { "内容": "愛の家グループホーム大田大森西【認知症対応型共同生活介護】東京都大田区大森西5-24-18", "url": "https://www.kaigokensaku.mhlw.go.jp/13/index.php?action_kouhyou_detail_004_kani=true&JigyosyoCd=1391100730-00&ServiceCd=320&Type=search", "url2": "http://www.mcsg.co.jp" }, "geometry": { "type": "Point", "coordinates": [ 139.726416400000062, 35.5700501 ] } },
{ "type": "Feature", "properties": { "内容": "優っくりグループホーム喜多見【認知症対応型共同生活介護】東京都世田谷区喜多見3-10-15優っくり村喜多見", "url": "https://www.kaigokensaku.mhlw.go.jp/13/index.php?action_kouhyou_detail_004_kani=true&JigyosyoCd=1391200480-00&ServiceCd=320&Type=search", "url2": "https://www.foryou.or.jp/" }, "geometry": { "type": "Point", "coordinates": [ 139.600493699999987, 35.625246700000041 ] } },
{ "type": "Feature", "properties": { "内容": "花物語せたがや西【認知症対応型共同生活介護】東京都世田谷区祖師谷6-5-31", "url": "https://www.kaigokensaku.mhlw.go.jp/13/index.php?action_kouhyou_detail_004_kani=true&JigyosyoCd=1391200746-00&ServiceCd=320&Type=search", "url2": "https://hana-kaigo.jala.co.jp/gh/setagaya-nishi/" }, "geometry": { "type": "Point", "coordinates": [ 139.603415, 35.652520399999979 ] } },
{ "type": "Feature", "properties": { "内容": "花物語せたがや南【認知症対応型共同生活介護】東京都世田谷区宇奈根1-3-6", "url": "https://www.kaigokensaku.mhlw.go.jp/13/index.php?action_kouhyou_detail_004_kani=true&JigyosyoCd=1391200647-00&ServiceCd=320&Type=search", "url2": "http://www.hana-kaigo.com/gh/setagaya-minami/index.html" }, "geometry": { "type": "Point", "coordinates": [ 139.606305291401668, 35.618055260828321 ] } },
{ "type": "Feature", "properties": { "内容": "グループホームハートフル若林【認知症対応型共同生活介護】東京都世田谷区若林5-38-20", "url": "https://www.kaigokensaku.mhlw.go.jp/13/index.php?action_kouhyou_detail_004_kani=true&JigyosyoCd=1391201603-00&ServiceCd=320&Type=search", "url2": null }, "geometry": { "type": "Point", "coordinates": [ 139.659079600000013, 35.6506179 ] } },
{ "type": "Feature", "properties": { "内容": "優っくりグループホーム下馬【認知症対応型共同生活介護】東京都世田谷下馬2-25-8優っくり村下馬", "url": "https://www.kaigokensaku.mhlw.go.jp/13/index.php?action_kouhyou_detail_004_kani=true&JigyosyoCd=1391201157-00&ServiceCd=320&Type=search", "url2": "http://shimouma.foryou.or.jp" }, "geometry": { "type": "Point", "coordinates": [ 139.678284100000042, 35.641648400000015 ] } },
{ "type": "Feature", "properties": { "内容": "グループホーム　ノテ深沢【認知症対応型共同生活介護】東京都世田谷区深沢７丁目17-20ノテ地域ケアセンター深沢", "url": "https://www.kaigokensaku.mhlw.go.jp/13/index.php?action_kouhyou_detail_004_kani=true&JigyosyoCd=1391200670-00&ServiceCd=320&Type=search", "url2": "https://www.note.or.jp" }, "geometry": { "type": "Point", "coordinates": [ 139.647520900000018, 35.6210225 ] } },
{ "type": "Feature", "properties": { "内容": "グループホームつどい「島田家」【認知症対応型共同生活介護】東京都世田谷区八幡山3丁目24-7グループホームつどい「島田家」", "url": "https://www.kaigokensaku.mhlw.go.jp/13/index.php?action_kouhyou_detail_004_kani=true&JigyosyoCd=1391200837-00&ServiceCd=320&Type=search", "url2": "http://www.mcp-net.jp" }, "geometry": { "type": "Point", "coordinates": [ 139.61682959999996, 35.6662382 ] } },
{ "type": "Feature", "properties": { "内容": "グループホームかたらい【認知症対応型共同生活介護】東京都世田谷区上祖師谷6丁目7-23", "url": "https://www.kaigokensaku.mhlw.go.jp/13/index.php?action_kouhyou_detail_004_kani=true&JigyosyoCd=1371204767-00&ServiceCd=320&Type=search", "url2": "http://www.npo-katarai.ne.jp" }, "geometry": { "type": "Point", "coordinates": [ 139.59715129999995, 35.6584082 ] } },
{ "type": "Feature", "properties": { "内容": "社会福祉法人　すこやか福祉会　グループホームさくらの家【認知症対応型共同生活介護】東京都世田谷区桜丘４－７－１７桜丘ケアセンター2階・3階", "url": "https://www.kaigokensaku.mhlw.go.jp/13/index.php?action_kouhyou_detail_004_kani=true&JigyosyoCd=1371205756-00&ServiceCd=320&Type=search", "url2": "https://www.sukoyaka-fu.or.jp/" }, "geometry": { "type": "Point", "coordinates": [ 139.623780500000066, 35.6413421 ] } },
{ "type": "Feature", "properties": { "内容": "ニチイケアセンター用賀【認知症対応型共同生活介護】東京都世田谷区用賀3丁目9番地12", "url": "https://www.kaigokensaku.mhlw.go.jp/13/index.php?action_kouhyou_detail_004_kani=true&JigyosyoCd=1391200241-00&ServiceCd=320&Type=search", "url2": "http://www.nichiigakkan.co.jp" }, "geometry": { "type": "Point", "coordinates": [ 139.638249200000018, 35.6300936 ] } },
{ "type": "Feature", "properties": { "内容": "グループホームあかり【認知症対応型共同生活介護】東京都世田谷区千歳台３－２６－１５", "url": "https://www.kaigokensaku.mhlw.go.jp/13/index.php?action_kouhyou_detail_004_kani=true&JigyosyoCd=1391200266-00&ServiceCd=320&Type=search", "url2": "http://outoukai.or.jp" }, "geometry": { "type": "Point", "coordinates": [ 139.614033400000039, 35.6539149 ] } },
{ "type": "Feature", "properties": { "内容": "グループホーム花みず木【認知症対応型共同生活介護】東京都世田谷区岡本3-19-9", "url": "https://www.kaigokensaku.mhlw.go.jp/13/index.php?action_kouhyou_detail_004_kani=true&JigyosyoCd=1391200514-00&ServiceCd=320&Type=search", "url2": "https://tanuki-pon.com/" }, "geometry": { "type": "Point", "coordinates": [ 139.614657200000011, 35.628024400000015 ] } },
{ "type": "Feature", "properties": { "内容": "烏山グループホーム　くつろぎ【認知症対応型共同生活介護】東京都世田谷区南烏山４－２８－３", "url": "https://www.kaigokensaku.mhlw.go.jp/13/index.php?action_kouhyou_detail_004_kani=true&JigyosyoCd=1371201664-00&ServiceCd=320&Type=search", "url2": "http://furuikikai.com/facility/" }, "geometry": { "type": "Point", "coordinates": [ 139.602675099999942, 35.6721648 ] } },
{ "type": "Feature", "properties": { "内容": "グループホームチューレンポート【認知症対応型共同生活介護】東京都世田谷区世田谷１丁目４番３号", "url": "https://www.kaigokensaku.mhlw.go.jp/13/index.php?action_kouhyou_detail_004_kani=true&JigyosyoCd=1371205095-00&ServiceCd=320&Type=search", "url2": null }, "geometry": { "type": "Point", "coordinates": [ 139.651508700000022, 35.6403312 ] } },
{ "type": "Feature", "properties": { "内容": "PAO経堂【認知症対応型共同生活介護】東京都世田谷区経堂5-37-3", "url": "https://www.kaigokensaku.mhlw.go.jp/13/index.php?action_kouhyou_detail_004_kani=true&JigyosyoCd=1371205111-00&ServiceCd=320&Type=search", "url2": "http://www.pao-care.com" }, "geometry": { "type": "Point", "coordinates": [ 139.629579599999943, 35.6486799 ] } },
{ "type": "Feature", "properties": { "内容": "グループホーム　ソラスト　上用賀【認知症対応型共同生活介護】東京都世田谷区上用賀3-13-12", "url": "https://www.kaigokensaku.mhlw.go.jp/13/index.php?action_kouhyou_detail_004_kani=true&JigyosyoCd=1391200043-00&ServiceCd=320&Type=search", "url2": null }, "geometry": { "type": "Point", "coordinates": [ 139.631958, 35.6327489 ] } },
{ "type": "Feature", "properties": { "内容": "グループホームウェルファー【認知症対応型共同生活介護】東京都世田谷区代田４－４－６", "url": "https://www.kaigokensaku.mhlw.go.jp/13/index.php?action_kouhyou_detail_004_kani=true&JigyosyoCd=1391200068-00&ServiceCd=320&Type=search", "url2": "http://www.welfare.or.jp" }, "geometry": { "type": "Point", "coordinates": [ 139.658982499999979, 35.6594596 ] } },
{ "type": "Feature", "properties": { "内容": "グループホームももちゃん【認知症対応型共同生活介護】東京都世田谷区千歳台5-22-1千歳台はなクリニック　3階", "url": "https://www.kaigokensaku.mhlw.go.jp/13/index.php?action_kouhyou_detail_004_kani=true&JigyosyoCd=1391200159-00&ServiceCd=320&Type=search", "url2": "http://www.ty-hanamaru.or.jp/" }, "geometry": { "type": "Point", "coordinates": [ 139.611833400000023, 35.6579976 ] } },
{ "type": "Feature", "properties": { "内容": "愛の家グループホーム桜新町【認知症対応型共同生活介護】東京都世田谷区弦巻4-23-17", "url": "https://www.kaigokensaku.mhlw.go.jp/13/index.php?action_kouhyou_detail_004_kani=true&JigyosyoCd=1391200183-00&ServiceCd=320&Type=search", "url2": "http://www.mcsg.co.jp/" }, "geometry": { "type": "Point", "coordinates": [ 139.641476399999988, 35.6364789 ] } },
{ "type": "Feature", "properties": { "内容": "グループホームいきいきの家二子玉川【認知症対応型共同生活介護】東京都世田谷区宇奈根1-25‐11", "url": "https://www.kaigokensaku.mhlw.go.jp/13/index.php?action_kouhyou_detail_004_kani=true&JigyosyoCd=1391200191-00&ServiceCd=320&Type=search", "url2": "http://www.ikiiki-futakotamagawa.com" }, "geometry": { "type": "Point", "coordinates": [ 139.60619470000006, 35.6208754 ] } },
{ "type": "Feature", "properties": { "内容": "グループホーム奥沢・共愛【認知症対応型共同生活介護】東京都世田谷区奥沢7-50-13", "url": "https://www.kaigokensaku.mhlw.go.jp/13/index.php?action_kouhyou_detail_004_kani=true&JigyosyoCd=1391200308-00&ServiceCd=320&Type=search", "url2": "http://www.rougo-happy.or.jp/" }, "geometry": { "type": "Point", "coordinates": [ 139.66223930000001, 35.6097656 ] } },
{ "type": "Feature", "properties": { "内容": "クローバーハウス駒沢【認知症対応型共同生活介護】東京都世田谷区駒沢２－３－５マーチ駒沢", "url": "https://www.kaigokensaku.mhlw.go.jp/13/index.php?action_kouhyou_detail_004_kani=true&JigyosyoCd=1391200316-00&ServiceCd=320&Type=search", "url2": "https://www.clover-house.biz/" }, "geometry": { "type": "Point", "coordinates": [ 139.659988699999985, 35.6341488 ] } },
{ "type": "Feature", "properties": { "内容": "マザアスホーム　だんらん世田谷【認知症対応型共同生活介護】東京都世田谷区砧1丁目34番地5号", "url": "https://www.kaigokensaku.mhlw.go.jp/13/index.php?action_kouhyou_detail_004_kani=true&JigyosyoCd=1391200332-00&ServiceCd=320&Type=search", "url2": "http://www.motherth.com/gh/danran-sk/index.html" }, "geometry": { "type": "Point", "coordinates": [ 139.616909, 35.6398616 ] } },
{ "type": "Feature", "properties": { "内容": "グループホームちいさな手ふれあいの街世田谷【認知症対応型共同生活介護】東京都世田谷区祖師谷４－３０－１８", "url": "https://www.kaigokensaku.mhlw.go.jp/13/index.php?action_kouhyou_detail_004_kani=true&JigyosyoCd=1391200340-00&ServiceCd=320&Type=search", "url2": "https://medicalcare-group.com" }, "geometry": { "type": "Point", "coordinates": [ 139.605559399999947, 35.6496264 ] } },
{ "type": "Feature", "properties": { "内容": "優っくりグループホーム池尻【認知症対応型共同生活介護】東京都世田谷区池尻２－３－４５", "url": "https://www.kaigokensaku.mhlw.go.jp/13/index.php?action_kouhyou_detail_004_kani=true&JigyosyoCd=1391200373-00&ServiceCd=320&Type=search", "url2": "http://yukkurimura.net/" }, "geometry": { "type": "Point", "coordinates": [ 139.684052800000018, 35.6471757 ] } },
{ "type": "Feature", "properties": { "内容": "中町グループホームふるさと【認知症対応型共同生活介護】東京都世田谷区中町３－２９－２", "url": "https://www.kaigokensaku.mhlw.go.jp/13/index.php?action_kouhyou_detail_004_kani=true&JigyosyoCd=1391200381-00&ServiceCd=320&Type=search", "url2": "http://www.furuikikai.com" }, "geometry": { "type": "Point", "coordinates": [ 139.641885699999989, 35.6143457 ] } },
{ "type": "Feature", "properties": { "内容": "ニチイケアセンター世田谷宇奈根【認知症対応型共同生活介護】東京都世田谷区宇奈根1－18－6", "url": "https://www.kaigokensaku.mhlw.go.jp/13/index.php?action_kouhyou_detail_004_kani=true&JigyosyoCd=1391200407-00&ServiceCd=320&Type=search", "url2": "http://www.nichiigakkan.co.jp" }, "geometry": { "type": "Point", "coordinates": [ 139.60791949999998, 35.6206144 ] } },
{ "type": "Feature", "properties": { "内容": "グループホームきらら世田谷野沢【認知症対応型共同生活介護】東京都世田谷区野沢2-6-8", "url": "https://www.kaigokensaku.mhlw.go.jp/13/index.php?action_kouhyou_detail_004_kani=true&JigyosyoCd=1391200431-00&ServiceCd=320&Type=search", "url2": "https://www.starts-care.jp/" }, "geometry": { "type": "Point", "coordinates": [ 139.6717655, 35.633127 ] } },
{ "type": "Feature", "properties": { "内容": "グループホームちとせ【認知症対応型共同生活介護】東京都世田谷区千歳台4-2-1", "url": "https://www.kaigokensaku.mhlw.go.jp/13/index.php?action_kouhyou_detail_004_kani=true&JigyosyoCd=1391200449-00&ServiceCd=320&Type=search", "url2": "https://www.you-you123.com/" }, "geometry": { "type": "Point", "coordinates": [ 139.614280600000029, 35.6545482 ] } },
{ "type": "Feature", "properties": { "内容": "グループホーム　たのしい家　宇奈根【認知症対応型共同生活介護】東京都世田谷区宇奈根1-34-12たのしい家　宇奈根", "url": "https://www.kaigokensaku.mhlw.go.jp/13/index.php?action_kouhyou_detail_004_kani=true&JigyosyoCd=1391200555-00&ServiceCd=320&Type=search", "url2": "https://www.care21.co.jp/" }, "geometry": { "type": "Point", "coordinates": [ 139.605176299999982, 35.6220707 ] } },
{ "type": "Feature", "properties": { "内容": "喜多見グループホームかつらの木【認知症対応型共同生活介護】東京都世田谷区喜多見7-20-11喜多見グループホームかつらの木", "url": "https://www.kaigokensaku.mhlw.go.jp/13/index.php?action_kouhyou_detail_004_kani=true&JigyosyoCd=1391200563-00&ServiceCd=320&Type=search", "url2": "http://www.h2.dion.ne.jp/~furuiki/" }, "geometry": { "type": "Point", "coordinates": [ 139.595715277246114, 35.632683100482524 ] } },
{ "type": "Feature", "properties": { "内容": "グループホームきらら奥沢【認知症対応型共同生活介護】東京都世田谷区奥沢３丁目２番17号グループホームきらら奥沢", "url": "https://www.kaigokensaku.mhlw.go.jp/13/index.php?action_kouhyou_detail_004_kani=true&JigyosyoCd=1391200571-00&ServiceCd=320&Type=search", "url2": "http://www.starts.co.jp/s-careservice" }, "geometry": { "type": "Point", "coordinates": [ 139.675377370638984, 35.600333541547592 ] } },
{ "type": "Feature", "properties": { "内容": "グループホームたのしい家上野毛【認知症対応型共同生活介護】東京都世田谷区上野毛1-21-14たのしい家上野毛", "url": "https://www.kaigokensaku.mhlw.go.jp/13/index.php?action_kouhyou_detail_004_kani=true&JigyosyoCd=1391200688-00&ServiceCd=320&Type=search", "url2": null }, "geometry": { "type": "Point", "coordinates": [ 139.6391304, 35.6143596 ] } },
{ "type": "Feature", "properties": { "内容": "クローバーハウス若林【認知症対応型共同生活介護】東京都世田谷区若林2－22－14クローバーハウス若林", "url": "https://www.kaigokensaku.mhlw.go.jp/13/index.php?action_kouhyou_detail_004_kani=true&JigyosyoCd=1391200712-00&ServiceCd=320&Type=search", "url2": null }, "geometry": { "type": "Point", "coordinates": [ 139.662060773016378, 35.649347332102181 ] } },
{ "type": "Feature", "properties": { "内容": "グループホーム砧茶の花【認知症対応型共同生活介護】東京都世田谷区砧７丁目３番１０号", "url": "https://www.kaigokensaku.mhlw.go.jp/13/index.php?action_kouhyou_detail_004_kani=true&JigyosyoCd=1391200720-00&ServiceCd=320&Type=search", "url2": null }, "geometry": { "type": "Point", "coordinates": [ 139.605589, 35.6353381 ] } },
{ "type": "Feature", "properties": { "内容": "木下の介護グループホーム千歳烏山【認知症対応型共同生活介護】東京都世田谷区北烏山3丁目16－10", "url": "https://www.kaigokensaku.mhlw.go.jp/13/index.php?action_kouhyou_detail_004_kani=true&JigyosyoCd=1391200845-00&ServiceCd=320&Type=search", "url2": "http://www.kinoshita-group.co.jp/" }, "geometry": { "type": "Point", "coordinates": [ 139.599719700000037, 35.6748811 ] } },
{ "type": "Feature", "properties": { "内容": "木下の介護グループホーム烏山【認知症対応型共同生活介護】東京都世田谷区北烏山９－９－７", "url": "https://www.kaigokensaku.mhlw.go.jp/13/index.php?action_kouhyou_detail_004_kani=true&JigyosyoCd=1391200852-00&ServiceCd=320&Type=search", "url2": "http://www.kinoshita-kaigo.co.jp" }, "geometry": { "type": "Point", "coordinates": [ 139.595086900000069, 35.6704647 ] } },
{ "type": "Feature", "properties": { "内容": "ツクイ世田谷宇奈根グループホーム【認知症対応型共同生活介護】東京都世田谷区宇奈根2-15-18", "url": "https://www.kaigokensaku.mhlw.go.jp/13/index.php?action_kouhyou_detail_004_kani=true&JigyosyoCd=1391201223-00&ServiceCd=320&Type=search", "url2": "https://www.tsukui.net/group/2726/" }, "geometry": { "type": "Point", "coordinates": [ 139.6013873, 35.6225207 ] } },
{ "type": "Feature", "properties": { "内容": "ハイムガーデン世田谷宇奈根【認知症対応型共同生活介護】東京都世田谷区宇奈根2-26-7", "url": "https://www.kaigokensaku.mhlw.go.jp/13/index.php?action_kouhyou_detail_004_kani=true&JigyosyoCd=1391201389-00&ServiceCd=320&Type=search", "url2": "https://hg-setagaya.hatenablog.com/" }, "geometry": { "type": "Point", "coordinates": [ 139.6000626, 35.6233354 ] } },
{ "type": "Feature", "properties": { "内容": "グループホーム　砧愛の園【認知症対応型共同生活介護】東京都世田谷区砧3－9－19", "url": "https://www.kaigokensaku.mhlw.go.jp/13/index.php?action_kouhyou_detail_004_kani=true&JigyosyoCd=1391201561-00&ServiceCd=320&Type=search", "url2": "https://seikyusyu.or.jp/kinuta.html" }, "geometry": { "type": "Point", "coordinates": [ 139.612545498008757, 35.636184173313765 ] } },
{ "type": "Feature", "properties": { "内容": "グループホームきらら千歳船橋【認知症対応型共同生活介護】東京都世田谷区千歳台2-31-20", "url": "https://www.kaigokensaku.mhlw.go.jp/13/index.php?action_kouhyou_detail_004_kani=true&JigyosyoCd=1391201587-00&ServiceCd=320&Type=search", "url2": "https://www.starts-care.jp/kirara_chitosefunabashi/" }, "geometry": { "type": "Point", "coordinates": [ 139.6119017, 35.6525552 ] } },
{ "type": "Feature", "properties": { "内容": "グループホーム　たのしい家喜多見【認知症対応型共同生活介護】東京都世田谷区喜多見4-9-15", "url": "https://www.kaigokensaku.mhlw.go.jp/13/index.php?action_kouhyou_detail_004_kani=true&JigyosyoCd=1391201660-00&ServiceCd=320&Type=search", "url2": "https://www.tanoshii-ie.jp/single130/" }, "geometry": { "type": "Point", "coordinates": [ 139.596608899999978, 35.628619700000016 ] } },
{ "type": "Feature", "properties": { "内容": "せらび芦花公園【認知症対応型共同生活介護】東京都世田谷区粕谷2－7－16せらび芦花公園", "url": "https://www.kaigokensaku.mhlw.go.jp/13/index.php?action_kouhyou_detail_004_kani=true&JigyosyoCd=1391200225-00&ServiceCd=320&Type=search", "url2": "https://www.solasto.co.jp/" }, "geometry": { "type": "Point", "coordinates": [ 139.608158199999906, 35.6656685 ] } },
{ "type": "Feature", "properties": { "内容": "優っくりグループホーム鎌田【認知症対応型共同生活介護】東京都世田谷区鎌田3-31-19", "url": "https://www.kaigokensaku.mhlw.go.jp/13/index.php?action_kouhyou_detail_004_kani=true&JigyosyoCd=1391200506-00&ServiceCd=320&Type=search", "url2": "http://kamata-grouphome@foryou.or.jp" }, "geometry": { "type": "Point", "coordinates": [ 139.6141721, 35.6226142 ] } },
{ "type": "Feature", "properties": { "内容": "花物語はちまんやま【認知症対応型共同生活介護】東京都世田谷区八幡山3-18-12", "url": "https://www.kaigokensaku.mhlw.go.jp/13/index.php?action_kouhyou_detail_004_kani=true&JigyosyoCd=1391201686-00&ServiceCd=320&Type=search", "url2": "https://hana-kaigo.jala.co.jp" }, "geometry": { "type": "Point", "coordinates": [ 139.614789500000029, 35.664091 ] } },
{ "type": "Feature", "properties": { "内容": "グループホーム成城さくらそう【認知症対応型共同生活介護】東京都世田谷区上祖師谷4-20-10グループホーム成城さくらそう", "url": "https://www.kaigokensaku.mhlw.go.jp/13/index.php?action_kouhyou_detail_004_kani=true&JigyosyoCd=1391200498-00&ServiceCd=320&Type=search", "url2": "http://www.st-staff.co.jp/seijo-sakurasou/" }, "geometry": { "type": "Point", "coordinates": [ 139.5956711, 35.6557197 ] } },
{ "type": "Feature", "properties": { "内容": "グループホーム千歳台さくらそう【認知症対応型共同生活介護】東京都世田谷区千歳台5-20-4グループホーム千歳台さくらそう", "url": "https://www.kaigokensaku.mhlw.go.jp/13/index.php?action_kouhyou_detail_004_kani=true&JigyosyoCd=1391200530-00&ServiceCd=320&Type=search", "url2": "https://sakura-so.jp/chitosedai/" }, "geometry": { "type": "Point", "coordinates": [ 139.610639594305411, 35.658470331293088 ] } },
{ "type": "Feature", "properties": { "内容": "日本赤十字社総合福祉センター　高齢者グループホーム　レクロス広尾【認知症対応型共同生活介護】東京都渋谷区広尾四丁目1番23号日本赤十字社総合福祉センター", "url": "https://www.kaigokensaku.mhlw.go.jp/13/index.php?action_kouhyou_detail_004_kani=true&JigyosyoCd=1391300116-00&ServiceCd=320&Type=search", "url2": "https://hiroo.jrc.or.jp" }, "geometry": { "type": "Point", "coordinates": [ 139.7194022, 35.6563423 ] } },
{ "type": "Feature", "properties": { "内容": "渋谷区グループホームつばめの里・本町東【認知症対応型共同生活介護】東京都渋谷区本町３－４６－１", "url": "https://www.kaigokensaku.mhlw.go.jp/13/index.php?action_kouhyou_detail_004_kani=true&JigyosyoCd=1391300322-00&ServiceCd=320&Type=search", "url2": "https://www.foryou.or.jp/corp3/tsubamegrouphome/" }, "geometry": { "type": "Point", "coordinates": [ 139.681996700000013, 35.687439 ] } },
{ "type": "Feature", "properties": { "内容": "渋谷区グループホーム恵比寿西二丁目【認知症対応型共同生活介護】東京都渋谷区恵比寿西二丁目13-5恵比寿西二丁目複合施設", "url": "https://www.kaigokensaku.mhlw.go.jp/13/index.php?action_kouhyou_detail_004_kani=true&JigyosyoCd=1391300348-00&ServiceCd=320&Type=search", "url2": "https://www.foryou.or.jp/corp3/ebisugrouphome/blog/" }, "geometry": { "type": "Point", "coordinates": [ 139.706217998811383, 35.651036891668802 ] } },
{ "type": "Feature", "properties": { "内容": "渋谷区グループホーム笹塚【認知症対応型共同生活介護】東京都渋谷区笹塚２－３３－９", "url": "https://www.kaigokensaku.mhlw.go.jp/13/index.php?action_kouhyou_detail_004_kani=true&JigyosyoCd=1391300223-00&ServiceCd=320&Type=search", "url2": "http://www.nakato.or.jp/" }, "geometry": { "type": "Point", "coordinates": [ 139.66390309999997, 35.6750315 ] } },
{ "type": "Feature", "properties": { "内容": "グループホーム広尾【認知症対応型共同生活介護】東京都渋谷区広尾4-2-5", "url": "https://www.kaigokensaku.mhlw.go.jp/13/index.php?action_kouhyou_detail_004_kani=true&JigyosyoCd=1391300124-00&ServiceCd=320&Type=search", "url2": "http://www.fukudenkai.or.jp" }, "geometry": { "type": "Point", "coordinates": [ 139.721774200000027, 35.6546204 ] } },
{ "type": "Feature", "properties": { "内容": "ミモザ　代々木【認知症対応型共同生活介護】東京都渋谷区代々木3-54-10ミモザ　代々木", "url": "https://www.kaigokensaku.mhlw.go.jp/13/index.php?action_kouhyou_detail_004_kani=true&JigyosyoCd=1391300165-00&ServiceCd=320&Type=search", "url2": "https://www.mimoza-care.com" }, "geometry": { "type": "Point", "coordinates": [ 139.697239700000011, 35.6816694 ] } },
{ "type": "Feature", "properties": { "内容": "花物語しぶや【認知症対応型共同生活介護】東京都渋谷区本町6-28-12SHIBUYA六号坂　２F/３F", "url": "https://www.kaigokensaku.mhlw.go.jp/13/index.php?action_kouhyou_detail_004_kani=true&JigyosyoCd=1391300272-00&ServiceCd=320&Type=search", "url2": "https://hana-kaigo.jala.co.jp/gh/shibuya/index.html" }, "geometry": { "type": "Point", "coordinates": [ 139.6770105, 35.6826117 ] } },
{ "type": "Feature", "properties": { "内容": "グループホームゆうあい【認知症対応型共同生活介護】東京都中野区江古田２－２４－１１", "url": "https://www.kaigokensaku.mhlw.go.jp/13/index.php?action_kouhyou_detail_004_kani=true&JigyosyoCd=1371401678-00&ServiceCd=320&Type=search", "url2": "https://www.musashinoryoen.org/" }, "geometry": { "type": "Point", "coordinates": [ 139.663411245893826, 35.727682101390599 ] } },
{ "type": "Feature", "properties": { "内容": "東京令和館　中野【認知症対応型共同生活介護】東京都中野区江古田4-43-5", "url": "https://www.kaigokensaku.mhlw.go.jp/13/index.php?action_kouhyou_detail_004_kani=true&JigyosyoCd=1391400635-00&ServiceCd=320&Type=search", "url2": "https://www.tokyoreiwakannakano.jp/" }, "geometry": { "type": "Point", "coordinates": [ 139.6590371, 35.725310900000025 ] } },
{ "type": "Feature", "properties": { "内容": "ニチイケアセンター中野本町【認知症対応型共同生活介護】東京都中野区本町四丁目4番１８号鈴眞ビル", "url": "https://www.kaigokensaku.mhlw.go.jp/13/index.php?action_kouhyou_detail_004_kani=true&JigyosyoCd=1391400122-00&ServiceCd=320&Type=search", "url2": "http://www.nichiigakkan.co.jp" }, "geometry": { "type": "Point", "coordinates": [ 139.673913099999936, 35.6960612 ] } },
{ "type": "Feature", "properties": { "内容": "グループホーム「中野陽だまり」【認知症対応型共同生活介護】東京都中野区東中野１－４－１０２・３Ｆ", "url": "https://www.kaigokensaku.mhlw.go.jp/13/index.php?action_kouhyou_detail_004_kani=true&JigyosyoCd=1391400254-00&ServiceCd=320&Type=search", "url2": null }, "geometry": { "type": "Point", "coordinates": [ 139.685559300000023, 35.7018386 ] } },
{ "type": "Feature", "properties": { "内容": "グループホームおさたけ【認知症対応型共同生活介護】東京都中野区野方6-47-5", "url": "https://www.kaigokensaku.mhlw.go.jp/13/index.php?action_kouhyou_detail_004_kani=true&JigyosyoCd=1391400841-00&ServiceCd=320&Type=search", "url2": "https://www.osatake.com/" }, "geometry": { "type": "Point", "coordinates": [ 139.6495334, 35.7229335 ] } },
{ "type": "Feature", "properties": { "内容": "ほっとステーション鐵庵【認知症対応型共同生活介護】東京都中野区弥生町３－１６－１", "url": "https://www.kaigokensaku.mhlw.go.jp/13/index.php?action_kouhyou_detail_004_kani=true&JigyosyoCd=1371402320-00&ServiceCd=320&Type=search", "url2": "https://hothot.jp/" }, "geometry": { "type": "Point", "coordinates": [ 139.674855, 35.6871734 ] } },
{ "type": "Feature", "properties": { "内容": "もえぎ中野白鷺【認知症対応型共同生活介護】東京都中野区白鷺１－６－３", "url": "https://www.kaigokensaku.mhlw.go.jp/13/index.php?action_kouhyou_detail_004_kani=true&JigyosyoCd=1391400056-00&ServiceCd=320&Type=search", "url2": "https://bien-moegi.jp/" }, "geometry": { "type": "Point", "coordinates": [ 139.638073164418046, 35.716383874848297 ] } },
{ "type": "Feature", "properties": { "内容": "コル・テンポ薬師の家【認知症対応型共同生活介護】東京都中野区新井1-41-2", "url": "https://www.kaigokensaku.mhlw.go.jp/13/index.php?action_kouhyou_detail_004_kani=true&JigyosyoCd=1391400080-00&ServiceCd=320&Type=search", "url2": null }, "geometry": { "type": "Point", "coordinates": [ 139.667189553967319, 35.713544656735166 ] } },
{ "type": "Feature", "properties": { "内容": "グループホーム　東京中野の家【認知症対応型共同生活介護】東京都中野区上鷺宮1丁目7-35グループホーム東京中野の家", "url": "https://www.kaigokensaku.mhlw.go.jp/13/index.php?action_kouhyou_detail_004_kani=true&JigyosyoCd=1391400148-00&ServiceCd=320&Type=search", "url2": null }, "geometry": { "type": "Point", "coordinates": [ 139.638967399999956, 35.7277905 ] } },
{ "type": "Feature", "properties": { "内容": "グループホーム夢【認知症対応型共同生活介護】東京都中野区新井4-29-2ホームタウン友愛", "url": "https://www.kaigokensaku.mhlw.go.jp/13/index.php?action_kouhyou_detail_004_kani=true&JigyosyoCd=1391400155-00&ServiceCd=320&Type=search", "url2": "http://www.musashinoryoen.jp" }, "geometry": { "type": "Point", "coordinates": [ 139.665246, 35.7176114 ] } },
{ "type": "Feature", "properties": { "内容": "グループホームふぁいん鷺宮【認知症対応型共同生活介護】東京都中野区白鷺2-48-9", "url": "https://www.kaigokensaku.mhlw.go.jp/13/index.php?action_kouhyou_detail_004_kani=true&JigyosyoCd=1391400163-00&ServiceCd=320&Type=search", "url2": "http://care-d.com" }, "geometry": { "type": "Point", "coordinates": [ 139.636691583992075, 35.721986375372531 ] } },
{ "type": "Feature", "properties": { "内容": "愛の家グループホーム中野上高田【認知症対応型共同生活介護】東京都中野区上高田1-2-45愛の家グループホーム中野上高田", "url": "https://www.kaigokensaku.mhlw.go.jp/13/index.php?action_kouhyou_detail_004_kani=true&JigyosyoCd=1391400205-00&ServiceCd=320&Type=search", "url2": "https://mcs-ainoie.com/search/tokyo/nakanoku/gh165/" }, "geometry": { "type": "Point", "coordinates": [ 139.679328700000042, 35.7101764 ] } },
{ "type": "Feature", "properties": { "内容": "愛の家グループホーム中野弥生町【認知症対応型共同生活介護】東京都中野区弥生町2－11－6", "url": "https://www.kaigokensaku.mhlw.go.jp/13/index.php?action_kouhyou_detail_004_kani=true&JigyosyoCd=1391400239-00&ServiceCd=320&Type=search", "url2": "http://www.mcsg.co.jp" }, "geometry": { "type": "Point", "coordinates": [ 139.675621399999955, 35.6927533 ] } },
{ "type": "Feature", "properties": { "内容": "グループホームみんなの家・中野鷺宮【認知症対応型共同生活介護】東京都中野区鷺宮1-11-14", "url": "https://www.kaigokensaku.mhlw.go.jp/13/index.php?action_kouhyou_detail_004_kani=true&JigyosyoCd=1391400247-00&ServiceCd=320&Type=search", "url2": "https://kaigo.alsok.co.jp" }, "geometry": { "type": "Point", "coordinates": [ 139.648297900000017, 35.723367100000019 ] } },
{ "type": "Feature", "properties": { "内容": "はぴね中野坂上【認知症対応型共同生活介護】東京都中野区中央１丁目１１－８", "url": "https://www.kaigokensaku.mhlw.go.jp/13/index.php?action_kouhyou_detail_004_kani=true&JigyosyoCd=1391400262-00&ServiceCd=320&Type=search", "url2": "http://www.greenlife-inc.co.jp" }, "geometry": { "type": "Point", "coordinates": [ 139.687667599999941, 35.700325 ] } },
{ "type": "Feature", "properties": { "内容": "グループホーム　たのしい家　中野南台【認知症対応型共同生活介護】東京都中野区南台4-26-14", "url": "https://www.kaigokensaku.mhlw.go.jp/13/index.php?action_kouhyou_detail_004_kani=true&JigyosyoCd=1391400296-00&ServiceCd=320&Type=search", "url2": "https://care21.co.jp/" }, "geometry": { "type": "Point", "coordinates": [ 139.6681888, 35.6808948 ] } },
{ "type": "Feature", "properties": { "内容": "グループホームcarna中野丸山【認知症対応型共同生活介護】東京都中野区丸山1-25-14", "url": "https://www.kaigokensaku.mhlw.go.jp/13/index.php?action_kouhyou_detail_004_kani=true&JigyosyoCd=1391400312-00&ServiceCd=320&Type=search", "url2": "http://www.tmg.or.jp/carna_nakano" }, "geometry": { "type": "Point", "coordinates": [ 139.655715900000018, 35.7249578 ] } },
{ "type": "Feature", "properties": { "内容": "東中野キングス・ガーデン【認知症対応型共同生活介護】東京都中野区東中野4-2-16東中野キングス・ガーデン", "url": "https://www.kaigokensaku.mhlw.go.jp/13/index.php?action_kouhyou_detail_004_kani=true&JigyosyoCd=1391400346-00&ServiceCd=320&Type=search", "url2": "http://www.kg-tokyo.or.jp/" }, "geometry": { "type": "Point", "coordinates": [ 139.685277590212962, 35.707062588061355 ] } },
{ "type": "Feature", "properties": { "内容": "生活共同組合パルシステム東京グループホーム「中野中央陽だまり」【認知症対応型共同生活介護】東京都中野区中央5-41-18東京都生協連会館５Ｆ", "url": "https://www.kaigokensaku.mhlw.go.jp/13/index.php?action_kouhyou_detail_004_kani=true&JigyosyoCd=1391400411-00&ServiceCd=320&Type=search", "url2": "http://www.palsystem-tokyo.coop/" }, "geometry": { "type": "Point", "coordinates": [ 139.66604940000002, 35.7020019 ] } },
{ "type": "Feature", "properties": { "内容": "グループホームたのしい家中野江古田【認知症対応型共同生活介護】東京都中野区江古田3-3-10グループホーム　たのしい家中野江古田", "url": "https://www.kaigokensaku.mhlw.go.jp/13/index.php?action_kouhyou_detail_004_kani=true&JigyosyoCd=1391400494-00&ServiceCd=320&Type=search", "url2": "http://www.care21.co.jp" }, "geometry": { "type": "Point", "coordinates": [ 139.6691755, 35.7272146 ] } },
{ "type": "Feature", "properties": { "内容": "グループホームえごた【認知症対応型共同生活介護】東京都中野区江古田3丁目3番22号安心ケアセンター・悠遊えごた2階3階", "url": "https://www.kaigokensaku.mhlw.go.jp/13/index.php?action_kouhyou_detail_004_kani=true&JigyosyoCd=1391400544-00&ServiceCd=320&Type=search", "url2": "https://www.you-you123.com" }, "geometry": { "type": "Point", "coordinates": [ 139.669604099999987, 35.7273781 ] } },
{ "type": "Feature", "properties": { "内容": "花物語なかの【認知症対応型共同生活介護】東京都中野区上鷺宮1-8-13", "url": "https://www.kaigokensaku.mhlw.go.jp/13/index.php?action_kouhyou_detail_004_kani=true&JigyosyoCd=1391400692-00&ServiceCd=320&Type=search", "url2": "http://www.jala.co.jp" }, "geometry": { "type": "Point", "coordinates": [ 139.63713960000004, 35.7281114 ] } },
{ "type": "Feature", "properties": { "内容": "浴風会グループホームひまわり【認知症対応型共同生活介護】東京都杉並区高井戸西1-12-1第三南陽園6階", "url": "https://www.kaigokensaku.mhlw.go.jp/13/index.php?action_kouhyou_detail_004_kani=true&JigyosyoCd=1371501741-00&ServiceCd=320&Type=search", "url2": "http://www.yokufuukai.or.jp" }, "geometry": { "type": "Point", "coordinates": [ 139.609904699999987, 35.680386499999983 ] } },
{ "type": "Feature", "properties": { "内容": "グループホームたのしい家上高井戸【認知症対応型共同生活介護】東京都杉並区上高井戸2-14-12たのしい家上高井戸", "url": "https://www.kaigokensaku.mhlw.go.jp/13/index.php?action_kouhyou_detail_004_kani=true&JigyosyoCd=1391501564-00&ServiceCd=320&Type=search", "url2": "https://www.care21.co.jp/" }, "geometry": { "type": "Point", "coordinates": [ 139.6157134, 35.6806401 ] } },
{ "type": "Feature", "properties": { "内容": "グループホームきらら西荻南【認知症対応型共同生活介護】東京都杉並区西荻南1-2-20", "url": "https://www.kaigokensaku.mhlw.go.jp/13/index.php?action_kouhyou_detail_004_kani=true&JigyosyoCd=1391501572-00&ServiceCd=320&Type=search", "url2": "https://www.starts-care.jp/service/grouphome/kirara_nishiogiminami/" }, "geometry": { "type": "Point", "coordinates": [ 139.603050137434366, 35.696344924891498 ] } },
{ "type": "Feature", "properties": { "内容": "優っくりグループホーム杉並沓掛【認知症対応型共同生活介護】東京都杉並区本天沼3-34-29", "url": "https://www.kaigokensaku.mhlw.go.jp/13/index.php?action_kouhyou_detail_004_kani=true&JigyosyoCd=1391500541-00&ServiceCd=320&Type=search", "url2": "http://www.foryou.or.jp" }, "geometry": { "type": "Point", "coordinates": [ 139.622744199999943, 35.7158971 ] } },
{ "type": "Feature", "properties": { "内容": "グループホーム　たのしい家上井草【認知症対応型共同生活介護】東京都杉並区上井草四丁目14-24", "url": "https://www.kaigokensaku.mhlw.go.jp/13/index.php?action_kouhyou_detail_004_kani=true&JigyosyoCd=1391501424-00&ServiceCd=320&Type=search", "url2": "https://www.care21.co.jp/" }, "geometry": { "type": "Point", "coordinates": [ 139.598958299999964, 35.720576800000011 ] } },
{ "type": "Feature", "properties": { "内容": "グループホームなごみ方南【認知症対応型共同生活介護】東京都杉並区方南2-6-28", "url": "https://www.kaigokensaku.mhlw.go.jp/13/index.php?action_kouhyou_detail_004_kani=true&JigyosyoCd=1391500020-00&ServiceCd=320&Type=search", "url2": "http://www.enzeru.co.jp" }, "geometry": { "type": "Point", "coordinates": [ 139.659256599999907, 35.6807681 ] } },
{ "type": "Feature", "properties": { "内容": "せらび杉並【認知症対応型共同生活介護】東京都杉並区上井草2-42-12", "url": "https://www.kaigokensaku.mhlw.go.jp/13/index.php?action_kouhyou_detail_004_kani=true&JigyosyoCd=1391500251-00&ServiceCd=320&Type=search", "url2": "https://www.solasto.co.jp" }, "geometry": { "type": "Point", "coordinates": [ 139.609489599999961, 35.7245596 ] } },
{ "type": "Feature", "properties": { "内容": "グループホーム太陽【認知症対応型共同生活介護】東京都杉並区松庵3-1-3ボンズ・ヴィレッジ2階-4階", "url": "https://www.kaigokensaku.mhlw.go.jp/13/index.php?action_kouhyou_detail_004_kani=true&JigyosyoCd=1391500327-00&ServiceCd=320&Type=search", "url2": "http://mcsyamanaka.co.jp/facility/grouphome/" }, "geometry": { "type": "Point", "coordinates": [ 139.597716399999968, 35.6987095 ] } },
{ "type": "Feature", "properties": { "内容": "ニチイケアセンター荻窪【認知症対応型共同生活介護】東京都杉並区荻窪１-15-13", "url": "https://www.kaigokensaku.mhlw.go.jp/13/index.php?action_kouhyou_detail_004_kani=true&JigyosyoCd=1391500525-00&ServiceCd=320&Type=search", "url2": "http://www.nichiigakkan.co.jp" }, "geometry": { "type": "Point", "coordinates": [ 139.623229533196309, 35.69327465638694 ] } },
{ "type": "Feature", "properties": { "内容": "そんぽの家GH堀ノ内【認知症対応型共同生活介護】東京都杉並区堀ノ内2-19-26", "url": "https://www.kaigokensaku.mhlw.go.jp/13/index.php?action_kouhyou_detail_004_kani=true&JigyosyoCd=1391500988-00&ServiceCd=320&Type=search", "url2": "https://www.sompocare.com" }, "geometry": { "type": "Point", "coordinates": [ 139.650520699999987, 35.6874172 ] } },
{ "type": "Feature", "properties": { "内容": "ぐるーぷほーむ　はこぶね【認知症対応型共同生活介護】東京都杉並区善福寺4-20-10", "url": "https://www.kaigokensaku.mhlw.go.jp/13/index.php?action_kouhyou_detail_004_kani=true&JigyosyoCd=1391500087-00&ServiceCd=320&Type=search", "url2": null }, "geometry": { "type": "Point", "coordinates": [ 139.589763700000049, 35.7193597 ] } },
{ "type": "Feature", "properties": { "内容": "もえぎ西荻北【認知症対応型共同生活介護】東京都杉並区西荻北１－１９－１７もえぎ西荻北", "url": "https://www.kaigokensaku.mhlw.go.jp/13/index.php?action_kouhyou_detail_004_kani=true&JigyosyoCd=1371502582-00&ServiceCd=320&Type=search", "url2": "http://bien-moegi.jp/" }, "geometry": { "type": "Point", "coordinates": [ 139.607198599999947, 35.7081254 ] } },
{ "type": "Feature", "properties": { "内容": "上井草グルップボエンデ【認知症対応型共同生活介護】東京都杉並区上井草4-3-22", "url": "https://www.kaigokensaku.mhlw.go.jp/13/index.php?action_kouhyou_detail_004_kani=true&JigyosyoCd=1371502681-00&ServiceCd=320&Type=search", "url2": "http://www.gruppboende.co.jp/" }, "geometry": { "type": "Point", "coordinates": [ 139.597415800000022, 35.7182739 ] } },
{ "type": "Feature", "properties": { "内容": "杉並区グループホームなごみ高井戸【認知症対応型共同生活介護】東京都杉並区高井戸西２－５－１杉並区営高井戸西二丁目アパート１号棟１階", "url": "https://www.kaigokensaku.mhlw.go.jp/13/index.php?action_kouhyou_detail_004_kani=true&JigyosyoCd=1371503499-00&ServiceCd=320&Type=search", "url2": "http://www.enzeru.co.jp/" }, "geometry": { "type": "Point", "coordinates": [ 139.612276599999973, 35.6838112 ] } },
{ "type": "Feature", "properties": { "内容": "グループホーム永福【認知症対応型共同生活介護】東京都杉並区永福３－６－１４", "url": "https://www.kaigokensaku.mhlw.go.jp/13/index.php?action_kouhyou_detail_004_kani=true&JigyosyoCd=1391500012-00&ServiceCd=320&Type=search", "url2": "http://gh-eifuku.com" }, "geometry": { "type": "Point", "coordinates": [ 139.635455699999966, 35.6753737 ] } },
{ "type": "Feature", "properties": { "内容": "グループホーム豊生【認知症対応型共同生活介護】東京都杉並区高円寺南3‐43‐11", "url": "https://www.kaigokensaku.mhlw.go.jp/13/index.php?action_kouhyou_detail_004_kani=true&JigyosyoCd=1391500137-00&ServiceCd=320&Type=search", "url2": "http://gh-houjou.com" }, "geometry": { "type": "Point", "coordinates": [ 139.646206300000017, 35.7035931 ] } },
{ "type": "Feature", "properties": { "内容": "シャローム本天沼【認知症対応型共同生活介護】東京都杉並区本天沼２－３６－１７", "url": "https://www.kaigokensaku.mhlw.go.jp/13/index.php?action_kouhyou_detail_004_kani=true&JigyosyoCd=1391500145-00&ServiceCd=320&Type=search", "url2": "http://www.shalom-tokyo.net/" }, "geometry": { "type": "Point", "coordinates": [ 139.624802526037371, 35.715886144696064 ] } },
{ "type": "Feature", "properties": { "内容": "マザアスホームだんらん杉並・松庵【認知症対応型共同生活介護】東京都杉並区松庵1-13-21", "url": "https://www.kaigokensaku.mhlw.go.jp/13/index.php?action_kouhyou_detail_004_kani=true&JigyosyoCd=1391500210-00&ServiceCd=320&Type=search", "url2": "http://www.motherth.com/d-suginami/" }, "geometry": { "type": "Point", "coordinates": [ 139.591736399999974, 35.69734 ] } },
{ "type": "Feature", "properties": { "内容": "グルップボエンデ井荻【認知症対応型共同生活介護】東京都杉並区下井草5-22-4", "url": "https://www.kaigokensaku.mhlw.go.jp/13/index.php?action_kouhyou_detail_004_kani=true&JigyosyoCd=1391500285-00&ServiceCd=320&Type=search", "url2": "http://www.gruppboende.co.jp" }, "geometry": { "type": "Point", "coordinates": [ 139.6164834, 35.7240071 ] } },
{ "type": "Feature", "properties": { "内容": "グループホーム阿佐ヶ谷【認知症対応型共同生活介護】東京都杉並区阿佐ヶ谷北２－２９－６", "url": "https://www.kaigokensaku.mhlw.go.jp/13/index.php?action_kouhyou_detail_004_kani=true&JigyosyoCd=1391500350-00&ServiceCd=320&Type=search", "url2": null }, "geometry": { "type": "Point", "coordinates": [ 139.63088259999995, 35.70726490000002 ] } },
{ "type": "Feature", "properties": { "内容": "グループホームなごみ松ノ木【認知症対応型共同生活介護】東京都杉並区松ノ木1-12-50", "url": "https://www.kaigokensaku.mhlw.go.jp/13/index.php?action_kouhyou_detail_004_kani=true&JigyosyoCd=1391500384-00&ServiceCd=320&Type=search", "url2": "http://www.enzeru.co.jp" }, "geometry": { "type": "Point", "coordinates": [ 139.643175179098506, 35.689404873435429 ] } },
{ "type": "Feature", "properties": { "内容": "上高井戸大地の郷みたけ【認知症対応型共同生活介護】東京都杉並区上高井戸2丁目12番1号", "url": "https://www.kaigokensaku.mhlw.go.jp/13/index.php?action_kouhyou_detail_004_kani=true&JigyosyoCd=1391500392-00&ServiceCd=320&Type=search", "url2": "http://mitake.or.jp" }, "geometry": { "type": "Point", "coordinates": [ 139.608834189688082, 35.677576449630337 ] } },
{ "type": "Feature", "properties": { "内容": "セントケアホーム上井草【認知症対応型共同生活介護】東京都杉並区上井草2-26-10", "url": "https://www.kaigokensaku.mhlw.go.jp/13/index.php?action_kouhyou_detail_004_kani=true&JigyosyoCd=1391500434-00&ServiceCd=320&Type=search", "url2": "http://www.saint-care.com/" }, "geometry": { "type": "Point", "coordinates": [ 139.6063732, 35.7225625 ] } },
{ "type": "Feature", "properties": { "内容": "グループホーム　たのしい家　杉並高井戸【認知症対応型共同生活介護】東京都杉並区高井戸西1-2-9", "url": "https://www.kaigokensaku.mhlw.go.jp/13/index.php?action_kouhyou_detail_004_kani=true&JigyosyoCd=1391500509-00&ServiceCd=320&Type=search", "url2": "http://www.care21.co.jp/" }, "geometry": { "type": "Point", "coordinates": [ 139.612849470500095, 35.678409827396941 ] } },
{ "type": "Feature", "properties": { "内容": "グループホーム上井草あやめ【認知症対応型共同生活介護】東京都杉並区上井草1-12-14", "url": "https://www.kaigokensaku.mhlw.go.jp/13/index.php?action_kouhyou_detail_004_kani=true&JigyosyoCd=1391500533-00&ServiceCd=320&Type=search", "url2": "http://www.solasto.co.jp" }, "geometry": { "type": "Point", "coordinates": [ 139.611145, 35.7210529 ] } },
{ "type": "Feature", "properties": { "内容": "ミモザ久我山【認知症対応型共同生活介護】東京都杉並区宮前４－３０－３ミモザ久我山　2F,3F", "url": "https://www.kaigokensaku.mhlw.go.jp/13/index.php?action_kouhyou_detail_004_kani=true&JigyosyoCd=1391500566-00&ServiceCd=320&Type=search", "url2": "http://www.mimoza-care.jp/base/kugayama.html" }, "geometry": { "type": "Point", "coordinates": [ 139.605235266270483, 35.693565271412631 ] } },
{ "type": "Feature", "properties": { "内容": "はなまるホーム井荻【認知症対応型共同生活介護】東京都杉並区上井草1-23-9", "url": "https://www.kaigokensaku.mhlw.go.jp/13/index.php?action_kouhyou_detail_004_kani=true&JigyosyoCd=1391500608-00&ServiceCd=320&Type=search", "url2": "https://www.aiseifukushi.jp/grouphome-iogi" }, "geometry": { "type": "Point", "coordinates": [ 139.6139427374344, 35.72272422443482 ] } },
{ "type": "Feature", "properties": { "内容": "木下の介護　グループホーム下高井戸【認知症対応型共同生活介護】東京都杉並区下高井戸2-18-15", "url": "https://www.kaigokensaku.mhlw.go.jp/13/index.php?action_kouhyou_detail_004_kani=true&JigyosyoCd=1391500707-00&ServiceCd=320&Type=search", "url2": "http://www.kinoshita-kaigo.co.jp/" }, "geometry": { "type": "Point", "coordinates": [ 139.638858499999969, 35.6694161 ] } },
{ "type": "Feature", "properties": { "内容": "グループホームふくろう宮前【認知症対応型共同生活介護】東京都杉並区宮前２−１１−１１", "url": "https://www.kaigokensaku.mhlw.go.jp/13/index.php?action_kouhyou_detail_004_kani=true&JigyosyoCd=1391500749-00&ServiceCd=320&Type=search", "url2": "http://tenjuen.net" }, "geometry": { "type": "Point", "coordinates": [ 139.610246, 35.6929159 ] } },
{ "type": "Feature", "properties": { "内容": "グループホームきらら荻窪【認知症対応型共同生活介護】東京都杉並区清水1-28-1", "url": "https://www.kaigokensaku.mhlw.go.jp/13/index.php?action_kouhyou_detail_004_kani=true&JigyosyoCd=1391500798-00&ServiceCd=320&Type=search", "url2": "https://www.starts-care.jp" }, "geometry": { "type": "Point", "coordinates": [ 139.6166815, 35.7112189 ] } },
{ "type": "Feature", "properties": { "内容": "ミモザ善福寺壱番館【認知症対応型共同生活介護】東京都杉並区善福寺3-9-14", "url": "https://www.kaigokensaku.mhlw.go.jp/13/index.php?action_kouhyou_detail_004_kani=true&JigyosyoCd=1391500913-00&ServiceCd=320&Type=search", "url2": "https://www.mimoza-care.jp/base/zenpukuji-1.html" }, "geometry": { "type": "Point", "coordinates": [ 139.590436, 35.7161712 ] } },
{ "type": "Feature", "properties": { "内容": "グループホーム　たかいどの里【認知症対応型共同生活介護】東京都杉並区高井戸東4-5-7", "url": "https://www.kaigokensaku.mhlw.go.jp/13/index.php?action_kouhyou_detail_004_kani=true&JigyosyoCd=1391500939-00&ServiceCd=320&Type=search", "url2": null }, "geometry": { "type": "Point", "coordinates": [ 139.619537, 35.6881583 ] } },
{ "type": "Feature", "properties": { "内容": "愛の家グループホーム杉並上高井戸【認知症対応型共同生活介護】東京都杉並区上高井戸二丁目8番27号愛の家杉並上高井戸", "url": "https://www.kaigokensaku.mhlw.go.jp/13/index.php?action_kouhyou_detail_004_kani=true&JigyosyoCd=1391500947-00&ServiceCd=320&Type=search", "url2": "http://www.mcsg.co.jp" }, "geometry": { "type": "Point", "coordinates": [ 139.610917726458752, 35.677987812974301 ] } },
{ "type": "Feature", "properties": { "内容": "グループホームきらら西荻窪【認知症対応型共同生活介護】東京都杉並区今川3-3-29グループホームきらら西荻窪", "url": "https://www.kaigokensaku.mhlw.go.jp/13/index.php?action_kouhyou_detail_004_kani=true&JigyosyoCd=1391501010-00&ServiceCd=320&Type=search", "url2": "http://www.starts.co.jp/s-careservice" }, "geometry": { "type": "Point", "coordinates": [ 139.606928839425677, 35.714805112830675 ] } },
{ "type": "Feature", "properties": { "内容": "グループホームきらら新高円寺【認知症対応型共同生活介護】東京都杉並区堀ノ内3-5-18", "url": "https://www.kaigokensaku.mhlw.go.jp/13/index.php?action_kouhyou_detail_004_kani=true&JigyosyoCd=1391501044-00&ServiceCd=320&Type=search", "url2": "https://www.starts-care.jp/kirara_shinkoenji/" }, "geometry": { "type": "Point", "coordinates": [ 139.652034400000048, 35.6911195 ] } },
{ "type": "Feature", "properties": { "内容": "ウェルミー今川【認知症対応型共同生活介護】東京都杉並区今川1-15-11", "url": "https://www.kaigokensaku.mhlw.go.jp/13/index.php?action_kouhyou_detail_004_kani=true&JigyosyoCd=1391501069-00&ServiceCd=320&Type=search", "url2": "https://www.haseko-senior.co.jp/home/imagawa/index.html" }, "geometry": { "type": "Point", "coordinates": [ 139.611294300000054, 35.7176671 ] } },
{ "type": "Feature", "properties": { "内容": "エクセレント杉並清水【認知症対応型共同生活介護】東京都杉並区清水3-9-19", "url": "https://www.kaigokensaku.mhlw.go.jp/13/index.php?action_kouhyou_detail_004_kani=true&JigyosyoCd=1391501119-00&ServiceCd=320&Type=search", "url2": "https://www.excare.co.jp/facility/03/suginamishimizu/" }, "geometry": { "type": "Point", "coordinates": [ 139.614988700000026, 35.716355 ] } },
{ "type": "Feature", "properties": { "内容": "カームガーデン下井草【認知症対応型共同生活介護】東京都杉並区下井草２丁目１５−１９", "url": "https://www.kaigokensaku.mhlw.go.jp/13/index.php?action_kouhyou_detail_004_kani=true&JigyosyoCd=1391501507-00&ServiceCd=320&Type=search", "url2": "https://www.care-partner.com/place/simoigusa-grouphome/" }, "geometry": { "type": "Point", "coordinates": [ 139.6269962, 35.719160500000015 ] } },
{ "type": "Feature", "properties": { "内容": "ミモザ善福寺弐番館【認知症対応型共同生活介護】東京都杉並区善福寺3-9-17", "url": "https://www.kaigokensaku.mhlw.go.jp/13/index.php?action_kouhyou_detail_004_kani=true&JigyosyoCd=1391500921-00&ServiceCd=320&Type=search", "url2": "https://www.mimoza-care.jp" }, "geometry": { "type": "Point", "coordinates": [ 139.590556600000014, 35.7161489 ] } },
{ "type": "Feature", "properties": { "内容": "グループホーム　いけぶくろの家【認知症対応型共同生活介護】東京都豊島区池袋3-59-4", "url": "https://www.kaigokensaku.mhlw.go.jp/13/index.php?action_kouhyou_detail_004_kani=true&JigyosyoCd=1391600119-00&ServiceCd=320&Type=search", "url2": "http://www.izumiwaku-ie.jp" }, "geometry": { "type": "Point", "coordinates": [ 139.707844300000033, 35.7355414 ] } },
{ "type": "Feature", "properties": { "内容": "グループホーム　小菊の家【認知症対応型共同生活介護】東京都豊島区西巣鴨2-30-20", "url": "https://www.kaigokensaku.mhlw.go.jp/13/index.php?action_kouhyou_detail_004_kani=true&JigyosyoCd=1391600150-00&ServiceCd=320&Type=search", "url2": "https://toshimaj.or.jp/facilities/kogikunoie" }, "geometry": { "type": "Point", "coordinates": [ 139.727898099999948, 35.7392251 ] } },
{ "type": "Feature", "properties": { "内容": "さわやかケアポートとしま・グループホーム【認知症対応型共同生活介護】東京都豊島区北大塚１－１２－１５協同興業北大塚ビル2階", "url": "https://www.kaigokensaku.mhlw.go.jp/13/index.php?action_kouhyou_detail_004_kani=true&JigyosyoCd=1391600010-00&ServiceCd=320&Type=search", "url2": "http://www.welcia-partners.co.jp" }, "geometry": { "type": "Point", "coordinates": [ 139.732631399999946, 35.7322481 ] } },
{ "type": "Feature", "properties": { "内容": "グループホーム南長崎　野の里【認知症対応型共同生活介護】東京都豊島区南長崎４－27－13", "url": "https://www.kaigokensaku.mhlw.go.jp/13/index.php?action_kouhyou_detail_004_kani=true&JigyosyoCd=1371602630-00&ServiceCd=320&Type=search", "url2": "http://www.nonosato.co.jp" }, "geometry": { "type": "Point", "coordinates": [ 139.684935799999948, 35.7263718 ] } },
{ "type": "Feature", "properties": { "内容": "グループホーム田楽【認知症対応型共同生活介護】東京都豊島区南長崎３－３６－２", "url": "https://www.kaigokensaku.mhlw.go.jp/13/index.php?action_kouhyou_detail_004_kani=true&JigyosyoCd=1391600044-00&ServiceCd=320&Type=search", "url2": "http://www.ne.jp/asahi/gh/dengaku/" }, "geometry": { "type": "Point", "coordinates": [ 139.688780169311485, 35.726639335302274 ] } },
{ "type": "Feature", "properties": { "内容": "グループホーム　ほおずき【認知症対応型共同生活介護】東京都豊島区目白4-20-12", "url": "https://www.kaigokensaku.mhlw.go.jp/13/index.php?action_kouhyou_detail_004_kani=true&JigyosyoCd=1391600077-00&ServiceCd=320&Type=search", "url2": null }, "geometry": { "type": "Point", "coordinates": [ 139.70229519999998, 35.7256588 ] } },
{ "type": "Feature", "properties": { "内容": "雑司が谷みみずくの里【認知症対応型共同生活介護】東京都豊島区雑司が谷2－13－21", "url": "https://www.kaigokensaku.mhlw.go.jp/13/index.php?action_kouhyou_detail_004_kani=true&JigyosyoCd=1391600085-00&ServiceCd=320&Type=search", "url2": "http://tokyo-health.coop" }, "geometry": { "type": "Point", "coordinates": [ 139.717530099999976, 35.7186158 ] } },
{ "type": "Feature", "properties": { "内容": "グループホームふれあいの里【認知症対応型共同生活介護】東京都豊島区南長崎２丁目３ー８", "url": "https://www.kaigokensaku.mhlw.go.jp/13/index.php?action_kouhyou_detail_004_kani=true&JigyosyoCd=1391600135-00&ServiceCd=320&Type=search", "url2": "https://www.fureaino-sato.com/" }, "geometry": { "type": "Point", "coordinates": [ 139.688661206745905, 35.723843565158482 ] } },
{ "type": "Feature", "properties": { "内容": "愛・グループホーム豊島池袋【認知症対応型共同生活介護】東京都豊島区池袋　1-16-10", "url": "https://www.kaigokensaku.mhlw.go.jp/13/index.php?action_kouhyou_detail_004_kani=true&JigyosyoCd=1391600184-00&ServiceCd=320&Type=search", "url2": "https://i-sogofukushi.com" }, "geometry": { "type": "Point", "coordinates": [ 139.7118716, 35.7374109 ] } },
{ "type": "Feature", "properties": { "内容": "グループホーム　東京西巣鴨の家【認知症対応型共同生活介護】東京都豊島区西巣鴨四丁目28番3号", "url": "https://www.kaigokensaku.mhlw.go.jp/13/index.php?action_kouhyou_detail_004_kani=true&JigyosyoCd=1391600192-00&ServiceCd=320&Type=search", "url2": null }, "geometry": { "type": "Point", "coordinates": [ 139.732225400000061, 35.7441663 ] } },
{ "type": "Feature", "properties": { "内容": "グループホーム四丁目の家【認知症対応型共同生活介護】東京都豊島区池袋4-10-2冨士ビル　2F・3F", "url": "https://www.kaigokensaku.mhlw.go.jp/13/index.php?action_kouhyou_detail_004_kani=true&JigyosyoCd=1391600200-00&ServiceCd=320&Type=search", "url2": "http://www.izumiwaku-ie.jp/yonnvhoume#ttl-yonnvhoume" }, "geometry": { "type": "Point", "coordinates": [ 139.707354200000026, 35.738266600000017 ] } },
{ "type": "Feature", "properties": { "内容": "ガーデンコート駒込染井【認知症対応型共同生活介護】東京都豊島区駒込6-34-7東栄駒込ビル3階", "url": "https://www.kaigokensaku.mhlw.go.jp/13/index.php?action_kouhyou_detail_004_kani=true&JigyosyoCd=1391600341-00&ServiceCd=320&Type=search", "url2": "http://www.healthy-service.co.jp" }, "geometry": { "type": "Point", "coordinates": [ 139.742568500000061, 35.7413311 ] } },
{ "type": "Feature", "properties": { "内容": "優っくりグループホーム豊島南長崎【認知症対応型共同生活介護】東京都豊島区南長崎5-20-161階～3階", "url": "https://www.kaigokensaku.mhlw.go.jp/13/index.php?action_kouhyou_detail_004_kani=true&JigyosyoCd=1391600390-00&ServiceCd=320&Type=search", "url2": "https://www.foryou.or.jp/" }, "geometry": { "type": "Point", "coordinates": [ 139.681586, 35.728921600000014 ] } },
{ "type": "Feature", "properties": { "内容": "グループホームファミリア千川【認知症対応型共同生活介護】東京都豊島区要町3-3-101階・2階", "url": "https://www.kaigokensaku.mhlw.go.jp/13/index.php?action_kouhyou_detail_004_kani=true&JigyosyoCd=1391600416-00&ServiceCd=320&Type=search", "url2": "http://kitayoshida-clinic.biz" }, "geometry": { "type": "Point", "coordinates": [ 139.6890089, 35.7368579 ] } },
{ "type": "Feature", "properties": { "内容": "カームガーデン椎名町【認知症対応型共同生活介護】東京都豊島区南長崎1丁目13番7号", "url": "https://www.kaigokensaku.mhlw.go.jp/13/index.php?action_kouhyou_detail_004_kani=true&JigyosyoCd=1391600432-00&ServiceCd=320&Type=search", "url2": "https://www.care-partner.com/place/sinamachi_grouphome/" }, "geometry": { "type": "Point", "coordinates": [ 139.691793492625038, 35.7256671635052 ] } },
{ "type": "Feature", "properties": { "内容": "グループホームきらら要町【認知症対応型共同生活介護】東京都豊島区千早２丁目１５番１４", "url": "https://www.kaigokensaku.mhlw.go.jp/13/index.php?action_kouhyou_detail_004_kani=true&JigyosyoCd=1391600440-00&ServiceCd=320&Type=search", "url2": "https://www.starts-care.jp/" }, "geometry": { "type": "Point", "coordinates": [ 139.6928126, 35.732487700000014 ] } },
{ "type": "Feature", "properties": { "内容": "花物語としま【認知症対応型共同生活介護】東京都豊島区駒込3-30-3平見ビル2階～4階", "url": "https://www.kaigokensaku.mhlw.go.jp/13/index.php?action_kouhyou_detail_004_kani=true&JigyosyoCd=1391600465-00&ServiceCd=320&Type=search", "url2": "https://jala.co.jp/" }, "geometry": { "type": "Point", "coordinates": [ 139.744083500000016, 35.7407821 ] } },
{ "type": "Feature", "properties": { "内容": "アースサポートグループホーム　豊島五丁目【認知症対応型共同生活介護】東京都北区豊島5丁目4番1号102", "url": "https://www.kaigokensaku.mhlw.go.jp/13/index.php?action_kouhyou_detail_004_kani=true&JigyosyoCd=1391700554-00&ServiceCd=320&Type=search", "url2": "https://www.earthsupport.co.jp/" }, "geometry": { "type": "Point", "coordinates": [ 139.7513925, 35.765197 ] } },
{ "type": "Feature", "properties": { "内容": "グループホームあすか王子【認知症対応型共同生活介護】東京都北区豊島3-1-13", "url": "https://www.kaigokensaku.mhlw.go.jp/13/index.php?action_kouhyou_detail_004_kani=true&JigyosyoCd=1391700224-00&ServiceCd=320&Type=search", "url2": "http://www.gh-asuka.jp/" }, "geometry": { "type": "Point", "coordinates": [ 139.745120899999961, 35.7600231 ] } },
{ "type": "Feature", "properties": { "内容": "ハビリス・リ・トキ【認知症対応型共同生活介護】東京都北区神谷1-22-8", "url": "https://www.kaigokensaku.mhlw.go.jp/13/index.php?action_kouhyou_detail_004_kani=true&JigyosyoCd=1371702406-00&ServiceCd=320&Type=search", "url2": "http://toki-group.co.jp" }, "geometry": { "type": "Point", "coordinates": [ 139.731918528836076, 35.768668257803995 ] } },
{ "type": "Feature", "properties": { "内容": "グループホームあすか東十条【認知症対応型共同生活介護】東京都北区東十条2-10-12", "url": "https://www.kaigokensaku.mhlw.go.jp/13/index.php?action_kouhyou_detail_004_kani=true&JigyosyoCd=1371702000-00&ServiceCd=320&Type=search", "url2": "http://www.gh-asuka.jp" }, "geometry": { "type": "Point", "coordinates": [ 139.731319100000064, 35.7648973 ] } },
{ "type": "Feature", "properties": { "内容": "グループホーム希望・新赤羽【認知症対応型共同生活介護】東京都北区浮間２－５－２０", "url": "https://www.kaigokensaku.mhlw.go.jp/13/index.php?action_kouhyou_detail_004_kani=true&JigyosyoCd=1371702315-00&ServiceCd=320&Type=search", "url2": "http://www.tokyo-kibou.jp" }, "geometry": { "type": "Point", "coordinates": [ 139.698426700000027, 35.7930978 ] } },
{ "type": "Feature", "properties": { "内容": "セントケアホーム浮間【認知症対応型共同生活介護】東京都北区浮間3-11-4セントケアホーム浮間", "url": "https://www.kaigokensaku.mhlw.go.jp/13/index.php?action_kouhyou_detail_004_kani=true&JigyosyoCd=1391700109-00&ServiceCd=320&Type=search", "url2": "https//www.saint-care.com" }, "geometry": { "type": "Point", "coordinates": [ 139.69920220000003, 35.7861736 ] } },
{ "type": "Feature", "properties": { "内容": "ニチイケアセンター赤羽【認知症対応型共同生活介護】東京都北区赤羽北1－4－22", "url": "https://www.kaigokensaku.mhlw.go.jp/13/index.php?action_kouhyou_detail_004_kani=true&JigyosyoCd=1391700166-00&ServiceCd=320&Type=search", "url2": "http://www.nichiigakkan.co.jp" }, "geometry": { "type": "Point", "coordinates": [ 139.716147500000034, 35.786316 ] } },
{ "type": "Feature", "properties": { "内容": "グループホーム　たのしい家西ヶ原【認知症対応型共同生活介護】東京都北区西ヶ原1丁目41番5号", "url": "https://www.kaigokensaku.mhlw.go.jp/13/index.php?action_kouhyou_detail_004_kani=true&JigyosyoCd=1391700174-00&ServiceCd=320&Type=search", "url2": "http://www.care21.co.jp/" }, "geometry": { "type": "Point", "coordinates": [ 139.744619100000023, 35.7419221 ] } },
{ "type": "Feature", "properties": { "内容": "ぶなの実【認知症対応型共同生活介護】東京都北区滝野川5－1－1", "url": "https://www.kaigokensaku.mhlw.go.jp/13/index.php?action_kouhyou_detail_004_kani=true&JigyosyoCd=1391700208-00&ServiceCd=320&Type=search", "url2": "http://jizai.jp/" }, "geometry": { "type": "Point", "coordinates": [ 139.727697900000067, 35.7449495 ] } },
{ "type": "Feature", "properties": { "内容": "せらび王子【認知症対応型共同生活介護】東京都北区堀船1-23-8", "url": "https://www.kaigokensaku.mhlw.go.jp/13/index.php?action_kouhyou_detail_004_kani=true&JigyosyoCd=1391700232-00&ServiceCd=320&Type=search", "url2": "https://www.solasto.co.jp/" }, "geometry": { "type": "Point", "coordinates": [ 139.743377, 35.752182200000014 ] } },
{ "type": "Feature", "properties": { "内容": "グループホーム　みんなの家・田端【認知症対応型共同生活介護】東京都北区田端2-10-3", "url": "https://www.kaigokensaku.mhlw.go.jp/13/index.php?action_kouhyou_detail_004_kani=true&JigyosyoCd=1391700240-00&ServiceCd=320&Type=search", "url2": null }, "geometry": { "type": "Point", "coordinates": [ 139.757968500000061, 35.7357924 ] } },
{ "type": "Feature", "properties": { "内容": "ほくと　ひまわりの家【認知症対応型共同生活介護】東京都北区西ヶ原2丁目24番8号リッシェル飛鳥山1、2階", "url": "https://www.kaigokensaku.mhlw.go.jp/13/index.php?action_kouhyou_detail_004_kani=true&JigyosyoCd=1391700257-00&ServiceCd=320&Type=search", "url2": null }, "geometry": { "type": "Point", "coordinates": [ 139.739163599999983, 35.7482853 ] } },
{ "type": "Feature", "properties": { "内容": "グループホーム　じゅうじょうの憩【認知症対応型共同生活介護】東京都北区十条台2-1-2グループホーム　じゅうじょうの憩", "url": "https://www.kaigokensaku.mhlw.go.jp/13/index.php?action_kouhyou_detail_004_kani=true&JigyosyoCd=1391700349-00&ServiceCd=320&Type=search", "url2": "https://www.frontier-gp.jp/nursing-home-search/detail/juujou_gh" }, "geometry": { "type": "Point", "coordinates": [ 139.722120200000063, 35.7536567 ] } },
{ "type": "Feature", "properties": { "内容": "グループホーム　ここら【認知症対応型共同生活介護】東京都北区志茂3-45-17", "url": "https://www.kaigokensaku.mhlw.go.jp/13/index.php?action_kouhyou_detail_004_kani=true&JigyosyoCd=1391700398-00&ServiceCd=320&Type=search", "url2": "http://www.urara.or.jp" }, "geometry": { "type": "Point", "coordinates": [ 139.737018201852351, 35.780440259759715 ] } },
{ "type": "Feature", "properties": { "内容": "はなまるホーム十条【認知症対応型共同生活介護】東京都北区十条仲原4-10-10はなまるホーム十条", "url": "https://www.kaigokensaku.mhlw.go.jp/13/index.php?action_kouhyou_detail_004_kani=true&JigyosyoCd=1391700471-00&ServiceCd=320&Type=search", "url2": "https://www.aiseifukushi.jp/grouphome-jujo/" }, "geometry": { "type": "Point", "coordinates": [ 139.718046299999969, 35.768089 ] } },
{ "type": "Feature", "properties": { "内容": "花物語あかばね【認知症対応型共同生活介護】東京都北区赤羽西4-24-10", "url": "https://www.kaigokensaku.mhlw.go.jp/13/index.php?action_kouhyou_detail_004_kani=true&JigyosyoCd=1391700703-00&ServiceCd=320&Type=search", "url2": "https://jala.co.jp" }, "geometry": { "type": "Point", "coordinates": [ 139.716084218385305, 35.775038852252159 ] } },
{ "type": "Feature", "properties": { "内容": "株式会社ソラスト　グループホーム東尾久あやめ【認知症対応型共同生活介護】東京都荒川区東尾久3‐11‐15", "url": "https://www.kaigokensaku.mhlw.go.jp/13/index.php?action_kouhyou_detail_004_kani=true&JigyosyoCd=1391800347-00&ServiceCd=320&Type=search", "url2": "http://www.solasto.co.jp/" }, "geometry": { "type": "Point", "coordinates": [ 139.772119400000065, 35.745964400000034 ] } },
{ "type": "Feature", "properties": { "内容": "グループホームみんなの家・西尾久【認知症対応型共同生活介護】東京都荒川区西尾久3-15-1ヘルストンビル3階", "url": "https://www.kaigokensaku.mhlw.go.jp/13/index.php?action_kouhyou_detail_004_kani=true&JigyosyoCd=1391800149-00&ServiceCd=320&Type=search", "url2": "https://kaigo.alsok.co.jp/facility/search/detail/60" }, "geometry": { "type": "Point", "coordinates": [ 139.762705899999986, 35.7533993 ] } },
{ "type": "Feature", "properties": { "内容": "なごみ熊野前サテライトグループホームなごみ三河島【認知症対応型共同生活介護】東京都荒川区荒川5-25-3", "url": "https://www.kaigokensaku.mhlw.go.jp/13/index.php?action_kouhyou_detail_004_kani=true&JigyosyoCd=1371802057-00&ServiceCd=320&Type=search", "url2": null }, "geometry": { "type": "Point", "coordinates": [ 139.774316900000031, 35.7385014 ] } },
{ "type": "Feature", "properties": { "内容": "グループホーム町屋あやめ【認知症対応型共同生活介護】東京都荒川区町屋1-38-20ディアレンスホーム町屋", "url": "https://www.kaigokensaku.mhlw.go.jp/13/index.php?action_kouhyou_detail_004_kani=true&JigyosyoCd=1391800339-00&ServiceCd=320&Type=search", "url2": "http://www.solasto.co.jp/" }, "geometry": { "type": "Point", "coordinates": [ 139.786736099999985, 35.745291 ] } },
{ "type": "Feature", "properties": { "内容": "グループホーム　なごみ荒川【認知症対応型共同生活介護】東京都荒川区荒川８－８－３", "url": "https://www.kaigokensaku.mhlw.go.jp/13/index.php?action_kouhyou_detail_004_kani=true&JigyosyoCd=1371802040-00&ServiceCd=320&Type=search", "url2": "http://www.enzeru.co.jp" }, "geometry": { "type": "Point", "coordinates": [ 139.787465699999984, 35.7389438 ] } },
{ "type": "Feature", "properties": { "内容": "グループホームかりーの【認知症対応型共同生活介護】東京都荒川区荒川６－４１－４カリーノ町屋ビル", "url": "https://www.kaigokensaku.mhlw.go.jp/13/index.php?action_kouhyou_detail_004_kani=true&JigyosyoCd=1371801661-00&ServiceCd=320&Type=search", "url2": null }, "geometry": { "type": "Point", "coordinates": [ 139.776458100000013, 35.7437287 ] } },
{ "type": "Feature", "properties": { "内容": "愛の家グループホーム西尾久【認知症対応型共同生活介護】東京都荒川区西尾久5-27-9", "url": "https://www.kaigokensaku.mhlw.go.jp/13/index.php?action_kouhyou_detail_004_kani=true&JigyosyoCd=1391800123-00&ServiceCd=320&Type=search", "url2": "https://mcs-ainoie.com/search/tokyo/arakawaku/gh093/" }, "geometry": { "type": "Point", "coordinates": [ 139.758162099999936, 35.7496022 ] } },
{ "type": "Feature", "properties": { "内容": "グループホームなごみ熊野前【認知症対応型共同生活介護】東京都荒川区東尾久５－１４－１０", "url": "https://www.kaigokensaku.mhlw.go.jp/13/index.php?action_kouhyou_detail_004_kani=true&JigyosyoCd=1391800164-00&ServiceCd=320&Type=search", "url2": "http://www.enzeru.co.jp" }, "geometry": { "type": "Point", "coordinates": [ 139.768444600000066, 35.7482195 ] } },
{ "type": "Feature", "properties": { "内容": "グループホーム　たのしい家荒川【認知症対応型共同生活介護】東京都荒川区荒川5-34-9", "url": "https://www.kaigokensaku.mhlw.go.jp/13/index.php?action_kouhyou_detail_004_kani=true&JigyosyoCd=1391800222-00&ServiceCd=320&Type=search", "url2": "http://www.care21.co.jp/" }, "geometry": { "type": "Point", "coordinates": [ 139.775284759568194, 35.739474108675786 ] } },
{ "type": "Feature", "properties": { "内容": "ニチイケアセンターあらかわ【認知症対応型共同生活介護】東京都荒川区荒川1-4-14", "url": "https://www.kaigokensaku.mhlw.go.jp/13/index.php?action_kouhyou_detail_004_kani=true&JigyosyoCd=1391800263-00&ServiceCd=320&Type=search", "url2": "http://www.nichiigakkan.co.jp/index.html" }, "geometry": { "type": "Point", "coordinates": [ 139.786207699999977, 35.735794 ] } },
{ "type": "Feature", "properties": { "内容": "グループホーム東京東日暮里の家【認知症対応型共同生活介護】東京都荒川区東日暮里2-49-14", "url": "https://www.kaigokensaku.mhlw.go.jp/13/index.php?action_kouhyou_detail_004_kani=true&JigyosyoCd=1391800305-00&ServiceCd=320&Type=search", "url2": null }, "geometry": { "type": "Point", "coordinates": [ 139.78336390000004, 35.728414 ] } },
{ "type": "Feature", "properties": { "内容": "けんち石浜ガーデン【認知症対応型共同生活介護】東京都荒川区南千住3-22-5けんち石浜ガーデン", "url": "https://www.kaigokensaku.mhlw.go.jp/13/index.php?action_kouhyou_detail_004_kani=true&JigyosyoCd=1391800396-00&ServiceCd=320&Type=search", "url2": null }, "geometry": { "type": "Point", "coordinates": [ 139.807107582278348, 35.732142959422809 ] } },
{ "type": "Feature", "properties": { "内容": "グループホーム　ライズケア【認知症対応型共同生活介護】東京都荒川区荒川8-10-12", "url": "https://www.kaigokensaku.mhlw.go.jp/13/index.php?action_kouhyou_detail_004_kani=true&JigyosyoCd=1391800412-00&ServiceCd=320&Type=search", "url2": "https://www.nagomi-rise.co.jp" }, "geometry": { "type": "Point", "coordinates": [ 139.7882663, 35.7387959 ] } },
{ "type": "Feature", "properties": { "内容": "コンフォートフィオーレ西尾久【認知症対応型共同生活介護】東京都荒川区西尾久6-5-3", "url": "https://www.kaigokensaku.mhlw.go.jp/13/index.php?action_kouhyou_detail_004_kani=true&JigyosyoCd=1391800495-00&ServiceCd=320&Type=search", "url2": "http://www.conffort.jp/" }, "geometry": { "type": "Point", "coordinates": [ 139.7606757, 35.7521701 ] } },
{ "type": "Feature", "properties": { "内容": "グループホーム　オアシスケア荒川【認知症対応型共同生活介護】東京都荒川区荒川1-13-10", "url": "https://www.kaigokensaku.mhlw.go.jp/13/index.php?action_kouhyou_detail_004_kani=true&JigyosyoCd=1391800511-00&ServiceCd=320&Type=search", "url2": "http://oasiscare.jp/" }, "geometry": { "type": "Point", "coordinates": [ 139.7870357, 35.7375774 ] } },
{ "type": "Feature", "properties": { "内容": "グループホーム尾久の原【認知症対応型共同生活介護】東京都荒川区町屋5-10-9", "url": "https://www.kaigokensaku.mhlw.go.jp/13/index.php?action_kouhyou_detail_004_kani=true&JigyosyoCd=1391800552-00&ServiceCd=320&Type=search", "url2": "http://www.enzerufukushikai.or.jp/" }, "geometry": { "type": "Point", "coordinates": [ 139.778365400000013, 35.7514607 ] } },
{ "type": "Feature", "properties": { "内容": "グループホーム　フルール町屋【認知症対応型共同生活介護】東京都荒川区荒川6-65-1", "url": "https://www.kaigokensaku.mhlw.go.jp/13/index.php?action_kouhyou_detail_004_kani=true&JigyosyoCd=1391800586-00&ServiceCd=320&Type=search", "url2": "http://www.smica-fleur.com" }, "geometry": { "type": "Point", "coordinates": [ 139.776210700000036, 35.7425946 ] } },
{ "type": "Feature", "properties": { "内容": "グループホームマイライフ徳丸【認知症対応型共同生活介護】東京都板橋区徳丸三丁目32番28号", "url": "https://www.kaigokensaku.mhlw.go.jp/13/index.php?action_kouhyou_detail_004_kani=true&JigyosyoCd=1371903616-00&ServiceCd=320&Type=search", "url2": "http://kitanokai.com/" }, "geometry": { "type": "Point", "coordinates": [ 139.6570782, 35.7749965 ] } },
{ "type": "Feature", "properties": { "内容": "グループホームエーデルワイス四葉【認知症対応型共同生活介護】東京都板橋区四葉２－２１－１７ケアセンターエーデルワイス", "url": "https://www.kaigokensaku.mhlw.go.jp/13/index.php?action_kouhyou_detail_004_kani=true&JigyosyoCd=1371902600-00&ServiceCd=320&Type=search", "url2": "http://www.tshnet.or.jp/index.htm" }, "geometry": { "type": "Point", "coordinates": [ 139.651031200000034, 35.7837589 ] } },
{ "type": "Feature", "properties": { "内容": "ケアセンターけやき【認知症対応型共同生活介護】東京都板橋区桜川二丁目10番7号", "url": "https://www.kaigokensaku.mhlw.go.jp/13/index.php?action_kouhyou_detail_004_kani=true&JigyosyoCd=1391900063-00&ServiceCd=320&Type=search", "url2": "http://www.takekawa.gr.jp/keyaki/" }, "geometry": { "type": "Point", "coordinates": [ 139.679443399999968, 35.7583491 ] } },
{ "type": "Feature", "properties": { "内容": "グループホーム「私の時間」【認知症対応型共同生活介護】東京都板橋区小豆沢１－１２－６", "url": "https://www.kaigokensaku.mhlw.go.jp/13/index.php?action_kouhyou_detail_004_kani=true&JigyosyoCd=1391900071-00&ServiceCd=320&Type=search", "url2": "http://www.watashinojikan.jp" }, "geometry": { "type": "Point", "coordinates": [ 139.698334562565606, 35.773412607086208 ] } },
{ "type": "Feature", "properties": { "内容": "ＳＯＭＰＯケア　そんぽの家ＧＨ徳丸【認知症対応型共同生活介護】東京都板橋区徳丸2-17-9", "url": "https://www.kaigokensaku.mhlw.go.jp/13/index.php?action_kouhyou_detail_004_kani=true&JigyosyoCd=1391900774-00&ServiceCd=320&Type=search", "url2": "https://www.sompocare.com/" }, "geometry": { "type": "Point", "coordinates": [ 139.662725, 35.773858 ] } },
{ "type": "Feature", "properties": { "内容": "グループホーム板橋【認知症対応型共同生活介護】東京都板橋区向原3-7-8", "url": "https://www.kaigokensaku.mhlw.go.jp/13/index.php?action_kouhyou_detail_004_kani=true&JigyosyoCd=1391900857-00&ServiceCd=320&Type=search", "url2": "https://itabashi.tokuyou.jp/" }, "geometry": { "type": "Point", "coordinates": [ 139.684290825777452, 35.744895302622361 ] } },
{ "type": "Feature", "properties": { "内容": "さんべすとびれっじうきまこうえん【認知症対応型共同生活介護】東京都板橋区舟渡1-19-9サンベストビレッジ浮間公園3階", "url": "https://www.kaigokensaku.mhlw.go.jp/13/index.php?action_kouhyou_detail_004_kani=true&JigyosyoCd=1391900295-00&ServiceCd=320&Type=search", "url2": "http://www.yamate-gp.co.jp/" }, "geometry": { "type": "Point", "coordinates": [ 139.6858865, 35.7932937 ] } },
{ "type": "Feature", "properties": { "内容": "かもめの家【認知症対応型共同生活介護】東京都板橋区東坂下１－１２－７", "url": "https://www.kaigokensaku.mhlw.go.jp/13/index.php?action_kouhyou_detail_004_kani=true&JigyosyoCd=1391900089-00&ServiceCd=320&Type=search", "url2": "http://www.fujikenikukai.or.jp" }, "geometry": { "type": "Point", "coordinates": [ 139.690272199999981, 35.7819909 ] } },
{ "type": "Feature", "properties": { "内容": "グループホーム　ラポール高島平【認知症対応型共同生活介護】東京都板橋区高島平２－５－１", "url": "https://www.kaigokensaku.mhlw.go.jp/13/index.php?action_kouhyou_detail_004_kani=true&JigyosyoCd=1371903145-00&ServiceCd=320&Type=search", "url2": "http://www.o-hp.or.jp" }, "geometry": { "type": "Point", "coordinates": [ 139.661674799999986, 35.7826372 ] } },
{ "type": "Feature", "properties": { "内容": "愛の家グループホーム荒川南千住【認知症対応型共同生活介護】東京都荒川区南千住1-23-11", "url": "https://www.kaigokensaku.mhlw.go.jp/13/index.php?action_kouhyou_detail_004_kani=true&JigyosyoCd=1391800289-00&ServiceCd=320&Type=search", "url2": "https://www.mcsg.co.jp" }, "geometry": { "type": "Point", "coordinates": [ 139.789405, 35.7344724 ] } },
{ "type": "Feature", "properties": { "内容": "グループホームくつろぎの家若木公園前【認知症対応型共同生活介護】東京都板橋区若木２‐３０‐１", "url": "https://www.kaigokensaku.mhlw.go.jp/13/index.php?action_kouhyou_detail_004_kani=true&JigyosyoCd=1391900147-00&ServiceCd=320&Type=search", "url2": "http://s-kuturogi.com/" }, "geometry": { "type": "Point", "coordinates": [ 139.669452299999989, 35.7696727 ] } },
{ "type": "Feature", "properties": { "内容": "グループホーム　たのしい家上板橋【認知症対応型共同生活介護】東京都板橋区上板橋１丁目１番１２号", "url": "https://www.kaigokensaku.mhlw.go.jp/13/index.php?action_kouhyou_detail_004_kani=true&JigyosyoCd=1391900170-00&ServiceCd=320&Type=search", "url2": "http://www.care21.co.jp" }, "geometry": { "type": "Point", "coordinates": [ 139.679498800000033, 35.7605989 ] } },
{ "type": "Feature", "properties": { "内容": "ニチイケアセンター板橋大谷口【認知症対応型共同生活介護】東京都板橋区大谷口北町76-7ニチイケアセンター板橋大谷口", "url": "https://www.kaigokensaku.mhlw.go.jp/13/index.php?action_kouhyou_detail_004_kani=true&JigyosyoCd=1391900188-00&ServiceCd=320&Type=search", "url2": null }, "geometry": { "type": "Point", "coordinates": [ 139.686194584655823, 35.748690826173785 ] } },
{ "type": "Feature", "properties": { "内容": "はなまるホーム前野町【認知症対応型共同生活介護】東京都板橋区前野町5-27-6", "url": "https://www.kaigokensaku.mhlw.go.jp/13/index.php?action_kouhyou_detail_004_kani=true&JigyosyoCd=1391900204-00&ServiceCd=320&Type=search", "url2": null }, "geometry": { "type": "Point", "coordinates": [ 139.685390899999987, 35.77135 ] } },
{ "type": "Feature", "properties": { "内容": "愛の家グループホーム板橋徳丸【認知症対応型共同生活介護】東京都板橋区徳丸6丁目36番1号", "url": "https://www.kaigokensaku.mhlw.go.jp/13/index.php?action_kouhyou_detail_004_kani=true&JigyosyoCd=1391900212-00&ServiceCd=320&Type=search", "url2": "http://www.mcsg.co.jp" }, "geometry": { "type": "Point", "coordinates": [ 139.66196930000001, 35.7795515 ] } },
{ "type": "Feature", "properties": { "内容": "グループホーム東京板橋の家【認知症対応型共同生活介護】東京都板橋区赤塚８丁目－４番－１６", "url": "https://www.kaigokensaku.mhlw.go.jp/13/index.php?action_kouhyou_detail_004_kani=true&JigyosyoCd=1391900253-00&ServiceCd=320&Type=search", "url2": null }, "geometry": { "type": "Point", "coordinates": [ 139.646731600000066, 35.781037 ] } },
{ "type": "Feature", "properties": { "内容": "グループホームゆりの花坂下【認知症対応型共同生活介護】東京都板橋区坂下２－２７－１１", "url": "https://www.kaigokensaku.mhlw.go.jp/13/index.php?action_kouhyou_detail_004_kani=true&JigyosyoCd=1391900279-00&ServiceCd=320&Type=search", "url2": "http://yurinohana.com/" }, "geometry": { "type": "Point", "coordinates": [ 139.685801379762296, 35.784372381252915 ] } },
{ "type": "Feature", "properties": { "内容": "愛・グループホーム板橋ときわ台【認知症対応型共同生活介護】東京都板橋区南常盤台1-20-14", "url": "https://www.kaigokensaku.mhlw.go.jp/13/index.php?action_kouhyou_detail_004_kani=true&JigyosyoCd=1391900345-00&ServiceCd=320&Type=search", "url2": "https://i-sogofukushi.com" }, "geometry": { "type": "Point", "coordinates": [ 139.689767500000016, 35.756743900000018 ] } },
{ "type": "Feature", "properties": { "内容": "愛の家グループホーム板橋高島平【認知症対応型共同生活介護】東京都板橋区高島平4-13-15", "url": "https://www.kaigokensaku.mhlw.go.jp/13/index.php?action_kouhyou_detail_004_kani=true&JigyosyoCd=1391900378-00&ServiceCd=320&Type=search", "url2": "http://www.mcsg.co.jp" }, "geometry": { "type": "Point", "coordinates": [ 139.65113109999993, 35.786619600000016 ] } },
{ "type": "Feature", "properties": { "内容": "グループホーム　わかぎの憩【認知症対応型共同生活介護】東京都板橋区若木3-19-1", "url": "https://www.kaigokensaku.mhlw.go.jp/13/index.php?action_kouhyou_detail_004_kani=true&JigyosyoCd=1391900477-00&ServiceCd=320&Type=search", "url2": "https://www.frontier-gp.jp/" }, "geometry": { "type": "Point", "coordinates": [ 139.673829500000011, 35.7732417 ] } },
{ "type": "Feature", "properties": { "内容": "グループホームたかしまだいら【認知症対応型共同生活介護】東京都板橋区高島平5丁目31番8号", "url": "https://www.kaigokensaku.mhlw.go.jp/13/index.php?action_kouhyou_detail_004_kani=true&JigyosyoCd=1391900485-00&ServiceCd=320&Type=search", "url2": "http://www.atago.or.jp/" }, "geometry": { "type": "Point", "coordinates": [ 139.646354826567062, 35.787407324087262 ] } },
{ "type": "Feature", "properties": { "内容": "愛の家グループホーム板橋小茂根【認知症対応型共同生活介護】東京都板橋区小茂根4-20-6", "url": "https://www.kaigokensaku.mhlw.go.jp/13/index.php?action_kouhyou_detail_004_kani=true&JigyosyoCd=1391900667-00&ServiceCd=320&Type=search", "url2": "https://mcs-ainoie.com/search/tokyo/itabashiku/gh258/" }, "geometry": { "type": "Point", "coordinates": [ 139.673733099999936, 35.7481528 ] } },
{ "type": "Feature", "properties": { "内容": "サンベストビレッジ舟渡【認知症対応型共同生活介護】東京都板橋区舟渡3-12-13", "url": "https://www.kaigokensaku.mhlw.go.jp/13/index.php?action_kouhyou_detail_004_kani=true&JigyosyoCd=1391900790-00&ServiceCd=320&Type=search", "url2": null }, "geometry": { "type": "Point", "coordinates": [ 139.685171700000012, 35.79329 ] } },
{ "type": "Feature", "properties": { "内容": "マインドファミリアーレ四葉（グループホーム）【認知症対応型共同生活介護】東京都板橋区四葉二丁目23番3号", "url": "https://www.kaigokensaku.mhlw.go.jp/13/index.php?action_kouhyou_detail_004_kani=true&JigyosyoCd=1391900931-00&ServiceCd=320&Type=search", "url2": "http://www.mind-gr.co.jp/mf/" }, "geometry": { "type": "Point", "coordinates": [ 139.6514779, 35.7831539 ] } },
{ "type": "Feature", "properties": { "内容": "ミモザ板橋ときわ台【認知症対応型共同生活介護】東京都板橋区3丁目18番8号", "url": "https://www.kaigokensaku.mhlw.go.jp/13/index.php?action_kouhyou_detail_004_kani=true&JigyosyoCd=1391900964-00&ServiceCd=320&Type=search", "url2": "http://mimoza-care.jp" }, "geometry": { "type": "Point", "coordinates": [ 139.658850699999988, 35.7702589 ] } },
{ "type": "Feature", "properties": { "内容": "優っくりグループホーム板橋栄町【認知症対応型共同生活介護】東京都板橋区栄町35番10号", "url": "https://www.kaigokensaku.mhlw.go.jp/13/index.php?action_kouhyou_detail_004_kani=true&JigyosyoCd=1391901095-00&ServiceCd=320&Type=search", "url2": "https://foryou.or.jp/facility/sakaecho/" }, "geometry": { "type": "Point", "coordinates": [ 139.7018272, 35.7506565 ] } },
{ "type": "Feature", "properties": { "内容": "グループホームスリール板橋志村【認知症対応型共同生活介護】東京都板橋区志村1－28－10スリール板橋志村2～4階", "url": "https://www.kaigokensaku.mhlw.go.jp/13/index.php?action_kouhyou_detail_004_kani=true&JigyosyoCd=1391901111-00&ServiceCd=320&Type=search", "url2": "https://hina-corp.com/shisetsu/sourire_itabashishimura_g/" }, "geometry": { "type": "Point", "coordinates": [ 139.688066600000013, 35.7743234 ] } },
{ "type": "Feature", "properties": { "内容": "グループホームきらら板橋徳丸【認知症対応型共同生活介護】東京都板橋区徳丸３－４１－２１", "url": "https://www.kaigokensaku.mhlw.go.jp/13/index.php?action_kouhyou_detail_004_kani=true&JigyosyoCd=1391901376-00&ServiceCd=320&Type=search", "url2": "https://www.starts-care.jp/service/grouphome/kirara_itabashitokumaru/" }, "geometry": { "type": "Point", "coordinates": [ 139.656420167459117, 35.776120956579497 ] } },
{ "type": "Feature", "properties": { "内容": "はなまるホーム北前野【認知症対応型共同生活介護】東京都板橋区前野町5-44-16", "url": "https://www.kaigokensaku.mhlw.go.jp/13/index.php?action_kouhyou_detail_004_kani=true&JigyosyoCd=1391900444-00&ServiceCd=320&Type=search", "url2": "http://aiseifukushi.jp" }, "geometry": { "type": "Point", "coordinates": [ 139.684561900000062, 35.7725227 ] } },
{ "type": "Feature", "properties": { "内容": "気手来手くんの家高島平【認知症対応型共同生活介護】東京都板橋区徳丸6-46-3", "url": "https://www.kaigokensaku.mhlw.go.jp/13/index.php?action_kouhyou_detail_004_kani=true&JigyosyoCd=1391900196-00&ServiceCd=320&Type=search", "url2": "http://www.saneido.co.jp" }, "geometry": { "type": "Point", "coordinates": [ 139.664246899999966, 35.7798016 ] } },
{ "type": "Feature", "properties": { "内容": "グループホーム　フレンド高島平【認知症対応型共同生活介護】東京都板橋区新河岸３－１１－４", "url": "https://www.kaigokensaku.mhlw.go.jp/13/index.php?action_kouhyou_detail_004_kani=true&JigyosyoCd=1391900451-00&ServiceCd=320&Type=search", "url2": "https://www.friend-grouphome.com/product/itabashi/" }, "geometry": { "type": "Point", "coordinates": [ 139.651326899999958, 35.7952906 ] } },
{ "type": "Feature", "properties": { "内容": "優っくりグループホーム板橋四葉【認知症対応型共同生活介護】東京都板橋区四葉1-16-13", "url": "https://www.kaigokensaku.mhlw.go.jp/13/index.php?action_kouhyou_detail_004_kani=true&JigyosyoCd=1391901418-00&ServiceCd=320&Type=search", "url2": "https://www.foryou.or.jp/corp3/yotsubagrouphome/" }, "geometry": { "type": "Point", "coordinates": [ 139.653453532540908, 35.777762305445457 ] } },
{ "type": "Feature", "properties": { "内容": "グループホームしゃくじいの庭【認知症対応型共同生活介護】東京都練馬区上石神井2－20－13", "url": "https://www.kaigokensaku.mhlw.go.jp/13/index.php?action_kouhyou_detail_004_kani=true&JigyosyoCd=1392000715-00&ServiceCd=320&Type=search", "url2": "http://www.aoki-to-one.com" }, "geometry": { "type": "Point", "coordinates": [ 139.5944189, 35.7285533 ] } },
{ "type": "Feature", "properties": { "内容": "石神井クラシック・コミュニティそよ風【認知症対応型共同生活介護】東京都練馬区石神井台7-16-11", "url": "https://www.kaigokensaku.mhlw.go.jp/13/index.php?action_kouhyou_detail_004_kani=true&JigyosyoCd=1392000061-00&ServiceCd=320&Type=search", "url2": "http://www.sykz.co.jp" }, "geometry": { "type": "Point", "coordinates": [ 139.578383600000052, 35.731244 ] } },
{ "type": "Feature", "properties": { "内容": "SOMPOケア　　そんぽの家GH桜台【認知症対応型共同生活介護】東京都練馬区桜台2-29-11", "url": "https://www.kaigokensaku.mhlw.go.jp/13/index.php?action_kouhyou_detail_004_kani=true&JigyosyoCd=1392000939-00&ServiceCd=320&Type=search", "url2": "https://www.sompocare.com" }, "geometry": { "type": "Point", "coordinates": [ 139.665281199999981, 35.7430616 ] } },
{ "type": "Feature", "properties": { "内容": "大泉学園高齢者グループホーム　まささんの家【認知症対応型共同生活介護】東京都練馬区大泉学園町2-20-22", "url": "https://www.kaigokensaku.mhlw.go.jp/13/index.php?action_kouhyou_detail_004_kani=true&JigyosyoCd=1372001824-00&ServiceCd=320&Type=search", "url2": "http://www.fukuinkai.or.jp" }, "geometry": { "type": "Point", "coordinates": [ 139.587707099999989, 35.7598547 ] } },
{ "type": "Feature", "properties": { "内容": "医療法人社団　平真会　薬師堂グループホーム澄【認知症対応型共同生活介護】東京都練馬区向山１－１４－１６２階から３階", "url": "https://www.kaigokensaku.mhlw.go.jp/13/index.php?action_kouhyou_detail_004_kani=true&JigyosyoCd=1392000145-00&ServiceCd=320&Type=search", "url2": "http://www.yakushido.jp/" }, "geometry": { "type": "Point", "coordinates": [ 139.639905900000031, 35.7373701 ] } },
{ "type": "Feature", "properties": { "内容": "ミニケアホームきみさんち【認知症対応型共同生活介護】東京都練馬区関町北３－３６－１２", "url": "https://www.kaigokensaku.mhlw.go.jp/13/index.php?action_kouhyou_detail_004_kani=true&JigyosyoCd=1372001709-00&ServiceCd=320&Type=search", "url2": "http://kimisanchi.org/" }, "geometry": { "type": "Point", "coordinates": [ 139.571109200000024, 35.726961 ] } },
{ "type": "Feature", "properties": { "内容": "とちの実【認知症対応型共同生活介護】東京都練馬区東大泉1-12-19", "url": "https://www.kaigokensaku.mhlw.go.jp/13/index.php?action_kouhyou_detail_004_kani=true&JigyosyoCd=1372004364-00&ServiceCd=320&Type=search", "url2": "http://jizai.jp/" }, "geometry": { "type": "Point", "coordinates": [ 139.591873699999951, 35.7480257 ] } },
{ "type": "Feature", "properties": { "内容": "第三光陽苑いずみ【認知症対応型共同生活介護】東京都練馬区西大泉４丁目１０番６号", "url": "https://www.kaigokensaku.mhlw.go.jp/13/index.php?action_kouhyou_detail_004_kani=true&JigyosyoCd=1372004687-00&ServiceCd=320&Type=search", "url2": "http://www.timelyhit.ne.jp/senyoukai/" }, "geometry": { "type": "Point", "coordinates": [ 139.575916099999972, 35.7609792 ] } },
{ "type": "Feature", "properties": { "内容": "大泉学園さくらの家【認知症対応型共同生活介護】東京都練馬区大泉学園町7-19-17", "url": "https://www.kaigokensaku.mhlw.go.jp/13/index.php?action_kouhyou_detail_004_kani=true&JigyosyoCd=1392000160-00&ServiceCd=320&Type=search", "url2": "http://www.shoyokai.net/index-f.html" }, "geometry": { "type": "Point", "coordinates": [ 139.589673100000027, 35.7747195 ] } },
{ "type": "Feature", "properties": { "内容": "愛の家グループホーム練馬早宮【認知症対応型共同生活介護】東京都練馬区早宮4-14-7", "url": "https://www.kaigokensaku.mhlw.go.jp/13/index.php?action_kouhyou_detail_004_kani=true&JigyosyoCd=1392000251-00&ServiceCd=320&Type=search", "url2": "http://www.mcsg.co.jp" }, "geometry": { "type": "Point", "coordinates": [ 139.651190499999984, 35.7510827 ] } },
{ "type": "Feature", "properties": { "内容": "せらび練馬【認知症対応型共同生活介護】東京都練馬区北町２－１５－１０せらび練馬", "url": "https://www.kaigokensaku.mhlw.go.jp/13/index.php?action_kouhyou_detail_004_kani=true&JigyosyoCd=1392000269-00&ServiceCd=320&Type=search", "url2": "https://solasto-kaigo.com/service/small/nerima" }, "geometry": { "type": "Point", "coordinates": [ 139.66348450000001, 35.7661138 ] } },
{ "type": "Feature", "properties": { "内容": "せらび光が丘【認知症対応型共同生活介護】東京都練馬区土支田3-1-22せらび光が丘", "url": "https://www.kaigokensaku.mhlw.go.jp/13/index.php?action_kouhyou_detail_004_kani=true&JigyosyoCd=1392000277-00&ServiceCd=320&Type=search", "url2": "https://www.solasto.co.jp/company/profile/" }, "geometry": { "type": "Point", "coordinates": [ 139.611364, 35.7588504 ] } },
{ "type": "Feature", "properties": { "内容": "ニチイケアセンター石神井公園【認知症対応型共同生活介護】東京都練馬区石神井町7-17-16", "url": "https://www.kaigokensaku.mhlw.go.jp/13/index.php?action_kouhyou_detail_004_kani=true&JigyosyoCd=1392000293-00&ServiceCd=320&Type=search", "url2": "http://www.nichii-kaigo.jp/base/base-result/05S61/" }, "geometry": { "type": "Point", "coordinates": [ 139.59569579999993, 35.7432042 ] } },
{ "type": "Feature", "properties": { "内容": "医療法人社団平真会　薬師堂グループホームキミ【認知症対応型共同生活介護】東京都練馬区富士見台4-4-18富士見台薬師堂ビル2-5階", "url": "https://www.kaigokensaku.mhlw.go.jp/13/index.php?action_kouhyou_detail_004_kani=true&JigyosyoCd=1392000319-00&ServiceCd=320&Type=search", "url2": "http://corporate-office-77600.business.site" }, "geometry": { "type": "Point", "coordinates": [ 139.625484699999987, 35.742313500000016 ] } },
{ "type": "Feature", "properties": { "内容": "グループホームゆりの花　羽沢【認知症対応型共同生活介護】東京都練馬区羽沢3-25-5", "url": "https://www.kaigokensaku.mhlw.go.jp/13/index.php?action_kouhyou_detail_004_kani=true&JigyosyoCd=1392000327-00&ServiceCd=320&Type=search", "url2": "http://yurinohana.com/" }, "geometry": { "type": "Point", "coordinates": [ 139.6729636, 35.7504442 ] } },
{ "type": "Feature", "properties": { "内容": "グループホーム　ルミエール光が丘【認知症対応型共同生活介護】東京都練馬区田柄５－２６－３", "url": "https://www.kaigokensaku.mhlw.go.jp/13/index.php?action_kouhyou_detail_004_kani=true&JigyosyoCd=1392000343-00&ServiceCd=320&Type=search", "url2": "http://lumiere-hikarigaoka.com/" }, "geometry": { "type": "Point", "coordinates": [ 139.633049799999981, 35.759445 ] } },
{ "type": "Feature", "properties": { "内容": "グループホーム東京練馬の家【認知症対応型共同生活介護】東京都練馬区春日町4-6-3", "url": "https://www.kaigokensaku.mhlw.go.jp/13/index.php?action_kouhyou_detail_004_kani=true&JigyosyoCd=1392000392-00&ServiceCd=320&Type=search", "url2": null }, "geometry": { "type": "Point", "coordinates": [ 139.641913400000021, 35.7526128 ] } },
{ "type": "Feature", "properties": { "内容": "はなまるホーム西大泉【認知症対応型共同生活介護】東京都練馬区西大泉2-16-23", "url": "https://www.kaigokensaku.mhlw.go.jp/13/index.php?action_kouhyou_detail_004_kani=true&JigyosyoCd=1392000400-00&ServiceCd=320&Type=search", "url2": "http://www.aiseifukushi.jp/" }, "geometry": { "type": "Point", "coordinates": [ 139.575657800000045, 35.7599488 ] } },
{ "type": "Feature", "properties": { "内容": "セントケアホーム下石神井【認知症対応型共同生活介護】東京都練馬区下石神井2-8-13", "url": "https://www.kaigokensaku.mhlw.go.jp/13/index.php?action_kouhyou_detail_004_kani=true&JigyosyoCd=1392000418-00&ServiceCd=320&Type=search", "url2": "http://saintcare-tokyo.com" }, "geometry": { "type": "Point", "coordinates": [ 139.608755200000019, 35.731187 ] } },
{ "type": "Feature", "properties": { "内容": "グループホームゆりの花　旭丘【認知症対応型共同生活介護】東京都練馬区旭丘２－３４－１４", "url": "https://www.kaigokensaku.mhlw.go.jp/13/index.php?action_kouhyou_detail_004_kani=true&JigyosyoCd=1392000434-00&ServiceCd=320&Type=search", "url2": "http://yurinohana.sakura.ne.jp/index.html" }, "geometry": { "type": "Point", "coordinates": [ 139.679166200000026, 35.7382205 ] } },
{ "type": "Feature", "properties": { "内容": "ニチイケアセンター大泉学園　グループホーム　ニチイのほほえみ【認知症対応型共同生活介護】東京都練馬区大泉学園町5-35-1", "url": "https://www.kaigokensaku.mhlw.go.jp/13/index.php?action_kouhyou_detail_004_kani=true&JigyosyoCd=1392000442-00&ServiceCd=320&Type=search", "url2": "http://www.nichiigakkan.co.jp/" }, "geometry": { "type": "Point", "coordinates": [ 139.577732500000025, 35.7658204 ] } },
{ "type": "Feature", "properties": { "内容": "愛の家グループホーム練馬西大泉【認知症対応型共同生活介護】東京都練馬区西大泉2-17-20", "url": "https://www.kaigokensaku.mhlw.go.jp/13/index.php?action_kouhyou_detail_004_kani=true&JigyosyoCd=1392000483-00&ServiceCd=320&Type=search", "url2": "https://mcs-ainoie.com/search/tokyo/nerimaku/gh156/" }, "geometry": { "type": "Point", "coordinates": [ 139.573774599999979, 35.7595488 ] } },
{ "type": "Feature", "properties": { "内容": "優っくりグループホーム石神井台沼辺【認知症対応型共同生活介護】東京都練馬区石神井台２－７－５", "url": "https://www.kaigokensaku.mhlw.go.jp/13/index.php?action_kouhyou_detail_004_kani=true&JigyosyoCd=1392000517-00&ServiceCd=320&Type=search", "url2": "https://www.foryou.or.jp/corp3/syakujiigrouphome/" }, "geometry": { "type": "Point", "coordinates": [ 139.591388100000017, 35.734619 ] } },
{ "type": "Feature", "properties": { "内容": "エスケアホーム練馬【認知症対応型共同生活介護】東京都練馬区大泉町二丁目４１番２号", "url": "https://www.kaigokensaku.mhlw.go.jp/13/index.php?action_kouhyou_detail_004_kani=true&JigyosyoCd=1392000574-00&ServiceCd=320&Type=search", "url2": "http://s-caremate.co.jp/" }, "geometry": { "type": "Point", "coordinates": [ 139.603624166393132, 35.764800990385432 ] } },
{ "type": "Feature", "properties": { "内容": "グループホーム希望・練馬【認知症対応型共同生活介護】東京都練馬区豊玉南２－２７－４東京福祉練馬センタービル", "url": "https://www.kaigokensaku.mhlw.go.jp/13/index.php?action_kouhyou_detail_004_kani=true&JigyosyoCd=1392000699-00&ServiceCd=320&Type=search", "url2": "http://www.tokyo-kibou.jp" }, "geometry": { "type": "Point", "coordinates": [ 139.654357600000026, 35.7293852 ] } },
{ "type": "Feature", "properties": { "内容": "ヒューマンライフケア　大泉学園グループホーム【認知症対応型共同生活介護】東京都練馬区大泉学園町3-5-28", "url": "https://www.kaigokensaku.mhlw.go.jp/13/index.php?action_kouhyou_detail_004_kani=true&JigyosyoCd=1392000772-00&ServiceCd=320&Type=search", "url2": "http://kaigo.human-lifecare.jp/" }, "geometry": { "type": "Point", "coordinates": [ 139.584846200000015, 35.760274 ] } },
{ "type": "Feature", "properties": { "内容": "ミモザ上石神井【認知症対応型共同生活介護】東京都練馬区上石神井３－２８－２ミモザ上石神井", "url": "https://www.kaigokensaku.mhlw.go.jp/13/index.php?action_kouhyou_detail_004_kani=true&JigyosyoCd=1392000954-00&ServiceCd=320&Type=search", "url2": "https://mimoza-care.com/facility/group-home/post-2410/" }, "geometry": { "type": "Point", "coordinates": [ 139.594980899999968, 35.7298671 ] } },
{ "type": "Feature", "properties": { "内容": "ハイムガーデン南大泉【認知症対応型共同生活介護】東京都練馬区南大泉2－1－46ハイムガーデン南大泉", "url": "https://www.kaigokensaku.mhlw.go.jp/13/index.php?action_kouhyou_detail_004_kani=true&JigyosyoCd=1392001010-00&ServiceCd=320&Type=search", "url2": "https://www.healthy-service.co.jp/" }, "geometry": { "type": "Point", "coordinates": [ 139.572443199999952, 35.7359296 ] } },
{ "type": "Feature", "properties": { "内容": "ヒューマンライフケア中村橋グループホーム【認知症対応型共同生活介護】東京都練馬区貫井5-10-14", "url": "https://www.kaigokensaku.mhlw.go.jp/13/index.php?action_kouhyou_detail_004_kani=true&JigyosyoCd=1392001069-00&ServiceCd=320&Type=search", "url2": "https://kaigo.human-lifecare.jp/" }, "geometry": { "type": "Point", "coordinates": [ 139.634131200000013, 35.7422413 ] } },
{ "type": "Feature", "properties": { "内容": "やはら翔裕園【認知症対応型共同生活介護】東京都練馬区谷原４丁目１２ー２４", "url": "https://www.kaigokensaku.mhlw.go.jp/13/index.php?action_kouhyou_detail_004_kani=true&JigyosyoCd=1392001119-00&ServiceCd=320&Type=search", "url2": "http://www.chojumura.or.jp" }, "geometry": { "type": "Point", "coordinates": [ 139.616362900000013, 35.7557671 ] } },
{ "type": "Feature", "properties": { "内容": "グループホーム　くらしさ練馬【認知症対応型共同生活介護】東京都練馬区土支田4-23-21くらしさ練馬", "url": "https://www.kaigokensaku.mhlw.go.jp/13/index.php?action_kouhyou_detail_004_kani=true&JigyosyoCd=1392001150-00&ServiceCd=320&Type=search", "url2": null }, "geometry": { "type": "Point", "coordinates": [ 139.6144509, 35.7681653 ] } },
{ "type": "Feature", "properties": { "内容": "エクセレント練馬【認知症対応型共同生活介護】東京都練馬区豊玉南2丁目4番10号", "url": "https://www.kaigokensaku.mhlw.go.jp/13/index.php?action_kouhyou_detail_004_kani=true&JigyosyoCd=1392001192-00&ServiceCd=320&Type=search", "url2": "https://www.excare.co.jp/facility/03/nerima/" }, "geometry": { "type": "Point", "coordinates": [ 139.658107699999988, 35.7280022 ] } },
{ "type": "Feature", "properties": { "内容": "サンハート南大泉グループホーム【認知症対応型共同生活介護】東京都練馬区南大泉1-18-1", "url": "https://www.kaigokensaku.mhlw.go.jp/13/index.php?action_kouhyou_detail_004_kani=true&JigyosyoCd=1392001259-00&ServiceCd=320&Type=search", "url2": null }, "geometry": { "type": "Point", "coordinates": [ 139.574193799999989, 35.7354146 ] } },
{ "type": "Feature", "properties": { "内容": "花物語ねりま【認知症対応型共同生活介護】東京都練馬区豊玉北5丁目11-4さかえビル2・3階", "url": "https://www.kaigokensaku.mhlw.go.jp/13/index.php?action_kouhyou_detail_004_kani=true&JigyosyoCd=1392001317-00&ServiceCd=320&Type=search", "url2": "https://hana-kaigo.jala.co.jp/gh/nerima/fee.html" }, "geometry": { "type": "Point", "coordinates": [ 139.6556117, 35.733958299999983 ] } },
{ "type": "Feature", "properties": { "内容": "花物語ねりま西【認知症対応型共同生活介護】東京都練馬区南田中4丁目10番19号", "url": "https://www.kaigokensaku.mhlw.go.jp/13/index.php?action_kouhyou_detail_004_kani=true&JigyosyoCd=1392001333-00&ServiceCd=320&Type=search", "url2": "https://jala.co.jp/facility/nerima-nishi/" }, "geometry": { "type": "Point", "coordinates": [ 139.61407250000002, 35.734638 ] } },
{ "type": "Feature", "properties": { "内容": "ずいうんホームねりま【認知症対応型共同生活介護】東京都練馬区高松3-10-8", "url": "https://www.kaigokensaku.mhlw.go.jp/13/index.php?action_kouhyou_detail_004_kani=true&JigyosyoCd=1392001358-00&ServiceCd=320&Type=search", "url2": "https://zuiunhome.takadanobaba-hp.com" }, "geometry": { "type": "Point", "coordinates": [ 139.6279754, 35.7474389 ] } },
{ "type": "Feature", "properties": { "内容": "花物語ねりま北【認知症対応型共同生活介護】東京都練馬区北町3丁目3-242・3階", "url": "https://www.kaigokensaku.mhlw.go.jp/13/index.php?action_kouhyou_detail_004_kani=true&JigyosyoCd=1392001382-00&ServiceCd=320&Type=search", "url2": "https://jala.co.jp/facility/nerima-kita/" }, "geometry": { "type": "Point", "coordinates": [ 139.6564472, 35.76767370000001 ] } },
{ "type": "Feature", "properties": { "内容": "グループホームふぁいん【認知症対応型共同生活介護】東京都練馬区富士見台1-17-3ＴＯビル2Ｆ", "url": "https://www.kaigokensaku.mhlw.go.jp/13/index.php?action_kouhyou_detail_004_kani=true&JigyosyoCd=1392000079-00&ServiceCd=320&Type=search", "url2": "http://d-care.tokyo/index.html" }, "geometry": { "type": "Point", "coordinates": [ 139.62340839999996, 35.7325781 ] } },
{ "type": "Feature", "properties": { "内容": "花物語ねりま北新館【認知症対応型共同生活介護】東京都練馬区北町3-7-1花物語ねりま北新館", "url": "https://www.kaigokensaku.mhlw.go.jp/13/index.php?action_kouhyou_detail_004_kani=true&JigyosyoCd=1392001390-00&ServiceCd=320&Type=search", "url2": "https://jala.co.jp" }, "geometry": { "type": "Point", "coordinates": [ 139.6554722, 35.7682565 ] } },
{ "type": "Feature", "properties": { "内容": "グループホームいちにのさん【認知症対応型共同生活介護】東京都足立区鹿浜６丁目５－１２", "url": "https://www.kaigokensaku.mhlw.go.jp/13/index.php?action_kouhyou_detail_004_kani=true&JigyosyoCd=1372104594-00&ServiceCd=320&Type=search", "url2": "http://www.kumahouse-npo.org/" }, "geometry": { "type": "Point", "coordinates": [ 139.759904799999958, 35.784526 ] } },
{ "type": "Feature", "properties": { "内容": "グループホーム千住大川【認知症対応型共同生活介護】東京都足立区千住大川町44-13", "url": "https://www.kaigokensaku.mhlw.go.jp/13/index.php?action_kouhyou_detail_004_kani=true&JigyosyoCd=1372104214-00&ServiceCd=320&Type=search", "url2": "http://www.sukoyaka-fu.or.jp/" }, "geometry": { "type": "Point", "coordinates": [ 139.794400200000041, 35.7569501 ] } },
{ "type": "Feature", "properties": { "内容": "グループホーム竹【認知症対応型共同生活介護】東京都足立区六月２－３２－６", "url": "https://www.kaigokensaku.mhlw.go.jp/13/index.php?action_kouhyou_detail_004_kani=true&JigyosyoCd=1372103935-00&ServiceCd=320&Type=search", "url2": "http://www.fukushi-e.com" }, "geometry": { "type": "Point", "coordinates": [ 139.794340499999947, 35.7879018 ] } },
{ "type": "Feature", "properties": { "内容": "グループホーム東伊興【認知症対応型共同生活介護】東京都足立区東伊興三丁目２１－７", "url": "https://www.kaigokensaku.mhlw.go.jp/13/index.php?action_kouhyou_detail_004_kani=true&JigyosyoCd=1372104800-00&ServiceCd=320&Type=search", "url2": "http://www7b.biglobe.ne.jp/~asuha/" }, "geometry": { "type": "Point", "coordinates": [ 139.791612500000042, 35.8035194 ] } },
{ "type": "Feature", "properties": { "内容": "千壽グループホーム【認知症対応型共同生活介護】東京都足立区千住中居町30-3", "url": "https://www.kaigokensaku.mhlw.go.jp/13/index.php?action_kouhyou_detail_004_kani=true&JigyosyoCd=1392100499-00&ServiceCd=320&Type=search", "url2": "http://www.mct.or.jp" }, "geometry": { "type": "Point", "coordinates": [ 139.797505799999954, 35.7518841 ] } },
{ "type": "Feature", "properties": { "内容": "花物語あだち東【認知症対応型共同生活介護】東京都足立区綾瀬7-3-23", "url": "https://www.kaigokensaku.mhlw.go.jp/13/index.php?action_kouhyou_detail_004_kani=true&JigyosyoCd=1392101489-00&ServiceCd=320&Type=search", "url2": "https://jala.co.jp" }, "geometry": { "type": "Point", "coordinates": [ 139.825623900000011, 35.7751229 ] } },
{ "type": "Feature", "properties": { "内容": "グループホームじゃすみん西新井【認知症対応型共同生活介護】東京都足立区西新井七丁目１０番１４号", "url": "https://www.kaigokensaku.mhlw.go.jp/13/index.php?action_kouhyou_detail_004_kani=true&JigyosyoCd=1392100028-00&ServiceCd=320&Type=search", "url2": "http://jasmine.nishiarai.com/" }, "geometry": { "type": "Point", "coordinates": [ 139.771656600000028, 35.779841 ] } },
{ "type": "Feature", "properties": { "内容": "グループホーム花街道【認知症対応型共同生活介護】東京都足立区谷中１－１７－７あやせコミュニティパーク　2F", "url": "https://www.kaigokensaku.mhlw.go.jp/13/index.php?action_kouhyou_detail_004_kani=true&JigyosyoCd=1392100218-00&ServiceCd=320&Type=search", "url2": "http://www.chojumura.or.jp/" }, "geometry": { "type": "Point", "coordinates": [ 139.8321042, 35.7715485 ] } },
{ "type": "Feature", "properties": { "内容": "グループホーム西伊興【認知症対応型共同生活介護】東京都足立区西伊興４－１－１", "url": "https://www.kaigokensaku.mhlw.go.jp/13/index.php?action_kouhyou_detail_004_kani=true&JigyosyoCd=1392100333-00&ServiceCd=320&Type=search", "url2": null }, "geometry": { "type": "Point", "coordinates": [ 139.783743800000025, 35.8008861 ] } },
{ "type": "Feature", "properties": { "内容": "日介ケアセンター六町【認知症対応型共同生活介護】東京都足立区南花畑３－３３－１", "url": "https://www.kaigokensaku.mhlw.go.jp/13/index.php?action_kouhyou_detail_004_kani=true&JigyosyoCd=1392100358-00&ServiceCd=320&Type=search", "url2": "http://www.nikkai-center.co.jp" }, "geometry": { "type": "Point", "coordinates": [ 139.822532200000069, 35.7931873 ] } },
{ "type": "Feature", "properties": { "内容": "グループホーム　すずめのお宿・西伊興【認知症対応型共同生活介護】東京都足立区西伊興4-7-213階・4階", "url": "https://www.kaigokensaku.mhlw.go.jp/13/index.php?action_kouhyou_detail_004_kani=true&JigyosyoCd=1392100945-00&ServiceCd=320&Type=search", "url2": "http://www.fukujukaigr.or.jp" }, "geometry": { "type": "Point", "coordinates": [ 139.780919, 35.8040466 ] } },
{ "type": "Feature", "properties": { "内容": "社会医療法人社団慈生会　グループホーム常楽【認知症対応型共同生活介護】東京都足立区一ツ家３－１１－１３", "url": "https://www.kaigokensaku.mhlw.go.jp/13/index.php?action_kouhyou_detail_004_kani=true&JigyosyoCd=1372102325-00&ServiceCd=320&Type=search", "url2": "https://www.jiseikai-phcc.jp" }, "geometry": { "type": "Point", "coordinates": [ 139.815637237852371, 35.779498092219235 ] } },
{ "type": "Feature", "properties": { "内容": "グループホームつどい「石山家」【認知症対応型共同生活介護】東京都足立区谷中３－８－２０", "url": "https://www.kaigokensaku.mhlw.go.jp/13/index.php?action_kouhyou_detail_004_kani=true&JigyosyoCd=1372104057-00&ServiceCd=320&Type=search", "url2": "https://mcp-net.jp/service/group-home/group-home-tokyo/ishiyama.html" }, "geometry": { "type": "Point", "coordinates": [ 139.834896459942655, 35.778476819069184 ] } },
{ "type": "Feature", "properties": { "内容": "高齢者グループホームこもれび【認知症対応型共同生活介護】東京都足立区西新井五丁目42番10号", "url": "https://www.kaigokensaku.mhlw.go.jp/13/index.php?action_kouhyou_detail_004_kani=true&JigyosyoCd=1372101590-00&ServiceCd=320&Type=search", "url2": "https://oouchihp.net/homeservice/komorebi" }, "geometry": { "type": "Point", "coordinates": [ 139.778866900000025, 35.7855378 ] } },
{ "type": "Feature", "properties": { "内容": "グループホームすずめのお宿・本木【認知症対応型共同生活介護】東京都足立区本木１－４－１０", "url": "https://www.kaigokensaku.mhlw.go.jp/13/index.php?action_kouhyou_detail_004_kani=true&JigyosyoCd=1372103018-00&ServiceCd=320&Type=search", "url2": "http://fukujukaigr.or.jp" }, "geometry": { "type": "Point", "coordinates": [ 139.787089400000013, 35.7617716 ] } },
{ "type": "Feature", "properties": { "内容": "グループホーム　花のさと【認知症対応型共同生活介護】東京都足立区皿沼2-16-3グループホーム　花のさと", "url": "https://www.kaigokensaku.mhlw.go.jp/13/index.php?action_kouhyou_detail_004_kani=true&JigyosyoCd=1372103695-00&ServiceCd=320&Type=search", "url2": "http://www.gh-hananosato.com" }, "geometry": { "type": "Point", "coordinates": [ 139.767381699999987, 35.7920558 ] } },
{ "type": "Feature", "properties": { "内容": "グループホーム　であい【認知症対応型共同生活介護】東京都足立区東伊興２丁目１番１１号", "url": "https://www.kaigokensaku.mhlw.go.jp/13/index.php?action_kouhyou_detail_004_kani=true&JigyosyoCd=1372103851-00&ServiceCd=320&Type=search", "url2": "https://kkiko.chu.jp/deai/" }, "geometry": { "type": "Point", "coordinates": [ 139.790457, 35.8038054 ] } },
{ "type": "Feature", "properties": { "内容": "グループホーム　すずめのお宿・西新井【認知症対応型共同生活介護】東京都足立区西新井栄町１－４－１５", "url": "https://www.kaigokensaku.mhlw.go.jp/13/index.php?action_kouhyou_detail_004_kani=true&JigyosyoCd=1372104131-00&ServiceCd=320&Type=search", "url2": "http://www.fukujukaigr.or.jp" }, "geometry": { "type": "Point", "coordinates": [ 139.790957899999967, 35.7731342 ] } },
{ "type": "Feature", "properties": { "内容": "グループホーム　ふきのとう【認知症対応型共同生活介護】東京都足立区舎人1-21-18", "url": "https://www.kaigokensaku.mhlw.go.jp/13/index.php?action_kouhyou_detail_004_kani=true&JigyosyoCd=1372104446-00&ServiceCd=320&Type=search", "url2": "https://gh-fukinotou.com/" }, "geometry": { "type": "Point", "coordinates": [ 139.768788084655739, 35.80879955689209 ] } },
{ "type": "Feature", "properties": { "内容": "グループホーム愛和ハート＆ハートあだち【認知症対応型共同生活介護】東京都足立区江北１－２５－１", "url": "https://www.kaigokensaku.mhlw.go.jp/13/index.php?action_kouhyou_detail_004_kani=true&JigyosyoCd=1372104750-00&ServiceCd=320&Type=search", "url2": "https://www.aiwa-fukushi.com" }, "geometry": { "type": "Point", "coordinates": [ 139.767585100000019, 35.7702061 ] } },
{ "type": "Feature", "properties": { "内容": "グループホーム　安心の里いこう【認知症対応型共同生活介護】東京都足立区西伊興３－７－２", "url": "https://www.kaigokensaku.mhlw.go.jp/13/index.php?action_kouhyou_detail_004_kani=true&JigyosyoCd=1372104891-00&ServiceCd=320&Type=search", "url2": null }, "geometry": { "type": "Point", "coordinates": [ 139.777080599999977, 35.7972612 ] } },
{ "type": "Feature", "properties": { "内容": "グループホームゆとりあ【認知症対応型共同生活介護】東京都足立区東綾瀬3－13－11", "url": "https://www.kaigokensaku.mhlw.go.jp/13/index.php?action_kouhyou_detail_004_kani=true&JigyosyoCd=1372104917-00&ServiceCd=320&Type=search", "url2": "http://www.tmhc.jp/" }, "geometry": { "type": "Point", "coordinates": [ 139.83395680000001, 35.7718208 ] } },
{ "type": "Feature", "properties": { "内容": "高齢者グループホーム千住さくら【認知症対応型共同生活介護】東京都足立区千住元町１８番１８号高齢者グループホーム　千住さくら", "url": "https://www.kaigokensaku.mhlw.go.jp/13/index.php?action_kouhyou_detail_004_kani=true&JigyosyoCd=1392100036-00&ServiceCd=320&Type=search", "url2": "http://www.seifuukai.or.jp" }, "geometry": { "type": "Point", "coordinates": [ 139.792975399999932, 35.7554947 ] } },
{ "type": "Feature", "properties": { "内容": "グループホームきらら東綾瀬【認知症対応型共同生活介護】東京都足立区東綾瀬２－１７－１０", "url": "https://www.kaigokensaku.mhlw.go.jp/13/index.php?action_kouhyou_detail_004_kani=true&JigyosyoCd=1392100176-00&ServiceCd=320&Type=search", "url2": "http://www.starts.co.jp/s-careservice" }, "geometry": { "type": "Point", "coordinates": [ 139.834920799999963, 35.7681435 ] } },
{ "type": "Feature", "properties": { "内容": "ミモザ千住桜木【認知症対応型共同生活介護】東京都足立区千住桜木2-14-10", "url": "https://www.kaigokensaku.mhlw.go.jp/13/index.php?action_kouhyou_detail_004_kani=true&JigyosyoCd=1392100259-00&ServiceCd=320&Type=search", "url2": "http://www.mimoza-care.jp/" }, "geometry": { "type": "Point", "coordinates": [ 139.788350700000024, 35.7557585 ] } },
{ "type": "Feature", "properties": { "内容": "愛の家グループホーム足立加平【認知症対応型共同生活介護】東京都足立区加平3-6-4", "url": "https://www.kaigokensaku.mhlw.go.jp/13/index.php?action_kouhyou_detail_004_kani=true&JigyosyoCd=1392100267-00&ServiceCd=320&Type=search", "url2": "http://www.mcsg.co.jp" }, "geometry": { "type": "Point", "coordinates": [ 139.827968300000066, 35.7796696 ] } },
{ "type": "Feature", "properties": { "内容": "グループホームとも【認知症対応型共同生活介護】東京都足立区青井2‐16‐8けあともビル２階・３階", "url": "https://www.kaigokensaku.mhlw.go.jp/13/index.php?action_kouhyou_detail_004_kani=true&JigyosyoCd=1392100390-00&ServiceCd=320&Type=search", "url2": "http://www.caretomo.net" }, "geometry": { "type": "Point", "coordinates": [ 139.812089300000054, 35.772073200000015 ] } },
{ "type": "Feature", "properties": { "内容": "愛の家グループホーム　足立堀之内【認知症対応型共同生活介護】東京都足立区堀之内2-3-17", "url": "https://www.kaigokensaku.mhlw.go.jp/13/index.php?action_kouhyou_detail_004_kani=true&JigyosyoCd=1392100473-00&ServiceCd=320&Type=search", "url2": "http://www.mcsg.co.jp" }, "geometry": { "type": "Point", "coordinates": [ 139.757302500000037, 35.7748551 ] } },
{ "type": "Feature", "properties": { "内容": "グループホームひよこの里【認知症対応型共同生活介護】東京都足立区江北3-19-11", "url": "https://www.kaigokensaku.mhlw.go.jp/13/index.php?action_kouhyou_detail_004_kani=true&JigyosyoCd=1392100523-00&ServiceCd=320&Type=search", "url2": "http://www.greenlife-inc.co.jp/" }, "geometry": { "type": "Point", "coordinates": [ 139.762606250926183, 35.774524395440309 ] } },
{ "type": "Feature", "properties": { "内容": "コンフォートフィオーレ綾瀬【認知症対応型共同生活介護】東京都足立区綾瀬2-14-14", "url": "https://www.kaigokensaku.mhlw.go.jp/13/index.php?action_kouhyou_detail_004_kani=true&JigyosyoCd=1392100564-00&ServiceCd=320&Type=search", "url2": "http://www.conffort.jp" }, "geometry": { "type": "Point", "coordinates": [ 139.828923890212991, 35.759673888811442 ] } },
{ "type": "Feature", "properties": { "内容": "グループホームみんなの家・花畑【認知症対応型共同生活介護】東京都足立区花畑１－３－１３第４６新井ビル", "url": "https://www.kaigokensaku.mhlw.go.jp/13/index.php?action_kouhyou_detail_004_kani=true&JigyosyoCd=1392100705-00&ServiceCd=320&Type=search", "url2": "http://www..kaigo.alsok.co.jp" }, "geometry": { "type": "Point", "coordinates": [ 139.809870992339569, 35.800543423539715 ] } },
{ "type": "Feature", "properties": { "内容": "グループホームみんなの家・花畑２【認知症対応型共同生活介護】東京都足立区花畑1-35-11", "url": "https://www.kaigokensaku.mhlw.go.jp/13/index.php?action_kouhyou_detail_004_kani=true&JigyosyoCd=1392100721-00&ServiceCd=320&Type=search", "url2": "https://kaigo.alsok.co.jp/facility/search/detail/10" }, "geometry": { "type": "Point", "coordinates": [ 139.817085300000031, 35.800750300000018 ] } },
{ "type": "Feature", "properties": { "内容": "グループホームみんなの家・北綾瀬【認知症対応型共同生活介護】東京都足立区北加平町4-12", "url": "https://www.kaigokensaku.mhlw.go.jp/13/index.php?action_kouhyou_detail_004_kani=true&JigyosyoCd=1392100739-00&ServiceCd=320&Type=search", "url2": "https://kaigo.alsok.co.jp/" }, "geometry": { "type": "Point", "coordinates": [ 139.829138694497146, 35.782863677986406 ] } },
{ "type": "Feature", "properties": { "内容": "ミモザ足立六木【認知症対応型共同生活介護】東京都足立区六木4-8-25", "url": "https://www.kaigokensaku.mhlw.go.jp/13/index.php?action_kouhyou_detail_004_kani=true&JigyosyoCd=1392100879-00&ServiceCd=320&Type=search", "url2": "https://www.mimoza-care.jp/base/adachi-mutsugi.html" }, "geometry": { "type": "Point", "coordinates": [ 139.838247700000011, 35.797781300000011 ] } },
{ "type": "Feature", "properties": { "内容": "グループホームほきまの憩【認知症対応型共同生活介護】東京都足立区保木間5－14－4グループホームほきまの憩", "url": "https://www.kaigokensaku.mhlw.go.jp/13/index.php?action_kouhyou_detail_004_kani=true&JigyosyoCd=1392101349-00&ServiceCd=320&Type=search", "url2": "https://www.frontier-gp.jp/nursing-home-search/detail/hokima_gh" }, "geometry": { "type": "Point", "coordinates": [ 139.807428284130879, 35.801530716078432 ] } },
{ "type": "Feature", "properties": { "内容": "花物語あだち【認知症対応型共同生活介護】東京都足立区梅島2-34-8有限会社　杏友社", "url": "https://www.kaigokensaku.mhlw.go.jp/13/index.php?action_kouhyou_detail_004_kani=true&JigyosyoCd=1392101364-00&ServiceCd=320&Type=search", "url2": "https://adachi@jala.co.jp" }, "geometry": { "type": "Point", "coordinates": [ 139.80035, 35.7784839 ] } },
{ "type": "Feature", "properties": { "内容": "コンフォートフィオーレ東堀切【認知症対応型共同生活介護】東京都葛飾堀切1丁目15-21", "url": "https://www.kaigokensaku.mhlw.go.jp/13/index.php?action_kouhyou_detail_004_kani=true&JigyosyoCd=1392201271-00&ServiceCd=320&Type=search", "url2": "https://www.conffort.jp/facility/facility-1332/" }, "geometry": { "type": "Point", "coordinates": [ 139.827697, 35.7409364 ] } },
{ "type": "Feature", "properties": { "内容": "きんとん雲【認知症対応型共同生活介護】東京都葛飾区細田１－１５－２", "url": "https://www.kaigokensaku.mhlw.go.jp/13/index.php?action_kouhyou_detail_004_kani=true&JigyosyoCd=1392200083-00&ServiceCd=320&Type=search", "url2": null }, "geometry": { "type": "Point", "coordinates": [ 139.869483299999956, 35.7397863 ] } },
{ "type": "Feature", "properties": { "内容": "グループホームみやびの里亀有【認知症対応型共同生活介護】東京都葛飾区亀有4-2-14グループホームみやびの里亀有", "url": "https://www.kaigokensaku.mhlw.go.jp/13/index.php?action_kouhyou_detail_004_kani=true&JigyosyoCd=1392200323-00&ServiceCd=320&Type=search", "url2": "https://miyabinosato.net/" }, "geometry": { "type": "Point", "coordinates": [ 139.8444086, 35.7594919 ] } },
{ "type": "Feature", "properties": { "内容": "てんでこ【認知症対応型共同生活介護】東京都葛飾区奥戸7-16-15", "url": "https://www.kaigokensaku.mhlw.go.jp/13/index.php?action_kouhyou_detail_004_kani=true&JigyosyoCd=1392200372-00&ServiceCd=320&Type=search", "url2": "http://sunheart-care.jp" }, "geometry": { "type": "Point", "coordinates": [ 139.8634528, 35.7374999 ] } },
{ "type": "Feature", "properties": { "内容": "グループホーム　かつしか苑【認知症対応型共同生活介護】東京都葛飾区白鳥２－９－１８かつしか苑・白鳥", "url": "https://www.kaigokensaku.mhlw.go.jp/13/index.php?action_kouhyou_detail_004_kani=true&JigyosyoCd=1372202331-00&ServiceCd=320&Type=search", "url2": "http://katsushikakai.or.jp/" }, "geometry": { "type": "Point", "coordinates": [ 139.843093599999946, 35.7492434 ] } },
{ "type": "Feature", "properties": { "内容": "グループホーム青戸【認知症対応型共同生活介護】東京都葛飾区青戸3-13-19", "url": "https://www.kaigokensaku.mhlw.go.jp/13/index.php?action_kouhyou_detail_004_kani=true&JigyosyoCd=1372202596-00&ServiceCd=320&Type=search", "url2": "http://www.sukoyaka-fu.or.jp/" }, "geometry": { "type": "Point", "coordinates": [ 139.849823600000036, 35.7476854 ] } },
{ "type": "Feature", "properties": { "内容": "グループホーム　かなまち【認知症対応型共同生活介護】東京都葛飾区東金町2-23-15", "url": "https://www.kaigokensaku.mhlw.go.jp/13/index.php?action_kouhyou_detail_004_kani=true&JigyosyoCd=1372202950-00&ServiceCd=320&Type=search", "url2": "http://www.sukoyaka-fu.or.jp/" }, "geometry": { "type": "Point", "coordinates": [ 139.869712400000026, 35.7738929 ] } },
{ "type": "Feature", "properties": { "内容": "たまごかけごはん【認知症対応型共同生活介護】東京都葛飾区東立石2-18-4", "url": "https://www.kaigokensaku.mhlw.go.jp/13/index.php?action_kouhyou_detail_004_kani=true&JigyosyoCd=1392200380-00&ServiceCd=320&Type=search", "url2": null }, "geometry": { "type": "Point", "coordinates": [ 139.84848850000003, 35.7329537 ] } },
{ "type": "Feature", "properties": { "内容": "ニチイケアセンター新小岩【認知症対応型共同生活介護】東京都葛飾区奥戸4丁目21番20号", "url": "https://www.kaigokensaku.mhlw.go.jp/13/index.php?action_kouhyou_detail_004_kani=true&JigyosyoCd=1392200141-00&ServiceCd=320&Type=search", "url2": "http://www.nichiigakkan.co.jp/" }, "geometry": { "type": "Point", "coordinates": [ 139.867636800000014, 35.7292293 ] } },
{ "type": "Feature", "properties": { "内容": "グループホームみやびの里西水元【認知症対応型共同生活介護】東京都葛飾区西水元3-13-12", "url": "https://www.kaigokensaku.mhlw.go.jp/13/index.php?action_kouhyou_detail_004_kani=true&JigyosyoCd=1372202786-00&ServiceCd=320&Type=search", "url2": "https://miyabinosato.net/" }, "geometry": { "type": "Point", "coordinates": [ 139.848905400000035, 35.7883105 ] } },
{ "type": "Feature", "properties": { "内容": "街かどケアホーム　こころ【認知症対応型共同生活介護】東京都葛飾区東水元３－３－１１", "url": "https://www.kaigokensaku.mhlw.go.jp/13/index.php?action_kouhyou_detail_004_kani=true&JigyosyoCd=1372202844-00&ServiceCd=320&Type=search", "url2": null }, "geometry": { "type": "Point", "coordinates": [ 139.86654580000004, 35.7828584 ] } },
{ "type": "Feature", "properties": { "内容": "グループホーム愛和ハート＆ハートかつしか【認知症対応型共同生活介護】東京都葛飾区細田１－１８－１３", "url": "https://www.kaigokensaku.mhlw.go.jp/13/index.php?action_kouhyou_detail_004_kani=true&JigyosyoCd=1372203057-00&ServiceCd=320&Type=search", "url2": "http://www.aiwa-fukushi.com" }, "geometry": { "type": "Point", "coordinates": [ 139.8722692, 35.7398919 ] } },
{ "type": "Feature", "properties": { "内容": "グループホームソレイユの里【認知症対応型共同生活介護】東京都葛飾区亀有2-68-16", "url": "https://www.kaigokensaku.mhlw.go.jp/13/index.php?action_kouhyou_detail_004_kani=true&JigyosyoCd=1392200042-00&ServiceCd=320&Type=search", "url2": "http://www.soleiyunosato.com" }, "geometry": { "type": "Point", "coordinates": [ 139.8524946, 35.7624947 ] } },
{ "type": "Feature", "properties": { "内容": "グループホーム　ソレイユの家【認知症対応型共同生活介護】東京都葛飾区東立石4－20－1", "url": "https://www.kaigokensaku.mhlw.go.jp/13/index.php?action_kouhyou_detail_004_kani=true&JigyosyoCd=1392200091-00&ServiceCd=320&Type=search", "url2": "http://www.city-wing.com" }, "geometry": { "type": "Point", "coordinates": [ 139.851943600000027, 35.7342592 ] } },
{ "type": "Feature", "properties": { "内容": "助さん・格さん【認知症対応型共同生活介護】東京都葛飾区新宿1-23-12", "url": "https://www.kaigokensaku.mhlw.go.jp/13/index.php?action_kouhyou_detail_004_kani=true&JigyosyoCd=1392200182-00&ServiceCd=320&Type=search", "url2": "http://sunheart-care.jp/mondokoro/" }, "geometry": { "type": "Point", "coordinates": [ 139.861066, 35.7607964 ] } },
{ "type": "Feature", "properties": { "内容": "愛の家グループホーム葛飾奥戸【認知症対応型共同生活介護】東京都葛飾区奥戸５丁目１６番２号", "url": "https://www.kaigokensaku.mhlw.go.jp/13/index.php?action_kouhyou_detail_004_kani=true&JigyosyoCd=1392200208-00&ServiceCd=320&Type=search", "url2": "http://mcs-ainoie.com/ins134.html" }, "geometry": { "type": "Point", "coordinates": [ 139.866686699999974, 35.7314679 ] } },
{ "type": "Feature", "properties": { "内容": "第２かつしか苑グループホーム【認知症対応型共同生活介護】東京都葛飾区堀切７－８－３第２かつしか苑グループホーム", "url": "https://www.kaigokensaku.mhlw.go.jp/13/index.php?action_kouhyou_detail_004_kani=true&JigyosyoCd=1392200224-00&ServiceCd=320&Type=search", "url2": "https://katsushikakai.or.jp/corporation-info/" }, "geometry": { "type": "Point", "coordinates": [ 139.829995700000012, 35.7542833 ] } },
{ "type": "Feature", "properties": { "内容": "おいちゃん・おばちゃん【認知症対応型共同生活介護】東京都葛飾区柴又５－３０－１０", "url": "https://www.kaigokensaku.mhlw.go.jp/13/index.php?action_kouhyou_detail_004_kani=true&JigyosyoCd=1392200232-00&ServiceCd=320&Type=search", "url2": null }, "geometry": { "type": "Point", "coordinates": [ 139.88244009999994, 35.7523623 ] } },
{ "type": "Feature", "properties": { "内容": "グループホーム　ソレイユの華【認知症対応型共同生活介護】東京都葛飾区お花茶屋2-1-2", "url": "https://www.kaigokensaku.mhlw.go.jp/13/index.php?action_kouhyou_detail_004_kani=true&JigyosyoCd=1392200265-00&ServiceCd=320&Type=search", "url2": "http://www.city-wing.com/" }, "geometry": { "type": "Point", "coordinates": [ 139.837827400000037, 35.7507071 ] } },
{ "type": "Feature", "properties": { "内容": "セントケアホームお花茶屋【認知症対応型共同生活介護】東京都葛飾区宝町2-11-18", "url": "https://www.kaigokensaku.mhlw.go.jp/13/index.php?action_kouhyou_detail_004_kani=true&JigyosyoCd=1392200307-00&ServiceCd=320&Type=search", "url2": "https://www.saint-care.com/tokyo/" }, "geometry": { "type": "Point", "coordinates": [ 139.8356281, 35.7454494 ] } },
{ "type": "Feature", "properties": { "内容": "グループホーム　アローズ新宿【認知症対応型共同生活介護】東京都葛飾区新宿2-2-14", "url": "https://www.kaigokensaku.mhlw.go.jp/13/index.php?action_kouhyou_detail_004_kani=true&JigyosyoCd=1392200315-00&ServiceCd=320&Type=search", "url2": "http://www.yahagi-h.com" }, "geometry": { "type": "Point", "coordinates": [ 139.856578519692221, 35.760854623914078 ] } },
{ "type": "Feature", "properties": { "内容": "かつしかグループホームそよ風【認知症対応型共同生活介護】東京都葛飾区四つ木5-11-10", "url": "https://www.kaigokensaku.mhlw.go.jp/13/index.php?action_kouhyou_detail_004_kani=true&JigyosyoCd=1392200331-00&ServiceCd=320&Type=search", "url2": "https://www.sykz.co.jp" }, "geometry": { "type": "Point", "coordinates": [ 139.8393112, 35.7424915 ] } },
{ "type": "Feature", "properties": { "内容": "愛の家グループホーム葛飾青戸【認知症対応型共同生活介護】東京都葛飾区青戸5-5-5", "url": "https://www.kaigokensaku.mhlw.go.jp/13/index.php?action_kouhyou_detail_004_kani=true&JigyosyoCd=1392200349-00&ServiceCd=320&Type=search", "url2": "http://www.mcsg.co.ｊｐ" }, "geometry": { "type": "Point", "coordinates": [ 139.852986900000019, 35.7497458 ] } },
{ "type": "Feature", "properties": { "内容": "愛の家グループホーム葛飾西亀有【認知症対応型共同生活介護】東京都葛飾区西亀有2-8-14", "url": "https://www.kaigokensaku.mhlw.go.jp/13/index.php?action_kouhyou_detail_004_kani=true&JigyosyoCd=1392200398-00&ServiceCd=320&Type=search", "url2": "http://www.mcsg.co.jp" }, "geometry": { "type": "Point", "coordinates": [ 139.831826965081774, 35.760589352401873 ] } },
{ "type": "Feature", "properties": { "内容": "グループホーム　エクセレント水元公園【認知症対応型共同生活介護】東京都葛飾区東金町5-48-21", "url": "https://www.kaigokensaku.mhlw.go.jp/13/index.php?action_kouhyou_detail_004_kani=true&JigyosyoCd=1392200505-00&ServiceCd=320&Type=search", "url2": "http://www.excare.co.jp/facility/03/mizumoto/index.html" }, "geometry": { "type": "Point", "coordinates": [ 139.880731, 35.7794224 ] } },
{ "type": "Feature", "properties": { "内容": "はなまるホーム青戸【認知症対応型共同生活介護】東京都葛飾区青戸6-20-12", "url": "https://www.kaigokensaku.mhlw.go.jp/13/index.php?action_kouhyou_detail_004_kani=true&JigyosyoCd=1392200653-00&ServiceCd=320&Type=search", "url2": "https://www.aiseifukushi.jp/" }, "geometry": { "type": "Point", "coordinates": [ 139.8570532, 35.7505212 ] } },
{ "type": "Feature", "properties": { "内容": "コンフォートフィオーレ堀切【認知症対応型共同生活介護】東京都葛飾区堀切7-17-10", "url": "https://www.kaigokensaku.mhlw.go.jp/13/index.php?action_kouhyou_detail_004_kani=true&JigyosyoCd=1392200695-00&ServiceCd=320&Type=search", "url2": "http://www.conffort.jp/" }, "geometry": { "type": "Point", "coordinates": [ 139.834716642083094, 35.755760297204709 ] } },
{ "type": "Feature", "properties": { "内容": "愛・グループホーム東金町【認知症対応型共同生活介護】東京都葛飾区東金町5-34-7", "url": "https://www.kaigokensaku.mhlw.go.jp/13/index.php?action_kouhyou_detail_004_kani=true&JigyosyoCd=1392200885-00&ServiceCd=320&Type=search", "url2": "http://i-sogofukushi.com" }, "geometry": { "type": "Point", "coordinates": [ 139.8783532, 35.7770824 ] } },
{ "type": "Feature", "properties": { "内容": "グループホーム悠悠倶楽部【認知症対応型共同生活介護】東京都葛飾区高砂7-23-1", "url": "https://www.kaigokensaku.mhlw.go.jp/13/index.php?action_kouhyou_detail_004_kani=true&JigyosyoCd=1392201198-00&ServiceCd=320&Type=search", "url2": "http://www.sundream.co.jp/yuyuclub.html" }, "geometry": { "type": "Point", "coordinates": [ 139.866646, 35.7552972 ] } },
{ "type": "Feature", "properties": { "内容": "グループホームきらら高砂【認知症対応型共同生活介護】東京都葛飾区高砂3-25-16グループホームきらら高砂", "url": "https://www.kaigokensaku.mhlw.go.jp/13/index.php?action_kouhyou_detail_004_kani=true&JigyosyoCd=1392201230-00&ServiceCd=320&Type=search", "url2": "https://www.starts-care.jp" }, "geometry": { "type": "Point", "coordinates": [ 139.870673122090153, 35.748599250221282 ] } },
{ "type": "Feature", "properties": { "内容": "花物語かつしか【認知症対応型共同生活介護】東京都葛飾区立石8丁目48-11F", "url": "https://www.kaigokensaku.mhlw.go.jp/13/index.php?action_kouhyou_detail_004_kani=true&JigyosyoCd=1392201321-00&ServiceCd=320&Type=search", "url2": "https://jala.co.jp" }, "geometry": { "type": "Point", "coordinates": [ 139.858868958791362, 35.739960338995616 ] } },
{ "type": "Feature", "properties": { "内容": "グループホーム　ウェルフォース堀切【認知症対応型共同生活介護】東京都葛飾区堀切７－１４ー１７", "url": "https://www.kaigokensaku.mhlw.go.jp/13/index.php?action_kouhyou_detail_004_kani=true&JigyosyoCd=1392200281-00&ServiceCd=320&Type=search", "url2": "https://www.welforce-group.jp/" }, "geometry": { "type": "Point", "coordinates": [ 139.8331102, 35.7548243 ] } },
{ "type": "Feature", "properties": { "内容": "コンフォートフィオーレ高砂【認知症対応型共同生活介護】東京都葛飾区高砂２‐27‐17", "url": "https://www.kaigokensaku.mhlw.go.jp/13/index.php?action_kouhyou_detail_004_kani=true&JigyosyoCd=1392200406-00&ServiceCd=320&Type=search", "url2": "http://ｗｗｗ.ｃｏｎｆｆｏｒｔ.ｊｐ/" }, "geometry": { "type": "Point", "coordinates": [ 139.86627210000006, 35.7478214 ] } },
{ "type": "Feature", "properties": { "内容": "株式会社ソラスト　グループホームあやめ【認知症対応型共同生活介護】東京都江戸川区南小岩3-9-17グループホームあやめ", "url": "https://www.kaigokensaku.mhlw.go.jp/13/index.php?action_kouhyou_detail_004_kani=true&JigyosyoCd=1392300552-00&ServiceCd=320&Type=search", "url2": "https://www.solasto.co.jp/" }, "geometry": { "type": "Point", "coordinates": [ 139.8861101, 35.72548 ] } },
{ "type": "Feature", "properties": { "内容": "花物語えどがわ【認知症対応型共同生活介護】東京都江戸川区上一色3-17-10花物語えどがわ", "url": "https://www.kaigokensaku.mhlw.go.jp/13/index.php?action_kouhyou_detail_004_kani=true&JigyosyoCd=1392301006-00&ServiceCd=320&Type=search", "url2": "https://hana-kaigo.jala.co.jp/" }, "geometry": { "type": "Point", "coordinates": [ 139.8734689, 35.7281072 ] } },
{ "type": "Feature", "properties": { "内容": "グループホームあじさい【認知症対応型共同生活介護】東京都江戸川区二之江町1361-22", "url": "https://www.kaigokensaku.mhlw.go.jp/13/index.php?action_kouhyou_detail_004_kani=true&JigyosyoCd=1392301261-00&ServiceCd=320&Type=search", "url2": "http://www.enzerufukushikai.or.jp/" }, "geometry": { "type": "Point", "coordinates": [ 139.8744343, 35.6821327 ] } },
{ "type": "Feature", "properties": { "内容": "社会福祉法人わとなーる　グループホームこはる【認知症対応型共同生活介護】東京都江戸川区鹿骨1-3-1", "url": "https://www.kaigokensaku.mhlw.go.jp/13/index.php?action_kouhyou_detail_004_kani=true&JigyosyoCd=1392300305-00&ServiceCd=320&Type=search", "url2": "http://www.watona-ru.com/" }, "geometry": { "type": "Point", "coordinates": [ 139.886474499999963, 35.7069772 ] } },
{ "type": "Feature", "properties": { "内容": "コンフォートフィオーレ北小岩【認知症対応型共同生活介護】東京都江戸川区北小岩7丁目28-22", "url": "https://www.kaigokensaku.mhlw.go.jp/13/index.php?action_kouhyou_detail_004_kani=true&JigyosyoCd=1392301303-00&ServiceCd=320&Type=search", "url2": "https://www.conffort.jp/" }, "geometry": { "type": "Point", "coordinates": [ 139.893933299999986, 35.7441698 ] } },
{ "type": "Feature", "properties": { "内容": "スターツケアサービス株式会社グループホームきらら一之江【認知症対応型共同生活介護】東京都江戸川区一之江7-50-6", "url": "https://www.kaigokensaku.mhlw.go.jp/13/index.php?action_kouhyou_detail_004_kani=true&JigyosyoCd=1392300016-00&ServiceCd=320&Type=search", "url2": "http://www.starts.co.jp/s-careservice/index.php" }, "geometry": { "type": "Point", "coordinates": [ 139.877740300000028, 35.6856905 ] } },
{ "type": "Feature", "properties": { "内容": "せらび篠崎【認知症対応型共同生活介護】東京都江戸川区東篠崎　1-5-2", "url": "https://www.kaigokensaku.mhlw.go.jp/13/index.php?action_kouhyou_detail_004_kani=true&JigyosyoCd=1392300347-00&ServiceCd=320&Type=search", "url2": null }, "geometry": { "type": "Point", "coordinates": [ 139.91620080000007, 35.6962849 ] } },
{ "type": "Feature", "properties": { "内容": "フォービスライフ　グループホーム英【認知症対応型共同生活介護】東京都江戸川区松江2-29-18", "url": "https://www.kaigokensaku.mhlw.go.jp/13/index.php?action_kouhyou_detail_004_kani=true&JigyosyoCd=1372302826-00&ServiceCd=320&Type=search", "url2": "http://cs⁻forvice.com" }, "geometry": { "type": "Point", "coordinates": [ 139.874090099999989, 35.701352300000018 ] } },
{ "type": "Feature", "properties": { "内容": "グループホームつどい「大杉家」【認知症対応型共同生活介護】東京都江戸川区大杉3-4-13グループホームつどい「大杉家」", "url": "https://www.kaigokensaku.mhlw.go.jp/13/index.php?action_kouhyou_detail_004_kani=true&JigyosyoCd=1392300479-00&ServiceCd=320&Type=search", "url2": "https://mcp-net.jp/about-mcp.html" }, "geometry": { "type": "Point", "coordinates": [ 139.881766800000037, 35.7045273 ] } },
{ "type": "Feature", "properties": { "内容": "ライブラリ葛西【認知症対応型共同生活介護】東京都江戸川区中葛西6-17-9", "url": "https://www.kaigokensaku.mhlw.go.jp/13/index.php?action_kouhyou_detail_004_kani=true&JigyosyoCd=1392300644-00&ServiceCd=320&Type=search", "url2": "http://www.living-platform.com/" }, "geometry": { "type": "Point", "coordinates": [ 139.867930900000033, 35.66049 ] } },
{ "type": "Feature", "properties": { "内容": "グループホーム夢眠えどがわ【認知症対応型共同生活介護】東京都江戸川区小松川４丁目94番地", "url": "https://www.kaigokensaku.mhlw.go.jp/13/index.php?action_kouhyou_detail_004_kani=true&JigyosyoCd=1392301345-00&ServiceCd=320&Type=search", "url2": "https://muminhome.jp/edogawa-gh/" }, "geometry": { "type": "Point", "coordinates": [ 139.8506892, 35.7009667 ] } },
{ "type": "Feature", "properties": { "内容": "ニチイケアセンターみずえ　グループホームニチイのほほえみ【認知症対応型共同生活介護】東京都江戸川区瑞江３－３０－１１ニチイケアセンターみずえ　グループホームニチイのほほえみ", "url": "https://www.kaigokensaku.mhlw.go.jp/13/index.php?action_kouhyou_detail_004_kani=true&JigyosyoCd=1392300255-00&ServiceCd=320&Type=search", "url2": "http://www.nichiigakkan.co.jp" }, "geometry": { "type": "Point", "coordinates": [ 139.89448, 35.6957761 ] } },
{ "type": "Feature", "properties": { "内容": "せらび江戸川【認知症対応型共同生活介護】東京都江戸川区本一色3-6-4", "url": "https://www.kaigokensaku.mhlw.go.jp/13/index.php?action_kouhyou_detail_004_kani=true&JigyosyoCd=1372301497-00&ServiceCd=320&Type=search", "url2": "https://www.solasto.co.jp/" }, "geometry": { "type": "Point", "coordinates": [ 139.867767700000059, 35.7216551 ] } },
{ "type": "Feature", "properties": { "内容": "グループホームきらら南葛西【認知症対応型共同生活介護】東京都江戸川区南葛西４－３－１９", "url": "https://www.kaigokensaku.mhlw.go.jp/13/index.php?action_kouhyou_detail_004_kani=true&JigyosyoCd=1372302859-00&ServiceCd=320&Type=search", "url2": "http://www.starts.co.jp/s-careservice/index.php" }, "geometry": { "type": "Point", "coordinates": [ 139.873192199999949, 35.6480138 ] } },
{ "type": "Feature", "properties": { "内容": "グループホーム　あんじゅ【認知症対応型共同生活介護】東京都江戸川区東小岩４－２３－４", "url": "https://www.kaigokensaku.mhlw.go.jp/13/index.php?action_kouhyou_detail_004_kani=true&JigyosyoCd=1372302867-00&ServiceCd=320&Type=search", "url2": "http://annjyu.com" }, "geometry": { "type": "Point", "coordinates": [ 139.890812500000038, 35.7254051 ] } },
{ "type": "Feature", "properties": { "内容": "まったりLIFE北篠崎パークヴュー【認知症対応型共同生活介護】東京都江戸川区北篠崎2-20-19", "url": "https://www.kaigokensaku.mhlw.go.jp/13/index.php?action_kouhyou_detail_004_kani=true&JigyosyoCd=1372303527-00&ServiceCd=320&Type=search", "url2": "http://www.sundream.co.jp" }, "geometry": { "type": "Point", "coordinates": [ 139.897367900000063, 35.7170454 ] } },
{ "type": "Feature", "properties": { "内容": "グループホームきらら篠崎【認知症対応型共同生活介護】東京都江戸川区篠崎町４丁目１９番１０号", "url": "https://www.kaigokensaku.mhlw.go.jp/13/index.php?action_kouhyou_detail_004_kani=true&JigyosyoCd=1372303808-00&ServiceCd=320&Type=search", "url2": "https://www.starts-care.jp" }, "geometry": { "type": "Point", "coordinates": [ 139.910073300000022, 35.7002427 ] } },
{ "type": "Feature", "properties": { "内容": "たのしい家江戸川【認知症対応型共同生活介護】東京都江戸川区松江6-4-15", "url": "https://www.kaigokensaku.mhlw.go.jp/13/index.php?action_kouhyou_detail_004_kani=true&JigyosyoCd=1372304038-00&ServiceCd=320&Type=search", "url2": "https:/www.tanoshii-ie.jp" }, "geometry": { "type": "Point", "coordinates": [ 139.8717862, 35.6864145 ] } },
{ "type": "Feature", "properties": { "内容": "グループホームきらら北葛西【認知症対応型共同生活介護】東京都江戸川区北葛西3-5-30", "url": "https://www.kaigokensaku.mhlw.go.jp/13/index.php?action_kouhyou_detail_004_kani=true&JigyosyoCd=1392300057-00&ServiceCd=320&Type=search", "url2": "https://www.starts-care.jp/" }, "geometry": { "type": "Point", "coordinates": [ 139.860226, 35.6749429 ] } },
{ "type": "Feature", "properties": { "内容": "グループホームきらら北小岩【認知症対応型共同生活介護】東京都江戸川区北小岩4-40-13", "url": "https://www.kaigokensaku.mhlw.go.jp/13/index.php?action_kouhyou_detail_004_kani=true&JigyosyoCd=1392300123-00&ServiceCd=320&Type=search", "url2": "https://www.starts-care.jp" }, "geometry": { "type": "Point", "coordinates": [ 139.895861700000069, 35.7425942 ] } },
{ "type": "Feature", "properties": { "内容": "グループホームきらら西葛西【認知症対応型共同生活介護】東京都江戸川区西葛西1-3-9", "url": "https://www.kaigokensaku.mhlw.go.jp/13/index.php?action_kouhyou_detail_004_kani=true&JigyosyoCd=1392300131-00&ServiceCd=320&Type=search", "url2": "http://www.starts.co.jp/s-careservice" }, "geometry": { "type": "Point", "coordinates": [ 139.852103700000043, 35.6728655 ] } },
{ "type": "Feature", "properties": { "内容": "認知症対応型共同生活介護　泰山【認知症対応型共同生活介護】東京都江戸川区西一之江２－２２－２２", "url": "https://www.kaigokensaku.mhlw.go.jp/13/index.php?action_kouhyou_detail_004_kani=true&JigyosyoCd=1392300206-00&ServiceCd=320&Type=search", "url2": "http://www.hakusyuu.jimusho.jp" }, "geometry": { "type": "Point", "coordinates": [ 139.880039500000066, 35.6985307 ] } },
{ "type": "Feature", "properties": { "内容": "ニチイケアセンター一之江【認知症対応型共同生活介護】東京都江戸川区鹿骨1-56-5", "url": "https://www.kaigokensaku.mhlw.go.jp/13/index.php?action_kouhyou_detail_004_kani=true&JigyosyoCd=1392300248-00&ServiceCd=320&Type=search", "url2": "https://www.nichii-kaigo.jp/base/base-result/05S81/letter/" }, "geometry": { "type": "Point", "coordinates": [ 139.891251799999964, 35.7097214 ] } },
{ "type": "Feature", "properties": { "内容": "グループホームゆう希苑かさい【認知症対応型共同生活介護】東京都江戸川区東葛西２－２８－９", "url": "https://www.kaigokensaku.mhlw.go.jp/13/index.php?action_kouhyou_detail_004_kani=true&JigyosyoCd=1392300271-00&ServiceCd=320&Type=search", "url2": "http://yuukien.com/" }, "geometry": { "type": "Point", "coordinates": [ 139.877982699999961, 35.6683564 ] } },
{ "type": "Feature", "properties": { "内容": "グループホームせんじゅ【認知症対応型共同生活介護】東京都江戸川区東小岩１－１０－１２", "url": "https://www.kaigokensaku.mhlw.go.jp/13/index.php?action_kouhyou_detail_004_kani=true&JigyosyoCd=1392300313-00&ServiceCd=320&Type=search", "url2": "https://www.annjyu.com/" }, "geometry": { "type": "Point", "coordinates": [ 139.890270900000019, 35.7233832 ] } },
{ "type": "Feature", "properties": { "内容": "ＳＵＮ久倶楽部【認知症対応型共同生活介護】東京都江戸川区平井7丁目25番地17号", "url": "https://www.kaigokensaku.mhlw.go.jp/13/index.php?action_kouhyou_detail_004_kani=true&JigyosyoCd=1392300321-00&ServiceCd=320&Type=search", "url2": "http://www.sundream.co.jp" }, "geometry": { "type": "Point", "coordinates": [ 139.8397599, 35.7135357 ] } },
{ "type": "Feature", "properties": { "内容": "グループホームきらら東葛西【認知症対応型共同生活介護】東京都江戸川区東葛西1-37-14", "url": "https://www.kaigokensaku.mhlw.go.jp/13/index.php?action_kouhyou_detail_004_kani=true&JigyosyoCd=1392300412-00&ServiceCd=320&Type=search", "url2": "https://www.starts-care.jp/service/grouphome/kirara_higashikasai/" }, "geometry": { "type": "Point", "coordinates": [ 139.880438403041126, 35.669357882941775 ] } },
{ "type": "Feature", "properties": { "内容": "ラックの花　平井【認知症対応型共同生活介護】東京都江戸川区平井6-76-11", "url": "https://www.kaigokensaku.mhlw.go.jp/13/index.php?action_kouhyou_detail_004_kani=true&JigyosyoCd=1392300438-00&ServiceCd=320&Type=search", "url2": "http://lac-corp.jp/" }, "geometry": { "type": "Point", "coordinates": [ 139.8427762, 35.7146579 ] } },
{ "type": "Feature", "properties": { "内容": "グループホーム　こなつ【認知症対応型共同生活介護】東京都江戸川区鹿骨1-11-7グループホーム　こなつ", "url": "https://www.kaigokensaku.mhlw.go.jp/13/index.php?action_kouhyou_detail_004_kani=true&JigyosyoCd=1392300446-00&ServiceCd=320&Type=search", "url2": "http://www.watona-ru.com/konatsu/" }, "geometry": { "type": "Point", "coordinates": [ 139.8853107, 35.7082381 ] } },
{ "type": "Feature", "properties": { "内容": "グループホーム　心【認知症対応型共同生活介護】東京都江戸川区江戸川2-33-18セントラルビルⅡ　2・3階", "url": "https://www.kaigokensaku.mhlw.go.jp/13/index.php?action_kouhyou_detail_004_kani=true&JigyosyoCd=1392300503-00&ServiceCd=320&Type=search", "url2": "http://www.fukurakuen.or.jp/daini-midorinosato.html" }, "geometry": { "type": "Point", "coordinates": [ 139.903083166436033, 35.687280125872057 ] } },
{ "type": "Feature", "properties": { "内容": "グループホームあおい【認知症対応型共同生活介護】東京都江戸川区南小岩5-19-13", "url": "https://www.kaigokensaku.mhlw.go.jp/13/index.php?action_kouhyou_detail_004_kani=true&JigyosyoCd=1392300560-00&ServiceCd=320&Type=search", "url2": "http://www.solasto.co.jp/" }, "geometry": { "type": "Point", "coordinates": [ 139.881541100000049, 35.7253716 ] } },
{ "type": "Feature", "properties": { "内容": "愛の家グループホーム江戸川鹿骨【認知症対応型共同生活介護】東京都江戸川区鹿骨1丁目22番地17号", "url": "https://www.kaigokensaku.mhlw.go.jp/13/index.php?action_kouhyou_detail_004_kani=true&JigyosyoCd=1392300669-00&ServiceCd=320&Type=search", "url2": "https://www.mcsg.co.jp" }, "geometry": { "type": "Point", "coordinates": [ 139.8858966, 35.7106266 ] } },
{ "type": "Feature", "properties": { "内容": "グループホームきらら清新町【認知症対応型共同生活介護】東京都江戸川区清新町２－２－３６", "url": "https://www.kaigokensaku.mhlw.go.jp/13/index.php?action_kouhyou_detail_004_kani=true&JigyosyoCd=1392300743-00&ServiceCd=320&Type=search", "url2": "http://www.starts.co.jp/s-careservice" }, "geometry": { "type": "Point", "coordinates": [ 139.853865400000018, 35.6565953 ] } },
{ "type": "Feature", "properties": { "内容": "はなまるホーム葛西【認知症対応型共同生活介護】東京都江戸川区中葛西8-5-16", "url": "https://www.kaigokensaku.mhlw.go.jp/13/index.php?action_kouhyou_detail_004_kani=true&JigyosyoCd=1392300859-00&ServiceCd=320&Type=search", "url2": "http://www.aiseifukushi.jp" }, "geometry": { "type": "Point", "coordinates": [ 139.869617100000028, 35.656798800000018 ] } },
{ "type": "Feature", "properties": { "内容": "ヒューマンライフケア葛西グループホーム【認知症対応型共同生活介護】東京都江戸川区東葛西4-42-5", "url": "https://www.kaigokensaku.mhlw.go.jp/13/index.php?action_kouhyou_detail_004_kani=true&JigyosyoCd=1392300925-00&ServiceCd=320&Type=search", "url2": "https://kaigo.human-lifecare.jp/facilities/gh028_KasaiGH/summary.html" }, "geometry": { "type": "Point", "coordinates": [ 139.8856214, 35.6591848 ] } },
{ "type": "Feature", "properties": { "内容": "ヒューマンライフケア江戸川グループホーム【認知症対応型共同生活介護】東京都江戸川区江戸川5-23-83", "url": "https://www.kaigokensaku.mhlw.go.jp/13/index.php?action_kouhyou_detail_004_kani=true&JigyosyoCd=1392301022-00&ServiceCd=320&Type=search", "url2": "https://kaigo.human-lifecare.jp/facilities/gh036_EdogawaGH/summary.html" }, "geometry": { "type": "Point", "coordinates": [ 139.882651352778595, 35.674075338059914 ] } },
{ "type": "Feature", "properties": { "内容": "ライブラリ江戸川松島【認知症対応型共同生活介護】東京都江戸川区松島4丁目24-15ライブラリ江戸川松島", "url": "https://www.kaigokensaku.mhlw.go.jp/13/index.php?action_kouhyou_detail_004_kani=true&JigyosyoCd=1392301139-00&ServiceCd=320&Type=search", "url2": "https://www.living-platform.com/care/70" }, "geometry": { "type": "Point", "coordinates": [ 139.857930369311504, 35.710744898260756 ] } },
{ "type": "Feature", "properties": { "内容": "えくせれんと江戸川【認知症対応型共同生活介護】東京都江戸川区大杉5ｰ32ｰ18エクセレント江戸川", "url": "https://www.kaigokensaku.mhlw.go.jp/13/index.php?action_kouhyou_detail_004_kani=true&JigyosyoCd=1392301188-00&ServiceCd=320&Type=search", "url2": "https://www.excare.co.jp" }, "geometry": { "type": "Point", "coordinates": [ 139.879027799999989, 35.7109936 ] } },
{ "type": "Feature", "properties": { "内容": "医療法人社団希和会グループホームしのざき【認知症対応型共同生活介護】東京都江戸川区上篠崎3-1-9", "url": "https://www.kaigokensaku.mhlw.go.jp/13/index.php?action_kouhyou_detail_004_kani=true&JigyosyoCd=1372302198-00&ServiceCd=320&Type=search", "url2": "http://www.kiwakai.info" }, "geometry": { "type": "Point", "coordinates": [ 139.89942080000003, 35.7101021 ] } },
{ "type": "Feature", "properties": { "内容": "グループホームひなた【認知症対応型共同生活介護】東京都江戸川区春江町3-38-26グループホームひなた", "url": "https://www.kaigokensaku.mhlw.go.jp/13/index.php?action_kouhyou_detail_004_kani=true&JigyosyoCd=1372303915-00&ServiceCd=320&Type=search", "url2": "https://gh-hinata.main.jp" }, "geometry": { "type": "Point", "coordinates": [ 139.8879086, 35.6968904 ] } },
{ "type": "Feature", "properties": { "内容": "グループホーム　風のアルバム【認知症対応型共同生活介護】東京都八王子市西寺方町25番地2", "url": "https://www.kaigokensaku.mhlw.go.jp/13/index.php?action_kouhyou_detail_004_kani=true&JigyosyoCd=1392900369-00&ServiceCd=320&Type=search", "url2": "http://www.kazenoarubamu.jp/" }, "geometry": { "type": "Point", "coordinates": [ 139.262303899999978, 35.672993299999966 ] } },
{ "type": "Feature", "properties": { "内容": "ライフィニティ八王子【認知症対応型共同生活介護】東京都八王子市北野町578-13", "url": "https://www.kaigokensaku.mhlw.go.jp/13/index.php?action_kouhyou_detail_004_kani=true&JigyosyoCd=1392901169-00&ServiceCd=320&Type=search", "url2": "https://lifinity.jp/hachioji/" }, "geometry": { "type": "Point", "coordinates": [ 139.3560082, 35.6497917 ] } },
{ "type": "Feature", "properties": { "内容": "八王子ケアコミュニティそよ風【認知症対応型共同生活介護】東京都八王子市小宮町1226-4", "url": "https://www.kaigokensaku.mhlw.go.jp/13/index.php?action_kouhyou_detail_004_kani=true&JigyosyoCd=1372902245-00&ServiceCd=320&Type=search", "url2": "http://www.sykz.co.jp" }, "geometry": { "type": "Point", "coordinates": [ 139.363834, 35.6871021 ] } },
{ "type": "Feature", "properties": { "内容": "認知症グループホーム寿限無【認知症対応型共同生活介護】東京都八王子市椚田町590-4", "url": "https://www.kaigokensaku.mhlw.go.jp/13/index.php?action_kouhyou_detail_004_kani=true&JigyosyoCd=1392900088-00&ServiceCd=320&Type=search", "url2": "http://www.eisei.or.jp" }, "geometry": { "type": "Point", "coordinates": [ 139.30731, 35.6386456 ] } },
{ "type": "Feature", "properties": { "内容": "認知症グループホーム南風【認知症対応型共同生活介護】東京都八王子市下柚木2-26-11", "url": "https://www.kaigokensaku.mhlw.go.jp/13/index.php?action_kouhyou_detail_004_kani=true&JigyosyoCd=1392901011-00&ServiceCd=320&Type=search", "url2": "https://www.eisei.or.jp" }, "geometry": { "type": "Point", "coordinates": [ 139.382015200000012, 35.6245413 ] } },
{ "type": "Feature", "properties": { "内容": "グループホーム　初音の杜【認知症対応型共同生活介護】東京都八王子市宮下町988番地", "url": "https://www.kaigokensaku.mhlw.go.jp/13/index.php?action_kouhyou_detail_004_kani=true&JigyosyoCd=1392900195-00&ServiceCd=320&Type=search", "url2": "http://www.kairakuen2830.sakura.ne.jp" }, "geometry": { "type": "Point", "coordinates": [ 139.313071499999978, 35.700213 ] } },
{ "type": "Feature", "properties": { "内容": "グループホーム真秀の里【認知症対応型共同生活介護】東京都八王子市川口町3393番地", "url": "https://www.kaigokensaku.mhlw.go.jp/13/index.php?action_kouhyou_detail_004_kani=true&JigyosyoCd=1392900054-00&ServiceCd=320&Type=search", "url2": "http://www.silver-support.co.jp" }, "geometry": { "type": "Point", "coordinates": [ 139.272125299999971, 35.698445699999986 ] } },
{ "type": "Feature", "properties": { "内容": "グループホーム桜並木【認知症対応型共同生活介護】東京都八王子市元八王子町2-1299-1ケアセンター桜並木　2階　３階", "url": "https://www.kaigokensaku.mhlw.go.jp/13/index.php?action_kouhyou_detail_004_kani=true&JigyosyoCd=1392900450-00&ServiceCd=320&Type=search", "url2": "http://www.silver-support.co.jp/" }, "geometry": { "type": "Point", "coordinates": [ 139.2821338, 35.6626779 ] } },
{ "type": "Feature", "properties": { "内容": "グループホーム　やまびこ【認知症対応型共同生活介護】東京都八王子市北野町522-12", "url": "https://www.kaigokensaku.mhlw.go.jp/13/index.php?action_kouhyou_detail_004_kani=true&JigyosyoCd=1392901045-00&ServiceCd=320&Type=search", "url2": "https://www.yamabiko-care.jp" }, "geometry": { "type": "Point", "coordinates": [ 139.34906860000001, 35.6501623 ] } },
{ "type": "Feature", "properties": { "内容": "くらら南大沢【認知症対応型共同生活介護】東京都八王子市南大沢三丁目6番2号", "url": "https://www.kaigokensaku.mhlw.go.jp/13/index.php?action_kouhyou_detail_004_kani=true&JigyosyoCd=1372901411-00&ServiceCd=320&Type=search", "url2": "http://www.benesse-style-care.co.jp/" }, "geometry": { "type": "Point", "coordinates": [ 139.381952400000046, 35.6086974 ] } },
{ "type": "Feature", "properties": { "内容": "グループホーム　びおら【認知症対応型共同生活介護】東京都八王子市追分町9-4", "url": "https://www.kaigokensaku.mhlw.go.jp/13/index.php?action_kouhyou_detail_004_kani=true&JigyosyoCd=1372901924-00&ServiceCd=320&Type=search", "url2": "https://www.biora.biz" }, "geometry": { "type": "Point", "coordinates": [ 139.317658400000028, 35.6601485 ] } },
{ "type": "Feature", "properties": { "内容": "ぐるーぷほーむしんせつ【認知症対応型共同生活介護】東京都八王子市大塚１７８番地", "url": "https://www.kaigokensaku.mhlw.go.jp/13/index.php?action_kouhyou_detail_004_kani=true&JigyosyoCd=1392900062-00&ServiceCd=320&Type=search", "url2": "http://care-net.biz/13/konawinds/" }, "geometry": { "type": "Point", "coordinates": [ 139.417189900000039, 35.639764 ] } },
{ "type": "Feature", "properties": { "内容": "愛の家グループホーム八王子弐分方【認知症対応型共同生活介護】東京都八王子市弐分方町４－２７", "url": "https://www.kaigokensaku.mhlw.go.jp/13/index.php?action_kouhyou_detail_004_kani=true&JigyosyoCd=1392900146-00&ServiceCd=320&Type=search", "url2": "http://www.mcsg.co.jp" }, "geometry": { "type": "Point", "coordinates": [ 139.2768115, 35.6807366 ] } },
{ "type": "Feature", "properties": { "内容": "医療法人社団　　愛友会　グループホームこびき【認知症対応型共同生活介護】東京都八王子市小比企町536-19", "url": "https://www.kaigokensaku.mhlw.go.jp/13/index.php?action_kouhyou_detail_004_kani=true&JigyosyoCd=1392900153-00&ServiceCd=320&Type=search", "url2": null }, "geometry": { "type": "Point", "coordinates": [ 139.317877050926171, 35.641485357305463 ] } },
{ "type": "Feature", "properties": { "内容": "グループホームシルクロード鑓水【認知症対応型共同生活介護】東京都八王子市鑓水141番地", "url": "https://www.kaigokensaku.mhlw.go.jp/13/index.php?action_kouhyou_detail_004_kani=true&JigyosyoCd=1392900161-00&ServiceCd=320&Type=search", "url2": "https://www.silkroad-yarimizu.or.jp/" }, "geometry": { "type": "Point", "coordinates": [ 139.358137299999953, 35.6161465 ] } },
{ "type": "Feature", "properties": { "内容": "グループホーム　ほのぼの【認知症対応型共同生活介護】東京都八王子市台町１－１４－２１", "url": "https://www.kaigokensaku.mhlw.go.jp/13/index.php?action_kouhyou_detail_004_kani=true&JigyosyoCd=1392900203-00&ServiceCd=320&Type=search", "url2": "http://www.silver-support.co.jp/" }, "geometry": { "type": "Point", "coordinates": [ 139.3282855, 35.6518304 ] } },
{ "type": "Feature", "properties": { "内容": "ニチイケアセンター八王子館町【認知症対応型共同生活介護】東京都八王子市館町101", "url": "https://www.kaigokensaku.mhlw.go.jp/13/index.php?action_kouhyou_detail_004_kani=true&JigyosyoCd=1392900211-00&ServiceCd=320&Type=search", "url2": "http://www.nichiigakkan.co.jp" }, "geometry": { "type": "Point", "coordinates": [ 139.302701800000023, 35.6340607 ] } },
{ "type": "Feature", "properties": { "内容": "グループホームゆらり並木【認知症対応型共同生活介護】東京都八王子市並木町１７－１１", "url": "https://www.kaigokensaku.mhlw.go.jp/13/index.php?action_kouhyou_detail_004_kani=true&JigyosyoCd=1392900237-00&ServiceCd=320&Type=search", "url2": "https://hlcare.net" }, "geometry": { "type": "Point", "coordinates": [ 139.3006408, 35.6504578 ] } },
{ "type": "Feature", "properties": { "内容": "グループホームソラスト八王子まりや【認知症対応型共同生活介護】東京都八王子市大和田町3-18-28", "url": "https://www.kaigokensaku.mhlw.go.jp/13/index.php?action_kouhyou_detail_004_kani=true&JigyosyoCd=1392900286-00&ServiceCd=320&Type=search", "url2": "http://www.solasto.co.jp" }, "geometry": { "type": "Point", "coordinates": [ 139.352755200000047, 35.6611911 ] } },
{ "type": "Feature", "properties": { "内容": "ヒューマンライフケア八王子グループホーム【認知症対応型共同生活介護】東京都八王子市山田町1606－11", "url": "https://www.kaigokensaku.mhlw.go.jp/13/index.php?action_kouhyou_detail_004_kani=true&JigyosyoCd=1392900385-00&ServiceCd=320&Type=search", "url2": "https://kaigo.human-lifecare.jp/facilities/gh005_HachioujiGH/summary.html" }, "geometry": { "type": "Point", "coordinates": [ 139.3185915, 35.6483204 ] } },
{ "type": "Feature", "properties": { "内容": "ニチイケアセンター八王子さんだ【認知症対応型共同生活介護】東京都八王子市東浅川町５０９－７", "url": "https://www.kaigokensaku.mhlw.go.jp/13/index.php?action_kouhyou_detail_004_kani=true&JigyosyoCd=1392900401-00&ServiceCd=320&Type=search", "url2": null }, "geometry": { "type": "Point", "coordinates": [ 139.298575446032714, 35.6453609388129 ] } },
{ "type": "Feature", "properties": { "内容": "グループホーム　こまくさの家【認知症対応型共同生活介護】東京都八王子市石川町2053-1", "url": "https://www.kaigokensaku.mhlw.go.jp/13/index.php?action_kouhyou_detail_004_kani=true&JigyosyoCd=1392900419-00&ServiceCd=320&Type=search", "url2": "http://www.ikiiki-fukushi.jp" }, "geometry": { "type": "Point", "coordinates": [ 139.361468, 35.6724981 ] } },
{ "type": "Feature", "properties": { "内容": "グループホームこまくさの家・長房【認知症対応型共同生活介護】東京都八王子市長房町309-2", "url": "https://www.kaigokensaku.mhlw.go.jp/13/index.php?action_kouhyou_detail_004_kani=true&JigyosyoCd=1392900427-00&ServiceCd=320&Type=search", "url2": "http://ikiiki-fukushi.jp/" }, "geometry": { "type": "Point", "coordinates": [ 139.298260199999959, 35.657862299999984 ] } },
{ "type": "Feature", "properties": { "内容": "木下の介護グループホーム八王子【認知症対応型共同生活介護】東京都八王子市元横山町1丁目20番9号", "url": "https://www.kaigokensaku.mhlw.go.jp/13/index.php?action_kouhyou_detail_004_kani=true&JigyosyoCd=1392900641-00&ServiceCd=320&Type=search", "url2": "https://www.kinoshita-kaigo.co.jp/" }, "geometry": { "type": "Point", "coordinates": [ 139.338748308001868, 35.664872254576352 ] } },
{ "type": "Feature", "properties": { "内容": "グループホーム台町【認知症対応型共同生活介護】東京都八王子市台町２丁目３番１０号", "url": "https://www.kaigokensaku.mhlw.go.jp/13/index.php?action_kouhyou_detail_004_kani=true&JigyosyoCd=1392900914-00&ServiceCd=320&Type=search", "url2": null }, "geometry": { "type": "Point", "coordinates": [ 139.325344276928689, 35.653287324403898 ] } },
{ "type": "Feature", "properties": { "内容": "ミモザ下柚木【認知症対応型共同生活介護】東京都八王子市下柚木422－1", "url": "https://www.kaigokensaku.mhlw.go.jp/13/index.php?action_kouhyou_detail_004_kani=true&JigyosyoCd=1392901003-00&ServiceCd=320&Type=search", "url2": "https://www.mimoza-care.jp/base/shimoyugi.html" }, "geometry": { "type": "Point", "coordinates": [ 139.379277699999989, 35.6296166 ] } },
{ "type": "Feature", "properties": { "内容": "花物語はちおうじ南【認知症対応型共同生活介護】東京都八王子市七国2-8-9", "url": "https://www.kaigokensaku.mhlw.go.jp/13/index.php?action_kouhyou_detail_004_kani=true&JigyosyoCd=1392901052-00&ServiceCd=320&Type=search", "url2": "https://hana-kaigo.jala.co.jp" }, "geometry": { "type": "Point", "coordinates": [ 139.325586699999974, 35.621163600000031 ] } },
{ "type": "Feature", "properties": { "内容": "愛の家グループホーム八王子上壱分方町【認知症対応型共同生活介護】東京都八王子市上壱分方町227-1", "url": "https://www.kaigokensaku.mhlw.go.jp/13/index.php?action_kouhyou_detail_004_kani=true&JigyosyoCd=1392901086-00&ServiceCd=320&Type=search", "url2": "https://mcs-ainoie.com/search/tokyo/hachiojishi/gh311/" }, "geometry": { "type": "Point", "coordinates": [ 139.2867774, 35.678943 ] } },
{ "type": "Feature", "properties": { "内容": "はなまるホーム八王子山田町【認知症対応型共同生活介護】東京都八王子市山田町1606-12はなまるホーム八王子山田町", "url": "https://www.kaigokensaku.mhlw.go.jp/13/index.php?action_kouhyou_detail_004_kani=true&JigyosyoCd=1392901094-00&ServiceCd=320&Type=search", "url2": "https://www.aiseifukushi.jp/grouphome-hachiouji" }, "geometry": { "type": "Point", "coordinates": [ 139.3179417, 35.6478989 ] } },
{ "type": "Feature", "properties": { "内容": "グループホームさんのう【認知症対応型共同生活介護】東京都八王子市中野山王２丁目26番地17", "url": "https://www.kaigokensaku.mhlw.go.jp/13/index.php?action_kouhyou_detail_004_kani=true&JigyosyoCd=1392901110-00&ServiceCd=320&Type=search", "url2": "https://sounkai.com/" }, "geometry": { "type": "Point", "coordinates": [ 139.325629600000013, 35.6758043 ] } },
{ "type": "Feature", "properties": { "内容": "花物語たちかわ【認知症対応型共同生活介護】東京都立川市幸町3-7-10", "url": "https://www.kaigokensaku.mhlw.go.jp/13/index.php?action_kouhyou_detail_004_kani=true&JigyosyoCd=1393000284-00&ServiceCd=320&Type=search", "url2": "https://hana-kaigo.jala.co.jp/gh/tachikawa/index.html" }, "geometry": { "type": "Point", "coordinates": [ 139.429128800000029, 35.7192717 ] } },
{ "type": "Feature", "properties": { "内容": "花物語たちかわ北【認知症対応型共同生活介護】東京都立川市一番町4-10-7", "url": "https://www.kaigokensaku.mhlw.go.jp/13/index.php?action_kouhyou_detail_004_kani=true&JigyosyoCd=1393000342-00&ServiceCd=320&Type=search", "url2": "https://hana-kaigo.jala.co.jp/gh/tachikawa-kita/index.html" }, "geometry": { "type": "Point", "coordinates": [ 139.3839394, 35.7277822 ] } },
{ "type": "Feature", "properties": { "内容": "至誠ホームスオミ・グループホーム【認知症対応型共同生活介護】東京都立川市錦町６－２８－１５", "url": "https://www.kaigokensaku.mhlw.go.jp/13/index.php?action_kouhyou_detail_004_kani=true&JigyosyoCd=1373001047-00&ServiceCd=320&Type=search", "url2": "http://www.shisei.or.jp" }, "geometry": { "type": "Point", "coordinates": [ 139.416123800000037, 35.6853673 ] } },
{ "type": "Feature", "properties": { "内容": "グループホームやわらぎ・西立川【認知症対応型共同生活介護】東京都立川市富士見町2-31-23やわらぎホーム・西立川", "url": "https://www.kaigokensaku.mhlw.go.jp/13/index.php?action_kouhyou_detail_004_kani=true&JigyosyoCd=1373001476-00&ServiceCd=320&Type=search", "url2": "http://www.yawaragi.or.jp" }, "geometry": { "type": "Point", "coordinates": [ 139.399674900000036, 35.6990628 ] } },
{ "type": "Feature", "properties": { "内容": "グループホーム　ヴィラ・フェローホームズ【認知症対応型共同生活介護】東京都立川市緑町３３７２－１０", "url": "https://www.kaigokensaku.mhlw.go.jp/13/index.php?action_kouhyou_detail_004_kani=true&JigyosyoCd=1393000037-00&ServiceCd=320&Type=search", "url2": "http://www.fellow-homes.or.jp" }, "geometry": { "type": "Point", "coordinates": [ 139.400381493428057, 35.701672122165604 ] } },
{ "type": "Feature", "properties": { "内容": "グループホームえがおの家【認知症対応型共同生活介護】東京都立川市羽衣町１－７－１０グループホームえがおの家", "url": "https://www.kaigokensaku.mhlw.go.jp/13/index.php?action_kouhyou_detail_004_kani=true&JigyosyoCd=1393000144-00&ServiceCd=320&Type=search", "url2": "http://3fuku.com/" }, "geometry": { "type": "Point", "coordinates": [ 139.42555040000002, 35.6966109 ] } },
{ "type": "Feature", "properties": { "内容": "ウェルケア立川【認知症対応型共同生活介護】東京都立川市上砂町3-4-26", "url": "https://www.kaigokensaku.mhlw.go.jp/13/index.php?action_kouhyou_detail_004_kani=true&JigyosyoCd=1373000791-00&ServiceCd=320&Type=search", "url2": "http://www.well-care.org/" }, "geometry": { "type": "Point", "coordinates": [ 139.384592200000043, 35.7210654 ] } },
{ "type": "Feature", "properties": { "内容": "グループホーム花梨【認知症対応型共同生活介護】東京都立川市西砂町５－２２－１８", "url": "https://www.kaigokensaku.mhlw.go.jp/13/index.php?action_kouhyou_detail_004_kani=true&JigyosyoCd=1373001120-00&ServiceCd=320&Type=search", "url2": "https://www.keyakikai.or.jp" }, "geometry": { "type": "Point", "coordinates": [ 139.363499300000058, 35.7326662 ] } },
{ "type": "Feature", "properties": { "内容": "グループホーム立川富士見町の家【認知症対応型共同生活介護】東京都立川市富士見町7-30-15", "url": "https://www.kaigokensaku.mhlw.go.jp/13/index.php?action_kouhyou_detail_004_kani=true&JigyosyoCd=1373001401-00&ServiceCd=320&Type=search", "url2": "https://aoyagien.or.jp/facility/ghome-fujimicho/" }, "geometry": { "type": "Point", "coordinates": [ 139.398033599999962, 35.689933 ] } },
{ "type": "Feature", "properties": { "内容": "高齢者グループホーム　ウェルケアひだまり【認知症対応型共同生活介護】東京都立川市上砂町3-36-14ウェルケアひだまり", "url": "https://www.kaigokensaku.mhlw.go.jp/13/index.php?action_kouhyou_detail_004_kani=true&JigyosyoCd=1393000052-00&ServiceCd=320&Type=search", "url2": "http://www.well-care.org/hidamari/" }, "geometry": { "type": "Point", "coordinates": [ 139.390561100000014, 35.7235958 ] } },
{ "type": "Feature", "properties": { "内容": "ヒューマンライフケア立川グループホーム【認知症対応型共同生活介護】東京都立川市錦町3-8-10", "url": "https://www.kaigokensaku.mhlw.go.jp/13/index.php?action_kouhyou_detail_004_kani=true&JigyosyoCd=1393000201-00&ServiceCd=320&Type=search", "url2": "https://kaigo.human-lifecare.jp/facilities/gh027_tachikawaGH/summary.html" }, "geometry": { "type": "Point", "coordinates": [ 139.4184679, 35.6914391 ] } },
{ "type": "Feature", "properties": { "内容": "光風荘【認知症対応型共同生活介護】東京都武蔵野市関前３－４－１７", "url": "https://www.kaigokensaku.mhlw.go.jp/13/index.php?action_kouhyou_detail_004_kani=true&JigyosyoCd=1373301199-00&ServiceCd=320&Type=search", "url2": "http://www.toraifu.com/" }, "geometry": { "type": "Point", "coordinates": [ 139.55623879999996, 35.7134732 ] } },
{ "type": "Feature", "properties": { "内容": "マザアスホームだんらん武蔵境【認知症対応型共同生活介護】東京都武蔵野市境４－８－１", "url": "https://www.kaigokensaku.mhlw.go.jp/13/index.php?action_kouhyou_detail_004_kani=true&JigyosyoCd=1393300031-00&ServiceCd=320&Type=search", "url2": "http://motherth.com/" }, "geometry": { "type": "Point", "coordinates": [ 139.541282200000069, 35.7075096 ] } },
{ "type": "Feature", "properties": { "内容": "グループホーム　たのしい家武蔵境【認知症対応型共同生活介護】東京都武蔵野市境南町4-11-3たのしい家武蔵境", "url": "https://www.kaigokensaku.mhlw.go.jp/13/index.php?action_kouhyou_detail_004_kani=true&JigyosyoCd=1393300205-00&ServiceCd=320&Type=search", "url2": "https://www.care21.co.jp/" }, "geometry": { "type": "Point", "coordinates": [ 139.5345327, 35.7009752 ] } },
{ "type": "Feature", "properties": { "内容": "グループホームみずほ【認知症対応型共同生活介護】東京都三鷹市新川4-25-18", "url": "https://www.kaigokensaku.mhlw.go.jp/13/index.php?action_kouhyou_detail_004_kani=true&JigyosyoCd=1373600863-00&ServiceCd=320&Type=search", "url2": "http://www.keijin-kai.or.jp/" }, "geometry": { "type": "Point", "coordinates": [ 139.571891700000037, 35.6739363 ] } },
{ "type": "Feature", "properties": { "内容": "グループホームふぁみりあ【認知症対応型共同生活介護】東京都三鷹市中原4丁目34番22号", "url": "https://www.kaigokensaku.mhlw.go.jp/13/index.php?action_kouhyou_detail_004_kani=true&JigyosyoCd=1393600174-00&ServiceCd=320&Type=search", "url2": "http://www.mitaka-fukushikai.jp/" }, "geometry": { "type": "Point", "coordinates": [ 139.565073200000029, 35.6676288 ] } },
{ "type": "Feature", "properties": { "内容": "もえぎ三鷹上連雀【認知症対応型共同生活介護】東京都三鷹市上連雀５－２８－３", "url": "https://www.kaigokensaku.mhlw.go.jp/13/index.php?action_kouhyou_detail_004_kani=true&JigyosyoCd=1373600822-00&ServiceCd=320&Type=search", "url2": "https://bien-moegi.jp/" }, "geometry": { "type": "Point", "coordinates": [ 139.551495599999953, 35.6976278 ] } },
{ "type": "Feature", "properties": { "内容": "ニチイケアセンター下連雀【認知症対応型共同生活介護】東京都三鷹市下連雀四丁目21番20号", "url": "https://www.kaigokensaku.mhlw.go.jp/13/index.php?action_kouhyou_detail_004_kani=true&JigyosyoCd=1393600083-00&ServiceCd=320&Type=search", "url2": "http://www.nichiigakkan.co.jp" }, "geometry": { "type": "Point", "coordinates": [ 139.56030869999995, 35.6975808 ] } },
{ "type": "Feature", "properties": { "内容": "セントケアホーム三鷹新川【認知症対応型共同生活介護】東京都三鷹市新川6-4-30", "url": "https://www.kaigokensaku.mhlw.go.jp/13/index.php?action_kouhyou_detail_004_kani=true&JigyosyoCd=1393600109-00&ServiceCd=320&Type=search", "url2": null }, "geometry": { "type": "Point", "coordinates": [ 139.569616700000012, 35.6820911 ] } },
{ "type": "Feature", "properties": { "内容": "ぐるーぷほーむ　むれの里【認知症対応型共同生活介護】東京都三鷹市牟礼５－１２－２８", "url": "https://www.kaigokensaku.mhlw.go.jp/13/index.php?action_kouhyou_detail_004_kani=true&JigyosyoCd=1393600125-00&ServiceCd=320&Type=search", "url2": "http://care-net.biz/13/konawinds" }, "geometry": { "type": "Point", "coordinates": [ 139.577624199999946, 35.6849464 ] } },
{ "type": "Feature", "properties": { "内容": "グループホーム　たのしい家三鷹牟礼【認知症対応型共同生活介護】東京都三鷹市牟礼1-11-22", "url": "https://www.kaigokensaku.mhlw.go.jp/13/index.php?action_kouhyou_detail_004_kani=true&JigyosyoCd=1393600141-00&ServiceCd=320&Type=search", "url2": "http://care21.co.jp" }, "geometry": { "type": "Point", "coordinates": [ 139.5887649, 35.6828805 ] } },
{ "type": "Feature", "properties": { "内容": "花物語みたか【認知症対応型共同生活介護】東京都三鷹市上連雀8-13-24", "url": "https://www.kaigokensaku.mhlw.go.jp/13/index.php?action_kouhyou_detail_004_kani=true&JigyosyoCd=1393600265-00&ServiceCd=320&Type=search", "url2": null }, "geometry": { "type": "Point", "coordinates": [ 139.555465261490184, 35.685722904551682 ] } },
{ "type": "Feature", "properties": { "内容": "地域ケアサポート館　福わ家・グループホーム【認知症対応型共同生活介護】東京都青梅市藤橋２－６１４－６", "url": "https://www.kaigokensaku.mhlw.go.jp/13/index.php?action_kouhyou_detail_004_kani=true&JigyosyoCd=1392800080-00&ServiceCd=320&Type=search", "url2": "http://www.kokohiro.jp/" }, "geometry": { "type": "Point", "coordinates": [ 139.301238, 35.7997618 ] } },
{ "type": "Feature", "properties": { "内容": "グループホームはぴねす若草【認知症対応型共同生活介護】東京都青梅市河辺町6-20-2", "url": "https://www.kaigokensaku.mhlw.go.jp/13/index.php?action_kouhyou_detail_004_kani=true&JigyosyoCd=1372800837-00&ServiceCd=320&Type=search", "url2": "http://www.hpns21.com" }, "geometry": { "type": "Point", "coordinates": [ 139.2922807, 35.7785928 ] } },
{ "type": "Feature", "properties": { "内容": "グループホーム　はぴねす　新田山【認知症対応型共同生活介護】東京都青梅市新町７丁目２８の３", "url": "https://www.kaigokensaku.mhlw.go.jp/13/index.php?action_kouhyou_detail_004_kani=true&JigyosyoCd=1372800845-00&ServiceCd=320&Type=search", "url2": "http://hpns21.com" }, "geometry": { "type": "Point", "coordinates": [ 139.31544, 35.7855723 ] } },
{ "type": "Feature", "properties": { "内容": "グループホーム　ひだまりの家【認知症対応型共同生活介護】東京都青梅市滝ノ上1225－3", "url": "https://www.kaigokensaku.mhlw.go.jp/13/index.php?action_kouhyou_detail_004_kani=true&JigyosyoCd=1392800031-00&ServiceCd=320&Type=search", "url2": "http://ktmhp.com./hp/hidamari" }, "geometry": { "type": "Point", "coordinates": [ 139.253568200000018, 35.7890367 ] } },
{ "type": "Feature", "properties": { "内容": "グループホーム　ともだ【認知症対応型共同生活介護】東京都青梅市友田町３丁目９４番地９", "url": "https://www.kaigokensaku.mhlw.go.jp/13/index.php?action_kouhyou_detail_004_kani=true&JigyosyoCd=1392800072-00&ServiceCd=320&Type=search", "url2": "http://www.eikounomori.or.jp" }, "geometry": { "type": "Point", "coordinates": [ 139.28837610000005, 35.7726369 ] } },
{ "type": "Feature", "properties": { "内容": "グループホームみんなんち【認知症対応型共同生活介護】東京都青梅市天ヶ瀬町９４８", "url": "https://www.kaigokensaku.mhlw.go.jp/13/index.php?action_kouhyou_detail_004_kani=true&JigyosyoCd=1392800114-00&ServiceCd=320&Type=search", "url2": "http://www3.hp-ez.com/hp/minnanchi" }, "geometry": { "type": "Point", "coordinates": [ 139.246092099722318, 35.788301103052703 ] } },
{ "type": "Feature", "properties": { "内容": "グループホームみんなんち第２【認知症対応型共同生活介護】東京都青梅市長淵８丁目７１番", "url": "https://www.kaigokensaku.mhlw.go.jp/13/index.php?action_kouhyou_detail_004_kani=true&JigyosyoCd=1392800130-00&ServiceCd=320&Type=search", "url2": "https://www4.hp-ez.com/hp/minnanchi2/page7" }, "geometry": { "type": "Point", "coordinates": [ 139.257533299999977, 35.77429320000001 ] } },
{ "type": "Feature", "properties": { "内容": "グループホームえがおの家西府【認知症対応型共同生活介護】東京都府中市西府3-11-2", "url": "https://www.kaigokensaku.mhlw.go.jp/13/index.php?action_kouhyou_detail_004_kani=true&JigyosyoCd=1393800246-00&ServiceCd=320&Type=search", "url2": "http://3fuku.com" }, "geometry": { "type": "Point", "coordinates": [ 139.458538040980159, 35.67674419376516 ] } },
{ "type": "Feature", "properties": { "内容": "グループホーム　たのしい家武蔵府中【認知症対応型共同生活介護】東京都府中市分梅町5－30－1", "url": "https://www.kaigokensaku.mhlw.go.jp/13/index.php?action_kouhyou_detail_004_kani=true&JigyosyoCd=1393800030-00&ServiceCd=320&Type=search", "url2": "https://www.tanoshii-ie.jp/" }, "geometry": { "type": "Point", "coordinates": [ 139.464976799999931, 35.6613713 ] } },
{ "type": "Feature", "properties": { "内容": "ニチイケアセンター西府【認知症対応型共同生活介護】東京都府中市本宿町1-24-6", "url": "https://www.kaigokensaku.mhlw.go.jp/13/index.php?action_kouhyou_detail_004_kani=true&JigyosyoCd=1393800113-00&ServiceCd=320&Type=search", "url2": "http://www.nichiｉgakkan.co.jp" }, "geometry": { "type": "Point", "coordinates": [ 139.461685, 35.6706533 ] } },
{ "type": "Feature", "properties": { "内容": "生活協同組合パルシステム東京　グループホーム「府中陽だまり」【認知症対応型共同生活介護】東京都府中市幸町2-13-29", "url": "https://www.kaigokensaku.mhlw.go.jp/13/index.php?action_kouhyou_detail_004_kani=true&JigyosyoCd=1393800212-00&ServiceCd=320&Type=search", "url2": "http://www.palsystem-tokyo.coop" }, "geometry": { "type": "Point", "coordinates": [ 139.4848938, 35.678442 ] } },
{ "type": "Feature", "properties": { "内容": "グループホーム　みんなの家・府中【認知症対応型共同生活介護】東京都府中市四谷2-75-2", "url": "https://www.kaigokensaku.mhlw.go.jp/13/index.php?action_kouhyou_detail_004_kani=true&JigyosyoCd=1373801453-00&ServiceCd=320&Type=search", "url2": null }, "geometry": { "type": "Point", "coordinates": [ 139.44587249999995, 35.665073 ] } },
{ "type": "Feature", "properties": { "内容": "ヒューマンライフケア府中グループホーム【認知症対応型共同生活介護】東京都府中市栄町3-12-1メディカルビル・グレイス2.3F", "url": "https://www.kaigokensaku.mhlw.go.jp/13/index.php?action_kouhyou_detail_004_kani=true&JigyosyoCd=1393800162-00&ServiceCd=320&Type=search", "url2": "https://kaigo.human-lifecare.jp/facilities/gh004_FuchuGH/summary.html" }, "geometry": { "type": "Point", "coordinates": [ 139.469527870114121, 35.687659928104509 ] } },
{ "type": "Feature", "properties": { "内容": "グループホームこもれび家族【認知症対応型共同生活介護】東京都府中市是政２丁目１９番地１号", "url": "https://www.kaigokensaku.mhlw.go.jp/13/index.php?action_kouhyou_detail_004_kani=true&JigyosyoCd=1393800022-00&ServiceCd=320&Type=search", "url2": "http://komorebi-f.com/fuchu" }, "geometry": { "type": "Point", "coordinates": [ 139.494541, 35.6608252 ] } },
{ "type": "Feature", "properties": { "内容": "グループホームよつや正吉苑【認知症対応型共同生活介護】東京都府中市四谷4-46-8", "url": "https://www.kaigokensaku.mhlw.go.jp/13/index.php?action_kouhyou_detail_004_kani=true&JigyosyoCd=1393800097-00&ServiceCd=320&Type=search", "url2": "http://shoukichi.org/yotsuya-s/index.html" }, "geometry": { "type": "Point", "coordinates": [ 139.440539400000034, 35.6679002 ] } },
{ "type": "Feature", "properties": { "内容": "ぐるーぷほーむ白糸台【認知症対応型共同生活介護】東京都府中市白糸台２－１２－３", "url": "https://www.kaigokensaku.mhlw.go.jp/13/index.php?action_kouhyou_detail_004_kani=true&JigyosyoCd=1393800139-00&ServiceCd=320&Type=search", "url2": "http://care-net.biz/13/konawinds/" }, "geometry": { "type": "Point", "coordinates": [ 139.512246960713128, 35.667200819005274 ] } },
{ "type": "Feature", "properties": { "内容": "グループホーム　みんなの家・府中南町【認知症対応型共同生活介護】東京都府中市南町2-39-3グループホーム　みんなの家　府中南町", "url": "https://www.kaigokensaku.mhlw.go.jp/13/index.php?action_kouhyou_detail_004_kani=true&JigyosyoCd=1393800261-00&ServiceCd=320&Type=search", "url2": null }, "geometry": { "type": "Point", "coordinates": [ 139.468820225794985, 35.659262885623164 ] } },
{ "type": "Feature", "properties": { "内容": "はなまるホーム紅葉丘【認知症対応型共同生活介護】東京都府中市紅葉丘1-10-88", "url": "https://www.kaigokensaku.mhlw.go.jp/13/index.php?action_kouhyou_detail_004_kani=true&JigyosyoCd=1393800303-00&ServiceCd=320&Type=search", "url2": "https://www.aiseifukushi.jp/grouphome-momijigaoka/" }, "geometry": { "type": "Point", "coordinates": [ 139.5094482, 35.6753816 ] } },
{ "type": "Feature", "properties": { "内容": "セントケアホーム府中新町【認知症対応型共同生活介護】東京都府中市新町1-48-1", "url": "https://www.kaigokensaku.mhlw.go.jp/13/index.php?action_kouhyou_detail_004_kani=true&JigyosyoCd=1393800386-00&ServiceCd=320&Type=search", "url2": "https://facility.saint-care.com/detail/ST060/" }, "geometry": { "type": "Point", "coordinates": [ 139.488537722090115, 35.6865818870276 ] } },
{ "type": "Feature", "properties": { "内容": "グループホームきらら府中中河原【認知症対応型共同生活介護】東京都府中市住吉町3－43－4", "url": "https://www.kaigokensaku.mhlw.go.jp/13/index.php?action_kouhyou_detail_004_kani=true&JigyosyoCd=1393800444-00&ServiceCd=320&Type=search", "url2": "https://www.starts-care.jp" }, "geometry": { "type": "Point", "coordinates": [ 139.456724900000012, 35.6622788 ] } },
{ "type": "Feature", "properties": { "内容": "グループホームこでまりの苑【認知症対応型共同生活介護】東京都昭島市美堀町２－１４－２５", "url": "https://www.kaigokensaku.mhlw.go.jp/13/index.php?action_kouhyou_detail_004_kani=true&JigyosyoCd=1374000386-00&ServiceCd=320&Type=search", "url2": "http://yurikagokai.com/contact" }, "geometry": { "type": "Point", "coordinates": [ 139.359603306745925, 35.723410173884936 ] } },
{ "type": "Feature", "properties": { "内容": "花物語あきしま【認知症対応型共同生活介護】東京都昭島市朝日町4-11-9", "url": "https://www.kaigokensaku.mhlw.go.jp/13/index.php?action_kouhyou_detail_004_kani=true&JigyosyoCd=1394000127-00&ServiceCd=320&Type=search", "url2": "https://jala.co.jp/" }, "geometry": { "type": "Point", "coordinates": [ 139.356748399999987, 35.7019529 ] } },
{ "type": "Feature", "properties": { "内容": "グループホームかえで【認知症対応型共同生活介護】東京都昭島市中神町1260昭和郷高齢者複合施設", "url": "https://www.kaigokensaku.mhlw.go.jp/13/index.php?action_kouhyou_detail_004_kani=true&JigyosyoCd=1394000051-00&ServiceCd=320&Type=search", "url2": "https://syouwagou.jp/officelist/kaede" }, "geometry": { "type": "Point", "coordinates": [ 139.381319142189, 35.709599636003979 ] } },
{ "type": "Feature", "properties": { "内容": "認知症対応型共同生活介護　いーまーる昭島【認知症対応型共同生活介護】東京都昭島市大神町4-5-11", "url": "https://www.kaigokensaku.mhlw.go.jp/13/index.php?action_kouhyou_detail_004_kani=true&JigyosyoCd=1394000101-00&ServiceCd=320&Type=search", "url2": "https://lserve.co.jp/" }, "geometry": { "type": "Point", "coordinates": [ 139.3602185, 35.6991309 ] } },
{ "type": "Feature", "properties": { "内容": "グループホームやまぶきの苑【認知症対応型共同生活介護】東京都昭島市松原町2-5-5", "url": "https://www.kaigokensaku.mhlw.go.jp/13/index.php?action_kouhyou_detail_004_kani=true&JigyosyoCd=1374000519-00&ServiceCd=320&Type=search", "url2": "https://yurikagokai.com" }, "geometry": { "type": "Point", "coordinates": [ 139.3513811, 35.7139552 ] } },
{ "type": "Feature", "properties": { "内容": "グループホーム　ドリームライフ【認知症対応型共同生活介護】東京都調布市東つつじヶ丘二丁目２７ー５", "url": "https://www.kaigokensaku.mhlw.go.jp/13/index.php?action_kouhyou_detail_004_kani=true&JigyosyoCd=1394200081-00&ServiceCd=320&Type=search", "url2": "http://community-house-group.com" }, "geometry": { "type": "Point", "coordinates": [ 139.5753087, 35.6581118 ] } },
{ "type": "Feature", "properties": { "内容": "医療法人社団心身会　複合介護施設愉楽　グループホームゆらく【認知症対応型共同生活介護】東京都調布市布田六丁目51番地1", "url": "https://www.kaigokensaku.mhlw.go.jp/13/index.php?action_kouhyou_detail_004_kani=true&JigyosyoCd=1394200065-00&ServiceCd=320&Type=search", "url2": "http://www.shinshinkai.com" }, "geometry": { "type": "Point", "coordinates": [ 139.5485794, 35.6459847 ] } },
{ "type": "Feature", "properties": { "内容": "至誠ホーム調布若葉ケアセンター　グループホーム【認知症対応型共同生活介護】東京都調布市若葉町3-1-5", "url": "https://www.kaigokensaku.mhlw.go.jp/13/index.php?action_kouhyou_detail_004_kani=true&JigyosyoCd=1394200107-00&ServiceCd=320&Type=search", "url2": "http://www.shisei.or.jp/" }, "geometry": { "type": "Point", "coordinates": [ 139.5821168, 35.6552862 ] } },
{ "type": "Feature", "properties": { "内容": "医療法人社団心身会　グループホームさくらさくら【認知症対応型共同生活介護】東京都調布市布田3-25-4", "url": "https://www.kaigokensaku.mhlw.go.jp/13/index.php?action_kouhyou_detail_004_kani=true&JigyosyoCd=1374200648-00&ServiceCd=320&Type=search", "url2": "http://www.shinshinkai.com" }, "geometry": { "type": "Point", "coordinates": [ 139.548582, 35.6473373 ] } },
{ "type": "Feature", "properties": { "内容": "グループホームこぶしの花深大寺【認知症対応型共同生活介護】東京都調布市深大寺東町１－９－４", "url": "https://www.kaigokensaku.mhlw.go.jp/13/index.php?action_kouhyou_detail_004_kani=true&JigyosyoCd=1374201471-00&ServiceCd=320&Type=search", "url2": null }, "geometry": { "type": "Point", "coordinates": [ 139.55835419999994, 35.6686008 ] } },
{ "type": "Feature", "properties": { "内容": "愛の家グループホーム調布国領町【認知症対応型共同生活介護】東京都調布市国領町７－５７－１", "url": "https://www.kaigokensaku.mhlw.go.jp/13/index.php?action_kouhyou_detail_004_kani=true&JigyosyoCd=1394200099-00&ServiceCd=320&Type=search", "url2": "http://www.mcsg.co.jp/" }, "geometry": { "type": "Point", "coordinates": [ 139.561839299999974, 35.6437101 ] } },
{ "type": "Feature", "properties": { "内容": "木下の介護グループホーム調布【認知症対応型共同生活介護】東京都調布市柴崎２－３１－１", "url": "https://www.kaigokensaku.mhlw.go.jp/13/index.php?action_kouhyou_detail_004_kani=true&JigyosyoCd=1394200172-00&ServiceCd=320&Type=search", "url2": "http://www.kinoshita-kaigo.co.jp/facilities/state/tokyo/chofu.html" }, "geometry": { "type": "Point", "coordinates": [ 139.562645800000041, 35.664968100000017 ] } },
{ "type": "Feature", "properties": { "内容": "グループホーム　たのしい家調布下石原【認知症対応型共同生活介護】東京都調布市下石原2-54-1", "url": "https://www.kaigokensaku.mhlw.go.jp/13/index.php?action_kouhyou_detail_004_kani=true&JigyosyoCd=1394200198-00&ServiceCd=320&Type=search", "url2": "https://www.tanoshii-ie.jp/single018/" }, "geometry": { "type": "Point", "coordinates": [ 139.5372221, 35.6538956 ] } },
{ "type": "Feature", "properties": { "内容": "グループホームきらら調布【認知症対応型共同生活介護】東京都調布市上石原2-7-18グループホームきらら調布", "url": "https://www.kaigokensaku.mhlw.go.jp/13/index.php?action_kouhyou_detail_004_kani=true&JigyosyoCd=1394200214-00&ServiceCd=320&Type=search", "url2": "http://www.starts-care.jp/about/" }, "geometry": { "type": "Point", "coordinates": [ 139.527606600000013, 35.656897 ] } },
{ "type": "Feature", "properties": { "内容": "花物語ちょうふ【認知症対応型共同生活介護】東京都調布市深大寺東町3-32-5", "url": "https://www.kaigokensaku.mhlw.go.jp/13/index.php?action_kouhyou_detail_004_kani=true&JigyosyoCd=1394200305-00&ServiceCd=320&Type=search", "url2": "http://jala.co.jp" }, "geometry": { "type": "Point", "coordinates": [ 139.5635225, 35.6704745 ] } },
{ "type": "Feature", "properties": { "内容": "木曽東グループホーム圓【認知症対応型共同生活介護】東京都町田市木曽東1-37-36", "url": "https://www.kaigokensaku.mhlw.go.jp/13/index.php?action_kouhyou_detail_004_kani=true&JigyosyoCd=1393200421-00&ServiceCd=320&Type=search", "url2": "http://ccnaruse.com/" }, "geometry": { "type": "Point", "coordinates": [ 139.425633299999959, 35.5585962 ] } },
{ "type": "Feature", "properties": { "内容": "社会福祉法人賛育会　丘の家清風【認知症対応型共同生活介護】東京都町田市金井7-17-13", "url": "https://www.kaigokensaku.mhlw.go.jp/13/index.php?action_kouhyou_detail_004_kani=true&JigyosyoCd=1373201126-00&ServiceCd=320&Type=search", "url2": "http://www.san-ikukai.or.jp/seifu-en" }, "geometry": { "type": "Point", "coordinates": [ 139.461443700000018, 35.5742151 ] } },
{ "type": "Feature", "properties": { "内容": "グループホームあおぞら【認知症対応型共同生活介護】東京都町田南町田三丁目43番1号", "url": "https://www.kaigokensaku.mhlw.go.jp/13/index.php?action_kouhyou_detail_004_kani=true&JigyosyoCd=1373201316-00&ServiceCd=320&Type=search", "url2": "http://www.fuyou.or.jp" }, "geometry": { "type": "Point", "coordinates": [ 139.471900900000037, 35.5159654 ] } },
{ "type": "Feature", "properties": { "内容": "グループホーム　ぬくもりの園【認知症対応型共同生活介護】東京都町田市下小山田町２７２９番地２", "url": "https://www.kaigokensaku.mhlw.go.jp/13/index.php?action_kouhyou_detail_004_kani=true&JigyosyoCd=1373201167-00&ServiceCd=320&Type=search", "url2": "http://www.kashokai.com/" }, "geometry": { "type": "Point", "coordinates": [ 139.407981100000029, 35.593375 ] } },
{ "type": "Feature", "properties": { "内容": "高齢者グループホーム光の園町田【認知症対応型共同生活介護】東京都町田市真光寺町１１７２番地", "url": "https://www.kaigokensaku.mhlw.go.jp/13/index.php?action_kouhyou_detail_004_kani=true&JigyosyoCd=1373201183-00&ServiceCd=320&Type=search", "url2": "http://www.machida-shinkokai.com" }, "geometry": { "type": "Point", "coordinates": [ 139.459866309786946, 35.601941968451897 ] } },
{ "type": "Feature", "properties": { "内容": "老人グループホーム陽だまりの家町田【認知症対応型共同生活介護】東京都町田市真光寺町３２７－３", "url": "https://www.kaigokensaku.mhlw.go.jp/13/index.php?action_kouhyou_detail_004_kani=true&JigyosyoCd=1373200987-00&ServiceCd=320&Type=search", "url2": "https://www.hidamarinoie-machida.com/" }, "geometry": { "type": "Point", "coordinates": [ 139.461631799999964, 35.606381 ] } },
{ "type": "Feature", "properties": { "内容": "グループホーム秋田高城【認知症対応型共同生活介護】東京都町田市根岸二丁目３２番地１６", "url": "https://www.kaigokensaku.mhlw.go.jp/13/index.php?action_kouhyou_detail_004_kani=true&JigyosyoCd=1393200074-00&ServiceCd=320&Type=search", "url2": "http://www.kyusei.or.jp/akitatakasiro/index.html" }, "geometry": { "type": "Point", "coordinates": [ 139.4161004, 35.5739887 ] } },
{ "type": "Feature", "properties": { "内容": "グループホーム悠々園【認知症対応型共同生活介護】東京都町田市本町田2026番2", "url": "https://www.kaigokensaku.mhlw.go.jp/13/index.php?action_kouhyou_detail_004_kani=true&JigyosyoCd=1393200090-00&ServiceCd=320&Type=search", "url2": "http://www.yuyuen.com" }, "geometry": { "type": "Point", "coordinates": [ 139.43518789999996, 35.5627487 ] } },
{ "type": "Feature", "properties": { "内容": "グループホーム悠々園II【認知症対応型共同生活介護】東京都町田市本町田2026番8", "url": "https://www.kaigokensaku.mhlw.go.jp/13/index.php?action_kouhyou_detail_004_kani=true&JigyosyoCd=1393200124-00&ServiceCd=320&Type=search", "url2": "http://gh-yuyuen.com" }, "geometry": { "type": "Point", "coordinates": [ 139.43526010000005, 35.5624765 ] } },
{ "type": "Feature", "properties": { "内容": "花物語　まちだ【認知症対応型共同生活介護】東京都町田市山崎町１２３０－２", "url": "https://www.kaigokensaku.mhlw.go.jp/13/index.php?action_kouhyou_detail_004_kani=true&JigyosyoCd=1393200140-00&ServiceCd=320&Type=search", "url2": "http://www.hana-kaigo.com" }, "geometry": { "type": "Point", "coordinates": [ 139.43878159999997, 35.575203 ] } },
{ "type": "Feature", "properties": { "内容": "グループホームなかまち【認知症対応型共同生活介護】東京都町田市中町１－２８－２０", "url": "https://www.kaigokensaku.mhlw.go.jp/13/index.php?action_kouhyou_detail_004_kani=true&JigyosyoCd=1393200165-00&ServiceCd=320&Type=search", "url2": null }, "geometry": { "type": "Point", "coordinates": [ 139.447271950926279, 35.549762964548854 ] } },
{ "type": "Feature", "properties": { "内容": "いこいの郷　花梨・成瀬【認知症対応型共同生活介護】東京都町田市成瀬6-15-23", "url": "https://www.kaigokensaku.mhlw.go.jp/13/index.php?action_kouhyou_detail_004_kani=true&JigyosyoCd=1393200173-00&ServiceCd=320&Type=search", "url2": "http://www.eijyukai-karin.com/" }, "geometry": { "type": "Point", "coordinates": [ 139.481758300000024, 35.537398299999985 ] } },
{ "type": "Feature", "properties": { "内容": "高齢者グループホーム光の園おおくら【認知症対応型共同生活介護】東京都町田市大蔵町２５７－１", "url": "https://www.kaigokensaku.mhlw.go.jp/13/index.php?action_kouhyou_detail_004_kani=true&JigyosyoCd=1393200207-00&ServiceCd=320&Type=search", "url2": "http://www.machida-shinkokai.com" }, "geometry": { "type": "Point", "coordinates": [ 139.469701399999963, 35.5854452 ] } },
{ "type": "Feature", "properties": { "内容": "花物語まちだ南【認知症対応型共同生活介護】東京都町田市鶴間6-18-40花物語まちだ南", "url": "https://www.kaigokensaku.mhlw.go.jp/13/index.php?action_kouhyou_detail_004_kani=true&JigyosyoCd=1393200223-00&ServiceCd=320&Type=search", "url2": "http://www.hana-kaigo.com/" }, "geometry": { "type": "Point", "coordinates": [ 139.4743373, 35.5034735 ] } },
{ "type": "Feature", "properties": { "内容": "愛の家グループホーム町田相原【認知症対応型共同生活介護】東京都町田市相原町２８３８", "url": "https://www.kaigokensaku.mhlw.go.jp/13/index.php?action_kouhyou_detail_004_kani=true&JigyosyoCd=1393200272-00&ServiceCd=320&Type=search", "url2": "http://www.mcsg.co.jp/" }, "geometry": { "type": "Point", "coordinates": [ 139.311928200000011, 35.6050821 ] } },
{ "type": "Feature", "properties": { "内容": "グループホームレガメ高ヶ坂【認知症対応型共同生活介護】東京都町田市高ヶ坂2-31-18", "url": "https://www.kaigokensaku.mhlw.go.jp/13/index.php?action_kouhyou_detail_004_kani=true&JigyosyoCd=1393200306-00&ServiceCd=320&Type=search", "url2": "http://taiseikai-web.com/" }, "geometry": { "type": "Point", "coordinates": [ 139.45682823002474, 35.542102454160805 ] } },
{ "type": "Feature", "properties": { "内容": "優っくりグループホーム町田森野【認知症対応型共同生活介護】東京都町田市森野4-7-13優っくり村町田森野", "url": "https://www.kaigokensaku.mhlw.go.jp/13/index.php?action_kouhyou_detail_004_kani=true&JigyosyoCd=1393200314-00&ServiceCd=320&Type=search", "url2": "https://www.foryou.or.jp/corp3/machidagrouphome/" }, "geometry": { "type": "Point", "coordinates": [ 139.431913399999985, 35.5551162 ] } },
{ "type": "Feature", "properties": { "内容": "花物語まちだナーシング【認知症対応型共同生活介護】東京都町田市野津田町697-2", "url": "https://www.kaigokensaku.mhlw.go.jp/13/index.php?action_kouhyou_detail_004_kani=true&JigyosyoCd=1393200355-00&ServiceCd=320&Type=search", "url2": "http://machida-ns@hana-kaigo.com" }, "geometry": { "type": "Point", "coordinates": [ 139.446571299999988, 35.5869648 ] } },
{ "type": "Feature", "properties": { "内容": "木下の介護グループホーム町田【認知症対応型共同生活介護】東京都町田市高ヶ坂４－１０－７", "url": "https://www.kaigokensaku.mhlw.go.jp/13/index.php?action_kouhyou_detail_004_kani=true&JigyosyoCd=1393200413-00&ServiceCd=320&Type=search", "url2": "https://www.kinoshita-kaigo.co.jp/facility/group_home/group-home_machida.html" }, "geometry": { "type": "Point", "coordinates": [ 139.464116800000056, 35.547043 ] } },
{ "type": "Feature", "properties": { "内容": "グループホームレガメ南大谷【認知症対応型共同生活介護】東京都町田市南大谷2-23-7", "url": "https://www.kaigokensaku.mhlw.go.jp/13/index.php?action_kouhyou_detail_004_kani=true&JigyosyoCd=1393200439-00&ServiceCd=320&Type=search", "url2": "http://www.taiseikai-web.com" }, "geometry": { "type": "Point", "coordinates": [ 139.45806352767795, 35.552362213409346 ] } },
{ "type": "Feature", "properties": { "内容": "愛の家グループホーム町田南成瀬【認知症対応型共同生活介護】東京都町田市南成瀬5-5-1愛の家グループホーム町田南成瀬", "url": "https://www.kaigokensaku.mhlw.go.jp/13/index.php?action_kouhyou_detail_004_kani=true&JigyosyoCd=1393200462-00&ServiceCd=320&Type=search", "url2": "https://mcs-ainoie.com/gh273.html" }, "geometry": { "type": "Point", "coordinates": [ 139.475091900000052, 35.5359868 ] } },
{ "type": "Feature", "properties": { "内容": "いこいの郷　花梨・南大谷【認知症対応型共同生活介護】東京都町田市南大谷3-41-2", "url": "https://www.kaigokensaku.mhlw.go.jp/13/index.php?action_kouhyou_detail_004_kani=true&JigyosyoCd=1393200579-00&ServiceCd=320&Type=search", "url2": "https://www.eijyukai-karin.com/" }, "geometry": { "type": "Point", "coordinates": [ 139.45292534161203, 35.555866100025483 ] } },
{ "type": "Feature", "properties": { "内容": "グループホーム小山ヶ丘【認知症対応型共同生活介護】東京都町田市小山町1570-1", "url": "https://www.kaigokensaku.mhlw.go.jp/13/index.php?action_kouhyou_detail_004_kani=true&JigyosyoCd=1393200595-00&ServiceCd=320&Type=search", "url2": null }, "geometry": { "type": "Point", "coordinates": [ 138.987328900000023, 35.3601103 ] } },
{ "type": "Feature", "properties": { "内容": "ミモザ町田成瀬台【認知症対応型共同生活介護】東京都町田市成瀬台2-19-15", "url": "https://www.kaigokensaku.mhlw.go.jp/13/index.php?action_kouhyou_detail_004_kani=true&JigyosyoCd=1393200637-00&ServiceCd=320&Type=search", "url2": "https://mimoza-care.com/facility/group-home/post-495/" }, "geometry": { "type": "Point", "coordinates": [ 139.479863406745949, 35.553910736218299 ] } },
{ "type": "Feature", "properties": { "内容": "グループホーム花水木【認知症対応型共同生活介護】東京都町田市鶴川3-16-15", "url": "https://www.kaigokensaku.mhlw.go.jp/13/index.php?action_kouhyou_detail_004_kani=true&JigyosyoCd=1373201233-00&ServiceCd=320&Type=search", "url2": null }, "geometry": { "type": "Point", "coordinates": [ 139.4654164, 35.5909305 ] } },
{ "type": "Feature", "properties": { "内容": "グループホーム杏の家【認知症対応型共同生活介護】東京都小金井市前原町5-3-24", "url": "https://www.kaigokensaku.mhlw.go.jp/13/index.php?action_kouhyou_detail_004_kani=true&JigyosyoCd=1374100392-00&ServiceCd=320&Type=search", "url2": "https://tenseikai.jp/koganei/offices-03.html" }, "geometry": { "type": "Point", "coordinates": [ 139.49787850000007, 35.6877274 ] } },
{ "type": "Feature", "properties": { "内容": "グループホームのがわ【認知症対応型共同生活介護】東京都小金井市東町2-31-3", "url": "https://www.kaigokensaku.mhlw.go.jp/13/index.php?action_kouhyou_detail_004_kani=true&JigyosyoCd=1394100208-00&ServiceCd=320&Type=search", "url2": "https://tcy.co.jp/service/nogawa/" }, "geometry": { "type": "Point", "coordinates": [ 139.530006100000037, 35.6978197 ] } },
{ "type": "Feature", "properties": { "内容": "グループホーム本町けやきの杜【認知症対応型共同生活介護】東京都小金井市本町4-7-1", "url": "https://www.kaigokensaku.mhlw.go.jp/13/index.php?action_kouhyou_detail_004_kani=true&JigyosyoCd=1394100240-00&ServiceCd=320&Type=search", "url2": "http://nanokakai.jp" }, "geometry": { "type": "Point", "coordinates": [ 139.501168639286846, 35.709377670723995 ] } },
{ "type": "Feature", "properties": { "内容": "グループホームうてな【認知症対応型共同生活介護】東京都小金井市本町５丁目３７番８号福祉NPOうてな", "url": "https://www.kaigokensaku.mhlw.go.jp/13/index.php?action_kouhyou_detail_004_kani=true&JigyosyoCd=1394100059-00&ServiceCd=320&Type=search", "url2": null }, "geometry": { "type": "Point", "coordinates": [ 139.5043329, 35.7043394 ] } },
{ "type": "Feature", "properties": { "内容": "ミアヘルサ　きずなホーム小金井【認知症対応型共同生活介護】東京都小金井市東町1-45-17ミアヘルサ　きずなホーム小金井", "url": "https://www.kaigokensaku.mhlw.go.jp/13/index.php?action_kouhyou_detail_004_kani=true&JigyosyoCd=1394100091-00&ServiceCd=320&Type=search", "url2": "http://www.merhalsa.jp" }, "geometry": { "type": "Point", "coordinates": [ 139.530744, 35.6945321 ] } },
{ "type": "Feature", "properties": { "内容": "花物語こがねいナーシング【認知症対応型共同生活介護】東京都小金井市貫井北町2-6-25", "url": "https://www.kaigokensaku.mhlw.go.jp/13/index.php?action_kouhyou_detail_004_kani=true&JigyosyoCd=1394100141-00&ServiceCd=320&Type=search", "url2": "http://www.hana-kaigo.com/gh/koganei-ns/" }, "geometry": { "type": "Point", "coordinates": [ 139.497327899999959, 35.705600200000021 ] } },
{ "type": "Feature", "properties": { "内容": "グループホームのがわ　弐番館【認知症対応型共同生活介護】東京都小金井市梶野町1-3-6", "url": "https://www.kaigokensaku.mhlw.go.jp/13/index.php?action_kouhyou_detail_004_kani=true&JigyosyoCd=1394100273-00&ServiceCd=320&Type=search", "url2": "https://tcy-nogawa.com/" }, "geometry": { "type": "Point", "coordinates": [ 139.5284844, 35.7026207 ] } },
{ "type": "Feature", "properties": { "内容": "花物語こだいら【認知症対応型共同生活介護】東京都小平市津田町3-4-22", "url": "https://www.kaigokensaku.mhlw.go.jp/13/index.php?action_kouhyou_detail_004_kani=true&JigyosyoCd=1394300360-00&ServiceCd=320&Type=search", "url2": "https://jala.co.jp/facility/kodaira/" }, "geometry": { "type": "Point", "coordinates": [ 139.4710321, 35.7202274 ] } },
{ "type": "Feature", "properties": { "内容": "高齢者グループホーム健成苑はなこがねい【認知症対応型共同生活介護】東京都小平市花小金井６－２０－１健成苑はなこがねい", "url": "https://www.kaigokensaku.mhlw.go.jp/13/index.php?action_kouhyou_detail_004_kani=true&JigyosyoCd=1394300147-00&ServiceCd=320&Type=search", "url2": "http://www.kenseien.org" }, "geometry": { "type": "Point", "coordinates": [ 139.510473715344233, 35.730358139272425 ] } },
{ "type": "Feature", "properties": { "内容": "花物語つつじ【認知症対応型共同生活介護】東京都小平市小川町1-1063花物語つつじ", "url": "https://www.kaigokensaku.mhlw.go.jp/13/index.php?action_kouhyou_detail_004_kani=true&JigyosyoCd=1394300444-00&ServiceCd=320&Type=search", "url2": "http://jala.co.jp" }, "geometry": { "type": "Point", "coordinates": [ 139.4619114, 35.7295887 ] } },
{ "type": "Feature", "properties": { "内容": "グループホーム宝寿【認知症対応型共同生活介護】東京都小平市大沼町３－１３－１９", "url": "https://www.kaigokensaku.mhlw.go.jp/13/index.php?action_kouhyou_detail_004_kani=true&JigyosyoCd=1374301214-00&ServiceCd=320&Type=search", "url2": "http://www.riseikai.or.jp/houju/" }, "geometry": { "type": "Point", "coordinates": [ 139.496064899999965, 35.741271 ] } },
{ "type": "Feature", "properties": { "内容": "グループホームおがわ【認知症対応型共同生活介護】東京都小平市小川町1丁目113番8号グループホームおがわ", "url": "https://www.kaigokensaku.mhlw.go.jp/13/index.php?action_kouhyou_detail_004_kani=true&JigyosyoCd=1394300014-00&ServiceCd=320&Type=search", "url2": "http://gh-ogawa@moth.or.jp" }, "geometry": { "type": "Point", "coordinates": [ 139.4407622, 35.7331194 ] } },
{ "type": "Feature", "properties": { "内容": "グループホーム　こもれび家族・小平【認知症対応型共同生活介護】東京都小平市小川西町３－２９－１", "url": "https://www.kaigokensaku.mhlw.go.jp/13/index.php?action_kouhyou_detail_004_kani=true&JigyosyoCd=1394300048-00&ServiceCd=320&Type=search", "url2": "http://kodaira.komorebi-f.com" }, "geometry": { "type": "Point", "coordinates": [ 139.464056699999986, 35.7423144 ] } },
{ "type": "Feature", "properties": { "内容": "愛の家グループホーム小平仲町【認知症対応型共同生活介護】東京都小平市仲町３２７－１", "url": "https://www.kaigokensaku.mhlw.go.jp/13/index.php?action_kouhyou_detail_004_kani=true&JigyosyoCd=1394300063-00&ServiceCd=320&Type=search", "url2": "http://www.mcsg.co.jp" }, "geometry": { "type": "Point", "coordinates": [ 139.490838100000019, 35.7301471 ] } },
{ "type": "Feature", "properties": { "内容": "ニチイケアセンター鷹の台【認知症対応型共同生活介護】東京都小平市小川町１－９１５－２", "url": "https://www.kaigokensaku.mhlw.go.jp/13/index.php?action_kouhyou_detail_004_kani=true&JigyosyoCd=1394300105-00&ServiceCd=320&Type=search", "url2": "http://www.nichiigakkan.co.jp//" }, "geometry": { "type": "Point", "coordinates": [ 139.455174599999964, 35.7267269 ] } },
{ "type": "Feature", "properties": { "内容": "愛の家グループホーム小平上水南【認知症対応型共同生活介護】東京都小平市上水南町2-3-20", "url": "https://www.kaigokensaku.mhlw.go.jp/13/index.php?action_kouhyou_detail_004_kani=true&JigyosyoCd=1394300162-00&ServiceCd=320&Type=search", "url2": "http://www.mcsg.co.jp" }, "geometry": { "type": "Point", "coordinates": [ 139.4848614, 35.7124561 ] } },
{ "type": "Feature", "properties": { "内容": "高齢者グループホーム花鳥風月【認知症対応型共同生活介護】東京都小平市鈴木町2丁目231-1", "url": "https://www.kaigokensaku.mhlw.go.jp/13/index.php?action_kouhyou_detail_004_kani=true&JigyosyoCd=1394300238-00&ServiceCd=320&Type=search", "url2": null }, "geometry": { "type": "Point", "coordinates": [ 139.5037542, 35.7210319 ] } },
{ "type": "Feature", "properties": { "内容": "グループホーム　プラチナホーム小平【認知症対応型共同生活介護】東京都小平市小川町2-2025", "url": "https://www.kaigokensaku.mhlw.go.jp/13/index.php?action_kouhyou_detail_004_kani=true&JigyosyoCd=1394300303-00&ServiceCd=320&Type=search", "url2": "http://platinum-care.jp" }, "geometry": { "type": "Point", "coordinates": [ 139.4672321, 35.730451 ] } },
{ "type": "Feature", "properties": { "内容": "グループホームあすなろ【認知症対応型共同生活介護】東京都日野市百草1042-21", "url": "https://www.kaigokensaku.mhlw.go.jp/13/index.php?action_kouhyou_detail_004_kani=true&JigyosyoCd=1393500259-00&ServiceCd=320&Type=search", "url2": "https://mogusa-asunaro.jp/group" }, "geometry": { "type": "Point", "coordinates": [ 139.424810241733553, 35.646929901276565 ] } },
{ "type": "Feature", "properties": { "内容": "グループホームにんじん・万願寺【認知症対応型共同生活介護】東京都日野市万願寺6-22-6", "url": "https://www.kaigokensaku.mhlw.go.jp/13/index.php?action_kouhyou_detail_004_kani=true&JigyosyoCd=1393500077-00&ServiceCd=320&Type=search", "url2": "http://www.ninjin.or.jp" }, "geometry": { "type": "Point", "coordinates": [ 139.4086307, 35.6664994 ] } },
{ "type": "Feature", "properties": { "内容": "グループホームぷあそん【認知症対応型共同生活介護】東京都日野市西平山３丁目２番地の４", "url": "https://www.kaigokensaku.mhlw.go.jp/13/index.php?action_kouhyou_detail_004_kani=true&JigyosyoCd=1373501087-00&ServiceCd=320&Type=search", "url2": "http://www.puason.org" }, "geometry": { "type": "Point", "coordinates": [ 139.369123899999977, 35.6468068 ] } },
{ "type": "Feature", "properties": { "内容": "グループホームたまだいら【認知症対応型共同生活介護】東京都日野市多摩平二丁目１３－１４", "url": "https://www.kaigokensaku.mhlw.go.jp/13/index.php?action_kouhyou_detail_004_kani=true&JigyosyoCd=1373501327-00&ServiceCd=320&Type=search", "url2": "http://www.moth.or.jp/" }, "geometry": { "type": "Point", "coordinates": [ 139.38228330000004, 35.6620105 ] } },
{ "type": "Feature", "properties": { "内容": "愛の家グループホーム日野万願寺【認知症対応型共同生活介護】東京都日野市万願寺3-44-2", "url": "https://www.kaigokensaku.mhlw.go.jp/13/index.php?action_kouhyou_detail_004_kani=true&JigyosyoCd=1393500101-00&ServiceCd=320&Type=search", "url2": "http://www.mcsg.co.jp" }, "geometry": { "type": "Point", "coordinates": [ 139.414846500000067, 35.6738655 ] } },
{ "type": "Feature", "properties": { "内容": "グループホームかわせみ【認知症対応型共同生活介護】東京都日野市日野2980-6", "url": "https://www.kaigokensaku.mhlw.go.jp/13/index.php?action_kouhyou_detail_004_kani=true&JigyosyoCd=1393500309-00&ServiceCd=320&Type=search", "url2": "https://www.gh-kawasemi.jp/" }, "geometry": { "type": "Point", "coordinates": [ 139.402380539881136, 35.671163757930564 ] } },
{ "type": "Feature", "properties": { "内容": "グループホーム友遊【認知症対応型共同生活介護】東京都日野市西平山３－２４－６", "url": "https://www.kaigokensaku.mhlw.go.jp/13/index.php?action_kouhyou_detail_004_kani=true&JigyosyoCd=1393500325-00&ServiceCd=320&Type=search", "url2": null }, "geometry": { "type": "Point", "coordinates": [ 139.3870341, 35.646623300000023 ] } },
{ "type": "Feature", "properties": { "内容": "グループホームきずな【認知症対応型共同生活介護】東京都日野市多摩平3-5-21", "url": "https://www.kaigokensaku.mhlw.go.jp/13/index.php?action_kouhyou_detail_004_kani=true&JigyosyoCd=1373501384-00&ServiceCd=320&Type=search", "url2": null }, "geometry": { "type": "Point", "coordinates": [ 139.376072499999964, 35.6655795 ] } },
{ "type": "Feature", "properties": { "内容": "グループホームみんなの家・東村山【認知症対応型共同生活介護】東京都東村山市野口町2-9-22旧コミュニティライフやすらぎ荘", "url": "https://www.kaigokensaku.mhlw.go.jp/13/index.php?action_kouhyou_detail_004_kani=true&JigyosyoCd=1392700256-00&ServiceCd=320&Type=search", "url2": "http://gh_higashimurayama@kaigo.alsok.co.jp" }, "geometry": { "type": "Point", "coordinates": [ 139.46064240000004, 35.760178500000023 ] } },
{ "type": "Feature", "properties": { "内容": "グループホーム敬愛の森【認知症対応型共同生活介護】東京都東村山市富士見町1-14-3", "url": "https://www.kaigokensaku.mhlw.go.jp/13/index.php?action_kouhyou_detail_004_kani=true&JigyosyoCd=1392700124-00&ServiceCd=320&Type=search", "url2": "http://www.keiaikai.org" }, "geometry": { "type": "Point", "coordinates": [ 139.457425647082545, 35.744121387621448 ] } },
{ "type": "Feature", "properties": { "内容": "グループホーム宝亀【認知症対応型共同生活介護】東京都東村山市恩多町１丁目３９－１", "url": "https://www.kaigokensaku.mhlw.go.jp/13/index.php?action_kouhyou_detail_004_kani=true&JigyosyoCd=1392700033-00&ServiceCd=320&Type=search", "url2": "http://www.riseikai.or.jp/" }, "geometry": { "type": "Point", "coordinates": [ 139.4866154, 35.7528225 ] } },
{ "type": "Feature", "properties": { "内容": "ニチイケアセンター美住【認知症対応型共同生活介護】東京都東村山市美住町２－９－２", "url": "https://www.kaigokensaku.mhlw.go.jp/13/index.php?action_kouhyou_detail_004_kani=true&JigyosyoCd=1392700041-00&ServiceCd=320&Type=search", "url2": "http://www.nichiigakkan.co.jp/" }, "geometry": { "type": "Point", "coordinates": [ 139.46510330000001, 35.7578936 ] } },
{ "type": "Feature", "properties": { "内容": "東村山グループホームそよ風【認知症対応型共同生活介護】東京都東村山市野口町2-10-1", "url": "https://www.kaigokensaku.mhlw.go.jp/13/index.php?action_kouhyou_detail_004_kani=true&JigyosyoCd=1392700066-00&ServiceCd=320&Type=search", "url2": "https://www.sykz.co.jp" }, "geometry": { "type": "Point", "coordinates": [ 139.4609666, 35.7599325 ] } },
{ "type": "Feature", "properties": { "内容": "白十字あきつの里【認知症対応型共同生活介護】東京都東村山市秋津町３－４１－６５", "url": "https://www.kaigokensaku.mhlw.go.jp/13/index.php?action_kouhyou_detail_004_kani=true&JigyosyoCd=1392700082-00&ServiceCd=320&Type=search", "url2": "http:/www.hakujuji-home.jp/" }, "geometry": { "type": "Point", "coordinates": [ 139.481764199999986, 35.7757166 ] } },
{ "type": "Feature", "properties": { "内容": "くめがわ翔裕園【認知症対応型共同生活介護】東京都東村山市栄町1-36-93", "url": "https://www.kaigokensaku.mhlw.go.jp/13/index.php?action_kouhyou_detail_004_kani=true&JigyosyoCd=1392700108-00&ServiceCd=320&Type=search", "url2": "http://www.chojumura.or.jp" }, "geometry": { "type": "Point", "coordinates": [ 139.477385200138883, 35.752251704534395 ] } },
{ "type": "Feature", "properties": { "内容": "認知症対応型共同生活介護　ひがしむらやま翔裕園【認知症対応型共同生活介護】東京都東村山市久米川町2-23-3ひがしむらやま翔裕園", "url": "https://www.kaigokensaku.mhlw.go.jp/13/index.php?action_kouhyou_detail_004_kani=true&JigyosyoCd=1392700165-00&ServiceCd=320&Type=search", "url2": "https://www.chojumura.or.jp/" }, "geometry": { "type": "Point", "coordinates": [ 139.479435200000012, 35.7630852 ] } },
{ "type": "Feature", "properties": { "内容": "めぐりた翔裕園【認知症対応型共同生活介護】東京都東村山市廻田町4-4-1", "url": "https://www.kaigokensaku.mhlw.go.jp/13/index.php?action_kouhyou_detail_004_kani=true&JigyosyoCd=1392700215-00&ServiceCd=320&Type=search", "url2": "http://www.chojumura.or.jp" }, "geometry": { "type": "Point", "coordinates": [ 139.4523201, 35.7593576 ] } },
{ "type": "Feature", "properties": { "内容": "グループホームにんじん・西恋ヶ窪【認知症対応型共同生活介護】東京都国分寺市西恋ヶ窪1-50-1", "url": "https://www.kaigokensaku.mhlw.go.jp/13/index.php?action_kouhyou_detail_004_kani=true&JigyosyoCd=1393100258-00&ServiceCd=320&Type=search", "url2": "https://www.ninjin.or.jp/" }, "geometry": { "type": "Point", "coordinates": [ 139.467920099999986, 35.7057523 ] } },
{ "type": "Feature", "properties": { "内容": "至誠ホームミンナ【認知症対応型共同生活介護】東京都国分寺市並木町3-12-2", "url": "https://www.kaigokensaku.mhlw.go.jp/13/index.php?action_kouhyou_detail_004_kani=true&JigyosyoCd=1393100076-00&ServiceCd=320&Type=search", "url2": "http://www.shisei.or.jp" }, "geometry": { "type": "Point", "coordinates": [ 139.447142399999962, 35.7144145 ] } },
{ "type": "Feature", "properties": { "内容": "あじさい苑【認知症対応型共同生活介護】東京都国分寺市東恋ヶ窪３－２３－８", "url": "https://www.kaigokensaku.mhlw.go.jp/13/index.php?action_kouhyou_detail_004_kani=true&JigyosyoCd=1373100419-00&ServiceCd=320&Type=search", "url2": "http://ajisaien.yokukou.net/" }, "geometry": { "type": "Point", "coordinates": [ 139.4705937, 35.7064854 ] } },
{ "type": "Feature", "properties": { "内容": "グループホームこもれび家族・国分寺【認知症対応型共同生活介護】東京都国分寺市東恋ヶ窪6丁目18-2", "url": "https://www.kaigokensaku.mhlw.go.jp/13/index.php?action_kouhyou_detail_004_kani=true&JigyosyoCd=1393100100-00&ServiceCd=320&Type=search", "url2": "http://kokubunji.komorebi-f.com/" }, "geometry": { "type": "Point", "coordinates": [ 139.471243299999969, 35.7132318 ] } },
{ "type": "Feature", "properties": { "内容": "愛の家グループホーム国分寺本多【認知症対応型共同生活介護】東京都国分寺市本多2-15-15", "url": "https://www.kaigokensaku.mhlw.go.jp/13/index.php?action_kouhyou_detail_004_kani=true&JigyosyoCd=1393100126-00&ServiceCd=320&Type=search", "url2": "https://mcs-ainoie.com/search/tokyo/kokubunjishi/gh216/" }, "geometry": { "type": "Point", "coordinates": [ 139.481495799999948, 35.706358 ] } },
{ "type": "Feature", "properties": { "内容": "グループホームなごみ国分寺北町【認知症対応型共同生活介護】東京都国分寺市北町一丁目21-1", "url": "https://www.kaigokensaku.mhlw.go.jp/13/index.php?action_kouhyou_detail_004_kani=true&JigyosyoCd=1393100191-00&ServiceCd=320&Type=search", "url2": "http://www.enzeru.co.jp" }, "geometry": { "type": "Point", "coordinates": [ 139.457866299999978, 35.72065 ] } },
{ "type": "Feature", "properties": { "内容": "花物語こくぶんじ【認知症対応型共同生活介護】東京都国分寺市新町3－15－6", "url": "https://www.kaigokensaku.mhlw.go.jp/13/index.php?action_kouhyou_detail_004_kani=true&JigyosyoCd=1393100282-00&ServiceCd=320&Type=search", "url2": "https://jala.co.jp/facility/kokubunji/" }, "geometry": { "type": "Point", "coordinates": [ 139.447030899999987, 35.7139003 ] } },
{ "type": "Feature", "properties": { "内容": "グループホーム　とくら【認知症対応型共同生活介護】東京都国分寺市東戸倉２－１６－１", "url": "https://www.kaigokensaku.mhlw.go.jp/13/index.php?action_kouhyou_detail_004_kani=true&JigyosyoCd=1393100050-00&ServiceCd=320&Type=search", "url2": "https://r.goope.jp/ghtokura" }, "geometry": { "type": "Point", "coordinates": [ 139.465282600000023, 35.7137566 ] } },
{ "type": "Feature", "properties": { "内容": "グループホームやがわ【認知症対応型共同生活介護】東京都国立市富士見台４－８－２", "url": "https://www.kaigokensaku.mhlw.go.jp/13/index.php?action_kouhyou_detail_004_kani=true&JigyosyoCd=1393400047-00&ServiceCd=320&Type=search", "url2": "http://www.nitta-clinic.or.jp" }, "geometry": { "type": "Point", "coordinates": [ 139.432372500000042, 35.6862037 ] } },
{ "type": "Feature", "properties": { "内容": "グループホームあおやぎの家【認知症対応型共同生活介護】東京都国立市青柳1-19-16", "url": "https://www.kaigokensaku.mhlw.go.jp/13/index.php?action_kouhyou_detail_004_kani=true&JigyosyoCd=1373400199-00&ServiceCd=320&Type=search", "url2": "http://www.aoyagien.or.jp" }, "geometry": { "type": "Point", "coordinates": [ 139.426300800000035, 35.6837011 ] } },
{ "type": "Feature", "properties": { "内容": "グループホームcarna国立【認知症対応型共同生活介護】東京都国立市西1-10-6", "url": "https://www.kaigokensaku.mhlw.go.jp/13/index.php?action_kouhyou_detail_004_kani=true&JigyosyoCd=1393400112-00&ServiceCd=320&Type=search", "url2": "http://fureai-hiroba.co.jp" }, "geometry": { "type": "Point", "coordinates": [ 139.432413699999984, 35.6973248 ] } },
{ "type": "Feature", "properties": { "内容": "花物語くにたち【認知症対応型共同生活介護】東京都国立市谷保7丁目12番地の12", "url": "https://www.kaigokensaku.mhlw.go.jp/13/index.php?action_kouhyou_detail_004_kani=true&JigyosyoCd=1393400153-00&ServiceCd=320&Type=search", "url2": "https://hana-kaigo.jala.co.jp/gh/kunitachi/index.html" }, "geometry": { "type": "Point", "coordinates": [ 139.44917, 35.673438 ] } },
{ "type": "Feature", "properties": { "内容": "高齢者グループホーム　ウェルケア国立【認知症対応型共同生活介護】東京都国立市中2-13-57", "url": "https://www.kaigokensaku.mhlw.go.jp/13/index.php?action_kouhyou_detail_004_kani=true&JigyosyoCd=1373400546-00&ServiceCd=320&Type=search", "url2": "https://www.keiaikai.org" }, "geometry": { "type": "Point", "coordinates": [ 139.439538, 35.692384 ] } },
{ "type": "Feature", "properties": { "内容": "花物語ふっさ【認知症対応型共同生活介護】東京都福生市大字熊川66番地ー1", "url": "https://www.kaigokensaku.mhlw.go.jp/13/index.php?action_kouhyou_detail_004_kani=true&JigyosyoCd=1394400038-00&ServiceCd=320&Type=search", "url2": null }, "geometry": { "type": "Point", "coordinates": [ 139.3341809, 35.7171634 ] } },
{ "type": "Feature", "properties": { "内容": "グループホームヨコタ【認知症対応型共同生活介護】東京都福生市福生2266-11", "url": "https://www.kaigokensaku.mhlw.go.jp/13/index.php?action_kouhyou_detail_004_kani=true&JigyosyoCd=1374400495-00&ServiceCd=320&Type=search", "url2": "http://www.mokuseikai.or.jp" }, "geometry": { "type": "Point", "coordinates": [ 139.337406500000043, 35.7407561 ] } },
{ "type": "Feature", "properties": { "内容": "医療法人社団　心身会　複合介護施設和楽　グループホームわらく【認知症対応型共同生活介護】東京都狛江市西野川4-6-9", "url": "https://www.kaigokensaku.mhlw.go.jp/13/index.php?action_kouhyou_detail_004_kani=true&JigyosyoCd=1374500302-00&ServiceCd=320&Type=search", "url2": "http://www.shinshinkai.com" }, "geometry": { "type": "Point", "coordinates": [ 139.5691994, 35.6466014 ] } },
{ "type": "Feature", "properties": { "内容": "グループホームのどか狛江【認知症対応型共同生活介護】東京都狛江市猪方3-10-6", "url": "https://www.kaigokensaku.mhlw.go.jp/13/index.php?action_kouhyou_detail_004_kani=true&JigyosyoCd=1394500043-00&ServiceCd=320&Type=search", "url2": "http://www.nodoka-kaigo.co.jp" }, "geometry": { "type": "Point", "coordinates": [ 139.57871369999998, 35.627335100000018 ] } },
{ "type": "Feature", "properties": { "内容": "ニチイケアセンターいずみこまえ【認知症対応型共同生活介護】東京都狛江市中和泉1-20-3", "url": "https://www.kaigokensaku.mhlw.go.jp/13/index.php?action_kouhyou_detail_004_kani=true&JigyosyoCd=1394500050-00&ServiceCd=320&Type=search", "url2": "http://www.nichiigakkan.co.jp" }, "geometry": { "type": "Point", "coordinates": [ 139.5746107, 35.6351031 ] } },
{ "type": "Feature", "properties": { "内容": "花物語こまえ【認知症対応型共同生活介護】東京都狛江市中和泉5-27-1花物語こまえ", "url": "https://www.kaigokensaku.mhlw.go.jp/13/index.php?action_kouhyou_detail_004_kani=true&JigyosyoCd=1394500175-00&ServiceCd=320&Type=search", "url2": "https://jala.co.jp" }, "geometry": { "type": "Point", "coordinates": [ 139.5661447, 35.642336 ] } },
{ "type": "Feature", "properties": { "内容": "高齢者グループホーム　ヒューマン・ケア東大和【認知症対応型共同生活介護】東京都東大和市蔵敷2-480-2", "url": "https://www.kaigokensaku.mhlw.go.jp/13/index.php?action_kouhyou_detail_004_kani=true&JigyosyoCd=1394600017-00&ServiceCd=320&Type=search", "url2": "http://www.e-humancare.info" }, "geometry": { "type": "Point", "coordinates": [ 139.421715461376976, 35.753616254818979 ] } },
{ "type": "Feature", "properties": { "内容": "東大和グループホームそよ風【認知症対応型共同生活介護】東京都東大和市向原4-19-1", "url": "https://www.kaigokensaku.mhlw.go.jp/13/index.php?action_kouhyou_detail_004_kani=true&JigyosyoCd=1394600033-00&ServiceCd=320&Type=search", "url2": "https://www.corp.sykz.co.jp" }, "geometry": { "type": "Point", "coordinates": [ 139.441558, 35.7375887 ] } },
{ "type": "Feature", "properties": { "内容": "グループホーム風の樹【認知症対応型共同生活介護】東京都東大和市中央１－１３－８", "url": "https://www.kaigokensaku.mhlw.go.jp/13/index.php?action_kouhyou_detail_004_kani=true&JigyosyoCd=1394600041-00&ServiceCd=320&Type=search", "url2": "https://www.issekikai.jp/" }, "geometry": { "type": "Point", "coordinates": [ 139.434434300000021, 35.7441194 ] } },
{ "type": "Feature", "properties": { "内容": "グループホーム虹の家【認知症対応型共同生活介護】東京都清瀬市上清戸２－１－４１", "url": "https://www.kaigokensaku.mhlw.go.jp/13/index.php?action_kouhyou_detail_004_kani=true&JigyosyoCd=1374700712-00&ServiceCd=320&Type=search", "url2": "http://www.saito.coop/" }, "geometry": { "type": "Point", "coordinates": [ 139.525491699999947, 35.7798394 ] } },
{ "type": "Feature", "properties": { "内容": "しんあい清戸の里　グループホームひまわり【認知症対応型共同生活介護】東京都清瀬市下清戸１－３０５－１", "url": "https://www.kaigokensaku.mhlw.go.jp/13/index.php?action_kouhyou_detail_004_kani=true&JigyosyoCd=1394700023-00&ServiceCd=320&Type=search", "url2": "http://www.shin-ai.or.jp/kiyoto/" }, "geometry": { "type": "Point", "coordinates": [ 139.538104500000031, 35.7823005 ] } },
{ "type": "Feature", "properties": { "内容": "グループホームゆうゆ【認知症対応型共同生活介護】東京都清瀬市中里3丁目872番地3", "url": "https://www.kaigokensaku.mhlw.go.jp/13/index.php?action_kouhyou_detail_004_kani=true&JigyosyoCd=1374700811-00&ServiceCd=320&Type=search", "url2": "https://www.seiyukai-yuuyuu.or.jp" }, "geometry": { "type": "Point", "coordinates": [ 139.52235010000004, 35.7859135 ] } },
{ "type": "Feature", "properties": { "内容": "グループホーム　さくらの苑【認知症対応型共同生活介護】東京都清瀬市中清戸5-27-3", "url": "https://www.kaigokensaku.mhlw.go.jp/13/index.php?action_kouhyou_detail_004_kani=true&JigyosyoCd=1394700049-00&ServiceCd=320&Type=search", "url2": "http://www.kouzenkai.com/" }, "geometry": { "type": "Point", "coordinates": [ 139.53699359999996, 35.7770539 ] } },
{ "type": "Feature", "properties": { "内容": "木下の介護　グループホーム清瀬【認知症対応型共同生活介護】東京都清瀬市中清戸５－１３２－１", "url": "https://www.kaigokensaku.mhlw.go.jp/13/index.php?action_kouhyou_detail_004_kani=true&JigyosyoCd=1394700064-00&ServiceCd=320&Type=search", "url2": "http://www.kinoshita-kaigo.co.jp/facilities/state/tokyo/kiyose.html" }, "geometry": { "type": "Point", "coordinates": [ 139.532573700000057, 35.7796861 ] } },
{ "type": "Feature", "properties": { "内容": "せらび東久留米【認知症対応型共同生活介護】東京都東久留米市上の原１－３－４４", "url": "https://www.kaigokensaku.mhlw.go.jp/13/index.php?action_kouhyou_detail_004_kani=true&JigyosyoCd=1394800054-00&ServiceCd=320&Type=search", "url2": null }, "geometry": { "type": "Point", "coordinates": [ 139.5419617, 35.7697542 ] } },
{ "type": "Feature", "properties": { "内容": "グループホーム　ひかわだい【認知症対応型共同生活介護】東京都東久留米市氷川台２－６－６", "url": "https://www.kaigokensaku.mhlw.go.jp/13/index.php?action_kouhyou_detail_004_kani=true&JigyosyoCd=1374800553-00&ServiceCd=320&Type=search", "url2": null }, "geometry": { "type": "Point", "coordinates": [ 139.5326275, 35.7677521 ] } },
{ "type": "Feature", "properties": { "内容": "グループホームすみれ【認知症対応型共同生活介護】東京都東久留米市本町2-2-2", "url": "https://www.kaigokensaku.mhlw.go.jp/13/index.php?action_kouhyou_detail_004_kani=true&JigyosyoCd=1374800629-00&ServiceCd=320&Type=search", "url2": null }, "geometry": { "type": "Point", "coordinates": [ 139.530991699999959, 35.7620083 ] } },
{ "type": "Feature", "properties": { "内容": "東久留米グループホームそよ風【認知症対応型共同生活介護】東京都東久留米市前沢3-6-24", "url": "https://www.kaigokensaku.mhlw.go.jp/13/index.php?action_kouhyou_detail_004_kani=true&JigyosyoCd=1394800039-00&ServiceCd=320&Type=search", "url2": null }, "geometry": { "type": "Point", "coordinates": [ 139.515563199999974, 35.7411798 ] } },
{ "type": "Feature", "properties": { "内容": "グループホームなごみ東久留米【認知症対応型共同生活介護】東京都東久留米市中央町3-15-22", "url": "https://www.kaigokensaku.mhlw.go.jp/13/index.php?action_kouhyou_detail_004_kani=true&JigyosyoCd=1394800179-00&ServiceCd=320&Type=search", "url2": "http://enzeru.co.jp/" }, "geometry": { "type": "Point", "coordinates": [ 139.521636199999989, 35.7514113 ] } },
{ "type": "Feature", "properties": { "内容": "花物語ひがしくるめナーシング【認知症対応型共同生活介護】東京都東久留米市八幡町3-5-6", "url": "https://www.kaigokensaku.mhlw.go.jp/13/index.php?action_kouhyou_detail_004_kani=true&JigyosyoCd=1394800260-00&ServiceCd=320&Type=search", "url2": "https://hana-kaigo.jala.co.jp" }, "geometry": { "type": "Point", "coordinates": [ 139.5120129, 35.7488753 ] } },
{ "type": "Feature", "properties": { "内容": "ヒューマン・ケア武蔵村山【認知症対応型共同生活介護】東京都武蔵村山市本町1-75-2", "url": "https://www.kaigokensaku.mhlw.go.jp/13/index.php?action_kouhyou_detail_004_kani=true&JigyosyoCd=1394900011-00&ServiceCd=320&Type=search", "url2": "http://www.e-humancare.info" }, "geometry": { "type": "Point", "coordinates": [ 139.387027511778257, 35.752237058269777 ] } },
{ "type": "Feature", "properties": { "内容": "認知症高齢者グループホームサンシャインホーム【認知症対応型共同生活介護】東京都武蔵村山市伊奈平４丁目１０番地の２", "url": "https://www.kaigokensaku.mhlw.go.jp/13/index.php?action_kouhyou_detail_004_kani=true&JigyosyoCd=1374900718-00&ServiceCd=320&Type=search", "url2": "http://www.sunshinehome.or.jp" }, "geometry": { "type": "Point", "coordinates": [ 139.37718140000004, 35.7355634 ] } },
{ "type": "Feature", "properties": { "内容": "武蔵村山グループホームそよ風【認知症対応型共同生活介護】東京都武蔵村山市学園1-91-2", "url": "https://www.kaigokensaku.mhlw.go.jp/13/index.php?action_kouhyou_detail_004_kani=true&JigyosyoCd=1394900037-00&ServiceCd=320&Type=search", "url2": null }, "geometry": { "type": "Point", "coordinates": [ 139.394017800000029, 35.748739 ] } },
{ "type": "Feature", "properties": { "内容": "グループホーム　すみれの里・乞田【認知症対応型共同生活介護】東京都多摩市乞田７９１－３", "url": "https://www.kaigokensaku.mhlw.go.jp/13/index.php?action_kouhyou_detail_004_kani=true&JigyosyoCd=1395000050-00&ServiceCd=320&Type=search", "url2": "http://care-net.biz/13/tokyo-sumire" }, "geometry": { "type": "Point", "coordinates": [ 139.435110799999961, 35.6322377 ] } },
{ "type": "Feature", "properties": { "内容": "あいグループホーム天の川【認知症対応型共同生活介護】東京都多摩市中沢2-5-3ゆいま～る中沢Ｂ棟２階", "url": "https://www.kaigokensaku.mhlw.go.jp/13/index.php?action_kouhyou_detail_004_kani=true&JigyosyoCd=1395000159-00&ServiceCd=320&Type=search", "url2": "http://www.kawakita-tama-ai.jp/" }, "geometry": { "type": "Point", "coordinates": [ 139.413642687696864, 35.621642558442581 ] } },
{ "type": "Feature", "properties": { "内容": "グループホームすみれの里【認知症対応型共同生活介護】東京都多摩市連光寺３－４－５", "url": "https://www.kaigokensaku.mhlw.go.jp/13/index.php?action_kouhyou_detail_004_kani=true&JigyosyoCd=1395000019-00&ServiceCd=320&Type=search", "url2": "https://care-net.biz/13/tokyo-sumire/" }, "geometry": { "type": "Point", "coordinates": [ 139.4597417, 35.6444093 ] } },
{ "type": "Feature", "properties": { "内容": "気手来手くんの家連光寺【認知症対応型共同生活介護】東京都多摩市連光寺5-9-1", "url": "https://www.kaigokensaku.mhlw.go.jp/13/index.php?action_kouhyou_detail_004_kani=true&JigyosyoCd=1395000035-00&ServiceCd=320&Type=search", "url2": "https://www.saneido.co.jp" }, "geometry": { "type": "Point", "coordinates": [ 139.463633399999907, 35.6348385 ] } },
{ "type": "Feature", "properties": { "内容": "あいグループホームどんぐり【認知症対応型共同生活介護】東京都多摩市聖ヶ丘２－２１－２ゆいま～る聖ヶ丘Ｃ棟１階", "url": "https://www.kaigokensaku.mhlw.go.jp/13/index.php?action_kouhyou_detail_004_kani=true&JigyosyoCd=1395000167-00&ServiceCd=320&Type=search", "url2": "http://kawakita-tama-ai.jp/hospital/donguri/" }, "geometry": { "type": "Point", "coordinates": [ 139.4574172, 35.6316219 ] } },
{ "type": "Feature", "properties": { "内容": "まごころホーム＊多摩【認知症対応型共同生活介護】東京都多摩市和田403", "url": "https://www.kaigokensaku.mhlw.go.jp/13/index.php?action_kouhyou_detail_004_kani=true&JigyosyoCd=1395000324-00&ServiceCd=320&Type=search", "url2": "https://www.magokorokaigo.com/" }, "geometry": { "type": "Point", "coordinates": [ 139.4342321, 35.641667 ] } },
{ "type": "Feature", "properties": { "内容": "グループホームやまもも【認知症対応型共同生活介護】東京都稲城市平尾2-49-20", "url": "https://www.kaigokensaku.mhlw.go.jp/13/index.php?action_kouhyou_detail_004_kani=true&JigyosyoCd=1375100193-00&ServiceCd=320&Type=search", "url2": "http://www.hiraokai.or.jp" }, "geometry": { "type": "Point", "coordinates": [ 139.493511, 35.6083257 ] } },
{ "type": "Feature", "properties": { "内容": "グループホーム　やのくち正吉苑【認知症対応型共同生活介護】東京都稲城市矢野口1804番地３", "url": "https://www.kaigokensaku.mhlw.go.jp/13/index.php?action_kouhyou_detail_004_kani=true&JigyosyoCd=1395100033-00&ServiceCd=320&Type=search", "url2": "http://www.shoukichi.org/" }, "geometry": { "type": "Point", "coordinates": [ 139.519138399999946, 35.6366527 ] } },
{ "type": "Feature", "properties": { "内容": "グループホーム　みんなの家・稲城長沼【認知症対応型共同生活介護】東京都稲城市東長沼１７１３－８", "url": "https://www.kaigokensaku.mhlw.go.jp/13/index.php?action_kouhyou_detail_004_kani=true&JigyosyoCd=1395100074-00&ServiceCd=320&Type=search", "url2": "http://kaogi.alsok.co.jp" }, "geometry": { "type": "Point", "coordinates": [ 139.5082304, 35.640357 ] } },
{ "type": "Feature", "properties": { "内容": "グループホームたんぽぽの郷【認知症対応型共同生活介護】東京都稲城市若葉台１-１３-５", "url": "https://www.kaigokensaku.mhlw.go.jp/13/index.php?action_kouhyou_detail_004_kani=true&JigyosyoCd=1395100116-00&ServiceCd=320&Type=search", "url2": "https://syunkenbikai.jp/ghtp" }, "geometry": { "type": "Point", "coordinates": [ 139.478374700000018, 35.624805 ] } },
{ "type": "Feature", "properties": { "内容": "グループホーム稲城わかば【認知症対応型共同生活介護】東京都稲城市坂浜四丁目8番地の2グループホーム稲城わかば", "url": "https://www.kaigokensaku.mhlw.go.jp/13/index.php?action_kouhyou_detail_004_kani=true&JigyosyoCd=1395100140-00&ServiceCd=320&Type=search", "url2": "https://inagi-wakaba-cl.jp/facility/grouphome_inagiwakaba/" }, "geometry": { "type": "Point", "coordinates": [ 139.486794978507788, 35.619264171643202 ] } },
{ "type": "Feature", "properties": { "内容": "グループホームライフィニティ稲城【認知症対応型共同生活介護】東京都稲城市東長沼3113-1", "url": "https://www.kaigokensaku.mhlw.go.jp/13/index.php?action_kouhyou_detail_004_kani=true&JigyosyoCd=1395100157-00&ServiceCd=320&Type=search", "url2": "https://lifinity.jp/inagi-gh/" }, "geometry": { "type": "Point", "coordinates": [ 139.5032535, 35.6347909 ] } },
{ "type": "Feature", "properties": { "内容": "グループホーム　ときわ木の里【認知症対応型共同生活介護】東京都羽村市双葉町1-1-15", "url": "https://www.kaigokensaku.mhlw.go.jp/13/index.php?action_kouhyou_detail_004_kani=true&JigyosyoCd=1375300165-00&ServiceCd=320&Type=search", "url2": "http://www.shinaikai.jp/tokiwagi/" }, "geometry": { "type": "Point", "coordinates": [ 139.331056200000035, 35.763106 ] } },
{ "type": "Feature", "properties": { "内容": "地域ケアサポート館福ら笑（ふらわー）・グループホーム【認知症対応型共同生活介護】東京都羽村市川崎１－７－８", "url": "https://www.kaigokensaku.mhlw.go.jp/13/index.php?action_kouhyou_detail_004_kani=true&JigyosyoCd=1395300039-00&ServiceCd=320&Type=search", "url2": "http://www.kokohiro.jp" }, "geometry": { "type": "Point", "coordinates": [ 139.317613, 35.7532318 ] } },
{ "type": "Feature", "properties": { "内容": "あきる台グループホーム滝山【認知症対応型共同生活介護】東京都あきる野市秋川５－１－８あきる台在宅医療福祉センター", "url": "https://www.kaigokensaku.mhlw.go.jp/13/index.php?action_kouhyou_detail_004_kani=true&JigyosyoCd=1375200316-00&ServiceCd=320&Type=search", "url2": "https://care.akirudai-hp.or.jp/service/dementia/group-home/" }, "geometry": { "type": "Point", "coordinates": [ 139.289894799999956, 35.7323584 ] } },
{ "type": "Feature", "properties": { "内容": "あきる台グループホーム　秋川【認知症対応型共同生活介護】東京都あきる野市秋川6-8-5", "url": "https://www.kaigokensaku.mhlw.go.jp/13/index.php?action_kouhyou_detail_004_kani=true&JigyosyoCd=1375200282-00&ServiceCd=320&Type=search", "url2": "http://www.akirudai-hp.or.jp" }, "geometry": { "type": "Point", "coordinates": [ 139.291328099999987, 35.7296366 ] } },
{ "type": "Feature", "properties": { "内容": "グループホームはぴねす草花【認知症対応型共同生活介護】東京都あきる野市草花1375-2グループホームはぴねす草花", "url": "https://www.kaigokensaku.mhlw.go.jp/13/index.php?action_kouhyou_detail_004_kani=true&JigyosyoCd=1395200049-00&ServiceCd=320&Type=search", "url2": "http://www.hpns21/com/" }, "geometry": { "type": "Point", "coordinates": [ 139.312935399999986, 35.7373336 ] } },
{ "type": "Feature", "properties": { "内容": "グループホーム　のどか【認知症対応型共同生活介護】東京都西東京市南町２－１４－１９", "url": "https://www.kaigokensaku.mhlw.go.jp/13/index.php?action_kouhyou_detail_004_kani=true&JigyosyoCd=1395400086-00&ServiceCd=320&Type=search", "url2": "https://www.personhood.jp/" }, "geometry": { "type": "Point", "coordinates": [ 139.546091899999965, 35.7228413 ] } },
{ "type": "Feature", "properties": { "内容": "グループホームみんなの家・西東京【認知症対応型共同生活介護】東京都西東京市芝久保町2-13-32", "url": "https://www.kaigokensaku.mhlw.go.jp/13/index.php?action_kouhyou_detail_004_kani=true&JigyosyoCd=1395400052-00&ServiceCd=320&Type=search", "url2": null }, "geometry": { "type": "Point", "coordinates": [ 139.528123899999969, 35.7265792 ] } },
{ "type": "Feature", "properties": { "内容": "グループホームいずみ【認知症対応型共同生活介護】東京都西東京市泉町３－１５－２８", "url": "https://www.kaigokensaku.mhlw.go.jp/13/index.php?action_kouhyou_detail_004_kani=true&JigyosyoCd=1375400494-00&ServiceCd=320&Type=search", "url2": "http://www.you-you123.com" }, "geometry": { "type": "Point", "coordinates": [ 139.55441529999996, 35.7393951 ] } },
{ "type": "Feature", "properties": { "内容": "ねんりんはうす【認知症対応型共同生活介護】東京都西東京市田無町７－１４－１４", "url": "https://www.kaigokensaku.mhlw.go.jp/13/index.php?action_kouhyou_detail_004_kani=true&JigyosyoCd=1375400189-00&ServiceCd=320&Type=search", "url2": "http://www.npo-nenrin.com" }, "geometry": { "type": "Point", "coordinates": [ 139.532960156483483, 35.731251053537285 ] } },
{ "type": "Feature", "properties": { "内容": "グループホーム　花【認知症対応型共同生活介護】東京都西東京市下保谷１－８－２０", "url": "https://www.kaigokensaku.mhlw.go.jp/13/index.php?action_kouhyou_detail_004_kani=true&JigyosyoCd=1375400429-00&ServiceCd=320&Type=search", "url2": null }, "geometry": { "type": "Point", "coordinates": [ 139.560809100000029, 35.7489691 ] } },
{ "type": "Feature", "properties": { "内容": "グループホーム　ばぶちゃんち【認知症対応型共同生活介護】東京都西東京市緑町１－６－１", "url": "https://www.kaigokensaku.mhlw.go.jp/13/index.php?action_kouhyou_detail_004_kani=true&JigyosyoCd=1395400060-00&ServiceCd=320&Type=search", "url2": "http://www.npo-nenrin.com/" }, "geometry": { "type": "Point", "coordinates": [ 139.538572400000021, 35.7350257 ] } },
{ "type": "Feature", "properties": { "内容": "グループホーム花・南町【認知症対応型共同生活介護】東京都西東京市南町４－１９－８", "url": "https://www.kaigokensaku.mhlw.go.jp/13/index.php?action_kouhyou_detail_004_kani=true&JigyosyoCd=1395400078-00&ServiceCd=320&Type=search", "url2": null }, "geometry": { "type": "Point", "coordinates": [ 139.54021739999996, 35.7241465 ] } },
{ "type": "Feature", "properties": { "内容": "愛の家グループホーム西東京中町【認知症対応型共同生活介護】東京都西東京市中町6-5-12", "url": "https://www.kaigokensaku.mhlw.go.jp/13/index.php?action_kouhyou_detail_004_kani=true&JigyosyoCd=1395400110-00&ServiceCd=320&Type=search", "url2": "https://mcs-ainoie.com/search/tokyo/nishitokyoshi/gh154/" }, "geometry": { "type": "Point", "coordinates": [ 139.558323400000063, 35.7373315 ] } },
{ "type": "Feature", "properties": { "内容": "ミアヘルサきずなホームひばりが丘【認知症対応型共同生活介護】東京都西東京市ひばりが丘3-3-11", "url": "https://www.kaigokensaku.mhlw.go.jp/13/index.php?action_kouhyou_detail_004_kani=true&JigyosyoCd=1395400151-00&ServiceCd=320&Type=search", "url2": "http://www.jlsri.co.jp/" }, "geometry": { "type": "Point", "coordinates": [ 139.5360918, 35.7435968 ] } },
{ "type": "Feature", "properties": { "内容": "グループホーム花・富士町【認知症対応型共同生活介護】東京都西東京市富士町５－２－２", "url": "https://www.kaigokensaku.mhlw.go.jp/13/index.php?action_kouhyou_detail_004_kani=true&JigyosyoCd=1395400169-00&ServiceCd=320&Type=search", "url2": null }, "geometry": { "type": "Point", "coordinates": [ 139.560651399999983, 35.7319239 ] } },
{ "type": "Feature", "properties": { "内容": "エクセレント西東京オリンピア【認知症対応型共同生活介護】東京都西東京市向台町1-7-59", "url": "https://www.kaigokensaku.mhlw.go.jp/13/index.php?action_kouhyou_detail_004_kani=true&JigyosyoCd=1395400292-00&ServiceCd=320&Type=search", "url2": "https://www.excare.co.jp" }, "geometry": { "type": "Point", "coordinates": [ 139.545828700000015, 35.721660300000011 ] } },
{ "type": "Feature", "properties": { "内容": "グループホーム杜の園ながおか【認知症対応型共同生活介護】東京都西多摩郡瑞穂町長岡下師岡372-4", "url": "https://www.kaigokensaku.mhlw.go.jp/13/index.php?action_kouhyou_detail_004_kani=true&JigyosyoCd=1392400063-00&ServiceCd=320&Type=search", "url2": "http://www.nanokakai.jp" }, "geometry": { "type": "Point", "coordinates": [ 139.324366700000041, 35.7816726 ] } },
{ "type": "Feature", "properties": { "内容": "グループホームかたくりの家【認知症対応型共同生活介護】東京都西多摩郡日の出町平井3214-2", "url": "https://www.kaigokensaku.mhlw.go.jp/13/index.php?action_kouhyou_detail_004_kani=true&JigyosyoCd=1372400950-00&ServiceCd=320&Type=search", "url2": "https://r.goope.jp/info323" }, "geometry": { "type": "Point", "coordinates": [ 139.2596297, 35.7427924 ] } },
{ "type": "Feature", "properties": { "内容": "グループホームひのきの里【認知症対応型共同生活介護】東京都西多摩郡檜原村530番地イグループホームひのきの里", "url": "https://www.kaigokensaku.mhlw.go.jp/13/index.php?action_kouhyou_detail_004_kani=true&JigyosyoCd=1392400014-00&ServiceCd=320&Type=search", "url2": "http://hinokinosato.tokyo" }, "geometry": { "type": "Point", "coordinates": [ 139.146614, 35.7286307 ] } },
{ "type": "Feature", "properties": { "内容": "ハッピーメイク白寿【認知症対応型共同生活介護】東京都西多摩郡奥多摩町丹三郎５５番地", "url": "https://www.kaigokensaku.mhlw.go.jp/13/index.php?action_kouhyou_detail_004_kani=true&JigyosyoCd=1392400022-00&ServiceCd=320&Type=search", "url2": "http://www.hakujyu.or.jp" }, "geometry": { "type": "Point", "coordinates": [ 139.160274, 35.8071254 ] } },
{ "type": "Feature", "properties": { "内容": "グループホーム　あすなろ【認知症対応型共同生活介護】東京都大島町野増王若408-14", "url": "https://www.kaigokensaku.mhlw.go.jp/13/index.php?action_kouhyou_detail_004_kani=true&JigyosyoCd=1370301887-00&ServiceCd=320&Type=search", "url2": "http://www.asunaro-home.co.jp" }, "geometry": { "type": "Point", "coordinates": [ 139.354019200000039, 34.7273226 ] } }
]
}
