{
"type": "FeatureCollection",
"name": "geo_13_通所リハビリテーション",
"crs": { "type": "name", "properties": { "name": "urn:ogc:def:crs:OGC:1.3:CRS84" } },
"features": [
{ "type": "Feature", "properties": { "内容": "(医）色空会　お茶の水整形外科【通所リハビリテーション】東京都千代田区神田駿河台4-1-2ステラお茶の水ビル", "url": "https://www.kaigokensaku.mhlw.go.jp/13/index.php?action_kouhyou_detail_004_kani=true&JigyosyoCd=1310133256-00&ServiceCd=160&Type=search", "url2": "http://www.ochaseikei.com" }, "geometry": { "type": "Point", "coordinates": [ 139.7655203, 35.6976887 ] } },
{ "type": "Feature", "properties": { "内容": "国家公務員共済組合連合会　九段坂病院【通所リハビリテーション】東京都千代田区九段南１－６－１２千代田区立高齢者総合サポートセンター・九段坂病院", "url": "https://www.kaigokensaku.mhlw.go.jp/13/index.php?action_kouhyou_detail_004_kani=true&JigyosyoCd=1310170134-00&ServiceCd=160&Type=search", "url2": "https://kudanzaka.kkr.or.jp/" }, "geometry": { "type": "Point", "coordinates": [ 139.751995299999976, 35.6938138 ] } },
{ "type": "Feature", "properties": { "内容": "田中まき整形外科【通所リハビリテーション】東京都中央区日本橋久松町5-3ホリイビル２階", "url": "https://www.kaigokensaku.mhlw.go.jp/13/index.php?action_kouhyou_detail_004_kani=true&JigyosyoCd=1310238147-00&ServiceCd=160&Type=search", "url2": "https://mtoc.jp/" }, "geometry": { "type": "Point", "coordinates": [ 139.7836302, 35.6894559 ] } },
{ "type": "Feature", "properties": { "内容": "中央区立介護老人保健施設リハポート明石【通所リハビリテーション】東京都中央区明石町1-6", "url": "https://www.kaigokensaku.mhlw.go.jp/13/index.php?action_kouhyou_detail_004_kani=true&JigyosyoCd=1357081250-00&ServiceCd=160&Type=search", "url2": "http://www.chuo-med.or.jp/" }, "geometry": { "type": "Point", "coordinates": [ 139.776702800000066, 35.6693091 ] } },
{ "type": "Feature", "properties": { "内容": "介護老人保健施設　洛和ヴィラサラサ【通所リハビリテーション】東京都港区南麻布4-6-1", "url": "https://www.kaigokensaku.mhlw.go.jp/13/index.php?action_kouhyou_detail_004_kani=true&JigyosyoCd=1350380018-00&ServiceCd=160&Type=search", "url2": "https//rakuwa.or.jp/care/tokyo/index.html" }, "geometry": { "type": "Point", "coordinates": [ 139.726653958860766, 35.650684719524342 ] } },
{ "type": "Feature", "properties": { "内容": "介護老人保健施設　ルネサンス麻布【通所リハビリテーション】東京都港区南麻布２丁目１０番２１号", "url": "https://www.kaigokensaku.mhlw.go.jp/13/index.php?action_kouhyou_detail_004_kani=true&JigyosyoCd=1357080633-00&ServiceCd=160&Type=search", "url2": "http://www.zai-kouseikai.or.jp" }, "geometry": { "type": "Point", "coordinates": [ 139.735162100000025, 35.6479133 ] } },
{ "type": "Feature", "properties": { "内容": "介護老人保健施設新橋ばらの園【通所リハビリテーション】東京都港区新橋6-19-2", "url": "https://www.kaigokensaku.mhlw.go.jp/13/index.php?action_kouhyou_detail_004_kani=true&JigyosyoCd=1357081466-00&ServiceCd=160&Type=search", "url2": "http://fukushiplazasakuragawa.com" }, "geometry": { "type": "Point", "coordinates": [ 139.753779500000064, 35.6612067 ] } },
{ "type": "Feature", "properties": { "内容": "医療法人財団　順和会　赤坂山王メディカルセンター【通所リハビリテーション】東京都港区赤坂4-1-26W棟　4・5・6・7・8階", "url": "https://www.kaigokensaku.mhlw.go.jp/13/index.php?action_kouhyou_detail_004_kani=true&JigyosyoCd=1315822770-00&ServiceCd=160&Type=search", "url2": "https://www.sannoclc.or.jp/akasakasmc/" }, "geometry": { "type": "Point", "coordinates": [ 139.734706500000016, 35.676412 ] } },
{ "type": "Feature", "properties": { "内容": "アットホーム表参道クリニック【通所リハビリテーション】東京都港区北青山2-12-31第3イノセビル2階・地下1階", "url": "https://www.kaigokensaku.mhlw.go.jp/13/index.php?action_kouhyou_detail_004_kani=true&JigyosyoCd=1315822861-00&ServiceCd=160&Type=search", "url2": "https://www.o-athome.jp/" }, "geometry": { "type": "Point", "coordinates": [ 139.714880599999987, 35.6700686 ] } },
{ "type": "Feature", "properties": { "内容": "介護老人保健施設デンマークイン新宿【通所リハビリテーション】東京都新宿区原町二丁目43番地", "url": "https://www.kaigokensaku.mhlw.go.jp/13/index.php?action_kouhyou_detail_004_kani=true&JigyosyoCd=1357081177-00&ServiceCd=160&Type=search", "url2": "https://denmark-inn-sj.com/" }, "geometry": { "type": "Point", "coordinates": [ 139.723821899999962, 35.6989151 ] } },
{ "type": "Feature", "properties": { "内容": "医療法人社団　三育会　新宿ヒロクリニック【通所リハビリテーション】東京都新宿区大久保2-11-15大林ビル1・2階", "url": "https://www.kaigokensaku.mhlw.go.jp/13/index.php?action_kouhyou_detail_004_kani=true&JigyosyoCd=1315723515-00&ServiceCd=160&Type=search", "url2": "https://www.hiro-clinic.com/" }, "geometry": { "type": "Point", "coordinates": [ 139.70697340000001, 35.7034579 ] } },
{ "type": "Feature", "properties": { "内容": "マイウェイ四谷【通所リハビリテーション】東京都新宿区大京町1-3", "url": "https://www.kaigokensaku.mhlw.go.jp/13/index.php?action_kouhyou_detail_004_kani=true&JigyosyoCd=1357081441-00&ServiceCd=160&Type=search", "url2": "https://www.eisei.or.jp/myway/" }, "geometry": { "type": "Point", "coordinates": [ 139.719128599999976, 35.6866303 ] } },
{ "type": "Feature", "properties": { "内容": "介護老人保健施設フォレスト西早稲田【通所リハビリテーション】東京都新宿区西早稲田3-27-22", "url": "https://www.kaigokensaku.mhlw.go.jp/13/index.php?action_kouhyou_detail_004_kani=true&JigyosyoCd=1350480016-00&ServiceCd=160&Type=search", "url2": "https://www.keiju.or.jp/" }, "geometry": { "type": "Point", "coordinates": [ 139.7109547, 35.711794900000015 ] } },
{ "type": "Feature", "properties": { "内容": "医療法人社団曙光会　コンフォガーデンデイケアセンター【通所リハビリテーション】東京都新宿区河田町3番2号", "url": "https://www.kaigokensaku.mhlw.go.jp/13/index.php?action_kouhyou_detail_004_kani=true&JigyosyoCd=1370402107-00&ServiceCd=160&Type=search", "url2": "https://www.comfogardenclinic.com/" }, "geometry": { "type": "Point", "coordinates": [ 139.7205113, 35.6952377 ] } },
{ "type": "Feature", "properties": { "内容": "望星西新宿診療所【通所リハビリテーション】東京都新宿区西新宿3-12-12望星西新宿診療所ビル2階", "url": "https://www.kaigokensaku.mhlw.go.jp/13/index.php?action_kouhyou_detail_004_kani=true&JigyosyoCd=1315721170-00&ServiceCd=160&Type=search", "url2": "https://www.nishi-s.com/index.html" }, "geometry": { "type": "Point", "coordinates": [ 139.688298499999974, 35.6853601 ] } },
{ "type": "Feature", "properties": { "内容": "龍岡介護老人保健施設【通所リハビリテーション】東京都文京区湯島4－9－8", "url": "https://www.kaigokensaku.mhlw.go.jp/13/index.php?action_kouhyou_detail_004_kani=true&JigyosyoCd=1357080260-00&ServiceCd=160&Type=search", "url2": "httpｓ://www.mct.or.jp/" }, "geometry": { "type": "Point", "coordinates": [ 139.764591200000041, 35.7095651 ] } },
{ "type": "Feature", "properties": { "内容": "医療法人社団　翔貴会　須田整形外科クリニック【通所リハビリテーション】東京都文京区後楽2-23-15", "url": "https://www.kaigokensaku.mhlw.go.jp/13/index.php?action_kouhyou_detail_004_kani=true&JigyosyoCd=1310528752-00&ServiceCd=160&Type=search", "url2": "http://www.sudacli.com/" }, "geometry": { "type": "Point", "coordinates": [ 139.744245299999989, 35.707637 ] } },
{ "type": "Feature", "properties": { "内容": "介護老人保健施設　音羽えびすの郷【通所リハビリテーション】東京都文京区音羽1-22-14", "url": "https://www.kaigokensaku.mhlw.go.jp/13/index.php?action_kouhyou_detail_004_kani=true&JigyosyoCd=1350580013-00&ServiceCd=160&Type=search", "url2": "http://nisseikai.jp" }, "geometry": { "type": "Point", "coordinates": [ 139.7297155, 35.7138832 ] } },
{ "type": "Feature", "properties": { "内容": "台東区立老人保健施設千束【通所リハビリテーション】東京都台東区千束３－２０－５", "url": "https://www.kaigokensaku.mhlw.go.jp/13/index.php?action_kouhyou_detail_004_kani=true&JigyosyoCd=1350680011-00&ServiceCd=160&Type=search", "url2": "http://taito.jadecom.or.jp" }, "geometry": { "type": "Point", "coordinates": [ 139.792616299999963, 35.7228232 ] } },
{ "type": "Feature", "properties": { "内容": "医療法人社団同善会　同善会クリニック【通所リハビリテーション】東京都台東区三ノ輪2-12-12", "url": "https://www.kaigokensaku.mhlw.go.jp/13/index.php?action_kouhyou_detail_004_kani=true&JigyosyoCd=1310629683-00&ServiceCd=160&Type=search", "url2": "https://www.dozen-hp.com/internal/" }, "geometry": { "type": "Point", "coordinates": [ 139.793077, 35.7300083 ] } },
{ "type": "Feature", "properties": { "内容": "浅草介護老人保健施設【通所リハビリテーション】東京都台東区寿４－8－2", "url": "https://www.kaigokensaku.mhlw.go.jp/13/index.php?action_kouhyou_detail_004_kani=true&JigyosyoCd=1357081011-00&ServiceCd=160&Type=search", "url2": "http://www.mct.or.jp" }, "geometry": { "type": "Point", "coordinates": [ 139.791869899999938, 35.708966 ] } },
{ "type": "Feature", "properties": { "内容": "医療法人社団輝生会たいとう診療所【通所リハビリテーション】東京都台東区元浅草1-6-17ＮＩＣ上野ビル", "url": "https://www.kaigokensaku.mhlw.go.jp/13/index.php?action_kouhyou_detail_004_kani=true&JigyosyoCd=1310630046-00&ServiceCd=160&Type=search", "url2": "http://motoasakusa-reha.com/" }, "geometry": { "type": "Point", "coordinates": [ 139.782362299999932, 35.7084214 ] } },
{ "type": "Feature", "properties": { "内容": "永寿総合病院柳橋分院【通所リハビリテーション】東京都台東区柳橋2-20-4", "url": "https://www.kaigokensaku.mhlw.go.jp/13/index.php?action_kouhyou_detail_004_kani=true&JigyosyoCd=1310670620-00&ServiceCd=160&Type=search", "url2": "http://yanagibashihp.com/" }, "geometry": { "type": "Point", "coordinates": [ 139.789703899999949, 35.698942099999982 ] } },
{ "type": "Feature", "properties": { "内容": "医療法人社団青和会井上整形外科【通所リハビリテーション】東京都台東区浅草四丁目４１番６号", "url": "https://www.kaigokensaku.mhlw.go.jp/13/index.php?action_kouhyou_detail_004_kani=true&JigyosyoCd=1370600585-00&ServiceCd=160&Type=search", "url2": "http://www.seiwakai.gr.jp" }, "geometry": { "type": "Point", "coordinates": [ 139.79657450000002, 35.7193847 ] } },
{ "type": "Feature", "properties": { "内容": "両国みどりクリニック通所リハビリテーション【通所リハビリテーション】東京都墨田区緑1-19-9シグマ光機東京本社ビル１階２階", "url": "https://www.kaigokensaku.mhlw.go.jp/13/index.php?action_kouhyou_detail_004_kani=true&JigyosyoCd=1310728154-00&ServiceCd=160&Type=search", "url2": "https://clinic.sbctmu.ac.jp/clinic/midori/" }, "geometry": { "type": "Point", "coordinates": [ 139.798561899999982, 35.6949436 ] } },
{ "type": "Feature", "properties": { "内容": "医療法人伯鳳会　東京曳舟病院【通所リハビリテーション】東京都墨田区東向島2-27-1東京曳舟病院", "url": "https://www.kaigokensaku.mhlw.go.jp/13/index.php?action_kouhyou_detail_004_kani=true&JigyosyoCd=1310770784-00&ServiceCd=160&Type=search", "url2": "http://tokyo-hikifune-hp.jp/" }, "geometry": { "type": "Point", "coordinates": [ 139.817064499999987, 35.7176697 ] } },
{ "type": "Feature", "properties": { "内容": "介護老人保健施設ベレール向島【通所リハビリテーション】東京都墨田区東向島2-36-11", "url": "https://www.kaigokensaku.mhlw.go.jp/13/index.php?action_kouhyou_detail_004_kani=true&JigyosyoCd=1350780019-00&ServiceCd=160&Type=search", "url2": "http://www.shirahigebashi-hp.info/belair/" }, "geometry": { "type": "Point", "coordinates": [ 139.8181978, 35.7216348 ] } },
{ "type": "Feature", "properties": { "内容": "ろうけん隅田秋光園【通所リハビリテーション】東京都墨田区横網2丁目7番13号", "url": "https://www.kaigokensaku.mhlw.go.jp/13/index.php?action_kouhyou_detail_004_kani=true&JigyosyoCd=1350780027-00&ServiceCd=160&Type=search", "url2": "http://www.sousei.net" }, "geometry": { "type": "Point", "coordinates": [ 139.794855500000011, 35.7011026 ] } },
{ "type": "Feature", "properties": { "内容": "医療法人社団葵会　介護老人保健施設　葵の園・向島【通所リハビリテーション】東京都墨田区向島三丁目1番13号", "url": "https://www.kaigokensaku.mhlw.go.jp/13/index.php?action_kouhyou_detail_004_kani=true&JigyosyoCd=1357081169-00&ServiceCd=160&Type=search", "url2": "http://www.aoikai.jp/" }, "geometry": { "type": "Point", "coordinates": [ 139.806382399999961, 35.7129381 ] } },
{ "type": "Feature", "properties": { "内容": "櫻川介護老人保健施設【通所リハビリテーション】東京都墨田区堤通一丁目９番８号", "url": "https://www.kaigokensaku.mhlw.go.jp/13/index.php?action_kouhyou_detail_004_kani=true&JigyosyoCd=1357081375-00&ServiceCd=160&Type=search", "url2": "http://www.mct.or.jp" }, "geometry": { "type": "Point", "coordinates": [ 139.8111094, 35.7245758 ] } },
{ "type": "Feature", "properties": { "内容": "医療法人社団翠松会みどり整形外科クリニック【通所リハビリテーション】東京都墨田区緑1-14-2柏原マンション101号室", "url": "https://www.kaigokensaku.mhlw.go.jp/13/index.php?action_kouhyou_detail_004_kani=true&JigyosyoCd=1310727362-00&ServiceCd=160&Type=search", "url2": "http://www.midoriseikei.com" }, "geometry": { "type": "Point", "coordinates": [ 139.7992573, 35.6943353 ] } },
{ "type": "Feature", "properties": { "内容": "介護老人保健施設キーストーン　通所リハビリテーション【通所リハビリテーション】東京都江東区亀戸3-36-1", "url": "https://www.kaigokensaku.mhlw.go.jp/13/index.php?action_kouhyou_detail_004_kani=true&JigyosyoCd=1350880017-00&ServiceCd=160&Type=search", "url2": "http://koseikai-to.or.jp/" }, "geometry": { "type": "Point", "coordinates": [ 139.819328700000028, 35.7072746 ] } },
{ "type": "Feature", "properties": { "内容": "あそか病院【通所リハビリテーション】東京都江東区住吉1丁目18番地1号", "url": "https://www.kaigokensaku.mhlw.go.jp/13/index.php?action_kouhyou_detail_004_kani=true&JigyosyoCd=1310814913-00&ServiceCd=160&Type=search", "url2": "http://www.asokakai.or.jp" }, "geometry": { "type": "Point", "coordinates": [ 139.8118891, 35.6899262 ] } },
{ "type": "Feature", "properties": { "内容": "介護老人保健施設　葵の園・江東区【通所リハビリテーション】東京都江東区北砂2-18-1", "url": "https://www.kaigokensaku.mhlw.go.jp/13/index.php?action_kouhyou_detail_004_kani=true&JigyosyoCd=1350880025-00&ServiceCd=160&Type=search", "url2": "http://www.aoikai.jp/koutouku/" }, "geometry": { "type": "Point", "coordinates": [ 139.826375871163918, 35.681166819900234 ] } },
{ "type": "Feature", "properties": { "内容": "東京城東病院附属介護老人保健施設【通所リハビリテーション】東京都江東区亀戸９丁目13-1", "url": "https://www.kaigokensaku.mhlw.go.jp/13/index.php?action_kouhyou_detail_004_kani=true&JigyosyoCd=1357080286-00&ServiceCd=160&Type=search", "url2": "http://joto.jcho.go.jp/" }, "geometry": { "type": "Point", "coordinates": [ 139.8459348, 35.6952155 ] } },
{ "type": "Feature", "properties": { "内容": "介護老人保健施設　メディケアイースト【通所リハビリテーション】東京都江東区新砂３－３－３８", "url": "https://www.kaigokensaku.mhlw.go.jp/13/index.php?action_kouhyou_detail_004_kani=true&JigyosyoCd=1357081144-00&ServiceCd=160&Type=search", "url2": "http://www.wafukai.or.jp" }, "geometry": { "type": "Point", "coordinates": [ 139.832308399999988, 35.665402 ] } },
{ "type": "Feature", "properties": { "内容": "介護老人保健施設　かがやきライフ江東【通所リハビリテーション】東京都江東区枝川三丁目8番18号", "url": "https://www.kaigokensaku.mhlw.go.jp/13/index.php?action_kouhyou_detail_004_kani=true&JigyosyoCd=1357081359-00&ServiceCd=160&Type=search", "url2": "http://www.junkoukai.com" }, "geometry": { "type": "Point", "coordinates": [ 139.811941299999944, 35.658744 ] } },
{ "type": "Feature", "properties": { "内容": "森井整形外科通所リハビリテーション【通所リハビリテーション】東京都江東区千田13-13１‐２F", "url": "https://www.kaigokensaku.mhlw.go.jp/13/index.php?action_kouhyou_detail_004_kani=true&JigyosyoCd=1310827238-00&ServiceCd=160&Type=search", "url2": "https://morii-orth.jp/" }, "geometry": { "type": "Point", "coordinates": [ 139.815362700000037, 35.6818441 ] } },
{ "type": "Feature", "properties": { "内容": "医療法人社団田尻整形外科【通所リハビリテーション】東京都江東区東砂４－２２－１", "url": "https://www.kaigokensaku.mhlw.go.jp/13/index.php?action_kouhyou_detail_004_kani=true&JigyosyoCd=1310828053-00&ServiceCd=160&Type=search", "url2": "http://www.tajiri-seikeigeka.com/" }, "geometry": { "type": "Point", "coordinates": [ 139.840344, 35.6798022 ] } },
{ "type": "Feature", "properties": { "内容": "介護老人保健施設　清らかの里【通所リハビリテーション】東京都江東区東砂四丁目２０番２号愛育メディカルセンター", "url": "https://www.kaigokensaku.mhlw.go.jp/13/index.php?action_kouhyou_detail_004_kani=true&JigyosyoCd=1357081086-00&ServiceCd=160&Type=search", "url2": "http://www.aiiku-med.or.jp/index.html" }, "geometry": { "type": "Point", "coordinates": [ 139.838693799999987, 35.6778312 ] } },
{ "type": "Feature", "properties": { "内容": "介護老人保健施設ソピア御殿山【通所リハビリテーション】東京都品川区北品川５丁目２番地１号品川リハビリテーションパーク・品川区立大崎図書館", "url": "https://www.kaigokensaku.mhlw.go.jp/13/index.php?action_kouhyou_detail_004_kani=true&JigyosyoCd=1350980015-00&ServiceCd=160&Type=search", "url2": "http://kcmi.or.jp/sopiagotenyama/" }, "geometry": { "type": "Point", "coordinates": [ 139.7317002, 35.623211 ] } },
{ "type": "Feature", "properties": { "内容": "介護老人保健施設ケアセンター南大井【通所リハビリテーション】東京都品川区南大井5-19-1高齢者保健福祉複合施設", "url": "https://www.kaigokensaku.mhlw.go.jp/13/index.php?action_kouhyou_detail_004_kani=true&JigyosyoCd=1357080864-00&ServiceCd=160&Type=search", "url2": "http://www.sakurakai.jp" }, "geometry": { "type": "Point", "coordinates": [ 139.733981099999937, 35.5946474 ] } },
{ "type": "Feature", "properties": { "内容": "清泉クリニック整形外科【通所リハビリテーション】東京都品川区東五反田2-3-5五反田中央ビル2階", "url": "https://www.kaigokensaku.mhlw.go.jp/13/index.php?action_kouhyou_detail_004_kani=true&JigyosyoCd=1310935510-00&ServiceCd=160&Type=search", "url2": "https://seisen.info/gotanda/" }, "geometry": { "type": "Point", "coordinates": [ 139.7264341, 35.6254617 ] } },
{ "type": "Feature", "properties": { "内容": "おおい宮本整形外科【通所リハビリテーション】東京都品川区大井２丁目１−１大井2丁目メディカルセンター2階", "url": "https://www.kaigokensaku.mhlw.go.jp/13/index.php?action_kouhyou_detail_004_kani=true&JigyosyoCd=1310935643-00&ServiceCd=160&Type=search", "url2": "https://oi-miyamoto-seikei.com/" }, "geometry": { "type": "Point", "coordinates": [ 139.729838, 35.6069308 ] } },
{ "type": "Feature", "properties": { "内容": "宮本整形外科【通所リハビリテーション】東京都品川区西大井１丁目４−２５コア・スターレ西大井第一ビル2F", "url": "https://www.kaigokensaku.mhlw.go.jp/13/index.php?action_kouhyou_detail_004_kani=true&JigyosyoCd=1310935395-00&ServiceCd=160&Type=search", "url2": "https://www.miyamoto-seikei.com/" }, "geometry": { "type": "Point", "coordinates": [ 139.722477199999986, 35.602191099999985 ] } },
{ "type": "Feature", "properties": { "内容": "介護老人保健施設リハビリパーク目黒【通所リハビリテーション】東京都目黒区中央町2-5-12", "url": "https://www.kaigokensaku.mhlw.go.jp/13/index.php?action_kouhyou_detail_004_kani=true&JigyosyoCd=1357081425-00&ServiceCd=160&Type=search", "url2": "http://www.rehabili-park.com" }, "geometry": { "type": "Point", "coordinates": [ 139.692538600000034, 35.6316445 ] } },
{ "type": "Feature", "properties": { "内容": "医療法人社団　順信会　目黒整形外科内科【通所リハビリテーション】東京都目黒区目黒本町6-1-2友愛ビル1階", "url": "https://www.kaigokensaku.mhlw.go.jp/13/index.php?action_kouhyou_detail_004_kani=true&JigyosyoCd=1311028265-00&ServiceCd=160&Type=search", "url2": "http://www.meguro-seikei.com" }, "geometry": { "type": "Point", "coordinates": [ 139.697277399999962, 35.6221263 ] } },
{ "type": "Feature", "properties": { "内容": "医療法人財団日扇会第一病院【通所リハビリテーション】東京都目黒区中根2-10-20", "url": "https://www.kaigokensaku.mhlw.go.jp/13/index.php?action_kouhyou_detail_004_kani=true&JigyosyoCd=1311070671-00&ServiceCd=160&Type=search", "url2": "http://www.nissenkai.or.jp" }, "geometry": { "type": "Point", "coordinates": [ 139.676543400000014, 35.6147877 ] } },
{ "type": "Feature", "properties": { "内容": "みうら健内科クリニック【通所リハビリテーション】東京都大田区東六郷1-26-13ベルマール", "url": "https://www.kaigokensaku.mhlw.go.jp/13/index.php?action_kouhyou_detail_004_kani=true&JigyosyoCd=1315622345-00&ServiceCd=160&Type=search", "url2": "https://miurake-clinic.jp" }, "geometry": { "type": "Point", "coordinates": [ 139.7180052, 35.5519586 ] } },
{ "type": "Feature", "properties": { "内容": "大田ナーシングホーム翔裕園【通所リハビリテーション】東京都大田区東六郷1-12-11", "url": "https://www.kaigokensaku.mhlw.go.jp/13/index.php?action_kouhyou_detail_004_kani=true&JigyosyoCd=1357081243-00&ServiceCd=160&Type=search", "url2": "http://www.chojumura.or.jp/ota-n/index.htm" }, "geometry": { "type": "Point", "coordinates": [ 139.719637299999931, 35.5538191 ] } },
{ "type": "Feature", "properties": { "内容": "介護老人保健施設　和光の園　通所リハビリテーション【通所リハビリテーション】東京都大田区大森西４-１２-１", "url": "https://www.kaigokensaku.mhlw.go.jp/13/index.php?action_kouhyou_detail_004_kani=true&JigyosyoCd=1351180029-00&ServiceCd=160&Type=search", "url2": "https://waconosono-wacokai.jp" }, "geometry": { "type": "Point", "coordinates": [ 139.723163600000021, 35.5727358 ] } },
{ "type": "Feature", "properties": { "内容": "医療法人社団　英和会　町田整形外科【通所リハビリテーション】東京都大田区西蒲田5-20-3", "url": "https://www.kaigokensaku.mhlw.go.jp/13/index.php?action_kouhyou_detail_004_kani=true&JigyosyoCd=1311133537-00&ServiceCd=160&Type=search", "url2": "http://machidaseikei.or.jp/" }, "geometry": { "type": "Point", "coordinates": [ 139.71440670000004, 35.5653173 ] } },
{ "type": "Feature", "properties": { "内容": "医療法人社団仁平会　平和島整形外科【通所リハビリテーション】東京都大田区大森北六丁目17番13号", "url": "https://www.kaigokensaku.mhlw.go.jp/13/index.php?action_kouhyou_detail_004_kani=true&JigyosyoCd=1311135995-00&ServiceCd=160&Type=search", "url2": null }, "geometry": { "type": "Point", "coordinates": [ 139.732979, 35.5790719 ] } },
{ "type": "Feature", "properties": { "内容": "医療法人社団メドビュー東京ちどり病院【通所リハビリテーション】東京都大田区千鳥2-39-10", "url": "https://www.kaigokensaku.mhlw.go.jp/13/index.php?action_kouhyou_detail_004_kani=true&JigyosyoCd=1311171073-00&ServiceCd=160&Type=search", "url2": "http://www.yoshieikai.com/chidori/index.html" }, "geometry": { "type": "Point", "coordinates": [ 139.695883799999962, 35.5678025 ] } },
{ "type": "Feature", "properties": { "内容": "東京リハビリ整形外科クリニック　おおた【通所リハビリテーション】東京都大田区蒲田一丁目9番11号1階", "url": "https://www.kaigokensaku.mhlw.go.jp/13/index.php?action_kouhyou_detail_004_kani=true&JigyosyoCd=1315622212-00&ServiceCd=160&Type=search", "url2": "http://tokyoreha-cl.com/" }, "geometry": { "type": "Point", "coordinates": [ 139.719980600000014, 35.5666602 ] } },
{ "type": "Feature", "properties": { "内容": "社会医療法人財団　仁医会　介護老人保健施設　大森平和の里【通所リハビリテーション】東京都大田区大森本町１丁目７番６号", "url": "https://www.kaigokensaku.mhlw.go.jp/13/index.php?action_kouhyou_detail_004_kani=true&JigyosyoCd=1357081219-00&ServiceCd=160&Type=search", "url2": "http://www.makita-hosp.or.jp/omori/" }, "geometry": { "type": "Point", "coordinates": [ 139.736756499999956, 35.5850458 ] } },
{ "type": "Feature", "properties": { "内容": "京浜診療所【通所リハビリテーション】東京都大田区東六郷1-27-4", "url": "https://www.kaigokensaku.mhlw.go.jp/13/index.php?action_kouhyou_detail_004_kani=true&JigyosyoCd=1371100445-00&ServiceCd=160&Type=search", "url2": "http://www.keihin-shin.jp/" }, "geometry": { "type": "Point", "coordinates": [ 139.718993100000034, 35.5510473 ] } },
{ "type": "Feature", "properties": { "内容": "山王リハビリ・クリニック【通所リハビリテーション】東京都大田区東雪谷3-4-22F", "url": "https://www.kaigokensaku.mhlw.go.jp/13/index.php?action_kouhyou_detail_004_kani=true&JigyosyoCd=1311138726-00&ServiceCd=160&Type=search", "url2": "http://www.sanno-rc.com/" }, "geometry": { "type": "Point", "coordinates": [ 139.690065800000042, 35.5955118 ] } },
{ "type": "Feature", "properties": { "内容": "東馬込しば整形外科【通所リハビリテーション】東京都大田区東馬込１－１９－３", "url": "https://www.kaigokensaku.mhlw.go.jp/13/index.php?action_kouhyou_detail_004_kani=true&JigyosyoCd=1315620372-00&ServiceCd=160&Type=search", "url2": "http://shiba-seikei.jp" }, "geometry": { "type": "Point", "coordinates": [ 139.714499100000012, 35.5968605 ] } },
{ "type": "Feature", "properties": { "内容": "医療法人社団くどうちあき脳神経外科クリニック【通所リハビリテーション】東京都大田区大森北1-23-10ナンカ堂ビル4階", "url": "https://www.kaigokensaku.mhlw.go.jp/13/index.php?action_kouhyou_detail_004_kani=true&JigyosyoCd=1315621693-00&ServiceCd=160&Type=search", "url2": "http://genkidanou.kudohchiaki.com" }, "geometry": { "type": "Point", "coordinates": [ 139.730658799999986, 35.5849974 ] } },
{ "type": "Feature", "properties": { "内容": "糀谷病院　通所リハビリテーション【通所リハビリテーション】東京都大田区南蒲田三丁目12番5号1階", "url": "https://www.kaigokensaku.mhlw.go.jp/13/index.php?action_kouhyou_detail_004_kani=true&JigyosyoCd=1371101849-00&ServiceCd=160&Type=search", "url2": null }, "geometry": { "type": "Point", "coordinates": [ 139.728724823278753, 35.553671244938961 ] } },
{ "type": "Feature", "properties": { "内容": "大田病院【通所リハビリテーション】東京都大田区大森東4-4-14", "url": "https://www.kaigokensaku.mhlw.go.jp/13/index.php?action_kouhyou_detail_004_kani=true&JigyosyoCd=1371105436-00&ServiceCd=160&Type=search", "url2": "http://othp.c-pronet.jp" }, "geometry": { "type": "Point", "coordinates": [ 139.737904599999979, 35.5691784 ] } },
{ "type": "Feature", "properties": { "内容": "介護医療院セントラル大田【通所リハビリテーション】東京都大田区中央8-34-10", "url": "https://www.kaigokensaku.mhlw.go.jp/13/index.php?action_kouhyou_detail_004_kani=true&JigyosyoCd=13B1100024-00&ServiceCd=160&Type=search", "url2": "https://central.or.jp/facilities/ohtaku03.php" }, "geometry": { "type": "Point", "coordinates": [ 139.7182247, 35.570806 ] } },
{ "type": "Feature", "properties": { "内容": "介護老人保健施設　アクア東糀谷【通所リハビリテーション】東京都大田区東糀谷六丁目４番１７号", "url": "https://www.kaigokensaku.mhlw.go.jp/13/index.php?action_kouhyou_detail_004_kani=true&JigyosyoCd=1357081532-00&ServiceCd=160&Type=search", "url2": "http://www.zenkoukai.jp/" }, "geometry": { "type": "Point", "coordinates": [ 139.751026599999932, 35.5592414 ] } },
{ "type": "Feature", "properties": { "内容": "介護老人保健施設　コージーハウスはすぬま【通所リハビリテーション】東京都大田区東矢口３丁目８番１１号", "url": "https://www.kaigokensaku.mhlw.go.jp/13/index.php?action_kouhyou_detail_004_kani=true&JigyosyoCd=1357081409-00&ServiceCd=160&Type=search", "url2": "http://www.seikou-kai.jp/cozy/" }, "geometry": { "type": "Point", "coordinates": [ 139.706135499999959, 35.5632482 ] } },
{ "type": "Feature", "properties": { "内容": "介護老人保健施設　うなね杏霞苑【通所リハビリテーション】東京都世田谷区宇奈根3丁目12番29号介護老人保健施設　うなね杏霞苑", "url": "https://www.kaigokensaku.mhlw.go.jp/13/index.php?action_kouhyou_detail_004_kani=true&JigyosyoCd=1357080856-00&ServiceCd=160&Type=search", "url2": "http://www.kyokaen.org" }, "geometry": { "type": "Point", "coordinates": [ 139.604601571163954, 35.624845685971835 ] } },
{ "type": "Feature", "properties": { "内容": "医療法人社団輝生会　成城リハビリテーション病院【通所リハビリテーション】東京都世田谷区祖師谷3-8-7ガーデン成城ビル　地下1階・1階・2階・3階", "url": "https://www.kaigokensaku.mhlw.go.jp/13/index.php?action_kouhyou_detail_004_kani=true&JigyosyoCd=1315570080-00&ServiceCd=160&Type=search", "url2": "http://seijo-reha.com/" }, "geometry": { "type": "Point", "coordinates": [ 139.6049127, 35.6424858 ] } },
{ "type": "Feature", "properties": { "内容": "通所リハビリテーションセンター梅ヶ丘【通所リハビリテーション】東京都世田谷区松原六丁目37番1号", "url": "https://www.kaigokensaku.mhlw.go.jp/13/index.php?action_kouhyou_detail_004_kani=true&JigyosyoCd=1351280035-00&ServiceCd=160&Type=search", "url2": "http://www.tokyo-rehabili.jp/" }, "geometry": { "type": "Point", "coordinates": [ 139.650629400000014, 35.6576848 ] } },
{ "type": "Feature", "properties": { "内容": "老人保健施設　ビバ・フローラ【通所リハビリテーション】東京都世田谷区世田谷１丁目１６番２号", "url": "https://www.kaigokensaku.mhlw.go.jp/13/index.php?action_kouhyou_detail_004_kani=true&JigyosyoCd=1357080336-00&ServiceCd=160&Type=search", "url2": "http://viva.setagaya-hp.or.jp/" }, "geometry": { "type": "Point", "coordinates": [ 139.650431, 35.6415949 ] } },
{ "type": "Feature", "properties": { "内容": "介護老人保健施設　ホスピア三軒茶屋【通所リハビリテーション】東京都世田谷区三軒茶屋1-16-13", "url": "https://www.kaigokensaku.mhlw.go.jp/13/index.php?action_kouhyou_detail_004_kani=true&JigyosyoCd=1357080351-00&ServiceCd=160&Type=search", "url2": "http://www.hospia-sangenjaya.net" }, "geometry": { "type": "Point", "coordinates": [ 139.670540399999936, 35.6401817 ] } },
{ "type": "Feature", "properties": { "内容": "介護老人保健施設玉川すばる通所リハビリテーション【通所リハビリテーション】東京都世田谷区瀬田４－１－１４", "url": "https://www.kaigokensaku.mhlw.go.jp/13/index.php?action_kouhyou_detail_004_kani=true&JigyosyoCd=1357081474-00&ServiceCd=160&Type=search", "url2": "http://www.tamagawasubaru.com" }, "geometry": { "type": "Point", "coordinates": [ 139.627675899999986, 35.6178677 ] } },
{ "type": "Feature", "properties": { "内容": "医療法人社団　山手クリニック【通所リハビリテーション】東京都世田谷区代沢2-28-11ＤＡＩＺＡＷＡ　ＦＬＡＴ", "url": "https://www.kaigokensaku.mhlw.go.jp/13/index.php?action_kouhyou_detail_004_kani=true&JigyosyoCd=1315527064-00&ServiceCd=160&Type=search", "url2": "http://www.yamateclinic.jp/" }, "geometry": { "type": "Point", "coordinates": [ 139.668528899999956, 35.6586905 ] } },
{ "type": "Feature", "properties": { "内容": "ふくろうクリニック自由が丘【通所リハビリテーション】東京都世田谷区奥沢6-20-23フォーラム自由が丘1F-A、2F-A", "url": "https://www.kaigokensaku.mhlw.go.jp/13/index.php?action_kouhyou_detail_004_kani=true&JigyosyoCd=1315530563-00&ServiceCd=160&Type=search", "url2": "https://www.296296.jp/jiyugaoka/" }, "geometry": { "type": "Point", "coordinates": [ 139.665677100000011, 35.6045941 ] } },
{ "type": "Feature", "properties": { "内容": "木内整形外科【通所リハビリテーション】東京都世田谷区松原1-33-10", "url": "https://www.kaigokensaku.mhlw.go.jp/13/index.php?action_kouhyou_detail_004_kani=true&JigyosyoCd=1315530795-00&ServiceCd=160&Type=search", "url2": "https://pcc-t.jp/" }, "geometry": { "type": "Point", "coordinates": [ 139.651716782820699, 35.667712851544593 ] } },
{ "type": "Feature", "properties": { "内容": "せきね整形外科桜丘クリニック【通所リハビリテーション】東京都世田谷区桜丘３−１０−２２メディカルヴィレッジ桜丘１階", "url": "https://www.kaigokensaku.mhlw.go.jp/13/index.php?action_kouhyou_detail_004_kani=true&JigyosyoCd=1315531066-00&ServiceCd=160&Type=search", "url2": "http://sekine-seikei.jp" }, "geometry": { "type": "Point", "coordinates": [ 139.6282905, 35.6427543 ] } },
{ "type": "Feature", "properties": { "内容": "医療法人社団美誠会　介護老人保健施設　サンセール世田谷大蔵【通所リハビリテーション】東京都世田谷区大蔵1-3-22", "url": "https://www.kaigokensaku.mhlw.go.jp/13/index.php?action_kouhyou_detail_004_kani=true&JigyosyoCd=1351280019-00&ServiceCd=160&Type=search", "url2": "http://www.sin-setagayaokura.com/" }, "geometry": { "type": "Point", "coordinates": [ 139.6211644, 35.635679 ] } },
{ "type": "Feature", "properties": { "内容": "医療法人社団　リバイブ　吉野クリニック【通所リハビリテーション】東京都世田谷区南烏山5-1-15ヒエモトビル102", "url": "https://www.kaigokensaku.mhlw.go.jp/13/index.php?action_kouhyou_detail_004_kani=true&JigyosyoCd=1371205251-00&ServiceCd=160&Type=search", "url2": "https://yoshino.clinic" }, "geometry": { "type": "Point", "coordinates": [ 139.603757, 35.6663798 ] } },
{ "type": "Feature", "properties": { "内容": "医療法人社団篠田会　大原クリニック【通所リハビリテーション】東京都世田谷区大原2-23-19", "url": "https://www.kaigokensaku.mhlw.go.jp/13/index.php?action_kouhyou_detail_004_kani=true&JigyosyoCd=1315525407-00&ServiceCd=160&Type=search", "url2": "http://www.ohara-clinic.net/" }, "geometry": { "type": "Point", "coordinates": [ 139.6604486, 35.6719637 ] } },
{ "type": "Feature", "properties": { "内容": "一般財団法人平和協会駒沢診療所【通所リハビリテーション】東京都世田谷区上馬4丁目5番8号", "url": "https://www.kaigokensaku.mhlw.go.jp/13/index.php?action_kouhyou_detail_004_kani=true&JigyosyoCd=1371200526-00&ServiceCd=160&Type=search", "url2": "https://komazawa-cl.jp" }, "geometry": { "type": "Point", "coordinates": [ 139.6608387, 35.6341043 ] } },
{ "type": "Feature", "properties": { "内容": "デイケアかとり【通所リハビリテーション】東京都世田谷区世田谷1-42-11", "url": "https://www.kaigokensaku.mhlw.go.jp/13/index.php?action_kouhyou_detail_004_kani=true&JigyosyoCd=1371201540-00&ServiceCd=160&Type=search", "url2": "http://www.tamonkai.or.jp/" }, "geometry": { "type": "Point", "coordinates": [ 139.645075899999938, 35.6410616 ] } },
{ "type": "Feature", "properties": { "内容": "参宮橋整形外科・内科【通所リハビリテーション】東京都渋谷区代々木5-55-7", "url": "https://www.kaigokensaku.mhlw.go.jp/13/index.php?action_kouhyou_detail_004_kani=true&JigyosyoCd=1311335587-00&ServiceCd=160&Type=search", "url2": "http://website2.infomity.net/8020000496/" }, "geometry": { "type": "Point", "coordinates": [ 139.692365, 35.6778667 ] } },
{ "type": "Feature", "properties": { "内容": "和田整形外科クリニック【通所リハビリテーション】東京都渋谷区笹塚2-10-4Y笹塚ビル３F", "url": "https://www.kaigokensaku.mhlw.go.jp/13/index.php?action_kouhyou_detail_004_kani=true&JigyosyoCd=1311332253-00&ServiceCd=160&Type=search", "url2": "https://wada-seikei.com/" }, "geometry": { "type": "Point", "coordinates": [ 139.668264099999988, 35.675393200000016 ] } },
{ "type": "Feature", "properties": { "内容": "介護老人保健施設　グリーンポート恵比寿【通所リハビリテーション】東京都渋谷区恵比寿3-36-5", "url": "https://www.kaigokensaku.mhlw.go.jp/13/index.php?action_kouhyou_detail_004_kani=true&JigyosyoCd=1357080658-00&ServiceCd=160&Type=search", "url2": "http://green-port.dcsv.jp/" }, "geometry": { "type": "Point", "coordinates": [ 139.719058200000063, 35.6423995 ] } },
{ "type": "Feature", "properties": { "内容": "日本赤十字社総合福祉センター　介護老人保健施設　レクロス広尾【通所リハビリテーション】東京都渋谷区広尾4丁目1番２３号日本赤十字社総合福祉センター", "url": "https://www.kaigokensaku.mhlw.go.jp/13/index.php?action_kouhyou_detail_004_kani=true&JigyosyoCd=1351380017-00&ServiceCd=160&Type=search", "url2": "https://hiroo.jrc.or.jp" }, "geometry": { "type": "Point", "coordinates": [ 139.718999868647757, 35.654568273324806 ] } },
{ "type": "Feature", "properties": { "内容": "医療法人社団礼恵会むすび葉クリニック渋谷【通所リハビリテーション】東京都渋谷区東2-2-8渋谷第２TYビル2・3階", "url": "https://www.kaigokensaku.mhlw.go.jp/13/index.php?action_kouhyou_detail_004_kani=true&JigyosyoCd=1311336890-00&ServiceCd=160&Type=search", "url2": "https://musubiha.com/clinic" }, "geometry": { "type": "Point", "coordinates": [ 139.709155, 35.6546818 ] } },
{ "type": "Feature", "properties": { "内容": "初台リハビリテーション病院【通所リハビリテーション】東京都渋谷区本町3-53-3", "url": "https://www.kaigokensaku.mhlw.go.jp/13/index.php?action_kouhyou_detail_004_kani=true&JigyosyoCd=1311370162-00&ServiceCd=160&Type=search", "url2": "http://www.hatsudai-reha.or.jp" }, "geometry": { "type": "Point", "coordinates": [ 139.684109900000067, 35.6863016 ] } },
{ "type": "Feature", "properties": { "内容": "原宿リハビリテーション病院【通所リハビリテーション】東京都渋谷区神宮前6-26-1原宿リハビリテーション病院", "url": "https://www.kaigokensaku.mhlw.go.jp/13/index.php?action_kouhyou_detail_004_kani=true&JigyosyoCd=1316070015-00&ServiceCd=160&Type=search", "url2": null }, "geometry": { "type": "Point", "coordinates": [ 139.7024733, 35.666874200000024 ] } },
{ "type": "Feature", "properties": { "内容": "介護老人保健施設中野すみれ苑【通所リハビリテーション】東京都中野区弥生町6-7-16", "url": "https://www.kaigokensaku.mhlw.go.jp/13/index.php?action_kouhyou_detail_004_kani=true&JigyosyoCd=1351480015-00&ServiceCd=160&Type=search", "url2": "https://nakano-sumire.jp/" }, "geometry": { "type": "Point", "coordinates": [ 139.66136474722137, 35.685937213908112 ] } },
{ "type": "Feature", "properties": { "内容": "医療法人社団　くまくぼ整形外科【通所リハビリテーション】東京都中野区沼袋１－７－１４西武沼袋医院ビル３階４階５階", "url": "https://www.kaigokensaku.mhlw.go.jp/13/index.php?action_kouhyou_detail_004_kani=true&JigyosyoCd=1311429794-00&ServiceCd=160&Type=search", "url2": "http://www.kumakubo.com" }, "geometry": { "type": "Point", "coordinates": [ 139.664185, 35.7188863 ] } },
{ "type": "Feature", "properties": { "内容": "通所リハビリテーションセンター江古田の森【通所リハビリテーション】東京都中野区江古田3-14-19", "url": "https://www.kaigokensaku.mhlw.go.jp/13/index.php?action_kouhyou_detail_004_kani=true&JigyosyoCd=1357081540-00&ServiceCd=160&Type=search", "url2": "http://www.kaigo-egota.com" }, "geometry": { "type": "Point", "coordinates": [ 139.665365, 35.729588 ] } },
{ "type": "Feature", "properties": { "内容": "医療法人社団みやび　みやびハート＆ケアクリニック【通所リハビリテーション】東京都中野区中央3-35-4ナビウス新中野1階EAST", "url": "https://www.kaigokensaku.mhlw.go.jp/13/index.php?action_kouhyou_detail_004_kani=true&JigyosyoCd=1311433135-00&ServiceCd=160&Type=search", "url2": "https://miyabi-heart.jp/" }, "geometry": { "type": "Point", "coordinates": [ 139.6710295, 35.698172 ] } },
{ "type": "Feature", "properties": { "内容": "頭とからだのクリニック　かねなか脳神経外科【通所リハビリテーション】東京都中野区中央４ー４ー２VERT第9ビル", "url": "https://www.kaigokensaku.mhlw.go.jp/13/index.php?action_kouhyou_detail_004_kani=true&JigyosyoCd=1311433457-00&ServiceCd=160&Type=search", "url2": "https://www.kanenaka-neurosurgeryclinic.tokyo/" }, "geometry": { "type": "Point", "coordinates": [ 139.668955899999986, 35.6976409 ] } },
{ "type": "Feature", "properties": { "内容": "医療法人財団　健貢会　総合東京病院【通所リハビリテーション】東京都中野区江古田3-15-2", "url": "https://www.kaigokensaku.mhlw.go.jp/13/index.php?action_kouhyou_detail_004_kani=true&JigyosyoCd=1311470079-00&ServiceCd=160&Type=search", "url2": "https://www.tokyo-hospital.com/" }, "geometry": { "type": "Point", "coordinates": [ 139.664396563540805, 35.727985173673005 ] } },
{ "type": "Feature", "properties": { "内容": "社会医療法人社団　健友会　中野共立病院附属　中野共立診療所【通所リハビリテーション】東京都中野区中野5-45-4中野共立診療所　通所リハビリ室", "url": "https://www.kaigokensaku.mhlw.go.jp/13/index.php?action_kouhyou_detail_004_kani=true&JigyosyoCd=1371401298-00&ServiceCd=160&Type=search", "url2": "http://www.kenyu-kai.or.jp" }, "geometry": { "type": "Point", "coordinates": [ 139.667346299999963, 35.7081902 ] } },
{ "type": "Feature", "properties": { "内容": "社会福祉法人浴風会　老健くぬぎ【通所リハビリテーション】東京都杉並区高井戸西1-12-1", "url": "https://www.kaigokensaku.mhlw.go.jp/13/index.php?action_kouhyou_detail_004_kani=true&JigyosyoCd=1351580012-00&ServiceCd=160&Type=search", "url2": "https://www.yokufuukai.or.jp/facility/kunugi.html" }, "geometry": { "type": "Point", "coordinates": [ 139.609212690074173, 35.680325496000918 ] } },
{ "type": "Feature", "properties": { "内容": "ブース記念老人保健施設　グレイス【通所リハビリテーション】東京都杉並区和田１－４０－１５", "url": "https://www.kaigokensaku.mhlw.go.jp/13/index.php?action_kouhyou_detail_004_kani=true&JigyosyoCd=1357080195-00&ServiceCd=160&Type=search", "url2": "https://grace.salvationarmy.or.jp/" }, "geometry": { "type": "Point", "coordinates": [ 139.660480900000039, 35.6911725 ] } },
{ "type": "Feature", "properties": { "内容": "介護老人保健施設　ウェルファー【通所リハビリテーション】東京都杉並区堀ノ内１－６－６", "url": "https://www.kaigokensaku.mhlw.go.jp/13/index.php?action_kouhyou_detail_004_kani=true&JigyosyoCd=1357080583-00&ServiceCd=160&Type=search", "url2": "http://www.welfare.or.jp" }, "geometry": { "type": "Point", "coordinates": [ 139.6535235, 35.6831316 ] } },
{ "type": "Feature", "properties": { "内容": "西島整形外科・リウマチクリニック【通所リハビリテーション】東京都浜田山4-16-4ライオンズ浜田山セントマークス118", "url": "https://www.kaigokensaku.mhlw.go.jp/13/index.php?action_kouhyou_detail_004_kani=true&JigyosyoCd=1311536960-00&ServiceCd=160&Type=search", "url2": "http://www.nishijima-clinic.com" }, "geometry": { "type": "Point", "coordinates": [ 139.625982599999986, 35.6860757 ] } },
{ "type": "Feature", "properties": { "内容": "山中整形外科内科クリニック　通所リハビリテーション【通所リハビリテーション】東京都杉並区西荻南2-25-17", "url": "https://www.kaigokensaku.mhlw.go.jp/13/index.php?action_kouhyou_detail_004_kani=true&JigyosyoCd=1311539519-00&ServiceCd=160&Type=search", "url2": "https://yamanaka-cl.net/" }, "geometry": { "type": "Point", "coordinates": [ 139.5998778, 35.7013068 ] } },
{ "type": "Feature", "properties": { "内容": "医療法人社団慶耕会あべ整形外科【通所リハビリテーション】東京都杉並区上井草1-23-7", "url": "https://www.kaigokensaku.mhlw.go.jp/13/index.php?action_kouhyou_detail_004_kani=true&JigyosyoCd=1311539774-00&ServiceCd=160&Type=search", "url2": "https://abe-seikei.tokyo" }, "geometry": { "type": "Point", "coordinates": [ 139.6138335, 35.7225487 ] } },
{ "type": "Feature", "properties": { "内容": "介護老人保健施設シーダ・ウォーク【通所リハビリテーション】東京都杉並区桃井3-4-9", "url": "https://www.kaigokensaku.mhlw.go.jp/13/index.php?action_kouhyou_detail_004_kani=true&JigyosyoCd=1357081284-00&ServiceCd=160&Type=search", "url2": "http://kawakita.or.jp/cedar/" }, "geometry": { "type": "Point", "coordinates": [ 139.605684699999983, 35.7116972 ] } },
{ "type": "Feature", "properties": { "内容": "上井草診療所デイケア【通所リハビリテーション】東京都杉並区今川3-30-10上井草診療所　4階", "url": "https://www.kaigokensaku.mhlw.go.jp/13/index.php?action_kouhyou_detail_004_kani=true&JigyosyoCd=1371502301-00&ServiceCd=160&Type=search", "url2": "http://www.seibu.coop/" }, "geometry": { "type": "Point", "coordinates": [ 139.605562299999974, 35.7189463 ] } },
{ "type": "Feature", "properties": { "内容": "社会医療法人社団健友会　西荻窪診療所【通所リハビリテーション】東京都杉並区西荻南4-2-7西荻窪診療所　通所リハビリ室", "url": "https://www.kaigokensaku.mhlw.go.jp/13/index.php?action_kouhyou_detail_004_kani=true&JigyosyoCd=1371500719-00&ServiceCd=160&Type=search", "url2": "http://www.kenyu-kai.or.jp" }, "geometry": { "type": "Point", "coordinates": [ 139.6049435, 35.6995152 ] } },
{ "type": "Feature", "properties": { "内容": "一般社団法人衛生文化協会　城西病院【通所リハビリテーション】東京都杉並区上荻2-42-11", "url": "https://www.kaigokensaku.mhlw.go.jp/13/index.php?action_kouhyou_detail_004_kani=true&JigyosyoCd=1311570928-00&ServiceCd=160&Type=search", "url2": "https://www.johsai-hp.or.jp/" }, "geometry": { "type": "Point", "coordinates": [ 139.614559099999951, 35.7079605 ] } },
{ "type": "Feature", "properties": { "内容": "荻窪整形外科【通所リハビリテーション】東京都杉並区荻窪５丁目１７番１４", "url": "https://www.kaigokensaku.mhlw.go.jp/13/index.php?action_kouhyou_detail_004_kani=true&JigyosyoCd=1311538925-00&ServiceCd=160&Type=search", "url2": "https://o-r-clinic.jp" }, "geometry": { "type": "Point", "coordinates": [ 139.618454199999974, 35.7034286 ] } },
{ "type": "Feature", "properties": { "内容": "池袋えびすの郷【通所リハビリテーション】東京都豊島区池袋本町2-34-1", "url": "https://www.kaigokensaku.mhlw.go.jp/13/index.php?action_kouhyou_detail_004_kani=true&JigyosyoCd=1357081235-00&ServiceCd=160&Type=search", "url2": "http://www.ikebukuro-ebisunosato.or.jp" }, "geometry": { "type": "Point", "coordinates": [ 139.709005, 35.742949 ] } },
{ "type": "Feature", "properties": { "内容": "介護老人保健施設安寿【通所リハビリテーション】東京都豊島区南池袋3-7-8", "url": "https://www.kaigokensaku.mhlw.go.jp/13/index.php?action_kouhyou_detail_004_kani=true&JigyosyoCd=1357081383-00&ServiceCd=160&Type=search", "url2": "http://care-net.biz/13/zuiunkai-ange/" }, "geometry": { "type": "Point", "coordinates": [ 139.7120999, 35.7235511 ] } },
{ "type": "Feature", "properties": { "内容": "医療法人社団　健拓会　西沢クリニック【通所リハビリテーション】東京都豊島区東池袋5-49-6白峰社ビル5・6階", "url": "https://www.kaigokensaku.mhlw.go.jp/13/index.php?action_kouhyou_detail_004_kani=true&JigyosyoCd=1311634773-00&ServiceCd=160&Type=search", "url2": "https://kentaku-nishizawa.com" }, "geometry": { "type": "Point", "coordinates": [ 139.727906800000028, 35.7268791 ] } },
{ "type": "Feature", "properties": { "内容": "医療法人社団　凜生会　目白整形外科内科【通所リハビリテーション】東京都豊島区目白2-38-2", "url": "https://www.kaigokensaku.mhlw.go.jp/13/index.php?action_kouhyou_detail_004_kani=true&JigyosyoCd=1311635291-00&ServiceCd=160&Type=search", "url2": "http://www.mejiro-seikei.com/" }, "geometry": { "type": "Point", "coordinates": [ 139.70752820000007, 35.7218122 ] } },
{ "type": "Feature", "properties": { "内容": "山口医院・ことぶき【通所リハビリテーション】東京都豊島区西巣鴨1-19-17", "url": "https://www.kaigokensaku.mhlw.go.jp/13/index.php?action_kouhyou_detail_004_kani=true&JigyosyoCd=1311636000-00&ServiceCd=160&Type=search", "url2": "http://yamaguchi-hp.com" }, "geometry": { "type": "Point", "coordinates": [ 139.725290200000018, 35.7369561 ] } },
{ "type": "Feature", "properties": { "内容": "南池袋介護老人保健施設アバンセ【通所リハビリテーション】東京都豊島区南池袋4-6-1南池袋アバンセ", "url": "https://www.kaigokensaku.mhlw.go.jp/13/index.php?action_kouhyou_detail_004_kani=true&JigyosyoCd=1351680010-00&ServiceCd=160&Type=search", "url2": "http://zenjinkai.net/minamiikebukuro/" }, "geometry": { "type": "Point", "coordinates": [ 139.716429604893534, 35.721713214073965 ] } },
{ "type": "Feature", "properties": { "内容": "リハビリパーク滝野川【通所リハビリテーション】東京都北区滝野川６－１３－１３", "url": "https://www.kaigokensaku.mhlw.go.jp/13/index.php?action_kouhyou_detail_004_kani=true&JigyosyoCd=1351780026-00&ServiceCd=160&Type=search", "url2": "http://rehabili-park.com/sisetu/takinogawa/index.html" }, "geometry": { "type": "Point", "coordinates": [ 139.724423, 35.7435538 ] } },
{ "type": "Feature", "properties": { "内容": "介護老人保健施設はくちょう　通所リハビリテーションセンター【通所リハビリテーション】東京都北区田端3-18-24", "url": "https://www.kaigokensaku.mhlw.go.jp/13/index.php?action_kouhyou_detail_004_kani=true&JigyosyoCd=1351780034-00&ServiceCd=160&Type=search", "url2": "http://www.fukujukaigr.or.jp" }, "geometry": { "type": "Point", "coordinates": [ 139.7570131, 35.7359479 ] } },
{ "type": "Feature", "properties": { "内容": "介護老人保健施設　「太陽の都」【通所リハビリテーション】東京都北区浮間２－１－１３介護老人保健施設　「太陽の都」", "url": "https://www.kaigokensaku.mhlw.go.jp/13/index.php?action_kouhyou_detail_004_kani=true&JigyosyoCd=1357080559-00&ServiceCd=160&Type=search", "url2": "http://www.hakueikai.or.jp/taiyou/" }, "geometry": { "type": "Point", "coordinates": [ 139.700123800000028, 35.7926396 ] } },
{ "type": "Feature", "properties": { "内容": "東京北医療センター介護老人保健施設さくらの杜【通所リハビリテーション】東京都北区赤羽台４－１７－５６", "url": "https://www.kaigokensaku.mhlw.go.jp/13/index.php?action_kouhyou_detail_004_kani=true&JigyosyoCd=1357081185-00&ServiceCd=160&Type=search", "url2": "http://www.sakuranomori.jp/" }, "geometry": { "type": "Point", "coordinates": [ 139.711245299999973, 35.7840384 ] } },
{ "type": "Feature", "properties": { "内容": "滝野川病院附属介護老人保健施設指定通所リハビリテーション【通所リハビリテーション】東京都北区滝野川２－３２－１２滝野川病院2階", "url": "https://www.kaigokensaku.mhlw.go.jp/13/index.php?action_kouhyou_detail_004_kani=true&JigyosyoCd=1351780018-00&ServiceCd=160&Type=search", "url2": "http://www.takinogawa-hp.com" }, "geometry": { "type": "Point", "coordinates": [ 139.731303, 35.7505322 ] } },
{ "type": "Feature", "properties": { "内容": "医療法人社団博栄会　東京シニアケアセンター赤羽【通所リハビリテーション】東京都北区志茂1-19-14", "url": "https://www.kaigokensaku.mhlw.go.jp/13/index.php?action_kouhyou_detail_004_kani=true&JigyosyoCd=1351780042-00&ServiceCd=160&Type=search", "url2": "http://www.hakueikai.or.jp/seniorcarecenter/" }, "geometry": { "type": "Point", "coordinates": [ 139.727402899999987, 35.7773782 ] } },
{ "type": "Feature", "properties": { "内容": "医療法人社団田島厚生会　神谷病院【通所リハビリテーション】東京都北区神谷1-27-14", "url": "https://www.kaigokensaku.mhlw.go.jp/13/index.php?action_kouhyou_detail_004_kani=true&JigyosyoCd=1311711886-00&ServiceCd=160&Type=search", "url2": "http://www.tajima-group.or.jp/kamiya/" }, "geometry": { "type": "Point", "coordinates": [ 139.731568899999957, 35.7685608 ] } },
{ "type": "Feature", "properties": { "内容": "医療法人社団医食動健　つかさ内科【通所リハビリテーション】東京都北区西が丘3丁目17番10号西が丘サニーハイツ1階", "url": "https://www.kaigokensaku.mhlw.go.jp/13/index.php?action_kouhyou_detail_004_kani=true&JigyosyoCd=1311732585-00&ServiceCd=160&Type=search", "url2": "https://tsukasa-cl.jp/" }, "geometry": { "type": "Point", "coordinates": [ 139.7064947, 35.7689018 ] } },
{ "type": "Feature", "properties": { "内容": "医療法人社団　福寿会　赤羽岩渕病院【通所リハビリテーション】東京都北区赤羽２－６４－１３", "url": "https://www.kaigokensaku.mhlw.go.jp/13/index.php?action_kouhyou_detail_004_kani=true&JigyosyoCd=1311770767-00&ServiceCd=160&Type=search", "url2": "http://www.fukujukaigr.or.jp" }, "geometry": { "type": "Point", "coordinates": [ 139.72530519999998, 35.7825669 ] } },
{ "type": "Feature", "properties": { "内容": "医療法人財団　逸生会　大橋病院　通所リハビリテーション【通所リハビリテーション】東京都北区桐ヶ丘1-22-1", "url": "https://www.kaigokensaku.mhlw.go.jp/13/index.php?action_kouhyou_detail_004_kani=true&JigyosyoCd=1311711878-00&ServiceCd=160&Type=search", "url2": "http://www.o-hp.or.jp/" }, "geometry": { "type": "Point", "coordinates": [ 139.705190499999958, 35.7754118 ] } },
{ "type": "Feature", "properties": { "内容": "赤羽整形・リウマチクリニック【通所リハビリテーション】東京都北区赤羽西1丁目17番8号", "url": "https://www.kaigokensaku.mhlw.go.jp/13/index.php?action_kouhyou_detail_004_kani=true&JigyosyoCd=1311728872-00&ServiceCd=160&Type=search", "url2": "http://akabaneseikei.jp" }, "geometry": { "type": "Point", "coordinates": [ 139.7182226, 35.7768981 ] } },
{ "type": "Feature", "properties": { "内容": "東京ふれあい医療生活協同組合　梶原診療所【通所リハビリテーション】東京都北区堀船3-29-9", "url": "https://www.kaigokensaku.mhlw.go.jp/13/index.php?action_kouhyou_detail_004_kani=true&JigyosyoCd=1311731330-00&ServiceCd=160&Type=search", "url2": "https://tfmckaji.com/" }, "geometry": { "type": "Point", "coordinates": [ 139.748775099999989, 35.7518246 ] } },
{ "type": "Feature", "properties": { "内容": "社会福祉法人上智社会事業団　介護老人保健施設まちや【通所リハビリテーション】東京都荒川区町屋4-9-5", "url": "https://www.kaigokensaku.mhlw.go.jp/13/index.php?action_kouhyou_detail_004_kani=true&JigyosyoCd=1357080476-00&ServiceCd=160&Type=search", "url2": "http://jochi-cs.jp/facility/elderlysupport/" }, "geometry": { "type": "Point", "coordinates": [ 139.776585599999947, 35.7471172 ] } },
{ "type": "Feature", "properties": { "内容": "介護老人保健施設　ひぐらしの里【通所リハビリテーション】東京都荒川区西日暮里１－４－１", "url": "https://www.kaigokensaku.mhlw.go.jp/13/index.php?action_kouhyou_detail_004_kani=true&JigyosyoCd=1357080872-00&ServiceCd=160&Type=search", "url2": "http://higurashinosato.com/" }, "geometry": { "type": "Point", "coordinates": [ 139.777564100000063, 35.7345603 ] } },
{ "type": "Feature", "properties": { "内容": "医療法人財団竹栄会介護老人保健施設けんちの苑すみだ川【通所リハビリテーション】東京都荒川区南千住3-9-3", "url": "https://www.kaigokensaku.mhlw.go.jp/13/index.php?action_kouhyou_detail_004_kani=true&JigyosyoCd=1357081110-00&ServiceCd=160&Type=search", "url2": "http://www.chikueikai.or.jp/" }, "geometry": { "type": "Point", "coordinates": [ 139.80197910000004, 35.7305505 ] } },
{ "type": "Feature", "properties": { "内容": "たいら整形外科【通所リハビリテーション】東京都荒川区東尾久4-3-9", "url": "https://www.kaigokensaku.mhlw.go.jp/13/index.php?action_kouhyou_detail_004_kani=true&JigyosyoCd=1311827203-00&ServiceCd=160&Type=search", "url2": "http://taira-seikei.clinic" }, "geometry": { "type": "Point", "coordinates": [ 139.768668600000012, 35.7413868 ] } },
{ "type": "Feature", "properties": { "内容": "幸田整形外科医院【通所リハビリテーション】東京都板橋区小豆沢２－２５－９", "url": "https://www.kaigokensaku.mhlw.go.jp/13/index.php?action_kouhyou_detail_004_kani=true&JigyosyoCd=1311928001-00&ServiceCd=160&Type=search", "url2": null }, "geometry": { "type": "Point", "coordinates": [ 139.6992244, 35.7781087 ] } },
{ "type": "Feature", "properties": { "内容": "介護老人保健施設　浮間舟渡園【通所リハビリテーション】東京都板橋区舟渡1丁目17番1号", "url": "https://www.kaigokensaku.mhlw.go.jp/13/index.php?action_kouhyou_detail_004_kani=true&JigyosyoCd=1351980014-00&ServiceCd=160&Type=search", "url2": "httpsp://www.ukimafunadoen.jp" }, "geometry": { "type": "Point", "coordinates": [ 139.687180500000068, 35.793205800000024 ] } },
{ "type": "Feature", "properties": { "内容": "医療法人社団明芳会　介護老人保健施設クローバーのさと　イムスケアカウピリ板橋【通所リハビリテーション】東京都板橋区仲町１－４", "url": "https://www.kaigokensaku.mhlw.go.jp/13/index.php?action_kouhyou_detail_004_kani=true&JigyosyoCd=1351980022-00&ServiceCd=160&Type=search", "url2": "http://www.ims.gr.jp/clover/" }, "geometry": { "type": "Point", "coordinates": [ 139.699533400000064, 35.7515865 ] } },
{ "type": "Feature", "properties": { "内容": "医療法人社団健育会竹川病院【通所リハビリテーション】東京都板橋区桜川2-10-7", "url": "https://www.kaigokensaku.mhlw.go.jp/13/index.php?action_kouhyou_detail_004_kani=true&JigyosyoCd=1311970847-00&ServiceCd=160&Type=search", "url2": "http://www.takekawa.gr.jp" }, "geometry": { "type": "Point", "coordinates": [ 139.6794882, 35.758394400000022 ] } },
{ "type": "Feature", "properties": { "内容": "医療法人社団明芳会　イムス板橋リハビリテーション病院　通所リハビリテーション【通所リハビリテーション】東京都板橋区小豆沢3丁目11番1号", "url": "https://www.kaigokensaku.mhlw.go.jp/13/index.php?action_kouhyou_detail_004_kani=true&JigyosyoCd=1311970888-00&ServiceCd=160&Type=search", "url2": "https://www.ims.gr.jp/itariha/" }, "geometry": { "type": "Point", "coordinates": [ 139.69270819999997, 35.7799746 ] } },
{ "type": "Feature", "properties": { "内容": "介護老人保健施設　紅梅園【通所リハビリテーション】東京都板橋区徳丸8-14-11", "url": "https://www.kaigokensaku.mhlw.go.jp/13/index.php?action_kouhyou_detail_004_kani=true&JigyosyoCd=1351980030-00&ServiceCd=160&Type=search", "url2": "https://jiseikai-koubaien.jp/" }, "geometry": { "type": "Point", "coordinates": [ 139.6571662, 35.781664 ] } },
{ "type": "Feature", "properties": { "内容": "介護老人保健施設　エーデルワイス【通所リハビリテーション】東京都板橋区四葉２-２１-１６", "url": "https://www.kaigokensaku.mhlw.go.jp/13/index.php?action_kouhyou_detail_004_kani=true&JigyosyoCd=1357080393-00&ServiceCd=160&Type=search", "url2": "http://tshnet.or.jp/03_edelweiss_1/03-01.html" }, "geometry": { "type": "Point", "coordinates": [ 139.650555489549248, 35.783163260297208 ] } },
{ "type": "Feature", "properties": { "内容": "介護老人保健施設　シルバーピア加賀【通所リハビリテーション】東京都板橋区加賀１丁目３番１号", "url": "https://www.kaigokensaku.mhlw.go.jp/13/index.php?action_kouhyou_detail_004_kani=true&JigyosyoCd=1357080435-00&ServiceCd=160&Type=search", "url2": "http://www.silverpia-kaga.jp" }, "geometry": { "type": "Point", "coordinates": [ 139.720942499999978, 35.75359 ] } },
{ "type": "Feature", "properties": { "内容": "介護老人保健施設　板橋ロイヤルケアセンター【通所リハビリテーション】東京都板橋区前野町3丁目46番3号", "url": "https://www.kaigokensaku.mhlw.go.jp/13/index.php?action_kouhyou_detail_004_kani=true&JigyosyoCd=1357080948-00&ServiceCd=160&Type=search", "url2": "http://www.ims.gr.jp/itabashi_royal/" }, "geometry": { "type": "Point", "coordinates": [ 139.694227700000056, 35.7720481 ] } },
{ "type": "Feature", "properties": { "内容": "医療法人財団健康文化会介護老人保健施設志村さつき苑【通所リハビリテーション】東京都板橋区坂下3-7-6", "url": "https://www.kaigokensaku.mhlw.go.jp/13/index.php?action_kouhyou_detail_004_kani=true&JigyosyoCd=1357081276-00&ServiceCd=160&Type=search", "url2": "http://www.kenbun.or.jp" }, "geometry": { "type": "Point", "coordinates": [ 139.683856, 35.7863762 ] } },
{ "type": "Feature", "properties": { "内容": "介護老人保健施設　赤塚園【通所リハビリテーション】東京都板橋区赤塚新町３－３３－２７", "url": "https://www.kaigokensaku.mhlw.go.jp/13/index.php?action_kouhyou_detail_004_kani=true&JigyosyoCd=1357081334-00&ServiceCd=160&Type=search", "url2": "https://akatsukaen.jp/" }, "geometry": { "type": "Point", "coordinates": [ 139.640676699999972, 35.7693774 ] } },
{ "type": "Feature", "properties": { "内容": "医療法人社団　理心会　中小路整形リハビリクリニック【通所リハビリテーション】東京都板橋区坂下２丁目１１番１１号蓮根マンション１階１０２号室", "url": "https://www.kaigokensaku.mhlw.go.jp/13/index.php?action_kouhyou_detail_004_kani=true&JigyosyoCd=1311933134-00&ServiceCd=160&Type=search", "url2": "http://nakakohjircl.com" }, "geometry": { "type": "Point", "coordinates": [ 139.680602099999987, 35.7820496 ] } },
{ "type": "Feature", "properties": { "内容": "医療法人社団慈誠会　上板橋病院【通所リハビリテーション】東京都板橋区常盤台４丁目３６番９号", "url": "https://www.kaigokensaku.mhlw.go.jp/13/index.php?action_kouhyou_detail_004_kani=true&JigyosyoCd=1311970896-00&ServiceCd=160&Type=search", "url2": "https://kamiitabashi-hp.jp/" }, "geometry": { "type": "Point", "coordinates": [ 139.676407299999937, 35.7653872 ] } },
{ "type": "Feature", "properties": { "内容": "介護老人保健施設プリムローズ【通所リハビリテーション】東京都板橋区前野町3-8-7", "url": "https://www.kaigokensaku.mhlw.go.jp/13/index.php?action_kouhyou_detail_004_kani=true&JigyosyoCd=1357081524-00&ServiceCd=160&Type=search", "url2": "http://www.tshnet.or.jp/" }, "geometry": { "type": "Point", "coordinates": [ 139.6928891, 35.7678958 ] } },
{ "type": "Feature", "properties": { "内容": "医療法人社団翔洋会辻内科循環器科歯科クリニック【通所リハビリテーション】東京都練馬区大泉学園町8-24-25", "url": "https://www.kaigokensaku.mhlw.go.jp/13/index.php?action_kouhyou_detail_004_kani=true&JigyosyoCd=1312030500-00&ServiceCd=160&Type=search", "url2": "http://www.shoyokai.net/" }, "geometry": { "type": "Point", "coordinates": [ 139.598389307409661, 35.773620876715576 ] } },
{ "type": "Feature", "properties": { "内容": "神石介護老人保健施設【通所リハビリテーション】東京都練馬区上石神井3-33-6", "url": "https://www.kaigokensaku.mhlw.go.jp/13/index.php?action_kouhyou_detail_004_kani=true&JigyosyoCd=1352080020-00&ServiceCd=160&Type=search", "url2": "https://www.mct.or.jp" }, "geometry": { "type": "Point", "coordinates": [ 139.591291, 35.7317332 ] } },
{ "type": "Feature", "properties": { "内容": "介護老人保健施設　エスポワール練馬【通所リハビリテーション】東京都練馬区関町東1-1-9", "url": "https://www.kaigokensaku.mhlw.go.jp/13/index.php?action_kouhyou_detail_004_kani=true&JigyosyoCd=1352080061-00&ServiceCd=160&Type=search", "url2": "http://www.esp-nerima.com/" }, "geometry": { "type": "Point", "coordinates": [ 139.58480583306573, 35.722933870662445 ] } },
{ "type": "Feature", "properties": { "内容": "医療法人社団健育会　介護老人保健施設　ライフサポートひなた【通所リハビリテーション】東京都練馬区氷川台2-14-3", "url": "https://www.kaigokensaku.mhlw.go.jp/13/index.php?action_kouhyou_detail_004_kani=true&JigyosyoCd=1352080079-00&ServiceCd=160&Type=search", "url2": "http://life-hinata.or.jp/" }, "geometry": { "type": "Point", "coordinates": [ 139.6678528, 35.7561352 ] } },
{ "type": "Feature", "properties": { "内容": "医療法人社団川満惠光会　介護老人保健施設　みんなの笑顔【通所リハビリテーション】東京都練馬区東大泉5-29-13", "url": "https://www.kaigokensaku.mhlw.go.jp/13/index.php?action_kouhyou_detail_004_kani=true&JigyosyoCd=1352080087-00&ServiceCd=160&Type=search", "url2": "https://www.kawamitsu.or.jp/" }, "geometry": { "type": "Point", "coordinates": [ 139.58684089999997, 35.7471923 ] } },
{ "type": "Feature", "properties": { "内容": "医療法人社団翠会　介護老人保健施設　練馬ゆめの木【通所リハビリテーション】東京都練馬区大泉町2-17-1", "url": "https://www.kaigokensaku.mhlw.go.jp/13/index.php?action_kouhyou_detail_004_kani=true&JigyosyoCd=1357080427-00&ServiceCd=160&Type=search", "url2": "https://www.midorikai-youwa.jp/roukennerimayumenoki/" }, "geometry": { "type": "Point", "coordinates": [ 139.60274430000004, 35.7607912 ] } },
{ "type": "Feature", "properties": { "内容": "平和台介護老人保健施設アバンセ（通所リハビリテーション）【通所リハビリテーション】東京都練馬区平和台1丁目16番12号", "url": "https://www.kaigokensaku.mhlw.go.jp/13/index.php?action_kouhyou_detail_004_kani=true&JigyosyoCd=1357080955-00&ServiceCd=160&Type=search", "url2": "http://www.zenjinkai.net" }, "geometry": { "type": "Point", "coordinates": [ 139.664791630688455, 35.759235234418703 ] } },
{ "type": "Feature", "properties": { "内容": "医療法人社団カタクリ会介護老人保健施設カタクリの花【通所リハビリテーション】東京都練馬区高野台5-32-12", "url": "https://www.kaigokensaku.mhlw.go.jp/13/index.php?action_kouhyou_detail_004_kani=true&JigyosyoCd=1357081037-00&ServiceCd=160&Type=search", "url2": "http://katakurikai.com" }, "geometry": { "type": "Point", "coordinates": [ 139.609285799999952, 35.7489484 ] } },
{ "type": "Feature", "properties": { "内容": "介護老人保健施設　大泉学園ふきのとう【通所リハビリテーション】東京都練馬区大泉学園町８－２４－２５", "url": "https://www.kaigokensaku.mhlw.go.jp/13/index.php?action_kouhyou_detail_004_kani=true&JigyosyoCd=1357080518-00&ServiceCd=160&Type=search", "url2": "http://www.shoyokai.net/" }, "geometry": { "type": "Point", "coordinates": [ 139.5980889, 35.7736644 ] } },
{ "type": "Feature", "properties": { "内容": "i医療法人社団　北町整形外科医院【通所リハビリテーション】東京都練馬区北町3-18-16ORビル１階２階", "url": "https://www.kaigokensaku.mhlw.go.jp/13/index.php?action_kouhyou_detail_004_kani=true&JigyosyoCd=1312032688-00&ServiceCd=160&Type=search", "url2": "http;//kitamachiseikei.tokyou" }, "geometry": { "type": "Point", "coordinates": [ 139.649380499999978, 35.768425 ] } },
{ "type": "Feature", "properties": { "内容": "ねりま西クリニック【通所リハビリテーション】東京都練馬区大泉町3-2-9ねりま西クリニック　3階", "url": "https://www.kaigokensaku.mhlw.go.jp/13/index.php?action_kouhyou_detail_004_kani=true&JigyosyoCd=1312035038-00&ServiceCd=160&Type=search", "url2": "http://www.hoshinosuna-doctornet.jp/" }, "geometry": { "type": "Point", "coordinates": [ 139.599964, 35.7634547 ] } },
{ "type": "Feature", "properties": { "内容": "デイケア土支田ののはな【通所リハビリテーション】東京都練馬区土支田2-29-19たいら整形外科クリニック　2階", "url": "https://www.kaigokensaku.mhlw.go.jp/13/index.php?action_kouhyou_detail_004_kani=true&JigyosyoCd=1312036168-00&ServiceCd=160&Type=search", "url2": "http://taira-seikeigeka.webmedipr.jp/" }, "geometry": { "type": "Point", "coordinates": [ 139.613476200000036, 35.7650465 ] } },
{ "type": "Feature", "properties": { "内容": "慈誠会・練馬高野台病院【通所リハビリテーション】東京都練馬区高野台3-8-8", "url": "https://www.kaigokensaku.mhlw.go.jp/13/index.php?action_kouhyou_detail_004_kani=true&JigyosyoCd=1312070993-00&ServiceCd=160&Type=search", "url2": "https://www.nerimatakanodai‐hp.jp/" }, "geometry": { "type": "Point", "coordinates": [ 139.612071, 35.7439877 ] } },
{ "type": "Feature", "properties": { "内容": "介護老人保健施設　ライフサポートねりま【通所リハビリテーション】東京都練馬区大泉学園町7丁目3番28号", "url": "https://www.kaigokensaku.mhlw.go.jp/13/index.php?action_kouhyou_detail_004_kani=true&JigyosyoCd=1352080095-00&ServiceCd=160&Type=search", "url2": "http://nerima-k.gr.jp/" }, "geometry": { "type": "Point", "coordinates": [ 139.587522337295525, 35.769782281393155 ] } },
{ "type": "Feature", "properties": { "内容": "介護老人保健施設　ミレニアム桜台【通所リハビリテーション】東京都練馬区桜台2-1-13", "url": "https://www.kaigokensaku.mhlw.go.jp/13/index.php?action_kouhyou_detail_004_kani=true&JigyosyoCd=1357080724-00&ServiceCd=160&Type=search", "url2": "http://www.syukoukai.or.jp" }, "geometry": { "type": "Point", "coordinates": [ 139.667824896640582, 35.7423258630646 ] } },
{ "type": "Feature", "properties": { "内容": "介護老人保健施設葵の園・練馬【通所リハビリテーション】東京都練馬区春日町4-37-30", "url": "https://www.kaigokensaku.mhlw.go.jp/13/index.php?action_kouhyou_detail_004_kani=true&JigyosyoCd=1352080012-00&ServiceCd=160&Type=search", "url2": "http://www.aoikai.jp" }, "geometry": { "type": "Point", "coordinates": [ 139.638155200000028, 35.7563955 ] } },
{ "type": "Feature", "properties": { "内容": "通所リハビリテーション橘苑【通所リハビリテーション】東京都練馬区北町3-7-22", "url": "https://www.kaigokensaku.mhlw.go.jp/13/index.php?action_kouhyou_detail_004_kani=true&JigyosyoCd=1352080038-00&ServiceCd=160&Type=search", "url2": "http://www.t-sakurahosp.com/relations/tachibana/" }, "geometry": { "type": "Point", "coordinates": [ 139.655971499999964, 35.7685833 ] } },
{ "type": "Feature", "properties": { "内容": "リハビリパーク練馬【通所リハビリテーション】東京都練馬区豊玉北1-20-20", "url": "https://www.kaigokensaku.mhlw.go.jp/13/index.php?action_kouhyou_detail_004_kani=true&JigyosyoCd=1352080046-00&ServiceCd=160&Type=search", "url2": "http://ｗｗｗ.rehabili-park.com/sisetu/nerima" }, "geometry": { "type": "Point", "coordinates": [ 139.6665954, 35.7318656 ] } },
{ "type": "Feature", "properties": { "内容": "錦クリニック【通所リハビリテーション】東京都練馬区錦1-14-20", "url": "https://www.kaigokensaku.mhlw.go.jp/13/index.php?action_kouhyou_detail_004_kani=true&JigyosyoCd=1372005833-00&ServiceCd=160&Type=search", "url2": "http://www.nishiki-clinic.com" }, "geometry": { "type": "Point", "coordinates": [ 139.6711302, 35.7584711 ] } },
{ "type": "Feature", "properties": { "内容": "大角医院【通所リハビリテーション】東京都練馬区上石神井４丁目３番２３号ホワイトフェニックスビル", "url": "https://www.kaigokensaku.mhlw.go.jp/13/index.php?action_kouhyou_detail_004_kani=true&JigyosyoCd=1312027795-00&ServiceCd=160&Type=search", "url2": "http://oosumi-cl.net/" }, "geometry": { "type": "Point", "coordinates": [ 139.591252199999985, 35.7279864 ] } },
{ "type": "Feature", "properties": { "内容": "介護老人保健施設　梅の木【通所リハビリテーション】東京都足立区青井4丁目29番23", "url": "https://www.kaigokensaku.mhlw.go.jp/13/index.php?action_kouhyou_detail_004_kani=true&JigyosyoCd=1357081094-00&ServiceCd=160&Type=search", "url2": "http://shinjinkai.net/" }, "geometry": { "type": "Point", "coordinates": [ 139.819983, 35.7757477 ] } },
{ "type": "Feature", "properties": { "内容": "介護老人保健施設　ホスピア東和【通所リハビリテーション】東京都足立区東和４－７－８", "url": "https://www.kaigokensaku.mhlw.go.jp/13/index.php?action_kouhyou_detail_004_kani=true&JigyosyoCd=1357081367-00&ServiceCd=160&Type=search", "url2": "http://www.hospia-towa.com/" }, "geometry": { "type": "Point", "coordinates": [ 139.8432616, 35.7727098 ] } },
{ "type": "Feature", "properties": { "内容": "愛里病院【通所リハビリテーション】東京都足立区千住東1-20-12", "url": "https://www.kaigokensaku.mhlw.go.jp/13/index.php?action_kouhyou_detail_004_kani=true&JigyosyoCd=1312112241-00&ServiceCd=160&Type=search", "url2": "https://www.minseikai.com/" }, "geometry": { "type": "Point", "coordinates": [ 139.804555599999986, 35.7454764 ] } },
{ "type": "Feature", "properties": { "内容": "福寿会病院通所リハビリテーションセンター【通所リハビリテーション】東京都足立区梅田7丁目18番12号", "url": "https://www.kaigokensaku.mhlw.go.jp/13/index.php?action_kouhyou_detail_004_kani=true&JigyosyoCd=1312171585-00&ServiceCd=160&Type=search", "url2": "https://fukujukai.net/fukujukai-hospital/" }, "geometry": { "type": "Point", "coordinates": [ 139.798879, 35.770122 ] } },
{ "type": "Feature", "properties": { "内容": "千壽介護老人保健施設【通所リハビリテーション】東京都足立区千住中居町29-6", "url": "https://www.kaigokensaku.mhlw.go.jp/13/index.php?action_kouhyou_detail_004_kani=true&JigyosyoCd=1352180028-00&ServiceCd=160&Type=search", "url2": "https://www.mct.or.jp/" }, "geometry": { "type": "Point", "coordinates": [ 139.79715310000006, 35.7515424 ] } },
{ "type": "Feature", "properties": { "内容": "介護老人保健施設イルアカーサ【通所リハビリテーション】東京都足立区六木4-9-10", "url": "https://www.kaigokensaku.mhlw.go.jp/13/index.php?action_kouhyou_detail_004_kani=true&JigyosyoCd=1352180044-00&ServiceCd=160&Type=search", "url2": "http://www.jiseikai-phcc.jp" }, "geometry": { "type": "Point", "coordinates": [ 139.839047700000037, 35.7976535 ] } },
{ "type": "Feature", "properties": { "内容": "医療法人社団葵会　介護老人保健施設　葵の園・椿【通所リハビリテーション】東京都足立区椿2-3-1", "url": "https://www.kaigokensaku.mhlw.go.jp/13/index.php?action_kouhyou_detail_004_kani=true&JigyosyoCd=1352180051-00&ServiceCd=160&Type=search", "url2": "https://www.aoikai.jp/" }, "geometry": { "type": "Point", "coordinates": [ 139.757780799999978, 35.7786535 ] } },
{ "type": "Feature", "properties": { "内容": "医療法人財団　健和会　老人保健施設　千寿の郷【通所リハビリテーション】東京都足立区柳原2-33-6", "url": "https://www.kaigokensaku.mhlw.go.jp/13/index.php?action_kouhyou_detail_004_kani=true&JigyosyoCd=1357080179-00&ServiceCd=160&Type=search", "url2": "http://senjyunosato.kenwa.or.jp/" }, "geometry": { "type": "Point", "coordinates": [ 139.814416, 35.7479349 ] } },
{ "type": "Feature", "properties": { "内容": "介護老人保健施設しらさぎ【通所リハビリテーション】東京都足立区梅田八丁目12番10号", "url": "https://www.kaigokensaku.mhlw.go.jp/13/index.php?action_kouhyou_detail_004_kani=true&JigyosyoCd=1357080302-00&ServiceCd=160&Type=search", "url2": "http://www.fukujukaigr.or.jp" }, "geometry": { "type": "Point", "coordinates": [ 139.794769071163927, 35.77200621691928 ] } },
{ "type": "Feature", "properties": { "内容": "介護老人保健施設むくげのいえ【通所リハビリテーション】東京都足立区西新井本町1-25-36", "url": "https://www.kaigokensaku.mhlw.go.jp/13/index.php?action_kouhyou_detail_004_kani=true&JigyosyoCd=1357081136-00&ServiceCd=160&Type=search", "url2": "http://mukugenoie.com/" }, "geometry": { "type": "Point", "coordinates": [ 139.779547699999966, 35.7747226 ] } },
{ "type": "Feature", "properties": { "内容": "柳原リハビリテーション病院【通所リハビリテーション】東京都足立区柳原1-27-5", "url": "https://www.kaigokensaku.mhlw.go.jp/13/index.php?action_kouhyou_detail_004_kani=true&JigyosyoCd=1372104859-00&ServiceCd=160&Type=search", "url2": "http://yanagihara-reha.kenwa.or.jp/" }, "geometry": { "type": "Point", "coordinates": [ 139.812049699999989, 35.7458963 ] } },
{ "type": "Feature", "properties": { "内容": "医療法人社団　容生会　増田クリニック【通所リハビリテーション】東京都足立区南花畑5-17-1増田クリニック2階", "url": "https://www.kaigokensaku.mhlw.go.jp/13/index.php?action_kouhyou_detail_004_kani=true&JigyosyoCd=1312130763-00&ServiceCd=160&Type=search", "url2": "http://www.yoei.or.jp" }, "geometry": { "type": "Point", "coordinates": [ 139.810885900000017, 35.7979395 ] } },
{ "type": "Feature", "properties": { "内容": "医療法人社団苑田会　花はたリハビリテーション病院【通所リハビリテーション】東京都足立区花畑5-12-29", "url": "https://www.kaigokensaku.mhlw.go.jp/13/index.php?action_kouhyou_detail_004_kani=true&JigyosyoCd=1312171494-00&ServiceCd=160&Type=search", "url2": "http://www.sonodakai.or.jp/hanarh/" }, "geometry": { "type": "Point", "coordinates": [ 139.809975410450761, 35.806889017411351 ] } },
{ "type": "Feature", "properties": { "内容": "医療法人社団苑田会　竹の塚脳神経リハビリテーション病院【通所リハビリテーション】東京都足立区保木間5-2-3", "url": "https://www.kaigokensaku.mhlw.go.jp/13/index.php?action_kouhyou_detail_004_kani=true&JigyosyoCd=1312171593-00&ServiceCd=160&Type=search", "url2": "https://sonodakai.jp/takeRH/" }, "geometry": { "type": "Point", "coordinates": [ 139.8026176, 35.8005996 ] } },
{ "type": "Feature", "properties": { "内容": "苑田会ニューロリハビリテーション病院【通所リハビリテーション】東京都足立区青井1-10-10", "url": "https://www.kaigokensaku.mhlw.go.jp/13/index.php?action_kouhyou_detail_004_kani=true&JigyosyoCd=1312171601-00&ServiceCd=160&Type=search", "url2": "https://sonodakai.jp/sorh/" }, "geometry": { "type": "Point", "coordinates": [ 139.811708900000014, 35.774693100000022 ] } },
{ "type": "Feature", "properties": { "内容": "介護老人保健施設あさひ　通所リハビリテーション【通所リハビリテーション】東京都足立区保木間4-41-12", "url": "https://www.kaigokensaku.mhlw.go.jp/13/index.php?action_kouhyou_detail_004_kani=true&JigyosyoCd=1352180036-00&ServiceCd=160&Type=search", "url2": "http://www.tokyo-asahi.or.jp" }, "geometry": { "type": "Point", "coordinates": [ 139.807480599999963, 35.8000754 ] } },
{ "type": "Feature", "properties": { "内容": "社会医療法人社団　医善会　いずみ記念病院【通所リハビリテーション】東京都足立区本木1丁目3番7号", "url": "https://www.kaigokensaku.mhlw.go.jp/13/index.php?action_kouhyou_detail_004_kani=true&JigyosyoCd=1372105245-00&ServiceCd=160&Type=search", "url2": "http://www.izumikinen.or.jp" }, "geometry": { "type": "Point", "coordinates": [ 139.7862728, 35.7610328 ] } },
{ "type": "Feature", "properties": { "内容": "特定医療法人社団潤恵会　ひのき介護医療院【通所リハビリテーション】東京都足立区新田2-16-13", "url": "https://www.kaigokensaku.mhlw.go.jp/13/index.php?action_kouhyou_detail_004_kani=true&JigyosyoCd=13B2100015-00&ServiceCd=160&Type=search", "url2": "http://www.keijin-hospital.or.jp/" }, "geometry": { "type": "Point", "coordinates": [ 139.7420826325409, 35.773365600836769 ] } },
{ "type": "Feature", "properties": { "内容": "鹿浜診療所【通所リハビリテーション】東京都足立区新田２丁目４番１５号", "url": "https://www.kaigokensaku.mhlw.go.jp/13/index.php?action_kouhyou_detail_004_kani=true&JigyosyoCd=1312129963-00&ServiceCd=160&Type=search", "url2": "http://cl-shikahama.com/" }, "geometry": { "type": "Point", "coordinates": [ 139.7414096, 35.7729993 ] } },
{ "type": "Feature", "properties": { "内容": "社会医療法人社団　昭愛会　水野第２リハビリテーションクリニック【通所リハビリテーション】東京都足立区西新井６丁目２４番１６号", "url": "https://www.kaigokensaku.mhlw.go.jp/13/index.php?action_kouhyou_detail_004_kani=true&JigyosyoCd=1312132157-00&ServiceCd=160&Type=search", "url2": "http://www.mizuno.or.jp/" }, "geometry": { "type": "Point", "coordinates": [ 139.775147899999979, 35.7815465 ] } },
{ "type": "Feature", "properties": { "内容": "等潤メディケア診療所　いきいき倶楽部等潤【通所リハビリテーション】東京都足立区一ツ家4-2-11", "url": "https://www.kaigokensaku.mhlw.go.jp/13/index.php?action_kouhyou_detail_004_kani=true&JigyosyoCd=1312135267-00&ServiceCd=160&Type=search", "url2": "https://www.jiseikai-phcc.jp/tojun_medicalplaza/care/rehabilitation.html" }, "geometry": { "type": "Point", "coordinates": [ 139.8161852, 35.7796409 ] } },
{ "type": "Feature", "properties": { "内容": "社会医療法人社団昭愛会水野介護老人保健施設【通所リハビリテーション】東京都足立区西新井6丁目24番13号", "url": "https://www.kaigokensaku.mhlw.go.jp/13/index.php?action_kouhyou_detail_004_kani=true&JigyosyoCd=1352180010-00&ServiceCd=160&Type=search", "url2": "http://www.mizuno.or.jp" }, "geometry": { "type": "Point", "coordinates": [ 139.7757507, 35.7811744 ] } },
{ "type": "Feature", "properties": { "内容": "医療法人財団　梅田病院　通所リハビリテーション【通所リハビリテーション】東京都足立区梅田7丁目１－２", "url": "https://www.kaigokensaku.mhlw.go.jp/13/index.php?action_kouhyou_detail_004_kani=true&JigyosyoCd=1372100204-00&ServiceCd=160&Type=search", "url2": "http://www.umeda-hp.jp/" }, "geometry": { "type": "Point", "coordinates": [ 139.801232166270438, 35.76676737705975 ] } },
{ "type": "Feature", "properties": { "内容": "医療法人社団容生会デイケアセンターあゆみ【通所リハビリテーション】東京都足立区保木間1-37-20ほきまクリニック2・3F", "url": "https://www.kaigokensaku.mhlw.go.jp/13/index.php?action_kouhyou_detail_004_kani=true&JigyosyoCd=1372101608-00&ServiceCd=160&Type=search", "url2": "http://www.yosei.or.jp" }, "geometry": { "type": "Point", "coordinates": [ 139.810170299999982, 35.7909767 ] } },
{ "type": "Feature", "properties": { "内容": "社会医療法人社団　昭愛会　水野記念病院【通所リハビリテーション】東京都足立区西新井6丁目32番10号", "url": "https://www.kaigokensaku.mhlw.go.jp/13/index.php?action_kouhyou_detail_004_kani=true&JigyosyoCd=1372101657-00&ServiceCd=160&Type=search", "url2": "http://www.mizuno.or.jp/" }, "geometry": { "type": "Point", "coordinates": [ 139.774956299999985, 35.7817604 ] } },
{ "type": "Feature", "properties": { "内容": "東伊興指定通所リハビリテーション【通所リハビリテーション】東京都足立区東伊興三丁目21番3号", "url": "https://www.kaigokensaku.mhlw.go.jp/13/index.php?action_kouhyou_detail_004_kani=true&JigyosyoCd=1372100709-00&ServiceCd=160&Type=search", "url2": "http://www7b.biglobe.ne.jp/~asuha/" }, "geometry": { "type": "Point", "coordinates": [ 139.791934699999956, 35.8036888 ] } },
{ "type": "Feature", "properties": { "内容": "介護老人保健施設レーベンハウス【通所リハビリテーション】東京都足立区西新井本町２－２３－１", "url": "https://www.kaigokensaku.mhlw.go.jp/13/index.php?action_kouhyou_detail_004_kani=true&JigyosyoCd=1357080468-00&ServiceCd=160&Type=search", "url2": "http://www.hachiyokai.or.jp" }, "geometry": { "type": "Point", "coordinates": [ 139.772509500000069, 35.7751139 ] } },
{ "type": "Feature", "properties": { "内容": "医療法人社団宏心会　六ツ木診療所　通所リハビリテーション【通所リハビリテーション】東京都足立区六木1-4-14", "url": "https://www.kaigokensaku.mhlw.go.jp/13/index.php?action_kouhyou_detail_004_kani=true&JigyosyoCd=1372101376-00&ServiceCd=160&Type=search", "url2": "http://mutsugi.webmedipr.jp/" }, "geometry": { "type": "Point", "coordinates": [ 139.8380618, 35.7896296 ] } },
{ "type": "Feature", "properties": { "内容": "通所リハビリテーションらく歩【通所リハビリテーション】東京都葛飾区堀切１-３０-６", "url": "https://www.kaigokensaku.mhlw.go.jp/13/index.php?action_kouhyou_detail_004_kani=true&JigyosyoCd=1312233260-00&ServiceCd=160&Type=search", "url2": "https://katsushika.jifukai.jp/" }, "geometry": { "type": "Point", "coordinates": [ 139.8321554, 35.7410091 ] } },
{ "type": "Feature", "properties": { "内容": "介護老人保健施設　リハビリケアかつしか【通所リハビリテーション】東京都葛飾区西新小岩3-37-8", "url": "https://www.kaigokensaku.mhlw.go.jp/13/index.php?action_kouhyou_detail_004_kani=true&JigyosyoCd=1352280018-00&ServiceCd=160&Type=search", "url2": "https://rc-katsushika.jp/" }, "geometry": { "type": "Point", "coordinates": [ 139.845664400000032, 35.7224907 ] } },
{ "type": "Feature", "properties": { "内容": "東京愛育苑ケアレジデンス【通所リハビリテーション】東京都葛飾区水元３－１３－２", "url": "https://www.kaigokensaku.mhlw.go.jp/13/index.php?action_kouhyou_detail_004_kani=true&JigyosyoCd=1357080054-00&ServiceCd=160&Type=search", "url2": "http://www.aiikuen-gr.com" }, "geometry": { "type": "Point", "coordinates": [ 139.863482200000021, 35.7822974 ] } },
{ "type": "Feature", "properties": { "内容": "介護老人保健施設　葛飾ロイヤルケアセンター【通所リハビリテーション】東京都葛飾区堀切二丁目６６番１７号", "url": "https://www.kaigokensaku.mhlw.go.jp/13/index.php?action_kouhyou_detail_004_kani=true&JigyosyoCd=1357080963-00&ServiceCd=160&Type=search", "url2": "http://www.ims.gr.jp/katsushika_royal/" }, "geometry": { "type": "Point", "coordinates": [ 139.831514700000071, 35.7442801 ] } },
{ "type": "Feature", "properties": { "内容": "介護老人保健施設　ケア新小岩【通所リハビリテーション】東京都葛飾区東新小岩２－１－１２", "url": "https://www.kaigokensaku.mhlw.go.jp/13/index.php?action_kouhyou_detail_004_kani=true&JigyosyoCd=1357080989-00&ServiceCd=160&Type=search", "url2": "http://maruyamakai.or.jp/care-sinkoiwa/" }, "geometry": { "type": "Point", "coordinates": [ 139.865265099999988, 35.722741 ] } },
{ "type": "Feature", "properties": { "内容": "介護老人保健施設　お花茶屋ロイヤルケアセンター【通所リハビリテーション】東京都葛飾区四つ木5-19-7", "url": "https://www.kaigokensaku.mhlw.go.jp/13/index.php?action_kouhyou_detail_004_kani=true&JigyosyoCd=1357081433-00&ServiceCd=160&Type=search", "url2": "http://www.ims.gr.jp/ohanajyaya/" }, "geometry": { "type": "Point", "coordinates": [ 139.840866499999947, 35.743708 ] } },
{ "type": "Feature", "properties": { "内容": "介護老人保健施設青戸こはるびの里【通所リハビリテーション】東京都葛飾区青戸7-34-6", "url": "https://www.kaigokensaku.mhlw.go.jp/13/index.php?action_kouhyou_detail_004_kani=true&JigyosyoCd=1357081458-00&ServiceCd=160&Type=search", "url2": "http://www.e-kouzenkai.or.jp/" }, "geometry": { "type": "Point", "coordinates": [ 139.85699180000006, 35.7561705 ] } },
{ "type": "Feature", "properties": { "内容": "堀切中央病院【通所リハビリテーション】東京都葛飾区堀切7-4-4", "url": "https://www.kaigokensaku.mhlw.go.jp/13/index.php?action_kouhyou_detail_004_kani=true&JigyosyoCd=1312212520-00&ServiceCd=160&Type=search", "url2": "http://horikiri-ch.or.jp/complex/commute.html" }, "geometry": { "type": "Point", "coordinates": [ 139.828169159524606, 35.754280864024643 ] } },
{ "type": "Feature", "properties": { "内容": "医療法人社団金町整形外科【通所リハビリテーション】東京都葛飾区東金町2-24-3", "url": "https://www.kaigokensaku.mhlw.go.jp/13/index.php?action_kouhyou_detail_004_kani=true&JigyosyoCd=1312230407-00&ServiceCd=160&Type=search", "url2": "https://www.kanamachi-orthopedics.com/" }, "geometry": { "type": "Point", "coordinates": [ 139.869739565745533, 35.774447467102888 ] } },
{ "type": "Feature", "properties": { "内容": "医療法人社団賛生会　小方整形外科【通所リハビリテーション】東京都葛飾区立石８－１－２", "url": "https://www.kaigokensaku.mhlw.go.jp/13/index.php?action_kouhyou_detail_004_kani=true&JigyosyoCd=1312230910-00&ServiceCd=160&Type=search", "url2": "https://ogata-seikeigeka.jp" }, "geometry": { "type": "Point", "coordinates": [ 139.850603299999989, 35.7377895 ] } },
{ "type": "Feature", "properties": { "内容": "医療法人社団高志会　よつぎ整形外科内科　通所リハビリテーション【通所リハビリテーション】東京都葛飾区四つ木1-47-12ハルメディカルビル", "url": "https://www.kaigokensaku.mhlw.go.jp/13/index.php?action_kouhyou_detail_004_kani=true&JigyosyoCd=1312231892-00&ServiceCd=160&Type=search", "url2": "http://www.yotsugi-seikei.jp/" }, "geometry": { "type": "Point", "coordinates": [ 139.839688995106485, 35.735671188163039 ] } },
{ "type": "Feature", "properties": { "内容": "医療法人社団　顕伊会　さい整形外科クリニック【通所リハビリテーション】東京都葛飾区堀切3-35-103階", "url": "https://www.kaigokensaku.mhlw.go.jp/13/index.php?action_kouhyou_detail_004_kani=true&JigyosyoCd=1312232148-00&ServiceCd=160&Type=search", "url2": "http://sai-seikei.com/" }, "geometry": { "type": "Point", "coordinates": [ 139.834836600000017, 35.7437247 ] } },
{ "type": "Feature", "properties": { "内容": "葛飾整形外科クリニック【通所リハビリテーション】東京都葛飾区細田3-29-15", "url": "https://www.kaigokensaku.mhlw.go.jp/13/index.php?action_kouhyou_detail_004_kani=true&JigyosyoCd=1312232296-00&ServiceCd=160&Type=search", "url2": "http://www.kuroki-seikei.jp/" }, "geometry": { "type": "Point", "coordinates": [ 139.870788700000048, 35.7414583 ] } },
{ "type": "Feature", "properties": { "内容": "社会医療法人社団光仁会第一病院【通所リハビリテーション】東京都葛飾区東金町４－２－１０", "url": "https://www.kaigokensaku.mhlw.go.jp/13/index.php?action_kouhyou_detail_004_kani=true&JigyosyoCd=1312270072-00&ServiceCd=160&Type=search", "url2": "http://www.daiichi.or.jp/" }, "geometry": { "type": "Point", "coordinates": [ 139.8763037, 35.772379 ] } },
{ "type": "Feature", "properties": { "内容": "介護老人保健施設　花の木【通所リハビリテーション】東京都葛飾区新宿2丁目16番4号", "url": "https://www.kaigokensaku.mhlw.go.jp/13/index.php?action_kouhyou_detail_004_kani=true&JigyosyoCd=1357080385-00&ServiceCd=160&Type=search", "url2": "http://shinjinkai.net/" }, "geometry": { "type": "Point", "coordinates": [ 139.857035900000028, 35.7609421 ] } },
{ "type": "Feature", "properties": { "内容": "医療法人社団　愛育苑診療所【通所リハビリテーション】東京都葛飾区水元３－１３－６愛育苑診療所", "url": "https://www.kaigokensaku.mhlw.go.jp/13/index.php?action_kouhyou_detail_004_kani=true&JigyosyoCd=1312226421-00&ServiceCd=160&Type=search", "url2": "http://www.aiikuen-gr.com" }, "geometry": { "type": "Point", "coordinates": [ 139.863340500000049, 35.7828168 ] } },
{ "type": "Feature", "properties": { "内容": "医療法人社団つむぎ会　守島医院【通所リハビリテーション】東京都江戸川区西小岩1-16-6", "url": "https://www.kaigokensaku.mhlw.go.jp/13/index.php?action_kouhyou_detail_004_kani=true&JigyosyoCd=1312332955-00&ServiceCd=160&Type=search", "url2": "https://www.morishima-iin.net/" }, "geometry": { "type": "Point", "coordinates": [ 139.878307799999988, 35.733822 ] } },
{ "type": "Feature", "properties": { "内容": "介護老人保健施設　ヴィット【通所リハビリテーション】東京都江戸川区船堀3丁目10番7号", "url": "https://www.kaigokensaku.mhlw.go.jp/13/index.php?action_kouhyou_detail_004_kani=true&JigyosyoCd=1357080203-00&ServiceCd=160&Type=search", "url2": null }, "geometry": { "type": "Point", "coordinates": [ 139.864777600000025, 35.6816263 ] } },
{ "type": "Feature", "properties": { "内容": "ジェロントピア菊華　通所リハビリテーション【通所リハビリテーション】東京都江戸川区鹿骨3-20-3", "url": "https://www.kaigokensaku.mhlw.go.jp/13/index.php?action_kouhyou_detail_004_kani=true&JigyosyoCd=1357080229-00&ServiceCd=160&Type=search", "url2": "http://www.mitsuwakai.jp/" }, "geometry": { "type": "Point", "coordinates": [ 139.891352204229776, 35.716455726492846 ] } },
{ "type": "Feature", "properties": { "内容": "老人保健施設　ビーバス成光苑【通所リハビリテーション】東京都江戸川区北小岩2-7-6", "url": "https://www.kaigokensaku.mhlw.go.jp/13/index.php?action_kouhyou_detail_004_kani=true&JigyosyoCd=1357080377-00&ServiceCd=160&Type=search", "url2": "http://www.vivaz-seikouen.com" }, "geometry": { "type": "Point", "coordinates": [ 139.88292649999994, 35.7418249 ] } },
{ "type": "Feature", "properties": { "内容": "介護老人保健施設　やすらぎ【通所リハビリテーション】東京都江戸川区瑞江１－３－２０", "url": "https://www.kaigokensaku.mhlw.go.jp/13/index.php?action_kouhyou_detail_004_kani=true&JigyosyoCd=1357080880-00&ServiceCd=160&Type=search", "url2": "https://www.jitushoukaiyasuragi.com/" }, "geometry": { "type": "Point", "coordinates": [ 139.894238200000018, 35.6995924 ] } },
{ "type": "Feature", "properties": { "内容": "医療法人社団　杏泉会　塚本医院【通所リハビリテーション】東京都江戸川区東小岩5-32-101階・2階", "url": "https://www.kaigokensaku.mhlw.go.jp/13/index.php?action_kouhyou_detail_004_kani=true&JigyosyoCd=1312327328-00&ServiceCd=160&Type=search", "url2": null }, "geometry": { "type": "Point", "coordinates": [ 139.890698400000019, 35.7327651 ] } },
{ "type": "Feature", "properties": { "内容": "医療法人社団緑友会　らいおんハートクリニック【通所リハビリテーション】東京都江戸川区小松川2-8-1", "url": "https://www.kaigokensaku.mhlw.go.jp/13/index.php?action_kouhyou_detail_004_kani=true&JigyosyoCd=1312333649-00&ServiceCd=160&Type=search", "url2": null }, "geometry": { "type": "Point", "coordinates": [ 139.8517483, 35.6962242 ] } },
{ "type": "Feature", "properties": { "内容": "介護老人保健施設めぐみ【通所リハビリテーション】東京都江戸川区東小松川2丁目7番1号", "url": "https://www.kaigokensaku.mhlw.go.jp/13/index.php?action_kouhyou_detail_004_kani=true&JigyosyoCd=1357081292-00&ServiceCd=160&Type=search", "url2": "http://www.jisei-kai.jp/megumi.html" }, "geometry": { "type": "Point", "coordinates": [ 139.8643968, 35.697866 ] } },
{ "type": "Feature", "properties": { "内容": "森山ケアセンター介護老人保健施設【通所リハビリテーション】東京都江戸川区江戸川五丁目4番23", "url": "https://www.kaigokensaku.mhlw.go.jp/13/index.php?action_kouhyou_detail_004_kani=true&JigyosyoCd=1352380016-00&ServiceCd=160&Type=search", "url2": "http://mc.moriyamaikai.or.jp/" }, "geometry": { "type": "Point", "coordinates": [ 139.883698633729523, 35.677114380778029 ] } },
{ "type": "Feature", "properties": { "内容": "介護老人保健施設こでまり【通所リハビリテーション】東京都江戸川区北葛西２－５－２１", "url": "https://www.kaigokensaku.mhlw.go.jp/13/index.php?action_kouhyou_detail_004_kani=true&JigyosyoCd=1357081268-00&ServiceCd=160&Type=search", "url2": "http://www.kiwakai.info" }, "geometry": { "type": "Point", "coordinates": [ 139.853995199999986, 35.6758569 ] } },
{ "type": "Feature", "properties": { "内容": "医療社団法人希和会　介護老人保健施設ひまわり【通所リハビリテーション】東京都江戸川区東葛西8-19-16", "url": "https://www.kaigokensaku.mhlw.go.jp/13/index.php?action_kouhyou_detail_004_kani=true&JigyosyoCd=1357080542-00&ServiceCd=160&Type=search", "url2": "http://www.kiwakai.info" }, "geometry": { "type": "Point", "coordinates": [ 139.880488499999956, 35.6560578 ] } },
{ "type": "Feature", "properties": { "内容": "介護老人保健施設ゆうむ【通所リハビリテーション】東京都八王子市西寺方町２８４", "url": "https://www.kaigokensaku.mhlw.go.jp/13/index.php?action_kouhyou_detail_004_kani=true&JigyosyoCd=1357080237-00&ServiceCd=160&Type=search", "url2": "https://rouken-yuumu.jp" }, "geometry": { "type": "Point", "coordinates": [ 139.266601600000058, 35.6720483 ] } },
{ "type": "Feature", "properties": { "内容": "介護老人保健施設アメイズ【通所リハビリテーション】東京都八王子市中野山王2-8-2", "url": "https://www.kaigokensaku.mhlw.go.jp/13/index.php?action_kouhyou_detail_004_kani=true&JigyosyoCd=1352980013-00&ServiceCd=160&Type=search", "url2": "http://www.syusenkai.or.jp/amaze01.php" }, "geometry": { "type": "Point", "coordinates": [ 139.331522800000016, 35.6764158 ] } },
{ "type": "Feature", "properties": { "内容": "ハイネス憩の丘【通所リハビリテーション】東京都八王子市中野町2082-1", "url": "https://www.kaigokensaku.mhlw.go.jp/13/index.php?action_kouhyou_detail_004_kani=true&JigyosyoCd=1357080088-00&ServiceCd=160&Type=search", "url2": "http://www.hainesu.or.jp" }, "geometry": { "type": "Point", "coordinates": [ 139.326340399999907, 35.6789854 ] } },
{ "type": "Feature", "properties": { "内容": "介護老人保健施設　ウエストケアセンター【通所リハビリテーション】東京都八王子市上川町2135番地", "url": "https://www.kaigokensaku.mhlw.go.jp/13/index.php?action_kouhyou_detail_004_kani=true&JigyosyoCd=1357080112-00&ServiceCd=160&Type=search", "url2": "https://west-care.jp/" }, "geometry": { "type": "Point", "coordinates": [ 139.266722699999946, 35.7050422 ] } },
{ "type": "Feature", "properties": { "内容": "介護老人保健施設エンジェルコート【通所リハビリテーション】東京都八王子市上壱分方町71－1", "url": "https://www.kaigokensaku.mhlw.go.jp/13/index.php?action_kouhyou_detail_004_kani=true&JigyosyoCd=1357080138-00&ServiceCd=160&Type=search", "url2": "http://www.angelcourt.or.jp/angelcourt_top.html" }, "geometry": { "type": "Point", "coordinates": [ 139.2809499, 35.6846584 ] } },
{ "type": "Feature", "properties": { "内容": "介護老人保健施設ハートランド・ぐらんぱぐらんま【通所リハビリテーション】東京都八王子市美山町１０７４", "url": "https://www.kaigokensaku.mhlw.go.jp/13/index.php?action_kouhyou_detail_004_kani=true&JigyosyoCd=1357080187-00&ServiceCd=160&Type=search", "url2": "http://www.granpagranma.com" }, "geometry": { "type": "Point", "coordinates": [ 139.250252899999964, 35.6839306 ] } },
{ "type": "Feature", "properties": { "内容": "介護老人保健施設イマジン【通所リハビリテーション】東京都八王子市椚田町583-15", "url": "https://www.kaigokensaku.mhlw.go.jp/13/index.php?action_kouhyou_detail_004_kani=true&JigyosyoCd=1357080310-00&ServiceCd=160&Type=search", "url2": "http://www.eisei.or.jp" }, "geometry": { "type": "Point", "coordinates": [ 139.305038, 35.6392177 ] } },
{ "type": "Feature", "properties": { "内容": "介護サービススマイル永生【通所リハビリテーション】東京都八王子市椚田町５８８－１７", "url": "https://www.kaigokensaku.mhlw.go.jp/13/index.php?action_kouhyou_detail_004_kani=true&JigyosyoCd=1372903623-00&ServiceCd=160&Type=search", "url2": "http://www.eisei.or.jp/" }, "geometry": { "type": "Point", "coordinates": [ 139.305846200000019, 35.639451 ] } },
{ "type": "Feature", "properties": { "内容": "医療法人社団国立あおやぎ会八王子診療所【通所リハビリテーション】東京都八王子市明神町4丁目30番2号3F　八王子健康管理センター", "url": "https://www.kaigokensaku.mhlw.go.jp/13/index.php?action_kouhyou_detail_004_kani=true&JigyosyoCd=1312928620-00&ServiceCd=160&Type=search", "url2": "http://www.aoyagien.or.jp" }, "geometry": { "type": "Point", "coordinates": [ 139.345217, 35.6619019 ] } },
{ "type": "Feature", "properties": { "内容": "館ヶ丘クリニック【通所リハビリテーション】東京都八王子市館町1097館ヶ丘団地2-9", "url": "https://www.kaigokensaku.mhlw.go.jp/13/index.php?action_kouhyou_detail_004_kani=true&JigyosyoCd=1372900181-00&ServiceCd=160&Type=search", "url2": null }, "geometry": { "type": "Point", "coordinates": [ 139.288690232523578, 35.627090593450603 ] } },
{ "type": "Feature", "properties": { "内容": "社会医療法人社団愛有会　さんあい介護医療院【通所リハビリテーション】東京都八王子市宮下町３７７番地", "url": "https://www.kaigokensaku.mhlw.go.jp/13/index.php?action_kouhyou_detail_004_kani=true&JigyosyoCd=13B2900026-00&ServiceCd=160&Type=search", "url2": "http://sanai-hachioji.jp/" }, "geometry": { "type": "Point", "coordinates": [ 139.3078303, 35.7066876 ] } },
{ "type": "Feature", "properties": { "内容": "医療法人社団永生会みなみ野病院【通所リハビリテーション】東京都八王子市みなみ野5-30-3", "url": "https://www.kaigokensaku.mhlw.go.jp/13/index.php?action_kouhyou_detail_004_kani=true&JigyosyoCd=1312971240-00&ServiceCd=160&Type=search", "url2": "http://www.eisei.or.jp" }, "geometry": { "type": "Point", "coordinates": [ 139.318711900000039, 35.6310205 ] } },
{ "type": "Feature", "properties": { "内容": "介護老人保健施設　南大沢ホロス由木【通所リハビリテーション】東京都八王子市南大沢2-224-5", "url": "https://www.kaigokensaku.mhlw.go.jp/13/index.php?action_kouhyou_detail_004_kani=true&JigyosyoCd=1357080096-00&ServiceCd=160&Type=search", "url2": "http://kawasekai.or.jp" }, "geometry": { "type": "Point", "coordinates": [ 139.385679900000014, 35.6053117 ] } },
{ "type": "Feature", "properties": { "内容": "八王子保健生活協同組合　城山病院　通所リハビリ結生【通所リハビリテーション】東京都八王子市元八王子町3-2872-1", "url": "https://www.kaigokensaku.mhlw.go.jp/13/index.php?action_kouhyou_detail_004_kani=true&JigyosyoCd=1372901254-00&ServiceCd=160&Type=search", "url2": "http://www.hachisei.or.jp" }, "geometry": { "type": "Point", "coordinates": [ 139.266974600000026, 35.6537485 ] } },
{ "type": "Feature", "properties": { "内容": "北原国際病院　デイケアセンター　オリーブ【通所リハビリテーション】東京都八王子市大和田町１-7-23", "url": "https://www.kaigokensaku.mhlw.go.jp/13/index.php?action_kouhyou_detail_004_kani=true&JigyosyoCd=1372901932-00&ServiceCd=160&Type=search", "url2": "https://kokusai.kitaharahosp.com/olive-2/" }, "geometry": { "type": "Point", "coordinates": [ 139.360857300000021, 35.6624104 ] } },
{ "type": "Feature", "properties": { "内容": "立川介護老人保健施設わかば【通所リハビリテーション】東京都立川市若葉町3-45-2", "url": "https://www.kaigokensaku.mhlw.go.jp/13/index.php?action_kouhyou_detail_004_kani=true&JigyosyoCd=1357080674-00&ServiceCd=160&Type=search", "url2": "http://www.tokyosekishinkai.jp/wakaba/" }, "geometry": { "type": "Point", "coordinates": [ 139.441181599999936, 35.7197306 ] } },
{ "type": "Feature", "properties": { "内容": "パークサイドヴィラ通所リハビリテーション【通所リハビリテーション】東京都立川市富士見町1丁目36番6号", "url": "https://www.kaigokensaku.mhlw.go.jp/13/index.php?action_kouhyou_detail_004_kani=true&JigyosyoCd=1357080781-00&ServiceCd=160&Type=search", "url2": "https://www.kouseikai-t.or.jp" }, "geometry": { "type": "Point", "coordinates": [ 139.393898700000022, 35.7034247 ] } },
{ "type": "Feature", "properties": { "内容": "介護老人保健施設　国立あおやぎ苑立川【通所リハビリテーション】東京都立川市富士見町7丁目33番10号", "url": "https://www.kaigokensaku.mhlw.go.jp/13/index.php?action_kouhyou_detail_004_kani=true&JigyosyoCd=1357081318-00&ServiceCd=160&Type=search", "url2": "http://www.aoyagien.or.jp" }, "geometry": { "type": "Point", "coordinates": [ 139.39782260000004, 35.6894775 ] } },
{ "type": "Feature", "properties": { "内容": "鈴木慶やすらぎクリニック【通所リハビリテーション】東京都立川市若葉町3-3-3", "url": "https://www.kaigokensaku.mhlw.go.jp/13/index.php?action_kouhyou_detail_004_kani=true&JigyosyoCd=1313024460-00&ServiceCd=160&Type=search", "url2": "https://suzuki-yasuragi.com" }, "geometry": { "type": "Point", "coordinates": [ 139.43282, 35.72282 ] } },
{ "type": "Feature", "properties": { "内容": "らいおんハート武蔵野脳神経外科内科クリニック【通所リハビリテーション】東京都武蔵野市八幡町3-1-25", "url": "https://www.kaigokensaku.mhlw.go.jp/13/index.php?action_kouhyou_detail_004_kani=true&JigyosyoCd=1313326824-00&ServiceCd=160&Type=search", "url2": "https://musashino-hana.jp/" }, "geometry": { "type": "Point", "coordinates": [ 139.5536563, 35.71542680000001 ] } },
{ "type": "Feature", "properties": { "内容": "介護老人保健施設　サンセール武蔵野【通所リハビリテーション】東京都武蔵野市桜堤1-9-7", "url": "https://www.kaigokensaku.mhlw.go.jp/13/index.php?action_kouhyou_detail_004_kani=true&JigyosyoCd=1353380023-00&ServiceCd=160&Type=search", "url2": "https://www.sin-musashino.com/" }, "geometry": { "type": "Point", "coordinates": [ 139.533731462565584, 35.710431407462153 ] } },
{ "type": "Feature", "properties": { "内容": "介護老人保健施設　ハウスグリーンパーク【通所リハビリテーション】東京都武蔵野市緑町２－３－２１", "url": "https://www.kaigokensaku.mhlw.go.jp/13/index.php?action_kouhyou_detail_004_kani=true&JigyosyoCd=1357080906-00&ServiceCd=160&Type=search", "url2": "http://www.yohwakai.com/hgp/" }, "geometry": { "type": "Point", "coordinates": [ 139.562990899999932, 35.7164536 ] } },
{ "type": "Feature", "properties": { "内容": "介護老人保健施設あんず苑アネックス【通所リハビリテーション】東京都武蔵野市境1-19-20", "url": "https://www.kaigokensaku.mhlw.go.jp/13/index.php?action_kouhyou_detail_004_kani=true&JigyosyoCd=1353380015-00&ServiceCd=160&Type=search", "url2": "https://tenseikai.jp/anzuen/annex/" }, "geometry": { "type": "Point", "coordinates": [ 139.5472929, 35.7043546 ] } },
{ "type": "Feature", "properties": { "内容": "介護老人保健施設あんず苑【通所リハビリテーション】東京都武蔵野市境1-18-5", "url": "https://www.kaigokensaku.mhlw.go.jp/13/index.php?action_kouhyou_detail_004_kani=true&JigyosyoCd=1357080120-00&ServiceCd=160&Type=search", "url2": "https://tenseikai.jp/anzuen/" }, "geometry": { "type": "Point", "coordinates": [ 139.5472264, 35.703202 ] } },
{ "type": "Feature", "properties": { "内容": "むさしの共立診療所通所リハビリテーション【通所リハビリテーション】東京都武蔵野市西久保2-17-11", "url": "https://www.kaigokensaku.mhlw.go.jp/13/index.php?action_kouhyou_detail_004_kani=true&JigyosyoCd=1373300183-00&ServiceCd=160&Type=search", "url2": "http://www.kyoritsuclinic.org/" }, "geometry": { "type": "Point", "coordinates": [ 139.558227699999946, 35.7107653 ] } },
{ "type": "Feature", "properties": { "内容": "三鷹市牟礼老人保健施設はなかいどう【通所リハビリテーション】東京都三鷹市牟礼6-12-30", "url": "https://www.kaigokensaku.mhlw.go.jp/13/index.php?action_kouhyou_detail_004_kani=true&JigyosyoCd=1357080682-00&ServiceCd=160&Type=search", "url2": "http://www.mitaka.or.jp/" }, "geometry": { "type": "Point", "coordinates": [ 139.574399399999947, 35.6878377 ] } },
{ "type": "Feature", "properties": { "内容": "介護老人保健施設　太郎【通所リハビリテーション】東京都三鷹市下連雀4-2-8", "url": "https://www.kaigokensaku.mhlw.go.jp/13/index.php?action_kouhyou_detail_004_kani=true&JigyosyoCd=1357080997-00&ServiceCd=160&Type=search", "url2": "https://rokentaro.com/" }, "geometry": { "type": "Point", "coordinates": [ 139.564702899999929, 35.6934953 ] } },
{ "type": "Feature", "properties": { "内容": "医療法人社団永寿会　介護老人保健施設　三鷹中央リハケアセンター【通所リハビリテーション】東京都三鷹市下連雀9-2-7", "url": "https://www.kaigokensaku.mhlw.go.jp/13/index.php?action_kouhyou_detail_004_kani=true&JigyosyoCd=1357081417-00&ServiceCd=160&Type=search", "url2": "http://rehacare.webmedipr.jp/" }, "geometry": { "type": "Point", "coordinates": [ 139.5633699, 35.68451850000001 ] } },
{ "type": "Feature", "properties": { "内容": "介護老人保健施設　三鷹ロイヤルの丘【通所リハビリテーション】東京都三鷹市新川五丁目６番２４号", "url": "https://www.kaigokensaku.mhlw.go.jp/13/index.php?action_kouhyou_detail_004_kani=true&JigyosyoCd=1353680018-00&ServiceCd=160&Type=search", "url2": "http://wam-town.jp/mitaka-oka/" }, "geometry": { "type": "Point", "coordinates": [ 139.571030599999972, 35.67503619999993 ] } },
{ "type": "Feature", "properties": { "内容": "ゆうあいクリニック【通所リハビリテーション】東京都三鷹市新川4-25-18", "url": "https://www.kaigokensaku.mhlw.go.jp/13/index.php?action_kouhyou_detail_004_kani=true&JigyosyoCd=1373601085-00&ServiceCd=160&Type=search", "url2": "http://www.keijin-kai.or.jp/" }, "geometry": { "type": "Point", "coordinates": [ 139.571891700000037, 35.6739363 ] } },
{ "type": "Feature", "properties": { "内容": "介護医療院篠原病院　通所リハビリテーション【通所リハビリテーション】東京都三鷹市下連雀6-13-10", "url": "https://www.kaigokensaku.mhlw.go.jp/13/index.php?action_kouhyou_detail_004_kani=true&JigyosyoCd=13B3600013-00&ServiceCd=160&Type=search", "url2": "https://shinohara-hospital.or.jp" }, "geometry": { "type": "Point", "coordinates": [ 139.564647868647768, 35.688876307800371 ] } },
{ "type": "Feature", "properties": { "内容": "介護老人保健施設　青梅すえひろ苑【通所リハビリテーション】東京都青梅市末広町1丁目4番地の５", "url": "https://www.kaigokensaku.mhlw.go.jp/13/index.php?action_kouhyou_detail_004_kani=true&JigyosyoCd=1357080153-00&ServiceCd=160&Type=search", "url2": "http://care-net.biz/13/iwaokai/suehiro.php" }, "geometry": { "type": "Point", "coordinates": [ 139.3133904, 35.7784008 ] } },
{ "type": "Feature", "properties": { "内容": "介護老人保健施設メディケア梅の園デイケアセンターウィンド【通所リハビリテーション】東京都青梅市駒木町3-594-1", "url": "https://www.kaigokensaku.mhlw.go.jp/13/index.php?action_kouhyou_detail_004_kani=true&JigyosyoCd=1357080625-00&ServiceCd=160&Type=search", "url2": "https://www.wafukai.or.jp/mdu/" }, "geometry": { "type": "Point", "coordinates": [ 139.251665600000024, 35.7814016 ] } },
{ "type": "Feature", "properties": { "内容": "医療法人社団　三秀会　青梅三慶病院【通所リハビリテーション】東京都青梅市大柳町1412番地", "url": "https://www.kaigokensaku.mhlw.go.jp/13/index.php?action_kouhyou_detail_004_kani=true&JigyosyoCd=1372801157-00&ServiceCd=160&Type=search", "url2": "http://omesankeihp.jp/" }, "geometry": { "type": "Point", "coordinates": [ 139.252187530688531, 35.784640541371338 ] } },
{ "type": "Feature", "properties": { "内容": "介護老人保健施設　西東京ケアセンター【通所リハビリテーション】東京都青梅市友田町3-136-1", "url": "https://www.kaigokensaku.mhlw.go.jp/13/index.php?action_kouhyou_detail_004_kani=true&JigyosyoCd=1352880015-00&ServiceCd=160&Type=search", "url2": "http://ntcc.or.jp/rouken/" }, "geometry": { "type": "Point", "coordinates": [ 139.291046898425265, 35.772882840011086 ] } },
{ "type": "Feature", "properties": { "内容": "介護老人保健施設　葵の園・武蔵府中【通所リハビリテーション】東京都府中市片町2-16-1", "url": "https://www.kaigokensaku.mhlw.go.jp/13/index.php?action_kouhyou_detail_004_kani=true&JigyosyoCd=1357080534-00&ServiceCd=160&Type=search", "url2": "https://www.aoikai.jp/musashifuchu/" }, "geometry": { "type": "Point", "coordinates": [ 139.469923200000039, 35.6697953 ] } },
{ "type": "Feature", "properties": { "内容": "ウイング【通所リハビリテーション】東京都府中市四谷６丁目１５番２", "url": "https://www.kaigokensaku.mhlw.go.jp/13/index.php?action_kouhyou_detail_004_kani=true&JigyosyoCd=1357080716-00&ServiceCd=160&Type=search", "url2": "http://www.syusenkai.or.jp/wing01.php" }, "geometry": { "type": "Point", "coordinates": [ 139.435278499999981, 35.6696721 ] } },
{ "type": "Feature", "properties": { "内容": "杉原整形外科クリニック【通所リハビリテーション】東京都府中市西原町二丁目18番地の1マツシマビル1階B号室", "url": "https://www.kaigokensaku.mhlw.go.jp/13/index.php?action_kouhyou_detail_004_kani=true&JigyosyoCd=1313823564-00&ServiceCd=160&Type=search", "url2": "http://kouyakai.webmedipr.jp/sugihara/" }, "geometry": { "type": "Point", "coordinates": [ 139.4588895, 35.6836474 ] } },
{ "type": "Feature", "properties": { "内容": "けやき並木整形外科【通所リハビリテーション】東京都府中市寿町１丁目１番地の３三ツ木寿町ビル２階", "url": "https://www.kaigokensaku.mhlw.go.jp/13/index.php?action_kouhyou_detail_004_kani=true&JigyosyoCd=1313825254-00&ServiceCd=160&Type=search", "url2": "https://keyaki-ortho.tokyo/" }, "geometry": { "type": "Point", "coordinates": [ 139.478557, 35.672803 ] } },
{ "type": "Feature", "properties": { "内容": "介護老人保健施設　ファミリート府中【通所リハビリテーション】東京都府中市若松町2-4-4", "url": "https://www.kaigokensaku.mhlw.go.jp/13/index.php?action_kouhyou_detail_004_kani=true&JigyosyoCd=1353880022-00&ServiceCd=160&Type=search", "url2": "http://goseikai.jp/futyu.html" }, "geometry": { "type": "Point", "coordinates": [ 139.4982817, 35.6712044 ] } },
{ "type": "Feature", "properties": { "内容": "医療法人社団療心会　府中日新町内科クリニック　通所リハビリテーション【通所リハビリテーション】東京都府中市日新町五丁目53番１1階", "url": "https://www.kaigokensaku.mhlw.go.jp/13/index.php?action_kouhyou_detail_004_kani=true&JigyosyoCd=1373801974-00&ServiceCd=160&Type=search", "url2": "http://www.ibuki.or.jp/" }, "geometry": { "type": "Point", "coordinates": [ 139.440072699999973, 35.6698778 ] } },
{ "type": "Feature", "properties": { "内容": "介護老人保健施設　ふれあいの里【通所リハビリテーション】東京都府中市押立町１丁目９番地１", "url": "https://www.kaigokensaku.mhlw.go.jp/13/index.php?action_kouhyou_detail_004_kani=true&JigyosyoCd=1353880014-00&ServiceCd=160&Type=search", "url2": "http://www.yuuki-kai.com" }, "geometry": { "type": "Point", "coordinates": [ 139.507137400000033, 35.6585872 ] } },
{ "type": "Feature", "properties": { "内容": "医療法人徳洲会　介護老人保健施設いちいの杜【通所リハビリテーション】東京都昭島市武蔵野3-5-63", "url": "https://www.kaigokensaku.mhlw.go.jp/13/index.php?action_kouhyou_detail_004_kani=true&JigyosyoCd=1354080028-00&ServiceCd=160&Type=search", "url2": "https://www.ichiinomori.tokushukai.or.jp" }, "geometry": { "type": "Point", "coordinates": [ 139.375277899999986, 35.7195109 ] } },
{ "type": "Feature", "properties": { "内容": "介護老人保健施設　アゼリア【通所リハビリテーション】東京都昭島市田中町２丁目１番地３７", "url": "https://www.kaigokensaku.mhlw.go.jp/13/index.php?action_kouhyou_detail_004_kani=true&JigyosyoCd=1357080401-00&ServiceCd=160&Type=search", "url2": "http://www.syusenkai.or.jp" }, "geometry": { "type": "Point", "coordinates": [ 139.356381635582011, 35.702428737783883 ] } },
{ "type": "Feature", "properties": { "内容": "医療法人社団　佑樹会　介護老人保健施設　なごみの里【通所リハビリテーション】東京都昭島市中神町1345番1", "url": "https://www.kaigokensaku.mhlw.go.jp/13/index.php?action_kouhyou_detail_004_kani=true&JigyosyoCd=1357081227-00&ServiceCd=160&Type=search", "url2": "http://www.yuuki-kai.com" }, "geometry": { "type": "Point", "coordinates": [ 139.386228299999971, 35.7192184 ] } },
{ "type": "Feature", "properties": { "内容": "医療法人社団永山整形外科通所リハビリテーション事業所【通所リハビリテーション】東京都昭島市朝日町3-6-3", "url": "https://www.kaigokensaku.mhlw.go.jp/13/index.php?action_kouhyou_detail_004_kani=true&JigyosyoCd=1314021002-00&ServiceCd=160&Type=search", "url2": "http://nagayamaseikeiriha.jimdosite.com" }, "geometry": { "type": "Point", "coordinates": [ 139.375584099999969, 35.7070025 ] } },
{ "type": "Feature", "properties": { "内容": "特定医療法人社団　研精会　東京さつきホスピタル【通所リハビリテーション】東京都調布市東つつじヶ丘2-27-1C棟3階", "url": "https://www.kaigokensaku.mhlw.go.jp/13/index.php?action_kouhyou_detail_004_kani=true&JigyosyoCd=1314270104-00&ServiceCd=160&Type=search", "url2": "https://www.tokyo-satsuki.jp/" }, "geometry": { "type": "Point", "coordinates": [ 139.5753087, 35.6581118 ] } },
{ "type": "Feature", "properties": { "内容": "医療法人社団　晃啓会　きくち整形外科通所リハビリテーション【通所リハビリテーション】東京都調布市深大寺東町2-23-5深大寺メディカルビル301", "url": "https://www.kaigokensaku.mhlw.go.jp/13/index.php?action_kouhyou_detail_004_kani=true&JigyosyoCd=1314224184-00&ServiceCd=160&Type=search", "url2": "http://www.kikuchi-kaigo.jp" }, "geometry": { "type": "Point", "coordinates": [ 139.5621734, 35.6683009 ] } },
{ "type": "Feature", "properties": { "内容": "介護老人保健施設いなほ通所リハビリテーション【通所リハビリテーション】東京都調布市染地2丁目34番21号", "url": "https://www.kaigokensaku.mhlw.go.jp/13/index.php?action_kouhyou_detail_004_kani=true&JigyosyoCd=1357080799-00&ServiceCd=160&Type=search", "url2": "http://www.shinshinkai.com" }, "geometry": { "type": "Point", "coordinates": [ 139.5535463, 35.6382554 ] } },
{ "type": "Feature", "properties": { "内容": "介護老人保健施設フロリール調布【通所リハビリテーション】東京都調布市下石原3-45-1", "url": "https://www.kaigokensaku.mhlw.go.jp/13/index.php?action_kouhyou_detail_004_kani=true&JigyosyoCd=1357080062-00&ServiceCd=160&Type=search", "url2": "http://www.tokokai.or.jp" }, "geometry": { "type": "Point", "coordinates": [ 139.532691500000027, 35.6509588 ] } },
{ "type": "Feature", "properties": { "内容": "医療法人社団　大和会　多摩川病院【通所リハビリテーション】東京都調布市国領町5-31-1", "url": "https://www.kaigokensaku.mhlw.go.jp/13/index.php?action_kouhyou_detail_004_kani=true&JigyosyoCd=1314270096-00&ServiceCd=160&Type=search", "url2": "http://www.tamagawahp.jp/" }, "geometry": { "type": "Point", "coordinates": [ 139.554220266270477, 35.648677254951004 ] } },
{ "type": "Feature", "properties": { "内容": "介護老人保健施設　花水木【通所リハビリテーション】東京都調布市深大寺北町四丁目１７番地７", "url": "https://www.kaigokensaku.mhlw.go.jp/13/index.php?action_kouhyou_detail_004_kani=true&JigyosyoCd=1357080211-00&ServiceCd=160&Type=search", "url2": "http://www.roken-hanamizuki.com" }, "geometry": { "type": "Point", "coordinates": [ 139.551957200000061, 35.6794494 ] } },
{ "type": "Feature", "properties": { "内容": "介護老人保健施設グリーンガーデン青樹【通所リハビリテーション】東京都調布市上石原三丁目33番地の17", "url": "https://www.kaigokensaku.mhlw.go.jp/13/index.php?action_kouhyou_detail_004_kani=true&JigyosyoCd=1357080161-00&ServiceCd=160&Type=search", "url2": "http://www.seiju.jp" }, "geometry": { "type": "Point", "coordinates": [ 139.525186428836093, 35.650614796149384 ] } },
{ "type": "Feature", "properties": { "内容": "医療法人社団三友会あけぼの病院【通所リハビリテーション】東京都町田市中町1-23-3あけぼの病院", "url": "https://www.kaigokensaku.mhlw.go.jp/13/index.php?action_kouhyou_detail_004_kani=true&JigyosyoCd=1313270881-00&ServiceCd=160&Type=search", "url2": "https://akebono-hospital.jp/tsushorehabilitation" }, "geometry": { "type": "Point", "coordinates": [ 139.445540853442367, 35.549666432894284 ] } },
{ "type": "Feature", "properties": { "内容": "通所リハビリテ－ション事業所　サンシルバー町田【通所リハビリテーション】東京都町田市相原町２３７３番１サンシルバー町田", "url": "https://www.kaigokensaku.mhlw.go.jp/13/index.php?action_kouhyou_detail_004_kani=true&JigyosyoCd=1357080245-00&ServiceCd=160&Type=search", "url2": "http://www.kyoujo.or.jp/sunsilver/index.html" }, "geometry": { "type": "Point", "coordinates": [ 139.314166399999976, 35.6132973 ] } },
{ "type": "Feature", "properties": { "内容": "介護老人保健施設　オネスティ南町田【通所リハビリテーション】東京都町田市鶴間7丁目3番3号", "url": "https://www.kaigokensaku.mhlw.go.jp/13/index.php?action_kouhyou_detail_004_kani=true&JigyosyoCd=1353280017-00&ServiceCd=160&Type=search", "url2": "http://honesty.eisei.or.jp/" }, "geometry": { "type": "Point", "coordinates": [ 139.477845399999978, 35.5071703 ] } },
{ "type": "Feature", "properties": { "内容": "マイライフ尾根道【通所リハビリテーション】東京都町田市常盤町3547番地2", "url": "https://www.kaigokensaku.mhlw.go.jp/13/index.php?action_kouhyou_detail_004_kani=true&JigyosyoCd=1357080609-00&ServiceCd=160&Type=search", "url2": "http://www.kyuwakai.org/" }, "geometry": { "type": "Point", "coordinates": [ 139.4036178, 35.5847622 ] } },
{ "type": "Feature", "properties": { "内容": "こんどう整形外科【通所リハビリテーション】東京都町田市旭町1-4-1", "url": "https://www.kaigokensaku.mhlw.go.jp/13/index.php?action_kouhyou_detail_004_kani=true&JigyosyoCd=1313227410-00&ServiceCd=160&Type=search", "url2": "https://taidaikai.com/kondo-seikeigeka/" }, "geometry": { "type": "Point", "coordinates": [ 139.4387851, 35.5538882 ] } },
{ "type": "Feature", "properties": { "内容": "すずき脳神経外科クリニック【通所リハビリテーション】東京都町田市旭町3-1-15旭町メディカルビル2F", "url": "https://www.kaigokensaku.mhlw.go.jp/13/index.php?action_kouhyou_detail_004_kani=true&JigyosyoCd=1313227840-00&ServiceCd=160&Type=search", "url2": "http://suzuki-clinic.tokyo/" }, "geometry": { "type": "Point", "coordinates": [ 139.444398477909886, 35.555262128499209 ] } },
{ "type": "Feature", "properties": { "内容": "やまざき整形外科・外科【通所リハビリテーション】東京都町田市山崎町2055-2グランハート町田C-210", "url": "https://www.kaigokensaku.mhlw.go.jp/13/index.php?action_kouhyou_detail_004_kani=true&JigyosyoCd=1313228145-00&ServiceCd=160&Type=search", "url2": "http://kaiseikai-net.or.jp/" }, "geometry": { "type": "Point", "coordinates": [ 139.431810500000012, 35.5713061 ] } },
{ "type": "Feature", "properties": { "内容": "介護老人保健施設町田さくらんぼ【通所リハビリテーション】東京都町田市小野路町1632番地", "url": "https://www.kaigokensaku.mhlw.go.jp/13/index.php?action_kouhyou_detail_004_kani=true&JigyosyoCd=1357080146-00&ServiceCd=160&Type=search", "url2": "https://machidasakuranbo.jp/" }, "geometry": { "type": "Point", "coordinates": [ 139.445641499999965, 35.5961451 ] } },
{ "type": "Feature", "properties": { "内容": "介護老人保健施設　ハピネスせりがや【通所リハビリテーション】東京都町田市原町田４－２７－２９", "url": "https://www.kaigokensaku.mhlw.go.jp/13/index.php?action_kouhyou_detail_004_kani=true&JigyosyoCd=1357080930-00&ServiceCd=160&Type=search", "url2": "http://www.happiness-serigaya.com/" }, "geometry": { "type": "Point", "coordinates": [ 139.454796300000027, 35.5436414 ] } },
{ "type": "Feature", "properties": { "内容": "医療法人財団　明理会　鶴川サナトリウム病院【通所リハビリテーション】東京都町田市真光寺町197番地", "url": "https://www.kaigokensaku.mhlw.go.jp/13/index.php?action_kouhyou_detail_004_kani=true&JigyosyoCd=1373200581-00&ServiceCd=160&Type=search", "url2": "http://www.tsurusana.com/" }, "geometry": { "type": "Point", "coordinates": [ 139.458815299999969, 35.6041754 ] } },
{ "type": "Feature", "properties": { "内容": "デイケア　だんけ【通所リハビリテーション】東京都町田市成瀬台３-８-１８２F", "url": "https://www.kaigokensaku.mhlw.go.jp/13/index.php?action_kouhyou_detail_004_kani=true&JigyosyoCd=1373200805-00&ServiceCd=160&Type=search", "url2": "http://www.danke.jp" }, "geometry": { "type": "Point", "coordinates": [ 139.478420625795025, 35.554848042730875 ] } },
{ "type": "Feature", "properties": { "内容": "増子クリニック【通所リハビリテーション】東京都町田市能ヶ谷7-11-5", "url": "https://www.kaigokensaku.mhlw.go.jp/13/index.php?action_kouhyou_detail_004_kani=true&JigyosyoCd=1313228491-00&ServiceCd=160&Type=search", "url2": "https://masuko-clinic.jimdoweb.com/" }, "geometry": { "type": "Point", "coordinates": [ 139.478647300000034, 35.5908796 ] } },
{ "type": "Feature", "properties": { "内容": "医療法人社団幸隆会多摩丘陵リハビリテーション病院【通所リハビリテーション】東京都町田市下小山田町1491", "url": "https://www.kaigokensaku.mhlw.go.jp/13/index.php?action_kouhyou_detail_004_kani=true&JigyosyoCd=1313270774-00&ServiceCd=160&Type=search", "url2": "http://www.tamakyuryo.or.jp/rehabilitation/" }, "geometry": { "type": "Point", "coordinates": [ 139.421784900000034, 35.6048285 ] } },
{ "type": "Feature", "properties": { "内容": "町田慶泉病院通所リハビリテーション【通所リハビリテーション】東京都町田市南町田2-1-45SAKAEビル2階", "url": "https://www.kaigokensaku.mhlw.go.jp/13/index.php?action_kouhyou_detail_004_kani=true&JigyosyoCd=1313270832-00&ServiceCd=160&Type=search", "url2": "http://www.machida-keisen.com" }, "geometry": { "type": "Point", "coordinates": [ 139.470795673016369, 35.521247662708923 ] } },
{ "type": "Feature", "properties": { "内容": "医療法人社団　康心会　介護老人保健施設　ふれあいの町田【通所リハビリテーション】東京都町田市小山ヶ丘１－３－７", "url": "https://www.kaigokensaku.mhlw.go.jp/13/index.php?action_kouhyou_detail_004_kani=true&JigyosyoCd=1357081557-00&ServiceCd=160&Type=search", "url2": "http://www.fureai-g.or.jp/machida-rk/" }, "geometry": { "type": "Point", "coordinates": [ 139.382474900000034, 35.5978462 ] } },
{ "type": "Feature", "properties": { "内容": "介護老人保健施設　小金井あんず苑【通所リハビリテーション】東京都小金井市前原町5-3-24", "url": "https://www.kaigokensaku.mhlw.go.jp/13/index.php?action_kouhyou_detail_004_kani=true&JigyosyoCd=1357080419-00&ServiceCd=160&Type=search", "url2": "https://tenseikai.jp/koganei/" }, "geometry": { "type": "Point", "coordinates": [ 139.497872899999948, 35.6877162 ] } },
{ "type": "Feature", "properties": { "内容": "介護老人保健施設　秋桜【通所リハビリテーション】東京都小金井市前原町4-4-47", "url": "https://www.kaigokensaku.mhlw.go.jp/13/index.php?action_kouhyou_detail_004_kani=true&JigyosyoCd=1357081508-00&ServiceCd=160&Type=search", "url2": "http://roken-cosmos.com" }, "geometry": { "type": "Point", "coordinates": [ 139.504370276721119, 35.686525012260901 ] } },
{ "type": "Feature", "properties": { "内容": "デイケアうさぎ【通所リハビリテーション】東京都小金井市緑町1-6-53うさぎビル", "url": "https://www.kaigokensaku.mhlw.go.jp/13/index.php?action_kouhyou_detail_004_kani=true&JigyosyoCd=1374101002-00&ServiceCd=160&Type=search", "url2": "http://www.hojokai-usagi.jp/" }, "geometry": { "type": "Point", "coordinates": [ 139.521659199999931, 35.7036373 ] } },
{ "type": "Feature", "properties": { "内容": "小金井リハビリテーション病院【通所リハビリテーション】東京都小金井市前原町1-3-2", "url": "https://www.kaigokensaku.mhlw.go.jp/13/index.php?action_kouhyou_detail_004_kani=true&JigyosyoCd=1314170049-00&ServiceCd=160&Type=search", "url2": "http://www.koganei-rh.net" }, "geometry": { "type": "Point", "coordinates": [ 139.5122978, 35.6889371 ] } },
{ "type": "Feature", "properties": { "内容": "緑成会病院【通所リハビリテーション】東京都小平市小川西町２丁目３５－１", "url": "https://www.kaigokensaku.mhlw.go.jp/13/index.php?action_kouhyou_detail_004_kani=true&JigyosyoCd=1314314209-00&ServiceCd=160&Type=search", "url2": "http://www.ryokuseikai.or.jp/" }, "geometry": { "type": "Point", "coordinates": [ 139.461129300000039, 35.7371981 ] } },
{ "type": "Feature", "properties": { "内容": "介護老人保健施設けやきの郷【通所リハビリテーション】東京都小平市小川町1丁目485番", "url": "https://www.kaigokensaku.mhlw.go.jp/13/index.php?action_kouhyou_detail_004_kani=true&JigyosyoCd=1357080344-00&ServiceCd=160&Type=search", "url2": "https://www.reimeikai1945.jp/pages/37/" }, "geometry": { "type": "Point", "coordinates": [ 139.440373099999988, 35.7276518 ] } },
{ "type": "Feature", "properties": { "内容": "みその診療所【通所リハビリテーション】東京都小平市美園町1-2-16", "url": "https://www.kaigokensaku.mhlw.go.jp/13/index.php?action_kouhyou_detail_004_kani=true&JigyosyoCd=1374301552-00&ServiceCd=160&Type=search", "url2": "http://www.saito.coop/" }, "geometry": { "type": "Point", "coordinates": [ 139.486718699999983, 35.7363601 ] } },
{ "type": "Feature", "properties": { "内容": "医療法人社団武蔵野会　小平中央リハビリテーション病院【通所リハビリテーション】東京都小平市鈴木町一丁目146番", "url": "https://www.kaigokensaku.mhlw.go.jp/13/index.php?action_kouhyou_detail_004_kani=true&JigyosyoCd=1314370045-00&ServiceCd=160&Type=search", "url2": "http://kodaira-reha.jp/" }, "geometry": { "type": "Point", "coordinates": [ 139.495418699999959, 35.725957 ] } },
{ "type": "Feature", "properties": { "内容": "介護老人保健施設　プラチナ・ヴィラ小平【通所リハビリテーション】東京都小平市鈴木町１－８５－１プラチナ・ヴィラ小平", "url": "https://www.kaigokensaku.mhlw.go.jp/13/index.php?action_kouhyou_detail_004_kani=true&JigyosyoCd=1354380014-00&ServiceCd=160&Type=search", "url2": "https://www.platinum-villa.jp/kodaira.html" }, "geometry": { "type": "Point", "coordinates": [ 139.4936925, 35.7257566 ] } },
{ "type": "Feature", "properties": { "内容": "介護老人保健施設・クローバー【通所リハビリテーション】東京都日野市東平山3-1-1", "url": "https://www.kaigokensaku.mhlw.go.jp/13/index.php?action_kouhyou_detail_004_kani=true&JigyosyoCd=1357081482-00&ServiceCd=160&Type=search", "url2": "http://www.roken-cr.jp" }, "geometry": { "type": "Point", "coordinates": [ 139.378192300000023, 35.6548697 ] } },
{ "type": "Feature", "properties": { "内容": "介護老人保健施設カトレア【通所リハビリテーション】東京都日野市日野本町6-3-17", "url": "https://www.kaigokensaku.mhlw.go.jp/13/index.php?action_kouhyou_detail_004_kani=true&JigyosyoCd=1357080740-00&ServiceCd=160&Type=search", "url2": "http://eiseikaihino.com/" }, "geometry": { "type": "Point", "coordinates": [ 139.401361299999962, 35.6833087 ] } },
{ "type": "Feature", "properties": { "内容": "介護老人保健施設　高幡みさわの杜【通所リハビリテーション】東京都日野市三沢3-22-14", "url": "https://www.kaigokensaku.mhlw.go.jp/13/index.php?action_kouhyou_detail_004_kani=true&JigyosyoCd=1357080807-00&ServiceCd=160&Type=search", "url2": "http://www.shinshikai.or.jp/" }, "geometry": { "type": "Point", "coordinates": [ 139.418302600000061, 35.6581841 ] } },
{ "type": "Feature", "properties": { "内容": "介護老人保健施設　サルビア【通所リハビリテーション】東京都日野市万願寺１丁目１８番地の１", "url": "https://www.kaigokensaku.mhlw.go.jp/13/index.php?action_kouhyou_detail_004_kani=true&JigyosyoCd=1357080914-00&ServiceCd=160&Type=search", "url2": "http://www.eiseikaihino.com/" }, "geometry": { "type": "Point", "coordinates": [ 139.419732100000033, 35.6763349 ] } },
{ "type": "Feature", "properties": { "内容": "介護老人保健施設ロべリア【通所リハビリテーション】東京都日野市万願寺1-13-4", "url": "https://www.kaigokensaku.mhlw.go.jp/13/index.php?action_kouhyou_detail_004_kani=true&JigyosyoCd=1357081193-00&ServiceCd=160&Type=search", "url2": "http://www.eiseikaihino.com" }, "geometry": { "type": "Point", "coordinates": [ 139.419929300000035, 35.6753822 ] } },
{ "type": "Feature", "properties": { "内容": "多摩平の森の病院【通所リハビリテーション】東京都日野市多摩平三丁目1番17多摩平の森の病院", "url": "https://www.kaigokensaku.mhlw.go.jp/13/index.php?action_kouhyou_detail_004_kani=true&JigyosyoCd=1313570108-00&ServiceCd=160&Type=search", "url2": "https://tamadairanomorino-hospital.com/" }, "geometry": { "type": "Point", "coordinates": [ 139.3770165, 35.6653456 ] } },
{ "type": "Feature", "properties": { "内容": "デイケアセンターとよだ【通所リハビリテーション】東京都日野市豊田2-32-1康明会病院", "url": "https://www.kaigokensaku.mhlw.go.jp/13/index.php?action_kouhyou_detail_004_kani=true&JigyosyoCd=1373500253-00&ServiceCd=160&Type=search", "url2": "http://www.komei-mc.or.jp" }, "geometry": { "type": "Point", "coordinates": [ 139.384519599999976, 35.6550613 ] } },
{ "type": "Feature", "properties": { "内容": "医療法人社団康明会　康明会予防リハビリテーションセンター【通所リハビリテーション】東京都日野市日野1451-1シルバービレッジ日野クリニックビル2階", "url": "https://www.kaigokensaku.mhlw.go.jp/13/index.php?action_kouhyou_detail_004_kani=true&JigyosyoCd=1373501632-00&ServiceCd=160&Type=search", "url2": "http://www.komei-mc.or.jp" }, "geometry": { "type": "Point", "coordinates": [ 139.408402499999966, 35.6778678 ] } },
{ "type": "Feature", "properties": { "内容": "介護老人保健施設　東京ばんなん白光園【通所リハビリテーション】東京都東村山市諏訪町二丁目２６番地１", "url": "https://www.kaigokensaku.mhlw.go.jp/13/index.php?action_kouhyou_detail_004_kani=true&JigyosyoCd=1357080039-00&ServiceCd=160&Type=search", "url2": "http://www.bannan.jp/" }, "geometry": { "type": "Point", "coordinates": [ 139.463675299999977, 35.7718922 ] } },
{ "type": "Feature", "properties": { "内容": "社会医療法人社団愛有会介護老人保健施設久米川【通所リハビリテーション】東京都東村山市本町4-7-14", "url": "https://www.kaigokensaku.mhlw.go.jp/13/index.php?action_kouhyou_detail_004_kani=true&JigyosyoCd=1352780017-00&ServiceCd=160&Type=search", "url2": "https://aiyukai-group.or.jp/" }, "geometry": { "type": "Point", "coordinates": [ 135.498245, 34.684181 ] } },
{ "type": "Feature", "properties": { "内容": "介護老人保健施設　グリーン・ボイス【通所リハビリテーション】東京都東村山市萩山町３－３１－２", "url": "https://www.kaigokensaku.mhlw.go.jp/13/index.php?action_kouhyou_detail_004_kani=true&JigyosyoCd=1357080278-00&ServiceCd=160&Type=search", "url2": "http://ryokufukai-shafuku.or.jp" }, "geometry": { "type": "Point", "coordinates": [ 139.468161799999962, 35.7439783 ] } },
{ "type": "Feature", "properties": { "内容": "公益財団法人結核予防会　介護老人保健施設保生の森【通所リハビリテーション】東京都東村山市諏訪町３丁目６番地１", "url": "https://www.kaigokensaku.mhlw.go.jp/13/index.php?action_kouhyou_detail_004_kani=true&JigyosyoCd=1357080732-00&ServiceCd=160&Type=search", "url2": "https://www.jata-hosei.jp" }, "geometry": { "type": "Point", "coordinates": [ 139.46193930000004, 35.7708839 ] } },
{ "type": "Feature", "properties": { "内容": "愛の泉恩多クリニック【通所リハビリテーション】東京都東村山市恩多町3-24-4", "url": "https://www.kaigokensaku.mhlw.go.jp/13/index.php?action_kouhyou_detail_004_kani=true&JigyosyoCd=1312722585-00&ServiceCd=160&Type=search", "url2": "https://www.ainoizumi-clinic.com/kaigo/tsusho_riha.html" }, "geometry": { "type": "Point", "coordinates": [ 139.4836669, 35.7523815 ] } },
{ "type": "Feature", "properties": { "内容": "介護老人保健施設　多摩すずらん【通所リハビリテーション】東京都東村山市青葉町2-27-1", "url": "https://www.kaigokensaku.mhlw.go.jp/13/index.php?action_kouhyou_detail_004_kani=true&JigyosyoCd=1357080815-00&ServiceCd=160&Type=search", "url2": "http://www.sinsinkai.com/index.html" }, "geometry": { "type": "Point", "coordinates": [ 139.491770200000019, 35.7624328 ] } },
{ "type": "Feature", "properties": { "内容": "北多摩生協診療所【通所リハビリテーション】東京都東村山市本町4-2-32ドルチェ久米川１階", "url": "https://www.kaigokensaku.mhlw.go.jp/13/index.php?action_kouhyou_detail_004_kani=true&JigyosyoCd=1372700185-00&ServiceCd=160&Type=search", "url2": "http://www.saito-seikyo.com/index.htm" }, "geometry": { "type": "Point", "coordinates": [ 139.470258599999966, 35.7520387 ] } },
{ "type": "Feature", "properties": { "内容": "国分寺市介護老人保健施設すこやか【通所リハビリテーション】東京都国分寺市泉町2－3－8国分寺市いずみプラザ", "url": "https://www.kaigokensaku.mhlw.go.jp/13/index.php?action_kouhyou_detail_004_kani=true&JigyosyoCd=1357080823-00&ServiceCd=160&Type=search", "url2": "https://kokubunji-fukushi.com" }, "geometry": { "type": "Point", "coordinates": [ 139.468785426983715, 35.696325716518501 ] } },
{ "type": "Feature", "properties": { "内容": "国分寺ひかり診療所【通所リハビリテーション】東京都国分寺市光町3-13-342階", "url": "https://www.kaigokensaku.mhlw.go.jp/13/index.php?action_kouhyou_detail_004_kani=true&JigyosyoCd=1373100823-00&ServiceCd=160&Type=search", "url2": "http://www.t-kenseikai.jp/clinic/kokubunji/" }, "geometry": { "type": "Point", "coordinates": [ 139.443251299999929, 35.7075515 ] } },
{ "type": "Feature", "properties": { "内容": "にんじん健康ひろば　通所リハビリテーション【通所リハビリテーション】東京都国分寺市西元町2-16-40", "url": "https://www.kaigokensaku.mhlw.go.jp/13/index.php?action_kouhyou_detail_004_kani=true&JigyosyoCd=1353180019-00&ServiceCd=160&Type=search", "url2": "http://www.ninjin.or.jp" }, "geometry": { "type": "Point", "coordinates": [ 139.4693304, 35.6951534 ] } },
{ "type": "Feature", "properties": { "内容": "介護老人保健施設　あるふぁ国立【通所リハビリテーション】東京都国立市谷保6-21-13", "url": "https://www.kaigokensaku.mhlw.go.jp/13/index.php?action_kouhyou_detail_004_kani=true&JigyosyoCd=1357080567-00&ServiceCd=160&Type=search", "url2": "http://www.sansuikai.jp/" }, "geometry": { "type": "Point", "coordinates": [ 139.442686099999946, 35.6753661 ] } },
{ "type": "Feature", "properties": { "内容": "介護老人保健施設国立あおやぎ苑【通所リハビリテーション】東京都国立市青柳3丁目5番地の1", "url": "https://www.kaigokensaku.mhlw.go.jp/13/index.php?action_kouhyou_detail_004_kani=true&JigyosyoCd=1357080575-00&ServiceCd=160&Type=search", "url2": "http://www.aoyagien.or.jp" }, "geometry": { "type": "Point", "coordinates": [ 139.42119, 35.6875534 ] } },
{ "type": "Feature", "properties": { "内容": "医療法人社団永進会　介護老人保健施設ユーアイビラ【通所リハビリテーション】東京都福生市南田園一丁目10番地3", "url": "https://www.kaigokensaku.mhlw.go.jp/13/index.php?action_kouhyou_detail_004_kani=true&JigyosyoCd=1357081052-00&ServiceCd=160&Type=search", "url2": "https://www.zenjinkai-group.jp/eishinkai/care_center/yuai_villa/" }, "geometry": { "type": "Point", "coordinates": [ 139.33170210000003, 35.7228442 ] } },
{ "type": "Feature", "properties": { "内容": "医療法人社団　幹人会　福生クリニック　通所リハビリテーション【通所リハビリテーション】東京都福生市加美平3-35-13", "url": "https://www.kaigokensaku.mhlw.go.jp/13/index.php?action_kouhyou_detail_004_kani=true&JigyosyoCd=1374400214-00&ServiceCd=160&Type=search", "url2": "http://www.kanjinkai.net/" }, "geometry": { "type": "Point", "coordinates": [ 139.31970739999997, 35.7490851 ] } },
{ "type": "Feature", "properties": { "内容": "医療法人社団哲慶会石倉整形外科通所リハビリテーション【通所リハビリテーション】東京都狛江市中和泉1-8-3シルク狛江1階", "url": "https://www.kaigokensaku.mhlw.go.jp/13/index.php?action_kouhyou_detail_004_kani=true&JigyosyoCd=1374500344-00&ServiceCd=160&Type=search", "url2": "http://ishikuraclinic.webmedipr.jp" }, "geometry": { "type": "Point", "coordinates": [ 139.575846500000011, 35.6364259 ] } },
{ "type": "Feature", "properties": { "内容": "通所リハビリテーション　プラチナ・ヴィラ東大和【通所リハビリテーション】東京都東大和市芋窪6-1284-1", "url": "https://www.kaigokensaku.mhlw.go.jp/13/index.php?action_kouhyou_detail_004_kani=true&JigyosyoCd=1354680017-00&ServiceCd=160&Type=search", "url2": "https://www.platinum-villa.jp/higashiyamato.html" }, "geometry": { "type": "Point", "coordinates": [ 139.412708299999963, 35.7505516 ] } },
{ "type": "Feature", "properties": { "内容": "介護老人保健施設　東大和ケアセンター【通所リハビリテーション】東京都東大和市南街1-13-1", "url": "https://www.kaigokensaku.mhlw.go.jp/13/index.php?action_kouhyou_detail_004_kani=true&JigyosyoCd=1357080443-00&ServiceCd=160&Type=search", "url2": "http://www.yamatokai.or.jp" }, "geometry": { "type": "Point", "coordinates": [ 139.431659599999989, 35.7414641 ] } },
{ "type": "Feature", "properties": { "内容": "介護老人保健施設ラビアンローゼ【通所リハビリテーション】東京都清瀬市下清戸三丁目385番地", "url": "https://www.kaigokensaku.mhlw.go.jp/13/index.php?action_kouhyou_detail_004_kani=true&JigyosyoCd=1357080369-00&ServiceCd=160&Type=search", "url2": "http://www.kouzenkai.com/" }, "geometry": { "type": "Point", "coordinates": [ 139.5389711, 35.7848836 ] } },
{ "type": "Feature", "properties": { "内容": "杉本医院【通所リハビリテーション】東京都清瀬市元町２－７－１", "url": "https://www.kaigokensaku.mhlw.go.jp/13/index.php?action_kouhyou_detail_004_kani=true&JigyosyoCd=1314720397-00&ServiceCd=160&Type=search", "url2": "http://www.myclinic.ne.jp/sugi1199" }, "geometry": { "type": "Point", "coordinates": [ 139.515262200000052, 35.77469820000001 ] } },
{ "type": "Feature", "properties": { "内容": "介護老人保健施設　たけおか【通所リハビリテーション】東京都清瀬市竹丘２－３－２１介護老人保健施設　たけおか", "url": "https://www.kaigokensaku.mhlw.go.jp/13/index.php?action_kouhyou_detail_004_kani=true&JigyosyoCd=1357080450-00&ServiceCd=160&Type=search", "url2": "https://www.roken.takeoka.or.jp" }, "geometry": { "type": "Point", "coordinates": [ 139.508915800000068, 35.7652437 ] } },
{ "type": "Feature", "properties": { "内容": "ケア東久留米【通所リハビリテーション】東京都東久留米市幸町3-11-10", "url": "https://www.kaigokensaku.mhlw.go.jp/13/index.php?action_kouhyou_detail_004_kani=true&JigyosyoCd=1357081516-00&ServiceCd=160&Type=search", "url2": "http://maruyamakai.or.jp/care-higashikurume/" }, "geometry": { "type": "Point", "coordinates": [ 139.521606600000041, 35.7583807 ] } },
{ "type": "Feature", "properties": { "内容": "医療法人社団欅会　東久留米クリニック【通所リハビリテーション】東京都東久留米市新川町２丁目２番２２号", "url": "https://www.kaigokensaku.mhlw.go.jp/13/index.php?action_kouhyou_detail_004_kani=true&JigyosyoCd=1374800868-00&ServiceCd=160&Type=search", "url2": "https://keyaki-med.com/facilities/higashikurume/" }, "geometry": { "type": "Point", "coordinates": [ 139.539993699999968, 35.7606893 ] } },
{ "type": "Feature", "properties": { "内容": "うるるリハビリクリニック東久留米【通所リハビリテーション】東京都東久留米市本町2-3-1ハイツ東久留米1階", "url": "https://www.kaigokensaku.mhlw.go.jp/13/index.php?action_kouhyou_detail_004_kani=true&JigyosyoCd=1314821864-00&ServiceCd=160&Type=search", "url2": "https://www.uluru-rehabili-clinic.jp/home" }, "geometry": { "type": "Point", "coordinates": [ 139.529732200000012, 35.761368699999984 ] } },
{ "type": "Feature", "properties": { "内容": "医療法人財団立川中央病院介護老人保健施設アルカディア【通所リハビリテーション】東京都武蔵村山市三ツ藤１丁目９８番１", "url": "https://www.kaigokensaku.mhlw.go.jp/13/index.php?action_kouhyou_detail_004_kani=true&JigyosyoCd=1357081300-00&ServiceCd=160&Type=search", "url2": "http://www.arcadia-kaigo.com" }, "geometry": { "type": "Point", "coordinates": [ 139.379841899999974, 35.7482203 ] } },
{ "type": "Feature", "properties": { "内容": "介護老人保健施設　聖の郷【通所リハビリテーション】東京都多摩市連光寺2-69-6", "url": "https://www.kaigokensaku.mhlw.go.jp/13/index.php?action_kouhyou_detail_004_kani=true&JigyosyoCd=1357080617-00&ServiceCd=160&Type=search", "url2": "https://hijirinosato.jp/" }, "geometry": { "type": "Point", "coordinates": [ 139.453767199999987, 35.6394318 ] } },
{ "type": "Feature", "properties": { "内容": "あい介護老人保健施設【通所リハビリテーション】東京都多摩市中沢1-17-38", "url": "https://www.kaigokensaku.mhlw.go.jp/13/index.php?action_kouhyou_detail_004_kani=true&JigyosyoCd=1357081045-00&ServiceCd=160&Type=search", "url2": "https://www.kawakita.or.jp/aisafetynet/airoken/" }, "geometry": { "type": "Point", "coordinates": [ 139.412685300000021, 35.6221716 ] } },
{ "type": "Feature", "properties": { "内容": "あいクリニック【通所リハビリテーション】東京都多摩市貝取1431-3あいクリニック", "url": "https://www.kaigokensaku.mhlw.go.jp/13/index.php?action_kouhyou_detail_004_kani=true&JigyosyoCd=1315022736-00&ServiceCd=160&Type=search", "url2": "https://kawakita.or.jp/aisafetynet/" }, "geometry": { "type": "Point", "coordinates": [ 139.44361, 35.6350459 ] } },
{ "type": "Feature", "properties": { "内容": "天本病院　介護予防通所リハビリテーション【通所リハビリテーション】東京都多摩市中沢2-5-1天本病院", "url": "https://www.kaigokensaku.mhlw.go.jp/13/index.php?action_kouhyou_detail_004_kani=true&JigyosyoCd=1315070099-00&ServiceCd=160&Type=search", "url2": "https://kawakita.or.jp/aisafetynet/amamoto" }, "geometry": { "type": "Point", "coordinates": [ 139.4126493, 35.62148 ] } },
{ "type": "Feature", "properties": { "内容": "介護老人保健施設デンマークイン若葉台【通所リハビリテーション】東京都稲城市若葉台３－７－１", "url": "https://www.kaigokensaku.mhlw.go.jp/13/index.php?action_kouhyou_detail_004_kani=true&JigyosyoCd=1357080013-00&ServiceCd=160&Type=search", "url2": "https://hilltop-roman.jp/" }, "geometry": { "type": "Point", "coordinates": [ 139.46467819999998, 35.6243789 ] } },
{ "type": "Feature", "properties": { "内容": "なかざわ整形外科　通所リハビリテーション【通所リハビリテーション】東京都稲城市東長沼1989－1", "url": "https://www.kaigokensaku.mhlw.go.jp/13/index.php?action_kouhyou_detail_004_kani=true&JigyosyoCd=1315121033-00&ServiceCd=160&Type=search", "url2": "http://care-creek.com/nakazawa/nakazawa-outpatient-rehabilitation.html" }, "geometry": { "type": "Point", "coordinates": [ 139.503626264418017, 35.639482615930604 ] } },
{ "type": "Feature", "properties": { "内容": "医療法人社団葵会　介護老人保健施設　葵の園・羽村【通所リハビリテーション】東京都羽村市栄町三丁目3番10号", "url": "https://www.kaigokensaku.mhlw.go.jp/13/index.php?action_kouhyou_detail_004_kani=true&JigyosyoCd=1355380013-00&ServiceCd=160&Type=search", "url2": "http://www.aoikai.jp/hamura" }, "geometry": { "type": "Point", "coordinates": [ 139.314212699999985, 35.7716572 ] } },
{ "type": "Feature", "properties": { "内容": "介護老人保健施設　あかしあの里【通所リハビリテーション】東京都羽村市玉川２丁目６番６号", "url": "https://www.kaigokensaku.mhlw.go.jp/13/index.php?action_kouhyou_detail_004_kani=true&JigyosyoCd=1357080971-00&ServiceCd=160&Type=search", "url2": "http://www.shinaikai.jp/" }, "geometry": { "type": "Point", "coordinates": [ 139.314741300000037, 35.7490711 ] } },
{ "type": "Feature", "properties": { "内容": "羽村三慶病院通所リハビリテーション結【通所リハビリテーション】東京都羽村市羽字武蔵野4207番地", "url": "https://www.kaigokensaku.mhlw.go.jp/13/index.php?action_kouhyou_detail_004_kani=true&JigyosyoCd=1315370028-00&ServiceCd=160&Type=search", "url2": "https://www.hamurasankei.or.jp/" }, "geometry": { "type": "Point", "coordinates": [ 139.332609, 35.761062 ] } },
{ "type": "Feature", "properties": { "内容": "西多摩病院　デイケアセンター【通所リハビリテーション】東京都羽村市双葉町2-21-1", "url": "https://www.kaigokensaku.mhlw.go.jp/13/index.php?action_kouhyou_detail_004_kani=true&JigyosyoCd=1315370036-00&ServiceCd=160&Type=search", "url2": "http://www.aoikai.jp" }, "geometry": { "type": "Point", "coordinates": [ 139.33517269999993, 35.7601509 ] } },
{ "type": "Feature", "properties": { "内容": "介護老人保健施設　リハビリパークあきる野【通所リハビリテーション】東京都あきる野市渕上　１介護老人保健施設　リハビリパークあきる野", "url": "https://www.kaigokensaku.mhlw.go.jp/13/index.php?action_kouhyou_detail_004_kani=true&JigyosyoCd=1355280015-00&ServiceCd=160&Type=search", "url2": "http://www.kyourinkai.com/" }, "geometry": { "type": "Point", "coordinates": [ 139.272737400000011, 35.7234231 ] } },
{ "type": "Feature", "properties": { "内容": "オキドキ【通所リハビリテーション】東京都あきる野市伊奈４７７番地１", "url": "https://www.kaigokensaku.mhlw.go.jp/13/index.php?action_kouhyou_detail_004_kani=true&JigyosyoCd=1357081326-00&ServiceCd=160&Type=search", "url2": "http://www.syusenkai.or.jp" }, "geometry": { "type": "Point", "coordinates": [ 139.255119299999933, 35.7331518 ] } },
{ "type": "Feature", "properties": { "内容": "介護老人保健施設　さくら【通所リハビリテーション】東京都あきる野市草花字南小宮３０７９番５", "url": "https://www.kaigokensaku.mhlw.go.jp/13/index.php?action_kouhyou_detail_004_kani=true&JigyosyoCd=1357080526-00&ServiceCd=160&Type=search", "url2": "http://老健さくら.net" }, "geometry": { "type": "Point", "coordinates": [ 139.304919115005532, 35.737824728475779 ] } },
{ "type": "Feature", "properties": { "内容": "あきる台病院【通所リハビリテーション】東京都あきる野市秋川6-5-1", "url": "https://www.kaigokensaku.mhlw.go.jp/13/index.php?action_kouhyou_detail_004_kani=true&JigyosyoCd=1375200084-00&ServiceCd=160&Type=search", "url2": "http://akirudai-hp.or.jp" }, "geometry": { "type": "Point", "coordinates": [ 139.2919614, 35.729345 ] } },
{ "type": "Feature", "properties": { "内容": "介護老人保健施設ハートフル田無【通所リハビリテーション】東京都西東京市向台町２－１６－２２", "url": "https://www.kaigokensaku.mhlw.go.jp/13/index.php?action_kouhyou_detail_004_kani=true&JigyosyoCd=1357080641-00&ServiceCd=160&Type=search", "url2": "http://www.tokyo-seisinnkai.or.jp/" }, "geometry": { "type": "Point", "coordinates": [ 139.5394427, 35.7203941 ] } },
{ "type": "Feature", "properties": { "内容": "介護老人保健施設　武蔵野徳洲苑　通所リハビリテーション【通所リハビリテーション】東京都西東京市向台町3-5-57", "url": "https://www.kaigokensaku.mhlw.go.jp/13/index.php?action_kouhyou_detail_004_kani=true&JigyosyoCd=1355480011-00&ServiceCd=160&Type=search", "url2": "http://musashino-tokushuen.jp/" }, "geometry": { "type": "Point", "coordinates": [ 139.533231726983672, 35.718439010696336 ] } },
{ "type": "Feature", "properties": { "内容": "介護老人保健施設　葵の園・ひばりが丘【通所リハビリテーション】東京都西東京市ひばりが丘3丁目１番８号", "url": "https://www.kaigokensaku.mhlw.go.jp/13/index.php?action_kouhyou_detail_004_kani=true&JigyosyoCd=1355480029-00&ServiceCd=160&Type=search", "url2": "https://www.aoikai.jp/hibarigaoka/" }, "geometry": { "type": "Point", "coordinates": [ 139.5367834, 35.7444134 ] } },
{ "type": "Feature", "properties": { "内容": "武蔵野ファミリークリニック【通所リハビリテーション】東京都西東京市新町1-2-20", "url": "https://www.kaigokensaku.mhlw.go.jp/13/index.php?action_kouhyou_detail_004_kani=true&JigyosyoCd=1315420294-00&ServiceCd=160&Type=search", "url2": "https://mfc-clinic.com" }, "geometry": { "type": "Point", "coordinates": [ 139.544892399999981, 35.716922500000024 ] } },
{ "type": "Feature", "properties": { "内容": "医療法人社団藤原会藤原医院【通所リハビリテーション】東京都西東京市ひばりが丘北4-8-4", "url": "https://www.kaigokensaku.mhlw.go.jp/13/index.php?action_kouhyou_detail_004_kani=true&JigyosyoCd=1315421433-00&ServiceCd=160&Type=search", "url2": "http://www.fujiwaraiin.com" }, "geometry": { "type": "Point", "coordinates": [ 139.5458542, 35.75362 ] } },
{ "type": "Feature", "properties": { "内容": "介護老人保健施設　菜の花【通所リハビリテーション】東京都西多摩郡瑞穂町殿ヶ谷454", "url": "https://www.kaigokensaku.mhlw.go.jp/13/index.php?action_kouhyou_detail_004_kani=true&JigyosyoCd=1357081201-00&ServiceCd=160&Type=search", "url2": "http://www.kanjinkai.net" }, "geometry": { "type": "Point", "coordinates": [ 139.356727, 35.7577324 ] } },
{ "type": "Feature", "properties": { "内容": "介護老人保健施設　けんちの苑みずほ【通所リハビリテーション】東京都西多摩郡瑞穂町大字長岡長谷部31-1", "url": "https://www.kaigokensaku.mhlw.go.jp/13/index.php?action_kouhyou_detail_004_kani=true&JigyosyoCd=1357081029-00&ServiceCd=160&Type=search", "url2": "http://www.kenchinosono-mizuho.com/" }, "geometry": { "type": "Point", "coordinates": [ 139.330011, 35.7872753 ] } },
{ "type": "Feature", "properties": { "内容": "医療法人互生会　ファミリート日の出　通所リハビリテーション【通所リハビリテーション】東京都西多摩郡日の出町平井351-1", "url": "https://www.kaigokensaku.mhlw.go.jp/13/index.php?action_kouhyou_detail_004_kani=true&JigyosyoCd=1352480022-00&ServiceCd=160&Type=search", "url2": "http://www.goseikai.jp" }, "geometry": { "type": "Point", "coordinates": [ 139.283317500000067, 35.7340969 ] } },
{ "type": "Feature", "properties": { "内容": "介護老人保健施設　ウェルピア白寿【通所リハビリテーション】東京都西多摩郡日の出町平井3820番地", "url": "https://www.kaigokensaku.mhlw.go.jp/13/index.php?action_kouhyou_detail_004_kani=true&JigyosyoCd=1357081391-00&ServiceCd=160&Type=search", "url2": "http://www.hakujyu.or.jp/wellpia/index.html" }, "geometry": { "type": "Point", "coordinates": [ 139.271901100000036, 35.7448092 ] } },
{ "type": "Feature", "properties": { "内容": "医療法人財団　利定会　大久野病院【通所リハビリテーション】東京都西多摩郡日の出町大久野6416", "url": "https://www.kaigokensaku.mhlw.go.jp/13/index.php?action_kouhyou_detail_004_kani=true&JigyosyoCd=1312470458-00&ServiceCd=160&Type=search", "url2": "http://www.oogunohp.com/" }, "geometry": { "type": "Point", "coordinates": [ 139.234045, 35.7563776 ] } },
{ "type": "Feature", "properties": { "内容": "介護老人保健施設　日の出さくら【通所リハビリテーション】東京都西多摩郡日の出町大字平井字宮本3608番1", "url": "https://www.kaigokensaku.mhlw.go.jp/13/index.php?action_kouhyou_detail_004_kani=true&JigyosyoCd=1352480030-00&ServiceCd=160&Type=search", "url2": "http://老健日の出さくら.jp" }, "geometry": { "type": "Point", "coordinates": [ 139.267099752453618, 35.744606755225163 ] } },
{ "type": "Feature", "properties": { "内容": "医療法人社団崎陽会　日の出ヶ丘病院通所リハビリテーション【通所リハビリテーション】東京都西多摩郡日の出町大久野３１０番地日の出ヶ丘リハビリセンター内", "url": "https://www.kaigokensaku.mhlw.go.jp/13/index.php?action_kouhyou_detail_004_kani=true&JigyosyoCd=1372400554-00&ServiceCd=160&Type=search", "url2": "http://www.hinodehp.com" }, "geometry": { "type": "Point", "coordinates": [ 139.246859785983247, 35.743299992024198 ] } },
{ "type": "Feature", "properties": { "内容": "奥多摩町　国民健康保険　奥多摩病院【通所リハビリテーション】東京都西多摩郡奥多摩町氷川1,111", "url": "https://www.kaigokensaku.mhlw.go.jp/13/index.php?action_kouhyou_detail_004_kani=true&JigyosyoCd=1312414555-00&ServiceCd=160&Type=search", "url2": "https://www.town.okutama.tokyo.jp/gyosei/4/iryo_kenko/okutamabyoin/index.html" }, "geometry": { "type": "Point", "coordinates": [ 139.0886342, 35.8004302 ] } },
{ "type": "Feature", "properties": { "内容": "小笠原村診療所【通所リハビリテーション】東京都小笠原村父島字清瀬", "url": "https://www.kaigokensaku.mhlw.go.jp/13/index.php?action_kouhyou_detail_004_kani=true&JigyosyoCd=1310336917-00&ServiceCd=160&Type=search", "url2": "http://www.ogasawaraclinic.jp/" }, "geometry": { "type": "Point", "coordinates": [ 142.197203899999977, 27.0998179 ] } }
]
}
