{
"type": "FeatureCollection",
"name": "geo_13_特定施設入居者生活介護（有料老人ホーム）",
"crs": { "type": "name", "properties": { "name": "urn:ogc:def:crs:OGC:1.3:CRS84" } },
"features": [
{ "type": "Feature", "properties": { "内容": "シンセリティ千代田一番町【特定施設入居者生活介護（有料老人ホーム）】東京都千代田区一番町11-3", "url": "https://www.kaigokensaku.mhlw.go.jp/13/index.php?action_kouhyou_detail_004_kani=true&JigyosyoCd=1370101410-00&ServiceCd=331&Type=search", "url2": "http://www.shincare-style.co.jp" }, "geometry": { "type": "Point", "coordinates": [ 139.742054597483872, 35.686862327819341 ] } },
{ "type": "Feature", "properties": { "内容": "アリア一番町【特定施設入居者生活介護（有料老人ホーム）】東京都千代田区一番町10番1", "url": "https://www.kaigokensaku.mhlw.go.jp/13/index.php?action_kouhyou_detail_004_kani=true&JigyosyoCd=1370101618-00&ServiceCd=331&Type=search", "url2": "https://kaigo.benesse-style-care.co.jp/series_aria/home_a-ichibancho/?utm_source=yahoo&utm_medium=cpc&utm_campaign=%5B%E3%83%9B%E3%83%BC%E3%83%A0%E5%80%8B%E5%88%A5%5D%28%E3%82%A2%E3%83%AA%E3%82%A2%E4%B8%80%E7%95%AA%E7%94%BA%29%E6%A4%9C%E7%B4%A2&utm_conten" }, "geometry": { "type": "Point", "coordinates": [ 139.740095, 35.6867863 ] } },
{ "type": "Feature", "properties": { "内容": "ウイーザス九段【特定施設入居者生活介護（有料老人ホーム）】東京都千代田区神田神保町3－6", "url": "https://www.kaigokensaku.mhlw.go.jp/13/index.php?action_kouhyou_detail_004_kani=true&JigyosyoCd=1370101691-00&ServiceCd=331&Type=search", "url2": "https://withus-care.jp/" }, "geometry": { "type": "Point", "coordinates": [ 139.7531252, 35.6967822 ] } },
{ "type": "Feature", "properties": { "内容": "サンシティ銀座ＥＡＳＴ【特定施設入居者生活介護（有料老人ホーム）】東京都中央区月島三丁目27番15", "url": "https://www.kaigokensaku.mhlw.go.jp/13/index.php?action_kouhyou_detail_004_kani=true&JigyosyoCd=1370201269-00&ServiceCd=331&Type=search", "url2": "http://www.hcm-suncity.jp" }, "geometry": { "type": "Point", "coordinates": [ 139.7791585, 35.6615822 ] } },
{ "type": "Feature", "properties": { "内容": "ニチイホーム勝どき【特定施設入居者生活介護（有料老人ホーム）】東京都中央区勝どき三丁目5番5号AIP勝どき駅前ビル", "url": "https://www.kaigokensaku.mhlw.go.jp/13/index.php?action_kouhyou_detail_004_kani=true&JigyosyoCd=1370202309-00&ServiceCd=331&Type=search", "url2": "http://www.nichii-home.jpd" }, "geometry": { "type": "Point", "coordinates": [ 139.77588650000007, 35.658682399999989 ] } },
{ "type": "Feature", "properties": { "内容": "ONODERAナーシングヴィラ京橋【特定施設入居者生活介護（有料老人ホーム）】東京都中央区新川二丁目12番3号", "url": "https://www.kaigokensaku.mhlw.go.jp/13/index.php?action_kouhyou_detail_004_kani=true&JigyosyoCd=1370202614-00&ServiceCd=331&Type=search", "url2": "https://onodera-nursinghome.com/" }, "geometry": { "type": "Point", "coordinates": [ 139.781383299999959, 35.675577900000015 ] } },
{ "type": "Feature", "properties": { "内容": "ドーミー月島駅前【特定施設入居者生活介護（有料老人ホーム）】東京都中央区月島1-2-9", "url": "https://www.kaigokensaku.mhlw.go.jp/13/index.php?action_kouhyou_detail_004_kani=true&JigyosyoCd=1370202655-00&ServiceCd=331&Type=search", "url2": "https://www.dormy-senior.com" }, "geometry": { "type": "Point", "coordinates": [ 139.7834605, 35.6652154 ] } },
{ "type": "Feature", "properties": { "内容": "グッドタイムナーシングホーム・日本橋【特定施設入居者生活介護（有料老人ホーム）】東京都中央区日本橋箱崎町9-1", "url": "https://www.kaigokensaku.mhlw.go.jp/13/index.php?action_kouhyou_detail_004_kani=true&JigyosyoCd=1370202432-00&ServiceCd=331&Type=search", "url2": "http://www.goodtimehome.com/" }, "geometry": { "type": "Point", "coordinates": [ 139.785595100000023, 35.6785947 ] } },
{ "type": "Feature", "properties": { "内容": "しまナーシングホーム白金【特定施設入居者生活介護（有料老人ホーム）】東京都港区白金2-3-21", "url": "https://www.kaigokensaku.mhlw.go.jp/13/index.php?action_kouhyou_detail_004_kani=true&JigyosyoCd=1370302133-00&ServiceCd=331&Type=search", "url2": "https://www.shima-nursing.co.jp" }, "geometry": { "type": "Point", "coordinates": [ 139.733159699999987, 35.6426555 ] } },
{ "type": "Feature", "properties": { "内容": "有料老人ホーム　サニーライフ芝浦【特定施設入居者生活介護（有料老人ホーム）】東京都港区港南5-5-35", "url": "https://www.kaigokensaku.mhlw.go.jp/13/index.php?action_kouhyou_detail_004_kani=true&JigyosyoCd=1370305177-00&ServiceCd=331&Type=search", "url2": "http://www.sunnylife-group.co.jp" }, "geometry": { "type": "Point", "coordinates": [ 139.756312, 35.6286984 ] } },
{ "type": "Feature", "properties": { "内容": "グランクレール芝浦ケアレジデンス【特定施設入居者生活介護（有料老人ホーム）】東京都港区芝浦四丁目18番25号", "url": "https://www.kaigokensaku.mhlw.go.jp/13/index.php?action_kouhyou_detail_004_kani=true&JigyosyoCd=1370305193-00&ServiceCd=331&Type=search", "url2": "https://www.grancreer.com/shibaura/" }, "geometry": { "type": "Point", "coordinates": [ 139.7491301, 35.6374331 ] } },
{ "type": "Feature", "properties": { "内容": "ホスピタルメント白金【特定施設入居者生活介護（有料老人ホーム）】東京都港区白金3丁目22-6", "url": "https://www.kaigokensaku.mhlw.go.jp/13/index.php?action_kouhyou_detail_004_kani=true&JigyosyoCd=1370305375-00&ServiceCd=331&Type=search", "url2": "https://www.hospitalment.co.jp/shirokane/" }, "geometry": { "type": "Point", "coordinates": [ 139.7312665, 35.6444659 ] } },
{ "type": "Feature", "properties": { "内容": "介護付き有料老人ホーム　せらび有栖川【特定施設入居者生活介護（有料老人ホーム）】東京都港区南麻布5-12-12介護付き有料老人ホーム　せらび有栖川", "url": "https://www.kaigokensaku.mhlw.go.jp/13/index.php?action_kouhyou_detail_004_kani=true&JigyosyoCd=1370305458-00&ServiceCd=331&Type=search", "url2": "https://www.j-carelink.co.jp/home/arisugawa/index.html" }, "geometry": { "type": "Point", "coordinates": [ 139.724042, 35.6523106 ] } },
{ "type": "Feature", "properties": { "内容": "介護付有料老人ホーム　プレザンリュクス南青山【特定施設入居者生活介護（有料老人ホーム）】東京都港区南青山7丁目12番21号", "url": "https://www.kaigokensaku.mhlw.go.jp/13/index.php?action_kouhyou_detail_004_kani=true&JigyosyoCd=1370305466-00&ServiceCd=331&Type=search", "url2": "https://www.tanoshii-ie.jp/" }, "geometry": { "type": "Point", "coordinates": [ 139.717267099999987, 35.6579724 ] } },
{ "type": "Feature", "properties": { "内容": "アリア六本木【特定施設入居者生活介護（有料老人ホーム）】東京都港区六本木七丁目19番6号", "url": "https://www.kaigokensaku.mhlw.go.jp/13/index.php?action_kouhyou_detail_004_kani=true&JigyosyoCd=1370304220-00&ServiceCd=331&Type=search", "url2": "http://www.benesse-style-care.co.jp/" }, "geometry": { "type": "Point", "coordinates": [ 139.727892900000029, 35.662280799999962 ] } },
{ "type": "Feature", "properties": { "内容": "リハビリホームグランダ南麻布【特定施設入居者生活介護（有料老人ホーム）】東京都港区南麻布1-23-1", "url": "https://www.kaigokensaku.mhlw.go.jp/13/index.php?action_kouhyou_detail_004_kani=true&JigyosyoCd=1370304279-00&ServiceCd=331&Type=search", "url2": "http://www.benesse-style-care.co.jp" }, "geometry": { "type": "Point", "coordinates": [ 139.7333205, 35.6502685 ] } },
{ "type": "Feature", "properties": { "内容": "グッドタイムリビング芝浦アイランド【特定施設入居者生活介護（有料老人ホーム）】東京都港区芝浦４丁目20番４号", "url": "https://www.kaigokensaku.mhlw.go.jp/13/index.php?action_kouhyou_detail_004_kani=true&JigyosyoCd=1370302851-00&ServiceCd=331&Type=search", "url2": "https://www.gtl-daiwa.co.jp" }, "geometry": { "type": "Point", "coordinates": [ 139.751822, 35.6389759 ] } },
{ "type": "Feature", "properties": { "内容": "アリア高輪【特定施設入居者生活介護（有料老人ホーム）】東京都港区高輪四丁目6番23号", "url": "https://www.kaigokensaku.mhlw.go.jp/13/index.php?action_kouhyou_detail_004_kani=true&JigyosyoCd=1370303776-00&ServiceCd=331&Type=search", "url2": "http://www.benesse-style-care.co.jp/" }, "geometry": { "type": "Point", "coordinates": [ 139.732273928172276, 35.627581045811844 ] } },
{ "type": "Feature", "properties": { "内容": "パークウェルステイト西麻布【特定施設入居者生活介護（有料老人ホーム）】東京都港区西麻布4-17-24パークウェルステイト西麻布", "url": "https://www.kaigokensaku.mhlw.go.jp/13/index.php?action_kouhyou_detail_004_kani=true&JigyosyoCd=1370305680-00&ServiceCd=331&Type=search", "url2": "https://www.mfrw.co.jp/parkwellstate/nishiazabu/index.html" }, "geometry": { "type": "Point", "coordinates": [ 139.7192935, 35.658944600000034 ] } },
{ "type": "Feature", "properties": { "内容": "チャームプレミアグラン南麻布【特定施設入居者生活介護（有料老人ホーム）】東京都港区南麻布三丁目6番5号", "url": "https://www.kaigokensaku.mhlw.go.jp/13/index.php?action_kouhyou_detail_004_kani=true&JigyosyoCd=1370305292-00&ServiceCd=331&Type=search", "url2": "http://www.charmcc.jp/" }, "geometry": { "type": "Point", "coordinates": [ 139.7291219, 35.6498883 ] } },
{ "type": "Feature", "properties": { "内容": "チャームスイート四谷【特定施設入居者生活介護（有料老人ホーム）】東京都新宿区若葉二丁目12番5", "url": "https://www.kaigokensaku.mhlw.go.jp/13/index.php?action_kouhyou_detail_004_kani=true&JigyosyoCd=1370407155-00&ServiceCd=331&Type=search", "url2": "https://www.charmcc.jp/home/charmsuite_yotsuya/" }, "geometry": { "type": "Point", "coordinates": [ 139.7251681, 35.6835205 ] } },
{ "type": "Feature", "properties": { "内容": "チャームスイート西新宿【特定施設入居者生活介護（有料老人ホーム）】東京都新宿区西新宿4丁目4番5号", "url": "https://www.kaigokensaku.mhlw.go.jp/13/index.php?action_kouhyou_detail_004_kani=true&JigyosyoCd=1370407437-00&ServiceCd=331&Type=search", "url2": "http://www.charmcc.jp/home/charmsuite_nishishinjuku/" }, "geometry": { "type": "Point", "coordinates": [ 139.6853037, 35.6897383 ] } },
{ "type": "Feature", "properties": { "内容": "癒しの新宿御苑【特定施設入居者生活介護（有料老人ホーム）】東京都新宿区新宿２丁目６番３号藤和新宿ビル", "url": "https://www.kaigokensaku.mhlw.go.jp/13/index.php?action_kouhyou_detail_004_kani=true&JigyosyoCd=1370402685-00&ServiceCd=331&Type=search", "url2": "http://www.c-24.jp/" }, "geometry": { "type": "Point", "coordinates": [ 139.707426899999973, 35.689949 ] } },
{ "type": "Feature", "properties": { "内容": "しまナーシングホーム飯田橋【特定施設入居者生活介護（有料老人ホーム）】東京都新宿区西五軒町１１番１０号", "url": "https://www.kaigokensaku.mhlw.go.jp/13/index.php?action_kouhyou_detail_004_kani=true&JigyosyoCd=1370402693-00&ServiceCd=331&Type=search", "url2": "https://www.shima-nursing.co.jp" }, "geometry": { "type": "Point", "coordinates": [ 139.738423399999988, 35.7083534 ] } },
{ "type": "Feature", "properties": { "内容": "アライブ目白【特定施設入居者生活介護（有料老人ホーム）】東京都新宿区下落合2丁目19番27号", "url": "https://www.kaigokensaku.mhlw.go.jp/13/index.php?action_kouhyou_detail_004_kani=true&JigyosyoCd=1370403055-00&ServiceCd=331&Type=search", "url2": "https://www.alive-carehome.co.jp/home/mejiro/" }, "geometry": { "type": "Point", "coordinates": [ 139.7033371, 35.7189818 ] } },
{ "type": "Feature", "properties": { "内容": "ひまわりホーム新宿【特定施設入居者生活介護（有料老人ホーム）】東京都新宿区上落合2-10-6", "url": "https://www.kaigokensaku.mhlw.go.jp/13/index.php?action_kouhyou_detail_004_kani=true&JigyosyoCd=1370405423-00&ServiceCd=331&Type=search", "url2": "https://www.himawari-home.co.jp" }, "geometry": { "type": "Point", "coordinates": [ 139.689058400000022, 35.7132624 ] } },
{ "type": "Feature", "properties": { "内容": "有料老人ホーム　サニーライフ東京新宿【特定施設入居者生活介護（有料老人ホーム）】東京都新宿区北新宿三丁目19番8号", "url": "https://www.kaigokensaku.mhlw.go.jp/13/index.php?action_kouhyou_detail_004_kani=true&JigyosyoCd=1370405472-00&ServiceCd=331&Type=search", "url2": "http://www.sunnylife-group.co.jp" }, "geometry": { "type": "Point", "coordinates": [ 139.69034780000004, 35.7025831 ] } },
{ "type": "Feature", "properties": { "内容": "チャームスイート新宿戸山【特定施設入居者生活介護（有料老人ホーム）】東京都新宿区新宿七丁目２６番４８号", "url": "https://www.kaigokensaku.mhlw.go.jp/13/index.php?action_kouhyou_detail_004_kani=true&JigyosyoCd=1370405795-00&ServiceCd=331&Type=search", "url2": "http://www.charmcc.jp" }, "geometry": { "type": "Point", "coordinates": [ 139.709045800000013, 35.6977732 ] } },
{ "type": "Feature", "properties": { "内容": "リアンレーヴ高田馬場【特定施設入居者生活介護（有料老人ホーム）】東京都新宿区下落合1-6-9リアンレーヴ高田馬場", "url": "https://www.kaigokensaku.mhlw.go.jp/13/index.php?action_kouhyou_detail_004_kani=true&JigyosyoCd=1370406066-00&ServiceCd=331&Type=search", "url2": "https://www.kinoshita-kaigo.co.jp/facility/care_home/lien-reve_takadanobaba.html" }, "geometry": { "type": "Point", "coordinates": [ 139.69983579999996, 35.71597 ] } },
{ "type": "Feature", "properties": { "内容": "介護付有料老人ホームプレザングラン新宿下落合【特定施設入居者生活介護（有料老人ホーム）】東京都新宿区中落合2-7-5", "url": "https://www.kaigokensaku.mhlw.go.jp/13/index.php?action_kouhyou_detail_004_kani=true&JigyosyoCd=1370406090-00&ServiceCd=331&Type=search", "url2": "https://www.tanoshii-ie.jp/" }, "geometry": { "type": "Point", "coordinates": [ 139.6946881, 35.7181231 ] } },
{ "type": "Feature", "properties": { "内容": "ＳＯＭＰＯケア　ラヴィーレグラン四谷【特定施設入居者生活介護（有料老人ホーム）】東京都新宿区大京町20-3", "url": "https://www.kaigokensaku.mhlw.go.jp/13/index.php?action_kouhyou_detail_004_kani=true&JigyosyoCd=1370406801-00&ServiceCd=331&Type=search", "url2": "https://www.sompocare.com" }, "geometry": { "type": "Point", "coordinates": [ 139.717289099999988, 35.6868402 ] } },
{ "type": "Feature", "properties": { "内容": "ホスピタルメント四谷大京町【特定施設入居者生活介護（有料老人ホーム）】東京都新宿区大京町18-7", "url": "https://www.kaigokensaku.mhlw.go.jp/13/index.php?action_kouhyou_detail_004_kani=true&JigyosyoCd=1370406819-00&ServiceCd=331&Type=search", "url2": "https://www.hospitalment.co.jp/daikyocho/" }, "geometry": { "type": "Point", "coordinates": [ 139.7167806, 35.6857445 ] } },
{ "type": "Feature", "properties": { "内容": "グランダ四谷【特定施設入居者生活介護（有料老人ホーム）】東京都新宿区四谷本塩町13番11号", "url": "https://www.kaigokensaku.mhlw.go.jp/13/index.php?action_kouhyou_detail_004_kani=true&JigyosyoCd=1370406918-00&ServiceCd=331&Type=search", "url2": "https://kaigo.benesse-style-care.co.jp/area_tokyo/shinjuku/home_gd-yotsuya" }, "geometry": { "type": "Point", "coordinates": [ 139.729167499999988, 35.6904321 ] } },
{ "type": "Feature", "properties": { "内容": "せらび新宿【特定施設入居者生活介護（有料老人ホーム）】東京都新宿区北新宿4－11－13せらび新宿", "url": "https://www.kaigokensaku.mhlw.go.jp/13/index.php?action_kouhyou_detail_004_kani=true&JigyosyoCd=1370406926-00&ServiceCd=331&Type=search", "url2": "http://solasto-kaigo.com/" }, "geometry": { "type": "Point", "coordinates": [ 139.693110001852403, 35.708353894415275 ] } },
{ "type": "Feature", "properties": { "内容": "アズハイム神宮の杜【特定施設入居者生活介護（有料老人ホーム）】東京都新宿区若葉1丁目22番4", "url": "https://www.kaigokensaku.mhlw.go.jp/13/index.php?action_kouhyou_detail_004_kani=true&JigyosyoCd=1370407221-00&ServiceCd=331&Type=search", "url2": "https://as-heim.com/" }, "geometry": { "type": "Point", "coordinates": [ 139.725903796295171, 35.682237663881232 ] } },
{ "type": "Feature", "properties": { "内容": "メディカルホームグランダ目白・新宿【特定施設入居者生活介護（有料老人ホーム）】東京都新宿区下落合二丁目22番20号", "url": "https://www.kaigokensaku.mhlw.go.jp/13/index.php?action_kouhyou_detail_004_kani=true&JigyosyoCd=1370401588-00&ServiceCd=331&Type=search", "url2": "http://www.benesse-style-care.co.jp/" }, "geometry": { "type": "Point", "coordinates": [ 139.70207060000007, 35.7197288 ] } },
{ "type": "Feature", "properties": { "内容": "リハビリホームグランダ哲学堂公園【特定施設入居者生活介護（有料老人ホーム）】東京都新宿区西落合１丁目33番31号", "url": "https://www.kaigokensaku.mhlw.go.jp/13/index.php?action_kouhyou_detail_004_kani=true&JigyosyoCd=1370404046-00&ServiceCd=331&Type=search", "url2": "http://www.benesse-style-care.co.jp" }, "geometry": { "type": "Point", "coordinates": [ 139.6799949, 35.7191448 ] } },
{ "type": "Feature", "properties": { "内容": "チャームプレミア目白お留山【特定施設入居者生活介護（有料老人ホーム）】東京都新宿区下落合四丁目19番5", "url": "https://www.kaigokensaku.mhlw.go.jp/13/index.php?action_kouhyou_detail_004_kani=true&JigyosyoCd=1370406017-00&ServiceCd=331&Type=search", "url2": "http://www.charmcc.jp/" }, "geometry": { "type": "Point", "coordinates": [ 139.703187, 35.7227258 ] } },
{ "type": "Feature", "properties": { "内容": "ソナーレ目白御留山【特定施設入居者生活介護（有料老人ホーム）】東京都新宿区下落合四丁目９番１５号", "url": "https://www.kaigokensaku.mhlw.go.jp/13/index.php?action_kouhyou_detail_004_kani=true&JigyosyoCd=1370406652-00&ServiceCd=331&Type=search", "url2": "https://www.lifecaredesign.co.jp/sonare-mejirootomeyama/" }, "geometry": { "type": "Point", "coordinates": [ 139.698277100000013, 35.7181679 ] } },
{ "type": "Feature", "properties": { "内容": "グランダ目白落合【特定施設入居者生活介護（有料老人ホーム）】東京都新宿区中落合二丁目16番1号", "url": "https://www.kaigokensaku.mhlw.go.jp/13/index.php?action_kouhyou_detail_004_kani=true&JigyosyoCd=1370406660-00&ServiceCd=331&Type=search", "url2": "http://www.benesse-style-care.co.jp" }, "geometry": { "type": "Point", "coordinates": [ 139.6924024, 35.7192786 ] } },
{ "type": "Feature", "properties": { "内容": "ONODERAナーシングヴィラルネッサ四谷【特定施設入居者生活介護（有料老人ホーム）】東京都新宿区荒木町１４番地ONODERAナーシングヴィラルネッサ四谷", "url": "https://www.kaigokensaku.mhlw.go.jp/13/index.php?action_kouhyou_detail_004_kani=true&JigyosyoCd=1370406934-00&ServiceCd=331&Type=search", "url2": "https://onodera-nursinghome.com" }, "geometry": { "type": "Point", "coordinates": [ 139.724409799999989, 35.6907096 ] } },
{ "type": "Feature", "properties": { "内容": "ホームステーション高田馬場【特定施設入居者生活介護（有料老人ホーム）】東京都新宿区高田馬場1-30-1", "url": "https://www.kaigokensaku.mhlw.go.jp/13/index.php?action_kouhyou_detail_004_kani=true&JigyosyoCd=1370404749-00&ServiceCd=331&Type=search", "url2": "http://www.life-silver.com/" }, "geometry": { "type": "Point", "coordinates": [ 139.7036958, 35.7096605 ] } },
{ "type": "Feature", "properties": { "内容": "メディアシスト市谷柳町【特定施設入居者生活介護（有料老人ホーム）】東京都新宿区市谷柳町25", "url": "https://www.kaigokensaku.mhlw.go.jp/13/index.php?action_kouhyou_detail_004_kani=true&JigyosyoCd=1370404756-00&ServiceCd=331&Type=search", "url2": "http://www.communi-care.co.jp" }, "geometry": { "type": "Point", "coordinates": [ 139.727003214155616, 35.699099835836201 ] } },
{ "type": "Feature", "properties": { "内容": "リハビリホームグランダ神楽坂【特定施設入居者生活介護（有料老人ホーム）】東京都新宿区水道町1番3号", "url": "https://www.kaigokensaku.mhlw.go.jp/13/index.php?action_kouhyou_detail_004_kani=true&JigyosyoCd=1370404905-00&ServiceCd=331&Type=search", "url2": "http://www.benesse-style-care.co.jp/" }, "geometry": { "type": "Point", "coordinates": [ 139.73607368339762, 35.706603979057242 ] } },
{ "type": "Feature", "properties": { "内容": "医心館目白【特定施設入居者生活介護（有料老人ホーム）】東京都新宿区下落合三丁目17番20号", "url": "https://www.kaigokensaku.mhlw.go.jp/13/index.php?action_kouhyou_detail_004_kani=true&JigyosyoCd=1370407544-00&ServiceCd=331&Type=search", "url2": null }, "geometry": { "type": "Point", "coordinates": [ 139.7035568, 35.72122 ] } },
{ "type": "Feature", "properties": { "内容": "アリア護国寺【特定施設入居者生活介護（有料老人ホーム）】東京都文京区目白台三丁目２８番１０", "url": "https://www.kaigokensaku.mhlw.go.jp/13/index.php?action_kouhyou_detail_004_kani=true&JigyosyoCd=1370503870-00&ServiceCd=331&Type=search", "url2": "https://www.benesse-style-care.co.jp/" }, "geometry": { "type": "Point", "coordinates": [ 139.7252878, 35.7175172 ] } },
{ "type": "Feature", "properties": { "内容": "ＳＯＭＰＯケア　ラヴィーレ本郷【特定施設入居者生活介護（有料老人ホーム）】東京都文京区本郷3-4-1", "url": "https://www.kaigokensaku.mhlw.go.jp/13/index.php?action_kouhyou_detail_004_kani=true&JigyosyoCd=1370501684-00&ServiceCd=331&Type=search", "url2": "https://www.sompocare.com" }, "geometry": { "type": "Point", "coordinates": [ 139.763541499999974, 35.7034658 ] } },
{ "type": "Feature", "properties": { "内容": "有料老人ホーム　杜の癒しハウス　文京関口【特定施設入居者生活介護（有料老人ホーム）】東京都文京区関口1-14-12介護付き有料老人ホーム　　杜の癒しハウス　文京関口", "url": "https://www.kaigokensaku.mhlw.go.jp/13/index.php?action_kouhyou_detail_004_kani=true&JigyosyoCd=1370502724-00&ServiceCd=331&Type=search", "url2": "http://sanko-bunkyo.jp/" }, "geometry": { "type": "Point", "coordinates": [ 139.733881832540902, 35.708447923358897 ] } },
{ "type": "Feature", "properties": { "内容": "ホスピタルメント本郷【特定施設入居者生活介護（有料老人ホーム）】東京都文京区弥生2丁目4-4ホスピタルメント本郷", "url": "https://www.kaigokensaku.mhlw.go.jp/13/index.php?action_kouhyou_detail_004_kani=true&JigyosyoCd=1370503458-00&ServiceCd=331&Type=search", "url2": "https://www.hospitalment.co.jp/hongou/facility/" }, "geometry": { "type": "Point", "coordinates": [ 139.763198699999975, 35.7150062 ] } },
{ "type": "Feature", "properties": { "内容": "ホスピタルメント文京千駄木【特定施設入居者生活介護（有料老人ホーム）】東京都文京区千駄木３－１４－１０", "url": "https://www.kaigokensaku.mhlw.go.jp/13/index.php?action_kouhyou_detail_004_kani=true&JigyosyoCd=1370503466-00&ServiceCd=331&Type=search", "url2": "https://www.hospitalment.co.jp/sendagi/" }, "geometry": { "type": "Point", "coordinates": [ 139.760425599999962, 35.7285808 ] } },
{ "type": "Feature", "properties": { "内容": "グランヴィ小日向【特定施設入居者生活介護（有料老人ホーム）】東京都文京区小日向1-23-27", "url": "https://www.kaigokensaku.mhlw.go.jp/13/index.php?action_kouhyou_detail_004_kani=true&JigyosyoCd=1370503482-00&ServiceCd=331&Type=search", "url2": "http://www.fukushi-e.com/" }, "geometry": { "type": "Point", "coordinates": [ 139.7372788733378, 35.714475255215902 ] } },
{ "type": "Feature", "properties": { "内容": "トラストガーデン本郷【特定施設入居者生活介護（有料老人ホーム）】東京都文京区向丘2-2-6", "url": "https://www.kaigokensaku.mhlw.go.jp/13/index.php?action_kouhyou_detail_004_kani=true&JigyosyoCd=1370503649-00&ServiceCd=331&Type=search", "url2": "http://www.trustgarden.jp" }, "geometry": { "type": "Point", "coordinates": [ 139.758576, 35.7173274 ] } },
{ "type": "Feature", "properties": { "内容": "ホスピタルメント文京グラン【特定施設入居者生活介護（有料老人ホーム）】東京都文京区千駄木3-14-17", "url": "https://www.kaigokensaku.mhlw.go.jp/13/index.php?action_kouhyou_detail_004_kani=true&JigyosyoCd=1370503680-00&ServiceCd=331&Type=search", "url2": "https://www.hospitalment.co.jp/bunkyogran/" }, "geometry": { "type": "Point", "coordinates": [ 139.760895299999987, 35.7282247 ] } },
{ "type": "Feature", "properties": { "内容": "ドーミー目白台【特定施設入居者生活介護（有料老人ホーム）】東京都文京区目白台1-5-8ドーミー目白台", "url": "https://www.kaigokensaku.mhlw.go.jp/13/index.php?action_kouhyou_detail_004_kani=true&JigyosyoCd=1370503714-00&ServiceCd=331&Type=search", "url2": "https://www.dormy-senior.com/series/mejirodai/" }, "geometry": { "type": "Point", "coordinates": [ 139.720659150262463, 35.714432470105152 ] } },
{ "type": "Feature", "properties": { "内容": "チャームスイート本駒込【特定施設入居者生活介護（有料老人ホーム）】東京都文京区本駒込六丁目21番1号", "url": "https://www.kaigokensaku.mhlw.go.jp/13/index.php?action_kouhyou_detail_004_kani=true&JigyosyoCd=1370503961-00&ServiceCd=331&Type=search", "url2": "https://www.charmcc.jp/home/charmsuite_honkomagome/" }, "geometry": { "type": "Point", "coordinates": [ 139.7428715, 35.734328 ] } },
{ "type": "Feature", "properties": { "内容": "クラーチ・エレガンタ本郷【特定施設入居者生活介護（有料老人ホーム）】東京都文京区向丘2-2-6クラーチ・エレガンタ本郷", "url": "https://www.kaigokensaku.mhlw.go.jp/13/index.php?action_kouhyou_detail_004_kani=true&JigyosyoCd=1370503276-00&ServiceCd=331&Type=search", "url2": "https://www.kuraci.co.jp/house/kuraci/hongo/" }, "geometry": { "type": "Point", "coordinates": [ 139.7584746, 35.717364 ] } },
{ "type": "Feature", "properties": { "内容": "クラシックガーデン文京根津【特定施設入居者生活介護（有料老人ホーム）】東京都文京区根津2-14-18クラシックガーデン文京根津", "url": "https://www.kaigokensaku.mhlw.go.jp/13/index.php?action_kouhyou_detail_004_kani=true&JigyosyoCd=1370503631-00&ServiceCd=331&Type=search", "url2": "https://www.trustgarden.jp/classicgarden/" }, "geometry": { "type": "Point", "coordinates": [ 139.7668047, 35.718137 ] } },
{ "type": "Feature", "properties": { "内容": "アズハイム文京白山【特定施設入居者生活介護（有料老人ホーム）】東京都文京区白山4-36-13", "url": "https://www.kaigokensaku.mhlw.go.jp/13/index.php?action_kouhyou_detail_004_kani=true&JigyosyoCd=1370501809-00&ServiceCd=331&Type=search", "url2": "https://as-heim.com/" }, "geometry": { "type": "Point", "coordinates": [ 139.747803800000014, 35.722385 ] } },
{ "type": "Feature", "properties": { "内容": "アリア文京本郷【特定施設入居者生活介護（有料老人ホーム）】東京都文京区湯島二丁目21番15号", "url": "https://www.kaigokensaku.mhlw.go.jp/13/index.php?action_kouhyou_detail_004_kani=true&JigyosyoCd=1370503326-00&ServiceCd=331&Type=search", "url2": "http://www.benesse-style-care.co.jp/" }, "geometry": { "type": "Point", "coordinates": [ 139.76566238844245, 35.706037952903998 ] } },
{ "type": "Feature", "properties": { "内容": "パナソニック　エイジフリー・ライフ文京湯島【特定施設入居者生活介護（有料老人ホーム）】東京都文京区湯島3丁目21番7号", "url": "https://www.kaigokensaku.mhlw.go.jp/13/index.php?action_kouhyou_detail_004_kani=true&JigyosyoCd=1370503490-00&ServiceCd=331&Type=search", "url2": "https://sumai.panasonic.jp/agefree/facility_care/agefree-life/yushima/" }, "geometry": { "type": "Point", "coordinates": [ 139.76799840000001, 35.7064594 ] } },
{ "type": "Feature", "properties": { "内容": "グランダ小石川【特定施設入居者生活介護（有料老人ホーム）】東京都文京区白山4-8-17", "url": "https://www.kaigokensaku.mhlw.go.jp/13/index.php?action_kouhyou_detail_004_kani=true&JigyosyoCd=1370504019-00&ServiceCd=331&Type=search", "url2": "http://www.benesse-style-care.co.jp/" }, "geometry": { "type": "Point", "coordinates": [ 139.7445074, 35.7219545 ] } },
{ "type": "Feature", "properties": { "内容": "しまナーシングホーム浅草【特定施設入居者生活介護（有料老人ホーム）】東京都台東区寿１－１０－３", "url": "https://www.kaigokensaku.mhlw.go.jp/13/index.php?action_kouhyou_detail_004_kani=true&JigyosyoCd=1370602045-00&ServiceCd=331&Type=search", "url2": "https://www.shima-nursing.co.jp" }, "geometry": { "type": "Point", "coordinates": [ 139.789107210450794, 35.706426263978081 ] } },
{ "type": "Feature", "properties": { "内容": "そんぽの家隅田公園【特定施設入居者生活介護（有料老人ホーム）】東京都台東区橋場２丁目１番４号", "url": "https://www.kaigokensaku.mhlw.go.jp/13/index.php?action_kouhyou_detail_004_kani=true&JigyosyoCd=1370602078-00&ServiceCd=331&Type=search", "url2": "https://www.sompocare.com/" }, "geometry": { "type": "Point", "coordinates": [ 139.808392901852329, 35.725823069242495 ] } },
{ "type": "Feature", "properties": { "内容": "介護付有料老人ホーム　プレザングラン台東谷中【特定施設入居者生活介護（有料老人ホーム）】東京都台東区谷中7-13-4", "url": "https://www.kaigokensaku.mhlw.go.jp/13/index.php?action_kouhyou_detail_004_kani=true&JigyosyoCd=1370603738-00&ServiceCd=331&Type=search", "url2": "https://www.tanoshii-ie.jp/" }, "geometry": { "type": "Point", "coordinates": [ 139.77203058836065, 35.726232002692484 ] } },
{ "type": "Feature", "properties": { "内容": "ブランシエール蔵前【特定施設入居者生活介護（有料老人ホーム）】東京都台東区蔵前1-3-17ブランシエール蔵前", "url": "https://www.kaigokensaku.mhlw.go.jp/13/index.php?action_kouhyou_detail_004_kani=true&JigyosyoCd=1370604512-00&ServiceCd=331&Type=search", "url2": "https://www.haseko-senior.co.jp/lp/kuramae/index.html" }, "geometry": { "type": "Point", "coordinates": [ 139.7895126, 35.7005921 ] } },
{ "type": "Feature", "properties": { "内容": "グランダ浅草橋【特定施設入居者生活介護（有料老人ホーム）】東京都台東区柳橋二丁目20番4号", "url": "https://www.kaigokensaku.mhlw.go.jp/13/index.php?action_kouhyou_detail_004_kani=true&JigyosyoCd=1370602557-00&ServiceCd=331&Type=search", "url2": "http://www.benesse-style-care.co.jp/" }, "geometry": { "type": "Point", "coordinates": [ 139.789715, 35.6989393 ] } },
{ "type": "Feature", "properties": { "内容": "有料老人ホーム　サニーライフ台東橋場【特定施設入居者生活介護（有料老人ホーム）】東京都台東区橋場2-1-6", "url": "https://www.kaigokensaku.mhlw.go.jp/13/index.php?action_kouhyou_detail_004_kani=true&JigyosyoCd=1370604314-00&ServiceCd=331&Type=search", "url2": "http://www.sunnylife-group.co.jp" }, "geometry": { "type": "Point", "coordinates": [ 139.8082752, 35.726128 ] } },
{ "type": "Feature", "properties": { "内容": "浅草ケアパークそよ風【特定施設入居者生活介護（有料老人ホーム）】東京都台東区西浅草3-25-12浅草ケアパークそよ風", "url": "https://www.kaigokensaku.mhlw.go.jp/13/index.php?action_kouhyou_detail_004_kani=true&JigyosyoCd=1370602219-00&ServiceCd=331&Type=search", "url2": "https://www.sykz.co.jp" }, "geometry": { "type": "Point", "coordinates": [ 139.789414099999931, 35.7169792 ] } },
{ "type": "Feature", "properties": { "内容": "エスケアリビング墨田【特定施設入居者生活介護（有料老人ホーム）】東京都墨田区東向島三丁目6番2号", "url": "https://www.kaigokensaku.mhlw.go.jp/13/index.php?action_kouhyou_detail_004_kani=true&JigyosyoCd=1370603761-00&ServiceCd=331&Type=search", "url2": "https://s-caremate.co.jp/service/jigyousyo/13_tokyo/sumida_living.html" }, "geometry": { "type": "Point", "coordinates": [ 139.813513452553707, 35.724803376709275 ] } },
{ "type": "Feature", "properties": { "内容": "ニチイホーム墨田【特定施設入居者生活介護（有料老人ホーム）】東京都墨田区立花6-7-10", "url": "https://www.kaigokensaku.mhlw.go.jp/13/index.php?action_kouhyou_detail_004_kani=true&JigyosyoCd=1370702696-00&ServiceCd=331&Type=search", "url2": "http://www.nichii-home.jp/" }, "geometry": { "type": "Point", "coordinates": [ 139.834693799999968, 35.7120052 ] } },
{ "type": "Feature", "properties": { "内容": "グランヴィ歳王【特定施設入居者生活介護（有料老人ホーム）】東京都墨田区亀沢四丁目１０番３号", "url": "https://www.kaigokensaku.mhlw.go.jp/13/index.php?action_kouhyou_detail_004_kani=true&JigyosyoCd=1370702712-00&ServiceCd=331&Type=search", "url2": "http://www.fukushi-e.com" }, "geometry": { "type": "Point", "coordinates": [ 139.806838400000061, 35.6968368 ] } },
{ "type": "Feature", "properties": { "内容": "すみだ明生苑【特定施設入居者生活介護（有料老人ホーム）】東京都墨田区東墨田２丁目３番１０号", "url": "https://www.kaigokensaku.mhlw.go.jp/13/index.php?action_kouhyou_detail_004_kani=true&JigyosyoCd=1370703736-00&ServiceCd=331&Type=search", "url2": "http://www.fukushi-e.com" }, "geometry": { "type": "Point", "coordinates": [ 139.832265123942562, 35.718663804384946 ] } },
{ "type": "Feature", "properties": { "内容": "向島明生苑【特定施設入居者生活介護（有料老人ホーム）】東京都墨田区向島4-21-20", "url": "https://www.kaigokensaku.mhlw.go.jp/13/index.php?action_kouhyou_detail_004_kani=true&JigyosyoCd=1370704411-00&ServiceCd=331&Type=search", "url2": "http://www.fukushi-e.com" }, "geometry": { "type": "Point", "coordinates": [ 139.812587399999984, 35.7150407 ] } },
{ "type": "Feature", "properties": { "内容": "介護付有料老人ホーム　プレザンメゾン墨田立花【特定施設入居者生活介護（有料老人ホーム）】東京都墨田区立花3-17-8", "url": "https://www.kaigokensaku.mhlw.go.jp/13/index.php?action_kouhyou_detail_004_kani=true&JigyosyoCd=1370704783-00&ServiceCd=331&Type=search", "url2": "https://www.tanoshii-ie.jp/" }, "geometry": { "type": "Point", "coordinates": [ 139.833609518325261, 35.70565413085172 ] } },
{ "type": "Feature", "properties": { "内容": "まどか押上【特定施設入居者生活介護（有料老人ホーム）】東京都墨田区押上二丁目14番1号", "url": "https://www.kaigokensaku.mhlw.go.jp/13/index.php?action_kouhyou_detail_004_kani=true&JigyosyoCd=1370701821-00&ServiceCd=331&Type=search", "url2": "http://www.benesse-style-care.co.jp/" }, "geometry": { "type": "Point", "coordinates": [ 139.813095699999963, 35.7128437 ] } },
{ "type": "Feature", "properties": { "内容": "ファミニューすみだ文花【特定施設入居者生活介護（有料老人ホーム）】東京都墨田区文花3丁目8番2号", "url": "https://www.kaigokensaku.mhlw.go.jp/13/index.php?action_kouhyou_detail_004_kani=true&JigyosyoCd=1370702548-00&ServiceCd=331&Type=search", "url2": "http://mcs-ensemble.com/institution/sumida/" }, "geometry": { "type": "Point", "coordinates": [ 139.825278, 35.7123522 ] } },
{ "type": "Feature", "properties": { "内容": "ライフ髙石【特定施設入居者生活介護（有料老人ホーム）】東京都墨田区文花一丁目21番地1号", "url": "https://www.kaigokensaku.mhlw.go.jp/13/index.php?action_kouhyou_detail_004_kani=true&JigyosyoCd=1370702357-00&ServiceCd=331&Type=search", "url2": "http://www.lifetakaishi.com" }, "geometry": { "type": "Point", "coordinates": [ 139.821959, 35.7107772 ] } },
{ "type": "Feature", "properties": { "内容": "ＳＯＭＰＯケアラヴィーレ錦糸町【特定施設入居者生活介護（有料老人ホーム）】東京都墨田区江東橋５－９－１", "url": "https://www.kaigokensaku.mhlw.go.jp/13/index.php?action_kouhyou_detail_004_kani=true&JigyosyoCd=1370705012-00&ServiceCd=331&Type=search", "url2": "https://www.sompocare.com/" }, "geometry": { "type": "Point", "coordinates": [ 139.810068699999988, 35.6905819 ] } },
{ "type": "Feature", "properties": { "内容": "花珠の家すみだ【特定施設入居者生活介護（有料老人ホーム）】東京都墨田区東向島2-31-19", "url": "https://www.kaigokensaku.mhlw.go.jp/13/index.php?action_kouhyou_detail_004_kani=true&JigyosyoCd=1370706002-00&ServiceCd=331&Type=search", "url2": "https://jala.co.jp" }, "geometry": { "type": "Point", "coordinates": [ 139.8179561, 35.7190009 ] } },
{ "type": "Feature", "properties": { "内容": "大島ケアハートガーデン【特定施設入居者生活介護（有料老人ホーム）】東京都江東区大島5-34-23", "url": "https://www.kaigokensaku.mhlw.go.jp/13/index.php?action_kouhyou_detail_004_kani=true&JigyosyoCd=1370807255-00&ServiceCd=331&Type=search", "url2": "https://www.careheart-garden.com" }, "geometry": { "type": "Point", "coordinates": [ 139.83487550000001, 35.689185 ] } },
{ "type": "Feature", "properties": { "内容": "ローズ・ガーデン【特定施設入居者生活介護（有料老人ホーム）】東京都江東区平野１－２－２０", "url": "https://www.kaigokensaku.mhlw.go.jp/13/index.php?action_kouhyou_detail_004_kani=true&JigyosyoCd=1370801183-00&ServiceCd=331&Type=search", "url2": "http://www.rose-g.net" }, "geometry": { "type": "Point", "coordinates": [ 139.798991996958875, 35.678003406460419 ] } },
{ "type": "Feature", "properties": { "内容": "深川やすらぎの園【特定施設入居者生活介護（有料老人ホーム）】東京都江東区千田21番3号", "url": "https://www.kaigokensaku.mhlw.go.jp/13/index.php?action_kouhyou_detail_004_kani=true&JigyosyoCd=1370802249-00&ServiceCd=331&Type=search", "url2": "http://www.yasuraginosono.com" }, "geometry": { "type": "Point", "coordinates": [ 139.816276499999958, 35.6811692 ] } },
{ "type": "Feature", "properties": { "内容": "医療法人社団高裕会　深川立川病院付属扇苑南砂【特定施設入居者生活介護（有料老人ホーム）】東京都江東区南砂一丁目１１番１２号", "url": "https://www.kaigokensaku.mhlw.go.jp/13/index.php?action_kouhyou_detail_004_kani=true&JigyosyoCd=1370804278-00&ServiceCd=331&Type=search", "url2": "http://www.tachikawa-hospital.jp/ohgien-minamisuna/" }, "geometry": { "type": "Point", "coordinates": [ 139.824036799999931, 35.678414 ] } },
{ "type": "Feature", "properties": { "内容": "ローズ・ガーデン深川【特定施設入居者生活介護（有料老人ホーム）】東京都江東区平野１−１−６", "url": "https://www.kaigokensaku.mhlw.go.jp/13/index.php?action_kouhyou_detail_004_kani=true&JigyosyoCd=1370805275-00&ServiceCd=331&Type=search", "url2": "http://rose-g.net" }, "geometry": { "type": "Point", "coordinates": [ 139.798800700000015, 35.6778279 ] } },
{ "type": "Feature", "properties": { "内容": "ニチイホーム住吉【特定施設入居者生活介護（有料老人ホーム）】東京都江東区北砂一丁目10番1号ニチイホーム住吉", "url": "https://www.kaigokensaku.mhlw.go.jp/13/index.php?action_kouhyou_detail_004_kani=true&JigyosyoCd=1370805523-00&ServiceCd=331&Type=search", "url2": "http://www.nichii-home.jp" }, "geometry": { "type": "Point", "coordinates": [ 139.8237868, 35.6804527 ] } },
{ "type": "Feature", "properties": { "内容": "そんぽの家　東砂【特定施設入居者生活介護（有料老人ホーム）】東京都江東区東砂8-22-6", "url": "https://www.kaigokensaku.mhlw.go.jp/13/index.php?action_kouhyou_detail_004_kani=true&JigyosyoCd=1370805804-00&ServiceCd=331&Type=search", "url2": "http://www.sompocare-message.jp/" }, "geometry": { "type": "Point", "coordinates": [ 139.842627676057418, 35.669176121748805 ] } },
{ "type": "Feature", "properties": { "内容": "そんぽの家　錦糸町【特定施設入居者生活介護（有料老人ホーム）】東京都江東区毛利2丁目7番15号そんぽの家　錦糸町", "url": "https://www.kaigokensaku.mhlw.go.jp/13/index.php?action_kouhyou_detail_004_kani=true&JigyosyoCd=1370805812-00&ServiceCd=331&Type=search", "url2": "http://www.sompocare.com" }, "geometry": { "type": "Point", "coordinates": [ 139.816693, 35.6926234 ] } },
{ "type": "Feature", "properties": { "内容": "応援家族　東京ベイ潮見【特定施設入居者生活介護（有料老人ホーム）】東京都江東区枝川3丁目8-16", "url": "https://www.kaigokensaku.mhlw.go.jp/13/index.php?action_kouhyou_detail_004_kani=true&JigyosyoCd=1370805879-00&ServiceCd=331&Type=search", "url2": "http://www.kinoshita-kaigo.co.jp" }, "geometry": { "type": "Point", "coordinates": [ 139.811688499999974, 35.6585051 ] } },
{ "type": "Feature", "properties": { "内容": "介護付き有料老人ホーム　プレザングラン江東亀戸【特定施設入居者生活介護（有料老人ホーム）】東京都江東区亀戸9-3-13", "url": "https://www.kaigokensaku.mhlw.go.jp/13/index.php?action_kouhyou_detail_004_kani=true&JigyosyoCd=1370806018-00&ServiceCd=331&Type=search", "url2": "https://www.tanoshii-ie.jp/" }, "geometry": { "type": "Point", "coordinates": [ 139.8407436, 35.6951931 ] } },
{ "type": "Feature", "properties": { "内容": "アズハイム城東公園【特定施設入居者生活介護（有料老人ホーム）】東京都江東区東砂3-2-10", "url": "https://www.kaigokensaku.mhlw.go.jp/13/index.php?action_kouhyou_detail_004_kani=true&JigyosyoCd=1370806885-00&ServiceCd=331&Type=search", "url2": "https://as-heim.com/facility/jotokoen/" }, "geometry": { "type": "Point", "coordinates": [ 139.8413702, 35.6781597 ] } },
{ "type": "Feature", "properties": { "内容": "グッドタイムリビング亀戸【特定施設入居者生活介護（有料老人ホーム）】東京都江東区亀戸9丁目34番1－137", "url": "https://www.kaigokensaku.mhlw.go.jp/13/index.php?action_kouhyou_detail_004_kani=true&JigyosyoCd=1370806950-00&ServiceCd=331&Type=search", "url2": "https://www.gtl-daiwa.co.jp/" }, "geometry": { "type": "Point", "coordinates": [ 139.8404459, 35.7002831 ] } },
{ "type": "Feature", "properties": { "内容": "チャーム清澄白河【特定施設入居者生活介護（有料老人ホーム）】東京都江東区三好三丁目2番26号", "url": "https://www.kaigokensaku.mhlw.go.jp/13/index.php?action_kouhyou_detail_004_kani=true&JigyosyoCd=1370806927-00&ServiceCd=331&Type=search", "url2": "https://www.charmcc.jp/home/charm_kiyosumishirakawa/" }, "geometry": { "type": "Point", "coordinates": [ 139.805464699999987, 35.6791664 ] } },
{ "type": "Feature", "properties": { "内容": "医心館亀戸【特定施設入居者生活介護（有料老人ホーム）】東京都江東区亀戸五丁目６番20号", "url": "https://www.kaigokensaku.mhlw.go.jp/13/index.php?action_kouhyou_detail_004_kani=true&JigyosyoCd=1370807354-00&ServiceCd=331&Type=search", "url2": null }, "geometry": { "type": "Point", "coordinates": [ 139.8278846, 35.6982476 ] } },
{ "type": "Feature", "properties": { "内容": "チャームスイート品川大井【特定施設入居者生活介護（有料老人ホーム）】東京都品川区大井七丁目13番5号", "url": "https://www.kaigokensaku.mhlw.go.jp/13/index.php?action_kouhyou_detail_004_kani=true&JigyosyoCd=1370905448-00&ServiceCd=331&Type=search", "url2": "http://www.charmcc.jp/" }, "geometry": { "type": "Point", "coordinates": [ 139.727122099999974, 35.595463100000025 ] } },
{ "type": "Feature", "properties": { "内容": "チャームプレミアグラン御殿山弐番館【特定施設入居者生活介護（有料老人ホーム）】東京都品川区北品川6丁目6番38号", "url": "https://www.kaigokensaku.mhlw.go.jp/13/index.php?action_kouhyou_detail_004_kani=true&JigyosyoCd=1370905315-00&ServiceCd=331&Type=search", "url2": "https://www.charmcc.jp/home/charmpremiergrand_gotenyamanibankan/" }, "geometry": { "type": "Point", "coordinates": [ 139.734048, 35.6253351 ] } },
{ "type": "Feature", "properties": { "内容": "介護付有料老人ホーム　プレザングラン洗足【特定施設入居者生活介護（有料老人ホーム）】東京都品川区荏原7丁目2番1号", "url": "https://www.kaigokensaku.mhlw.go.jp/13/index.php?action_kouhyou_detail_004_kani=true&JigyosyoCd=1370905463-00&ServiceCd=331&Type=search", "url2": "https://www.care21.co.jp" }, "geometry": { "type": "Point", "coordinates": [ 139.6985962, 35.6117374 ] } },
{ "type": "Feature", "properties": { "内容": "ドーミー大井町二葉【特定施設入居者生活介護（有料老人ホーム）】東京都品川区二葉2－3－20ドーミー大井町二葉", "url": "https://www.kaigokensaku.mhlw.go.jp/13/index.php?action_kouhyou_detail_004_kani=true&JigyosyoCd=1370905471-00&ServiceCd=331&Type=search", "url2": "https://www.dormy-senior.com" }, "geometry": { "type": "Point", "coordinates": [ 139.725450177246103, 35.605481883606885 ] } },
{ "type": "Feature", "properties": { "内容": "グッドタイムホーム・不動前【特定施設入居者生活介護（有料老人ホーム）】東京都品川区西五反田5-25-13", "url": "https://www.kaigokensaku.mhlw.go.jp/13/index.php?action_kouhyou_detail_004_kani=true&JigyosyoCd=1370902692-00&ServiceCd=331&Type=search", "url2": "http://www.japan-lifedesign.com/goodtimehome/fudomae/" }, "geometry": { "type": "Point", "coordinates": [ 139.711867699999971, 35.624457 ] } },
{ "type": "Feature", "properties": { "内容": "ニチイホーム南品川【特定施設入居者生活介護（有料老人ホーム）】東京都品川区南品川4丁目13番1号ニチイホーム南品川", "url": "https://www.kaigokensaku.mhlw.go.jp/13/index.php?action_kouhyou_detail_004_kani=true&JigyosyoCd=1370904292-00&ServiceCd=331&Type=search", "url2": "http://www.nichii-home.jp" }, "geometry": { "type": "Point", "coordinates": [ 139.738438200000019, 35.6123704 ] } },
{ "type": "Feature", "properties": { "内容": "アライブ品川大井【特定施設入居者生活介護（有料老人ホーム）】東京都品川区大井5-21-18", "url": "https://www.kaigokensaku.mhlw.go.jp/13/index.php?action_kouhyou_detail_004_kani=true&JigyosyoCd=1370904359-00&ServiceCd=331&Type=search", "url2": "https://www.alive-carehome.co.jp/home/shinagawa-oi/" }, "geometry": { "type": "Point", "coordinates": [ 139.7296146, 35.5968692 ] } },
{ "type": "Feature", "properties": { "内容": "ニチイホーム不動前【特定施設入居者生活介護（有料老人ホーム）】東京都品川区西五反田5-22-13ニチイホーム不動前", "url": "https://www.kaigokensaku.mhlw.go.jp/13/index.php?action_kouhyou_detail_004_kani=true&JigyosyoCd=1370904714-00&ServiceCd=331&Type=search", "url2": "http://www.nichii-carepalace.co.jp" }, "geometry": { "type": "Point", "coordinates": [ 139.713903599999981, 35.6232878 ] } },
{ "type": "Feature", "properties": { "内容": "チャームプレミアグラン池田山【特定施設入居者生活介護（有料老人ホーム）】東京都品川区東五反田５丁目５−２０", "url": "https://www.kaigokensaku.mhlw.go.jp/13/index.php?action_kouhyou_detail_004_kani=true&JigyosyoCd=1370905307-00&ServiceCd=331&Type=search", "url2": "https://www.charmcc.jp/home/charmpremiergrand_ikedayama/" }, "geometry": { "type": "Point", "coordinates": [ 139.722494399999988, 35.6309799 ] } },
{ "type": "Feature", "properties": { "内容": "アズハイム品川【特定施設入居者生活介護（有料老人ホーム）】品川区西品川3丁目6番21号", "url": "https://www.kaigokensaku.mhlw.go.jp/13/index.php?action_kouhyou_detail_004_kani=true&JigyosyoCd=1370905356-00&ServiceCd=331&Type=search", "url2": "https://as-heim.com/" }, "geometry": { "type": "Point", "coordinates": [ 139.724785200000014, 35.6163394 ] } },
{ "type": "Feature", "properties": { "内容": "ニチイホーム南大井【特定施設入居者生活介護（有料老人ホーム）】東京都品川区南大井4-14-6", "url": "https://www.kaigokensaku.mhlw.go.jp/13/index.php?action_kouhyou_detail_004_kani=true&JigyosyoCd=1370905364-00&ServiceCd=331&Type=search", "url2": "https://www.nichii-home.jp/shisetsu/area/tokyo/minamioi.html" }, "geometry": { "type": "Point", "coordinates": [ 139.7356988, 35.5948191 ] } },
{ "type": "Feature", "properties": { "内容": "メディカルホームまどか西大井【特定施設入居者生活介護（有料老人ホーム）】東京都品川区西大井五丁目２３番１３号", "url": "https://www.kaigokensaku.mhlw.go.jp/13/index.php?action_kouhyou_detail_004_kani=true&JigyosyoCd=1370903468-00&ServiceCd=331&Type=search", "url2": "http://www.benesse-style-care.co.jp/" }, "geometry": { "type": "Point", "coordinates": [ 139.716012699999965, 35.5983075 ] } },
{ "type": "Feature", "properties": { "内容": "チャームプレミアグラン御殿山【特定施設入居者生活介護（有料老人ホーム）】東京都品川区北品川6丁目5番5号", "url": "https://www.kaigokensaku.mhlw.go.jp/13/index.php?action_kouhyou_detail_004_kani=true&JigyosyoCd=1370905208-00&ServiceCd=331&Type=search", "url2": "https://www.charmcc.jp/" }, "geometry": { "type": "Point", "coordinates": [ 139.7323118, 35.6250873 ] } },
{ "type": "Feature", "properties": { "内容": "ファミリアガーデン品川【特定施設入居者生活介護（有料老人ホーム）】東京都品川区大崎3-20-9ファミリアガーデン品川", "url": "https://www.kaigokensaku.mhlw.go.jp/13/index.php?action_kouhyou_detail_004_kani=true&JigyosyoCd=1370905299-00&ServiceCd=331&Type=search", "url2": "https://familiagarden-shinagawa.jp/" }, "geometry": { "type": "Point", "coordinates": [ 139.7235119, 35.6173415 ] } },
{ "type": "Feature", "properties": { "内容": "グランダ大井町【特定施設入居者生活介護（有料老人ホーム）】東京都品川区二葉一丁目４番１５号", "url": "https://www.kaigokensaku.mhlw.go.jp/13/index.php?action_kouhyou_detail_004_kani=true&JigyosyoCd=1370902882-00&ServiceCd=331&Type=search", "url2": "http://www.benesse-style-care.co.jp/" }, "geometry": { "type": "Point", "coordinates": [ 139.726755899999944, 35.6075123 ] } },
{ "type": "Feature", "properties": { "内容": "メディカルホームボンセジュール東品川【特定施設入居者生活介護（有料老人ホーム）】東京都品川区東品川3-17-25", "url": "https://www.kaigokensaku.mhlw.go.jp/13/index.php?action_kouhyou_detail_004_kani=true&JigyosyoCd=1370903773-00&ServiceCd=331&Type=search", "url2": "http://www.benesse-style-care.co.jp/" }, "geometry": { "type": "Point", "coordinates": [ 139.748795800000039, 35.6140233 ] } },
{ "type": "Feature", "properties": { "内容": "有料老人ホーム　サニーライフ北品川【特定施設入居者生活介護（有料老人ホーム）】東京都品川区北品川3-8-6", "url": "https://www.kaigokensaku.mhlw.go.jp/13/index.php?action_kouhyou_detail_004_kani=true&JigyosyoCd=1370904995-00&ServiceCd=331&Type=search", "url2": "http://www.sunnylife-group.co.jp" }, "geometry": { "type": "Point", "coordinates": [ 139.738651800000071, 35.618678 ] } },
{ "type": "Feature", "properties": { "内容": "チャームプレミア御殿山参番館【特定施設入居者生活介護（有料老人ホーム）】東京都品川区北品川4-7-24", "url": "https://www.kaigokensaku.mhlw.go.jp/13/index.php?action_kouhyou_detail_004_kani=true&JigyosyoCd=1370905323-00&ServiceCd=331&Type=search", "url2": "https://www.charmcc.jp/?link=headerlogo" }, "geometry": { "type": "Point", "coordinates": [ 139.735683300000034, 35.6223013 ] } },
{ "type": "Feature", "properties": { "内容": "はなことばプラス大井町【特定施設入居者生活介護（有料老人ホーム）】東京都品川区東大井4-10-7", "url": "https://www.kaigokensaku.mhlw.go.jp/13/index.php?action_kouhyou_detail_004_kani=true&JigyosyoCd=1370905414-00&ServiceCd=331&Type=search", "url2": "https://hanakotoba.co.ji/" }, "geometry": { "type": "Point", "coordinates": [ 139.739815599999986, 35.6052719 ] } },
{ "type": "Feature", "properties": { "内容": "医心館大井町【特定施設入居者生活介護（有料老人ホーム）】東京都品川区東大井4丁目12番14号", "url": "https://www.kaigokensaku.mhlw.go.jp/13/index.php?action_kouhyou_detail_004_kani=true&JigyosyoCd=1370905554-00&ServiceCd=331&Type=search", "url2": null }, "geometry": { "type": "Point", "coordinates": [ 139.7391974, 35.6058794 ] } },
{ "type": "Feature", "properties": { "内容": "せらび恵比寿【特定施設入居者生活介護（有料老人ホーム）】東京都目黒区三田2－10－20", "url": "https://www.kaigokensaku.mhlw.go.jp/13/index.php?action_kouhyou_detail_004_kani=true&JigyosyoCd=1371005321-00&ServiceCd=331&Type=search", "url2": "https://www.j-carelink.co.jp/home/ebisu/staff.html" }, "geometry": { "type": "Point", "coordinates": [ 139.7111395, 35.638786400000022 ] } },
{ "type": "Feature", "properties": { "内容": "ニチイホーム　自由が丘【特定施設入居者生活介護（有料老人ホーム）】東京都目黒区自由が丘2－4－5", "url": "https://www.kaigokensaku.mhlw.go.jp/13/index.php?action_kouhyou_detail_004_kani=true&JigyosyoCd=1371001296-00&ServiceCd=331&Type=search", "url2": "http://www.nichii-home.jp" }, "geometry": { "type": "Point", "coordinates": [ 139.66833029999998, 35.6125599 ] } },
{ "type": "Feature", "properties": { "内容": "ヒルデモア駒沢公園【特定施設入居者生活介護（有料老人ホーム）】東京都目黒区東が丘1-35-23", "url": "https://www.kaigokensaku.mhlw.go.jp/13/index.php?action_kouhyou_detail_004_kani=true&JigyosyoCd=1371002112-00&ServiceCd=331&Type=search", "url2": "https://www.tnbls.co.jp/hyldemoer/home/komazawa/" }, "geometry": { "type": "Point", "coordinates": [ 139.666035500000021, 35.6311854 ] } },
{ "type": "Feature", "properties": { "内容": "マミーズホーム本館【特定施設入居者生活介護（有料老人ホーム）】東京都目黒区中町1丁目27番17号", "url": "https://www.kaigokensaku.mhlw.go.jp/13/index.php?action_kouhyou_detail_004_kani=true&JigyosyoCd=1371002245-00&ServiceCd=331&Type=search", "url2": "http://www.mommies-home.com/" }, "geometry": { "type": "Point", "coordinates": [ 139.696216199999981, 35.6291532 ] } },
{ "type": "Feature", "properties": { "内容": "メディカルホームグランダ目黒【特定施設入居者生活介護（有料老人ホーム）】東京都目黒区目黒３－２１－３", "url": "https://www.kaigokensaku.mhlw.go.jp/13/index.php?action_kouhyou_detail_004_kani=true&JigyosyoCd=1371003524-00&ServiceCd=331&Type=search", "url2": "http://www.benesse-style-care.co.jp/" }, "geometry": { "type": "Point", "coordinates": [ 139.703401500000041, 35.6350472 ] } },
{ "type": "Feature", "properties": { "内容": "グランフォレスト学芸大学【特定施設入居者生活介護（有料老人ホーム）】東京都目黒区五本木3-13-26", "url": "https://www.kaigokensaku.mhlw.go.jp/13/index.php?action_kouhyou_detail_004_kani=true&JigyosyoCd=1371004456-00&ServiceCd=331&Type=search", "url2": "http://www.fillcare.co.jp/" }, "geometry": { "type": "Point", "coordinates": [ 139.683553299999971, 35.6325469 ] } },
{ "type": "Feature", "properties": { "内容": "リアンレーヴ八雲【特定施設入居者生活介護（有料老人ホーム）】東京都目黒区八雲2-7-10", "url": "https://www.kaigokensaku.mhlw.go.jp/13/index.php?action_kouhyou_detail_004_kani=true&JigyosyoCd=1371004555-00&ServiceCd=331&Type=search", "url2": "https://www.kinoshita-kaigo.co.jp/facility/care_home/lien-reve_yakumo.html" }, "geometry": { "type": "Point", "coordinates": [ 139.671238799999969, 35.6166747 ] } },
{ "type": "Feature", "properties": { "内容": "ニチイホーム碑文谷【特定施設入居者生活介護（有料老人ホーム）】東京都目黒区碑文谷3-12-15ニチイホーム碑文谷", "url": "https://www.kaigokensaku.mhlw.go.jp/13/index.php?action_kouhyou_detail_004_kani=true&JigyosyoCd=1371004563-00&ServiceCd=331&Type=search", "url2": "http://www.nichii-home.jp" }, "geometry": { "type": "Point", "coordinates": [ 139.685011006298822, 35.617034763882472 ] } },
{ "type": "Feature", "properties": { "内容": "チャームプレミア柿の木坂【特定施設入居者生活介護（有料老人ホーム）】東京都目黒区柿の木坂二丁目14番21号", "url": "https://www.kaigokensaku.mhlw.go.jp/13/index.php?action_kouhyou_detail_004_kani=true&JigyosyoCd=1371005032-00&ServiceCd=331&Type=search", "url2": "https://www.charmcc.jp/home/charmpremier_kakinokizaka/" }, "geometry": { "type": "Point", "coordinates": [ 139.6763025, 35.6245556 ] } },
{ "type": "Feature", "properties": { "内容": "有料老人ホーム　サニーライフ目黒【特定施設入居者生活介護（有料老人ホーム）】東京都目黒区八雲5丁目１２番１５号", "url": "https://www.kaigokensaku.mhlw.go.jp/13/index.php?action_kouhyou_detail_004_kani=true&JigyosyoCd=1371005370-00&ServiceCd=331&Type=search", "url2": "http://www.sunnylife-group.co.jp" }, "geometry": { "type": "Point", "coordinates": [ 139.666753500000027, 35.6228873 ] } },
{ "type": "Feature", "properties": { "内容": "グランダ八雲・目黒【特定施設入居者生活介護（有料老人ホーム）】東京都目黒区八雲三丁目4番21号", "url": "https://www.kaigokensaku.mhlw.go.jp/13/index.php?action_kouhyou_detail_004_kani=true&JigyosyoCd=1371001189-00&ServiceCd=331&Type=search", "url2": "http://www.benesse-style-care.co.jp/" }, "geometry": { "type": "Point", "coordinates": [ 139.667124599999966, 35.6193841 ] } },
{ "type": "Feature", "properties": { "内容": "アリア恵比寿【特定施設入居者生活介護（有料老人ホーム）】東京都目黒区三田一丁目1番11号", "url": "https://www.kaigokensaku.mhlw.go.jp/13/index.php?action_kouhyou_detail_004_kani=true&JigyosyoCd=1371001890-00&ServiceCd=331&Type=search", "url2": "http://www.benesse-style-care.co.jp/" }, "geometry": { "type": "Point", "coordinates": [ 139.716539, 35.6414885 ] } },
{ "type": "Feature", "properties": { "内容": "アリア目黒洗足【特定施設入居者生活介護（有料老人ホーム）】東京都目黒区原町二丁目15番2号", "url": "https://www.kaigokensaku.mhlw.go.jp/13/index.php?action_kouhyou_detail_004_kani=true&JigyosyoCd=1371002799-00&ServiceCd=331&Type=search", "url2": "http://www.benesse-style-care.co.jp/" }, "geometry": { "type": "Point", "coordinates": [ 139.6909726, 35.6171406 ] } },
{ "type": "Feature", "properties": { "内容": "グランダ学芸大学【特定施設入居者生活介護（有料老人ホーム）】東京都目黒区鷹番一丁目13番3号", "url": "https://www.kaigokensaku.mhlw.go.jp/13/index.php?action_kouhyou_detail_004_kani=true&JigyosyoCd=1371003599-00&ServiceCd=331&Type=search", "url2": "http://www.benesse-style-care.co.jp/" }, "geometry": { "type": "Point", "coordinates": [ 139.686994899999974, 35.6266421 ] } },
{ "type": "Feature", "properties": { "内容": "ソナーレ駒沢公園【特定施設入居者生活介護（有料老人ホーム）】東京都目黒区東が丘1－35－22", "url": "https://www.kaigokensaku.mhlw.go.jp/13/index.php?action_kouhyou_detail_004_kani=true&JigyosyoCd=1371005123-00&ServiceCd=331&Type=search", "url2": "https://www.lifecaredesign.co.jp/sonare-komazawakoen/" }, "geometry": { "type": "Point", "coordinates": [ 139.666245903704834, 35.630936080104767 ] } },
{ "type": "Feature", "properties": { "内容": "ソナーレ目黒不動前【特定施設入居者生活介護（有料老人ホーム）】東京都目黒区下目黒五丁目１０番１６号", "url": "https://www.kaigokensaku.mhlw.go.jp/13/index.php?action_kouhyou_detail_004_kani=true&JigyosyoCd=1371005271-00&ServiceCd=331&Type=search", "url2": "https://www.lifecaredesign.co.jp/sonare-megurofudomae/" }, "geometry": { "type": "Point", "coordinates": [ 139.70457540000001, 35.627753 ] } },
{ "type": "Feature", "properties": { "内容": "ヒュッテ目黒【特定施設入居者生活介護（有料老人ホーム）】東京都目黒区下目黒3-1-23", "url": "https://www.kaigokensaku.mhlw.go.jp/13/index.php?action_kouhyou_detail_004_kani=true&JigyosyoCd=1371002419-00&ServiceCd=331&Type=search", "url2": "https://www.tnbls.co.jp/hyldemoer/home/meguro/" }, "geometry": { "type": "Point", "coordinates": [ 139.707767800000056, 35.6321171 ] } },
{ "type": "Feature", "properties": { "内容": "アリア碑文谷【特定施設入居者生活介護（有料老人ホーム）】東京都目黒区碑文谷三丁目１４番７号", "url": "https://www.kaigokensaku.mhlw.go.jp/13/index.php?action_kouhyou_detail_004_kani=true&JigyosyoCd=1371002435-00&ServiceCd=331&Type=search", "url2": "http://www.benesse-style-care.co.jp/" }, "geometry": { "type": "Point", "coordinates": [ 139.684262100000069, 35.6167794 ] } },
{ "type": "Feature", "properties": { "内容": "東急ウェリナケア自由が丘【特定施設入居者生活介護（有料老人ホーム）】東京都目黒区自由が丘三丁目8番7号東急ウェリナケア自由が丘", "url": "https://www.kaigokensaku.mhlw.go.jp/13/index.php?action_kouhyou_detail_004_kani=true&JigyosyoCd=1371004704-00&ServiceCd=331&Type=search", "url2": "http://www.tokyu-welinacare.jp/jiyugaoka/" }, "geometry": { "type": "Point", "coordinates": [ 139.665025199999974, 35.6080298 ] } },
{ "type": "Feature", "properties": { "内容": "ブランシエール目黒【特定施設入居者生活介護（有料老人ホーム）】東京都目黒区下目黒五丁目19番13号", "url": "https://www.kaigokensaku.mhlw.go.jp/13/index.php?action_kouhyou_detail_004_kani=true&JigyosyoCd=1371005461-00&ServiceCd=331&Type=search", "url2": "https://www.haseko-senior.co.jp/home/meguro/" }, "geometry": { "type": "Point", "coordinates": [ 139.7013368, 35.6303173 ] } },
{ "type": "Feature", "properties": { "内容": "櫻乃苑　都立大学【特定施設入居者生活介護（有料老人ホーム）】東京都目黒区緑が丘1－4－5", "url": "https://www.kaigokensaku.mhlw.go.jp/13/index.php?action_kouhyou_detail_004_kani=true&JigyosyoCd=1371003052-00&ServiceCd=331&Type=search", "url2": "http://www.sakuranosono.jp" }, "geometry": { "type": "Point", "coordinates": [ 139.679065499999979, 35.6114937 ] } },
{ "type": "Feature", "properties": { "内容": "ファミニュー大森南【特定施設入居者生活介護（有料老人ホーム）】東京都大田区大森南3-10-4", "url": "https://www.kaigokensaku.mhlw.go.jp/13/index.php?action_kouhyou_detail_004_kani=true&JigyosyoCd=1371106681-00&ServiceCd=331&Type=search", "url2": "https://mcs-ensemble.com/institution/tokyo/oomori/" }, "geometry": { "type": "Point", "coordinates": [ 139.7433072, 35.5665817 ] } },
{ "type": "Feature", "properties": { "内容": "しまナーシングホーム大森【特定施設入居者生活介護（有料老人ホーム）】東京都大田区大森西4-12-22", "url": "https://www.kaigokensaku.mhlw.go.jp/13/index.php?action_kouhyou_detail_004_kani=true&JigyosyoCd=1371103803-00&ServiceCd=331&Type=search", "url2": "https://www.shima-nursing.co.jp" }, "geometry": { "type": "Point", "coordinates": [ 139.723547, 35.5723248 ] } },
{ "type": "Feature", "properties": { "内容": "ニチイホーム下丸子【特定施設入居者生活介護（有料老人ホーム）】東京都大田区下丸子2丁目19番18号", "url": "https://www.kaigokensaku.mhlw.go.jp/13/index.php?action_kouhyou_detail_004_kani=true&JigyosyoCd=1371104850-00&ServiceCd=331&Type=search", "url2": "http://www.nichii-home.jp/" }, "geometry": { "type": "Point", "coordinates": [ 139.688290199999983, 35.5652062 ] } },
{ "type": "Feature", "properties": { "内容": "アライブ久が原【特定施設入居者生活介護（有料老人ホーム）】東京都大田区久が原4丁目8番18号", "url": "https://www.kaigokensaku.mhlw.go.jp/13/index.php?action_kouhyou_detail_004_kani=true&JigyosyoCd=1371105360-00&ServiceCd=331&Type=search", "url2": "https://www.alive-carehome.co.jp/home/kugahara/" }, "geometry": { "type": "Point", "coordinates": [ 139.69284140000002, 35.5811567 ] } },
{ "type": "Feature", "properties": { "内容": "そんぽの家　東六郷【特定施設入居者生活介護（有料老人ホーム）】東京都大田区東六郷1丁目19番1号", "url": "https://www.kaigokensaku.mhlw.go.jp/13/index.php?action_kouhyou_detail_004_kani=true&JigyosyoCd=1371106699-00&ServiceCd=331&Type=search", "url2": "https://www.sompocare.com" }, "geometry": { "type": "Point", "coordinates": [ 139.719406899999967, 35.5519166 ] } },
{ "type": "Feature", "properties": { "内容": "グッドタイムホーム・多摩川【特定施設入居者生活介護（有料老人ホーム）】東京都大田区西六郷４丁目２９番１号グッドタイムホーム・多摩川", "url": "https://www.kaigokensaku.mhlw.go.jp/13/index.php?action_kouhyou_detail_004_kani=true&JigyosyoCd=1371106822-00&ServiceCd=331&Type=search", "url2": "http://www.japan-lifedesign.com/tamagawa/" }, "geometry": { "type": "Point", "coordinates": [ 139.70440050000002, 35.5434262 ] } },
{ "type": "Feature", "properties": { "内容": "ニチイホーム多摩川緑地【特定施設入居者生活介護（有料老人ホーム）】東京都大田区仲六郷４丁目2番6号", "url": "https://www.kaigokensaku.mhlw.go.jp/13/index.php?action_kouhyou_detail_004_kani=true&JigyosyoCd=1371106897-00&ServiceCd=331&Type=search", "url2": "http://www.nichii-home.jp/" }, "geometry": { "type": "Point", "coordinates": [ 139.709283199999959, 35.5450009 ] } },
{ "type": "Feature", "properties": { "内容": "東急ウェリナ大岡山【特定施設入居者生活介護（有料老人ホーム）】東京都大田区北千束１丁目４５番６号", "url": "https://www.kaigokensaku.mhlw.go.jp/13/index.php?action_kouhyou_detail_004_kani=true&JigyosyoCd=1371107291-00&ServiceCd=331&Type=search", "url2": "http://www.tokyu-welina.jp/oookayama/" }, "geometry": { "type": "Point", "coordinates": [ 139.68631490000007, 35.6081527 ] } },
{ "type": "Feature", "properties": { "内容": "ニチイホーム　中馬込【特定施設入居者生活介護（有料老人ホーム）】東京都大田区中馬込3-18-19", "url": "https://www.kaigokensaku.mhlw.go.jp/13/index.php?action_kouhyou_detail_004_kani=true&JigyosyoCd=1371109495-00&ServiceCd=331&Type=search", "url2": "http://www.nichii-home.jp/" }, "geometry": { "type": "Point", "coordinates": [ 139.705008260713157, 35.592018818511114 ] } },
{ "type": "Feature", "properties": { "内容": "ニチイホーム　久が原【特定施設入居者生活介護（有料老人ホーム）】東京都大田区久が原1-2-25", "url": "https://www.kaigokensaku.mhlw.go.jp/13/index.php?action_kouhyou_detail_004_kani=true&JigyosyoCd=1371111426-00&ServiceCd=331&Type=search", "url2": "http://www.nichii-home.jp" }, "geometry": { "type": "Point", "coordinates": [ 139.692990799999961, 35.5872169 ] } },
{ "type": "Feature", "properties": { "内容": "そんぽの家　大鳥居【特定施設入居者生活介護（有料老人ホーム）】東京都大田区西糀谷3-32-2そんぽの家　大鳥居", "url": "https://www.kaigokensaku.mhlw.go.jp/13/index.php?action_kouhyou_detail_004_kani=true&JigyosyoCd=1371111467-00&ServiceCd=331&Type=search", "url2": "https://www.sompocare.com" }, "geometry": { "type": "Point", "coordinates": [ 139.7372947, 35.5530533 ] } },
{ "type": "Feature", "properties": { "内容": "有料老人ホーム　サニーライフ東京大田【特定施設入居者生活介護（有料老人ホーム）】東京都大田区西六郷4-37-11", "url": "https://www.kaigokensaku.mhlw.go.jp/13/index.php?action_kouhyou_detail_004_kani=true&JigyosyoCd=1371111525-00&ServiceCd=331&Type=search", "url2": "http://www.sunnylife-group.co.jp" }, "geometry": { "type": "Point", "coordinates": [ 139.702736700000059, 35.5452703 ] } },
{ "type": "Feature", "properties": { "内容": "リアンレーヴ大森【特定施設入居者生活介護（有料老人ホーム）】東京都大田区大森南2‐7‐2", "url": "https://www.kaigokensaku.mhlw.go.jp/13/index.php?action_kouhyou_detail_004_kani=true&JigyosyoCd=1371111616-00&ServiceCd=331&Type=search", "url2": "http://www.kinoshita-kaigo.co.jp/facility/care_home/lien-reve_omori.html" }, "geometry": { "type": "Point", "coordinates": [ 139.746022999982642, 35.562894064924912 ] } },
{ "type": "Feature", "properties": { "内容": "ツクイサンシャイン西馬込【特定施設入居者生活介護（有料老人ホーム）】東京都大田区西馬込2-28-6", "url": "https://www.kaigokensaku.mhlw.go.jp/13/index.php?action_kouhyou_detail_004_kani=true&JigyosyoCd=1371112341-00&ServiceCd=331&Type=search", "url2": "https://www.tsukui.net/sunshine/nishimagome/" }, "geometry": { "type": "Point", "coordinates": [ 139.703546299999971, 35.5860918 ] } },
{ "type": "Feature", "properties": { "内容": "介護付有料老人ホーム　プレザングラン南雪谷【特定施設入居者生活介護（有料老人ホーム）】東京都大田区南雪谷3-11-9", "url": "https://www.kaigokensaku.mhlw.go.jp/13/index.php?action_kouhyou_detail_004_kani=true&JigyosyoCd=1371112358-00&ServiceCd=331&Type=search", "url2": "https://www.tanoshii-ie.jp/" }, "geometry": { "type": "Point", "coordinates": [ 139.687649818385353, 35.591698217011661 ] } },
{ "type": "Feature", "properties": { "内容": "フローレンスケア千鳥町【特定施設入居者生活介護（有料老人ホーム）】東京都大田区千鳥3-21-3", "url": "https://www.kaigokensaku.mhlw.go.jp/13/index.php?action_kouhyou_detail_004_kani=true&JigyosyoCd=1371112374-00&ServiceCd=331&Type=search", "url2": "http://www.good-care.jp/" }, "geometry": { "type": "Point", "coordinates": [ 139.690172353372958, 35.571259377290211 ] } },
{ "type": "Feature", "properties": { "内容": "フェリオ多摩川【特定施設入居者生活介護（有料老人ホーム）】東京都大田区多摩川2-8-7フェリオ多摩川", "url": "https://www.kaigokensaku.mhlw.go.jp/13/index.php?action_kouhyou_detail_004_kani=true&JigyosyoCd=1371112507-00&ServiceCd=331&Type=search", "url2": "http://www.felio.life" }, "geometry": { "type": "Point", "coordinates": [ 139.699949899999979, 35.5591854 ] } },
{ "type": "Feature", "properties": { "内容": "グッドタイムナーシングホーム・東糀谷【特定施設入居者生活介護（有料老人ホーム）】東京都大田区東糀谷5-19-12", "url": "https://www.kaigokensaku.mhlw.go.jp/13/index.php?action_kouhyou_detail_004_kani=true&JigyosyoCd=1371112549-00&ServiceCd=331&Type=search", "url2": "http://www.goodtimehome.com" }, "geometry": { "type": "Point", "coordinates": [ 139.745875100000035, 35.5581341 ] } },
{ "type": "Feature", "properties": { "内容": "東急ウェリナケア旗の台【特定施設入居者生活介護（有料老人ホーム）】東京都大田区北馬込一丁目26番2号", "url": "https://www.kaigokensaku.mhlw.go.jp/13/index.php?action_kouhyou_detail_004_kani=true&JigyosyoCd=1371112663-00&ServiceCd=331&Type=search", "url2": "https://www.tokyu-welinacare.jp/hatanodai/" }, "geometry": { "type": "Point", "coordinates": [ 139.705976, 35.5994508 ] } },
{ "type": "Feature", "properties": { "内容": "ベストライフ南東京【特定施設入居者生活介護（有料老人ホーム）】東京都大田区仲六郷1丁目4番9号", "url": "https://www.kaigokensaku.mhlw.go.jp/13/index.php?action_kouhyou_detail_004_kani=true&JigyosyoCd=1371112770-00&ServiceCd=331&Type=search", "url2": "https://" }, "geometry": { "type": "Point", "coordinates": [ 139.713058900000021, 35.5545157 ] } },
{ "type": "Feature", "properties": { "内容": "ベストライフ蒲田【特定施設入居者生活介護（有料老人ホーム）】東京都大田区西六郷1-24-14", "url": "https://www.kaigokensaku.mhlw.go.jp/13/index.php?action_kouhyou_detail_004_kani=true&JigyosyoCd=1371112788-00&ServiceCd=331&Type=search", "url2": null }, "geometry": { "type": "Point", "coordinates": [ 139.7054774, 35.5543669 ] } },
{ "type": "Feature", "properties": { "内容": "カーサプラチナ中馬込【特定施設入居者生活介護（有料老人ホーム）】東京都大田区中馬込3-9-15", "url": "https://www.kaigokensaku.mhlw.go.jp/13/index.php?action_kouhyou_detail_004_kani=true&JigyosyoCd=1371112887-00&ServiceCd=331&Type=search", "url2": "http://www.platinum-care.jp" }, "geometry": { "type": "Point", "coordinates": [ 139.703742, 35.5913773 ] } },
{ "type": "Feature", "properties": { "内容": "有料老人ホーム　サニーライフ大田中央【特定施設入居者生活介護（有料老人ホーム）】東京都大田区中央三丁目30番6号", "url": "https://www.kaigokensaku.mhlw.go.jp/13/index.php?action_kouhyou_detail_004_kani=true&JigyosyoCd=1371113299-00&ServiceCd=331&Type=search", "url2": "http://www.sunnylife-group.co.jp" }, "geometry": { "type": "Point", "coordinates": [ 139.7210379, 35.5759009 ] } },
{ "type": "Feature", "properties": { "内容": "ベストライフ西馬込【特定施設入居者生活介護（有料老人ホーム）】東京都大田区南馬込６丁目2-9", "url": "https://www.kaigokensaku.mhlw.go.jp/13/index.php?action_kouhyou_detail_004_kani=true&JigyosyoCd=1371113422-00&ServiceCd=331&Type=search", "url2": null }, "geometry": { "type": "Point", "coordinates": [ 139.707195551589933, 35.58527265429089 ] } },
{ "type": "Feature", "properties": { "内容": "アズハイム大田中央【特定施設入居者生活介護（有料老人ホーム）】大田区中央五丁目4番5号", "url": "https://www.kaigokensaku.mhlw.go.jp/13/index.php?action_kouhyou_detail_004_kani=true&JigyosyoCd=1371113497-00&ServiceCd=331&Type=search", "url2": "https://as-heim.com/" }, "geometry": { "type": "Point", "coordinates": [ 139.712376299999988, 35.582528 ] } },
{ "type": "Feature", "properties": { "内容": "グランフォレスト田園調布【特定施設入居者生活介護（有料老人ホーム）】東京都大田区田園調布本町40番23号グランフォレスト田園調布", "url": "https://www.kaigokensaku.mhlw.go.jp/13/index.php?action_kouhyou_detail_004_kani=true&JigyosyoCd=1371113547-00&ServiceCd=331&Type=search", "url2": "https://www.fillcare.co.jp/facilities/denenchofu/" }, "geometry": { "type": "Point", "coordinates": [ 139.67300851202549, 35.586053424010089 ] } },
{ "type": "Feature", "properties": { "内容": "リニエハイムおおた【特定施設入居者生活介護（有料老人ホーム）】東京都大田区蒲田1-9-11", "url": "https://www.kaigokensaku.mhlw.go.jp/13/index.php?action_kouhyou_detail_004_kani=true&JigyosyoCd=1371113380-00&ServiceCd=331&Type=search", "url2": "https://linie-group.jp/about/company/linie_arts/" }, "geometry": { "type": "Point", "coordinates": [ 139.7199804, 35.5666994 ] } },
{ "type": "Feature", "properties": { "内容": "ボンセジュール大鳥居【特定施設入居者生活介護（有料老人ホーム）】東京都大田区西糀谷三丁目35番7号", "url": "https://www.kaigokensaku.mhlw.go.jp/13/index.php?action_kouhyou_detail_004_kani=true&JigyosyoCd=1371108570-00&ServiceCd=331&Type=search", "url2": "http://www.benesse-style-care.co.jp/" }, "geometry": { "type": "Point", "coordinates": [ 139.738936, 35.5536502 ] } },
{ "type": "Feature", "properties": { "内容": "メディカルホームくらら大田中央【特定施設入居者生活介護（有料老人ホーム）】東京都大田区中央六丁目2番1号", "url": "https://www.kaigokensaku.mhlw.go.jp/13/index.php?action_kouhyou_detail_004_kani=true&JigyosyoCd=1371103308-00&ServiceCd=331&Type=search", "url2": "http://www.benesse-style-care.co.jp/" }, "geometry": { "type": "Point", "coordinates": [ 139.7121727, 35.5790571 ] } },
{ "type": "Feature", "properties": { "内容": "チャーム大森【特定施設入居者生活介護（有料老人ホーム）】東京都大田区大森西４－４－２１", "url": "https://www.kaigokensaku.mhlw.go.jp/13/index.php?action_kouhyou_detail_004_kani=true&JigyosyoCd=1371103795-00&ServiceCd=331&Type=search", "url2": "https://www.charmcc.jp/home/charm_omori/" }, "geometry": { "type": "Point", "coordinates": [ 139.724716199999989, 35.5744356 ] } },
{ "type": "Feature", "properties": { "内容": "ここち多摩川・大田【特定施設入居者生活介護（有料老人ホーム）】東京都大田区西六郷４－１－１１", "url": "https://www.kaigokensaku.mhlw.go.jp/13/index.php?action_kouhyou_detail_004_kani=true&JigyosyoCd=1371109834-00&ServiceCd=331&Type=search", "url2": "http://kaigo.benesse-style-care.co.jp/home/c-tamagawa/" }, "geometry": { "type": "Point", "coordinates": [ 139.707775099999907, 35.5445538 ] } },
{ "type": "Feature", "properties": { "内容": "ホームステーション梅屋敷【特定施設入居者生活介護（有料老人ホーム）】東京都大田区大森中3-16-2", "url": "https://www.kaigokensaku.mhlw.go.jp/13/index.php?action_kouhyou_detail_004_kani=true&JigyosyoCd=1371110444-00&ServiceCd=331&Type=search", "url2": "http://www.life-silver.com/" }, "geometry": { "type": "Point", "coordinates": [ 139.731877769311495, 35.564908034863912 ] } },
{ "type": "Feature", "properties": { "内容": "花珠の家おおもり【特定施設入居者生活介護（有料老人ホーム）】東京都大田区大森北3-31-17", "url": "https://www.kaigokensaku.mhlw.go.jp/13/index.php?action_kouhyou_detail_004_kani=true&JigyosyoCd=1371110949-00&ServiceCd=331&Type=search", "url2": "http://www.hanadama-kaigo.com" }, "geometry": { "type": "Point", "coordinates": [ 139.73167090000004, 35.5812878 ] } },
{ "type": "Feature", "properties": { "内容": "ウェルケアガーデン久が原【特定施設入居者生活介護（有料老人ホーム）】東京都大田区久が原2-25-25ウェルケアガーデン久が原", "url": "https://www.kaigokensaku.mhlw.go.jp/13/index.php?action_kouhyou_detail_004_kani=true&JigyosyoCd=1371111434-00&ServiceCd=331&Type=search", "url2": "http://www.sankeiwellcare.com" }, "geometry": { "type": "Point", "coordinates": [ 139.697266, 35.5798736 ] } },
{ "type": "Feature", "properties": { "内容": "グランダ雪ヶ谷【特定施設入居者生活介護（有料老人ホーム）】東京都大田区雪谷大塚町9番2号", "url": "https://www.kaigokensaku.mhlw.go.jp/13/index.php?action_kouhyou_detail_004_kani=true&JigyosyoCd=1371112366-00&ServiceCd=331&Type=search", "url2": "http://www.benesse-style-care.co.jp/" }, "geometry": { "type": "Point", "coordinates": [ 139.679728, 35.591741 ] } },
{ "type": "Feature", "properties": { "内容": "トラストガーデン東嶺町【特定施設入居者生活介護（有料老人ホーム）】東京都大田区東嶺町11-2トラストガーデン東嶺町", "url": "https://www.kaigokensaku.mhlw.go.jp/13/index.php?action_kouhyou_detail_004_kani=true&JigyosyoCd=1371113307-00&ServiceCd=331&Type=search", "url2": "https://www.trustgarden.jp/higashiminemachi/" }, "geometry": { "type": "Point", "coordinates": [ 139.6855989, 35.5848529 ] } },
{ "type": "Feature", "properties": { "内容": "はなことば大田中央【特定施設入居者生活介護（有料老人ホーム）】東京都大田区中央8-40-5", "url": "https://www.kaigokensaku.mhlw.go.jp/13/index.php?action_kouhyou_detail_004_kani=true&JigyosyoCd=1371113364-00&ServiceCd=331&Type=search", "url2": "https://hanakotoba.co.jp/" }, "geometry": { "type": "Point", "coordinates": [ 139.7199847, 35.5731619 ] } },
{ "type": "Feature", "properties": { "内容": "ニチイホーム　矢口【特定施設入居者生活介護（有料老人ホーム）】東京都大田区矢口2-21-3", "url": "https://www.kaigokensaku.mhlw.go.jp/13/index.php?action_kouhyou_detail_004_kani=true&JigyosyoCd=1371105956-00&ServiceCd=331&Type=search", "url2": "http://www.nichii-home.jp/" }, "geometry": { "type": "Point", "coordinates": [ 139.688945800000056, 35.5620539 ] } },
{ "type": "Feature", "properties": { "内容": "リハビリホームグランダ大森山王【特定施設入居者生活介護（有料老人ホーム）】東京都大田区山王一丁目40番22号", "url": "https://www.kaigokensaku.mhlw.go.jp/13/index.php?action_kouhyou_detail_004_kani=true&JigyosyoCd=1371107556-00&ServiceCd=331&Type=search", "url2": "http://www.benesse-style-care.co.jp/" }, "geometry": { "type": "Point", "coordinates": [ 139.721159700000044, 35.5938693 ] } },
{ "type": "Feature", "properties": { "内容": "ホームステーション蒲田【特定施設入居者生活介護（有料老人ホーム）】東京都大田区東矢口3-6-23", "url": "https://www.kaigokensaku.mhlw.go.jp/13/index.php?action_kouhyou_detail_004_kani=true&JigyosyoCd=1371108083-00&ServiceCd=331&Type=search", "url2": "http://www.life-silver.com" }, "geometry": { "type": "Point", "coordinates": [ 139.7065493, 35.5640481 ] } },
{ "type": "Feature", "properties": { "内容": "リハビリホームグランダ西馬込【特定施設入居者生活介護（有料老人ホーム）】東京都大田区南馬込五丁目42番20号", "url": "https://www.kaigokensaku.mhlw.go.jp/13/index.php?action_kouhyou_detail_004_kani=true&JigyosyoCd=1371108265-00&ServiceCd=331&Type=search", "url2": "http://www.benesse-style-care.co.jp/" }, "geometry": { "type": "Point", "coordinates": [ 139.70563275092627, 35.585372716465805 ] } },
{ "type": "Feature", "properties": { "内容": "メディカル・リハビリホームボンセジュール南千束【特定施設入居者生活介護（有料老人ホーム）】東京都大田区南千束1-1-8", "url": "https://www.kaigokensaku.mhlw.go.jp/13/index.php?action_kouhyou_detail_004_kani=true&JigyosyoCd=1371108422-00&ServiceCd=331&Type=search", "url2": "http://www.benesse-style-care.co.jp/" }, "geometry": { "type": "Point", "coordinates": [ 139.697255700000028, 35.6045034 ] } },
{ "type": "Feature", "properties": { "内容": "介護付有料老人ホーム　プレザングラン　大田多摩川【特定施設入居者生活介護（有料老人ホーム）】東京都大田区多摩川2-19-4", "url": "https://www.kaigokensaku.mhlw.go.jp/13/index.php?action_kouhyou_detail_004_kani=true&JigyosyoCd=1371111863-00&ServiceCd=331&Type=search", "url2": "http://www.tanoshii-ie.jp/single010/" }, "geometry": { "type": "Point", "coordinates": [ 139.699697499999957, 35.558004500000017 ] } },
{ "type": "Feature", "properties": { "内容": "有料老人ホーム　サニーライフ東糀谷【特定施設入居者生活介護（有料老人ホーム）】東京都大田区東糀谷5丁目19番3号", "url": "https://www.kaigokensaku.mhlw.go.jp/13/index.php?action_kouhyou_detail_004_kani=true&JigyosyoCd=1371111939-00&ServiceCd=331&Type=search", "url2": "https://www.sunnylife-group.co.jp" }, "geometry": { "type": "Point", "coordinates": [ 139.745402, 35.5587607 ] } },
{ "type": "Feature", "properties": { "内容": "ＳＯＭＰＯケア　ラヴィーレ羽田【特定施設入居者生活介護（有料老人ホーム）】東京都大田区東糀谷5-19-18", "url": "https://www.kaigokensaku.mhlw.go.jp/13/index.php?action_kouhyou_detail_004_kani=true&JigyosyoCd=1371112051-00&ServiceCd=331&Type=search", "url2": "https://www.sompocare.com/" }, "geometry": { "type": "Point", "coordinates": [ 139.745132600000034, 35.5582997 ] } },
{ "type": "Feature", "properties": { "内容": "有料老人ホーム　サニーライフ大森南【特定施設入居者生活介護（有料老人ホーム）】東京都大田区大森南4-15-1", "url": "https://www.kaigokensaku.mhlw.go.jp/13/index.php?action_kouhyou_detail_004_kani=true&JigyosyoCd=1371112077-00&ServiceCd=331&Type=search", "url2": "http://www.sunnylife-group.co.jp" }, "geometry": { "type": "Point", "coordinates": [ 139.74599582817234, 35.565095059537946 ] } },
{ "type": "Feature", "properties": { "内容": "ＳＯＭＰＯケアラヴィーレ多摩川【特定施設入居者生活介護（有料老人ホーム）】東京都大田区多摩川二丁目13番22号", "url": "https://www.kaigokensaku.mhlw.go.jp/13/index.php?action_kouhyou_detail_004_kani=true&JigyosyoCd=1371112085-00&ServiceCd=331&Type=search", "url2": "https://www.sompocare.com/" }, "geometry": { "type": "Point", "coordinates": [ 139.699394799999936, 35.5582184 ] } },
{ "type": "Feature", "properties": { "内容": "チャームスイート洗足池【特定施設入居者生活介護（有料老人ホーム）】東京都大田区上池台二丁目5番10号チャームスイート洗足池", "url": "https://www.kaigokensaku.mhlw.go.jp/13/index.php?action_kouhyou_detail_004_kani=true&JigyosyoCd=1371112234-00&ServiceCd=331&Type=search", "url2": "https://www.charmcc.jp/home/charmsuite_senzokuike/" }, "geometry": { "type": "Point", "coordinates": [ 139.695486800000026, 35.5989903 ] } },
{ "type": "Feature", "properties": { "内容": "ミモザ西六郷【特定施設入居者生活介護（有料老人ホーム）】東京都大田区西六郷三丁目25番5号ミモザ西六郷", "url": "https://www.kaigokensaku.mhlw.go.jp/13/index.php?action_kouhyou_detail_004_kani=true&JigyosyoCd=1371109842-00&ServiceCd=331&Type=search", "url2": "http://www.mimoza-care.jp/" }, "geometry": { "type": "Point", "coordinates": [ 139.708405500000026, 35.5457119 ] } },
{ "type": "Feature", "properties": { "内容": "メディカルホームボンセジュール羽田【特定施設入居者生活介護（有料老人ホーム）】東京都大田区羽田一丁目２０番５号", "url": "https://www.kaigokensaku.mhlw.go.jp/13/index.php?action_kouhyou_detail_004_kani=true&JigyosyoCd=1371108430-00&ServiceCd=331&Type=search", "url2": "http://www.benesse-style-care.co.jp/" }, "geometry": { "type": "Point", "coordinates": [ 139.744094300000029, 35.5496259 ] } },
{ "type": "Feature", "properties": { "内容": "チャームスイート旗の台【特定施設入居者生活介護（有料老人ホーム）】東京都大田区北馬込1丁目11番8号", "url": "https://www.kaigokensaku.mhlw.go.jp/13/index.php?action_kouhyou_detail_004_kani=true&JigyosyoCd=1371113646-00&ServiceCd=331&Type=search", "url2": "https://www.charmcc.jp/home/charmsuite_hatanodai/" }, "geometry": { "type": "Point", "coordinates": [ 139.7036623, 35.6007469 ] } },
{ "type": "Feature", "properties": { "内容": "グリーンライフ仲池上【特定施設入居者生活介護（有料老人ホーム）】東京都大田区仲池上1-27-20", "url": "https://www.kaigokensaku.mhlw.go.jp/13/index.php?action_kouhyou_detail_004_kani=true&JigyosyoCd=1371113653-00&ServiceCd=331&Type=search", "url2": "http://www.greenlife-inc.co.jp" }, "geometry": { "type": "Point", "coordinates": [ 139.696402300000017, 35.5858477 ] } },
{ "type": "Feature", "properties": { "内容": "チャーム六郷【特定施設入居者生活介護（有料老人ホーム）】東京都大田区西六郷四丁目34番15号", "url": "https://www.kaigokensaku.mhlw.go.jp/13/index.php?action_kouhyou_detail_004_kani=true&JigyosyoCd=1371113877-00&ServiceCd=331&Type=search", "url2": "https://www.charmcc.jp/home/charm_rokugou/" }, "geometry": { "type": "Point", "coordinates": [ 139.7034315, 35.543613300000011 ] } },
{ "type": "Feature", "properties": { "内容": "ドーミー大森町【特定施設入居者生活介護（有料老人ホーム）】東京都大田区大森西3-3-4", "url": "https://www.kaigokensaku.mhlw.go.jp/13/index.php?action_kouhyou_detail_004_kani=true&JigyosyoCd=1371113869-00&ServiceCd=331&Type=search", "url2": "https://www.dormy-senior.com/series/oomori/" }, "geometry": { "type": "Point", "coordinates": [ 139.730236400000024, 35.574724400000015 ] } },
{ "type": "Feature", "properties": { "内容": "リハビリホームグランダ池上南【特定施設入居者生活介護（有料老人ホーム）】東京都大田区多摩川一丁目12番6号", "url": "https://www.kaigokensaku.mhlw.go.jp/13/index.php?action_kouhyou_detail_004_kani=true&JigyosyoCd=1371105691-00&ServiceCd=331&Type=search", "url2": "http://www.benesse-style-care.co.jp/" }, "geometry": { "type": "Point", "coordinates": [ 139.69785580000007, 35.5651563 ] } },
{ "type": "Feature", "properties": { "内容": "グランダ多摩川・大田【特定施設入居者生活介護（有料老人ホーム）】東京都大田区矢口二丁目8番10号", "url": "https://www.kaigokensaku.mhlw.go.jp/13/index.php?action_kouhyou_detail_004_kani=true&JigyosyoCd=1371108075-00&ServiceCd=331&Type=search", "url2": "http://www.benesse-style-care.co.jp/" }, "geometry": { "type": "Point", "coordinates": [ 139.690206799999942, 35.5629732 ] } },
{ "type": "Feature", "properties": { "内容": "はなことばプラス田園調布【特定施設入居者生活介護（有料老人ホーム）】東京都大田区田園調布1-22-12", "url": "https://www.kaigokensaku.mhlw.go.jp/13/index.php?action_kouhyou_detail_004_kani=true&JigyosyoCd=1371113778-00&ServiceCd=331&Type=search", "url2": "https://hanakotoba.co.jp/facility/denenchofu.html" }, "geometry": { "type": "Point", "coordinates": [ 139.6756646, 35.5907248 ] } },
{ "type": "Feature", "properties": { "内容": "SOMPOケア　ラヴィーレ洗足池【特定施設入居者生活介護（有料老人ホーム）】東京都大田区南千束1-22-1", "url": "https://www.kaigokensaku.mhlw.go.jp/13/index.php?action_kouhyou_detail_004_kani=true&JigyosyoCd=1371113893-00&ServiceCd=331&Type=search", "url2": "https://www.sompocare.com/service/home/kaigo/H000486" }, "geometry": { "type": "Point", "coordinates": [ 139.6923213, 35.6055408 ] } },
{ "type": "Feature", "properties": { "内容": "医心館大森【特定施設入居者生活介護（有料老人ホーム）】東京都大田区大森北一丁目34番8号守央ビル", "url": "https://www.kaigokensaku.mhlw.go.jp/13/index.php?action_kouhyou_detail_004_kani=true&JigyosyoCd=1371113919-00&ServiceCd=331&Type=search", "url2": null }, "geometry": { "type": "Point", "coordinates": [ 139.727082, 35.5858399 ] } },
{ "type": "Feature", "properties": { "内容": "チャームプレミア田園調布【特定施設入居者生活介護（有料老人ホーム）】東京都世田谷区玉川田園調布1-9-10", "url": "https://www.kaigokensaku.mhlw.go.jp/13/index.php?action_kouhyou_detail_004_kani=true&JigyosyoCd=1371216068-00&ServiceCd=331&Type=search", "url2": "http://www.charmcc.jp/" }, "geometry": { "type": "Point", "coordinates": [ 139.6669365, 35.5998838 ] } },
{ "type": "Feature", "properties": { "内容": "チャームプレミア深沢【特定施設入居者生活介護（有料老人ホーム）】東京都世田谷区深沢7丁目4番1号ヒューリック深沢", "url": "https://www.kaigokensaku.mhlw.go.jp/13/index.php?action_kouhyou_detail_004_kani=true&JigyosyoCd=1371214634-00&ServiceCd=331&Type=search", "url2": "http://www.charmcc.jp" }, "geometry": { "type": "Point", "coordinates": [ 139.647656399999988, 35.6242665 ] } },
{ "type": "Feature", "properties": { "内容": "介護付有料老人ホーム　プレザングラン成城【特定施設入居者生活介護（有料老人ホーム）】東京都世田谷区成城7丁目30-15", "url": "https://www.kaigokensaku.mhlw.go.jp/13/index.php?action_kouhyou_detail_004_kani=true&JigyosyoCd=1371217389-00&ServiceCd=331&Type=search", "url2": "http://www.care21.co.jp/" }, "geometry": { "type": "Point", "coordinates": [ 139.60011320000001, 35.648951 ] } },
{ "type": "Feature", "properties": { "内容": "ウェルケアヒルズ馬事公苑【特定施設入居者生活介護（有料老人ホーム）】東京都世田谷区上用賀4-1-8", "url": "https://www.kaigokensaku.mhlw.go.jp/13/index.php?action_kouhyou_detail_004_kani=true&JigyosyoCd=1371217538-00&ServiceCd=331&Type=search", "url2": "https://www.sankeiwellcare.com/hillsbajikouen/" }, "geometry": { "type": "Point", "coordinates": [ 139.631153300000022, 35.6341946 ] } },
{ "type": "Feature", "properties": { "内容": "グランダ下馬【特定施設入居者生活介護（有料老人ホーム）】東京都世田谷区下馬四丁目1番31号", "url": "https://www.kaigokensaku.mhlw.go.jp/13/index.php?action_kouhyou_detail_004_kani=true&JigyosyoCd=1371217587-00&ServiceCd=331&Type=search", "url2": "https://www.benesse-style-care.co.jp/" }, "geometry": { "type": "Point", "coordinates": [ 139.67647638650817, 35.635577061808192 ] } },
{ "type": "Feature", "properties": { "内容": "リハビリホームグランダ世田谷上町【特定施設入居者生活介護（有料老人ホーム）】東京都世田谷区桜三丁目32番10号", "url": "https://www.kaigokensaku.mhlw.go.jp/13/index.php?action_kouhyou_detail_004_kani=true&JigyosyoCd=1371217579-00&ServiceCd=331&Type=search", "url2": "http://www.benesse-style-care.co.jp/" }, "geometry": { "type": "Point", "coordinates": [ 139.636462599999987, 35.6411185 ] } },
{ "type": "Feature", "properties": { "内容": "チャームスイート世田谷上馬【特定施設入居者生活介護（有料老人ホーム）】東京都世田谷区上馬四丁目３０番６号", "url": "https://www.kaigokensaku.mhlw.go.jp/13/index.php?action_kouhyou_detail_004_kani=true&JigyosyoCd=1371216795-00&ServiceCd=331&Type=search", "url2": "https://www.charmcc.jp/home/charmsuite_kamiuma/" }, "geometry": { "type": "Point", "coordinates": [ 139.659617700000013, 35.6374086 ] } },
{ "type": "Feature", "properties": { "内容": "ロイヤルライフ奥沢【特定施設入居者生活介護（有料老人ホーム）】東京都世田谷区奥沢三丁目33番13号", "url": "https://www.kaigokensaku.mhlw.go.jp/13/index.php?action_kouhyou_detail_004_kani=true&JigyosyoCd=1371200989-00&ServiceCd=331&Type=search", "url2": "https://www.ryoeilife.jp" }, "geometry": { "type": "Point", "coordinates": [ 139.672443626983608, 35.60333013394856 ] } },
{ "type": "Feature", "properties": { "内容": "サクラビア成城【特定施設入居者生活介護（有料老人ホーム）】東京都世田谷区成城8丁目22番1号", "url": "https://www.kaigokensaku.mhlw.go.jp/13/index.php?action_kouhyou_detail_004_kani=true&JigyosyoCd=1371201839-00&ServiceCd=331&Type=search", "url2": "https://www.sacravia.co.jp" }, "geometry": { "type": "Point", "coordinates": [ 139.595735399999967, 35.6487568 ] } },
{ "type": "Feature", "properties": { "内容": "しまナーシングホーム学芸大学【特定施設入居者生活介護（有料老人ホーム）】東京都世田谷区野沢3-5-14", "url": "https://www.kaigokensaku.mhlw.go.jp/13/index.php?action_kouhyou_detail_004_kani=true&JigyosyoCd=1371204692-00&ServiceCd=331&Type=search", "url2": "https://www.shima-nursing.co.jp" }, "geometry": { "type": "Point", "coordinates": [ 139.673337700000047, 35.6294914 ] } },
{ "type": "Feature", "properties": { "内容": "そんぽの家　成城南【特定施設入居者生活介護（有料老人ホーム）】東京都世田谷区喜多見1丁目31番10号", "url": "https://www.kaigokensaku.mhlw.go.jp/13/index.php?action_kouhyou_detail_004_kani=true&JigyosyoCd=1371205723-00&ServiceCd=331&Type=search", "url2": "http://www.sompocare-message.jp/" }, "geometry": { "type": "Point", "coordinates": [ 139.598839600000019, 35.6241553 ] } },
{ "type": "Feature", "properties": { "内容": "アライブ世田谷下馬【特定施設入居者生活介護（有料老人ホーム）】東京都世田谷区下馬6丁目29番22号", "url": "https://www.kaigokensaku.mhlw.go.jp/13/index.php?action_kouhyou_detail_004_kani=true&JigyosyoCd=1371206150-00&ServiceCd=331&Type=search", "url2": "https://www.alive-carehome.co.jp/home/setagaya-shimouma/" }, "geometry": { "type": "Point", "coordinates": [ 139.680606399999988, 35.6309164 ] } },
{ "type": "Feature", "properties": { "内容": "ニチイホーム千歳船橋【特定施設入居者生活介護（有料老人ホーム）】東京都世田谷区船橋3-19-14", "url": "https://www.kaigokensaku.mhlw.go.jp/13/index.php?action_kouhyou_detail_004_kani=true&JigyosyoCd=1371206200-00&ServiceCd=331&Type=search", "url2": "http://www.nichii-home.jp/" }, "geometry": { "type": "Point", "coordinates": [ 139.62418260000004, 35.653593 ] } },
{ "type": "Feature", "properties": { "内容": "アライブ世田谷中町【特定施設入居者生活介護（有料老人ホーム）】東京都世田谷区中町3丁目5番23号", "url": "https://www.kaigokensaku.mhlw.go.jp/13/index.php?action_kouhyou_detail_004_kani=true&JigyosyoCd=1371208990-00&ServiceCd=331&Type=search", "url2": "https://www.alive-carehome.co.jp/home/setagaya-nakamachi/" }, "geometry": { "type": "Point", "coordinates": [ 139.647673899999972, 35.6158982 ] } },
{ "type": "Feature", "properties": { "内容": "ホームステーション千歳船橋【特定施設入居者生活介護（有料老人ホーム）】東京都世田谷区船橋3-1-11", "url": "https://www.kaigokensaku.mhlw.go.jp/13/index.php?action_kouhyou_detail_004_kani=true&JigyosyoCd=1371210335-00&ServiceCd=331&Type=search", "url2": "http://www.life-silver.com/shisetsu-chitosefunabashi.html" }, "geometry": { "type": "Point", "coordinates": [ 139.6254576, 35.6503991 ] } },
{ "type": "Feature", "properties": { "内容": "ウェルケアガーデン馬事公苑【特定施設入居者生活介護（有料老人ホーム）】東京都世田谷区上用賀二丁目２番１５号", "url": "https://www.kaigokensaku.mhlw.go.jp/13/index.php?action_kouhyou_detail_004_kani=true&JigyosyoCd=1371211853-00&ServiceCd=331&Type=search", "url2": "http://sankeiwellcare.com" }, "geometry": { "type": "Point", "coordinates": [ 139.633439313491863, 35.639052890269276 ] } },
{ "type": "Feature", "properties": { "内容": "ニチイケアセンター世田谷大蔵【特定施設入居者生活介護（有料老人ホーム）】東京都世田谷区大蔵4-2-14", "url": "https://www.kaigokensaku.mhlw.go.jp/13/index.php?action_kouhyou_detail_004_kani=true&JigyosyoCd=1371212000-00&ServiceCd=331&Type=search", "url2": "http://www.nichiigakkan.co.jp" }, "geometry": { "type": "Point", "coordinates": [ 139.609349299999963, 35.6290686 ] } },
{ "type": "Feature", "properties": { "内容": "ニチイホーム用賀【特定施設入居者生活介護（有料老人ホーム）】東京都世田谷区玉川台二丁目17番11号ニチイホーム用賀", "url": "https://www.kaigokensaku.mhlw.go.jp/13/index.php?action_kouhyou_detail_004_kani=true&JigyosyoCd=1371213982-00&ServiceCd=331&Type=search", "url2": "http://www.nichii-home.jp" }, "geometry": { "type": "Point", "coordinates": [ 139.629276545368953, 35.624285725877989 ] } },
{ "type": "Feature", "properties": { "内容": "そんぽの家　経堂【特定施設入居者生活介護（有料老人ホーム）】東京都世田谷区船橋5-14-11", "url": "https://www.kaigokensaku.mhlw.go.jp/13/index.php?action_kouhyou_detail_004_kani=true&JigyosyoCd=1371214055-00&ServiceCd=331&Type=search", "url2": "https://www.sompocare.com/service/home/kaigo/H000280" }, "geometry": { "type": "Point", "coordinates": [ 139.62723840000001, 35.6550422 ] } },
{ "type": "Feature", "properties": { "内容": "そんぽの家砧南【特定施設入居者生活介護（有料老人ホーム）】東京都世田谷区宇奈根１丁目４１番１２号", "url": "https://www.kaigokensaku.mhlw.go.jp/13/index.php?action_kouhyou_detail_004_kani=true&JigyosyoCd=1371214063-00&ServiceCd=331&Type=search", "url2": "https://www.sompocare.com/service/home/kaigo/H000270/" }, "geometry": { "type": "Point", "coordinates": [ 139.6067564, 35.6224381 ] } },
{ "type": "Feature", "properties": { "内容": "ＳＯＭＰＯケア　ラヴィーレ駒沢公園【特定施設入居者生活介護（有料老人ホーム）】東京都世田谷区深沢4-8-11ラヴィーレ駒沢公園", "url": "https://www.kaigokensaku.mhlw.go.jp/13/index.php?action_kouhyou_detail_004_kani=true&JigyosyoCd=1371214071-00&ServiceCd=331&Type=search", "url2": "http://www.sompocare-message.jp/" }, "geometry": { "type": "Point", "coordinates": [ 139.657242099999962, 35.622289 ] } },
{ "type": "Feature", "properties": { "内容": "東急ウェリナケア尾山台【特定施設入居者生活介護（有料老人ホーム）】東京都世田谷区玉堤一丁目24番15号東急ウェリナケア尾山台", "url": "https://www.kaigokensaku.mhlw.go.jp/13/index.php?action_kouhyou_detail_004_kani=true&JigyosyoCd=1371214576-00&ServiceCd=331&Type=search", "url2": "https://www.tokyu-welinacare.jp/oyamadai/" }, "geometry": { "type": "Point", "coordinates": [ 139.648638742466829, 35.596971703285149 ] } },
{ "type": "Feature", "properties": { "内容": "SOMPOケアラヴィーレ世田谷船橋【特定施設入居者生活介護（有料老人ホーム）】東京都世田谷区船橋6-23-18", "url": "https://www.kaigokensaku.mhlw.go.jp/13/index.php?action_kouhyou_detail_004_kani=true&JigyosyoCd=1371215201-00&ServiceCd=331&Type=search", "url2": "https://www.sompocare.com/" }, "geometry": { "type": "Point", "coordinates": [ 139.622668400000066, 35.6592894 ] } },
{ "type": "Feature", "properties": { "内容": "有料老人ホーム　サニーライフ世田谷【特定施設入居者生活介護（有料老人ホーム）】東京都世田谷区船橋七丁目13番11号", "url": "https://www.kaigokensaku.mhlw.go.jp/13/index.php?action_kouhyou_detail_004_kani=true&JigyosyoCd=1371215441-00&ServiceCd=331&Type=search", "url2": "http://www.sunnylife-group.co.jp" }, "geometry": { "type": "Point", "coordinates": [ 139.618452784026658, 35.656784536924555 ] } },
{ "type": "Feature", "properties": { "内容": "フェリオ成城【特定施設入居者生活介護（有料老人ホーム）】東京都世田谷区祖師谷4-32-7フェリオ成城", "url": "https://www.kaigokensaku.mhlw.go.jp/13/index.php?action_kouhyou_detail_004_kani=true&JigyosyoCd=1371215672-00&ServiceCd=331&Type=search", "url2": "https://www.felio.life/felio-seijo/" }, "geometry": { "type": "Point", "coordinates": [ 139.604491400000029, 35.6484427 ] } },
{ "type": "Feature", "properties": { "内容": "ベストライフ用賀【特定施設入居者生活介護（有料老人ホーム）】東京都世田谷区瀬田3-9-22ベストライフ用賀", "url": "https://www.kaigokensaku.mhlw.go.jp/13/index.php?action_kouhyou_detail_004_kani=true&JigyosyoCd=1371216092-00&ServiceCd=331&Type=search", "url2": null }, "geometry": { "type": "Point", "coordinates": [ 139.6355179, 35.6206085 ] } },
{ "type": "Feature", "properties": { "内容": "ベストライフ世田谷【特定施設入居者生活介護（有料老人ホーム）】東京都世田谷区桜丘4-16-9", "url": "https://www.kaigokensaku.mhlw.go.jp/13/index.php?action_kouhyou_detail_004_kani=true&JigyosyoCd=1371216100-00&ServiceCd=331&Type=search", "url2": null }, "geometry": { "type": "Point", "coordinates": [ 139.621384, 35.6395565 ] } },
{ "type": "Feature", "properties": { "内容": "トラストガーデン等々力【特定施設入居者生活介護（有料老人ホーム）】東京都世田谷区等々力7-22-12トラストガーデン等々力", "url": "https://www.kaigokensaku.mhlw.go.jp/13/index.php?action_kouhyou_detail_004_kani=true&JigyosyoCd=1371216704-00&ServiceCd=331&Type=search", "url2": "https://www.trustgarden.jp/todoroki/" }, "geometry": { "type": "Point", "coordinates": [ 139.6556117, 35.6149188 ] } },
{ "type": "Feature", "properties": { "内容": "メディカル・リハビリホームくらら千歳船橋【特定施設入居者生活介護（有料老人ホーム）】東京都世田谷区桜丘五丁目16番7号", "url": "https://www.kaigokensaku.mhlw.go.jp/13/index.php?action_kouhyou_detail_004_kani=true&JigyosyoCd=1371202464-00&ServiceCd=331&Type=search", "url2": "http://www.benesse-style-care.co.jp/" }, "geometry": { "type": "Point", "coordinates": [ 139.622627599999987, 35.6447165 ] } },
{ "type": "Feature", "properties": { "内容": "メディカル・リハビリホームくらら二子玉川【特定施設入居者生活介護（有料老人ホーム）】東京都世田谷区鎌田三丁目14番5号", "url": "https://www.kaigokensaku.mhlw.go.jp/13/index.php?action_kouhyou_detail_004_kani=true&JigyosyoCd=1371202613-00&ServiceCd=331&Type=search", "url2": "http://www.benesse-style-care.co.jp/" }, "geometry": { "type": "Point", "coordinates": [ 139.61383, 35.6205256 ] } },
{ "type": "Feature", "properties": { "内容": "メディカルホームくらら芦花公園【特定施設入居者生活介護（有料老人ホーム）】東京都世田谷区粕谷一丁目8番4号", "url": "https://www.kaigokensaku.mhlw.go.jp/13/index.php?action_kouhyou_detail_004_kani=true&JigyosyoCd=1371202886-00&ServiceCd=331&Type=search", "url2": "http://www.benesse-style-care.co.jp/" }, "geometry": { "type": "Point", "coordinates": [ 139.6105334, 35.6593612 ] } },
{ "type": "Feature", "properties": { "内容": "グランダ松原・世田谷【特定施設入居者生活介護（有料老人ホーム）】東京都世田谷区松原六丁目16番18号", "url": "https://www.kaigokensaku.mhlw.go.jp/13/index.php?action_kouhyou_detail_004_kani=true&JigyosyoCd=1371202951-00&ServiceCd=331&Type=search", "url2": "http://www.benesse-style-care.co.jp/" }, "geometry": { "type": "Point", "coordinates": [ 139.651177500000017, 35.6603037 ] } },
{ "type": "Feature", "properties": { "内容": "アリア等々力【特定施設入居者生活介護（有料老人ホーム）】東京都世田谷区等々力七丁目13番21号", "url": "https://www.kaigokensaku.mhlw.go.jp/13/index.php?action_kouhyou_detail_004_kani=true&JigyosyoCd=1371204452-00&ServiceCd=331&Type=search", "url2": "http://www.benesse-style-care.co.jp/" }, "geometry": { "type": "Point", "coordinates": [ 139.656323, 35.6145205 ] } },
{ "type": "Feature", "properties": { "内容": "アリア馬事公苑【特定施設入居者生活介護（有料老人ホーム）】東京都世田谷区上用賀一丁目7番10号", "url": "https://www.kaigokensaku.mhlw.go.jp/13/index.php?action_kouhyou_detail_004_kani=true&JigyosyoCd=1371205368-00&ServiceCd=331&Type=search", "url2": "http://www.benesse-style-care.co.jp/" }, "geometry": { "type": "Point", "coordinates": [ 139.633596799999964, 35.6314935 ] } },
{ "type": "Feature", "properties": { "内容": "アリア松原【特定施設入居者生活介護（有料老人ホーム）】東京都世田谷区松原五丁目34番6号", "url": "https://www.kaigokensaku.mhlw.go.jp/13/index.php?action_kouhyou_detail_004_kani=true&JigyosyoCd=1371205822-00&ServiceCd=331&Type=search", "url2": "http://www.benesse-style-care.co.jp/" }, "geometry": { "type": "Point", "coordinates": [ 139.6492581, 35.6627756 ] } },
{ "type": "Feature", "properties": { "内容": "ゆうらいふ世田谷【特定施設入居者生活介護（有料老人ホーム）】東京都世田谷区粕谷2－8－5", "url": "https://www.kaigokensaku.mhlw.go.jp/13/index.php?action_kouhyou_detail_004_kani=true&JigyosyoCd=1371206309-00&ServiceCd=331&Type=search", "url2": "http://www.youlife-home.com/setagaya/" }, "geometry": { "type": "Point", "coordinates": [ 139.608908299999939, 35.6642466 ] } },
{ "type": "Feature", "properties": { "内容": "リハビリホームくらら砧公園【特定施設入居者生活介護（有料老人ホーム）】東京都世田谷区上用賀五丁目２５番２３号", "url": "https://www.kaigokensaku.mhlw.go.jp/13/index.php?action_kouhyou_detail_004_kani=true&JigyosyoCd=1371206457-00&ServiceCd=331&Type=search", "url2": "http://www.benesse-style-care.co.jp/" }, "geometry": { "type": "Point", "coordinates": [ 139.626244700000029, 35.6322073 ] } },
{ "type": "Feature", "properties": { "内容": "メディカル・リハビリホームグランダ芦花公園【特定施設入居者生活介護（有料老人ホーム）】東京都世田谷区八幡山三丁目１８番９号", "url": "https://www.kaigokensaku.mhlw.go.jp/13/index.php?action_kouhyou_detail_004_kani=true&JigyosyoCd=1371206705-00&ServiceCd=331&Type=search", "url2": "http://www.benesse-style-care.co.jp" }, "geometry": { "type": "Point", "coordinates": [ 139.614913300000012, 35.6637913 ] } },
{ "type": "Feature", "properties": { "内容": "くらら用賀【特定施設入居者生活介護（有料老人ホーム）】東京都世田谷区用賀二丁目10番18号", "url": "https://www.kaigokensaku.mhlw.go.jp/13/index.php?action_kouhyou_detail_004_kani=true&JigyosyoCd=1371206713-00&ServiceCd=331&Type=search", "url2": "http://www.benesse-style-care.co.jp/" }, "geometry": { "type": "Point", "coordinates": [ 139.639729699999975, 35.6296298 ] } },
{ "type": "Feature", "properties": { "内容": "ロングライフ成城【特定施設入居者生活介護（有料老人ホーム）】東京都世田谷区上祖師谷6-15-8", "url": "https://www.kaigokensaku.mhlw.go.jp/13/index.php?action_kouhyou_detail_004_kani=true&JigyosyoCd=1371207372-00&ServiceCd=331&Type=search", "url2": "http://www.j-longlife.co.jp/seijyo" }, "geometry": { "type": "Point", "coordinates": [ 139.5963097, 35.6598496 ] } },
{ "type": "Feature", "properties": { "内容": "フローレンスケア芦花公園【特定施設入居者生活介護（有料老人ホーム）】東京都世田谷区南烏山2丁目32番28号", "url": "https://www.kaigokensaku.mhlw.go.jp/13/index.php?action_kouhyou_detail_004_kani=true&JigyosyoCd=1371207489-00&ServiceCd=331&Type=search", "url2": "http://www.kudo.co.jp/" }, "geometry": { "type": "Point", "coordinates": [ 139.608469099999979, 35.6687681 ] } },
{ "type": "Feature", "properties": { "内容": "リハビリホームグランダ成城の杜【特定施設入居者生活介護（有料老人ホーム）】東京都世田谷区成城９－１－１０", "url": "https://www.kaigokensaku.mhlw.go.jp/13/index.php?action_kouhyou_detail_004_kani=true&JigyosyoCd=1371208396-00&ServiceCd=331&Type=search", "url2": "http://www.benesse-style-care.co.jp" }, "geometry": { "type": "Point", "coordinates": [ 139.601193100000046, 35.6504012 ] } },
{ "type": "Feature", "properties": { "内容": "ツクイ・サンシャイン成城【特定施設入居者生活介護（有料老人ホーム）】東京都世田谷区上祖師谷六丁目29番19号", "url": "https://www.kaigokensaku.mhlw.go.jp/13/index.php?action_kouhyou_detail_004_kani=true&JigyosyoCd=1371208602-00&ServiceCd=331&Type=search", "url2": "https://www.tsukui.net" }, "geometry": { "type": "Point", "coordinates": [ 139.596259599999939, 35.6612661 ] } },
{ "type": "Feature", "properties": { "内容": "芦花翠風邸【特定施設入居者生活介護（有料老人ホーム）】東京都世田谷区南烏山一丁目10番17号", "url": "https://www.kaigokensaku.mhlw.go.jp/13/index.php?action_kouhyou_detail_004_kani=true&JigyosyoCd=1371208701-00&ServiceCd=331&Type=search", "url2": "http://www.benesse-style-care.co.jp/" }, "geometry": { "type": "Point", "coordinates": [ 139.6085137, 35.6673489 ] } },
{ "type": "Feature", "properties": { "内容": "ソナーレ祖師ヶ谷大蔵【特定施設入居者生活介護（有料老人ホーム）】東京都世田谷区祖師谷三丁目26番3号", "url": "https://www.kaigokensaku.mhlw.go.jp/13/index.php?action_kouhyou_detail_004_kani=true&JigyosyoCd=1371213537-00&ServiceCd=331&Type=search", "url2": "http://www.lifecaredesign.co.jp/sonare/soshigaya/" }, "geometry": { "type": "Point", "coordinates": [ 139.608292900000038, 35.6438663 ] } },
{ "type": "Feature", "properties": { "内容": "トラストガーデン用賀の杜【特定施設入居者生活介護（有料老人ホーム）】東京都世田谷区用賀1丁目3-1トラストガーデン用賀の杜", "url": "https://www.kaigokensaku.mhlw.go.jp/13/index.php?action_kouhyou_detail_004_kani=true&JigyosyoCd=1371216688-00&ServiceCd=331&Type=search", "url2": "https://trustgarden.jp" }, "geometry": { "type": "Point", "coordinates": [ 139.6415739, 35.6229764 ] } },
{ "type": "Feature", "properties": { "内容": "トラストガーデン桜新町【特定施設入居者生活介護（有料老人ホーム）】東京都世田谷区弦巻2丁目11番1号", "url": "https://www.kaigokensaku.mhlw.go.jp/13/index.php?action_kouhyou_detail_004_kani=true&JigyosyoCd=1371216696-00&ServiceCd=331&Type=search", "url2": "https://www.trustgarden.jp/sakurashinmachi/" }, "geometry": { "type": "Point", "coordinates": [ 139.653552100000013, 35.6354364 ] } },
{ "type": "Feature", "properties": { "内容": "アリア深沢【特定施設入居者生活介護（有料老人ホーム）】東京都世田谷区深沢７丁目９番６号", "url": "https://www.kaigokensaku.mhlw.go.jp/13/index.php?action_kouhyou_detail_004_kani=true&JigyosyoCd=1371302397-00&ServiceCd=331&Type=search", "url2": "http://www.benesse-style-care.co.jp/" }, "geometry": { "type": "Point", "coordinates": [ 139.646034800000052, 35.6236472 ] } },
{ "type": "Feature", "properties": { "内容": "ニチイホーム成城【特定施設入居者生活介護（有料老人ホーム）】東京都世田谷区上祖師谷4-24-15", "url": "https://www.kaigokensaku.mhlw.go.jp/13/index.php?action_kouhyou_detail_004_kani=true&JigyosyoCd=1371206721-00&ServiceCd=331&Type=search", "url2": "https://www.nichii-home.jp/" }, "geometry": { "type": "Point", "coordinates": [ 139.594829600000025, 35.6537588 ] } },
{ "type": "Feature", "properties": { "内容": "アルタクラッセ二子玉川【特定施設入居者生活介護（有料老人ホーム）】東京都世田谷区玉川3丁目40番21号", "url": "https://www.kaigokensaku.mhlw.go.jp/13/index.php?action_kouhyou_detail_004_kani=true&JigyosyoCd=1371206796-00&ServiceCd=331&Type=search", "url2": "http://www.sc-altaclasse.com/" }, "geometry": { "type": "Point", "coordinates": [ 139.621609900000067, 35.6169485 ] } },
{ "type": "Feature", "properties": { "内容": "ヒルデモア世田谷岡本【特定施設入居者生活介護（有料老人ホーム）】東京都世田谷区岡本2-17-8", "url": "https://www.kaigokensaku.mhlw.go.jp/13/index.php?action_kouhyou_detail_004_kani=true&JigyosyoCd=1371207257-00&ServiceCd=331&Type=search", "url2": "https://www.tnbls.co.jp/hyldemoer/home/okamoto/" }, "geometry": { "type": "Point", "coordinates": [ 139.61564629999998, 35.623097500000021 ] } },
{ "type": "Feature", "properties": { "内容": "グランクレール成城ケアレジデンス【特定施設入居者生活介護（有料老人ホーム）】東京都世田谷区成城８－２０－１", "url": "https://www.kaigokensaku.mhlw.go.jp/13/index.php?action_kouhyou_detail_004_kani=true&JigyosyoCd=1371209279-00&ServiceCd=331&Type=search", "url2": "http://www.e-life-design.co.jp" }, "geometry": { "type": "Point", "coordinates": [ 139.59574090000001, 35.6483735 ] } },
{ "type": "Feature", "properties": { "内容": "ホームステーション経堂【特定施設入居者生活介護（有料老人ホーム）】東京都世田谷区桜1－31－5", "url": "https://www.kaigokensaku.mhlw.go.jp/13/index.php?action_kouhyou_detail_004_kani=true&JigyosyoCd=1371209691-00&ServiceCd=331&Type=search", "url2": "http://www.life-silver.com/" }, "geometry": { "type": "Point", "coordinates": [ 139.640870599999971, 35.6442001 ] } },
{ "type": "Feature", "properties": { "内容": "リハビリホームグランダ二子玉川【特定施設入居者生活介護（有料老人ホーム）】東京都世田谷区鎌田二丁目13番13号", "url": "https://www.kaigokensaku.mhlw.go.jp/13/index.php?action_kouhyou_detail_004_kani=true&JigyosyoCd=1371210152-00&ServiceCd=331&Type=search", "url2": "http://www.benesse-style-care.co.jp/" }, "geometry": { "type": "Point", "coordinates": [ 139.612791300000026, 35.618687 ] } },
{ "type": "Feature", "properties": { "内容": "メディカル・リハビリホームグランダ千歳烏山【特定施設入居者生活介護（有料老人ホーム）】東京都世田谷区北烏山七丁目19番3号", "url": "https://www.kaigokensaku.mhlw.go.jp/13/index.php?action_kouhyou_detail_004_kani=true&JigyosyoCd=1371210251-00&ServiceCd=331&Type=search", "url2": "http://www.benesse-style-care.co.jp/" }, "geometry": { "type": "Point", "coordinates": [ 139.590612100000044, 35.6796332 ] } },
{ "type": "Feature", "properties": { "内容": "ボンセジュール経堂【特定施設入居者生活介護（有料老人ホーム）】東京都世田谷区桜一丁目67番9号", "url": "https://www.kaigokensaku.mhlw.go.jp/13/index.php?action_kouhyou_detail_004_kani=true&JigyosyoCd=1371210350-00&ServiceCd=331&Type=search", "url2": "http://www.benesse-style-care.co.jp/" }, "geometry": { "type": "Point", "coordinates": [ 139.636984699999971, 35.6473691 ] } },
{ "type": "Feature", "properties": { "内容": "ボンセジュール千歳船橋【特定施設入居者生活介護（有料老人ホーム）】東京都世田谷区船橋1-37-3", "url": "https://www.kaigokensaku.mhlw.go.jp/13/index.php?action_kouhyou_detail_004_kani=true&JigyosyoCd=1371210368-00&ServiceCd=331&Type=search", "url2": "http://www.benesse-style-care.co.jp/" }, "geometry": { "type": "Point", "coordinates": [ 139.6203054, 35.6479049 ] } },
{ "type": "Feature", "properties": { "内容": "アリスタージュ経堂【特定施設入居者生活介護（有料老人ホーム）】東京都世田谷区経堂3丁目20番22号", "url": "https://www.kaigokensaku.mhlw.go.jp/13/index.php?action_kouhyou_detail_004_kani=true&JigyosyoCd=1371210640-00&ServiceCd=331&Type=search", "url2": "https://www.aristage.jp" }, "geometry": { "type": "Point", "coordinates": [ 139.627999, 35.6523322 ] } },
{ "type": "Feature", "properties": { "内容": "アライブ世田谷代田【特定施設入居者生活介護（有料老人ホーム）】東京都世田谷区代田2丁目26番8号", "url": "https://www.kaigokensaku.mhlw.go.jp/13/index.php?action_kouhyou_detail_004_kani=true&JigyosyoCd=1371210863-00&ServiceCd=331&Type=search", "url2": "http://www.alive-carehome.co.jp/home/setagaya-daita/" }, "geometry": { "type": "Point", "coordinates": [ 139.663943199999949, 35.6575655 ] } },
{ "type": "Feature", "properties": { "内容": "ニチイホーム八幡山【特定施設入居者生活介護（有料老人ホーム）】東京都世田谷区八幡山　1-19-18", "url": "https://www.kaigokensaku.mhlw.go.jp/13/index.php?action_kouhyou_detail_004_kani=true&JigyosyoCd=1371215078-00&ServiceCd=331&Type=search", "url2": "http://www.nichii-home.jp" }, "geometry": { "type": "Point", "coordinates": [ 139.621693300000061, 35.6627083 ] } },
{ "type": "Feature", "properties": { "内容": "SOMPOケアラヴィーレ成城南【特定施設入居者生活介護（有料老人ホーム）】東京都世田谷区喜多見三丁目5番5号", "url": "https://www.kaigokensaku.mhlw.go.jp/13/index.php?action_kouhyou_detail_004_kani=true&JigyosyoCd=1371215177-00&ServiceCd=331&Type=search", "url2": "https://www.sompocare.com/" }, "geometry": { "type": "Point", "coordinates": [ 139.602333529360976, 35.626359562554505 ] } },
{ "type": "Feature", "properties": { "内容": "SOMPOケア　ラヴィーレ二子玉川【特定施設入居者生活介護（有料老人ホーム）】東京都世田谷区鎌田3-27-3", "url": "https://www.kaigokensaku.mhlw.go.jp/13/index.php?action_kouhyou_detail_004_kani=true&JigyosyoCd=1371215185-00&ServiceCd=331&Type=search", "url2": "https://www.sompocare.com" }, "geometry": { "type": "Point", "coordinates": [ 139.614974299999972, 35.62092 ] } },
{ "type": "Feature", "properties": { "内容": "ウェルケアガーデン深沢【特定施設入居者生活介護（有料老人ホーム）】東京都世田谷区深沢1-32-18", "url": "https://www.kaigokensaku.mhlw.go.jp/13/index.php?action_kouhyou_detail_004_kani=true&JigyosyoCd=1371215326-00&ServiceCd=331&Type=search", "url2": "http://www.sankeiwellcare.com" }, "geometry": { "type": "Point", "coordinates": [ 139.664952192590363, 35.619499486002525 ] } },
{ "type": "Feature", "properties": { "内容": "リアンレーヴ二子玉川【特定施設入居者生活介護（有料老人ホーム）】東京都世田谷区玉川3－29－1リアンレーヴ二子玉川", "url": "https://www.kaigokensaku.mhlw.go.jp/13/index.php?action_kouhyou_detail_004_kani=true&JigyosyoCd=1371217363-00&ServiceCd=331&Type=search", "url2": "https://www.kinoshita-kaigo.co.jp/facilitysearch" }, "geometry": { "type": "Point", "coordinates": [ 139.623081500000012, 35.6143376 ] } },
{ "type": "Feature", "properties": { "内容": "メディカルホームくらら小田急祖師谷【特定施設入居者生活介護（有料老人ホーム）】東京都世田谷区千歳台１－１２－８", "url": "https://www.kaigokensaku.mhlw.go.jp/13/index.php?action_kouhyou_detail_004_kani=true&JigyosyoCd=1371212695-00&ServiceCd=331&Type=search", "url2": "http://www.benesse-style-care.co.jp" }, "geometry": { "type": "Point", "coordinates": [ 139.613916555155924, 35.644760922143909 ] } },
{ "type": "Feature", "properties": { "内容": "アリア二子玉川【特定施設入居者生活介護（有料老人ホーム）】東京都世田谷区玉川四丁目４番７号", "url": "https://www.kaigokensaku.mhlw.go.jp/13/index.php?action_kouhyou_detail_004_kani=true&JigyosyoCd=1371206846-00&ServiceCd=331&Type=search", "url2": "http://www.benesse-style-care.co.jp/" }, "geometry": { "type": "Point", "coordinates": [ 139.626826100000017, 35.6158319 ] } },
{ "type": "Feature", "properties": { "内容": "アリア等々力の杜【特定施設入居者生活介護（有料老人ホーム）】東京都世田谷区等々力1丁目22番43号", "url": "https://www.kaigokensaku.mhlw.go.jp/13/index.php?action_kouhyou_detail_004_kani=true&JigyosyoCd=1371209352-00&ServiceCd=331&Type=search", "url2": "http://www.benesse-style-care.co.jp/" }, "geometry": { "type": "Point", "coordinates": [ 139.64726040000005, 35.6039552 ] } },
{ "type": "Feature", "properties": { "内容": "成城歐林邸【特定施設入居者生活介護（有料老人ホーム）】東京都世田谷区成城三丁目11番28号", "url": "https://www.kaigokensaku.mhlw.go.jp/13/index.php?action_kouhyou_detail_004_kani=true&JigyosyoCd=1371210269-00&ServiceCd=331&Type=search", "url2": "http://www.benesse-style-care.co.jp/" }, "geometry": { "type": "Point", "coordinates": [ 139.5950861, 35.6367225 ] } },
{ "type": "Feature", "properties": { "内容": "メディカル・リハビリホームグランダ三軒茶屋【特定施設入居者生活介護（有料老人ホーム）】東京都世田谷区太子堂二丁目37番2号", "url": "https://www.kaigokensaku.mhlw.go.jp/13/index.php?action_kouhyou_detail_004_kani=true&JigyosyoCd=1371217785-00&ServiceCd=331&Type=search", "url2": "http://www.benesse-style-care.co.jp" }, "geometry": { "type": "Point", "coordinates": [ 139.6726086, 35.6483445 ] } },
{ "type": "Feature", "properties": { "内容": "チャーム瀬田【特定施設入居者生活介護（有料老人ホーム）】東京都世田谷区瀬田三丁目8番21号", "url": "https://www.kaigokensaku.mhlw.go.jp/13/index.php?action_kouhyou_detail_004_kani=true&JigyosyoCd=1371217793-00&ServiceCd=331&Type=search", "url2": "https://www.charmcc.jp/home/charm_seta/" }, "geometry": { "type": "Point", "coordinates": [ 139.634368599999988, 35.6205323 ] } },
{ "type": "Feature", "properties": { "内容": "リハビリホームグランダ田園調布【特定施設入居者生活介護（有料老人ホーム）】東京都世田谷区玉堤一丁目3番3号", "url": "https://www.kaigokensaku.mhlw.go.jp/13/index.php?action_kouhyou_detail_004_kani=true&JigyosyoCd=1371207836-00&ServiceCd=331&Type=search", "url2": "http://www.benesse-style-care.co.jp/" }, "geometry": { "type": "Point", "coordinates": [ 139.65632949444273, 35.592927667059563 ] } },
{ "type": "Feature", "properties": { "内容": "くらら田園調布【特定施設入居者生活介護（有料老人ホーム）】東京都世田谷区玉堤一丁目3番3号", "url": "https://www.kaigokensaku.mhlw.go.jp/13/index.php?action_kouhyou_detail_004_kani=true&JigyosyoCd=1371207992-00&ServiceCd=331&Type=search", "url2": "http://www.benesse-style-care.co.jp/" }, "geometry": { "type": "Point", "coordinates": [ 139.656232934918194, 35.593071619457838 ] } },
{ "type": "Feature", "properties": { "内容": "チャームスイート経堂【特定施設入居者生活介護（有料老人ホーム）】東京都世田谷区宮坂３丁目６ー１０チャームスイート経堂", "url": "https://www.kaigokensaku.mhlw.go.jp/13/index.php?action_kouhyou_detail_004_kani=true&JigyosyoCd=1371217371-00&ServiceCd=331&Type=search", "url2": "https://www.charmcc.jp/home/charmsuitekyodo/" }, "geometry": { "type": "Point", "coordinates": [ 139.63896189999997, 35.65328250000001 ] } },
{ "type": "Feature", "properties": { "内容": "グランダ八幡山【特定施設入居者生活介護（有料老人ホーム）】東京都世田谷区八幡山一丁目25番11号", "url": "https://www.kaigokensaku.mhlw.go.jp/13/index.php?action_kouhyou_detail_004_kani=true&JigyosyoCd=1371217827-00&ServiceCd=331&Type=search", "url2": "http://www.benesse-style-care.co.jp/" }, "geometry": { "type": "Point", "coordinates": [ 139.6195559, 35.6617563 ] } },
{ "type": "Feature", "properties": { "内容": "リハビリホームグランダ上野毛【特定施設入居者生活介護（有料老人ホーム）】東京都世田谷区上野毛2-10-3", "url": "https://www.kaigokensaku.mhlw.go.jp/13/index.php?action_kouhyou_detail_004_kani=true&JigyosyoCd=1371217835-00&ServiceCd=331&Type=search", "url2": "https://kaigo.benesse-style-care.co.jp/area_tokyo/setagaya/home_gd-kaminoge?utm_source=bing&utm_medium=cpc&utm_campaign=%5B%E5%AE%9A%E5%B8%B8%5D%E6%A4%9C%E7%B4%A2_%E6%8C%87%E5%90%8D&utm_content=%E3%83%9B%E3%83%BC%E3%83%A0%E5%90%8D%EF%BC%9A%E3%83%AA%E3%83%" }, "geometry": { "type": "Point", "coordinates": [ 139.6384031, 35.6084982 ] } },
{ "type": "Feature", "properties": { "内容": "グランダ岡本里安邸【特定施設入居者生活介護（有料老人ホーム）】東京都世田谷区岡本二丁目6-10", "url": "https://www.kaigokensaku.mhlw.go.jp/13/index.php?action_kouhyou_detail_004_kani=true&JigyosyoCd=1371217843-00&ServiceCd=331&Type=search", "url2": "https://kaigo.benesse-style-care.co.jp/area_tokyo/setagaya/home_gd-riantei?utm_source=yahoo&utm_medium=cpc&utm_campaign=%5B%E5%AE%9A%E5%B8%B8%5D%E6%A4%9C%E7%B4%A2_%E6%8C%87%E5%90%8D&utm_content=%E3%83%9B%E3%83%BC%E3%83%A0%E5%90%8D%EF%BC%9A%E3%82%B0%E3%83%" }, "geometry": { "type": "Point", "coordinates": [ 139.6200761, 35.6205844 ] } },
{ "type": "Feature", "properties": { "内容": "ホームステーション成城野川緑道【特定施設入居者生活介護（有料老人ホーム）】東京都世田谷区喜多見9丁目24-22", "url": "https://www.kaigokensaku.mhlw.go.jp/13/index.php?action_kouhyou_detail_004_kani=true&JigyosyoCd=1371212349-00&ServiceCd=331&Type=search", "url2": "http://www.life-silver.com/" }, "geometry": { "type": "Point", "coordinates": [ 139.586575499999981, 35.6422909 ] } },
{ "type": "Feature", "properties": { "内容": "ライブラリ世田谷深沢【特定施設入居者生活介護（有料老人ホーム）】東京都世田谷区深沢3-31-1", "url": "https://www.kaigokensaku.mhlw.go.jp/13/index.php?action_kouhyou_detail_004_kani=true&JigyosyoCd=1371217652-00&ServiceCd=331&Type=search", "url2": "http://www.living-platform.com" }, "geometry": { "type": "Point", "coordinates": [ 139.6549341, 35.6171131 ] } },
{ "type": "Feature", "properties": { "内容": "チャームスイート豪徳寺【特定施設入居者生活介護（有料老人ホーム）】東京都世田谷区豪徳寺2-28-3チャームスイート豪徳寺", "url": "https://www.kaigokensaku.mhlw.go.jp/13/index.php?action_kouhyou_detail_004_kani=true&JigyosyoCd=1371217884-00&ServiceCd=331&Type=search", "url2": "https://www.charmcc.jp/home/charmsuite_gotokuji/" }, "geometry": { "type": "Point", "coordinates": [ 139.648031800000012, 35.6499081 ] } },
{ "type": "Feature", "properties": { "内容": "グランダ桜新町【特定施設入居者生活介護（有料老人ホーム）】東京都世田谷区桜新町二丁目12番4号", "url": "https://www.kaigokensaku.mhlw.go.jp/13/index.php?action_kouhyou_detail_004_kani=true&JigyosyoCd=1371217892-00&ServiceCd=331&Type=search", "url2": "http://www.benesse-style-care.co.jp/" }, "geometry": { "type": "Point", "coordinates": [ 139.6430837, 35.6328881 ] } },
{ "type": "Feature", "properties": { "内容": "チャームスイート千歳烏山【特定施設入居者生活介護（有料老人ホーム）】東京都世田谷粕谷四丁目16番13号", "url": "https://www.kaigokensaku.mhlw.go.jp/13/index.php?action_kouhyou_detail_004_kani=true&JigyosyoCd=1371217926-00&ServiceCd=331&Type=search", "url2": "https://www.charmcc.jp/home/charmsuite_chitosekarasuyama/" }, "geometry": { "type": "Point", "coordinates": [ 139.603299, 35.6634189 ] } },
{ "type": "Feature", "properties": { "内容": "ガーデンテラス尾山台【特定施設入居者生活介護（有料老人ホーム）】東京都世田谷区玉堤1-17-18ガーデンテラス尾山台", "url": "https://www.kaigokensaku.mhlw.go.jp/13/index.php?action_kouhyou_detail_004_kani=true&JigyosyoCd=1371214279-00&ServiceCd=331&Type=search", "url2": "http://www.hibari-kaigo.jp/" }, "geometry": { "type": "Point", "coordinates": [ 138.252924, 36.204824 ] } },
{ "type": "Feature", "properties": { "内容": "チャームプレミアグラン松濤【特定施設入居者生活介護（有料老人ホーム）】東京都渋谷区神山町19番15号", "url": "https://www.kaigokensaku.mhlw.go.jp/13/index.php?action_kouhyou_detail_004_kani=true&JigyosyoCd=1371303676-00&ServiceCd=331&Type=search", "url2": "http://www.charmcc.jp" }, "geometry": { "type": "Point", "coordinates": [ 139.691473099999939, 35.6634534 ] } },
{ "type": "Feature", "properties": { "内容": "グランレーヴ渋谷【特定施設入居者生活介護（有料老人ホーム）】東京都渋谷区西原1丁目32-8グランレーヴ渋谷", "url": "https://www.kaigokensaku.mhlw.go.jp/13/index.php?action_kouhyou_detail_004_kani=true&JigyosyoCd=1371303262-00&ServiceCd=331&Type=search", "url2": "http://care-net.co.jp/" }, "geometry": { "type": "Point", "coordinates": [ 139.680689852778613, 35.677999035646408 ] } },
{ "type": "Feature", "properties": { "内容": "アライブ代々木大山町【特定施設入居者生活介護（有料老人ホーム）】東京都渋谷区大山町27番15号アライブ代々木大山町", "url": "https://www.kaigokensaku.mhlw.go.jp/13/index.php?action_kouhyou_detail_004_kani=true&JigyosyoCd=1371303494-00&ServiceCd=331&Type=search", "url2": "https://www.alive-carehome.co.jp/home/yoyogi-oyamacho/" }, "geometry": { "type": "Point", "coordinates": [ 139.6739864, 35.6708476 ] } },
{ "type": "Feature", "properties": { "内容": "ホスピタルメント青山【特定施設入居者生活介護（有料老人ホーム）】東京都渋谷区渋谷4-3-3", "url": "https://www.kaigokensaku.mhlw.go.jp/13/index.php?action_kouhyou_detail_004_kani=true&JigyosyoCd=1371303858-00&ServiceCd=331&Type=search", "url2": "https://www.hospitalment.co.jp/aoyama/" }, "geometry": { "type": "Point", "coordinates": [ 139.712199, 35.6602388 ] } },
{ "type": "Feature", "properties": { "内容": "トラストガーデン南平台【特定施設入居者生活介護（有料老人ホーム）】東京都渋谷区南平台町9-6", "url": "https://www.kaigokensaku.mhlw.go.jp/13/index.php?action_kouhyou_detail_004_kani=true&JigyosyoCd=1371303874-00&ServiceCd=331&Type=search", "url2": "https://www.trustgarden.jp" }, "geometry": { "type": "Point", "coordinates": [ 139.696861, 35.6535279 ] } },
{ "type": "Feature", "properties": { "内容": "トラストガーデン常磐松【特定施設入居者生活介護（有料老人ホーム）】東京都渋谷区東4－4－10トラストガーデン常磐松", "url": "https://www.kaigokensaku.mhlw.go.jp/13/index.php?action_kouhyou_detail_004_kani=true&JigyosyoCd=1371303882-00&ServiceCd=331&Type=search", "url2": "https://www.trustgarden.jp/tokiwamatsu/" }, "geometry": { "type": "Point", "coordinates": [ 139.7122942, 35.6567034 ] } },
{ "type": "Feature", "properties": { "内容": "聖心会　第一修道院【特定施設入居者生活介護（有料老人ホーム）】東京都渋谷区広尾4-3-1聖心会　第一修道院", "url": "https://www.kaigokensaku.mhlw.go.jp/13/index.php?action_kouhyou_detail_004_kani=true&JigyosyoCd=1371303940-00&ServiceCd=331&Type=search", "url2": null }, "geometry": { "type": "Point", "coordinates": [ 139.7200852, 35.651057800000011 ] } },
{ "type": "Feature", "properties": { "内容": "アリア代々木上原【特定施設入居者生活介護（有料老人ホーム）】東京都渋谷区西原三丁目43番18号", "url": "https://www.kaigokensaku.mhlw.go.jp/13/index.php?action_kouhyou_detail_004_kani=true&JigyosyoCd=1371302975-00&ServiceCd=331&Type=search", "url2": "http://www.benesse-style-care.co.jp/" }, "geometry": { "type": "Point", "coordinates": [ 139.678485899999941, 35.6722475 ] } },
{ "type": "Feature", "properties": { "内容": "アリア恵比寿南【特定施設入居者生活介護（有料老人ホーム）】東京都渋谷区恵比寿南三丁目11番6号", "url": "https://www.kaigokensaku.mhlw.go.jp/13/index.php?action_kouhyou_detail_004_kani=true&JigyosyoCd=1371303056-00&ServiceCd=331&Type=search", "url2": "http://www.benesse-style-care.co.jp/" }, "geometry": { "type": "Point", "coordinates": [ 139.705992599999973, 35.6441045 ] } },
{ "type": "Feature", "properties": { "内容": "アリア松濤【特定施設入居者生活介護（有料老人ホーム）】東京都渋谷区松濤1-15-11", "url": "https://www.kaigokensaku.mhlw.go.jp/13/index.php?action_kouhyou_detail_004_kani=true&JigyosyoCd=1371303445-00&ServiceCd=331&Type=search", "url2": "https://www.benesse-style-care.co.jp/" }, "geometry": { "type": "Point", "coordinates": [ 139.693035196820148, 35.661760820118374 ] } },
{ "type": "Feature", "properties": { "内容": "グランダ初台【特定施設入居者生活介護（有料老人ホーム）】東京都渋谷区初台1-4-11", "url": "https://www.kaigokensaku.mhlw.go.jp/13/index.php?action_kouhyou_detail_004_kani=true&JigyosyoCd=1371303452-00&ServiceCd=331&Type=search", "url2": "http://www.benesse-style-care.co.jp/" }, "geometry": { "type": "Point", "coordinates": [ 139.688135151838281, 35.678922110503642 ] } },
{ "type": "Feature", "properties": { "内容": "ホスピタルメント代々木上原【特定施設入居者生活介護（有料老人ホーム）】東京都渋谷区西原2-13-1", "url": "https://www.kaigokensaku.mhlw.go.jp/13/index.php?action_kouhyou_detail_004_kani=true&JigyosyoCd=1371303866-00&ServiceCd=331&Type=search", "url2": "https://www.hospitalment.co.ip/yoyogiuehara/" }, "geometry": { "type": "Point", "coordinates": [ 139.6812271, 35.6724107 ] } },
{ "type": "Feature", "properties": { "内容": "もみの樹・渋谷本町【特定施設入居者生活介護（有料老人ホーム）】東京都渋谷区本町5丁目25番1号", "url": "https://www.kaigokensaku.mhlw.go.jp/13/index.php?action_kouhyou_detail_004_kani=true&JigyosyoCd=1371303254-00&ServiceCd=331&Type=search", "url2": "http://www.mominoki-life.com/" }, "geometry": { "type": "Point", "coordinates": [ 139.675960600000053, 35.6838711 ] } },
{ "type": "Feature", "properties": { "内容": "ドーミー中野弥生町【特定施設入居者生活介護（有料老人ホーム）】東京都中野区弥生町4-35-14", "url": "https://www.kaigokensaku.mhlw.go.jp/13/index.php?action_kouhyou_detail_004_kani=true&JigyosyoCd=1371406438-00&ServiceCd=331&Type=search", "url2": "https://www.dormy-senior.com/series/nakano-yayoicho/" }, "geometry": { "type": "Point", "coordinates": [ 139.67075650000001, 35.689266726374768 ] } },
{ "type": "Feature", "properties": { "内容": "シルバーシティ哲学堂【特定施設入居者生活介護（有料老人ホーム）】東京都中野区沼袋2丁目12番12号", "url": "https://www.kaigokensaku.mhlw.go.jp/13/index.php?action_kouhyou_detail_004_kani=true&JigyosyoCd=1371400480-00&ServiceCd=331&Type=search", "url2": "https://www.kaiteki.info/sc_tetsugakudou" }, "geometry": { "type": "Point", "coordinates": [ 139.668112299999962, 35.7229443 ] } },
{ "type": "Feature", "properties": { "内容": "ニチイホーム中野南台【特定施設入居者生活介護（有料老人ホーム）】東京都中野区南台3-26-24", "url": "https://www.kaigokensaku.mhlw.go.jp/13/index.php?action_kouhyou_detail_004_kani=true&JigyosyoCd=1371402494-00&ServiceCd=331&Type=search", "url2": "http://www.nichii-carepalace.co.jp" }, "geometry": { "type": "Point", "coordinates": [ 139.666072500000041, 35.6848595 ] } },
{ "type": "Feature", "properties": { "内容": "ドーミー中野江古田【特定施設入居者生活介護（有料老人ホーム）】東京都中野区江古田四丁目15番15号", "url": "https://www.kaigokensaku.mhlw.go.jp/13/index.php?action_kouhyou_detail_004_kani=true&JigyosyoCd=1371404573-00&ServiceCd=331&Type=search", "url2": "http://www.dormy-senior.com/" }, "geometry": { "type": "Point", "coordinates": [ 139.663349816008008, 35.725334078112446 ] } },
{ "type": "Feature", "properties": { "内容": "ニチイホーム鷺ノ宮【特定施設入居者生活介護（有料老人ホーム）】東京都中野区白鷺1-1-18", "url": "https://www.kaigokensaku.mhlw.go.jp/13/index.php?action_kouhyou_detail_004_kani=true&JigyosyoCd=1371405034-00&ServiceCd=331&Type=search", "url2": "http://www.nichii-home.jp/" }, "geometry": { "type": "Point", "coordinates": [ 139.639912099999947, 35.715839 ] } },
{ "type": "Feature", "properties": { "内容": "介護付有料老人ホーム　プレザングラン中野鷺宮【特定施設入居者生活介護（有料老人ホーム）】東京都中野区上鷺宮2-21-36", "url": "https://www.kaigokensaku.mhlw.go.jp/13/index.php?action_kouhyou_detail_004_kani=true&JigyosyoCd=1371406024-00&ServiceCd=331&Type=search", "url2": "https://www.tanoshii-ie.jp/" }, "geometry": { "type": "Point", "coordinates": [ 139.6319796, 35.7299888 ] } },
{ "type": "Feature", "properties": { "内容": "ニチイホーム野方【特定施設入居者生活介護（有料老人ホーム）】東京都中野区野方5-11-10", "url": "https://www.kaigokensaku.mhlw.go.jp/13/index.php?action_kouhyou_detail_004_kani=true&JigyosyoCd=1371406073-00&ServiceCd=331&Type=search", "url2": "https://www.nichii-home.jp/" }, "geometry": { "type": "Point", "coordinates": [ 139.6510218, 35.7174636 ] } },
{ "type": "Feature", "properties": { "内容": "リアンレーヴ中野坂上【特定施設入居者生活介護（有料老人ホーム）】東京都中野区中央1-50-2", "url": "https://www.kaigokensaku.mhlw.go.jp/13/index.php?action_kouhyou_detail_004_kani=true&JigyosyoCd=1371406198-00&ServiceCd=331&Type=search", "url2": "https://www.kinoshita-kaigo.co.jp" }, "geometry": { "type": "Point", "coordinates": [ 139.684453721642768, 35.700632153043252 ] } },
{ "type": "Feature", "properties": { "内容": "有料老人ホーム　サニーライフ中野【特定施設入居者生活介護（有料老人ホーム）】東京都中野区白鷺２丁目14番20号", "url": "https://www.kaigokensaku.mhlw.go.jp/13/index.php?action_kouhyou_detail_004_kani=true&JigyosyoCd=1371406214-00&ServiceCd=331&Type=search", "url2": "http://www.sunnylife-group.co.jp" }, "geometry": { "type": "Point", "coordinates": [ 139.6318999, 35.717710499999981 ] } },
{ "type": "Feature", "properties": { "内容": "はなことばプラス哲学堂【特定施設入居者生活介護（有料老人ホーム）】東京都中野区江原町1-4-18はなことばプラス哲学堂", "url": "https://www.kaigokensaku.mhlw.go.jp/13/index.php?action_kouhyou_detail_004_kani=true&JigyosyoCd=1371406511-00&ServiceCd=331&Type=search", "url2": "https://hanakotoba.co.jp/" }, "geometry": { "type": "Point", "coordinates": [ 139.676630499999987, 35.7278765 ] } },
{ "type": "Feature", "properties": { "内容": "アリア哲学堂【特定施設入居者生活介護（有料老人ホーム）】東京都中野区江原町一丁目31番１号", "url": "https://www.kaigokensaku.mhlw.go.jp/13/index.php?action_kouhyou_detail_004_kani=true&JigyosyoCd=1371402478-00&ServiceCd=331&Type=search", "url2": "http://www.benesse-style-care.co.jp/" }, "geometry": { "type": "Point", "coordinates": [ 139.673289399999931, 35.7279716 ] } },
{ "type": "Feature", "properties": { "内容": "メディカル・リハビリホームまどか哲学堂【特定施設入居者生活介護（有料老人ホーム）】東京都中野区江古田一丁目２４番１３号", "url": "https://www.kaigokensaku.mhlw.go.jp/13/index.php?action_kouhyou_detail_004_kani=true&JigyosyoCd=1371403427-00&ServiceCd=331&Type=search", "url2": "http://www.benesse-style-care.co.jp/" }, "geometry": { "type": "Point", "coordinates": [ 139.672328399999969, 35.7267467 ] } },
{ "type": "Feature", "properties": { "内容": "チャームスイート新井薬師　さくらの森【特定施設入居者生活介護（有料老人ホーム）】東京都中野区沼袋一丁目15番11号", "url": "https://www.kaigokensaku.mhlw.go.jp/13/index.php?action_kouhyou_detail_004_kani=true&JigyosyoCd=1371404896-00&ServiceCd=331&Type=search", "url2": "https://www.charmcc.jp/home/charmsuite_araiyakushi/" }, "geometry": { "type": "Point", "coordinates": [ 139.668440199999964, 35.7187169 ] } },
{ "type": "Feature", "properties": { "内容": "チャームスイート新井薬師さくらの森弐番館【特定施設入居者生活介護（有料老人ホーム）】東京都中野区沼袋1丁目30-21", "url": "https://www.kaigokensaku.mhlw.go.jp/13/index.php?action_kouhyou_detail_004_kani=true&JigyosyoCd=1371405208-00&ServiceCd=331&Type=search", "url2": "http://www.charmcc.jp/" }, "geometry": { "type": "Point", "coordinates": [ 139.667775761377015, 35.718925266093976 ] } },
{ "type": "Feature", "properties": { "内容": "リアンレーヴ鷺ノ宮【特定施設入居者生活介護（有料老人ホーム）】東京都中野区鷺宮4-15-21", "url": "https://www.kaigokensaku.mhlw.go.jp/13/index.php?action_kouhyou_detail_004_kani=true&JigyosyoCd=1371405851-00&ServiceCd=331&Type=search", "url2": "https://www.kinoshita-kaigo.co.jp/facility/care_home/lien_reve_saginomiya.html" }, "geometry": { "type": "Point", "coordinates": [ 139.6332868, 35.7231539 ] } },
{ "type": "Feature", "properties": { "内容": "グランフォレスト鷺宮【特定施設入居者生活介護（有料老人ホーム）】東京都中野区鷺宮グランフォレスト鷺宮", "url": "https://www.kaigokensaku.mhlw.go.jp/13/index.php?action_kouhyou_detail_004_kani=true&JigyosyoCd=1371405489-00&ServiceCd=331&Type=search", "url2": "https://www.fillcare.co.jp" }, "geometry": { "type": "Point", "coordinates": [ 139.6362829, 35.7244182 ] } },
{ "type": "Feature", "properties": { "内容": "グランフォレスト哲学堂【特定施設入居者生活介護（有料老人ホーム）】東京都中野区江古田１-33-12", "url": "https://www.kaigokensaku.mhlw.go.jp/13/index.php?action_kouhyou_detail_004_kani=true&JigyosyoCd=1371405588-00&ServiceCd=331&Type=search", "url2": "http://www.fillcare.co.jp" }, "geometry": { "type": "Point", "coordinates": [ 139.672824660862261, 35.726102228419805 ] } },
{ "type": "Feature", "properties": { "内容": "クラーチ・ファミリア西新宿【特定施設入居者生活介護（有料老人ホーム）】東京都中野区弥生町1-43-12クラーチ・ファミリア西新宿", "url": "https://www.kaigokensaku.mhlw.go.jp/13/index.php?action_kouhyou_detail_004_kani=true&JigyosyoCd=1371406347-00&ServiceCd=331&Type=search", "url2": "https://www.kuraci.co.jp/home/famila-nishishinjuku/" }, "geometry": { "type": "Point", "coordinates": [ 139.676900600000039, 35.6885811 ] } },
{ "type": "Feature", "properties": { "内容": "ローベル中野鷺ノ宮【特定施設入居者生活介護（有料老人ホーム）】東京都中野区上鷺宮3-3-24", "url": "https://www.kaigokensaku.mhlw.go.jp/13/index.php?action_kouhyou_detail_004_kani=true&JigyosyoCd=1371406388-00&ServiceCd=331&Type=search", "url2": "https://www.ej-welfare.jp/" }, "geometry": { "type": "Point", "coordinates": [ 139.633932, 35.7333177 ] } },
{ "type": "Feature", "properties": { "内容": "しまナーシングホーム中野【特定施設入居者生活介護（有料老人ホーム）】東京都中野区野方２－１０－２", "url": "https://www.kaigokensaku.mhlw.go.jp/13/index.php?action_kouhyou_detail_004_kani=true&JigyosyoCd=1370404350-00&ServiceCd=331&Type=search", "url2": "https://www.shima-nursing.co.jp" }, "geometry": { "type": "Point", "coordinates": [ 139.65686340000002, 35.7148504 ] } },
{ "type": "Feature", "properties": { "内容": "リハビリホームグランダ中野南【特定施設入居者生活介護（有料老人ホーム）】東京都中野区弥生町四丁目17番4号", "url": "https://www.kaigokensaku.mhlw.go.jp/13/index.php?action_kouhyou_detail_004_kani=true&JigyosyoCd=1371406537-00&ServiceCd=331&Type=search", "url2": "https://www.benesse-style-care.co.jp/" }, "geometry": { "type": "Point", "coordinates": [ 139.670879233729551, 35.687716585947435 ] } },
{ "type": "Feature", "properties": { "内容": "ニチイホーム江古田の杜【特定施設入居者生活介護（有料老人ホーム）】東京都中野区江古田3-14-4", "url": "https://www.kaigokensaku.mhlw.go.jp/13/index.php?action_kouhyou_detail_004_kani=true&JigyosyoCd=1371405745-00&ServiceCd=331&Type=search", "url2": "https://www.nichii-home.jp/" }, "geometry": { "type": "Point", "coordinates": [ 139.667334320214536, 35.72828778358317 ] } },
{ "type": "Feature", "properties": { "内容": "ライフステージ阿佐ヶ谷【特定施設入居者生活介護（有料老人ホーム）】東京都杉並区阿佐谷北1-9-5", "url": "https://www.kaigokensaku.mhlw.go.jp/13/index.php?action_kouhyou_detail_004_kani=true&JigyosyoCd=1371506336-00&ServiceCd=331&Type=search", "url2": "https://lifestage-asagaya.com/" }, "geometry": { "type": "Point", "coordinates": [ 139.639271400000013, 35.7055308 ] } },
{ "type": "Feature", "properties": { "内容": "トラストガーデン杉並宮前【特定施設入居者生活介護（有料老人ホーム）】東京都杉並区宮前2-11-10トラストガーデン杉並宮前", "url": "https://www.kaigokensaku.mhlw.go.jp/13/index.php?action_kouhyou_detail_004_kani=true&JigyosyoCd=1371510940-00&ServiceCd=331&Type=search", "url2": "https://www.trusutgarden.jp/" }, "geometry": { "type": "Point", "coordinates": [ 139.610113500000011, 35.692454 ] } },
{ "type": "Feature", "properties": { "内容": "トラストガーデン荻窪【特定施設入居者生活介護（有料老人ホーム）】東京都杉並区清水二丁目4番3号トラストガーデン荻窪", "url": "https://www.kaigokensaku.mhlw.go.jp/13/index.php?action_kouhyou_detail_004_kani=true&JigyosyoCd=1371510957-00&ServiceCd=331&Type=search", "url2": "http://www.trustgarden.jp/ogikubo/" }, "geometry": { "type": "Point", "coordinates": [ 139.6156088, 35.712547 ] } },
{ "type": "Feature", "properties": { "内容": "はなことばプラス杉並上井草【特定施設入居者生活介護（有料老人ホーム）】東京都杉並区上井草3-4-5", "url": "https://www.kaigokensaku.mhlw.go.jp/13/index.php?action_kouhyou_detail_004_kani=true&JigyosyoCd=1371510759-00&ServiceCd=331&Type=search", "url2": "https://hanakotoba.co.jp/facility/kamiigusa.html" }, "geometry": { "type": "Point", "coordinates": [ 139.603587800000014, 35.719410300000021 ] } },
{ "type": "Feature", "properties": { "内容": "ドーミー杉並今川【特定施設入居者生活介護（有料老人ホーム）】東京都杉並区今川3-11-6", "url": "https://www.kaigokensaku.mhlw.go.jp/13/index.php?action_kouhyou_detail_004_kani=true&JigyosyoCd=1371511245-00&ServiceCd=331&Type=search", "url2": "https://www.dormy-senior.com/series/suginami/" }, "geometry": { "type": "Point", "coordinates": [ 139.60406230000001, 35.7157039 ] } },
{ "type": "Feature", "properties": { "内容": "ブランシエール井草【特定施設入居者生活介護（有料老人ホーム）】東京都杉並区井草４丁目６番２０号", "url": "https://www.kaigokensaku.mhlw.go.jp/13/index.php?action_kouhyou_detail_004_kani=true&JigyosyoCd=1371501444-00&ServiceCd=331&Type=search", "url2": "http://www.haseko-senior.co.jp/home/igusa/" }, "geometry": { "type": "Point", "coordinates": [ 139.612705900000037, 35.7255707 ] } },
{ "type": "Feature", "properties": { "内容": "アライブ荻窪【特定施設入居者生活介護（有料老人ホーム）】東京都杉並区上荻3-21-11", "url": "https://www.kaigokensaku.mhlw.go.jp/13/index.php?action_kouhyou_detail_004_kani=true&JigyosyoCd=1371503127-00&ServiceCd=331&Type=search", "url2": "https://www.alive-carehome.co.jp/home/ogikubo/" }, "geometry": { "type": "Point", "coordinates": [ 139.60916229999998, 35.7091892 ] } },
{ "type": "Feature", "properties": { "内容": "ニチイホーム杉並堀ノ内【特定施設入居者生活介護（有料老人ホーム）】東京都杉並区堀ノ内2-29-16ニチイホーム杉並堀ノ内", "url": "https://www.kaigokensaku.mhlw.go.jp/13/index.php?action_kouhyou_detail_004_kani=true&JigyosyoCd=1371503655-00&ServiceCd=331&Type=search", "url2": "http://www.nichii-home.jp/" }, "geometry": { "type": "Point", "coordinates": [ 139.6538981, 35.6902474 ] } },
{ "type": "Feature", "properties": { "内容": "ウイーザス荻窪【特定施設入居者生活介護（有料老人ホーム）】東京都杉並区上荻2丁目41番15号", "url": "https://www.kaigokensaku.mhlw.go.jp/13/index.php?action_kouhyou_detail_004_kani=true&JigyosyoCd=1371504505-00&ServiceCd=331&Type=search", "url2": "https://care-net.biz/13/withus-senior/" }, "geometry": { "type": "Point", "coordinates": [ 139.614023, 35.7077895 ] } },
{ "type": "Feature", "properties": { "内容": "介護付有料老人ホーム　白寿園ヴィラフォーレ荻窪【特定施設入居者生活介護（有料老人ホーム）】東京都杉並区本天沼３－３４－２０", "url": "https://www.kaigokensaku.mhlw.go.jp/13/index.php?action_kouhyou_detail_004_kani=true&JigyosyoCd=1371508555-00&ServiceCd=331&Type=search", "url2": "http://villaforet.com" }, "geometry": { "type": "Point", "coordinates": [ 139.621660900000052, 35.7158166 ] } },
{ "type": "Feature", "properties": { "内容": "アズハイム杉並井草【特定施設入居者生活介護（有料老人ホーム）】東京都杉並区井草4-17-14", "url": "https://www.kaigokensaku.mhlw.go.jp/13/index.php?action_kouhyou_detail_004_kani=true&JigyosyoCd=1371510296-00&ServiceCd=331&Type=search", "url2": "https://as-heim.com/" }, "geometry": { "type": "Point", "coordinates": [ 139.609513532540859, 35.728400596113843 ] } },
{ "type": "Feature", "properties": { "内容": "ベストライフ杉並【特定施設入居者生活介護（有料老人ホーム）】東京都杉並区下井草4-21-15", "url": "https://www.kaigokensaku.mhlw.go.jp/13/index.php?action_kouhyou_detail_004_kani=true&JigyosyoCd=1371510585-00&ServiceCd=331&Type=search", "url2": null }, "geometry": { "type": "Point", "coordinates": [ 139.6187576, 35.7222132 ] } },
{ "type": "Feature", "properties": { "内容": "チャームスイート高円寺【特定施設入居者生活介護（有料老人ホーム）】東京都杉並区高円寺北4丁目17-8", "url": "https://www.kaigokensaku.mhlw.go.jp/13/index.php?action_kouhyou_detail_004_kani=true&JigyosyoCd=1371510650-00&ServiceCd=331&Type=search", "url2": "https://www.charmcc.jp/home/charmsuite_koenji/" }, "geometry": { "type": "Point", "coordinates": [ 139.6801305, 35.7869033 ] } },
{ "type": "Feature", "properties": { "内容": "ソナーレ杉並上井草【特定施設入居者生活介護（有料老人ホーム）】東京都杉並区上井草一丁目24番7号", "url": "https://www.kaigokensaku.mhlw.go.jp/13/index.php?action_kouhyou_detail_004_kani=true&JigyosyoCd=1371510718-00&ServiceCd=331&Type=search", "url2": "https://www.lifecaredesign.co.jp/sonare-suginamikamiigusa/" }, "geometry": { "type": "Point", "coordinates": [ 139.613813599999986, 35.7238117 ] } },
{ "type": "Feature", "properties": { "内容": "有料老人ホーム　サニーライフ杉並【特定施設入居者生活介護（有料老人ホーム）】東京都杉並区清水2丁目3番10号", "url": "https://www.kaigokensaku.mhlw.go.jp/13/index.php?action_kouhyou_detail_004_kani=true&JigyosyoCd=1371510833-00&ServiceCd=331&Type=search", "url2": "http://www.sunnylife-group.co.jp" }, "geometry": { "type": "Point", "coordinates": [ 139.616515203041047, 35.713050946781834 ] } },
{ "type": "Feature", "properties": { "内容": "介護付有料老人ホームプレザンメゾン上井草【特定施設入居者生活介護（有料老人ホーム）】東京都杉並区上井草4-14-24介護付有料老人ホーム　プレザンメゾン上井草", "url": "https://www.kaigokensaku.mhlw.go.jp/13/index.php?action_kouhyou_detail_004_kani=true&JigyosyoCd=1371511278-00&ServiceCd=331&Type=search", "url2": "https://www.care21.co.jp/" }, "geometry": { "type": "Point", "coordinates": [ 139.5989583, 35.7205768 ] } },
{ "type": "Feature", "properties": { "内容": "グランダ杉並宮前【特定施設入居者生活介護（有料老人ホーム）】東京都杉並区宮前二丁目10番7号", "url": "https://www.kaigokensaku.mhlw.go.jp/13/index.php?action_kouhyou_detail_004_kani=true&JigyosyoCd=1371511625-00&ServiceCd=331&Type=search", "url2": "https://www.benesse-style-care.co.jp/" }, "geometry": { "type": "Point", "coordinates": [ 139.6110352, 35.6919479 ] } },
{ "type": "Feature", "properties": { "内容": "グラニー阿佐ヶ谷・杉並【特定施設入居者生活介護（有料老人ホーム）】東京都杉並区成田東五丁目12番19号", "url": "https://www.kaigokensaku.mhlw.go.jp/13/index.php?action_kouhyou_detail_004_kani=true&JigyosyoCd=1371501808-00&ServiceCd=331&Type=search", "url2": "http://www.benesse-style-care.co.jp/" }, "geometry": { "type": "Point", "coordinates": [ 139.6298746, 35.7010461 ] } },
{ "type": "Feature", "properties": { "内容": "ライフコミューン杉並松庵【特定施設入居者生活介護（有料老人ホーム）】東京都杉並区松庵2-22-28", "url": "https://www.kaigokensaku.mhlw.go.jp/13/index.php?action_kouhyou_detail_004_kani=true&JigyosyoCd=1371501998-00&ServiceCd=331&Type=search", "url2": "https://www.kinoshita-kaigo.co.jp/facility/care_home/life-commune_suginamishoan.html" }, "geometry": { "type": "Point", "coordinates": [ 139.5925076, 35.697854 ] } },
{ "type": "Feature", "properties": { "内容": "アライブ浜田山【特定施設入居者生活介護（有料老人ホーム）】東京都杉並区高井戸東4丁目27番1号", "url": "https://www.kaigokensaku.mhlw.go.jp/13/index.php?action_kouhyou_detail_004_kani=true&JigyosyoCd=1371502327-00&ServiceCd=331&Type=search", "url2": "https://www.alive-carehome.co.jp/home/hamadayama/" }, "geometry": { "type": "Point", "coordinates": [ 139.624031100000025, 35.6869196 ] } },
{ "type": "Feature", "properties": { "内容": "アリア上井草【特定施設入居者生活介護（有料老人ホーム）】東京都杉並区上井草二丁目11番13号", "url": "https://www.kaigokensaku.mhlw.go.jp/13/index.php?action_kouhyou_detail_004_kani=true&JigyosyoCd=1371503663-00&ServiceCd=331&Type=search", "url2": "http://www.benesse-style-care.co.jp/" }, "geometry": { "type": "Point", "coordinates": [ 139.610031299999946, 35.7201824 ] } },
{ "type": "Feature", "properties": { "内容": "リハビリホームくらら上井草【特定施設入居者生活介護（有料老人ホーム）】東京都杉並区上井草四丁目15番26号", "url": "https://www.kaigokensaku.mhlw.go.jp/13/index.php?action_kouhyou_detail_004_kani=true&JigyosyoCd=1371503788-00&ServiceCd=331&Type=search", "url2": "http://www.benesse-style-care.co.jp/" }, "geometry": { "type": "Point", "coordinates": [ 139.597635200000013, 35.7206792 ] } },
{ "type": "Feature", "properties": { "内容": "フローレンスケア荻窪【特定施設入居者生活介護（有料老人ホーム）】東京都杉並区荻窪2-4-29", "url": "https://www.kaigokensaku.mhlw.go.jp/13/index.php?action_kouhyou_detail_004_kani=true&JigyosyoCd=1371505304-00&ServiceCd=331&Type=search", "url2": "http://www.good-care.jp/" }, "geometry": { "type": "Point", "coordinates": [ 139.623280329499835, 35.696529800000022 ] } },
{ "type": "Feature", "properties": { "内容": "ライフニクス高井戸【特定施設入居者生活介護（有料老人ホーム）】東京都杉並区高井戸東４－１２－３１", "url": "https://www.kaigokensaku.mhlw.go.jp/13/index.php?action_kouhyou_detail_004_kani=true&JigyosyoCd=1371505445-00&ServiceCd=331&Type=search", "url2": "http://www.grancreer.com/takaido/" }, "geometry": { "type": "Point", "coordinates": [ 139.619120299999963, 35.6910913 ] } },
{ "type": "Feature", "properties": { "内容": "リハビリホームグランダ上井草弐番館【特定施設入居者生活介護（有料老人ホーム）】東京都杉並区上井草二丁目25番23号", "url": "https://www.kaigokensaku.mhlw.go.jp/13/index.php?action_kouhyou_detail_004_kani=true&JigyosyoCd=1371508175-00&ServiceCd=331&Type=search", "url2": "http://www.benesse-style-care.co.jp/" }, "geometry": { "type": "Point", "coordinates": [ 139.605362199999945, 35.722165300000022 ] } },
{ "type": "Feature", "properties": { "内容": "リハビリホームグランダ新高円寺【特定施設入居者生活介護（有料老人ホーム）】東京都杉並区堀ノ内三丁目10番11号", "url": "https://www.kaigokensaku.mhlw.go.jp/13/index.php?action_kouhyou_detail_004_kani=true&JigyosyoCd=1371508464-00&ServiceCd=331&Type=search", "url2": "http://www.benesse-style-care.co.jp/" }, "geometry": { "type": "Point", "coordinates": [ 139.650628865606677, 35.691901349612451 ] } },
{ "type": "Feature", "properties": { "内容": "ツクイ・サンシャイン杉並【特定施設入居者生活介護（有料老人ホーム）】東京都杉並区下井草4-31-2ツクイ・サンシャイン杉並", "url": "https://www.kaigokensaku.mhlw.go.jp/13/index.php?action_kouhyou_detail_004_kani=true&JigyosyoCd=1371509496-00&ServiceCd=331&Type=search", "url2": "http://www.tsukui.net" }, "geometry": { "type": "Point", "coordinates": [ 139.619774799999959, 35.724023899999978 ] } },
{ "type": "Feature", "properties": { "内容": "チャームプレミア永福【特定施設入居者生活介護（有料老人ホーム）】東京都杉並区永福四丁目25番18号", "url": "https://www.kaigokensaku.mhlw.go.jp/13/index.php?action_kouhyou_detail_004_kani=true&JigyosyoCd=1371510197-00&ServiceCd=331&Type=search", "url2": "http://www.charmcc.jp/east_homes/charmpremier_eifuku/" }, "geometry": { "type": "Point", "coordinates": [ 139.6412838, 35.681068 ] } },
{ "type": "Feature", "properties": { "内容": "ソナーレ浜田山【特定施設入居者生活介護（有料老人ホーム）】東京都杉並区浜田山3-26-8", "url": "https://www.kaigokensaku.mhlw.go.jp/13/index.php?action_kouhyou_detail_004_kani=true&JigyosyoCd=1371510429-00&ServiceCd=331&Type=search", "url2": "https://www.lifecaredesign.co.jp/sonare-hamadayama/" }, "geometry": { "type": "Point", "coordinates": [ 139.6291109, 35.6829906 ] } },
{ "type": "Feature", "properties": { "内容": "チャームスイート桜上水【特定施設入居者生活介護（有料老人ホーム）】東京都杉並区下高井戸三丁目28番23号", "url": "https://www.kaigokensaku.mhlw.go.jp/13/index.php?action_kouhyou_detail_004_kani=true&JigyosyoCd=1371510494-00&ServiceCd=331&Type=search", "url2": "http://www.charmcc.jp/" }, "geometry": { "type": "Point", "coordinates": [ 139.6335469, 35.6737788 ] } },
{ "type": "Feature", "properties": { "内容": "グランダ西荻窪【特定施設入居者生活介護（有料老人ホーム）】東京都杉並区今川四丁目20番1号", "url": "https://www.kaigokensaku.mhlw.go.jp/13/index.php?action_kouhyou_detail_004_kani=true&JigyosyoCd=1371510627-00&ServiceCd=331&Type=search", "url2": "http://www.benesse-style-care.co.jp" }, "geometry": { "type": "Point", "coordinates": [ 139.598084365676101, 35.716236296086429 ] } },
{ "type": "Feature", "properties": { "内容": "チャームスイート代田橋【特定施設入居者生活介護（有料老人ホーム）】東京都杉並区和泉一丁目37番7号", "url": "https://www.kaigokensaku.mhlw.go.jp/13/index.php?action_kouhyou_detail_004_kani=true&JigyosyoCd=1371510882-00&ServiceCd=331&Type=search", "url2": "https://www.charmcc.jp/home/charmsuite_daitabashi/" }, "geometry": { "type": "Point", "coordinates": [ 139.6576492, 35.6778994 ] } },
{ "type": "Feature", "properties": { "内容": "ニチイホーム杉並松庵【特定施設入居者生活介護（有料老人ホーム）】東京都杉並区松庵1-13-5", "url": "https://www.kaigokensaku.mhlw.go.jp/13/index.php?action_kouhyou_detail_004_kani=true&JigyosyoCd=1371510973-00&ServiceCd=331&Type=search", "url2": "https://www.nichii-home.jp/shisetsu/area/tokyo/suginamishoan.html" }, "geometry": { "type": "Point", "coordinates": [ 139.5910145, 35.6963744 ] } },
{ "type": "Feature", "properties": { "内容": "チャームスイート荻窪【特定施設入居者生活介護（有料老人ホーム）】東京都杉並区荻窪二丁目42番15号", "url": "https://www.kaigokensaku.mhlw.go.jp/13/index.php?action_kouhyou_detail_004_kani=true&JigyosyoCd=1371511062-00&ServiceCd=331&Type=search", "url2": "https://www.charmcc.jp/home/charmsuite_ogikubo/" }, "geometry": { "type": "Point", "coordinates": [ 139.6231947, 35.6991434 ] } },
{ "type": "Feature", "properties": { "内容": "ファミリーホスピス高井戸ハウス【特定施設入居者生活介護（有料老人ホーム）】東京都杉並区上高井戸2-11-45", "url": "https://www.kaigokensaku.mhlw.go.jp/13/index.php?action_kouhyou_detail_004_kani=true&JigyosyoCd=1371511120-00&ServiceCd=331&Type=search", "url2": "https://family-hospice.co.jp" }, "geometry": { "type": "Point", "coordinates": [ 139.608595900000012, 35.6772675 ] } },
{ "type": "Feature", "properties": { "内容": "リハビリホームグランダ杉並方南町【特定施設入居者生活介護（有料老人ホーム）】東京都杉並区方南一丁目33番10号", "url": "https://www.kaigokensaku.mhlw.go.jp/13/index.php?action_kouhyou_detail_004_kani=true&JigyosyoCd=1371506443-00&ServiceCd=331&Type=search", "url2": "http://www.benesse-style-care.co.jp/" }, "geometry": { "type": "Point", "coordinates": [ 139.659937200000059, 35.6779324 ] } },
{ "type": "Feature", "properties": { "内容": "アリア杉並宮前【特定施設入居者生活介護（有料老人ホーム）】東京都杉並区宮前一丁目18番22号", "url": "https://www.kaigokensaku.mhlw.go.jp/13/index.php?action_kouhyou_detail_004_kani=true&JigyosyoCd=1371507474-00&ServiceCd=331&Type=search", "url2": "http://www.benesse-style-care.co.jp/" }, "geometry": { "type": "Point", "coordinates": [ 139.613812400000029, 35.690444 ] } },
{ "type": "Feature", "properties": { "内容": "そんぽの家　高円寺【特定施設入居者生活介護（有料老人ホーム）】東京都杉並区高円寺北二丁目２９番１８号そんぽの家　高円寺", "url": "https://www.kaigokensaku.mhlw.go.jp/13/index.php?action_kouhyou_detail_004_kani=true&JigyosyoCd=1371507482-00&ServiceCd=331&Type=search", "url2": "http://www.sompocare-message.jp/" }, "geometry": { "type": "Point", "coordinates": [ 139.654030499999976, 35.7079704 ] } },
{ "type": "Feature", "properties": { "内容": "ファミリー・ホスピス松庵ハウス【特定施設入居者生活介護（有料老人ホーム）】東京都杉並区松庵2丁目15番12号ファミリー・ホスピス松庵ハウス", "url": "https://www.kaigokensaku.mhlw.go.jp/13/index.php?action_kouhyou_detail_004_kani=true&JigyosyoCd=1371511328-00&ServiceCd=331&Type=search", "url2": null }, "geometry": { "type": "Point", "coordinates": [ 139.5947011, 35.6978981 ] } },
{ "type": "Feature", "properties": { "内容": "フェリエドゥ上井草【特定施設入居者生活介護（有料老人ホーム）】東京都杉並区上井草2-19-18", "url": "https://www.kaigokensaku.mhlw.go.jp/13/index.php?action_kouhyou_detail_004_kani=true&JigyosyoCd=1371511369-00&ServiceCd=331&Type=search", "url2": "https://www.like-cn.co.jp/" }, "geometry": { "type": "Point", "coordinates": [ 139.607759499999986, 35.7213703 ] } },
{ "type": "Feature", "properties": { "内容": "リヤンド（絆）荻窪【特定施設入居者生活介護（有料老人ホーム）】東京都杉並区天沼2-3-16", "url": "https://www.kaigokensaku.mhlw.go.jp/13/index.php?action_kouhyou_detail_004_kani=true&JigyosyoCd=1371511484-00&ServiceCd=331&Type=search", "url2": "https://liende-kizuna.jp/ogikubo/" }, "geometry": { "type": "Point", "coordinates": [ 139.624493602446762, 35.705509094284459 ] } },
{ "type": "Feature", "properties": { "内容": "チャームスイート久我山【特定施設入居者生活介護（有料老人ホーム）】東京都杉並区宮前5丁目6番9号", "url": "https://www.kaigokensaku.mhlw.go.jp/13/index.php?action_kouhyou_detail_004_kani=true&JigyosyoCd=1371511492-00&ServiceCd=331&Type=search", "url2": "https://www.charmcc.jp/home/charmsuite_kugayama/" }, "geometry": { "type": "Point", "coordinates": [ 139.597619900000012, 35.6931953 ] } },
{ "type": "Feature", "properties": { "内容": "マンダリン南荻窪【特定施設入居者生活介護（有料老人ホーム）】東京都杉並区南荻窪1-5-1", "url": "https://www.kaigokensaku.mhlw.go.jp/13/index.php?action_kouhyou_detail_004_kani=true&JigyosyoCd=1371509058-00&ServiceCd=331&Type=search", "url2": "http://e-mandarin.jp" }, "geometry": { "type": "Point", "coordinates": [ 139.617062, 35.6944799 ] } },
{ "type": "Feature", "properties": { "内容": "ライブラリ久我山【特定施設入居者生活介護（有料老人ホーム）】東京都杉並区宮前4-5-23", "url": "https://www.kaigokensaku.mhlw.go.jp/13/index.php?action_kouhyou_detail_004_kani=true&JigyosyoCd=1371511252-00&ServiceCd=331&Type=search", "url2": "http://www.living-platform.com/" }, "geometry": { "type": "Point", "coordinates": [ 139.6068037, 35.6903342 ] } },
{ "type": "Feature", "properties": { "内容": "リハビリホームグランダ上井草【特定施設入居者生活介護（有料老人ホーム）】東京都杉並区上井草4-7-23", "url": "https://www.kaigokensaku.mhlw.go.jp/13/index.php?action_kouhyou_detail_004_kani=true&JigyosyoCd=1371505171-00&ServiceCd=331&Type=search", "url2": "http://www.benesse-style-care.co.jp" }, "geometry": { "type": "Point", "coordinates": [ 139.595379900000012, 35.7189654 ] } },
{ "type": "Feature", "properties": { "内容": "ライブラリ井荻【特定施設入居者生活介護（有料老人ホーム）】東京都杉並区今川1-14-24", "url": "https://www.kaigokensaku.mhlw.go.jp/13/index.php?action_kouhyou_detail_004_kani=true&JigyosyoCd=1371511443-00&ServiceCd=331&Type=search", "url2": "https://www.living-platform.com/" }, "geometry": { "type": "Point", "coordinates": [ 139.6123835, 35.7172639 ] } },
{ "type": "Feature", "properties": { "内容": "チャームプレミア浜田山【特定施設入居者生活介護（有料老人ホーム）】東京都杉並区浜田山二丁目11番17号", "url": "https://www.kaigokensaku.mhlw.go.jp/13/index.php?action_kouhyou_detail_004_kani=true&JigyosyoCd=1371510924-00&ServiceCd=331&Type=search", "url2": "http://www.charmcc.jp/" }, "geometry": { "type": "Point", "coordinates": [ 139.627955500000013, 35.6790502 ] } },
{ "type": "Feature", "properties": { "内容": "もみの樹・杉並【特定施設入居者生活介護（有料老人ホーム）】東京都杉並区和泉三丁目５２番８号", "url": "https://www.kaigokensaku.mhlw.go.jp/13/index.php?action_kouhyou_detail_004_kani=true&JigyosyoCd=1371504125-00&ServiceCd=331&Type=search", "url2": "https://www.mominoki-life.com/suginami/" }, "geometry": { "type": "Point", "coordinates": [ 139.647601900000041, 35.6805373 ] } },
{ "type": "Feature", "properties": { "内容": "NEXT-LD新高円寺【特定施設入居者生活介護（有料老人ホーム）】東京都杉並区松ノ木3丁目‐32‐13", "url": "https://www.kaigokensaku.mhlw.go.jp/13/index.php?action_kouhyou_detail_004_kani=true&JigyosyoCd=1371511419-00&ServiceCd=331&Type=search", "url2": "http://next-ld.co.jp/" }, "geometry": { "type": "Point", "coordinates": [ 139.647281600000014, 35.69604 ] } },
{ "type": "Feature", "properties": { "内容": "サン・ラポール目白【特定施設入居者生活介護（有料老人ホーム）】東京都豊島区南長崎2丁目17番12号", "url": "https://www.kaigokensaku.mhlw.go.jp/13/index.php?action_kouhyou_detail_004_kani=true&JigyosyoCd=1371602762-00&ServiceCd=331&Type=search", "url2": "http://www.sun-rapport.co.jp" }, "geometry": { "type": "Point", "coordinates": [ 139.691063, 35.7259054 ] } },
{ "type": "Feature", "properties": { "内容": "ヨウコ－キャッスル巣鴨【特定施設入居者生活介護（有料老人ホーム）】東京都豊島区巣鴨５－１４－７ヨウコーキャッスル巣鴨", "url": "https://www.kaigokensaku.mhlw.go.jp/13/index.php?action_kouhyou_detail_004_kani=true&JigyosyoCd=1371603851-00&ServiceCd=331&Type=search", "url2": "http://rehabili-youko.com" }, "geometry": { "type": "Point", "coordinates": [ 139.732753300000013, 35.739661200000022 ] } },
{ "type": "Feature", "properties": { "内容": "グランフォレスト目白【特定施設入居者生活介護（有料老人ホーム）】東京都豊島区南長崎2丁目19-7", "url": "https://www.kaigokensaku.mhlw.go.jp/13/index.php?action_kouhyou_detail_004_kani=true&JigyosyoCd=1371603893-00&ServiceCd=331&Type=search", "url2": "http://www.fillcare.co.jp" }, "geometry": { "type": "Point", "coordinates": [ 139.691110301852405, 35.726571884328926 ] } },
{ "type": "Feature", "properties": { "内容": "ニチイホーム目白【特定施設入居者生活介護（有料老人ホーム）】東京都豊島区西池袋2-21-5", "url": "https://www.kaigokensaku.mhlw.go.jp/13/index.php?action_kouhyou_detail_004_kani=true&JigyosyoCd=1371605088-00&ServiceCd=331&Type=search", "url2": "http://www.nichii-home.jp/" }, "geometry": { "type": "Point", "coordinates": [ 139.707294700000034, 35.7257923 ] } },
{ "type": "Feature", "properties": { "内容": "グランダ目白弐番館【特定施設入居者生活介護（有料老人ホーム）】東京都豊島区西池袋二丁目6番20号", "url": "https://www.kaigokensaku.mhlw.go.jp/13/index.php?action_kouhyou_detail_004_kani=true&JigyosyoCd=1371605609-00&ServiceCd=331&Type=search", "url2": "http://www.benesse-style-care.co.jp/" }, "geometry": { "type": "Point", "coordinates": [ 139.7040786, 35.7261304 ] } },
{ "type": "Feature", "properties": { "内容": "グレースメイト目白【特定施設入居者生活介護（有料老人ホーム）】東京都豊島区南長崎1-19-12グレースメイト目白", "url": "https://www.kaigokensaku.mhlw.go.jp/13/index.php?action_kouhyou_detail_004_kani=true&JigyosyoCd=1371605922-00&ServiceCd=331&Type=search", "url2": "https://www.solasto.co.jp" }, "geometry": { "type": "Point", "coordinates": [ 139.6941407, 35.7258822 ] } },
{ "type": "Feature", "properties": { "内容": "リハビリホームグランダ要町【特定施設入居者生活介護（有料老人ホーム）】東京都豊島区千早二丁目16番16号", "url": "https://www.kaigokensaku.mhlw.go.jp/13/index.php?action_kouhyou_detail_004_kani=true&JigyosyoCd=1371603570-00&ServiceCd=331&Type=search", "url2": "http://www.benesse-style-care.co.jp" }, "geometry": { "type": "Point", "coordinates": [ 139.69261240000003, 35.7335879 ] } },
{ "type": "Feature", "properties": { "内容": "シルバーシティ駒込【特定施設入居者生活介護（有料老人ホーム）】東京都北区西ヶ原1丁目45番1号", "url": "https://www.kaigokensaku.mhlw.go.jp/13/index.php?action_kouhyou_detail_004_kani=true&JigyosyoCd=1371701226-00&ServiceCd=331&Type=search", "url2": "https://www.kaiteki.info/sc_komagome" }, "geometry": { "type": "Point", "coordinates": [ 139.743088700000044, 35.7418721 ] } },
{ "type": "Feature", "properties": { "内容": "リハビリホームまどか王子神谷【特定施設入居者生活介護（有料老人ホーム）】東京都北区王子六丁目7番7号", "url": "https://www.kaigokensaku.mhlw.go.jp/13/index.php?action_kouhyou_detail_004_kani=true&JigyosyoCd=1371706506-00&ServiceCd=331&Type=search", "url2": null }, "geometry": { "type": "Point", "coordinates": [ 139.737196700000027, 35.7573621 ] } },
{ "type": "Feature", "properties": { "内容": "有料老人ホーム　サニーライフ王子【特定施設入居者生活介護（有料老人ホーム）】東京都北区堀船3丁目8-17", "url": "https://www.kaigokensaku.mhlw.go.jp/13/index.php?action_kouhyou_detail_004_kani=true&JigyosyoCd=1371707132-00&ServiceCd=331&Type=search", "url2": "http://www.sunnylife-group.co.jp" }, "geometry": { "type": "Point", "coordinates": [ 139.7500351, 35.7559806 ] } },
{ "type": "Feature", "properties": { "内容": "リアンレーヴ赤羽【特定施設入居者生活介護（有料老人ホーム）】東京都北区志茂4-19-12木下の介護　リアンレーヴ赤羽", "url": "https://www.kaigokensaku.mhlw.go.jp/13/index.php?action_kouhyou_detail_004_kani=true&JigyosyoCd=1371707264-00&ServiceCd=331&Type=search", "url2": "https://www.kinoshita-kaigo.co.jp/facility/care_home/line_reve_akabane.html" }, "geometry": { "type": "Point", "coordinates": [ 139.732490058335884, 35.783847970941324 ] } },
{ "type": "Feature", "properties": { "内容": "リハビリホームグランダ赤羽【特定施設入居者生活介護（有料老人ホーム）】東京都北区赤羽南2-4-9", "url": "https://www.kaigokensaku.mhlw.go.jp/13/index.php?action_kouhyou_detail_004_kani=true&JigyosyoCd=1371707496-00&ServiceCd=331&Type=search", "url2": "https://www.benesse-style-care.co.jp" }, "geometry": { "type": "Point", "coordinates": [ 139.723918272352591, 35.77339790743796 ] } },
{ "type": "Feature", "properties": { "内容": "有料老人ホーム　サニーライフ北区豊島【特定施設入居者生活介護（有料老人ホーム）】東京都北区豊島6丁目10番15号", "url": "https://www.kaigokensaku.mhlw.go.jp/13/index.php?action_kouhyou_detail_004_kani=true&JigyosyoCd=1371707637-00&ServiceCd=331&Type=search", "url2": "http://www.sunnylife-group.co.jp" }, "geometry": { "type": "Point", "coordinates": [ 139.7474801, 35.7652743 ] } },
{ "type": "Feature", "properties": { "内容": "まどか王子【特定施設入居者生活介護（有料老人ホーム）】東京都北区堀船二丁目31番1号", "url": "https://www.kaigokensaku.mhlw.go.jp/13/index.php?action_kouhyou_detail_004_kani=true&JigyosyoCd=1371703743-00&ServiceCd=331&Type=search", "url2": "http://www.benesse-style-care.co.jp/" }, "geometry": { "type": "Point", "coordinates": [ 139.745929400000023, 35.7557402 ] } },
{ "type": "Feature", "properties": { "内容": "家族の家ひまわり王子【特定施設入居者生活介護（有料老人ホーム）】東京都北区豊島4-16-28", "url": "https://www.kaigokensaku.mhlw.go.jp/13/index.php?action_kouhyou_detail_004_kani=true&JigyosyoCd=1371704949-00&ServiceCd=331&Type=search", "url2": "http://www.saneido.co.jp/kaigo/" }, "geometry": { "type": "Point", "coordinates": [ 139.75008159999993, 35.7612648 ] } },
{ "type": "Feature", "properties": { "内容": "ニチイホーム王子【特定施設入居者生活介護（有料老人ホーム）】東京都北区岸町一丁目5番8号ニチイホーム王子", "url": "https://www.kaigokensaku.mhlw.go.jp/13/index.php?action_kouhyou_detail_004_kani=true&JigyosyoCd=1371705334-00&ServiceCd=331&Type=search", "url2": "http://nichii-home.jp" }, "geometry": { "type": "Point", "coordinates": [ 139.735396900000069, 35.7550346 ] } },
{ "type": "Feature", "properties": { "内容": "アイムス赤羽【特定施設入居者生活介護（有料老人ホーム）】東京都北区東十条6-5-15", "url": "https://www.kaigokensaku.mhlw.go.jp/13/index.php?action_kouhyou_detail_004_kani=true&JigyosyoCd=1371703933-00&ServiceCd=331&Type=search", "url2": "http://www.ims-home.jp/akabane/" }, "geometry": { "type": "Point", "coordinates": [ 139.725509649073757, 35.770715008532655 ] } },
{ "type": "Feature", "properties": { "内容": "ブランシエール王子【特定施設入居者生活介護（有料老人ホーム）】東京都北区王子5-1-49", "url": "https://www.kaigokensaku.mhlw.go.jp/13/index.php?action_kouhyou_detail_004_kani=true&JigyosyoCd=1371707439-00&ServiceCd=331&Type=search", "url2": "https://www.haseko-senior.co.jp/home/ouji/" }, "geometry": { "type": "Point", "coordinates": [ 139.7319233, 35.7652944 ] } },
{ "type": "Feature", "properties": { "内容": "ＳＯＭＰＯケア　ラヴィーレ赤羽【特定施設入居者生活介護（有料老人ホーム）】東京都北区赤羽西5-2-43", "url": "https://www.kaigokensaku.mhlw.go.jp/13/index.php?action_kouhyou_detail_004_kani=true&JigyosyoCd=1371707017-00&ServiceCd=331&Type=search", "url2": "https://www.sompocare.com/" }, "geometry": { "type": "Point", "coordinates": [ 139.709554270704757, 35.774408363056772 ] } },
{ "type": "Feature", "properties": { "内容": "コンシェール南千住【特定施設入居者生活介護（有料老人ホーム）】東京都荒川区南千住4-7-3ロイヤルパークスタワー南千住2階・3階", "url": "https://www.kaigokensaku.mhlw.go.jp/13/index.php?action_kouhyou_detail_004_kani=true&JigyosyoCd=1371802636-00&ServiceCd=331&Type=search", "url2": "http://www.riei.co.jp/" }, "geometry": { "type": "Point", "coordinates": [ 139.80194, 35.7362779 ] } },
{ "type": "Feature", "properties": { "内容": "まちや明生苑【特定施設入居者生活介護（有料老人ホーム）】東京都荒川区町屋5-15-14", "url": "https://www.kaigokensaku.mhlw.go.jp/13/index.php?action_kouhyou_detail_004_kani=true&JigyosyoCd=1371802677-00&ServiceCd=331&Type=search", "url2": "http://www.fukushi-e.com" }, "geometry": { "type": "Point", "coordinates": [ 139.781096, 35.7524224 ] } },
{ "type": "Feature", "properties": { "内容": "ブランシエール日暮里【特定施設入居者生活介護（有料老人ホーム）】東京都荒川区東日暮里三丁目９番２１号", "url": "https://www.kaigokensaku.mhlw.go.jp/13/index.php?action_kouhyou_detail_004_kani=true&JigyosyoCd=1371801273-00&ServiceCd=331&Type=search", "url2": "https://www.haseko-senior.co.jp/home/nippori/index.html" }, "geometry": { "type": "Point", "coordinates": [ 139.782455600000048, 35.7288556 ] } },
{ "type": "Feature", "properties": { "内容": "介護付有料老人ホームすこや家・西尾久【特定施設入居者生活介護（有料老人ホーム）】東京都荒川区西尾久三丁目１５番１号ヘルストンビル", "url": "https://www.kaigokensaku.mhlw.go.jp/13/index.php?action_kouhyou_detail_004_kani=true&JigyosyoCd=1371802719-00&ServiceCd=331&Type=search", "url2": null }, "geometry": { "type": "Point", "coordinates": [ 139.762697600000024, 35.7533632 ] } },
{ "type": "Feature", "properties": { "内容": "チャーム板橋蓮根【特定施設入居者生活介護（有料老人ホーム）】東京都板橋区坂下3丁目11番23号", "url": "https://www.kaigokensaku.mhlw.go.jp/13/index.php?action_kouhyou_detail_004_kani=true&JigyosyoCd=1371911767-00&ServiceCd=331&Type=search", "url2": "https://www.charmcc.jp/home/charm_itabashihasune/" }, "geometry": { "type": "Point", "coordinates": [ 139.6801305, 35.7869033 ] } },
{ "type": "Feature", "properties": { "内容": "浮間舟渡ロマンヒルズ西【特定施設入居者生活介護（有料老人ホーム）】東京都板橋区舟渡1丁目17番14号浮間舟渡ロマンヒルズ　西", "url": "https://www.kaigokensaku.mhlw.go.jp/13/index.php?action_kouhyou_detail_004_kani=true&JigyosyoCd=1371907328-00&ServiceCd=331&Type=search", "url2": "http://uf-romanhills-w.com" }, "geometry": { "type": "Point", "coordinates": [ 139.687474899999984, 35.7928059 ] } },
{ "type": "Feature", "properties": { "内容": "板橋やすらぎの園【特定施設入居者生活介護（有料老人ホーム）】東京都板橋区坂下2丁目15番11号", "url": "https://www.kaigokensaku.mhlw.go.jp/13/index.php?action_kouhyou_detail_004_kani=true&JigyosyoCd=1371900562-00&ServiceCd=331&Type=search", "url2": "http://www.yasuraginosono.com" }, "geometry": { "type": "Point", "coordinates": [ 139.679306499999939, 35.7831293 ] } },
{ "type": "Feature", "properties": { "内容": "家族の家ひまわり板橋【特定施設入居者生活介護（有料老人ホーム）】東京都板橋区上板橋2‐20‐12", "url": "https://www.kaigokensaku.mhlw.go.jp/13/index.php?action_kouhyou_detail_004_kani=true&JigyosyoCd=1371902733-00&ServiceCd=331&Type=search", "url2": null }, "geometry": { "type": "Point", "coordinates": [ 139.670799499999987, 35.7648156 ] } },
{ "type": "Feature", "properties": { "内容": "板橋やすらぎの園2号館【特定施設入居者生活介護（有料老人ホーム）】東京都板橋区相生町11番10号", "url": "https://www.kaigokensaku.mhlw.go.jp/13/index.php?action_kouhyou_detail_004_kani=true&JigyosyoCd=1371903012-00&ServiceCd=331&Type=search", "url2": "http://www.yasuraginosono.com" }, "geometry": { "type": "Point", "coordinates": [ 139.680976, 35.7784273 ] } },
{ "type": "Feature", "properties": { "内容": "ライフコミューン上板橋【特定施設入居者生活介護（有料老人ホーム）】東京都板橋区若木1-17-17佐古田ビル", "url": "https://www.kaigokensaku.mhlw.go.jp/13/index.php?action_kouhyou_detail_004_kani=true&JigyosyoCd=1371903939-00&ServiceCd=331&Type=search", "url2": "https://www.kinoshita-kaigo.co.jp/facilities/state/tokyo/kamiitabashi.html" }, "geometry": { "type": "Point", "coordinates": [ 139.673385300000064, 35.7687479 ] } },
{ "type": "Feature", "properties": { "内容": "まどかときわ台南【特定施設入居者生活介護（有料老人ホーム）】東京都板橋区東新町二丁目24番8号", "url": "https://www.kaigokensaku.mhlw.go.jp/13/index.php?action_kouhyou_detail_004_kani=true&JigyosyoCd=1371904143-00&ServiceCd=331&Type=search", "url2": "http://www.benesse-style-care.co.jp/" }, "geometry": { "type": "Point", "coordinates": [ 139.6810405, 35.7554911 ] } },
{ "type": "Feature", "properties": { "内容": "アイムス蓮根【特定施設入居者生活介護（有料老人ホーム）】東京都板橋区蓮根3-14-10", "url": "https://www.kaigokensaku.mhlw.go.jp/13/index.php?action_kouhyou_detail_004_kani=true&JigyosyoCd=1371904911-00&ServiceCd=331&Type=search", "url2": "http://www.ims.gr.jp/hasune/" }, "geometry": { "type": "Point", "coordinates": [ 139.67884626994055, 35.788639218155062 ] } },
{ "type": "Feature", "properties": { "内容": "ロマンヒルズ西台ハイライフ東【特定施設入居者生活介護（有料老人ホーム）】東京都板橋区西台三丁目11番17号", "url": "https://www.kaigokensaku.mhlw.go.jp/13/index.php?action_kouhyou_detail_004_kani=true&JigyosyoCd=1371905413-00&ServiceCd=331&Type=search", "url2": "http://care-net.biz/13/romanhills/" }, "geometry": { "type": "Point", "coordinates": [ 139.667763400000013, 35.7743636 ] } },
{ "type": "Feature", "properties": { "内容": "ロマンヒルズ西台ハイライフ南【特定施設入居者生活介護（有料老人ホーム）】東京都板橋区西台三丁目6番3号", "url": "https://www.kaigokensaku.mhlw.go.jp/13/index.php?action_kouhyou_detail_004_kani=true&JigyosyoCd=1371905421-00&ServiceCd=331&Type=search", "url2": "http://care-net.biz/13/romanhills/" }, "geometry": { "type": "Point", "coordinates": [ 139.667380099999946, 35.7738192 ] } },
{ "type": "Feature", "properties": { "内容": "ニチイホーム板橋徳丸【特定施設入居者生活介護（有料老人ホーム）】東京都板橋区徳丸四丁目19番10号", "url": "https://www.kaigokensaku.mhlw.go.jp/13/index.php?action_kouhyou_detail_004_kani=true&JigyosyoCd=1371906742-00&ServiceCd=331&Type=search", "url2": "http://www.nichii-home.jp/" }, "geometry": { "type": "Point", "coordinates": [ 139.653753599999959, 35.771958 ] } },
{ "type": "Feature", "properties": { "内容": "メディカル・リハビリホームグランダときわ台南【特定施設入居者生活介護（有料老人ホーム）】東京都板橋区東新町二丁目21番11号", "url": "https://www.kaigokensaku.mhlw.go.jp/13/index.php?action_kouhyou_detail_004_kani=true&JigyosyoCd=1371909092-00&ServiceCd=331&Type=search", "url2": "http://www.benesse-style-care.co.jp/" }, "geometry": { "type": "Point", "coordinates": [ 139.68142940000007, 35.754955 ] } },
{ "type": "Feature", "properties": { "内容": "ドーミーときわ台【特定施設入居者生活介護（有料老人ホーム）】東京都板橋区富士見町31-17ドーミーときわ台", "url": "https://www.kaigokensaku.mhlw.go.jp/13/index.php?action_kouhyou_detail_004_kani=true&JigyosyoCd=1371909472-00&ServiceCd=331&Type=search", "url2": "http://www.dormy-senior.com/tokiwadai/index.php" }, "geometry": { "type": "Point", "coordinates": [ 139.696336200000019, 35.7612243 ] } },
{ "type": "Feature", "properties": { "内容": "介護付有料老人ホーム　シェモア西台【特定施設入居者生活介護（有料老人ホーム）】東京都板橋区蓮根3-23-10", "url": "https://www.kaigokensaku.mhlw.go.jp/13/index.php?action_kouhyou_detail_004_kani=true&JigyosyoCd=1371909662-00&ServiceCd=331&Type=search", "url2": "http://chezmoi-nishidai.jp/" }, "geometry": { "type": "Point", "coordinates": [ 139.677492600000051, 35.7904448 ] } },
{ "type": "Feature", "properties": { "内容": "若木さくらの杜【特定施設入居者生活介護（有料老人ホーム）】東京都板橋区若木２－７－１０", "url": "https://www.kaigokensaku.mhlw.go.jp/13/index.php?action_kouhyou_detail_004_kani=true&JigyosyoCd=1371909738-00&ServiceCd=331&Type=search", "url2": null }, "geometry": { "type": "Point", "coordinates": [ 139.67506, 35.7718697 ] } },
{ "type": "Feature", "properties": { "内容": "ホスピタルメント板橋ときわ台【特定施設入居者生活介護（有料老人ホーム）】東京都板橋区前野町3-20-2", "url": "https://www.kaigokensaku.mhlw.go.jp/13/index.php?action_kouhyou_detail_004_kani=true&JigyosyoCd=1371910108-00&ServiceCd=331&Type=search", "url2": "http://www.hospitalment.co.jp/itabashi/" }, "geometry": { "type": "Point", "coordinates": [ 139.6904594, 35.7688263 ] } },
{ "type": "Feature", "properties": { "内容": "エスケアリビング板橋【特定施設入居者生活介護（有料老人ホーム）】東京都板橋区蓮根三丁目13番9号", "url": "https://www.kaigokensaku.mhlw.go.jp/13/index.php?action_kouhyou_detail_004_kani=true&JigyosyoCd=1371910306-00&ServiceCd=331&Type=search", "url2": "http://www.s-caremate.co.jp/" }, "geometry": { "type": "Point", "coordinates": [ 139.678508251451149, 35.788013854626286 ] } },
{ "type": "Feature", "properties": { "内容": "グランフォレストときわ台【特定施設入居者生活介護（有料老人ホーム）】東京都板橋区常盤台3-19-15", "url": "https://www.kaigokensaku.mhlw.go.jp/13/index.php?action_kouhyou_detail_004_kani=true&JigyosyoCd=1371910421-00&ServiceCd=331&Type=search", "url2": "http://www.fillcare.co.jp" }, "geometry": { "type": "Point", "coordinates": [ 139.683176300000014, 35.7612517 ] } },
{ "type": "Feature", "properties": { "内容": "そんぽの家板橋徳丸【特定施設入居者生活介護（有料老人ホーム）】東京都板橋区徳丸6-1-11", "url": "https://www.kaigokensaku.mhlw.go.jp/13/index.php?action_kouhyou_detail_004_kani=true&JigyosyoCd=1371910439-00&ServiceCd=331&Type=search", "url2": "https://www.sompocare.com/service/home/kaigo/H000237/" }, "geometry": { "type": "Point", "coordinates": [ 139.66410529999996, 35.7765743 ] } },
{ "type": "Feature", "properties": { "内容": "そんぽの家　板橋三園【特定施設入居者生活介護（有料老人ホーム）】東京都　板橋区　三園　2-12-14そんぽの家　板橋三園", "url": "https://www.kaigokensaku.mhlw.go.jp/13/index.php?action_kouhyou_detail_004_kani=true&JigyosyoCd=1371910447-00&ServiceCd=331&Type=search", "url2": "https://www.sompocare.com/service/home/kaigo/H000238/" }, "geometry": { "type": "Point", "coordinates": [ 139.643048200000067, 35.7958791 ] } },
{ "type": "Feature", "properties": { "内容": "応援家族　成増【特定施設入居者生活介護（有料老人ホーム）】東京都板橋区成増3丁目5番3号USビル", "url": "https://www.kaigokensaku.mhlw.go.jp/13/index.php?action_kouhyou_detail_004_kani=true&JigyosyoCd=1371910553-00&ServiceCd=331&Type=search", "url2": "http://www.kinoshita-kaigo.co.jp/facility/care_home/support-family_narimasu.html" }, "geometry": { "type": "Point", "coordinates": [ 139.6354546, 35.7777927 ] } },
{ "type": "Feature", "properties": { "内容": "グランダ大山弐番館【特定施設入居者生活介護（有料老人ホーム）】東京都板橋区幸町45番27号", "url": "https://www.kaigokensaku.mhlw.go.jp/13/index.php?action_kouhyou_detail_004_kani=true&JigyosyoCd=1371910652-00&ServiceCd=331&Type=search", "url2": "http://www.benesse-style-care.co.jp/" }, "geometry": { "type": "Point", "coordinates": [ 139.695892299999969, 35.7451508 ] } },
{ "type": "Feature", "properties": { "内容": "有料老人ホーム　サニーライフ板橋【特定施設入居者生活介護（有料老人ホーム）】東京都板橋区西台三丁目31番12号", "url": "https://www.kaigokensaku.mhlw.go.jp/13/index.php?action_kouhyou_detail_004_kani=true&JigyosyoCd=1371910751-00&ServiceCd=331&Type=search", "url2": "http://www.sunnylife-group.co.jp" }, "geometry": { "type": "Point", "coordinates": [ 139.668679900000029, 35.7750746 ] } },
{ "type": "Feature", "properties": { "内容": "リアンレーヴ板橋【特定施設入居者生活介護（有料老人ホーム）】東京都板橋区泉町49ー9リアンレーヴ板橋", "url": "https://www.kaigokensaku.mhlw.go.jp/13/index.php?action_kouhyou_detail_004_kani=true&JigyosyoCd=1371911197-00&ServiceCd=331&Type=search", "url2": "https://www.kinoshita-kaigo.co.jp/facility/care₋home/lien₋reve₋itabashi.html" }, "geometry": { "type": "Point", "coordinates": [ 139.7009098, 35.7682315 ] } },
{ "type": "Feature", "properties": { "内容": "リハビリホームグランダ板橋前野町【特定施設入居者生活介護（有料老人ホーム）】東京都板橋区前野町三丁目28番3号", "url": "https://www.kaigokensaku.mhlw.go.jp/13/index.php?action_kouhyou_detail_004_kani=true&JigyosyoCd=1371911239-00&ServiceCd=331&Type=search", "url2": "https://www.benesse-style-care.co.jp/" }, "geometry": { "type": "Point", "coordinates": [ 139.692334, 35.7695447 ] } },
{ "type": "Feature", "properties": { "内容": "コンシェール徳丸【特定施設入居者生活介護（有料老人ホーム）】東京都板橋区徳丸7丁目17番1号コンシェール徳丸", "url": "https://www.kaigokensaku.mhlw.go.jp/13/index.php?action_kouhyou_detail_004_kani=true&JigyosyoCd=1371911312-00&ServiceCd=331&Type=search", "url2": "https://www.c-24.jp/concier/tokumaru/" }, "geometry": { "type": "Point", "coordinates": [ 139.66187, 35.7809102 ] } },
{ "type": "Feature", "properties": { "内容": "グッドタイムホーム・板橋若木【特定施設入居者生活介護（有料老人ホーム）】東京都板橋区若木3丁目9番地18号", "url": "https://www.kaigokensaku.mhlw.go.jp/13/index.php?action_kouhyou_detail_004_kani=true&JigyosyoCd=1371911403-00&ServiceCd=331&Type=search", "url2": "https://gth-itabashiwakagi.com/" }, "geometry": { "type": "Point", "coordinates": [ 139.676543859047172, 35.773833996265715 ] } },
{ "type": "Feature", "properties": { "内容": "グランダ常盤台弐番館【特定施設入居者生活介護（有料老人ホーム）】東京都板橋区常盤台三丁目20番1号", "url": "https://www.kaigokensaku.mhlw.go.jp/13/index.php?action_kouhyou_detail_004_kani=true&JigyosyoCd=1371911544-00&ServiceCd=331&Type=search", "url2": "http://www.benesse-style-care.co.jp/" }, "geometry": { "type": "Point", "coordinates": [ 139.6838639, 35.7615407 ] } },
{ "type": "Feature", "properties": { "内容": "有料老人ホーム　サニーライフ板橋志村【特定施設入居者生活介護（有料老人ホーム）】東京都板橋区志村1-27-14", "url": "https://www.kaigokensaku.mhlw.go.jp/13/index.php?action_kouhyou_detail_004_kani=true&JigyosyoCd=1371911593-00&ServiceCd=331&Type=search", "url2": "http://www.sunnylife-group.co.jp" }, "geometry": { "type": "Point", "coordinates": [ 139.689203099999986, 35.7745334 ] } },
{ "type": "Feature", "properties": { "内容": "リアンレーヴ上板橋【特定施設入居者生活介護（有料老人ホーム）】東京都板橋区中台2-11-1", "url": "https://www.kaigokensaku.mhlw.go.jp/13/index.php?action_kouhyou_detail_004_kani=true&JigyosyoCd=1371911676-00&ServiceCd=331&Type=search", "url2": "http://www.kinoshita-kaigo.co.jp/facility/care_home/lien_reve_kamiitabashi.html" }, "geometry": { "type": "Point", "coordinates": [ 139.681087600000012, 35.7698173 ] } },
{ "type": "Feature", "properties": { "内容": "ベストライフ板橋【特定施設入居者生活介護（有料老人ホーム）】東京都板橋区西台3-14-13", "url": "https://www.kaigokensaku.mhlw.go.jp/13/index.php?action_kouhyou_detail_004_kani=true&JigyosyoCd=1371911692-00&ServiceCd=331&Type=search", "url2": null }, "geometry": { "type": "Point", "coordinates": [ 139.668832900000012, 35.7734887 ] } },
{ "type": "Feature", "properties": { "内容": "介護付有料老人ホームオリヴィエ前野町【特定施設入居者生活介護（有料老人ホーム）】東京都板橋区前野町3-30-13", "url": "https://www.kaigokensaku.mhlw.go.jp/13/index.php?action_kouhyou_detail_004_kani=true&JigyosyoCd=1371911726-00&ServiceCd=331&Type=search", "url2": "https://www.tshnet.or.jp/ol/" }, "geometry": { "type": "Point", "coordinates": [ 139.69329396508175, 35.769293788523669 ] } },
{ "type": "Feature", "properties": { "内容": "有料老人ホーム　サニーライフ板橋徳丸【特定施設入居者生活介護（有料老人ホーム）】東京都板橋区徳丸六丁目21番14号", "url": "https://www.kaigokensaku.mhlw.go.jp/13/index.php?action_kouhyou_detail_004_kani=true&JigyosyoCd=1371911858-00&ServiceCd=331&Type=search", "url2": "http://www.sunnylife-group.co.jp" }, "geometry": { "type": "Point", "coordinates": [ 139.6641822, 35.7781904 ] } },
{ "type": "Feature", "properties": { "内容": "ブランシエールケア常盤台【特定施設入居者生活介護（有料老人ホーム）】東京都板橋区前野町5-27-7", "url": "https://www.kaigokensaku.mhlw.go.jp/13/index.php?action_kouhyou_detail_004_kani=true&JigyosyoCd=1371911973-00&ServiceCd=331&Type=search", "url2": "https://haseko-senior.co.jp/home/tokiwadai/" }, "geometry": { "type": "Point", "coordinates": [ 139.6856454, 35.7714617 ] } },
{ "type": "Feature", "properties": { "内容": "サンライズ・ヴィラ小竹向原【特定施設入居者生活介護（有料老人ホーム）】東京都板橋区向原一丁目5番15号", "url": "https://www.kaigokensaku.mhlw.go.jp/13/index.php?action_kouhyou_detail_004_kani=true&JigyosyoCd=1371912120-00&ServiceCd=331&Type=search", "url2": "https://www.like-cn.co.jp/" }, "geometry": { "type": "Point", "coordinates": [ 139.685285779098507, 35.741497767310527 ] } },
{ "type": "Feature", "properties": { "内容": "介護付有料老人ホーム　プレザンメゾン板橋徳丸【特定施設入居者生活介護（有料老人ホーム）】東京都板橋区徳丸4-28-27", "url": "https://www.kaigokensaku.mhlw.go.jp/13/index.php?action_kouhyou_detail_004_kani=true&JigyosyoCd=1371912146-00&ServiceCd=331&Type=search", "url2": "https://www.tanoshii-ie.jp/" }, "geometry": { "type": "Point", "coordinates": [ 139.654607436245726, 35.773556204853634 ] } },
{ "type": "Feature", "properties": { "内容": "サニーライフ板橋成増【特定施設入居者生活介護（有料老人ホーム）】東京都板橋区赤塚3-36-12サニーライフ板橋成増", "url": "https://www.kaigokensaku.mhlw.go.jp/13/index.php?action_kouhyou_detail_004_kani=true&JigyosyoCd=1371912302-00&ServiceCd=331&Type=search", "url2": "http://www.sunnylife-group.co.jp" }, "geometry": { "type": "Point", "coordinates": [ 139.6373854, 35.7803627 ] } },
{ "type": "Feature", "properties": { "内容": "リハビリホームグランダ常盤台【特定施設入居者生活介護（有料老人ホーム）】東京都板橋区常盤台三丁目28番3号", "url": "https://www.kaigokensaku.mhlw.go.jp/13/index.php?action_kouhyou_detail_004_kani=true&JigyosyoCd=1371906023-00&ServiceCd=331&Type=search", "url2": "http://www.benesse-style-care.co.jp/" }, "geometry": { "type": "Point", "coordinates": [ 139.681793, 35.7617155 ] } },
{ "type": "Feature", "properties": { "内容": "リハビリホームグランダ大山【特定施設入居者生活介護（有料老人ホーム）】東京都板橋区大山金井町21番6号", "url": "https://www.kaigokensaku.mhlw.go.jp/13/index.php?action_kouhyou_detail_004_kani=true&JigyosyoCd=1371906221-00&ServiceCd=331&Type=search", "url2": "http://www.benesse-style-care.co.jp/" }, "geometry": { "type": "Point", "coordinates": [ 139.707191200000011, 35.7462263 ] } },
{ "type": "Feature", "properties": { "内容": "浮間舟渡ロマンヒルズ東【特定施設入居者生活介護（有料老人ホーム）】東京都板橋区舟渡一丁目１７番１５", "url": "https://www.kaigokensaku.mhlw.go.jp/13/index.php?action_kouhyou_detail_004_kani=true&JigyosyoCd=1371907310-00&ServiceCd=331&Type=search", "url2": "http://ukimafunado.jp" }, "geometry": { "type": "Point", "coordinates": [ 139.687763799999971, 35.7926364 ] } },
{ "type": "Feature", "properties": { "内容": "クラーチ・ファミリア小竹向原【特定施設入居者生活介護（有料老人ホーム）】東京都板橋区大谷口2-15-7クラーチ・ファミリア小竹向原", "url": "https://www.kaigokensaku.mhlw.go.jp/13/index.php?action_kouhyou_detail_004_kani=true&JigyosyoCd=1371910926-00&ServiceCd=331&Type=search", "url2": "http://www.kuraci.co.jp/house/famila/kotakemukaihara/" }, "geometry": { "type": "Point", "coordinates": [ 139.688051299999984, 35.7451754 ] } },
{ "type": "Feature", "properties": { "内容": "リアンレーヴ板橋蓮根【特定施設入居者生活介護（有料老人ホーム）】東京都板橋区坂下3-21-5リアンレーヴ板橋蓮根", "url": "https://www.kaigokensaku.mhlw.go.jp/13/index.php?action_kouhyou_detail_004_kani=true&JigyosyoCd=1371910934-00&ServiceCd=331&Type=search", "url2": "http://www.kinoshita-kaigo.co.jp/facility/lien_reve_itabashihasune.html" }, "geometry": { "type": "Point", "coordinates": [ 139.684136500000022, 35.7875454 ] } },
{ "type": "Feature", "properties": { "内容": "ＳＯＭＰＯケア　ラヴィーレ赤塚公園【特定施設入居者生活介護（有料老人ホーム）】東京都板橋区大門7-5", "url": "https://www.kaigokensaku.mhlw.go.jp/13/index.php?action_kouhyou_detail_004_kani=true&JigyosyoCd=1371910967-00&ServiceCd=331&Type=search", "url2": "https://www.sompocare.com" }, "geometry": { "type": "Point", "coordinates": [ 139.648628599999938, 35.7833311 ] } },
{ "type": "Feature", "properties": { "内容": "SOMPOケア　ラヴィーレ高島平【特定施設入居者生活介護（有料老人ホーム）】東京都板橋区坂下3-5-2", "url": "https://www.kaigokensaku.mhlw.go.jp/13/index.php?action_kouhyou_detail_004_kani=true&JigyosyoCd=1371911007-00&ServiceCd=331&Type=search", "url2": "https://www.sompocare.com" }, "geometry": { "type": "Point", "coordinates": [ 139.6846782, 35.7851819 ] } },
{ "type": "Feature", "properties": { "内容": "ＳＯＭＰＯケアラヴィーレ光が丘公園【特定施設入居者生活介護（有料老人ホーム）】東京都板橋区赤塚新町2-7-16ＳＯＭＰＯケアラヴィーレ光が丘公園", "url": "https://www.kaigokensaku.mhlw.go.jp/13/index.php?action_kouhyou_detail_004_kani=true&JigyosyoCd=1371911015-00&ServiceCd=331&Type=search", "url2": "https://www.sompocare.com/" }, "geometry": { "type": "Point", "coordinates": [ 139.63935807605742, 35.772307710721435 ] } },
{ "type": "Feature", "properties": { "内容": "有料老人ホーム「私の時間」【特定施設入居者生活介護（有料老人ホーム）】東京都板橋区小豆沢１－１２－６複合施設「ここから」", "url": "https://www.kaigokensaku.mhlw.go.jp/13/index.php?action_kouhyou_detail_004_kani=true&JigyosyoCd=1371905777-00&ServiceCd=331&Type=search", "url2": "http://www.watashinojikan.jp" }, "geometry": { "type": "Point", "coordinates": [ 139.698324500000012, 35.7735618 ] } },
{ "type": "Feature", "properties": { "内容": "ライブラリ志村坂上【特定施設入居者生活介護（有料老人ホーム）】東京都板橋区小豆沢1丁目23-11", "url": "https://www.kaigokensaku.mhlw.go.jp/13/index.php?action_kouhyou_detail_004_kani=true&JigyosyoCd=1371912757-00&ServiceCd=331&Type=search", "url2": "https://care.living-platform.com/facility/76" }, "geometry": { "type": "Point", "coordinates": [ 139.704091, 35.77583 ] } },
{ "type": "Feature", "properties": { "内容": "そんぽの家　ときわ台【特定施設入居者生活介護（有料老人ホーム）】東京都板橋区前野町2-18-3", "url": "https://www.kaigokensaku.mhlw.go.jp/13/index.php?action_kouhyou_detail_004_kani=true&JigyosyoCd=1371907856-00&ServiceCd=331&Type=search", "url2": "https://www.sompocare.com" }, "geometry": { "type": "Point", "coordinates": [ 139.686942499999986, 35.7647209 ] } },
{ "type": "Feature", "properties": { "内容": "ミモザ板橋けやき苑【特定施設入居者生活介護（有料老人ホーム）】東京都板橋区徳丸一丁目61番7号", "url": "https://www.kaigokensaku.mhlw.go.jp/13/index.php?action_kouhyou_detail_004_kani=true&JigyosyoCd=1371910884-00&ServiceCd=331&Type=search", "url2": "https://www.mimoza-care.jp" }, "geometry": { "type": "Point", "coordinates": [ 139.665238600000066, 35.7752467 ] } },
{ "type": "Feature", "properties": { "内容": "花球の家ねりま【特定施設入居者生活介護（有料老人ホーム）】東京都練馬区高野台3-15-37", "url": "https://www.kaigokensaku.mhlw.go.jp/13/index.php?action_kouhyou_detail_004_kani=true&JigyosyoCd=1372014108-00&ServiceCd=331&Type=search", "url2": "https://jala.co.jp" }, "geometry": { "type": "Point", "coordinates": [ 139.6159247, 35.7444592 ] } },
{ "type": "Feature", "properties": { "内容": "シルバーシティ石神井南館【特定施設入居者生活介護（有料老人ホーム）】東京都練馬区関町東1丁目16番14号", "url": "https://www.kaigokensaku.mhlw.go.jp/13/index.php?action_kouhyou_detail_004_kani=true&JigyosyoCd=1372001030-00&ServiceCd=331&Type=search", "url2": "https://www.kaiteki.info/sc_shakujii_minami" }, "geometry": { "type": "Point", "coordinates": [ 139.582444600000031, 35.7256281 ] } },
{ "type": "Feature", "properties": { "内容": "シルバーシティ石神井北館【特定施設入居者生活介護（有料老人ホーム）】東京都練馬区関町東1丁目15番12号", "url": "https://www.kaigokensaku.mhlw.go.jp/13/index.php?action_kouhyou_detail_004_kani=true&JigyosyoCd=1372001048-00&ServiceCd=331&Type=search", "url2": "https://www.kaiteki.info/sc_syakujii-kita" }, "geometry": { "type": "Point", "coordinates": [ 139.582564, 35.7261058 ] } },
{ "type": "Feature", "properties": { "内容": "石神井クラシック・コミュニティそよ風【特定施設入居者生活介護（有料老人ホーム）】東京都練馬区石神井台7丁目16番11号石神井クラシック・コミュニティそよ風", "url": "https://www.kaigokensaku.mhlw.go.jp/13/index.php?action_kouhyou_detail_004_kani=true&JigyosyoCd=1372005239-00&ServiceCd=331&Type=search", "url2": "http://www.sykz.co.jp" }, "geometry": { "type": "Point", "coordinates": [ 139.578383600000052, 35.731244 ] } },
{ "type": "Feature", "properties": { "内容": "西おおいずみ翔裕館【特定施設入居者生活介護（有料老人ホーム）】東京都練馬区西大泉1-23-7", "url": "https://www.kaigokensaku.mhlw.go.jp/13/index.php?action_kouhyou_detail_004_kani=true&JigyosyoCd=1372013456-00&ServiceCd=331&Type=search", "url2": "https://www.sanga-kaigo.co.jp/nursing_home/" }, "geometry": { "type": "Point", "coordinates": [ 139.573099381614668, 35.754682784085055 ] } },
{ "type": "Feature", "properties": { "内容": "メディカル・リハビリホームくらら中村橋【特定施設入居者生活介護（有料老人ホーム）】東京都練馬区中村三丁目40番4号", "url": "https://www.kaigokensaku.mhlw.go.jp/13/index.php?action_kouhyou_detail_004_kani=true&JigyosyoCd=1371302066-00&ServiceCd=331&Type=search", "url2": "http://www.benesse-style-care.co.jp/" }, "geometry": { "type": "Point", "coordinates": [ 139.636636800000019, 35.7334815 ] } },
{ "type": "Feature", "properties": { "内容": "ライフコミューン豊島園【特定施設入居者生活介護（有料老人ホーム）】東京都練馬区早宮4-37-26", "url": "https://www.kaigokensaku.mhlw.go.jp/13/index.php?action_kouhyou_detail_004_kani=true&JigyosyoCd=1372001162-00&ServiceCd=331&Type=search", "url2": "http//www.kinoshita-kaigo.co.jp/facility-care_home/life-commune_toshimaenhtml" }, "geometry": { "type": "Point", "coordinates": [ 139.6495755, 35.7482181 ] } },
{ "type": "Feature", "properties": { "内容": "ライフコミューン石神井公園【特定施設入居者生活介護（有料老人ホーム）】東京都練馬区高野台3-17-18", "url": "https://www.kaigokensaku.mhlw.go.jp/13/index.php?action_kouhyou_detail_004_kani=true&JigyosyoCd=1372002350-00&ServiceCd=331&Type=search", "url2": "http://www.kinoshita-kaigo.co.jp/facilities/state/tokyo/shakujiikoen.html" }, "geometry": { "type": "Point", "coordinates": [ 139.614593799999966, 35.7456156 ] } },
{ "type": "Feature", "properties": { "内容": "グランダ西大泉・練馬【特定施設入居者生活介護（有料老人ホーム）】東京都練馬区西大泉五丁目31番8号", "url": "https://www.kaigokensaku.mhlw.go.jp/13/index.php?action_kouhyou_detail_004_kani=true&JigyosyoCd=1372003150-00&ServiceCd=331&Type=search", "url2": "http://www.benesse-style-care.co.jp/" }, "geometry": { "type": "Point", "coordinates": [ 139.567150099999935, 35.7581904 ] } },
{ "type": "Feature", "properties": { "内容": "しまナーシングホーム　光が丘【特定施設入居者生活介護（有料老人ホーム）】東京都練馬区谷原4-2-1", "url": "https://www.kaigokensaku.mhlw.go.jp/13/index.php?action_kouhyou_detail_004_kani=true&JigyosyoCd=1372003200-00&ServiceCd=331&Type=search", "url2": "https://www.shima-nursing.co.jp" }, "geometry": { "type": "Point", "coordinates": [ 139.614819403670111, 35.75270306321881 ] } },
{ "type": "Feature", "properties": { "内容": "そんぽの家　光が丘【特定施設入居者生活介護（有料老人ホーム）】東京都練馬区土支田１－１５－16", "url": "https://www.kaigokensaku.mhlw.go.jp/13/index.php?action_kouhyou_detail_004_kani=true&JigyosyoCd=1372003325-00&ServiceCd=331&Type=search", "url2": "https://www.sompocare.com/service/home/kaigo/H000162" }, "geometry": { "type": "Point", "coordinates": [ 139.61938669999995, 35.7644246 ] } },
{ "type": "Feature", "properties": { "内容": "メディカル・リハビリホームくらら練馬江古田【特定施設入居者生活介護（有料老人ホーム）】東京都練馬区羽沢一丁目22番11号", "url": "https://www.kaigokensaku.mhlw.go.jp/13/index.php?action_kouhyou_detail_004_kani=true&JigyosyoCd=1372004349-00&ServiceCd=331&Type=search", "url2": "http://www.benesse-style-care.co.jp/" }, "geometry": { "type": "Point", "coordinates": [ 139.6719223, 35.7429283 ] } },
{ "type": "Feature", "properties": { "内容": "ニチイホーム南大泉【特定施設入居者生活介護（有料老人ホーム）】東京都練馬区南大泉3-18-1", "url": "https://www.kaigokensaku.mhlw.go.jp/13/index.php?action_kouhyou_detail_004_kani=true&JigyosyoCd=1372004356-00&ServiceCd=331&Type=search", "url2": "http://www.nichii-home.jp/" }, "geometry": { "type": "Point", "coordinates": [ 139.569125399999962, 35.7412536 ] } },
{ "type": "Feature", "properties": { "内容": "アズハイム大泉学園【特定施設入居者生活介護（有料老人ホーム）】東京都練馬区大泉町6丁目7番15号", "url": "https://www.kaigokensaku.mhlw.go.jp/13/index.php?action_kouhyou_detail_004_kani=true&JigyosyoCd=1372004695-00&ServiceCd=331&Type=search", "url2": "http://www.as-heim.com/oizumi/" }, "geometry": { "type": "Point", "coordinates": [ 139.595098099999973, 35.7565192 ] } },
{ "type": "Feature", "properties": { "内容": "アズハイム光が丘【特定施設入居者生活介護（有料老人ホーム）】東京都練馬区谷原4丁目3番23号", "url": "https://www.kaigokensaku.mhlw.go.jp/13/index.php?action_kouhyou_detail_004_kani=true&JigyosyoCd=1372005148-00&ServiceCd=331&Type=search", "url2": "https://as-heim.com/" }, "geometry": { "type": "Point", "coordinates": [ 139.614390700000058, 35.7529036 ] } },
{ "type": "Feature", "properties": { "内容": "ニチイホーム石神井台【特定施設入居者生活介護（有料老人ホーム）】東京都練馬区石神井台5-28-19", "url": "https://www.kaigokensaku.mhlw.go.jp/13/index.php?action_kouhyou_detail_004_kani=true&JigyosyoCd=1372005197-00&ServiceCd=331&Type=search", "url2": "http://www.nichii-home.jp/" }, "geometry": { "type": "Point", "coordinates": [ 139.583455299999969, 35.7376573 ] } },
{ "type": "Feature", "properties": { "内容": "グランダ中村橋【特定施設入居者生活介護（有料老人ホーム）】東京都練馬区中村三丁目36番13号", "url": "https://www.kaigokensaku.mhlw.go.jp/13/index.php?action_kouhyou_detail_004_kani=true&JigyosyoCd=1372005478-00&ServiceCd=331&Type=search", "url2": "http://www.benesse-style-care.co.jp" }, "geometry": { "type": "Point", "coordinates": [ 139.636903500000017, 35.7318984 ] } },
{ "type": "Feature", "properties": { "内容": "ニチイホーム練馬高野台【特定施設入居者生活介護（有料老人ホーム）】東京都練馬区南田中3-17-11", "url": "https://www.kaigokensaku.mhlw.go.jp/13/index.php?action_kouhyou_detail_004_kani=true&JigyosyoCd=1372005486-00&ServiceCd=331&Type=search", "url2": "https://www.nichii-carepalace.co.jp/" }, "geometry": { "type": "Point", "coordinates": [ 139.617666200000031, 35.7366279 ] } },
{ "type": "Feature", "properties": { "内容": "そんぽの家練馬【特定施設入居者生活介護（有料老人ホーム）】東京都練馬区高松3丁目1番18号", "url": "https://www.kaigokensaku.mhlw.go.jp/13/index.php?action_kouhyou_detail_004_kani=true&JigyosyoCd=1372005528-00&ServiceCd=331&Type=search", "url2": "https://www.sompocare.com" }, "geometry": { "type": "Point", "coordinates": [ 139.628800899999987, 35.7457521 ] } },
{ "type": "Feature", "properties": { "内容": "メディカル・リハビリホームくらら大泉学園【特定施設入居者生活介護（有料老人ホーム）】東京都練馬区東大泉一丁目１７番３号", "url": "https://www.kaigokensaku.mhlw.go.jp/13/index.php?action_kouhyou_detail_004_kani=true&JigyosyoCd=1372006211-00&ServiceCd=331&Type=search", "url2": "http://www.benesse-style-care.co.jp" }, "geometry": { "type": "Point", "coordinates": [ 139.594515099999967, 35.7487896 ] } },
{ "type": "Feature", "properties": { "内容": "メディカル・リハビリホームまどか富士見台【特定施設入居者生活介護（有料老人ホーム）】東京都練馬区富士見台１丁目１７番２２号", "url": "https://www.kaigokensaku.mhlw.go.jp/13/index.php?action_kouhyou_detail_004_kani=true&JigyosyoCd=1372006724-00&ServiceCd=331&Type=search", "url2": "http://www.benesse-style-care.co.jp" }, "geometry": { "type": "Point", "coordinates": [ 139.622924199999943, 35.7327285 ] } },
{ "type": "Feature", "properties": { "内容": "グランフォレスト氷川台【特定施設入居者生活介護（有料老人ホーム）】東京都練馬区氷川台4-46-12グランフォレスト氷川台", "url": "https://www.kaigokensaku.mhlw.go.jp/13/index.php?action_kouhyou_detail_004_kani=true&JigyosyoCd=1372006732-00&ServiceCd=331&Type=search", "url2": "https://www.fillcare.co.jp/facilities/hikawadai/" }, "geometry": { "type": "Point", "coordinates": [ 139.663972699999931, 35.7531382 ] } },
{ "type": "Feature", "properties": { "内容": "そんぽの家　石神井公園【特定施設入居者生活介護（有料老人ホーム）】東京都練馬区石神井町2丁目３４番１４号", "url": "https://www.kaigokensaku.mhlw.go.jp/13/index.php?action_kouhyou_detail_004_kani=true&JigyosyoCd=1372007235-00&ServiceCd=331&Type=search", "url2": "https://www.sompocare.com/service/home/kaigo/H000259/" }, "geometry": { "type": "Point", "coordinates": [ 139.605515315344263, 35.748466405616654 ] } },
{ "type": "Feature", "properties": { "内容": "練馬やわらぎ苑【特定施設入居者生活介護（有料老人ホーム）】東京都練馬区錦1-25-5", "url": "https://www.kaigokensaku.mhlw.go.jp/13/index.php?action_kouhyou_detail_004_kani=true&JigyosyoCd=1372007367-00&ServiceCd=331&Type=search", "url2": "https://www.sunnylife-group.co.jp/" }, "geometry": { "type": "Point", "coordinates": [ 139.668799799999988, 35.7596321 ] } },
{ "type": "Feature", "properties": { "内容": "ジョイライフ光が丘【特定施設入居者生活介護（有料老人ホーム）】東京都練馬区旭町2-21-11", "url": "https://www.kaigokensaku.mhlw.go.jp/13/index.php?action_kouhyou_detail_004_kani=true&JigyosyoCd=1372007557-00&ServiceCd=331&Type=search", "url2": "http://www.joylife-jp.com" }, "geometry": { "type": "Point", "coordinates": [ 139.627738499999964, 35.7715295 ] } },
{ "type": "Feature", "properties": { "内容": "リハビリホームグランダ平和台【特定施設入居者生活介護（有料老人ホーム）】東京都練馬区早宮二丁目18番4号", "url": "https://www.kaigokensaku.mhlw.go.jp/13/index.php?action_kouhyou_detail_004_kani=true&JigyosyoCd=1372009215-00&ServiceCd=331&Type=search", "url2": "http://www.benesse-style-care.co.jp/" }, "geometry": { "type": "Point", "coordinates": [ 139.6525014, 35.7558572 ] } },
{ "type": "Feature", "properties": { "内容": "リハビリホームグランダ鷺ノ宮【特定施設入居者生活介護（有料老人ホーム）】東京都練馬区中村3－6－１", "url": "https://www.kaigokensaku.mhlw.go.jp/13/index.php?action_kouhyou_detail_004_kani=true&JigyosyoCd=1372009223-00&ServiceCd=331&Type=search", "url2": "http://www.benesse-style-care.co.jp/" }, "geometry": { "type": "Point", "coordinates": [ 139.64129760000003, 35.7307708 ] } },
{ "type": "Feature", "properties": { "内容": "ニチイケアセンター練馬さくら台【特定施設入居者生活介護（有料老人ホーム）】東京都練馬区桜台2-28-5", "url": "https://www.kaigokensaku.mhlw.go.jp/13/index.php?action_kouhyou_detail_004_kani=true&JigyosyoCd=1372010064-00&ServiceCd=331&Type=search", "url2": "http://www.nichiigakkan.co.jp/" }, "geometry": { "type": "Point", "coordinates": [ 139.665136699999948, 35.7445809 ] } },
{ "type": "Feature", "properties": { "内容": "アシステッドリビング練馬【特定施設入居者生活介護（有料老人ホーム）】東京都練馬区西大泉2-14-3", "url": "https://www.kaigokensaku.mhlw.go.jp/13/index.php?action_kouhyou_detail_004_kani=true&JigyosyoCd=1372010247-00&ServiceCd=331&Type=search", "url2": "http://www.zenwellness.co.jp/" }, "geometry": { "type": "Point", "coordinates": [ 139.576224700000012, 35.757886700000014 ] } },
{ "type": "Feature", "properties": { "内容": "有料老人ホーム　サニーライフ練馬【特定施設入居者生活介護（有料老人ホーム）】東京都練馬区高松三丁目５番１９号", "url": "https://www.kaigokensaku.mhlw.go.jp/13/index.php?action_kouhyou_detail_004_kani=true&JigyosyoCd=1372010940-00&ServiceCd=331&Type=search", "url2": "http://www.sunnylife-group.co.jp" }, "geometry": { "type": "Point", "coordinates": [ 139.6267603, 35.7463942 ] } },
{ "type": "Feature", "properties": { "内容": "リハビリホームまどか光が丘【特定施設入居者生活介護（有料老人ホーム）】東京都練馬区高松六丁目３２番５号", "url": "https://www.kaigokensaku.mhlw.go.jp/13/index.php?action_kouhyou_detail_004_kani=true&JigyosyoCd=1372011153-00&ServiceCd=331&Type=search", "url2": "http://www.benesse-style-care.co.jp/" }, "geometry": { "type": "Point", "coordinates": [ 139.61950360000003, 35.7600723 ] } },
{ "type": "Feature", "properties": { "内容": "ニチイホーム都立家政【特定施設入居者生活介護（有料老人ホーム）】東京都練馬区中村南1丁目9番1号", "url": "https://www.kaigokensaku.mhlw.go.jp/13/index.php?action_kouhyou_detail_004_kani=true&JigyosyoCd=1372011740-00&ServiceCd=331&Type=search", "url2": "http://ｗｗｗ.nichii-home.jp" }, "geometry": { "type": "Point", "coordinates": [ 139.648130400000014, 35.7273824 ] } },
{ "type": "Feature", "properties": { "内容": "アズハイム練馬ガーデン【特定施設入居者生活介護（有料老人ホーム）】東京都練馬区田柄2-34-7アズハイム練馬ガーデン", "url": "https://www.kaigokensaku.mhlw.go.jp/13/index.php?action_kouhyou_detail_004_kani=true&JigyosyoCd=1372011930-00&ServiceCd=331&Type=search", "url2": "https://as-heim.com/" }, "geometry": { "type": "Point", "coordinates": [ 139.644151312233703, 35.767280418008745 ] } },
{ "type": "Feature", "properties": { "内容": "クラーチ・フィエラ鷺ノ宮【特定施設入居者生活介護（有料老人ホーム）】東京都練馬区中村南3丁目23番18", "url": "https://www.kaigokensaku.mhlw.go.jp/13/index.php?action_kouhyou_detail_004_kani=true&JigyosyoCd=1372011989-00&ServiceCd=331&Type=search", "url2": "https://www.kuraci.co.jp/home/fiera-saginomiya/" }, "geometry": { "type": "Point", "coordinates": [ 139.638553399999978, 35.7298875 ] } },
{ "type": "Feature", "properties": { "内容": "あすなろ大泉学園【特定施設入居者生活介護（有料老人ホーム）】東京都練馬区大泉学園町七丁目１１番２１号", "url": "https://www.kaigokensaku.mhlw.go.jp/13/index.php?action_kouhyou_detail_004_kani=true&JigyosyoCd=1372012276-00&ServiceCd=331&Type=search", "url2": "https://acty-net.info" }, "geometry": { "type": "Point", "coordinates": [ 139.586648500000024, 35.7724809 ] } },
{ "type": "Feature", "properties": { "内容": "グッドタイムナーシングホーム・大泉学園【特定施設入居者生活介護（有料老人ホーム）】東京都練馬区大泉学園町2-11-6", "url": "https://www.kaigokensaku.mhlw.go.jp/13/index.php?action_kouhyou_detail_004_kani=true&JigyosyoCd=1372012995-00&ServiceCd=331&Type=search", "url2": "http://www.goodtimehome.com" }, "geometry": { "type": "Point", "coordinates": [ 139.586676799999964, 35.7562834 ] } },
{ "type": "Feature", "properties": { "内容": "あいらの杜　石神井公園【特定施設入居者生活介護（有料老人ホーム）】東京都練馬区三原台1丁目29番15号", "url": "https://www.kaigokensaku.mhlw.go.jp/13/index.php?action_kouhyou_detail_004_kani=true&JigyosyoCd=1372013050-00&ServiceCd=331&Type=search", "url2": "http://www.halenosumai.jp/" }, "geometry": { "type": "Point", "coordinates": [ 139.603316800000016, 35.7507578 ] } },
{ "type": "Feature", "properties": { "内容": "はなことばプラス練馬中村【特定施設入居者生活介護（有料老人ホーム）】東京都練馬区中村1-15-23", "url": "https://www.kaigokensaku.mhlw.go.jp/13/index.php?action_kouhyou_detail_004_kani=true&JigyosyoCd=1372013167-00&ServiceCd=331&Type=search", "url2": "https://hanakotoba.co.jp/" }, "geometry": { "type": "Point", "coordinates": [ 139.646165699999983, 35.7315507 ] } },
{ "type": "Feature", "properties": { "内容": "グランダ練馬【特定施設入居者生活介護（有料老人ホーム）】東京都練馬区豊玉南2-27-12", "url": "https://www.kaigokensaku.mhlw.go.jp/13/index.php?action_kouhyou_detail_004_kani=true&JigyosyoCd=1372013175-00&ServiceCd=331&Type=search", "url2": "https://www.benesse-style-care.co.jp/" }, "geometry": { "type": "Point", "coordinates": [ 139.654750651555219, 35.729911517619485 ] } },
{ "type": "Feature", "properties": { "内容": "有料老人ホーム　サニーライフ大泉学園【特定施設入居者生活介護（有料老人ホーム）】東京都練馬区東大泉4丁目30番20号", "url": "https://www.kaigokensaku.mhlw.go.jp/13/index.php?action_kouhyou_detail_004_kani=true&JigyosyoCd=1372013183-00&ServiceCd=331&Type=search", "url2": "http://www.sunnylife-group.co.jp" }, "geometry": { "type": "Point", "coordinates": [ 139.5865225, 35.7546903 ] } },
{ "type": "Feature", "properties": { "内容": "有料老人ホーム　サニーライフ西大泉【特定施設入居者生活介護（有料老人ホーム）】東京都練馬区西大泉４丁目１１番１１号", "url": "https://www.kaigokensaku.mhlw.go.jp/13/index.php?action_kouhyou_detail_004_kani=true&JigyosyoCd=1372013217-00&ServiceCd=331&Type=search", "url2": "http://www.sunnylife-group.co.jp" }, "geometry": { "type": "Point", "coordinates": [ 139.574807960049441, 35.761171240389977 ] } },
{ "type": "Feature", "properties": { "内容": "リハビリホームボンセジュール南大泉練馬【特定施設入居者生活介護（有料老人ホーム）】東京都練馬区南大泉練馬1－21－1", "url": "https://www.kaigokensaku.mhlw.go.jp/13/index.php?action_kouhyou_detail_004_kani=true&JigyosyoCd=1372013266-00&ServiceCd=331&Type=search", "url2": "https://www.benesse-style-care.co.jp" }, "geometry": { "type": "Point", "coordinates": [ 139.6562893, 35.738421 ] } },
{ "type": "Feature", "properties": { "内容": "ベストライフ大泉学園【特定施設入居者生活介護（有料老人ホーム）】東京都練馬区大泉学園町4-21-10ベストライフ大泉学園", "url": "https://www.kaigokensaku.mhlw.go.jp/13/index.php?action_kouhyou_detail_004_kani=true&JigyosyoCd=1372013290-00&ServiceCd=331&Type=search", "url2": null }, "geometry": { "type": "Point", "coordinates": [ 139.588230399999986, 35.7658283 ] } },
{ "type": "Feature", "properties": { "内容": "ベストライフ東大泉【特定施設入居者生活介護（有料老人ホーム）】東京都練馬区東大泉3-62-13", "url": "https://www.kaigokensaku.mhlw.go.jp/13/index.php?action_kouhyou_detail_004_kani=true&JigyosyoCd=1372013308-00&ServiceCd=331&Type=search", "url2": null }, "geometry": { "type": "Point", "coordinates": [ 139.5896927, 35.7571218 ] } },
{ "type": "Feature", "properties": { "内容": "有料老人ホーム　サニーライフ練馬高野台【特定施設入居者生活介護（有料老人ホーム）】東京都練馬区高野台1-13-19", "url": "https://www.kaigokensaku.mhlw.go.jp/13/index.php?action_kouhyou_detail_004_kani=true&JigyosyoCd=1372013365-00&ServiceCd=331&Type=search", "url2": "http://www.sunnylife-group.co.jp" }, "geometry": { "type": "Point", "coordinates": [ 139.617469103704821, 35.7432675 ] } },
{ "type": "Feature", "properties": { "内容": "クラーチ・ファミリア光が丘公園【特定施設入居者生活介護（有料老人ホーム）】東京都練馬区田柄2丁目39番1号クラーチ・ファミリア光が丘公園", "url": "https://www.kaigokensaku.mhlw.go.jp/13/index.php?action_kouhyou_detail_004_kani=true&JigyosyoCd=1372013506-00&ServiceCd=331&Type=search", "url2": "http://www.kuraci.co.jp/house/famila/hikarigaokakoen/" }, "geometry": { "type": "Point", "coordinates": [ 139.642657, 35.7668041 ] } },
{ "type": "Feature", "properties": { "内容": "しゃくじい台翔裕館【特定施設入居者生活介護（有料老人ホーム）】東京都練馬区石神井台７丁目12-22しゃくじい台翔裕館", "url": "https://www.kaigokensaku.mhlw.go.jp/13/index.php?action_kouhyou_detail_004_kani=true&JigyosyoCd=1372013514-00&ServiceCd=331&Type=search", "url2": "https://www.sanga-kaigo.co.jp/" }, "geometry": { "type": "Point", "coordinates": [ 139.579020799999967, 35.730609710893006 ] } },
{ "type": "Feature", "properties": { "内容": "光が丘パークヴィラ【特定施設入居者生活介護（有料老人ホーム）】東京都練馬区旭町二丁目９番１３号", "url": "https://www.kaigokensaku.mhlw.go.jp/13/index.php?action_kouhyou_detail_004_kani=true&JigyosyoCd=1372013597-00&ServiceCd=331&Type=search", "url2": "https://grancreer.com/hikarigaoka/" }, "geometry": { "type": "Point", "coordinates": [ 139.6248013, 35.7700709 ] } },
{ "type": "Feature", "properties": { "内容": "有料老人ホーム　サニーライフ練馬豊玉【特定施設入居者生活介護（有料老人ホーム）】東京都練馬区豊玉中2-8-10", "url": "https://www.kaigokensaku.mhlw.go.jp/13/index.php?action_kouhyou_detail_004_kani=true&JigyosyoCd=1372013712-00&ServiceCd=331&Type=search", "url2": "http://www.sunnylife-group.co.jp" }, "geometry": { "type": "Point", "coordinates": [ 139.659754950926242, 35.731621713102896 ] } },
{ "type": "Feature", "properties": { "内容": "うらら練馬【特定施設入居者生活介護（有料老人ホーム）】東京都練馬区早宮4丁目27-23", "url": "https://www.kaigokensaku.mhlw.go.jp/13/index.php?action_kouhyou_detail_004_kani=true&JigyosyoCd=1372013944-00&ServiceCd=331&Type=search", "url2": "https://www.starts-care.jp/nerima/" }, "geometry": { "type": "Point", "coordinates": [ 139.649513500000012, 35.7522343 ] } },
{ "type": "Feature", "properties": { "内容": "グレースメイト練馬桜台【特定施設入居者生活介護（有料老人ホーム）】東京都練馬区桜台五丁目17番17号", "url": "https://www.kaigokensaku.mhlw.go.jp/13/index.php?action_kouhyou_detail_004_kani=true&JigyosyoCd=1372013993-00&ServiceCd=331&Type=search", "url2": "http://www.solasto.co.jp" }, "geometry": { "type": "Point", "coordinates": [ 139.65775210000001, 35.742635 ] } },
{ "type": "Feature", "properties": { "内容": "グレースメイト鷺ノ宮参番館【特定施設入居者生活介護（有料老人ホーム）】東京都練馬区中村南三丁目24番12号", "url": "https://www.kaigokensaku.mhlw.go.jp/13/index.php?action_kouhyou_detail_004_kani=true&JigyosyoCd=1372014017-00&ServiceCd=331&Type=search", "url2": "https://www.solasto.co.jp" }, "geometry": { "type": "Point", "coordinates": [ 139.637943799999988, 35.7299813 ] } },
{ "type": "Feature", "properties": { "内容": "グレースメイト中村橋【特定施設入居者生活介護（有料老人ホーム）】東京都練馬区向山1-15-14", "url": "https://www.kaigokensaku.mhlw.go.jp/13/index.php?action_kouhyou_detail_004_kani=true&JigyosyoCd=1372014025-00&ServiceCd=331&Type=search", "url2": "https://www.gracemate.jp/" }, "geometry": { "type": "Point", "coordinates": [ 139.639168200000029, 35.737333700000015 ] } },
{ "type": "Feature", "properties": { "内容": "グレースメイト鷺ノ宮弐番館【特定施設入居者生活介護（有料老人ホーム）】東京都練馬区中村3-32-2", "url": "https://www.kaigokensaku.mhlw.go.jp/13/index.php?action_kouhyou_detail_004_kani=true&JigyosyoCd=1372014033-00&ServiceCd=331&Type=search", "url2": "https://solasto-kaigo.com/service/home/saginomiya-nibankan" }, "geometry": { "type": "Point", "coordinates": [ 139.638460900000013, 35.73075 ] } },
{ "type": "Feature", "properties": { "内容": "はなことば練馬平和台【特定施設入居者生活介護（有料老人ホーム）】東京都練馬区平和台4-20-3はなことば練馬平和台", "url": "https://www.kaigokensaku.mhlw.go.jp/13/index.php?action_kouhyou_detail_004_kani=true&JigyosyoCd=1372014249-00&ServiceCd=331&Type=search", "url2": "https://hanakotoba.co.jp/facility/nerimaheiwadai.html" }, "geometry": { "type": "Point", "coordinates": [ 139.6568474, 35.7597711 ] } },
{ "type": "Feature", "properties": { "内容": "ベストライフ大泉学園Ⅱ【特定施設入居者生活介護（有料老人ホーム）】東京都練馬区大泉学園町1-11-9ベストライフ大泉学園Ⅱ", "url": "https://www.kaigokensaku.mhlw.go.jp/13/index.php?action_kouhyou_detail_004_kani=true&JigyosyoCd=1372014306-00&ServiceCd=331&Type=search", "url2": null }, "geometry": { "type": "Point", "coordinates": [ 139.5903404, 35.7584254 ] } },
{ "type": "Feature", "properties": { "内容": "ソナーレ・アテリア大泉学園【特定施設入居者生活介護（有料老人ホーム）】東京都練馬区東大泉六丁目４８番３号", "url": "https://www.kaigokensaku.mhlw.go.jp/13/index.php?action_kouhyou_detail_004_kani=true&JigyosyoCd=1372014348-00&ServiceCd=331&Type=search", "url2": "https://www.lifecaredesign.co.jp/sonare-oizumigakuen/" }, "geometry": { "type": "Point", "coordinates": [ 139.581957, 35.747894 ] } },
{ "type": "Feature", "properties": { "内容": "練馬谷原ケアパークそよ風【特定施設入居者生活介護（有料老人ホーム）】東京都練馬区谷原1-15-15", "url": "https://www.kaigokensaku.mhlw.go.jp/13/index.php?action_kouhyou_detail_004_kani=true&JigyosyoCd=1372014454-00&ServiceCd=331&Type=search", "url2": null }, "geometry": { "type": "Point", "coordinates": [ 139.6210228, 35.7506721 ] } },
{ "type": "Feature", "properties": { "内容": "有料老人ホーム　サニーライフ練馬関町【特定施設入居者生活介護（有料老人ホーム）】東京都練馬区関町南4-20-16", "url": "https://www.kaigokensaku.mhlw.go.jp/13/index.php?action_kouhyou_detail_004_kani=true&JigyosyoCd=1372014488-00&ServiceCd=331&Type=search", "url2": "http://www.sunnylife-group.co.jp" }, "geometry": { "type": "Point", "coordinates": [ 139.5695407, 35.722675600000017 ] } },
{ "type": "Feature", "properties": { "内容": "そんぽの家氷川台【特定施設入居者生活介護（有料老人ホーム）】東京都練馬区氷川台３－２－６", "url": "https://www.kaigokensaku.mhlw.go.jp/13/index.php?action_kouhyou_detail_004_kani=true&JigyosyoCd=1372006104-00&ServiceCd=331&Type=search", "url2": "http://www.sompocare.com/" }, "geometry": { "type": "Point", "coordinates": [ 139.671402599999965, 35.7516024 ] } },
{ "type": "Feature", "properties": { "内容": "リハビリホームグランダ中村橋弐番館【特定施設入居者生活介護（有料老人ホーム）】東京都練馬区貫井二丁目9番9号", "url": "https://www.kaigokensaku.mhlw.go.jp/13/index.php?action_kouhyou_detail_004_kani=true&JigyosyoCd=1372008506-00&ServiceCd=331&Type=search", "url2": "http://www.benesse-style-care.co.jp/" }, "geometry": { "type": "Point", "coordinates": [ 139.635642299999972, 35.7393836 ] } },
{ "type": "Feature", "properties": { "内容": "SOMPOケア　ラヴィーレ南大泉【特定施設入居者生活介護（有料老人ホーム）】東京都練馬区南大泉2-1-28SOMPOケア　ラヴィーレ南大泉", "url": "https://www.kaigokensaku.mhlw.go.jp/13/index.php?action_kouhyou_detail_004_kani=true&JigyosyoCd=1372012474-00&ServiceCd=331&Type=search", "url2": "https://www.sompocare.com" }, "geometry": { "type": "Point", "coordinates": [ 139.571214400000031, 35.7365265 ] } },
{ "type": "Feature", "properties": { "内容": "SOMPOケア　ラヴィーレ鷺ノ宮【特定施設入居者生活介護（有料老人ホーム）】東京都練馬区中村南3-23-11", "url": "https://www.kaigokensaku.mhlw.go.jp/13/index.php?action_kouhyou_detail_004_kani=true&JigyosyoCd=1372012524-00&ServiceCd=331&Type=search", "url2": "https://www.sompocare.com/service/home/kaigo/H000040/" }, "geometry": { "type": "Point", "coordinates": [ 139.638395100000025, 35.730193 ] } },
{ "type": "Feature", "properties": { "内容": "リアンレーヴ大泉学園【特定施設入居者生活介護（有料老人ホーム）】東京都練馬区東大泉5-30-8", "url": "https://www.kaigokensaku.mhlw.go.jp/13/index.php?action_kouhyou_detail_004_kani=true&JigyosyoCd=1372012656-00&ServiceCd=331&Type=search", "url2": "https://www.kinoshita-kaigo.co.jp/facility/care_home/lien_reve_ouizumigakuen.html" }, "geometry": { "type": "Point", "coordinates": [ 139.587453717721587, 35.746598724460767 ] } },
{ "type": "Feature", "properties": { "内容": "ソナーレ石神井【特定施設入居者生活介護（有料老人ホーム）】東京都練馬区関町南1-2-32", "url": "https://www.kaigokensaku.mhlw.go.jp/13/index.php?action_kouhyou_detail_004_kani=true&JigyosyoCd=1372012714-00&ServiceCd=331&Type=search", "url2": "http://www.lifecaredesign.co.jp" }, "geometry": { "type": "Point", "coordinates": [ 139.594918799999959, 35.7209985 ] } },
{ "type": "Feature", "properties": { "内容": "グランフォレスト練馬高松【特定施設入居者生活介護（有料老人ホーム）】東京都練馬区高松２-８-５グランフォレスト練馬高松", "url": "https://www.kaigokensaku.mhlw.go.jp/13/index.php?action_kouhyou_detail_004_kani=true&JigyosyoCd=1372112340-00&ServiceCd=331&Type=search", "url2": "http://www.fillcare.co.jp/facilities/nerimatakamatsu/" }, "geometry": { "type": "Point", "coordinates": [ 139.629156299999977, 35.747238 ] } },
{ "type": "Feature", "properties": { "内容": "SOMPOケア　ラヴィーレ練馬【特定施設入居者生活介護（有料老人ホーム）】東京都練馬区豊玉中2-27-10SOMPOケア　ラヴィーレ練馬", "url": "https://www.kaigokensaku.mhlw.go.jp/13/index.php?action_kouhyou_detail_004_kani=true&JigyosyoCd=1371910959-00&ServiceCd=331&Type=search", "url2": "https://www.sompocare.com" }, "geometry": { "type": "Point", "coordinates": [ 139.657568399999946, 35.7308212 ] } },
{ "type": "Feature", "properties": { "内容": "メディカル・リハビリホームグランダ石神井公園【特定施設入居者生活介護（有料老人ホーム）】東京都練馬区下石神井六丁目１１番３号", "url": "https://www.kaigokensaku.mhlw.go.jp/13/index.php?action_kouhyou_detail_004_kani=true&JigyosyoCd=1372005734-00&ServiceCd=331&Type=search", "url2": "http://www.benesse-style-care.co.jp/" }, "geometry": { "type": "Point", "coordinates": [ 139.603287, 35.7345666 ] } },
{ "type": "Feature", "properties": { "内容": "リハビリホームグランダ武蔵関【特定施設入居者生活介護（有料老人ホーム）】東京都練馬区関町北3-11-9", "url": "https://www.kaigokensaku.mhlw.go.jp/13/index.php?action_kouhyou_detail_004_kani=true&JigyosyoCd=1372007763-00&ServiceCd=331&Type=search", "url2": "http://www.benesse-style-care.co.jp/" }, "geometry": { "type": "Point", "coordinates": [ 139.568423400000029, 35.7252194 ] } },
{ "type": "Feature", "properties": { "内容": "介護付有料老人ホームライブラリ練馬谷原【特定施設入居者生活介護（有料老人ホーム）】東京都練馬区谷原2-7-24", "url": "https://www.kaigokensaku.mhlw.go.jp/13/index.php?action_kouhyou_detail_004_kani=true&JigyosyoCd=1372014132-00&ServiceCd=331&Type=search", "url2": null }, "geometry": { "type": "Point", "coordinates": [ 139.614923299999987, 35.7496728 ] } },
{ "type": "Feature", "properties": { "内容": "ファミニュー石神井【特定施設入居者生活介護（有料老人ホーム）】東京都練馬区関町東1-1-5", "url": "https://www.kaigokensaku.mhlw.go.jp/13/index.php?action_kouhyou_detail_004_kani=true&JigyosyoCd=1372006666-00&ServiceCd=331&Type=search", "url2": "http://www.mcsg.co.jp" }, "geometry": { "type": "Point", "coordinates": [ 139.5855798, 35.7227669 ] } },
{ "type": "Feature", "properties": { "内容": "医心館平和台【特定施設入居者生活介護（有料老人ホーム）】東京都練馬区早宮二丁目10番26号", "url": "https://www.kaigokensaku.mhlw.go.jp/13/index.php?action_kouhyou_detail_004_kani=true&JigyosyoCd=1372015188-00&ServiceCd=331&Type=search", "url2": null }, "geometry": { "type": "Point", "coordinates": [ 139.653314200000011, 35.7547849 ] } },
{ "type": "Feature", "properties": { "内容": "グレースメイト鷺宮【特定施設入居者生活介護（有料老人ホーム）】東京都練馬区中村3-33-15", "url": "https://www.kaigokensaku.mhlw.go.jp/13/index.php?action_kouhyou_detail_004_kani=true&JigyosyoCd=1372014009-00&ServiceCd=331&Type=search", "url2": "https://www.solasto.co.jp" }, "geometry": { "type": "Point", "coordinates": [ 139.637598700000012, 35.7306617 ] } },
{ "type": "Feature", "properties": { "内容": "ウェルケアテラス　氷川台【特定施設入居者生活介護（有料老人ホーム）】東京都練馬区桜台3-9-17", "url": "https://www.kaigokensaku.mhlw.go.jp/13/index.php?action_kouhyou_detail_004_kani=true&JigyosyoCd=1372009082-00&ServiceCd=331&Type=search", "url2": "http://www.sankeiwellcare.com" }, "geometry": { "type": "Point", "coordinates": [ 139.668930307514756, 35.749071902452734 ] } },
{ "type": "Feature", "properties": { "内容": "イリーゼ練馬大泉学園【特定施設入居者生活介護（有料老人ホーム）】東京都練馬区大泉学園町五丁目31番28号イリーゼ練馬大泉学園", "url": "https://www.kaigokensaku.mhlw.go.jp/13/index.php?action_kouhyou_detail_004_kani=true&JigyosyoCd=1372015212-00&ServiceCd=331&Type=search", "url2": "https://www.irs.jp/" }, "geometry": { "type": "Point", "coordinates": [ 139.578888400000011, 35.76533160000001 ] } },
{ "type": "Feature", "properties": { "内容": "イリーゼ石神井公園【特定施設入居者生活介護（有料老人ホーム）】東京都練馬区谷原5丁目10番6号イリーゼ石神井公園", "url": "https://www.kaigokensaku.mhlw.go.jp/13/index.php?action_kouhyou_detail_004_kani=true&JigyosyoCd=1372015238-00&ServiceCd=331&Type=search", "url2": "http://www.irs.jp/" }, "geometry": { "type": "Point", "coordinates": [ 139.612220400000012, 35.7526646 ] } },
{ "type": "Feature", "properties": { "内容": "チャーム石神井台【特定施設入居者生活介護（有料老人ホーム）】東京都練馬区石神井台6丁目19-11", "url": "https://www.kaigokensaku.mhlw.go.jp/13/index.php?action_kouhyou_detail_004_kani=true&JigyosyoCd=1372013936-00&ServiceCd=331&Type=search", "url2": "https://www.charmcc.jp/home/charm_shakujiidai/" }, "geometry": { "type": "Point", "coordinates": [ 139.580722, 35.737679100000022 ] } },
{ "type": "Feature", "properties": { "内容": "チャーム光が丘【特定施設入居者生活介護（有料老人ホーム）】東京都練馬区田柄三丁目12番1号", "url": "https://www.kaigokensaku.mhlw.go.jp/13/index.php?action_kouhyou_detail_004_kani=true&JigyosyoCd=1372013928-00&ServiceCd=331&Type=search", "url2": "https://www.charmcc.jp/home/charm_hikarigaoka/" }, "geometry": { "type": "Point", "coordinates": [ 139.637398600000012, 35.7588081 ] } },
{ "type": "Feature", "properties": { "内容": "イリーゼ練馬石神井台【特定施設入居者生活介護（有料老人ホーム）】東京都練馬区石神井台4-8-14イリーゼ練馬石神井台", "url": "https://www.kaigokensaku.mhlw.go.jp/13/index.php?action_kouhyou_detail_004_kani=true&JigyosyoCd=1372015220-00&ServiceCd=331&Type=search", "url2": "https://www.irs.jp/area/tokyo/nerimaku/shakujiidai_home.html?utm_source=google&utm_medium=cpc&utm_campaign=gss_listing_facility&argument=XgDKgLKL&dmai=gs_240701_106&gad_source=1&gad_campaignid=21405220302&gbraid=0AAAAA937hMoIEXE4AfWqFpE2MpDQgLEho&gclid=Cj" }, "geometry": { "type": "Point", "coordinates": [ 139.584504900000013, 35.7323186 ] } },
{ "type": "Feature", "properties": { "内容": "もみの樹・練馬【特定施設入居者生活介護（有料老人ホーム）】東京都練馬区平和台二丁目５０番１号", "url": "https://www.kaigokensaku.mhlw.go.jp/13/index.php?action_kouhyou_detail_004_kani=true&JigyosyoCd=1372002426-00&ServiceCd=331&Type=search", "url2": "http://www.mominoki-life.com" }, "geometry": { "type": "Point", "coordinates": [ 139.6590979, 35.7608234 ] } },
{ "type": "Feature", "properties": { "内容": "竹の塚明生苑【特定施設入居者生活介護（有料老人ホーム）】東京都足立区六月2-33-8", "url": "https://www.kaigokensaku.mhlw.go.jp/13/index.php?action_kouhyou_detail_004_kani=true&JigyosyoCd=1372103927-00&ServiceCd=331&Type=search", "url2": "http://www.fukushi-e.com/" }, "geometry": { "type": "Point", "coordinates": [ 139.794204400000012, 35.787665700000034 ] } },
{ "type": "Feature", "properties": { "内容": "ふちえ明生苑【特定施設入居者生活介護（有料老人ホーム）】東京都足立区保木間４－３１－１", "url": "https://www.kaigokensaku.mhlw.go.jp/13/index.php?action_kouhyou_detail_004_kani=true&JigyosyoCd=1372105054-00&ServiceCd=331&Type=search", "url2": "http://www.fukushi-e.com/" }, "geometry": { "type": "Point", "coordinates": [ 139.806425200000035, 35.79822 ] } },
{ "type": "Feature", "properties": { "内容": "竹の塚明生苑六月【特定施設入居者生活介護（有料老人ホーム）】東京都足立区六月２－３５－８", "url": "https://www.kaigokensaku.mhlw.go.jp/13/index.php?action_kouhyou_detail_004_kani=true&JigyosyoCd=1372105401-00&ServiceCd=331&Type=search", "url2": "http://www.fukushi-e.com/" }, "geometry": { "type": "Point", "coordinates": [ 139.79391495448192, 35.788363149264725 ] } },
{ "type": "Feature", "properties": { "内容": "ドーミー北綾瀬【特定施設入居者生活介護（有料老人ホーム）】東京都足立区加平1丁目1番23号", "url": "https://www.kaigokensaku.mhlw.go.jp/13/index.php?action_kouhyou_detail_004_kani=true&JigyosyoCd=1372100980-00&ServiceCd=331&Type=search", "url2": "http://www.dormy-senior.com/" }, "geometry": { "type": "Point", "coordinates": [ 139.82531917486881, 35.775940647797455 ] } },
{ "type": "Feature", "properties": { "内容": "足立ケアコミュニティそよ風【特定施設入居者生活介護（有料老人ホーム）】東京都足立区梅島2-31-14", "url": "https://www.kaigokensaku.mhlw.go.jp/13/index.php?action_kouhyou_detail_004_kani=true&JigyosyoCd=1372101582-00&ServiceCd=331&Type=search", "url2": "http://www.unimat-rc.co.jp/" }, "geometry": { "type": "Point", "coordinates": [ 139.801723399999986, 35.7782891 ] } },
{ "type": "Feature", "properties": { "内容": "ウェルハイム・東京【特定施設入居者生活介護（有料老人ホーム）】東京都足立区佐野2-16-1", "url": "https://www.kaigokensaku.mhlw.go.jp/13/index.php?action_kouhyou_detail_004_kani=true&JigyosyoCd=1372101640-00&ServiceCd=331&Type=search", "url2": "https://www.welllife.co.jp/" }, "geometry": { "type": "Point", "coordinates": [ 139.84007, 35.7871716 ] } },
{ "type": "Feature", "properties": { "内容": "ヨウコーフォレスト竹の塚【特定施設入居者生活介護（有料老人ホーム）】東京都足立区栗原四丁目23番17号", "url": "https://www.kaigokensaku.mhlw.go.jp/13/index.php?action_kouhyou_detail_004_kani=true&JigyosyoCd=1372102424-00&ServiceCd=331&Type=search", "url2": "http://www.rehabili-youko.com" }, "geometry": { "type": "Point", "coordinates": [ 139.785774599999968, 35.7875712 ] } },
{ "type": "Feature", "properties": { "内容": "ハートランド明生苑【特定施設入居者生活介護（有料老人ホーム）】東京都足立区保木間4丁目3番5号", "url": "https://www.kaigokensaku.mhlw.go.jp/13/index.php?action_kouhyou_detail_004_kani=true&JigyosyoCd=1372102788-00&ServiceCd=331&Type=search", "url2": "http://www.fukushi-e.com/" }, "geometry": { "type": "Point", "coordinates": [ 139.802428299999974, 35.7981312 ] } },
{ "type": "Feature", "properties": { "内容": "そんぽの家竹ノ塚サンフラワー【特定施設入居者生活介護（有料老人ホーム）】東京都足立区保木間５－７－１２SOMPOケア　そんぽの家　竹ノ塚サンフラワー", "url": "https://www.kaigokensaku.mhlw.go.jp/13/index.php?action_kouhyou_detail_004_kani=true&JigyosyoCd=1372103745-00&ServiceCd=331&Type=search", "url2": "http://www.sompocare.com/" }, "geometry": { "type": "Point", "coordinates": [ 139.803975874868797, 35.802630923843637 ] } },
{ "type": "Feature", "properties": { "内容": "有料老人ホーム　サニーライフ足立【特定施設入居者生活介護（有料老人ホーム）】東京都足立区六木3-45-20", "url": "https://www.kaigokensaku.mhlw.go.jp/13/index.php?action_kouhyou_detail_004_kani=true&JigyosyoCd=1372104784-00&ServiceCd=331&Type=search", "url2": "http://www.sunnylife-group.co.jp" }, "geometry": { "type": "Point", "coordinates": [ 139.842803, 35.7997005 ] } },
{ "type": "Feature", "properties": { "内容": "ツクイ・サンシャイン足立【特定施設入居者生活介護（有料老人ホーム）】東京都足立区花畑6-10-3", "url": "https://www.kaigokensaku.mhlw.go.jp/13/index.php?action_kouhyou_detail_004_kani=true&JigyosyoCd=1372105369-00&ServiceCd=331&Type=search", "url2": "http://www.tsukui.net/sunshine/adachi/" }, "geometry": { "type": "Point", "coordinates": [ 139.816524, 35.805719 ] } },
{ "type": "Feature", "properties": { "内容": "介護付有料老人ホーム　プレザンメゾン足立東伊興【特定施設入居者生活介護（有料老人ホーム）】東京都足立区東伊興３－２１－８", "url": "https://www.kaigokensaku.mhlw.go.jp/13/index.php?action_kouhyou_detail_004_kani=true&JigyosyoCd=1372106037-00&ServiceCd=331&Type=search", "url2": "https://www.tanoshii-ie.jp/" }, "geometry": { "type": "Point", "coordinates": [ 139.791637499999979, 35.8036693 ] } },
{ "type": "Feature", "properties": { "内容": "ようせいメディカルヴィラ【特定施設入居者生活介護（有料老人ホーム）】東京都足立区東保木間二丁目１番１号", "url": "https://www.kaigokensaku.mhlw.go.jp/13/index.php?action_kouhyou_detail_004_kani=true&JigyosyoCd=1372106847-00&ServiceCd=331&Type=search", "url2": "http://www.yosei.or.jp/" }, "geometry": { "type": "Point", "coordinates": [ 139.8107556, 35.7910792 ] } },
{ "type": "Feature", "properties": { "内容": "足立やわらぎ苑【特定施設入居者生活介護（有料老人ホーム）】東京都足立区宮城１－３２－４", "url": "https://www.kaigokensaku.mhlw.go.jp/13/index.php?action_kouhyou_detail_004_kani=true&JigyosyoCd=1372107688-00&ServiceCd=331&Type=search", "url2": "http://www.yawaragien.jp/" }, "geometry": { "type": "Point", "coordinates": [ 139.757711500000028, 35.7609095 ] } },
{ "type": "Feature", "properties": { "内容": "スマイリングホーム　メディス足立【特定施設入居者生活介護（有料老人ホーム）】東京都足立区南花畑3-35-10スマイリングホーム　メディス足立", "url": "https://www.kaigokensaku.mhlw.go.jp/13/index.php?action_kouhyou_detail_004_kani=true&JigyosyoCd=1372109460-00&ServiceCd=331&Type=search", "url2": "http://www.greenlife-inc.co.jp/facility/medis_adachi/" }, "geometry": { "type": "Point", "coordinates": [ 139.823798799999963, 35.794526 ] } },
{ "type": "Feature", "properties": { "内容": "介護付有料老人ホーム　みなみはなはたの憩【特定施設入居者生活介護（有料老人ホーム）】東京都足立区南花畑5-17-15介護付有料老人ホーム　みなみはなはたの憩", "url": "https://www.kaigokensaku.mhlw.go.jp/13/index.php?action_kouhyou_detail_004_kani=true&JigyosyoCd=1372112811-00&ServiceCd=331&Type=search", "url2": null }, "geometry": { "type": "Point", "coordinates": [ 139.811377900000025, 35.7979188 ] } },
{ "type": "Feature", "properties": { "内容": "介護付有料老人ホーム　すいじんの憩【特定施設入居者生活介護（有料老人ホーム）】東京都足立区保木間5-34-4", "url": "https://www.kaigokensaku.mhlw.go.jp/13/index.php?action_kouhyou_detail_004_kani=true&JigyosyoCd=1372112829-00&ServiceCd=331&Type=search", "url2": "https://www.frontier-gp.jp/" }, "geometry": { "type": "Point", "coordinates": [ 139.801798500000018, 35.806273 ] } },
{ "type": "Feature", "properties": { "内容": "はなことばプラス西新井【特定施設入居者生活介護（有料老人ホーム）】東京都足立区西新井1-5-12", "url": "https://www.kaigokensaku.mhlw.go.jp/13/index.php?action_kouhyou_detail_004_kani=true&JigyosyoCd=1372113231-00&ServiceCd=331&Type=search", "url2": "https://hanakotoba.co.jp/facility/nishiaraidaishi.html" }, "geometry": { "type": "Point", "coordinates": [ 139.7800253, 35.7790223 ] } },
{ "type": "Feature", "properties": { "内容": "あおい明生苑【特定施設入居者生活介護（有料老人ホーム）】東京都足立区青井1-10-10", "url": "https://www.kaigokensaku.mhlw.go.jp/13/index.php?action_kouhyou_detail_004_kani=true&JigyosyoCd=1372114023-00&ServiceCd=331&Type=search", "url2": "https://www.fukushi-e.com" }, "geometry": { "type": "Point", "coordinates": [ 139.811708900000014, 35.7746931 ] } },
{ "type": "Feature", "properties": { "内容": "リブインさくら【特定施設入居者生活介護（有料老人ホーム）】東京都足立区古千谷本町4丁目1番16号", "url": "https://www.kaigokensaku.mhlw.go.jp/13/index.php?action_kouhyou_detail_004_kani=true&JigyosyoCd=1372106243-00&ServiceCd=331&Type=search", "url2": "https://www.livein-sakura.jp" }, "geometry": { "type": "Point", "coordinates": [ 139.782363199999963, 35.8056075 ] } },
{ "type": "Feature", "properties": { "内容": "有料老人ホーム　サニーライフ足立伊興【特定施設入居者生活介護（有料老人ホーム）】東京都足立区東伊興一丁目11番22号", "url": "https://www.kaigokensaku.mhlw.go.jp/13/index.php?action_kouhyou_detail_004_kani=true&JigyosyoCd=1372114494-00&ServiceCd=331&Type=search", "url2": "https://www.sunnylife-group.co.jp/" }, "geometry": { "type": "Point", "coordinates": [ 139.785420600000037, 35.804184100000015 ] } },
{ "type": "Feature", "properties": { "内容": "第６シルバータウン【特定施設入居者生活介護（有料老人ホーム）】東京都足立区南花畑２－１２－１２", "url": "https://www.kaigokensaku.mhlw.go.jp/13/index.php?action_kouhyou_detail_004_kani=true&JigyosyoCd=1372101053-00&ServiceCd=331&Type=search", "url2": null }, "geometry": { "type": "Point", "coordinates": [ 139.821757400000024, 35.7884018 ] } },
{ "type": "Feature", "properties": { "内容": "シルバータウン縁苑【特定施設入居者生活介護（有料老人ホーム）】東京都足立区西保木間2-5-16", "url": "https://www.kaigokensaku.mhlw.go.jp/13/index.php?action_kouhyou_detail_004_kani=true&JigyosyoCd=1372102143-00&ServiceCd=331&Type=search", "url2": null }, "geometry": { "type": "Point", "coordinates": [ 139.797987, 35.8001115 ] } },
{ "type": "Feature", "properties": { "内容": "シルバータウン保木間【特定施設入居者生活介護（有料老人ホーム）】東京都足立区保木間4-14-1", "url": "https://www.kaigokensaku.mhlw.go.jp/13/index.php?action_kouhyou_detail_004_kani=true&JigyosyoCd=1372102150-00&ServiceCd=331&Type=search", "url2": null }, "geometry": { "type": "Point", "coordinates": [ 139.803347600000052, 35.8001309 ] } },
{ "type": "Feature", "properties": { "内容": "第７シルバータウン【特定施設入居者生活介護（有料老人ホーム）】東京都足立区鹿浜１－２１－５", "url": "https://www.kaigokensaku.mhlw.go.jp/13/index.php?action_kouhyou_detail_004_kani=true&JigyosyoCd=1372102168-00&ServiceCd=331&Type=search", "url2": null }, "geometry": { "type": "Point", "coordinates": [ 139.755369299999984, 35.7779435 ] } },
{ "type": "Feature", "properties": { "内容": "第３シルバータウン【特定施設入居者生活介護（有料老人ホーム）】東京都足立区南花畑４－１９－１０", "url": "https://www.kaigokensaku.mhlw.go.jp/13/index.php?action_kouhyou_detail_004_kani=true&JigyosyoCd=1372102390-00&ServiceCd=331&Type=search", "url2": null }, "geometry": { "type": "Point", "coordinates": [ 139.820596199999954, 35.7963286 ] } },
{ "type": "Feature", "properties": { "内容": "第８シルバータウン【特定施設入居者生活介護（有料老人ホーム）】東京都足立区入谷８－１－２０", "url": "https://www.kaigokensaku.mhlw.go.jp/13/index.php?action_kouhyou_detail_004_kani=true&JigyosyoCd=1372102911-00&ServiceCd=331&Type=search", "url2": null }, "geometry": { "type": "Point", "coordinates": [ 139.7592376, 35.8043119 ] } },
{ "type": "Feature", "properties": { "内容": "第１０シルバータウン【特定施設入居者生活介護（有料老人ホーム）】東京都足立区南花畑４－２０－１", "url": "https://www.kaigokensaku.mhlw.go.jp/13/index.php?action_kouhyou_detail_004_kani=true&JigyosyoCd=1372103190-00&ServiceCd=331&Type=search", "url2": null }, "geometry": { "type": "Point", "coordinates": [ 139.819907400000034, 35.7964147 ] } },
{ "type": "Feature", "properties": { "内容": "第11シルバータウン【特定施設入居者生活介護（有料老人ホーム）】東京都足立区舎人６－２－１", "url": "https://www.kaigokensaku.mhlw.go.jp/13/index.php?action_kouhyou_detail_004_kani=true&JigyosyoCd=1372103422-00&ServiceCd=331&Type=search", "url2": null }, "geometry": { "type": "Point", "coordinates": [ 139.7661256, 35.8130497 ] } },
{ "type": "Feature", "properties": { "内容": "応援家族足立【特定施設入居者生活介護（有料老人ホーム）】東京都足立区花畑6丁目8-15応援家族足立", "url": "https://www.kaigokensaku.mhlw.go.jp/13/index.php?action_kouhyou_detail_004_kani=true&JigyosyoCd=1372111854-00&ServiceCd=331&Type=search", "url2": "http://www.kinoshita-kaigo.co.jp/facility/care_home/support-family_harmony-life-adachi.html" }, "geometry": { "type": "Point", "coordinates": [ 139.8173018, 35.8047386 ] } },
{ "type": "Feature", "properties": { "内容": "花珠の家かつしか【特定施設入居者生活介護（有料老人ホーム）】東京都葛飾区東水元6-6-13花珠の家かつしか", "url": "https://www.kaigokensaku.mhlw.go.jp/13/index.php?action_kouhyou_detail_004_kani=true&JigyosyoCd=1372209450-00&ServiceCd=331&Type=search", "url2": "https://www.roujin-homes.jp" }, "geometry": { "type": "Point", "coordinates": [ 139.861466, 35.7935552 ] } },
{ "type": "Feature", "properties": { "内容": "SILVERSUPPORT星にねがいを【特定施設入居者生活介護（有料老人ホーム）】東京都葛飾区細田4-2-8", "url": "https://www.kaigokensaku.mhlw.go.jp/13/index.php?action_kouhyou_detail_004_kani=true&JigyosyoCd=1372202919-00&ServiceCd=331&Type=search", "url2": "http://www.sunheart-care.jp" }, "geometry": { "type": "Point", "coordinates": [ 139.8721941, 35.7410306 ] } },
{ "type": "Feature", "properties": { "内容": "有料老人ホーム　サニーライフ東京【特定施設入居者生活介護（有料老人ホーム）】東京都葛飾区西新小岩3-37-28", "url": "https://www.kaigokensaku.mhlw.go.jp/13/index.php?action_kouhyou_detail_004_kani=true&JigyosyoCd=1372201465-00&ServiceCd=331&Type=search", "url2": "http://www.sunnylife-group.co.jp" }, "geometry": { "type": "Point", "coordinates": [ 139.845997360049438, 35.722302811962571 ] } },
{ "type": "Feature", "properties": { "内容": "ライフコミューン新小岩【特定施設入居者生活介護（有料老人ホーム）】東京都葛飾区新小岩3-10-16", "url": "https://www.kaigokensaku.mhlw.go.jp/13/index.php?action_kouhyou_detail_004_kani=true&JigyosyoCd=1372201598-00&ServiceCd=331&Type=search", "url2": "http://www.kinoshita-kaigo.co.jp/facility/care_home/life-commune_shinkoiwa.html" }, "geometry": { "type": "Point", "coordinates": [ 139.8652459, 35.7165962 ] } },
{ "type": "Feature", "properties": { "内容": "ライフコミューン亀有【特定施設入居者生活介護（有料老人ホーム）】東京都葛飾区亀有2-32-16ライフコミューン亀有", "url": "https://www.kaigokensaku.mhlw.go.jp/13/index.php?action_kouhyou_detail_004_kani=true&JigyosyoCd=1372201689-00&ServiceCd=331&Type=search", "url2": "https://www.kinoshita-kaigo.co.jp/facility/care_home/life-commune_kameari.html" }, "geometry": { "type": "Point", "coordinates": [ 139.8491488, 35.7601021 ] } },
{ "type": "Feature", "properties": { "内容": "亀有ケアコミュニティそよ風【特定施設入居者生活介護（有料老人ホーム）】東京都葛飾区亀有１－１２－３", "url": "https://www.kaigokensaku.mhlw.go.jp/13/index.php?action_kouhyou_detail_004_kani=true&JigyosyoCd=1372201853-00&ServiceCd=331&Type=search", "url2": null }, "geometry": { "type": "Point", "coordinates": [ 139.846426, 35.7581201 ] } },
{ "type": "Feature", "properties": { "内容": "まどか立石【特定施設入居者生活介護（有料老人ホーム）】東京都葛飾区立石三丁目9番8号", "url": "https://www.kaigokensaku.mhlw.go.jp/13/index.php?action_kouhyou_detail_004_kani=true&JigyosyoCd=1372202828-00&ServiceCd=331&Type=search", "url2": "http://www.benesse-style-care.co.jp/" }, "geometry": { "type": "Point", "coordinates": [ 139.842616499999963, 35.7406446 ] } },
{ "type": "Feature", "properties": { "内容": "メディカルホームまどか水元【特定施設入居者生活介護（有料老人ホーム）】東京都葛飾区南水元二丁目14番7号", "url": "https://www.kaigokensaku.mhlw.go.jp/13/index.php?action_kouhyou_detail_004_kani=true&JigyosyoCd=1372202935-00&ServiceCd=331&Type=search", "url2": "http://www.benesse-style-care.co.jp/" }, "geometry": { "type": "Point", "coordinates": [ 139.855488299999934, 35.7787648 ] } },
{ "type": "Feature", "properties": { "内容": "そんぽの家　柴又【特定施設入居者生活介護（有料老人ホーム）】東京都葛飾区柴又4-12-10", "url": "https://www.kaigokensaku.mhlw.go.jp/13/index.php?action_kouhyou_detail_004_kani=true&JigyosyoCd=1372203776-00&ServiceCd=331&Type=search", "url2": "https://www.sompocare.com" }, "geometry": { "type": "Point", "coordinates": [ 139.875590500000044, 35.75529250000001 ] } },
{ "type": "Feature", "properties": { "内容": "リアンレーヴ金町【特定施設入居者生活介護（有料老人ホーム）】東京都葛飾区新宿5-8-11", "url": "https://www.kaigokensaku.mhlw.go.jp/13/index.php?action_kouhyou_detail_004_kani=true&JigyosyoCd=1372208544-00&ServiceCd=331&Type=search", "url2": "https://www.kinoshita-kaigo.co.jp/facility/care_home/lien_reve_kanamachi.html" }, "geometry": { "type": "Point", "coordinates": [ 139.8593961, 35.7658996 ] } },
{ "type": "Feature", "properties": { "内容": "チャーム水元公園【特定施設入居者生活介護（有料老人ホーム）】東京都葛飾区東水元二丁目38番11号", "url": "https://www.kaigokensaku.mhlw.go.jp/13/index.php?action_kouhyou_detail_004_kani=true&JigyosyoCd=1372209336-00&ServiceCd=331&Type=search", "url2": "https://www.charmcc.jp/home/charm_mizumotokoen/" }, "geometry": { "type": "Point", "coordinates": [ 139.8696062, 35.7820906 ] } },
{ "type": "Feature", "properties": { "内容": "アズハイム葛飾白鳥【特定施設入居者生活介護（有料老人ホーム）】東京都葛飾区白鳥四丁目15番19号", "url": "https://www.kaigokensaku.mhlw.go.jp/13/index.php?action_kouhyou_detail_004_kani=true&JigyosyoCd=1372209419-00&ServiceCd=331&Type=search", "url2": "https://as-heim.com/" }, "geometry": { "type": "Point", "coordinates": [ 139.8466, 35.7536415 ] } },
{ "type": "Feature", "properties": { "内容": "リハビリホームボンセジュール四つ木【特定施設入居者生活介護（有料老人ホーム）】東京都葛飾区東四つ木3-1-11", "url": "https://www.kaigokensaku.mhlw.go.jp/13/index.php?action_kouhyou_detail_004_kani=true&JigyosyoCd=1372205466-00&ServiceCd=331&Type=search", "url2": "http://www.benesse-style-care.co.jp/" }, "geometry": { "type": "Point", "coordinates": [ 139.839059300000031, 35.7281013 ] } },
{ "type": "Feature", "properties": { "内容": "アシステッドリビング江戸川【特定施設入居者生活介護（有料老人ホーム）】東京都江戸川区西一之江3-27-17", "url": "https://www.kaigokensaku.mhlw.go.jp/13/index.php?action_kouhyou_detail_004_kani=true&JigyosyoCd=1372310696-00&ServiceCd=331&Type=search", "url2": "https://www.zenwellness.co.jp/" }, "geometry": { "type": "Point", "coordinates": [ 139.87914779999997, 35.6962154 ] } },
{ "type": "Feature", "properties": { "内容": "ライフコミューン西葛西【特定施設入居者生活介護（有料老人ホーム）】東京都江戸川区西葛西4-3-26", "url": "https://www.kaigokensaku.mhlw.go.jp/13/index.php?action_kouhyou_detail_004_kani=true&JigyosyoCd=1372302388-00&ServiceCd=331&Type=search", "url2": "http://www.kinoshita-kaigo.co.jp/facilities/state/tokyo/nishikasai.html" }, "geometry": { "type": "Point", "coordinates": [ 139.863064099999974, 35.6687694 ] } },
{ "type": "Feature", "properties": { "内容": "あいらの杜江戸川篠崎【特定施設入居者生活介護（有料老人ホーム）】東京都江戸川区篠崎町5-9-1", "url": "https://www.kaigokensaku.mhlw.go.jp/13/index.php?action_kouhyou_detail_004_kani=true&JigyosyoCd=1372309953-00&ServiceCd=331&Type=search", "url2": "http://www.halenosumai.jp/" }, "geometry": { "type": "Point", "coordinates": [ 139.907578418385356, 35.7022061333167 ] } },
{ "type": "Feature", "properties": { "内容": "花珠の家かさい【特定施設入居者生活介護（有料老人ホーム）】東京都江戸川区東葛西6-42-17", "url": "https://www.kaigokensaku.mhlw.go.jp/13/index.php?action_kouhyou_detail_004_kani=true&JigyosyoCd=1372311447-00&ServiceCd=331&Type=search", "url2": "https://jala.co.jp/facility/hd-kasai/" }, "geometry": { "type": "Point", "coordinates": [ 139.878447599999987, 35.659829199999976 ] } },
{ "type": "Feature", "properties": { "内容": "ケアレジデンス東京アネックス【特定施設入居者生活介護（有料老人ホーム）】東京都江戸川区南篠崎町1丁目6番地14号", "url": "https://www.kaigokensaku.mhlw.go.jp/13/index.php?action_kouhyou_detail_004_kani=true&JigyosyoCd=1372300549-00&ServiceCd=331&Type=search", "url2": "http://www.careresi.jp/" }, "geometry": { "type": "Point", "coordinates": [ 139.903154500000028, 35.6950153 ] } },
{ "type": "Feature", "properties": { "内容": "申孝園ロータスヴィラ【特定施設入居者生活介護（有料老人ホーム）】東京都江戸川区一之江６丁目１９－１８", "url": "https://www.kaigokensaku.mhlw.go.jp/13/index.php?action_kouhyou_detail_004_kani=true&JigyosyoCd=1372300580-00&ServiceCd=331&Type=search", "url2": "http://www.lotus-villa.org" }, "geometry": { "type": "Point", "coordinates": [ 139.877698230688424, 35.689360954077586 ] } },
{ "type": "Feature", "properties": { "内容": "まどか東葛西【特定施設入居者生活介護（有料老人ホーム）】東京都江戸川区東葛西九丁目5番34号", "url": "https://www.kaigokensaku.mhlw.go.jp/13/index.php?action_kouhyou_detail_004_kani=true&JigyosyoCd=1372302750-00&ServiceCd=331&Type=search", "url2": "http://www.benesse-style-care.co.jp/" }, "geometry": { "type": "Point", "coordinates": [ 139.881744, 35.6567328 ] } },
{ "type": "Feature", "properties": { "内容": "まどか船堀【特定施設入居者生活介護（有料老人ホーム）】東京都江戸川区船堀六丁目11番24号", "url": "https://www.kaigokensaku.mhlw.go.jp/13/index.php?action_kouhyou_detail_004_kani=true&JigyosyoCd=1372303683-00&ServiceCd=331&Type=search", "url2": "http://www.benesse-style-care.co.jp/" }, "geometry": { "type": "Point", "coordinates": [ 139.86728590000007, 35.6779019 ] } },
{ "type": "Feature", "properties": { "内容": "ケアホームうらら一之江【特定施設入居者生活介護（有料老人ホーム）】東京都江戸川区一之江７－５０－６", "url": "https://www.kaigokensaku.mhlw.go.jp/13/index.php?action_kouhyou_detail_004_kani=true&JigyosyoCd=1372304335-00&ServiceCd=331&Type=search", "url2": "http://www.starts.co.jp/s-careservice" }, "geometry": { "type": "Point", "coordinates": [ 139.877740300000028, 35.6856905 ] } },
{ "type": "Feature", "properties": { "内容": "ロングライフ葛西【特定施設入居者生活介護（有料老人ホーム）】東京都江戸川区中葛西5-22-14", "url": "https://www.kaigokensaku.mhlw.go.jp/13/index.php?action_kouhyou_detail_004_kani=true&JigyosyoCd=1372304855-00&ServiceCd=331&Type=search", "url2": "http://www.j-longlife.co.jp/edogawa/index.html" }, "geometry": { "type": "Point", "coordinates": [ 139.868547499999977, 35.6616566 ] } },
{ "type": "Feature", "properties": { "内容": "輝明生苑しのざき【特定施設入居者生活介護（有料老人ホーム）】東京都江戸川区篠崎町2-46-12", "url": "https://www.kaigokensaku.mhlw.go.jp/13/index.php?action_kouhyou_detail_004_kani=true&JigyosyoCd=1372305522-00&ServiceCd=331&Type=search", "url2": "http://www.fukushi-e.com" }, "geometry": { "type": "Point", "coordinates": [ 139.909989699999983, 35.7063585 ] } },
{ "type": "Feature", "properties": { "内容": "プレザンメゾン　葛西【特定施設入居者生活介護（有料老人ホーム）】東京都江戸川区東葛西3-8-2", "url": "https://www.kaigokensaku.mhlw.go.jp/13/index.php?action_kouhyou_detail_004_kani=true&JigyosyoCd=1372306850-00&ServiceCd=331&Type=search", "url2": "https://www.tanoshii-ie.jp/" }, "geometry": { "type": "Point", "coordinates": [ 139.8827602, 35.6676651 ] } },
{ "type": "Feature", "properties": { "内容": "ニチイホーム西葛西【特定施設入居者生活介護（有料老人ホーム）】東京都江戸川区西葛西２－１９－１２ニチイホーム西葛西", "url": "https://www.kaigokensaku.mhlw.go.jp/13/index.php?action_kouhyou_detail_004_kani=true&JigyosyoCd=1372308351-00&ServiceCd=331&Type=search", "url2": "http://www.nichii-home.jp/" }, "geometry": { "type": "Point", "coordinates": [ 139.854236252219039, 35.665931466490697 ] } },
{ "type": "Feature", "properties": { "内容": "木下の介護　リアンレーヴ西葛西【特定施設入居者生活介護（有料老人ホーム）】東京都江戸川区西葛西5-5-8リアンレーヴ西葛西", "url": "https://www.kaigokensaku.mhlw.go.jp/13/index.php?action_kouhyou_detail_004_kani=true&JigyosyoCd=1372309045-00&ServiceCd=331&Type=search", "url2": "http://www.kinoshita-kaigo.co.jp/facility/care_home/lien-reve_nishikasai.html" }, "geometry": { "type": "Point", "coordinates": [ 139.860492199999953, 35.665280700000018 ] } },
{ "type": "Feature", "properties": { "内容": "有料老人ホーム　サニーライフ江戸川【特定施設入居者生活介護（有料老人ホーム）】東京都江戸川区中央3-25-10", "url": "https://www.kaigokensaku.mhlw.go.jp/13/index.php?action_kouhyou_detail_004_kani=true&JigyosyoCd=1372309102-00&ServiceCd=331&Type=search", "url2": "http://www.sunnylife-group.co.jp" }, "geometry": { "type": "Point", "coordinates": [ 139.875256199999967, 35.7113455 ] } },
{ "type": "Feature", "properties": { "内容": "チャーム東葛西【特定施設入居者生活介護（有料老人ホーム）】東京都江戸川区東葛西4丁目44番3号", "url": "https://www.kaigokensaku.mhlw.go.jp/13/index.php?action_kouhyou_detail_004_kani=true&JigyosyoCd=1372309128-00&ServiceCd=331&Type=search", "url2": "http://www.charmcc.jp" }, "geometry": { "type": "Point", "coordinates": [ 139.885168600000043, 35.6597937 ] } },
{ "type": "Feature", "properties": { "内容": "グッドタイムナーシングホーム・江戸川【特定施設入居者生活介護（有料老人ホーム）】東京都江戸川区本一色2-12-6グッドタイムナーシングホーム・江戸川", "url": "https://www.kaigokensaku.mhlw.go.jp/13/index.php?action_kouhyou_detail_004_kani=true&JigyosyoCd=1372309987-00&ServiceCd=331&Type=search", "url2": "http://www.goodtimehom.com" }, "geometry": { "type": "Point", "coordinates": [ 139.873753500000021, 35.7201196 ] } },
{ "type": "Feature", "properties": { "内容": "ベストライフ南小岩【特定施設入居者生活介護（有料老人ホーム）】東京都江戸川区南小岩2-4-29", "url": "https://www.kaigokensaku.mhlw.go.jp/13/index.php?action_kouhyou_detail_004_kani=true&JigyosyoCd=1372310324-00&ServiceCd=331&Type=search", "url2": null }, "geometry": { "type": "Point", "coordinates": [ 139.8905748, 35.719907 ] } },
{ "type": "Feature", "properties": { "内容": "ベストライフ小岩【特定施設入居者生活介護（有料老人ホーム）】東京都江戸川区西小岩3-35-14ベストライフ小岩", "url": "https://www.kaigokensaku.mhlw.go.jp/13/index.php?action_kouhyou_detail_004_kani=true&JigyosyoCd=1372310332-00&ServiceCd=331&Type=search", "url2": null }, "geometry": { "type": "Point", "coordinates": [ 139.8790176, 35.737572800000045 ] } },
{ "type": "Feature", "properties": { "内容": "ベストライフ江戸川【特定施設入居者生活介護（有料老人ホーム）】東京都江戸川区西葛西7-11-6", "url": "https://www.kaigokensaku.mhlw.go.jp/13/index.php?action_kouhyou_detail_004_kani=true&JigyosyoCd=1372310340-00&ServiceCd=331&Type=search", "url2": null }, "geometry": { "type": "Point", "coordinates": [ 139.859791964418065, 35.66144904153937 ] } },
{ "type": "Feature", "properties": { "内容": "介護付有料老人ホーム　ソラスト江戸川グリーンパーク【特定施設入居者生活介護（有料老人ホーム）】東京都江戸川区中央1-21-11ソラスト江戸川グリーンパーク", "url": "https://www.kaigokensaku.mhlw.go.jp/13/index.php?action_kouhyou_detail_004_kani=true&JigyosyoCd=1372310381-00&ServiceCd=331&Type=search", "url2": "https://solasto-kaigo.com/" }, "geometry": { "type": "Point", "coordinates": [ 139.8706654, 35.709651 ] } },
{ "type": "Feature", "properties": { "内容": "介護付有料老人ホーム　ソラスト江戸川【特定施設入居者生活介護（有料老人ホーム）】東京都江戸川区中央4-24-9", "url": "https://www.kaigokensaku.mhlw.go.jp/13/index.php?action_kouhyou_detail_004_kani=true&JigyosyoCd=1372310399-00&ServiceCd=331&Type=search", "url2": "https://solasto-kaigo.com/home/area/edogawa.html" }, "geometry": { "type": "Point", "coordinates": [ 139.8683241, 35.7102107 ] } },
{ "type": "Feature", "properties": { "内容": "アズハイム一之江【特定施設入居者生活介護（有料老人ホーム）】東京都江戸川区西一之江3-8-8", "url": "https://www.kaigokensaku.mhlw.go.jp/13/index.php?action_kouhyou_detail_004_kani=true&JigyosyoCd=1372310456-00&ServiceCd=331&Type=search", "url2": "https://as-heim.com/" }, "geometry": { "type": "Point", "coordinates": [ 139.8772874, 35.6964597 ] } },
{ "type": "Feature", "properties": { "内容": "ヴィラ　ドゥ　のぞみ【特定施設入居者生活介護（有料老人ホーム）】東京都江戸川区東小松川1－1－17ヴィラ　ドゥ　のぞみ", "url": "https://www.kaigokensaku.mhlw.go.jp/13/index.php?action_kouhyou_detail_004_kani=true&JigyosyoCd=1372310555-00&ServiceCd=331&Type=search", "url2": "https://jiseikai-nozomi.com/" }, "geometry": { "type": "Point", "coordinates": [ 139.86593266322933, 35.699555559702098 ] } },
{ "type": "Feature", "properties": { "内容": "まつえ明生苑【特定施設入居者生活介護（有料老人ホーム）】東京都江戸川区松江6-5-5まつえ明生苑", "url": "https://www.kaigokensaku.mhlw.go.jp/13/index.php?action_kouhyou_detail_004_kani=true&JigyosyoCd=1372310647-00&ServiceCd=331&Type=search", "url2": "http://www.fukushi-e.com/" }, "geometry": { "type": "Point", "coordinates": [ 139.8712861, 35.687543400000017 ] } },
{ "type": "Feature", "properties": { "内容": "リアンレーヴ新小岩【特定施設入居者生活介護（有料老人ホーム）】東京都江戸川区中央1-8-24リアンレーヴ新小岩", "url": "https://www.kaigokensaku.mhlw.go.jp/13/index.php?action_kouhyou_detail_004_kani=true&JigyosyoCd=1372310837-00&ServiceCd=331&Type=search", "url2": "https://www.kinoshita-kaigo.co.jp/facility/care_home/lien-reve_shinkoiwa.html" }, "geometry": { "type": "Point", "coordinates": [ 139.869286100000011, 35.7093455 ] } },
{ "type": "Feature", "properties": { "内容": "ライブラリ新柴又【特定施設入居者生活介護（有料老人ホーム）】東京都江戸川区北小岩8丁目13番2号ライブラリ新柴又", "url": "https://www.kaigokensaku.mhlw.go.jp/13/index.php?action_kouhyou_detail_004_kani=true&JigyosyoCd=1372310944-00&ServiceCd=331&Type=search", "url2": "https://www.living-platform.com/" }, "geometry": { "type": "Point", "coordinates": [ 139.88495308346711, 35.750267038613281 ] } },
{ "type": "Feature", "properties": { "内容": "リアンレーヴ行船公園【特定施設入居者生活介護（有料老人ホーム）】東京都江戸川区北葛西4-1-13", "url": "https://www.kaigokensaku.mhlw.go.jp/13/index.php?action_kouhyou_detail_004_kani=true&JigyosyoCd=1372311009-00&ServiceCd=331&Type=search", "url2": "https://www.kinoshita-kaigo.co.jp/facility/care_home/lien-reve_gyosenkoen.html" }, "geometry": { "type": "Point", "coordinates": [ 139.860526, 35.6709875 ] } },
{ "type": "Feature", "properties": { "内容": "エスペランサ南小岩【特定施設入居者生活介護（有料老人ホーム）】東京都江戸川区南小岩4丁目17-6", "url": "https://www.kaigokensaku.mhlw.go.jp/13/index.php?action_kouhyou_detail_004_kani=true&JigyosyoCd=1372304558-00&ServiceCd=331&Type=search", "url2": "http://www.fillcare.co.jp/facilities/minamikoiwa/" }, "geometry": { "type": "Point", "coordinates": [ 139.88421029999995, 35.7240302 ] } },
{ "type": "Feature", "properties": { "内容": "かさい明生苑【特定施設入居者生活介護（有料老人ホーム）】東京都江戸川区東葛西6-43-10かさい明生苑", "url": "https://www.kaigokensaku.mhlw.go.jp/13/index.php?action_kouhyou_detail_004_kani=true&JigyosyoCd=1372304632-00&ServiceCd=331&Type=search", "url2": "http://www.fukushi-e.com" }, "geometry": { "type": "Point", "coordinates": [ 139.8802551, 35.6598602 ] } },
{ "type": "Feature", "properties": { "内容": "グランダ小岩【特定施設入居者生活介護（有料老人ホーム）】東京都江戸川区西小岩一丁目8番地13号", "url": "https://www.kaigokensaku.mhlw.go.jp/13/index.php?action_kouhyou_detail_004_kani=true&JigyosyoCd=1372304988-00&ServiceCd=331&Type=search", "url2": "http://www.benesse-style-care.co.jp/" }, "geometry": { "type": "Point", "coordinates": [ 139.87688019999996, 35.7323095 ] } },
{ "type": "Feature", "properties": { "内容": "杜の癒しハウスひらい【特定施設入居者生活介護（有料老人ホーム）】東京都江戸川区平井３－１７－１３", "url": "https://www.kaigokensaku.mhlw.go.jp/13/index.php?action_kouhyou_detail_004_kani=true&JigyosyoCd=1372306215-00&ServiceCd=331&Type=search", "url2": "http://sanko-hirai.jp/" }, "geometry": { "type": "Point", "coordinates": [ 139.843107199999963, 35.704306 ] } },
{ "type": "Feature", "properties": { "内容": "そんぽの家　葛西【特定施設入居者生活介護（有料老人ホーム）】東京都江戸川区東葛西5-33-7そんぽの家　葛西", "url": "https://www.kaigokensaku.mhlw.go.jp/13/index.php?action_kouhyou_detail_004_kani=true&JigyosyoCd=1372306389-00&ServiceCd=331&Type=search", "url2": "https://www.sompocare.com" }, "geometry": { "type": "Point", "coordinates": [ 139.879316, 35.666351100000021 ] } },
{ "type": "Feature", "properties": { "内容": "えど川明生苑【特定施設入居者生活介護（有料老人ホーム）】東京都江戸川区東葛西7丁目13番8号", "url": "https://www.kaigokensaku.mhlw.go.jp/13/index.php?action_kouhyou_detail_004_kani=true&JigyosyoCd=1372306652-00&ServiceCd=331&Type=search", "url2": "http://www.fukushi-e.com" }, "geometry": { "type": "Point", "coordinates": [ 139.876169299999987, 35.6591322 ] } },
{ "type": "Feature", "properties": { "内容": "ニチイホーム江戸川【特定施設入居者生活介護（有料老人ホーム）】東京都江戸川区本一色一丁目２８番１０号", "url": "https://www.kaigokensaku.mhlw.go.jp/13/index.php?action_kouhyou_detail_004_kani=true&JigyosyoCd=1372306769-00&ServiceCd=331&Type=search", "url2": "http://nichii-home.jp" }, "geometry": { "type": "Point", "coordinates": [ 139.869890770604314, 35.715503030068554 ] } },
{ "type": "Feature", "properties": { "内容": "ＳＯＭＰＯケアラヴィーレ船堀【特定施設入居者生活介護（有料老人ホーム）】東京都江戸川区東小松川3-25-6", "url": "https://www.kaigokensaku.mhlw.go.jp/13/index.php?action_kouhyou_detail_004_kani=true&JigyosyoCd=1372309607-00&ServiceCd=331&Type=search", "url2": "https://www.sompocare.com/" }, "geometry": { "type": "Point", "coordinates": [ 139.866760600000021, 35.6932333 ] } },
{ "type": "Feature", "properties": { "内容": "ＳＯＭＰＯケアラヴィーレ一之江【特定施設入居者生活介護（有料老人ホーム）】東京都江戸川区西一之江4-5-2", "url": "https://www.kaigokensaku.mhlw.go.jp/13/index.php?action_kouhyou_detail_004_kani=true&JigyosyoCd=1372309615-00&ServiceCd=331&Type=search", "url2": "https://www.sompocare.com/" }, "geometry": { "type": "Point", "coordinates": [ 139.874493, 35.6974805 ] } },
{ "type": "Feature", "properties": { "内容": "リアンレーヴ江戸川【特定施設入居者生活介護（有料老人ホーム）】東京都江戸川区北小岩7-28-21", "url": "https://www.kaigokensaku.mhlw.go.jp/13/index.php?action_kouhyou_detail_004_kani=true&JigyosyoCd=1372309649-00&ServiceCd=331&Type=search", "url2": "http://www.kinoshita-kaigo.co.jp/facility/lien_reve_edogawa.html" }, "geometry": { "type": "Point", "coordinates": [ 139.89417560000004, 35.7441578 ] } },
{ "type": "Feature", "properties": { "内容": "リアンレーヴ　篠崎公園【特定施設入居者生活介護（有料老人ホーム）】東京都江戸川区北篠崎2-20-5", "url": "https://www.kaigokensaku.mhlw.go.jp/13/index.php?action_kouhyou_detail_004_kani=true&JigyosyoCd=1372309656-00&ServiceCd=331&Type=search", "url2": "https://www.kinoshita-kaigo.co.jp/" }, "geometry": { "type": "Point", "coordinates": [ 139.896814523278834, 35.71717887464817 ] } },
{ "type": "Feature", "properties": { "内容": "IoT美しい日本のだんらん【特定施設入居者生活介護（有料老人ホーム）】東京都江戸川区江戸川6-40-27丸中ビルIoT美しい日本のだんらん", "url": "https://www.kaigokensaku.mhlw.go.jp/13/index.php?action_kouhyou_detail_004_kani=true&JigyosyoCd=1372309490-00&ServiceCd=331&Type=search", "url2": "http://sunheart-care.jp/" }, "geometry": { "type": "Point", "coordinates": [ 139.877307400000063, 35.6750028 ] } },
{ "type": "Feature", "properties": { "内容": "サンライズ・ヴィラ西葛西【特定施設入居者生活介護（有料老人ホーム）】東京都江戸川区西葛西八丁目12番7号", "url": "https://www.kaigokensaku.mhlw.go.jp/13/index.php?action_kouhyou_detail_004_kani=true&JigyosyoCd=1372309532-00&ServiceCd=331&Type=search", "url2": "https://www.like-cn.co.jp/" }, "geometry": { "type": "Point", "coordinates": [ 139.8619953, 35.6574539 ] } },
{ "type": "Feature", "properties": { "内容": "介護付有料老人ホーム　プレザンメゾン篠崎【特定施設入居者生活介護（有料老人ホーム）】東京都江戸川区北篠崎1-8-13", "url": "https://www.kaigokensaku.mhlw.go.jp/13/index.php?action_kouhyou_detail_004_kani=true&JigyosyoCd=1372311595-00&ServiceCd=331&Type=search", "url2": "https://www.tanoshii-ie.jp/single156/" }, "geometry": { "type": "Point", "coordinates": [ 139.8955517, 35.721219800000014 ] } },
{ "type": "Feature", "properties": { "内容": "夢眠えどがわ【特定施設入居者生活介護（有料老人ホーム）】東京都江戸川区小松川４丁目94番地", "url": "https://www.kaigokensaku.mhlw.go.jp/13/index.php?action_kouhyou_detail_004_kani=true&JigyosyoCd=1372311629-00&ServiceCd=331&Type=search", "url2": "https://muminhome.jp/edogawa/" }, "geometry": { "type": "Point", "coordinates": [ 139.8506892, 35.7009667 ] } },
{ "type": "Feature", "properties": { "内容": "花珠の家えどがわ【特定施設入居者生活介護（有料老人ホーム）】東京都江戸川区松島1-42-8", "url": "https://www.kaigokensaku.mhlw.go.jp/13/index.php?action_kouhyou_detail_004_kani=true&JigyosyoCd=1372310761-00&ServiceCd=331&Type=search", "url2": "https://jala.co.jp/facility/hd-edogawa/" }, "geometry": { "type": "Point", "coordinates": [ 139.866832499999987, 35.706252800000016 ] } },
{ "type": "Feature", "properties": { "内容": "イリーゼかさい【特定施設入居者生活介護（有料老人ホーム）】東京都江戸川区中葛西1-44-11", "url": "https://www.kaigokensaku.mhlw.go.jp/13/index.php?action_kouhyou_detail_004_kani=true&JigyosyoCd=1372311645-00&ServiceCd=331&Type=search", "url2": "https://www.hitowa.com/" }, "geometry": { "type": "Point", "coordinates": [ 139.87076, 35.6720908 ] } },
{ "type": "Feature", "properties": { "内容": "ジョイステージ八王子【特定施設入居者生活介護（有料老人ホーム）】東京都八王子市横川町924番地2", "url": "https://www.kaigokensaku.mhlw.go.jp/13/index.php?action_kouhyou_detail_004_kani=true&JigyosyoCd=1372900991-00&ServiceCd=331&Type=search", "url2": "http://www.joystage.com" }, "geometry": { "type": "Point", "coordinates": [ 139.294778312827987, 35.663528025345514 ] } },
{ "type": "Feature", "properties": { "内容": "八王子ケアコミュニティそよ風【特定施設入居者生活介護（有料老人ホーム）】東京都八王子市小宮町１２２６番地４", "url": "https://www.kaigokensaku.mhlw.go.jp/13/index.php?action_kouhyou_detail_004_kani=true&JigyosyoCd=1372902245-00&ServiceCd=331&Type=search", "url2": "http://www.sykz.co.jp" }, "geometry": { "type": "Point", "coordinates": [ 139.363834, 35.6871021 ] } },
{ "type": "Feature", "properties": { "内容": "アメニティーライフ八王子【特定施設入居者生活介護（有料老人ホーム）】東京都八王子市上壱分方町71-2", "url": "https://www.kaigokensaku.mhlw.go.jp/13/index.php?action_kouhyou_detail_004_kani=true&JigyosyoCd=1372900637-00&ServiceCd=331&Type=search", "url2": "http://www.amenity-l.co.jp" }, "geometry": { "type": "Point", "coordinates": [ 139.282072, 35.6848501 ] } },
{ "type": "Feature", "properties": { "内容": "シルバービレッジ八王子西【特定施設入居者生活介護（有料老人ホーム）】東京都八王子市宮下町500番地", "url": "https://www.kaigokensaku.mhlw.go.jp/13/index.php?action_kouhyou_detail_004_kani=true&JigyosyoCd=1372900702-00&ServiceCd=331&Type=search", "url2": "http://www.silvervillage.co.jp/" }, "geometry": { "type": "Point", "coordinates": [ 139.306974699999955, 35.7049789 ] } },
{ "type": "Feature", "properties": { "内容": "ウェルハイム・八王子【特定施設入居者生活介護（有料老人ホーム）】東京都八王子市中野上町１－２－２ウェルハイム八王子", "url": "https://www.kaigokensaku.mhlw.go.jp/13/index.php?action_kouhyou_detail_004_kani=true&JigyosyoCd=1372901270-00&ServiceCd=331&Type=search", "url2": "https://welllife.co.jp/" }, "geometry": { "type": "Point", "coordinates": [ 139.330987599999958, 35.6676591 ] } },
{ "type": "Feature", "properties": { "内容": "ケア付き高齢者住宅「明日見らいふ南大沢」【特定施設入居者生活介護（有料老人ホーム）】東京都八王子市南大沢三丁目16番1号", "url": "https://www.kaigokensaku.mhlw.go.jp/13/index.php?action_kouhyou_detail_004_kani=true&JigyosyoCd=1372901320-00&ServiceCd=331&Type=search", "url2": "https://www.to-kousya.or.jp/asumi/" }, "geometry": { "type": "Point", "coordinates": [ 139.381449800000041, 35.6037786 ] } },
{ "type": "Feature", "properties": { "内容": "アルジャンメゾン紅梅【特定施設入居者生活介護（有料老人ホーム）】東京都八王子市東中野196-5アルジャンメゾン紅梅", "url": "https://www.kaigokensaku.mhlw.go.jp/13/index.php?action_kouhyou_detail_004_kani=true&JigyosyoCd=1372901940-00&ServiceCd=331&Type=search", "url2": "https://argent-masion.com" }, "geometry": { "type": "Point", "coordinates": [ 139.412723599999907, 35.6403666 ] } },
{ "type": "Feature", "properties": { "内容": "介護付き有料老人ホーム　グランマ八王子【特定施設入居者生活介護（有料老人ホーム）】東京都八王子市大塚２１３番地の１", "url": "https://www.kaigokensaku.mhlw.go.jp/13/index.php?action_kouhyou_detail_004_kani=true&JigyosyoCd=1372902872-00&ServiceCd=331&Type=search", "url2": "https://granma.jp" }, "geometry": { "type": "Point", "coordinates": [ 139.418359099999947, 35.6409389 ] } },
{ "type": "Feature", "properties": { "内容": "登芙喜心成苑【特定施設入居者生活介護（有料老人ホーム）】東京都八王子市戸吹町1495番地", "url": "https://www.kaigokensaku.mhlw.go.jp/13/index.php?action_kouhyou_detail_004_kani=true&JigyosyoCd=1372903466-00&ServiceCd=331&Type=search", "url2": "https://tobuki-sinseien.com" }, "geometry": { "type": "Point", "coordinates": [ 139.293683703075772, 35.706068264386424 ] } },
{ "type": "Feature", "properties": { "内容": "カーロガーデン大塚【特定施設入居者生活介護（有料老人ホーム）】東京都八王子市大塚２３０－５", "url": "https://www.kaigokensaku.mhlw.go.jp/13/index.php?action_kouhyou_detail_004_kani=true&JigyosyoCd=1372903821-00&ServiceCd=331&Type=search", "url2": "http://www.carogarden.jp/" }, "geometry": { "type": "Point", "coordinates": [ 139.417384199999987, 35.6416805 ] } },
{ "type": "Feature", "properties": { "内容": "幸楽壱番館【特定施設入居者生活介護（有料老人ホーム）】東京都八王子市大横町2-17", "url": "https://www.kaigokensaku.mhlw.go.jp/13/index.php?action_kouhyou_detail_004_kani=true&JigyosyoCd=1372903920-00&ServiceCd=331&Type=search", "url2": "http://www.sakura-medecal.co.jp/kouraku" }, "geometry": { "type": "Point", "coordinates": [ 139.329840600000011, 35.6625819 ] } },
{ "type": "Feature", "properties": { "内容": "ケアポート八王子【特定施設入居者生活介護（有料老人ホーム）】東京都八王子市滝山町１丁目７９９－１ケアポート八王子", "url": "https://www.kaigokensaku.mhlw.go.jp/13/index.php?action_kouhyou_detail_004_kani=true&JigyosyoCd=1372904795-00&ServiceCd=331&Type=search", "url2": "http://yakumocare.jp" }, "geometry": { "type": "Point", "coordinates": [ 139.337492099999963, 35.6803633 ] } },
{ "type": "Feature", "properties": { "内容": "イリーゼ八王子【特定施設入居者生活介護（有料老人ホーム）】東京都八王子市大和田町4-10-11", "url": "https://www.kaigokensaku.mhlw.go.jp/13/index.php?action_kouhyou_detail_004_kani=true&JigyosyoCd=1372905156-00&ServiceCd=331&Type=search", "url2": "http://www.irs.jp" }, "geometry": { "type": "Point", "coordinates": [ 139.35615759999996, 35.6646824 ] } },
{ "type": "Feature", "properties": { "内容": "ベストライフ京王堀之内【特定施設入居者生活介護（有料老人ホーム）】東京都八王子市越野24-5", "url": "https://www.kaigokensaku.mhlw.go.jp/13/index.php?action_kouhyou_detail_004_kani=true&JigyosyoCd=1372905214-00&ServiceCd=331&Type=search", "url2": null }, "geometry": { "type": "Point", "coordinates": [ 139.3923953, 35.627573100000021 ] } },
{ "type": "Feature", "properties": { "内容": "そんぽの家　八王子小宮【特定施設入居者生活介護（有料老人ホーム）】東京都八王子市小宮町758-3", "url": "https://www.kaigokensaku.mhlw.go.jp/13/index.php?action_kouhyou_detail_004_kani=true&JigyosyoCd=1372908085-00&ServiceCd=331&Type=search", "url2": "http://www.sompocare.com" }, "geometry": { "type": "Point", "coordinates": [ 139.366836499999977, 35.6870743 ] } },
{ "type": "Feature", "properties": { "内容": "そんぽの家　八王子元本郷【特定施設入居者生活介護（有料老人ホーム）】東京都八王子市元本郷町2丁目1番12号そんぽの家　八王子元本郷", "url": "https://www.kaigokensaku.mhlw.go.jp/13/index.php?action_kouhyou_detail_004_kani=true&JigyosyoCd=1372908093-00&ServiceCd=331&Type=search", "url2": "https://www.sompocare.com" }, "geometry": { "type": "Point", "coordinates": [ 139.318186100000048, 35.66237880000002 ] } },
{ "type": "Feature", "properties": { "内容": "八王子同友会・長寿の森【特定施設入居者生活介護（有料老人ホーム）】東京都八王子市上川町1620", "url": "https://www.kaigokensaku.mhlw.go.jp/13/index.php?action_kouhyou_detail_004_kani=true&JigyosyoCd=1372908135-00&ServiceCd=331&Type=search", "url2": "https://chouju.do-yukai.com" }, "geometry": { "type": "Point", "coordinates": [ 139.255951399999958, 35.7061503 ] } },
{ "type": "Feature", "properties": { "内容": "ＳＯＭＰＯケアラヴィーレ堀之内【特定施設入居者生活介護（有料老人ホーム）】東京都八王子市別所1-6-5", "url": "https://www.kaigokensaku.mhlw.go.jp/13/index.php?action_kouhyou_detail_004_kani=true&JigyosyoCd=1372908531-00&ServiceCd=331&Type=search", "url2": "https://www.sompocare.com" }, "geometry": { "type": "Point", "coordinates": [ 139.398888475115996, 35.623923261366699 ] } },
{ "type": "Feature", "properties": { "内容": "カーロガーデン八王子【特定施設入居者生活介護（有料老人ホーム）】東京都八王子市大塚415番地の3", "url": "https://www.kaigokensaku.mhlw.go.jp/13/index.php?action_kouhyou_detail_004_kani=true&JigyosyoCd=1372904688-00&ServiceCd=331&Type=search", "url2": "http://www.carogarden.jp/" }, "geometry": { "type": "Point", "coordinates": [ 139.420203500000071, 35.6398308 ] } },
{ "type": "Feature", "properties": { "内容": "介護付き有料老人ホーム　プレザンメゾン　八王子高倉【特定施設入居者生活介護（有料老人ホーム）】東京都八王子市高倉町17-3", "url": "https://www.kaigokensaku.mhlw.go.jp/13/index.php?action_kouhyou_detail_004_kani=true&JigyosyoCd=1372905677-00&ServiceCd=331&Type=search", "url2": "https://www.tanoshii-ie.jp/" }, "geometry": { "type": "Point", "coordinates": [ 139.36876249877659, 35.668807989514896 ] } },
{ "type": "Feature", "properties": { "内容": "シルバービレッジ八王子【特定施設入居者生活介護（有料老人ホーム）】東京都八王子市暁町１丁目47番地1号", "url": "https://www.kaigokensaku.mhlw.go.jp/13/index.php?action_kouhyou_detail_004_kani=true&JigyosyoCd=1372906113-00&ServiceCd=331&Type=search", "url2": "https://www.silvervillage.co.jp/" }, "geometry": { "type": "Point", "coordinates": [ 139.340014500000052, 35.6691314 ] } },
{ "type": "Feature", "properties": { "内容": "SOMPOケア　ラヴィーレ　八王子片倉【特定施設入居者生活介護（有料老人ホーム）】東京都八王子市片倉町722-9", "url": "https://www.kaigokensaku.mhlw.go.jp/13/index.php?action_kouhyou_detail_004_kani=true&JigyosyoCd=1372908549-00&ServiceCd=331&Type=search", "url2": "http://www.sompocare.com" }, "geometry": { "type": "Point", "coordinates": [ 139.3419235, 35.6393378 ] } },
{ "type": "Feature", "properties": { "内容": "リアンレーヴ八王子【特定施設入居者生活介護（有料老人ホーム）】東京都八王子市長沼町1246-2リアンレーヴ八王子", "url": "https://www.kaigokensaku.mhlw.go.jp/13/index.php?action_kouhyou_detail_004_kani=true&JigyosyoCd=1372908606-00&ServiceCd=331&Type=search", "url2": "https://www.kinoshita-kaigo.co.jp/facility/lien_reve_hachiouji.html" }, "geometry": { "type": "Point", "coordinates": [ 139.361446699999988, 35.6456041 ] } },
{ "type": "Feature", "properties": { "内容": "花珠の家にしはちおうじ【特定施設入居者生活介護（有料老人ホーム）】東京都八王子市散田町3-8-10", "url": "https://www.kaigokensaku.mhlw.go.jp/13/index.php?action_kouhyou_detail_004_kani=true&JigyosyoCd=1372909935-00&ServiceCd=331&Type=search", "url2": "https://jala.co.jp/" }, "geometry": { "type": "Point", "coordinates": [ 139.312126176057433, 35.655392254630549 ] } },
{ "type": "Feature", "properties": { "内容": "サンビナス立川【特定施設入居者生活介護（有料老人ホーム）】東京都立川市富士見町1-33-3", "url": "https://www.kaigokensaku.mhlw.go.jp/13/index.php?action_kouhyou_detail_004_kani=true&JigyosyoCd=1373003696-00&ServiceCd=331&Type=search", "url2": "https://www.sunvenus.co.jp/" }, "geometry": { "type": "Point", "coordinates": [ 139.394569499999989, 35.7024137 ] } },
{ "type": "Feature", "properties": { "内容": "サンシティ立川昭和記念公園ロイヤルケア【特定施設入居者生活介護（有料老人ホーム）】東京都立川市砂川町2-71-1", "url": "https://www.kaigokensaku.mhlw.go.jp/13/index.php?action_kouhyou_detail_004_kani=true&JigyosyoCd=1370305474-00&ServiceCd=331&Type=search", "url2": "https://hcm-suncity.co.jp/suncity/tachikawa/" }, "geometry": { "type": "Point", "coordinates": [ 139.3945237, 35.7175343 ] } },
{ "type": "Feature", "properties": { "内容": "ニチイホーム立川柴崎【特定施設入居者生活介護（有料老人ホーム）】東京都立川市柴崎町4-2-23ニチイホーム立川柴崎", "url": "https://www.kaigokensaku.mhlw.go.jp/13/index.php?action_kouhyou_detail_004_kani=true&JigyosyoCd=1373000841-00&ServiceCd=331&Type=search", "url2": "http://www.nichii-carepalace.co.jp/" }, "geometry": { "type": "Point", "coordinates": [ 139.409904800000049, 35.6906611 ] } },
{ "type": "Feature", "properties": { "内容": "グランマ立川【特定施設入居者生活介護（有料老人ホーム）】東京都立川市砂川町８－８－２", "url": "https://www.kaigokensaku.mhlw.go.jp/13/index.php?action_kouhyou_detail_004_kani=true&JigyosyoCd=1373001393-00&ServiceCd=331&Type=search", "url2": "https://granma.jp/tachikawa/" }, "geometry": { "type": "Point", "coordinates": [ 139.40060440000002, 35.7302287 ] } },
{ "type": "Feature", "properties": { "内容": "ニチイホーム立川【特定施設入居者生活介護（有料老人ホーム）】東京都立川市錦町5丁目13番24ニチイホーム立川", "url": "https://www.kaigokensaku.mhlw.go.jp/13/index.php?action_kouhyou_detail_004_kani=true&JigyosyoCd=1373001872-00&ServiceCd=331&Type=search", "url2": "http://www.nichii-home.jp/" }, "geometry": { "type": "Point", "coordinates": [ 139.411479699999973, 35.6877392 ] } },
{ "type": "Feature", "properties": { "内容": "エクセレント立川プレミア【特定施設入居者生活介護（有料老人ホーム）】東京都立川市上砂町5-61-1", "url": "https://www.kaigokensaku.mhlw.go.jp/13/index.php?action_kouhyou_detail_004_kani=true&JigyosyoCd=1373002896-00&ServiceCd=331&Type=search", "url2": "http://www.excare.co.jp/" }, "geometry": { "type": "Point", "coordinates": [ 139.389950105557318, 35.732837954110394 ] } },
{ "type": "Feature", "properties": { "内容": "応援家族　昭和記念公園【特定施設入居者生活介護（有料老人ホーム）】東京都立川市曙町1丁目1番地19号", "url": "https://www.kaigokensaku.mhlw.go.jp/13/index.php?action_kouhyou_detail_004_kani=true&JigyosyoCd=1373002979-00&ServiceCd=331&Type=search", "url2": "http://www.kinoshita-kaigo.co.jp/facility/care_home/support-family_showakinen-park.html" }, "geometry": { "type": "Point", "coordinates": [ 139.408693500000027, 35.6985854 ] } },
{ "type": "Feature", "properties": { "内容": "ベストライフ西武立川【特定施設入居者生活介護（有料老人ホーム）】東京都立川市一番町2-26-1", "url": "https://www.kaigokensaku.mhlw.go.jp/13/index.php?action_kouhyou_detail_004_kani=true&JigyosyoCd=1373003415-00&ServiceCd=331&Type=search", "url2": null }, "geometry": { "type": "Point", "coordinates": [ 139.3773564, 35.7264063 ] } },
{ "type": "Feature", "properties": { "内容": "グランクレール立川ケアレジデンス【特定施設入居者生活介護（有料老人ホーム）】東京都立川市富士見町二丁目3番21号グランクレール立川", "url": "https://www.kaigokensaku.mhlw.go.jp/13/index.php?action_kouhyou_detail_004_kani=true&JigyosyoCd=1373003464-00&ServiceCd=331&Type=search", "url2": "https://www.grancreer.com/tachikawa/" }, "geometry": { "type": "Point", "coordinates": [ 139.40514970000001, 35.699185 ] } },
{ "type": "Feature", "properties": { "内容": "有料老人ホーム　サニーライフ立川【特定施設入居者生活介護（有料老人ホーム）】東京都立川市上砂町5-79-23", "url": "https://www.kaigokensaku.mhlw.go.jp/13/index.php?action_kouhyou_detail_004_kani=true&JigyosyoCd=1373003597-00&ServiceCd=331&Type=search", "url2": "https://www.sunnylife-group.co.jp" }, "geometry": { "type": "Point", "coordinates": [ 139.3919742, 35.7308517 ] } },
{ "type": "Feature", "properties": { "内容": "シルバーシティ武蔵野【特定施設入居者生活介護（有料老人ホーム）】東京都武蔵野市緑町3丁目3番地10号", "url": "https://www.kaigokensaku.mhlw.go.jp/13/index.php?action_kouhyou_detail_004_kani=true&JigyosyoCd=1373300423-00&ServiceCd=331&Type=search", "url2": "https://www.kaiteki.info/sc_musashino" }, "geometry": { "type": "Point", "coordinates": [ 139.566648699999973, 35.720706 ] } },
{ "type": "Feature", "properties": { "内容": "シルバーシティむさしの欅館【特定施設入居者生活介護（有料老人ホーム）】東京都武蔵野市緑町三丁目３番３号", "url": "https://www.kaigokensaku.mhlw.go.jp/13/index.php?action_kouhyou_detail_004_kani=true&JigyosyoCd=1373302163-00&ServiceCd=331&Type=search", "url2": "https://www.kaiteki.info/sc_musashinokeyakikan" }, "geometry": { "type": "Point", "coordinates": [ 139.566883349014233, 35.720391667019783 ] } },
{ "type": "Feature", "properties": { "内容": "シルバーシティ武蔵境【特定施設入居者生活介護（有料老人ホーム）】東京都武蔵野市境南町2丁目8番19号小田急バス武蔵境ビル", "url": "https://www.kaigokensaku.mhlw.go.jp/13/index.php?action_kouhyou_detail_004_kani=true&JigyosyoCd=1373300431-00&ServiceCd=331&Type=search", "url2": "https://www.kaiteki.info/sc_musashisakai" }, "geometry": { "type": "Point", "coordinates": [ 139.543871200000012, 35.7004467 ] } },
{ "type": "Feature", "properties": { "内容": "敬老園ロイヤルヴィラ東京武蔵野【特定施設入居者生活介護（有料老人ホーム）】東京都武蔵野市西久保3-2-3", "url": "https://www.kaigokensaku.mhlw.go.jp/13/index.php?action_kouhyou_detail_004_kani=true&JigyosyoCd=1373300696-00&ServiceCd=331&Type=search", "url2": "https://keirouen..com" }, "geometry": { "type": "Point", "coordinates": [ 139.562744, 35.7114903 ] } },
{ "type": "Feature", "properties": { "内容": "ホスピタルメント武蔵野【特定施設入居者生活介護（有料老人ホーム）】東京都武蔵野市西久保一丁目24番13号ホスピタルメント武蔵野", "url": "https://www.kaigokensaku.mhlw.go.jp/13/index.php?action_kouhyou_detail_004_kani=true&JigyosyoCd=1373302148-00&ServiceCd=331&Type=search", "url2": "http://www.hospitalment.co.jp/musashino/" }, "geometry": { "type": "Point", "coordinates": [ 139.557078618707266, 35.706625386072446 ] } },
{ "type": "Feature", "properties": { "内容": "アライブ武蔵野御殿山【特定施設入居者生活介護（有料老人ホーム）】東京都武蔵野市御殿山2丁目10番9号", "url": "https://www.kaigokensaku.mhlw.go.jp/13/index.php?action_kouhyou_detail_004_kani=true&JigyosyoCd=1373302387-00&ServiceCd=331&Type=search", "url2": "https://www.alive-carehome.co.jp/home/musashino-gotenyama/" }, "geometry": { "type": "Point", "coordinates": [ 139.568166199999951, 35.702286 ] } },
{ "type": "Feature", "properties": { "内容": "ベストライフ吉祥寺【特定施設入居者生活介護（有料老人ホーム）】東京都武蔵野市吉祥寺北町二丁目19番25号", "url": "https://www.kaigokensaku.mhlw.go.jp/13/index.php?action_kouhyou_detail_004_kani=true&JigyosyoCd=1373302726-00&ServiceCd=331&Type=search", "url2": null }, "geometry": { "type": "Point", "coordinates": [ 139.5779135, 35.7155872 ] } },
{ "type": "Feature", "properties": { "内容": "介護付有料老人ホーム　コートローレル【特定施設入居者生活介護（有料老人ホーム）】東京都武蔵野市緑町2-1-40", "url": "https://www.kaigokensaku.mhlw.go.jp/13/index.php?action_kouhyou_detail_004_kani=true&JigyosyoCd=1373301959-00&ServiceCd=331&Type=search", "url2": "http://www.courtlaurel.jp" }, "geometry": { "type": "Point", "coordinates": [ 139.564885299999986, 35.7154566 ] } },
{ "type": "Feature", "properties": { "内容": "グランダ武蔵野【特定施設入居者生活介護（有料老人ホーム）】東京都武蔵野市西久保三丁目5番8号", "url": "https://www.kaigokensaku.mhlw.go.jp/13/index.php?action_kouhyou_detail_004_kani=true&JigyosyoCd=1373301678-00&ServiceCd=331&Type=search", "url2": "http://www.benesse-style-care.co.jp/" }, "geometry": { "type": "Point", "coordinates": [ 139.560658099999955, 35.7106932 ] } },
{ "type": "Feature", "properties": { "内容": "ソナーレ・アテリア久我山【特定施設入居者生活介護（有料老人ホーム）】東京都三鷹市牟礼1-3-15", "url": "https://www.kaigokensaku.mhlw.go.jp/13/index.php?action_kouhyou_detail_004_kani=true&JigyosyoCd=1373603099-00&ServiceCd=331&Type=search", "url2": "https://www.lifecaredesign.co.jp/sonare-kugayama/" }, "geometry": { "type": "Point", "coordinates": [ 139.590257893778983, 35.682653336188856 ] } },
{ "type": "Feature", "properties": { "内容": "ニチイホーム　三鷹【特定施設入居者生活介護（有料老人ホーム）】東京都三鷹市中原2-1-15", "url": "https://www.kaigokensaku.mhlw.go.jp/13/index.php?action_kouhyou_detail_004_kani=true&JigyosyoCd=1373601325-00&ServiceCd=331&Type=search", "url2": "http://www.nichii-home.jp/" }, "geometry": { "type": "Point", "coordinates": [ 139.573991699999965, 35.6683731 ] } },
{ "type": "Feature", "properties": { "内容": "ニチイホーム三鷹II番館【特定施設入居者生活介護（有料老人ホーム）】東京都三鷹市中原2-10-1", "url": "https://www.kaigokensaku.mhlw.go.jp/13/index.php?action_kouhyou_detail_004_kani=true&JigyosyoCd=1373601473-00&ServiceCd=331&Type=search", "url2": "http://www.nichii-home.jp/" }, "geometry": { "type": "Point", "coordinates": [ 139.573577800000066, 35.6687092 ] } },
{ "type": "Feature", "properties": { "内容": "ソノラス・コート三鷹【特定施設入居者生活介護（有料老人ホーム）】東京都三鷹市下連雀８丁目４番１８号", "url": "https://www.kaigokensaku.mhlw.go.jp/13/index.php?action_kouhyou_detail_004_kani=true&JigyosyoCd=1373600210-00&ServiceCd=331&Type=search", "url2": "http://www.sonorous.co.jp" }, "geometry": { "type": "Point", "coordinates": [ 139.567091799999957, 35.6845713 ] } },
{ "type": "Feature", "properties": { "内容": "メディカルホームくらら三鷹【特定施設入居者生活介護（有料老人ホーム）】東京都三鷹市野崎一丁目15番18号", "url": "https://www.kaigokensaku.mhlw.go.jp/13/index.php?action_kouhyou_detail_004_kani=true&JigyosyoCd=1373600418-00&ServiceCd=331&Type=search", "url2": "http://www.benesse-style-care.co.jp/" }, "geometry": { "type": "Point", "coordinates": [ 139.551696, 35.6825018 ] } },
{ "type": "Feature", "properties": { "内容": "サンビレッジ三鷹【特定施設入居者生活介護（有料老人ホーム）】東京都三鷹市下連雀三丁目１８番１３号", "url": "https://www.kaigokensaku.mhlw.go.jp/13/index.php?action_kouhyou_detail_004_kani=true&JigyosyoCd=1373600459-00&ServiceCd=331&Type=search", "url2": "http://www.sunvillage.co.jp" }, "geometry": { "type": "Point", "coordinates": [ 139.562469599999986, 35.6979114 ] } },
{ "type": "Feature", "properties": { "内容": "ライフコミューンつつじヶ丘【特定施設入居者生活介護（有料老人ホーム）】東京都三鷹市中原1-6-25", "url": "https://www.kaigokensaku.mhlw.go.jp/13/index.php?action_kouhyou_detail_004_kani=true&JigyosyoCd=1373600780-00&ServiceCd=331&Type=search", "url2": "http://www.kinoshita-kaigo.co.jp/facilities/state/tokyo/tsutsujigaoka.html" }, "geometry": { "type": "Point", "coordinates": [ 139.577139, 35.662935 ] } },
{ "type": "Feature", "properties": { "内容": "ライフコミューン深大寺【特定施設入居者生活介護（有料老人ホーム）】東京都三鷹市野崎3-13-26", "url": "https://www.kaigokensaku.mhlw.go.jp/13/index.php?action_kouhyou_detail_004_kani=true&JigyosyoCd=1373600939-00&ServiceCd=331&Type=search", "url2": "http://www.kinoshita-kaigo.co.jp/facilities/state/tokyo/jindaiji.html" }, "geometry": { "type": "Point", "coordinates": [ 139.544529900000043, 35.6871149 ] } },
{ "type": "Feature", "properties": { "内容": "メディカル・リハビリホームくらら武蔵境【特定施設入居者生活介護（有料老人ホーム）】東京都三鷹市井口四丁目8番24号", "url": "https://www.kaigokensaku.mhlw.go.jp/13/index.php?action_kouhyou_detail_004_kani=true&JigyosyoCd=1373600947-00&ServiceCd=331&Type=search", "url2": "http://www.benesse-style-care.co.jp/" }, "geometry": { "type": "Point", "coordinates": [ 139.53335560000005, 35.6947415 ] } },
{ "type": "Feature", "properties": { "内容": "アロース井の頭【特定施設入居者生活介護（有料老人ホーム）】東京都三鷹市下連雀１－２－２２", "url": "https://www.kaigokensaku.mhlw.go.jp/13/index.php?action_kouhyou_detail_004_kani=true&JigyosyoCd=1373601101-00&ServiceCd=331&Type=search", "url2": "http://www.arroz.jp" }, "geometry": { "type": "Point", "coordinates": [ 139.571182799999974, 35.6934065 ] } },
{ "type": "Feature", "properties": { "内容": "フェリエ　ドゥ　三鷹【特定施設入居者生活介護（有料老人ホーム）】東京都三鷹市大沢４丁目１３番２３号", "url": "https://www.kaigokensaku.mhlw.go.jp/13/index.php?action_kouhyou_detail_004_kani=true&JigyosyoCd=1373601549-00&ServiceCd=331&Type=search", "url2": "http://www.like-cn.co.jp" }, "geometry": { "type": "Point", "coordinates": [ 139.540933799999948, 35.666598 ] } },
{ "type": "Feature", "properties": { "内容": "リハビリホームグランダ仙川【特定施設入居者生活介護（有料老人ホーム）】東京都三鷹市中原一丁目1番10号", "url": "https://www.kaigokensaku.mhlw.go.jp/13/index.php?action_kouhyou_detail_004_kani=true&JigyosyoCd=1373601796-00&ServiceCd=331&Type=search", "url2": "http://www.benesse-style-care.co.jp/" }, "geometry": { "type": "Point", "coordinates": [ 139.5815996, 35.6651514 ] } },
{ "type": "Feature", "properties": { "内容": "そんぽの家三鷹新川【特定施設入居者生活介護（有料老人ホーム）】東京都三鷹市新川5-6-30", "url": "https://www.kaigokensaku.mhlw.go.jp/13/index.php?action_kouhyou_detail_004_kani=true&JigyosyoCd=1373602687-00&ServiceCd=331&Type=search", "url2": "https://www.sompocare.com" }, "geometry": { "type": "Point", "coordinates": [ 139.570336200000042, 35.676 ] } },
{ "type": "Feature", "properties": { "内容": "そんぽの家　三鷹中原【特定施設入居者生活介護（有料老人ホーム）】東京都三鷹市中原3-1-17", "url": "https://www.kaigokensaku.mhlw.go.jp/13/index.php?action_kouhyou_detail_004_kani=true&JigyosyoCd=1373602695-00&ServiceCd=331&Type=search", "url2": "http://www.sompocare.com" }, "geometry": { "type": "Point", "coordinates": [ 139.569530799999939, 35.6722365 ] } },
{ "type": "Feature", "properties": { "内容": "ヨウコーキャッスル三鷹【特定施設入居者生活介護（有料老人ホーム）】東京都三鷹市下連雀6-6-51ヨウコーキャッスル三鷹", "url": "https://www.kaigokensaku.mhlw.go.jp/13/index.php?action_kouhyou_detail_004_kani=true&JigyosyoCd=1373603073-00&ServiceCd=331&Type=search", "url2": "http://rehabili-youko.com/" }, "geometry": { "type": "Point", "coordinates": [ 139.5673356, 35.68903 ] } },
{ "type": "Feature", "properties": { "内容": "アズハイム三鷹【特定施設入居者生活介護（有料老人ホーム）】東京都三鷹市野崎二丁目10番8号", "url": "https://www.kaigokensaku.mhlw.go.jp/13/index.php?action_kouhyou_detail_004_kani=true&JigyosyoCd=1373603131-00&ServiceCd=331&Type=search", "url2": "https://as-heim.com/" }, "geometry": { "type": "Point", "coordinates": [ 139.5469347, 35.6833587 ] } },
{ "type": "Feature", "properties": { "内容": "ツクイ・サンシャイン三鷹深大寺【特定施設入居者生活介護（有料老人ホーム）】東京都三鷹市深大寺二丁目21番17号", "url": "https://www.kaigokensaku.mhlw.go.jp/13/index.php?action_kouhyou_detail_004_kani=true&JigyosyoCd=1373601481-00&ServiceCd=331&Type=search", "url2": "http://corp.tsukui.net" }, "geometry": { "type": "Point", "coordinates": [ 139.542391100000032, 35.6904145 ] } },
{ "type": "Feature", "properties": { "内容": "サニーステージ深大寺【特定施設入居者生活介護（有料老人ホーム）】東京都三鷹市深大寺2-41-7", "url": "https://www.kaigokensaku.mhlw.go.jp/13/index.php?action_kouhyou_detail_004_kani=true&JigyosyoCd=1373601515-00&ServiceCd=331&Type=search", "url2": "http://www.sunnystage.com" }, "geometry": { "type": "Point", "coordinates": [ 139.539774800000032, 35.6865871 ] } },
{ "type": "Feature", "properties": { "内容": "そんぽの家　三鷹牟礼【特定施設入居者生活介護（有料老人ホーム）】東京都三鷹市牟礼7丁目1-2そんぽの家　三鷹牟礼", "url": "https://www.kaigokensaku.mhlw.go.jp/13/index.php?action_kouhyou_detail_004_kani=true&JigyosyoCd=1373602166-00&ServiceCd=331&Type=search", "url2": "http://www.sompocare.com" }, "geometry": { "type": "Point", "coordinates": [ 139.5766132, 35.6821189 ] } },
{ "type": "Feature", "properties": { "内容": "ＳＯＭＰＯケアラヴィーレ武蔵境【特定施設入居者生活介護（有料老人ホーム）】東京都三鷹市井口3-16-24", "url": "https://www.kaigokensaku.mhlw.go.jp/13/index.php?action_kouhyou_detail_004_kani=true&JigyosyoCd=1373602802-00&ServiceCd=331&Type=search", "url2": "https://www.sompocare.com" }, "geometry": { "type": "Point", "coordinates": [ 139.540541100000041, 35.695 ] } },
{ "type": "Feature", "properties": { "内容": "リハビリホームボンセジュール三鷹【特定施設入居者生活介護（有料老人ホーム）】東京都三鷹市下連雀3-43-23", "url": "https://www.kaigokensaku.mhlw.go.jp/13/index.php?action_kouhyou_detail_004_kani=true&JigyosyoCd=1373602182-00&ServiceCd=331&Type=search", "url2": "http://www.benesse-style-care.co.jp/" }, "geometry": { "type": "Point", "coordinates": [ 139.559281035581961, 35.701420225605993 ] } },
{ "type": "Feature", "properties": { "内容": "イリーゼ三鷹深大寺【特定施設入居者生活介護（有料老人ホーム）】東京都三鷹市大沢4-15-6", "url": "https://www.kaigokensaku.mhlw.go.jp/13/index.php?action_kouhyou_detail_004_kani=true&JigyosyoCd=1373603297-00&ServiceCd=331&Type=search", "url2": "https://www.irs.jp/area/tokyo/mitakashi/mitakajindaiji_home.html?utm_source=google&utm_medium=cpc&utm_campaign=gss_listing_facility&argument=XgDKgLKL&dmai=gs_240701_52&gad_source=1&gad_campaignid=21405220302&gbraid=0AAAAA937hMqUx1psTDYiI0vsM-2MzC49C&gclid" }, "geometry": { "type": "Point", "coordinates": [ 139.542516, 35.6654848 ] } },
{ "type": "Feature", "properties": { "内容": "青梅ガーデンハウス【特定施設入居者生活介護（有料老人ホーム）】東京都青梅市塩船10", "url": "https://www.kaigokensaku.mhlw.go.jp/13/index.php?action_kouhyou_detail_004_kani=true&JigyosyoCd=1372802163-00&ServiceCd=331&Type=search", "url2": "https://jala.co.jp" }, "geometry": { "type": "Point", "coordinates": [ 139.28788990000001, 35.8012407 ] } },
{ "type": "Feature", "properties": { "内容": "ヨウコーフォレスト河辺【特定施設入居者生活介護（有料老人ホーム）】東京都青梅市河辺町8-2-1", "url": "https://www.kaigokensaku.mhlw.go.jp/13/index.php?action_kouhyou_detail_004_kani=true&JigyosyoCd=1372801108-00&ServiceCd=331&Type=search", "url2": "http://rehabili-youko.com" }, "geometry": { "type": "Point", "coordinates": [ 139.293200399999932, 35.7832024 ] } },
{ "type": "Feature", "properties": { "内容": "メディカル・リハビリホームくらら京王東府中【特定施設入居者生活介護（有料老人ホーム）】東京都府中市八幡町三丁目6番22号", "url": "https://www.kaigokensaku.mhlw.go.jp/13/index.php?action_kouhyou_detail_004_kani=true&JigyosyoCd=1373800943-00&ServiceCd=331&Type=search", "url2": "http://www.benesse-style-care.co.jp/" }, "geometry": { "type": "Point", "coordinates": [ 139.491410200000018, 35.6688184 ] } },
{ "type": "Feature", "properties": { "内容": "ニチイホーム東府中【特定施設入居者生活介護（有料老人ホーム）】東京都府中市若松町3-34-6", "url": "https://www.kaigokensaku.mhlw.go.jp/13/index.php?action_kouhyou_detail_004_kani=true&JigyosyoCd=1373801289-00&ServiceCd=331&Type=search", "url2": "http://www.nichii-home.jp/" }, "geometry": { "type": "Point", "coordinates": [ 139.504839400000037, 35.6746291 ] } },
{ "type": "Feature", "properties": { "内容": "ニチイケアセンター府中南町【特定施設入居者生活介護（有料老人ホーム）】東京都府中市南町1-48-1ニチイケアセンター府中南町", "url": "https://www.kaigokensaku.mhlw.go.jp/13/index.php?action_kouhyou_detail_004_kani=true&JigyosyoCd=1373802170-00&ServiceCd=331&Type=search", "url2": "http://www.nichiigakkan.co.jp/" }, "geometry": { "type": "Point", "coordinates": [ 139.471234699999968, 35.6575331 ] } },
{ "type": "Feature", "properties": { "内容": "グランダ府中白糸台【特定施設入居者生活介護（有料老人ホーム）】東京都府中市白糸台一丁目37番地の2", "url": "https://www.kaigokensaku.mhlw.go.jp/13/index.php?action_kouhyou_detail_004_kani=true&JigyosyoCd=1373802196-00&ServiceCd=331&Type=search", "url2": "http://www.benesse-style-care.co.jp/" }, "geometry": { "type": "Point", "coordinates": [ 139.506303300000013, 35.669802 ] } },
{ "type": "Feature", "properties": { "内容": "特定医療法人社団研精会　デンマークINN府中【特定施設入居者生活介護（有料老人ホーム）】東京都府中市緑町1-23-3デンマークＩＮＮ府中", "url": "https://www.kaigokensaku.mhlw.go.jp/13/index.php?action_kouhyou_detail_004_kani=true&JigyosyoCd=1373803327-00&ServiceCd=331&Type=search", "url2": "http://wwwd.enmark-group.or.jp" }, "geometry": { "type": "Point", "coordinates": [ 139.486105, 35.6730149 ] } },
{ "type": "Feature", "properties": { "内容": "グッドタイムナーシングホーム・府中弐番館【特定施設入居者生活介護（有料老人ホーム）】東京都府中市是政1-17-5", "url": "https://www.kaigokensaku.mhlw.go.jp/13/index.php?action_kouhyou_detail_004_kani=true&JigyosyoCd=1373803921-00&ServiceCd=331&Type=search", "url2": "http://www.goodtimehome.com/" }, "geometry": { "type": "Point", "coordinates": [ 139.4905771, 35.6612486 ] } },
{ "type": "Feature", "properties": { "内容": "グッドタイムホーム・府中【特定施設入居者生活介護（有料老人ホーム）】東京都府中市矢崎町4-10-2", "url": "https://www.kaigokensaku.mhlw.go.jp/13/index.php?action_kouhyou_detail_004_kani=true&JigyosyoCd=1373803939-00&ServiceCd=331&Type=search", "url2": "http://www.goodtimehome.com" }, "geometry": { "type": "Point", "coordinates": [ 139.475522400000045, 35.6579014 ] } },
{ "type": "Feature", "properties": { "内容": "ベストライフ西府【特定施設入居者生活介護（有料老人ホーム）】東京都府中市西府町1-49-3", "url": "https://www.kaigokensaku.mhlw.go.jp/13/index.php?action_kouhyou_detail_004_kani=true&JigyosyoCd=1373804010-00&ServiceCd=331&Type=search", "url2": null }, "geometry": { "type": "Point", "coordinates": [ 139.455326, 35.672520200000029 ] } },
{ "type": "Feature", "properties": { "内容": "やかた三本木【特定施設入居者生活介護（有料老人ホーム）】東京都府中市府中町3-23-3", "url": "https://www.kaigokensaku.mhlw.go.jp/13/index.php?action_kouhyou_detail_004_kani=true&JigyosyoCd=1373804028-00&ServiceCd=331&Type=search", "url2": "https://www.yakatasanbongi.jp/" }, "geometry": { "type": "Point", "coordinates": [ 139.4888551, 35.6773858 ] } },
{ "type": "Feature", "properties": { "内容": "リアンレーヴ府中【特定施設入居者生活介護（有料老人ホーム）】東京都府中市府中町2-18-1", "url": "https://www.kaigokensaku.mhlw.go.jp/13/index.php?action_kouhyou_detail_004_kani=true&JigyosyoCd=1373804119-00&ServiceCd=331&Type=search", "url2": "https://www.kinoshita-kaigo.co.jp/facility/care_home/lien-reve_fuchu.html" }, "geometry": { "type": "Point", "coordinates": [ 139.4822518, 35.6747398 ] } },
{ "type": "Feature", "properties": { "内容": "チャーム府中番場【特定施設入居者生活介護（有料老人ホーム）】東京都府中市宮西町4丁目11番地の2", "url": "https://www.kaigokensaku.mhlw.go.jp/13/index.php?action_kouhyou_detail_004_kani=true&JigyosyoCd=1373804192-00&ServiceCd=331&Type=search", "url2": "https://www.charmcc.jp/home/charm_fuchubanba/" }, "geometry": { "type": "Point", "coordinates": [ 139.474886500000054, 35.670392900000024 ] } },
{ "type": "Feature", "properties": { "内容": "アビリティーズ・気まま館ブルーベリーコート府中【特定施設入居者生活介護（有料老人ホーム）】東京都府中市西府町3-32-14", "url": "https://www.kaigokensaku.mhlw.go.jp/13/index.php?action_kouhyou_detail_004_kani=true&JigyosyoCd=1373802386-00&ServiceCd=331&Type=search", "url2": "https://abilities.jp" }, "geometry": { "type": "Point", "coordinates": [ 139.4558101, 35.6778662 ] } },
{ "type": "Feature", "properties": { "内容": "メディカル・リハビリホームボンセジュール白糸台【特定施設入居者生活介護（有料老人ホーム）】東京都府中市白糸台1-29-1", "url": "https://www.kaigokensaku.mhlw.go.jp/13/index.php?action_kouhyou_detail_004_kani=true&JigyosyoCd=1373802584-00&ServiceCd=331&Type=search", "url2": "http://www.benesse-style-care.co.jp/" }, "geometry": { "type": "Point", "coordinates": [ 139.507903199999987, 35.6694215 ] } },
{ "type": "Feature", "properties": { "内容": "SOMPOケア　ラヴィーレ府中【特定施設入居者生活介護（有料老人ホーム）】東京都府中市宮町3-10-1SOMPOケア　ラヴィーレ府中", "url": "https://www.kaigokensaku.mhlw.go.jp/13/index.php?action_kouhyou_detail_004_kani=true&JigyosyoCd=1373803830-00&ServiceCd=331&Type=search", "url2": "https://www.sompocare.com" }, "geometry": { "type": "Point", "coordinates": [ 139.481652899999972, 35.6669489 ] } },
{ "type": "Feature", "properties": { "内容": "チャーム府中日新町【特定施設入居者生活介護（有料老人ホーム）】東京都府中市日新町3-19-1", "url": "https://www.kaigokensaku.mhlw.go.jp/13/index.php?action_kouhyou_detail_004_kani=true&JigyosyoCd=1373804259-00&ServiceCd=331&Type=search", "url2": "http://www.charmcc.jp/" }, "geometry": { "type": "Point", "coordinates": [ 139.448824699999989, 35.6689922 ] } },
{ "type": "Feature", "properties": { "内容": "ディーフェスタリリーフ国立府中【特定施設入居者生活介護（有料老人ホーム）】東京都府中市四谷６丁目３２番４", "url": "https://www.kaigokensaku.mhlw.go.jp/13/index.php?action_kouhyou_detail_004_kani=true&JigyosyoCd=1373804184-00&ServiceCd=331&Type=search", "url2": "https://www.daiwaliving-care.co.jp/d-festa/relief-kunitachifuchu/" }, "geometry": { "type": "Point", "coordinates": [ 139.4338028, 35.6716375 ] } },
{ "type": "Feature", "properties": { "内容": "フローレンスケア聖蹟桜ヶ丘【特定施設入居者生活介護（有料老人ホーム）】東京都府中市日新町5丁目53番地1", "url": "https://www.kaigokensaku.mhlw.go.jp/13/index.php?action_kouhyou_detail_004_kani=true&JigyosyoCd=1373801834-00&ServiceCd=331&Type=search", "url2": "http://www.good-care.jp/" }, "geometry": { "type": "Point", "coordinates": [ 139.439863487696812, 35.670126205650199 ] } },
{ "type": "Feature", "properties": { "内容": "まどか府中【特定施設入居者生活介護（有料老人ホーム）】東京都府中市矢崎町一丁目32番地の1", "url": "https://www.kaigokensaku.mhlw.go.jp/13/index.php?action_kouhyou_detail_004_kani=true&JigyosyoCd=1373802618-00&ServiceCd=331&Type=search", "url2": "https://kaigo.benesse-style-care.co.jp/area_tokyo/fuchu/home_m-fuchu" }, "geometry": { "type": "Point", "coordinates": [ 139.478908899999965, 35.6625216 ] } },
{ "type": "Feature", "properties": { "内容": "ベルケア中神【特定施設入居者生活介護（有料老人ホーム）】東京都昭島市中神町1186-2", "url": "https://www.kaigokensaku.mhlw.go.jp/13/index.php?action_kouhyou_detail_004_kani=true&JigyosyoCd=1374000865-00&ServiceCd=331&Type=search", "url2": "http://www.bell-care.co.jp" }, "geometry": { "type": "Point", "coordinates": [ 139.375243400000045, 35.7105386 ] } },
{ "type": "Feature", "properties": { "内容": "そんぽの家　昭島【特定施設入居者生活介護（有料老人ホーム）】東京都昭島市宮沢町2丁目7番30号", "url": "https://www.kaigokensaku.mhlw.go.jp/13/index.php?action_kouhyou_detail_004_kani=true&JigyosyoCd=1374001020-00&ServiceCd=331&Type=search", "url2": "https://www.sompocare.com/service/home/kaigo/H000258/" }, "geometry": { "type": "Point", "coordinates": [ 139.3642724, 35.7034586 ] } },
{ "type": "Feature", "properties": { "内容": "ニチイホーム昭島　昭和の森【特定施設入居者生活介護（有料老人ホーム）】東京都昭島市代官山１丁目２番３号ニチイホーム昭島昭和の森", "url": "https://www.kaigokensaku.mhlw.go.jp/13/index.php?action_kouhyou_detail_004_kani=true&JigyosyoCd=1374001657-00&ServiceCd=331&Type=search", "url2": "http://www.nichii-carepalace.co.jp" }, "geometry": { "type": "Point", "coordinates": [ 139.364202500000033, 35.7186817 ] } },
{ "type": "Feature", "properties": { "内容": "ベストライフ昭島【特定施設入居者生活介護（有料老人ホーム）】東京都昭島市田中町1-26-10", "url": "https://www.kaigokensaku.mhlw.go.jp/13/index.php?action_kouhyou_detail_004_kani=true&JigyosyoCd=1374001889-00&ServiceCd=331&Type=search", "url2": null }, "geometry": { "type": "Point", "coordinates": [ 139.3543355, 35.704068300000017 ] } },
{ "type": "Feature", "properties": { "内容": "イリーゼ昭島【特定施設入居者生活介護（有料老人ホーム）】東京都昭島宮沢町2-31-9", "url": "https://www.kaigokensaku.mhlw.go.jp/13/index.php?action_kouhyou_detail_004_kani=true&JigyosyoCd=1374002093-00&ServiceCd=331&Type=search", "url2": null }, "geometry": { "type": "Point", "coordinates": [ 139.3683082, 35.7016441 ] } },
{ "type": "Feature", "properties": { "内容": "サン・ラポール調布【特定施設入居者生活介護（有料老人ホーム）】東京都調布市国領町8丁目9番3号サン・ラポール調布", "url": "https://www.kaigokensaku.mhlw.go.jp/13/index.php?action_kouhyou_detail_004_kani=true&JigyosyoCd=1374200747-00&ServiceCd=331&Type=search", "url2": "http://www.sun-rapport.co.jp" }, "geometry": { "type": "Point", "coordinates": [ 139.567667, 35.6480813 ] } },
{ "type": "Feature", "properties": { "内容": "サンシティ調布【特定施設入居者生活介護（有料老人ホーム）】東京都調布市緑ヶ丘2丁目14番1", "url": "https://www.kaigokensaku.mhlw.go.jp/13/index.php?action_kouhyou_detail_004_kani=true&JigyosyoCd=1374200796-00&ServiceCd=331&Type=search", "url2": "http://www.hcm-suncity.jp/royal/chofu/" }, "geometry": { "type": "Point", "coordinates": [ 139.58536, 35.6705312 ] } },
{ "type": "Feature", "properties": { "内容": "メディカルホームくらら調布【特定施設入居者生活介護（有料老人ホーム）】東京都調布市下石原一丁目30番3号", "url": "https://www.kaigokensaku.mhlw.go.jp/13/index.php?action_kouhyou_detail_004_kani=true&JigyosyoCd=1374200986-00&ServiceCd=331&Type=search", "url2": "https://kaigo.benesse-style-care.co.jp/area_tokyo/chofu/home_k-choufu" }, "geometry": { "type": "Point", "coordinates": [ 139.535215699999981, 35.6565912 ] } },
{ "type": "Feature", "properties": { "内容": "グッドタイムホーム・調布【特定施設入居者生活介護（有料老人ホーム）】東京都調布市小島町２丁目3番6号", "url": "https://www.kaigokensaku.mhlw.go.jp/13/index.php?action_kouhyou_detail_004_kani=true&JigyosyoCd=1374201331-00&ServiceCd=331&Type=search", "url2": "http://www.japan-lifedesign.com/chofu/" }, "geometry": { "type": "Point", "coordinates": [ 139.53867409999998, 35.6524391 ] } },
{ "type": "Feature", "properties": { "内容": "まどか深大寺【特定施設入居者生活介護（有料老人ホーム）】東京都調布市深大寺元町１－１２－２", "url": "https://www.kaigokensaku.mhlw.go.jp/13/index.php?action_kouhyou_detail_004_kani=true&JigyosyoCd=1374202891-00&ServiceCd=331&Type=search", "url2": "https://kaigo.benesse-style-care.co.jp/area_tokyo/chofu/home_m-jindaiji" }, "geometry": { "type": "Point", "coordinates": [ 139.546758599999947, 35.6629682 ] } },
{ "type": "Feature", "properties": { "内容": "チャームスイート調布【特定施設入居者生活介護（有料老人ホーム）】東京都調布市小島町1丁目14番地3", "url": "https://www.kaigokensaku.mhlw.go.jp/13/index.php?action_kouhyou_detail_004_kani=true&JigyosyoCd=1374203204-00&ServiceCd=331&Type=search", "url2": "http://www.charmcc.jp" }, "geometry": { "type": "Point", "coordinates": [ 139.542523599999981, 35.6540945 ] } },
{ "type": "Feature", "properties": { "内容": "有料老人ホーム　サニーライフ調布【特定施設入居者生活介護（有料老人ホーム）】東京都調布市多摩川三丁目54番1", "url": "https://www.kaigokensaku.mhlw.go.jp/13/index.php?action_kouhyou_detail_004_kani=true&JigyosyoCd=1374203493-00&ServiceCd=331&Type=search", "url2": "http://www.sunnylife-group.co.jp" }, "geometry": { "type": "Point", "coordinates": [ 139.5288852, 35.6447362 ] } },
{ "type": "Feature", "properties": { "内容": "デンマークINN深大寺【特定施設入居者生活介護（有料老人ホーム）】東京都調布市深大寺東町8-14-2", "url": "https://www.kaigokensaku.mhlw.go.jp/13/index.php?action_kouhyou_detail_004_kani=true&JigyosyoCd=1374203501-00&ServiceCd=331&Type=search", "url2": "http://www.denmark-inn.or.jp" }, "geometry": { "type": "Point", "coordinates": [ 139.554624, 35.680413 ] } },
{ "type": "Feature", "properties": { "内容": "ベストライフ調布【特定施設入居者生活介護（有料老人ホーム）】東京都調布市東つつじヶ丘3-24-4ベストライフ調布", "url": "https://www.kaigokensaku.mhlw.go.jp/13/index.php?action_kouhyou_detail_004_kani=true&JigyosyoCd=1374203527-00&ServiceCd=331&Type=search", "url2": null }, "geometry": { "type": "Point", "coordinates": [ 139.579316299999988, 35.6526554 ] } },
{ "type": "Feature", "properties": { "内容": "そんぽの家　調布多摩川【特定施設入居者生活介護（有料老人ホーム）】東京都調布市多摩川3-17-1", "url": "https://www.kaigokensaku.mhlw.go.jp/13/index.php?action_kouhyou_detail_004_kani=true&JigyosyoCd=1374202305-00&ServiceCd=331&Type=search", "url2": "https://www.sompocare.com/" }, "geometry": { "type": "Point", "coordinates": [ 139.532286500000026, 35.6452236 ] } },
{ "type": "Feature", "properties": { "内容": "SOMPOケアラヴィーレ調布【特定施設入居者生活介護（有料老人ホーム）】東京都調布市上石原1-8-8", "url": "https://www.kaigokensaku.mhlw.go.jp/13/index.php?action_kouhyou_detail_004_kani=true&JigyosyoCd=1374203337-00&ServiceCd=331&Type=search", "url2": "https://www.sompocare.com/service/home/kaigo/H000073" }, "geometry": { "type": "Point", "coordinates": [ 139.52807729999995, 35.6588351 ] } },
{ "type": "Feature", "properties": { "内容": "SOMPOケアラヴィーレ仙川【特定施設入居者生活介護（有料老人ホーム）】東京都調布市仙川町3-2-9", "url": "https://www.kaigokensaku.mhlw.go.jp/13/index.php?action_kouhyou_detail_004_kani=true&JigyosyoCd=1374203345-00&ServiceCd=331&Type=search", "url2": "https://www.sompocare.com" }, "geometry": { "type": "Point", "coordinates": [ 139.58406059999993, 35.663546 ] } },
{ "type": "Feature", "properties": { "内容": "リハビリホームグランダ調布【特定施設入居者生活介護（有料老人ホーム）】東京都調布市富士見町二丁目14番地2", "url": "https://www.kaigokensaku.mhlw.go.jp/13/index.php?action_kouhyou_detail_004_kani=true&JigyosyoCd=1374202313-00&ServiceCd=331&Type=search", "url2": "http://www.benesse-style-care.co.jp/" }, "geometry": { "type": "Point", "coordinates": [ 139.542281499999945, 35.6597325 ] } },
{ "type": "Feature", "properties": { "内容": "フローレンスケア調布【特定施設入居者生活介護（有料老人ホーム）】東京都調布市小島町1-16-3", "url": "https://www.kaigokensaku.mhlw.go.jp/13/index.php?action_kouhyou_detail_004_kani=true&JigyosyoCd=1374203584-00&ServiceCd=331&Type=search", "url2": "http://www.kudo.co.jp/" }, "geometry": { "type": "Point", "coordinates": [ 139.5413649, 35.6546162 ] } },
{ "type": "Feature", "properties": { "内容": "イリーゼ調布【特定施設入居者生活介護（有料老人ホーム）】東京都調布市多摩川1-13-1", "url": "https://www.kaigokensaku.mhlw.go.jp/13/index.php?action_kouhyou_detail_004_kani=true&JigyosyoCd=1374204004-00&ServiceCd=331&Type=search", "url2": "https://www.irs.jp/" }, "geometry": { "type": "Point", "coordinates": [ 139.528258099999988, 35.6500549 ] } },
{ "type": "Feature", "properties": { "内容": "ケアライフ金井【特定施設入居者生活介護（有料老人ホーム）】東京都町田市金井５丁目２０－１６", "url": "https://www.kaigokensaku.mhlw.go.jp/13/index.php?action_kouhyou_detail_004_kani=true&JigyosyoCd=1373201753-00&ServiceCd=331&Type=search", "url2": "http://www.tsukushinbo.net" }, "geometry": { "type": "Point", "coordinates": [ 139.463557400000013, 35.580684 ] } },
{ "type": "Feature", "properties": { "内容": "鶴の苑【特定施設入居者生活介護（有料老人ホーム）】東京都町田市南町田5-3-28", "url": "https://www.kaigokensaku.mhlw.go.jp/13/index.php?action_kouhyou_detail_004_kani=true&JigyosyoCd=1373202074-00&ServiceCd=331&Type=search", "url2": "http://www.gsen.or.jp/tsurunosato/" }, "geometry": { "type": "Point", "coordinates": [ 139.474114800000052, 35.5134938 ] } },
{ "type": "Feature", "properties": { "内容": "ベストライフ町田【特定施設入居者生活介護（有料老人ホーム）】東京都町田市広袴2-11-15", "url": "https://www.kaigokensaku.mhlw.go.jp/13/index.php?action_kouhyou_detail_004_kani=true&JigyosyoCd=1373206760-00&ServiceCd=331&Type=search", "url2": null }, "geometry": { "type": "Point", "coordinates": [ 139.4695141, 35.5971162 ] } },
{ "type": "Feature", "properties": { "内容": "ベストライフ町田Ⅱ【特定施設入居者生活介護（有料老人ホーム）】東京都町田市広袴2-11-21", "url": "https://www.kaigokensaku.mhlw.go.jp/13/index.php?action_kouhyou_detail_004_kani=true&JigyosyoCd=1373206778-00&ServiceCd=331&Type=search", "url2": "https://" }, "geometry": { "type": "Point", "coordinates": [ 139.469890600000014, 35.597595491125311 ] } },
{ "type": "Feature", "properties": { "内容": "芙蓉ミオ・ファミリア町田【特定施設入居者生活介護（有料老人ホーム）】東京都町田市南町田３－４３－１", "url": "https://www.kaigokensaku.mhlw.go.jp/13/index.php?action_kouhyou_detail_004_kani=true&JigyosyoCd=1373203924-00&ServiceCd=331&Type=search", "url2": "http://www.fuyou.or.jp/" }, "geometry": { "type": "Point", "coordinates": [ 139.471833726983647, 35.515428231343563 ] } },
{ "type": "Feature", "properties": { "内容": "コンフォートロイヤルライフ多摩【特定施設入居者生活介護（有料老人ホーム）】東京都町田市下小山田町1461番地", "url": "https://www.kaigokensaku.mhlw.go.jp/13/index.php?action_kouhyou_detail_004_kani=true&JigyosyoCd=1373200383-00&ServiceCd=331&Type=search", "url2": "https://www.royal-tama.co.jp/" }, "geometry": { "type": "Point", "coordinates": [ 139.4229044, 35.6046434 ] } },
{ "type": "Feature", "properties": { "内容": "サンシティ町田【特定施設入居者生活介護（有料老人ホーム）】東京都町田市小野路町1611-2", "url": "https://www.kaigokensaku.mhlw.go.jp/13/index.php?action_kouhyou_detail_004_kani=true&JigyosyoCd=1373200979-00&ServiceCd=331&Type=search", "url2": "http://www.hcm-suncity.jp/suncity/machida" }, "geometry": { "type": "Point", "coordinates": [ 139.4461331, 35.5953397 ] } },
{ "type": "Feature", "properties": { "内容": "グランダ町田【特定施設入居者生活介護（有料老人ホーム）】東京都町田市森野二丁目14番19号", "url": "https://www.kaigokensaku.mhlw.go.jp/13/index.php?action_kouhyou_detail_004_kani=true&JigyosyoCd=1373201381-00&ServiceCd=331&Type=search", "url2": "http://www.benesse-style-care.co.jp/" }, "geometry": { "type": "Point", "coordinates": [ 139.44164330000001, 35.5471699 ] } },
{ "type": "Feature", "properties": { "内容": "櫻乃苑　町田中町【特定施設入居者生活介護（有料老人ホーム）】東京都町田市中町三丁目9番5号", "url": "https://www.kaigokensaku.mhlw.go.jp/13/index.php?action_kouhyou_detail_004_kani=true&JigyosyoCd=1373203171-00&ServiceCd=331&Type=search", "url2": "http://www.sakuranosono.jp/" }, "geometry": { "type": "Point", "coordinates": [ 139.448320400000057, 35.5516362 ] } },
{ "type": "Feature", "properties": { "内容": "サニーステージ玉川学園【特定施設入居者生活介護（有料老人ホーム）】東京都町田市玉川学園6-3-36サニーステージ玉川学園", "url": "https://www.kaigokensaku.mhlw.go.jp/13/index.php?action_kouhyou_detail_004_kani=true&JigyosyoCd=1373203247-00&ServiceCd=331&Type=search", "url2": "https://www.sunnystage.com/" }, "geometry": { "type": "Point", "coordinates": [ 139.464644196984295, 35.570336227900363 ] } },
{ "type": "Feature", "properties": { "内容": "メディカル・リハビリホームグランダ玉川学園【特定施設入居者生活介護（有料老人ホーム）】東京都町田市南大谷４－２４－３４", "url": "https://www.kaigokensaku.mhlw.go.jp/13/index.php?action_kouhyou_detail_004_kani=true&JigyosyoCd=1373203338-00&ServiceCd=331&Type=search", "url2": "http://www.benesse-style-care.co.jp/" }, "geometry": { "type": "Point", "coordinates": [ 139.457497363090482, 35.557218533946354 ] } },
{ "type": "Feature", "properties": { "内容": "メディカルホームまどか鶴川【特定施設入居者生活介護（有料老人ホーム）】東京都町田市能ヶ谷二丁目20番1号", "url": "https://www.kaigokensaku.mhlw.go.jp/13/index.php?action_kouhyou_detail_004_kani=true&JigyosyoCd=1373203494-00&ServiceCd=331&Type=search", "url2": "https://kaigo.benesse-style-care.co.jp/area_tokyo/machida/home_m-tsurukawa" }, "geometry": { "type": "Point", "coordinates": [ 139.479445400000031, 35.5862016 ] } },
{ "type": "Feature", "properties": { "内容": "まどかすずかけ台【特定施設入居者生活介護（有料老人ホーム）】東京都町田市南つくし野2丁目31-73", "url": "https://www.kaigokensaku.mhlw.go.jp/13/index.php?action_kouhyou_detail_004_kani=true&JigyosyoCd=1373203502-00&ServiceCd=331&Type=search", "url2": "http://www.benesse-style-care.co.jp/" }, "geometry": { "type": "Point", "coordinates": [ 139.47747860000004, 35.5125609 ] } },
{ "type": "Feature", "properties": { "内容": "グランダ町田弐番館【特定施設入居者生活介護（有料老人ホーム）】東京都町田市森野二丁目8番15号", "url": "https://www.kaigokensaku.mhlw.go.jp/13/index.php?action_kouhyou_detail_004_kani=true&JigyosyoCd=1373203593-00&ServiceCd=331&Type=search", "url2": "http://www.benesse-style-care.co.jp/" }, "geometry": { "type": "Point", "coordinates": [ 139.438232500000026, 35.5480698 ] } },
{ "type": "Feature", "properties": { "内容": "ボンセジュール町田鶴川【特定施設入居者生活介護（有料老人ホーム）】東京都町田市広袴町666番地1", "url": "https://www.kaigokensaku.mhlw.go.jp/13/index.php?action_kouhyou_detail_004_kani=true&JigyosyoCd=1373204476-00&ServiceCd=331&Type=search", "url2": "http://kaigo.benesse-style-care.co.jp/home/b-machidatsurukawa/" }, "geometry": { "type": "Point", "coordinates": [ 139.472987200000034, 35.5948863 ] } },
{ "type": "Feature", "properties": { "内容": "老人ホーム多摩境【特定施設入居者生活介護（有料老人ホーム）】東京都町田市小山ヶ丘3丁目26番2号", "url": "https://www.kaigokensaku.mhlw.go.jp/13/index.php?action_kouhyou_detail_004_kani=true&JigyosyoCd=1373204666-00&ServiceCd=331&Type=search", "url2": "http://nakahama-clinic.com/" }, "geometry": { "type": "Point", "coordinates": [ 139.365348600000061, 35.601404 ] } },
{ "type": "Feature", "properties": { "内容": "エルダーホームケア町田【特定施設入居者生活介護（有料老人ホーム）】東京都町田市木曽東1-33-16", "url": "https://www.kaigokensaku.mhlw.go.jp/13/index.php?action_kouhyou_detail_004_kani=true&JigyosyoCd=1373204930-00&ServiceCd=331&Type=search", "url2": "http://www.goodtimehome.com" }, "geometry": { "type": "Point", "coordinates": [ 139.426547199999959, 35.556827 ] } },
{ "type": "Feature", "properties": { "内容": "ツクイ・サンシャイン町田東館【特定施設入居者生活介護（有料老人ホーム）】東京都町田市小山ケ丘1-11-8", "url": "https://www.kaigokensaku.mhlw.go.jp/13/index.php?action_kouhyou_detail_004_kani=true&JigyosyoCd=1373205119-00&ServiceCd=331&Type=search", "url2": "https://www.tsukui.net/sunshine/machida-higashi" }, "geometry": { "type": "Point", "coordinates": [ 139.38431079999998, 35.599071 ] } },
{ "type": "Feature", "properties": { "内容": "アズハイム町田【特定施設入居者生活介護（有料老人ホーム）】東京都町田市根岸町1009-7アズハイム町田", "url": "https://www.kaigokensaku.mhlw.go.jp/13/index.php?action_kouhyou_detail_004_kani=true&JigyosyoCd=1373205267-00&ServiceCd=331&Type=search", "url2": "http://www.as-heim.com/machida/" }, "geometry": { "type": "Point", "coordinates": [ 139.406784807409622, 35.579412346416746 ] } },
{ "type": "Feature", "properties": { "内容": "エクセレント町田【特定施設入居者生活介護（有料老人ホーム）】東京都町田市常盤町2955-1エクセレント町田", "url": "https://www.kaigokensaku.mhlw.go.jp/13/index.php?action_kouhyou_detail_004_kani=true&JigyosyoCd=1373205705-00&ServiceCd=331&Type=search", "url2": "http://www.excare.co.jp" }, "geometry": { "type": "Point", "coordinates": [ 139.39571167525483, 35.589344803400245 ] } },
{ "type": "Feature", "properties": { "内容": "リアンレーヴ本町田【特定施設入居者生活介護（有料老人ホーム）】東京都町田市本町田2668-1", "url": "https://www.kaigokensaku.mhlw.go.jp/13/index.php?action_kouhyou_detail_004_kani=true&JigyosyoCd=1373206000-00&ServiceCd=331&Type=search", "url2": "http://www.kinoshita-kaigo.co.jp/" }, "geometry": { "type": "Point", "coordinates": [ 139.442231600000014, 35.5673305 ] } },
{ "type": "Feature", "properties": { "内容": "リアンレーヴ町田【特定施設入居者生活介護（有料老人ホーム）】東京都町田市金井1-7-14", "url": "https://www.kaigokensaku.mhlw.go.jp/13/index.php?action_kouhyou_detail_004_kani=true&JigyosyoCd=1373206018-00&ServiceCd=331&Type=search", "url2": "http://www.kinoshita-kaigo.co.jp/facility/care_home/lien-reve_machida.html" }, "geometry": { "type": "Point", "coordinates": [ 139.452432896958953, 35.573808260536765 ] } },
{ "type": "Feature", "properties": { "内容": "ＳＯＭＰＯケアラヴィーレ町田小野路【特定施設入居者生活介護（有料老人ホーム）】東京都町田市小野路町1612", "url": "https://www.kaigokensaku.mhlw.go.jp/13/index.php?action_kouhyou_detail_004_kani=true&JigyosyoCd=1373206406-00&ServiceCd=331&Type=search", "url2": "https://www.sompocare.com" }, "geometry": { "type": "Point", "coordinates": [ 139.445791500000041, 35.5969839 ] } },
{ "type": "Feature", "properties": { "内容": "ベストライフ町田図師の杜【特定施設入居者生活介護（有料老人ホーム）】東京都町田市図師町602-3ベストライフ町田図師の杜", "url": "https://www.kaigokensaku.mhlw.go.jp/13/index.php?action_kouhyou_detail_004_kani=true&JigyosyoCd=1373206745-00&ServiceCd=331&Type=search", "url2": null }, "geometry": { "type": "Point", "coordinates": [ 139.415589, 35.5801291 ] } },
{ "type": "Feature", "properties": { "内容": "ベストライフ玉川学園【特定施設入居者生活介護（有料老人ホーム）】東京都町田市南大谷2丁目26-1", "url": "https://www.kaigokensaku.mhlw.go.jp/13/index.php?action_kouhyou_detail_004_kani=true&JigyosyoCd=1373206786-00&ServiceCd=331&Type=search", "url2": null }, "geometry": { "type": "Point", "coordinates": [ 139.458642200000014, 35.5525649 ] } },
{ "type": "Feature", "properties": { "内容": "緑山グランドハイツ【特定施設入居者生活介護（有料老人ホーム）】東京都町田市三輪緑山2－2139－2緑山グランドハイツ", "url": "https://www.kaigokensaku.mhlw.go.jp/13/index.php?action_kouhyou_detail_004_kani=true&JigyosyoCd=1373207198-00&ServiceCd=331&Type=search", "url2": "https://jala.co.jp/" }, "geometry": { "type": "Point", "coordinates": [ 139.4838763, 35.572212200000017 ] } },
{ "type": "Feature", "properties": { "内容": "湘南ふれあいの園　シニアレジデンス町田【特定施設入居者生活介護（有料老人ホーム）】東京都町田市小山ヶ丘１－３－８シニアレジデンス町田", "url": "https://www.kaigokensaku.mhlw.go.jp/13/index.php?action_kouhyou_detail_004_kani=true&JigyosyoCd=1373203056-00&ServiceCd=331&Type=search", "url2": "http://www.fureai-g.or.jp/s-residence/" }, "geometry": { "type": "Point", "coordinates": [ 139.383055399999989, 35.5979573 ] } },
{ "type": "Feature", "properties": { "内容": "ツクイ・サンシャイン町田西館【特定施設入居者生活介護（有料老人ホーム）】東京都町田市小山ヶ丘1-11-7", "url": "https://www.kaigokensaku.mhlw.go.jp/13/index.php?action_kouhyou_detail_004_kani=true&JigyosyoCd=1373203791-00&ServiceCd=331&Type=search", "url2": "http://www.tsukui.net" }, "geometry": { "type": "Point", "coordinates": [ 139.383602600000017, 35.5987432 ] } },
{ "type": "Feature", "properties": { "内容": "はなことば町田鶴川【特定施設入居者生活介護（有料老人ホーム）】東京都町田市大蔵町150-2", "url": "https://www.kaigokensaku.mhlw.go.jp/13/index.php?action_kouhyou_detail_004_kani=true&JigyosyoCd=1373204203-00&ServiceCd=331&Type=search", "url2": "http://www.hanakotoba.co.jp" }, "geometry": { "type": "Point", "coordinates": [ 139.474434500000029, 35.5837596 ] } },
{ "type": "Feature", "properties": { "内容": "介護付有料老人ホーム　みんなの家・町田相原【特定施設入居者生活介護（有料老人ホーム）】東京都町田市相原町９００－１", "url": "https://www.kaigokensaku.mhlw.go.jp/13/index.php?action_kouhyou_detail_004_kani=true&JigyosyoCd=1373204401-00&ServiceCd=331&Type=search", "url2": "https://kaigo.alsok.co.jp" }, "geometry": { "type": "Point", "coordinates": [ 139.3364398, 35.607037 ] } },
{ "type": "Feature", "properties": { "内容": "有料老人ホーム　サニーライフ町田【特定施設入居者生活介護（有料老人ホーム）】東京都町田市成瀬が丘2丁目2番地3", "url": "https://www.kaigokensaku.mhlw.go.jp/13/index.php?action_kouhyou_detail_004_kani=true&JigyosyoCd=1373204435-00&ServiceCd=331&Type=search", "url2": "http://www.sunnylife-group.co.jp/" }, "geometry": { "type": "Point", "coordinates": [ 139.473018899999943, 35.5346907 ] } },
{ "type": "Feature", "properties": { "内容": "有料老人ホーム　サニーライフ玉川学園【特定施設入居者生活介護（有料老人ホーム）】東京都町田市南大谷４－３－１３", "url": "https://www.kaigokensaku.mhlw.go.jp/13/index.php?action_kouhyou_detail_004_kani=true&JigyosyoCd=1373206398-00&ServiceCd=331&Type=search", "url2": "http://www.sunnylife-group.co.jp" }, "geometry": { "type": "Point", "coordinates": [ 139.453755900000033, 35.5536111 ] } },
{ "type": "Feature", "properties": { "内容": "SOMPOケアラヴィーレ南町田【特定施設入居者生活介護（有料老人ホーム）】東京都町田市金森四丁目7番30号", "url": "https://www.kaigokensaku.mhlw.go.jp/13/index.php?action_kouhyou_detail_004_kani=true&JigyosyoCd=1373206414-00&ServiceCd=331&Type=search", "url2": "https://www.sompocare.com" }, "geometry": { "type": "Point", "coordinates": [ 139.466156400000074, 35.52342740000001 ] } },
{ "type": "Feature", "properties": { "内容": "ＳＯＭＰＯケアラヴィーレ町田小山【特定施設入居者生活介護（有料老人ホーム）】東京都町田市小山町652番", "url": "https://www.kaigokensaku.mhlw.go.jp/13/index.php?action_kouhyou_detail_004_kani=true&JigyosyoCd=1373206422-00&ServiceCd=331&Type=search", "url2": "https://www.sompocare.com" }, "geometry": { "type": "Point", "coordinates": [ 139.386208099999976, 35.5904639 ] } },
{ "type": "Feature", "properties": { "内容": "イリーゼ町田図師の丘【特定施設入居者生活介護（有料老人ホーム）】東京都町田市図師町1896-1", "url": "https://www.kaigokensaku.mhlw.go.jp/13/index.php?action_kouhyou_detail_004_kani=true&JigyosyoCd=1373207917-00&ServiceCd=331&Type=search", "url2": "https://www.irs.jp" }, "geometry": { "type": "Point", "coordinates": [ 139.424736200000012, 35.5831359 ] } },
{ "type": "Feature", "properties": { "内容": "コミュニティホームのがわ【特定施設入居者生活介護（有料老人ホーム）】東京都小金井市東町2-31-3", "url": "https://www.kaigokensaku.mhlw.go.jp/13/index.php?action_kouhyou_detail_004_kani=true&JigyosyoCd=1374101846-00&ServiceCd=331&Type=search", "url2": "https://tcy.co.jp" }, "geometry": { "type": "Point", "coordinates": [ 139.530006100000037, 35.6978197 ] } },
{ "type": "Feature", "properties": { "内容": "小金井パーク・ヴィラ【特定施設入居者生活介護（有料老人ホーム）】東京都小金井市関野町２丁目６番４号", "url": "https://www.kaigokensaku.mhlw.go.jp/13/index.php?action_kouhyou_detail_004_kani=true&JigyosyoCd=1374100103-00&ServiceCd=331&Type=search", "url2": "https://www.health-care.co.jp" }, "geometry": { "type": "Point", "coordinates": [ 139.514714799999979, 35.7137831 ] } },
{ "type": "Feature", "properties": { "内容": "グランダ武蔵小金井【特定施設入居者生活介護（有料老人ホーム）】東京都小金井市中町一丁目11番7号", "url": "https://www.kaigokensaku.mhlw.go.jp/13/index.php?action_kouhyou_detail_004_kani=true&JigyosyoCd=1374100780-00&ServiceCd=331&Type=search", "url2": "http://www.benesse-style-care.co.jp/" }, "geometry": { "type": "Point", "coordinates": [ 139.5122103, 35.6952269 ] } },
{ "type": "Feature", "properties": { "内容": "グランダ東小金井【特定施設入居者生活介護（有料老人ホーム）】東京都小金井市梶野町二丁目12番24号", "url": "https://www.kaigokensaku.mhlw.go.jp/13/index.php?action_kouhyou_detail_004_kani=true&JigyosyoCd=1374100889-00&ServiceCd=331&Type=search", "url2": "http://www.benesse-style-care.co.jp" }, "geometry": { "type": "Point", "coordinates": [ 139.530883099999983, 35.7080342 ] } },
{ "type": "Feature", "properties": { "内容": "介護付有料老人ホーム　プレザングラン小金井【特定施設入居者生活介護（有料老人ホーム）】東京都小金井市東町3-17-3", "url": "https://www.kaigokensaku.mhlw.go.jp/13/index.php?action_kouhyou_detail_004_kani=true&JigyosyoCd=1374101853-00&ServiceCd=331&Type=search", "url2": "https://www.tanoshii-ie.jp/" }, "geometry": { "type": "Point", "coordinates": [ 139.531704900000022, 35.6999155 ] } },
{ "type": "Feature", "properties": { "内容": "ベストライフ武蔵小金井【特定施設入居者生活介護（有料老人ホーム）】東京都小金井市本町４－１１－２５ベストライフ武蔵小金井", "url": "https://www.kaigokensaku.mhlw.go.jp/13/index.php?action_kouhyou_detail_004_kani=true&JigyosyoCd=1374101911-00&ServiceCd=331&Type=search", "url2": "なし" }, "geometry": { "type": "Point", "coordinates": [ 139.505341261021044, 35.70706112679121 ] } },
{ "type": "Feature", "properties": { "内容": "介護付有料老人ホームアプリコ武蔵小金井【特定施設入居者生活介護（有料老人ホーム）】東京都小金井市貫井南町2-2-3", "url": "https://www.kaigokensaku.mhlw.go.jp/13/index.php?action_kouhyou_detail_004_kani=true&JigyosyoCd=1374101986-00&ServiceCd=331&Type=search", "url2": "http://goodtimehome.com/aprico/" }, "geometry": { "type": "Point", "coordinates": [ 139.497441699999968, 35.692207 ] } },
{ "type": "Feature", "properties": { "内容": "ヘルス・ケア・ヴィラ小金井公園【特定施設入居者生活介護（有料老人ホーム）】東京都小金井市桜町１丁目１１番１７号", "url": "https://www.kaigokensaku.mhlw.go.jp/13/index.php?action_kouhyou_detail_004_kani=true&JigyosyoCd=1374102026-00&ServiceCd=331&Type=search", "url2": "https://www.health-care.co.jp/" }, "geometry": { "type": "Point", "coordinates": [ 139.511697265606699, 35.712341426365327 ] } },
{ "type": "Feature", "properties": { "内容": "ヨウコーフォレスト花小金井【特定施設入居者生活介護（有料老人ホーム）】東京都小平市花小金井7-19-1", "url": "https://www.kaigokensaku.mhlw.go.jp/13/index.php?action_kouhyou_detail_004_kani=true&JigyosyoCd=1374303277-00&ServiceCd=331&Type=search", "url2": "http://rehabili-youko.com" }, "geometry": { "type": "Point", "coordinates": [ 139.5035143, 35.7270105 ] } },
{ "type": "Feature", "properties": { "内容": "家族の家ひまわり国分寺【特定施設入居者生活介護（有料老人ホーム）】東京都小平市上水南町3－9－8家族の家ひまわり国分寺", "url": "https://www.kaigokensaku.mhlw.go.jp/13/index.php?action_kouhyou_detail_004_kani=true&JigyosyoCd=1374300786-00&ServiceCd=331&Type=search", "url2": null }, "geometry": { "type": "Point", "coordinates": [ 139.491025899999983, 35.7122955 ] } },
{ "type": "Feature", "properties": { "内容": "ライフコミューン一橋学園【特定施設入居者生活介護（有料老人ホーム）】東京都小平市喜平町1-1-6", "url": "https://www.kaigokensaku.mhlw.go.jp/13/index.php?action_kouhyou_detail_004_kani=true&JigyosyoCd=1374301180-00&ServiceCd=331&Type=search", "url2": "https://www.kinoshita-group.co.jp/home/tokyo/hitotsubashi.html" }, "geometry": { "type": "Point", "coordinates": [ 139.480817500000057, 35.7170817 ] } },
{ "type": "Feature", "properties": { "内容": "そんぽの家　新小平【特定施設入居者生活介護（有料老人ホーム）】東京都小平市小川東町5-11-12", "url": "https://www.kaigokensaku.mhlw.go.jp/13/index.php?action_kouhyou_detail_004_kani=true&JigyosyoCd=1374301446-00&ServiceCd=331&Type=search", "url2": "https://www.sompocare.com/service/home/kaigo/H000217" }, "geometry": { "type": "Point", "coordinates": [ 139.469423099999972, 35.7337293 ] } },
{ "type": "Feature", "properties": { "内容": "そんぽの家小平仲町【特定施設入居者生活介護（有料老人ホーム）】東京都小平市仲町328番2号そんぽの家小平仲町", "url": "https://www.kaigokensaku.mhlw.go.jp/13/index.php?action_kouhyou_detail_004_kani=true&JigyosyoCd=1374302907-00&ServiceCd=331&Type=search", "url2": "https://www.sompocare.com" }, "geometry": { "type": "Point", "coordinates": [ 139.490868699999965, 35.7305415 ] } },
{ "type": "Feature", "properties": { "内容": "有料老人ホーム　サニーライフ小平【特定施設入居者生活介護（有料老人ホーム）】東京都小平市喜平町1-3-22", "url": "https://www.kaigokensaku.mhlw.go.jp/13/index.php?action_kouhyou_detail_004_kani=true&JigyosyoCd=1374302915-00&ServiceCd=331&Type=search", "url2": "http://www.sunnylife-group.co.jp" }, "geometry": { "type": "Point", "coordinates": [ 139.48242, 35.716815 ] } },
{ "type": "Feature", "properties": { "内容": "リアンレーヴ小平【特定施設入居者生活介護（有料老人ホーム）】東京都小平市美園町二丁目１０番地９号リアンレーヴ小平", "url": "https://www.kaigokensaku.mhlw.go.jp/13/index.php?action_kouhyou_detail_004_kani=true&JigyosyoCd=1374302998-00&ServiceCd=331&Type=search", "url2": "http://www.kinoshita-kaigo.co.jp/facility/care_home/lien-reve_kodaira.html" }, "geometry": { "type": "Point", "coordinates": [ 139.490304400000014, 35.7378045 ] } },
{ "type": "Feature", "properties": { "内容": "リアンレーヴ新小平【特定施設入居者生活介護（有料老人ホーム）】東京都小平市小川町2-2059-1リアンレーヴ新小平", "url": "https://www.kaigokensaku.mhlw.go.jp/13/index.php?action_kouhyou_detail_004_kani=true&JigyosyoCd=1374303335-00&ServiceCd=331&Type=search", "url2": "https://www.kinoshita-kaigo.co.jp/facility/care_home/lien_reve_shinkodaira.html" }, "geometry": { "type": "Point", "coordinates": [ 139.465657400000026, 35.7303344 ] } },
{ "type": "Feature", "properties": { "内容": "ベストライフ小平【特定施設入居者生活介護（有料老人ホーム）】東京都小平市小川町1-497-1", "url": "https://www.kaigokensaku.mhlw.go.jp/13/index.php?action_kouhyou_detail_004_kani=true&JigyosyoCd=1374303418-00&ServiceCd=331&Type=search", "url2": null }, "geometry": { "type": "Point", "coordinates": [ 139.438962, 35.72638 ] } },
{ "type": "Feature", "properties": { "内容": "リアンレーヴ一橋学園【特定施設入居者生活介護（有料老人ホーム）】東京都小平市学園東町3－2－30－3", "url": "https://www.kaigokensaku.mhlw.go.jp/13/index.php?action_kouhyou_detail_004_kani=true&JigyosyoCd=1374303533-00&ServiceCd=331&Type=search", "url2": "https://www.kinoshita-kaigo.co.jp/facility/care_home/lien-reve_hitotsubashigakuen.html" }, "geometry": { "type": "Point", "coordinates": [ 139.4911904, 35.7222207 ] } },
{ "type": "Feature", "properties": { "内容": "家族の家ひまわり一橋学園【特定施設入居者生活介護（有料老人ホーム）】東京都小平市津田町3-25-48", "url": "https://www.kaigokensaku.mhlw.go.jp/13/index.php?action_kouhyou_detail_004_kani=true&JigyosyoCd=1374302139-00&ServiceCd=331&Type=search", "url2": "http://www.saneido.co.jp/kaigo/" }, "geometry": { "type": "Point", "coordinates": [ 139.468920900000057, 35.7225529 ] } },
{ "type": "Feature", "properties": { "内容": "カーサプラチナ花小金井【特定施設入居者生活介護（有料老人ホーム）】東京都小平市鈴木町1丁目209番地", "url": "https://www.kaigokensaku.mhlw.go.jp/13/index.php?action_kouhyou_detail_004_kani=true&JigyosyoCd=1374302162-00&ServiceCd=331&Type=search", "url2": "http://www.platinum-care.jp" }, "geometry": { "type": "Point", "coordinates": [ 139.498190499999964, 35.7263311 ] } },
{ "type": "Feature", "properties": { "内容": "有料老人ホーム　サニーライフ鷹の台【特定施設入居者生活介護（有料老人ホーム）】東京都小平市上水新町2-28-19", "url": "https://www.kaigokensaku.mhlw.go.jp/13/index.php?action_kouhyou_detail_004_kani=true&JigyosyoCd=1374303111-00&ServiceCd=331&Type=search", "url2": "http://www.sunnylife-group.co.jp" }, "geometry": { "type": "Point", "coordinates": [ 139.4565997, 35.7216748 ] } },
{ "type": "Feature", "properties": { "内容": "ベストライフ小平東【特定施設入居者生活介護（有料老人ホーム）】東京都小平市大沼町2-45-6", "url": "https://www.kaigokensaku.mhlw.go.jp/13/index.php?action_kouhyou_detail_004_kani=true&JigyosyoCd=1374303830-00&ServiceCd=331&Type=search", "url2": null }, "geometry": { "type": "Point", "coordinates": [ 139.4965871, 35.7419144 ] } },
{ "type": "Feature", "properties": { "内容": "イリーゼ小平【特定施設入居者生活介護（有料老人ホーム）】東京都小平市美園町3-20-1", "url": "https://www.kaigokensaku.mhlw.go.jp/13/index.php?action_kouhyou_detail_004_kani=true&JigyosyoCd=1374303962-00&ServiceCd=331&Type=search", "url2": "https://www.hitowa.com/" }, "geometry": { "type": "Point", "coordinates": [ 139.490862099999987, 35.7382453 ] } },
{ "type": "Feature", "properties": { "内容": "チャーム花小金井【特定施設入居者生活介護（有料老人ホーム）】東京都小平市花小金井南町3丁目3番5号", "url": "https://www.kaigokensaku.mhlw.go.jp/13/index.php?action_kouhyou_detail_004_kani=true&JigyosyoCd=1374303442-00&ServiceCd=331&Type=search", "url2": "http://www.charmcc.jp/" }, "geometry": { "type": "Point", "coordinates": [ 139.7291219, 35.6498883 ] } },
{ "type": "Feature", "properties": { "内容": "ニチイホーム高幡不動【特定施設入居者生活介護（有料老人ホーム）】東京都日野市三沢３－２５－３", "url": "https://www.kaigokensaku.mhlw.go.jp/13/index.php?action_kouhyou_detail_004_kani=true&JigyosyoCd=1373500618-00&ServiceCd=331&Type=search", "url2": "http://www.nichii-home.jp/" }, "geometry": { "type": "Point", "coordinates": [ 139.418299700000034, 35.6586007 ] } },
{ "type": "Feature", "properties": { "内容": "ライフコミューン日野【特定施設入居者生活介護（有料老人ホーム）】東京都日野市万願寺２－３４－７", "url": "https://www.kaigokensaku.mhlw.go.jp/13/index.php?action_kouhyou_detail_004_kani=true&JigyosyoCd=1373500816-00&ServiceCd=331&Type=search", "url2": "http://www.kinoshita-kaigo.co.jp/facilities/state/tokyo/hino.html" }, "geometry": { "type": "Point", "coordinates": [ 139.415995218385319, 35.674359767430289 ] } },
{ "type": "Feature", "properties": { "内容": "シルバービレッジ日野【特定施設入居者生活介護（有料老人ホーム）】東京都日野市日野1458", "url": "https://www.kaigokensaku.mhlw.go.jp/13/index.php?action_kouhyou_detail_004_kani=true&JigyosyoCd=1373500931-00&ServiceCd=331&Type=search", "url2": "http://www.silvervillage.co.jp/" }, "geometry": { "type": "Point", "coordinates": [ 139.408655299999964, 35.6775345 ] } },
{ "type": "Feature", "properties": { "内容": "シルバービレッジ日野東館【特定施設入居者生活介護（有料老人ホーム）】東京都日野市日野1026-1", "url": "https://www.kaigokensaku.mhlw.go.jp/13/index.php?action_kouhyou_detail_004_kani=true&JigyosyoCd=1373501624-00&ServiceCd=331&Type=search", "url2": "http://www.silvervillage.co.jp/" }, "geometry": { "type": "Point", "coordinates": [ 139.4088802, 35.6778817 ] } },
{ "type": "Feature", "properties": { "内容": "ベストライフ日野【特定施設入居者生活介護（有料老人ホーム）】東京都日野市南平1-36-1ベストライフ日野", "url": "https://www.kaigokensaku.mhlw.go.jp/13/index.php?action_kouhyou_detail_004_kani=true&JigyosyoCd=1373503018-00&ServiceCd=331&Type=search", "url2": null }, "geometry": { "type": "Point", "coordinates": [ 139.4079945, 35.6624578 ] } },
{ "type": "Feature", "properties": { "内容": "ベストライフ高幡【特定施設入居者生活介護（有料老人ホーム）】東京都日野市高幡190-1", "url": "https://www.kaigokensaku.mhlw.go.jp/13/index.php?action_kouhyou_detail_004_kani=true&JigyosyoCd=1373503026-00&ServiceCd=331&Type=search", "url2": null }, "geometry": { "type": "Point", "coordinates": [ 139.4123241, 35.6633381 ] } },
{ "type": "Feature", "properties": { "内容": "ボンセジュール日野【特定施設入居者生活介護（有料老人ホーム）】東京都日野市落川438-1", "url": "https://www.kaigokensaku.mhlw.go.jp/13/index.php?action_kouhyou_detail_004_kani=true&JigyosyoCd=1373502234-00&ServiceCd=331&Type=search", "url2": "http://www.benesse-style-care.co.jp/" }, "geometry": { "type": "Point", "coordinates": [ 139.4302821, 35.6591315 ] } },
{ "type": "Feature", "properties": { "内容": "ベストライフ東村山【特定施設入居者生活介護（有料老人ホーム）】東京都東村山市本町2-4-53", "url": "https://www.kaigokensaku.mhlw.go.jp/13/index.php?action_kouhyou_detail_004_kani=true&JigyosyoCd=1372702553-00&ServiceCd=331&Type=search", "url2": null }, "geometry": { "type": "Point", "coordinates": [ 139.4668785, 35.7613005 ] } },
{ "type": "Feature", "properties": { "内容": "ベストライフ東村山Ⅱ【特定施設入居者生活介護（有料老人ホーム）】東京都東村山市野口町3-12-40", "url": "https://www.kaigokensaku.mhlw.go.jp/13/index.php?action_kouhyou_detail_004_kani=true&JigyosyoCd=1372702561-00&ServiceCd=331&Type=search", "url2": null }, "geometry": { "type": "Point", "coordinates": [ 139.4542286, 35.7632536 ] } },
{ "type": "Feature", "properties": { "内容": "そんぽの家　萩山【特定施設入居者生活介護（有料老人ホーム）】東京都東村山市萩山町2-9-46そんぽの家萩山", "url": "https://www.kaigokensaku.mhlw.go.jp/13/index.php?action_kouhyou_detail_004_kani=true&JigyosyoCd=1372701118-00&ServiceCd=331&Type=search", "url2": "https://www.sompocare.com/" }, "geometry": { "type": "Point", "coordinates": [ 139.4781888, 35.7402289 ] } },
{ "type": "Feature", "properties": { "内容": "そんぽの家　八坂【特定施設入居者生活介護（有料老人ホーム）】東京都東村山市栄町3丁目23-1", "url": "https://www.kaigokensaku.mhlw.go.jp/13/index.php?action_kouhyou_detail_004_kani=true&JigyosyoCd=1372701159-00&ServiceCd=331&Type=search", "url2": "https://www.sompocare.com/service/home/kaigo/H000233" }, "geometry": { "type": "Point", "coordinates": [ 139.4650815, 35.7453447 ] } },
{ "type": "Feature", "properties": { "内容": "東村山ジョイフルホームそよ風【特定施設入居者生活介護（有料老人ホーム）】東京都東村山市美住町2-13-5", "url": "https://www.kaigokensaku.mhlw.go.jp/13/index.php?action_kouhyou_detail_004_kani=true&JigyosyoCd=1372701662-00&ServiceCd=331&Type=search", "url2": null }, "geometry": { "type": "Point", "coordinates": [ 139.461333, 35.7558834 ] } },
{ "type": "Feature", "properties": { "内容": "ニチイケアセンター東村山野口町【特定施設入居者生活介護（有料老人ホーム）】東京都東村山市野口町1-12-31", "url": "https://www.kaigokensaku.mhlw.go.jp/13/index.php?action_kouhyou_detail_004_kani=true&JigyosyoCd=1372701654-00&ServiceCd=331&Type=search", "url2": "http://www.nichiigakkan.co.jp" }, "geometry": { "type": "Point", "coordinates": [ 139.463229040475426, 35.762114806270105 ] } },
{ "type": "Feature", "properties": { "内容": "ニチイホーム国立【特定施設入居者生活介護（有料老人ホーム）】東京都国分寺市西町2-33-11", "url": "https://www.kaigokensaku.mhlw.go.jp/13/index.php?action_kouhyou_detail_004_kani=true&JigyosyoCd=1373100559-00&ServiceCd=331&Type=search", "url2": "http://www.nichii-home.jp" }, "geometry": { "type": "Point", "coordinates": [ 139.435749200000032, 35.7058794 ] } },
{ "type": "Feature", "properties": { "内容": "有料老人ホーム　　サニーライフ国分寺【特定施設入居者生活介護（有料老人ホーム）】東京都国分寺市西町1-21-1", "url": "https://www.kaigokensaku.mhlw.go.jp/13/index.php?action_kouhyou_detail_004_kani=true&JigyosyoCd=1373100906-00&ServiceCd=331&Type=search", "url2": "http://www.sunnylife-group.co.jp" }, "geometry": { "type": "Point", "coordinates": [ 139.432519100000036, 35.7019216 ] } },
{ "type": "Feature", "properties": { "内容": "ニチイホーム西国分寺【特定施設入居者生活介護（有料老人ホーム）】東京都国分寺市西恋ヶ窪二丁目11番22号", "url": "https://www.kaigokensaku.mhlw.go.jp/13/index.php?action_kouhyou_detail_004_kani=true&JigyosyoCd=1373101078-00&ServiceCd=331&Type=search", "url2": "http://www.nichii-home.jp/" }, "geometry": { "type": "Point", "coordinates": [ 139.463700237434409, 35.701138405316719 ] } },
{ "type": "Feature", "properties": { "内容": "ボンセジュール国立弐番館【特定施設入居者生活介護（有料老人ホーム）】東京都国分寺市日吉町1-36-1", "url": "https://www.kaigokensaku.mhlw.go.jp/13/index.php?action_kouhyou_detail_004_kani=true&JigyosyoCd=1373101847-00&ServiceCd=331&Type=search", "url2": "http://www.benesse-style-care.co.jp" }, "geometry": { "type": "Point", "coordinates": [ 139.456696700000066, 35.7020989 ] } },
{ "type": "Feature", "properties": { "内容": "エクセルシオール西国分寺【特定施設入居者生活介護（有料老人ホーム）】東京都国分寺市日吉町３－１４－１", "url": "https://www.kaigokensaku.mhlw.go.jp/13/index.php?action_kouhyou_detail_004_kani=true&JigyosyoCd=1373101177-00&ServiceCd=331&Type=search", "url2": "http://www.excelsior-nishikokubunji.com/" }, "geometry": { "type": "Point", "coordinates": [ 139.4579946, 35.7036298 ] } },
{ "type": "Feature", "properties": { "内容": "サンビレッジ国立【特定施設入居者生活介護（有料老人ホーム）】東京都国立市泉3-23-20", "url": "https://www.kaigokensaku.mhlw.go.jp/13/index.php?action_kouhyou_detail_004_kani=true&JigyosyoCd=1373400207-00&ServiceCd=331&Type=search", "url2": "http://www.sunvillage.co.jp/" }, "geometry": { "type": "Point", "coordinates": [ 139.425678799999986, 35.678196 ] } },
{ "type": "Feature", "properties": { "内容": "そんぽの家　国立南【特定施設入居者生活介護（有料老人ホーム）】東京都国立市青柳1－21－14そんぽの家　国立南", "url": "https://www.kaigokensaku.mhlw.go.jp/13/index.php?action_kouhyou_detail_004_kani=true&JigyosyoCd=1373400868-00&ServiceCd=331&Type=search", "url2": "https://www.sompocare.com/service/home/kaigo/H000260" }, "geometry": { "type": "Point", "coordinates": [ 139.425689700000021, 35.6835955 ] } },
{ "type": "Feature", "properties": { "内容": "ベストライフ国立【特定施設入居者生活介護（有料老人ホーム）】東京都国立市青柳1-12-5", "url": "https://www.kaigokensaku.mhlw.go.jp/13/index.php?action_kouhyou_detail_004_kani=true&JigyosyoCd=1373401361-00&ServiceCd=331&Type=search", "url2": null }, "geometry": { "type": "Point", "coordinates": [ 139.4238939, 35.6858291 ] } },
{ "type": "Feature", "properties": { "内容": "ボンセジュール国立【特定施設入居者生活介護（有料老人ホーム）】東京都国立市富士見台3-5-8", "url": "https://www.kaigokensaku.mhlw.go.jp/13/index.php?action_kouhyou_detail_004_kani=true&JigyosyoCd=1373400983-00&ServiceCd=331&Type=search", "url2": "http://www.benesse-style-care.co.jp" }, "geometry": { "type": "Point", "coordinates": [ 139.439027500000066, 35.6862788 ] } },
{ "type": "Feature", "properties": { "内容": "ＳＯＭＰＯケア　ラヴィーレ国立矢川【特定施設入居者生活介護（有料老人ホーム）】東京都国立市富士見台3丁目35番地3SOMPOケア　ラヴィーレ国立矢川", "url": "https://www.kaigokensaku.mhlw.go.jp/13/index.php?action_kouhyou_detail_004_kani=true&JigyosyoCd=1373401304-00&ServiceCd=331&Type=search", "url2": "https://www.sompocare.com" }, "geometry": { "type": "Point", "coordinates": [ 139.433750199999963, 35.6851288 ] } },
{ "type": "Feature", "properties": { "内容": "アズハイム国立【特定施設入居者生活介護（有料老人ホーム）】東京都国分寺市西町4丁目23番1", "url": "https://www.kaigokensaku.mhlw.go.jp/13/index.php?action_kouhyou_detail_004_kani=true&JigyosyoCd=1373102100-00&ServiceCd=331&Type=search", "url2": "https://as-heim.com/" }, "geometry": { "type": "Point", "coordinates": [ 139.432544599614886, 35.713210538297751 ] } },
{ "type": "Feature", "properties": { "内容": "有料老人ホーム　サニーライフ福生【特定施設入居者生活介護（有料老人ホーム）】東京都福生市熊川1658-1", "url": "https://www.kaigokensaku.mhlw.go.jp/13/index.php?action_kouhyou_detail_004_kani=true&JigyosyoCd=1374400453-00&ServiceCd=331&Type=search", "url2": "http://www.sunnylife-group.co.jp" }, "geometry": { "type": "Point", "coordinates": [ 139.344870600000036, 35.7221891 ] } },
{ "type": "Feature", "properties": { "内容": "応援家族　福生【特定施設入居者生活介護（有料老人ホーム）】東京都福生市加美平2-4-4", "url": "https://www.kaigokensaku.mhlw.go.jp/13/index.php?action_kouhyou_detail_004_kani=true&JigyosyoCd=1374400891-00&ServiceCd=331&Type=search", "url2": "https://www.kinoshita-kaigo.co.jp/" }, "geometry": { "type": "Point", "coordinates": [ 139.327321100000063, 35.7379478 ] } },
{ "type": "Feature", "properties": { "内容": "そんぽの家　福生公園【特定施設入居者生活介護（有料老人ホーム）】東京都福生市熊川８５３番３", "url": "https://www.kaigokensaku.mhlw.go.jp/13/index.php?action_kouhyou_detail_004_kani=true&JigyosyoCd=1374400669-00&ServiceCd=331&Type=search", "url2": "https://www.sompocare.com/" }, "geometry": { "type": "Point", "coordinates": [ 139.336898499999961, 35.7331653 ] } },
{ "type": "Feature", "properties": { "内容": "リハビリホームグランダ狛江【特定施設入居者生活介護（有料老人ホーム）】東京都狛江市和泉本町三丁目1番17号", "url": "https://www.kaigokensaku.mhlw.go.jp/13/index.php?action_kouhyou_detail_004_kani=true&JigyosyoCd=1374500419-00&ServiceCd=331&Type=search", "url2": "http://www.benesse-style-care.co.jp/" }, "geometry": { "type": "Point", "coordinates": [ 139.573771699999952, 35.6387109 ] } },
{ "type": "Feature", "properties": { "内容": "リハビリホームグランダ狛江弐番館【特定施設入居者生活介護（有料老人ホーム）】東京都狛江市和泉本町一丁目4番2号", "url": "https://www.kaigokensaku.mhlw.go.jp/13/index.php?action_kouhyou_detail_004_kani=true&JigyosyoCd=1374500534-00&ServiceCd=331&Type=search", "url2": "http://www.benesse-style-care.co.jp/" }, "geometry": { "type": "Point", "coordinates": [ 139.5793046, 35.6352503 ] } },
{ "type": "Feature", "properties": { "内容": "メディカルホームグランダ狛江参番館【特定施設入居者生活介護（有料老人ホーム）】東京都狛江市西野川二丁目33番21号", "url": "https://www.kaigokensaku.mhlw.go.jp/13/index.php?action_kouhyou_detail_004_kani=true&JigyosyoCd=1374500682-00&ServiceCd=331&Type=search", "url2": "http://www.benesse-style-care.co.jp/" }, "geometry": { "type": "Point", "coordinates": [ 139.5745293, 35.6473457 ] } },
{ "type": "Feature", "properties": { "内容": "そんぽの家　狛江【特定施設入居者生活介護（有料老人ホーム）】東京都狛江市西野川2丁目4番1号", "url": "https://www.kaigokensaku.mhlw.go.jp/13/index.php?action_kouhyou_detail_004_kani=true&JigyosyoCd=1374501169-00&ServiceCd=331&Type=search", "url2": "https://www.sompocare.com" }, "geometry": { "type": "Point", "coordinates": [ 139.575363309262116, 35.644336103742461 ] } },
{ "type": "Feature", "properties": { "内容": "有料老人ホーム　サニーライフ狛江【特定施設入居者生活介護（有料老人ホーム）】東京都狛江市猪方三丁目36番5号", "url": "https://www.kaigokensaku.mhlw.go.jp/13/index.php?action_kouhyou_detail_004_kani=true&JigyosyoCd=1374501326-00&ServiceCd=331&Type=search", "url2": "http://www.sunnylife-group.co.jp" }, "geometry": { "type": "Point", "coordinates": [ 139.579142100000013, 35.6243023 ] } },
{ "type": "Feature", "properties": { "内容": "リハビリホームグランダ喜多見【特定施設入居者生活介護（有料老人ホーム）】東京都狛江市岩戸北３丁目６番２９", "url": "https://www.kaigokensaku.mhlw.go.jp/13/index.php?action_kouhyou_detail_004_kani=true&JigyosyoCd=1374500823-00&ServiceCd=331&Type=search", "url2": "http://www.benesse-style-care.co.jp/" }, "geometry": { "type": "Point", "coordinates": [ 139.5840124, 35.6353198 ] } },
{ "type": "Feature", "properties": { "内容": "チャーム狛江【特定施設入居者生活介護（有料老人ホーム）】東京都狛江市西野川一丁目14番7号", "url": "https://www.kaigokensaku.mhlw.go.jp/13/index.php?action_kouhyou_detail_004_kani=true&JigyosyoCd=1374501250-00&ServiceCd=331&Type=search", "url2": "http://www.charmcc.jp" }, "geometry": { "type": "Point", "coordinates": [ 139.576834700000063, 35.6465375 ] } },
{ "type": "Feature", "properties": { "内容": "ＳＯＭＰＯケア　ラヴィーレ狛江【特定施設入居者生活介護（有料老人ホーム）】東京都狛江市西野川3-4-3", "url": "https://www.kaigokensaku.mhlw.go.jp/13/index.php?action_kouhyou_detail_004_kani=true&JigyosyoCd=1374501268-00&ServiceCd=331&Type=search", "url2": "https://www.sompocare.com" }, "geometry": { "type": "Point", "coordinates": [ 139.571424, 35.647965100000015 ] } },
{ "type": "Feature", "properties": { "内容": "イリーゼ狛江【特定施設入居者生活介護（有料老人ホーム）】東京都狛江市和泉本町3-27-7イリーゼ狛江", "url": "https://www.kaigokensaku.mhlw.go.jp/13/index.php?action_kouhyou_detail_004_kani=true&JigyosyoCd=1374501474-00&ServiceCd=331&Type=search", "url2": "http://www.irs.jp" }, "geometry": { "type": "Point", "coordinates": [ 139.5735443, 35.6430801 ] } },
{ "type": "Feature", "properties": { "内容": "イリーゼ狛江・別邸【特定施設入居者生活介護（有料老人ホーム）】東京都狛江市東野川1-32-5イリーゼ狛江・別邸", "url": "https://www.kaigokensaku.mhlw.go.jp/13/index.php?action_kouhyou_detail_004_kani=true&JigyosyoCd=1374501482-00&ServiceCd=331&Type=search", "url2": "https://www.irs.jp/area/tokyo/komaeshi/komae_b_home.html" }, "geometry": { "type": "Point", "coordinates": [ 139.582742700000011, 35.6420396 ] } },
{ "type": "Feature", "properties": { "内容": "気まま館東大和【特定施設入居者生活介護（有料老人ホーム）】東京都東大和市立野一丁目２５番地の８", "url": "https://www.kaigokensaku.mhlw.go.jp/13/index.php?action_kouhyou_detail_004_kani=true&JigyosyoCd=1374600722-00&ServiceCd=331&Type=search", "url2": "http://www.abilities.jp/" }, "geometry": { "type": "Point", "coordinates": [ 139.419853750926194, 35.74352212217088 ] } },
{ "type": "Feature", "properties": { "内容": "有料老人ホーム　サニーライフ東大和【特定施設入居者生活介護（有料老人ホーム）】東京都東大和市芋窪5-1129-1", "url": "https://www.kaigokensaku.mhlw.go.jp/13/index.php?action_kouhyou_detail_004_kani=true&JigyosyoCd=1374601290-00&ServiceCd=331&Type=search", "url2": "http://sunnylife-group.co.jp" }, "geometry": { "type": "Point", "coordinates": [ 139.414199599999989, 35.7495992 ] } },
{ "type": "Feature", "properties": { "内容": "そんぽの家　上北台【特定施設入居者生活介護（有料老人ホーム）】東京都東大和市立野二丁目3番11号", "url": "https://www.kaigokensaku.mhlw.go.jp/13/index.php?action_kouhyou_detail_004_kani=true&JigyosyoCd=1374600714-00&ServiceCd=331&Type=search", "url2": "https://www.sompocare.com/service/home/kaigo/H000234" }, "geometry": { "type": "Point", "coordinates": [ 139.416516399999978, 35.7451746 ] } },
{ "type": "Feature", "properties": { "内容": "ラヴィーレ東大和【特定施設入居者生活介護（有料老人ホーム）】東京都東大和市仲原4-7-1", "url": "https://www.kaigokensaku.mhlw.go.jp/13/index.php?action_kouhyou_detail_004_kani=true&JigyosyoCd=1374601209-00&ServiceCd=331&Type=search", "url2": "https://www.sompocare.com/service/home/kaigo/H000056" }, "geometry": { "type": "Point", "coordinates": [ 139.436299, 35.7454435 ] } },
{ "type": "Feature", "properties": { "内容": "グランドホーム・カペナウム【特定施設入居者生活介護（有料老人ホーム）】東京都清瀬市中清戸３－３８９－１", "url": "https://www.kaigokensaku.mhlw.go.jp/13/index.php?action_kouhyou_detail_004_kani=true&JigyosyoCd=1374700787-00&ServiceCd=331&Type=search", "url2": "http://www.capernaum.co.jp/" }, "geometry": { "type": "Point", "coordinates": [ 139.532394, 35.7748263 ] } },
{ "type": "Feature", "properties": { "内容": "まどか秋津【特定施設入居者生活介護（有料老人ホーム）】東京都清瀬市野塩五丁目294-1", "url": "https://www.kaigokensaku.mhlw.go.jp/13/index.php?action_kouhyou_detail_004_kani=true&JigyosyoCd=1374701025-00&ServiceCd=331&Type=search", "url2": "http://www.benesse-style-care.co.jp/" }, "geometry": { "type": "Point", "coordinates": [ 139.497102600000062, 35.7772727 ] } },
{ "type": "Feature", "properties": { "内容": "ファインケアガーデン清瀬【特定施設入居者生活介護（有料老人ホーム）】東京都清瀬市野塩3-1-1", "url": "https://www.kaigokensaku.mhlw.go.jp/13/index.php?action_kouhyou_detail_004_kani=true&JigyosyoCd=1374701256-00&ServiceCd=331&Type=search", "url2": "https://www.finecare.co.jp/" }, "geometry": { "type": "Point", "coordinates": [ 139.509243199999986, 35.7792975 ] } },
{ "type": "Feature", "properties": { "内容": "カルムコート武蔵野【特定施設入居者生活介護（有料老人ホーム）】東京都東久留米市南沢5丁目18番38号", "url": "https://www.kaigokensaku.mhlw.go.jp/13/index.php?action_kouhyou_detail_004_kani=true&JigyosyoCd=1374800173-00&ServiceCd=331&Type=search", "url2": "http://www.calmecourt.co.jp" }, "geometry": { "type": "Point", "coordinates": [ 139.526181599999973, 35.743202100000033 ] } },
{ "type": "Feature", "properties": { "内容": "有料老人ホーム　アロース武蔵野【特定施設入居者生活介護（有料老人ホーム）】東京都東久留米市八幡町3-11-1", "url": "https://www.kaigokensaku.mhlw.go.jp/13/index.php?action_kouhyou_detail_004_kani=true&JigyosyoCd=1374801031-00&ServiceCd=331&Type=search", "url2": null }, "geometry": { "type": "Point", "coordinates": [ 139.5097829, 35.7501204 ] } },
{ "type": "Feature", "properties": { "内容": "あいらの杜　東久留米【特定施設入居者生活介護（有料老人ホーム）】東京都東久留米市八幡町1丁目2番5号", "url": "https://www.kaigokensaku.mhlw.go.jp/13/index.php?action_kouhyou_detail_004_kani=true&JigyosyoCd=1374802104-00&ServiceCd=331&Type=search", "url2": "https://www.halenosumai.jp/homes/27/" }, "geometry": { "type": "Point", "coordinates": [ 139.511447800000013, 35.7565119 ] } },
{ "type": "Feature", "properties": { "内容": "そんぽの家　東久留米中央【特定施設入居者生活介護（有料老人ホーム）】東京都東久留米市中央町1-9-20", "url": "https://www.kaigokensaku.mhlw.go.jp/13/index.php?action_kouhyou_detail_004_kani=true&JigyosyoCd=1374801916-00&ServiceCd=331&Type=search", "url2": "https://www.sompocare.com/" }, "geometry": { "type": "Point", "coordinates": [ 139.524897300000021, 35.7553771 ] } },
{ "type": "Feature", "properties": { "内容": "ディーフェスタリリーフ東久留米【特定施設入居者生活介護（有料老人ホーム）】東京都東久留米市新川町2丁目2番23号", "url": "https://www.kaigokensaku.mhlw.go.jp/13/index.php?action_kouhyou_detail_004_kani=true&JigyosyoCd=1374802161-00&ServiceCd=331&Type=search", "url2": "https://www.daiwaliving-care.co.jp/" }, "geometry": { "type": "Point", "coordinates": [ 139.539654299999938, 35.7605961 ] } },
{ "type": "Feature", "properties": { "内容": "有料老人ホーム　サニーライフ東久留米【特定施設入居者生活介護（有料老人ホーム）】東京都東久留米柳窪2-6-30", "url": "https://www.kaigokensaku.mhlw.go.jp/13/index.php?action_kouhyou_detail_004_kani=true&JigyosyoCd=1374802203-00&ServiceCd=331&Type=search", "url2": "http://www.sunnylife-group.co.jp" }, "geometry": { "type": "Point", "coordinates": [ 139.4920754, 35.7448244 ] } },
{ "type": "Feature", "properties": { "内容": "カルムコート武蔵野【特定施設入居者生活介護（有料老人ホーム）】東京都東久留米市南沢5-18-38カルムコート武蔵野", "url": "https://www.kaigokensaku.mhlw.go.jp/13/index.php?action_kouhyou_detail_004_kani=true&JigyosyoCd=1374802252-00&ServiceCd=331&Type=search", "url2": "http://www.calmecourt.co.jp/" }, "geometry": { "type": "Point", "coordinates": [ 139.52617, 35.743161 ] } },
{ "type": "Feature", "properties": { "内容": "イリーゼ東久留米【特定施設入居者生活介護（有料老人ホーム）】東京都東久留米市中央町3-12-14", "url": "https://www.kaigokensaku.mhlw.go.jp/13/index.php?action_kouhyou_detail_004_kani=true&JigyosyoCd=1374802336-00&ServiceCd=331&Type=search", "url2": "https://www.irs.jp/area/tokyo/higashikurumeshi/higashikurume_home.html?utm_source=google&utm_medium=cpc&utm_campaign=gss_listing_facility&argument=XgDKgLKL&dmai=gs_240701_88&gad_source=1&gad_campaignid=21405220302&gbraid=0AAAAA937hMogMC3gfgCH_h4YIZkf_jD-3" }, "geometry": { "type": "Point", "coordinates": [ 139.520453300000014, 35.7523023 ] } },
{ "type": "Feature", "properties": { "内容": "そんぽの家　武蔵村山【特定施設入居者生活介護（有料老人ホーム）】東京都武蔵村山市三ツ藤1-4-1", "url": "https://www.kaigokensaku.mhlw.go.jp/13/index.php?action_kouhyou_detail_004_kani=true&JigyosyoCd=1374901294-00&ServiceCd=331&Type=search", "url2": "https://www.sompocare.com" }, "geometry": { "type": "Point", "coordinates": [ 139.382619299999988, 35.7518922 ] } },
{ "type": "Feature", "properties": { "内容": "武蔵村山ジョイフルホ－ムそよ風【特定施設入居者生活介護（有料老人ホーム）】東京都武蔵村山市榎2丁目30番地4武蔵村山ジョイフルホームそよ風", "url": "https://www.kaigokensaku.mhlw.go.jp/13/index.php?action_kouhyou_detail_004_kani=true&JigyosyoCd=1374901013-00&ServiceCd=331&Type=search", "url2": "http://www.sykz.co.jp" }, "geometry": { "type": "Point", "coordinates": [ 139.391443699999968, 35.7442656 ] } },
{ "type": "Feature", "properties": { "内容": "有料老人ホーム　サニーライフ武蔵村山【特定施設入居者生活介護（有料老人ホーム）】東京都武蔵村山市神明3-57-1", "url": "https://www.kaigokensaku.mhlw.go.jp/13/index.php?action_kouhyou_detail_004_kani=true&JigyosyoCd=1374901328-00&ServiceCd=331&Type=search", "url2": "http://www.sunnylife-group.co.jp" }, "geometry": { "type": "Point", "coordinates": [ 139.406331574868773, 35.75251947909863 ] } },
{ "type": "Feature", "properties": { "内容": "シルバーシティ聖蹟桜ヶ丘【特定施設入居者生活介護（有料老人ホーム）】東京都多摩市一ノ宮2丁目5番地17", "url": "https://www.kaigokensaku.mhlw.go.jp/13/index.php?action_kouhyou_detail_004_kani=true&JigyosyoCd=1375000211-00&ServiceCd=331&Type=search", "url2": "https://www.kaiteki.info/sc_seisekisakuragaoka" }, "geometry": { "type": "Point", "coordinates": [ 139.444923, 35.6531632 ] } },
{ "type": "Feature", "properties": { "内容": "家族の家ひまわり永山【特定施設入居者生活介護（有料老人ホーム）】東京都多摩市諏訪1-11-2", "url": "https://www.kaigokensaku.mhlw.go.jp/13/index.php?action_kouhyou_detail_004_kani=true&JigyosyoCd=1375000435-00&ServiceCd=331&Type=search", "url2": "http://www.saneido.co.jp" }, "geometry": { "type": "Point", "coordinates": [ 139.4509038, 35.633488 ] } },
{ "type": "Feature", "properties": { "内容": "家族の家ひまわり聖蹟桜ヶ丘【特定施設入居者生活介護（有料老人ホーム）】東京都多摩市連光寺５丁目１２番地２", "url": "https://www.kaigokensaku.mhlw.go.jp/13/index.php?action_kouhyou_detail_004_kani=true&JigyosyoCd=1375001086-00&ServiceCd=331&Type=search", "url2": "http://www.saneido.co.jp/kaigo/" }, "geometry": { "type": "Point", "coordinates": [ 139.462358499999937, 35.6343829 ] } },
{ "type": "Feature", "properties": { "内容": "まどか永山【特定施設入居者生活介護（有料老人ホーム）】東京都多摩市馬引沢一丁目2番地の7まどか永山", "url": "https://www.kaigokensaku.mhlw.go.jp/13/index.php?action_kouhyou_detail_004_kani=true&JigyosyoCd=1375001136-00&ServiceCd=331&Type=search", "url2": "https://kaigo.benesse-style-care.co.jp/area_tokyo/tama/home_m-nagayama" }, "geometry": { "type": "Point", "coordinates": [ 139.451045300000033, 35.6374625 ] } },
{ "type": "Feature", "properties": { "内容": "チャームスイート京王聖蹟桜ヶ丘【特定施設入居者生活介護（有料老人ホーム）】東京都多摩市桜ケ丘４丁目３３番地１８", "url": "https://www.kaigokensaku.mhlw.go.jp/13/index.php?action_kouhyou_detail_004_kani=true&JigyosyoCd=1375001698-00&ServiceCd=331&Type=search", "url2": "http://www.charmcc.jp" }, "geometry": { "type": "Point", "coordinates": [ 139.44387340000003, 35.646078 ] } },
{ "type": "Feature", "properties": { "内容": "ベストライフ多摩センター【特定施設入居者生活介護（有料老人ホーム）】東京都多摩市鶴牧1-9-8", "url": "https://www.kaigokensaku.mhlw.go.jp/13/index.php?action_kouhyou_detail_004_kani=true&JigyosyoCd=1375001995-00&ServiceCd=331&Type=search", "url2": null }, "geometry": { "type": "Point", "coordinates": [ 139.4188256, 35.6242366 ] } },
{ "type": "Feature", "properties": { "内容": "ベストライフ聖蹟桜ヶ丘【特定施設入居者生活介護（有料老人ホーム）】東京都多摩市連光寺6-16-13ベストライフ聖蹟桜ヶ丘", "url": "https://www.kaigokensaku.mhlw.go.jp/13/index.php?action_kouhyou_detail_004_kani=true&JigyosyoCd=1375002001-00&ServiceCd=331&Type=search", "url2": null }, "geometry": { "type": "Point", "coordinates": [ 139.4661629, 35.6320754 ] } },
{ "type": "Feature", "properties": { "内容": "ボンセジュール永山【特定施設入居者生活介護（有料老人ホーム）】東京都多摩市馬引沢一丁目2番6号", "url": "https://www.kaigokensaku.mhlw.go.jp/13/index.php?action_kouhyou_detail_004_kani=true&JigyosyoCd=1375001284-00&ServiceCd=331&Type=search", "url2": "https://kaigo.benesse-style-care.co.jp/area_tokyo/tama/home_b-nagayama" }, "geometry": { "type": "Point", "coordinates": [ 139.4507648, 35.6373931 ] } },
{ "type": "Feature", "properties": { "内容": "ペアウェル多摩川【特定施設入居者生活介護（有料老人ホーム）】東京都稲城市東長沼665", "url": "https://www.kaigokensaku.mhlw.go.jp/13/index.php?action_kouhyou_detail_004_kani=true&JigyosyoCd=1375100227-00&ServiceCd=331&Type=search", "url2": "http://www.pearwell.co.jp" }, "geometry": { "type": "Point", "coordinates": [ 139.508888299999967, 35.6452479 ] } },
{ "type": "Feature", "properties": { "内容": "ニチイホーム稲城【特定施設入居者生活介護（有料老人ホーム）】東京都稲城市東長沼６９６ニチイホーム稲城", "url": "https://www.kaigokensaku.mhlw.go.jp/13/index.php?action_kouhyou_detail_004_kani=true&JigyosyoCd=1375100235-00&ServiceCd=331&Type=search", "url2": "http://www.nichii-home.jp/" }, "geometry": { "type": "Point", "coordinates": [ 139.508732799999962, 35.6443313 ] } },
{ "type": "Feature", "properties": { "内容": "そんぽの家　稲城矢野口【特定施設入居者生活介護（有料老人ホーム）】東京都稲城市矢野口1674-1そんぽの家　稲城矢野口", "url": "https://www.kaigokensaku.mhlw.go.jp/13/index.php?action_kouhyou_detail_004_kani=true&JigyosyoCd=1375100581-00&ServiceCd=331&Type=search", "url2": "https://www.sompocare.com" }, "geometry": { "type": "Point", "coordinates": [ 139.517621800000029, 35.6366471 ] } },
{ "type": "Feature", "properties": { "内容": "ベストライフたま【特定施設入居者生活介護（有料老人ホーム）】東京都稲城市平尾4丁目54-2", "url": "https://www.kaigokensaku.mhlw.go.jp/13/index.php?action_kouhyou_detail_004_kani=true&JigyosyoCd=1375100722-00&ServiceCd=331&Type=search", "url2": null }, "geometry": { "type": "Point", "coordinates": [ 139.481692468967026, 35.610868138402495 ] } },
{ "type": "Feature", "properties": { "内容": "介護付有料老人ホーム　そんぽの家羽村【特定施設入居者生活介護（有料老人ホーム）】東京都羽村市栄町2-6-4", "url": "https://www.kaigokensaku.mhlw.go.jp/13/index.php?action_kouhyou_detail_004_kani=true&JigyosyoCd=1375300397-00&ServiceCd=331&Type=search", "url2": "https://www.sompocare.com/" }, "geometry": { "type": "Point", "coordinates": [ 139.3117962, 35.7727876 ] } },
{ "type": "Feature", "properties": { "内容": "SOMPOケア　ラヴィーレ羽村【特定施設入居者生活介護（有料老人ホーム）】東京都　羽村市　五ノ神　1丁目　5番　4SOMPOケア　ラヴィーレ羽村", "url": "https://www.kaigokensaku.mhlw.go.jp/13/index.php?action_kouhyou_detail_004_kani=true&JigyosyoCd=1375300660-00&ServiceCd=331&Type=search", "url2": "https://www.sompocare.com/service/home/kaigo/H000104/" }, "geometry": { "type": "Point", "coordinates": [ 139.319244549073773, 35.759259021720965 ] } },
{ "type": "Feature", "properties": { "内容": "あずみ苑グランデ平沢【特定施設入居者生活介護（有料老人ホーム）】東京都あきる野市平沢473-1", "url": "https://www.kaigokensaku.mhlw.go.jp/13/index.php?action_kouhyou_detail_004_kani=true&JigyosyoCd=1375200357-00&ServiceCd=331&Type=search", "url2": "http://www.leopalace21.co.jp/" }, "geometry": { "type": "Point", "coordinates": [ 139.30553180000004, 35.7351363 ] } },
{ "type": "Feature", "properties": { "内容": "あきる野翔裕館【特定施設入居者生活介護（有料老人ホーム）】東京都あきる野市草花1481-1", "url": "https://www.kaigokensaku.mhlw.go.jp/13/index.php?action_kouhyou_detail_004_kani=true&JigyosyoCd=1375200852-00&ServiceCd=331&Type=search", "url2": "https://sangajapan.jp/akiruno/akiruno01/" }, "geometry": { "type": "Point", "coordinates": [ 139.308606200000042, 35.739613 ] } },
{ "type": "Feature", "properties": { "内容": "応援家族あきる野【特定施設入居者生活介護（有料老人ホーム）】東京都あきる野市小川633-6", "url": "https://www.kaigokensaku.mhlw.go.jp/13/index.php?action_kouhyou_detail_004_kani=true&JigyosyoCd=1375200795-00&ServiceCd=331&Type=search", "url2": "http://www.kinoshita-kaigo.co.jp/" }, "geometry": { "type": "Point", "coordinates": [ 139.316703400000051, 35.7211078 ] } },
{ "type": "Feature", "properties": { "内容": "介護付有料老人ホーム　すこや家・西東京【特定施設入居者生活介護（有料老人ホーム）】東京都西東京市芝久保町２丁目１３番３２号", "url": "https://www.kaigokensaku.mhlw.go.jp/13/index.php?action_kouhyou_detail_004_kani=true&JigyosyoCd=1375400791-00&ServiceCd=331&Type=search", "url2": "https://kaigo.alsok.co.jp/facility/search/detail/103" }, "geometry": { "type": "Point", "coordinates": [ 139.528123899999969, 35.7265792 ] } },
{ "type": "Feature", "properties": { "内容": "グッドケア・西東京【特定施設入居者生活介護（有料老人ホーム）】東京都西東京市田無町２丁目２１番８号", "url": "https://www.kaigokensaku.mhlw.go.jp/13/index.php?action_kouhyou_detail_004_kani=true&JigyosyoCd=1375400502-00&ServiceCd=331&Type=search", "url2": "http://www.goodtimehome.com/tanashi/" }, "geometry": { "type": "Point", "coordinates": [ 139.545841600000017, 35.7290016 ] } },
{ "type": "Feature", "properties": { "内容": "ニチイホーム西武柳沢【特定施設入居者生活介護（有料老人ホーム）】東京都西東京市柳沢5-2-3", "url": "https://www.kaigokensaku.mhlw.go.jp/13/index.php?action_kouhyou_detail_004_kani=true&JigyosyoCd=1375400593-00&ServiceCd=331&Type=search", "url2": "http://www.nichii-home.jp/" }, "geometry": { "type": "Point", "coordinates": [ 139.551449700000035, 35.7251634 ] } },
{ "type": "Feature", "properties": { "内容": "そんぽの家ひばりが丘【特定施設入居者生活介護（有料老人ホーム）】東京都西東京市西原町5丁目3番12号そんぽの家ひばりが丘", "url": "https://www.kaigokensaku.mhlw.go.jp/13/index.php?action_kouhyou_detail_004_kani=true&JigyosyoCd=1375400866-00&ServiceCd=331&Type=search", "url2": "https://www.sompocare.com/service/home/kaigo/H000257" }, "geometry": { "type": "Point", "coordinates": [ 139.5318562, 35.7399804 ] } },
{ "type": "Feature", "properties": { "内容": "まどか東伏見【特定施設入居者生活介護（有料老人ホーム）】東京都西東京市中町四丁目１番18号", "url": "https://www.kaigokensaku.mhlw.go.jp/13/index.php?action_kouhyou_detail_004_kani=true&JigyosyoCd=1375401039-00&ServiceCd=331&Type=search", "url2": "http://www.benesse-style-care.co.jp/" }, "geometry": { "type": "Point", "coordinates": [ 139.563042699999983, 35.7357458 ] } },
{ "type": "Feature", "properties": { "内容": "そんぽの家　柳沢【特定施設入居者生活介護（有料老人ホーム）】東京都西東京市柳沢3-5-27", "url": "https://www.kaigokensaku.mhlw.go.jp/13/index.php?action_kouhyou_detail_004_kani=true&JigyosyoCd=1375424817-00&ServiceCd=331&Type=search", "url2": "https://www.sompocare.com" }, "geometry": { "type": "Point", "coordinates": [ 139.553766399999972, 35.7209806 ] } },
{ "type": "Feature", "properties": { "内容": "ベストライフ西東京松の木【特定施設入居者生活介護（有料老人ホーム）】東京都西東京市下保谷1-7-2ベストライフ西東京松の木", "url": "https://www.kaigokensaku.mhlw.go.jp/13/index.php?action_kouhyou_detail_004_kani=true&JigyosyoCd=1375425061-00&ServiceCd=331&Type=search", "url2": null }, "geometry": { "type": "Point", "coordinates": [ 139.5596354, 35.7491483 ] } },
{ "type": "Feature", "properties": { "内容": "ベストライフ西東京【特定施設入居者生活介護（有料老人ホーム）】東京都西東京市新町5-18-21", "url": "https://www.kaigokensaku.mhlw.go.jp/13/index.php?action_kouhyou_detail_004_kani=true&JigyosyoCd=1375425079-00&ServiceCd=331&Type=search", "url2": null }, "geometry": { "type": "Point", "coordinates": [ 139.621384, 35.6395565 ] } },
{ "type": "Feature", "properties": { "内容": "チャーム東伏見【特定施設入居者生活介護（有料老人ホーム）】東京都西東京市富士町6丁目8番21", "url": "https://www.kaigokensaku.mhlw.go.jp/13/index.php?action_kouhyou_detail_004_kani=true&JigyosyoCd=1375425186-00&ServiceCd=331&Type=search", "url2": "https://www.charmcc.jp/home/charm_higashifushimi/" }, "geometry": { "type": "Point", "coordinates": [ 139.5577576, 35.729532 ] } },
{ "type": "Feature", "properties": { "内容": "介護付有料老人ホーム　プレザンメゾン西東京【特定施設入居者生活介護（有料老人ホーム）】東京都西東京市保谷町2丁目12番8号", "url": "https://www.kaigokensaku.mhlw.go.jp/13/index.php?action_kouhyou_detail_004_kani=true&JigyosyoCd=1375425236-00&ServiceCd=331&Type=search", "url2": "https://www.care21.co.jp/" }, "geometry": { "type": "Point", "coordinates": [ 139.556034, 35.7301068 ] } },
{ "type": "Feature", "properties": { "内容": "メディカル・リハビリホームボンセジュール保谷【特定施設入居者生活介護（有料老人ホーム）】東京都西東京市東町6－3－13", "url": "https://www.kaigokensaku.mhlw.go.jp/13/index.php?action_kouhyou_detail_004_kani=true&JigyosyoCd=1375424106-00&ServiceCd=331&Type=search", "url2": "http://www.benesse-style-care.co.jp/" }, "geometry": { "type": "Point", "coordinates": [ 139.5652146, 35.7417701 ] } },
{ "type": "Feature", "properties": { "内容": "そんぽの家西東京【特定施設入居者生活介護（有料老人ホーム）】東京都西東京市中町6-5-12そんぽの家西東京", "url": "https://www.kaigokensaku.mhlw.go.jp/13/index.php?action_kouhyou_detail_004_kani=true&JigyosyoCd=1375400635-00&ServiceCd=331&Type=search", "url2": "https://www.sompocare.com/" }, "geometry": { "type": "Point", "coordinates": [ 139.558323400000063, 35.7373315 ] } },
{ "type": "Feature", "properties": { "内容": "まどか西武柳沢【特定施設入居者生活介護（有料老人ホーム）】東京都西東京市保谷町一丁目16番6号", "url": "https://www.kaigokensaku.mhlw.go.jp/13/index.php?action_kouhyou_detail_004_kani=true&JigyosyoCd=1375400643-00&ServiceCd=331&Type=search", "url2": "http://www.benesse-style-care.co.jp/" }, "geometry": { "type": "Point", "coordinates": [ 139.555851500000017, 35.7338458 ] } }
]
}
