{
"type": "FeatureCollection",
"name": "geo_13_福祉用具貸与",
"crs": { "type": "name", "properties": { "name": "urn:ogc:def:crs:OGC:1.3:CRS84" } },
"features": [
{ "type": "Feature", "properties": { "内容": "ケアショップりんくる【福祉用具貸与】東京都千代田区飯田橋2-6-1小宮山ビル202", "url": "https://www.kaigokensaku.mhlw.go.jp/13/index.php?action_kouhyou_detail_004_kani=true&JigyosyoCd=1370101527-00&ServiceCd=170&Type=search", "url2": "https://www.i-miraie.jp/" }, "geometry": { "type": "Point", "coordinates": [ 139.74988970000004, 35.6988048 ] } },
{ "type": "Feature", "properties": { "内容": "アズミメディケアセンター東京【福祉用具貸与】東京都中央区新富2-5-10新富ビル2Ｆ", "url": "https://www.kaigokensaku.mhlw.go.jp/13/index.php?action_kouhyou_detail_004_kani=true&JigyosyoCd=1370200162-00&ServiceCd=170&Type=search", "url2": "https://www.azumicorp.jp/" }, "geometry": { "type": "Point", "coordinates": [ 139.773714, 35.6715782 ] } },
{ "type": "Feature", "properties": { "内容": "株式会社ベストサポート日本橋福祉用具部【福祉用具貸与】東京都中央区日本橋本石町4-5-15吉川ビル2Ｆ", "url": "https://www.kaigokensaku.mhlw.go.jp/13/index.php?action_kouhyou_detail_004_kani=true&JigyosyoCd=1370200915-00&ServiceCd=170&Type=search", "url2": "https://www.bestsupport-n.com/" }, "geometry": { "type": "Point", "coordinates": [ 139.770830400000023, 35.6888289 ] } },
{ "type": "Feature", "properties": { "内容": "ケアプラザ　ラシーネ【福祉用具貸与】東京都中央区日本橋蛎殻町2-14-2グレース中の橋　402", "url": "https://www.kaigokensaku.mhlw.go.jp/13/index.php?action_kouhyou_detail_004_kani=true&JigyosyoCd=1370201632-00&ServiceCd=170&Type=search", "url2": "http://www.cheer-you.com/" }, "geometry": { "type": "Point", "coordinates": [ 139.786412899999959, 35.6845437 ] } },
{ "type": "Feature", "properties": { "内容": "福祉用具ひまわり【福祉用具貸与】東京都中央区東日本橋2ｰ8ｰ5東日本橋ｸﾞﾘｰﾝﾋﾞﾙｱﾈｯｸｽ7F", "url": "https://www.kaigokensaku.mhlw.go.jp/13/index.php?action_kouhyou_detail_004_kani=true&JigyosyoCd=1370201954-00&ServiceCd=170&Type=search", "url2": "https://kankeisha.jp/" }, "geometry": { "type": "Point", "coordinates": [ 139.765703700000017, 35.6624485 ] } },
{ "type": "Feature", "properties": { "内容": "Carrent東京【福祉用具貸与】東京都中央区日本橋本石町3-1-2大阪ガス都市開発日本橋ビル３F", "url": "https://www.kaigokensaku.mhlw.go.jp/13/index.php?action_kouhyou_detail_004_kani=true&JigyosyoCd=1370202168-00&ServiceCd=170&Type=search", "url2": "https://php-co.jp/" }, "geometry": { "type": "Point", "coordinates": [ 139.769997099999955, 35.6871124 ] } },
{ "type": "Feature", "properties": { "内容": "グッドライフケア福祉用具【福祉用具貸与】東京都中央区新川1-23-5ONESHINKAWA　3階", "url": "https://www.kaigokensaku.mhlw.go.jp/13/index.php?action_kouhyou_detail_004_kani=true&JigyosyoCd=1370202234-00&ServiceCd=170&Type=search", "url2": "http://www.goodlifecare.co.jp" }, "geometry": { "type": "Point", "coordinates": [ 139.78475726290219, 35.677089711095498 ] } },
{ "type": "Feature", "properties": { "内容": "かがやきケアレンタル【福祉用具貸与】東京都中央区日本橋室町一丁目2番6号日本橋大栄ビル6階", "url": "https://www.kaigokensaku.mhlw.go.jp/13/index.php?action_kouhyou_detail_004_kani=true&JigyosyoCd=1370202549-00&ServiceCd=170&Type=search", "url2": "https://www.ymmd.co.jp/" }, "geometry": { "type": "Point", "coordinates": [ 139.774143569689187, 35.68454023736674 ] } },
{ "type": "Feature", "properties": { "内容": "EC・アシスト【福祉用具貸与】東京都中央区築地5-4-18汐留イーストサイドビル7F", "url": "https://www.kaigokensaku.mhlw.go.jp/13/index.php?action_kouhyou_detail_004_kani=true&JigyosyoCd=1370603639-00&ServiceCd=170&Type=search", "url2": "http://www.eternal-cast.com/" }, "geometry": { "type": "Point", "coordinates": [ 139.765163572419738, 35.663733661138593 ] } },
{ "type": "Feature", "properties": { "内容": "西川株式会社/ネーブルハウス東京事業所【福祉用具貸与】東京都中央区日本橋富沢町8-8", "url": "https://www.kaigokensaku.mhlw.go.jp/13/index.php?action_kouhyou_detail_004_kani=true&JigyosyoCd=1370202648-00&ServiceCd=170&Type=search", "url2": "https://nablehouse.co.jp/" }, "geometry": { "type": "Point", "coordinates": [ 139.782656, 35.6890287 ] } },
{ "type": "Feature", "properties": { "内容": "あいけあ【福祉用具貸与】東京都中央区日本橋大伝馬町11-8フジスタービル10階　103号", "url": "https://www.kaigokensaku.mhlw.go.jp/13/index.php?action_kouhyou_detail_004_kani=true&JigyosyoCd=1370703611-00&ServiceCd=170&Type=search", "url2": null }, "geometry": { "type": "Point", "coordinates": [ 139.780654700000014, 35.689990100000024 ] } },
{ "type": "Feature", "properties": { "内容": "あしすと【福祉用具貸与】東京都中央区八丁堀４－９－９八丁堀フロンティアビル６階", "url": "https://www.kaigokensaku.mhlw.go.jp/13/index.php?action_kouhyou_detail_004_kani=true&JigyosyoCd=1370904573-00&ServiceCd=170&Type=search", "url2": "https://www.smart-netz.com" }, "geometry": { "type": "Point", "coordinates": [ 139.7776215, 35.6742307 ] } },
{ "type": "Feature", "properties": { "内容": "88福祉用具【福祉用具貸与】東京都港区六本木3-16-35イースト六本木704", "url": "https://www.kaigokensaku.mhlw.go.jp/13/index.php?action_kouhyou_detail_004_kani=true&JigyosyoCd=1370305615-00&ServiceCd=170&Type=search", "url2": null }, "geometry": { "type": "Point", "coordinates": [ 139.7367049, 35.6626506 ] } },
{ "type": "Feature", "properties": { "内容": "株式会社ヤマシタ　港営業所【福祉用具貸与】東京都港区三田2-10-6三田レオマビル3階", "url": "https://www.kaigokensaku.mhlw.go.jp/13/index.php?action_kouhyou_detail_004_kani=true&JigyosyoCd=1370301879-00&ServiceCd=170&Type=search", "url2": "http://www.yco.co.jp" }, "geometry": { "type": "Point", "coordinates": [ 139.744648049073817, 35.650615382999099 ] } },
{ "type": "Feature", "properties": { "内容": "アイム介護福祉支援センター【福祉用具貸与】東京都港区赤坂7丁目10番9号第四文成ビル701", "url": "https://www.kaigokensaku.mhlw.go.jp/13/index.php?action_kouhyou_detail_004_kani=true&JigyosyoCd=1370300350-00&ServiceCd=170&Type=search", "url2": "http://www.aimcare.co.jp/" }, "geometry": { "type": "Point", "coordinates": [ 139.732320203904692, 35.669488334803745 ] } },
{ "type": "Feature", "properties": { "内容": "フランスベッド株式会社　メディカル六本木営業所【福祉用具貸与】東京都港区六本木４丁目１番１６号六本木ハイツ２Ｆ", "url": "https://www.kaigokensaku.mhlw.go.jp/13/index.php?action_kouhyou_detail_004_kani=true&JigyosyoCd=1370302919-00&ServiceCd=170&Type=search", "url2": "http://www.francebed.co.jp/" }, "geometry": { "type": "Point", "coordinates": [ 139.734547799999973, 35.6646612 ] } },
{ "type": "Feature", "properties": { "内容": "セントケアりまいん浜松町【福祉用具貸与】東京都港区浜松町2-2-15ﾀﾞｲﾔハイツ203", "url": "https://www.kaigokensaku.mhlw.go.jp/13/index.php?action_kouhyou_detail_004_kani=true&JigyosyoCd=1370304741-00&ServiceCd=170&Type=search", "url2": null }, "geometry": { "type": "Point", "coordinates": [ 139.7547657, 35.655338 ] } },
{ "type": "Feature", "properties": { "内容": "福祉用具レンタルデビュウ【福祉用具貸与】東京都港区芝大門2-3-11芝清水ビル2F", "url": "https://www.kaigokensaku.mhlw.go.jp/13/index.php?action_kouhyou_detail_004_kani=true&JigyosyoCd=1370305334-00&ServiceCd=170&Type=search", "url2": "https://caregiver.co.jp/facility/deview_rental.php" }, "geometry": { "type": "Point", "coordinates": [ 139.7538597, 35.6557709 ] } },
{ "type": "Feature", "properties": { "内容": "ほのぼのらいふ　東京【福祉用具貸与】東京都港区芝大門1丁目２－９ポートビル4階", "url": "https://www.kaigokensaku.mhlw.go.jp/13/index.php?action_kouhyou_detail_004_kani=true&JigyosyoCd=1370503441-00&ServiceCd=170&Type=search", "url2": "http://genkinakaigo.co.jp" }, "geometry": { "type": "Point", "coordinates": [ 139.754404199999982, 35.659317100000017 ] } },
{ "type": "Feature", "properties": { "内容": "介護とくらしのパートナー/エブリィ【福祉用具貸与】東京都新宿区高田馬場4-13-12東海林ビル3階ーE", "url": "https://www.kaigokensaku.mhlw.go.jp/13/index.php?action_kouhyou_detail_004_kani=true&JigyosyoCd=1370407411-00&ServiceCd=170&Type=search", "url2": "http://www.mms1.jp" }, "geometry": { "type": "Point", "coordinates": [ 139.7011192, 35.7128692 ] } },
{ "type": "Feature", "properties": { "内容": "ハピネスケア【福祉用具貸与】東京都新宿区高田馬場1-10-15三翔諏訪の森ハイツ第二　104", "url": "https://www.kaigokensaku.mhlw.go.jp/13/index.php?action_kouhyou_detail_004_kani=true&JigyosyoCd=1371911411-00&ServiceCd=170&Type=search", "url2": "http://www.happinesscare.jp" }, "geometry": { "type": "Point", "coordinates": [ 139.706924200000032, 35.7095414 ] } },
{ "type": "Feature", "properties": { "内容": "日本リック福祉用具貸与事業所【福祉用具貸与】東京都新宿区早稲田町85番地近藤ビル１階", "url": "https://www.kaigokensaku.mhlw.go.jp/13/index.php?action_kouhyou_detail_004_kani=true&JigyosyoCd=1370402321-00&ServiceCd=170&Type=search", "url2": "http://www.nipponrick.co.jp" }, "geometry": { "type": "Point", "coordinates": [ 139.726824860849007, 35.705640585330713 ] } },
{ "type": "Feature", "properties": { "内容": "フランスベッド株式会社　メディカルショップ新宿店【福祉用具貸与】東京都新宿区高田馬場一丁目３１番地１６号ワイム高田馬場ビル　２階", "url": "https://www.kaigokensaku.mhlw.go.jp/13/index.php?action_kouhyou_detail_004_kani=true&JigyosyoCd=1370403923-00&ServiceCd=170&Type=search", "url2": "https://medical.francebed.co.jp/" }, "geometry": { "type": "Point", "coordinates": [ 139.703359800000044, 35.7097966 ] } },
{ "type": "Feature", "properties": { "内容": "Ｋ－ＷＯＲＫＥＲ　福祉用具貸与事業所【福祉用具貸与】東京都新宿区高田馬場3-33-11階", "url": "https://www.kaigokensaku.mhlw.go.jp/13/index.php?action_kouhyou_detail_004_kani=true&JigyosyoCd=1370405811-00&ServiceCd=170&Type=search", "url2": "https://kworker.co.jp" }, "geometry": { "type": "Point", "coordinates": [ 139.696580600043973, 35.711760216570561 ] } },
{ "type": "Feature", "properties": { "内容": "シルバーはあと新宿【福祉用具貸与】東京都新宿区大京町２８－１プラウド新宿御苑エンパイア１０３", "url": "https://www.kaigokensaku.mhlw.go.jp/13/index.php?action_kouhyou_detail_004_kani=true&JigyosyoCd=1370406009-00&ServiceCd=170&Type=search", "url2": "https://www.silver-heart.jp/" }, "geometry": { "type": "Point", "coordinates": [ 139.7157264, 35.683139 ] } },
{ "type": "Feature", "properties": { "内容": "大起エンゼルヘルプ　東京中央営業所【福祉用具貸与】東京都新宿区西落合4-8-19", "url": "https://www.kaigokensaku.mhlw.go.jp/13/index.php?action_kouhyou_detail_004_kani=true&JigyosyoCd=1370406199-00&ServiceCd=170&Type=search", "url2": "http://www.enzeru.co.jp" }, "geometry": { "type": "Point", "coordinates": [ 139.679532399999971, 35.7279701 ] } },
{ "type": "Feature", "properties": { "内容": "株式会社ヤマシタ新宿営業所【福祉用具貸与】東京都新宿区高田馬場1‐29‐20安念ビル６F", "url": "https://www.kaigokensaku.mhlw.go.jp/13/index.php?action_kouhyou_detail_004_kani=true&JigyosyoCd=1370406769-00&ServiceCd=170&Type=search", "url2": "https://www.yco.co.jp" }, "geometry": { "type": "Point", "coordinates": [ 139.704206699999986, 35.7105377 ] } },
{ "type": "Feature", "properties": { "内容": "ひばり福祉用具サービス【福祉用具貸与】東京都新宿区西新宿3-1-4第二佐山ビル6F", "url": "https://www.kaigokensaku.mhlw.go.jp/13/index.php?action_kouhyou_detail_004_kani=true&JigyosyoCd=1370406884-00&ServiceCd=170&Type=search", "url2": "https://shimada-slp.co.jp/" }, "geometry": { "type": "Point", "coordinates": [ 139.694873199999989, 35.6872512 ] } },
{ "type": "Feature", "properties": { "内容": "アップライド株式会社【福祉用具貸与】東京都新宿区上落合2-26-3上落合ビル2F", "url": "https://www.kaigokensaku.mhlw.go.jp/13/index.php?action_kouhyou_detail_004_kani=true&JigyosyoCd=1372200418-00&ServiceCd=170&Type=search", "url2": "http://www.upride.co.jp/" }, "geometry": { "type": "Point", "coordinates": [ 139.686421203222295, 35.710957715260321 ] } },
{ "type": "Feature", "properties": { "内容": "株式会社　サン・ケアネット【福祉用具貸与】東京都新宿区新宿１－２０－１３花園公園ビル１０階", "url": "https://www.kaigokensaku.mhlw.go.jp/13/index.php?action_kouhyou_detail_004_kani=true&JigyosyoCd=1370401653-00&ServiceCd=170&Type=search", "url2": "http://www.suncare.co.jp" }, "geometry": { "type": "Point", "coordinates": [ 139.71283470000003, 35.6892576 ] } },
{ "type": "Feature", "properties": { "内容": "ダスキンヘルスレント新宿ステーション【福祉用具貸与】東京都新宿区天神町66-8", "url": "https://www.kaigokensaku.mhlw.go.jp/13/index.php?action_kouhyou_detail_004_kani=true&JigyosyoCd=1370403584-00&ServiceCd=170&Type=search", "url2": "http://healthrent.duskin.jp/station/tokyo.html#shinjyuku" }, "geometry": { "type": "Point", "coordinates": [ 139.729837574829844, 35.70553743725872 ] } },
{ "type": "Feature", "properties": { "内容": "YOURGOOD【福祉用具貸与】東京都新宿区中井2-12-4内野マンション1F", "url": "https://www.kaigokensaku.mhlw.go.jp/13/index.php?action_kouhyou_detail_004_kani=true&JigyosyoCd=1370407247-00&ServiceCd=170&Type=search", "url2": null }, "geometry": { "type": "Point", "coordinates": [ 139.686451299999987, 35.7160825 ] } },
{ "type": "Feature", "properties": { "内容": "株式会社アップサポート　ヤマクル福祉用具【福祉用具貸与】東京都新宿区高田馬場1‐20‐7スワコモンズ107", "url": "https://www.kaigokensaku.mhlw.go.jp/13/index.php?action_kouhyou_detail_004_kani=true&JigyosyoCd=1370407494-00&ServiceCd=170&Type=search", "url2": "https://upsupport.tokyo/" }, "geometry": { "type": "Point", "coordinates": [ 139.705464799999959, 35.709434 ] } },
{ "type": "Feature", "properties": { "内容": "ナイスケア福祉用具貸与・販売事業所【福祉用具貸与】東京都新宿区高田馬場4-26-15サルイアパートメント101", "url": "https://www.kaigokensaku.mhlw.go.jp/13/index.php?action_kouhyou_detail_004_kani=true&JigyosyoCd=1370407502-00&ServiceCd=170&Type=search", "url2": "https://nicecare.co.jp" }, "geometry": { "type": "Point", "coordinates": [ 139.6992936, 35.709899 ] } },
{ "type": "Feature", "properties": { "内容": "株式会社ライフケア【福祉用具貸与】東京都文京区水道1-5-16升本ビル2F", "url": "https://www.kaigokensaku.mhlw.go.jp/13/index.php?action_kouhyou_detail_004_kani=true&JigyosyoCd=1370302448-00&ServiceCd=170&Type=search", "url2": null }, "geometry": { "type": "Point", "coordinates": [ 139.7402194, 35.7099897 ] } },
{ "type": "Feature", "properties": { "内容": "有限会社　アドワンス　サポート・コスモス【福祉用具貸与】東京都文京区千駄木５丁目４９番１号", "url": "https://www.kaigokensaku.mhlw.go.jp/13/index.php?action_kouhyou_detail_004_kani=true&JigyosyoCd=1370500637-00&ServiceCd=170&Type=search", "url2": "http://www.adonce.net/" }, "geometry": { "type": "Point", "coordinates": [ 139.758415900000045, 35.7305458 ] } },
{ "type": "Feature", "properties": { "内容": "ダスキンヘルスレント文京豊島ステーション【福祉用具貸与】東京都文京区小石川5-30-11パークハイム美樹", "url": "https://www.kaigokensaku.mhlw.go.jp/13/index.php?action_kouhyou_detail_004_kani=true&JigyosyoCd=1370503664-00&ServiceCd=170&Type=search", "url2": "https://healthrent.duskin.jp/station/tokyo/bunkyotoshima.html" }, "geometry": { "type": "Point", "coordinates": [ 139.74031, 35.719768 ] } },
{ "type": "Feature", "properties": { "内容": "有限会社あゆみ介護文京【福祉用具貸与】東京都文京区千駄木5-28-5", "url": "https://www.kaigokensaku.mhlw.go.jp/13/index.php?action_kouhyou_detail_004_kani=true&JigyosyoCd=1370500272-00&ServiceCd=170&Type=search", "url2": "http://www.ayumikaigo.jp" }, "geometry": { "type": "Point", "coordinates": [ 139.7590298, 35.7274434 ] } },
{ "type": "Feature", "properties": { "内容": "ライフネット株式会社【福祉用具貸与】東京都台東区今戸１－１８－１０ライフネット浅草本社ビル", "url": "https://www.kaigokensaku.mhlw.go.jp/13/index.php?action_kouhyou_detail_004_kani=true&JigyosyoCd=1370600718-00&ServiceCd=170&Type=search", "url2": "http://www.lifenet-kaigo.com" }, "geometry": { "type": "Point", "coordinates": [ 139.80396559999997, 35.7205402 ] } },
{ "type": "Feature", "properties": { "内容": "いきいきらいふケアショップ【福祉用具貸与】東京都台東区東上野六丁目1番1号高長ビル3F", "url": "https://www.kaigokensaku.mhlw.go.jp/13/index.php?action_kouhyou_detail_004_kani=true&JigyosyoCd=1370601690-00&ServiceCd=170&Type=search", "url2": "http://www.rare-c.co.jp" }, "geometry": { "type": "Point", "coordinates": [ 139.784861100000029, 35.7111982 ] } },
{ "type": "Feature", "properties": { "内容": "シルバーサポート東京店【福祉用具貸与】東京都台東区蔵前3-19-11中越蔵前ビル", "url": "https://www.kaigokensaku.mhlw.go.jp/13/index.php?action_kouhyou_detail_004_kani=true&JigyosyoCd=1370602060-00&ServiceCd=170&Type=search", "url2": "https://www.ramico.co.jp/" }, "geometry": { "type": "Point", "coordinates": [ 139.791583190560118, 35.705399162308446 ] } },
{ "type": "Feature", "properties": { "内容": "ダスキンヘルスレント台東ステーション【福祉用具貸与】東京都台東区入谷2-36-7", "url": "https://www.kaigokensaku.mhlw.go.jp/13/index.php?action_kouhyou_detail_004_kani=true&JigyosyoCd=1370604454-00&ServiceCd=170&Type=search", "url2": "https://healthrent.duskin.jp/" }, "geometry": { "type": "Point", "coordinates": [ 139.7879429, 35.7225382 ] } },
{ "type": "Feature", "properties": { "内容": "福祉工房やわら【福祉用具貸与】東京都台東区千束4-34-8", "url": "https://www.kaigokensaku.mhlw.go.jp/13/index.php?action_kouhyou_detail_004_kani=true&JigyosyoCd=1370602953-00&ServiceCd=170&Type=search", "url2": null }, "geometry": { "type": "Point", "coordinates": [ 139.796021500000052, 35.7248342 ] } },
{ "type": "Feature", "properties": { "内容": "東京サンメディカル　浅草営業所【福祉用具貸与】東京都台東区花川戸2-17-8ハン六東京本店ビル３F", "url": "https://www.kaigokensaku.mhlw.go.jp/13/index.php?action_kouhyou_detail_004_kani=true&JigyosyoCd=1370604025-00&ServiceCd=170&Type=search", "url2": "http://t-sunme.jp/" }, "geometry": { "type": "Point", "coordinates": [ 139.800538299999971, 35.7152074 ] } },
{ "type": "Feature", "properties": { "内容": "レンティケアサービス墨田【福祉用具貸与】東京都墨田区江東橋1-14-3レンティケアサービス墨田", "url": "https://www.kaigokensaku.mhlw.go.jp/13/index.php?action_kouhyou_detail_004_kani=true&JigyosyoCd=1370702050-00&ServiceCd=170&Type=search", "url2": "https://www.renty.co.jp/" }, "geometry": { "type": "Point", "coordinates": [ 139.810250200000013, 35.69591 ] } },
{ "type": "Feature", "properties": { "内容": "ＯＲＣＡ福祉用具レンタル部【福祉用具貸与】東京都墨田区京島1-18-10101", "url": "https://www.kaigokensaku.mhlw.go.jp/13/index.php?action_kouhyou_detail_004_kani=true&JigyosyoCd=1370705889-00&ServiceCd=170&Type=search", "url2": "https://www.orca-welfare.com/" }, "geometry": { "type": "Point", "coordinates": [ 139.818748199999987, 35.714863300000026 ] } },
{ "type": "Feature", "properties": { "内容": "あくとケア墨田【福祉用具貸与】東京都墨田区押上１丁目１７番６号", "url": "https://www.kaigokensaku.mhlw.go.jp/13/index.php?action_kouhyou_detail_004_kani=true&JigyosyoCd=1370705921-00&ServiceCd=170&Type=search", "url2": null }, "geometry": { "type": "Point", "coordinates": [ 139.815725500000013, 35.7124622 ] } },
{ "type": "Feature", "properties": { "内容": "ラックすみだ【福祉用具貸与】東京都墨田区京島1-47-172F", "url": "https://www.kaigokensaku.mhlw.go.jp/13/index.php?action_kouhyou_detail_004_kani=true&JigyosyoCd=1370702233-00&ServiceCd=170&Type=search", "url2": "http://www.lac-corp.jp/" }, "geometry": { "type": "Point", "coordinates": [ 139.821589300000028, 35.7183351 ] } },
{ "type": "Feature", "properties": { "内容": "ケア21ライフプラス東京城東【福祉用具貸与】東京都墨田区押上3-30-10山﨑ビル1階", "url": "https://www.kaigokensaku.mhlw.go.jp/13/index.php?action_kouhyou_detail_004_kani=true&JigyosyoCd=1370701193-00&ServiceCd=170&Type=search", "url2": "https://www.care21.co.jp/" }, "geometry": { "type": "Point", "coordinates": [ 139.817459399999962, 35.7102383 ] } },
{ "type": "Feature", "properties": { "内容": "ゆとり【福祉用具貸与】東京都墨田区緑2-14-7コスモ両国アーバンフォルム", "url": "https://www.kaigokensaku.mhlw.go.jp/13/index.php?action_kouhyou_detail_004_kani=true&JigyosyoCd=1370701276-00&ServiceCd=170&Type=search", "url2": null }, "geometry": { "type": "Point", "coordinates": [ 139.802252800000019, 35.694556499999983 ] } },
{ "type": "Feature", "properties": { "内容": "有限会社さいとう工房【福祉用具貸与】東京都墨田区本所４－２６－7", "url": "https://www.kaigokensaku.mhlw.go.jp/13/index.php?action_kouhyou_detail_004_kani=true&JigyosyoCd=1370701375-00&ServiceCd=170&Type=search", "url2": "http://www.saitokobo.com" }, "geometry": { "type": "Point", "coordinates": [ 139.80657310856364, 35.704585976045877 ] } },
{ "type": "Feature", "properties": { "内容": "ライフアドバンスセノバ東京【福祉用具貸与】東京都墨田区東向島2-31-19101", "url": "https://www.kaigokensaku.mhlw.go.jp/13/index.php?action_kouhyou_detail_004_kani=true&JigyosyoCd=1370704007-00&ServiceCd=170&Type=search", "url2": "http://senoba.co.jp" }, "geometry": { "type": "Point", "coordinates": [ 139.817847900000061, 35.7188822 ] } },
{ "type": "Feature", "properties": { "内容": "株式会社　澄田【福祉用具貸与】東京都墨田区東駒形2-17-2", "url": "https://www.kaigokensaku.mhlw.go.jp/13/index.php?action_kouhyou_detail_004_kani=true&JigyosyoCd=1370704171-00&ServiceCd=170&Type=search", "url2": null }, "geometry": { "type": "Point", "coordinates": [ 139.801939588787917, 35.707686704936769 ] } },
{ "type": "Feature", "properties": { "内容": "PS-PRODUCTS【福祉用具貸与】東京都墨田区両国3-9-6原西ビル1階", "url": "https://www.kaigokensaku.mhlw.go.jp/13/index.php?action_kouhyou_detail_004_kani=true&JigyosyoCd=1370705400-00&ServiceCd=170&Type=search", "url2": "https://ps-products.co.jp" }, "geometry": { "type": "Point", "coordinates": [ 139.793729, 35.692850300000011 ] } },
{ "type": "Feature", "properties": { "内容": "フランスベッド株式会社　メディカル押上営業所【福祉用具貸与】東京都墨田区横川1-12-16アーバンコア山本１階", "url": "https://www.kaigokensaku.mhlw.go.jp/13/index.php?action_kouhyou_detail_004_kani=true&JigyosyoCd=1370705442-00&ServiceCd=170&Type=search", "url2": "https://www.francebed.co.jp/" }, "geometry": { "type": "Point", "coordinates": [ 139.8101825, 35.7034607 ] } },
{ "type": "Feature", "properties": { "内容": "高住研キヨタ株式会社東京中央店【福祉用具貸与】東京都墨田区吾妻橋2-1-8吾妻橋パーソナルハウス101", "url": "https://www.kaigokensaku.mhlw.go.jp/13/index.php?action_kouhyou_detail_004_kani=true&JigyosyoCd=1370705533-00&ServiceCd=170&Type=search", "url2": "http://www.kojukenkiyota.com/" }, "geometry": { "type": "Point", "coordinates": [ 139.8030971, 35.7083289 ] } },
{ "type": "Feature", "properties": { "内容": "らいふパートナー東京【福祉用具貸与】東京都墨田区菊川２－５－４クレール菊川３０１", "url": "https://www.kaigokensaku.mhlw.go.jp/13/index.php?action_kouhyou_detail_004_kani=true&JigyosyoCd=1370704916-00&ServiceCd=170&Type=search", "url2": "https://www.lifepartner-tokyo.com" }, "geometry": { "type": "Point", "coordinates": [ 139.804882103893505, 35.688210164936585 ] } },
{ "type": "Feature", "properties": { "内容": "コスモス福祉用具センター墨田【福祉用具貸与】東京墨田区京島3-19-3", "url": "https://www.kaigokensaku.mhlw.go.jp/13/index.php?action_kouhyou_detail_004_kani=true&JigyosyoCd=1370705996-00&ServiceCd=170&Type=search", "url2": null }, "geometry": { "type": "Point", "coordinates": [ 139.8243483, 35.7158612 ] } },
{ "type": "Feature", "properties": { "内容": "株式会社ヤマシタ　墨田営業所【福祉用具貸与】東京都墨田区石原4丁目37番7号協和ビル", "url": "https://www.kaigokensaku.mhlw.go.jp/13/index.php?action_kouhyou_detail_004_kani=true&JigyosyoCd=1370705756-00&ServiceCd=170&Type=search", "url2": "https://www.ycota.jp/" }, "geometry": { "type": "Point", "coordinates": [ 139.805308, 35.7022089 ] } },
{ "type": "Feature", "properties": { "内容": "おたすけ福祉用具【福祉用具貸与】東京都江東区三好３－２－８小倉ビル１階", "url": "https://www.kaigokensaku.mhlw.go.jp/13/index.php?action_kouhyou_detail_004_kani=true&JigyosyoCd=1370807065-00&ServiceCd=170&Type=search", "url2": "https://otodokepharmacy.com/" }, "geometry": { "type": "Point", "coordinates": [ 139.8049514, 35.6800079 ] } },
{ "type": "Feature", "properties": { "内容": "あそかメディカルサービス【福祉用具貸与】東京都江東区住吉1-18-15六華園2階", "url": "https://www.kaigokensaku.mhlw.go.jp/13/index.php?action_kouhyou_detail_004_kani=true&JigyosyoCd=1370806828-00&ServiceCd=170&Type=search", "url2": "https://www.asokakai.or.jp/" }, "geometry": { "type": "Point", "coordinates": [ 139.8122849, 35.6898097 ] } },
{ "type": "Feature", "properties": { "内容": "ヒロ薬局介護サービス【福祉用具貸与】東京都江東区千田22-4丸千ﾋﾞﾙ　1階", "url": "https://www.kaigokensaku.mhlw.go.jp/13/index.php?action_kouhyou_detail_004_kani=true&JigyosyoCd=1370800037-00&ServiceCd=170&Type=search", "url2": "http://www.hiroyaku.co.jp" }, "geometry": { "type": "Point", "coordinates": [ 139.816237600000051, 35.680449800000034 ] } },
{ "type": "Feature", "properties": { "内容": "フォービスライフ江東【福祉用具貸与】東京都江東区海辺23-15", "url": "https://www.kaigokensaku.mhlw.go.jp/13/index.php?action_kouhyou_detail_004_kani=true&JigyosyoCd=1370800383-00&ServiceCd=170&Type=search", "url2": "https://cs-forvice.com/" }, "geometry": { "type": "Point", "coordinates": [ 139.820383970261418, 35.681561630437422 ] } },
{ "type": "Feature", "properties": { "内容": "株式会社　ライコム・コーポレーション【福祉用具貸与】東京都江東区東砂５丁目１４番１９号", "url": "https://www.kaigokensaku.mhlw.go.jp/13/index.php?action_kouhyou_detail_004_kani=true&JigyosyoCd=1370800920-00&ServiceCd=170&Type=search", "url2": "http://www.raycom.co.jp/" }, "geometry": { "type": "Point", "coordinates": [ 139.842037900000037, 35.6750205 ] } },
{ "type": "Feature", "properties": { "内容": "やわら介護用具【福祉用具貸与】東京都江東区扇橋2-3-7-101101", "url": "https://www.kaigokensaku.mhlw.go.jp/13/index.php?action_kouhyou_detail_004_kani=true&JigyosyoCd=1370806646-00&ServiceCd=170&Type=search", "url2": "http://espoir-kaigo.jp" }, "geometry": { "type": "Point", "coordinates": [ 139.815325799999982, 35.682727299999982 ] } },
{ "type": "Feature", "properties": { "内容": "SOMPOケア　江東　福祉用具【福祉用具貸与】東京都江東区東陽5-30-13東京原木会館　7階", "url": "https://www.kaigokensaku.mhlw.go.jp/13/index.php?action_kouhyou_detail_004_kani=true&JigyosyoCd=1370806893-00&ServiceCd=170&Type=search", "url2": "https://www.sompocare.com/service/zaitaku/fukushiyougu/Z000897" }, "geometry": { "type": "Point", "coordinates": [ 139.81574550000002, 35.6735464 ] } },
{ "type": "Feature", "properties": { "内容": "株式会社ヤマシタ江東営業所【福祉用具貸与】東京都江東区東陽2-4-39新東陽ビル6F", "url": "https://www.kaigokensaku.mhlw.go.jp/13/index.php?action_kouhyou_detail_004_kani=true&JigyosyoCd=1370200105-00&ServiceCd=170&Type=search", "url2": "http://www.ycota.jp/" }, "geometry": { "type": "Point", "coordinates": [ 139.817877449649956, 35.669078594322002 ] } },
{ "type": "Feature", "properties": { "内容": "野口株式会社　介護ショップ「ハーティケア」【福祉用具貸与】東京都江東区亀戸7-51-3グローバルK　2階", "url": "https://www.kaigokensaku.mhlw.go.jp/13/index.php?action_kouhyou_detail_004_kani=true&JigyosyoCd=1370800714-00&ServiceCd=170&Type=search", "url2": null }, "geometry": { "type": "Point", "coordinates": [ 139.834809314493867, 35.694763783984669 ] } },
{ "type": "Feature", "properties": { "内容": "介護ショップトーヨー【福祉用具貸与】東京都江東区南砂5丁目16番5号松本ビル", "url": "https://www.kaigokensaku.mhlw.go.jp/13/index.php?action_kouhyou_detail_004_kani=true&JigyosyoCd=1370800755-00&ServiceCd=170&Type=search", "url2": "http://www.toyo21.jp" }, "geometry": { "type": "Point", "coordinates": [ 139.833516703787268, 35.675934420787463 ] } },
{ "type": "Feature", "properties": { "内容": "あっぷるレンタルサポート【福祉用具貸与】東京都江東区亀戸1丁目４３番９号２０２", "url": "https://www.kaigokensaku.mhlw.go.jp/13/index.php?action_kouhyou_detail_004_kani=true&JigyosyoCd=1370802090-00&ServiceCd=170&Type=search", "url2": "http://www.well-life.co.jp/" }, "geometry": { "type": "Point", "coordinates": [ 139.820295499999929, 35.696578500000015 ] } },
{ "type": "Feature", "properties": { "内容": "みのり【福祉用具貸与】東京都江東区亀戸2－6－1112", "url": "https://www.kaigokensaku.mhlw.go.jp/13/index.php?action_kouhyou_detail_004_kani=true&JigyosyoCd=1370803940-00&ServiceCd=170&Type=search", "url2": "http://www.minori-kaigo.jp/" }, "geometry": { "type": "Point", "coordinates": [ 139.8222647, 35.6994198 ] } },
{ "type": "Feature", "properties": { "内容": "セントケア　りまいん　江東【福祉用具貸与】東京都江東区東陽1-16-8MELDIA東陽町ビル4階", "url": "https://www.kaigokensaku.mhlw.go.jp/13/index.php?action_kouhyou_detail_004_kani=true&JigyosyoCd=1370804872-00&ServiceCd=170&Type=search", "url2": null }, "geometry": { "type": "Point", "coordinates": [ 139.810063328777517, 35.667640599688248 ] } },
{ "type": "Feature", "properties": { "内容": "株式会社フロンティア江東営業所【福祉用具貸与】東京都江東区木場3-14-4はが木場三ビル1階", "url": "https://www.kaigokensaku.mhlw.go.jp/13/index.php?action_kouhyou_detail_004_kani=true&JigyosyoCd=1370804898-00&ServiceCd=170&Type=search", "url2": "http://www.frontier-ph.com/homecare/" }, "geometry": { "type": "Point", "coordinates": [ 139.805180599999971, 35.6755976 ] } },
{ "type": "Feature", "properties": { "内容": "シルバーとっぷ東京【福祉用具貸与】東京都江東区南砂４－１８－２", "url": "https://www.kaigokensaku.mhlw.go.jp/13/index.php?action_kouhyou_detail_004_kani=true&JigyosyoCd=1370805051-00&ServiceCd=170&Type=search", "url2": "http://www.silvertop.org" }, "geometry": { "type": "Point", "coordinates": [ 139.832354400000014, 35.672778 ] } },
{ "type": "Feature", "properties": { "内容": "アオアクア福祉用具サポート【福祉用具貸与】東京都江東区大島5-47-9ヴェラハイツ大島704号室", "url": "https://www.kaigokensaku.mhlw.go.jp/13/index.php?action_kouhyou_detail_004_kani=true&JigyosyoCd=1370806372-00&ServiceCd=170&Type=search", "url2": "https://aoakua.net" }, "geometry": { "type": "Point", "coordinates": [ 139.837872054049171, 35.689813389438605 ] } },
{ "type": "Feature", "properties": { "内容": "株式会社福祉協同サービス　江東営業所【福祉用具貸与】東京都江東区大島1-21-12", "url": "https://www.kaigokensaku.mhlw.go.jp/13/index.php?action_kouhyou_detail_004_kani=true&JigyosyoCd=1370806794-00&ServiceCd=170&Type=search", "url2": "http://www.fukushi-ks.com" }, "geometry": { "type": "Point", "coordinates": [ 139.8250787, 35.6865218 ] } },
{ "type": "Feature", "properties": { "内容": "シルバーサポート江東店【福祉用具貸与】東京都江東区木場６－６－６メロディHIROTA２０１号", "url": "https://www.kaigokensaku.mhlw.go.jp/13/index.php?action_kouhyou_detail_004_kani=true&JigyosyoCd=1370806851-00&ServiceCd=170&Type=search", "url2": "http://www.ramico.co.jp" }, "geometry": { "type": "Point", "coordinates": [ 139.8057473, 35.6675437 ] } },
{ "type": "Feature", "properties": { "内容": "ダスキンヘルスレント江東ステーション【福祉用具貸与】東京都江東区猿江1-15-5カナール宮澤101", "url": "https://www.kaigokensaku.mhlw.go.jp/13/index.php?action_kouhyou_detail_004_kani=true&JigyosyoCd=1370806877-00&ServiceCd=170&Type=search", "url2": "https://healthrent.duskin.jp" }, "geometry": { "type": "Point", "coordinates": [ 139.8099305, 35.6866325 ] } },
{ "type": "Feature", "properties": { "内容": "株式会社仁済　福祉用具貸与事業所江東【福祉用具貸与】東京都江東区南砂5-24-17加賀見コート101", "url": "https://www.kaigokensaku.mhlw.go.jp/13/index.php?action_kouhyou_detail_004_kani=true&JigyosyoCd=1370807313-00&ServiceCd=170&Type=search", "url2": "http://www.jinsai1939.jp/" }, "geometry": { "type": "Point", "coordinates": [ 139.8359408, 35.6758211 ] } },
{ "type": "Feature", "properties": { "内容": "ライフレッシュケア・江東【福祉用具貸与】東京都江東区千田6-1", "url": "https://www.kaigokensaku.mhlw.go.jp/13/index.php?action_kouhyou_detail_004_kani=true&JigyosyoCd=1372301158-00&ServiceCd=170&Type=search", "url2": "http://www.lifresh-care.jp/" }, "geometry": { "type": "Point", "coordinates": [ 139.815683213491866, 35.680852183396944 ] } },
{ "type": "Feature", "properties": { "内容": "株式会社　星医療酸器　南東京営業所【福祉用具貸与】東京都品川区西五反田4-27-3", "url": "https://www.kaigokensaku.mhlw.go.jp/13/index.php?action_kouhyou_detail_004_kani=true&JigyosyoCd=1370902007-00&ServiceCd=170&Type=search", "url2": "http://www.hosi.co.jp" }, "geometry": { "type": "Point", "coordinates": [ 139.7104984, 35.6244126 ] } },
{ "type": "Feature", "properties": { "内容": "フランスベッド株式会社　メディカル品川営業所【福祉用具貸与】東京都品川区西五反田7-24-5ONEST西五反田スクエア1階", "url": "https://www.kaigokensaku.mhlw.go.jp/13/index.php?action_kouhyou_detail_004_kani=true&JigyosyoCd=1370903153-00&ServiceCd=170&Type=search", "url2": "http://www.francebed.co.jp" }, "geometry": { "type": "Point", "coordinates": [ 139.718797699999982, 35.620791 ] } },
{ "type": "Feature", "properties": { "内容": "フックル【福祉用具貸与】東京都品川区南品川4-11-1グリーンハイム南品川　503号室", "url": "https://www.kaigokensaku.mhlw.go.jp/13/index.php?action_kouhyou_detail_004_kani=true&JigyosyoCd=1370905240-00&ServiceCd=170&Type=search", "url2": "http://www.ohsaki-hhs.co.jp" }, "geometry": { "type": "Point", "coordinates": [ 139.737141799999989, 35.6129532 ] } },
{ "type": "Feature", "properties": { "内容": "パナソニックエイジフリーショップ品川【福祉用具貸与】東京都品川区東品川1-3-12パナソニック東品川ビル3階", "url": "https://www.kaigokensaku.mhlw.go.jp/13/index.php?action_kouhyou_detail_004_kani=true&JigyosyoCd=1371111186-00&ServiceCd=170&Type=search", "url2": "https://sumai.panasonic.jp/agefree/map/detail.php?id=168" }, "geometry": { "type": "Point", "coordinates": [ 139.746115605637527, 35.621932612424075 ] } },
{ "type": "Feature", "properties": { "内容": "株式会社トーカイ　品川営業所【福祉用具貸与】東京都品川区東大井１－１５－１３", "url": "https://www.kaigokensaku.mhlw.go.jp/13/index.php?action_kouhyou_detail_004_kani=true&JigyosyoCd=1370902841-00&ServiceCd=170&Type=search", "url2": "http://www.tokai-corp.com/" }, "geometry": { "type": "Point", "coordinates": [ 139.744349300000067, 35.6048076 ] } },
{ "type": "Feature", "properties": { "内容": "アットホーム東日本（有限会社アットホーム　東京支店）【福祉用具貸与】東京都品川区戸越1-12-9", "url": "https://www.kaigokensaku.mhlw.go.jp/13/index.php?action_kouhyou_detail_004_kani=true&JigyosyoCd=1370903716-00&ServiceCd=170&Type=search", "url2": "http://www.kaigo-club.net/recruit201910/" }, "geometry": { "type": "Point", "coordinates": [ 139.719659373016412, 35.61602977661051 ] } },
{ "type": "Feature", "properties": { "内容": "シルバーはあと品川【福祉用具貸与】東京都品川区南大井6-8-10", "url": "https://www.kaigokensaku.mhlw.go.jp/13/index.php?action_kouhyou_detail_004_kani=true&JigyosyoCd=1370903633-00&ServiceCd=170&Type=search", "url2": "https://www.silver-heart.jp/" }, "geometry": { "type": "Point", "coordinates": [ 139.73336112258562, 35.591756245651254 ] } },
{ "type": "Feature", "properties": { "内容": "スマートケアサービス【福祉用具貸与】東京都目黒区緑が丘１－１３－２３ドエルぽうれん２３", "url": "https://www.kaigokensaku.mhlw.go.jp/13/index.php?action_kouhyou_detail_004_kani=true&JigyosyoCd=1371005479-00&ServiceCd=170&Type=search", "url2": null }, "geometry": { "type": "Point", "coordinates": [ 139.677696200000014, 35.6099102 ] } },
{ "type": "Feature", "properties": { "内容": "コスモインターリアリティー【福祉用具貸与】東京都目黒区八雲2-11-6シベレス　203号室", "url": "https://www.kaigokensaku.mhlw.go.jp/13/index.php?action_kouhyou_detail_004_kani=true&JigyosyoCd=1371213875-00&ServiceCd=170&Type=search", "url2": null }, "geometry": { "type": "Point", "coordinates": [ 139.67061929999997, 35.6164537 ] } },
{ "type": "Feature", "properties": { "内容": "えるはあとケアセンター【福祉用具貸与】東京都目黒区中央町2-6-1K2ビル　2F", "url": "https://www.kaigokensaku.mhlw.go.jp/13/index.php?action_kouhyou_detail_004_kani=true&JigyosyoCd=1371002211-00&ServiceCd=170&Type=search", "url2": "https://el-heart.com/" }, "geometry": { "type": "Point", "coordinates": [ 139.693109847184672, 35.631472699686398 ] } },
{ "type": "Feature", "properties": { "内容": "ダスキンヘルスレント中目黒ステーション【福祉用具貸与】東京都目黒区上目黒5丁5-18-20ハイコート上目黒", "url": "https://www.kaigokensaku.mhlw.go.jp/13/index.php?action_kouhyou_detail_004_kani=true&JigyosyoCd=1371004852-00&ServiceCd=170&Type=search", "url2": "https://health-rent.duskin-hozumi.com/" }, "geometry": { "type": "Point", "coordinates": [ 139.68962190000002, 35.6443238 ] } },
{ "type": "Feature", "properties": { "内容": "ピース【福祉用具貸与】東京都目黒区駒場3-11-9フラッツ駒場101", "url": "https://www.kaigokensaku.mhlw.go.jp/13/index.php?action_kouhyou_detail_004_kani=true&JigyosyoCd=1371004258-00&ServiceCd=170&Type=search", "url2": null }, "geometry": { "type": "Point", "coordinates": [ 139.682216499999981, 35.659277 ] } },
{ "type": "Feature", "properties": { "内容": "グレース目黒【福祉用具貸与】東京都目黒区鷹番2-20-17TSﾋﾞﾙ504", "url": "https://www.kaigokensaku.mhlw.go.jp/13/index.php?action_kouhyou_detail_004_kani=true&JigyosyoCd=1371005453-00&ServiceCd=170&Type=search", "url2": null }, "geometry": { "type": "Point", "coordinates": [ 139.6862319, 35.6298005 ] } },
{ "type": "Feature", "properties": { "内容": "ニック株式会社　目黒営業所【福祉用具貸与】東京都目黒区目黒本町6－13－21", "url": "https://www.kaigokensaku.mhlw.go.jp/13/index.php?action_kouhyou_detail_004_kani=true&JigyosyoCd=1371005008-00&ServiceCd=170&Type=search", "url2": "http://www.nick-corp.com/" }, "geometry": { "type": "Point", "coordinates": [ 139.69541810000004, 35.621473 ] } },
{ "type": "Feature", "properties": { "内容": "レコードブッククロス池上【福祉用具貸与】東京都大田区仲池上2-18-6雄ビル1F", "url": "https://www.kaigokensaku.mhlw.go.jp/13/index.php?action_kouhyou_detail_004_kani=true&JigyosyoCd=1371113463-00&ServiceCd=170&Type=search", "url2": null }, "geometry": { "type": "Point", "coordinates": [ 139.7008499, 35.5797912 ] } },
{ "type": "Feature", "properties": { "内容": "株式会社シーン　ケア・シーンプラザ【福祉用具貸与】東京都大田区南蒲田３－１－５", "url": "https://www.kaigokensaku.mhlw.go.jp/13/index.php?action_kouhyou_detail_004_kani=true&JigyosyoCd=1371100775-00&ServiceCd=170&Type=search", "url2": "http://www.care-scene.com" }, "geometry": { "type": "Point", "coordinates": [ 139.726886700000023, 35.5554995 ] } },
{ "type": "Feature", "properties": { "内容": "カラーズ【福祉用具貸与】東京都大田区大森西6-2-2STビル1階", "url": "https://www.kaigokensaku.mhlw.go.jp/13/index.php?action_kouhyou_detail_004_kani=true&JigyosyoCd=1371109990-00&ServiceCd=170&Type=search", "url2": "https://www.colors-g.co.jp/" }, "geometry": { "type": "Point", "coordinates": [ 139.725391400000035, 35.5697057 ] } },
{ "type": "Feature", "properties": { "内容": "ＳＯＭＰＯケア　大田　福祉用具【福祉用具貸与】東京都大田区西蒲田6-36-11西蒲田NSビル5階", "url": "https://www.kaigokensaku.mhlw.go.jp/13/index.php?action_kouhyou_detail_004_kani=true&JigyosyoCd=1371112069-00&ServiceCd=170&Type=search", "url2": null }, "geometry": { "type": "Point", "coordinates": [ 139.712874851632023, 35.564636936541568 ] } },
{ "type": "Feature", "properties": { "内容": "株式会社アーネストケア【福祉用具貸与】東京都大田区新蒲田二丁目４番３号スポーツプラザビル５階", "url": "https://www.kaigokensaku.mhlw.go.jp/13/index.php?action_kouhyou_detail_004_kani=true&JigyosyoCd=1371113190-00&ServiceCd=170&Type=search", "url2": "http://www.earnest-care.com/" }, "geometry": { "type": "Point", "coordinates": [ 139.706734, 35.56031 ] } },
{ "type": "Feature", "properties": { "内容": "株式会社ケアサービス　レンタル大田【福祉用具貸与】東京都大田区新蒲田3-15-7", "url": "https://www.kaigokensaku.mhlw.go.jp/13/index.php?action_kouhyou_detail_004_kani=true&JigyosyoCd=1371103076-00&ServiceCd=170&Type=search", "url2": "http://www.care.co.jp/" }, "geometry": { "type": "Point", "coordinates": [ 139.707613499999979, 35.5558826 ] } },
{ "type": "Feature", "properties": { "内容": "ふろーむ４０【福祉用具貸与】東京都大田区中央1-19-2高田ビル1F", "url": "https://www.kaigokensaku.mhlw.go.jp/13/index.php?action_kouhyou_detail_004_kani=true&JigyosyoCd=1370903260-00&ServiceCd=170&Type=search", "url2": "http://www.lifenet-kaigo.com" }, "geometry": { "type": "Point", "coordinates": [ 139.721140870964319, 35.580767519021542 ] } },
{ "type": "Feature", "properties": { "内容": "ナイスケアたんぽぽサポートセンター【福祉用具貸与】東京都大田区北千束3-17-16", "url": "https://www.kaigokensaku.mhlw.go.jp/13/index.php?action_kouhyou_detail_004_kani=true&JigyosyoCd=1371001072-00&ServiceCd=170&Type=search", "url2": "http://www.nice-care.co.jp" }, "geometry": { "type": "Point", "coordinates": [ 139.687231500000053, 35.6065112 ] } },
{ "type": "Feature", "properties": { "内容": "ホームケア井上【福祉用具貸与】東京都大田区鵜の木1-16-24HIビル", "url": "https://www.kaigokensaku.mhlw.go.jp/13/index.php?action_kouhyou_detail_004_kani=true&JigyosyoCd=1371100460-00&ServiceCd=170&Type=search", "url2": "http://www.h-c-i.co.jp/" }, "geometry": { "type": "Point", "coordinates": [ 139.681612882417312, 35.575577765603192 ] } },
{ "type": "Feature", "properties": { "内容": "シルバーはあと蒲田【福祉用具貸与】東京都大田区多摩川1-4-8", "url": "https://www.kaigokensaku.mhlw.go.jp/13/index.php?action_kouhyou_detail_004_kani=true&JigyosyoCd=1371101583-00&ServiceCd=170&Type=search", "url2": "https://www.silver-heart.jp/" }, "geometry": { "type": "Point", "coordinates": [ 139.70110974437128, 35.56253439660216 ] } },
{ "type": "Feature", "properties": { "内容": "介護ショップらくだ【福祉用具貸与】東京都大田区大森東4-18-3", "url": "https://www.kaigokensaku.mhlw.go.jp/13/index.php?action_kouhyou_detail_004_kani=true&JigyosyoCd=1371101625-00&ServiceCd=170&Type=search", "url2": "https://jyounaniyaku.co.jp/new/index.html" }, "geometry": { "type": "Point", "coordinates": [ 139.737275743429791, 35.568247981841495 ] } },
{ "type": "Feature", "properties": { "内容": "トータルケアサービス本社事業所【福祉用具貸与】東京都大田区西蒲田3-4-11階", "url": "https://www.kaigokensaku.mhlw.go.jp/13/index.php?action_kouhyou_detail_004_kani=true&JigyosyoCd=1371101690-00&ServiceCd=170&Type=search", "url2": "http://www.total-care-servise.co.jp/" }, "geometry": { "type": "Point", "coordinates": [ 139.706734, 35.5688537 ] } },
{ "type": "Feature", "properties": { "内容": "ＣＡＲＥ・ＤＥＰＯＴ　エンゼル【福祉用具貸与】東京都大田区東馬込2-19-11日邦ビル402", "url": "https://www.kaigokensaku.mhlw.go.jp/13/index.php?action_kouhyou_detail_004_kani=true&JigyosyoCd=1371102219-00&ServiceCd=170&Type=search", "url2": "http://www.angel-care.co.jp" }, "geometry": { "type": "Point", "coordinates": [ 139.714866364309756, 35.593961841977361 ] } },
{ "type": "Feature", "properties": { "内容": "ダスキンヘルスレント池上ステーション【福祉用具貸与】東京都大田区池上３－28－15", "url": "https://www.kaigokensaku.mhlw.go.jp/13/index.php?action_kouhyou_detail_004_kani=true&JigyosyoCd=1371102664-00&ServiceCd=170&Type=search", "url2": "d-miyoshiya.co.jp" }, "geometry": { "type": "Point", "coordinates": [ 139.70258651282802, 35.574971484488358 ] } },
{ "type": "Feature", "properties": { "内容": "メルシー・ダイキ雑色店【福祉用具貸与】東京都大田区南六郷2-25-22", "url": "https://www.kaigokensaku.mhlw.go.jp/13/index.php?action_kouhyou_detail_004_kani=true&JigyosyoCd=1371103944-00&ServiceCd=170&Type=search", "url2": "http://www.mercidaiki.com/" }, "geometry": { "type": "Point", "coordinates": [ 139.717907299999979, 35.5475644 ] } },
{ "type": "Feature", "properties": { "内容": "株式会社　フロンティア大田営業所【福祉用具貸与】東京都大田区平和島1－2－30センコー平和島PDセンター3階", "url": "https://www.kaigokensaku.mhlw.go.jp/13/index.php?action_kouhyou_detail_004_kani=true&JigyosyoCd=1371109123-00&ServiceCd=170&Type=search", "url2": "https://www.frontier-ph.com/area/ota-office/" }, "geometry": { "type": "Point", "coordinates": [ 139.7423703, 35.5844703 ] } },
{ "type": "Feature", "properties": { "内容": "フランスベッド株式会社メディカル大田営業所【福祉用具貸与】東京都大田区上池台５－１－１８サクシード上池台", "url": "https://www.kaigokensaku.mhlw.go.jp/13/index.php?action_kouhyou_detail_004_kani=true&JigyosyoCd=1371109982-00&ServiceCd=170&Type=search", "url2": "http://www.francebed.co.jp/" }, "geometry": { "type": "Point", "coordinates": [ 139.702964100000031, 35.597327 ] } },
{ "type": "Feature", "properties": { "内容": "株式会社ヤマシタ大田営業所【福祉用具貸与】東京都大田区仲池上1-18-11仲池上Sパレス", "url": "https://www.kaigokensaku.mhlw.go.jp/13/index.php?action_kouhyou_detail_004_kani=true&JigyosyoCd=1371110329-00&ServiceCd=170&Type=search", "url2": "http://www.yco.co.jp/" }, "geometry": { "type": "Point", "coordinates": [ 139.6973514, 35.5878391 ] } },
{ "type": "Feature", "properties": { "内容": "福祉用具のフォーエバー【福祉用具貸与】東京都大田区西蒲田7－43－11福井ビル3階", "url": "https://www.kaigokensaku.mhlw.go.jp/13/index.php?action_kouhyou_detail_004_kani=true&JigyosyoCd=1371110410-00&ServiceCd=170&Type=search", "url2": "http://www.forever-with.co.jp/" }, "geometry": { "type": "Point", "coordinates": [ 139.7125264, 35.5628955 ] } },
{ "type": "Feature", "properties": { "内容": "笑みくる【福祉用具貸与】東京都大田区大森西四丁目17番18号ワンズホーム大森1F", "url": "https://www.kaigokensaku.mhlw.go.jp/13/index.php?action_kouhyou_detail_004_kani=true&JigyosyoCd=1371111459-00&ServiceCd=170&Type=search", "url2": "http://emikulu.biz" }, "geometry": { "type": "Point", "coordinates": [ 139.723652600000037, 35.5706555 ] } },
{ "type": "Feature", "properties": { "内容": "ココ・ラ・ス【福祉用具貸与】東京都大田区南蒲田2-27-1", "url": "https://www.kaigokensaku.mhlw.go.jp/13/index.php?action_kouhyou_detail_004_kani=true&JigyosyoCd=1371111822-00&ServiceCd=170&Type=search", "url2": "http://www.cocolas.jp" }, "geometry": { "type": "Point", "coordinates": [ 139.7206664, 35.55546040000003 ] } },
{ "type": "Feature", "properties": { "内容": "サガセールケア【福祉用具貸与】東京都大田区大森西3-12-17ロフティ大森町2", "url": "https://www.kaigokensaku.mhlw.go.jp/13/index.php?action_kouhyou_detail_004_kani=true&JigyosyoCd=1371112747-00&ServiceCd=170&Type=search", "url2": "http://sagasale.net/company_archive/" }, "geometry": { "type": "Point", "coordinates": [ 139.726437518879692, 35.572573861777705 ] } },
{ "type": "Feature", "properties": { "内容": "株式会社　仁済　福祉用具貸与事業所【福祉用具貸与】東京都大田区東馬込1-4-15ニューフラット東馬込1F", "url": "https://www.kaigokensaku.mhlw.go.jp/13/index.php?action_kouhyou_detail_004_kani=true&JigyosyoCd=1370901116-00&ServiceCd=170&Type=search", "url2": "http://www.jinsai1939.jp/" }, "geometry": { "type": "Point", "coordinates": [ 139.731180699999982, 35.6049877 ] } },
{ "type": "Feature", "properties": { "内容": "セントケアりまいん大田【福祉用具貸与】東京都大田区蒲田5-36-2相互蒲田ビル201", "url": "https://www.kaigokensaku.mhlw.go.jp/13/index.php?action_kouhyou_detail_004_kani=true&JigyosyoCd=1371105600-00&ServiceCd=170&Type=search", "url2": null }, "geometry": { "type": "Point", "coordinates": [ 139.718795300000011, 35.5613596 ] } },
{ "type": "Feature", "properties": { "内容": "移送家介援社【福祉用具貸与】東京都大田区大森北3丁目42番11号", "url": "https://www.kaigokensaku.mhlw.go.jp/13/index.php?action_kouhyou_detail_004_kani=true&JigyosyoCd=1371107317-00&ServiceCd=170&Type=search", "url2": null }, "geometry": { "type": "Point", "coordinates": [ 139.735684389814537, 35.583539568175254 ] } },
{ "type": "Feature", "properties": { "内容": "かたくり福祉用具城南センター【福祉用具貸与】東京都大田区西六郷4-19-15ﾊﾟｰｸｻｲﾄﾞ多摩川105号室", "url": "https://www.kaigokensaku.mhlw.go.jp/13/index.php?action_kouhyou_detail_004_kani=true&JigyosyoCd=1371108406-00&ServiceCd=170&Type=search", "url2": null }, "geometry": { "type": "Point", "coordinates": [ 139.706045601869164, 35.54148033647396 ] } },
{ "type": "Feature", "properties": { "内容": "株式会社バディ【福祉用具貸与】東京都大田区西糀谷四丁目30番8号ウイナーズ蒲田南1階", "url": "https://www.kaigokensaku.mhlw.go.jp/13/index.php?action_kouhyou_detail_004_kani=true&JigyosyoCd=1371112150-00&ServiceCd=170&Type=search", "url2": "https://we-buddy.com" }, "geometry": { "type": "Point", "coordinates": [ 139.728153199999952, 35.5554579 ] } },
{ "type": "Feature", "properties": { "内容": "株式会社トーカイ大田営業所【福祉用具貸与】東京都大田区久が原1丁目2番地15号", "url": "https://www.kaigokensaku.mhlw.go.jp/13/index.php?action_kouhyou_detail_004_kani=true&JigyosyoCd=1371113638-00&ServiceCd=170&Type=search", "url2": "https://www.tokai-corp.com" }, "geometry": { "type": "Point", "coordinates": [ 139.6935546, 35.5872348 ] } },
{ "type": "Feature", "properties": { "内容": "福祉用具・レジリエンス【福祉用具貸与】東京都大田区新蒲田1－13－１", "url": "https://www.kaigokensaku.mhlw.go.jp/13/index.php?action_kouhyou_detail_004_kani=true&JigyosyoCd=1371113679-00&ServiceCd=170&Type=search", "url2": null }, "geometry": { "type": "Point", "coordinates": [ 139.7098048, 35.559656 ] } },
{ "type": "Feature", "properties": { "内容": "ミノッティ介護レンタル【福祉用具貸与】東京都大田区池上３－２１－３プレール池上１F", "url": "https://www.kaigokensaku.mhlw.go.jp/13/index.php?action_kouhyou_detail_004_kani=true&JigyosyoCd=1371113265-00&ServiceCd=170&Type=search", "url2": null }, "geometry": { "type": "Point", "coordinates": [ 139.6994584, 35.5742396 ] } },
{ "type": "Feature", "properties": { "内容": "株式会社東基城南営業所【福祉用具貸与】東京都大田区仲池上１―２４―２２", "url": "https://www.kaigokensaku.mhlw.go.jp/13/index.php?action_kouhyou_detail_004_kani=true&JigyosyoCd=1371105790-00&ServiceCd=170&Type=search", "url2": "http://www.toki-net.co.jp" }, "geometry": { "type": "Point", "coordinates": [ 139.696304400000031, 35.5873197 ] } },
{ "type": "Feature", "properties": { "内容": "アスナロ介護ステーションシニア事業所【福祉用具貸与】東京都大田区南蒲田1-22-20POOLDUCKBLDG2階", "url": "https://www.kaigokensaku.mhlw.go.jp/13/index.php?action_kouhyou_detail_004_kani=true&JigyosyoCd=1371108232-00&ServiceCd=170&Type=search", "url2": "https://www.kaigo-asunaro.com/" }, "geometry": { "type": "Point", "coordinates": [ 139.723791299999988, 35.5579766 ] } },
{ "type": "Feature", "properties": { "内容": "ネットワーク福祉用具ステーション【福祉用具貸与】東京都世田谷区羽根木二丁目35-22アーバンプラネット107", "url": "https://www.kaigokensaku.mhlw.go.jp/13/index.php?action_kouhyou_detail_004_kani=true&JigyosyoCd=1371217256-00&ServiceCd=170&Type=search", "url2": null }, "geometry": { "type": "Point", "coordinates": [ 139.6562494, 35.6649279 ] } },
{ "type": "Feature", "properties": { "内容": "関東MFR【福祉用具貸与】東京都世田谷区赤堤2-10-11", "url": "https://www.kaigokensaku.mhlw.go.jp/13/index.php?action_kouhyou_detail_004_kani=true&JigyosyoCd=1371217264-00&ServiceCd=170&Type=search", "url2": null }, "geometry": { "type": "Point", "coordinates": [ 139.6432565, 35.6578357 ] } },
{ "type": "Feature", "properties": { "内容": "ケアサポートえん【福祉用具貸与】東京都世田谷区赤堤3－22－3フェリーチェ赤堤1階", "url": "https://www.kaigokensaku.mhlw.go.jp/13/index.php?action_kouhyou_detail_004_kani=true&JigyosyoCd=1371303833-00&ServiceCd=170&Type=search", "url2": "https://www.r-l.care/" }, "geometry": { "type": "Point", "coordinates": [ 139.638853, 35.6574788 ] } },
{ "type": "Feature", "properties": { "内容": "イーライフ株式会社世田谷営業所【福祉用具貸与】東京都世田谷区弦巻4-11-2シェモア弦巻1F", "url": "https://www.kaigokensaku.mhlw.go.jp/13/index.php?action_kouhyou_detail_004_kani=true&JigyosyoCd=1371217546-00&ServiceCd=170&Type=search", "url2": "http://e-lifecare.com/" }, "geometry": { "type": "Point", "coordinates": [ 139.6408149, 35.6333425 ] } },
{ "type": "Feature", "properties": { "内容": "こかげようぐ【福祉用具貸与】東京都世田谷区世田谷1-33-3Ｂ1", "url": "https://www.kaigokensaku.mhlw.go.jp/13/index.php?action_kouhyou_detail_004_kani=true&JigyosyoCd=1371217710-00&ServiceCd=170&Type=search", "url2": null }, "geometry": { "type": "Point", "coordinates": [ 139.6504501, 35.640102400000011 ] } },
{ "type": "Feature", "properties": { "内容": "トータルライフケア奥沢【福祉用具貸与】東京都世田谷区奥沢3-45-6鈴木第一ビル2F", "url": "https://www.kaigokensaku.mhlw.go.jp/13/index.php?action_kouhyou_detail_004_kani=true&JigyosyoCd=1371201367-00&ServiceCd=170&Type=search", "url2": "https://www.ikiikitlc.co.jp/" }, "geometry": { "type": "Point", "coordinates": [ 139.673455211020269, 35.603671638548349 ] } },
{ "type": "Feature", "properties": { "内容": "株式会社トーカイ　東京支店【福祉用具貸与】東京都世田谷区北烏山９－２５－２２", "url": "https://www.kaigokensaku.mhlw.go.jp/13/index.php?action_kouhyou_detail_004_kani=true&JigyosyoCd=1370200196-00&ServiceCd=170&Type=search", "url2": "https://www.tokai-corp.com/" }, "geometry": { "type": "Point", "coordinates": [ 139.592509671163924, 35.67466535063032 ] } },
{ "type": "Feature", "properties": { "内容": "桜十字福祉用具東京事業所【福祉用具貸与】東京都世田谷区八幡山3-12-21ホスピタルメント世田谷八幡山", "url": "https://www.kaigokensaku.mhlw.go.jp/13/index.php?action_kouhyou_detail_004_kani=true&JigyosyoCd=1370604231-00&ServiceCd=170&Type=search", "url2": "https://www.sakurajyuji.jp/" }, "geometry": { "type": "Point", "coordinates": [ 139.6184232, 35.6657183 ] } },
{ "type": "Feature", "properties": { "内容": "株式会社やさしい手　住環境事業部　学芸大学営業所【福祉用具貸与】東京都世田谷区下馬6-11-10", "url": "https://www.kaigokensaku.mhlw.go.jp/13/index.php?action_kouhyou_detail_004_kani=true&JigyosyoCd=1371000611-00&ServiceCd=170&Type=search", "url2": "http://www.yasashiite.com" }, "geometry": { "type": "Point", "coordinates": [ 139.677970599999981, 35.6276029 ] } },
{ "type": "Feature", "properties": { "内容": "株式会社サンハート　介楽工房【福祉用具貸与】東京都世田谷区代沢4-37-2ハイツ番場", "url": "https://www.kaigokensaku.mhlw.go.jp/13/index.php?action_kouhyou_detail_004_kani=true&JigyosyoCd=1371202050-00&ServiceCd=170&Type=search", "url2": "https://www.sunheart1999.co.jp/" }, "geometry": { "type": "Point", "coordinates": [ 139.67069, 35.6538051 ] } },
{ "type": "Feature", "properties": { "内容": "株式会社あかね【福祉用具貸与】東京都世田谷区三軒茶屋2-11-20サンタワーズＤ棟8Ｆ", "url": "https://www.kaigokensaku.mhlw.go.jp/13/index.php?action_kouhyou_detail_004_kani=true&JigyosyoCd=1371203272-00&ServiceCd=170&Type=search", "url2": "http://www.akane-kaigo.co.jp" }, "geometry": { "type": "Point", "coordinates": [ 139.669259900000043, 35.6420037 ] } },
{ "type": "Feature", "properties": { "内容": "タンドル南烏山【福祉用具貸与】東京都世田谷区南烏山6-4-21ＳＪＫビル2Ｆ", "url": "https://www.kaigokensaku.mhlw.go.jp/13/index.php?action_kouhyou_detail_004_kani=true&JigyosyoCd=1371206598-00&ServiceCd=170&Type=search", "url2": "http://www.tandoru.com/" }, "geometry": { "type": "Point", "coordinates": [ 139.599747611053459, 35.669446455375855 ] } },
{ "type": "Feature", "properties": { "内容": "フランスベッド株式会社　メディカル世田谷営業所【福祉用具貸与】東京都世田谷区若林4-31-15光映ビル2階", "url": "https://www.kaigokensaku.mhlw.go.jp/13/index.php?action_kouhyou_detail_004_kani=true&JigyosyoCd=1371207844-00&ServiceCd=170&Type=search", "url2": null }, "geometry": { "type": "Point", "coordinates": [ 139.6537945, 35.6466638 ] } },
{ "type": "Feature", "properties": { "内容": "アルファフリー【福祉用具貸与】東京都世田谷区鎌田3-17-1ベルフレール玉川202", "url": "https://www.kaigokensaku.mhlw.go.jp/13/index.php?action_kouhyou_detail_004_kani=true&JigyosyoCd=1371208008-00&ServiceCd=170&Type=search", "url2": "http://www.alphafree.co.jp" }, "geometry": { "type": "Point", "coordinates": [ 139.61733879999997, 35.6191401 ] } },
{ "type": "Feature", "properties": { "内容": "アイ・ケアステーション【福祉用具貸与】東京都世田谷区岡本1-33-14パークサイド砧220", "url": "https://www.kaigokensaku.mhlw.go.jp/13/index.php?action_kouhyou_detail_004_kani=true&JigyosyoCd=1371208149-00&ServiceCd=170&Type=search", "url2": "http://n-system-web.co.jp" }, "geometry": { "type": "Point", "coordinates": [ 139.619065830089966, 35.627534399508527 ] } },
{ "type": "Feature", "properties": { "内容": "レンタルサービス　ソラスト西東京【福祉用具貸与】東京都世田谷区南烏山4-27-8岡田ビル2階", "url": "https://www.kaigokensaku.mhlw.go.jp/13/index.php?action_kouhyou_detail_004_kani=true&JigyosyoCd=1371208370-00&ServiceCd=170&Type=search", "url2": null }, "geometry": { "type": "Point", "coordinates": [ 139.600833599999987, 35.672298 ] } },
{ "type": "Feature", "properties": { "内容": "株式会社　フロンティア　世田谷営業所【福祉用具貸与】東京都世田谷区粕谷4-18-41階", "url": "https://www.kaigokensaku.mhlw.go.jp/13/index.php?action_kouhyou_detail_004_kani=true&JigyosyoCd=1371211226-00&ServiceCd=170&Type=search", "url2": "http://www.frontier-ph.com/homecare/" }, "geometry": { "type": "Point", "coordinates": [ 139.6032282, 35.6639214 ] } },
{ "type": "Feature", "properties": { "内容": "パナソニックエイジフリーショップ　世田谷【福祉用具貸与】東京都世田谷区経堂5-32-8マーベラス経堂１階", "url": "https://www.kaigokensaku.mhlw.go.jp/13/index.php?action_kouhyou_detail_004_kani=true&JigyosyoCd=1371211895-00&ServiceCd=170&Type=search", "url2": "http://www.kaigoshop.net/setagaya/" }, "geometry": { "type": "Point", "coordinates": [ 139.633543110328674, 35.648116842072263 ] } },
{ "type": "Feature", "properties": { "内容": "株式会社愛安住　千歳船橋営業所【福祉用具貸与】東京都世田谷区船橋1丁目9-16やまもとハウス２F", "url": "https://www.kaigokensaku.mhlw.go.jp/13/index.php?action_kouhyou_detail_004_kani=true&JigyosyoCd=1371215722-00&ServiceCd=170&Type=search", "url2": "https://www.aianju.co.jp" }, "geometry": { "type": "Point", "coordinates": [ 139.6233939, 35.648315699999984 ] } },
{ "type": "Feature", "properties": { "内容": "福祉用具AIケアセンター【福祉用具貸与】東京都世田谷区船橋1-13-18", "url": "https://www.kaigokensaku.mhlw.go.jp/13/index.php?action_kouhyou_detail_004_kani=true&JigyosyoCd=1371216597-00&ServiceCd=170&Type=search", "url2": "https://www.sincere-ltd-japan.com/" }, "geometry": { "type": "Point", "coordinates": [ 139.623144899999971, 35.6486365 ] } },
{ "type": "Feature", "properties": { "内容": "株式会社ヤマシタ世田谷松原営業所【福祉用具貸与】東京都世田谷区赤堤4－41－11Nビル1階", "url": "https://www.kaigokensaku.mhlw.go.jp/13/index.php?action_kouhyou_detail_004_kani=true&JigyosyoCd=1371217082-00&ServiceCd=170&Type=search", "url2": "https://www.yco.co.jp/" }, "geometry": { "type": "Point", "coordinates": [ 139.641244, 35.6655727 ] } },
{ "type": "Feature", "properties": { "内容": "やすらぎライフワークス【福祉用具貸与】東京都世田谷区赤堤5-13-7", "url": "https://www.kaigokensaku.mhlw.go.jp/13/index.php?action_kouhyou_detail_004_kani=true&JigyosyoCd=1371206895-00&ServiceCd=170&Type=search", "url2": "https:/yasuragi-care.site/" }, "geometry": { "type": "Point", "coordinates": [ 139.637697739919986, 35.662611902629301 ] } },
{ "type": "Feature", "properties": { "内容": "レンティケアサービス城南【福祉用具貸与】東京都世田谷区船橋2-7-5", "url": "https://www.kaigokensaku.mhlw.go.jp/13/index.php?action_kouhyou_detail_004_kani=true&JigyosyoCd=1371206952-00&ServiceCd=170&Type=search", "url2": "http://www.renty.co.jp/" }, "geometry": { "type": "Point", "coordinates": [ 139.6173195, 35.6492574 ] } },
{ "type": "Feature", "properties": { "内容": "セントケアりまいん世田谷【福祉用具貸与】東京都世田谷区等々力3-6-9ファニー等々力Ⅱ202", "url": "https://www.kaigokensaku.mhlw.go.jp/13/index.php?action_kouhyou_detail_004_kani=true&JigyosyoCd=1371208875-00&ServiceCd=170&Type=search", "url2": "http://care-net.biz/13/saintcare-t" }, "geometry": { "type": "Point", "coordinates": [ 139.646584100000041, 35.6092188 ] } },
{ "type": "Feature", "properties": { "内容": "シルバーはあと世田谷【福祉用具貸与】東京都世田谷区用賀2-33-11", "url": "https://www.kaigokensaku.mhlw.go.jp/13/index.php?action_kouhyou_detail_004_kani=true&JigyosyoCd=1371209535-00&ServiceCd=170&Type=search", "url2": "https://www.silver-heart.jp/" }, "geometry": { "type": "Point", "coordinates": [ 139.636129696115887, 35.625624120201557 ] } },
{ "type": "Feature", "properties": { "内容": "株式会社ヤマシタ　世田谷等々力営業所【福祉用具貸与】東京都世田谷区玉堤2-9-14D-oneBUILDING101号室", "url": "https://www.kaigokensaku.mhlw.go.jp/13/index.php?action_kouhyou_detail_004_kani=true&JigyosyoCd=1371210822-00&ServiceCd=170&Type=search", "url2": "http://www.yco.co.jp" }, "geometry": { "type": "Point", "coordinates": [ 139.6465742, 35.59825 ] } },
{ "type": "Feature", "properties": { "内容": "ダスキンヘルスレント世田谷ステーション【福祉用具貸与】東京都世田谷区北烏山9-23-31コンフォーレ烏山1F", "url": "https://www.kaigokensaku.mhlw.go.jp/13/index.php?action_kouhyou_detail_004_kani=true&JigyosyoCd=1371210301-00&ServiceCd=170&Type=search", "url2": "http://healthrent.duskin.jp/station/tokyo.html#setagaya" }, "geometry": { "type": "Point", "coordinates": [ 139.5937398, 35.6731775 ] } },
{ "type": "Feature", "properties": { "内容": "スマイライフ経堂　福祉用具事業所【福祉用具貸与】東京都世田谷区経堂2-4-8アンティロープ経堂B号室", "url": "https://www.kaigokensaku.mhlw.go.jp/13/index.php?action_kouhyou_detail_004_kani=true&JigyosyoCd=1371213305-00&ServiceCd=170&Type=search", "url2": "http://smi-life.com" }, "geometry": { "type": "Point", "coordinates": [ 139.6356429, 35.6524767 ] } },
{ "type": "Feature", "properties": { "内容": "Teco【福祉用具貸与】東京都世田谷区宮坂一丁目４５番１号", "url": "https://www.kaigokensaku.mhlw.go.jp/13/index.php?action_kouhyou_detail_004_kani=true&JigyosyoCd=1370406488-00&ServiceCd=170&Type=search", "url2": "https://t-eco.net/" }, "geometry": { "type": "Point", "coordinates": [ 139.640313, 35.649590600000018 ] } },
{ "type": "Feature", "properties": { "内容": "ニック株式会社世田谷営業所【福祉用具貸与】東京都世田谷区北烏山3-25-20", "url": "https://www.kaigokensaku.mhlw.go.jp/13/index.php?action_kouhyou_detail_004_kani=true&JigyosyoCd=1371209048-00&ServiceCd=170&Type=search", "url2": "http://www.nick-corp.com/" }, "geometry": { "type": "Point", "coordinates": [ 139.599106903071629, 35.676863454581579 ] } },
{ "type": "Feature", "properties": { "内容": "保健福祉用品部【福祉用具貸与】東京都世田谷区北沢5-33-3", "url": "https://www.kaigokensaku.mhlw.go.jp/13/index.php?action_kouhyou_detail_004_kani=true&JigyosyoCd=1371217850-00&ServiceCd=170&Type=search", "url2": null }, "geometry": { "type": "Point", "coordinates": [ 139.6692362, 35.6714053 ] } },
{ "type": "Feature", "properties": { "内容": "グリーンメディ【福祉用具貸与】東京都世田谷区松原2-42-9美鈴Nビル402号室", "url": "https://www.kaigokensaku.mhlw.go.jp/13/index.php?action_kouhyou_detail_004_kani=true&JigyosyoCd=1371506484-00&ServiceCd=170&Type=search", "url2": "http://www.gc-lifetime.co.jp/" }, "geometry": { "type": "Point", "coordinates": [ 139.649109374865134, 35.669227518722408 ] } },
{ "type": "Feature", "properties": { "内容": "パール福祉用具総合センター【福祉用具貸与】東京都渋谷区鉢山町3-27", "url": "https://www.kaigokensaku.mhlw.go.jp/13/index.php?action_kouhyou_detail_004_kani=true&JigyosyoCd=1371302934-00&ServiceCd=170&Type=search", "url2": "http://www.shibuya-pearl.or.jp" }, "geometry": { "type": "Point", "coordinates": [ 139.698751300000026, 35.6527949 ] } },
{ "type": "Feature", "properties": { "内容": "アースサポート渋谷【福祉用具貸与】東京都渋谷区本町1丁目4番3号", "url": "https://www.kaigokensaku.mhlw.go.jp/13/index.php?action_kouhyou_detail_004_kani=true&JigyosyoCd=1371303890-00&ServiceCd=170&Type=search", "url2": "https://www.earthsupport.co.jp" }, "geometry": { "type": "Point", "coordinates": [ 139.684994036141546, 35.68167461322048 ] } },
{ "type": "Feature", "properties": { "内容": "プレミアムサポート【福祉用具貸与】東京都渋谷区恵比寿1-26-14ACTビル２階", "url": "https://www.kaigokensaku.mhlw.go.jp/13/index.php?action_kouhyou_detail_004_kani=true&JigyosyoCd=1370304626-00&ServiceCd=170&Type=search", "url2": null }, "geometry": { "type": "Point", "coordinates": [ 139.716133699999972, 35.6472222 ] } },
{ "type": "Feature", "properties": { "内容": "介適館２１【福祉用具貸与】東京都渋谷区笹塚１－４０－７", "url": "https://www.kaigokensaku.mhlw.go.jp/13/index.php?action_kouhyou_detail_004_kani=true&JigyosyoCd=1371300441-00&ServiceCd=170&Type=search", "url2": null }, "geometry": { "type": "Point", "coordinates": [ 139.66208180000001, 35.6715638 ] } },
{ "type": "Feature", "properties": { "内容": "アビリティーズ・ケアネット株式会社本店【福祉用具貸与】東京都渋谷区代々木四丁目30番3号新宿ミッドウエストビル", "url": "https://www.kaigokensaku.mhlw.go.jp/13/index.php?action_kouhyou_detail_004_kani=true&JigyosyoCd=1371300466-00&ServiceCd=170&Type=search", "url2": "http://www.abilities.jp/" }, "geometry": { "type": "Point", "coordinates": [ 139.689976200000046, 35.683221500000023 ] } },
{ "type": "Feature", "properties": { "内容": "モモ・トータルケアサービス【福祉用具貸与】東京都渋谷区本町1-40-14カームコート初台1Ｆ", "url": "https://www.kaigokensaku.mhlw.go.jp/13/index.php?action_kouhyou_detail_004_kani=true&JigyosyoCd=1371302280-00&ServiceCd=170&Type=search", "url2": null }, "geometry": { "type": "Point", "coordinates": [ 139.683242457672122, 35.6815421131843 ] } },
{ "type": "Feature", "properties": { "内容": "日本福祉用具気手来手センター【福祉用具貸与】東京都渋谷区渋谷2-15-1渋谷クロスタワー16階", "url": "https://www.kaigokensaku.mhlw.go.jp/13/index.php?action_kouhyou_detail_004_kani=true&JigyosyoCd=1371303106-00&ServiceCd=170&Type=search", "url2": null }, "geometry": { "type": "Point", "coordinates": [ 139.7052228, 35.658774899999983 ] } },
{ "type": "Feature", "properties": { "内容": "株式会社フロンティア渋谷営業所【福祉用具貸与】東京都渋谷区幡ヶ谷2-24-7KDXレジデンス幡ヶ谷1階101号室", "url": "https://www.kaigokensaku.mhlw.go.jp/13/index.php?action_kouhyou_detail_004_kani=true&JigyosyoCd=1371303627-00&ServiceCd=170&Type=search", "url2": "http://www.frontier-ph.com" }, "geometry": { "type": "Point", "coordinates": [ 139.6722959, 35.6762028 ] } },
{ "type": "Feature", "properties": { "内容": "ノーマライ心の花渋谷桜丘【福祉用具貸与】東京都渋谷区桜丘町7-10桜山ビル101", "url": "https://www.kaigokensaku.mhlw.go.jp/13/index.php?action_kouhyou_detail_004_kani=true&JigyosyoCd=1371303965-00&ServiceCd=170&Type=search", "url2": "https://www.jcanvas.jp/service" }, "geometry": { "type": "Point", "coordinates": [ 139.7030838, 35.6545546 ] } },
{ "type": "Feature", "properties": { "内容": "つばさ　Foryou　ステーション【福祉用具貸与】東京都中野区東中野３－１７－１９メゾンタケイ101", "url": "https://www.kaigokensaku.mhlw.go.jp/13/index.php?action_kouhyou_detail_004_kani=true&JigyosyoCd=1371403666-00&ServiceCd=170&Type=search", "url2": null }, "geometry": { "type": "Point", "coordinates": [ 139.681710010450729, 35.708524320554375 ] } },
{ "type": "Feature", "properties": { "内容": "クリオケアセンター【福祉用具貸与】東京都中野区中央5-8-11スペースクリオⅡ3階", "url": "https://www.kaigokensaku.mhlw.go.jp/13/index.php?action_kouhyou_detail_004_kani=true&JigyosyoCd=1371404771-00&ServiceCd=170&Type=search", "url2": "http://www.chriocare.com" }, "geometry": { "type": "Point", "coordinates": [ 139.665447400000033, 35.6984498 ] } },
{ "type": "Feature", "properties": { "内容": "株式会社アースシステム【福祉用具貸与】東京都中野区上高田2-19-11", "url": "https://www.kaigokensaku.mhlw.go.jp/13/index.php?action_kouhyou_detail_004_kani=true&JigyosyoCd=1371400860-00&ServiceCd=170&Type=search", "url2": "https://www.earth-system.jp" }, "geometry": { "type": "Point", "coordinates": [ 139.672425722615117, 35.713485982614309 ] } },
{ "type": "Feature", "properties": { "内容": "すりいでぃ【福祉用具貸与】東京都中野区中央５－２９－１１サンメゾン中野102", "url": "https://www.kaigokensaku.mhlw.go.jp/13/index.php?action_kouhyou_detail_004_kani=true&JigyosyoCd=1371401074-00&ServiceCd=170&Type=search", "url2": null }, "geometry": { "type": "Point", "coordinates": [ 139.663823399999956, 35.7001545 ] } },
{ "type": "Feature", "properties": { "内容": "株式会社ウシクボ【福祉用具貸与】東京都中野区本町５－６－１０ビアンカビル１０１", "url": "https://www.kaigokensaku.mhlw.go.jp/13/index.php?action_kouhyou_detail_004_kani=true&JigyosyoCd=1371403120-00&ServiceCd=170&Type=search", "url2": null }, "geometry": { "type": "Point", "coordinates": [ 139.673557599999981, 35.693592 ] } },
{ "type": "Feature", "properties": { "内容": "株式会社トーカイ　中野営業所【福祉用具貸与】東京都中野区中央４丁目１番地２号ＫＩビル６０１号室", "url": "https://www.kaigokensaku.mhlw.go.jp/13/index.php?action_kouhyou_detail_004_kani=true&JigyosyoCd=1371404284-00&ServiceCd=170&Type=search", "url2": "http://www.tokai-corp.com/silver/" }, "geometry": { "type": "Point", "coordinates": [ 139.67056466686472, 35.697706444008794 ] } },
{ "type": "Feature", "properties": { "内容": "株式会社リップ【福祉用具貸与】東京都中野区大和町１－１４－６中野ESビル1F", "url": "https://www.kaigokensaku.mhlw.go.jp/13/index.php?action_kouhyou_detail_004_kani=true&JigyosyoCd=1371404862-00&ServiceCd=170&Type=search", "url2": "http://www.lipp2011.com" }, "geometry": { "type": "Point", "coordinates": [ 139.653633007986599, 35.714187166858679 ] } },
{ "type": "Feature", "properties": { "内容": "あけぼの介護センター　福祉用具貸与事業部【福祉用具貸与】東京都中野区中野1-50-3ベニツル中野ビル　2階", "url": "https://www.kaigokensaku.mhlw.go.jp/13/index.php?action_kouhyou_detail_004_kani=true&JigyosyoCd=1371405158-00&ServiceCd=170&Type=search", "url2": "http://www.caregate.co.jp" }, "geometry": { "type": "Point", "coordinates": [ 139.67409914794473, 35.702373861779343 ] } },
{ "type": "Feature", "properties": { "内容": "ケアプラザ・みやぞの【福祉用具貸与】東京都中野区中央3-13-11ＭＧビル302", "url": "https://www.kaigokensaku.mhlw.go.jp/13/index.php?action_kouhyou_detail_004_kani=true&JigyosyoCd=1372004083-00&ServiceCd=170&Type=search", "url2": "http://www.miyazono.jp/" }, "geometry": { "type": "Point", "coordinates": [ 139.673885, 35.7021021 ] } },
{ "type": "Feature", "properties": { "内容": "株式会社エヌジェイアイ　ケアヘルス中野店【福祉用具貸与】東京都中野区江古田4-19-7カーサ高木1階", "url": "https://www.kaigokensaku.mhlw.go.jp/13/index.php?action_kouhyou_detail_004_kani=true&JigyosyoCd=1372012631-00&ServiceCd=170&Type=search", "url2": "https://www.nji.co.jp/carehealth/" }, "geometry": { "type": "Point", "coordinates": [ 139.662641229173317, 35.726757293927825 ] } },
{ "type": "Feature", "properties": { "内容": "明楽三喜ホーム【福祉用具貸与】東京都杉並区久我山3-37-6", "url": "https://www.kaigokensaku.mhlw.go.jp/13/index.php?action_kouhyou_detail_004_kani=true&JigyosyoCd=1371511476-00&ServiceCd=170&Type=search", "url2": "https://meirakumikihome.co.jp" }, "geometry": { "type": "Point", "coordinates": [ 139.5975683, 35.6885773 ] } },
{ "type": "Feature", "properties": { "内容": "ＭＣＳ福祉用具【福祉用具貸与】東京都杉並区井草1－4－7サンコート井草206号", "url": "https://www.kaigokensaku.mhlw.go.jp/13/index.php?action_kouhyou_detail_004_kani=true&JigyosyoCd=1370403394-00&ServiceCd=170&Type=search", "url2": "http://www.mcs21.co.jp" }, "geometry": { "type": "Point", "coordinates": [ 139.6218745, 35.7248738 ] } },
{ "type": "Feature", "properties": { "内容": "セントケアりまいん永福【福祉用具貸与】東京都杉並区永福3-57-15榎本ビル1階", "url": "https://www.kaigokensaku.mhlw.go.jp/13/index.php?action_kouhyou_detail_004_kani=true&JigyosyoCd=1371211218-00&ServiceCd=170&Type=search", "url2": null }, "geometry": { "type": "Point", "coordinates": [ 139.636432452548206, 35.679780884018221 ] } },
{ "type": "Feature", "properties": { "内容": "有限会社　白鷺介護サービス【福祉用具貸与】東京都杉並区下井草3－41－7サンビル2階", "url": "https://www.kaigokensaku.mhlw.go.jp/13/index.php?action_kouhyou_detail_004_kani=true&JigyosyoCd=1371500503-00&ServiceCd=170&Type=search", "url2": null }, "geometry": { "type": "Point", "coordinates": [ 139.6229439, 35.7239879 ] } },
{ "type": "Feature", "properties": { "内容": "株式会社ドルフィン【福祉用具貸与】東京都杉並区下井草5-4-2", "url": "https://www.kaigokensaku.mhlw.go.jp/13/index.php?action_kouhyou_detail_004_kani=true&JigyosyoCd=1371504430-00&ServiceCd=170&Type=search", "url2": null }, "geometry": { "type": "Point", "coordinates": [ 139.6146837, 35.7198465 ] } },
{ "type": "Feature", "properties": { "内容": "ソネット【福祉用具貸与】東京都杉並区清水3-27-18", "url": "https://www.kaigokensaku.mhlw.go.jp/13/index.php?action_kouhyou_detail_004_kani=true&JigyosyoCd=1371504638-00&ServiceCd=170&Type=search", "url2": "http://www.sonnette.biz" }, "geometry": { "type": "Point", "coordinates": [ 139.618061200000056, 35.7190939 ] } },
{ "type": "Feature", "properties": { "内容": "合同会社謙心【福祉用具貸与】東京都杉並区成田東１－４７－８", "url": "https://www.kaigokensaku.mhlw.go.jp/13/index.php?action_kouhyou_detail_004_kani=true&JigyosyoCd=1371507102-00&ServiceCd=170&Type=search", "url2": null }, "geometry": { "type": "Point", "coordinates": [ 139.640860100000026, 35.6931914 ] } },
{ "type": "Feature", "properties": { "内容": "東京ケアサービス【福祉用具貸与】東京都杉並区井草1-33-21", "url": "https://www.kaigokensaku.mhlw.go.jp/13/index.php?action_kouhyou_detail_004_kani=true&JigyosyoCd=1371507771-00&ServiceCd=170&Type=search", "url2": null }, "geometry": { "type": "Point", "coordinates": [ 139.62286012883601, 35.728019322389159 ] } },
{ "type": "Feature", "properties": { "内容": "シルバーはあと杉並【福祉用具貸与】東京都杉並区本天沼1-3-3ﾘｰﾍﾞ杉並1F", "url": "https://www.kaigokensaku.mhlw.go.jp/13/index.php?action_kouhyou_detail_004_kani=true&JigyosyoCd=1371508316-00&ServiceCd=170&Type=search", "url2": "https://www.silver-heart.jp/" }, "geometry": { "type": "Point", "coordinates": [ 139.632367420659193, 35.712393515137279 ] } },
{ "type": "Feature", "properties": { "内容": "スギコー福祉用具サービス【福祉用具貸与】東京都杉並区久我山5丁目6番16号サンメイト久我山", "url": "https://www.kaigokensaku.mhlw.go.jp/13/index.php?action_kouhyou_detail_004_kani=true&JigyosyoCd=1371509389-00&ServiceCd=170&Type=search", "url2": "https://sugiko-welfare.com" }, "geometry": { "type": "Point", "coordinates": [ 139.601891300000034, 35.6876717 ] } },
{ "type": "Feature", "properties": { "内容": "アイケア　RS【福祉用具貸与】東京都杉並区高円寺南2-23-3", "url": "https://www.kaigokensaku.mhlw.go.jp/13/index.php?action_kouhyou_detail_004_kani=true&JigyosyoCd=1371510312-00&ServiceCd=170&Type=search", "url2": "http://www.aicare-1st.co.jp/" }, "geometry": { "type": "Point", "coordinates": [ 139.648228100000011, 35.7002273 ] } },
{ "type": "Feature", "properties": { "内容": "フランスベッド株式会社　メディカル杉並営業所【福祉用具貸与】東京都杉並区堀ノ内3-52-14湯浅ビル", "url": "https://www.kaigokensaku.mhlw.go.jp/13/index.php?action_kouhyou_detail_004_kani=true&JigyosyoCd=1374001004-00&ServiceCd=170&Type=search", "url2": null }, "geometry": { "type": "Point", "coordinates": [ 139.635365500000034, 35.7094813 ] } },
{ "type": "Feature", "properties": { "内容": "ペアレント【福祉用具貸与】東京都杉並区久我山一丁目７番４１号岩崎通信機㈱構内　１３号館２階", "url": "https://www.kaigokensaku.mhlw.go.jp/13/index.php?action_kouhyou_detail_004_kani=true&JigyosyoCd=1371506955-00&ServiceCd=170&Type=search", "url2": "https://www.perfect-rental.co.jp" }, "geometry": { "type": "Point", "coordinates": [ 139.5969864, 35.6832414 ] } },
{ "type": "Feature", "properties": { "内容": "ユニケア　永福【福祉用具貸与】東京都杉並区永福3-21-3", "url": "https://www.kaigokensaku.mhlw.go.jp/13/index.php?action_kouhyou_detail_004_kani=true&JigyosyoCd=1371509884-00&ServiceCd=170&Type=search", "url2": "http://www.sakano-cs.jp/" }, "geometry": { "type": "Point", "coordinates": [ 139.635119600000053, 35.6757681 ] } },
{ "type": "Feature", "properties": { "内容": "株式会社ケアサービス　レンタル杉並【福祉用具貸与】東京都杉並区井草2-8-20サボハウス101号", "url": "https://www.kaigokensaku.mhlw.go.jp/13/index.php?action_kouhyou_detail_004_kani=true&JigyosyoCd=1371510122-00&ServiceCd=170&Type=search", "url2": null }, "geometry": { "type": "Point", "coordinates": [ 139.621338499999979, 35.7256598 ] } },
{ "type": "Feature", "properties": { "内容": "株式会社ヤマシタ杉並営業所【福祉用具貸与】東京都杉並区阿佐谷南1-34-6新東京会館5階", "url": "https://www.kaigokensaku.mhlw.go.jp/13/index.php?action_kouhyou_detail_004_kani=true&JigyosyoCd=1371511377-00&ServiceCd=170&Type=search", "url2": "https://www.yco.co.jp/" }, "geometry": { "type": "Point", "coordinates": [ 139.636179499999969, 35.7015342 ] } },
{ "type": "Feature", "properties": { "内容": "株式会社東基　介護営業部　杉並営業所【福祉用具貸与】東京都杉並区和田1-29-131F", "url": "https://www.kaigokensaku.mhlw.go.jp/13/index.php?action_kouhyou_detail_004_kani=true&JigyosyoCd=1371511674-00&ServiceCd=170&Type=search", "url2": "https://www.toki-net.co.jp/" }, "geometry": { "type": "Point", "coordinates": [ 139.665758, 35.692242 ] } },
{ "type": "Feature", "properties": { "内容": "パナソニックエイジフリーショップ杉並【福祉用具貸与】東京都杉並区浜田山3-35-31丸共ビル１階", "url": "https://www.kaigokensaku.mhlw.go.jp/13/index.php?action_kouhyou_detail_004_kani=true&JigyosyoCd=1371507607-00&ServiceCd=170&Type=search", "url2": "https://www.kaigoshop.net/suginami/" }, "geometry": { "type": "Point", "coordinates": [ 139.626439299999987, 35.6844477 ] } },
{ "type": "Feature", "properties": { "内容": "SOMPOケア　杉並　福祉用具【福祉用具貸与】東京都杉並区阿佐谷南1-17-18阿佐谷下田ビル2階", "url": "https://www.kaigokensaku.mhlw.go.jp/13/index.php?action_kouhyou_detail_004_kani=true&JigyosyoCd=1371509975-00&ServiceCd=170&Type=search", "url2": null }, "geometry": { "type": "Point", "coordinates": [ 139.636259, 35.70098 ] } },
{ "type": "Feature", "properties": { "内容": "ほほえみグローバル【福祉用具貸与】東京都杉並区高円寺北2-6-1", "url": "https://www.kaigokensaku.mhlw.go.jp/13/index.php?action_kouhyou_detail_004_kani=true&JigyosyoCd=1371510817-00&ServiceCd=170&Type=search", "url2": "http://e-hohoemi.com/" }, "geometry": { "type": "Point", "coordinates": [ 139.650051499999989, 35.7061288 ] } },
{ "type": "Feature", "properties": { "内容": "ﾆｯｸ株式会社　杉並営業所【福祉用具貸与】東京都杉並区和泉1-19-13", "url": "https://www.kaigokensaku.mhlw.go.jp/13/index.php?action_kouhyou_detail_004_kani=true&JigyosyoCd=1371510866-00&ServiceCd=170&Type=search", "url2": "https://www.nick-corp.com/" }, "geometry": { "type": "Point", "coordinates": [ 139.6585407, 35.6745966 ] } },
{ "type": "Feature", "properties": { "内容": "ダスキンヘルスレント杉並ステーション【福祉用具貸与】東京都杉並区成田東1-43-20グランド大塚", "url": "https://www.kaigokensaku.mhlw.go.jp/13/index.php?action_kouhyou_detail_004_kani=true&JigyosyoCd=1371511682-00&ServiceCd=170&Type=search", "url2": "https://healthrent.duskin.jp/station/tokyo/suginami.html" }, "geometry": { "type": "Point", "coordinates": [ 139.642001099999987, 35.6927495 ] } },
{ "type": "Feature", "properties": { "内容": "エーエルケア【福祉用具貸与】東京都豊島区池袋本町１丁目８番４号", "url": "https://www.kaigokensaku.mhlw.go.jp/13/index.php?action_kouhyou_detail_004_kani=true&JigyosyoCd=1371606169-00&ServiceCd=170&Type=search", "url2": null }, "geometry": { "type": "Point", "coordinates": [ 139.713666100000012, 35.7380137 ] } },
{ "type": "Feature", "properties": { "内容": "さわやかケアポートとしま・福祉用具【福祉用具貸与】東京都豊島区北大塚１－１２－１５", "url": "https://www.kaigokensaku.mhlw.go.jp/13/index.php?action_kouhyou_detail_004_kani=true&JigyosyoCd=1371603018-00&ServiceCd=170&Type=search", "url2": "http://www.welcia-partners.co.jp" }, "geometry": { "type": "Point", "coordinates": [ 139.732631399999946, 35.7322481 ] } },
{ "type": "Feature", "properties": { "内容": "サン・ケアセンター【福祉用具貸与】東京都豊島区西巣鴨3-15-10ＵＫビル2階", "url": "https://www.kaigokensaku.mhlw.go.jp/13/index.php?action_kouhyou_detail_004_kani=true&JigyosyoCd=1371601954-00&ServiceCd=170&Type=search", "url2": "http://www.sun-care.jp" }, "geometry": { "type": "Point", "coordinates": [ 139.729606200000035, 35.7421137 ] } },
{ "type": "Feature", "properties": { "内容": "ケアフレンド・福祉用具【福祉用具貸与】東京都豊島区長崎4－１6－2", "url": "https://www.kaigokensaku.mhlw.go.jp/13/index.php?action_kouhyou_detail_004_kani=true&JigyosyoCd=1371603778-00&ServiceCd=170&Type=search", "url2": "http://care-net.biz/13/c-friend/" }, "geometry": { "type": "Point", "coordinates": [ 139.68579451079043, 35.72919498587072 ] } },
{ "type": "Feature", "properties": { "内容": "倭ケアサービス【福祉用具貸与】豊島区西池袋3-33-6SHKビル2階", "url": "https://www.kaigokensaku.mhlw.go.jp/13/index.php?action_kouhyou_detail_004_kani=true&JigyosyoCd=1371605682-00&ServiceCd=170&Type=search", "url2": "https://care-net.biz/13/nishiike/" }, "geometry": { "type": "Point", "coordinates": [ 139.704762665606694, 35.729554568701914 ] } },
{ "type": "Feature", "properties": { "内容": "グローバルサポート【福祉用具貸与】東京都豊島区東池袋2-49-9第2尾形ビル2階21号", "url": "https://www.kaigokensaku.mhlw.go.jp/13/index.php?action_kouhyou_detail_004_kani=true&JigyosyoCd=1371605716-00&ServiceCd=170&Type=search", "url2": null }, "geometry": { "type": "Point", "coordinates": [ 139.7202876, 35.7332211 ] } },
{ "type": "Feature", "properties": { "内容": "株式会社ミタカ目白営業所【福祉用具貸与】東京都豊島区高田2-18-23シャトー目白１F", "url": "https://www.kaigokensaku.mhlw.go.jp/13/index.php?action_kouhyou_detail_004_kani=true&JigyosyoCd=1371605757-00&ServiceCd=170&Type=search", "url2": "http://www.t-mitaka.com" }, "geometry": { "type": "Point", "coordinates": [ 139.7147924, 35.7181232 ] } },
{ "type": "Feature", "properties": { "内容": "eスコップ【福祉用具貸与】東京都豊島区東池袋4-24-8ビーバーズビル4階", "url": "https://www.kaigokensaku.mhlw.go.jp/13/index.php?action_kouhyou_detail_004_kani=true&JigyosyoCd=1371606029-00&ServiceCd=170&Type=search", "url2": "https://kaigo-scoop.com/" }, "geometry": { "type": "Point", "coordinates": [ 139.717376800000011, 35.7285581 ] } },
{ "type": "Feature", "properties": { "内容": "常ケアサポート【福祉用具貸与】東京都豊島区長崎1-11-19第2藤澤ローヤルコーポ3F", "url": "https://www.kaigokensaku.mhlw.go.jp/13/index.php?action_kouhyou_detail_004_kani=true&JigyosyoCd=1371606052-00&ServiceCd=170&Type=search", "url2": "https://www.jyo-kikou.com" }, "geometry": { "type": "Point", "coordinates": [ 139.696583003439827, 35.728252934404601 ] } },
{ "type": "Feature", "properties": { "内容": "SOMPOケア　豊島　福祉用具【福祉用具貸与】東京都豊島区東池袋5-44-15東信東池袋ビル4階", "url": "https://www.kaigokensaku.mhlw.go.jp/13/index.php?action_kouhyou_detail_004_kani=true&JigyosyoCd=1371605526-00&ServiceCd=170&Type=search", "url2": "https://www.soｍpocare.com/" }, "geometry": { "type": "Point", "coordinates": [ 139.726611166218532, 35.727816717897937 ] } },
{ "type": "Feature", "properties": { "内容": "セントケア　りまいん豊島【福祉用具貸与】東京都豊島区東池袋3-20-21広宣ビル2階", "url": "https://www.kaigokensaku.mhlw.go.jp/13/index.php?action_kouhyou_detail_004_kani=true&JigyosyoCd=1371604131-00&ServiceCd=170&Type=search", "url2": "https://www.saint-care.com/" }, "geometry": { "type": "Point", "coordinates": [ 139.720596581059226, 35.730159173416219 ] } },
{ "type": "Feature", "properties": { "内容": "株式会社ユーエスマネジメンツ　福祉用具事業所【福祉用具貸与】東京都豊島区池袋2丁目-69番-8号菅原ビル１階", "url": "https://www.kaigokensaku.mhlw.go.jp/13/index.php?action_kouhyou_detail_004_kani=true&JigyosyoCd=1371605377-00&ServiceCd=170&Type=search", "url2": "https://www.wheelchair88.jp/" }, "geometry": { "type": "Point", "coordinates": [ 139.708855299999982, 35.7358115 ] } },
{ "type": "Feature", "properties": { "内容": "HOPASSISTIVEDEVICES【福祉用具貸与】東京都北区上中里3-1-18", "url": "https://www.kaigokensaku.mhlw.go.jp/13/index.php?action_kouhyou_detail_004_kani=true&JigyosyoCd=1371706977-00&ServiceCd=170&Type=search", "url2": "http://hp.kaipoke.biz/ge5/" }, "geometry": { "type": "Point", "coordinates": [ 139.748543499999982, 35.7490548 ] } },
{ "type": "Feature", "properties": { "内容": "東京サンメディカル　赤羽営業所【福祉用具貸与】東京都北区赤羽台1－3－12ヌーヴェル赤羽台12号棟104号室", "url": "https://www.kaigokensaku.mhlw.go.jp/13/index.php?action_kouhyou_detail_004_kani=true&JigyosyoCd=1371707769-00&ServiceCd=170&Type=search", "url2": "https://t-sunme.jp/" }, "geometry": { "type": "Point", "coordinates": [ 139.7155056, 35.7786968 ] } },
{ "type": "Feature", "properties": { "内容": "株式会社　ヤマシタ　東京北営業所【福祉用具貸与】東京都北区堀船2‐9‐19荻中ビル2階", "url": "https://www.kaigokensaku.mhlw.go.jp/13/index.php?action_kouhyou_detail_004_kani=true&JigyosyoCd=1371707793-00&ServiceCd=170&Type=search", "url2": "https://www.ycota.jp/area/132387" }, "geometry": { "type": "Point", "coordinates": [ 139.7458682, 35.7528569 ] } },
{ "type": "Feature", "properties": { "内容": "介護用品ショップそれいゆ【福祉用具貸与】東京都北区田端新町1-22-5寿ビル1F", "url": "https://www.kaigokensaku.mhlw.go.jp/13/index.php?action_kouhyou_detail_004_kani=true&JigyosyoCd=1371705946-00&ServiceCd=170&Type=search", "url2": "http://www.nursenet.co.jp/index.html" }, "geometry": { "type": "Point", "coordinates": [ 139.7687869, 35.7383816 ] } },
{ "type": "Feature", "properties": { "内容": "かすみそう【福祉用具貸与】東京都北区滝野川3-86-2コーポ明和102", "url": "https://www.kaigokensaku.mhlw.go.jp/13/index.php?action_kouhyou_detail_004_kani=true&JigyosyoCd=1371707561-00&ServiceCd=170&Type=search", "url2": "https://hp.kaipoke.biz/vzz/169001/index_0005.html" }, "geometry": { "type": "Point", "coordinates": [ 139.7304958, 35.7509472 ] } },
{ "type": "Feature", "properties": { "内容": "区民介護株式会社ほのぼのステーション赤羽【福祉用具貸与】東京都北区赤羽西1-18-8アネックスワカマツ201", "url": "https://www.kaigokensaku.mhlw.go.jp/13/index.php?action_kouhyou_detail_004_kani=true&JigyosyoCd=1371700921-00&ServiceCd=170&Type=search", "url2": "http://kuminkaigo.jp/" }, "geometry": { "type": "Point", "coordinates": [ 139.717944666934272, 35.776407413024195 ] } },
{ "type": "Feature", "properties": { "内容": "株式会社　矢嶋商店　サポート王子【福祉用具貸与】東京都北区豊島3-1-13", "url": "https://www.kaigokensaku.mhlw.go.jp/13/index.php?action_kouhyou_detail_004_kani=true&JigyosyoCd=1371701549-00&ServiceCd=170&Type=search", "url2": null }, "geometry": { "type": "Point", "coordinates": [ 139.745120899999961, 35.7600231 ] } },
{ "type": "Feature", "properties": { "内容": "介護ショップTOKI【福祉用具貸与】東京都北区東十条3-12-3", "url": "https://www.kaigokensaku.mhlw.go.jp/13/index.php?action_kouhyou_detail_004_kani=true&JigyosyoCd=1371702752-00&ServiceCd=170&Type=search", "url2": null }, "geometry": { "type": "Point", "coordinates": [ 139.7317875, 35.7669781 ] } },
{ "type": "Feature", "properties": { "内容": "アトム介護ショップ【福祉用具貸与】東京都北区志茂１－２８－１３", "url": "https://www.kaigokensaku.mhlw.go.jp/13/index.php?action_kouhyou_detail_004_kani=true&JigyosyoCd=1371702984-00&ServiceCd=170&Type=search", "url2": null }, "geometry": { "type": "Point", "coordinates": [ 139.73030175547683, 35.777747858302334 ] } },
{ "type": "Feature", "properties": { "内容": "有限会社ユー・エム・サポート【福祉用具貸与】東京都北区上中里2-14-31F", "url": "https://www.kaigokensaku.mhlw.go.jp/13/index.php?action_kouhyou_detail_004_kani=true&JigyosyoCd=1371705649-00&ServiceCd=170&Type=search", "url2": "https://ums-aid.co.jp/" }, "geometry": { "type": "Point", "coordinates": [ 139.752223900000018, 35.7457788 ] } },
{ "type": "Feature", "properties": { "内容": "東京福祉サービス【福祉用具貸与】東京都北区東十条３－８－５", "url": "https://www.kaigokensaku.mhlw.go.jp/13/index.php?action_kouhyou_detail_004_kani=true&JigyosyoCd=1371705987-00&ServiceCd=170&Type=search", "url2": "http://www.t-fukushi.net/" }, "geometry": { "type": "Point", "coordinates": [ 139.731029033491836, 35.766289580733314 ] } },
{ "type": "Feature", "properties": { "内容": "福祉用具プランニング城北営業所【福祉用具貸与】東京都北区豊島3-7-1ミオマーレ豊島１階", "url": "https://www.kaigokensaku.mhlw.go.jp/13/index.php?action_kouhyou_detail_004_kani=true&JigyosyoCd=1371707306-00&ServiceCd=170&Type=search", "url2": "https://fukushiyouguplanning.jp/" }, "geometry": { "type": "Point", "coordinates": [ 139.745624698286434, 35.760517286934629 ] } },
{ "type": "Feature", "properties": { "内容": "ダスキンヘルスレント東京北ステーション【福祉用具貸与】東京都北区田端新町1丁目12-3", "url": "https://www.kaigokensaku.mhlw.go.jp/13/index.php?action_kouhyou_detail_004_kani=true&JigyosyoCd=1371707538-00&ServiceCd=170&Type=search", "url2": "https://healthrent.duskin.jp/station/tokyo/tokyokita.html" }, "geometry": { "type": "Point", "coordinates": [ 139.7658769, 35.7388713 ] } },
{ "type": "Feature", "properties": { "内容": "ケアウェル王子店【福祉用具貸与】東京都北区豊島5-4-1豊島五丁目団地105", "url": "https://www.kaigokensaku.mhlw.go.jp/13/index.php?action_kouhyou_detail_004_kani=true&JigyosyoCd=1370702480-00&ServiceCd=170&Type=search", "url2": "http://carewell.co.jp" }, "geometry": { "type": "Point", "coordinates": [ 139.751222877323897, 35.76483861298653 ] } },
{ "type": "Feature", "properties": { "内容": "さくら総合福祉【福祉用具貸与】東京都北区豊島8丁目6-3", "url": "https://www.kaigokensaku.mhlw.go.jp/13/index.php?action_kouhyou_detail_004_kani=true&JigyosyoCd=1371707645-00&ServiceCd=170&Type=search", "url2": "https://sakura-sf.com/" }, "geometry": { "type": "Point", "coordinates": [ 139.739392172952449, 35.764073255375322 ] } },
{ "type": "Feature", "properties": { "内容": "介護用品のハッコウ　板橋駅前【福祉用具貸与】東京都北区滝野川７－２２－５", "url": "https://www.kaigokensaku.mhlw.go.jp/13/index.php?action_kouhyou_detail_004_kani=true&JigyosyoCd=1372008142-00&ServiceCd=170&Type=search", "url2": "http://www.hakkogroup.jp/" }, "geometry": { "type": "Point", "coordinates": [ 139.721560547238681, 35.743419238970645 ] } },
{ "type": "Feature", "properties": { "内容": "ウメモトコーポレーション赤羽【福祉用具貸与】東京都北区赤羽北２丁目１４番３号細田ハイツ１０１号室", "url": "https://www.kaigokensaku.mhlw.go.jp/13/index.php?action_kouhyou_detail_004_kani=true&JigyosyoCd=1371704816-00&ServiceCd=170&Type=search", "url2": "http://umemoto.co.jp/" }, "geometry": { "type": "Point", "coordinates": [ 139.706355, 35.7845128 ] } },
{ "type": "Feature", "properties": { "内容": "アスケア福祉用具センター東京【福祉用具貸与】東京都北区志茂5-2-6", "url": "https://www.kaigokensaku.mhlw.go.jp/13/index.php?action_kouhyou_detail_004_kani=true&JigyosyoCd=1371705847-00&ServiceCd=170&Type=search", "url2": "https://www.as-care.co.jp/search/fukusi_service/fukusi_service01/103/" }, "geometry": { "type": "Point", "coordinates": [ 139.72925209999994, 35.7819476 ] } },
{ "type": "Feature", "properties": { "内容": "ニック株式会社東京北営業所【福祉用具貸与】東京都北区王子4-15-10", "url": "https://www.kaigokensaku.mhlw.go.jp/13/index.php?action_kouhyou_detail_004_kani=true&JigyosyoCd=1371704782-00&ServiceCd=170&Type=search", "url2": "http://www.nick-corp.com/" }, "geometry": { "type": "Point", "coordinates": [ 139.736221600000022, 35.7611561 ] } },
{ "type": "Feature", "properties": { "内容": "ケアラックス【福祉用具貸与】東京都荒川区南千住１－１５－４トリニティ三ノ輪ビル7F", "url": "https://www.kaigokensaku.mhlw.go.jp/13/index.php?action_kouhyou_detail_004_kani=true&JigyosyoCd=1371804939-00&ServiceCd=170&Type=search", "url2": "https://haruco.co.jp/" }, "geometry": { "type": "Point", "coordinates": [ 139.7923443, 35.7321382 ] } },
{ "type": "Feature", "properties": { "内容": "ユーアイ福祉用具【福祉用具貸与】東京都荒川区西尾久7-27-9ブラウンハウス103", "url": "https://www.kaigokensaku.mhlw.go.jp/13/index.php?action_kouhyou_detail_004_kani=true&JigyosyoCd=1371804053-00&ServiceCd=170&Type=search", "url2": "http://kaigo-ui.co.jp/" }, "geometry": { "type": "Point", "coordinates": [ 139.755381899999946, 35.7492965 ] } },
{ "type": "Feature", "properties": { "内容": "ホットステーションSUN【福祉用具貸与】東京都荒川区西日暮里6-8-8-2F", "url": "https://www.kaigokensaku.mhlw.go.jp/13/index.php?action_kouhyou_detail_004_kani=true&JigyosyoCd=1371802982-00&ServiceCd=170&Type=search", "url2": "https://www.care-planning.co.jp/" }, "geometry": { "type": "Point", "coordinates": [ 139.772632750092214, 35.736589035251221 ] } },
{ "type": "Feature", "properties": { "内容": "株式会社　ヨウコーほっとフレンド【福祉用具貸与】東京都荒川区東尾久3-4-5", "url": "https://www.kaigokensaku.mhlw.go.jp/13/index.php?action_kouhyou_detail_004_kani=true&JigyosyoCd=1371800432-00&ServiceCd=170&Type=search", "url2": "https://rehabili-youko.com/" }, "geometry": { "type": "Point", "coordinates": [ 139.774222099999946, 35.7452673 ] } },
{ "type": "Feature", "properties": { "内容": "パナソニックエイジフリーショップ　荒川台東【福祉用具貸与】東京都荒川区町屋八丁目２２番８号", "url": "https://www.kaigokensaku.mhlw.go.jp/13/index.php?action_kouhyou_detail_004_kani=true&JigyosyoCd=1371801174-00&ServiceCd=170&Type=search", "url2": "https://agefree-arakawa.com/" }, "geometry": { "type": "Point", "coordinates": [ 139.786693099999979, 35.745604 ] } },
{ "type": "Feature", "properties": { "内容": "しあわせステーション【福祉用具貸与】東京都荒川区荒川２丁目４６番５号あうるはうす", "url": "https://www.kaigokensaku.mhlw.go.jp/13/index.php?action_kouhyou_detail_004_kani=true&JigyosyoCd=1371801232-00&ServiceCd=170&Type=search", "url2": "https://ss-group9.wixsite.com/siawase" }, "geometry": { "type": "Point", "coordinates": [ 139.78186340000002, 35.7396795 ] } },
{ "type": "Feature", "properties": { "内容": "介護用品のハッコウ　荒川営業所【福祉用具貸与】東京都荒川区荒川三丁目３３番１号白興ビル", "url": "https://www.kaigokensaku.mhlw.go.jp/13/index.php?action_kouhyou_detail_004_kani=true&JigyosyoCd=1371801372-00&ServiceCd=170&Type=search", "url2": "http://www.hakkogroup.jp" }, "geometry": { "type": "Point", "coordinates": [ 139.781427600000029, 35.7354271 ] } },
{ "type": "Feature", "properties": { "内容": "あっぷるちよだ日暮里駅前店【福祉用具貸与】東京都荒川区西日暮里2-17-8千代田第2ビル２階", "url": "https://www.kaigokensaku.mhlw.go.jp/13/index.php?action_kouhyou_detail_004_kani=true&JigyosyoCd=1371801877-00&ServiceCd=170&Type=search", "url2": null }, "geometry": { "type": "Point", "coordinates": [ 139.7721259, 35.7292161 ] } },
{ "type": "Feature", "properties": { "内容": "シルバーはあと荒川【福祉用具貸与】東京都荒川区南千住２－３０－１０", "url": "https://www.kaigokensaku.mhlw.go.jp/13/index.php?action_kouhyou_detail_004_kani=true&JigyosyoCd=1371803873-00&ServiceCd=170&Type=search", "url2": "https://www.silver-heart.jp/" }, "geometry": { "type": "Point", "coordinates": [ 139.79789997976232, 35.729580941071383 ] } },
{ "type": "Feature", "properties": { "内容": "株式会社日本ドライ　介護用品のスマイル荒川営業所【福祉用具貸与】東京都荒川区町屋1-27-52階", "url": "https://www.kaigokensaku.mhlw.go.jp/13/index.php?action_kouhyou_detail_004_kani=true&JigyosyoCd=1371803998-00&ServiceCd=170&Type=search", "url2": "https://jp-dry.co.jp" }, "geometry": { "type": "Point", "coordinates": [ 139.783808387731597, 35.744518365439966 ] } },
{ "type": "Feature", "properties": { "内容": "株式会社メディケアフィールド　福祉用具メディサポ【福祉用具貸与】東京都荒川区東日暮里4-19-10第2CHビル2階", "url": "https://www.kaigokensaku.mhlw.go.jp/13/index.php?action_kouhyou_detail_004_kani=true&JigyosyoCd=1371804624-00&ServiceCd=170&Type=search", "url2": null }, "geometry": { "type": "Point", "coordinates": [ 139.780447, 35.7265238 ] } },
{ "type": "Feature", "properties": { "内容": "福祉用具ウィング　荒川【福祉用具貸与】東京都荒川区西尾久2－9－10", "url": "https://www.kaigokensaku.mhlw.go.jp/13/index.php?action_kouhyou_detail_004_kani=true&JigyosyoCd=1371804657-00&ServiceCd=170&Type=search", "url2": null }, "geometry": { "type": "Point", "coordinates": [ 139.765087665641431, 35.748619964739738 ] } },
{ "type": "Feature", "properties": { "内容": "大起エンゼルヘルプ【福祉用具貸与】東京都荒川区東尾久1-1-45階", "url": "https://www.kaigokensaku.mhlw.go.jp/13/index.php?action_kouhyou_detail_004_kani=true&JigyosyoCd=1371801133-00&ServiceCd=170&Type=search", "url2": "http://www.enzeru.co.jp" }, "geometry": { "type": "Point", "coordinates": [ 139.7728184, 35.738111600000018 ] } },
{ "type": "Feature", "properties": { "内容": "レインボーブリッジ板橋ケアセンター【福祉用具貸与】東京都板橋区板橋3－5-15", "url": "https://www.kaigokensaku.mhlw.go.jp/13/index.php?action_kouhyou_detail_004_kani=true&JigyosyoCd=1371903921-00&ServiceCd=170&Type=search", "url2": "http://www.rainbowbridge.co.jp/" }, "geometry": { "type": "Point", "coordinates": [ 139.712265600000023, 35.7506289 ] } },
{ "type": "Feature", "properties": { "内容": "株式会社山口サービス【福祉用具貸与】東京都板橋区蓮根一丁目4番8号", "url": "https://www.kaigokensaku.mhlw.go.jp/13/index.php?action_kouhyou_detail_004_kani=true&JigyosyoCd=1371911189-00&ServiceCd=170&Type=search", "url2": null }, "geometry": { "type": "Point", "coordinates": [ 139.677309599999944, 35.7788354 ] } },
{ "type": "Feature", "properties": { "内容": "株式会社トーカイ板橋営業所【福祉用具貸与】東京都板橋区徳丸7丁目27番1号ファミール高島平1階101号室", "url": "https://www.kaigokensaku.mhlw.go.jp/13/index.php?action_kouhyou_detail_004_kani=true&JigyosyoCd=1371912591-00&ServiceCd=170&Type=search", "url2": "https://www.tokai-corp.com" }, "geometry": { "type": "Point", "coordinates": [ 139.661531200000013, 35.7819728 ] } },
{ "type": "Feature", "properties": { "内容": "みちおい福祉用具【福祉用具貸与】東京都板橋区徳丸3-38-34ヒルサイドハイツB1F", "url": "https://www.kaigokensaku.mhlw.go.jp/13/index.php?action_kouhyou_detail_004_kani=true&JigyosyoCd=1371911882-00&ServiceCd=170&Type=search", "url2": "https://www.mitioisya.tokyo/" }, "geometry": { "type": "Point", "coordinates": [ 139.658778162426756, 35.774185882245462 ] } },
{ "type": "Feature", "properties": { "内容": "ハートケアサービス有限会社【福祉用具貸与】東京都板橋区南常盤台1-19-3シャトール常盤台1F", "url": "https://www.kaigokensaku.mhlw.go.jp/13/index.php?action_kouhyou_detail_004_kani=true&JigyosyoCd=1371900612-00&ServiceCd=170&Type=search", "url2": "http://hcs.hustle.ne.jp/" }, "geometry": { "type": "Point", "coordinates": [ 139.688273193115265, 35.757394672019721 ] } },
{ "type": "Feature", "properties": { "内容": "ベスト・ケアー　レンタル事業部【福祉用具貸与】東京都板橋区小茂根1丁目25番22101", "url": "https://www.kaigokensaku.mhlw.go.jp/13/index.php?action_kouhyou_detail_004_kani=true&JigyosyoCd=1371902360-00&ServiceCd=170&Type=search", "url2": "http://www.bestcare-kaigo.jp/" }, "geometry": { "type": "Point", "coordinates": [ 139.67773165463106, 35.747381665010643 ] } },
{ "type": "Feature", "properties": { "内容": "株式会社ハンドベル・ケア【福祉用具貸与】東京都板橋区舟渡１－１３－１０アイ・タワー３階", "url": "https://www.kaigokensaku.mhlw.go.jp/13/index.php?action_kouhyou_detail_004_kani=true&JigyosyoCd=1371902832-00&ServiceCd=170&Type=search", "url2": "http://www.handbell-care.com" }, "geometry": { "type": "Point", "coordinates": [ 139.699105, 35.7752949 ] } },
{ "type": "Feature", "properties": { "内容": "あずさわ福祉本舗【福祉用具貸与】東京都板橋区小豆沢１－７－１", "url": "https://www.kaigokensaku.mhlw.go.jp/13/index.php?action_kouhyou_detail_004_kani=true&JigyosyoCd=1371903673-00&ServiceCd=170&Type=search", "url2": "https://fukushiyouguplanning.jp" }, "geometry": { "type": "Point", "coordinates": [ 139.701066036645443, 35.773527445250778 ] } },
{ "type": "Feature", "properties": { "内容": "大谷口ケサービス福祉用具貸与事業所【福祉用具貸与】東京都板橋区大谷口北町６３－１１", "url": "https://www.kaigokensaku.mhlw.go.jp/13/index.php?action_kouhyou_detail_004_kani=true&JigyosyoCd=1371903863-00&ServiceCd=170&Type=search", "url2": null }, "geometry": { "type": "Point", "coordinates": [ 139.686817739996684, 35.749726903387426 ] } },
{ "type": "Feature", "properties": { "内容": "佐々木ケアサービス株式会社まごの手板橋店【福祉用具貸与】東京都板橋区双葉町１５－１３アシュレ双葉町1階", "url": "https://www.kaigokensaku.mhlw.go.jp/13/index.php?action_kouhyou_detail_004_kani=true&JigyosyoCd=1371904515-00&ServiceCd=170&Type=search", "url2": "http://www.magonote.com" }, "geometry": { "type": "Point", "coordinates": [ 139.695833599999986, 35.7579857 ] } },
{ "type": "Feature", "properties": { "内容": "スローステップ福祉用具事業所蓮根【福祉用具貸与】東京都板橋区蓮根2丁目17番7号", "url": "https://www.kaigokensaku.mhlw.go.jp/13/index.php?action_kouhyou_detail_004_kani=true&JigyosyoCd=1371904838-00&ServiceCd=170&Type=search", "url2": "http://www.slowstep2000.com" }, "geometry": { "type": "Point", "coordinates": [ 139.677042699336198, 35.782407966647483 ] } },
{ "type": "Feature", "properties": { "内容": "暮らしサポートすまいる先生【福祉用具貸与】東京都板橋区小豆沢2-20-4", "url": "https://www.kaigokensaku.mhlw.go.jp/13/index.php?action_kouhyou_detail_004_kani=true&JigyosyoCd=1371908482-00&ServiceCd=170&Type=search", "url2": "http://www.challenge-home.jp" }, "geometry": { "type": "Point", "coordinates": [ 139.697482900000068, 35.7761337 ] } },
{ "type": "Feature", "properties": { "内容": "はなまる介護【福祉用具貸与】東京都板橋区中板橋29-8クリテックビル3F", "url": "https://www.kaigokensaku.mhlw.go.jp/13/index.php?action_kouhyou_detail_004_kani=true&JigyosyoCd=1371908631-00&ServiceCd=170&Type=search", "url2": "https://870kaigo.com" }, "geometry": { "type": "Point", "coordinates": [ 139.69468089999998, 35.756508 ] } },
{ "type": "Feature", "properties": { "内容": "フランスベッド株式会社メディカル板橋営業所【福祉用具貸与】東京都板橋区本町39-10メゾンドジュリア101号", "url": "https://www.kaigokensaku.mhlw.go.jp/13/index.php?action_kouhyou_detail_004_kani=true&JigyosyoCd=1371909043-00&ServiceCd=170&Type=search", "url2": null }, "geometry": { "type": "Point", "coordinates": [ 139.706646089410469, 35.759225751143674 ] } },
{ "type": "Feature", "properties": { "内容": "ダスキンヘルスレント板橋ステーション【福祉用具貸与】東京都板橋区東新町1-43-12", "url": "https://www.kaigokensaku.mhlw.go.jp/13/index.php?action_kouhyou_detail_004_kani=true&JigyosyoCd=1371909852-00&ServiceCd=170&Type=search", "url2": "http://healthrent.duskin.jp/" }, "geometry": { "type": "Point", "coordinates": [ 139.682558045021779, 35.75677884288551 ] } },
{ "type": "Feature", "properties": { "内容": "株式会社　ヤマシタ　板橋営業所【福祉用具貸与】東京都板橋区泉町39-15", "url": "https://www.kaigokensaku.mhlw.go.jp/13/index.php?action_kouhyou_detail_004_kani=true&JigyosyoCd=1371910074-00&ServiceCd=170&Type=search", "url2": "http://www.ycota.jp/" }, "geometry": { "type": "Point", "coordinates": [ 139.7000712, 35.7668793 ] } },
{ "type": "Feature", "properties": { "内容": "株式会社フロンティア板橋営業所【福祉用具貸与】東京都板橋区仲町２２－１１", "url": "https://www.kaigokensaku.mhlw.go.jp/13/index.php?action_kouhyou_detail_004_kani=true&JigyosyoCd=1371911627-00&ServiceCd=170&Type=search", "url2": "https://www.frontier-ph.com/" }, "geometry": { "type": "Point", "coordinates": [ 139.6969009, 35.752132 ] } },
{ "type": "Feature", "properties": { "内容": "福祉用具事業所Ｒｅ：ＡＣＴＩＶＥ【福祉用具貸与】東京都板橋区大山金井町2-4パインメートⅡ１階", "url": "https://www.kaigokensaku.mhlw.go.jp/13/index.php?action_kouhyou_detail_004_kani=true&JigyosyoCd=1371911833-00&ServiceCd=170&Type=search", "url2": "https://www.medical-color.com/home-care/" }, "geometry": { "type": "Point", "coordinates": [ 139.7092773, 35.7462097 ] } },
{ "type": "Feature", "properties": { "内容": "株式会社　M＆Wサポート【福祉用具貸与】東京都板橋区前野町2-31-2101", "url": "https://www.kaigokensaku.mhlw.go.jp/13/index.php?action_kouhyou_detail_004_kani=true&JigyosyoCd=1371912211-00&ServiceCd=170&Type=search", "url2": "https://www.tshnet.or.jp/" }, "geometry": { "type": "Point", "coordinates": [ 139.689721600000013, 35.7655036 ] } },
{ "type": "Feature", "properties": { "内容": "ケーアイサポート福祉用具事業部【福祉用具貸与】東京都板橋区大和町１０番１１号パラストネオ板橋２０２", "url": "https://www.kaigokensaku.mhlw.go.jp/13/index.php?action_kouhyou_detail_004_kani=true&JigyosyoCd=1371905793-00&ServiceCd=170&Type=search", "url2": null }, "geometry": { "type": "Point", "coordinates": [ 139.706171499999982, 35.7587166 ] } },
{ "type": "Feature", "properties": { "内容": "シルバーサポート東京北店【福祉用具貸与】東京都板橋区宮本町44-6", "url": "https://www.kaigokensaku.mhlw.go.jp/13/index.php?action_kouhyou_detail_004_kani=true&JigyosyoCd=1371907963-00&ServiceCd=170&Type=search", "url2": "https://www.ramico.co.jp/" }, "geometry": { "type": "Point", "coordinates": [ 139.697841499999981, 35.7642935 ] } },
{ "type": "Feature", "properties": { "内容": "ケア21ライフプラス東京城北【福祉用具貸与】東京都板橋区大山西町９丁目３", "url": "https://www.kaigokensaku.mhlw.go.jp/13/index.php?action_kouhyou_detail_004_kani=true&JigyosyoCd=1372108629-00&ServiceCd=170&Type=search", "url2": "http://www.care21.co.jp" }, "geometry": { "type": "Point", "coordinates": [ 139.697952383931721, 35.747377890537322 ] } },
{ "type": "Feature", "properties": { "内容": "ぐうにいずケアセンター【福祉用具貸与】東京都板橋区西台4-8-13ヒラタビル2F", "url": "https://www.kaigokensaku.mhlw.go.jp/13/index.php?action_kouhyou_detail_004_kani=true&JigyosyoCd=1371911270-00&ServiceCd=170&Type=search", "url2": "http://gunizu.com/index.html" }, "geometry": { "type": "Point", "coordinates": [ 139.669019899999967, 35.7723555 ] } },
{ "type": "Feature", "properties": { "内容": "住環境デザイン練馬【福祉用具貸与】東京都練馬区関町南2-2-6善福寺コーポ103", "url": "https://www.kaigokensaku.mhlw.go.jp/13/index.php?action_kouhyou_detail_004_kani=true&JigyosyoCd=1372014710-00&ServiceCd=170&Type=search", "url2": null }, "geometry": { "type": "Point", "coordinates": [ 139.590963799999969, 35.7200132 ] } },
{ "type": "Feature", "properties": { "内容": "ゼコノライフサービス【福祉用具貸与】東京都練馬区関町東２－１３－３", "url": "https://www.kaigokensaku.mhlw.go.jp/13/index.php?action_kouhyou_detail_004_kani=true&JigyosyoCd=1371501121-00&ServiceCd=170&Type=search", "url2": "http://zekono.com/index.html" }, "geometry": { "type": "Point", "coordinates": [ 139.578605899999957, 35.7278083 ] } },
{ "type": "Feature", "properties": { "内容": "ホームアメニティゆとりな【福祉用具貸与】東京都練馬区南大泉1-13-14", "url": "https://www.kaigokensaku.mhlw.go.jp/13/index.php?action_kouhyou_detail_004_kani=true&JigyosyoCd=1372014207-00&ServiceCd=170&Type=search", "url2": "https://yutorina.jp/" }, "geometry": { "type": "Point", "coordinates": [ 139.575159899999989, 35.739039500000018 ] } },
{ "type": "Feature", "properties": { "内容": "ぱすてる光が丘【福祉用具貸与】東京都練馬区田柄4-1-18", "url": "https://www.kaigokensaku.mhlw.go.jp/13/index.php?action_kouhyou_detail_004_kani=true&JigyosyoCd=1372009140-00&ServiceCd=170&Type=search", "url2": "http://habitat-2006.co.jp" }, "geometry": { "type": "Point", "coordinates": [ 139.642439518385316, 35.762986863731008 ] } },
{ "type": "Feature", "properties": { "内容": "福祉用具ひまわり【福祉用具貸与】東京都練馬区豊玉北１－１２－１６", "url": "https://www.kaigokensaku.mhlw.go.jp/13/index.php?action_kouhyou_detail_004_kani=true&JigyosyoCd=1372010478-00&ServiceCd=170&Type=search", "url2": "http://www.shinseikai-cc.jp/" }, "geometry": { "type": "Point", "coordinates": [ 139.669127734957442, 35.734490234600983 ] } },
{ "type": "Feature", "properties": { "内容": "MearthsLink【福祉用具貸与】東京都練馬区下石神井六丁目30番11号第1石塚マンション205", "url": "https://www.kaigokensaku.mhlw.go.jp/13/index.php?action_kouhyou_detail_004_kani=true&JigyosyoCd=1372015105-00&ServiceCd=170&Type=search", "url2": null }, "geometry": { "type": "Point", "coordinates": [ 139.6043266, 35.7354313 ] } },
{ "type": "Feature", "properties": { "内容": "プラチナハウス練馬店【福祉用具貸与】東京都練馬区貫井2-11-6ﾌﾟﾚｰﾙ中村橋101", "url": "https://www.kaigokensaku.mhlw.go.jp/13/index.php?action_kouhyou_detail_004_kani=true&JigyosyoCd=1371601277-00&ServiceCd=170&Type=search", "url2": "http://lakes21.co.jp/" }, "geometry": { "type": "Point", "coordinates": [ 139.635067600000013, 35.739844 ] } },
{ "type": "Feature", "properties": { "内容": "株式会社　東基【福祉用具貸与】東京都練馬区貫井３―４１―１", "url": "https://www.kaigokensaku.mhlw.go.jp/13/index.php?action_kouhyou_detail_004_kani=true&JigyosyoCd=1372000271-00&ServiceCd=170&Type=search", "url2": "http://www.toki-net.co.jp" }, "geometry": { "type": "Point", "coordinates": [ 139.62989, 35.739739 ] } },
{ "type": "Feature", "properties": { "内容": "株式会社サンポー【福祉用具貸与】東京都練馬区豊玉中３丁目１番１５号", "url": "https://www.kaigokensaku.mhlw.go.jp/13/index.php?action_kouhyou_detail_004_kani=true&JigyosyoCd=1372000792-00&ServiceCd=170&Type=search", "url2": "http://www.sanpoh-med.co.jp" }, "geometry": { "type": "Point", "coordinates": [ 139.6558824, 35.7331099 ] } },
{ "type": "Feature", "properties": { "内容": "有限会社　ケアワーカー中ノ宮【福祉用具貸与】東京都練馬区春日町3-33-22中ノ宮ビル2F", "url": "https://www.kaigokensaku.mhlw.go.jp/13/index.php?action_kouhyou_detail_004_kani=true&JigyosyoCd=1372002129-00&ServiceCd=170&Type=search", "url2": "http://nakanomiya.co.jp" }, "geometry": { "type": "Point", "coordinates": [ 139.642518900000027, 35.7523601 ] } },
{ "type": "Feature", "properties": { "内容": "株式会社　早宮エンジニアリング【福祉用具貸与】東京都練馬区早宮1-29-15", "url": "https://www.kaigokensaku.mhlw.go.jp/13/index.php?action_kouhyou_detail_004_kani=true&JigyosyoCd=1372002475-00&ServiceCd=170&Type=search", "url2": "http://www.hayamiya-eng.com" }, "geometry": { "type": "Point", "coordinates": [ 139.658728800000063, 35.7502718 ] } },
{ "type": "Feature", "properties": { "内容": "有限会社オークステーション【福祉用具貸与】東京都練馬区練馬3-21-20", "url": "https://www.kaigokensaku.mhlw.go.jp/13/index.php?action_kouhyou_detail_004_kani=true&JigyosyoCd=1372003028-00&ServiceCd=170&Type=search", "url2": null }, "geometry": { "type": "Point", "coordinates": [ 139.6504632, 35.7395257 ] } },
{ "type": "Feature", "properties": { "内容": "つつじケア福祉用具貸与事業所【福祉用具貸与】東京都練馬区高野台5-38-17101", "url": "https://www.kaigokensaku.mhlw.go.jp/13/index.php?action_kouhyou_detail_004_kani=true&JigyosyoCd=1372004380-00&ServiceCd=170&Type=search", "url2": null }, "geometry": { "type": "Point", "coordinates": [ 139.609180199999969, 35.7498177 ] } },
{ "type": "Feature", "properties": { "内容": "フランスベッド株式会社　メディカル練馬営業所【福祉用具貸与】東京都練馬区中村北3-15-16タマルビル102", "url": "https://www.kaigokensaku.mhlw.go.jp/13/index.php?action_kouhyou_detail_004_kani=true&JigyosyoCd=1372006542-00&ServiceCd=170&Type=search", "url2": null }, "geometry": { "type": "Point", "coordinates": [ 139.639528199999972, 35.7366035 ] } },
{ "type": "Feature", "properties": { "内容": "ユーアイケアセンター【福祉用具貸与】東京都練馬区石神井町2-9-15リープ石神井4F", "url": "https://www.kaigokensaku.mhlw.go.jp/13/index.php?action_kouhyou_detail_004_kani=true&JigyosyoCd=1372008845-00&ServiceCd=170&Type=search", "url2": null }, "geometry": { "type": "Point", "coordinates": [ 139.610408199999938, 35.7444989 ] } },
{ "type": "Feature", "properties": { "内容": "里華バリー【福祉用具貸与】東京都練馬区貫井3丁目10番地3号", "url": "https://www.kaigokensaku.mhlw.go.jp/13/index.php?action_kouhyou_detail_004_kani=true&JigyosyoCd=1372010023-00&ServiceCd=170&Type=search", "url2": "http://from-ent.com/rikabari-/home.html" }, "geometry": { "type": "Point", "coordinates": [ 139.62888190000001, 35.7361866 ] } },
{ "type": "Feature", "properties": { "内容": "スペースケア練馬営業所【福祉用具貸与】東京都練馬区高松6-19-25", "url": "https://www.kaigokensaku.mhlw.go.jp/13/index.php?action_kouhyou_detail_004_kani=true&JigyosyoCd=1372010056-00&ServiceCd=170&Type=search", "url2": "http://www.spacecare.co.jp" }, "geometry": { "type": "Point", "coordinates": [ 139.616141974279799, 35.759419871439398 ] } },
{ "type": "Feature", "properties": { "内容": "ほっと・ライフサービス【福祉用具貸与】東京都練馬区氷川台3-19-7井垣ビル2F", "url": "https://www.kaigokensaku.mhlw.go.jp/13/index.php?action_kouhyou_detail_004_kani=true&JigyosyoCd=1372010197-00&ServiceCd=170&Type=search", "url2": "http://hotspace.co.jp" }, "geometry": { "type": "Point", "coordinates": [ 139.668925100000024, 35.7505108 ] } },
{ "type": "Feature", "properties": { "内容": "株式会社　フロンティア　練馬営業所【福祉用具貸与】東京都練馬区南田中3-28-20", "url": "https://www.kaigokensaku.mhlw.go.jp/13/index.php?action_kouhyou_detail_004_kani=true&JigyosyoCd=1372010403-00&ServiceCd=170&Type=search", "url2": "http://www.frontier-ph.com" }, "geometry": { "type": "Point", "coordinates": [ 139.615377500000022, 35.7372944 ] } },
{ "type": "Feature", "properties": { "内容": "株式会社ヤマシタ　練馬営業所【福祉用具貸与】東京都練馬区谷原2-5-5", "url": "https://www.kaigokensaku.mhlw.go.jp/13/index.php?action_kouhyou_detail_004_kani=true&JigyosyoCd=1372010502-00&ServiceCd=170&Type=search", "url2": "http://www.yco.co.jp" }, "geometry": { "type": "Point", "coordinates": [ 139.616253300000039, 35.7495745 ] } },
{ "type": "Feature", "properties": { "内容": "FreeLife【福祉用具貸与】東京都練馬区錦一丁目24番地16号", "url": "https://www.kaigokensaku.mhlw.go.jp/13/index.php?action_kouhyou_detail_004_kani=true&JigyosyoCd=1372011385-00&ServiceCd=170&Type=search", "url2": "https://www.freelifefukusiyougu.com/" }, "geometry": { "type": "Point", "coordinates": [ 139.670383, 35.760137600000014 ] } },
{ "type": "Feature", "properties": { "内容": "コミュニティ・ケア【福祉用具貸与】東京都練馬区西大泉3-26-15さかえやビル2階", "url": "https://www.kaigokensaku.mhlw.go.jp/13/index.php?action_kouhyou_detail_004_kani=true&JigyosyoCd=1372011823-00&ServiceCd=170&Type=search", "url2": "http://www.communitycare-ooizumi.co.jp" }, "geometry": { "type": "Point", "coordinates": [ -8.24389, 53.41291 ] } },
{ "type": "Feature", "properties": { "内容": "福祉用具青空【福祉用具貸与】東京都練馬区西大泉6-14-20３階", "url": "https://www.kaigokensaku.mhlw.go.jp/13/index.php?action_kouhyou_detail_004_kani=true&JigyosyoCd=1372011898-00&ServiceCd=170&Type=search", "url2": "http://www.aozora-sun.co.jp" }, "geometry": { "type": "Point", "coordinates": [ 139.5663472, 35.7611206 ] } },
{ "type": "Feature", "properties": { "内容": "まごころ練馬営業所【福祉用具貸与】東京都練馬区南大泉４－３８－５１０１", "url": "https://www.kaigokensaku.mhlw.go.jp/13/index.php?action_kouhyou_detail_004_kani=true&JigyosyoCd=1372012003-00&ServiceCd=170&Type=search", "url2": null }, "geometry": { "type": "Point", "coordinates": [ 139.576284300000026, 35.748888 ] } },
{ "type": "Feature", "properties": { "内容": "T'sライト【福祉用具貸与】東京都練馬区西大泉5-17-1ジュノー・ムカイ101", "url": "https://www.kaigokensaku.mhlw.go.jp/13/index.php?action_kouhyou_detail_004_kani=true&JigyosyoCd=1372012771-00&ServiceCd=170&Type=search", "url2": null }, "geometry": { "type": "Point", "coordinates": [ 139.56923340000003, 35.755429700000015 ] } },
{ "type": "Feature", "properties": { "内容": "アサヒサンクリーン福祉用具センター練馬【福祉用具貸与】東京都練馬区貫井2-28-4リスタアビル1階", "url": "https://www.kaigokensaku.mhlw.go.jp/13/index.php?action_kouhyou_detail_004_kani=true&JigyosyoCd=1372013704-00&ServiceCd=170&Type=search", "url2": "https://www.asahi-sun-clean.co.jp/" }, "geometry": { "type": "Point", "coordinates": [ 139.6355088, 35.7406193 ] } },
{ "type": "Feature", "properties": { "内容": "西川株式会社／ネーブルハウス練馬事業所【福祉用具貸与】東京都練馬区石神井町二丁目33-27石神井ファインレジデンス103", "url": "https://www.kaigokensaku.mhlw.go.jp/13/index.php?action_kouhyou_detail_004_kani=true&JigyosyoCd=1372013894-00&ServiceCd=170&Type=search", "url2": "https://nablehouse.co.jp" }, "geometry": { "type": "Point", "coordinates": [ 139.607439199999988, 35.7492668 ] } },
{ "type": "Feature", "properties": { "内容": "ねくすと【福祉用具貸与】東京都練馬区高松3-7-17フレグランス光が丘106", "url": "https://www.kaigokensaku.mhlw.go.jp/13/index.php?action_kouhyou_detail_004_kani=true&JigyosyoCd=1371405596-00&ServiceCd=170&Type=search", "url2": "http://www.next-fukushi.com" }, "geometry": { "type": "Point", "coordinates": [ 139.62684, 35.74757180000001 ] } },
{ "type": "Feature", "properties": { "内容": "株式会社ケアサービス伊東　福祉用具貸与・販売【福祉用具貸与】東京都練馬区早宮2－16－26", "url": "https://www.kaigokensaku.mhlw.go.jp/13/index.php?action_kouhyou_detail_004_kani=true&JigyosyoCd=1372002038-00&ServiceCd=170&Type=search", "url2": "http://www.careservice-ito.com" }, "geometry": { "type": "Point", "coordinates": [ 139.654681699999969, 35.7567238 ] } },
{ "type": "Feature", "properties": { "内容": "株式会社　ダスキン光和　ダスキンヘルスレント練馬ステーション【福祉用具貸与】東京都練馬区氷川台4-36-16", "url": "https://www.kaigokensaku.mhlw.go.jp/13/index.php?action_kouhyou_detail_004_kani=true&JigyosyoCd=1372005783-00&ServiceCd=170&Type=search", "url2": "http://healthrent.duskin.jp" }, "geometry": { "type": "Point", "coordinates": [ 139.664450331877077, 35.755340060018909 ] } },
{ "type": "Feature", "properties": { "内容": "セントケアりまいん練馬【福祉用具貸与】東京都練馬区南田中3-6-12大沢ビル1Ｆ", "url": "https://www.kaigokensaku.mhlw.go.jp/13/index.php?action_kouhyou_detail_004_kani=true&JigyosyoCd=1372007862-00&ServiceCd=170&Type=search", "url2": null }, "geometry": { "type": "Point", "coordinates": [ 139.6202353, 35.7383305 ] } },
{ "type": "Feature", "properties": { "内容": "SOMPOケア練馬福祉用具【福祉用具貸与】東京都練馬区豊玉北4-11-10東洋ライス東日本ビル1階", "url": "https://www.kaigokensaku.mhlw.go.jp/13/index.php?action_kouhyou_detail_004_kani=true&JigyosyoCd=1372012540-00&ServiceCd=170&Type=search", "url2": "https://www.sompocare.com" }, "geometry": { "type": "Point", "coordinates": [ 139.658970962153774, 35.735262976786721 ] } },
{ "type": "Feature", "properties": { "内容": "陽だまり　福祉用具【福祉用具貸与】東京都練馬区南大泉1-26-10", "url": "https://www.kaigokensaku.mhlw.go.jp/13/index.php?action_kouhyou_detail_004_kani=true&JigyosyoCd=1375424734-00&ServiceCd=170&Type=search", "url2": "https://tanashi-hidamari.com" }, "geometry": { "type": "Point", "coordinates": [ 139.5744229, 35.741288499999982 ] } },
{ "type": "Feature", "properties": { "内容": "まっかな花　練馬【福祉用具貸与】東京都練馬区中村北4-8-30田代ビル2F", "url": "https://www.kaigokensaku.mhlw.go.jp/13/index.php?action_kouhyou_detail_004_kani=true&JigyosyoCd=1372007854-00&ServiceCd=170&Type=search", "url2": null }, "geometry": { "type": "Point", "coordinates": [ 139.637572800000044, 35.735928500000014 ] } },
{ "type": "Feature", "properties": { "内容": "ニック株式会社　練馬営業所【福祉用具貸与】東京都練馬区田柄４丁目４５－５", "url": "https://www.kaigokensaku.mhlw.go.jp/13/index.php?action_kouhyou_detail_004_kani=true&JigyosyoCd=1372009652-00&ServiceCd=170&Type=search", "url2": "http://www.nick-corp.com" }, "geometry": { "type": "Point", "coordinates": [ 139.63396083558203, 35.764643677229657 ] } },
{ "type": "Feature", "properties": { "内容": "生活ぷらす東京支店【福祉用具貸与】東京都練馬区関町南3-6-11パークヒルズ武蔵関１階", "url": "https://www.kaigokensaku.mhlw.go.jp/13/index.php?action_kouhyou_detail_004_kani=true&JigyosyoCd=1372015162-00&ServiceCd=170&Type=search", "url2": null }, "geometry": { "type": "Point", "coordinates": [ 139.582017160713207, 35.722461726946513 ] } },
{ "type": "Feature", "properties": { "内容": "株式会社トーカイ　練馬営業所【福祉用具貸与】東京都練馬区春日町1丁目17番19号", "url": "https://www.kaigokensaku.mhlw.go.jp/13/index.php?action_kouhyou_detail_004_kani=true&JigyosyoCd=1372013274-00&ServiceCd=170&Type=search", "url2": "https://www.tokai-corp.com/" }, "geometry": { "type": "Point", "coordinates": [ 139.646165700000012, 35.7493103 ] } },
{ "type": "Feature", "properties": { "内容": "気宇【福祉用具貸与】東京都足立区扇1-44-3", "url": "https://www.kaigokensaku.mhlw.go.jp/13/index.php?action_kouhyou_detail_004_kani=true&JigyosyoCd=1372114429-00&ServiceCd=170&Type=search", "url2": null }, "geometry": { "type": "Point", "coordinates": [ 139.7767192, 35.7661503 ] } },
{ "type": "Feature", "properties": { "内容": "あかつき【福祉用具貸与】東京都足立区竹の塚4-2-7アーク竹ノ塚マンション101号室", "url": "https://www.kaigokensaku.mhlw.go.jp/13/index.php?action_kouhyou_detail_004_kani=true&JigyosyoCd=1372114486-00&ServiceCd=170&Type=search", "url2": null }, "geometry": { "type": "Point", "coordinates": [ 139.801837300000017, 35.7944211 ] } },
{ "type": "Feature", "properties": { "内容": "株式会社　星医療酸器　東京事業所【福祉用具貸与】東京都足立区入谷７－１１－１２", "url": "https://www.kaigokensaku.mhlw.go.jp/13/index.php?action_kouhyou_detail_004_kani=true&JigyosyoCd=1372104081-00&ServiceCd=170&Type=search", "url2": "http://www.hosi.co.jp" }, "geometry": { "type": "Point", "coordinates": [ 139.758321, 35.8025511 ] } },
{ "type": "Feature", "properties": { "内容": "ベストサポート【福祉用具貸与】東京都足立区舎人3-1-9", "url": "https://www.kaigokensaku.mhlw.go.jp/13/index.php?action_kouhyou_detail_004_kani=true&JigyosyoCd=1372114536-00&ServiceCd=170&Type=search", "url2": null }, "geometry": { "type": "Point", "coordinates": [ 139.7749626, 35.8097756 ] } },
{ "type": "Feature", "properties": { "内容": "福祉用具ケアろぐ【福祉用具貸与】東京都足立区鹿浜2-25-1301", "url": "https://www.kaigokensaku.mhlw.go.jp/13/index.php?action_kouhyou_detail_004_kani=true&JigyosyoCd=1372114676-00&ServiceCd=170&Type=search", "url2": "https://www.carelog2021.com" }, "geometry": { "type": "Point", "coordinates": [ 139.7508398, 35.7800958 ] } },
{ "type": "Feature", "properties": { "内容": "有限会社東関東ｻｰﾋﾞｽ東京支店【福祉用具貸与】東京都足立区辰沼2-6-10", "url": "https://www.kaigokensaku.mhlw.go.jp/13/index.php?action_kouhyou_detail_004_kani=true&JigyosyoCd=1372114767-00&ServiceCd=170&Type=search", "url2": null }, "geometry": { "type": "Point", "coordinates": [ 139.835202900000013, 35.788539 ] } },
{ "type": "Feature", "properties": { "内容": "日介センター竹の塚【福祉用具貸与】東京都足立区竹の塚5-1-14", "url": "https://www.kaigokensaku.mhlw.go.jp/13/index.php?action_kouhyou_detail_004_kani=true&JigyosyoCd=1372114833-00&ServiceCd=170&Type=search", "url2": null }, "geometry": { "type": "Point", "coordinates": [ 139.797676700000011, 35.7936408 ] } },
{ "type": "Feature", "properties": { "内容": "ベストリハ福祉用具事業所北千住【福祉用具貸与】東京都足立区千住2-3吾妻ビル6階", "url": "https://www.kaigokensaku.mhlw.go.jp/13/index.php?action_kouhyou_detail_004_kani=true&JigyosyoCd=1371804723-00&ServiceCd=170&Type=search", "url2": "https://bestreha.com/facility/facility-10537/" }, "geometry": { "type": "Point", "coordinates": [ 139.799816600000042, 35.7494759 ] } },
{ "type": "Feature", "properties": { "内容": "OHIケアサービス【福祉用具貸与】東京都足立区保木間3-35-1サンステージ竹ノ塚202", "url": "https://www.kaigokensaku.mhlw.go.jp/13/index.php?action_kouhyou_detail_004_kani=true&JigyosyoCd=1372111706-00&ServiceCd=170&Type=search", "url2": "http://hp.kaipoke.biz/fte/" }, "geometry": { "type": "Point", "coordinates": [ 139.8102584, 35.79555 ] } },
{ "type": "Feature", "properties": { "内容": "株式会社セリオ　東京北営業所【福祉用具貸与】東京都足立区綾瀬6-16-161F", "url": "https://www.kaigokensaku.mhlw.go.jp/13/index.php?action_kouhyou_detail_004_kani=true&JigyosyoCd=1370704379-00&ServiceCd=170&Type=search", "url2": "http://serio888.net" }, "geometry": { "type": "Point", "coordinates": [ 139.825130052834623, 35.770448022008324 ] } },
{ "type": "Feature", "properties": { "内容": "やさしい手　住環境事業本部　東営業所【福祉用具貸与】東京都足立区一ツ家1-22-21ウェルズ足立ﾊﾟｰﾄⅠ", "url": "https://www.kaigokensaku.mhlw.go.jp/13/index.php?action_kouhyou_detail_004_kani=true&JigyosyoCd=1371801885-00&ServiceCd=170&Type=search", "url2": "http://www.yasashiite.com" }, "geometry": { "type": "Point", "coordinates": [ 139.808956, 35.7829024 ] } },
{ "type": "Feature", "properties": { "内容": "株式会社ウメモトコーポレーション　介護用品の店　梅元【福祉用具貸与】東京都足立区西新井栄町３丁目３番８号", "url": "https://www.kaigokensaku.mhlw.go.jp/13/index.php?action_kouhyou_detail_004_kani=true&JigyosyoCd=1372100592-00&ServiceCd=170&Type=search", "url2": "http://www.umemoto.co.jp" }, "geometry": { "type": "Point", "coordinates": [ 139.784506781614709, 35.775886130158909 ] } },
{ "type": "Feature", "properties": { "内容": "有限会社　福祉の家【福祉用具貸与】東京都足立区入谷4-17-18", "url": "https://www.kaigokensaku.mhlw.go.jp/13/index.php?action_kouhyou_detail_004_kani=true&JigyosyoCd=1372100659-00&ServiceCd=170&Type=search", "url2": "http://www.fukushinoie.co.jp" }, "geometry": { "type": "Point", "coordinates": [ 139.759347423865165, 35.807752906515589 ] } },
{ "type": "Feature", "properties": { "内容": "まごの手本店【福祉用具貸与】東京都足立区足立4丁目37番11号", "url": "https://www.kaigokensaku.mhlw.go.jp/13/index.php?action_kouhyou_detail_004_kani=true&JigyosyoCd=1372100733-00&ServiceCd=170&Type=search", "url2": "http://www.magonote.com" }, "geometry": { "type": "Point", "coordinates": [ 139.808229, 35.7653935 ] } },
{ "type": "Feature", "properties": { "内容": "城北介護センター【福祉用具貸与】東京都足立区千住宮元町30番4号", "url": "https://www.kaigokensaku.mhlw.go.jp/13/index.php?action_kouhyou_detail_004_kani=true&JigyosyoCd=1372101152-00&ServiceCd=170&Type=search", "url2": "http://www.jyohokukaigo.com" }, "geometry": { "type": "Point", "coordinates": [ 139.795206199999939, 35.7490122 ] } },
{ "type": "Feature", "properties": { "内容": "介護用品の店ゆいま～る【福祉用具貸与】東京都足立区千住中居町１２-６", "url": "https://www.kaigokensaku.mhlw.go.jp/13/index.php?action_kouhyou_detail_004_kani=true&JigyosyoCd=1372101178-00&ServiceCd=170&Type=search", "url2": "http://www.kaigo-yuimaru.co.jp/" }, "geometry": { "type": "Point", "coordinates": [ 139.797080128572134, 35.749026777709595 ] } },
{ "type": "Feature", "properties": { "内容": "介護ショップ　ペンギン【福祉用具貸与】東京都足立区梅島1丁目9番5号", "url": "https://www.kaigokensaku.mhlw.go.jp/13/index.php?action_kouhyou_detail_004_kani=true&JigyosyoCd=1372101673-00&ServiceCd=170&Type=search", "url2": "https://www.carefriend.co.jp" }, "geometry": { "type": "Point", "coordinates": [ 139.798962818441595, 35.772105743222745 ] } },
{ "type": "Feature", "properties": { "内容": "株式会社あおばライフケア【福祉用具貸与】東京都足立区梅島３－３３－１", "url": "https://www.kaigokensaku.mhlw.go.jp/13/index.php?action_kouhyou_detail_004_kani=true&JigyosyoCd=1372102804-00&ServiceCd=170&Type=search", "url2": "https://aoba-lifecare.com/" }, "geometry": { "type": "Point", "coordinates": [ 139.79227149999997, 35.777958600000019 ] } },
{ "type": "Feature", "properties": { "内容": "ホットプランニング足立有限会社介護支援事業部【福祉用具貸与】東京都足立区綾瀬5-7-9シティービル1階", "url": "https://www.kaigokensaku.mhlw.go.jp/13/index.php?action_kouhyou_detail_004_kani=true&JigyosyoCd=1372103034-00&ServiceCd=170&Type=search", "url2": "https://hotplanning.co.jp/" }, "geometry": { "type": "Point", "coordinates": [ 139.825155, 35.7686265 ] } },
{ "type": "Feature", "properties": { "内容": "ヒラタ【福祉用具貸与】東京都足立区鹿浜8-11-5ロイヤルハイム小松原105号室", "url": "https://www.kaigokensaku.mhlw.go.jp/13/index.php?action_kouhyou_detail_004_kani=true&JigyosyoCd=1372104719-00&ServiceCd=170&Type=search", "url2": null }, "geometry": { "type": "Point", "coordinates": [ 139.762113199999931, 35.7882922 ] } },
{ "type": "Feature", "properties": { "内容": "まっかな花【福祉用具貸与】東京都足立区谷中２丁目７番１３号", "url": "https://www.kaigokensaku.mhlw.go.jp/13/index.php?action_kouhyou_detail_004_kani=true&JigyosyoCd=1372105021-00&ServiceCd=170&Type=search", "url2": null }, "geometry": { "type": "Point", "coordinates": [ 139.832584600000018, 35.7768534 ] } },
{ "type": "Feature", "properties": { "内容": "介護用品の店　いきいき【福祉用具貸与】東京都足立区西新井5-42-16", "url": "https://www.kaigokensaku.mhlw.go.jp/13/index.php?action_kouhyou_detail_004_kani=true&JigyosyoCd=1372105062-00&ServiceCd=170&Type=search", "url2": "https://ikiiki-support.co.jp/" }, "geometry": { "type": "Point", "coordinates": [ 139.779126499999961, 35.7858758 ] } },
{ "type": "Feature", "properties": { "内容": "ﾚﾝﾀﾙｻｰﾋﾞｽソラスト東東京【福祉用具貸与】東京都足立区竹の塚1-30-20泰尚ﾋﾞﾙ3F", "url": "https://www.kaigokensaku.mhlw.go.jp/13/index.php?action_kouhyou_detail_004_kani=true&JigyosyoCd=1372107456-00&ServiceCd=170&Type=search", "url2": null }, "geometry": { "type": "Point", "coordinates": [ 139.7918072, 35.7922624 ] } },
{ "type": "Feature", "properties": { "内容": "株式会社　まごころ【福祉用具貸与】東京都足立区関原3-33-5", "url": "https://www.kaigokensaku.mhlw.go.jp/13/index.php?action_kouhyou_detail_004_kani=true&JigyosyoCd=1372107589-00&ServiceCd=170&Type=search", "url2": null }, "geometry": { "type": "Point", "coordinates": [ 139.785742342991654, 35.772250266298919 ] } },
{ "type": "Feature", "properties": { "内容": "フランスベッド株式会社　メディカル足立営業所【福祉用具貸与】東京都足立区宮城1-4-3", "url": "https://www.kaigokensaku.mhlw.go.jp/13/index.php?action_kouhyou_detail_004_kani=true&JigyosyoCd=1372107654-00&ServiceCd=170&Type=search", "url2": "http://www.francebed.co.jp" }, "geometry": { "type": "Point", "coordinates": [ 139.753888054228383, 35.756681631058683 ] } },
{ "type": "Feature", "properties": { "内容": "らいふケア【福祉用具貸与】東京都足立区花畑5-2-8", "url": "https://www.kaigokensaku.mhlw.go.jp/13/index.php?action_kouhyou_detail_004_kani=true&JigyosyoCd=1372109155-00&ServiceCd=170&Type=search", "url2": null }, "geometry": { "type": "Point", "coordinates": [ 139.803904314974943, 35.806580010846403 ] } },
{ "type": "Feature", "properties": { "内容": "株式会社　フロンティア　足立営業所【福祉用具貸与】東京都足立区竹の塚１－２７－１", "url": "https://www.kaigokensaku.mhlw.go.jp/13/index.php?action_kouhyou_detail_004_kani=true&JigyosyoCd=1372109338-00&ServiceCd=170&Type=search", "url2": "http://www.ｆrontier-ph.com/" }, "geometry": { "type": "Point", "coordinates": [ 139.790552103188361, 35.792143262513584 ] } },
{ "type": "Feature", "properties": { "内容": "介護用品のハッコウ　足立営業所【福祉用具貸与】東京都足立区南花畑2-46-6", "url": "https://www.kaigokensaku.mhlw.go.jp/13/index.php?action_kouhyou_detail_004_kani=true&JigyosyoCd=1372111748-00&ServiceCd=170&Type=search", "url2": null }, "geometry": { "type": "Point", "coordinates": [ 139.818339480950925, 35.793669570979581 ] } },
{ "type": "Feature", "properties": { "内容": "あっぷけあ大師参道【福祉用具貸与】東京都足立区西新井1-8-2サイトウビル1階", "url": "https://www.kaigokensaku.mhlw.go.jp/13/index.php?action_kouhyou_detail_004_kani=true&JigyosyoCd=1372112639-00&ServiceCd=170&Type=search", "url2": "https://upcare.co.jp/pg3583578.html" }, "geometry": { "type": "Point", "coordinates": [ 139.779326200000014, 35.778646 ] } },
{ "type": "Feature", "properties": { "内容": "株式会社福祉協同サービス　足立営業所【福祉用具貸与】東京都足立区柳原1-7-10", "url": "https://www.kaigokensaku.mhlw.go.jp/13/index.php?action_kouhyou_detail_004_kani=true&JigyosyoCd=1372113124-00&ServiceCd=170&Type=search", "url2": "http://www.fukushi-ks.com" }, "geometry": { "type": "Point", "coordinates": [ 139.812122049251769, 35.746501679162797 ] } },
{ "type": "Feature", "properties": { "内容": "株式会社アットホーム　足立営業所【福祉用具貸与】東京都足立区六月２丁目３２番７号", "url": "https://www.kaigokensaku.mhlw.go.jp/13/index.php?action_kouhyou_detail_004_kani=true&JigyosyoCd=1372113579-00&ServiceCd=170&Type=search", "url2": "http://www.rsr-athome.com" }, "geometry": { "type": "Point", "coordinates": [ 139.7944468, 35.7879506 ] } },
{ "type": "Feature", "properties": { "内容": "ダスキンヘルスレント足立ステーション【福祉用具貸与】東京都足立区六月1-13-7", "url": "https://www.kaigokensaku.mhlw.go.jp/13/index.php?action_kouhyou_detail_004_kani=true&JigyosyoCd=1372113611-00&ServiceCd=170&Type=search", "url2": "https://healthrent.duskin.jp/station/tokyo/adachi.html" }, "geometry": { "type": "Point", "coordinates": [ 139.7979882, 35.786444 ] } },
{ "type": "Feature", "properties": { "内容": "福祉用具ファストキャスト【福祉用具貸与】東京都足立区六町2-7-17102", "url": "https://www.kaigokensaku.mhlw.go.jp/13/index.php?action_kouhyou_detail_004_kani=true&JigyosyoCd=1372113983-00&ServiceCd=170&Type=search", "url2": null }, "geometry": { "type": "Point", "coordinates": [ 139.818083699999988, 35.7839681 ] } },
{ "type": "Feature", "properties": { "内容": "介護の一休【福祉用具貸与】東京都足立区南花畑四丁目17番8号アエル2階", "url": "https://www.kaigokensaku.mhlw.go.jp/13/index.php?action_kouhyou_detail_004_kani=true&JigyosyoCd=1372104867-00&ServiceCd=170&Type=search", "url2": "http://www.yohei-care.com/" }, "geometry": { "type": "Point", "coordinates": [ 139.818432499999972, 35.7973924 ] } },
{ "type": "Feature", "properties": { "内容": "株式会社　苑田メディコ【福祉用具貸与】東京都足立区西保木間1-8-7", "url": "https://www.kaigokensaku.mhlw.go.jp/13/index.php?action_kouhyou_detail_004_kani=true&JigyosyoCd=1372107597-00&ServiceCd=170&Type=search", "url2": "http://www.sonoda-medico.com/" }, "geometry": { "type": "Point", "coordinates": [ 139.799257295988525, 35.795013496677406 ] } },
{ "type": "Feature", "properties": { "内容": "あっぷけあ足立西【福祉用具貸与】東京都足立区西新井1-5-3ウィステリア大師前2階", "url": "https://www.kaigokensaku.mhlw.go.jp/13/index.php?action_kouhyou_detail_004_kani=true&JigyosyoCd=1372112266-00&ServiceCd=170&Type=search", "url2": "http://www.upcare.co.jp/" }, "geometry": { "type": "Point", "coordinates": [ 139.780403376266236, 35.778446837881866 ] } },
{ "type": "Feature", "properties": { "内容": "LIFEマネジメント【福祉用具貸与】東京都足立区竹の塚6-22-2ドリームコート201", "url": "https://www.kaigokensaku.mhlw.go.jp/13/index.php?action_kouhyou_detail_004_kani=true&JigyosyoCd=1372114874-00&ServiceCd=170&Type=search", "url2": "https://mgmt-life.jp/" }, "geometry": { "type": "Point", "coordinates": [ 139.7938773, 35.7964771 ] } },
{ "type": "Feature", "properties": { "内容": "のるでん【福祉用具貸与】東京都足立区柳原1-11-11", "url": "https://www.kaigokensaku.mhlw.go.jp/13/index.php?action_kouhyou_detail_004_kani=true&JigyosyoCd=1372114114-00&ServiceCd=170&Type=search", "url2": "http://scr.tokyo.jp" }, "geometry": { "type": "Point", "coordinates": [ 139.8141274, 35.7469001 ] } },
{ "type": "Feature", "properties": { "内容": "スマイルおきの【福祉用具貸与】東京都足立区興野1-14-8", "url": "https://www.kaigokensaku.mhlw.go.jp/13/index.php?action_kouhyou_detail_004_kani=true&JigyosyoCd=1372114171-00&ServiceCd=170&Type=search", "url2": "https://www.smile-okino.com" }, "geometry": { "type": "Point", "coordinates": [ 139.780799, 35.7691378 ] } },
{ "type": "Feature", "properties": { "内容": "ウイズone【福祉用具貸与】東京都足立区花畑3-17-61階", "url": "https://www.kaigokensaku.mhlw.go.jp/13/index.php?action_kouhyou_detail_004_kani=true&JigyosyoCd=1372114460-00&ServiceCd=170&Type=search", "url2": "https://nextone-hanahata.com" }, "geometry": { "type": "Point", "coordinates": [ 139.8105938, 35.8036315 ] } },
{ "type": "Feature", "properties": { "内容": "株式会社トーカイ　足立営業所【福祉用具貸与】東京都足立区江北６－１１－１０", "url": "https://www.kaigokensaku.mhlw.go.jp/13/index.php?action_kouhyou_detail_004_kani=true&JigyosyoCd=1372109080-00&ServiceCd=170&Type=search", "url2": "http://www.tokai-corp.com/" }, "geometry": { "type": "Point", "coordinates": [ 139.76660430000004, 35.7803463 ] } },
{ "type": "Feature", "properties": { "内容": "パナソニックエイジフリーショップ足立【福祉用具貸与】東京都足立区新田1-17-3", "url": "https://www.kaigokensaku.mhlw.go.jp/13/index.php?action_kouhyou_detail_004_kani=true&JigyosyoCd=1372114940-00&ServiceCd=170&Type=search", "url2": "https://sumai.panasonic.jp/agefree/map/detail.php?id=127" }, "geometry": { "type": "Point", "coordinates": [ 139.739674, 35.7752488 ] } },
{ "type": "Feature", "properties": { "内容": "ケアフロー【福祉用具貸与】東京都足立区梅島３丁目３３番６号エンブレム西新井２Ｆ－１５号室", "url": "https://www.kaigokensaku.mhlw.go.jp/13/index.php?action_kouhyou_detail_004_kani=true&JigyosyoCd=1372114965-00&ServiceCd=170&Type=search", "url2": null }, "geometry": { "type": "Point", "coordinates": [ 139.7913, 35.7781513 ] } },
{ "type": "Feature", "properties": { "内容": "アプリシェイト福祉用具ステーション【福祉用具貸与】東京都足立区栗原3-1-4エスポワールKIJIMA502号室", "url": "https://www.kaigokensaku.mhlw.go.jp/13/index.php?action_kouhyou_detail_004_kani=true&JigyosyoCd=1372114973-00&ServiceCd=170&Type=search", "url2": null }, "geometry": { "type": "Point", "coordinates": [ 139.788653599999975, 35.7786779 ] } },
{ "type": "Feature", "properties": { "内容": "株式会社ヤマシタ　足立営業所【福祉用具貸与】東京都足立区西綾瀬3-17-5URBAN201号室", "url": "https://www.kaigokensaku.mhlw.go.jp/13/index.php?action_kouhyou_detail_004_kani=true&JigyosyoCd=1372112563-00&ServiceCd=170&Type=search", "url2": "https://www.ycota.jp/" }, "geometry": { "type": "Point", "coordinates": [ 139.817862180242656, 35.763932252496126 ] } },
{ "type": "Feature", "properties": { "内容": "福祉用具笑楽東京【福祉用具貸与】東京都足立区入谷9丁目14-14リブウェル足立入谷", "url": "https://www.kaigokensaku.mhlw.go.jp/13/index.php?action_kouhyou_detail_004_kani=true&JigyosyoCd=1372115012-00&ServiceCd=170&Type=search", "url2": "https://www.bihonest.com" }, "geometry": { "type": "Point", "coordinates": [ 139.7573815, 35.8085111 ] } },
{ "type": "Feature", "properties": { "内容": "ケアリード【福祉用具貸与】東京都足立区竹の塚一丁目３３番１０号", "url": "https://www.kaigokensaku.mhlw.go.jp/13/index.php?action_kouhyou_detail_004_kani=true&JigyosyoCd=1372112480-00&ServiceCd=170&Type=search", "url2": "http://www.wakaba-care.co.jp/" }, "geometry": { "type": "Point", "coordinates": [ 139.79364320000002, 35.7911681 ] } },
{ "type": "Feature", "properties": { "内容": "ケアショップ　ウィズ・ユー葛飾【福祉用具貸与】東京都葛飾区お花茶屋１－２０－５", "url": "https://www.kaigokensaku.mhlw.go.jp/13/index.php?action_kouhyou_detail_004_kani=true&JigyosyoCd=1372208767-00&ServiceCd=170&Type=search", "url2": null }, "geometry": { "type": "Point", "coordinates": [ 139.840828199999976, 35.7479606 ] } },
{ "type": "Feature", "properties": { "内容": "みやびサポート【福祉用具貸与】東京都葛飾区高砂3-22-2", "url": "https://www.kaigokensaku.mhlw.go.jp/13/index.php?action_kouhyou_detail_004_kani=true&JigyosyoCd=1372204444-00&ServiceCd=170&Type=search", "url2": "http://miyabi-support.jp" }, "geometry": { "type": "Point", "coordinates": [ 139.8691579, 35.7492851 ] } },
{ "type": "Feature", "properties": { "内容": "福祉用具センターおにぎり【福祉用具貸与】東京都葛飾区東水元5-11-8-2階", "url": "https://www.kaigokensaku.mhlw.go.jp/13/index.php?action_kouhyou_detail_004_kani=true&JigyosyoCd=1372209435-00&ServiceCd=170&Type=search", "url2": "http://ukoukoyao.com/" }, "geometry": { "type": "Point", "coordinates": [ 139.8652459, 35.7911409 ] } },
{ "type": "Feature", "properties": { "内容": "ウェルフォース福祉用具レンタル販売＆サポート【福祉用具貸与】東京都葛飾区白鳥２－１０－７", "url": "https://www.kaigokensaku.mhlw.go.jp/13/index.php?action_kouhyou_detail_004_kani=true&JigyosyoCd=1372208551-00&ServiceCd=170&Type=search", "url2": "http://www.welforce-group.jp" }, "geometry": { "type": "Point", "coordinates": [ 139.844240770777901, 35.749199798194759 ] } },
{ "type": "Feature", "properties": { "内容": "アビリティーズ・ケアネット株式会社　東京東営業所【福祉用具貸与】東京都葛飾区白鳥1-8-10", "url": "https://www.kaigokensaku.mhlw.go.jp/13/index.php?action_kouhyou_detail_004_kani=true&JigyosyoCd=1372102473-00&ServiceCd=170&Type=search", "url2": "http://www.abilities.jp/" }, "geometry": { "type": "Point", "coordinates": [ 139.842982799999959, 35.7450218 ] } },
{ "type": "Feature", "properties": { "内容": "有限会社グッドケア【福祉用具貸与】東京都葛飾区東新小岩5丁目19番11号", "url": "https://www.kaigokensaku.mhlw.go.jp/13/index.php?action_kouhyou_detail_004_kani=true&JigyosyoCd=1372201754-00&ServiceCd=170&Type=search", "url2": "http://park16.wakwak.com/~goodkea/" }, "geometry": { "type": "Point", "coordinates": [ 139.8577103, 35.7232158 ] } },
{ "type": "Feature", "properties": { "内容": "パナソニックエイジフリーショップ葛飾【福祉用具貸与】東京都葛飾区金町４－１－２", "url": "https://www.kaigokensaku.mhlw.go.jp/13/index.php?action_kouhyou_detail_004_kani=true&JigyosyoCd=1372202109-00&ServiceCd=170&Type=search", "url2": "http://www.net-kaigo.com" }, "geometry": { "type": "Point", "coordinates": [ 139.863718699999907, 35.7631528 ] } },
{ "type": "Feature", "properties": { "内容": "アイ・アール・ケア株式会社【福祉用具貸与】東京都葛飾区東水元4-4-3", "url": "https://www.kaigokensaku.mhlw.go.jp/13/index.php?action_kouhyou_detail_004_kani=true&JigyosyoCd=1372202273-00&ServiceCd=170&Type=search", "url2": "https://www.ircare.co.jp" }, "geometry": { "type": "Point", "coordinates": [ 139.864652957910721, 35.788423780097794 ] } },
{ "type": "Feature", "properties": { "内容": "介護ショップ　かがやき【福祉用具貸与】東京都葛飾区西亀有4-16-15", "url": "https://www.kaigokensaku.mhlw.go.jp/13/index.php?action_kouhyou_detail_004_kani=true&JigyosyoCd=1372202323-00&ServiceCd=170&Type=search", "url2": "http://an-kaigo.com/" }, "geometry": { "type": "Point", "coordinates": [ 139.841153800000029, 35.7657079 ] } },
{ "type": "Feature", "properties": { "内容": "株式会社フタバ介護サービス【福祉用具貸与】東京都葛飾区四つ木4-28-11", "url": "https://www.kaigokensaku.mhlw.go.jp/13/index.php?action_kouhyou_detail_004_kani=true&JigyosyoCd=1372204329-00&ServiceCd=170&Type=search", "url2": null }, "geometry": { "type": "Point", "coordinates": [ 139.835595199999943, 35.7395586 ] } },
{ "type": "Feature", "properties": { "内容": "ペアレント葛飾営業所【福祉用具貸与】東京都葛飾区細田4-40-17", "url": "https://www.kaigokensaku.mhlw.go.jp/13/index.php?action_kouhyou_detail_004_kani=true&JigyosyoCd=1372206811-00&ServiceCd=170&Type=search", "url2": null }, "geometry": { "type": "Point", "coordinates": [ 139.874680794512187, 35.742720398235683 ] } },
{ "type": "Feature", "properties": { "内容": "ダスキンヘルスレント葛飾ステーション【福祉用具貸与】東京都葛飾区立石5-9-10", "url": "https://www.kaigokensaku.mhlw.go.jp/13/index.php?action_kouhyou_detail_004_kani=true&JigyosyoCd=1372207181-00&ServiceCd=170&Type=search", "url2": "https://healthrent.duskin.jp/station/tokyo/katsushika.html" }, "geometry": { "type": "Point", "coordinates": [ 139.84464950000006, 35.7428721 ] } },
{ "type": "Feature", "properties": { "内容": "すまいるケア【福祉用具貸与】東京都葛飾区東新小岩7-24-8", "url": "https://www.kaigokensaku.mhlw.go.jp/13/index.php?action_kouhyou_detail_004_kani=true&JigyosyoCd=1372207876-00&ServiceCd=170&Type=search", "url2": null }, "geometry": { "type": "Point", "coordinates": [ 139.855739356131664, 35.726399375725642 ] } },
{ "type": "Feature", "properties": { "内容": "ケアショップ　和楽【福祉用具貸与】東京都葛飾区お花茶屋1‐20‐8201号室", "url": "https://www.kaigokensaku.mhlw.go.jp/13/index.php?action_kouhyou_detail_004_kani=true&JigyosyoCd=1372208791-00&ServiceCd=170&Type=search", "url2": null }, "geometry": { "type": "Point", "coordinates": [ 139.8409206, 35.7480604 ] } },
{ "type": "Feature", "properties": { "内容": "スペースケア　東京第一営業所【福祉用具貸与】東京都葛飾区奥戸8-13-11", "url": "https://www.kaigokensaku.mhlw.go.jp/13/index.php?action_kouhyou_detail_004_kani=true&JigyosyoCd=1372303378-00&ServiceCd=170&Type=search", "url2": "http://www.spacecare.co.jp" }, "geometry": { "type": "Point", "coordinates": [ 139.865917099999933, 35.7360452 ] } },
{ "type": "Feature", "properties": { "内容": "セントケアりまいん葛飾【福祉用具貸与】東京都葛飾区5-10-5シルバーハイツ高砂　1F", "url": "https://www.kaigokensaku.mhlw.go.jp/13/index.php?action_kouhyou_detail_004_kani=true&JigyosyoCd=1372203917-00&ServiceCd=170&Type=search", "url2": null }, "geometry": { "type": "Point", "coordinates": [ 139.8641409, 35.7519545 ] } },
{ "type": "Feature", "properties": { "内容": "ケア・シード株式会社【福祉用具貸与】東京都葛飾区水元2-15-14", "url": "https://www.kaigokensaku.mhlw.go.jp/13/index.php?action_kouhyou_detail_004_kani=true&JigyosyoCd=1372203990-00&ServiceCd=170&Type=search", "url2": null }, "geometry": { "type": "Point", "coordinates": [ 139.858357500000011, 35.7864636 ] } },
{ "type": "Feature", "properties": { "内容": "株式会社　フロンティア葛飾営業所【福祉用具貸与】東京都葛飾区金町1-3-5イーズトアベニュー1階100号室", "url": "https://www.kaigokensaku.mhlw.go.jp/13/index.php?action_kouhyou_detail_004_kani=true&JigyosyoCd=1372208023-00&ServiceCd=170&Type=search", "url2": "https://www.frontier-ph.com/" }, "geometry": { "type": "Point", "coordinates": [ 139.865510399999948, 35.761169700000018 ] } },
{ "type": "Feature", "properties": { "内容": "ケアショップ夏【福祉用具貸与】東京都葛飾区小菅２－２２－１０１階", "url": "https://www.kaigokensaku.mhlw.go.jp/13/index.php?action_kouhyou_detail_004_kani=true&JigyosyoCd=1372209575-00&ServiceCd=170&Type=search", "url2": null }, "geometry": { "type": "Point", "coordinates": [ 139.827677, 35.75095240000001 ] } },
{ "type": "Feature", "properties": { "内容": "モノライフ【福祉用具貸与】東京都葛飾区東金町7-3-17グリーンパーク101", "url": "https://www.kaigokensaku.mhlw.go.jp/13/index.php?action_kouhyou_detail_004_kani=true&JigyosyoCd=1372207892-00&ServiceCd=170&Type=search", "url2": null }, "geometry": { "type": "Point", "coordinates": [ 139.878753400000051, 35.775709100000014 ] } },
{ "type": "Feature", "properties": { "内容": "けんこうスマイル【福祉用具貸与】東京都葛飾区宝町1-2-27", "url": "https://www.kaigokensaku.mhlw.go.jp/13/index.php?action_kouhyou_detail_004_kani=true&JigyosyoCd=1372209328-00&ServiceCd=170&Type=search", "url2": null }, "geometry": { "type": "Point", "coordinates": [ 139.8362045, 35.7411886 ] } },
{ "type": "Feature", "properties": { "内容": "きらら介護サービス立石【福祉用具貸与】東京都葛飾区小菅3-5-141F", "url": "https://www.kaigokensaku.mhlw.go.jp/13/index.php?action_kouhyou_detail_004_kani=true&JigyosyoCd=1372207983-00&ServiceCd=170&Type=search", "url2": "https://kirara-kaigo.net/office/tateishi/" }, "geometry": { "type": "Point", "coordinates": [ 139.848413, 35.74188188951247 ] } },
{ "type": "Feature", "properties": { "内容": "タウンケア福祉用具【福祉用具貸与】東京都葛飾区立石6-27-4", "url": "https://www.kaigokensaku.mhlw.go.jp/13/index.php?action_kouhyou_detail_004_kani=true&JigyosyoCd=1372205029-00&ServiceCd=170&Type=search", "url2": "http://tc-milestone.com" }, "geometry": { "type": "Point", "coordinates": [ 139.852808699999969, 35.7443305 ] } },
{ "type": "Feature", "properties": { "内容": "福祉のニッカ　葛飾営業所【福祉用具貸与】東京都葛飾区亀有3-16-2セトビル403", "url": "https://www.kaigokensaku.mhlw.go.jp/13/index.php?action_kouhyou_detail_004_kani=true&JigyosyoCd=1370500488-00&ServiceCd=170&Type=search", "url2": "http://www.nikkamicron.co.jp" }, "geometry": { "type": "Point", "coordinates": [ 139.848291053887408, 35.763588200262404 ] } },
{ "type": "Feature", "properties": { "内容": "ライフサポートあんず【福祉用具貸与】東京都葛飾区四つ木二丁目７番１０号", "url": "https://www.kaigokensaku.mhlw.go.jp/13/index.php?action_kouhyou_detail_004_kani=true&JigyosyoCd=1372209658-00&ServiceCd=170&Type=search", "url2": "https://japan-mercury.com/gh/" }, "geometry": { "type": "Point", "coordinates": [ 139.8372144, 35.735638 ] } },
{ "type": "Feature", "properties": { "内容": "なぎさ和楽苑福祉用具貸与【福祉用具貸与】東京都江戸川区西葛西８－１－１", "url": "https://www.kaigokensaku.mhlw.go.jp/13/index.php?action_kouhyou_detail_004_kani=true&JigyosyoCd=1372302099-00&ServiceCd=170&Type=search", "url2": "http://www.tokyoeiwakai.or.jp" }, "geometry": { "type": "Point", "coordinates": [ 139.859420699999987, 35.6550791 ] } },
{ "type": "Feature", "properties": { "内容": "福祉用具のサンワ【福祉用具貸与】東京都江戸川区中葛西1-11-2", "url": "https://www.kaigokensaku.mhlw.go.jp/13/index.php?action_kouhyou_detail_004_kani=true&JigyosyoCd=1372311520-00&ServiceCd=170&Type=search", "url2": null }, "geometry": { "type": "Point", "coordinates": [ 139.867106, 35.6711561 ] } },
{ "type": "Feature", "properties": { "内容": "スターツケアサービス株式会社【福祉用具貸与】東京都江戸川区一之江7-50-6", "url": "https://www.kaigokensaku.mhlw.go.jp/13/index.php?action_kouhyou_detail_004_kani=true&JigyosyoCd=1372307759-00&ServiceCd=170&Type=search", "url2": "http://www.starts.co.jp/s-careservice/" }, "geometry": { "type": "Point", "coordinates": [ 139.877740300000028, 35.6856905 ] } },
{ "type": "Feature", "properties": { "内容": "ケアレントのぞみ関東【福祉用具貸与】東京都江戸川区南葛西6丁目2-27", "url": "https://www.kaigokensaku.mhlw.go.jp/13/index.php?action_kouhyou_detail_004_kani=true&JigyosyoCd=1372311538-00&ServiceCd=170&Type=search", "url2": "https://www.lamore.jp/" }, "geometry": { "type": "Point", "coordinates": [ 139.8766566, 35.6440539 ] } },
{ "type": "Feature", "properties": { "内容": "ふれあいプラザラビットレントアンドセールス【福祉用具貸与】東京都江戸川区西葛西3-22-15", "url": "https://www.kaigokensaku.mhlw.go.jp/13/index.php?action_kouhyou_detail_004_kani=true&JigyosyoCd=1370200469-00&ServiceCd=170&Type=search", "url2": "http://www.rabbit-jp.net/" }, "geometry": { "type": "Point", "coordinates": [ 139.859297800000036, 35.6668444 ] } },
{ "type": "Feature", "properties": { "内容": "株式会社　セリオ　東京東営業所【福祉用具貸与】東京都江戸川区臨海町3-6-4ヒューリック葛西臨海ビル407Ａ号", "url": "https://www.kaigokensaku.mhlw.go.jp/13/index.php?action_kouhyou_detail_004_kani=true&JigyosyoCd=1370803882-00&ServiceCd=170&Type=search", "url2": "http://serio888.net/" }, "geometry": { "type": "Point", "coordinates": [ 139.8689898, 35.6466304 ] } },
{ "type": "Feature", "properties": { "内容": "株式会社　共英【福祉用具貸与】東京都江戸川区江戸川5-16-51", "url": "https://www.kaigokensaku.mhlw.go.jp/13/index.php?action_kouhyou_detail_004_kani=true&JigyosyoCd=1372301547-00&ServiceCd=170&Type=search", "url2": "http://kyoei1971.jp" }, "geometry": { "type": "Point", "coordinates": [ 139.880532200000061, 35.6752808 ] } },
{ "type": "Feature", "properties": { "内容": "トーリツ福祉用具　江戸川【福祉用具貸与】東京都江戸川区松島1-41-7徳永ビル1F", "url": "https://www.kaigokensaku.mhlw.go.jp/13/index.php?action_kouhyou_detail_004_kani=true&JigyosyoCd=1372302057-00&ServiceCd=170&Type=search", "url2": "http://www.to-ritsu.co.jp" }, "geometry": { "type": "Point", "coordinates": [ 139.867385638623091, 35.7073373 ] } },
{ "type": "Feature", "properties": { "内容": "パナソニックエイジフリーショップ　小岩【福祉用具貸与】東京都江戸川区西小岩２－１７－１ライオンズマンション西小岩第２　１０２号", "url": "https://www.kaigokensaku.mhlw.go.jp/13/index.php?action_kouhyou_detail_004_kani=true&JigyosyoCd=1372302289-00&ServiceCd=170&Type=search", "url2": "http://www15.ocn.ne.jp/~koiwaten/" }, "geometry": { "type": "Point", "coordinates": [ 139.8756386, 35.7342732 ] } },
{ "type": "Feature", "properties": { "内容": "パナソニックエイジフリーショップ葛西【福祉用具貸与】東京都江戸川区中葛西8-11-5シャルマン・ヴィラージュ　１Ｆ", "url": "https://www.kaigokensaku.mhlw.go.jp/13/index.php?action_kouhyou_detail_004_kani=true&JigyosyoCd=1372302305-00&ServiceCd=170&Type=search", "url2": null }, "geometry": { "type": "Point", "coordinates": [ 139.872048110450805, 35.66016676825366 ] } },
{ "type": "Feature", "properties": { "内容": "ダスキンヘルスレント江戸川ステーション【福祉用具貸与】東京都江戸川区西瑞江5-4-31", "url": "https://www.kaigokensaku.mhlw.go.jp/13/index.php?action_kouhyou_detail_004_kani=true&JigyosyoCd=1372304004-00&ServiceCd=170&Type=search", "url2": "https://healthrent.duskin.jp/station/tokyo/edogawa.html" }, "geometry": { "type": "Point", "coordinates": [ 139.881212499999947, 35.6803524 ] } },
{ "type": "Feature", "properties": { "内容": "株式会社エイユウ（レンタルサポート　エイユウ）【福祉用具貸与】東京都江戸川区上一色3-13-15", "url": "https://www.kaigokensaku.mhlw.go.jp/13/index.php?action_kouhyou_detail_004_kani=true&JigyosyoCd=1372304681-00&ServiceCd=170&Type=search", "url2": null }, "geometry": { "type": "Point", "coordinates": [ 139.872028900000032, 35.7277605 ] } },
{ "type": "Feature", "properties": { "内容": "ユーケアplus【福祉用具貸与】東京都江戸川区篠崎町4-13-131F", "url": "https://www.kaigokensaku.mhlw.go.jp/13/index.php?action_kouhyou_detail_004_kani=true&JigyosyoCd=1372305639-00&ServiceCd=170&Type=search", "url2": "https://www.united-care.net" }, "geometry": { "type": "Point", "coordinates": [ 139.911499894256622, 35.69904269866916 ] } },
{ "type": "Feature", "properties": { "内容": "まっかな花　江戸川【福祉用具貸与】東京都江戸川区大杉4-17-6", "url": "https://www.kaigokensaku.mhlw.go.jp/13/index.php?action_kouhyou_detail_004_kani=true&JigyosyoCd=1372306967-00&ServiceCd=170&Type=search", "url2": null }, "geometry": { "type": "Point", "coordinates": [ 139.880944600000021, 35.7079712 ] } },
{ "type": "Feature", "properties": { "内容": "株式会社ヤマシタ江戸川営業所【福祉用具貸与】東京都江戸川区東小岩6-8-13東海第2ビル3階", "url": "https://www.kaigokensaku.mhlw.go.jp/13/index.php?action_kouhyou_detail_004_kani=true&JigyosyoCd=1372308666-00&ServiceCd=170&Type=search", "url2": "http://www.yco.co.jp" }, "geometry": { "type": "Point", "coordinates": [ 139.886962499999981, 35.7336927 ] } },
{ "type": "Feature", "properties": { "内容": "シルバーはあと江戸川【福祉用具貸与】東京都江戸川区中央1-3-1", "url": "https://www.kaigokensaku.mhlw.go.jp/13/index.php?action_kouhyou_detail_004_kani=true&JigyosyoCd=1372308948-00&ServiceCd=170&Type=search", "url2": "https://www.silver-heart.jp/" }, "geometry": { "type": "Point", "coordinates": [ 139.86808510000003, 35.7055292 ] } },
{ "type": "Feature", "properties": { "内容": "株式会社サリーレ　介護事業部【福祉用具貸与】東京都江戸川区船堀7-5-16鈴木ビル１階", "url": "https://www.kaigokensaku.mhlw.go.jp/13/index.php?action_kouhyou_detail_004_kani=true&JigyosyoCd=1372309284-00&ServiceCd=170&Type=search", "url2": "https://salirejapan.co.jp/" }, "geometry": { "type": "Point", "coordinates": [ 139.870349499999946, 35.678527 ] } },
{ "type": "Feature", "properties": { "内容": "やまとcare【福祉用具貸与】東京都江戸川区南小岩2-8-2　南小岩スタービル", "url": "https://www.kaigokensaku.mhlw.go.jp/13/index.php?action_kouhyou_detail_004_kani=true&JigyosyoCd=1372310621-00&ServiceCd=170&Type=search", "url2": "https://nadeshiko-care-plan.jp" }, "geometry": { "type": "Point", "coordinates": [ 139.887056896853437, 35.721406322910248 ] } },
{ "type": "Feature", "properties": { "内容": "介護の太助　江戸川店【福祉用具貸与】東京都江戸川区北小岩2-34-1T.R.トリビュート101号室", "url": "https://www.kaigokensaku.mhlw.go.jp/13/index.php?action_kouhyou_detail_004_kani=true&JigyosyoCd=1372310688-00&ServiceCd=170&Type=search", "url2": "https://www.kaigo-tasuke.co.jp/" }, "geometry": { "type": "Point", "coordinates": [ 139.888364200000041, 35.7374624 ] } },
{ "type": "Feature", "properties": { "内容": "えるぷらん【福祉用具貸与】東京都江戸川区鹿骨５－２６－７", "url": "https://www.kaigokensaku.mhlw.go.jp/13/index.php?action_kouhyou_detail_004_kani=true&JigyosyoCd=1372305902-00&ServiceCd=170&Type=search", "url2": "https://lovelonglife.net/" }, "geometry": { "type": "Point", "coordinates": [ 139.884907699999985, 35.7179422 ] } },
{ "type": "Feature", "properties": { "内容": "ケア・スポット【福祉用具貸与】東京都江戸川区一之江5-17-7", "url": "https://www.kaigokensaku.mhlw.go.jp/13/index.php?action_kouhyou_detail_004_kani=true&JigyosyoCd=1372306223-00&ServiceCd=170&Type=search", "url2": "http://www.care-spot.co.jp" }, "geometry": { "type": "Point", "coordinates": [ 139.881606881983316, 35.695739867458443 ] } },
{ "type": "Feature", "properties": { "内容": "ケアフィールド福祉用具サポートセンター【福祉用具貸与】東京都江戸川区本一色１－２０－７", "url": "https://www.kaigokensaku.mhlw.go.jp/13/index.php?action_kouhyou_detail_004_kani=true&JigyosyoCd=1372306439-00&ServiceCd=170&Type=search", "url2": "http://hp.kaipoke.biz/7gn/access.html" }, "geometry": { "type": "Point", "coordinates": [ 139.86979539999993, 35.7180389 ] } },
{ "type": "Feature", "properties": { "内容": "ユニオンケア【福祉用具貸与】東京都江戸川区上一色2-12-10コーポ司　105", "url": "https://www.kaigokensaku.mhlw.go.jp/13/index.php?action_kouhyou_detail_004_kani=true&JigyosyoCd=1372309664-00&ServiceCd=170&Type=search", "url2": null }, "geometry": { "type": "Point", "coordinates": [ 139.873508500000071, 35.7269157 ] } },
{ "type": "Feature", "properties": { "内容": "株式会社トーカイ江戸川営業所【福祉用具貸与】東京都江戸川区一之江4-7-2", "url": "https://www.kaigokensaku.mhlw.go.jp/13/index.php?action_kouhyou_detail_004_kani=true&JigyosyoCd=1372307858-00&ServiceCd=170&Type=search", "url2": "http://www.tokai-corp.com/" }, "geometry": { "type": "Point", "coordinates": [ 139.879348299999947, 35.69014 ] } },
{ "type": "Feature", "properties": { "内容": "わだつみ福祉用具サービス【福祉用具貸与】東京都江戸川区瑞江2-22-5グリーンハウス下鎌田１階D室", "url": "https://www.kaigokensaku.mhlw.go.jp/13/index.php?action_kouhyou_detail_004_kani=true&JigyosyoCd=1372306355-00&ServiceCd=170&Type=search", "url2": "https://wadatsumi-s.com/" }, "geometry": { "type": "Point", "coordinates": [ 139.897929500000032, 35.695886200000011 ] } },
{ "type": "Feature", "properties": { "内容": "株式会社東基城東営業所【福祉用具貸与】東京都江戸川区松江５－７－２２", "url": "https://www.kaigokensaku.mhlw.go.jp/13/index.php?action_kouhyou_detail_004_kani=true&JigyosyoCd=1372304715-00&ServiceCd=170&Type=search", "url2": "http://www.toki-net.co.jp" }, "geometry": { "type": "Point", "coordinates": [ 139.8676633, 35.6895116 ] } },
{ "type": "Feature", "properties": { "内容": "ニック株式会社江戸川営業所【福祉用具貸与】東京都江戸川区平井1-9-7アコルデ石幡1階", "url": "https://www.kaigokensaku.mhlw.go.jp/13/index.php?action_kouhyou_detail_004_kani=true&JigyosyoCd=1372306538-00&ServiceCd=170&Type=search", "url2": "http://www.nick-corp.com/" }, "geometry": { "type": "Point", "coordinates": [ 139.8487318, 35.7017425 ] } },
{ "type": "Feature", "properties": { "内容": "フランスベッド株式会社　メディカル江戸川営業所【福祉用具貸与】東京都江戸川区船堀４－４－１１フェニックスガーデン１Ｆ", "url": "https://www.kaigokensaku.mhlw.go.jp/13/index.php?action_kouhyou_detail_004_kani=true&JigyosyoCd=1372305043-00&ServiceCd=170&Type=search", "url2": "http://www.francebed.co.jp/medical/index.html" }, "geometry": { "type": "Point", "coordinates": [ 139.86725427366639, 35.685352942525817 ] } },
{ "type": "Feature", "properties": { "内容": "介護ショップ多摩南【福祉用具貸与】東京都八王子市上柚木1178", "url": "https://www.kaigokensaku.mhlw.go.jp/13/index.php?action_kouhyou_detail_004_kani=true&JigyosyoCd=1372909752-00&ServiceCd=170&Type=search", "url2": "https://www.tamaminami-pcs.com" }, "geometry": { "type": "Point", "coordinates": [ 139.3707444, 35.622492899999983 ] } },
{ "type": "Feature", "properties": { "内容": "アイム福祉用具サービス【福祉用具貸与】東京都八王子市堀之内３丁目４−１２メゾンセレナイト601", "url": "https://www.kaigokensaku.mhlw.go.jp/13/index.php?action_kouhyou_detail_004_kani=true&JigyosyoCd=1372900579-00&ServiceCd=170&Type=search", "url2": "http://a-i-m-inc.co.jp/" }, "geometry": { "type": "Point", "coordinates": [ 139.40289, 35.62822220000001 ] } },
{ "type": "Feature", "properties": { "内容": "有限会社ケアスタッフ【福祉用具貸与】東京都八王子市中野上町１―８―２２中野田口ビル　2階", "url": "https://www.kaigokensaku.mhlw.go.jp/13/index.php?action_kouhyou_detail_004_kani=true&JigyosyoCd=1372900231-00&ServiceCd=170&Type=search", "url2": "https://www.carestaff.tokyo/" }, "geometry": { "type": "Point", "coordinates": [ 139.330319381614657, 35.66724882556867 ] } },
{ "type": "Feature", "properties": { "内容": "株式会社クワバラ【福祉用具貸与】東京都八王子市長房町492", "url": "https://www.kaigokensaku.mhlw.go.jp/13/index.php?action_kouhyou_detail_004_kani=true&JigyosyoCd=1372900470-00&ServiceCd=170&Type=search", "url2": "http://kuwabara-inc.jp" }, "geometry": { "type": "Point", "coordinates": [ 139.295938154596314, 35.651437666458797 ] } },
{ "type": "Feature", "properties": { "内容": "有限会社　十字会ケアステーション【福祉用具貸与】東京都八王子市めじろ台2丁目1番地の１京王めじろ台マンションA棟1階", "url": "https://www.kaigokensaku.mhlw.go.jp/13/index.php?action_kouhyou_detail_004_kani=true&JigyosyoCd=1372901312-00&ServiceCd=170&Type=search", "url2": "http://www.eisei.or.jp/jyujikai/" }, "geometry": { "type": "Point", "coordinates": [ 139.307302128963215, 35.643034279253321 ] } },
{ "type": "Feature", "properties": { "内容": "さつきメディカル【福祉用具貸与】東京都八王子市横川町745番地6", "url": "https://www.kaigokensaku.mhlw.go.jp/13/index.php?action_kouhyou_detail_004_kani=true&JigyosyoCd=1372901379-00&ServiceCd=170&Type=search", "url2": "http://www.satsuki-m.co.jp" }, "geometry": { "type": "Point", "coordinates": [ 139.30276230000004, 35.6669917 ] } },
{ "type": "Feature", "properties": { "内容": "日本オートランニングシステム株式会社【福祉用具貸与】東京都八王子市並木町24-8コスモ八王子並木町102", "url": "https://www.kaigokensaku.mhlw.go.jp/13/index.php?action_kouhyou_detail_004_kani=true&JigyosyoCd=1372901551-00&ServiceCd=170&Type=search", "url2": "https://s-ran.co.jp/" }, "geometry": { "type": "Point", "coordinates": [ 139.301604638573963, 35.652521403877024 ] } },
{ "type": "Feature", "properties": { "内容": "有限会社　八南ドラッグ福祉用具貸与事業所【福祉用具貸与】東京都八王子市子安町1-8-16", "url": "https://www.kaigokensaku.mhlw.go.jp/13/index.php?action_kouhyou_detail_004_kani=true&JigyosyoCd=1372901957-00&ServiceCd=170&Type=search", "url2": "http://www.hachinan.co.jp/" }, "geometry": { "type": "Point", "coordinates": [ 139.340792700000065, 35.6532667 ] } },
{ "type": "Feature", "properties": { "内容": "株式会社山六　介護ショップ　ミニロクメイト【福祉用具貸与】東京都八王子市元本郷町３－１１－１７", "url": "https://www.kaigokensaku.mhlw.go.jp/13/index.php?action_kouhyou_detail_004_kani=true&JigyosyoCd=1372902203-00&ServiceCd=170&Type=search", "url2": "http://www.yamaroku.co.jp/" }, "geometry": { "type": "Point", "coordinates": [ 139.315491169398797, 35.663921895051445 ] } },
{ "type": "Feature", "properties": { "内容": "アビリティーズ・ケアネット株式会社八王子営業所【福祉用具貸与】東京都八王子市久保山町1-9-154", "url": "https://www.kaigokensaku.mhlw.go.jp/13/index.php?action_kouhyou_detail_004_kani=true&JigyosyoCd=1372903615-00&ServiceCd=170&Type=search", "url2": "http://www.abilities.jp" }, "geometry": { "type": "Point", "coordinates": [ 139.360120400000028, 35.6881158 ] } },
{ "type": "Feature", "properties": { "内容": "株式会社シルバー【福祉用具貸与】東京都八王子市西片倉1-9-2", "url": "https://www.kaigokensaku.mhlw.go.jp/13/index.php?action_kouhyou_detail_004_kani=true&JigyosyoCd=1372903664-00&ServiceCd=170&Type=search", "url2": null }, "geometry": { "type": "Point", "coordinates": [ 139.339296, 35.638374 ] } },
{ "type": "Feature", "properties": { "内容": "グリーンプランニング【福祉用具貸与】東京都八王子市大和田町2-3-13　福ﾋﾞﾙ202", "url": "https://www.kaigokensaku.mhlw.go.jp/13/index.php?action_kouhyou_detail_004_kani=true&JigyosyoCd=1372903680-00&ServiceCd=170&Type=search", "url2": null }, "geometry": { "type": "Point", "coordinates": [ 139.357205999058579, 35.66330220410174 ] } },
{ "type": "Feature", "properties": { "内容": "フランスベッド株式会社メディカル八王子営業所【福祉用具貸与】東京都八王子市大横町３－９", "url": "https://www.kaigokensaku.mhlw.go.jp/13/index.php?action_kouhyou_detail_004_kani=true&JigyosyoCd=1372904753-00&ServiceCd=170&Type=search", "url2": null }, "geometry": { "type": "Point", "coordinates": [ 139.329754500000035, 35.6633346 ] } },
{ "type": "Feature", "properties": { "内容": "ジーピー【福祉用具貸与】東京都八王子市石川町１６３３番地", "url": "https://www.kaigokensaku.mhlw.go.jp/13/index.php?action_kouhyou_detail_004_kani=true&JigyosyoCd=1372904902-00&ServiceCd=170&Type=search", "url2": null }, "geometry": { "type": "Point", "coordinates": [ 139.360716974652377, 35.676255822122314 ] } },
{ "type": "Feature", "properties": { "内容": "株式会社フロンティア　八王子営業所【福祉用具貸与】東京都八王子市高倉町4番11号", "url": "https://www.kaigokensaku.mhlw.go.jp/13/index.php?action_kouhyou_detail_004_kani=true&JigyosyoCd=1372907798-00&ServiceCd=170&Type=search", "url2": "http://www.frontier-ph.com/" }, "geometry": { "type": "Point", "coordinates": [ 139.363037500000019, 35.6671849 ] } },
{ "type": "Feature", "properties": { "内容": "シルバーサポート・八王子【福祉用具貸与】東京都八王子市長房町405-1", "url": "https://www.kaigokensaku.mhlw.go.jp/13/index.php?action_kouhyou_detail_004_kani=true&JigyosyoCd=1372907889-00&ServiceCd=170&Type=search", "url2": "http://www.silver-support.co.jp/" }, "geometry": { "type": "Point", "coordinates": [ 139.301582199999984, 35.6578735 ] } },
{ "type": "Feature", "properties": { "内容": "パナソニックエイジフリーショップ八王子【福祉用具貸与】東京都八王子市元本郷町2-9-22", "url": "https://www.kaigokensaku.mhlw.go.jp/13/index.php?action_kouhyou_detail_004_kani=true&JigyosyoCd=1372909281-00&ServiceCd=170&Type=search", "url2": "http://www.i-can.jp/care-service/index.html" }, "geometry": { "type": "Point", "coordinates": [ 139.318227919643391, 35.663849935429702 ] } },
{ "type": "Feature", "properties": { "内容": "株式会社ケイアイ　レンタル事業部【福祉用具貸与】東京都八王子市大和田町3-10-12", "url": "https://www.kaigokensaku.mhlw.go.jp/13/index.php?action_kouhyou_detail_004_kani=true&JigyosyoCd=1373000759-00&ServiceCd=170&Type=search", "url2": "http://www.order-ki.co.jp/" }, "geometry": { "type": "Point", "coordinates": [ 139.325871600000028, 35.6590211 ] } },
{ "type": "Feature", "properties": { "内容": "ぷりま福祉用具事業所【福祉用具貸与】東京都八王子市鑓水2丁目165番地1", "url": "https://www.kaigokensaku.mhlw.go.jp/13/index.php?action_kouhyou_detail_004_kani=true&JigyosyoCd=1373203841-00&ServiceCd=170&Type=search", "url2": "http://www.purima.co.jp" }, "geometry": { "type": "Point", "coordinates": [ 139.348041100000046, 35.6131692 ] } },
{ "type": "Feature", "properties": { "内容": "福祉用具貸与事業所　おおつか【福祉用具貸与】東京都八王子市大塚796-1", "url": "https://www.kaigokensaku.mhlw.go.jp/13/index.php?action_kouhyou_detail_004_kani=true&JigyosyoCd=1372904274-00&ServiceCd=170&Type=search", "url2": "http://aimcare.business1.gogo.jp/" }, "geometry": { "type": "Point", "coordinates": [ 139.425372599999946, 35.6382533 ] } },
{ "type": "Feature", "properties": { "内容": "医療法人社団　洋光会　ケアショップわかば【福祉用具貸与】東京都八王子市北野町557-19メゾン根来102", "url": "https://www.kaigokensaku.mhlw.go.jp/13/index.php?action_kouhyou_detail_004_kani=true&JigyosyoCd=1372908663-00&ServiceCd=170&Type=search", "url2": null }, "geometry": { "type": "Point", "coordinates": [ 139.359108, 35.6455737 ] } },
{ "type": "Feature", "properties": { "内容": "ベスト・ケアーレンタル事業部　八王子【福祉用具貸与】東京都八王子市元八王子町1丁目488番3号", "url": "https://www.kaigokensaku.mhlw.go.jp/13/index.php?action_kouhyou_detail_004_kani=true&JigyosyoCd=1372909943-00&ServiceCd=170&Type=search", "url2": "https://www.bestcare-kaigo.jp/index.html" }, "geometry": { "type": "Point", "coordinates": [ 139.289879, 35.6658433 ] } },
{ "type": "Feature", "properties": { "内容": "福祉用具サービスこもれび【福祉用具貸与】東京都八王子市元八王子町3-2872-1", "url": "https://www.kaigokensaku.mhlw.go.jp/13/index.php?action_kouhyou_detail_004_kani=true&JigyosyoCd=1372905453-00&ServiceCd=170&Type=search", "url2": "http://www.hachisei.or.jp" }, "geometry": { "type": "Point", "coordinates": [ 139.266442899999987, 35.6535842 ] } },
{ "type": "Feature", "properties": { "内容": "ダスキンヘルスレント八王子ステーション【福祉用具貸与】東京都八王子市大和田町５－１６－１２F", "url": "https://www.kaigokensaku.mhlw.go.jp/13/index.php?action_kouhyou_detail_004_kani=true&JigyosyoCd=1372906386-00&ServiceCd=170&Type=search", "url2": null }, "geometry": { "type": "Point", "coordinates": [ 139.352376899999967, 35.6643533 ] } },
{ "type": "Feature", "properties": { "内容": "じひれん【福祉用具貸与】東京都八王子市大和田町１－２８－１", "url": "https://www.kaigokensaku.mhlw.go.jp/13/index.php?action_kouhyou_detail_004_kani=true&JigyosyoCd=1372909471-00&ServiceCd=170&Type=search", "url2": null }, "geometry": { "type": "Point", "coordinates": [ 139.358800699999989, 35.6563781 ] } },
{ "type": "Feature", "properties": { "内容": "株式会社トーカイ　多摩営業所【福祉用具貸与】東京都八王子市大和田町2-12-18", "url": "https://www.kaigokensaku.mhlw.go.jp/13/index.php?action_kouhyou_detail_004_kani=true&JigyosyoCd=1372902484-00&ServiceCd=170&Type=search", "url2": "http://www.tokai-corp.com/" }, "geometry": { "type": "Point", "coordinates": [ 139.358904700000039, 35.662668700000019 ] } },
{ "type": "Feature", "properties": { "内容": "ゆいまある福祉用具貸与事業所【福祉用具貸与】東京都立川市栄町4-2-123階", "url": "https://www.kaigokensaku.mhlw.go.jp/13/index.php?action_kouhyou_detail_004_kani=true&JigyosyoCd=1372903490-00&ServiceCd=170&Type=search", "url2": "https://www.yuimarl.com" }, "geometry": { "type": "Point", "coordinates": [ 139.423405699999989, 35.7103039 ] } },
{ "type": "Feature", "properties": { "内容": "株式会社　多摩健康企画【福祉用具貸与】東京都立川市錦町１丁目２３番５号", "url": "https://www.kaigokensaku.mhlw.go.jp/13/index.php?action_kouhyou_detail_004_kani=true&JigyosyoCd=1373000486-00&ServiceCd=170&Type=search", "url2": null }, "geometry": { "type": "Point", "coordinates": [ 139.422875699999963, 35.6960388 ] } },
{ "type": "Feature", "properties": { "内容": "株式会社地域保健企画ふくじゅ草【福祉用具貸与】東京都立川市錦町１－１７－１４", "url": "https://www.kaigokensaku.mhlw.go.jp/13/index.php?action_kouhyou_detail_004_kani=true&JigyosyoCd=1373000692-00&ServiceCd=170&Type=search", "url2": "http://www.miniren.net/hp" }, "geometry": { "type": "Point", "coordinates": [ 139.421911799999947, 35.6963193 ] } },
{ "type": "Feature", "properties": { "内容": "シルバーはあと立川【福祉用具貸与】東京都立川市富士見町５－２－７クレストコート富士見１F", "url": "https://www.kaigokensaku.mhlw.go.jp/13/index.php?action_kouhyou_detail_004_kani=true&JigyosyoCd=1373002441-00&ServiceCd=170&Type=search", "url2": "https://www.silver-heart.jp/" }, "geometry": { "type": "Point", "coordinates": [ 139.401861139581342, 35.697940075389205 ] } },
{ "type": "Feature", "properties": { "内容": "ケアセブン福祉用具販売貸与事業所【福祉用具貸与】東京都立川市柏町2-16-3ユニティーノジマ202", "url": "https://www.kaigokensaku.mhlw.go.jp/13/index.php?action_kouhyou_detail_004_kani=true&JigyosyoCd=1373003027-00&ServiceCd=170&Type=search", "url2": "https://nextinnovation.co.jp/care-7/" }, "geometry": { "type": "Point", "coordinates": [ 139.4157305, 35.720987 ] } },
{ "type": "Feature", "properties": { "内容": "株式会社フロンティア立川営業所【福祉用具貸与】東京都立川市栄町6-1立飛ビル6号館102号室", "url": "https://www.kaigokensaku.mhlw.go.jp/13/index.php?action_kouhyou_detail_004_kani=true&JigyosyoCd=1373003563-00&ServiceCd=170&Type=search", "url2": "https://www.frontier-ph.com/" }, "geometry": { "type": "Point", "coordinates": [ 139.423119022090134, 35.715946893669525 ] } },
{ "type": "Feature", "properties": { "内容": "株式会社ファミリー【福祉用具貸与】東京都立川市錦町３丁目５番8号アデナ立川102号", "url": "https://www.kaigokensaku.mhlw.go.jp/13/index.php?action_kouhyou_detail_004_kani=true&JigyosyoCd=1373400124-00&ServiceCd=170&Type=search", "url2": null }, "geometry": { "type": "Point", "coordinates": [ 139.4192611, 35.6929213 ] } },
{ "type": "Feature", "properties": { "内容": "きぼう【福祉用具貸与】東京都立川市栄町2丁目38-4", "url": "https://www.kaigokensaku.mhlw.go.jp/13/index.php?action_kouhyou_detail_004_kani=true&JigyosyoCd=1373002029-00&ServiceCd=170&Type=search", "url2": "http://innocent-kaigo.co.jp/" }, "geometry": { "type": "Point", "coordinates": [ 139.430632800000012, 35.7113205 ] } },
{ "type": "Feature", "properties": { "内容": "株式会社やさしい手　住環境事業部　武蔵野営業所【福祉用具貸与】東京都　武蔵野市　西久保3-18-14ローズマンション１階", "url": "https://www.kaigokensaku.mhlw.go.jp/13/index.php?action_kouhyou_detail_004_kani=true&JigyosyoCd=1371400928-00&ServiceCd=170&Type=search", "url2": "http://www.yasashiite.com" }, "geometry": { "type": "Point", "coordinates": [ 139.5589387, 35.7122929 ] } },
{ "type": "Feature", "properties": { "内容": "アビリティーズ・ケアネット株式会社　吉祥寺営業所【福祉用具貸与】東京都武蔵野市吉祥寺本町3-11-1本町池田ビル1階", "url": "https://www.kaigokensaku.mhlw.go.jp/13/index.php?action_kouhyou_detail_004_kani=true&JigyosyoCd=1373300506-00&ServiceCd=170&Type=search", "url2": "http://www.abilities.jp/" }, "geometry": { "type": "Point", "coordinates": [ 139.571078552114869, 35.704912091274238 ] } },
{ "type": "Feature", "properties": { "内容": "三要介護サービス【福祉用具貸与】東京都武蔵野市吉祥寺東町1-8-9", "url": "https://www.kaigokensaku.mhlw.go.jp/13/index.php?action_kouhyou_detail_004_kani=true&JigyosyoCd=1373300795-00&ServiceCd=170&Type=search", "url2": null }, "geometry": { "type": "Point", "coordinates": [ 139.582800799999973, 35.7082941 ] } },
{ "type": "Feature", "properties": { "内容": "あしすと福祉用具事業所【福祉用具貸与】東京都武蔵野市吉祥寺本町1-28-6迦葉武蔵野第３マンション１０７号室", "url": "https://www.kaigokensaku.mhlw.go.jp/13/index.php?action_kouhyou_detail_004_kani=true&JigyosyoCd=1373302817-00&ServiceCd=170&Type=search", "url2": null }, "geometry": { "type": "Point", "coordinates": [ 139.58343, 35.7052184 ] } },
{ "type": "Feature", "properties": { "内容": "サカイ・ヘルスケアー三鷹店【福祉用具貸与】東京都三鷹市下連雀9-3-15", "url": "https://www.kaigokensaku.mhlw.go.jp/13/index.php?action_kouhyou_detail_004_kani=true&JigyosyoCd=1373600178-00&ServiceCd=170&Type=search", "url2": "http://www.sakai-hc.co.jp" }, "geometry": { "type": "Point", "coordinates": [ 139.56204230000003, 35.6838907 ] } },
{ "type": "Feature", "properties": { "内容": "介護ショップまざぁぐーす【福祉用具貸与】東京都三鷹市新川6－20－2杏林大学医学部付属病院内", "url": "https://www.kaigokensaku.mhlw.go.jp/13/index.php?action_kouhyou_detail_004_kani=true&JigyosyoCd=1373600657-00&ServiceCd=170&Type=search", "url2": "http://www.krgroup.co.jp" }, "geometry": { "type": "Point", "coordinates": [ 139.566503199999943, 35.6774804 ] } },
{ "type": "Feature", "properties": { "内容": "株式会社　三鷹ナース・ヘルパーセンター【福祉用具貸与】東京都三鷹市上連雀７－８－２８", "url": "https://www.kaigokensaku.mhlw.go.jp/13/index.php?action_kouhyou_detail_004_kani=true&JigyosyoCd=1373600954-00&ServiceCd=170&Type=search", "url2": "http://mnhc.jp/" }, "geometry": { "type": "Point", "coordinates": [ 139.5529067, 35.6942032 ] } },
{ "type": "Feature", "properties": { "内容": "パナソニックエイジフリーショップ武蔵野三鷹【福祉用具貸与】東京都三鷹市大沢４丁目１０－１９", "url": "https://www.kaigokensaku.mhlw.go.jp/13/index.php?action_kouhyou_detail_004_kani=true&JigyosyoCd=1373601945-00&ServiceCd=170&Type=search", "url2": "http://www.kaigoshop.net/musashino/" }, "geometry": { "type": "Point", "coordinates": [ 139.53770802046364, 35.669182852848557 ] } },
{ "type": "Feature", "properties": { "内容": "ダスキンヘルスレント三鷹ステーション【福祉用具貸与】東京都三鷹市野崎1-14-4エクリーンミタカ101", "url": "https://www.kaigokensaku.mhlw.go.jp/13/index.php?action_kouhyou_detail_004_kani=true&JigyosyoCd=1373602125-00&ServiceCd=170&Type=search", "url2": null }, "geometry": { "type": "Point", "coordinates": [ 139.551888299999973, 35.6814041 ] } },
{ "type": "Feature", "properties": { "内容": "有限会社アイケアーサービス青梅【福祉用具貸与】東京都青梅市東青梅一丁目7番地8", "url": "https://www.kaigokensaku.mhlw.go.jp/13/index.php?action_kouhyou_detail_004_kani=true&JigyosyoCd=1372800910-00&ServiceCd=170&Type=search", "url2": "http://www.ai-care.co.jp" }, "geometry": { "type": "Point", "coordinates": [ 139.27393, 35.7882429 ] } },
{ "type": "Feature", "properties": { "内容": "地域ケアサポートステーション　ここひろ青梅　ここひろショップ【福祉用具貸与】東京都青梅市河辺町1-816-10", "url": "https://www.kaigokensaku.mhlw.go.jp/13/index.php?action_kouhyou_detail_004_kani=true&JigyosyoCd=1372800969-00&ServiceCd=170&Type=search", "url2": "http://www.kokohiro.jp/" }, "geometry": { "type": "Point", "coordinates": [ 139.289843435889566, 35.778149967569 ] } },
{ "type": "Feature", "properties": { "内容": "ふれあい工房青梅営業所【福祉用具貸与】東京都青梅市野上町4-5-7スカイハイツいせひろ　102号", "url": "https://www.kaigokensaku.mhlw.go.jp/13/index.php?action_kouhyou_detail_004_kani=true&JigyosyoCd=1372802098-00&ServiceCd=170&Type=search", "url2": "http://fureaikoubou.jp/" }, "geometry": { "type": "Point", "coordinates": [ 139.288383, 35.7882817 ] } },
{ "type": "Feature", "properties": { "内容": "株式会社セリオ　東京西営業所【福祉用具貸与】東京都府中浅間町4-22-20", "url": "https://www.kaigokensaku.mhlw.go.jp/13/index.php?action_kouhyou_detail_004_kani=true&JigyosyoCd=1371203801-00&ServiceCd=170&Type=search", "url2": "http://serio888.net/" }, "geometry": { "type": "Point", "coordinates": [ 139.456174199999964, 35.6743916 ] } },
{ "type": "Feature", "properties": { "内容": "ＳＯＭＰＯケア　府中　福祉用具【福祉用具貸与】東京都府中市宮西町2-16-2府中第一生命ビル2階", "url": "https://www.kaigokensaku.mhlw.go.jp/13/index.php?action_kouhyou_detail_004_kani=true&JigyosyoCd=1373803806-00&ServiceCd=170&Type=search", "url2": "https://www.sompocare.com" }, "geometry": { "type": "Point", "coordinates": [ 139.478105299999982, 35.669800100000018 ] } },
{ "type": "Feature", "properties": { "内容": "株式会社エム・エス・シー　西東京支援センター【福祉用具貸与】東京都府中市府中町1-12-7センタービル2階", "url": "https://www.kaigokensaku.mhlw.go.jp/13/index.php?action_kouhyou_detail_004_kani=true&JigyosyoCd=1373800083-00&ServiceCd=170&Type=search", "url2": "http://www.msc-gr.co.jp/msc/" }, "geometry": { "type": "Point", "coordinates": [ 139.480461, 35.6734285 ] } },
{ "type": "Feature", "properties": { "内容": "有限会社　ティー・オー・ピー　府中店【福祉用具貸与】東京都府中市矢崎町４－１大東京綜合卸売センター456", "url": "https://www.kaigokensaku.mhlw.go.jp/13/index.php?action_kouhyou_detail_004_kani=true&JigyosyoCd=1373800554-00&ServiceCd=170&Type=search", "url2": null }, "geometry": { "type": "Point", "coordinates": [ 139.478542400000038, 35.658563 ] } },
{ "type": "Feature", "properties": { "内容": "パナソニックエイジフリーショップ府中【福祉用具貸与】東京都府中市小柳町二丁目２９番地２シティコア内海１F", "url": "https://www.kaigokensaku.mhlw.go.jp/13/index.php?action_kouhyou_detail_004_kani=true&JigyosyoCd=1373803368-00&ServiceCd=170&Type=search", "url2": "http://sumai.panasonic.jp/agefree/shop/search/shop_detail.php?shop=970" }, "geometry": { "type": "Point", "coordinates": [ 139.5014122, 35.662093 ] } },
{ "type": "Feature", "properties": { "内容": "フランスベッド株式会社メディカル府中営業所【福祉用具貸与】東京都府中市府中町２－２３－１コーポ碧１０１", "url": "https://www.kaigokensaku.mhlw.go.jp/13/index.php?action_kouhyou_detail_004_kani=true&JigyosyoCd=1373803509-00&ServiceCd=170&Type=search", "url2": "https://www.francebed.co.jp" }, "geometry": { "type": "Point", "coordinates": [ 139.484355, 35.6760561 ] } },
{ "type": "Feature", "properties": { "内容": "株式会社フロンティア府中営業所【福祉用具貸与】東京都府中市片町3-33-2", "url": "https://www.kaigokensaku.mhlw.go.jp/13/index.php?action_kouhyou_detail_004_kani=true&JigyosyoCd=1373803962-00&ServiceCd=170&Type=search", "url2": "https://www.frontier-ph.com/" }, "geometry": { "type": "Point", "coordinates": [ 139.46870450000003, 35.667911400000023 ] } },
{ "type": "Feature", "properties": { "内容": "グッドケア【福祉用具貸与】東京都府中市四谷4-52-31シティハイム小松原103", "url": "https://www.kaigokensaku.mhlw.go.jp/13/index.php?action_kouhyou_detail_004_kani=true&JigyosyoCd=1373804093-00&ServiceCd=170&Type=search", "url2": null }, "geometry": { "type": "Point", "coordinates": [ 139.4398151, 35.6684484 ] } },
{ "type": "Feature", "properties": { "内容": "すりいでぃ府中【福祉用具貸与】東京都府中市清水が丘3-29-4第2糟谷コーポ102", "url": "https://www.kaigokensaku.mhlw.go.jp/13/index.php?action_kouhyou_detail_004_kani=true&JigyosyoCd=1373804242-00&ServiceCd=170&Type=search", "url2": null }, "geometry": { "type": "Point", "coordinates": [ 139.502543300000013, 35.665515 ] } },
{ "type": "Feature", "properties": { "内容": "ケア２１ライフプラス東京西部【福祉用具貸与】東京都府中市分梅町5-30-1１Ｆ", "url": "https://www.kaigokensaku.mhlw.go.jp/13/index.php?action_kouhyou_detail_004_kani=true&JigyosyoCd=1374101200-00&ServiceCd=170&Type=search", "url2": "http://www.care21.co.jp/" }, "geometry": { "type": "Point", "coordinates": [ 139.4649133, 35.661380700000016 ] } },
{ "type": "Feature", "properties": { "内容": "ニック株式会社　府中営業所【福祉用具貸与】東京都府中市清水が丘3-17-2", "url": "https://www.kaigokensaku.mhlw.go.jp/13/index.php?action_kouhyou_detail_004_kani=true&JigyosyoCd=1373802865-00&ServiceCd=170&Type=search", "url2": "http://www.nick-corp.com" }, "geometry": { "type": "Point", "coordinates": [ 139.501995386652197, 35.666642019365739 ] } },
{ "type": "Feature", "properties": { "内容": "剛田レンタル【福祉用具貸与】東京都昭島市美堀町２－１－６", "url": "https://www.kaigokensaku.mhlw.go.jp/13/index.php?action_kouhyou_detail_004_kani=true&JigyosyoCd=1370101642-00&ServiceCd=170&Type=search", "url2": null }, "geometry": { "type": "Point", "coordinates": [ 139.3653366, 35.7237608 ] } },
{ "type": "Feature", "properties": { "内容": "パナソニックエイジフリーショップ　立川【福祉用具貸与】東京都昭島市中神町3-8-28", "url": "https://www.kaigokensaku.mhlw.go.jp/13/index.php?action_kouhyou_detail_004_kani=true&JigyosyoCd=1373000999-00&ServiceCd=170&Type=search", "url2": "http://www.i-can.jp/care-service/index.html" }, "geometry": { "type": "Point", "coordinates": [ 139.370011342704146, 35.698400803296181 ] } },
{ "type": "Feature", "properties": { "内容": "株式会社サカイ・ヘルスケアー昭島店【福祉用具貸与】東京都昭島市昭和町4-11-20", "url": "https://www.kaigokensaku.mhlw.go.jp/13/index.php?action_kouhyou_detail_004_kani=true&JigyosyoCd=1374000188-00&ServiceCd=170&Type=search", "url2": "http://www.sakai-hc.co.jp" }, "geometry": { "type": "Point", "coordinates": [ 139.3623695, 35.7116797 ] } },
{ "type": "Feature", "properties": { "内容": "西東京メディカル株式会社【福祉用具貸与】東京都昭島市田中町2-28-43", "url": "https://www.kaigokensaku.mhlw.go.jp/13/index.php?action_kouhyou_detail_004_kani=true&JigyosyoCd=1374000253-00&ServiceCd=170&Type=search", "url2": null }, "geometry": { "type": "Point", "coordinates": [ 139.351312399999983, 35.7050024 ] } },
{ "type": "Feature", "properties": { "内容": "有限会社　エイチビーエル【福祉用具貸与】東京都昭島市中神町１１４５－３キマチビル１０１号", "url": "https://www.kaigokensaku.mhlw.go.jp/13/index.php?action_kouhyou_detail_004_kani=true&JigyosyoCd=1374000535-00&ServiceCd=170&Type=search", "url2": null }, "geometry": { "type": "Point", "coordinates": [ 139.376284239564484, 35.713950349225684 ] } },
{ "type": "Feature", "properties": { "内容": "あいサンテ【福祉用具貸与】東京都昭島市中神町1157-17小路ビル２F", "url": "https://www.kaigokensaku.mhlw.go.jp/13/index.php?action_kouhyou_detail_004_kani=true&JigyosyoCd=1374000766-00&ServiceCd=170&Type=search", "url2": null }, "geometry": { "type": "Point", "coordinates": [ 139.375360597344979, 35.712450323124848 ] } },
{ "type": "Feature", "properties": { "内容": "メディケアセンター昭島【福祉用具貸与】東京都昭島市松原町2-12-11", "url": "https://www.kaigokensaku.mhlw.go.jp/13/index.php?action_kouhyou_detail_004_kani=true&JigyosyoCd=1374001533-00&ServiceCd=170&Type=search", "url2": "http://www.mc-tehart.com/" }, "geometry": { "type": "Point", "coordinates": [ 139.348728899999969, 35.7149817 ] } },
{ "type": "Feature", "properties": { "内容": "ケアセンターほのほの【福祉用具貸与】東京都昭島市中神町1148-144エスペランサ昭島1Ｆ", "url": "https://www.kaigokensaku.mhlw.go.jp/13/index.php?action_kouhyou_detail_004_kani=true&JigyosyoCd=1374001772-00&ServiceCd=170&Type=search", "url2": "http://www.honohono-llc.com" }, "geometry": { "type": "Point", "coordinates": [ 139.377970432506118, 35.713081843605501 ] } },
{ "type": "Feature", "properties": { "内容": "フランスベッド株式会社　メディカル昭島営業所【福祉用具貸与】東京都昭島市緑町5-19-10", "url": "https://www.kaigokensaku.mhlw.go.jp/13/index.php?action_kouhyou_detail_004_kani=true&JigyosyoCd=1374001897-00&ServiceCd=170&Type=search", "url2": null }, "geometry": { "type": "Point", "coordinates": [ 139.338169310657491, 35.714677922865995 ] } },
{ "type": "Feature", "properties": { "内容": "アースサポート調布【福祉用具貸与】東京都調布市東つつじヶ丘1丁目5番2号", "url": "https://www.kaigokensaku.mhlw.go.jp/13/index.php?action_kouhyou_detail_004_kani=true&JigyosyoCd=1374200861-00&ServiceCd=170&Type=search", "url2": "https://www.earthsupport.co.jp" }, "geometry": { "type": "Point", "coordinates": [ 139.576053300000012, 35.6596633 ] } },
{ "type": "Feature", "properties": { "内容": "フランスベッド株式会社メディカル調布営業所【福祉用具貸与】東京都調布市菊野台１－２－１", "url": "https://www.kaigokensaku.mhlw.go.jp/13/index.php?action_kouhyou_detail_004_kani=true&JigyosyoCd=1374201943-00&ServiceCd=170&Type=search", "url2": null }, "geometry": { "type": "Point", "coordinates": [ 139.562985600000047, 35.6534976 ] } },
{ "type": "Feature", "properties": { "内容": "ケアウェル調布店【福祉用具貸与】東京都調布市深大寺南５－４６－４", "url": "https://www.kaigokensaku.mhlw.go.jp/13/index.php?action_kouhyou_detail_004_kani=true&JigyosyoCd=1374202727-00&ServiceCd=170&Type=search", "url2": "http://www.carewell.co.jp" }, "geometry": { "type": "Point", "coordinates": [ 139.559643199999982, 35.6667567 ] } },
{ "type": "Feature", "properties": { "内容": "株式会社ヤマシタ調布営業所【福祉用具貸与】東京都調布市布田1－45－6調布東口ビル201", "url": "https://www.kaigokensaku.mhlw.go.jp/13/index.php?action_kouhyou_detail_004_kani=true&JigyosyoCd=1374203576-00&ServiceCd=170&Type=search", "url2": "https://yco.co.jp" }, "geometry": { "type": "Point", "coordinates": [ 139.5456921, 35.6524355 ] } },
{ "type": "Feature", "properties": { "内容": "株式会社愛安住　調布営業所【福祉用具貸与】東京都調布市布田３－４５－６", "url": "https://www.kaigokensaku.mhlw.go.jp/13/index.php?action_kouhyou_detail_004_kani=true&JigyosyoCd=1374203659-00&ServiceCd=170&Type=search", "url2": "https://www.aianju.co.jp" }, "geometry": { "type": "Point", "coordinates": [ 139.550740931693667, 35.649765591025563 ] } },
{ "type": "Feature", "properties": { "内容": "株式会社カンパニュラ【福祉用具貸与】東京都調布市上石原3-56-16", "url": "https://www.kaigokensaku.mhlw.go.jp/13/index.php?action_kouhyou_detail_004_kani=true&JigyosyoCd=1375100458-00&ServiceCd=170&Type=search", "url2": "http://campanula-group.com" }, "geometry": { "type": "Point", "coordinates": [ 139.52354602531716, 35.648534282381959 ] } },
{ "type": "Feature", "properties": { "内容": "こうけん【福祉用具貸与】東京都町田市常盤町3650-6チェリーハイツ202", "url": "https://www.kaigokensaku.mhlw.go.jp/13/index.php?action_kouhyou_detail_004_kani=true&JigyosyoCd=1373207214-00&ServiceCd=170&Type=search", "url2": "http://hp.kaipoke.biz/6zh/" }, "geometry": { "type": "Point", "coordinates": [ 139.4069102, 35.5831079 ] } },
{ "type": "Feature", "properties": { "内容": "クリエーティブカミヤ株式会社　町田営業所【福祉用具貸与】東京都町田市つくし野3-4-8", "url": "https://www.kaigokensaku.mhlw.go.jp/13/index.php?action_kouhyou_detail_004_kani=true&JigyosyoCd=1373201399-00&ServiceCd=170&Type=search", "url2": "http://www.c-kamiya.co.jp/" }, "geometry": { "type": "Point", "coordinates": [ 139.48147791975714, 35.523317125335296 ] } },
{ "type": "Feature", "properties": { "内容": "株式会社エスティサービス【福祉用具貸与】東京都町田市南町田5-3-60", "url": "https://www.kaigokensaku.mhlw.go.jp/13/index.php?action_kouhyou_detail_004_kani=true&JigyosyoCd=1371206689-00&ServiceCd=170&Type=search", "url2": "http://www.st-service.co.jp/" }, "geometry": { "type": "Point", "coordinates": [ 139.475186900000011, 35.5131533 ] } },
{ "type": "Feature", "properties": { "内容": "ネクスタス東京株式会社　町田営業所【福祉用具貸与】東京都町田市金井8丁目17-3", "url": "https://www.kaigokensaku.mhlw.go.jp/13/index.php?action_kouhyou_detail_004_kani=true&JigyosyoCd=1373200920-00&ServiceCd=170&Type=search", "url2": "https://www.nextus-japan.com/" }, "geometry": { "type": "Point", "coordinates": [ 139.469215100000014, 35.5770741 ] } },
{ "type": "Feature", "properties": { "内容": "ハートショップ【福祉用具貸与】東京都町田市成瀬7-10-6成瀬団地6-106", "url": "https://www.kaigokensaku.mhlw.go.jp/13/index.php?action_kouhyou_detail_004_kani=true&JigyosyoCd=1373204245-00&ServiceCd=170&Type=search", "url2": "https://ha-to-kaigo.com/" }, "geometry": { "type": "Point", "coordinates": [ 139.4743916, 35.5416389 ] } },
{ "type": "Feature", "properties": { "内容": "株式会社イノベイションオブメディカルサービス　町田営業所【福祉用具貸与】東京都町田市野津田町1060", "url": "https://www.kaigokensaku.mhlw.go.jp/13/index.php?action_kouhyou_detail_004_kani=true&JigyosyoCd=1373204674-00&ServiceCd=170&Type=search", "url2": "http://www.ims-inc.co.jp/" }, "geometry": { "type": "Point", "coordinates": [ 139.45586579999997, 35.5884964 ] } },
{ "type": "Feature", "properties": { "内容": "シェアーズ【福祉用具貸与】東京都町田市山崎町2200山崎団地3-18-108", "url": "https://www.kaigokensaku.mhlw.go.jp/13/index.php?action_kouhyou_detail_004_kani=true&JigyosyoCd=1373205457-00&ServiceCd=170&Type=search", "url2": null }, "geometry": { "type": "Point", "coordinates": [ 139.435668589965871, 35.56866058132178 ] } },
{ "type": "Feature", "properties": { "内容": "＆ココシア介護サービス【福祉用具貸与】東京都町田市小川1-13-20ハロービズハウス町田小川6号室", "url": "https://www.kaigokensaku.mhlw.go.jp/13/index.php?action_kouhyou_detail_004_kani=true&JigyosyoCd=1373207008-00&ServiceCd=170&Type=search", "url2": "https://cocoxia.biz/" }, "geometry": { "type": "Point", "coordinates": [ 139.474180029083243, 35.528020408569866 ] } },
{ "type": "Feature", "properties": { "内容": "taskwell介護福祉用具事業所【福祉用具貸与】東京都町田市原町田4－27－32", "url": "https://www.kaigokensaku.mhlw.go.jp/13/index.php?action_kouhyou_detail_004_kani=true&JigyosyoCd=1373207271-00&ServiceCd=170&Type=search", "url2": null }, "geometry": { "type": "Point", "coordinates": [ 139.454691471827715, 35.543585585634752 ] } },
{ "type": "Feature", "properties": { "内容": "ゆいま～るめぐみ【福祉用具貸与】東京都町田市原町田5-8-9", "url": "https://www.kaigokensaku.mhlw.go.jp/13/index.php?action_kouhyou_detail_004_kani=true&JigyosyoCd=1373201910-00&ServiceCd=170&Type=search", "url2": "http://www.megumi-net.gr.jp/" }, "geometry": { "type": "Point", "coordinates": [ 139.450267599999961, 35.5462617 ] } },
{ "type": "Feature", "properties": { "内容": "フランスベッド株式会社　メディカル町田営業所【福祉用具貸与】東京都町田市原町田2-3-1守屋ビル103号", "url": "https://www.kaigokensaku.mhlw.go.jp/13/index.php?action_kouhyou_detail_004_kani=true&JigyosyoCd=1373204294-00&ServiceCd=170&Type=search", "url2": "http://www.francebed.co.jp/" }, "geometry": { "type": "Point", "coordinates": [ 139.452492450639397, 35.539114863788583 ] } },
{ "type": "Feature", "properties": { "内容": "よつばの福祉用具【福祉用具貸与】東京都町田市大蔵町245-1グリーンハイツ201", "url": "https://www.kaigokensaku.mhlw.go.jp/13/index.php?action_kouhyou_detail_004_kani=true&JigyosyoCd=1373207461-00&ServiceCd=170&Type=search", "url2": "https://yotsuba-yogu.com/" }, "geometry": { "type": "Point", "coordinates": [ 139.473331232572463, 35.5844737618689 ] } },
{ "type": "Feature", "properties": { "内容": "泉心会メディカルサポート【福祉用具貸与】東京都町田市原町田6-28-16フジビル88　2階", "url": "https://www.kaigokensaku.mhlw.go.jp/13/index.php?action_kouhyou_detail_004_kani=true&JigyosyoCd=1373207693-00&ServiceCd=170&Type=search", "url2": "https://medical.sensinkai.com/" }, "geometry": { "type": "Point", "coordinates": [ 139.447728399999988, 35.5454265 ] } },
{ "type": "Feature", "properties": { "内容": "介護ショップすまいふる町田相模原【福祉用具貸与】東京都町田市忠生4丁目9番地1号町田ガス㈱本社ビル3F", "url": "https://www.kaigokensaku.mhlw.go.jp/13/index.php?action_kouhyou_detail_004_kani=true&JigyosyoCd=1373201647-00&ServiceCd=170&Type=search", "url2": "https://machida-gas.co.jp/" }, "geometry": { "type": "Point", "coordinates": [ 139.408958704940801, 35.579192497103328 ] } },
{ "type": "Feature", "properties": { "内容": "さわやかケア町田・福祉用具【福祉用具貸与】東京都町田市森野４－１７－２３渋谷ビル２階ーA", "url": "https://www.kaigokensaku.mhlw.go.jp/13/index.php?action_kouhyou_detail_004_kani=true&JigyosyoCd=1373203866-00&ServiceCd=170&Type=search", "url2": "http://www.welcia-partners.co.jp" }, "geometry": { "type": "Point", "coordinates": [ 139.435810299999957, 35.5551551 ] } },
{ "type": "Feature", "properties": { "内容": "株式会社トーカイ　町田支店【福祉用具貸与】東京都町田市小川6-26-48", "url": "https://www.kaigokensaku.mhlw.go.jp/13/index.php?action_kouhyou_detail_004_kani=true&JigyosyoCd=1373204070-00&ServiceCd=170&Type=search", "url2": "http://www.tokai-corp.com/" }, "geometry": { "type": "Point", "coordinates": [ 139.474275700000021, 35.5186401 ] } },
{ "type": "Feature", "properties": { "内容": "Re・Try【福祉用具貸与】東京都小金井市桜町2-1-42日生住宅小金井マンション101", "url": "https://www.kaigokensaku.mhlw.go.jp/13/index.php?action_kouhyou_detail_004_kani=true&JigyosyoCd=1374101952-00&ServiceCd=170&Type=search", "url2": "https://retry-web.jimdosite.com/" }, "geometry": { "type": "Point", "coordinates": [ 139.5076291, 35.7104167 ] } },
{ "type": "Feature", "properties": { "内容": "株式会社クリエイティブオフィス【福祉用具貸与】東京都小平市津田町２丁目２番５号阿部工業ビル", "url": "https://www.kaigokensaku.mhlw.go.jp/13/index.php?action_kouhyou_detail_004_kani=true&JigyosyoCd=1374300687-00&ServiceCd=170&Type=search", "url2": "http://www.creative-office.co.jp/" }, "geometry": { "type": "Point", "coordinates": [ 139.46537197605744, 35.724488077503366 ] } },
{ "type": "Feature", "properties": { "内容": "フランスベッド株式会社　メディカル小平営業所【福祉用具貸与】東京都小平市天神町4-1-1メディカレント東京3F", "url": "https://www.kaigokensaku.mhlw.go.jp/13/index.php?action_kouhyou_detail_004_kani=true&JigyosyoCd=1374303574-00&ServiceCd=170&Type=search", "url2": "http://www.francebed.co.jp" }, "geometry": { "type": "Point", "coordinates": [ 139.4963166, 35.727032800000018 ] } },
{ "type": "Feature", "properties": { "内容": "けやきサポート多摩【福祉用具貸与】東京都小平市小川町1-459-10サルーンマンションオザキ", "url": "https://www.kaigokensaku.mhlw.go.jp/13/index.php?action_kouhyou_detail_004_kani=true&JigyosyoCd=1374303095-00&ServiceCd=170&Type=search", "url2": "http://hp.kaipoke.biz/sch/" }, "geometry": { "type": "Point", "coordinates": [ 139.4423756, 35.7303133 ] } },
{ "type": "Feature", "properties": { "内容": "ハピネスパートナー【福祉用具貸与】東京都小平市学園西町1-2-28", "url": "https://www.kaigokensaku.mhlw.go.jp/13/index.php?action_kouhyou_detail_004_kani=true&JigyosyoCd=1374301610-00&ServiceCd=170&Type=search", "url2": "http://www.happiness-partner.jp/" }, "geometry": { "type": "Point", "coordinates": [ 139.480084199999965, 35.7173149 ] } },
{ "type": "Feature", "properties": { "内容": "ふれあい工房　小平営業所【福祉用具貸与】東京都小平市学園東町2-7-16ファミーユアカシア店舗C号", "url": "https://www.kaigokensaku.mhlw.go.jp/13/index.php?action_kouhyou_detail_004_kani=true&JigyosyoCd=1374302071-00&ServiceCd=170&Type=search", "url2": "http://fureaikoubou.jp/" }, "geometry": { "type": "Point", "coordinates": [ 139.487725761376964, 35.7239873706475 ] } },
{ "type": "Feature", "properties": { "内容": "介護の三ツ矢天狗【福祉用具貸与】東京都日野市東平山2-10-14", "url": "https://www.kaigokensaku.mhlw.go.jp/13/index.php?action_kouhyou_detail_004_kani=true&JigyosyoCd=1373503265-00&ServiceCd=170&Type=search", "url2": "https://www.yuzawa-kikaku.co.jp/" }, "geometry": { "type": "Point", "coordinates": [ 139.377673707409684, 35.652366744064473 ] } },
{ "type": "Feature", "properties": { "内容": "多摩ケア・サポート有限会社【福祉用具貸与】東京都日野市栄町4丁目27番地の8", "url": "https://www.kaigokensaku.mhlw.go.jp/13/index.php?action_kouhyou_detail_004_kani=true&JigyosyoCd=1373001377-00&ServiceCd=170&Type=search", "url2": null }, "geometry": { "type": "Point", "coordinates": [ 139.384549493673944, 35.68553222821059 ] } },
{ "type": "Feature", "properties": { "内容": "ふれあい介護ショップりんりん【福祉用具貸与】東京都日野市多摩平4-1-18", "url": "https://www.kaigokensaku.mhlw.go.jp/13/index.php?action_kouhyou_detail_004_kani=true&JigyosyoCd=1373500386-00&ServiceCd=170&Type=search", "url2": "https://www.rinrin-hino.com" }, "geometry": { "type": "Point", "coordinates": [ 139.379102900000021, 35.6650129 ] } },
{ "type": "Feature", "properties": { "内容": "パナソニックエイジフリーショップ日野【福祉用具貸与】東京都日野市多摩平３丁目２番１３", "url": "https://www.kaigokensaku.mhlw.go.jp/13/index.php?action_kouhyou_detail_004_kani=true&JigyosyoCd=1373500634-00&ServiceCd=170&Type=search", "url2": "http://www.i-can.jp/kaigo/" }, "geometry": { "type": "Point", "coordinates": [ 139.377486200000021, 35.6665933 ] } },
{ "type": "Feature", "properties": { "内容": "ひまわり館　多摩営業所【福祉用具貸与】東京都日野市多摩平1-14-100", "url": "https://www.kaigokensaku.mhlw.go.jp/13/index.php?action_kouhyou_detail_004_kani=true&JigyosyoCd=1373502663-00&ServiceCd=170&Type=search", "url2": "https://www.himawarikan.co.jp/" }, "geometry": { "type": "Point", "coordinates": [ 139.378763381506388, 35.660526239375912 ] } },
{ "type": "Feature", "properties": { "内容": "エヌエイド【福祉用具貸与】東京都日野市平山6-21-7", "url": "https://www.kaigokensaku.mhlw.go.jp/13/index.php?action_kouhyou_detail_004_kani=true&JigyosyoCd=1373503034-00&ServiceCd=170&Type=search", "url2": null }, "geometry": { "type": "Point", "coordinates": [ 139.379734, 35.6433008 ] } },
{ "type": "Feature", "properties": { "内容": "たぐケアショップ【福祉用具貸与】東京都日野市東豊田3-8-2サンコーポ山崎203", "url": "https://www.kaigokensaku.mhlw.go.jp/13/index.php?action_kouhyou_detail_004_kani=true&JigyosyoCd=1373503125-00&ServiceCd=170&Type=search", "url2": null }, "geometry": { "type": "Point", "coordinates": [ 139.3911186, 35.661205699999989 ] } },
{ "type": "Feature", "properties": { "内容": "ニック株式会社　多摩営業所【福祉用具貸与】東京都日野市東豊田3-11-6", "url": "https://www.kaigokensaku.mhlw.go.jp/13/index.php?action_kouhyou_detail_004_kani=true&JigyosyoCd=1373500188-00&ServiceCd=170&Type=search", "url2": "http://www.nick-corp.com/" }, "geometry": { "type": "Point", "coordinates": [ 139.385383441294834, 35.663295443303696 ] } },
{ "type": "Feature", "properties": { "内容": "株式会社コボリン【福祉用具貸与】東京都東村山市野口町2-18-5", "url": "https://www.kaigokensaku.mhlw.go.jp/13/index.php?action_kouhyou_detail_004_kani=true&JigyosyoCd=1372702652-00&ServiceCd=170&Type=search", "url2": "https://koborin.com/" }, "geometry": { "type": "Point", "coordinates": [ 139.4565507, 35.75776840000001 ] } },
{ "type": "Feature", "properties": { "内容": "株式会社清心　セイシン・ケアサポート【福祉用具貸与】東京都東村山市久米川町４丁目１４番地１１２", "url": "https://www.kaigokensaku.mhlw.go.jp/13/index.php?action_kouhyou_detail_004_kani=true&JigyosyoCd=1372701076-00&ServiceCd=170&Type=search", "url2": "http://www.kk-seishin.jp" }, "geometry": { "type": "Point", "coordinates": [ 139.470354914225027, 35.762545402972968 ] } },
{ "type": "Feature", "properties": { "内容": "シンヨーケアサービス【福祉用具貸与】東京都東村山市本町4丁目3-5", "url": "https://www.kaigokensaku.mhlw.go.jp/13/index.php?action_kouhyou_detail_004_kani=true&JigyosyoCd=1372700474-00&ServiceCd=170&Type=search", "url2": "http://www.sinyocare.co.jp" }, "geometry": { "type": "Point", "coordinates": [ 139.470972499999988, 35.7523234 ] } },
{ "type": "Feature", "properties": { "内容": "ふれあい工房　東村山営業所【福祉用具貸与】東京都東村山市本町4丁目12番地9アメニティ・パレスM101号室", "url": "https://www.kaigokensaku.mhlw.go.jp/13/index.php?action_kouhyou_detail_004_kani=true&JigyosyoCd=1372700995-00&ServiceCd=170&Type=search", "url2": "http://fureaikoubou.jp/" }, "geometry": { "type": "Point", "coordinates": [ 139.471350388128144, 35.752380771409349 ] } },
{ "type": "Feature", "properties": { "内容": "フランスベッド株式会社メディカル東村山営業所【福祉用具貸与】東京都東村山市野口町1-4-38", "url": "https://www.kaigokensaku.mhlw.go.jp/13/index.php?action_kouhyou_detail_004_kani=true&JigyosyoCd=1372701290-00&ServiceCd=170&Type=search", "url2": null }, "geometry": { "type": "Point", "coordinates": [ 139.466108599999984, 35.7633931 ] } },
{ "type": "Feature", "properties": { "内容": "ダスキンヘルスレント北多摩ステーション【福祉用具貸与】東京都東村山市栄町１－１１－３７", "url": "https://www.kaigokensaku.mhlw.go.jp/13/index.php?action_kouhyou_detail_004_kani=true&JigyosyoCd=1372702132-00&ServiceCd=170&Type=search", "url2": null }, "geometry": { "type": "Point", "coordinates": [ 139.474811100000011, 35.7483614 ] } },
{ "type": "Feature", "properties": { "内容": "株式会社ｳｨｽﾞｹｱﾒﾃﾞｨｶﾙ【福祉用具貸与】東京都東村山市久米川町4-42-4", "url": "https://www.kaigokensaku.mhlw.go.jp/13/index.php?action_kouhyou_detail_004_kani=true&JigyosyoCd=1372701498-00&ServiceCd=170&Type=search", "url2": "http://www.withcare-medical.com/" }, "geometry": { "type": "Point", "coordinates": [ 139.470185838731396, 35.765920928085535 ] } },
{ "type": "Feature", "properties": { "内容": "株式会社　住まいるケアー【福祉用具貸与】東京都国分寺市西町5丁目２１－２５", "url": "https://www.kaigokensaku.mhlw.go.jp/13/index.php?action_kouhyou_detail_004_kani=true&JigyosyoCd=1373101458-00&ServiceCd=170&Type=search", "url2": null }, "geometry": { "type": "Point", "coordinates": [ 139.431871499999943, 35.7144145 ] } },
{ "type": "Feature", "properties": { "内容": "福祉用具事業所トラスト【福祉用具貸与】東京都国分寺市本多一丁目1番20号", "url": "https://www.kaigokensaku.mhlw.go.jp/13/index.php?action_kouhyou_detail_004_kani=true&JigyosyoCd=1373101987-00&ServiceCd=170&Type=search", "url2": "https://randc.tokyo/trust/" }, "geometry": { "type": "Point", "coordinates": [ 139.4842679, 35.7027355 ] } },
{ "type": "Feature", "properties": { "内容": "心和【福祉用具貸与】東京都国分寺市戸倉1-2-13", "url": "https://www.kaigokensaku.mhlw.go.jp/13/index.php?action_kouhyou_detail_004_kani=true&JigyosyoCd=1373102001-00&ServiceCd=170&Type=search", "url2": "https://www.koyori.info" }, "geometry": { "type": "Point", "coordinates": [ 139.463429649073817, 35.711627503001324 ] } },
{ "type": "Feature", "properties": { "内容": "たけなか【福祉用具貸与】東京都国分寺市東恋ヶ窪4-22-3ラサ国分寺B号館105号室", "url": "https://www.kaigokensaku.mhlw.go.jp/13/index.php?action_kouhyou_detail_004_kani=true&JigyosyoCd=1373102043-00&ServiceCd=170&Type=search", "url2": "https://www.takenaka-kk.site" }, "geometry": { "type": "Point", "coordinates": [ 139.469566776243113, 35.711285642217128 ] } },
{ "type": "Feature", "properties": { "内容": "株式会社ヤマシタ　国分寺営業所【福祉用具貸与】東京都国分寺市日吉町3-1-19", "url": "https://www.kaigokensaku.mhlw.go.jp/13/index.php?action_kouhyou_detail_004_kani=true&JigyosyoCd=1373800125-00&ServiceCd=170&Type=search", "url2": "http://www.yco.co.jp" }, "geometry": { "type": "Point", "coordinates": [ 139.459561121923798, 35.70459664615808 ] } },
{ "type": "Feature", "properties": { "内容": "福祉用具猫の手【福祉用具貸与】東京都国分寺市西恋ヶ窪1-43-3第二立石荘106", "url": "https://www.kaigokensaku.mhlw.go.jp/13/index.php?action_kouhyou_detail_004_kani=true&JigyosyoCd=1373102126-00&ServiceCd=170&Type=search", "url2": "https://nekonote20200831.amebaownd.com/" }, "geometry": { "type": "Point", "coordinates": [ 139.4673799, 35.703232 ] } },
{ "type": "Feature", "properties": { "内容": "すりいでぃ国立【福祉用具貸与】東京都国立市富士見台2-2-5サンフォーレ国立101", "url": "https://www.kaigokensaku.mhlw.go.jp/13/index.php?action_kouhyou_detail_004_kani=true&JigyosyoCd=1373400496-00&ServiceCd=170&Type=search", "url2": "http://www.three-dimension.com/" }, "geometry": { "type": "Point", "coordinates": [ 139.4470374, 35.6852561 ] } },
{ "type": "Feature", "properties": { "内容": "株式会社　イノベイションオブメディカルサービス　国立営業所【福祉用具貸与】東京都国立市泉3-26-17", "url": "https://www.kaigokensaku.mhlw.go.jp/13/index.php?action_kouhyou_detail_004_kani=true&JigyosyoCd=1373400959-00&ServiceCd=170&Type=search", "url2": "http://www.ims-inc.co.jp/" }, "geometry": { "type": "Point", "coordinates": [ 139.42654820000007, 35.678221 ] } },
{ "type": "Feature", "properties": { "内容": "つくし【福祉用具貸与】東京都福生市志茂14-1ロードサイド福生B号室", "url": "https://www.kaigokensaku.mhlw.go.jp/13/index.php?action_kouhyou_detail_004_kani=true&JigyosyoCd=1374401014-00&ServiceCd=170&Type=search", "url2": null }, "geometry": { "type": "Point", "coordinates": [ 139.329082651589943, 35.735019673355879 ] } },
{ "type": "Feature", "properties": { "内容": "シルバーはあと福生【福祉用具貸与】東京都福生市志茂57-1", "url": "https://www.kaigokensaku.mhlw.go.jp/13/index.php?action_kouhyou_detail_004_kani=true&JigyosyoCd=1374400792-00&ServiceCd=170&Type=search", "url2": "https://www.silver-heart.jp/" }, "geometry": { "type": "Point", "coordinates": [ 139.32945159999997, 35.7349343 ] } },
{ "type": "Feature", "properties": { "内容": "さわやか福祉用具【福祉用具貸与】東京都福生市志茂169-1ﾗｲｵﾝｽﾞﾏﾝｼｮﾝ福生105", "url": "https://www.kaigokensaku.mhlw.go.jp/13/index.php?action_kouhyou_detail_004_kani=true&JigyosyoCd=1374400925-00&ServiceCd=170&Type=search", "url2": null }, "geometry": { "type": "Point", "coordinates": [ 139.329254100000014, 35.7378 ] } },
{ "type": "Feature", "properties": { "内容": "株式会社まざらん【福祉用具貸与】東京都狛江市東和泉1-3－15サトービル303", "url": "https://www.kaigokensaku.mhlw.go.jp/13/index.php?action_kouhyou_detail_004_kani=true&JigyosyoCd=1370402990-00&ServiceCd=170&Type=search", "url2": "http://www.mazaran.com" }, "geometry": { "type": "Point", "coordinates": [ 139.580672799999974, 35.6326895 ] } },
{ "type": "Feature", "properties": { "内容": "ヘルパーステーション　フォーユー【福祉用具貸与】東京都狛江市和泉本町1-6-15エスポワール狛江102", "url": "https://www.kaigokensaku.mhlw.go.jp/13/index.php?action_kouhyou_detail_004_kani=true&JigyosyoCd=1374500286-00&ServiceCd=170&Type=search", "url2": null }, "geometry": { "type": "Point", "coordinates": [ 139.578921300000047, 35.6354892 ] } },
{ "type": "Feature", "properties": { "内容": "ケイホスピア株式会社　多摩川営業所【福祉用具貸与】東京都狛江市和泉本町4-9-51F", "url": "https://www.kaigokensaku.mhlw.go.jp/13/index.php?action_kouhyou_detail_004_kani=true&JigyosyoCd=1374501458-00&ServiceCd=170&Type=search", "url2": "http://www.hospia.co.jp" }, "geometry": { "type": "Point", "coordinates": [ 139.568522699999988, 35.6423911 ] } },
{ "type": "Feature", "properties": { "内容": "村山大和レンタルケアステーション【福祉用具貸与】東京都東大和市南街2-49-3", "url": "https://www.kaigokensaku.mhlw.go.jp/13/index.php?action_kouhyou_detail_004_kani=true&JigyosyoCd=1374601001-00&ServiceCd=170&Type=search", "url2": "https://yamatokai.or.jp/supportcenter/service/rental.html" }, "geometry": { "type": "Point", "coordinates": [ 120.191066399999954, 22.9777645 ] } },
{ "type": "Feature", "properties": { "内容": "イコールケアプロダクツ【福祉用具貸与】東京都東大和市仲原1-6-2", "url": "https://www.kaigokensaku.mhlw.go.jp/13/index.php?action_kouhyou_detail_004_kani=true&JigyosyoCd=1374600961-00&ServiceCd=170&Type=search", "url2": "http://e-equal.jp" }, "geometry": { "type": "Point", "coordinates": [ 139.444258802577224, 35.74362589408949 ] } },
{ "type": "Feature", "properties": { "内容": "株式会社　イノベイションオブメディカルサービス東大和営業所【福祉用具貸与】東京都東大和市向原４－３４－７", "url": "https://www.kaigokensaku.mhlw.go.jp/13/index.php?action_kouhyou_detail_004_kani=true&JigyosyoCd=1374601035-00&ServiceCd=170&Type=search", "url2": "http://www.ims-inc.co.jp/" }, "geometry": { "type": "Point", "coordinates": [ 139.444386399999985, 35.7357009 ] } },
{ "type": "Feature", "properties": { "内容": "株式会社ホームケアセンターイワサキ【福祉用具貸与】東京都清瀬市中里3-1118-1", "url": "https://www.kaigokensaku.mhlw.go.jp/13/index.php?action_kouhyou_detail_004_kani=true&JigyosyoCd=1374700399-00&ServiceCd=170&Type=search", "url2": "http://www.hcc-iwasaki.co.jp" }, "geometry": { "type": "Point", "coordinates": [ 139.515961899999979, 35.7822667 ] } },
{ "type": "Feature", "properties": { "内容": "ＡＩＫＥＡ【福祉用具貸与】東京都清瀬市中里１丁目７４６", "url": "https://www.kaigokensaku.mhlw.go.jp/13/index.php?action_kouhyou_detail_004_kani=true&JigyosyoCd=1374701132-00&ServiceCd=170&Type=search", "url2": "https://www.aikea.jp/" }, "geometry": { "type": "Point", "coordinates": [ 139.51153469999997, 35.7766868 ] } },
{ "type": "Feature", "properties": { "内容": "パナソニックエイジフリーショップ花小金井【福祉用具貸与】東京都東久留米市南町１－１２－６４", "url": "https://www.kaigokensaku.mhlw.go.jp/13/index.php?action_kouhyou_detail_004_kani=true&JigyosyoCd=1374301008-00&ServiceCd=170&Type=search", "url2": "http://www.medical-station.jp" }, "geometry": { "type": "Point", "coordinates": [ 139.528853700000013, 35.7407497 ] } },
{ "type": "Feature", "properties": { "内容": "しらさぎ介護ショップ【福祉用具貸与】東京都東久留米市東本町１４－１９", "url": "https://www.kaigokensaku.mhlw.go.jp/13/index.php?action_kouhyou_detail_004_kani=true&JigyosyoCd=1374800421-00&ServiceCd=170&Type=search", "url2": null }, "geometry": { "type": "Point", "coordinates": [ 139.5356663, 35.7630361 ] } },
{ "type": "Feature", "properties": { "内容": "ふれあい工房　東久留米営業所【福祉用具貸与】東京都東久留米市前沢4丁目9番地6小寺ビルＥ号", "url": "https://www.kaigokensaku.mhlw.go.jp/13/index.php?action_kouhyou_detail_004_kani=true&JigyosyoCd=1374801643-00&ServiceCd=170&Type=search", "url2": "http://fureaikoubou.jp/" }, "geometry": { "type": "Point", "coordinates": [ 139.512166200000024, 35.7424518 ] } },
{ "type": "Feature", "properties": { "内容": "陽だまり　福祉用具　東久留米【福祉用具貸与】東京都東久留米市幸町1-1-4つくばビル2Ｆ", "url": "https://www.kaigokensaku.mhlw.go.jp/13/index.php?action_kouhyou_detail_004_kani=true&JigyosyoCd=1374802021-00&ServiceCd=170&Type=search", "url2": "http://tanashi-hidamari.com/" }, "geometry": { "type": "Point", "coordinates": [ 139.5267311, 35.759355700000022 ] } },
{ "type": "Feature", "properties": { "内容": "株式会社CUDDLEUP【福祉用具貸与】東京都武蔵村山市三ツ木２丁目44番26号ドミール102", "url": "https://www.kaigokensaku.mhlw.go.jp/13/index.php?action_kouhyou_detail_004_kani=true&JigyosyoCd=1374901526-00&ServiceCd=170&Type=search", "url2": null }, "geometry": { "type": "Point", "coordinates": [ 139.3704783, 35.7593689 ] } },
{ "type": "Feature", "properties": { "内容": "マザーズハウス福祉用具【福祉用具貸与】東京都武蔵村山市中原2-10-19", "url": "https://www.kaigokensaku.mhlw.go.jp/13/index.php?action_kouhyou_detail_004_kani=true&JigyosyoCd=1373002383-00&ServiceCd=170&Type=search", "url2": "http://mothershouse.jp" }, "geometry": { "type": "Point", "coordinates": [ 139.363133499999975, 35.7592998 ] } },
{ "type": "Feature", "properties": { "内容": "ふれあい工房　武蔵村山営業所【福祉用具貸与】東京都武蔵村山市大南2丁目47番地14ｳﾞｧｰﾀﾞｰCA号室", "url": "https://www.kaigokensaku.mhlw.go.jp/13/index.php?action_kouhyou_detail_004_kani=true&JigyosyoCd=1374901369-00&ServiceCd=170&Type=search", "url2": "http://fureaikoubou.jp/" }, "geometry": { "type": "Point", "coordinates": [ 139.404244400000039, 35.7407083 ] } },
{ "type": "Feature", "properties": { "内容": "株式会社シルバーアシスト【福祉用具貸与】東京都多摩市落合3-9-1小山ハイツ1Ｆ", "url": "https://www.kaigokensaku.mhlw.go.jp/13/index.php?action_kouhyou_detail_004_kani=true&JigyosyoCd=1375000492-00&ServiceCd=170&Type=search", "url2": "http://www.kaigo21.co.jp" }, "geometry": { "type": "Point", "coordinates": [ 139.428194100000042, 35.6201856 ] } },
{ "type": "Feature", "properties": { "内容": "ダスキンヘルスレント多摩東ステーション【福祉用具貸与】東京都多摩市落合1-21-10", "url": "https://www.kaigokensaku.mhlw.go.jp/13/index.php?action_kouhyou_detail_004_kani=true&JigyosyoCd=1375000724-00&ServiceCd=170&Type=search", "url2": "http://healthrent.duskin.jp/" }, "geometry": { "type": "Point", "coordinates": [ 139.430997499999989, 35.6238775 ] } },
{ "type": "Feature", "properties": { "内容": "株式会社シーエス　ぬくもり工房【福祉用具貸与】東京都多摩市鶴牧2-21-13ペアタウン多摩A101", "url": "https://www.kaigokensaku.mhlw.go.jp/13/index.php?action_kouhyou_detail_004_kani=true&JigyosyoCd=1375001003-00&ServiceCd=170&Type=search", "url2": null }, "geometry": { "type": "Point", "coordinates": [ 139.414588099999946, 35.618361 ] } },
{ "type": "Feature", "properties": { "内容": "介護ショップ　すまいふる【福祉用具貸与】東京都多摩市関戸6-4-121階", "url": "https://www.kaigokensaku.mhlw.go.jp/13/index.php?action_kouhyou_detail_004_kani=true&JigyosyoCd=1375001805-00&ServiceCd=170&Type=search", "url2": null }, "geometry": { "type": "Point", "coordinates": [ 139.449202, 35.637645 ] } },
{ "type": "Feature", "properties": { "内容": "株式会社みとも商会【福祉用具貸与】東京都羽村市五ノ神1-8-5", "url": "https://www.kaigokensaku.mhlw.go.jp/13/index.php?action_kouhyou_detail_004_kani=true&JigyosyoCd=1372400703-00&ServiceCd=170&Type=search", "url2": "https://mitomoshokai.co.jp/" }, "geometry": { "type": "Point", "coordinates": [ 139.316785200000027, 35.7576701 ] } },
{ "type": "Feature", "properties": { "内容": "井龍ファンライフ【福祉用具貸与】東京都あきる野市五日市148", "url": "https://www.kaigokensaku.mhlw.go.jp/13/index.php?action_kouhyou_detail_004_kani=true&JigyosyoCd=1375200910-00&ServiceCd=170&Type=search", "url2": null }, "geometry": { "type": "Point", "coordinates": [ 139.225351, 35.7301259 ] } },
{ "type": "Feature", "properties": { "内容": "ダスキンヘルスレント多摩西ステーション【福祉用具貸与】東京都あきる野市下代継２９３番１１号", "url": "https://www.kaigokensaku.mhlw.go.jp/13/index.php?action_kouhyou_detail_004_kani=true&JigyosyoCd=1374400420-00&ServiceCd=170&Type=search", "url2": "http://healthrent.duskin.jp/" }, "geometry": { "type": "Point", "coordinates": [ 139.276723800000013, 35.7247313 ] } },
{ "type": "Feature", "properties": { "内容": "有限会社　せせらぎ【福祉用具貸与】東京都あきる野市油平１７２－２", "url": "https://www.kaigokensaku.mhlw.go.jp/13/index.php?action_kouhyou_detail_004_kani=true&JigyosyoCd=1375200035-00&ServiceCd=170&Type=search", "url2": null }, "geometry": { "type": "Point", "coordinates": [ 139.284577875096147, 35.723457607097281 ] } },
{ "type": "Feature", "properties": { "内容": "ティー・オー・ピーあきる野店【福祉用具貸与】東京都あきる野市雨間382-1", "url": "https://www.kaigokensaku.mhlw.go.jp/13/index.php?action_kouhyou_detail_004_kani=true&JigyosyoCd=1375200415-00&ServiceCd=170&Type=search", "url2": null }, "geometry": { "type": "Point", "coordinates": [ 139.289100599999983, 35.7267035 ] } },
{ "type": "Feature", "properties": { "内容": "株式会社あかつき【福祉用具貸与】東京都あきる野市秋留1-1-10", "url": "https://www.kaigokensaku.mhlw.go.jp/13/index.php?action_kouhyou_detail_004_kani=true&JigyosyoCd=1375200928-00&ServiceCd=170&Type=search", "url2": "https://www.akatsuki-akiruno.com/" }, "geometry": { "type": "Point", "coordinates": [ 139.29889129999998, 35.7231045 ] } },
{ "type": "Feature", "properties": { "内容": "トリポッド【福祉用具貸与】東京都西東京市田無町1-7-10キャラ田無1", "url": "https://www.kaigokensaku.mhlw.go.jp/13/index.php?action_kouhyou_detail_004_kani=true&JigyosyoCd=1375425301-00&ServiceCd=170&Type=search", "url2": null }, "geometry": { "type": "Point", "coordinates": [ 139.546150799999964, 35.729918300000016 ] } },
{ "type": "Feature", "properties": { "内容": "有限会社あっとほーむ【福祉用具貸与】東京都西東京市田無町四丁目23番７浜野マンション104", "url": "https://www.kaigokensaku.mhlw.go.jp/13/index.php?action_kouhyou_detail_004_kani=true&JigyosyoCd=1373300894-00&ServiceCd=170&Type=search", "url2": "URL://nisitokyo.shop-info.com/ATOHOMU/" }, "geometry": { "type": "Point", "coordinates": [ 139.538256199999978, 35.7293097 ] } },
{ "type": "Feature", "properties": { "内容": "日本ウイール・チェアー株式会社レンタル事業部【福祉用具貸与】東京都西東京市芝久保町２－２２－３１", "url": "https://www.kaigokensaku.mhlw.go.jp/13/index.php?action_kouhyou_detail_004_kani=true&JigyosyoCd=1373900354-00&ServiceCd=170&Type=search", "url2": "http://nwc-kurumaisu.com/" }, "geometry": { "type": "Point", "coordinates": [ 139.520350745368859, 35.726231995741038 ] } },
{ "type": "Feature", "properties": { "内容": "フランスベッド株式会社メディカル田無営業所【福祉用具貸与】東京都西東京市南町6-7-131F", "url": "https://www.kaigokensaku.mhlw.go.jp/13/index.php?action_kouhyou_detail_004_kani=true&JigyosyoCd=1375400965-00&ServiceCd=170&Type=search", "url2": "http://www.francebed.co.jp/" }, "geometry": { "type": "Point", "coordinates": [ 139.529588747867905, 35.722863036714685 ] } },
{ "type": "Feature", "properties": { "内容": "株式会社　フロンティア　西東京営業所【福祉用具貸与】東京都西東京市保谷町３－１４－２０", "url": "https://www.kaigokensaku.mhlw.go.jp/13/index.php?action_kouhyou_detail_004_kani=true&JigyosyoCd=1375424346-00&ServiceCd=170&Type=search", "url2": "http://www.fronteir-ph.com" }, "geometry": { "type": "Point", "coordinates": [ 139.552321500000062, 35.7300322 ] } },
{ "type": "Feature", "properties": { "内容": "ケアレンタルセンター椿☆保谷【福祉用具貸与】東京都西東京市中町2-3-2", "url": "https://www.kaigokensaku.mhlw.go.jp/13/index.php?action_kouhyou_detail_004_kani=true&JigyosyoCd=1375425103-00&ServiceCd=170&Type=search", "url2": "https://co-tsubaki.com/" }, "geometry": { "type": "Point", "coordinates": [ 139.5594686, 35.7431913 ] } },
{ "type": "Feature", "properties": { "内容": "デイサービス本舗福久助【福祉用具貸与】東京都西東京市向台町６－１６－６", "url": "https://www.kaigokensaku.mhlw.go.jp/13/index.php?action_kouhyou_detail_004_kani=true&JigyosyoCd=1375425194-00&ServiceCd=170&Type=search", "url2": "http://dayservicehonpo.jp/fukushiyougufukusuke/" }, "geometry": { "type": "Point", "coordinates": [ 139.525951162565605, 35.722148720582283 ] } },
{ "type": "Feature", "properties": { "内容": "介護ショップランダル【福祉用具貸与】東京都西東京市中町4-2-26", "url": "https://www.kaigokensaku.mhlw.go.jp/13/index.php?action_kouhyou_detail_004_kani=true&JigyosyoCd=1375401187-00&ServiceCd=170&Type=search", "url2": "http://www.lundal.co.jp" }, "geometry": { "type": "Point", "coordinates": [ 139.562864900000022, 35.7364485 ] } },
{ "type": "Feature", "properties": { "内容": "えーす株式会社【福祉用具貸与】東京都西東京市芝久保町1-12-66340", "url": "https://www.kaigokensaku.mhlw.go.jp/13/index.php?action_kouhyou_detail_004_kani=true&JigyosyoCd=1375425368-00&ServiceCd=170&Type=search", "url2": null }, "geometry": { "type": "Point", "coordinates": [ 139.5277701, 35.7239119 ] } },
{ "type": "Feature", "properties": { "内容": "かたくり福祉用具城西センター【福祉用具貸与】東京都西東京市東町2-1-24", "url": "https://www.kaigokensaku.mhlw.go.jp/13/index.php?action_kouhyou_detail_004_kani=true&JigyosyoCd=1375424098-00&ServiceCd=170&Type=search", "url2": null }, "geometry": { "type": "Point", "coordinates": [ 139.56073420000007, 35.7448835 ] } },
{ "type": "Feature", "properties": { "内容": "株式会社ヤマシタ　西東京営業所【福祉用具貸与】東京都西東京市田無町5-4-11グランドゥール田無1階", "url": "https://www.kaigokensaku.mhlw.go.jp/13/index.php?action_kouhyou_detail_004_kani=true&JigyosyoCd=1375425384-00&ServiceCd=170&Type=search", "url2": "https://www.yco.co.jp/" }, "geometry": { "type": "Point", "coordinates": [ 139.5359946, 35.7306453 ] } },
{ "type": "Feature", "properties": { "内容": "ライフサービス　ぱーとなー【福祉用具貸与】東京都西東京市田無町3-3-7海老沢第１ビル303", "url": "https://www.kaigokensaku.mhlw.go.jp/13/index.php?action_kouhyou_detail_004_kani=true&JigyosyoCd=1375400205-00&ServiceCd=170&Type=search", "url2": "http://www.ls-partner.jp/" }, "geometry": { "type": "Point", "coordinates": [ 139.540669699999967, 35.7315067 ] } },
{ "type": "Feature", "properties": { "内容": "株式会社ふれあい広場　西東京田無店【福祉用具貸与】東京都西東京市南町6-10-13", "url": "https://www.kaigokensaku.mhlw.go.jp/13/index.php?action_kouhyou_detail_004_kani=true&JigyosyoCd=1375424460-00&ServiceCd=170&Type=search", "url2": "http://www.fureai-hiroba.co.jp/" }, "geometry": { "type": "Point", "coordinates": [ 139.531451487224871, 35.725587365515246 ] } },
{ "type": "Feature", "properties": { "内容": "セイブケア【福祉用具貸与】東京都西多摩郡瑞穂町高根98番地", "url": "https://www.kaigokensaku.mhlw.go.jp/13/index.php?action_kouhyou_detail_004_kani=true&JigyosyoCd=1372401156-00&ServiceCd=170&Type=search", "url2": "http://www.savecare.co.jp/" }, "geometry": { "type": "Point", "coordinates": [ 139.363290509227369, 35.784195445985986 ] } },
{ "type": "Feature", "properties": { "内容": "ケアサポート尾作設備【福祉用具貸与】東京都西多摩郡瑞穂町大字石畑1594番地5", "url": "https://www.kaigokensaku.mhlw.go.jp/13/index.php?action_kouhyou_detail_004_kani=true&JigyosyoCd=1372401263-00&ServiceCd=170&Type=search", "url2": null }, "geometry": { "type": "Point", "coordinates": [ 139.35785450000003, 35.7642539 ] } },
{ "type": "Feature", "properties": { "内容": "ムサシノ介護用品【福祉用具貸与】東京都西多摩郡瑞穂町南平２－５３－１１", "url": "https://www.kaigokensaku.mhlw.go.jp/13/index.php?action_kouhyou_detail_004_kani=true&JigyosyoCd=1375300363-00&ServiceCd=170&Type=search", "url2": null }, "geometry": { "type": "Point", "coordinates": [ 139.3395778, 35.7629752 ] } },
{ "type": "Feature", "properties": { "内容": "アサノヘルスケア【福祉用具貸与】東京都西多摩郡日の出町大久野2455-1", "url": "https://www.kaigokensaku.mhlw.go.jp/13/index.php?action_kouhyou_detail_004_kani=true&JigyosyoCd=1372400794-00&ServiceCd=170&Type=search", "url2": "http://www.asanohealthcare.com" }, "geometry": { "type": "Point", "coordinates": [ 139.227357100000063, 35.7468182 ] } },
{ "type": "Feature", "properties": { "内容": "介護笑店「はりか」【福祉用具貸与】東京都大島町元町２－１７－８", "url": "https://www.kaigokensaku.mhlw.go.jp/13/index.php?action_kouhyou_detail_004_kani=true&JigyosyoCd=1370302109-00&ServiceCd=170&Type=search", "url2": null }, "geometry": { "type": "Point", "coordinates": [ 139.355601500000034, 34.7480704 ] } },
{ "type": "Feature", "properties": { "内容": "（有）つばきや【福祉用具貸与】東京都大島大島町元町２－１１－１１", "url": "https://www.kaigokensaku.mhlw.go.jp/13/index.php?action_kouhyou_detail_004_kani=true&JigyosyoCd=1370302166-00&ServiceCd=170&Type=search", "url2": null }, "geometry": { "type": "Point", "coordinates": [ 139.355993965606672, 34.749012853742286 ] } },
{ "type": "Feature", "properties": { "内容": "株式会社ロングライフ　八丈博文館【福祉用具貸与】東京都八丈島八丈町大賀郷5442-29", "url": "https://www.kaigokensaku.mhlw.go.jp/13/index.php?action_kouhyou_detail_004_kani=true&JigyosyoCd=1370301598-00&ServiceCd=170&Type=search", "url2": "http://www.longlife.co.jp" }, "geometry": { "type": "Point", "coordinates": [ 139.80051, 33.102183 ] } }
]
}
