{
"type": "FeatureCollection",
"name": "geo_13_訪問看護",
"crs": { "type": "name", "properties": { "name": "urn:ogc:def:crs:OGC:1.3:CRS84" } },
"features": [
{ "type": "Feature", "properties": { "内容": "りーふ訪問看護ステーション【訪問看護】東京都千代田区神田美土代町9-3日経タイプビル　4階", "url": "https://www.kaigokensaku.mhlw.go.jp/13/index.php?action_kouhyou_detail_004_kani=true&JigyosyoCd=1360190191-00&ServiceCd=130&Type=search", "url2": null }, "geometry": { "type": "Point", "coordinates": [ 139.7658869, 35.6939034 ] } },
{ "type": "Feature", "properties": { "内容": "セレリアンス訪問看護ステーション【訪問看護】東京都千代田区平河町2丁目4番8号平河町アーバンビル6F", "url": "https://www.kaigokensaku.mhlw.go.jp/13/index.php?action_kouhyou_detail_004_kani=true&JigyosyoCd=1360190209-00&ServiceCd=130&Type=search", "url2": "https://www.serelience.co.jp/" }, "geometry": { "type": "Point", "coordinates": [ 139.738797799999986, 35.6820522 ] } },
{ "type": "Feature", "properties": { "内容": "ルルドの泉訪問看護ステーション【訪問看護】東京都千代田区神田小川町3－11－2インペリアル御茶ノ水　1007", "url": "https://www.kaigokensaku.mhlw.go.jp/13/index.php?action_kouhyou_detail_004_kani=true&JigyosyoCd=1360290223-00&ServiceCd=130&Type=search", "url2": "https:///luludonoizumi.jp/" }, "geometry": { "type": "Point", "coordinates": [ 139.762292900000034, 35.6941122 ] } },
{ "type": "Feature", "properties": { "内容": "九段訪問看護ステーション【訪問看護】東京都千代田区九段北1-10-5九段櫻ビル8階", "url": "https://www.kaigokensaku.mhlw.go.jp/13/index.php?action_kouhyou_detail_004_kani=true&JigyosyoCd=1360190043-00&ServiceCd=130&Type=search", "url2": "http://www.stella-kudan.com" }, "geometry": { "type": "Point", "coordinates": [ 139.751012508598336, 35.697422312483084 ] } },
{ "type": "Feature", "properties": { "内容": "アクア訪問看護ステーション【訪問看護】東京都千代田区神田司町2-17-6新商神田ビル5F", "url": "https://www.kaigokensaku.mhlw.go.jp/13/index.php?action_kouhyou_detail_004_kani=true&JigyosyoCd=1360190035-00&ServiceCd=130&Type=search", "url2": "http://active-ca.com/" }, "geometry": { "type": "Point", "coordinates": [ 139.766697099999988, 35.6937004 ] } },
{ "type": "Feature", "properties": { "内容": "麹町訪問看護ステーション【訪問看護】東京都千代田区二番町11-20Museum1999二番町ビル1階", "url": "https://www.kaigokensaku.mhlw.go.jp/13/index.php?action_kouhyou_detail_004_kani=true&JigyosyoCd=1360190134-00&ServiceCd=130&Type=search", "url2": "http://www.7610.co.jp" }, "geometry": { "type": "Point", "coordinates": [ 139.738784997553211, 35.686093539582032 ] } },
{ "type": "Feature", "properties": { "内容": "在宅看護センター番町【訪問看護】東京都千代田区麹町2-14-6麹町パレス505", "url": "https://www.kaigokensaku.mhlw.go.jp/13/index.php?action_kouhyou_detail_004_kani=true&JigyosyoCd=1360190183-00&ServiceCd=130&Type=search", "url2": "https://home-carenurse.com" }, "geometry": { "type": "Point", "coordinates": [ 139.741372399999989, 35.6853624 ] } },
{ "type": "Feature", "properties": { "内容": "かのん訪問看護ステーションちよだ【訪問看護】東京都千代田区平河町2-3-10ラインズマンション平河町606号室", "url": "https://www.kaigokensaku.mhlw.go.jp/13/index.php?action_kouhyou_detail_004_kani=true&JigyosyoCd=1360190159-00&ServiceCd=130&Type=search", "url2": "https://sosen-medical.co.jp/kanon-chiyoda" }, "geometry": { "type": "Point", "coordinates": [ 139.73983637116396, 35.681993772018274 ] } },
{ "type": "Feature", "properties": { "内容": "訪問看護ステーションやわら【訪問看護】東京都千代田区東神田１－１１－６ハイツ神田岩本町６０４", "url": "https://www.kaigokensaku.mhlw.go.jp/13/index.php?action_kouhyou_detail_004_kani=true&JigyosyoCd=1360190225-00&ServiceCd=130&Type=search", "url2": null }, "geometry": { "type": "Point", "coordinates": [ 139.7802965, 35.6950887 ] } },
{ "type": "Feature", "properties": { "内容": "みつい訪問看護ステーション【訪問看護】東京都千代田区飯田橋1-8-9ニューシティハイツ飯田橋7階", "url": "https://www.kaigokensaku.mhlw.go.jp/13/index.php?action_kouhyou_detail_004_kani=true&JigyosyoCd=1360190050-00&ServiceCd=130&Type=search", "url2": null }, "geometry": { "type": "Point", "coordinates": [ 139.7483231, 35.6995408 ] } },
{ "type": "Feature", "properties": { "内容": "chezmoi晴海　訪問看護ステーション【訪問看護】東京都中央区晴海3-13-1DEUXTOURS　EAST棟4611", "url": "https://www.kaigokensaku.mhlw.go.jp/13/index.php?action_kouhyou_detail_004_kani=true&JigyosyoCd=1360290272-00&ServiceCd=130&Type=search", "url2": "http://www.chezmoi.jp" }, "geometry": { "type": "Point", "coordinates": [ 139.7778109, 35.655008 ] } },
{ "type": "Feature", "properties": { "内容": "訪問看護ステーション　HANA【訪問看護】東京都中央区築地五丁目４番１８号汐留イーストサイドビル７階", "url": "https://www.kaigokensaku.mhlw.go.jp/13/index.php?action_kouhyou_detail_004_kani=true&JigyosyoCd=1360290389-00&ServiceCd=130&Type=search", "url2": null }, "geometry": { "type": "Point", "coordinates": [ 139.765062151719803, 35.66374446701753 ] } },
{ "type": "Feature", "properties": { "内容": "ONODERA訪問看護ステーション【訪問看護】東京都中央区日本橋茅場町2-17-3ブルーハイツ茅場町404", "url": "https://www.kaigokensaku.mhlw.go.jp/13/index.php?action_kouhyou_detail_004_kani=true&JigyosyoCd=1360290405-00&ServiceCd=130&Type=search", "url2": "https://onodera-nursinghome.com/" }, "geometry": { "type": "Point", "coordinates": [ 139.780045199999989, 35.6779299 ] } },
{ "type": "Feature", "properties": { "内容": "医療法人社団健育会　佃訪問看護ステーション【訪問看護】東京都中央区佃2-5-2", "url": "https://www.kaigokensaku.mhlw.go.jp/13/index.php?action_kouhyou_detail_004_kani=true&JigyosyoCd=1360290421-00&ServiceCd=130&Type=search", "url2": "https://ishikawajima.gr.jp/" }, "geometry": { "type": "Point", "coordinates": [ 139.785457799999989, 35.6675942 ] } },
{ "type": "Feature", "properties": { "内容": "公益社団法人中央区医師会訪問看護ステーションあかし【訪問看護】東京都中央区明石町1-6", "url": "https://www.kaigokensaku.mhlw.go.jp/13/index.php?action_kouhyou_detail_004_kani=true&JigyosyoCd=1367193063-00&ServiceCd=130&Type=search", "url2": "http://div.chuoku-med.jp/houkanST/index.html" }, "geometry": { "type": "Point", "coordinates": [ 139.776702800000066, 35.6693091 ] } },
{ "type": "Feature", "properties": { "内容": "訪問看護ステーションさきはふ【訪問看護】東京都中央区日本橋人形町1-5-1日本サンライズビル701", "url": "https://www.kaigokensaku.mhlw.go.jp/13/index.php?action_kouhyou_detail_004_kani=true&JigyosyoCd=1360290439-00&ServiceCd=130&Type=search", "url2": "https://sakiwau.my.canva.site/" }, "geometry": { "type": "Point", "coordinates": [ 139.7818427, 35.6849641 ] } },
{ "type": "Feature", "properties": { "内容": "プレアライズ訪問看護ステーション【訪問看護】東京都中央区新川２－６－４新川エフ２ﾋﾞﾙ　2F・6F", "url": "https://www.kaigokensaku.mhlw.go.jp/13/index.php?action_kouhyou_detail_004_kani=true&JigyosyoCd=1360290058-00&ServiceCd=130&Type=search", "url2": "http://p-realize.com/houkan" }, "geometry": { "type": "Point", "coordinates": [ 139.781670792729187, 35.676423612871389 ] } },
{ "type": "Feature", "properties": { "内容": "聖路加国際病院訪問看護ステーション【訪問看護】東京都中央区明石町1-246階", "url": "https://www.kaigokensaku.mhlw.go.jp/13/index.php?action_kouhyou_detail_004_kani=true&JigyosyoCd=1360290066-00&ServiceCd=130&Type=search", "url2": null }, "geometry": { "type": "Point", "coordinates": [ 139.775602121426346, 35.668528551669553 ] } },
{ "type": "Feature", "properties": { "内容": "東京ひかりナースステーション【訪問看護】東京都中央区晴海1-1-28キャナルハウス801", "url": "https://www.kaigokensaku.mhlw.go.jp/13/index.php?action_kouhyou_detail_004_kani=true&JigyosyoCd=1360290215-00&ServiceCd=130&Type=search", "url2": "https://www.hikari.care" }, "geometry": { "type": "Point", "coordinates": [ 139.786538940862556, 35.661350532235865 ] } },
{ "type": "Feature", "properties": { "内容": "グッドライフケア訪問看護ステーション【訪問看護】東京都中央区新川1-25-2新川STビル1階", "url": "https://www.kaigokensaku.mhlw.go.jp/13/index.php?action_kouhyou_detail_004_kani=true&JigyosyoCd=1367199102-00&ServiceCd=130&Type=search", "url2": "https://goodlifecare.co.jp/" }, "geometry": { "type": "Point", "coordinates": [ 139.784135399488775, 35.676740779153057 ] } },
{ "type": "Feature", "properties": { "内容": "訪問看護リハビリステーション月島フィジオス【訪問看護】東京都中央区月島4-4-14", "url": "https://www.kaigokensaku.mhlw.go.jp/13/index.php?action_kouhyou_detail_004_kani=true&JigyosyoCd=1360290140-00&ServiceCd=130&Type=search", "url2": "http://www.t-physios.com" }, "geometry": { "type": "Point", "coordinates": [ 139.783594100536163, 35.660813652050535 ] } },
{ "type": "Feature", "properties": { "内容": "みんなのかかりつけ訪問看護ステーション東京【訪問看護】東京都中央区築地7-12-13グランドメゾン築地101", "url": "https://www.kaigokensaku.mhlw.go.jp/13/index.php?action_kouhyou_detail_004_kani=true&JigyosyoCd=1360290249-00&ServiceCd=130&Type=search", "url2": "https://kakaritsuke.co.jp" }, "geometry": { "type": "Point", "coordinates": [ 139.773339023313497, 35.664367287267687 ] } },
{ "type": "Feature", "properties": { "内容": "マイナビ訪問看護ステーション日本橋【訪問看護】東京都中央区東日本橋1-3-3TYDビル1階", "url": "https://www.kaigokensaku.mhlw.go.jp/13/index.php?action_kouhyou_detail_004_kani=true&JigyosyoCd=1360290256-00&ServiceCd=130&Type=search", "url2": "https://houmon-kango.mynavi.jp/" }, "geometry": { "type": "Point", "coordinates": [ 139.78547667544575, 35.690534953115439 ] } },
{ "type": "Feature", "properties": { "内容": "ピジョン訪問看護ステーション【訪問看護】東京都中央区銀座8-14-9デュープレックス銀座タワー　402号室", "url": "https://www.kaigokensaku.mhlw.go.jp/13/index.php?action_kouhyou_detail_004_kani=true&JigyosyoCd=1360290306-00&ServiceCd=130&Type=search", "url2": "https://houmon-pigeonmedi.com/" }, "geometry": { "type": "Point", "coordinates": [ 139.7639102, 35.6664415 ] } },
{ "type": "Feature", "properties": { "内容": "リニエ訪問看護ステーション日本橋【訪問看護】東京都中央区八丁堀2‐2‐5宝ビル別館3F", "url": "https://www.kaigokensaku.mhlw.go.jp/13/index.php?action_kouhyou_detail_004_kani=true&JigyosyoCd=1360290314-00&ServiceCd=130&Type=search", "url2": "https://linie-group.jp/office/houmonkango-nihonbashi/" }, "geometry": { "type": "Point", "coordinates": [ 139.774822473016343, 35.676584269464023 ] } },
{ "type": "Feature", "properties": { "内容": "江戸東京訪問看護リハビリステーション【訪問看護】東京都中央区日本橋人形町2-20-7中村邸2階", "url": "https://www.kaigokensaku.mhlw.go.jp/13/index.php?action_kouhyou_detail_004_kani=true&JigyosyoCd=1360290363-00&ServiceCd=130&Type=search", "url2": "https://en3edotokyo.com/" }, "geometry": { "type": "Point", "coordinates": [ 139.785173876126862, 35.686058266869843 ] } },
{ "type": "Feature", "properties": { "内容": "医師会立中央区訪問看護ステーション【訪問看護】東京都中央区日本橋小伝馬町5-1", "url": "https://www.kaigokensaku.mhlw.go.jp/13/index.php?action_kouhyou_detail_004_kani=true&JigyosyoCd=1367191935-00&ServiceCd=130&Type=search", "url2": "http://www.nihonbashi-med.com/kango.html" }, "geometry": { "type": "Point", "coordinates": [ 139.77700219999997, 35.690951 ] } },
{ "type": "Feature", "properties": { "内容": "ガイア訪問看護ステーション【訪問看護】東京都中央区新富2-14-6ONZE1852ビル7階", "url": "https://www.kaigokensaku.mhlw.go.jp/13/index.php?action_kouhyou_detail_004_kani=true&JigyosyoCd=1360290033-00&ServiceCd=130&Type=search", "url2": "http://www.gaia-medicare.jp/" }, "geometry": { "type": "Point", "coordinates": [ 139.774985295275201, 35.670623715399309 ] } },
{ "type": "Feature", "properties": { "内容": "ソフィアメディ訪問看護ステーション東日本橋【訪問看護】東京都中央区日本橋久松町4-5澤村ビル6階", "url": "https://www.kaigokensaku.mhlw.go.jp/13/index.php?action_kouhyou_detail_004_kani=true&JigyosyoCd=1360290207-00&ServiceCd=130&Type=search", "url2": "http://www.sophiamedi.co.jp" }, "geometry": { "type": "Point", "coordinates": [ 139.7836046, 35.6900819 ] } },
{ "type": "Feature", "properties": { "内容": "訪問看護ステーション日本橋【訪問看護】東京都中央区日本橋久松町１２－４長島ビル１階", "url": "https://www.kaigokensaku.mhlw.go.jp/13/index.php?action_kouhyou_detail_004_kani=true&JigyosyoCd=1360290199-00&ServiceCd=130&Type=search", "url2": "https://www.nihonbashi-hks.com/" }, "geometry": { "type": "Point", "coordinates": [ 139.784332788143956, 35.690094675867194 ] } },
{ "type": "Feature", "properties": { "内容": "医療法人社団宙麦会訪問看護ステーションすてら【訪問看護】東京都港区台場１－５トミンハイム台場五番館4号棟202号室", "url": "https://www.kaigokensaku.mhlw.go.jp/13/index.php?action_kouhyou_detail_004_kani=true&JigyosyoCd=1360390478-00&ServiceCd=130&Type=search", "url2": "https://soramugi.com/hida-clinic-odaiba" }, "geometry": { "type": "Point", "coordinates": [ 139.7776686, 35.6300575 ] } },
{ "type": "Feature", "properties": { "内容": "白金通り在宅ケアセンター訪問看護ステーション【訪問看護】東京都港区白金台4丁目19-20", "url": "https://www.kaigokensaku.mhlw.go.jp/13/index.php?action_kouhyou_detail_004_kani=true&JigyosyoCd=1360390213-00&ServiceCd=130&Type=search", "url2": "https://shirokanestreet5.wixsite.com/mysite" }, "geometry": { "type": "Point", "coordinates": [ 139.722932358860817, 35.639631457044963 ] } },
{ "type": "Feature", "properties": { "内容": "訪問看護ステーション　ブラキオ【訪問看護】東京都港区芝3丁目17-2青木ハイツ401", "url": "https://www.kaigokensaku.mhlw.go.jp/13/index.php?action_kouhyou_detail_004_kani=true&JigyosyoCd=1360390536-00&ServiceCd=130&Type=search", "url2": "https://brakio.jp/" }, "geometry": { "type": "Point", "coordinates": [ 139.7454641, 35.6520864 ] } },
{ "type": "Feature", "properties": { "内容": "88訪問看護ステーション【訪問看護】東京都港区六本木3-16-35イースト六本木704", "url": "https://www.kaigokensaku.mhlw.go.jp/13/index.php?action_kouhyou_detail_004_kani=true&JigyosyoCd=1360390551-00&ServiceCd=130&Type=search", "url2": null }, "geometry": { "type": "Point", "coordinates": [ 139.7367049, 35.6626506 ] } },
{ "type": "Feature", "properties": { "内容": "北青山PSW訪問看護ステーション【訪問看護】東京都港区北青山１丁目４番１号", "url": "https://www.kaigokensaku.mhlw.go.jp/13/index.php?action_kouhyou_detail_004_kani=true&JigyosyoCd=1360390569-00&ServiceCd=130&Type=search", "url2": "https://pswasyl.com/" }, "geometry": { "type": "Point", "coordinates": [ 139.7219756, 35.672414 ] } },
{ "type": "Feature", "properties": { "内容": "訪問看護ステーションみなもと【訪問看護】東京都港区三田4−6-3", "url": "https://www.kaigokensaku.mhlw.go.jp/13/index.php?action_kouhyou_detail_004_kani=true&JigyosyoCd=1362390302-00&ServiceCd=130&Type=search", "url2": "https://minamotokango.com/" }, "geometry": { "type": "Point", "coordinates": [ 139.739395922118717, 35.645314725306086 ] } },
{ "type": "Feature", "properties": { "内容": "訪問看護ステーション「さくら咲くあかさか」【訪問看護】東京都港区赤坂7-5-15フロムファースト赤坂202", "url": "https://www.kaigokensaku.mhlw.go.jp/13/index.php?action_kouhyou_detail_004_kani=true&JigyosyoCd=1360390635-00&ServiceCd=130&Type=search", "url2": "https://sakurasakuyachiyo.com/" }, "geometry": { "type": "Point", "coordinates": [ 139.7303043, 35.6719366 ] } },
{ "type": "Feature", "properties": { "内容": "咲む訪問看護ステーション【訪問看護】東京都港区北青山1-4-1ランジェ青山611", "url": "https://www.kaigokensaku.mhlw.go.jp/13/index.php?action_kouhyou_detail_004_kani=true&JigyosyoCd=1360390643-00&ServiceCd=130&Type=search", "url2": "http://emuhoukan.com" }, "geometry": { "type": "Point", "coordinates": [ 139.7219756, 35.672414 ] } },
{ "type": "Feature", "properties": { "内容": "LIVING訪問看護ステーション【訪問看護】東京都港区高輪３丁目６番１５富井ハイツ105号室", "url": "https://www.kaigokensaku.mhlw.go.jp/13/index.php?action_kouhyou_detail_004_kani=true&JigyosyoCd=1360390650-00&ServiceCd=130&Type=search", "url2": "https://miyabiinc.com/living/" }, "geometry": { "type": "Point", "coordinates": [ 139.732216074338083, 35.633374369231461 ] } },
{ "type": "Feature", "properties": { "内容": "訪問看護ステーション和奏【訪問看護】東京都港区南青山二丁目6-3", "url": "https://www.kaigokensaku.mhlw.go.jp/13/index.php?action_kouhyou_detail_004_kani=true&JigyosyoCd=1360390676-00&ServiceCd=130&Type=search", "url2": "https://www.momohanokai.jp/" }, "geometry": { "type": "Point", "coordinates": [ 139.722511720081172, 35.671678013894791 ] } },
{ "type": "Feature", "properties": { "内容": "済生会三田訪問看護ステーション【訪問看護】東京都港区三田１－４－１７", "url": "https://www.kaigokensaku.mhlw.go.jp/13/index.php?action_kouhyou_detail_004_kani=true&JigyosyoCd=1367192297-00&ServiceCd=130&Type=search", "url2": "http://www.saichu.jp/homonkang/" }, "geometry": { "type": "Point", "coordinates": [ 139.743688900000052, 35.6534073 ] } },
{ "type": "Feature", "properties": { "内容": "ナースステーション東京【訪問看護】東京都港区六本木3－15－7ドミパルファンビル102号室", "url": "https://www.kaigokensaku.mhlw.go.jp/13/index.php?action_kouhyou_detail_004_kani=true&JigyosyoCd=1367196348-00&ServiceCd=130&Type=search", "url2": "http://www.zaitakucare.co.jp" }, "geometry": { "type": "Point", "coordinates": [ 139.736112342327914, 35.663024158374952 ] } },
{ "type": "Feature", "properties": { "内容": "芝浦アイランド内科クリニック【訪問看護】東京都港区芝浦４丁目20番4号芝浦アイランドブルームホームズ２F", "url": "https://www.kaigokensaku.mhlw.go.jp/13/index.php?action_kouhyou_detail_004_kani=true&JigyosyoCd=1310338616-00&ServiceCd=130&Type=search", "url2": "http://www.shibaura-naika.com" }, "geometry": { "type": "Point", "coordinates": [ 139.751906917860424, 35.639268506397435 ] } },
{ "type": "Feature", "properties": { "内容": "キヨタナースステーションみなと【訪問看護】東京都港区芝浦４－３－４田町きよたビル3階", "url": "https://www.kaigokensaku.mhlw.go.jp/13/index.php?action_kouhyou_detail_004_kani=true&JigyosyoCd=1360390098-00&ServiceCd=130&Type=search", "url2": "http://www.kiyota-life.co.jp/" }, "geometry": { "type": "Point", "coordinates": [ 139.743992100000014, 35.6396506 ] } },
{ "type": "Feature", "properties": { "内容": "グッドライフケア訪問看護athome【訪問看護】東京都港区東麻布1-7-3第二渡邊ビル2階", "url": "https://www.kaigokensaku.mhlw.go.jp/13/index.php?action_kouhyou_detail_004_kani=true&JigyosyoCd=1360390585-00&ServiceCd=130&Type=search", "url2": "https://goodlifecare.co.jp/tokyo-service/office/home-nursing-station-at-home.html" }, "geometry": { "type": "Point", "coordinates": [ 139.743589899999989, 35.6576836 ] } },
{ "type": "Feature", "properties": { "内容": "村上クリニック【訪問看護】東京都港区高輪3-21-19", "url": "https://www.kaigokensaku.mhlw.go.jp/13/index.php?action_kouhyou_detail_004_kani=true&JigyosyoCd=1310332767-00&ServiceCd=130&Type=search", "url2": "https://murakamiclinic.amebaownd.com" }, "geometry": { "type": "Point", "coordinates": [ 139.7360486, 35.6326346 ] } },
{ "type": "Feature", "properties": { "内容": "神谷町訪問看護ステーション【訪問看護】東京都港区虎ノ門3-25-3芝ロイヤル307号室", "url": "https://www.kaigokensaku.mhlw.go.jp/13/index.php?action_kouhyou_detail_004_kani=true&JigyosyoCd=1360390106-00&ServiceCd=130&Type=search", "url2": "http://philia-net.co.jp" }, "geometry": { "type": "Point", "coordinates": [ 139.746005100000048, 35.6624035 ] } },
{ "type": "Feature", "properties": { "内容": "メディカルステーション　くるみ【訪問看護】東京都港区芝1-9-2ベルメゾン芝303", "url": "https://www.kaigokensaku.mhlw.go.jp/13/index.php?action_kouhyou_detail_004_kani=true&JigyosyoCd=1360390254-00&ServiceCd=130&Type=search", "url2": "https://www.medical-kurumi.info/" }, "geometry": { "type": "Point", "coordinates": [ 139.7778109, 35.655008 ] } },
{ "type": "Feature", "properties": { "内容": "ガイア訪問看護ステーション　港【訪問看護】東京都港区浜松町1-19-4佐藤ビル1階", "url": "https://www.kaigokensaku.mhlw.go.jp/13/index.php?action_kouhyou_detail_004_kani=true&JigyosyoCd=1360390270-00&ServiceCd=130&Type=search", "url2": "https://www.gaia-medicare.jp/" }, "geometry": { "type": "Point", "coordinates": [ 139.756669200000033, 35.6578274 ] } },
{ "type": "Feature", "properties": { "内容": "訪問看護ステーション　蒼【訪問看護】東京都港区高輪3－24－21DK品川ビル4階", "url": "https://www.kaigokensaku.mhlw.go.jp/13/index.php?action_kouhyou_detail_004_kani=true&JigyosyoCd=1360390304-00&ServiceCd=130&Type=search", "url2": "http://aims-care.com/" }, "geometry": { "type": "Point", "coordinates": [ 139.7380657, 35.6328435 ] } },
{ "type": "Feature", "properties": { "内容": "ソフィアメディ訪問看護ステーション白金高輪【訪問看護】東京都港区白金4‐10‐2", "url": "https://www.kaigokensaku.mhlw.go.jp/13/index.php?action_kouhyou_detail_004_kani=true&JigyosyoCd=1360390312-00&ServiceCd=130&Type=search", "url2": "https://www.sophiamedi.co.jp/station/shirokanetakanawa/" }, "geometry": { "type": "Point", "coordinates": [ 139.727743535116304, 35.641893565110955 ] } },
{ "type": "Feature", "properties": { "内容": "ホームナースステーション　in　芝公園【訪問看護】東京都港区芝2-26-5国見土木ビル202", "url": "https://www.kaigokensaku.mhlw.go.jp/13/index.php?action_kouhyou_detail_004_kani=true&JigyosyoCd=1360390346-00&ServiceCd=130&Type=search", "url2": "https://homenursest.com/" }, "geometry": { "type": "Point", "coordinates": [ 139.7522909, 35.6509849 ] } },
{ "type": "Feature", "properties": { "内容": "おうちナースプリュム【訪問看護】東京都港区芝3－13－1MKビル502", "url": "https://www.kaigokensaku.mhlw.go.jp/13/index.php?action_kouhyou_detail_004_kani=true&JigyosyoCd=1360390387-00&ServiceCd=130&Type=search", "url2": "https://hp.plume-jp.com" }, "geometry": { "type": "Point", "coordinates": [ 139.745609, 35.6527364 ] } },
{ "type": "Feature", "properties": { "内容": "プレモ訪問看護リハビリステーション【訪問看護】東京都港区東麻布２丁目２９番１１シャローム東麻布１０３号", "url": "https://www.kaigokensaku.mhlw.go.jp/13/index.php?action_kouhyou_detail_004_kani=true&JigyosyoCd=1360390395-00&ServiceCd=130&Type=search", "url2": "https://premo-houkan.net/" }, "geometry": { "type": "Point", "coordinates": [ 139.741715199999987, 35.655586200000016 ] } },
{ "type": "Feature", "properties": { "内容": "訪問看護ステーションいつき～樹～【訪問看護】東京都港区白金６丁目１０番１１号白金レジデンス１０２号室", "url": "https://www.kaigokensaku.mhlw.go.jp/13/index.php?action_kouhyou_detail_004_kani=true&JigyosyoCd=1360390452-00&ServiceCd=130&Type=search", "url2": "https://theedge.jp/" }, "geometry": { "type": "Point", "coordinates": [ 139.724030699999986, 35.6429505 ] } },
{ "type": "Feature", "properties": { "内容": "みる看る訪問看護ステーション【訪問看護】東京都港区南麻布4丁目4-21‐102", "url": "https://www.kaigokensaku.mhlw.go.jp/13/index.php?action_kouhyou_detail_004_kani=true&JigyosyoCd=1360390510-00&ServiceCd=130&Type=search", "url2": "https://www.mirumiru-ns.com/contact/" }, "geometry": { "type": "Point", "coordinates": [ 139.723828531801786, 35.648674646763297 ] } },
{ "type": "Feature", "properties": { "内容": "訪問看護ステーション　はなみずき【訪問看護】東京都港区三田2-7-7ザ・パームス三田502", "url": "https://www.kaigokensaku.mhlw.go.jp/13/index.php?action_kouhyou_detail_004_kani=true&JigyosyoCd=1360390528-00&ServiceCd=130&Type=search", "url2": "https://hanamizuki-kango.com/" }, "geometry": { "type": "Point", "coordinates": [ 139.744329443456252, 35.651521178031807 ] } },
{ "type": "Feature", "properties": { "内容": "訪問看護ステーション　ナースであんしん【訪問看護】東京都港区白金台1-1-45白金ハウス4Ｆ", "url": "https://www.kaigokensaku.mhlw.go.jp/13/index.php?action_kouhyou_detail_004_kani=true&JigyosyoCd=1360990236-00&ServiceCd=130&Type=search", "url2": "http://www.jp-nursing.com" }, "geometry": { "type": "Point", "coordinates": [ 139.732269483467121, 35.640161322699988 ] } },
{ "type": "Feature", "properties": { "内容": "リハビリ訪問看護ステーション陽花【訪問看護】東京都港区高輪2−16−36高輪チトセハイツ305号室", "url": "https://www.kaigokensaku.mhlw.go.jp/13/index.php?action_kouhyou_detail_004_kani=true&JigyosyoCd=1360990277-00&ServiceCd=130&Type=search", "url2": "https://babysbreath-inc.com/" }, "geometry": { "type": "Point", "coordinates": [ 139.738780734117427, 35.63791151247149 ] } },
{ "type": "Feature", "properties": { "内容": "LCC訪問看護ステーション【訪問看護】東京都港区西麻布1-14-2疋田ビル2F", "url": "https://www.kaigokensaku.mhlw.go.jp/13/index.php?action_kouhyou_detail_004_kani=true&JigyosyoCd=1360390197-00&ServiceCd=130&Type=search", "url2": "http://www.lc-concierge.co.jp" }, "geometry": { "type": "Point", "coordinates": [ 139.723551600000064, 35.6614335 ] } },
{ "type": "Feature", "properties": { "内容": "さわやか訪問看護ステーション【訪問看護】東京都港区白金台5-10-13メゾンITOB1F", "url": "https://www.kaigokensaku.mhlw.go.jp/13/index.php?action_kouhyou_detail_004_kani=true&JigyosyoCd=1360390221-00&ServiceCd=130&Type=search", "url2": "https://sawayaka.work" }, "geometry": { "type": "Point", "coordinates": [ 139.7198142, 35.64167590000001 ] } },
{ "type": "Feature", "properties": { "内容": "独立行政法人地域医療機能推進機構　東京高輪病院付属訪問看護ステーション【訪問看護】東京都港区高輪3-10-11", "url": "https://www.kaigokensaku.mhlw.go.jp/13/index.php?action_kouhyou_detail_004_kani=true&JigyosyoCd=1360390239-00&ServiceCd=130&Type=search", "url2": "https://takanawa.jcho.go.jp/訪問看護ステーション/" }, "geometry": { "type": "Point", "coordinates": [ 139.7319407, 35.6312429 ] } },
{ "type": "Feature", "properties": { "内容": "ハイメディック訪問看護ステーションおりおん【訪問看護】東京都港区北青山1-2-18大富外苑コープ６A", "url": "https://www.kaigokensaku.mhlw.go.jp/13/index.php?action_kouhyou_detail_004_kani=true&JigyosyoCd=1360390627-00&ServiceCd=130&Type=search", "url2": "https://www.trustgarden.jp/nurse/" }, "geometry": { "type": "Point", "coordinates": [ 139.722374699999989, 35.6730045 ] } },
{ "type": "Feature", "properties": { "内容": "ＣＬＡＳＷＥＬＬ　白金台訪問看護ステーション【訪問看護】東京都港区白金台2－13－5ＣＬＡＳＷＥＬＬ　白金台", "url": "https://www.kaigokensaku.mhlw.go.jp/13/index.php?action_kouhyou_detail_004_kani=true&JigyosyoCd=1360390692-00&ServiceCd=130&Type=search", "url2": null }, "geometry": { "type": "Point", "coordinates": [ 139.72866, 35.6337585 ] } },
{ "type": "Feature", "properties": { "内容": "あいず訪問看護ステーション芝浦【訪問看護】東京都港区芝浦3-4-1グランパークプラザ棟１F", "url": "https://www.kaigokensaku.mhlw.go.jp/13/index.php?action_kouhyou_detail_004_kani=true&JigyosyoCd=1360390700-00&ServiceCd=130&Type=search", "url2": "https://www.aizu-company.co.jp" }, "geometry": { "type": "Point", "coordinates": [ 139.746406, 35.6434753 ] } },
{ "type": "Feature", "properties": { "内容": "悠々ナーシング六本木【訪問看護】東京都港区六本木6-5-253階", "url": "https://www.kaigokensaku.mhlw.go.jp/13/index.php?action_kouhyou_detail_004_kani=true&JigyosyoCd=1360390189-00&ServiceCd=130&Type=search", "url2": "https://kaigo.merhalsa.jp/yuyu-nursing-rpg/" }, "geometry": { "type": "Point", "coordinates": [ 139.7312042, 35.6612976 ] } },
{ "type": "Feature", "properties": { "内容": "訪問看護ステーションシーガル【訪問看護】東京都港区新橋2-20-15新橋駅前ビル1号館2階218号室", "url": "https://www.kaigokensaku.mhlw.go.jp/13/index.php?action_kouhyou_detail_004_kani=true&JigyosyoCd=1360390684-00&ServiceCd=130&Type=search", "url2": null }, "geometry": { "type": "Point", "coordinates": [ 139.759617500000019, 35.6663172 ] } },
{ "type": "Feature", "properties": { "内容": "リハビリの風訪問看護ステーションみなと【訪問看護】東京都港区芝3-6-5", "url": "https://www.kaigokensaku.mhlw.go.jp/13/index.php?action_kouhyou_detail_004_kani=true&JigyosyoCd=1360390718-00&ServiceCd=130&Type=search", "url2": "http://www.gaia-medicare.jp" }, "geometry": { "type": "Point", "coordinates": [ 139.7490071, 35.6521348 ] } },
{ "type": "Feature", "properties": { "内容": "クレール訪問看護ステーション【訪問看護】東京都新宿区歌舞伎町2-42-3林ビル2F", "url": "https://www.kaigokensaku.mhlw.go.jp/13/index.php?action_kouhyou_detail_004_kani=true&JigyosyoCd=1360490583-00&ServiceCd=130&Type=search", "url2": null }, "geometry": { "type": "Point", "coordinates": [ 139.701388400000013, 35.6977012 ] } },
{ "type": "Feature", "properties": { "内容": "ワンダフルサポート訪問看護ステーション【訪問看護】東京都新宿区西新宿7－20－2愛美堂ビル6階", "url": "https://www.kaigokensaku.mhlw.go.jp/13/index.php?action_kouhyou_detail_004_kani=true&JigyosyoCd=1360490591-00&ServiceCd=130&Type=search", "url2": "http://care-net.biz/13/wonderful/company.php" }, "geometry": { "type": "Point", "coordinates": [ 139.695455, 35.6938382 ] } },
{ "type": "Feature", "properties": { "内容": "医心館訪問看護ステーション目白【訪問看護】東京都新宿区下落合三丁目17番20号", "url": "https://www.kaigokensaku.mhlw.go.jp/13/index.php?action_kouhyou_detail_004_kani=true&JigyosyoCd=1360490658-00&ServiceCd=130&Type=search", "url2": null }, "geometry": { "type": "Point", "coordinates": [ 139.7035568, 35.72122 ] } },
{ "type": "Feature", "properties": { "内容": "ライフホーム訪問看護リハビリステーション【訪問看護】東京都新宿区高田馬場3丁目25-23", "url": "https://www.kaigokensaku.mhlw.go.jp/13/index.php?action_kouhyou_detail_004_kani=true&JigyosyoCd=1360490666-00&ServiceCd=130&Type=search", "url2": "https://lifehomehoumon.com/" }, "geometry": { "type": "Point", "coordinates": [ 139.698167842473083, 35.713086967309685 ] } },
{ "type": "Feature", "properties": { "内容": "医心館訪問看護ステーション高田馬場【訪問看護】東京都新宿区下落合2丁目5-13", "url": "https://www.kaigokensaku.mhlw.go.jp/13/index.php?action_kouhyou_detail_004_kani=true&JigyosyoCd=1360490708-00&ServiceCd=130&Type=search", "url2": null }, "geometry": { "type": "Point", "coordinates": [ 139.7011491, 35.7169574 ] } },
{ "type": "Feature", "properties": { "内容": "CLASWELL信濃町訪問看護ステーション【訪問看護】東京都新宿区南元町14－7", "url": "https://www.kaigokensaku.mhlw.go.jp/13/index.php?action_kouhyou_detail_004_kani=true&JigyosyoCd=1360490716-00&ServiceCd=130&Type=search", "url2": "https://kc-welfare.co.jp/service/shinanomachi/" }, "geometry": { "type": "Point", "coordinates": [ 139.7230181, 35.679448 ] } },
{ "type": "Feature", "properties": { "内容": "社会福祉法人聖母会　聖母訪問看護ステーション【訪問看護】東京都新宿区中落合2丁目5番1号", "url": "https://www.kaigokensaku.mhlw.go.jp/13/index.php?action_kouhyou_detail_004_kani=true&JigyosyoCd=1367194210-00&ServiceCd=130&Type=search", "url2": null }, "geometry": { "type": "Point", "coordinates": [ 139.693528653442343, 35.720414857679344 ] } },
{ "type": "Feature", "properties": { "内容": "ビリーブ訪問ステーション」新宿支所【訪問看護】東京都新宿区改代町２高城ビル202", "url": "https://www.kaigokensaku.mhlw.go.jp/13/index.php?action_kouhyou_detail_004_kani=true&JigyosyoCd=1360490724-00&ServiceCd=130&Type=search", "url2": "https://believe2020.sakura.ne.jp" }, "geometry": { "type": "Point", "coordinates": [ 139.734683383229878, 35.706551316824687 ] } },
{ "type": "Feature", "properties": { "内容": "共創みらい訪問看護ステーション上落合【訪問看護】東京都新宿区上落合2-26-3共創未来メディカルケア内　B1", "url": "https://www.kaigokensaku.mhlw.go.jp/13/index.php?action_kouhyou_detail_004_kani=true&JigyosyoCd=1360490740-00&ServiceCd=130&Type=search", "url2": null }, "geometry": { "type": "Point", "coordinates": [ 139.6864203, 35.7110309 ] } },
{ "type": "Feature", "properties": { "内容": "あわーず東京訪問看護リハビリステーション【訪問看護】東京都新宿区百人町1-22-3新宿ナショナルコート303", "url": "https://www.kaigokensaku.mhlw.go.jp/13/index.php?action_kouhyou_detail_004_kani=true&JigyosyoCd=1360490187-00&ServiceCd=130&Type=search", "url2": "https://ours-sr.co.jp/" }, "geometry": { "type": "Point", "coordinates": [ 139.697624899999937, 35.697209 ] } },
{ "type": "Feature", "properties": { "内容": "訪問看護事業所みやび【訪問看護】東京都新宿区西新宿二丁目１番１号新宿三井ビル３０階３００５号", "url": "https://www.kaigokensaku.mhlw.go.jp/13/index.php?action_kouhyou_detail_004_kani=true&JigyosyoCd=1361490194-00&ServiceCd=130&Type=search", "url2": null }, "geometry": { "type": "Point", "coordinates": [ 139.693895072782908, 35.691990182569086 ] } },
{ "type": "Feature", "properties": { "内容": "白十字訪問看護ステーション【訪問看護】東京都新宿区市谷砂土原町2丁目7番地ディアコート砂土原204", "url": "https://www.kaigokensaku.mhlw.go.jp/13/index.php?action_kouhyou_detail_004_kani=true&JigyosyoCd=1367196108-00&ServiceCd=130&Type=search", "url2": "http://www.cares-hakujuji.com" }, "geometry": { "type": "Point", "coordinates": [ 139.735887899999966, 35.6955242 ] } },
{ "type": "Feature", "properties": { "内容": "新宿ヒロクリニック【訪問看護】東京都新宿区大久保2－11－15大林ビル1・2階", "url": "https://www.kaigokensaku.mhlw.go.jp/13/index.php?action_kouhyou_detail_004_kani=true&JigyosyoCd=1315723515-00&ServiceCd=130&Type=search", "url2": "https://www.hiro-clinic.com/" }, "geometry": { "type": "Point", "coordinates": [ 139.706942700000013, 35.7034546 ] } },
{ "type": "Feature", "properties": { "内容": "独立行政法人地域医療機能推進機構　東京新宿メディカルセンター附属訪問看護ステーションなないろ【訪問看護】東京都　新宿区下宮比町　２番１２号", "url": "https://www.kaigokensaku.mhlw.go.jp/13/index.php?action_kouhyou_detail_004_kani=true&JigyosyoCd=1360490260-00&ServiceCd=130&Type=search", "url2": "https://shinjuku.jcho.go.jp" }, "geometry": { "type": "Point", "coordinates": [ 139.7430489, 35.7035332 ] } },
{ "type": "Feature", "properties": { "内容": "ＳＯＭＰＯケア　東京　訪問看護【訪問看護】東京都新宿区高田馬場2-5-23第一桂城ビル4階", "url": "https://www.kaigokensaku.mhlw.go.jp/13/index.php?action_kouhyou_detail_004_kani=true&JigyosyoCd=1361290735-00&ServiceCd=130&Type=search", "url2": "https：//www.sompocare.com" }, "geometry": { "type": "Point", "coordinates": [ 139.7109193, 35.7141223 ] } },
{ "type": "Feature", "properties": { "内容": "リハビリ訪問看護ステーション　ハピネスケア【訪問看護】東京都新宿区高田馬場1-24-27ドゥマール市川201", "url": "https://www.kaigokensaku.mhlw.go.jp/13/index.php?action_kouhyou_detail_004_kani=true&JigyosyoCd=1360490096-00&ServiceCd=130&Type=search", "url2": "http://www.happinesscare.jp" }, "geometry": { "type": "Point", "coordinates": [ 139.705510520657867, 35.711491550748242 ] } },
{ "type": "Feature", "properties": { "内容": "訪問看護ステーション　リカバリー【訪問看護】東京都新宿区西新宿6-16-12第一丸善ビル6F", "url": "https://www.kaigokensaku.mhlw.go.jp/13/index.php?action_kouhyou_detail_004_kani=true&JigyosyoCd=1360490112-00&ServiceCd=130&Type=search", "url2": "http://www.recovery-group.co.jp/" }, "geometry": { "type": "Point", "coordinates": [ 139.687331699999959, 35.6917149 ] } },
{ "type": "Feature", "properties": { "内容": "訪問看護ステーション　デューン新宿【訪問看護】東京都新宿区西新宿8-1-9シンコービル1階", "url": "https://www.kaigokensaku.mhlw.go.jp/13/index.php?action_kouhyou_detail_004_kani=true&JigyosyoCd=1360490161-00&ServiceCd=130&Type=search", "url2": "https://www.nfield.co.jp/" }, "geometry": { "type": "Point", "coordinates": [ 139.6939671, 35.6948292 ] } },
{ "type": "Feature", "properties": { "内容": "オランジェ訪問看護ステーション【訪問看護】東京都新宿区高田馬場４－２７－１５エスカイア高田馬場１０８号", "url": "https://www.kaigokensaku.mhlw.go.jp/13/index.php?action_kouhyou_detail_004_kani=true&JigyosyoCd=1360490237-00&ServiceCd=130&Type=search", "url2": "http://orange-ns.jp" }, "geometry": { "type": "Point", "coordinates": [ 139.699046299999964, 35.7103214 ] } },
{ "type": "Feature", "properties": { "内容": "さくら訪問看護リハビリステーション【訪問看護】東京都新宿区大久保2-18-4グレース橋谷田102", "url": "https://www.kaigokensaku.mhlw.go.jp/13/index.php?action_kouhyou_detail_004_kani=true&JigyosyoCd=1360490302-00&ServiceCd=130&Type=search", "url2": "http://sakura.dysin.jp/" }, "geometry": { "type": "Point", "coordinates": [ 139.7058515, 35.701450400000041 ] } },
{ "type": "Feature", "properties": { "内容": "マイナビ訪問看護ステーション新宿【訪問看護】東京都新宿区新宿四丁目1番6号JR新宿ミライナタワー12階", "url": "https://www.kaigokensaku.mhlw.go.jp/13/index.php?action_kouhyou_detail_004_kani=true&JigyosyoCd=1360490393-00&ServiceCd=130&Type=search", "url2": "https://mynavi-nursecare.jp/" }, "geometry": { "type": "Point", "coordinates": [ 139.701289816768394, 35.688722170333619 ] } },
{ "type": "Feature", "properties": { "内容": "KIRALIE訪問看護ステーション【訪問看護】東京都新宿区新宿1-23-5サンサーラ御苑503", "url": "https://www.kaigokensaku.mhlw.go.jp/13/index.php?action_kouhyou_detail_004_kani=true&JigyosyoCd=1360490401-00&ServiceCd=130&Type=search", "url2": "https://kiralie.co.jp" }, "geometry": { "type": "Point", "coordinates": [ 139.713934633729536, 35.688992141745395 ] } },
{ "type": "Feature", "properties": { "内容": "訪問看護ステーション　デイジー【訪問看護】東京都新宿区四谷4丁目12-4KEELS　C号室", "url": "https://www.kaigokensaku.mhlw.go.jp/13/index.php?action_kouhyou_detail_004_kani=true&JigyosyoCd=1360490427-00&ServiceCd=130&Type=search", "url2": "http://www.daygee.co/" }, "geometry": { "type": "Point", "coordinates": [ 139.717615617070322, 35.689311002363858 ] } },
{ "type": "Feature", "properties": { "内容": "ゆみの訪問看護ステーション【訪問看護】東京都新宿区上落合2-9-16インテック落合207号室", "url": "https://www.kaigokensaku.mhlw.go.jp/13/index.php?action_kouhyou_detail_004_kani=true&JigyosyoCd=1360490443-00&ServiceCd=130&Type=search", "url2": "https://www.yumino-medical.com/homenursingstation/" }, "geometry": { "type": "Point", "coordinates": [ 139.6892004, 35.7135021 ] } },
{ "type": "Feature", "properties": { "内容": "シンプレ訪問看護ステーション【訪問看護】東京都新宿区高田馬場1丁目29−21みかどビル3F", "url": "https://www.kaigokensaku.mhlw.go.jp/13/index.php?action_kouhyou_detail_004_kani=true&JigyosyoCd=1360490468-00&ServiceCd=130&Type=search", "url2": "https://shimpre-houkan.com/" }, "geometry": { "type": "Point", "coordinates": [ 139.7041896, 35.710514625172792 ] } },
{ "type": "Feature", "properties": { "内容": "七福訪問看護ステーション【訪問看護】東京都新宿区高田馬場２−８−１３今井ビル101号", "url": "https://www.kaigokensaku.mhlw.go.jp/13/index.php?action_kouhyou_detail_004_kani=true&JigyosyoCd=1360490484-00&ServiceCd=130&Type=search", "url2": "https://www.fuku7.jp/" }, "geometry": { "type": "Point", "coordinates": [ 139.7085094, 35.7124794 ] } },
{ "type": "Feature", "properties": { "内容": "アルモナース訪問看護リハビリステーション【訪問看護】東京都新宿区西新宿5-21-16", "url": "https://www.kaigokensaku.mhlw.go.jp/13/index.php?action_kouhyou_detail_004_kani=true&JigyosyoCd=1360490518-00&ServiceCd=130&Type=search", "url2": "https://almo-nurse.com" }, "geometry": { "type": "Point", "coordinates": [ 139.684515299999987, 35.6923008 ] } },
{ "type": "Feature", "properties": { "内容": "てとて訪問看護ステーション【訪問看護】東京都新宿区北新宿1−30−24モンシャトー北新宿301", "url": "https://www.kaigokensaku.mhlw.go.jp/13/index.php?action_kouhyou_detail_004_kani=true&JigyosyoCd=1360490542-00&ServiceCd=130&Type=search", "url2": "tetotehns.jp" }, "geometry": { "type": "Point", "coordinates": [ 139.691787786508172, 35.701520406461654 ] } },
{ "type": "Feature", "properties": { "内容": "ツクイ新宿訪問看護ステーション【訪問看護】東京都新宿区舟町1-18ロイクラトン四谷9階", "url": "https://www.kaigokensaku.mhlw.go.jp/13/index.php?action_kouhyou_detail_004_kani=true&JigyosyoCd=1360490567-00&ServiceCd=130&Type=search", "url2": "https://www.tsukui.net/" }, "geometry": { "type": "Point", "coordinates": [ 139.720633, 35.6887561 ] } },
{ "type": "Feature", "properties": { "内容": "すみれ訪問看護ステーション【訪問看護】東京都新宿区百人町2‐23‐17K-GRANDE203号室", "url": "https://www.kaigokensaku.mhlw.go.jp/13/index.php?action_kouhyou_detail_004_kani=true&JigyosyoCd=1360490575-00&ServiceCd=130&Type=search", "url2": "http://forest802.com" }, "geometry": { "type": "Point", "coordinates": [ 139.696342499999986, 35.7036476 ] } },
{ "type": "Feature", "properties": { "内容": "代々木訪問看護ステーション【訪問看護】東京都新宿区大久保2-8-23階", "url": "https://www.kaigokensaku.mhlw.go.jp/13/index.php?action_kouhyou_detail_004_kani=true&JigyosyoCd=1367192180-00&ServiceCd=130&Type=search", "url2": "http://www.tokyo-kinikai.com" }, "geometry": { "type": "Point", "coordinates": [ 139.7075649, 35.7021651 ] } },
{ "type": "Feature", "properties": { "内容": "神楽坂訪問看護ステーション【訪問看護】東京都新宿区市谷山伏町２－２神楽坂NKビル１F", "url": "https://www.kaigokensaku.mhlw.go.jp/13/index.php?action_kouhyou_detail_004_kani=true&JigyosyoCd=1367193394-00&ServiceCd=130&Type=search", "url2": "http://www.shigyo.jp/" }, "geometry": { "type": "Point", "coordinates": [ 139.7279188, 35.6998179 ] } },
{ "type": "Feature", "properties": { "内容": "セコム新宿訪問看護ステーション【訪問看護】東京都新宿区左門町14-17TH左門町ビル201", "url": "https://www.kaigokensaku.mhlw.go.jp/13/index.php?action_kouhyou_detail_004_kani=true&JigyosyoCd=1367194178-00&ServiceCd=130&Type=search", "url2": "http://www.medical.secom.co.jp" }, "geometry": { "type": "Point", "coordinates": [ 139.719413611331248, 35.685868085392869 ] } },
{ "type": "Feature", "properties": { "内容": "在宅看護研究センター付属訪問看護ステーション【訪問看護】東京都新宿区高田馬場4-9-11藤和高田馬場コープⅡ706号室", "url": "https://www.kaigokensaku.mhlw.go.jp/13/index.php?action_kouhyou_detail_004_kani=true&JigyosyoCd=1367196124-00&ServiceCd=130&Type=search", "url2": "http://www.nursejapan.com/enurse_network" }, "geometry": { "type": "Point", "coordinates": [ 139.70265839528895, 35.713571335668149 ] } },
{ "type": "Feature", "properties": { "内容": "目白訪問看護ステーション【訪問看護】東京都新宿区上落合1-23-19", "url": "https://www.kaigokensaku.mhlw.go.jp/13/index.php?action_kouhyou_detail_004_kani=true&JigyosyoCd=1360490039-00&ServiceCd=130&Type=search", "url2": "http://www.leap-kango.com" }, "geometry": { "type": "Point", "coordinates": [ 139.691736900000024, 35.714658900000018 ] } },
{ "type": "Feature", "properties": { "内容": "ナースステーション東京　新宿事業所【訪問看護】東京都新宿区四谷2--5さくらマンション１階", "url": "https://www.kaigokensaku.mhlw.go.jp/13/index.php?action_kouhyou_detail_004_kani=true&JigyosyoCd=1360490070-00&ServiceCd=130&Type=search", "url2": "http://www.zaitakucare.co.jp/" }, "geometry": { "type": "Point", "coordinates": [ 139.725690787569306, 35.686242383592194 ] } },
{ "type": "Feature", "properties": { "内容": "訪問看護ステーション　やごころ【訪問看護】東京都新宿区上落合2-11-16ヴィヴァシェル201", "url": "https://www.kaigokensaku.mhlw.go.jp/13/index.php?action_kouhyou_detail_004_kani=true&JigyosyoCd=1360490310-00&ServiceCd=130&Type=search", "url2": "http://souken.group/" }, "geometry": { "type": "Point", "coordinates": [ 139.689591800000017, 35.7119959 ] } },
{ "type": "Feature", "properties": { "内容": "ガイア訪問看護ステーション　新宿【訪問看護】東京都新宿区四谷4-23-19レジデンス光和108　101号", "url": "https://www.kaigokensaku.mhlw.go.jp/13/index.php?action_kouhyou_detail_004_kani=true&JigyosyoCd=1360490369-00&ServiceCd=130&Type=search", "url2": "http://www.gaia-medicare.jp" }, "geometry": { "type": "Point", "coordinates": [ 139.698088, 35.7121684 ] } },
{ "type": "Feature", "properties": { "内容": "ブルーム訪問看護ステーション【訪問看護】東京都新宿区西新宿3−7−26ハイネスロワイヤル703", "url": "https://www.kaigokensaku.mhlw.go.jp/13/index.php?action_kouhyou_detail_004_kani=true&JigyosyoCd=1360490641-00&ServiceCd=130&Type=search", "url2": null }, "geometry": { "type": "Point", "coordinates": [ 139.6905591, 35.6847646 ] } },
{ "type": "Feature", "properties": { "内容": "プレナースステーション【訪問看護】東京都新宿区西早稲田1-14-14ふじビル2階", "url": "https://www.kaigokensaku.mhlw.go.jp/13/index.php?action_kouhyou_detail_004_kani=true&JigyosyoCd=1360490674-00&ServiceCd=130&Type=search", "url2": "https://pleasanthealth2.jimdofree.com/%E9%83%A8%E9%96%80%E7%B4%B9%E4%BB%8B/%E8%A8%AA%E5%95%8F%E7%9C%8B%E8%AD%B7%E9%83%A8%E9%96%80/" }, "geometry": { "type": "Point", "coordinates": [ 139.720202943741725, 35.712120936442425 ] } },
{ "type": "Feature", "properties": { "内容": "あさぎ訪問看護ステーション【訪問看護】東京都新宿区高田馬場4-18-10サンハイツ高田馬場901", "url": "https://www.kaigokensaku.mhlw.go.jp/13/index.php?action_kouhyou_detail_004_kani=true&JigyosyoCd=1360490682-00&ServiceCd=130&Type=search", "url2": "https://asagi.team/" }, "geometry": { "type": "Point", "coordinates": [ 139.699788899999987, 35.7121808 ] } },
{ "type": "Feature", "properties": { "内容": "ザオーケア訪問看護ステーション飯田橋【訪問看護】東京都新宿区中町15神楽坂マンション306", "url": "https://www.kaigokensaku.mhlw.go.jp/13/index.php?action_kouhyou_detail_004_kani=true&JigyosyoCd=1360490690-00&ServiceCd=130&Type=search", "url2": "https://zaoocare.co.jp/" }, "geometry": { "type": "Point", "coordinates": [ 139.7353651, 35.6988181 ] } },
{ "type": "Feature", "properties": { "内容": "zenplace訪問看護ステーション新宿【訪問看護】東京都新宿区北新宿4-21-4吉澤ビル101", "url": "https://www.kaigokensaku.mhlw.go.jp/13/index.php?action_kouhyou_detail_004_kani=true&JigyosyoCd=1361590431-00&ServiceCd=130&Type=search", "url2": "https://nurse.zenplace.co.jp/" }, "geometry": { "type": "Point", "coordinates": [ 139.6917157, 35.7071989 ] } },
{ "type": "Feature", "properties": { "内容": "ゆみの訪問看護ステーション早稲田【訪問看護】東京都新宿区西早稲田3-12-4サンハイツ早稲田103", "url": "https://www.kaigokensaku.mhlw.go.jp/13/index.php?action_kouhyou_detail_004_kani=true&JigyosyoCd=1360490765-00&ServiceCd=130&Type=search", "url2": null }, "geometry": { "type": "Point", "coordinates": [ 139.715085361376964, 35.709948565132855 ] } },
{ "type": "Feature", "properties": { "内容": "FamilyNurse西落合【訪問看護】東京都新宿区西落合1－20－1広和マンション405", "url": "https://www.kaigokensaku.mhlw.go.jp/13/index.php?action_kouhyou_detail_004_kani=true&JigyosyoCd=1360490609-00&ServiceCd=130&Type=search", "url2": "https://familynursenishiochiai-service.my.canva.site/family-nurse-nishiochiai-web" }, "geometry": { "type": "Point", "coordinates": [ 139.6813468, 35.7195469 ] } },
{ "type": "Feature", "properties": { "内容": "訪問看護ステーション　ニト四谷【訪問看護】東京都新宿区四谷4丁目３番エクシーナ四谷202号室", "url": "https://www.kaigokensaku.mhlw.go.jp/13/index.php?action_kouhyou_detail_004_kani=true&JigyosyoCd=1360490757-00&ServiceCd=130&Type=search", "url2": null }, "geometry": { "type": "Point", "coordinates": [ 139.716898936953385, 35.687846060561675 ] } },
{ "type": "Feature", "properties": { "内容": "ここる訪問看護ステーション【訪問看護】東京都新宿区高田馬場1-34-2縄田ビル320", "url": "https://www.kaigokensaku.mhlw.go.jp/13/index.php?action_kouhyou_detail_004_kani=true&JigyosyoCd=1360490773-00&ServiceCd=130&Type=search", "url2": "https://kokoru-houkan.bright-comms.net" }, "geometry": { "type": "Point", "coordinates": [ 139.703890299999983, 35.7117653 ] } },
{ "type": "Feature", "properties": { "内容": "アルシオン訪問看護ステーション【訪問看護】東京都文京区小石川1-8-61203", "url": "https://www.kaigokensaku.mhlw.go.jp/13/index.php?action_kouhyou_detail_004_kani=true&JigyosyoCd=1360590341-00&ServiceCd=130&Type=search", "url2": null }, "geometry": { "type": "Point", "coordinates": [ 139.7519116, 35.710746300000011 ] } },
{ "type": "Feature", "properties": { "内容": "訪問看護ステーション　レインボーコンパス【訪問看護】東京都文京区本郷3丁目2-7お茶の水サニービル1階", "url": "https://www.kaigokensaku.mhlw.go.jp/13/index.php?action_kouhyou_detail_004_kani=true&JigyosyoCd=1360590366-00&ServiceCd=130&Type=search", "url2": "https://www.rainbow-compass.or.jp/" }, "geometry": { "type": "Point", "coordinates": [ 139.761973, 35.7036608 ] } },
{ "type": "Feature", "properties": { "内容": "東大看護ステーション目白台【訪問看護】東京都文京区目白台3-28-10TonowaGarden目白台", "url": "https://www.kaigokensaku.mhlw.go.jp/13/index.php?action_kouhyou_detail_004_kani=true&JigyosyoCd=1360590374-00&ServiceCd=130&Type=search", "url2": "https://mejirodai.utndi.or.jp" }, "geometry": { "type": "Point", "coordinates": [ 139.725151874868772, 35.717355681411675 ] } },
{ "type": "Feature", "properties": { "内容": "おおぞら訪問看護ステーション【訪問看護】東京都文京区本郷2－31－82階", "url": "https://www.kaigokensaku.mhlw.go.jp/13/index.php?action_kouhyou_detail_004_kani=true&JigyosyoCd=1360590382-00&ServiceCd=130&Type=search", "url2": "https://www.ozorakango.jp" }, "geometry": { "type": "Point", "coordinates": [ 139.7584396, 35.7055664 ] } },
{ "type": "Feature", "properties": { "内容": "龍岡訪問看護ステーション【訪問看護】東京都文京区湯島４－９－８", "url": "https://www.kaigokensaku.mhlw.go.jp/13/index.php?action_kouhyou_detail_004_kani=true&JigyosyoCd=1367192206-00&ServiceCd=130&Type=search", "url2": "http://www.mct.or.jp" }, "geometry": { "type": "Point", "coordinates": [ 139.764591200000041, 35.7095651 ] } },
{ "type": "Feature", "properties": { "内容": "星医療酸器　訪問看護・リハビリステーション巣鴨【訪問看護】東京都文京区千石4-16-2小林ビル203号室", "url": "https://www.kaigokensaku.mhlw.go.jp/13/index.php?action_kouhyou_detail_004_kani=true&JigyosyoCd=1360590069-00&ServiceCd=130&Type=search", "url2": "http://www.hosi.co.jp/" }, "geometry": { "type": "Point", "coordinates": [ 139.736944712897525, 35.730152070001111 ] } },
{ "type": "Feature", "properties": { "内容": "リーベ訪問看護リハビリステーション【訪問看護】東京都文京区湯島2-16-10MASSビルディング3階", "url": "https://www.kaigokensaku.mhlw.go.jp/13/index.php?action_kouhyou_detail_004_kani=true&JigyosyoCd=1360590127-00&ServiceCd=130&Type=search", "url2": "http://kango-rihabiristation.com/" }, "geometry": { "type": "Point", "coordinates": [ 139.765838936395312, 35.705078221344515 ] } },
{ "type": "Feature", "properties": { "内容": "訪問看護ステーションほのぼのらいふ【訪問看護】東京都文京区小石川1-22-2南部ビル1階", "url": "https://www.kaigokensaku.mhlw.go.jp/13/index.php?action_kouhyou_detail_004_kani=true&JigyosyoCd=1360590267-00&ServiceCd=130&Type=search", "url2": "https://genkinakaigo.co.jp/" }, "geometry": { "type": "Point", "coordinates": [ 139.752563099999946, 35.7139115 ] } },
{ "type": "Feature", "properties": { "内容": "一般社団法人）小石川医師会訪問看護ステーション【訪問看護】東京都文京区小石川5-6-9ドミ小石川", "url": "https://www.kaigokensaku.mhlw.go.jp/13/index.php?action_kouhyou_detail_004_kani=true&JigyosyoCd=1367191240-00&ServiceCd=130&Type=search", "url2": "http://kango.koishikawa-med.jp/" }, "geometry": { "type": "Point", "coordinates": [ 139.737075492590265, 35.718317271559961 ] } },
{ "type": "Feature", "properties": { "内容": "訪問看護ステーションけせら【訪問看護】東京都文京区本郷3-15-2本郷二村ビル201", "url": "https://www.kaigokensaku.mhlw.go.jp/13/index.php?action_kouhyou_detail_004_kani=true&JigyosyoCd=1367195712-00&ServiceCd=130&Type=search", "url2": "http://houkankesera.net" }, "geometry": { "type": "Point", "coordinates": [ 139.761561894859369, 35.704790505153966 ] } },
{ "type": "Feature", "properties": { "内容": "訪問看護ステーション　きょうわ【訪問看護】東京都文京区千駄木５－１７－３", "url": "https://www.kaigokensaku.mhlw.go.jp/13/index.php?action_kouhyou_detail_004_kani=true&JigyosyoCd=1367195829-00&ServiceCd=130&Type=search", "url2": "http://www.station-kyowa.com" }, "geometry": { "type": "Point", "coordinates": [ 139.758827099999962, 35.7265324 ] } },
{ "type": "Feature", "properties": { "内容": "東京在宅ケアクリニック【訪問看護】東京都文京区湯島１－５－３４お茶の水医学会館５F", "url": "https://www.kaigokensaku.mhlw.go.jp/13/index.php?action_kouhyou_detail_004_kani=true&JigyosyoCd=1310529230-00&ServiceCd=130&Type=search", "url2": "https://tokyo-zaitaku.jp/" }, "geometry": { "type": "Point", "coordinates": [ 139.7637504, 35.702675900000017 ] } },
{ "type": "Feature", "properties": { "内容": "なのはな訪問看護ステーション【訪問看護】東京都文京区本駒込2丁目9番地3号202", "url": "https://www.kaigokensaku.mhlw.go.jp/13/index.php?action_kouhyou_detail_004_kani=true&JigyosyoCd=1360590150-00&ServiceCd=130&Type=search", "url2": null }, "geometry": { "type": "Point", "coordinates": [ 139.747172299999988, 35.7266849 ] } },
{ "type": "Feature", "properties": { "内容": "つねいろ訪問看護ステーション【訪問看護】東京都文京区千駄木1丁目22ー30TRUSTVALUE千駄木603", "url": "https://www.kaigokensaku.mhlw.go.jp/13/index.php?action_kouhyou_detail_004_kani=true&JigyosyoCd=1360590408-00&ServiceCd=130&Type=search", "url2": "https://tsuneiro.com/" }, "geometry": { "type": "Point", "coordinates": [ 139.759747100000027, 35.724529300000029 ] } },
{ "type": "Feature", "properties": { "内容": "訪問看護ステーション　ホームケア文京【訪問看護】東京都文京区小石川2-23-12エスティビル小石川401", "url": "https://www.kaigokensaku.mhlw.go.jp/13/index.php?action_kouhyou_detail_004_kani=true&JigyosyoCd=1360590085-00&ServiceCd=130&Type=search", "url2": "https://www.millennia-corporation.jp/houmon/index.html" }, "geometry": { "type": "Point", "coordinates": [ 139.751444099999958, 35.7110521 ] } },
{ "type": "Feature", "properties": { "内容": "ゆりの樹訪問看護リハビリステーション【訪問看護】東京都文京区関口1-21-19九條ビル4階", "url": "https://www.kaigokensaku.mhlw.go.jp/13/index.php?action_kouhyou_detail_004_kani=true&JigyosyoCd=1360590242-00&ServiceCd=130&Type=search", "url2": "http://yurinoki.dysin.jp" }, "geometry": { "type": "Point", "coordinates": [ 139.7330637505097, 35.709534745937582 ] } },
{ "type": "Feature", "properties": { "内容": "やよい訪問看護ステーション【訪問看護】東京都文京区弥生１－５－１１弥生クリニックビル３階", "url": "https://www.kaigokensaku.mhlw.go.jp/13/index.php?action_kouhyou_detail_004_kani=true&JigyosyoCd=1360590291-00&ServiceCd=130&Type=search", "url2": "https://hokan.yayoi-hcc.org/" }, "geometry": { "type": "Point", "coordinates": [ 139.7594279, 35.7205287 ] } },
{ "type": "Feature", "properties": { "内容": "まるまる訪問看護ステーション湯島【訪問看護】東京都文京区湯島4-6-12湯島ハイタウンB1417", "url": "https://www.kaigokensaku.mhlw.go.jp/13/index.php?action_kouhyou_detail_004_kani=true&JigyosyoCd=1360590309-00&ServiceCd=130&Type=search", "url2": "https://www.marumaruhoukan.com/" }, "geometry": { "type": "Point", "coordinates": [ 139.767874400000011, 35.7085341 ] } },
{ "type": "Feature", "properties": { "内容": "訪問看護ステーションはな本駒込【訪問看護】東京都文京区本駒込3-29-8コーポ文京１F", "url": "https://www.kaigokensaku.mhlw.go.jp/13/index.php?action_kouhyou_detail_004_kani=true&JigyosyoCd=1360590325-00&ServiceCd=130&Type=search", "url2": "https://www.hana-kango.com/about_us/index.html" }, "geometry": { "type": "Point", "coordinates": [ 139.751941499999987, 35.729462699999985 ] } },
{ "type": "Feature", "properties": { "内容": "はれの樹訪問看護リハビリステーション【訪問看護】東京都文京区向丘1-4-11アカデミー向丘1階", "url": "https://www.kaigokensaku.mhlw.go.jp/13/index.php?action_kouhyou_detail_004_kani=true&JigyosyoCd=1360590333-00&ServiceCd=130&Type=search", "url2": "https://harenoki.dysin.jp/" }, "geometry": { "type": "Point", "coordinates": [ 139.75665711045076, 35.717921784477952 ] } },
{ "type": "Feature", "properties": { "内容": "医療法人社団五日向会　小日向診療所【訪問看護】東京都文京区小日向2-19-9トワベール小日向101号室", "url": "https://www.kaigokensaku.mhlw.go.jp/13/index.php?action_kouhyou_detail_004_kani=true&JigyosyoCd=1310530873-00&ServiceCd=130&Type=search", "url2": "https://kohinata-c.jp/" }, "geometry": { "type": "Point", "coordinates": [ 139.732552163648705, 35.711075190775695 ] } },
{ "type": "Feature", "properties": { "内容": "在宅看護センター本郷【訪問看護】東京都文京区本郷4-7-12101", "url": "https://www.kaigokensaku.mhlw.go.jp/13/index.php?action_kouhyou_detail_004_kani=true&JigyosyoCd=1360590093-00&ServiceCd=130&Type=search", "url2": "https://home-carenurse.com" }, "geometry": { "type": "Point", "coordinates": [ 139.757275, 35.7076984 ] } },
{ "type": "Feature", "properties": { "内容": "ゆい訪問看護ステーション【訪問看護】東京都文京区本郷3-34-4本郷JKHビル3階", "url": "https://www.kaigokensaku.mhlw.go.jp/13/index.php?action_kouhyou_detail_004_kani=true&JigyosyoCd=1360590192-00&ServiceCd=130&Type=search", "url2": "https://yui-ns.jp" }, "geometry": { "type": "Point", "coordinates": [ 139.760872099999972, 35.7072562 ] } },
{ "type": "Feature", "properties": { "内容": "訪問看護ステーション東大前【訪問看護】東京都文京区向丘2-9-10コート追分101", "url": "https://www.kaigokensaku.mhlw.go.jp/13/index.php?action_kouhyou_detail_004_kani=true&JigyosyoCd=1360590226-00&ServiceCd=130&Type=search", "url2": "https://h-toudaimae.jp/" }, "geometry": { "type": "Point", "coordinates": [ 139.758549598738682, 35.719809020502055 ] } },
{ "type": "Feature", "properties": { "内容": "ひかわした訪問看護ステーション【訪問看護】東京都文京区千石4-1-2", "url": "https://www.kaigokensaku.mhlw.go.jp/13/index.php?action_kouhyou_detail_004_kani=true&JigyosyoCd=1367192479-00&ServiceCd=130&Type=search", "url2": "http://www.tokyo-helth.coop" }, "geometry": { "type": "Point", "coordinates": [ 139.741025571637323, 35.726524024177898 ] } },
{ "type": "Feature", "properties": { "内容": "Grit.incHomeNurseStation【訪問看護】東京都文京区関口１丁目８－６メゾン文京関口Ⅱ８０３号", "url": "https://www.kaigokensaku.mhlw.go.jp/13/index.php?action_kouhyou_detail_004_kani=true&JigyosyoCd=1360590390-00&ServiceCd=130&Type=search", "url2": null }, "geometry": { "type": "Point", "coordinates": [ 139.73168979999997, 35.7088505 ] } },
{ "type": "Feature", "properties": { "内容": "ナースステーション東京　文京支店【訪問看護】東京都文京区白山2-20-9藤井ビル1階", "url": "https://www.kaigokensaku.mhlw.go.jp/13/index.php?action_kouhyou_detail_004_kani=true&JigyosyoCd=1360590200-00&ServiceCd=130&Type=search", "url2": "http://www.zaitakucare.co.jp" }, "geometry": { "type": "Point", "coordinates": [ 139.748205900000016, 35.7165749 ] } },
{ "type": "Feature", "properties": { "内容": "東京中央訪問看護リハビリステーション【訪問看護】東京都文京区後楽２丁目２３－１５大星マンション202", "url": "https://www.kaigokensaku.mhlw.go.jp/13/index.php?action_kouhyou_detail_004_kani=true&JigyosyoCd=1360590168-00&ServiceCd=130&Type=search", "url2": "http://abc-nursing.com" }, "geometry": { "type": "Point", "coordinates": [ 139.74427134788516, 35.707460265730283 ] } },
{ "type": "Feature", "properties": { "内容": "ＣＯＣＯ訪問看護ステーション【訪問看護】東京都文京本駒込4-19-11101号室", "url": "https://www.kaigokensaku.mhlw.go.jp/13/index.php?action_kouhyou_detail_004_kani=true&JigyosyoCd=1360590416-00&ServiceCd=130&Type=search", "url2": "https://orange-nurse.com" }, "geometry": { "type": "Point", "coordinates": [ 139.7570877, 35.7317445 ] } },
{ "type": "Feature", "properties": { "内容": "訪問看護BH【訪問看護】東京都台東区根岸２丁目２０番５701号", "url": "https://www.kaigokensaku.mhlw.go.jp/13/index.php?action_kouhyou_detail_004_kani=true&JigyosyoCd=1360690372-00&ServiceCd=130&Type=search", "url2": null }, "geometry": { "type": "Point", "coordinates": [ 139.774808700000023, 35.72561 ] } },
{ "type": "Feature", "properties": { "内容": "きょう訪問看護リハビリステーション浅草【訪問看護】東京都台東区橋場1-14-2メゾンOKA101号", "url": "https://www.kaigokensaku.mhlw.go.jp/13/index.php?action_kouhyou_detail_004_kani=true&JigyosyoCd=1360690380-00&ServiceCd=130&Type=search", "url2": "https://kyo-hvns.com" }, "geometry": { "type": "Point", "coordinates": [ 139.8071195, 35.7232885 ] } },
{ "type": "Feature", "properties": { "内容": "あしなら訪問看護ステーション【訪問看護】東京都台東区千束2丁目19‐7コーポ梅沢Ⅱ４F", "url": "https://www.kaigokensaku.mhlw.go.jp/13/index.php?action_kouhyou_detail_004_kani=true&JigyosyoCd=1360690323-00&ServiceCd=130&Type=search", "url2": "https://gojo-inc.jp" }, "geometry": { "type": "Point", "coordinates": [ 139.790141799999986, 35.7208125 ] } },
{ "type": "Feature", "properties": { "内容": "医療法人社団　輝生会　訪問看護ステーションわっか【訪問看護】東京都台東区元浅草１－６－１７", "url": "https://www.kaigokensaku.mhlw.go.jp/13/index.php?action_kouhyou_detail_004_kani=true&JigyosyoCd=1360690042-00&ServiceCd=130&Type=search", "url2": "http://motoasakusa-reha.com/" }, "geometry": { "type": "Point", "coordinates": [ 139.782362299999932, 35.7084214 ] } },
{ "type": "Feature", "properties": { "内容": "台東区立台東病院【訪問看護】東京都台東区千束3丁目20番5号台東区立台東病院", "url": "https://www.kaigokensaku.mhlw.go.jp/13/index.php?action_kouhyou_detail_004_kani=true&JigyosyoCd=1310670646-00&ServiceCd=130&Type=search", "url2": "http://taito.jadecom.or.jp" }, "geometry": { "type": "Point", "coordinates": [ 139.792665100000022, 35.7227144 ] } },
{ "type": "Feature", "properties": { "内容": "いきいきＳＵＮ訪問看護リハビリステーション【訪問看護】東京都台東区浅草橋1-9-12浅草橋駅前ビル6階", "url": "https://www.kaigokensaku.mhlw.go.jp/13/index.php?action_kouhyou_detail_004_kani=true&JigyosyoCd=1360290074-00&ServiceCd=130&Type=search", "url2": "http://sun.medicept.co.jp/" }, "geometry": { "type": "Point", "coordinates": [ 139.785799523440119, 35.697036045922864 ] } },
{ "type": "Feature", "properties": { "内容": "トータルライフ訪問看護ステーション雷門【訪問看護】東京都台東区雷門2-11-10コモドール雷門１F", "url": "https://www.kaigokensaku.mhlw.go.jp/13/index.php?action_kouhyou_detail_004_kani=true&JigyosyoCd=1360690075-00&ServiceCd=130&Type=search", "url2": "http://www.tlc.or.jp" }, "geometry": { "type": "Point", "coordinates": [ 139.795941907231963, 35.709479114994551 ] } },
{ "type": "Feature", "properties": { "内容": "訪問看護ステーションはなえ【訪問看護】東京都台東区千束3-9-9齋藤ビル2階", "url": "https://www.kaigokensaku.mhlw.go.jp/13/index.php?action_kouhyou_detail_004_kani=true&JigyosyoCd=1360690331-00&ServiceCd=130&Type=search", "url2": "https://www.hanae8343.com" }, "geometry": { "type": "Point", "coordinates": [ 139.7921893, 35.720566 ] } },
{ "type": "Feature", "properties": { "内容": "訪問看護ステーションコスモス【訪問看護】東京都台東区日本堤１－１－７", "url": "https://www.kaigokensaku.mhlw.go.jp/13/index.php?action_kouhyou_detail_004_kani=true&JigyosyoCd=1367195415-00&ServiceCd=130&Type=search", "url2": "https://www.s-cosmos.org/" }, "geometry": { "type": "Point", "coordinates": [ 139.800155347043642, 35.726270151486077 ] } },
{ "type": "Feature", "properties": { "内容": "訪問看護ステーションゆうあい【訪問看護】東京都台東区清川2-2-3", "url": "https://www.kaigokensaku.mhlw.go.jp/13/index.php?action_kouhyou_detail_004_kani=true&JigyosyoCd=1367197023-00&ServiceCd=130&Type=search", "url2": "https://you-i-kai.net" }, "geometry": { "type": "Point", "coordinates": [ 139.8036237, 35.7264148 ] } },
{ "type": "Feature", "properties": { "内容": "かとう医院【訪問看護】東京都台東区根岸3-12-141階", "url": "https://www.kaigokensaku.mhlw.go.jp/13/index.php?action_kouhyou_detail_004_kani=true&JigyosyoCd=1310629014-00&ServiceCd=130&Type=search", "url2": "https://www.katoiin.org/" }, "geometry": { "type": "Point", "coordinates": [ 139.779786699999931, 35.7233532 ] } },
{ "type": "Feature", "properties": { "内容": "はる訪問看護リハビリステーション御徒町【訪問看護】東京都台東区台東3-17-1ダイアパレス御徒町V304", "url": "https://www.kaigokensaku.mhlw.go.jp/13/index.php?action_kouhyou_detail_004_kani=true&JigyosyoCd=1360690083-00&ServiceCd=130&Type=search", "url2": "https://haru-care.jp/" }, "geometry": { "type": "Point", "coordinates": [ 139.777167675463033, 35.704799772011214 ] } },
{ "type": "Feature", "properties": { "内容": "訪問看護ステーションＴＯＭＯ浅草【訪問看護】東京都台東区浅草3-36-9小宮ビル１階", "url": "https://www.kaigokensaku.mhlw.go.jp/13/index.php?action_kouhyou_detail_004_kani=true&JigyosyoCd=1360690133-00&ServiceCd=130&Type=search", "url2": "https://hhn-tomo.life/office/tomo-asakusa.html" }, "geometry": { "type": "Point", "coordinates": [ 139.795752399999969, 35.717937500000019 ] } },
{ "type": "Feature", "properties": { "内容": "よつば訪問看護ステーション【訪問看護】東京都台東区浅草5-54-4サンファスト浅草SAビル102", "url": "https://www.kaigokensaku.mhlw.go.jp/13/index.php?action_kouhyou_detail_004_kani=true&JigyosyoCd=1360690141-00&ServiceCd=130&Type=search", "url2": "http://yotuba-clover.net" }, "geometry": { "type": "Point", "coordinates": [ 139.797293800000034, 35.7217234 ] } },
{ "type": "Feature", "properties": { "内容": "こもれび訪問看護リハビリステーション【訪問看護】東京都台東区花川戸1-15-1フェスタ花川戸801", "url": "https://www.kaigokensaku.mhlw.go.jp/13/index.php?action_kouhyou_detail_004_kani=true&JigyosyoCd=1360690158-00&ServiceCd=130&Type=search", "url2": "http://onesheart.fun/" }, "geometry": { "type": "Point", "coordinates": [ 139.7983719, 35.7135435 ] } },
{ "type": "Feature", "properties": { "内容": "医療法人社団博腎会　ことぶき訪問看護ステーション【訪問看護】東京都台東区寿1-10-202階", "url": "https://www.kaigokensaku.mhlw.go.jp/13/index.php?action_kouhyou_detail_004_kani=true&JigyosyoCd=1360690182-00&ServiceCd=130&Type=search", "url2": null }, "geometry": { "type": "Point", "coordinates": [ 139.78929949999997, 35.7065243 ] } },
{ "type": "Feature", "properties": { "内容": "ソフィア訪問看護ステーション入谷【訪問看護】東京都台東区下谷1-9-6小泉ビル3階", "url": "https://www.kaigokensaku.mhlw.go.jp/13/index.php?action_kouhyou_detail_004_kani=true&JigyosyoCd=1360690208-00&ServiceCd=130&Type=search", "url2": "http://www.sophiamedi.co.jp/" }, "geometry": { "type": "Point", "coordinates": [ 139.782507900000013, 35.7187261 ] } },
{ "type": "Feature", "properties": { "内容": "訪問看護ステーション　あずき【訪問看護】東京都台東区千束3-5-10リヴゴーシュiM1階", "url": "https://www.kaigokensaku.mhlw.go.jp/13/index.php?action_kouhyou_detail_004_kani=true&JigyosyoCd=1360690216-00&ServiceCd=130&Type=search", "url2": "http://kuragegroup.com" }, "geometry": { "type": "Point", "coordinates": [ 139.793170590190272, 35.720671936415037 ] } },
{ "type": "Feature", "properties": { "内容": "ほほえみ訪問看護リハビリステーション【訪問看護】東京都台東区小島2丁目21-18TX小島ビル5F", "url": "https://www.kaigokensaku.mhlw.go.jp/13/index.php?action_kouhyou_detail_004_kani=true&JigyosyoCd=1360690257-00&ServiceCd=130&Type=search", "url2": "https://peraichi.com/landing_pages/view/hohoemihoumonnkanngo/" }, "geometry": { "type": "Point", "coordinates": [ 139.7835212, 35.706665 ] } },
{ "type": "Feature", "properties": { "内容": "訪問看護ステーションちるな【訪問看護】東京都台東区松が谷3-6-8maisonmomo2階", "url": "https://www.kaigokensaku.mhlw.go.jp/13/index.php?action_kouhyou_detail_004_kani=true&JigyosyoCd=1360690273-00&ServiceCd=130&Type=search", "url2": "https://chillna.co.jp" }, "geometry": { "type": "Point", "coordinates": [ 139.7863666, 35.7158928 ] } },
{ "type": "Feature", "properties": { "内容": "訪問看護ステーション　いろどり【訪問看護】東京都台東区東上野6-30-2山岸荘1F", "url": "https://www.kaigokensaku.mhlw.go.jp/13/index.php?action_kouhyou_detail_004_kani=true&JigyosyoCd=1360690315-00&ServiceCd=130&Type=search", "url2": null }, "geometry": { "type": "Point", "coordinates": [ 139.7850483, 35.7149342 ] } },
{ "type": "Feature", "properties": { "内容": "医療法人財団はるたか会訪問看護ステーションそら【訪問看護】東京都台東区東上野４丁目２７番３号上野トーセイビル８階", "url": "https://www.kaigokensaku.mhlw.go.jp/13/index.php?action_kouhyou_detail_004_kani=true&JigyosyoCd=1360790198-00&ServiceCd=130&Type=search", "url2": "https://harutaka-aozora.jp" }, "geometry": { "type": "Point", "coordinates": [ 139.780827701964768, 35.715534102975077 ] } },
{ "type": "Feature", "properties": { "内容": "かきつばた訪問看護ステーション【訪問看護】東京都台東区北上野1-11-13前島ビル", "url": "https://www.kaigokensaku.mhlw.go.jp/13/index.php?action_kouhyou_detail_004_kani=true&JigyosyoCd=1360690166-00&ServiceCd=130&Type=search", "url2": "http://www.kakitsubata-houkan.com" }, "geometry": { "type": "Point", "coordinates": [ 139.782701613072589, 35.717703979941611 ] } },
{ "type": "Feature", "properties": { "内容": "訪問看護ステーションはな上野【訪問看護】東京都台東区東上野1-17-1外園ビル1F", "url": "https://www.kaigokensaku.mhlw.go.jp/13/index.php?action_kouhyou_detail_004_kani=true&JigyosyoCd=1360690174-00&ServiceCd=130&Type=search", "url2": "http://www.hana-kango.com" }, "geometry": { "type": "Point", "coordinates": [ 139.777564122701875, 35.708355945960371 ] } },
{ "type": "Feature", "properties": { "内容": "グレース訪問看護ステーション城東【訪問看護】東京都台東区入谷1-8-11グレースタワー４階", "url": "https://www.kaigokensaku.mhlw.go.jp/13/index.php?action_kouhyou_detail_004_kani=true&JigyosyoCd=1360690356-00&ServiceCd=130&Type=search", "url2": "https://www.grace-dc.com/clinic/nurse-joto/" }, "geometry": { "type": "Point", "coordinates": [ 139.785897258283796, 35.719797262673389 ] } },
{ "type": "Feature", "properties": { "内容": "訪問看護ステーションほのか【訪問看護】東京都台東区谷中3-9-2テラスハウスベル6", "url": "https://www.kaigokensaku.mhlw.go.jp/13/index.php?action_kouhyou_detail_004_kani=true&JigyosyoCd=1360690299-00&ServiceCd=130&Type=search", "url2": "https://honoka-inaho.com/" }, "geometry": { "type": "Point", "coordinates": [ 139.765118099999967, 35.7265755 ] } },
{ "type": "Feature", "properties": { "内容": "ポアル訪問看護ステーション【訪問看護】東京都台東区浅草6-21-14関口ビル１階", "url": "https://www.kaigokensaku.mhlw.go.jp/13/index.php?action_kouhyou_detail_004_kani=true&JigyosyoCd=1360690406-00&ServiceCd=130&Type=search", "url2": "http://poelecare.com" }, "geometry": { "type": "Point", "coordinates": [ 139.801653499999986, 35.7163011 ] } },
{ "type": "Feature", "properties": { "内容": "訪問看護ステーションこんにちわ【訪問看護】東京都台東区浅草橋1-4-2ニューハイツ・サトー305号室", "url": "https://www.kaigokensaku.mhlw.go.jp/13/index.php?action_kouhyou_detail_004_kani=true&JigyosyoCd=1360690109-00&ServiceCd=130&Type=search", "url2": "knncw.jp" }, "geometry": { "type": "Point", "coordinates": [ 139.783187699999985, 35.697108800000017 ] } },
{ "type": "Feature", "properties": { "内容": "オハナケア訪問看護ステーション根岸【訪問看護】東京都台東区根岸3-1-16ラウレア901号室", "url": "https://www.kaigokensaku.mhlw.go.jp/13/index.php?action_kouhyou_detail_004_kani=true&JigyosyoCd=1360690307-00&ServiceCd=130&Type=search", "url2": "https://ohanacare-houmonkango.com/" }, "geometry": { "type": "Point", "coordinates": [ 139.7820324, 35.7216328 ] } },
{ "type": "Feature", "properties": { "内容": "どすこい訪問看護リハビリステーション【訪問看護】東京都墨田区太平２丁目８番９レジア錦糸町201", "url": "https://www.kaigokensaku.mhlw.go.jp/13/index.php?action_kouhyou_detail_004_kani=true&JigyosyoCd=1360790487-00&ServiceCd=130&Type=search", "url2": null }, "geometry": { "type": "Point", "coordinates": [ 139.8123311, 35.7008 ] } },
{ "type": "Feature", "properties": { "内容": "株式会社N.フィールド　訪問看護ステーションデューン墨田【訪問看護】東京都墨田区太平３丁目16-1増子ビル1階", "url": "https://www.kaigokensaku.mhlw.go.jp/13/index.php?action_kouhyou_detail_004_kani=true&JigyosyoCd=1360790503-00&ServiceCd=130&Type=search", "url2": "https://www.nfield.co.jp" }, "geometry": { "type": "Point", "coordinates": [ 139.813927, 35.7019383 ] } },
{ "type": "Feature", "properties": { "内容": "あいらく訪問看護ステーション　錦糸町【訪問看護】東京都墨田区太平1-11-1若葉ビル1F", "url": "https://www.kaigokensaku.mhlw.go.jp/13/index.php?action_kouhyou_detail_004_kani=true&JigyosyoCd=1360790552-00&ServiceCd=130&Type=search", "url2": null }, "geometry": { "type": "Point", "coordinates": [ 139.8108896, 35.7006149 ] } },
{ "type": "Feature", "properties": { "内容": "社会福祉法人恩賜財団東京都済生会向島病院【訪問看護】東京都墨田区八広1-5-10", "url": "https://www.kaigokensaku.mhlw.go.jp/13/index.php?action_kouhyou_detail_004_kani=true&JigyosyoCd=1310710764-00&ServiceCd=130&Type=search", "url2": "https://www.saiseikai-mkj.jp/" }, "geometry": { "type": "Point", "coordinates": [ 139.8221806, 35.7205786 ] } },
{ "type": "Feature", "properties": { "内容": "セントケア訪問看護ステーション墨田【訪問看護】東京都墨田区吾妻橋２－２－４フェスティ・ワン4Ｆ", "url": "https://www.kaigokensaku.mhlw.go.jp/13/index.php?action_kouhyou_detail_004_kani=true&JigyosyoCd=1360790164-00&ServiceCd=130&Type=search", "url2": "http://www.saint-care.com/center/2328/" }, "geometry": { "type": "Point", "coordinates": [ 139.8034662, 35.7083412 ] } },
{ "type": "Feature", "properties": { "内容": "訪問看護ステーションさくら本所吾妻橋【訪問看護】東京都墨田区東駒形3-4-8", "url": "https://www.kaigokensaku.mhlw.go.jp/13/index.php?action_kouhyou_detail_004_kani=true&JigyosyoCd=1360790321-00&ServiceCd=130&Type=search", "url2": "https://houmon-sakura.com/index.html" }, "geometry": { "type": "Point", "coordinates": [ 139.80445610145253, 35.705647691690906 ] } },
{ "type": "Feature", "properties": { "内容": "ツクイ墨田訪問看護ステーション【訪問看護】東京都墨田区押上1-1-215階", "url": "https://www.kaigokensaku.mhlw.go.jp/13/index.php?action_kouhyou_detail_004_kani=true&JigyosyoCd=1360790438-00&ServiceCd=130&Type=search", "url2": "https://www.tsukui.net/" }, "geometry": { "type": "Point", "coordinates": [ 139.812537600000013, 35.7104881 ] } },
{ "type": "Feature", "properties": { "内容": "医療法人社団隆靖会　墨田中央訪問看護ステーション【訪問看護】東京都墨田区文花３－１５－２", "url": "https://www.kaigokensaku.mhlw.go.jp/13/index.php?action_kouhyou_detail_004_kani=true&JigyosyoCd=1367192800-00&ServiceCd=130&Type=search", "url2": null }, "geometry": { "type": "Point", "coordinates": [ 139.826336199999986, 35.7127994 ] } },
{ "type": "Feature", "properties": { "内容": "ラック訪問看護ステーションすみだ【訪問看護】東京都墨田区京島1-47-172F", "url": "https://www.kaigokensaku.mhlw.go.jp/13/index.php?action_kouhyou_detail_004_kani=true&JigyosyoCd=1360790032-00&ServiceCd=130&Type=search", "url2": "http://www.lac-corp.jp" }, "geometry": { "type": "Point", "coordinates": [ 139.821719799999983, 35.7188267 ] } },
{ "type": "Feature", "properties": { "内容": "訪問看護ステーションしらひげ【訪問看護】東京都墨田区東向島２－３６－１１べレール向島2階", "url": "https://www.kaigokensaku.mhlw.go.jp/13/index.php?action_kouhyou_detail_004_kani=true&JigyosyoCd=1360790115-00&ServiceCd=130&Type=search", "url2": "https://houkan.shirahigebashi-hp.info" }, "geometry": { "type": "Point", "coordinates": [ 139.818245, 35.7216321 ] } },
{ "type": "Feature", "properties": { "内容": "社会医療法人財団　正明会　やまだ訪問看護ステーション【訪問看護】東京都墨田区石原2-20-5", "url": "https://www.kaigokensaku.mhlw.go.jp/13/index.php?action_kouhyou_detail_004_kani=true&JigyosyoCd=1367199086-00&ServiceCd=130&Type=search", "url2": "http://yamada-kinenhp.jp" }, "geometry": { "type": "Point", "coordinates": [ 139.800667079206846, 35.701245160556205 ] } },
{ "type": "Feature", "properties": { "内容": "FCM訪問看護ステーションすみだ【訪問看護】東京都墨田区東向島5-3-3ステーションプラザ209", "url": "https://www.kaigokensaku.mhlw.go.jp/13/index.php?action_kouhyou_detail_004_kani=true&JigyosyoCd=1360790347-00&ServiceCd=130&Type=search", "url2": "http://futabacm.com/" }, "geometry": { "type": "Point", "coordinates": [ 139.819682699999959, 35.7250396 ] } },
{ "type": "Feature", "properties": { "内容": "リニエ訪問看護ステーションすみだ【訪問看護】東京都墨田区緑4-29-5錦糸町若林ビル301", "url": "https://www.kaigokensaku.mhlw.go.jp/13/index.php?action_kouhyou_detail_004_kani=true&JigyosyoCd=1360790156-00&ServiceCd=130&Type=search", "url2": "https://linie-group.jp" }, "geometry": { "type": "Point", "coordinates": [ 139.806127400000037, 35.6954286 ] } },
{ "type": "Feature", "properties": { "内容": "訪問看護ステーションたくみ【訪問看護】東京都墨田区東向島2-7-73F", "url": "https://www.kaigokensaku.mhlw.go.jp/13/index.php?action_kouhyou_detail_004_kani=true&JigyosyoCd=1360790180-00&ServiceCd=130&Type=search", "url2": "https://www.takumigp.com" }, "geometry": { "type": "Point", "coordinates": [ 139.813470300000063, 35.7236457 ] } },
{ "type": "Feature", "properties": { "内容": "うさぎ訪問看護ステーション【訪問看護】東京都墨田区業平1-8-2TM業平ビル3階", "url": "https://www.kaigokensaku.mhlw.go.jp/13/index.php?action_kouhyou_detail_004_kani=true&JigyosyoCd=1360790206-00&ServiceCd=130&Type=search", "url2": "http://kanamu.jp" }, "geometry": { "type": "Point", "coordinates": [ 139.810465600000043, 35.7076107 ] } },
{ "type": "Feature", "properties": { "内容": "ケアーズ墨東訪問看護リハビリステーション【訪問看護】東京都墨田区太平2丁目3番10号すずひらハイツ201", "url": "https://www.kaigokensaku.mhlw.go.jp/13/index.php?action_kouhyou_detail_004_kani=true&JigyosyoCd=1360790222-00&ServiceCd=130&Type=search", "url2": "http://houmonkango-bokutou.com/" }, "geometry": { "type": "Point", "coordinates": [ 139.812778, 35.6999267 ] } },
{ "type": "Feature", "properties": { "内容": "くれよん訪問看護リハビリステーション森下【訪問看護】東京都墨田区立川1-16-17山田ビル101", "url": "https://www.kaigokensaku.mhlw.go.jp/13/index.php?action_kouhyou_detail_004_kani=true&JigyosyoCd=1360790297-00&ServiceCd=130&Type=search", "url2": "https://crayon-houmonkango.com" }, "geometry": { "type": "Point", "coordinates": [ 139.7998184, 35.6915528 ] } },
{ "type": "Feature", "properties": { "内容": "セレスト訪問看護ステーション【訪問看護】東京都墨田区八広5-1-10ジョブルヤマモト１階", "url": "https://www.kaigokensaku.mhlw.go.jp/13/index.php?action_kouhyou_detail_004_kani=true&JigyosyoCd=1360790305-00&ServiceCd=130&Type=search", "url2": "http://hp.kaipoke.biz/zac/" }, "geometry": { "type": "Point", "coordinates": [ 139.823183, 35.7225963 ] } },
{ "type": "Feature", "properties": { "内容": "かのん訪問看護ステーションすみだ【訪問看護】東京都墨田区押上2-30-7コンチェルト押上1階", "url": "https://www.kaigokensaku.mhlw.go.jp/13/index.php?action_kouhyou_detail_004_kani=true&JigyosyoCd=1360790339-00&ServiceCd=130&Type=search", "url2": "https://sosen-medical.co.jp/kanon-sumida" }, "geometry": { "type": "Point", "coordinates": [ 139.8149661, 35.7145877 ] } },
{ "type": "Feature", "properties": { "内容": "ソフィアメディ訪問看護ステーション東向島【訪問看護】東京都墨田区東向島3-9-2チェリーピア21　103号", "url": "https://www.kaigokensaku.mhlw.go.jp/13/index.php?action_kouhyou_detail_004_kani=true&JigyosyoCd=1360790354-00&ServiceCd=130&Type=search", "url2": "https://www.sophiamedi.co.jp/station/higashimukoujima/" }, "geometry": { "type": "Point", "coordinates": [ 139.813050299999986, 35.7260681 ] } },
{ "type": "Feature", "properties": { "内容": "ＯＲＣＡ訪問看護ステーション【訪問看護】東京都墨田区京島1-18-10フォレスト京島F　101号室", "url": "https://www.kaigokensaku.mhlw.go.jp/13/index.php?action_kouhyou_detail_004_kani=true&JigyosyoCd=1360790370-00&ServiceCd=130&Type=search", "url2": "https://www.orcanurse.com/" }, "geometry": { "type": "Point", "coordinates": [ 139.818748864915648, 35.71485104831185 ] } },
{ "type": "Feature", "properties": { "内容": "公益社団法人墨田区医師会立訪問看護ステーション【訪問看護】東京都墨田区業平1-7-25", "url": "https://www.kaigokensaku.mhlw.go.jp/13/index.php?action_kouhyou_detail_004_kani=true&JigyosyoCd=1367191489-00&ServiceCd=130&Type=search", "url2": "http://www.sumida-med.jp/sumida" }, "geometry": { "type": "Point", "coordinates": [ 139.809704600000032, 35.7075912 ] } },
{ "type": "Feature", "properties": { "内容": "賛育会訪問看護ステーション【訪問看護】東京都墨田区太平三丁目18番5号千代津ビル１F", "url": "https://www.kaigokensaku.mhlw.go.jp/13/index.php?action_kouhyou_detail_004_kani=true&JigyosyoCd=1367191950-00&ServiceCd=130&Type=search", "url2": "https//www.san-ikukai.or.jp/sumida/station/" }, "geometry": { "type": "Point", "coordinates": [ 139.813526733729532, 35.702345643772844 ] } },
{ "type": "Feature", "properties": { "内容": "訪問看護ステーションMARU【訪問看護】東京都墨田区緑４－２２－６第一工業ビル１Ｆ", "url": "https://www.kaigokensaku.mhlw.go.jp/13/index.php?action_kouhyou_detail_004_kani=true&JigyosyoCd=1360790099-00&ServiceCd=130&Type=search", "url2": "https://maru-asia.jp/" }, "geometry": { "type": "Point", "coordinates": [ 139.808632895230289, 35.694233901702205 ] } },
{ "type": "Feature", "properties": { "内容": "すみれ訪問看護ステーション【訪問看護】東京都墨田区業平2-9-9業平医療福祉会館3階", "url": "https://www.kaigokensaku.mhlw.go.jp/13/index.php?action_kouhyou_detail_004_kani=true&JigyosyoCd=1360790255-00&ServiceCd=130&Type=search", "url2": "https://kenwa-houmon.com" }, "geometry": { "type": "Point", "coordinates": [ 139.812468200000012, 35.7078162 ] } },
{ "type": "Feature", "properties": { "内容": "ワンファミ訪問看護リハビリステーション墨田本店【訪問看護】東京都墨田区押上3-1-8大宮ビル2階", "url": "https://www.kaigokensaku.mhlw.go.jp/13/index.php?action_kouhyou_detail_004_kani=true&JigyosyoCd=1360790263-00&ServiceCd=130&Type=search", "url2": "https://onefami.com" }, "geometry": { "type": "Point", "coordinates": [ 139.816010935224568, 35.713028213543517 ] } },
{ "type": "Feature", "properties": { "内容": "医修館東京　訪問看護ステーション【訪問看護】東京都墨田区立花2-25-9206", "url": "https://www.kaigokensaku.mhlw.go.jp/13/index.php?action_kouhyou_detail_004_kani=true&JigyosyoCd=1360790396-00&ServiceCd=130&Type=search", "url2": "https://www.ishukan.jp/" }, "geometry": { "type": "Point", "coordinates": [ 139.8303769, 35.707125499999989 ] } },
{ "type": "Feature", "properties": { "内容": "訪問看護ステーション　はな　墨田【訪問看護】東京都墨田区向島4-26-11川邊ビル101", "url": "https://www.kaigokensaku.mhlw.go.jp/13/index.php?action_kouhyou_detail_004_kani=true&JigyosyoCd=1360790479-00&ServiceCd=130&Type=search", "url2": "https://www.hana-kango.com/" }, "geometry": { "type": "Point", "coordinates": [ 139.812378299999978, 35.71487 ] } },
{ "type": "Feature", "properties": { "内容": "訪問看護ステーション　みけ【訪問看護】東京都墨田区向島2-10-5第５安井ビル1階", "url": "https://www.kaigokensaku.mhlw.go.jp/13/index.php?action_kouhyou_detail_004_kani=true&JigyosyoCd=1360790511-00&ServiceCd=130&Type=search", "url2": "https://fresca-mike.com/" }, "geometry": { "type": "Point", "coordinates": [ 139.8089314, 35.7162968 ] } },
{ "type": "Feature", "properties": { "内容": "訪問看護ステーション医ごころ両国【訪問看護】東京都墨田区両国四丁目32番8号", "url": "https://www.kaigokensaku.mhlw.go.jp/13/index.php?action_kouhyou_detail_004_kani=true&JigyosyoCd=1360790537-00&ServiceCd=130&Type=search", "url2": null }, "geometry": { "type": "Point", "coordinates": [ 139.795924149737516, 35.69468337631637 ] } },
{ "type": "Feature", "properties": { "内容": "オリーブ訪問看護リハビリステーション墨田【訪問看護】東京都墨田区横川2-13-3グリーンゲーブルス1階", "url": "https://www.kaigokensaku.mhlw.go.jp/13/index.php?action_kouhyou_detail_004_kani=true&JigyosyoCd=1360790545-00&ServiceCd=130&Type=search", "url2": "http://www.carenurse-olea.jp" }, "geometry": { "type": "Point", "coordinates": [ 139.811609, 35.704634 ] } },
{ "type": "Feature", "properties": { "内容": "訪問看護ステーションコルディアーレ墨田【訪問看護】東京都墨田区緑4丁目20‐9　宮野ビル6階", "url": "https://www.kaigokensaku.mhlw.go.jp/13/index.php?action_kouhyou_detail_004_kani=true&JigyosyoCd=1360790560-00&ServiceCd=130&Type=search", "url2": null }, "geometry": { "type": "Point", "coordinates": [ 139.8076237, 35.6949035 ] } },
{ "type": "Feature", "properties": { "内容": "訪問看護ステーションすぴか【訪問看護】東京都墨田区亀沢1-21-8", "url": "https://www.kaigokensaku.mhlw.go.jp/13/index.php?action_kouhyou_detail_004_kani=true&JigyosyoCd=1360790016-00&ServiceCd=130&Type=search", "url2": "https://home-visit-supica.com/" }, "geometry": { "type": "Point", "coordinates": [ 139.799197866131664, 35.697786626145714 ] } },
{ "type": "Feature", "properties": { "内容": "つむぎ訪問看護ステーション【訪問看護】東京都墨田区東向島1-17-7地蔵坂ホームズ1階", "url": "https://www.kaigokensaku.mhlw.go.jp/13/index.php?action_kouhyou_detail_004_kani=true&JigyosyoCd=1360790313-00&ServiceCd=130&Type=search", "url2": null }, "geometry": { "type": "Point", "coordinates": [ 139.815506618385285, 35.721118676009986 ] } },
{ "type": "Feature", "properties": { "内容": "訪問看護ステーションチャーム【訪問看護】東京都江東区住吉2-6-5インテグレート村上201", "url": "https://www.kaigokensaku.mhlw.go.jp/13/index.php?action_kouhyou_detail_004_kani=true&JigyosyoCd=1360890501-00&ServiceCd=130&Type=search", "url2": null }, "geometry": { "type": "Point", "coordinates": [ 139.814796300000012, 35.6886427 ] } },
{ "type": "Feature", "properties": { "内容": "医心館訪問看護ステーション亀戸【訪問看護】東京都江東区亀戸五丁目6-20", "url": "https://www.kaigokensaku.mhlw.go.jp/13/index.php?action_kouhyou_detail_004_kani=true&JigyosyoCd=1360890600-00&ServiceCd=130&Type=search", "url2": null }, "geometry": { "type": "Point", "coordinates": [ 139.8278846, 35.6982476 ] } },
{ "type": "Feature", "properties": { "内容": "日本財団在宅看護センター　アィルビー訪問看護ステーション【訪問看護】東京都江東区東陽5-29-471階", "url": "https://www.kaigokensaku.mhlw.go.jp/13/index.php?action_kouhyou_detail_004_kani=true&JigyosyoCd=1360890196-00&ServiceCd=130&Type=search", "url2": "http://hp.kaipoke.biz/e4f/" }, "geometry": { "type": "Point", "coordinates": [ 139.812485829752546, 35.672359577895904 ] } },
{ "type": "Feature", "properties": { "内容": "あそか訪問看護ステーション【訪問看護】東京都江東区住吉1-18-1あそか病院内", "url": "https://www.kaigokensaku.mhlw.go.jp/13/index.php?action_kouhyou_detail_004_kani=true&JigyosyoCd=1367197080-00&ServiceCd=130&Type=search", "url2": "http://www.asokakai.or.jp/" }, "geometry": { "type": "Point", "coordinates": [ 139.811828680812141, 35.689840932512524 ] } },
{ "type": "Feature", "properties": { "内容": "BPリハビリ訪問看護ステーション【訪問看護】東京都江東区深川１-3-11パークフロントビル8階", "url": "https://www.kaigokensaku.mhlw.go.jp/13/index.php?action_kouhyou_detail_004_kani=true&JigyosyoCd=1360890121-00&ServiceCd=130&Type=search", "url2": "https://www.bodypioneer.net/company" }, "geometry": { "type": "Point", "coordinates": [ 139.795635909036946, 35.675483721420257 ] } },
{ "type": "Feature", "properties": { "内容": "株式会社ケアサービス　訪問看護亀戸【訪問看護】東京都江東区亀戸1-42-18日高ビル6F", "url": "https://www.kaigokensaku.mhlw.go.jp/13/index.php?action_kouhyou_detail_004_kani=true&JigyosyoCd=1362390625-00&ServiceCd=130&Type=search", "url2": "https://www.care.co.jp/office/vn_kameido" }, "geometry": { "type": "Point", "coordinates": [ 139.82292945960657, 35.696717717512243 ] } },
{ "type": "Feature", "properties": { "内容": "城東クリニック　在宅診療部【訪問看護】東京都江東区東陽3-10-5丸半ビル別館２階", "url": "https://www.kaigokensaku.mhlw.go.jp/13/index.php?action_kouhyou_detail_004_kani=true&JigyosyoCd=1310829697-00&ServiceCd=130&Type=search", "url2": "http://www.keisho-kai.com" }, "geometry": { "type": "Point", "coordinates": [ 139.810593899999958, 35.66999 ] } },
{ "type": "Feature", "properties": { "内容": "医療法人社団　成健会　とみおか医院【訪問看護】東京都江東区富岡１－２６－２０ＮＭＴビル　２Ｆ", "url": "https://www.kaigokensaku.mhlw.go.jp/13/index.php?action_kouhyou_detail_004_kani=true&JigyosyoCd=1310830828-00&ServiceCd=130&Type=search", "url2": "https://www.tomioka-iin.com/" }, "geometry": { "type": "Point", "coordinates": [ 139.800720100000035, 35.66969 ] } },
{ "type": "Feature", "properties": { "内容": "ソライロ在宅クリニック【訪問看護】東京都江東区東砂3-25-3", "url": "https://www.kaigokensaku.mhlw.go.jp/13/index.php?action_kouhyou_detail_004_kani=true&JigyosyoCd=1310832790-00&ServiceCd=130&Type=search", "url2": "https://sorairo2022.com/houmonsinryo/" }, "geometry": { "type": "Point", "coordinates": [ 139.8438318, 35.6781362 ] } },
{ "type": "Feature", "properties": { "内容": "訪問看護サボテン砂町【訪問看護】東京都江東区北砂3丁目１７－１９", "url": "https://www.kaigokensaku.mhlw.go.jp/13/index.php?action_kouhyou_detail_004_kani=true&JigyosyoCd=1360890105-00&ServiceCd=130&Type=search", "url2": "http://www.earth-saboten.co.jp/" }, "geometry": { "type": "Point", "coordinates": [ 139.829944330688477, 35.681688800000323 ] } },
{ "type": "Feature", "properties": { "内容": "ボンズシップ訪問看護リハビリステーション【訪問看護】東京都江東区東陽3-10-5丸半ビル別館3階", "url": "https://www.kaigokensaku.mhlw.go.jp/13/index.php?action_kouhyou_detail_004_kani=true&JigyosyoCd=1360890113-00&ServiceCd=130&Type=search", "url2": "http://bondsship.com/" }, "geometry": { "type": "Point", "coordinates": [ 139.810620694128943, 35.669741603174522 ] } },
{ "type": "Feature", "properties": { "内容": "あわーず東京江東訪問看護リハビリステーション【訪問看護】東京都江東区大島1丁目33番12号西大島和田ビル4F", "url": "https://www.kaigokensaku.mhlw.go.jp/13/index.php?action_kouhyou_detail_004_kani=true&JigyosyoCd=1360890188-00&ServiceCd=130&Type=search", "url2": "https://ours-sr.co.jp/" }, "geometry": { "type": "Point", "coordinates": [ 139.826216173927349, 35.68910357197646 ] } },
{ "type": "Feature", "properties": { "内容": "あすなろ訪問看護ステーション西大島【訪問看護】東京都江東区大島4-5-11藤和西大島コープ1階", "url": "https://www.kaigokensaku.mhlw.go.jp/13/index.php?action_kouhyou_detail_004_kani=true&JigyosyoCd=1360890204-00&ServiceCd=130&Type=search", "url2": "https://asunaro-st.com" }, "geometry": { "type": "Point", "coordinates": [ 139.827769799999942, 35.689129500000035 ] } },
{ "type": "Feature", "properties": { "内容": "訪問看護ステーションすまいる【訪問看護】東京都江東区南砂７-４-６パークサイド飯島２０３", "url": "https://www.kaigokensaku.mhlw.go.jp/13/index.php?action_kouhyou_detail_004_kani=true&JigyosyoCd=1360890212-00&ServiceCd=130&Type=search", "url2": "https://www.2525nurse.co.jp/" }, "geometry": { "type": "Point", "coordinates": [ 139.834216400000088, 35.6707208 ] } },
{ "type": "Feature", "properties": { "内容": "マハロ豊洲訪問看護リハビリステーション【訪問看護】東京都江東区豊洲4-6-3メゾン豊洲201", "url": "https://www.kaigokensaku.mhlw.go.jp/13/index.php?action_kouhyou_detail_004_kani=true&JigyosyoCd=1360890261-00&ServiceCd=130&Type=search", "url2": "http://mahalo-toyosu.com/" }, "geometry": { "type": "Point", "coordinates": [ 139.798334699999941, 35.655502500000011 ] } },
{ "type": "Feature", "properties": { "内容": "セコム深川訪問看護ステーション【訪問看護】東京都江東区東陽１ー２５ー４ブリリアンス丹羽４０１号室", "url": "https://www.kaigokensaku.mhlw.go.jp/13/index.php?action_kouhyou_detail_004_kani=true&JigyosyoCd=1360890279-00&ServiceCd=130&Type=search", "url2": "http://medical.secom.co.jp/" }, "geometry": { "type": "Point", "coordinates": [ 139.81113, 35.6675764 ] } },
{ "type": "Feature", "properties": { "内容": "訪問看護ステーションリンク【訪問看護】東京都江東区猿江1-12-1住吉パークホームズ1階", "url": "https://www.kaigokensaku.mhlw.go.jp/13/index.php?action_kouhyou_detail_004_kani=true&JigyosyoCd=1360890295-00&ServiceCd=130&Type=search", "url2": "https://www.spinner.co.jp" }, "geometry": { "type": "Point", "coordinates": [ 139.812141353849285, 35.686165877368978 ] } },
{ "type": "Feature", "properties": { "内容": "ホウカンＴＯＫＹＯ江東【訪問看護】東京都江東区高橋１４－１３清澄ＳＯＨＯ２Ｂ", "url": "https://www.kaigokensaku.mhlw.go.jp/13/index.php?action_kouhyou_detail_004_kani=true&JigyosyoCd=1360890329-00&ServiceCd=130&Type=search", "url2": "https://hokan.tokyo/afc/" }, "geometry": { "type": "Point", "coordinates": [ 139.8003387, 35.686127200000016 ] } },
{ "type": "Feature", "properties": { "内容": "訪問看護ステーションOHANA【訪問看護】東京都江東区亀戸2-44-12亀戸ビル2階", "url": "https://www.kaigokensaku.mhlw.go.jp/13/index.php?action_kouhyou_detail_004_kani=true&JigyosyoCd=1360890337-00&ServiceCd=130&Type=search", "url2": "https://ohanast087.jp/" }, "geometry": { "type": "Point", "coordinates": [ 139.824497400000013, 35.701245900000011 ] } },
{ "type": "Feature", "properties": { "内容": "PAL訪問看護ステーション【訪問看護】東京都江東区東陽4-6-14トーカンマンション東陽町202号室", "url": "https://www.kaigokensaku.mhlw.go.jp/13/index.php?action_kouhyou_detail_004_kani=true&JigyosyoCd=1360890360-00&ServiceCd=130&Type=search", "url2": null }, "geometry": { "type": "Point", "coordinates": [ 139.81943780000006, 35.6705625 ] } },
{ "type": "Feature", "properties": { "内容": "ガイア訪問看護ステーション江東【訪問看護】東京都江東区亀戸6-33-3諸橋ビル2階", "url": "https://www.kaigokensaku.mhlw.go.jp/13/index.php?action_kouhyou_detail_004_kani=true&JigyosyoCd=1360890378-00&ServiceCd=130&Type=search", "url2": "https://www.gaia-medicare.jp/" }, "geometry": { "type": "Point", "coordinates": [ 139.828072600000013, 35.6949598 ] } },
{ "type": "Feature", "properties": { "内容": "訪問看護ステーションPIT【訪問看護】東京都江東区木場3-8-11リフィオ木場公園102号室", "url": "https://www.kaigokensaku.mhlw.go.jp/13/index.php?action_kouhyou_detail_004_kani=true&JigyosyoCd=1360890394-00&ServiceCd=130&Type=search", "url2": "https://medical-pit.com/" }, "geometry": { "type": "Point", "coordinates": [ 139.805381899999986, 35.673929 ] } },
{ "type": "Feature", "properties": { "内容": "訪問看護ステーションはな亀戸【訪問看護】東京都江東区亀戸1−39−5サンウエストビルⅡ　1F", "url": "https://www.kaigokensaku.mhlw.go.jp/13/index.php?action_kouhyou_detail_004_kani=true&JigyosyoCd=1360890410-00&ServiceCd=130&Type=search", "url2": "https://www.hana-kango.com/index.html" }, "geometry": { "type": "Point", "coordinates": [ 139.825067706745926, 35.696370231123957 ] } },
{ "type": "Feature", "properties": { "内容": "ラヴィ訪問看護ステーション門前仲町【訪問看護】東京都江東区富岡１丁目２５－５メディカルビル門前仲町９Ｆ", "url": "https://www.kaigokensaku.mhlw.go.jp/13/index.php?action_kouhyou_detail_004_kani=true&JigyosyoCd=1360890469-00&ServiceCd=130&Type=search", "url2": "https://www.lavie-support.jp/" }, "geometry": { "type": "Point", "coordinates": [ 139.7992312, 35.6702118 ] } },
{ "type": "Feature", "properties": { "内容": "そらまめ訪問看護ステーション【訪問看護】東京都江東区大島一丁目29番16号", "url": "https://www.kaigokensaku.mhlw.go.jp/13/index.php?action_kouhyou_detail_004_kani=true&JigyosyoCd=1360890519-00&ServiceCd=130&Type=search", "url2": "https://soramame-station.jp/" }, "geometry": { "type": "Point", "coordinates": [ 139.8131677, 35.692054599999985 ] } },
{ "type": "Feature", "properties": { "内容": "訪問看護ステーション慈穏【訪問看護】東京都江東区北砂6-19-19101", "url": "https://www.kaigokensaku.mhlw.go.jp/13/index.php?action_kouhyou_detail_004_kani=true&JigyosyoCd=1360890527-00&ServiceCd=130&Type=search", "url2": "https://houkanjion.com" }, "geometry": { "type": "Point", "coordinates": [ 139.838831299999981, 35.685167 ] } },
{ "type": "Feature", "properties": { "内容": "葵訪問看護ステーション【訪問看護】東京都江東区南砂2-3-1-127", "url": "https://www.kaigokensaku.mhlw.go.jp/13/index.php?action_kouhyou_detail_004_kani=true&JigyosyoCd=1360890543-00&ServiceCd=130&Type=search", "url2": "https://www.aoi-homonkango-nurse.com/" }, "geometry": { "type": "Point", "coordinates": [ 139.822000800000012, 35.6702883 ] } },
{ "type": "Feature", "properties": { "内容": "公益社団法人江東区医師会訪問看護ステーション【訪問看護】東京都江東区東陽５－３１－１８", "url": "https://www.kaigokensaku.mhlw.go.jp/13/index.php?action_kouhyou_detail_004_kani=true&JigyosyoCd=1367192008-00&ServiceCd=130&Type=search", "url2": null }, "geometry": { "type": "Point", "coordinates": [ 139.815815499999985, 35.6729979 ] } },
{ "type": "Feature", "properties": { "内容": "医療法人財団寿康会　砂町訪問看護ステーション【訪問看護】東京都江東区北砂4-6-31コーポあずま101", "url": "https://www.kaigokensaku.mhlw.go.jp/13/index.php?action_kouhyou_detail_004_kani=true&JigyosyoCd=1367193634-00&ServiceCd=130&Type=search", "url2": "https://jukoukai.or.jp/sunamachi/" }, "geometry": { "type": "Point", "coordinates": [ 139.828162010565734, 35.677744934859646 ] } },
{ "type": "Feature", "properties": { "内容": "社会医療法人社団順江会江東病院　訪問看護ステーションたんぽぽ【訪問看護】東京都江東区大島5-10-10セントラルプラザ大島　401", "url": "https://www.kaigokensaku.mhlw.go.jp/13/index.php?action_kouhyou_detail_004_kani=true&JigyosyoCd=1367195043-00&ServiceCd=130&Type=search", "url2": "https://koto-hospital.or.jp/about/related_facilities/tanpopo/" }, "geometry": { "type": "Point", "coordinates": [ 139.834110900000042, 35.6893602 ] } },
{ "type": "Feature", "properties": { "内容": "セコム江東訪問看護ステーション【訪問看護】東京都江東区亀戸6-55-19ルミエールビル5階", "url": "https://www.kaigokensaku.mhlw.go.jp/13/index.php?action_kouhyou_detail_004_kani=true&JigyosyoCd=1367195399-00&ServiceCd=130&Type=search", "url2": "http://medical.secom.co.jp/" }, "geometry": { "type": "Point", "coordinates": [ 139.83169440000006, 35.6971898 ] } },
{ "type": "Feature", "properties": { "内容": "訪問看護リハビリステーションアオアクア【訪問看護】東京都江東区大島8-5-1N＆Hﾋﾞﾙ4階", "url": "https://www.kaigokensaku.mhlw.go.jp/13/index.php?action_kouhyou_detail_004_kani=true&JigyosyoCd=1360890030-00&ServiceCd=130&Type=search", "url2": "https://aoakua.net" }, "geometry": { "type": "Point", "coordinates": [ 139.838054698811362, 35.689920779639806 ] } },
{ "type": "Feature", "properties": { "内容": "医療法人財団健和会　大島訪問看護ステーション【訪問看護】東京都江東区大島1-36-5江東ビル4Ｆ", "url": "https://www.kaigokensaku.mhlw.go.jp/13/index.php?action_kouhyou_detail_004_kani=true&JigyosyoCd=1360890048-00&ServiceCd=130&Type=search", "url2": "http://kenwa-houmon.com/" }, "geometry": { "type": "Point", "coordinates": [ 139.825685823942536, 35.687359057046159 ] } },
{ "type": "Feature", "properties": { "内容": "訪問看護ステーションせりえ【訪問看護】東京都江東区亀戸7-14-7", "url": "https://www.kaigokensaku.mhlw.go.jp/13/index.php?action_kouhyou_detail_004_kani=true&JigyosyoCd=1360890063-00&ServiceCd=130&Type=search", "url2": null }, "geometry": { "type": "Point", "coordinates": [ 139.835277492451524, 35.697715362789374 ] } },
{ "type": "Feature", "properties": { "内容": "訪問看護ステーション　デューン江東【訪問看護】東京都江東区東陽4-8-5宿本ビル２階", "url": "https://www.kaigokensaku.mhlw.go.jp/13/index.php?action_kouhyou_detail_004_kani=true&JigyosyoCd=1360890147-00&ServiceCd=130&Type=search", "url2": "https://www.nfield.co.jp/" }, "geometry": { "type": "Point", "coordinates": [ 139.81724429999997, 35.6715485 ] } },
{ "type": "Feature", "properties": { "内容": "ざいたくサポート木場【訪問看護】東京都江東区木場2-7-22小鳥居ビル2階", "url": "https://www.kaigokensaku.mhlw.go.jp/13/index.php?action_kouhyou_detail_004_kani=true&JigyosyoCd=1360890311-00&ServiceCd=130&Type=search", "url2": "https://zaitaku-support.com/" }, "geometry": { "type": "Point", "coordinates": [ 139.8040303, 35.669889300000037 ] } },
{ "type": "Feature", "properties": { "内容": "ひなた訪問看護リハビリステーション【訪問看護】東京都江東森下2-19-8谷ビル202", "url": "https://www.kaigokensaku.mhlw.go.jp/13/index.php?action_kouhyou_detail_004_kani=true&JigyosyoCd=1360890550-00&ServiceCd=130&Type=search", "url2": "http://mynursetokyo.co.jp" }, "geometry": { "type": "Point", "coordinates": [ 139.799131522195836, 35.688268734483039 ] } },
{ "type": "Feature", "properties": { "内容": "オリーブ訪問看護リハビリステーション江東【訪問看護】東京都江東区清澄2-11-74階", "url": "https://www.kaigokensaku.mhlw.go.jp/13/index.php?action_kouhyou_detail_004_kani=true&JigyosyoCd=1360890618-00&ServiceCd=130&Type=search", "url2": "https://www.carenurse-olea.jp" }, "geometry": { "type": "Point", "coordinates": [ 139.796342399999986, 35.682658 ] } },
{ "type": "Feature", "properties": { "内容": "はるナースステーション【訪問看護】東京都江東区門前仲町2－2－16ひまわり101", "url": "https://www.kaigokensaku.mhlw.go.jp/13/index.php?action_kouhyou_detail_004_kani=true&JigyosyoCd=1360890642-00&ServiceCd=130&Type=search", "url2": "https://www.haru-nurse-station.com/" }, "geometry": { "type": "Point", "coordinates": [ 139.7947912, 35.6716866 ] } },
{ "type": "Feature", "properties": { "内容": "ベストリハ訪問看護ステーションⅡ【訪問看護】東京都江東区東陽1-25-4ブリリアンス丹羽302号", "url": "https://www.kaigokensaku.mhlw.go.jp/13/index.php?action_kouhyou_detail_004_kani=true&JigyosyoCd=1360890626-00&ServiceCd=130&Type=search", "url2": "https://bestreha.com/health-care/vc/" }, "geometry": { "type": "Point", "coordinates": [ 139.811197, 35.6676088 ] } },
{ "type": "Feature", "properties": { "内容": "訪問看護ステーショントータルケア亀戸【訪問看護】東京都江東区亀戸2-3-174F", "url": "https://www.kaigokensaku.mhlw.go.jp/13/index.php?action_kouhyou_detail_004_kani=true&JigyosyoCd=1360890576-00&ServiceCd=130&Type=search", "url2": null }, "geometry": { "type": "Point", "coordinates": [ 139.821296800000027, 35.6984282 ] } },
{ "type": "Feature", "properties": { "内容": "ツクイ江東訪問看護ステーション【訪問看護】東京都江東区木場5丁目11-13ザイマックス木場公園ビル6階", "url": "https://www.kaigokensaku.mhlw.go.jp/13/index.php?action_kouhyou_detail_004_kani=true&JigyosyoCd=1360890568-00&ServiceCd=130&Type=search", "url2": "https://www.tsukui.net/" }, "geometry": { "type": "Point", "coordinates": [ 139.8083919, 35.669886 ] } },
{ "type": "Feature", "properties": { "内容": "あかり訪問看護ステーション【訪問看護】東京都江東区東陽6-3-25中央マンション101", "url": "https://www.kaigokensaku.mhlw.go.jp/13/index.php?action_kouhyou_detail_004_kani=true&JigyosyoCd=1360890592-00&ServiceCd=130&Type=search", "url2": "http://k2-corporation.jp/akari-kango/" }, "geometry": { "type": "Point", "coordinates": [ 139.815426828836081, 35.674179716956033 ] } },
{ "type": "Feature", "properties": { "内容": "訪問看護ステーション　デューン品川【訪問看護】東京都品川区大崎4-1-13五反田フービル1階", "url": "https://www.kaigokensaku.mhlw.go.jp/13/index.php?action_kouhyou_detail_004_kani=true&JigyosyoCd=1360990269-00&ServiceCd=130&Type=search", "url2": "http://www.nfield.co.jp" }, "geometry": { "type": "Point", "coordinates": [ 139.722185099999933, 35.621626200000016 ] } },
{ "type": "Feature", "properties": { "内容": "フローカ訪問看護ステーション【訪問看護】東京都品川区南大井6-13-8第3浜野ビル101", "url": "https://www.kaigokensaku.mhlw.go.jp/13/index.php?action_kouhyou_detail_004_kani=true&JigyosyoCd=1360990418-00&ServiceCd=130&Type=search", "url2": "https://kango.floca.co.jp/" }, "geometry": { "type": "Point", "coordinates": [ 139.731298399999986, 35.591502 ] } },
{ "type": "Feature", "properties": { "内容": "医心館訪問看護ステーション大井町【訪問看護】東京都品川区東大井4丁目12番14号", "url": "https://www.kaigokensaku.mhlw.go.jp/13/index.php?action_kouhyou_detail_004_kani=true&JigyosyoCd=1360990558-00&ServiceCd=130&Type=search", "url2": null }, "geometry": { "type": "Point", "coordinates": [ 139.73898924536897, 35.605997140941184 ] } },
{ "type": "Feature", "properties": { "内容": "訪問看護ステーションウェイオブライフ【訪問看護】東京都品川区北品川一丁目２４番１９号ハイツ青木１０３", "url": "https://www.kaigokensaku.mhlw.go.jp/13/index.php?action_kouhyou_detail_004_kani=true&JigyosyoCd=1360990566-00&ServiceCd=130&Type=search", "url2": null }, "geometry": { "type": "Point", "coordinates": [ 139.740594, 35.6209266 ] } },
{ "type": "Feature", "properties": { "内容": "KidsInnovation訪問看護【訪問看護】東京都品川区大崎2-7-5MyStyleOsaki102", "url": "https://www.kaigokensaku.mhlw.go.jp/13/index.php?action_kouhyou_detail_004_kani=true&JigyosyoCd=1360990624-00&ServiceCd=130&Type=search", "url2": "https://machan-childcare.com" }, "geometry": { "type": "Point", "coordinates": [ 139.726041345368998, 35.617090723416062 ] } },
{ "type": "Feature", "properties": { "内容": "愛恩訪問看護ステーション品川【訪問看護】東京都品川区東品川２丁目２番２５号サンウッド品川天王洲タワー１３０６号", "url": "https://www.kaigokensaku.mhlw.go.jp/13/index.php?action_kouhyou_detail_004_kani=true&JigyosyoCd=1360990632-00&ServiceCd=130&Type=search", "url2": null }, "geometry": { "type": "Point", "coordinates": [ 139.7492809, 35.6217353 ] } },
{ "type": "Feature", "properties": { "内容": "訪問看護ステーションcarna五反田【訪問看護】東京都品川区西五反田3-10-9carna五反田6階", "url": "https://www.kaigokensaku.mhlw.go.jp/13/index.php?action_kouhyou_detail_004_kani=true&JigyosyoCd=1360990194-00&ServiceCd=130&Type=search", "url2": "http://www.tmg-houmonkango.jp/gotanda/" }, "geometry": { "type": "Point", "coordinates": [ 139.715855222090141, 35.626670134773143 ] } },
{ "type": "Feature", "properties": { "内容": "にしおおい訪問看護ステーション【訪問看護】東京都品川区西大井２－４－４", "url": "https://www.kaigokensaku.mhlw.go.jp/13/index.php?action_kouhyou_detail_004_kani=true&JigyosyoCd=1360990319-00&ServiceCd=130&Type=search", "url2": "https://shunkoufukushikai.or.jp" }, "geometry": { "type": "Point", "coordinates": [ 139.722531500000059, 35.5999297 ] } },
{ "type": "Feature", "properties": { "内容": "訪問看護ステーションソピア御殿山【訪問看護】東京都品川区北品川５丁目２番１号品川リハビリテーションパーク・品川区立大崎図書館", "url": "https://www.kaigokensaku.mhlw.go.jp/13/index.php?action_kouhyou_detail_004_kani=true&JigyosyoCd=1360990327-00&ServiceCd=130&Type=search", "url2": "http://kcmi.or.jp/sopiagotenyama/houmonkango/" }, "geometry": { "type": "Point", "coordinates": [ 139.731624399999987, 35.6232356 ] } },
{ "type": "Feature", "properties": { "内容": "訪問看護ステーション・湯～亀【訪問看護】東京都品川区旗の台4-5-17", "url": "https://www.kaigokensaku.mhlw.go.jp/13/index.php?action_kouhyou_detail_004_kani=true&JigyosyoCd=1360990657-00&ServiceCd=130&Type=search", "url2": "http://www.yu-ki.fun/company" }, "geometry": { "type": "Point", "coordinates": [ 139.7056768, 35.6025422 ] } },
{ "type": "Feature", "properties": { "内容": "ケアメイト品川訪問看護ステーション【訪問看護】東京都品川区西大井2-4-14", "url": "https://www.kaigokensaku.mhlw.go.jp/13/index.php?action_kouhyou_detail_004_kani=true&JigyosyoCd=1360990111-00&ServiceCd=130&Type=search", "url2": "http://www.caremate.jp" }, "geometry": { "type": "Point", "coordinates": [ 139.72267869999996, 35.5996381 ] } },
{ "type": "Feature", "properties": { "内容": "あいらく訪問看護ステーション　大崎【訪問看護】東京都品川区大崎5-4-12日床ビル2階", "url": "https://www.kaigokensaku.mhlw.go.jp/13/index.php?action_kouhyou_detail_004_kani=true&JigyosyoCd=1360990525-00&ServiceCd=130&Type=search", "url2": null }, "geometry": { "type": "Point", "coordinates": [ 139.725307699999973, 35.622547 ] } },
{ "type": "Feature", "properties": { "内容": "南大井訪問看護ステ－ション【訪問看護】東京都品川区東大井４丁目9番1号品川区立大井林町高齢者複合施設", "url": "https://www.kaigokensaku.mhlw.go.jp/13/index.php?action_kouhyou_detail_004_kani=true&JigyosyoCd=1367194657-00&ServiceCd=130&Type=search", "url2": "https://www.shinagawa-sakurakai.or.jp" }, "geometry": { "type": "Point", "coordinates": [ 139.740266199999951, 35.6053435 ] } },
{ "type": "Feature", "properties": { "内容": "株式会社ライフケアーサービスセンター訪問看護ステーション【訪問看護】東京都品川区北品川３丁目３番３号東和ビル３階", "url": "https://www.kaigokensaku.mhlw.go.jp/13/index.php?action_kouhyou_detail_004_kani=true&JigyosyoCd=1367197619-00&ServiceCd=130&Type=search", "url2": "http://www.lcss.co.jp" }, "geometry": { "type": "Point", "coordinates": [ 139.738754500000027, 35.6217609 ] } },
{ "type": "Feature", "properties": { "内容": "訪問看護ステーションリリフル【訪問看護】東京都品川区北品川5-12-1フラワー御殿山ハイツ503", "url": "https://www.kaigokensaku.mhlw.go.jp/13/index.php?action_kouhyou_detail_004_kani=true&JigyosyoCd=1360990129-00&ServiceCd=130&Type=search", "url2": "http://www.reliefull.com/" }, "geometry": { "type": "Point", "coordinates": [ 139.733877, 35.623241199999981 ] } },
{ "type": "Feature", "properties": { "内容": "ほっとホームケア訪問看護ステーション【訪問看護】東京都品川区戸越5-14-24ITOビル4階", "url": "https://www.kaigokensaku.mhlw.go.jp/13/index.php?action_kouhyou_detail_004_kani=true&JigyosyoCd=1360990186-00&ServiceCd=130&Type=search", "url2": "http://www.hotto-homecare.com/" }, "geometry": { "type": "Point", "coordinates": [ 139.715234499999951, 35.6107088 ] } },
{ "type": "Feature", "properties": { "内容": "レディーバグ訪問看護ステーション武蔵小山【訪問看護】東京都品川区荏原4-14-7アニマシオンウメダ1F", "url": "https://www.kaigokensaku.mhlw.go.jp/13/index.php?action_kouhyou_detail_004_kani=true&JigyosyoCd=1360990202-00&ServiceCd=130&Type=search", "url2": "https://www.heartpage.jp/shinagawa/facility/20010052?header=off" }, "geometry": { "type": "Point", "coordinates": [ 139.706382399999939, 35.6145525 ] } },
{ "type": "Feature", "properties": { "内容": "喜楽訪問看護ステーション【訪問看護】東京都品川区南大井六丁目16－12大森コーポビアネーズ407号", "url": "https://www.kaigokensaku.mhlw.go.jp/13/index.php?action_kouhyou_detail_004_kani=true&JigyosyoCd=1360990244-00&ServiceCd=130&Type=search", "url2": null }, "geometry": { "type": "Point", "coordinates": [ 139.73012319999998, 35.5907227 ] } },
{ "type": "Feature", "properties": { "内容": "株式会社　仁済訪問看護ステーション品川【訪問看護】東京都品川区二葉1-12-8マメゾン二葉１階", "url": "https://www.kaigokensaku.mhlw.go.jp/13/index.php?action_kouhyou_detail_004_kani=true&JigyosyoCd=1360990293-00&ServiceCd=130&Type=search", "url2": "http://www.jinsai1939.jp" }, "geometry": { "type": "Point", "coordinates": [ -8.24389, 53.41291 ] } },
{ "type": "Feature", "properties": { "内容": "訪問看護ｽﾃｰｼｮﾝこころ【訪問看護】東京都品川区旗の台6-24-12旗の台ｻﾏﾘﾔﾏﾝｼｮﾝ101", "url": "https://www.kaigokensaku.mhlw.go.jp/13/index.php?action_kouhyou_detail_004_kani=true&JigyosyoCd=1360990368-00&ServiceCd=130&Type=search", "url2": "https://cocorostation.jp" }, "geometry": { "type": "Point", "coordinates": [ 139.699849, 35.6057302 ] } },
{ "type": "Feature", "properties": { "内容": "ビジナ【訪問看護】東京都品川区東五反田1-5-1ユニーブル島津山606号室", "url": "https://www.kaigokensaku.mhlw.go.jp/13/index.php?action_kouhyou_detail_004_kani=true&JigyosyoCd=1360990392-00&ServiceCd=130&Type=search", "url2": "https://visina.jp/" }, "geometry": { "type": "Point", "coordinates": [ 139.726588516007951, 35.626929643114309 ] } },
{ "type": "Feature", "properties": { "内容": "訪問看護ステーション　タック【訪問看護】東京都品川区北品川3-11-19ラ・メール401", "url": "https://www.kaigokensaku.mhlw.go.jp/13/index.php?action_kouhyou_detail_004_kani=true&JigyosyoCd=1360990400-00&ServiceCd=130&Type=search", "url2": "https://tack-kango.com" }, "geometry": { "type": "Point", "coordinates": [ 139.740461797553195, 35.616724872071096 ] } },
{ "type": "Feature", "properties": { "内容": "和ごころ訪問看護ステーション【訪問看護】東京都品川区大井４丁目24-20ガーデニアヴィラ1階", "url": "https://www.kaigokensaku.mhlw.go.jp/13/index.php?action_kouhyou_detail_004_kani=true&JigyosyoCd=1360990442-00&ServiceCd=130&Type=search", "url2": "https://wagokoro2021.com" }, "geometry": { "type": "Point", "coordinates": [ 139.730811050695081, 35.600494708855024 ] } },
{ "type": "Feature", "properties": { "内容": "ASHCARE訪問看護ステーション【訪問看護】東京都品川区西五反田５−１１−８不動前マンション４０５", "url": "https://www.kaigokensaku.mhlw.go.jp/13/index.php?action_kouhyou_detail_004_kani=true&JigyosyoCd=1360990467-00&ServiceCd=130&Type=search", "url2": "https://ash-care.jp" }, "geometry": { "type": "Point", "coordinates": [ 139.713619, 35.6249809 ] } },
{ "type": "Feature", "properties": { "内容": "かかりつけ訪問看護ステーション【訪問看護】東京都品川区中延３－１１－２モアナハウス１０２", "url": "https://www.kaigokensaku.mhlw.go.jp/13/index.php?action_kouhyou_detail_004_kani=true&JigyosyoCd=1360990483-00&ServiceCd=130&Type=search", "url2": "https://kakari-kango-center.com/" }, "geometry": { "type": "Point", "coordinates": [ 139.7098258, 35.6071461 ] } },
{ "type": "Feature", "properties": { "内容": "ぬくまる看護【訪問看護】東京都品川区小山台1-22-8　昭和ビル2階", "url": "https://www.kaigokensaku.mhlw.go.jp/13/index.php?action_kouhyou_detail_004_kani=true&JigyosyoCd=1360990491-00&ServiceCd=130&Type=search", "url2": null }, "geometry": { "type": "Point", "coordinates": [ 139.705368469227778, 35.621705304724792 ] } },
{ "type": "Feature", "properties": { "内容": "訪問看護ステーション　アライブ【訪問看護】東京都品川区中延5-11-25ハウスHM　A号室", "url": "https://www.kaigokensaku.mhlw.go.jp/13/index.php?action_kouhyou_detail_004_kani=true&JigyosyoCd=1360990509-00&ServiceCd=130&Type=search", "url2": null }, "geometry": { "type": "Point", "coordinates": [ 139.707751300000012, 35.6012218 ] } },
{ "type": "Feature", "properties": { "内容": "医師会立品川区訪問看護ステーション【訪問看護】東京都品川区北品川3丁目7番25号品川区医師会館　２階", "url": "https://www.kaigokensaku.mhlw.go.jp/13/index.php?action_kouhyou_detail_004_kani=true&JigyosyoCd=1367191075-00&ServiceCd=130&Type=search", "url2": "http://shinagawakuishikai.or.jp/06_kango-st.html" }, "geometry": { "type": "Point", "coordinates": [ 139.740635099999963, 35.6170949 ] } },
{ "type": "Feature", "properties": { "内容": "医師会立荏原訪問看護ステーション【訪問看護】東京都品川区中延２-６-５", "url": "https://www.kaigokensaku.mhlw.go.jp/13/index.php?action_kouhyou_detail_004_kani=true&JigyosyoCd=1367192032-00&ServiceCd=130&Type=search", "url2": "http://www.ebr-med.or.jp" }, "geometry": { "type": "Point", "coordinates": [ 139.712262499999952, 35.6115419 ] } },
{ "type": "Feature", "properties": { "内容": "ソフィアメディ訪問看護ステーション小山【訪問看護】東京都品川区小山7-10-1ロワール洗足102号", "url": "https://www.kaigokensaku.mhlw.go.jp/13/index.php?action_kouhyou_detail_004_kani=true&JigyosyoCd=1367196926-00&ServiceCd=130&Type=search", "url2": "http://www.sophiamedi.co.jp/" }, "geometry": { "type": "Point", "coordinates": [ 139.696094499999958, 35.6100944 ] } },
{ "type": "Feature", "properties": { "内容": "ソフィアメディ訪問看護ステーション豊町【訪問看護】東京都品川区戸越5－10－2アルカサール戸越公園201", "url": "https://www.kaigokensaku.mhlw.go.jp/13/index.php?action_kouhyou_detail_004_kani=true&JigyosyoCd=1360990087-00&ServiceCd=130&Type=search", "url2": "https://www.sophiamedi.co.jp/station/yutakacho/" }, "geometry": { "type": "Point", "coordinates": [ 139.722493947850381, 35.613338407017281 ] } },
{ "type": "Feature", "properties": { "内容": "ナースステーション　もも【訪問看護】東京都品川区大崎4-2-46", "url": "https://www.kaigokensaku.mhlw.go.jp/13/index.php?action_kouhyou_detail_004_kani=true&JigyosyoCd=1360990095-00&ServiceCd=130&Type=search", "url2": "https://fine-momo.amebaownd.com/" }, "geometry": { "type": "Point", "coordinates": [ 139.722138500000028, 35.6212789 ] } },
{ "type": "Feature", "properties": { "内容": "ソフィアメディ訪問看護ステーション青物横丁【訪問看護】東京都品川区南品川2-17-342階", "url": "https://www.kaigokensaku.mhlw.go.jp/13/index.php?action_kouhyou_detail_004_kani=true&JigyosyoCd=1360990343-00&ServiceCd=130&Type=search", "url2": null }, "geometry": { "type": "Point", "coordinates": [ 139.744365600000037, 35.6123956 ] } },
{ "type": "Feature", "properties": { "内容": "curun訪問看護ステーション【訪問看護】東京都品川区中延5-9-28小笠原ハウス202", "url": "https://www.kaigokensaku.mhlw.go.jp/13/index.php?action_kouhyou_detail_004_kani=true&JigyosyoCd=1360990541-00&ServiceCd=130&Type=search", "url2": "https://curun.co.jp/" }, "geometry": { "type": "Point", "coordinates": [ 139.701607800000033, 35.6041025 ] } },
{ "type": "Feature", "properties": { "内容": "ともに訪問看護ステーション【訪問看護】東京都品川区西大井6-9-3ヴィラロトンダ1階", "url": "https://www.kaigokensaku.mhlw.go.jp/13/index.php?action_kouhyou_detail_004_kani=true&JigyosyoCd=1360990574-00&ServiceCd=130&Type=search", "url2": "https://tomonihoukan.com/" }, "geometry": { "type": "Point", "coordinates": [ 139.720687785288987, 35.600915007181008 ] } },
{ "type": "Feature", "properties": { "内容": "ケアウィル訪問看護ステーション【訪問看護】東京都品川区南大井2-9-22階", "url": "https://www.kaigokensaku.mhlw.go.jp/13/index.php?action_kouhyou_detail_004_kani=true&JigyosyoCd=1360990590-00&ServiceCd=130&Type=search", "url2": "https://carewil.com/" }, "geometry": { "type": "Point", "coordinates": [ 139.737171200000034, 35.5903832 ] } },
{ "type": "Feature", "properties": { "内容": "訪問看護ステーションはな小山【訪問看護】東京都品川区小山6－28－15", "url": "https://www.kaigokensaku.mhlw.go.jp/13/index.php?action_kouhyou_detail_004_kani=true&JigyosyoCd=1360990608-00&ServiceCd=130&Type=search", "url2": "https://hana-kango.com/about_us/index.html" }, "geometry": { "type": "Point", "coordinates": [ 139.695794, 35.613007 ] } },
{ "type": "Feature", "properties": { "内容": "zenplace訪問看護ステーション戸越【訪問看護】東京都品川区平塚3-11-5サンライズビル2階", "url": "https://www.kaigokensaku.mhlw.go.jp/13/index.php?action_kouhyou_detail_004_kani=true&JigyosyoCd=1361090317-00&ServiceCd=130&Type=search", "url2": "https://nurse.zenplace.co.jp/index.html" }, "geometry": { "type": "Point", "coordinates": [ 139.712918, 35.6130509 ] } },
{ "type": "Feature", "properties": { "内容": "元気訪問看護ステーション【訪問看護】東京都品川区北品川2-9-21", "url": "https://www.kaigokensaku.mhlw.go.jp/13/index.php?action_kouhyou_detail_004_kani=true&JigyosyoCd=1360990012-00&ServiceCd=130&Type=search", "url2": "https://tokyo-arrows.com/" }, "geometry": { "type": "Point", "coordinates": [ 139.743207100000063, 35.6182921 ] } },
{ "type": "Feature", "properties": { "内容": "コアエイド訪問看護ステーション目黒【訪問看護】東京都品川区上大崎2-15-19BLOCKSMEGURO709", "url": "https://www.kaigokensaku.mhlw.go.jp/13/index.php?action_kouhyou_detail_004_kani=true&JigyosyoCd=1360990665-00&ServiceCd=130&Type=search", "url2": "https://core-aid.co.jp/" }, "geometry": { "type": "Point", "coordinates": [ 139.7166325, 35.6345428 ] } },
{ "type": "Feature", "properties": { "内容": "訪問看護MORECARE品川【訪問看護】東京都品川区小山台1-18-11コートMIKI201", "url": "https://www.kaigokensaku.mhlw.go.jp/13/index.php?action_kouhyou_detail_004_kani=true&JigyosyoCd=1360990681-00&ServiceCd=130&Type=search", "url2": "https://morecare-jp.com/company/" }, "geometry": { "type": "Point", "coordinates": [ 139.7041822, 35.6228913 ] } },
{ "type": "Feature", "properties": { "内容": "訪問看護ひまわりガーデンプレイス【訪問看護】東京都品川区小山台１−１０−３", "url": "https://www.kaigokensaku.mhlw.go.jp/13/index.php?action_kouhyou_detail_004_kani=true&JigyosyoCd=1360990673-00&ServiceCd=130&Type=search", "url2": "https://himawari-gp.com/" }, "geometry": { "type": "Point", "coordinates": [ 139.707713899999959, 35.6241506 ] } },
{ "type": "Feature", "properties": { "内容": "医療法人財団日扇会第一病院【訪問看護】東京都目黒区中根2-10-20", "url": "https://www.kaigokensaku.mhlw.go.jp/13/index.php?action_kouhyou_detail_004_kani=true&JigyosyoCd=1311070671-00&ServiceCd=130&Type=search", "url2": "http://www2.nissenkai.or.jp" }, "geometry": { "type": "Point", "coordinates": [ 139.676566, 35.6146605 ] } },
{ "type": "Feature", "properties": { "内容": "医療法人社団Ａｎｄ－ｙｏｕ街のホームクリニック【訪問看護】東京都目黒区柿の木坂２丁目３０番１８号柿の木坂ＡｃａｎＢビル２階", "url": "https://www.kaigokensaku.mhlw.go.jp/13/index.php?action_kouhyou_detail_004_kani=true&JigyosyoCd=1311031749-00&ServiceCd=130&Type=search", "url2": "http://machi-cl.jp" }, "geometry": { "type": "Point", "coordinates": [ 139.6726631, 35.6263127 ] } },
{ "type": "Feature", "properties": { "内容": "GIVER訪問看護ステーション【訪問看護】東京都目黒区碑文谷4丁目22-1TS碑文谷202", "url": "https://www.kaigokensaku.mhlw.go.jp/13/index.php?action_kouhyou_detail_004_kani=true&JigyosyoCd=1361090374-00&ServiceCd=130&Type=search", "url2": "https://giver.or.jp/" }, "geometry": { "type": "Point", "coordinates": [ 139.681808399282573, 35.619584665518403 ] } },
{ "type": "Feature", "properties": { "内容": "訪問看護　かえりえ大橋【訪問看護】東京都目黒区大橋２－１６－３８", "url": "https://www.kaigokensaku.mhlw.go.jp/13/index.php?action_kouhyou_detail_004_kani=true&JigyosyoCd=1361090184-00&ServiceCd=130&Type=search", "url2": "https://www.yasashiite.com/subdomains/section/385/" }, "geometry": { "type": "Point", "coordinates": [ 139.6867354, 35.653391 ] } },
{ "type": "Feature", "properties": { "内容": "小児訪問看護ステーション　ルバート【訪問看護】東京都目黒区上目黒1-5-10", "url": "https://www.kaigokensaku.mhlw.go.jp/13/index.php?action_kouhyou_detail_004_kani=true&JigyosyoCd=1361090556-00&ServiceCd=130&Type=search", "url2": null }, "geometry": { "type": "Point", "coordinates": [ 139.7005906, 35.6446775 ] } },
{ "type": "Feature", "properties": { "内容": "訪問看護ステーション青葉台さくら苑【訪問看護】東京都目黒区青葉台3-21-6青葉台さくら苑", "url": "https://www.kaigokensaku.mhlw.go.jp/13/index.php?action_kouhyou_detail_004_kani=true&JigyosyoCd=1361090531-00&ServiceCd=130&Type=search", "url2": "https://www.sakuraen.or.jp/" }, "geometry": { "type": "Point", "coordinates": [ 139.6920548, 35.6494968 ] } },
{ "type": "Feature", "properties": { "内容": "トータルライフケア池尻大橋訪問看護ステーション【訪問看護】東京都目黒区東山3-20-20サニイヒルズ東山101", "url": "https://www.kaigokensaku.mhlw.go.jp/13/index.php?action_kouhyou_detail_004_kani=true&JigyosyoCd=1361090085-00&ServiceCd=130&Type=search", "url2": "https://www.ikiikitlc.co.jp/" }, "geometry": { "type": "Point", "coordinates": [ 139.686697, 35.6484229 ] } },
{ "type": "Feature", "properties": { "内容": "ソフィアメディ訪問看護ステーション緑が丘【訪問看護】東京都目黒区緑が丘3-1-7セトル緑が丘B1", "url": "https://www.kaigokensaku.mhlw.go.jp/13/index.php?action_kouhyou_detail_004_kani=true&JigyosyoCd=1361090119-00&ServiceCd=130&Type=search", "url2": "http://www.sophiamedi.co.jp/" }, "geometry": { "type": "Point", "coordinates": [ 139.679576699999984, 35.606111 ] } },
{ "type": "Feature", "properties": { "内容": "ナイスケア訪問看護ステーション【訪問看護】東京都目黒区大岡山1-5-2", "url": "https://www.kaigokensaku.mhlw.go.jp/13/index.php?action_kouhyou_detail_004_kani=true&JigyosyoCd=1361090135-00&ServiceCd=130&Type=search", "url2": "http://www.nice-care.co.jp" }, "geometry": { "type": "Point", "coordinates": [ 139.684420600000067, 35.6106856 ] } },
{ "type": "Feature", "properties": { "内容": "街のイスキア訪問ナースステーション【訪問看護】東京都目黒区中目黒５－１－１９1階", "url": "https://www.kaigokensaku.mhlw.go.jp/13/index.php?action_kouhyou_detail_004_kani=true&JigyosyoCd=1361090168-00&ServiceCd=130&Type=search", "url2": "http://isukiatokyo.com/" }, "geometry": { "type": "Point", "coordinates": [ 139.697421399999939, 35.6379633 ] } },
{ "type": "Feature", "properties": { "内容": "株式会社Grace　在宅看護センターnagomi和セラピー【訪問看護】東京都目黒区中目黒1-3-3URBANRESORT代官山８D", "url": "https://www.kaigokensaku.mhlw.go.jp/13/index.php?action_kouhyou_detail_004_kani=true&JigyosyoCd=1361090333-00&ServiceCd=130&Type=search", "url2": "http://grace-nagomi.co.jp" }, "geometry": { "type": "Point", "coordinates": [ 139.701811099999986, 35.6458185 ] } },
{ "type": "Feature", "properties": { "内容": "日扇会訪問看護ステーション【訪問看護】東京都目黒区中根2-11-5JBLグランエクリュ都立大学301号", "url": "https://www.kaigokensaku.mhlw.go.jp/13/index.php?action_kouhyou_detail_004_kani=true&JigyosyoCd=1361090499-00&ServiceCd=130&Type=search", "url2": "http://www2.nissenkai.or.jp" }, "geometry": { "type": "Point", "coordinates": [ 139.676992103110507, 35.614992763288562 ] } },
{ "type": "Feature", "properties": { "内容": "訪問看護ステーションミューチュアルナーシング【訪問看護】東京都目黒区大岡山1-37-13", "url": "https://www.kaigokensaku.mhlw.go.jp/13/index.php?action_kouhyou_detail_004_kani=true&JigyosyoCd=1361190851-00&ServiceCd=130&Type=search", "url2": "https://www.mutual-aa.com/" }, "geometry": { "type": "Point", "coordinates": [ 139.6800308, 35.6114738 ] } },
{ "type": "Feature", "properties": { "内容": "かみよん訪問看護ステーション【訪問看護】東京都目黒区上目黒4-4-21", "url": "https://www.kaigokensaku.mhlw.go.jp/13/index.php?action_kouhyou_detail_004_kani=true&JigyosyoCd=1367193857-00&ServiceCd=130&Type=search", "url2": null }, "geometry": { "type": "Point", "coordinates": [ 139.692107800000031, 35.64136 ] } },
{ "type": "Feature", "properties": { "内容": "ナースステーション東京　目黒支店【訪問看護】東京都目黒区上目黒2-36-3", "url": "https://www.kaigokensaku.mhlw.go.jp/13/index.php?action_kouhyou_detail_004_kani=true&JigyosyoCd=1367197031-00&ServiceCd=130&Type=search", "url2": "http://www.zaitakucare.co.jp" }, "geometry": { "type": "Point", "coordinates": [ 139.69659542011064, 35.640359716115007 ] } },
{ "type": "Feature", "properties": { "内容": "ソフィアメディ訪問看護ステーション学大【訪問看護】東京都目黒区碑文谷6-1-18高雅ホームズ学芸大211", "url": "https://www.kaigokensaku.mhlw.go.jp/13/index.php?action_kouhyou_detail_004_kani=true&JigyosyoCd=1367197155-00&ServiceCd=130&Type=search", "url2": "http://www.sophiamedi.co.jp/" }, "geometry": { "type": "Point", "coordinates": [ 139.684481295778568, 35.626730184130523 ] } },
{ "type": "Feature", "properties": { "内容": "すまいるナーシング【訪問看護】東京都目黒区八雲2-8-2ウエルス都立大102", "url": "https://www.kaigokensaku.mhlw.go.jp/13/index.php?action_kouhyou_detail_004_kani=true&JigyosyoCd=1361090283-00&ServiceCd=130&Type=search", "url2": "https://smilage.jp/" }, "geometry": { "type": "Point", "coordinates": [ 139.672142055819734, 35.616484989976257 ] } },
{ "type": "Feature", "properties": { "内容": "医療法人社団よるり会目黒ケイホームクリニック【訪問看護】東京都目黒区中目黒４－５－１エースビル２階", "url": "https://www.kaigokensaku.mhlw.go.jp/13/index.php?action_kouhyou_detail_004_kani=true&JigyosyoCd=1311031731-00&ServiceCd=130&Type=search", "url2": "https://www.megurokhome.com" }, "geometry": { "type": "Point", "coordinates": [ 139.704121, 35.6382228 ] } },
{ "type": "Feature", "properties": { "内容": "りゅうじん訪問看護ステーション東京【訪問看護】東京都目黒区三田2-18-18", "url": "https://www.kaigokensaku.mhlw.go.jp/13/index.php?action_kouhyou_detail_004_kani=true&JigyosyoCd=1360990152-00&ServiceCd=130&Type=search", "url2": "http://www.ryujin-ns.com/" }, "geometry": { "type": "Point", "coordinates": [ 139.710052151754923, 35.638020869573246 ] } },
{ "type": "Feature", "properties": { "内容": "すみれ訪問看護ステーション【訪問看護】東京都目黒区中央町２－１１－１３すみれレジデンス1階", "url": "https://www.kaigokensaku.mhlw.go.jp/13/index.php?action_kouhyou_detail_004_kani=true&JigyosyoCd=1361090010-00&ServiceCd=130&Type=search", "url2": "http://www.meguro-hospital.com/houmon/index.html" }, "geometry": { "type": "Point", "coordinates": [ 139.691508200000044, 35.631825 ] } },
{ "type": "Feature", "properties": { "内容": "ﾊｰﾄﾌﾙ訪問看護ステーション中目黒【訪問看護】東京都目黒区上目黒2-15-6川鍋ビル４階", "url": "https://www.kaigokensaku.mhlw.go.jp/13/index.php?action_kouhyou_detail_004_kani=true&JigyosyoCd=1361090077-00&ServiceCd=130&Type=search", "url2": "http://www.heartful-st.com" }, "geometry": { "type": "Point", "coordinates": [ 139.696649100000059, 35.6412712 ] } },
{ "type": "Feature", "properties": { "内容": "訪問看護ステーションSTORY学芸大学【訪問看護】東京都目黒区中町2-31-10", "url": "https://www.kaigokensaku.mhlw.go.jp/13/index.php?action_kouhyou_detail_004_kani=true&JigyosyoCd=1361090093-00&ServiceCd=130&Type=search", "url2": "http://kango-story.com/" }, "geometry": { "type": "Point", "coordinates": [ 139.692058555572544, 35.632631079052175 ] } },
{ "type": "Feature", "properties": { "内容": "ハウオリ訪問看護ステーション【訪問看護】東京都目黒区中央町2-30-11学芸大KYハイツ302号室", "url": "https://www.kaigokensaku.mhlw.go.jp/13/index.php?action_kouhyou_detail_004_kani=true&JigyosyoCd=1361090242-00&ServiceCd=130&Type=search", "url2": "https://hauoli-hoea.co.jp" }, "geometry": { "type": "Point", "coordinates": [ 139.688493336561606, 35.631848701080074 ] } },
{ "type": "Feature", "properties": { "内容": "やよい訪問看護リハビリステーション目黒【訪問看護】東京都目黒区目黒4-6-18", "url": "https://www.kaigokensaku.mhlw.go.jp/13/index.php?action_kouhyou_detail_004_kani=true&JigyosyoCd=1361090309-00&ServiceCd=130&Type=search", "url2": "https://www.yayoi-n.jp/" }, "geometry": { "type": "Point", "coordinates": [ 139.703657099999958, 35.6320448 ] } },
{ "type": "Feature", "properties": { "内容": "スターク訪問看護ステーション目黒【訪問看護】東京都目黒区上目黒3-1-4グリーンプラザビル5F", "url": "https://www.kaigokensaku.mhlw.go.jp/13/index.php?action_kouhyou_detail_004_kani=true&JigyosyoCd=1361090325-00&ServiceCd=130&Type=search", "url2": "https://star-q.jp/" }, "geometry": { "type": "Point", "coordinates": [ 139.697769200000039, 35.6447195 ] } },
{ "type": "Feature", "properties": { "内容": "訪問看護ステーション　ハートネット【訪問看護】東京都目黒区大橋2-8-18グランドヒルズ102号", "url": "https://www.kaigokensaku.mhlw.go.jp/13/index.php?action_kouhyou_detail_004_kani=true&JigyosyoCd=1361090341-00&ServiceCd=130&Type=search", "url2": "https://genkinakaigo.co.jp/" }, "geometry": { "type": "Point", "coordinates": [ 139.688702422394186, 35.655097271500033 ] } },
{ "type": "Feature", "properties": { "内容": "フラッグ【訪問看護】東京都目黒区八雲1-7-21第二ベルハウス401", "url": "https://www.kaigokensaku.mhlw.go.jp/13/index.php?action_kouhyou_detail_004_kani=true&JigyosyoCd=1361090358-00&ServiceCd=130&Type=search", "url2": null }, "geometry": { "type": "Point", "coordinates": [ 139.673584558197035, 35.618762576632875 ] } },
{ "type": "Feature", "properties": { "内容": "アーム訪問看護ステーション祐天寺【訪問看護】東京都目黒区祐天寺2-15-17サンタビル204", "url": "https://www.kaigokensaku.mhlw.go.jp/13/index.php?action_kouhyou_detail_004_kani=true&JigyosyoCd=1361090382-00&ServiceCd=130&Type=search", "url2": "https://arm-able.co.jp" }, "geometry": { "type": "Point", "coordinates": [ 139.690095099999979, 35.6361437 ] } },
{ "type": "Feature", "properties": { "内容": "マイナビ訪問看護ステーション自由が丘【訪問看護】東京都目黒区自由が丘2-16-19自由が丘メープル2階", "url": "https://www.kaigokensaku.mhlw.go.jp/13/index.php?action_kouhyou_detail_004_kani=true&JigyosyoCd=1361090424-00&ServiceCd=130&Type=search", "url2": "http://houmon-kango.mynavi.jp/" }, "geometry": { "type": "Point", "coordinates": [ 139.665816699999965, 35.60904390000001 ] } },
{ "type": "Feature", "properties": { "内容": "あいらく訪問看護ステーション【訪問看護】東京都目黒区中央町2-24-12", "url": "https://www.kaigokensaku.mhlw.go.jp/13/index.php?action_kouhyou_detail_004_kani=true&JigyosyoCd=1361090432-00&ServiceCd=130&Type=search", "url2": null }, "geometry": { "type": "Point", "coordinates": [ 139.691187500000041, 35.630565 ] } },
{ "type": "Feature", "properties": { "内容": "社会福祉法人平成会　自由ヶ丘訪問看護ステーション【訪問看護】東京都目黒区自由ヶ丘1-23-24サンテラス自由ヶ丘101", "url": "https://www.kaigokensaku.mhlw.go.jp/13/index.php?action_kouhyou_detail_004_kani=true&JigyosyoCd=1367191059-00&ServiceCd=130&Type=search", "url2": "http://jiyuugaoka.net" }, "geometry": { "type": "Point", "coordinates": [ 139.669486, 35.611377 ] } },
{ "type": "Feature", "properties": { "内容": "三宿病院訪問看護ステーション【訪問看護】東京都目黒区上目黒５－３３－１２", "url": "https://www.kaigokensaku.mhlw.go.jp/13/index.php?action_kouhyou_detail_004_kani=true&JigyosyoCd=1367198567-00&ServiceCd=130&Type=search", "url2": "http://www.mishuku.gr.jp/" }, "geometry": { "type": "Point", "coordinates": [ 139.685239, 35.6421874 ] } },
{ "type": "Feature", "properties": { "内容": "ソフィアメディ訪問看護ステーション東が丘【訪問看護】東京都目黒区東が丘2-11-10", "url": "https://www.kaigokensaku.mhlw.go.jp/13/index.php?action_kouhyou_detail_004_kani=true&JigyosyoCd=1361090036-00&ServiceCd=130&Type=search", "url2": "http://www.sophiamedi.co.jp" }, "geometry": { "type": "Point", "coordinates": [ 139.662391399999933, 35.6310131 ] } },
{ "type": "Feature", "properties": { "内容": "ソフィアメディ訪問看護ステーション駒場【訪問看護】東京都目黒区駒場4-7-4井上ビル2階", "url": "https://www.kaigokensaku.mhlw.go.jp/13/index.php?action_kouhyou_detail_004_kani=true&JigyosyoCd=1361090051-00&ServiceCd=130&Type=search", "url2": "http://www.sophiamedi.co.jp/" }, "geometry": { "type": "Point", "coordinates": [ 139.67633909999995, 35.6639373 ] } },
{ "type": "Feature", "properties": { "内容": "目黒中央訪問看護ステーション【訪問看護】東京都目黒区中町2-42-20ハイム廣田301", "url": "https://www.kaigokensaku.mhlw.go.jp/13/index.php?action_kouhyou_detail_004_kani=true&JigyosyoCd=1361090291-00&ServiceCd=130&Type=search", "url2": "https://yjf-meguro.com/" }, "geometry": { "type": "Point", "coordinates": [ 139.69236079999996, 35.6335637 ] } },
{ "type": "Feature", "properties": { "内容": "ぽむ訪問看護【訪問看護】東京都目黒区青葉台1-13-4ちとせマンション201号", "url": "https://www.kaigokensaku.mhlw.go.jp/13/index.php?action_kouhyou_detail_004_kani=true&JigyosyoCd=1361090515-00&ServiceCd=130&Type=search", "url2": "https://p0mm.com/" }, "geometry": { "type": "Point", "coordinates": [ 139.6952257, 35.6484219 ] } },
{ "type": "Feature", "properties": { "内容": "グレース訪問看護ステーション城南【訪問看護】東京都目黒区鷹番2－20－17TSビル504号", "url": "https://www.kaigokensaku.mhlw.go.jp/13/index.php?action_kouhyou_detail_004_kani=true&JigyosyoCd=1361090523-00&ServiceCd=130&Type=search", "url2": "https://www.a-hmc.com/" }, "geometry": { "type": "Point", "coordinates": [ 139.6862319, 35.6298005 ] } },
{ "type": "Feature", "properties": { "内容": "訪問看護ステーションiTSUMO【訪問看護】東京都目黒区目黒本町5-28-14シルバーヒルズ102", "url": "https://www.kaigokensaku.mhlw.go.jp/13/index.php?action_kouhyou_detail_004_kani=true&JigyosyoCd=1361090572-00&ServiceCd=130&Type=search", "url2": null }, "geometry": { "type": "Point", "coordinates": [ 139.697710699999988, 35.6200551 ] } },
{ "type": "Feature", "properties": { "内容": "ロコ訪問看護ステーション【訪問看護】東京都目黒区青葉台１丁目２３−５第３０宮庭マンション405", "url": "https://www.kaigokensaku.mhlw.go.jp/13/index.php?action_kouhyou_detail_004_kani=true&JigyosyoCd=1361090580-00&ServiceCd=130&Type=search", "url2": "https://loco-nurse.com/" }, "geometry": { "type": "Point", "coordinates": [ 139.6972318, 35.6465124 ] } },
{ "type": "Feature", "properties": { "内容": "訪問看護ステーションharustyle大田池上【訪問看護】東京都大田区池上4丁目32-9trias432103号室", "url": "https://www.kaigokensaku.mhlw.go.jp/13/index.php?action_kouhyou_detail_004_kani=true&JigyosyoCd=1361191024-00&ServiceCd=130&Type=search", "url2": "https://ikegami.haru-style.jp" }, "geometry": { "type": "Point", "coordinates": [ 139.703825099999989, 35.57331460000001 ] } },
{ "type": "Feature", "properties": { "内容": "訪問看護ステーションデライト雪が谷【訪問看護】東京都大田区南雪谷4-5-3多田ビル1階　B区画", "url": "https://www.kaigokensaku.mhlw.go.jp/13/index.php?action_kouhyou_detail_004_kani=true&JigyosyoCd=1361191040-00&ServiceCd=130&Type=search", "url2": "http://hokan-delight.jp/" }, "geometry": { "type": "Point", "coordinates": [ 139.6821344, 35.5901393 ] } },
{ "type": "Feature", "properties": { "内容": "医心館訪問看護ステーション大森【訪問看護】東京都大田区大森北一丁目34番8号", "url": "https://www.kaigokensaku.mhlw.go.jp/13/index.php?action_kouhyou_detail_004_kani=true&JigyosyoCd=1361191065-00&ServiceCd=130&Type=search", "url2": null }, "geometry": { "type": "Point", "coordinates": [ 139.726720199999988, 35.5857431 ] } },
{ "type": "Feature", "properties": { "内容": "訪問看護ステーション　デューン大森北【訪問看護】東京都大田区大森北3-4-11三笠ビル3階", "url": "https://www.kaigokensaku.mhlw.go.jp/13/index.php?action_kouhyou_detail_004_kani=true&JigyosyoCd=1361191081-00&ServiceCd=130&Type=search", "url2": "https://www.nfield.co.jp/" }, "geometry": { "type": "Point", "coordinates": [ 139.7325926, 35.5841897 ] } },
{ "type": "Feature", "properties": { "内容": "訪問看護ステーション　ひらそる【訪問看護】東京都大田区大森西7-6-4", "url": "https://www.kaigokensaku.mhlw.go.jp/13/index.php?action_kouhyou_detail_004_kani=true&JigyosyoCd=1361191107-00&ServiceCd=130&Type=search", "url2": "https://hirasoru-nurse.com" }, "geometry": { "type": "Point", "coordinates": [ 139.722413499999988, 35.569645100000045 ] } },
{ "type": "Feature", "properties": { "内容": "訪問看護ステーション　デライト大森【訪問看護】東京都大田区山王3-1-11A.I.ビル2階", "url": "https://www.kaigokensaku.mhlw.go.jp/13/index.php?action_kouhyou_detail_004_kani=true&JigyosyoCd=1361191131-00&ServiceCd=130&Type=search", "url2": "https://hokan-delight.jp/" }, "geometry": { "type": "Point", "coordinates": [ 139.7257567, 35.5855558 ] } },
{ "type": "Feature", "properties": { "内容": "訪問看護ステーションそらまめ【訪問看護】東京都大田区上池台2-1-11グラスヒル洗足池101", "url": "https://www.kaigokensaku.mhlw.go.jp/13/index.php?action_kouhyou_detail_004_kani=true&JigyosyoCd=1361190513-00&ServiceCd=130&Type=search", "url2": "https://soramamekango.jimdo.com/" }, "geometry": { "type": "Point", "coordinates": [ 139.694182975127546, 35.601044116094094 ] } },
{ "type": "Feature", "properties": { "内容": "訪問看護ステーション　ダブルアイ大田【訪問看護】東京都大田区北嶺町32-16ベルフィーユ201", "url": "https://www.kaigokensaku.mhlw.go.jp/13/index.php?action_kouhyou_detail_004_kani=true&JigyosyoCd=1361190901-00&ServiceCd=130&Type=search", "url2": null }, "geometry": { "type": "Point", "coordinates": [ 139.6819449, 35.5854795 ] } },
{ "type": "Feature", "properties": { "内容": "アイジュ訪問看護ステーション【訪問看護】東京都大田区北千束1-68-31階", "url": "https://www.kaigokensaku.mhlw.go.jp/13/index.php?action_kouhyou_detail_004_kani=true&JigyosyoCd=1361090549-00&ServiceCd=130&Type=search", "url2": "https://aiju-life.com" }, "geometry": { "type": "Point", "coordinates": [ 139.6846477, 35.6125311 ] } },
{ "type": "Feature", "properties": { "内容": "はぐもり訪問看護ステーション【訪問看護】東京都大田区下丸子2-3-1", "url": "https://www.kaigokensaku.mhlw.go.jp/13/index.php?action_kouhyou_detail_004_kani=true&JigyosyoCd=1361191164-00&ServiceCd=130&Type=search", "url2": "https://hugmori.com/" }, "geometry": { "type": "Point", "coordinates": [ 139.686015800000035, 35.5674601 ] } },
{ "type": "Feature", "properties": { "内容": "東京小児訪問看護ステーション赤ずきん【訪問看護】東京都大田区山王1-5-24レコール山王103", "url": "https://www.kaigokensaku.mhlw.go.jp/13/index.php?action_kouhyou_detail_004_kani=true&JigyosyoCd=1361191172-00&ServiceCd=130&Type=search", "url2": "https://taiyou-33.com" }, "geometry": { "type": "Point", "coordinates": [ 139.7263389, 35.592116 ] } },
{ "type": "Feature", "properties": { "内容": "医療法人社団　双愛会　ツインハート在宅クリニック蒲田【訪問看護】東京都大田区南蒲田2丁目4番19号ANTビル4階", "url": "https://www.kaigokensaku.mhlw.go.jp/13/index.php?action_kouhyou_detail_004_kani=true&JigyosyoCd=1315621396-00&ServiceCd=130&Type=search", "url2": "http://www.twinheartmedical.com/" }, "geometry": { "type": "Point", "coordinates": [ 139.722744864418019, 35.558361440818167 ] } },
{ "type": "Feature", "properties": { "内容": "そら訪問看護ステーション【訪問看護】東京都大田区大森西6-6-9", "url": "https://www.kaigokensaku.mhlw.go.jp/13/index.php?action_kouhyou_detail_004_kani=true&JigyosyoCd=1361190018-00&ServiceCd=130&Type=search", "url2": "http://adan.main.jp/" }, "geometry": { "type": "Point", "coordinates": [ 139.7288969, 35.568006 ] } },
{ "type": "Feature", "properties": { "内容": "ソフィアメディ訪問看護ステーション雪谷【訪問看護】東京都大田区南雪谷2-1-11SHビル301", "url": "https://www.kaigokensaku.mhlw.go.jp/13/index.php?action_kouhyou_detail_004_kani=true&JigyosyoCd=1361190067-00&ServiceCd=130&Type=search", "url2": "http://www.sophiamedi.co.jp/" }, "geometry": { "type": "Point", "coordinates": [ 139.681128994474989, 35.592795461246006 ] } },
{ "type": "Feature", "properties": { "内容": "トータルライフケア蒲田訪問看護ステーション【訪問看護】東京都大田区多摩川1-26-10プランドール水野1F", "url": "https://www.kaigokensaku.mhlw.go.jp/13/index.php?action_kouhyou_detail_004_kani=true&JigyosyoCd=1361190091-00&ServiceCd=130&Type=search", "url2": "https://www.ikiikitlc.co.jp" }, "geometry": { "type": "Point", "coordinates": [ 139.701444400000014, 35.561854 ] } },
{ "type": "Feature", "properties": { "内容": "訪問看護ステーション　スマイルケア【訪問看護】東京都大田区東雪谷2-7-5東興ビル1階", "url": "https://www.kaigokensaku.mhlw.go.jp/13/index.php?action_kouhyou_detail_004_kani=true&JigyosyoCd=1361190174-00&ServiceCd=130&Type=search", "url2": "http://www.smile1165.jp/" }, "geometry": { "type": "Point", "coordinates": [ 139.684173699999974, 35.5966667 ] } },
{ "type": "Feature", "properties": { "内容": "サンケア・イーライフ訪問看護ステーション【訪問看護】東京都大田区田園調布１－１４－５武井ビル1階", "url": "https://www.kaigokensaku.mhlw.go.jp/13/index.php?action_kouhyou_detail_004_kani=true&JigyosyoCd=1361190315-00&ServiceCd=130&Type=search", "url2": "https://recruit.waseda-e-life.co.jp/" }, "geometry": { "type": "Point", "coordinates": [ 139.674118631387103, 35.588857176177498 ] } },
{ "type": "Feature", "properties": { "内容": "Ｃｕｒｅ　Ｅｉｒ　．ｃｏｍ【訪問看護】東京都大田区池上4-16-82F", "url": "https://www.kaigokensaku.mhlw.go.jp/13/index.php?action_kouhyou_detail_004_kani=true&JigyosyoCd=1361190398-00&ServiceCd=130&Type=search", "url2": "http://www.normalize.biz/" }, "geometry": { "type": "Point", "coordinates": [ 139.706223799999947, 35.5735995 ] } },
{ "type": "Feature", "properties": { "内容": "ソフィアメディ訪問看護ステーション矢口【訪問看護】東京都大田区下丸子3-8-14スペースビル2階", "url": "https://www.kaigokensaku.mhlw.go.jp/13/index.php?action_kouhyou_detail_004_kani=true&JigyosyoCd=1361190414-00&ServiceCd=130&Type=search", "url2": "http://www.sophiamedi.co.jp/office/station-yaguchi" }, "geometry": { "type": "Point", "coordinates": [ 139.6918925, 35.567767 ] } },
{ "type": "Feature", "properties": { "内容": "訪問看護ステーションセントラル大森西【訪問看護】東京都大田区大森西4-3-5都市型軽費老人ホームセントラル大森西307号室", "url": "https://www.kaigokensaku.mhlw.go.jp/13/index.php?action_kouhyou_detail_004_kani=true&JigyosyoCd=1361190596-00&ServiceCd=130&Type=search", "url2": "https://central.or.jp/facilities/omorinishi02.php" }, "geometry": { "type": "Point", "coordinates": [ 139.7235519, 35.5748986 ] } },
{ "type": "Feature", "properties": { "内容": "訪問ステーションてとてと大岡山【訪問看護】東京都大田区北千束3丁目16-19カーサ大岡山104号室", "url": "https://www.kaigokensaku.mhlw.go.jp/13/index.php?action_kouhyou_detail_004_kani=true&JigyosyoCd=1361190604-00&ServiceCd=130&Type=search", "url2": "http://tetote.to/office/office-288/" }, "geometry": { "type": "Point", "coordinates": [ 139.687145399999963, 35.6073177 ] } },
{ "type": "Feature", "properties": { "内容": "あげいん訪問看護【訪問看護】東京都大田区東雪谷５－２－８", "url": "https://www.kaigokensaku.mhlw.go.jp/13/index.php?action_kouhyou_detail_004_kani=true&JigyosyoCd=1361190703-00&ServiceCd=130&Type=search", "url2": "http://goen.me" }, "geometry": { "type": "Point", "coordinates": [ 139.693191500000012, 35.5918971 ] } },
{ "type": "Feature", "properties": { "内容": "訪問看護ステーションくるみ【訪問看護】東京都大田区北馬込1-32-17", "url": "https://www.kaigokensaku.mhlw.go.jp/13/index.php?action_kouhyou_detail_004_kani=true&JigyosyoCd=1361190752-00&ServiceCd=130&Type=search", "url2": "https://www.houkan-kurumi.com/" }, "geometry": { "type": "Point", "coordinates": [ 139.707068584061432, 35.600209382002184 ] } },
{ "type": "Feature", "properties": { "内容": "ココファンナーシング南千束【訪問看護】東京都大田区南千束1-21-9", "url": "https://www.kaigokensaku.mhlw.go.jp/13/index.php?action_kouhyou_detail_004_kani=true&JigyosyoCd=1361190844-00&ServiceCd=130&Type=search", "url2": "https://www.cocofump.co.jp" }, "geometry": { "type": "Point", "coordinates": [ 139.6933886, 35.6046433 ] } },
{ "type": "Feature", "properties": { "内容": "あらい訪問看護ステーション【訪問看護】東京都大田区東糀谷1-13-21", "url": "https://www.kaigokensaku.mhlw.go.jp/13/index.php?action_kouhyou_detail_004_kani=true&JigyosyoCd=1361190943-00&ServiceCd=130&Type=search", "url2": null }, "geometry": { "type": "Point", "coordinates": [ 139.7385682, 35.5592216 ] } },
{ "type": "Feature", "properties": { "内容": "田園調布医師会立訪問看護ステーション【訪問看護】東京都大田区石川町2丁目7番1号", "url": "https://www.kaigokensaku.mhlw.go.jp/13/index.php?action_kouhyou_detail_004_kani=true&JigyosyoCd=1367192057-00&ServiceCd=130&Type=search", "url2": "http://www.demcho-med.or.jp" }, "geometry": { "type": "Point", "coordinates": [ 139.683746299999939, 35.5981095 ] } },
{ "type": "Feature", "properties": { "内容": "山王リハビリ訪問看護ステーション【訪問看護】東京都大田区東雪谷一丁目１３番1号3階", "url": "https://www.kaigokensaku.mhlw.go.jp/13/index.php?action_kouhyou_detail_004_kani=true&JigyosyoCd=1367195738-00&ServiceCd=130&Type=search", "url2": "https://sanno-rc.com/" }, "geometry": { "type": "Point", "coordinates": [ 139.68996654876625, 35.596019784611478 ] } },
{ "type": "Feature", "properties": { "内容": "中央リハ訪問看護ステーション【訪問看護】東京都大田区池上1-28-10堤方ビル3階", "url": "https://www.kaigokensaku.mhlw.go.jp/13/index.php?action_kouhyou_detail_004_kani=true&JigyosyoCd=1367196066-00&ServiceCd=130&Type=search", "url2": "https://www.chuohreha.com" }, "geometry": { "type": "Point", "coordinates": [ 139.710595399999988, 35.5751438 ] } },
{ "type": "Feature", "properties": { "内容": "訪問看護ステーション　ワークスタッフ鵜の木【訪問看護】東京都大田区鵜の木２－１７－３ライオンズマンション鵜の木１Ｆ", "url": "https://www.kaigokensaku.mhlw.go.jp/13/index.php?action_kouhyou_detail_004_kani=true&JigyosyoCd=1367197106-00&ServiceCd=130&Type=search", "url2": "http://work-staff.jp/" }, "geometry": { "type": "Point", "coordinates": [ 139.679532399999971, 35.576167900000016 ] } },
{ "type": "Feature", "properties": { "内容": "月のうさぎ訪問看護リハビリステーション【訪問看護】東京都大田区南久が原2-12-2コペル久が原1階", "url": "https://www.kaigokensaku.mhlw.go.jp/13/index.php?action_kouhyou_detail_004_kani=true&JigyosyoCd=1367198781-00&ServiceCd=130&Type=search", "url2": "https://www.tsukinousagi.tokyo" }, "geometry": { "type": "Point", "coordinates": [ 139.685695099999947, 35.5788514 ] } },
{ "type": "Feature", "properties": { "内容": "ナースステーションまどか【訪問看護】東京都大田区西蒲田6-21-4弘和ビル２階", "url": "https://www.kaigokensaku.mhlw.go.jp/13/index.php?action_kouhyou_detail_004_kani=true&JigyosyoCd=1361190034-00&ServiceCd=130&Type=search", "url2": "http://www.cure-company.com/" }, "geometry": { "type": "Point", "coordinates": [ 139.713198499999976, 35.5653035 ] } },
{ "type": "Feature", "properties": { "内容": "おおもりまち訪問看護ステーション【訪問看護】東京都大田区大森東4－3－11大田歯科ビル３階", "url": "https://www.kaigokensaku.mhlw.go.jp/13/index.php?action_kouhyou_detail_004_kani=true&JigyosyoCd=1367191331-00&ServiceCd=130&Type=search", "url2": "http://jounan-st.com" }, "geometry": { "type": "Point", "coordinates": [ 139.737702799999965, 35.5684791 ] } },
{ "type": "Feature", "properties": { "内容": "池上あおい訪問看護ステーション【訪問看護】東京都大田区池上８－８－８Peridot・101", "url": "https://www.kaigokensaku.mhlw.go.jp/13/index.php?action_kouhyou_detail_004_kani=true&JigyosyoCd=1361191198-00&ServiceCd=130&Type=search", "url2": "http://himonyapharmacy.com" }, "geometry": { "type": "Point", "coordinates": [ 139.6987535, 35.5706778 ] } },
{ "type": "Feature", "properties": { "内容": "独立行政法人地域医療機能推進機構東京蒲田医療センター【訪問看護】東京都大田区南蒲田2-19-2", "url": "https://www.kaigokensaku.mhlw.go.jp/13/index.php?action_kouhyou_detail_004_kani=true&JigyosyoCd=1311115443-00&ServiceCd=130&Type=search", "url2": "https://kamata.jcho.go.jp/" }, "geometry": { "type": "Point", "coordinates": [ 139.7237997, 35.5543704 ] } },
{ "type": "Feature", "properties": { "内容": "ソフィアメディ訪問看護ステーション池上【訪問看護】東京都大田区池上6-44-10アスコット池上201", "url": "https://www.kaigokensaku.mhlw.go.jp/13/index.php?action_kouhyou_detail_004_kani=true&JigyosyoCd=1361190042-00&ServiceCd=130&Type=search", "url2": "http://www.sophiamedi.co.jp/" }, "geometry": { "type": "Point", "coordinates": [ 139.706641275629835, 35.568002052535526 ] } },
{ "type": "Feature", "properties": { "内容": "蒲田クリニック訪問看護ステーション【訪問看護】東京都大田区蒲田5-40-7大塚ビル401", "url": "https://www.kaigokensaku.mhlw.go.jp/13/index.php?action_kouhyou_detail_004_kani=true&JigyosyoCd=1361190059-00&ServiceCd=130&Type=search", "url2": "http://kamataclinic.com/" }, "geometry": { "type": "Point", "coordinates": [ 139.716530400000011, 35.5607353 ] } },
{ "type": "Feature", "properties": { "内容": "蒲田訪問看護ステーション【訪問看護】東京都大田区南蒲田２－７－４加賀谷ビル２Ｆ", "url": "https://www.kaigokensaku.mhlw.go.jp/13/index.php?action_kouhyou_detail_004_kani=true&JigyosyoCd=1361190133-00&ServiceCd=130&Type=search", "url2": "http://hp.kaipoke.biz/n86/" }, "geometry": { "type": "Point", "coordinates": [ 139.725053300000013, 35.556849300000025 ] } },
{ "type": "Feature", "properties": { "内容": "フクシア訪問看護ステーション【訪問看護】東京都大田区山王4-18-1エバ・グリーン山王１階", "url": "https://www.kaigokensaku.mhlw.go.jp/13/index.php?action_kouhyou_detail_004_kani=true&JigyosyoCd=1361190141-00&ServiceCd=130&Type=search", "url2": "http://www.fukushia-st.com/" }, "geometry": { "type": "Point", "coordinates": [ 139.720096954878272, 35.585319574527425 ] } },
{ "type": "Feature", "properties": { "内容": "ナスコ訪問看護リハビリステーション【訪問看護】東京都大田区中央4－30－10ROUND中央1F", "url": "https://www.kaigokensaku.mhlw.go.jp/13/index.php?action_kouhyou_detail_004_kani=true&JigyosyoCd=1361190208-00&ServiceCd=130&Type=search", "url2": "https://nasco.jp" }, "geometry": { "type": "Point", "coordinates": [ 139.718289027242633, 35.579733558881081 ] } },
{ "type": "Feature", "properties": { "内容": "訪問看護ステーション　結【訪問看護】東京都大田区北千束1-54-6杉山ビル1階", "url": "https://www.kaigokensaku.mhlw.go.jp/13/index.php?action_kouhyou_detail_004_kani=true&JigyosyoCd=1361190273-00&ServiceCd=130&Type=search", "url2": "http://trinity-kango.com/index.html" }, "geometry": { "type": "Point", "coordinates": [ 139.6848261, 35.6100802 ] } },
{ "type": "Feature", "properties": { "内容": "クローバースマイル訪問看護ステーション【訪問看護】東京都大田区西蒲田5-16-3", "url": "https://www.kaigokensaku.mhlw.go.jp/13/index.php?action_kouhyou_detail_004_kani=true&JigyosyoCd=1361190281-00&ServiceCd=130&Type=search", "url2": "https://cloversmile.jp" }, "geometry": { "type": "Point", "coordinates": [ 139.714090511261702, 35.566339380695737 ] } },
{ "type": "Feature", "properties": { "内容": "ガイア訪問看護ステーション　蒲田【訪問看護】東京都大田区西蒲田7-12-6蓮沼パークハイツ901", "url": "https://www.kaigokensaku.mhlw.go.jp/13/index.php?action_kouhyou_detail_004_kani=true&JigyosyoCd=1361190406-00&ServiceCd=130&Type=search", "url2": "https://www.gaia-medicare.jp" }, "geometry": { "type": "Point", "coordinates": [ 139.7106599, 35.5642758 ] } },
{ "type": "Feature", "properties": { "内容": "医療法人社団松和会訪問看護ステーションかけはし【訪問看護】東京都大田区池上6-26-152階", "url": "https://www.kaigokensaku.mhlw.go.jp/13/index.php?action_kouhyou_detail_004_kani=true&JigyosyoCd=1361190430-00&ServiceCd=130&Type=search", "url2": "https://showakai.or.jp/wp-content/themes/showakai/assets/pdf/kakehashi.pdf" }, "geometry": { "type": "Point", "coordinates": [ 139.704776220341842, 35.569295977415251 ] } },
{ "type": "Feature", "properties": { "内容": "京浜病院訪問看護ステーションよろこび【訪問看護】東京都大田区大森南1-16-3マンション奥島304", "url": "https://www.kaigokensaku.mhlw.go.jp/13/index.php?action_kouhyou_detail_004_kani=true&JigyosyoCd=1361190620-00&ServiceCd=130&Type=search", "url2": "http://www.keihin-hospital.jp/" }, "geometry": { "type": "Point", "coordinates": [ 139.737951631352217, 35.563722349651286 ] } },
{ "type": "Feature", "properties": { "内容": "ソフィアメディ訪問看護ステーション西馬込【訪問看護】東京都大田区南馬込5-35-9", "url": "https://www.kaigokensaku.mhlw.go.jp/13/index.php?action_kouhyou_detail_004_kani=true&JigyosyoCd=1361190695-00&ServiceCd=130&Type=search", "url2": "http://www.sophiamedi.co.jp" }, "geometry": { "type": "Point", "coordinates": [ 139.708049100000011, 35.5879583 ] } },
{ "type": "Feature", "properties": { "内容": "絆訪問看護ステーション羽田【訪問看護】東京都大田区南蒲田1-1-23夫婦橋ビル5階102", "url": "https://www.kaigokensaku.mhlw.go.jp/13/index.php?action_kouhyou_detail_004_kani=true&JigyosyoCd=1361190711-00&ServiceCd=130&Type=search", "url2": "http://www.kizunaspa.com/salon.html" }, "geometry": { "type": "Point", "coordinates": [ 139.724615, 35.560714600000011 ] } },
{ "type": "Feature", "properties": { "内容": "みんなのしあわせ訪問看護リハビリステーション【訪問看護】東京都大田区西糀谷4-26-8エクセルエイト３０６", "url": "https://www.kaigokensaku.mhlw.go.jp/13/index.php?action_kouhyou_detail_004_kani=true&JigyosyoCd=1361190729-00&ServiceCd=130&Type=search", "url2": "https://minnanosiawase.com/" }, "geometry": { "type": "Point", "coordinates": [ 139.7312393, 35.5533299 ] } },
{ "type": "Feature", "properties": { "内容": "あいず訪問看護ステーション大森【訪問看護】東京都大田区大森北4-12-3CASA・K3階B号", "url": "https://www.kaigokensaku.mhlw.go.jp/13/index.php?action_kouhyou_detail_004_kani=true&JigyosyoCd=1361190737-00&ServiceCd=130&Type=search", "url2": "http://aizu-company.co.jp" }, "geometry": { "type": "Point", "coordinates": [ 139.7283478, 35.58416840000001 ] } },
{ "type": "Feature", "properties": { "内容": "ハーネス訪問看護ステーション【訪問看護】東京都大田区南千束1−7−21レミネハイム103", "url": "https://www.kaigokensaku.mhlw.go.jp/13/index.php?action_kouhyou_detail_004_kani=true&JigyosyoCd=1361190786-00&ServiceCd=130&Type=search", "url2": "https://harness-care.com" }, "geometry": { "type": "Point", "coordinates": [ 139.6950693, 35.6048289 ] } },
{ "type": "Feature", "properties": { "内容": "訪問看護ＡＩナース【訪問看護】東京都大田区下丸子4-19-7ジョイナリー下丸子101", "url": "https://www.kaigokensaku.mhlw.go.jp/13/index.php?action_kouhyou_detail_004_kani=true&JigyosyoCd=1361190794-00&ServiceCd=130&Type=search", "url2": "http://aicare.info/" }, "geometry": { "type": "Point", "coordinates": [ 139.6821602, 35.5703428 ] } },
{ "type": "Feature", "properties": { "内容": "ソフィアメディ訪問看護ステーション大森町【訪問看護】東京都大田区大森西5-3-11グランメゾンタムラ1F", "url": "https://www.kaigokensaku.mhlw.go.jp/13/index.php?action_kouhyou_detail_004_kani=true&JigyosyoCd=1361190802-00&ServiceCd=130&Type=search", "url2": "http://www.sophiamedi.co.jp/" }, "geometry": { "type": "Point", "coordinates": [ 139.726734599999986, 35.5716803 ] } },
{ "type": "Feature", "properties": { "内容": "はる訪問看護ステーション【訪問看護】東京都大田区蒲田1-23-17シャトー蒲田7-102", "url": "https://www.kaigokensaku.mhlw.go.jp/13/index.php?action_kouhyou_detail_004_kani=true&JigyosyoCd=1361190810-00&ServiceCd=130&Type=search", "url2": null }, "geometry": { "type": "Point", "coordinates": [ 139.720187595071764, 35.564492355381951 ] } },
{ "type": "Feature", "properties": { "内容": "和らいず訪問看護ステーション【訪問看護】東京都大田区池上７－６－５ボニータビル２階", "url": "https://www.kaigokensaku.mhlw.go.jp/13/index.php?action_kouhyou_detail_004_kani=true&JigyosyoCd=1361190828-00&ServiceCd=130&Type=search", "url2": "https://waraizu.jp/houkan/" }, "geometry": { "type": "Point", "coordinates": [ 139.701021200000014, 35.5721274 ] } },
{ "type": "Feature", "properties": { "内容": "よぞら訪問看護ステーション【訪問看護】東京都大田区蒲田2-5-5ヴィラプルグノⅡ403", "url": "https://www.kaigokensaku.mhlw.go.jp/13/index.php?action_kouhyou_detail_004_kani=true&JigyosyoCd=1361190877-00&ServiceCd=130&Type=search", "url2": null }, "geometry": { "type": "Point", "coordinates": [ 139.7261857, 35.5675896 ] } },
{ "type": "Feature", "properties": { "内容": "わくわく訪問看護ステーション【訪問看護】東京都大田区蒲田5-26-8アーデル蒲田403号室", "url": "https://www.kaigokensaku.mhlw.go.jp/13/index.php?action_kouhyou_detail_004_kani=true&JigyosyoCd=1361190885-00&ServiceCd=130&Type=search", "url2": "https://wakuwaku-station.jp/" }, "geometry": { "type": "Point", "coordinates": [ 139.720191432540929, 35.562671065535206 ] } },
{ "type": "Feature", "properties": { "内容": "アエルバ訪問看護ステーション【訪問看護】東京都大田区大森北６丁目２３番２２号ユキガヤビル３Ｆ", "url": "https://www.kaigokensaku.mhlw.go.jp/13/index.php?action_kouhyou_detail_004_kani=true&JigyosyoCd=1361190893-00&ServiceCd=130&Type=search", "url2": "https://aelva-ns.com" }, "geometry": { "type": "Point", "coordinates": [ 139.728290293817906, 35.579415015367125 ] } },
{ "type": "Feature", "properties": { "内容": "訪問看護ステーション　かなで【訪問看護】東京都大田区中央3-28-72F", "url": "https://www.kaigokensaku.mhlw.go.jp/13/index.php?action_kouhyou_detail_004_kani=true&JigyosyoCd=1361190927-00&ServiceCd=130&Type=search", "url2": "https://kanade-hns.com/" }, "geometry": { "type": "Point", "coordinates": [ 139.7200702, 35.5756834 ] } },
{ "type": "Feature", "properties": { "内容": "訪問看護ステーションはな蒲田【訪問看護】東京都大田区西蒲田5-19-9島田ビル102", "url": "https://www.kaigokensaku.mhlw.go.jp/13/index.php?action_kouhyou_detail_004_kani=true&JigyosyoCd=1361190950-00&ServiceCd=130&Type=search", "url2": "http://hana-gr.com" }, "geometry": { "type": "Point", "coordinates": [ 139.714513, 35.5649842 ] } },
{ "type": "Feature", "properties": { "内容": "メディクロコ訪問看護ステーション【訪問看護】東京都大田区東糀谷3-5-12ホームビル１階", "url": "https://www.kaigokensaku.mhlw.go.jp/13/index.php?action_kouhyou_detail_004_kani=true&JigyosyoCd=1361190976-00&ServiceCd=130&Type=search", "url2": "https://www.medi-kuro.jp/" }, "geometry": { "type": "Point", "coordinates": [ 139.7419209, 35.5533011 ] } },
{ "type": "Feature", "properties": { "内容": "訪問看護ステーションいち凛【訪問看護】東京都大田区大森西3-21-18", "url": "https://www.kaigokensaku.mhlw.go.jp/13/index.php?action_kouhyou_detail_004_kani=true&JigyosyoCd=1361190992-00&ServiceCd=130&Type=search", "url2": "https://stayclose.co.jp" }, "geometry": { "type": "Point", "coordinates": [ 139.731070990074159, 35.572757680463177 ] } },
{ "type": "Feature", "properties": { "内容": "バンビ訪問看護ステーション大田区【訪問看護】東京都大田区南久が原2-1-20セザールプラザ106", "url": "https://www.kaigokensaku.mhlw.go.jp/13/index.php?action_kouhyou_detail_004_kani=true&JigyosyoCd=1361191008-00&ServiceCd=130&Type=search", "url2": "https://ns-core.co.jp" }, "geometry": { "type": "Point", "coordinates": [ 139.686092300000013, 35.5795735 ] } },
{ "type": "Feature", "properties": { "内容": "訪問看護ステーションはな平和島【訪問看護】東京都大田区大森西2-6-5ナズ大森レジデンス1A", "url": "https://www.kaigokensaku.mhlw.go.jp/13/index.php?action_kouhyou_detail_004_kani=true&JigyosyoCd=1361191057-00&ServiceCd=130&Type=search", "url2": null }, "geometry": { "type": "Point", "coordinates": [ 139.732801821784307, 35.578063461280401 ] } },
{ "type": "Feature", "properties": { "内容": "大田池上訪問看護ステーション【訪問看護】東京都大田区池上3-28-14フォレスト・ガイア1F", "url": "https://www.kaigokensaku.mhlw.go.jp/13/index.php?action_kouhyou_detail_004_kani=true&JigyosyoCd=1367191380-00&ServiceCd=130&Type=search", "url2": "https://ota-ikegami.tmg-houmonkango.jp" }, "geometry": { "type": "Point", "coordinates": [ 139.701215899999966, 35.574891 ] } },
{ "type": "Feature", "properties": { "内容": "雪谷訪問看護ステーション【訪問看護】東京都大田区南雪谷2-1-11篠崎ビル3階", "url": "https://www.kaigokensaku.mhlw.go.jp/13/index.php?action_kouhyou_detail_004_kani=true&JigyosyoCd=1367191885-00&ServiceCd=130&Type=search", "url2": null }, "geometry": { "type": "Point", "coordinates": [ 139.681185963754274, 35.592907625414135 ] } },
{ "type": "Feature", "properties": { "内容": "大森医師会立訪問看護ステーション【訪問看護】東京都大田区中央4丁目31番14号大森医師会館", "url": "https://www.kaigokensaku.mhlw.go.jp/13/index.php?action_kouhyou_detail_004_kani=true&JigyosyoCd=1367192016-00&ServiceCd=130&Type=search", "url2": "http://www.omori-med.or.jp" }, "geometry": { "type": "Point", "coordinates": [ 139.71845529999996, 35.579689252519238 ] } },
{ "type": "Feature", "properties": { "内容": "セコム大田訪問看護ステーション【訪問看護】東京都大田区蒲田1-3-2第2遠藤ビル", "url": "https://www.kaigokensaku.mhlw.go.jp/13/index.php?action_kouhyou_detail_004_kani=true&JigyosyoCd=1367195407-00&ServiceCd=130&Type=search", "url2": "http://medical.secom.co.jp/homon.html" }, "geometry": { "type": "Point", "coordinates": [ 139.72167509999997, 35.5685391 ] } },
{ "type": "Feature", "properties": { "内容": "セコム田園調布訪問看護ステーション【訪問看護】東京都大田区田園調布1‐5‐5エスポワール田園調布Ⅱ１", "url": "https://www.kaigokensaku.mhlw.go.jp/13/index.php?action_kouhyou_detail_004_kani=true&JigyosyoCd=1367197593-00&ServiceCd=130&Type=search", "url2": "http://medical.secom.co.jp/" }, "geometry": { "type": "Point", "coordinates": [ 139.6749864, 35.5880345 ] } },
{ "type": "Feature", "properties": { "内容": "ソフィアメディ訪問看護ステーション山王【訪問看護】東京都大田区山王3‐32‐18シエーネ山王101", "url": "https://www.kaigokensaku.mhlw.go.jp/13/index.php?action_kouhyou_detail_004_kani=true&JigyosyoCd=1367198666-00&ServiceCd=130&Type=search", "url2": "http://www.sophiamedi.co.jp" }, "geometry": { "type": "Point", "coordinates": [ 139.724310100000025, 35.5875153 ] } },
{ "type": "Feature", "properties": { "内容": "訪問看護ステーションデライト蒲田【訪問看護】東京都大田区蒲田5-46-11蒲燃ビル201", "url": "https://www.kaigokensaku.mhlw.go.jp/13/index.php?action_kouhyou_detail_004_kani=true&JigyosyoCd=1361190463-00&ServiceCd=130&Type=search", "url2": "http://hokan-delight.jp/" }, "geometry": { "type": "Point", "coordinates": [ 139.715942899999959, 35.5603597 ] } },
{ "type": "Feature", "properties": { "内容": "在宅看護センターひまわり【訪問看護】東京都大田区仲六郷2-8-10TOISHI　102", "url": "https://www.kaigokensaku.mhlw.go.jp/13/index.php?action_kouhyou_detail_004_kani=true&JigyosyoCd=1361190489-00&ServiceCd=130&Type=search", "url2": "https://himawari-nurse.com/company/" }, "geometry": { "type": "Point", "coordinates": [ 139.71482963876187, 35.55178291126375 ] } },
{ "type": "Feature", "properties": { "内容": "訪問看護事業所アイケア蒲田【訪問看護】東京都大田区蒲田3-23-7松本ビル2階", "url": "https://www.kaigokensaku.mhlw.go.jp/13/index.php?action_kouhyou_detail_004_kani=true&JigyosyoCd=1361190521-00&ServiceCd=130&Type=search", "url2": null }, "geometry": { "type": "Point", "coordinates": [ 139.725564100000042, 35.5631372 ] } },
{ "type": "Feature", "properties": { "内容": "ソフィアメディ訪問看護ステーション大鳥居【訪問看護】東京都大田区西糀谷3-36-8リーベン滑川4階", "url": "https://www.kaigokensaku.mhlw.go.jp/13/index.php?action_kouhyou_detail_004_kani=true&JigyosyoCd=1361190570-00&ServiceCd=130&Type=search", "url2": "https://www.sophiamedi.co.jp/station/otorii/" }, "geometry": { "type": "Point", "coordinates": [ 139.739822099999969, 35.5533475 ] } },
{ "type": "Feature", "properties": { "内容": "カラーズ訪問看護ステーション【訪問看護】東京都大田区大森3-19-21", "url": "https://www.kaigokensaku.mhlw.go.jp/13/index.php?action_kouhyou_detail_004_kani=true&JigyosyoCd=1361190919-00&ServiceCd=130&Type=search", "url2": "https://www.colors-g.co.jp/" }, "geometry": { "type": "Point", "coordinates": [ 139.729897200000011, 35.5726677 ] } },
{ "type": "Feature", "properties": { "内容": "キュエル訪問看護ステーション【訪問看護】東京都大田区多摩川2-5-11", "url": "https://www.kaigokensaku.mhlw.go.jp/13/index.php?action_kouhyou_detail_004_kani=true&JigyosyoCd=1361191073-00&ServiceCd=130&Type=search", "url2": null }, "geometry": { "type": "Point", "coordinates": [ 139.700157820866792, 35.56003167281321 ] } },
{ "type": "Feature", "properties": { "内容": "みなみ訪問看護リハビリステーション【訪問看護】東京都大田区南蒲田1-6-10グレースいしかわ103", "url": "https://www.kaigokensaku.mhlw.go.jp/13/index.php?action_kouhyou_detail_004_kani=true&JigyosyoCd=1361191099-00&ServiceCd=130&Type=search", "url2": "https://minami-houkan.co.jp" }, "geometry": { "type": "Point", "coordinates": [ 139.7264251, 35.5594992 ] } },
{ "type": "Feature", "properties": { "内容": "メディアス訪問看護ステーション【訪問看護】東京都大田区多摩川1-15-3HealEarth5番館　401", "url": "https://www.kaigokensaku.mhlw.go.jp/13/index.php?action_kouhyou_detail_004_kani=true&JigyosyoCd=1361191115-00&ServiceCd=130&Type=search", "url2": "http://medias-mgt.com" }, "geometry": { "type": "Point", "coordinates": [ 139.697123299999959, 35.5647961 ] } },
{ "type": "Feature", "properties": { "内容": "株式会社仁済　訪問看護ステーション蒲田【訪問看護】東京都大田区蒲田3-15-12蒲田3丁目事務所", "url": "https://www.kaigokensaku.mhlw.go.jp/13/index.php?action_kouhyou_detail_004_kani=true&JigyosyoCd=1361191123-00&ServiceCd=130&Type=search", "url2": null }, "geometry": { "type": "Point", "coordinates": [ 139.723770719573963, 35.563010755311794 ] } },
{ "type": "Feature", "properties": { "内容": "社会医療法人財団　仁医会　牧田訪問看護ステーション【訪問看護】東京都大田区西蒲田4-29-1", "url": "https://www.kaigokensaku.mhlw.go.jp/13/index.php?action_kouhyou_detail_004_kani=true&JigyosyoCd=1367191497-00&ServiceCd=130&Type=search", "url2": "http://www.makita-hosp.or.jp/nearh/k-index.html" }, "geometry": { "type": "Point", "coordinates": [ 139.71547606627044, 35.568946833640815 ] } },
{ "type": "Feature", "properties": { "内容": "けいひん訪問看護ステーション【訪問看護】東京都大田区南六郷１－８－２ハイツアオキ第22－101号室", "url": "https://www.kaigokensaku.mhlw.go.jp/13/index.php?action_kouhyou_detail_004_kani=true&JigyosyoCd=1367191638-00&ServiceCd=130&Type=search", "url2": "http://jounan-st.com" }, "geometry": { "type": "Point", "coordinates": [ 139.720998, 35.5502858 ] } },
{ "type": "Feature", "properties": { "内容": "訪問看護リハビリステーション　るな【訪問看護】東京都大田区南蒲田３－１－５", "url": "https://www.kaigokensaku.mhlw.go.jp/13/index.php?action_kouhyou_detail_004_kani=true&JigyosyoCd=1367196074-00&ServiceCd=130&Type=search", "url2": "http://www.care-scene.com" }, "geometry": { "type": "Point", "coordinates": [ 139.726886700000023, 35.5554995 ] } },
{ "type": "Feature", "properties": { "内容": "コレゾ訪問看護ステーション【訪問看護】東京都　大田区　上池台　1-32-5パレステュディオ上池台303", "url": "https://www.kaigokensaku.mhlw.go.jp/13/index.php?action_kouhyou_detail_004_kani=true&JigyosyoCd=1361191206-00&ServiceCd=130&Type=search", "url2": "https://corezo.life" }, "geometry": { "type": "Point", "coordinates": [ 139.698167399999988, 35.6016001 ] } },
{ "type": "Feature", "properties": { "内容": "つくし訪問看護ステーション【訪問看護】東京都大田区大森北３丁目２−６", "url": "https://www.kaigokensaku.mhlw.go.jp/13/index.php?action_kouhyou_detail_004_kani=true&JigyosyoCd=1361191016-00&ServiceCd=130&Type=search", "url2": "https://tsukushi-care.com" }, "geometry": { "type": "Point", "coordinates": [ 139.7315308, 35.584117200000016 ] } },
{ "type": "Feature", "properties": { "内容": "訪問看護ステーションナスリ【訪問看護】東京都大田区上池台１丁目１４番６富士プラザ４階", "url": "https://www.kaigokensaku.mhlw.go.jp/13/index.php?action_kouhyou_detail_004_kani=true&JigyosyoCd=1361190612-00&ServiceCd=130&Type=search", "url2": "https://ns-re.com" }, "geometry": { "type": "Point", "coordinates": [ 139.6978183, 35.6030118 ] } },
{ "type": "Feature", "properties": { "内容": "訪問看護ステーション　あんじゅ【訪問看護】東京都大田区山王3-35-7八景坂マンション301", "url": "https://www.kaigokensaku.mhlw.go.jp/13/index.php?action_kouhyou_detail_004_kani=true&JigyosyoCd=1361191156-00&ServiceCd=130&Type=search", "url2": null }, "geometry": { "type": "Point", "coordinates": [ 139.7233833, 35.5911177 ] } },
{ "type": "Feature", "properties": { "内容": "大田ケア訪問看護ステーション【訪問看護】東京都大田区南久が原2-6-3第3雄喜コーポ", "url": "https://www.kaigokensaku.mhlw.go.jp/13/index.php?action_kouhyou_detail_004_kani=true&JigyosyoCd=1361191149-00&ServiceCd=130&Type=search", "url2": "https://otacare.com/" }, "geometry": { "type": "Point", "coordinates": [ 139.685740473016324, 35.579312184327264 ] } },
{ "type": "Feature", "properties": { "内容": "あすリハ訪問看護ステーション【訪問看護】東京都大田区仲六郷1-11-14青木ビル2階", "url": "https://www.kaigokensaku.mhlw.go.jp/13/index.php?action_kouhyou_detail_004_kani=true&JigyosyoCd=1361190224-00&ServiceCd=130&Type=search", "url2": "https://hl-care.com/nursing/" }, "geometry": { "type": "Point", "coordinates": [ 139.716273799999982, 35.5551245 ] } },
{ "type": "Feature", "properties": { "内容": "愛の家みらい訪問看護ステーション　みらい【訪問看護】東京都大田区大森西3-21-17サンライズ野口103", "url": "https://www.kaigokensaku.mhlw.go.jp/13/index.php?action_kouhyou_detail_004_kani=true&JigyosyoCd=1361191214-00&ServiceCd=130&Type=search", "url2": "https://mcs-ainoie.com/mirai/" }, "geometry": { "type": "Point", "coordinates": [ 139.731324, 35.5729794 ] } },
{ "type": "Feature", "properties": { "内容": "ツクイ蒲田訪問看護ステーション【訪問看護】東京都大田区西蒲田5丁目27-13KSビル７階", "url": "https://www.kaigokensaku.mhlw.go.jp/13/index.php?action_kouhyou_detail_004_kani=true&JigyosyoCd=1361191222-00&ServiceCd=130&Type=search", "url2": null }, "geometry": { "type": "Point", "coordinates": [ 139.713935830688484, 35.564336217472537 ] } },
{ "type": "Feature", "properties": { "内容": "メディカルライブラリ東京訪問看護事業所【訪問看護】東京都大田区大森北四丁目20番4号桜ハイツ202号室", "url": "https://www.kaigokensaku.mhlw.go.jp/13/index.php?action_kouhyou_detail_004_kani=true&JigyosyoCd=1361191230-00&ServiceCd=130&Type=search", "url2": null }, "geometry": { "type": "Point", "coordinates": [ 139.72516, 35.5830673 ] } },
{ "type": "Feature", "properties": { "内容": "訪問看護ステーションデライト下高井戸【訪問看護】東京都世田谷区赤堤5-32-2アーバン赤堤ビル203", "url": "https://www.kaigokensaku.mhlw.go.jp/13/index.php?action_kouhyou_detail_004_kani=true&JigyosyoCd=1361291337-00&ServiceCd=130&Type=search", "url2": "https://hokan-delight.jp/" }, "geometry": { "type": "Point", "coordinates": [ 139.6374384, 35.6651694 ] } },
{ "type": "Feature", "properties": { "内容": "訪問看護ステーション　デューン烏山【訪問看護】東京都世田谷区南烏山6丁目29-6栗原ビル101号室", "url": "https://www.kaigokensaku.mhlw.go.jp/13/index.php?action_kouhyou_detail_004_kani=true&JigyosyoCd=1361291345-00&ServiceCd=130&Type=search", "url2": null }, "geometry": { "type": "Point", "coordinates": [ 139.5991674, 35.6698578 ] } },
{ "type": "Feature", "properties": { "内容": "ほっとナビ訪問看護ステーション　世田谷【訪問看護】東京都世田谷区松原1-46-9OHREM明大前801号室", "url": "https://www.kaigokensaku.mhlw.go.jp/13/index.php?action_kouhyou_detail_004_kani=true&JigyosyoCd=1361291352-00&ServiceCd=130&Type=search", "url2": "https://www.hotnavi.co.jp/access_setagaya.html" }, "geometry": { "type": "Point", "coordinates": [ 139.6529411, 35.6702985 ] } },
{ "type": "Feature", "properties": { "内容": "一般財団法人平和協会　駒沢診療所【訪問看護】東京都世田谷区上馬4丁目5番8号", "url": "https://www.kaigokensaku.mhlw.go.jp/13/index.php?action_kouhyou_detail_004_kani=true&JigyosyoCd=1311237098-00&ServiceCd=130&Type=search", "url2": "https://komazawa-cl.jp" }, "geometry": { "type": "Point", "coordinates": [ 139.6609535, 35.6341349 ] } },
{ "type": "Feature", "properties": { "内容": "医療法人社団プラタナス　ナースケア・リビング世田谷中町【訪問看護】東京都世田谷区中町5-9-9グランクレール世田谷中町コミュニティプラザ4階", "url": "https://www.kaigokensaku.mhlw.go.jp/13/index.php?action_kouhyou_detail_004_kani=true&JigyosyoCd=1361290198-00&ServiceCd=130&Type=search", "url2": "http://ncliving.sakura-urban.jp/" }, "geometry": { "type": "Point", "coordinates": [ 139.644848899999943, 35.621686400000016 ] } },
{ "type": "Feature", "properties": { "内容": "あむ訪問看護ステーション【訪問看護】東京都世田谷区経堂2-6-6小松ビル2F", "url": "https://www.kaigokensaku.mhlw.go.jp/13/index.php?action_kouhyou_detail_004_kani=true&JigyosyoCd=1361290586-00&ServiceCd=130&Type=search", "url2": "http://amu-kango.com/" }, "geometry": { "type": "Point", "coordinates": [ 139.634944098525864, 35.651875208012399 ] } },
{ "type": "Feature", "properties": { "内容": "訪問看護ステーション和来　せたがや【訪問看護】東京都世田谷区粕谷4丁目20-18幸栄マンション311", "url": "https://www.kaigokensaku.mhlw.go.jp/13/index.php?action_kouhyou_detail_004_kani=true&JigyosyoCd=1361291394-00&ServiceCd=130&Type=search", "url2": "https://warai.life" }, "geometry": { "type": "Point", "coordinates": [ 139.602940600000011, 35.6652447 ] } },
{ "type": "Feature", "properties": { "内容": "烏山訪問看護ステーション【訪問看護】東京都世田谷区南烏山6-33-33リール・ボヌール103", "url": "https://www.kaigokensaku.mhlw.go.jp/13/index.php?action_kouhyou_detail_004_kani=true&JigyosyoCd=1361291410-00&ServiceCd=130&Type=search", "url2": "https://heartcarenursing.com/" }, "geometry": { "type": "Point", "coordinates": [ 139.600013600000011, 35.6702796 ] } },
{ "type": "Feature", "properties": { "内容": "訪問看護ステーション　紅白せたがや【訪問看護】東京都世田谷区瀬田5-3-7", "url": "https://www.kaigokensaku.mhlw.go.jp/13/index.php?action_kouhyou_detail_004_kani=true&JigyosyoCd=1361291444-00&ServiceCd=130&Type=search", "url2": null }, "geometry": { "type": "Point", "coordinates": [ 139.6272583, 35.6232772 ] } },
{ "type": "Feature", "properties": { "内容": "サンウェルズ用賀訪問看護ステーション【訪問看護】東京都世田谷区瀬田5丁目33－22", "url": "https://www.kaigokensaku.mhlw.go.jp/13/index.php?action_kouhyou_detail_004_kani=true&JigyosyoCd=1361291402-00&ServiceCd=130&Type=search", "url2": "https://sunwels.jp/pdh/" }, "geometry": { "type": "Point", "coordinates": [ 139.623732499999988, 35.6267508 ] } },
{ "type": "Feature", "properties": { "内容": "ハイメディック訪問看護ステーション【訪問看護】東京都世田谷区玉川台２－２１－１４ＫＹ用賀ビル１Ｆ", "url": "https://www.kaigokensaku.mhlw.go.jp/13/index.php?action_kouhyou_detail_004_kani=true&JigyosyoCd=1361291311-00&ServiceCd=130&Type=search", "url2": null }, "geometry": { "type": "Point", "coordinates": [ 139.6321275, 35.6241852 ] } },
{ "type": "Feature", "properties": { "内容": "eiseihomekango【訪問看護】東京都世田谷区大蔵2-4-14103", "url": "https://www.kaigokensaku.mhlw.go.jp/13/index.php?action_kouhyou_detail_004_kani=true&JigyosyoCd=1361291485-00&ServiceCd=130&Type=search", "url2": "https://eisei.company/kango.html" }, "geometry": { "type": "Point", "coordinates": [ 139.6157273, 35.6349166 ] } },
{ "type": "Feature", "properties": { "内容": "アライブ世田谷下馬　訪問看護ステーション【訪問看護】東京都世田谷区下馬６丁目２９−２２", "url": "https://www.kaigokensaku.mhlw.go.jp/13/index.php?action_kouhyou_detail_004_kani=true&JigyosyoCd=1361291493-00&ServiceCd=130&Type=search", "url2": null }, "geometry": { "type": "Point", "coordinates": [ 139.680648900000023, 35.63085670000001 ] } },
{ "type": "Feature", "properties": { "内容": "いのり訪問看護ステーション【訪問看護】東京都世田谷区南烏山6-13‐13冨岡コーポ　C-109", "url": "https://www.kaigokensaku.mhlw.go.jp/13/index.php?action_kouhyou_detail_004_kani=true&JigyosyoCd=1361291535-00&ServiceCd=130&Type=search", "url2": null }, "geometry": { "type": "Point", "coordinates": [ 139.5967032, 35.6670302 ] } },
{ "type": "Feature", "properties": { "内容": "りはっぴぃの訪問看護【訪問看護】東京都世田谷区新町2-35-27", "url": "https://www.kaigokensaku.mhlw.go.jp/13/index.php?action_kouhyou_detail_004_kani=true&JigyosyoCd=1361290594-00&ServiceCd=130&Type=search", "url2": "http://www.rehappy.jp" }, "geometry": { "type": "Point", "coordinates": [ 139.64682176552887, 35.630983628783284 ] } },
{ "type": "Feature", "properties": { "内容": "訪問看護かえりえ用賀【訪問看護】東京都世田谷区用賀３－６－３", "url": "https://www.kaigokensaku.mhlw.go.jp/13/index.php?action_kouhyou_detail_004_kani=true&JigyosyoCd=1361290677-00&ServiceCd=130&Type=search", "url2": "http://www.yasashiite.com/subdomains/section/437/" }, "geometry": { "type": "Point", "coordinates": [ 139.637491, 35.6300548 ] } },
{ "type": "Feature", "properties": { "内容": "医心館訪問看護ステーション経堂【訪問看護】東京都世田谷区宮坂三丁目2番8号", "url": "https://www.kaigokensaku.mhlw.go.jp/13/index.php?action_kouhyou_detail_004_kani=true&JigyosyoCd=1361291071-00&ServiceCd=130&Type=search", "url2": null }, "geometry": { "type": "Point", "coordinates": [ 139.639948900000036, 35.653243 ] } },
{ "type": "Feature", "properties": { "内容": "ブルーベリー訪問看護リハビリステーション【訪問看護】東京都世田谷区代田2-21-18ガーデン代田２０２", "url": "https://www.kaigokensaku.mhlw.go.jp/13/index.php?action_kouhyou_detail_004_kani=true&JigyosyoCd=1361291261-00&ServiceCd=130&Type=search", "url2": "https://blueberry-houmonkango.com/" }, "geometry": { "type": "Point", "coordinates": [ 139.6610528, 35.6571648 ] } },
{ "type": "Feature", "properties": { "内容": "医心館訪問看護ステーション祖師谷【訪問看護】東京都世田谷区祖師谷1丁目22-26", "url": "https://www.kaigokensaku.mhlw.go.jp/13/index.php?action_kouhyou_detail_004_kani=true&JigyosyoCd=1361291543-00&ServiceCd=130&Type=search", "url2": null }, "geometry": { "type": "Point", "coordinates": [ 139.6133264, 35.6446987 ] } },
{ "type": "Feature", "properties": { "内容": "訪問看護かえりえ上北沢【訪問看護】東京都世田谷区上北沢3-32-13", "url": "https://www.kaigokensaku.mhlw.go.jp/13/index.php?action_kouhyou_detail_004_kani=true&JigyosyoCd=1361291550-00&ServiceCd=130&Type=search", "url2": "https://search.yasashiite.com/detail/homonkango_kamikitazawa/" }, "geometry": { "type": "Point", "coordinates": [ 139.6245093, 35.6684368 ] } },
{ "type": "Feature", "properties": { "内容": "訪問看護リハビリステーション東京敬寿園【訪問看護】東京都世田谷区上祖師谷7ｰ1ｰ1", "url": "https://www.kaigokensaku.mhlw.go.jp/13/index.php?action_kouhyou_detail_004_kani=true&JigyosyoCd=1361291279-00&ServiceCd=130&Type=search", "url2": "https://keijuen.or.jp" }, "geometry": { "type": "Point", "coordinates": [ 139.59477720000001, 35.6580491 ] } },
{ "type": "Feature", "properties": { "内容": "訪問看護ステーションきたざわ苑【訪問看護】東京都世田谷区北沢5-24-18", "url": "https://www.kaigokensaku.mhlw.go.jp/13/index.php?action_kouhyou_detail_004_kani=true&JigyosyoCd=1367196041-00&ServiceCd=130&Type=search", "url2": "http://www.shoukichi.org/kitazawa/" }, "geometry": { "type": "Point", "coordinates": [ 139.671339399999965, 35.6700281 ] } },
{ "type": "Feature", "properties": { "内容": "トータルライフケア梅丘訪問看護ステーション【訪問看護】東京都世田谷区梅丘1-23-5ファインビル２F", "url": "https://www.kaigokensaku.mhlw.go.jp/13/index.php?action_kouhyou_detail_004_kani=true&JigyosyoCd=1361291568-00&ServiceCd=130&Type=search", "url2": "https://www.ikiikitlc.co.jp/" }, "geometry": { "type": "Point", "coordinates": [ 139.6527319, 35.6554394 ] } },
{ "type": "Feature", "properties": { "内容": "克歩訪問看護ステーション【訪問看護】東京都世田谷区世田谷1－３２－４２０４号室", "url": "https://www.kaigokensaku.mhlw.go.jp/13/index.php?action_kouhyou_detail_004_kani=true&JigyosyoCd=1367193055-00&ServiceCd=130&Type=search", "url2": null }, "geometry": { "type": "Point", "coordinates": [ 139.650782, 35.640813800000011 ] } },
{ "type": "Feature", "properties": { "内容": "医療法人社団多聞会　訪問看護ステーションこあら【訪問看護】東京都世田谷区世田谷1-42-11", "url": "https://www.kaigokensaku.mhlw.go.jp/13/index.php?action_kouhyou_detail_004_kani=true&JigyosyoCd=1367194558-00&ServiceCd=130&Type=search", "url2": "https://www.tamonkai.or.jp/home-nursing-koala/" }, "geometry": { "type": "Point", "coordinates": [ 139.645075899999938, 35.6410616 ] } },
{ "type": "Feature", "properties": { "内容": "成城訪問看護ステーション【訪問看護】東京都世田谷区成城６－１３－１７", "url": "https://www.kaigokensaku.mhlw.go.jp/13/index.php?action_kouhyou_detail_004_kani=true&JigyosyoCd=1367191430-00&ServiceCd=130&Type=search", "url2": "http://www.h2dion.ne.jp/^furuiki/" }, "geometry": { "type": "Point", "coordinates": [ 139.600045522090085, 35.641859828781989 ] } },
{ "type": "Feature", "properties": { "内容": "訪問看護ステーション芦花【訪問看護】東京都世田谷区粕谷2-23-1", "url": "https://www.kaigokensaku.mhlw.go.jp/13/index.php?action_kouhyou_detail_004_kani=true&JigyosyoCd=1367191547-00&ServiceCd=130&Type=search", "url2": "http://www.setagayaj.or.jp" }, "geometry": { "type": "Point", "coordinates": [ 139.609797437622177, 35.665833754168169 ] } },
{ "type": "Feature", "properties": { "内容": "五十畑クリニック【訪問看護】東京都世田谷区経堂１－１１－４", "url": "https://www.kaigokensaku.mhlw.go.jp/13/index.php?action_kouhyou_detail_004_kani=true&JigyosyoCd=1311236041-00&ServiceCd=130&Type=search", "url2": "http://www.isohata.net" }, "geometry": { "type": "Point", "coordinates": [ 139.6371679, 35.6490966 ] } },
{ "type": "Feature", "properties": { "内容": "医療法人社団明世会成城内科【訪問看護】東京都世田谷区成城6-22-3", "url": "https://www.kaigokensaku.mhlw.go.jp/13/index.php?action_kouhyou_detail_004_kani=true&JigyosyoCd=1315520432-00&ServiceCd=130&Type=search", "url2": "http://seijo-meiseikai.or.jp/tokucho.html" }, "geometry": { "type": "Point", "coordinates": [ 139.598918700000013, 35.6433105 ] } },
{ "type": "Feature", "properties": { "内容": "訪問看護ステーション　ノテ東京【訪問看護】東京都世田谷区深沢7-17-20社会福祉法人　ノテ地域ケアセンター　ノテ深沢", "url": "https://www.kaigokensaku.mhlw.go.jp/13/index.php?action_kouhyou_detail_004_kani=true&JigyosyoCd=1361290347-00&ServiceCd=130&Type=search", "url2": "https://www.note.or.jp" }, "geometry": { "type": "Point", "coordinates": [ 139.647520900000018, 35.6210225 ] } },
{ "type": "Feature", "properties": { "内容": "シーエルポート世田谷【訪問看護】東京都世田谷区上用賀1-9-10用賀立昇苑EAST", "url": "https://www.kaigokensaku.mhlw.go.jp/13/index.php?action_kouhyou_detail_004_kani=true&JigyosyoCd=1361290438-00&ServiceCd=130&Type=search", "url2": "http://www.goodtimehome.com/setagaya/" }, "geometry": { "type": "Point", "coordinates": [ 139.6385464, 35.6307408 ] } },
{ "type": "Feature", "properties": { "内容": "ホームナーシングモア世田谷用賀【訪問看護】東京都世田谷区玉川台2-17-2", "url": "https://www.kaigokensaku.mhlw.go.jp/13/index.php?action_kouhyou_detail_004_kani=true&JigyosyoCd=1361290453-00&ServiceCd=130&Type=search", "url2": "https://more-g.co.jp/" }, "geometry": { "type": "Point", "coordinates": [ 139.629393362118549, 35.623304084951279 ] } },
{ "type": "Feature", "properties": { "内容": "ソフィアメディ訪問看護ステーション二子玉川【訪問看護】東京都世田谷区玉川4-8-7", "url": "https://www.kaigokensaku.mhlw.go.jp/13/index.php?action_kouhyou_detail_004_kani=true&JigyosyoCd=1361290511-00&ServiceCd=130&Type=search", "url2": "http://www.sophiamedi.co.jp/" }, "geometry": { "type": "Point", "coordinates": [ 139.626093, 35.6174936 ] } },
{ "type": "Feature", "properties": { "内容": "訪問看護ステーション梅ヶ丘【訪問看護】東京都世田谷区松原6丁目37番1号", "url": "https://www.kaigokensaku.mhlw.go.jp/13/index.php?action_kouhyou_detail_004_kani=true&JigyosyoCd=1361290891-00&ServiceCd=130&Type=search", "url2": "http://www.tokyo-rehabili.jp/" }, "geometry": { "type": "Point", "coordinates": [ 139.650629400000071, 35.6576848 ] } },
{ "type": "Feature", "properties": { "内容": "マザース成城【訪問看護】東京都世田谷区成城9-10-8成城ガーデン", "url": "https://www.kaigokensaku.mhlw.go.jp/13/index.php?action_kouhyou_detail_004_kani=true&JigyosyoCd=1361290917-00&ServiceCd=130&Type=search", "url2": null }, "geometry": { "type": "Point", "coordinates": [ 139.5988787, 35.6511405 ] } },
{ "type": "Feature", "properties": { "内容": "桜十字訪問看護ステーション世田谷八幡山【訪問看護】東京都世田谷区桜上水5-5-29ベルクール桜上水212号室", "url": "https://www.kaigokensaku.mhlw.go.jp/13/index.php?action_kouhyou_detail_004_kani=true&JigyosyoCd=1361290974-00&ServiceCd=130&Type=search", "url2": null }, "geometry": { "type": "Point", "coordinates": [ 139.616582, 35.666318 ] } },
{ "type": "Feature", "properties": { "内容": "トータルライフケア烏山訪問看護ステーション【訪問看護】東京都世田谷区南烏山5-3-3Nasicフローラコート世田谷1FNo.2", "url": "https://www.kaigokensaku.mhlw.go.jp/13/index.php?action_kouhyou_detail_004_kani=true&JigyosyoCd=1361290990-00&ServiceCd=130&Type=search", "url2": "https://www.ikiikitlc.co.jp/" }, "geometry": { "type": "Point", "coordinates": [ 139.603432446557605, 35.666730338029723 ] } },
{ "type": "Feature", "properties": { "内容": "つぐみナースケアステーション【訪問看護】東京都世田谷区中町1-17-14メゾンブランシュ104", "url": "https://www.kaigokensaku.mhlw.go.jp/13/index.php?action_kouhyou_detail_004_kani=true&JigyosyoCd=1361291055-00&ServiceCd=130&Type=search", "url2": "https://www.tsugumi-ncs.com/" }, "geometry": { "type": "Point", "coordinates": [ 139.6433561, 35.608494100000023 ] } },
{ "type": "Feature", "properties": { "内容": "e笑顔【訪問看護】東京都世田谷区経堂4-4-5103", "url": "https://www.kaigokensaku.mhlw.go.jp/13/index.php?action_kouhyou_detail_004_kani=true&JigyosyoCd=1361291147-00&ServiceCd=130&Type=search", "url2": null }, "geometry": { "type": "Point", "coordinates": [ 139.627238700000021, 35.646276900000011 ] } },
{ "type": "Feature", "properties": { "内容": "桜新町ナースケア・ステーション【訪問看護】東京都世田谷区上用賀5-12-11301", "url": "https://www.kaigokensaku.mhlw.go.jp/13/index.php?action_kouhyou_detail_004_kani=true&JigyosyoCd=1361291212-00&ServiceCd=130&Type=search", "url2": "https://www.sakura-urban.jp/home_medical_care/home_visit_nursing.html" }, "geometry": { "type": "Point", "coordinates": [ 139.626198736160063, 35.629079292595328 ] } },
{ "type": "Feature", "properties": { "内容": "トータルライフケア奥沢訪問看護ステーション【訪問看護】東京都世田谷区奥沢3-45-6鈴木第一ビル1F", "url": "https://www.kaigokensaku.mhlw.go.jp/13/index.php?action_kouhyou_detail_004_kani=true&JigyosyoCd=1367196298-00&ServiceCd=130&Type=search", "url2": "https://www.ikiikitlc.co.jp/" }, "geometry": { "type": "Point", "coordinates": [ 139.673499499999906, 35.6036389 ] } },
{ "type": "Feature", "properties": { "内容": "そよかぜ訪問看護ステーション上北沢【訪問看護】東京都世田谷区上北沢4-16-11リアライズ上北沢Ⅰ　4階", "url": "https://www.kaigokensaku.mhlw.go.jp/13/index.php?action_kouhyou_detail_004_kani=true&JigyosyoCd=1367197858-00&ServiceCd=130&Type=search", "url2": "http://www.magokoro-sakura.jp/" }, "geometry": { "type": "Point", "coordinates": [ 139.624737099999948, 35.6701489 ] } },
{ "type": "Feature", "properties": { "内容": "下馬訪問看護ステーション【訪問看護】東京都世田谷区下馬6-23-13アーバンテラス下馬107", "url": "https://www.kaigokensaku.mhlw.go.jp/13/index.php?action_kouhyou_detail_004_kani=true&JigyosyoCd=1367198070-00&ServiceCd=130&Type=search", "url2": "https://shimouma-houmon.jp/" }, "geometry": { "type": "Point", "coordinates": [ 139.6784983, 35.6305553 ] } },
{ "type": "Feature", "properties": { "内容": "訪問看護ステーション　お天気【訪問看護】東京都世田谷区宮坂2-26-26宮坂ハイム５０１号", "url": "https://www.kaigokensaku.mhlw.go.jp/13/index.php?action_kouhyou_detail_004_kani=true&JigyosyoCd=1367198120-00&ServiceCd=130&Type=search", "url2": "http://park7.wakwak.com/~otenki/" }, "geometry": { "type": "Point", "coordinates": [ 139.64567820000002, 35.6538017 ] } },
{ "type": "Feature", "properties": { "内容": "みなみ東京訪問看護ステーション【訪問看護】東京都世田谷区下馬６－１２－１５ロータリー学芸大学　2階", "url": "https://www.kaigokensaku.mhlw.go.jp/13/index.php?action_kouhyou_detail_004_kani=true&JigyosyoCd=1361290156-00&ServiceCd=130&Type=search", "url2": "https://www.minami-tyo-welina.com" }, "geometry": { "type": "Point", "coordinates": [ 139.6794066, 35.6282973 ] } },
{ "type": "Feature", "properties": { "内容": "医療法人社団輝生会　訪問看護ステーション成城リハケア【訪問看護】東京都世田谷区祖師谷3-8-7ガーデン成城ビル1F", "url": "https://www.kaigokensaku.mhlw.go.jp/13/index.php?action_kouhyou_detail_004_kani=true&JigyosyoCd=1361290172-00&ServiceCd=130&Type=search", "url2": "http://seijo-reha.com/" }, "geometry": { "type": "Point", "coordinates": [ 139.6049127, 35.6424858 ] } },
{ "type": "Feature", "properties": { "内容": "訪問看護ステーション　サンセール世田谷大蔵【訪問看護】東京都世田谷区大蔵1-3-22", "url": "https://www.kaigokensaku.mhlw.go.jp/13/index.php?action_kouhyou_detail_004_kani=true&JigyosyoCd=1361290339-00&ServiceCd=130&Type=search", "url2": "http://sin-setagayaokura.com/" }, "geometry": { "type": "Point", "coordinates": [ 139.621147800000017, 35.6356873 ] } },
{ "type": "Feature", "properties": { "内容": "駒沢腎クリニック【訪問看護】東京都世田谷区駒沢１－１９－８アーバネスト駒沢３F", "url": "https://www.kaigokensaku.mhlw.go.jp/13/index.php?action_kouhyou_detail_004_kani=true&JigyosyoCd=1311237569-00&ServiceCd=130&Type=search", "url2": "https://www.koma-jin.com" }, "geometry": { "type": "Point", "coordinates": [ 139.657203, 35.6309935 ] } },
{ "type": "Feature", "properties": { "内容": "医療法人社団宝池会　吉川内科医院【訪問看護】東京都世田谷区松原3-28-8", "url": "https://www.kaigokensaku.mhlw.go.jp/13/index.php?action_kouhyou_detail_004_kani=true&JigyosyoCd=1315527072-00&ServiceCd=130&Type=search", "url2": "http://www.yoshikawa.or.jp" }, "geometry": { "type": "Point", "coordinates": [ 139.642211299999985, 35.6657306 ] } },
{ "type": "Feature", "properties": { "内容": "医療法人社団想和会岡本メモリクリニック【訪問看護】東京都世田谷区鎌田3-17-6１階", "url": "https://www.kaigokensaku.mhlw.go.jp/13/index.php?action_kouhyou_detail_004_kani=true&JigyosyoCd=1315528831-00&ServiceCd=130&Type=search", "url2": "http://okamotomemori.com/" }, "geometry": { "type": "Point", "coordinates": [ 139.617299899999978, 35.619297699999976 ] } },
{ "type": "Feature", "properties": { "内容": "ナーシングケア自由が丘【訪問看護】東京都世田谷区奥沢5-33-13サロン・ド・テ自由が丘2階", "url": "https://www.kaigokensaku.mhlw.go.jp/13/index.php?action_kouhyou_detail_004_kani=true&JigyosyoCd=1361090150-00&ServiceCd=130&Type=search", "url2": "http://homon-kango.com/" }, "geometry": { "type": "Point", "coordinates": [ 139.66760069999998, 35.603744200000044 ] } },
{ "type": "Feature", "properties": { "内容": "ソフィアメディ訪問看護ステーション成城【訪問看護】東京都世田谷区成城2-36-17DUPLEX成城1階", "url": "https://www.kaigokensaku.mhlw.go.jp/13/index.php?action_kouhyou_detail_004_kani=true&JigyosyoCd=1361290099-00&ServiceCd=130&Type=search", "url2": "http://www.sophiamedi.co.jp/" }, "geometry": { "type": "Point", "coordinates": [ 139.601257709400898, 35.639854016303019 ] } },
{ "type": "Feature", "properties": { "内容": "訪問看護ステーション三軒茶屋【訪問看護】東京都世田谷区太子堂2-4-16201", "url": "https://www.kaigokensaku.mhlw.go.jp/13/index.php?action_kouhyou_detail_004_kani=true&JigyosyoCd=1361290230-00&ServiceCd=130&Type=search", "url2": "http://www.setagayaj.or.jp/" }, "geometry": { "type": "Point", "coordinates": [ 139.672926, 35.648083600000014 ] } },
{ "type": "Feature", "properties": { "内容": "ノーツ訪問看護ステーション【訪問看護】東京都世田谷区代沢4丁目43-7", "url": "https://www.kaigokensaku.mhlw.go.jp/13/index.php?action_kouhyou_detail_004_kani=true&JigyosyoCd=1361290255-00&ServiceCd=130&Type=search", "url2": "http://www.notesnursing.com/index.html" }, "geometry": { "type": "Point", "coordinates": [ 139.666542489085373, 35.654564544156955 ] } },
{ "type": "Feature", "properties": { "内容": "せたがや訪問看護ステーション【訪問看護】東京都世田谷区世田谷3-3-3グランドステータス世田谷2階", "url": "https://www.kaigokensaku.mhlw.go.jp/13/index.php?action_kouhyou_detail_004_kani=true&JigyosyoCd=1361290263-00&ServiceCd=130&Type=search", "url2": "https://setagayast.com" }, "geometry": { "type": "Point", "coordinates": [ 139.6449619, 35.646186 ] } },
{ "type": "Feature", "properties": { "内容": "ソフィアメディ訪問看護ステーション芦花公園【訪問看護】東京都世田谷区南烏山3-21-11ヴェルディ南烏山3階", "url": "https://www.kaigokensaku.mhlw.go.jp/13/index.php?action_kouhyou_detail_004_kani=true&JigyosyoCd=1361290271-00&ServiceCd=130&Type=search", "url2": "http://www.sophiamedi.co.jp" }, "geometry": { "type": "Point", "coordinates": [ 139.606338090043664, 35.672326902548654 ] } },
{ "type": "Feature", "properties": { "内容": "梅ヶ丘訪問看護ステーション【訪問看護】東京都世田谷区梅丘1-27-12北川マンション　1F", "url": "https://www.kaigokensaku.mhlw.go.jp/13/index.php?action_kouhyou_detail_004_kani=true&JigyosyoCd=1361290321-00&ServiceCd=130&Type=search", "url2": "https://www.care-partner.com/place/umegaoka_kango/" }, "geometry": { "type": "Point", "coordinates": [ 139.655355926389348, 35.655673029829195 ] } },
{ "type": "Feature", "properties": { "内容": "指定訪問看護アットリハ若林【訪問看護】東京都世田谷区若林2-17-9第2エメラルドビル青木301号", "url": "https://www.kaigokensaku.mhlw.go.jp/13/index.php?action_kouhyou_detail_004_kani=true&JigyosyoCd=1361290370-00&ServiceCd=130&Type=search", "url2": "http://care-net.biz/14/at/" }, "geometry": { "type": "Point", "coordinates": [ 139.660773799999987, 35.6479117 ] } },
{ "type": "Feature", "properties": { "内容": "在宅療養支援ステーション楓の風世田谷【訪問看護】東京都世田谷区世田谷3-17-15", "url": "https://www.kaigokensaku.mhlw.go.jp/13/index.php?action_kouhyou_detail_004_kani=true&JigyosyoCd=1361290529-00&ServiceCd=130&Type=search", "url2": "http://kaedenokaze.com/" }, "geometry": { "type": "Point", "coordinates": [ 139.649566177354444, 35.644451408402624 ] } },
{ "type": "Feature", "properties": { "内容": "おうちのカンゴ【訪問看護】東京都世田谷区弦巻5丁目17－10弦巻5丁目戸建B", "url": "https://www.kaigokensaku.mhlw.go.jp/13/index.php?action_kouhyou_detail_004_kani=true&JigyosyoCd=1361290578-00&ServiceCd=130&Type=search", "url2": "https://medistep.co.jp/" }, "geometry": { "type": "Point", "coordinates": [ 139.640948914590439, 35.640050466044912 ] } },
{ "type": "Feature", "properties": { "内容": "松原ナースケア・ステーション【訪問看護】東京都世田谷区松原5-34-6", "url": "https://www.kaigokensaku.mhlw.go.jp/13/index.php?action_kouhyou_detail_004_kani=true&JigyosyoCd=1361290669-00&ServiceCd=130&Type=search", "url2": "https://matsubara-urban.jp/" }, "geometry": { "type": "Point", "coordinates": [ 139.649498148410032, 35.663021665193526 ] } },
{ "type": "Feature", "properties": { "内容": "訪問看護ステーション　はな【訪問看護】東京都世田谷区給田3-31-20OnCo千歳烏山　1階", "url": "https://www.kaigokensaku.mhlw.go.jp/13/index.php?action_kouhyou_detail_004_kani=true&JigyosyoCd=1361290693-00&ServiceCd=130&Type=search", "url2": "http://www.ty-hanamaru.or.jp/" }, "geometry": { "type": "Point", "coordinates": [ 139.593167993009018, 35.667245783210163 ] } },
{ "type": "Feature", "properties": { "内容": "経堂ふくろう訪問看護リハビリステーション【訪問看護】東京都世田谷区経堂2-23-211F/2F", "url": "https://www.kaigokensaku.mhlw.go.jp/13/index.php?action_kouhyou_detail_004_kani=true&JigyosyoCd=1361290818-00&ServiceCd=130&Type=search", "url2": "http://fukurou-houmon.net" }, "geometry": { "type": "Point", "coordinates": [ 139.633513599999986, 35.652749 ] } },
{ "type": "Feature", "properties": { "内容": "つづる訪問看護ステーション【訪問看護】東京都世田谷区玉川3-38-7サン・エルドール1F", "url": "https://www.kaigokensaku.mhlw.go.jp/13/index.php?action_kouhyou_detail_004_kani=true&JigyosyoCd=1361290826-00&ServiceCd=130&Type=search", "url2": null }, "geometry": { "type": "Point", "coordinates": [ 139.6228361, 35.616765 ] } },
{ "type": "Feature", "properties": { "内容": "訪問看護ステーションデライト桜新町【訪問看護】東京都世田谷区弦巻4-2-3塚本ルミネビル1－B", "url": "https://www.kaigokensaku.mhlw.go.jp/13/index.php?action_kouhyou_detail_004_kani=true&JigyosyoCd=1361290883-00&ServiceCd=130&Type=search", "url2": "https://hokan-delight.jp/" }, "geometry": { "type": "Point", "coordinates": [ 139.6441833, 35.6354813 ] } },
{ "type": "Feature", "properties": { "内容": "アベリア訪問看護ステーション【訪問看護】東京都世田谷区松原5丁目60番2号", "url": "https://www.kaigokensaku.mhlw.go.jp/13/index.php?action_kouhyou_detail_004_kani=true&JigyosyoCd=1361291048-00&ServiceCd=130&Type=search", "url2": "http://www.grandiflora.jp" }, "geometry": { "type": "Point", "coordinates": [ 139.6565397785389, 35.663012015532018 ] } },
{ "type": "Feature", "properties": { "内容": "ネットワーク訪問ナースステーション【訪問看護】東京都世田谷区松原2－４１－１５エテルノ明大前203", "url": "https://www.kaigokensaku.mhlw.go.jp/13/index.php?action_kouhyou_detail_004_kani=true&JigyosyoCd=1361291097-00&ServiceCd=130&Type=search", "url2": "http://www.office-network.biz" }, "geometry": { "type": "Point", "coordinates": [ 139.649509039935651, 35.668237309543002 ] } },
{ "type": "Feature", "properties": { "内容": "ライフ訪問看護ステーション駒澤【訪問看護】東京都世田谷区駒沢2-11-1駒沢フォーラムガーデン801", "url": "https://www.kaigokensaku.mhlw.go.jp/13/index.php?action_kouhyou_detail_004_kani=true&JigyosyoCd=1361291113-00&ServiceCd=130&Type=search", "url2": "https://life-houkan.net/" }, "geometry": { "type": "Point", "coordinates": [ 139.659325339217389, 35.632441958837859 ] } },
{ "type": "Feature", "properties": { "内容": "ライフ訪問看護ステーション経堂【訪問看護】東京都世田谷区宮坂3-4-1ライオンズマンション経堂406", "url": "https://www.kaigokensaku.mhlw.go.jp/13/index.php?action_kouhyou_detail_004_kani=true&JigyosyoCd=1361291162-00&ServiceCd=130&Type=search", "url2": "https://life-houkan.net/" }, "geometry": { "type": "Point", "coordinates": [ 139.638380899999987, 35.6524056 ] } },
{ "type": "Feature", "properties": { "内容": "ソフィアメディ訪問看護ステーション代田【訪問看護】東京都世田谷区羽根木1-19-6シャトルHIEI羽根木3-A", "url": "https://www.kaigokensaku.mhlw.go.jp/13/index.php?action_kouhyou_detail_004_kani=true&JigyosyoCd=1361291170-00&ServiceCd=130&Type=search", "url2": "https://www.sophiamedi.co.jp/" }, "geometry": { "type": "Point", "coordinates": [ 139.658930994542317, 35.663120607689621 ] } },
{ "type": "Feature", "properties": { "内容": "マイナビ訪問看護ステーション祖師谷【訪問看護】東京都世田谷区祖師谷三丁目8番10号", "url": "https://www.kaigokensaku.mhlw.go.jp/13/index.php?action_kouhyou_detail_004_kani=true&JigyosyoCd=1361291188-00&ServiceCd=130&Type=search", "url2": "https://houmon-kango.mynavi.jp/" }, "geometry": { "type": "Point", "coordinates": [ 139.604902644044614, 35.64263283480787 ] } },
{ "type": "Feature", "properties": { "内容": "訪問看護カラフルステーション【訪問看護】東京都世田谷区砧3－28－18清水ハイツ202", "url": "https://www.kaigokensaku.mhlw.go.jp/13/index.php?action_kouhyou_detail_004_kani=true&JigyosyoCd=1361291196-00&ServiceCd=130&Type=search", "url2": "https://www.lafamille.co.jp" }, "geometry": { "type": "Point", "coordinates": [ 139.6140973, 35.6382807 ] } },
{ "type": "Feature", "properties": { "内容": "クレア訪問看護リハビリステーション【訪問看護】東京都世田谷区代沢2-47-9-304GraceField池ノ上304号室", "url": "https://www.kaigokensaku.mhlw.go.jp/13/index.php?action_kouhyou_detail_004_kani=true&JigyosyoCd=1361291220-00&ServiceCd=130&Type=search", "url2": "http://yorii-crea.com/" }, "geometry": { "type": "Point", "coordinates": [ 139.673407707046806, 35.661089323794158 ] } },
{ "type": "Feature", "properties": { "内容": "ソフィアメディ訪問看護ステーション等々力【訪問看護】東京都世田谷区等々力8-25-16201", "url": "https://www.kaigokensaku.mhlw.go.jp/13/index.php?action_kouhyou_detail_004_kani=true&JigyosyoCd=1361291303-00&ServiceCd=130&Type=search", "url2": "https://www.sophiamedi.co.jp/" }, "geometry": { "type": "Point", "coordinates": [ 139.651625799999977, 35.617324600000018 ] } },
{ "type": "Feature", "properties": { "内容": "マース訪問看護ステーション千歳船橋【訪問看護】東京都世田谷区船橋4-5-71階", "url": "https://www.kaigokensaku.mhlw.go.jp/13/index.php?action_kouhyou_detail_004_kani=true&JigyosyoCd=1361291329-00&ServiceCd=130&Type=search", "url2": "https://www.mars-houkan.jp/" }, "geometry": { "type": "Point", "coordinates": [ 139.620869262921246, 35.655362288900086 ] } },
{ "type": "Feature", "properties": { "内容": "祖師谷スキンケアステーション【訪問看護】東京都世田谷区祖師谷４－７－１", "url": "https://www.kaigokensaku.mhlw.go.jp/13/index.php?action_kouhyou_detail_004_kani=true&JigyosyoCd=1361291386-00&ServiceCd=130&Type=search", "url2": "https://soshigaya-skincare.com" }, "geometry": { "type": "Point", "coordinates": [ 139.6061067, 35.6467983 ] } },
{ "type": "Feature", "properties": { "内容": "あいず訪問看護ステーション三軒茶屋【訪問看護】東京都世田谷区太子堂2-1-1ヴァンヴェール世田谷105", "url": "https://www.kaigokensaku.mhlw.go.jp/13/index.php?action_kouhyou_detail_004_kani=true&JigyosyoCd=1361291428-00&ServiceCd=130&Type=search", "url2": "https://www.aizu-company.co.jp" }, "geometry": { "type": "Point", "coordinates": [ 139.674847199999988, 35.6465078 ] } },
{ "type": "Feature", "properties": { "内容": "ソフィアメディ訪問看護ステーション千歳船橋【訪問看護】東京都世田谷区千歳台1-30-14101", "url": "https://www.kaigokensaku.mhlw.go.jp/13/index.php?action_kouhyou_detail_004_kani=true&JigyosyoCd=1361291436-00&ServiceCd=130&Type=search", "url2": "https://www.sophiamedi.co.jp/" }, "geometry": { "type": "Point", "coordinates": [ 139.614112299999988, 35.6473723 ] } },
{ "type": "Feature", "properties": { "内容": "訪問看護ステーション青い鳥【訪問看護】東京都世田谷区奥沢７－１２－２５", "url": "https://www.kaigokensaku.mhlw.go.jp/13/index.php?action_kouhyou_detail_004_kani=true&JigyosyoCd=1367192511-00&ServiceCd=130&Type=search", "url2": "http://www.aoitorikai.com/" }, "geometry": { "type": "Point", "coordinates": [ 139.664041900000029, 35.6073188 ] } },
{ "type": "Feature", "properties": { "内容": "太子堂訪問看護ステーション【訪問看護】東京都世田谷区太子堂2-13-17", "url": "https://www.kaigokensaku.mhlw.go.jp/13/index.php?action_kouhyou_detail_004_kani=true&JigyosyoCd=1367193766-00&ServiceCd=130&Type=search", "url2": null }, "geometry": { "type": "Point", "coordinates": [ 139.673037199999953, 35.644836800000014 ] } },
{ "type": "Feature", "properties": { "内容": "メディカル・ハンプ訪問看護ステーション【訪問看護】東京都世田谷区南烏山5－23－11エビスビル１F", "url": "https://www.kaigokensaku.mhlw.go.jp/13/index.php?action_kouhyou_detail_004_kani=true&JigyosyoCd=1367195027-00&ServiceCd=130&Type=search", "url2": "http://www.m-hamp.co.jp" }, "geometry": { "type": "Point", "coordinates": [ 139.603151706637618, 35.666853669335715 ] } },
{ "type": "Feature", "properties": { "内容": "セコム世田谷訪問看護ステーション【訪問看護】東京都世田谷区松原1-46-9ＯＨＲＥＭ明大前ビル301", "url": "https://www.kaigokensaku.mhlw.go.jp/13/index.php?action_kouhyou_detail_004_kani=true&JigyosyoCd=1367196017-00&ServiceCd=130&Type=search", "url2": "http://medical.secom.co.jp/" }, "geometry": { "type": "Point", "coordinates": [ 139.653007600000024, 35.6701665 ] } },
{ "type": "Feature", "properties": { "内容": "ソフィアメディ訪問看護ステーション自由が丘【訪問看護】東京都世田谷区奥沢7-33-2アーバンコート自由が丘201", "url": "https://www.kaigokensaku.mhlw.go.jp/13/index.php?action_kouhyou_detail_004_kani=true&JigyosyoCd=1367197585-00&ServiceCd=130&Type=search", "url2": "http://www.sophiamedi.co.jp/" }, "geometry": { "type": "Point", "coordinates": [ 139.6612672, 35.6059439 ] } },
{ "type": "Feature", "properties": { "内容": "ソフィアメディ訪問看護ステーション三宿・三茶【訪問看護】東京都世田谷区太子堂4-30-22K`sアパートメント202", "url": "https://www.kaigokensaku.mhlw.go.jp/13/index.php?action_kouhyou_detail_004_kani=true&JigyosyoCd=1367198153-00&ServiceCd=130&Type=search", "url2": "http://www.sophiamedi.co.jp/" }, "geometry": { "type": "Point", "coordinates": [ 139.668746388407953, 35.646186504392695 ] } },
{ "type": "Feature", "properties": { "内容": "ソフィアメディ訪問看護ステーション用賀【訪問看護】東京都世田谷区玉川台2-22-20イイダアネックス7　304号室", "url": "https://www.kaigokensaku.mhlw.go.jp/13/index.php?action_kouhyou_detail_004_kani=true&JigyosyoCd=1367198955-00&ServiceCd=130&Type=search", "url2": "http://www.sophiamedi.co.jp/" }, "geometry": { "type": "Point", "coordinates": [ 139.6322252, 35.6229586 ] } },
{ "type": "Feature", "properties": { "内容": "訪問看護ステーションしもきたざわ【訪問看護】東京都世田谷区代田６－６－９アルコーブ下北沢Ｂ１", "url": "https://www.kaigokensaku.mhlw.go.jp/13/index.php?action_kouhyou_detail_004_kani=true&JigyosyoCd=1361290016-00&ServiceCd=130&Type=search", "url2": "http://hks-shimokita.net" }, "geometry": { "type": "Point", "coordinates": [ 139.664011893254155, 35.663301491209765 ] } },
{ "type": "Feature", "properties": { "内容": "ソフィアメディ訪問看護ステーション経堂【訪問看護】東京都世田谷区宮坂3-12-17ＨＬビル５階", "url": "https://www.kaigokensaku.mhlw.go.jp/13/index.php?action_kouhyou_detail_004_kani=true&JigyosyoCd=1361290065-00&ServiceCd=130&Type=search", "url2": "http://www.sophiamedi.co.jp" }, "geometry": { "type": "Point", "coordinates": [ 139.63722329999996, 35.6524101 ] } },
{ "type": "Feature", "properties": { "内容": "なの花訪問看護ステーション千歳台【訪問看護】東京都世田谷区千歳台5-18-9", "url": "https://www.kaigokensaku.mhlw.go.jp/13/index.php?action_kouhyou_detail_004_kani=true&JigyosyoCd=1361290719-00&ServiceCd=130&Type=search", "url2": "https://www.nanohana-kango.jp/chitosedai/index.html" }, "geometry": { "type": "Point", "coordinates": [ 139.609825159019238, 35.6568171 ] } },
{ "type": "Feature", "properties": { "内容": "いちから訪問看護ステーション【訪問看護】東京都世田谷区経堂2－27－20リリーオブザバレー102号室", "url": "https://www.kaigokensaku.mhlw.go.jp/13/index.php?action_kouhyou_detail_004_kani=true&JigyosyoCd=1361290776-00&ServiceCd=130&Type=search", "url2": "https://www.ichikara.jp/" }, "geometry": { "type": "Point", "coordinates": [ 139.632332745682106, 35.654740782511929 ] } },
{ "type": "Feature", "properties": { "内容": "訪問看護ステーション　デライト烏山【訪問看護】東京都世田谷区南烏山6-28-5ミルフィーユⅠ2階", "url": "https://www.kaigokensaku.mhlw.go.jp/13/index.php?action_kouhyou_detail_004_kani=true&JigyosyoCd=1361291014-00&ServiceCd=130&Type=search", "url2": "http://hokan-delight.jp/" }, "geometry": { "type": "Point", "coordinates": [ 139.598699499999981, 35.669499 ] } },
{ "type": "Feature", "properties": { "内容": "訪問看護かえりえ給田【訪問看護】東京都世田谷区給田1-1-11オウカス世田谷仙川1階", "url": "https://www.kaigokensaku.mhlw.go.jp/13/index.php?action_kouhyou_detail_004_kani=true&JigyosyoCd=1361291360-00&ServiceCd=130&Type=search", "url2": "https://search.yasashiite.com/detail/homonkango_kyuden/" }, "geometry": { "type": "Point", "coordinates": [ 139.5943758, 35.6627033 ] } },
{ "type": "Feature", "properties": { "内容": "harustyle世田谷【訪問看護】東京都世田谷区桜新町1−15−1チェリーハイム302", "url": "https://www.kaigokensaku.mhlw.go.jp/13/index.php?action_kouhyou_detail_004_kani=true&JigyosyoCd=1361291469-00&ServiceCd=130&Type=search", "url2": "https://setagaya.haru-style.jp/" }, "geometry": { "type": "Point", "coordinates": [ 139.6438493, 35.6294312 ] } },
{ "type": "Feature", "properties": { "内容": "まなか訪問看護ステーション【訪問看護】東京都世田谷区桜1-50-17", "url": "https://www.kaigokensaku.mhlw.go.jp/13/index.php?action_kouhyou_detail_004_kani=true&JigyosyoCd=1361291501-00&ServiceCd=130&Type=search", "url2": null }, "geometry": { "type": "Point", "coordinates": [ 139.639909, 35.6458079 ] } },
{ "type": "Feature", "properties": { "内容": "訪問看護ステーション陽だまり【訪問看護】東京都世田谷区祖師谷4-26-3アトリエンテ祖師谷B1階", "url": "https://www.kaigokensaku.mhlw.go.jp/13/index.php?action_kouhyou_detail_004_kani=true&JigyosyoCd=1361291527-00&ServiceCd=130&Type=search", "url2": "https://houmonkangohidamari.com" }, "geometry": { "type": "Point", "coordinates": [ 139.6073283, 35.6495741 ] } },
{ "type": "Feature", "properties": { "内容": "訪問看護ステーションけやき【訪問看護】東京都世田谷区世田谷1-23-2", "url": "https://www.kaigokensaku.mhlw.go.jp/13/index.php?action_kouhyou_detail_004_kani=true&JigyosyoCd=1367191539-00&ServiceCd=130&Type=search", "url2": "http://www.setagayaj.or.jp" }, "geometry": { "type": "Point", "coordinates": [ 139.6480451, 35.6418504 ] } },
{ "type": "Feature", "properties": { "内容": "訪問看護ステーション北沢【訪問看護】東京都世田谷区羽根木1丁目31番21号ドクターズプラザ羽根木２階", "url": "https://www.kaigokensaku.mhlw.go.jp/13/index.php?action_kouhyou_detail_004_kani=true&JigyosyoCd=1367192610-00&ServiceCd=130&Type=search", "url2": "http://www.setagayaj.or.jp/" }, "geometry": { "type": "Point", "coordinates": [ 139.657299100000046, 35.6654421 ] } },
{ "type": "Feature", "properties": { "内容": "成城克歩訪問看護ステーション【訪問看護】東京都世田谷区成城１丁目13番２号ゲミュートリヒ成城101号室", "url": "https://www.kaigokensaku.mhlw.go.jp/13/index.php?action_kouhyou_detail_004_kani=true&JigyosyoCd=1361291022-00&ServiceCd=130&Type=search", "url2": "https://setagaya-sakura.wixsite.com" }, "geometry": { "type": "Point", "coordinates": [ 139.6039597, 35.6332939 ] } },
{ "type": "Feature", "properties": { "内容": "トータルライフケア用賀訪問看護ステーション【訪問看護】東京都世田谷区用賀2-29-16のぎくメモリアルビル101", "url": "https://www.kaigokensaku.mhlw.go.jp/13/index.php?action_kouhyou_detail_004_kani=true&JigyosyoCd=1361290164-00&ServiceCd=130&Type=search", "url2": "https://www.ikiikitlc.co.jp/" }, "geometry": { "type": "Point", "coordinates": [ 139.636141299999963, 35.6258942 ] } },
{ "type": "Feature", "properties": { "内容": "訪問看護ステーションみかん【訪問看護】東京都世田谷区太子堂2−14−20ステップス三軒茶屋103号室", "url": "https://www.kaigokensaku.mhlw.go.jp/13/index.php?action_kouhyou_detail_004_kani=true&JigyosyoCd=1361291295-00&ServiceCd=130&Type=search", "url2": "https://sancha-mikan-kango.tokyo/" }, "geometry": { "type": "Point", "coordinates": [ 139.6720163, 35.6450112 ] } },
{ "type": "Feature", "properties": { "内容": "ひだまり訪問看護ステーション用賀【訪問看護】東京都世田谷区用賀４-２３-１２ユウハウス用賀２", "url": "https://www.kaigokensaku.mhlw.go.jp/13/index.php?action_kouhyou_detail_004_kani=true&JigyosyoCd=1361291519-00&ServiceCd=130&Type=search", "url2": "https://www.hidamari-youga.info/" }, "geometry": { "type": "Point", "coordinates": [ 139.63033682883605, 35.628257641088886 ] } },
{ "type": "Feature", "properties": { "内容": "いろどり訪問看護RCU世田谷【訪問看護】東京都世田谷区北烏山3-13-23烏山北住宅23号室304号室", "url": "https://www.kaigokensaku.mhlw.go.jp/13/index.php?action_kouhyou_detail_004_kani=true&JigyosyoCd=1361291584-00&ServiceCd=130&Type=search", "url2": "https://www.irodorikango.com/" }, "geometry": { "type": "Point", "coordinates": [ 139.603438399999987, 35.67449 ] } },
{ "type": "Feature", "properties": { "内容": "グッド訪問看護ステーション【訪問看護】東京都世田谷区喜多見7-27-19リバーサイド成城パレス305", "url": "https://www.kaigokensaku.mhlw.go.jp/13/index.php?action_kouhyou_detail_004_kani=true&JigyosyoCd=1361290487-00&ServiceCd=130&Type=search", "url2": "http://www.good-partners.jp" }, "geometry": { "type": "Point", "coordinates": [ 139.593670542327942, 35.634920759005929 ] } },
{ "type": "Feature", "properties": { "内容": "ルミナス訪問看護ステーション【訪問看護】東京都世田谷区砧６-２９-４３F", "url": "https://www.kaigokensaku.mhlw.go.jp/13/index.php?action_kouhyou_detail_004_kani=true&JigyosyoCd=1361290941-00&ServiceCd=130&Type=search", "url2": "https://www.luminous-kango.jp/" }, "geometry": { "type": "Point", "coordinates": [ 139.608327100000054, 35.640858 ] } },
{ "type": "Feature", "properties": { "内容": "訪問看護ステーションふくろう等々力【訪問看護】東京都世田谷区等々力三丁目5番11号ライオンズマンション等々力第5‐203号室", "url": "https://www.kaigokensaku.mhlw.go.jp/13/index.php?action_kouhyou_detail_004_kani=true&JigyosyoCd=1361290644-00&ServiceCd=130&Type=search", "url2": "http://www.296296.jp/group_network/visiting-nursing/" }, "geometry": { "type": "Point", "coordinates": [ 139.647974213523156, 35.608872902050415 ] } },
{ "type": "Feature", "properties": { "内容": "SHC訪問看護ステーション【訪問看護】東京都世田谷区粕谷4-19-5塩原ビル　2階", "url": "https://www.kaigokensaku.mhlw.go.jp/13/index.php?action_kouhyou_detail_004_kani=true&JigyosyoCd=1361290800-00&ServiceCd=130&Type=search", "url2": null }, "geometry": { "type": "Point", "coordinates": [ 139.6031782, 35.6644602 ] } },
{ "type": "Feature", "properties": { "内容": "訪問看護かえりえ成城【訪問看護】東京都世田谷区成城1-1-9", "url": "https://www.kaigokensaku.mhlw.go.jp/13/index.php?action_kouhyou_detail_004_kani=true&JigyosyoCd=1361291238-00&ServiceCd=130&Type=search", "url2": "https://search.yasashiite.com/detail/houmonkango_seijo/" }, "geometry": { "type": "Point", "coordinates": [ 139.605818199999987, 35.6328391 ] } },
{ "type": "Feature", "properties": { "内容": "グリーンメディ訪問看護ステーション明大前【訪問看護】東京都世田谷区松原2-42-9美鈴Nビル402号室", "url": "https://www.kaigokensaku.mhlw.go.jp/13/index.php?action_kouhyou_detail_004_kani=true&JigyosyoCd=1361590142-00&ServiceCd=130&Type=search", "url2": "http://www.gc-lifetime.co.jp" }, "geometry": { "type": "Point", "coordinates": [ 139.649015054380982, 35.669183600609379 ] } },
{ "type": "Feature", "properties": { "内容": "カンデラ・メディカルケア　世田谷本店【訪問看護】東京都世田谷区奥沢6-25-1", "url": "https://www.kaigokensaku.mhlw.go.jp/13/index.php?action_kouhyou_detail_004_kani=true&JigyosyoCd=1361291030-00&ServiceCd=130&Type=search", "url2": "http://candela-medical.co.jp" }, "geometry": { "type": "Point", "coordinates": [ 139.6623284, 35.6047187 ] } },
{ "type": "Feature", "properties": { "内容": "＠コレモ訪問看護【訪問看護】東京都世田谷区上馬1-33-16小川ハイツ301", "url": "https://www.kaigokensaku.mhlw.go.jp/13/index.php?action_kouhyou_detail_004_kani=true&JigyosyoCd=1361291592-00&ServiceCd=130&Type=search", "url2": "https://www.dpodspodp.jp/" }, "geometry": { "type": "Point", "coordinates": [ 139.6689174, 35.6393533 ] } },
{ "type": "Feature", "properties": { "内容": "ホームケア世田谷　訪問看護ステーション【訪問看護】東京都世田谷区上用賀1-22-23グランクレール馬事公苑１階", "url": "https://www.kaigokensaku.mhlw.go.jp/13/index.php?action_kouhyou_detail_004_kani=true&JigyosyoCd=1361291378-00&ServiceCd=130&Type=search", "url2": "https://homecare.grancreer.com" }, "geometry": { "type": "Point", "coordinates": [ 139.6349281, 35.634519599999969 ] } },
{ "type": "Feature", "properties": { "内容": "訪問看護ステーションライム【訪問看護】東京都渋谷区恵比寿2丁目22-11", "url": "https://www.kaigokensaku.mhlw.go.jp/13/index.php?action_kouhyou_detail_004_kani=true&JigyosyoCd=1361390154-00&ServiceCd=130&Type=search", "url2": "http://nursecare-lime.com/" }, "geometry": { "type": "Point", "coordinates": [ 139.720251266253058, 35.647804842915143 ] } },
{ "type": "Feature", "properties": { "内容": "訪問看護ステーション　おうちケア【訪問看護】東京都渋谷区上原3-37-2サンホームズ代々木上原２０１号室", "url": "https://www.kaigokensaku.mhlw.go.jp/13/index.php?action_kouhyou_detail_004_kani=true&JigyosyoCd=1361390378-00&ServiceCd=130&Type=search", "url2": null }, "geometry": { "type": "Point", "coordinates": [ 139.6767611, 35.6663853 ] } },
{ "type": "Feature", "properties": { "内容": "代々木病院【訪問看護】東京都渋谷区千駄ヶ谷1-30-7", "url": "https://www.kaigokensaku.mhlw.go.jp/13/index.php?action_kouhyou_detail_004_kani=true&JigyosyoCd=1311370105-00&ServiceCd=130&Type=search", "url2": "https://www.tokyo-kinikai.com/yoyogi/" }, "geometry": { "type": "Point", "coordinates": [ 139.709678700000012, 35.6808554 ] } },
{ "type": "Feature", "properties": { "内容": "医療法人　内藤病院【訪問看護】東京都渋谷区初台１丁目３５番１０号", "url": "https://www.kaigokensaku.mhlw.go.jp/13/index.php?action_kouhyou_detail_004_kani=true&JigyosyoCd=1311312750-00&ServiceCd=130&Type=search", "url2": "http://www.naito-hospital.com/" }, "geometry": { "type": "Point", "coordinates": [ 139.686007199999949, 35.6795219 ] } },
{ "type": "Feature", "properties": { "内容": "ひまわり訪問看護ステーション【訪問看護】東京都渋谷区広尾5－24－32F", "url": "https://www.kaigokensaku.mhlw.go.jp/13/index.php?action_kouhyou_detail_004_kani=true&JigyosyoCd=1361390394-00&ServiceCd=130&Type=search", "url2": null }, "geometry": { "type": "Point", "coordinates": [ 139.7196545, 35.6483561 ] } },
{ "type": "Feature", "properties": { "内容": "訪問看護ステーションプロテア【訪問看護】東京都渋谷区恵比寿4-5-23ルイシャトレ恵比寿610号", "url": "https://www.kaigokensaku.mhlw.go.jp/13/index.php?action_kouhyou_detail_004_kani=true&JigyosyoCd=1361390428-00&ServiceCd=130&Type=search", "url2": "http://protea.support" }, "geometry": { "type": "Point", "coordinates": [ 139.711980399999987, 35.6448574 ] } },
{ "type": "Feature", "properties": { "内容": "パール訪問看護ステーション【訪問看護】東京都渋谷区鉢山町3番27号", "url": "https://www.kaigokensaku.mhlw.go.jp/13/index.php?action_kouhyou_detail_004_kani=true&JigyosyoCd=1367196036-00&ServiceCd=130&Type=search", "url2": "http://www.shibuya-pearl.or.jp/" }, "geometry": { "type": "Point", "coordinates": [ 139.698686926983697, 35.652764387462561 ] } },
{ "type": "Feature", "properties": { "内容": "訪問看護ステーションセラフィム【訪問看護】東京都渋谷区本町一丁目７番１６８０９号", "url": "https://www.kaigokensaku.mhlw.go.jp/13/index.php?action_kouhyou_detail_004_kani=true&JigyosyoCd=1361390436-00&ServiceCd=130&Type=search", "url2": "https://seraphim.tokyo/" }, "geometry": { "type": "Point", "coordinates": [ 139.6842732, 35.6804974 ] } },
{ "type": "Feature", "properties": { "内容": "ナースステーション東京　渋谷事業所【訪問看護】東京都渋谷区神南1-4-2神南ハイム202", "url": "https://www.kaigokensaku.mhlw.go.jp/13/index.php?action_kouhyou_detail_004_kani=true&JigyosyoCd=1361390014-00&ServiceCd=130&Type=search", "url2": "http://zaitakucare.co.jp/" }, "geometry": { "type": "Point", "coordinates": [ 139.700753837434405, 35.665147441741226 ] } },
{ "type": "Feature", "properties": { "内容": "NPOいのち訪問看護ステーション【訪問看護】東京都渋谷区西原1-43-2富井ハイム", "url": "https://www.kaigokensaku.mhlw.go.jp/13/index.php?action_kouhyou_detail_004_kani=true&JigyosyoCd=1361390022-00&ServiceCd=130&Type=search", "url2": "http://www.npoinochi.org/kango/index.html" }, "geometry": { "type": "Point", "coordinates": [ 139.6829962, 35.6760643 ] } },
{ "type": "Feature", "properties": { "内容": "訪問看護ステーション　スマイライフ　代々木上原【訪問看護】東京都渋谷区西原1丁目10番15号B棟", "url": "https://www.kaigokensaku.mhlw.go.jp/13/index.php?action_kouhyou_detail_004_kani=true&JigyosyoCd=1361390121-00&ServiceCd=130&Type=search", "url2": "http://smi-life.com" }, "geometry": { "type": "Point", "coordinates": [ 139.681006116384879, 35.675059642025545 ] } },
{ "type": "Feature", "properties": { "内容": "初台リハケア訪問看護ステーション【訪問看護】東京都渋谷区本町2-2-13Tハイム西新宿101", "url": "https://www.kaigokensaku.mhlw.go.jp/13/index.php?action_kouhyou_detail_004_kani=true&JigyosyoCd=1361390295-00&ServiceCd=130&Type=search", "url2": "http://reha-care.co.jp" }, "geometry": { "type": "Point", "coordinates": [ 139.6850313, 35.6841104 ] } },
{ "type": "Feature", "properties": { "内容": "インホーム訪問看護ステーション【訪問看護】東京都渋谷区千駄ヶ谷5丁目30-15", "url": "https://www.kaigokensaku.mhlw.go.jp/13/index.php?action_kouhyou_detail_004_kani=true&JigyosyoCd=1361390303-00&ServiceCd=130&Type=search", "url2": "https://inhome.co.jp/" }, "geometry": { "type": "Point", "coordinates": [ 139.704170566988438, 35.685861959354163 ] } },
{ "type": "Feature", "properties": { "内容": "ぜろひゃく東京訪問看護リハビリテーション【訪問看護】東京都渋谷区本町1-20-2パルムハウス初台1309", "url": "https://www.kaigokensaku.mhlw.go.jp/13/index.php?action_kouhyou_detail_004_kani=true&JigyosyoCd=1361390352-00&ServiceCd=130&Type=search", "url2": "http://www.zero-hyaku.com" }, "geometry": { "type": "Point", "coordinates": [ 139.6800907, 35.6785311 ] } },
{ "type": "Feature", "properties": { "内容": "クリニック桜丘【訪問看護】東京都渋谷区桜丘町１４－６黒松ビル１Ｆ", "url": "https://www.kaigokensaku.mhlw.go.jp/13/index.php?action_kouhyou_detail_004_kani=true&JigyosyoCd=1311328343-00&ServiceCd=130&Type=search", "url2": "http://clinic-s.com/" }, "geometry": { "type": "Point", "coordinates": [ 139.701392700000042, 35.6553891 ] } },
{ "type": "Feature", "properties": { "内容": "さくらナースケアステーション【訪問看護】東京都渋谷区広尾五丁目19番7号協和ビル4階", "url": "https://www.kaigokensaku.mhlw.go.jp/13/index.php?action_kouhyou_detail_004_kani=true&JigyosyoCd=1361390162-00&ServiceCd=130&Type=search", "url2": "http://www.sncare.jp/" }, "geometry": { "type": "Point", "coordinates": [ 139.720234032863743, 35.649071896251797 ] } },
{ "type": "Feature", "properties": { "内容": "金内メディカル訪問看護・リハビリステーション笹塚【訪問看護】東京都渋谷区笹塚1-56-10総栄ビル810", "url": "https://www.kaigokensaku.mhlw.go.jp/13/index.php?action_kouhyou_detail_004_kani=true&JigyosyoCd=1361390196-00&ServiceCd=130&Type=search", "url2": null }, "geometry": { "type": "Point", "coordinates": [ 139.668022800000017, 35.6743108 ] } },
{ "type": "Feature", "properties": { "内容": "コパン訪問看護ステーション【訪問看護】東京都渋谷区東2-9-6エスコートノヴェル広尾210", "url": "https://www.kaigokensaku.mhlw.go.jp/13/index.php?action_kouhyou_detail_004_kani=true&JigyosyoCd=1361390220-00&ServiceCd=130&Type=search", "url2": "http://www.copan.given.co.jp" }, "geometry": { "type": "Point", "coordinates": [ 139.711558298811383, 35.653747418783993 ] } },
{ "type": "Feature", "properties": { "内容": "ソフィアメディ訪問看護ステーション代官山【訪問看護】東京都渋谷区鉢山町14.-3", "url": "https://www.kaigokensaku.mhlw.go.jp/13/index.php?action_kouhyou_detail_004_kani=true&JigyosyoCd=1361390246-00&ServiceCd=130&Type=search", "url2": "http://www.sophiamedi.co.jp/" }, "geometry": { "type": "Point", "coordinates": [ 139.69726588990477, 35.650916609374605 ] } },
{ "type": "Feature", "properties": { "内容": "メディリス訪問看護ステーション【訪問看護】東京都渋谷区道玄坂１－１７－５オリンピック渋谷ビル４階", "url": "https://www.kaigokensaku.mhlw.go.jp/13/index.php?action_kouhyou_detail_004_kani=true&JigyosyoCd=1361390287-00&ServiceCd=130&Type=search", "url2": "https://mediliss.com" }, "geometry": { "type": "Point", "coordinates": [ 139.697386550293146, 35.65693681257487 ] } },
{ "type": "Feature", "properties": { "内容": "ウィル訪問看護ステーション渋谷【訪問看護】東京都渋谷区初台１丁目３１－９初台三十一番館１０２", "url": "https://www.kaigokensaku.mhlw.go.jp/13/index.php?action_kouhyou_detail_004_kani=true&JigyosyoCd=1361390337-00&ServiceCd=130&Type=search", "url2": "https://wyl.co.jp/" }, "geometry": { "type": "Point", "coordinates": [ 139.683157099999988, 35.6786938 ] } },
{ "type": "Feature", "properties": { "内容": "おもて参道訪問看護ステーション【訪問看護】東京都渋谷区神宮前5-8-2日本看護協会ビル5階", "url": "https://www.kaigokensaku.mhlw.go.jp/13/index.php?action_kouhyou_detail_004_kani=true&JigyosyoCd=1367191976-00&ServiceCd=130&Type=search", "url2": "http://www.jvnf.or.jp" }, "geometry": { "type": "Point", "coordinates": [ 139.707925100000011, 35.6669213 ] } },
{ "type": "Feature", "properties": { "内容": "ひかり訪問看護ステーション東京【訪問看護】東京都渋谷区代々木2−16−1宮坂甲斐路ビル1階", "url": "https://www.kaigokensaku.mhlw.go.jp/13/index.php?action_kouhyou_detail_004_kani=true&JigyosyoCd=1360290330-00&ServiceCd=130&Type=search", "url2": "https://hikari-lifes.net/home-nursing" }, "geometry": { "type": "Point", "coordinates": [ 139.6957442, 35.6862392 ] } },
{ "type": "Feature", "properties": { "内容": "LE在宅・施設訪問看護ステーション渋谷新本店【訪問看護】東京都渋谷区神南1-17-11キューブ渋谷神南5階", "url": "https://www.kaigokensaku.mhlw.go.jp/13/index.php?action_kouhyou_detail_004_kani=true&JigyosyoCd=1361290024-00&ServiceCd=130&Type=search", "url2": "https://www.lovei.co.jp/" }, "geometry": { "type": "Point", "coordinates": [ 139.6999205, 35.663346400000016 ] } },
{ "type": "Feature", "properties": { "内容": "Build訪問看護ステーション【訪問看護】東京都渋谷区初台1丁目12番7号レスポワール初台101", "url": "https://www.kaigokensaku.mhlw.go.jp/13/index.php?action_kouhyou_detail_004_kani=true&JigyosyoCd=1361390386-00&ServiceCd=130&Type=search", "url2": "https://www.build-houkan-st.com/" }, "geometry": { "type": "Point", "coordinates": [ 139.686580600000013, 35.6782826 ] } },
{ "type": "Feature", "properties": { "内容": "ハイメディック訪問看護ステーションすばる【訪問看護】東京都渋谷区上原1-17-16カスタリア代々木上原B102号室", "url": "https://www.kaigokensaku.mhlw.go.jp/13/index.php?action_kouhyou_detail_004_kani=true&JigyosyoCd=1361390410-00&ServiceCd=130&Type=search", "url2": "https://www.trustgarden.jp/nurse/" }, "geometry": { "type": "Point", "coordinates": [ 139.682933, 35.6692318 ] } },
{ "type": "Feature", "properties": { "内容": "医療法人社団　仁愛会　仁愛内科【訪問看護】東京都渋谷区宇田川町3-7ヒューリック渋谷公園通りビルB1", "url": "https://www.kaigokensaku.mhlw.go.jp/13/index.php?action_kouhyou_detail_004_kani=true&JigyosyoCd=1311338029-00&ServiceCd=130&Type=search", "url2": "jinai-naika.com/medical/medical01.html" }, "geometry": { "type": "Point", "coordinates": [ 139.698986500000018, 35.6625331 ] } },
{ "type": "Feature", "properties": { "内容": "シロップ訪問看護ステーション【訪問看護】東京都渋谷区鉢山町5-12A棟", "url": "https://www.kaigokensaku.mhlw.go.jp/13/index.php?action_kouhyou_detail_004_kani=true&JigyosyoCd=1361390444-00&ServiceCd=130&Type=search", "url2": null }, "geometry": { "type": "Point", "coordinates": [ 139.69968430000003, 35.651847 ] } },
{ "type": "Feature", "properties": { "内容": "ハートリード訪問看護ステーション【訪問看護】東京都渋谷区東2₋5⁻33エストヴィル丁子102", "url": "https://www.kaigokensaku.mhlw.go.jp/13/index.php?action_kouhyou_detail_004_kani=true&JigyosyoCd=1361390329-00&ServiceCd=130&Type=search", "url2": "https://heart-read.com" }, "geometry": { "type": "Point", "coordinates": [ 139.7096464, 35.6535859 ] } },
{ "type": "Feature", "properties": { "内容": "ＣＲＡＹＯＮＺ　プライベート看護【訪問看護】東京都中野区上鷺宮4丁目17−6ハイツ小河301", "url": "https://www.kaigokensaku.mhlw.go.jp/13/index.php?action_kouhyou_detail_004_kani=true&JigyosyoCd=1361490442-00&ServiceCd=130&Type=search", "url2": "https://homelux.crayonz.jp/" }, "geometry": { "type": "Point", "coordinates": [ 139.6294162, 35.7349594 ] } },
{ "type": "Feature", "properties": { "内容": "まるこ訪問看護ステーション【訪問看護】東京都中野区若宮2-34-19B", "url": "https://www.kaigokensaku.mhlw.go.jp/13/index.php?action_kouhyou_detail_004_kani=true&JigyosyoCd=1361490319-00&ServiceCd=130&Type=search", "url2": "https://maruco-hvst.jp" }, "geometry": { "type": "Point", "coordinates": [ 139.643316199999987, 35.7183882 ] } },
{ "type": "Feature", "properties": { "内容": "訪問看護ステーション　江古田の森【訪問看護】東京都中野区江古田3-14-19東京総合保健福祉センター　江古田の森", "url": "https://www.kaigokensaku.mhlw.go.jp/13/index.php?action_kouhyou_detail_004_kani=true&JigyosyoCd=1361490079-00&ServiceCd=130&Type=search", "url2": "http://www.kaigo-egota.com/" }, "geometry": { "type": "Point", "coordinates": [ 139.665617127647494, 35.72973170623743 ] } },
{ "type": "Feature", "properties": { "内容": "ワンストップ訪問看護ステーション中野南台【訪問看護】中野区南台2－17－10リーブランⅡ　1階", "url": "https://www.kaigokensaku.mhlw.go.jp/13/index.php?action_kouhyou_detail_004_kani=true&JigyosyoCd=1361490459-00&ServiceCd=130&Type=search", "url2": null }, "geometry": { "type": "Point", "coordinates": [ 139.6711975, 35.6829412 ] } },
{ "type": "Feature", "properties": { "内容": "中野北ベタニア訪問看護ステーション【訪問看護】東京都中野区江古田3-15-2", "url": "https://www.kaigokensaku.mhlw.go.jp/13/index.php?action_kouhyou_detail_004_kani=true&JigyosyoCd=1367191992-00&ServiceCd=130&Type=search", "url2": "https://jiseikai.jp/nakano/visit-nursing-st" }, "geometry": { "type": "Point", "coordinates": [ 139.663751861936561, 35.728705262666324 ] } },
{ "type": "Feature", "properties": { "内容": "みやびハート＆ケアクリニック　訪問看護部【訪問看護】東京都中野区中央3-35-4ナビウス新中野1階EAST", "url": "https://www.kaigokensaku.mhlw.go.jp/13/index.php?action_kouhyou_detail_004_kani=true&JigyosyoCd=1311433135-00&ServiceCd=130&Type=search", "url2": "https://miyabi-heart.jp" }, "geometry": { "type": "Point", "coordinates": [ 139.671029500000031, 35.698172 ] } },
{ "type": "Feature", "properties": { "内容": "あけぼの訪問看護ステーション【訪問看護】東京都中野区新井2-6-5DSK情報センタービル1F", "url": "https://www.kaigokensaku.mhlw.go.jp/13/index.php?action_kouhyou_detail_004_kani=true&JigyosyoCd=1361490095-00&ServiceCd=130&Type=search", "url2": "http://www.caregate.co.jp/" }, "geometry": { "type": "Point", "coordinates": [ 139.664786071025077, 35.711457332812863 ] } },
{ "type": "Feature", "properties": { "内容": "社会医療法人社団健友会上高田訪問看護ステーション【訪問看護】東京都中野区上高田１－５０－７大川ビル１Ｆ", "url": "https://www.kaigokensaku.mhlw.go.jp/13/index.php?action_kouhyou_detail_004_kani=true&JigyosyoCd=1367191349-00&ServiceCd=130&Type=search", "url2": "http://www.kenyu-kai.or.jp" }, "geometry": { "type": "Point", "coordinates": [ 139.674020599999949, 35.7123066 ] } },
{ "type": "Feature", "properties": { "内容": "さわやかケア中野・訪問看護【訪問看護】東京都中野区中央１－１－３新都心中央ビル1階", "url": "https://www.kaigokensaku.mhlw.go.jp/13/index.php?action_kouhyou_detail_004_kani=true&JigyosyoCd=1367198393-00&ServiceCd=130&Type=search", "url2": "www.welcia-partners.co.jp" }, "geometry": { "type": "Point", "coordinates": [ 139.6866761, 35.6968143 ] } },
{ "type": "Feature", "properties": { "内容": "ルピナス訪問看護ステーション中野【訪問看護】東京都中野区本町5-10-1丸共第三ハイツ１F", "url": "https://www.kaigokensaku.mhlw.go.jp/13/index.php?action_kouhyou_detail_004_kani=true&JigyosyoCd=1361490467-00&ServiceCd=130&Type=search", "url2": "https://lupinus-nursing.com/company/nakano/" }, "geometry": { "type": "Point", "coordinates": [ 139.9896568, 35.7026433 ] } },
{ "type": "Feature", "properties": { "内容": "訪問看護ステーション　ホームケア　中野【訪問看護】東京都中野区東中野1-59-6信菱ビル5階", "url": "https://www.kaigokensaku.mhlw.go.jp/13/index.php?action_kouhyou_detail_004_kani=true&JigyosyoCd=1361490012-00&ServiceCd=130&Type=search", "url2": "https://www.millennia-corporation.jp/houmon/index.html" }, "geometry": { "type": "Point", "coordinates": [ 139.682834400000019, 35.70465210000004 ] } },
{ "type": "Feature", "properties": { "内容": "つくし訪問看護ステーション【訪問看護】東京都中野区白鷺２－１－２３ZOUマンション２０２", "url": "https://www.kaigokensaku.mhlw.go.jp/13/index.php?action_kouhyou_detail_004_kani=true&JigyosyoCd=1361490020-00&ServiceCd=130&Type=search", "url2": "http://hn-tukushi.com" }, "geometry": { "type": "Point", "coordinates": [ 139.635902576582339, 35.716776543517675 ] } },
{ "type": "Feature", "properties": { "内容": "ユースタイルケア中野訪問看護【訪問看護】東京都中野区東中野3-14-1グリーンビル8F", "url": "https://www.kaigokensaku.mhlw.go.jp/13/index.php?action_kouhyou_detail_004_kani=true&JigyosyoCd=1361490137-00&ServiceCd=130&Type=search", "url2": "http://eustylelab.co.jp/" }, "geometry": { "type": "Point", "coordinates": [ 139.68482, 35.696843899999983 ] } },
{ "type": "Feature", "properties": { "内容": "訪問看護ステーション　ホームケア　都立家政【訪問看護】東京都中野区若宮3-40-14", "url": "https://www.kaigokensaku.mhlw.go.jp/13/index.php?action_kouhyou_detail_004_kani=true&JigyosyoCd=1361490178-00&ServiceCd=130&Type=search", "url2": "https://www.millennia-corporation.jp/houmon/index.html" }, "geometry": { "type": "Point", "coordinates": [ 139.645583699999946, 35.7197665 ] } },
{ "type": "Feature", "properties": { "内容": "ひよこ訪問看護ステーション【訪問看護】東京都中野区松が丘2-3-5ペリエ中野201", "url": "https://www.kaigokensaku.mhlw.go.jp/13/index.php?action_kouhyou_detail_004_kani=true&JigyosyoCd=1361490210-00&ServiceCd=130&Type=search", "url2": "http://www.nakano-sato.org" }, "geometry": { "type": "Point", "coordinates": [ 139.669274078302294, 35.718745062357875 ] } },
{ "type": "Feature", "properties": { "内容": "リニエ訪問看護ステーション中野【訪問看護】東京都中野区東中野3-16-14小谷ビル301", "url": "https://www.kaigokensaku.mhlw.go.jp/13/index.php?action_kouhyou_detail_004_kani=true&JigyosyoCd=1361490228-00&ServiceCd=130&Type=search", "url2": "https://linie-group.jp/" }, "geometry": { "type": "Point", "coordinates": [ 139.681341292625007, 35.709312242195395 ] } },
{ "type": "Feature", "properties": { "内容": "医療法人社団泉樹会　訪問看護・リハビリステーション　だるま【訪問看護】東京都中野区鷺宮３－３－６ｼｭﾌﾟｰﾙ１階１A", "url": "https://www.kaigokensaku.mhlw.go.jp/13/index.php?action_kouhyou_detail_004_kani=true&JigyosyoCd=1361490269-00&ServiceCd=130&Type=search", "url2": "http://www.hc-nakano.com/" }, "geometry": { "type": "Point", "coordinates": [ 139.64261879999998, 35.7230673 ] } },
{ "type": "Feature", "properties": { "内容": "ソフィアメディ訪問看護ステーション中野新橋【訪問看護】東京都中野区本町4-8-1", "url": "https://www.kaigokensaku.mhlw.go.jp/13/index.php?action_kouhyou_detail_004_kani=true&JigyosyoCd=1361490277-00&ServiceCd=130&Type=search", "url2": null }, "geometry": { "type": "Point", "coordinates": [ 139.673406800000066, 35.6950277 ] } },
{ "type": "Feature", "properties": { "内容": "ソフィアメディ訪問看護ステーション野方【訪問看護】東京都中野区野方5-30-20三宅ビル２階", "url": "https://www.kaigokensaku.mhlw.go.jp/13/index.php?action_kouhyou_detail_004_kani=true&JigyosyoCd=1361490285-00&ServiceCd=130&Type=search", "url2": "https://www.sophiamedi.co.jp/" }, "geometry": { "type": "Point", "coordinates": [ 139.6523333, 35.7191632 ] } },
{ "type": "Feature", "properties": { "内容": "ひなた訪問看護ステーション中野【訪問看護】東京都中野区南台5－23－13アイル方南町502", "url": "https://www.kaigokensaku.mhlw.go.jp/13/index.php?action_kouhyou_detail_004_kani=true&JigyosyoCd=1361490343-00&ServiceCd=130&Type=search", "url2": null }, "geometry": { "type": "Point", "coordinates": [ 139.6625622, 35.6831537 ] } },
{ "type": "Feature", "properties": { "内容": "さくら訪問看護ステーション【訪問看護】東京都中野区沼袋2-20-12ファーストメゾン沼袋202", "url": "https://www.kaigokensaku.mhlw.go.jp/13/index.php?action_kouhyou_detail_004_kani=true&JigyosyoCd=1361490350-00&ServiceCd=130&Type=search", "url2": "https://sakura-nurse.net" }, "geometry": { "type": "Point", "coordinates": [ 139.665982666270452, 35.723801185389149 ] } },
{ "type": "Feature", "properties": { "内容": "訪問看護ステーションはな中野【訪問看護】東京都中野区東中野3-6-14鈴木ビル2階", "url": "https://www.kaigokensaku.mhlw.go.jp/13/index.php?action_kouhyou_detail_004_kani=true&JigyosyoCd=1361490384-00&ServiceCd=130&Type=search", "url2": "https://hana-gr.com/index.html" }, "geometry": { "type": "Point", "coordinates": [ 139.6817156, 35.70832870000001 ] } },
{ "type": "Feature", "properties": { "内容": "サルスケア訪問看護リハビリステーション【訪問看護】東京都中野区中野5-3-33KIマンション201号室", "url": "https://www.kaigokensaku.mhlw.go.jp/13/index.php?action_kouhyou_detail_004_kani=true&JigyosyoCd=1361490392-00&ServiceCd=130&Type=search", "url2": "http://salus-care-houmon.com" }, "geometry": { "type": "Point", "coordinates": [ 139.6724548, 35.7079447 ] } },
{ "type": "Feature", "properties": { "内容": "あすなろ訪問看護ステーション鷺宮【訪問看護】東京都中野区鷺宮3-18-5INビル2階", "url": "https://www.kaigokensaku.mhlw.go.jp/13/index.php?action_kouhyou_detail_004_kani=true&JigyosyoCd=1367197064-00&ServiceCd=130&Type=search", "url2": "https://asunaro-st.com" }, "geometry": { "type": "Point", "coordinates": [ 139.638760920237701, 35.723084255092544 ] } },
{ "type": "Feature", "properties": { "内容": "医療法人社団　中村診療所【訪問看護】東京都中野区本町5丁目39番2号", "url": "https://www.kaigokensaku.mhlw.go.jp/13/index.php?action_kouhyou_detail_004_kani=true&JigyosyoCd=1311429224-00&ServiceCd=130&Type=search", "url2": null }, "geometry": { "type": "Point", "coordinates": [ 139.66858579999996, 35.6920226 ] } },
{ "type": "Feature", "properties": { "内容": "ケアプロ訪問看護ステーション東京【訪問看護】東京都中野区中央4-25-14中央ハウスA2", "url": "https://www.kaigokensaku.mhlw.go.jp/13/index.php?action_kouhyou_detail_004_kani=true&JigyosyoCd=1361390048-00&ServiceCd=130&Type=search", "url2": "https://carepro-hmc.co.jp/" }, "geometry": { "type": "Point", "coordinates": [ 139.667954900000041, 35.700768799999985 ] } },
{ "type": "Feature", "properties": { "内容": "なごみ訪問看護ステーション【訪問看護】東京都中野区野方１－２９－４竹内ビル１階", "url": "https://www.kaigokensaku.mhlw.go.jp/13/index.php?action_kouhyou_detail_004_kani=true&JigyosyoCd=1361490053-00&ServiceCd=130&Type=search", "url2": "https://nagomizaitaku.jp" }, "geometry": { "type": "Point", "coordinates": [ 139.658086609787006, 35.709935444187629 ] } },
{ "type": "Feature", "properties": { "内容": "訪問看護ステーションリライブ【訪問看護】東京都中野区東中野4-23-3サングロウ100号", "url": "https://www.kaigokensaku.mhlw.go.jp/13/index.php?action_kouhyou_detail_004_kani=true&JigyosyoCd=1361490152-00&ServiceCd=130&Type=search", "url2": "http://relive-st.com/" }, "geometry": { "type": "Point", "coordinates": [ 139.687200903041088, 35.709363723618779 ] } },
{ "type": "Feature", "properties": { "内容": "ケアサポートMANA【訪問看護】東京都中野区本町6-35-15S&Iレジデンス本町101", "url": "https://www.kaigokensaku.mhlw.go.jp/13/index.php?action_kouhyou_detail_004_kani=true&JigyosyoCd=1361490244-00&ServiceCd=130&Type=search", "url2": "https://mana-support.com" }, "geometry": { "type": "Point", "coordinates": [ 139.662670406045549, 35.697295667160638 ] } },
{ "type": "Feature", "properties": { "内容": "Leaケア訪問看護ステーション【訪問看護】東京都中野区南台1-3-8第8新栄ビル101", "url": "https://www.kaigokensaku.mhlw.go.jp/13/index.php?action_kouhyou_detail_004_kani=true&JigyosyoCd=1361490434-00&ServiceCd=130&Type=search", "url2": "http://hp.kaipoke.biz/98g/" }, "geometry": { "type": "Point", "coordinates": [ 139.676236800000027, 35.6868846 ] } },
{ "type": "Feature", "properties": { "内容": "中野区医師会訪問看護ステーション【訪問看護】東京都中野区中野2-27-17", "url": "https://www.kaigokensaku.mhlw.go.jp/13/index.php?action_kouhyou_detail_004_kani=true&JigyosyoCd=1367191299-00&ServiceCd=130&Type=search", "url2": "http://www.nakano-med.or.jp/" }, "geometry": { "type": "Point", "coordinates": [ 139.6661937, 35.7038378 ] } },
{ "type": "Feature", "properties": { "内容": "新渡戸記念訪問看護ステーション【訪問看護】東京都中野区中野２－２１－１７東京医療別館３階", "url": "https://www.kaigokensaku.mhlw.go.jp/13/index.php?action_kouhyou_detail_004_kani=true&JigyosyoCd=1367192149-00&ServiceCd=130&Type=search", "url2": "http://www.nakanosogo.or.jp/outline/facilities/visitnursing.html" }, "geometry": { "type": "Point", "coordinates": [ 139.667440899999974, 35.7034462 ] } },
{ "type": "Feature", "properties": { "内容": "サンウェルズ中野白鷺訪問看護ステーション【訪問看護】東京都中野区白鷺二丁目14番12号", "url": "https://www.kaigokensaku.mhlw.go.jp/13/index.php?action_kouhyou_detail_004_kani=true&JigyosyoCd=1361490475-00&ServiceCd=130&Type=search", "url2": "https://sunwels.jp/pdh/facility/pdhouse-nakanoshirasagi/" }, "geometry": { "type": "Point", "coordinates": [ 139.631691100000012, 35.718136 ] } },
{ "type": "Feature", "properties": { "内容": "カリス訪問看護ステーション【訪問看護】東京都中野区中野2-29-15サンハイツ中野808", "url": "https://www.kaigokensaku.mhlw.go.jp/13/index.php?action_kouhyou_detail_004_kani=true&JigyosyoCd=1361490418-00&ServiceCd=130&Type=search", "url2": "https://charis-houkan.co.jp/" }, "geometry": { "type": "Point", "coordinates": [ 139.6658167, 35.7036795 ] } },
{ "type": "Feature", "properties": { "内容": "訪問看護ステーション　デューン高円寺【訪問看護】東京都杉並区高円寺南4-40-17モンコトー２階", "url": "https://www.kaigokensaku.mhlw.go.jp/13/index.php?action_kouhyou_detail_004_kani=true&JigyosyoCd=1361590522-00&ServiceCd=130&Type=search", "url2": null }, "geometry": { "type": "Point", "coordinates": [ 139.65244180000002, 35.7052262 ] } },
{ "type": "Feature", "properties": { "内容": "ソフィアメディ訪問看護ステーション下井草【訪問看護】東京都杉並区下井草2-19-19", "url": "https://www.kaigokensaku.mhlw.go.jp/13/index.php?action_kouhyou_detail_004_kani=true&JigyosyoCd=1361590605-00&ServiceCd=130&Type=search", "url2": "http://www.sophiamedi.co.jp/" }, "geometry": { "type": "Point", "coordinates": [ 139.630614900000012, 35.7204424 ] } },
{ "type": "Feature", "properties": { "内容": "アート訪問看護センター【訪問看護】東京都杉並区梅里1-21-8", "url": "https://www.kaigokensaku.mhlw.go.jp/13/index.php?action_kouhyou_detail_004_kani=true&JigyosyoCd=1361590720-00&ServiceCd=130&Type=search", "url2": "https://kindness-art.jp" }, "geometry": { "type": "Point", "coordinates": [ 139.652794317791006, 35.69757162526772 ] } },
{ "type": "Feature", "properties": { "内容": "ＣＢ訪問看護リハビリステーション井荻【訪問看護】東京都杉並区井草4丁目8番14号", "url": "https://www.kaigokensaku.mhlw.go.jp/13/index.php?action_kouhyou_detail_004_kani=true&JigyosyoCd=1361590696-00&ServiceCd=130&Type=search", "url2": "https://cb-houmonkango.com/" }, "geometry": { "type": "Point", "coordinates": [ 139.611290300000036, 35.72638180000002 ] } },
{ "type": "Feature", "properties": { "内容": "医心館訪問看護ステーション西永福【訪問看護】東京都杉並区永福三丁目21番13号", "url": "https://www.kaigokensaku.mhlw.go.jp/13/index.php?action_kouhyou_detail_004_kani=true&JigyosyoCd=1361590902-00&ServiceCd=130&Type=search", "url2": null }, "geometry": { "type": "Point", "coordinates": [ 139.634948, 35.675973 ] } },
{ "type": "Feature", "properties": { "内容": "訪問看護ファミリー・ホスピス002【訪問看護】東京都杉並区松庵２丁目１５番１２号", "url": "https://www.kaigokensaku.mhlw.go.jp/13/index.php?action_kouhyou_detail_004_kani=true&JigyosyoCd=1361590936-00&ServiceCd=130&Type=search", "url2": null }, "geometry": { "type": "Point", "coordinates": [ 139.5947011, 35.6978981 ] } },
{ "type": "Feature", "properties": { "内容": "杉並ふくろう訪問看護リハビリステーション【訪問看護】東京都杉並区和泉3-41-6", "url": "https://www.kaigokensaku.mhlw.go.jp/13/index.php?action_kouhyou_detail_004_kani=true&JigyosyoCd=1361590951-00&ServiceCd=130&Type=search", "url2": "http://fukurou-houmon.net" }, "geometry": { "type": "Point", "coordinates": [ 139.6436649, 35.6812653 ] } },
{ "type": "Feature", "properties": { "内容": "訪問看護ステーション　リヤンド荻窪【訪問看護】東京都杉並区天沼2-3-16", "url": "https://www.kaigokensaku.mhlw.go.jp/13/index.php?action_kouhyou_detail_004_kani=true&JigyosyoCd=1361590969-00&ServiceCd=130&Type=search", "url2": "https://liende-kizuna.jp/ogikubo/service/visiting-nurse-home-care-service/" }, "geometry": { "type": "Point", "coordinates": [ 139.624496284655777, 35.70550473822982 ] } },
{ "type": "Feature", "properties": { "内容": "ソラーナ訪問看護ステーション【訪問看護】東京都杉並区下井草4丁目32-17第二陵雲閣304号室", "url": "https://www.kaigokensaku.mhlw.go.jp/13/index.php?action_kouhyou_detail_004_kani=true&JigyosyoCd=1361590985-00&ServiceCd=130&Type=search", "url2": "https://www.solanamedics.com/" }, "geometry": { "type": "Point", "coordinates": [ 139.621083299999981, 35.7237531 ] } },
{ "type": "Feature", "properties": { "内容": "社会福祉法人浴風会　浴風会病院【訪問看護】東京都杉並区高井戸西1-12-1", "url": "https://www.kaigokensaku.mhlw.go.jp/13/index.php?action_kouhyou_detail_004_kani=true&JigyosyoCd=1311514983-00&ServiceCd=130&Type=search", "url2": "http://www.yokufu-hp.jp/" }, "geometry": { "type": "Point", "coordinates": [ 139.609212690074173, 35.680508507858981 ] } },
{ "type": "Feature", "properties": { "内容": "訪問看護ステーション　山河【訪問看護】東京都杉並区高井戸東3-30-13", "url": "https://www.kaigokensaku.mhlw.go.jp/13/index.php?action_kouhyou_detail_004_kani=true&JigyosyoCd=1361590621-00&ServiceCd=130&Type=search", "url2": null }, "geometry": { "type": "Point", "coordinates": [ 139.618274899999989, 35.6869352 ] } },
{ "type": "Feature", "properties": { "内容": "ハートリハ訪問看護ステーション久我山【訪問看護】東京都杉並区久我山2-16-19メゾンドフローラ103", "url": "https://www.kaigokensaku.mhlw.go.jp/13/index.php?action_kouhyou_detail_004_kani=true&JigyosyoCd=1361591009-00&ServiceCd=130&Type=search", "url2": "https://heart-reha.co.jp/" }, "geometry": { "type": "Point", "coordinates": [ 139.599986800000011, 35.6866442 ] } },
{ "type": "Feature", "properties": { "内容": "訪問看護ステーション　コルディアーレ杉並【訪問看護】東京都杉並区方南2-12-32LSメゾン３F301号室", "url": "https://www.kaigokensaku.mhlw.go.jp/13/index.php?action_kouhyou_detail_004_kani=true&JigyosyoCd=1361590993-00&ServiceCd=130&Type=search", "url2": null }, "geometry": { "type": "Point", "coordinates": [ 139.6580133, 35.6822928 ] } },
{ "type": "Feature", "properties": { "内容": "ゆり訪問看護ステーション【訪問看護】東京都杉並区上井草3-19-18フォルム上井草207", "url": "https://www.kaigokensaku.mhlw.go.jp/13/index.php?action_kouhyou_detail_004_kani=true&JigyosyoCd=1361591017-00&ServiceCd=130&Type=search", "url2": null }, "geometry": { "type": "Point", "coordinates": [ 139.6038964, 35.7222108 ] } },
{ "type": "Feature", "properties": { "内容": "あおい訪問看護ステーション【訪問看護】東京都杉並区高井戸東3-17-18", "url": "https://www.kaigokensaku.mhlw.go.jp/13/index.php?action_kouhyou_detail_004_kani=true&JigyosyoCd=1361590100-00&ServiceCd=130&Type=search", "url2": "http://aoi-yandu.co.jp" }, "geometry": { "type": "Point", "coordinates": [ 139.621360139033612, 35.684626967246395 ] } },
{ "type": "Feature", "properties": { "内容": "笑生訪問看護ステーション【訪問看護】東京都杉並区西荻南３－７－２", "url": "https://www.kaigokensaku.mhlw.go.jp/13/index.php?action_kouhyou_detail_004_kani=true&JigyosyoCd=1361590118-00&ServiceCd=130&Type=search", "url2": "https://shosei-tera.co.jp/" }, "geometry": { "type": "Point", "coordinates": [ 139.601133376721236, 35.70210816889611 ] } },
{ "type": "Feature", "properties": { "内容": "ケィズリハビリ訪問看護ステーション【訪問看護】東京都杉並区上荻1丁目18-16亀屋酒販第1ビル501号", "url": "https://www.kaigokensaku.mhlw.go.jp/13/index.php?action_kouhyou_detail_004_kani=true&JigyosyoCd=1361590217-00&ServiceCd=130&Type=search", "url2": "https://www.ks-reha.com" }, "geometry": { "type": "Point", "coordinates": [ 139.618294936245746, 35.705979799556331 ] } },
{ "type": "Feature", "properties": { "内容": "シーエルポート杉並【訪問看護】東京都杉並区宮前４－１－２３プレミアムスペース富士見ヶ丘　１０２", "url": "https://www.kaigokensaku.mhlw.go.jp/13/index.php?action_kouhyou_detail_004_kani=true&JigyosyoCd=1361590274-00&ServiceCd=130&Type=search", "url2": "http://www.goodtimehome.com/suginami/" }, "geometry": { "type": "Point", "coordinates": [ 139.608545455819694, 35.689139155522732 ] } },
{ "type": "Feature", "properties": { "内容": "エフリオ訪問看護ステーション【訪問看護】東京都杉並区阿佐谷北2-14-5大坂やビル1階", "url": "https://www.kaigokensaku.mhlw.go.jp/13/index.php?action_kouhyou_detail_004_kani=true&JigyosyoCd=1361590316-00&ServiceCd=130&Type=search", "url2": "http://f-reo.jp" }, "geometry": { "type": "Point", "coordinates": [ 139.63627759347753, 35.706098694885405 ] } },
{ "type": "Feature", "properties": { "内容": "スギコー訪問看護ステーション【訪問看護】東京都杉並区高井戸東3-18-7杉交第２ビル　201・202", "url": "https://www.kaigokensaku.mhlw.go.jp/13/index.php?action_kouhyou_detail_004_kani=true&JigyosyoCd=1361590407-00&ServiceCd=130&Type=search", "url2": "https://sugiko-welfare.com/" }, "geometry": { "type": "Point", "coordinates": [ 139.6215952, 35.6855975 ] } },
{ "type": "Feature", "properties": { "内容": "トータルライフケア新中野訪問看護ステーション【訪問看護】東京都杉並区和田1-29-11", "url": "https://www.kaigokensaku.mhlw.go.jp/13/index.php?action_kouhyou_detail_004_kani=true&JigyosyoCd=1361590456-00&ServiceCd=130&Type=search", "url2": "https://www.ikiikitlc.co.jp/" }, "geometry": { "type": "Point", "coordinates": [ 139.665532946627081, 35.692173355655513 ] } },
{ "type": "Feature", "properties": { "内容": "セントケア訪問看護ステーション西荻【訪問看護】東京都杉並区西荻南3-22-9エクセリア西荻窪２－A", "url": "https://www.kaigokensaku.mhlw.go.jp/13/index.php?action_kouhyou_detail_004_kani=true&JigyosyoCd=1361590555-00&ServiceCd=130&Type=search", "url2": "http://saintcare-tokyo.com" }, "geometry": { "type": "Point", "coordinates": [ 139.600859300000025, 35.7047701 ] } },
{ "type": "Feature", "properties": { "内容": "ウォームハート訪問看護ステーション【訪問看護】東京都杉並区上井草3-17-24", "url": "https://www.kaigokensaku.mhlw.go.jp/13/index.php?action_kouhyou_detail_004_kani=true&JigyosyoCd=1361590647-00&ServiceCd=130&Type=search", "url2": "http://www.coolhead.co.jp" }, "geometry": { "type": "Point", "coordinates": [ 139.605300200000016, 35.720834899999986 ] } },
{ "type": "Feature", "properties": { "内容": "セントケアDX訪問看護ステーション高円寺【訪問看護】東京都杉並区高円寺北4-32-4カーサベルテ301号", "url": "https://www.kaigokensaku.mhlw.go.jp/13/index.php?action_kouhyou_detail_004_kani=true&JigyosyoCd=1361590803-00&ServiceCd=130&Type=search", "url2": "https://www.saint-care.com/dx/" }, "geometry": { "type": "Point", "coordinates": [ 139.645437288486164, 35.708975076046606 ] } },
{ "type": "Feature", "properties": { "内容": "セントケアDX訪問看護ステーション堀ノ内【訪問看護】東京都杉並区堀ノ内1-10-2堀ノ内GALAXY4A", "url": "https://www.kaigokensaku.mhlw.go.jp/13/index.php?action_kouhyou_detail_004_kani=true&JigyosyoCd=1361590852-00&ServiceCd=130&Type=search", "url2": "https://www.saint-care.com/dx/" }, "geometry": { "type": "Point", "coordinates": [ 139.651092473541269, 35.682727173950248 ] } },
{ "type": "Feature", "properties": { "内容": "トータルライフケア杉並訪問看護ステーション【訪問看護】東京都杉並区清水3-31-10yashimaビル2F", "url": "https://www.kaigokensaku.mhlw.go.jp/13/index.php?action_kouhyou_detail_004_kani=true&JigyosyoCd=1361590860-00&ServiceCd=130&Type=search", "url2": "https://www.ikiikitlc.co.jp/" }, "geometry": { "type": "Point", "coordinates": [ 139.614339038623058, 35.718821468042499 ] } },
{ "type": "Feature", "properties": { "内容": "河北訪問看護・リハビリステーション阿佐谷【訪問看護】東京都杉並区阿佐谷南１－１６－８ISMASAGAYA　6階", "url": "https://www.kaigokensaku.mhlw.go.jp/13/index.php?action_kouhyou_detail_004_kani=true&JigyosyoCd=1367191232-00&ServiceCd=130&Type=search", "url2": "https://kawakita.or.jp/suginami-area/station/" }, "geometry": { "type": "Point", "coordinates": [ 139.63591838172573, 35.700597630755176 ] } },
{ "type": "Feature", "properties": { "内容": "野﨑クリニック訪問看護ステーション【訪問看護】東京都杉並区阿佐谷南3-37-13大同ビル2階", "url": "https://www.kaigokensaku.mhlw.go.jp/13/index.php?action_kouhyou_detail_004_kani=true&JigyosyoCd=1367191794-00&ServiceCd=130&Type=search", "url2": "http://www.nozaki-clinic.or.jp" }, "geometry": { "type": "Point", "coordinates": [ 139.635671099999968, 35.7045652 ] } },
{ "type": "Feature", "properties": { "内容": "すぎなみ中央訪問看護ステーション【訪問看護】東京都杉並区梅里2-21-1日新ビル１階", "url": "https://www.kaigokensaku.mhlw.go.jp/13/index.php?action_kouhyou_detail_004_kani=true&JigyosyoCd=1367192867-00&ServiceCd=130&Type=search", "url2": "http://www.seibu.coop" }, "geometry": { "type": "Point", "coordinates": [ 139.642963909227348, 35.695043896389755 ] } },
{ "type": "Feature", "properties": { "内容": "杉並区医師会訪問看護ステーション【訪問看護】東京都杉並区天沼3-19-14ﾌｪﾆｯｸｽ杉並1F", "url": "https://www.kaigokensaku.mhlw.go.jp/13/index.php?action_kouhyou_detail_004_kani=true&JigyosyoCd=1367193600-00&ServiceCd=130&Type=search", "url2": "http://www.sgn.tokyo.med.or.jp" }, "geometry": { "type": "Point", "coordinates": [ 139.620512907409676, 35.710183985880562 ] } },
{ "type": "Feature", "properties": { "内容": "越川病院訪問看護ステーション【訪問看護】東京都杉並区上井草4-5-272階", "url": "https://www.kaigokensaku.mhlw.go.jp/13/index.php?action_kouhyou_detail_004_kani=true&JigyosyoCd=1367197916-00&ServiceCd=130&Type=search", "url2": "http://www.koshikawa-hosp.or.jp" }, "geometry": { "type": "Point", "coordinates": [ 139.595820880117799, 35.717501955067448 ] } },
{ "type": "Feature", "properties": { "内容": "セコム訪問看護ステーションくがやま【訪問看護】東京都杉並区久我山3-1-30", "url": "https://www.kaigokensaku.mhlw.go.jp/13/index.php?action_kouhyou_detail_004_kani=true&JigyosyoCd=1361590159-00&ServiceCd=130&Type=search", "url2": null }, "geometry": { "type": "Point", "coordinates": [ 139.598216800000046, 35.6842774 ] } },
{ "type": "Feature", "properties": { "内容": "西荻南訪問看護ステーション【訪問看護】東京都杉並区西荻南4-2-7西荻窪診療所２F", "url": "https://www.kaigokensaku.mhlw.go.jp/13/index.php?action_kouhyou_detail_004_kani=true&JigyosyoCd=1367192693-00&ServiceCd=130&Type=search", "url2": "http://www.kenyu-kai.or.jp/" }, "geometry": { "type": "Point", "coordinates": [ 139.604748603759958, 35.699544318767224 ] } },
{ "type": "Feature", "properties": { "内容": "ガイア訪問看護ステーション荻窪【訪問看護】東京都杉並区荻窪4-31-11中田ビル201", "url": "https://www.kaigokensaku.mhlw.go.jp/13/index.php?action_kouhyou_detail_004_kani=true&JigyosyoCd=1361590258-00&ServiceCd=130&Type=search", "url2": "http://www.gaia-medicare.jp/" }, "geometry": { "type": "Point", "coordinates": [ 139.622961981974299, 35.704285073604972 ] } },
{ "type": "Feature", "properties": { "内容": "メディケアーズ訪問看護リハビリステーション高井戸【訪問看護】東京都杉並区高井戸西2-10-7新川ビル2F-2", "url": "https://www.kaigokensaku.mhlw.go.jp/13/index.php?action_kouhyou_detail_004_kani=true&JigyosyoCd=1361590266-00&ServiceCd=130&Type=search", "url2": "http://www.hpm86.com/" }, "geometry": { "type": "Point", "coordinates": [ 139.608225536719829, 35.685136121733592 ] } },
{ "type": "Feature", "properties": { "内容": "プライム訪問看護リハビリステーション【訪問看護】東京都杉並区荻窪5-11-22榎本ビル4F", "url": "https://www.kaigokensaku.mhlw.go.jp/13/index.php?action_kouhyou_detail_004_kani=true&JigyosyoCd=1361590290-00&ServiceCd=130&Type=search", "url2": "http://nsf.co.jp/" }, "geometry": { "type": "Point", "coordinates": [ 139.6174701, 35.7022153 ] } },
{ "type": "Feature", "properties": { "内容": "リハラボ訪問看護リハビリステーション【訪問看護】東京都杉並区和田3-31-15ﾊﾟｲﾛｯﾄﾊｳｽ101", "url": "https://www.kaigokensaku.mhlw.go.jp/13/index.php?action_kouhyou_detail_004_kani=true&JigyosyoCd=1361590357-00&ServiceCd=130&Type=search", "url2": "https://www.rehalabo.co.jp" }, "geometry": { "type": "Point", "coordinates": [ 139.655132900000012, 35.6950872 ] } },
{ "type": "Feature", "properties": { "内容": "ふじ訪問看護ステーション【訪問看護】東京都杉並区阿佐谷北4-9-1山本ビル1階", "url": "https://www.kaigokensaku.mhlw.go.jp/13/index.php?action_kouhyou_detail_004_kani=true&JigyosyoCd=1361590365-00&ServiceCd=130&Type=search", "url2": null }, "geometry": { "type": "Point", "coordinates": [ 139.634998799999948, 35.7113561 ] } },
{ "type": "Feature", "properties": { "内容": "ののはな訪問看護ステーション【訪問看護】東京都杉並区上井草4-24-3", "url": "https://www.kaigokensaku.mhlw.go.jp/13/index.php?action_kouhyou_detail_004_kani=true&JigyosyoCd=1361590415-00&ServiceCd=130&Type=search", "url2": "https://www.nonohanahoukan.com" }, "geometry": { "type": "Point", "coordinates": [ 139.597854228836042, 35.721278096194048 ] } },
{ "type": "Feature", "properties": { "内容": "オラロア訪問看護リハビリステーション新高円寺【訪問看護】東京都杉並区梅里1-7-17Ｋ＆Ⅱビル４０１", "url": "https://www.kaigokensaku.mhlw.go.jp/13/index.php?action_kouhyou_detail_004_kani=true&JigyosyoCd=1361590498-00&ServiceCd=130&Type=search", "url2": "http://yasuragi-0703.co.jp/" }, "geometry": { "type": "Point", "coordinates": [ 139.649277501656371, 35.697671353564168 ] } },
{ "type": "Feature", "properties": { "内容": "ソフィアメディ訪問看護ステーション阿佐ヶ谷【訪問看護】東京都杉並区成田東5-40-10ソレイユビル3階", "url": "https://www.kaigokensaku.mhlw.go.jp/13/index.php?action_kouhyou_detail_004_kani=true&JigyosyoCd=1361590530-00&ServiceCd=130&Type=search", "url2": "https://www.sophiamedi.co.jp/" }, "geometry": { "type": "Point", "coordinates": [ 139.634861699999959, 35.699533 ] } },
{ "type": "Feature", "properties": { "内容": "いたる訪問看護ステーション【訪問看護】東京都杉並区上荻１－１２－１荻窪ビルＣ号室", "url": "https://www.kaigokensaku.mhlw.go.jp/13/index.php?action_kouhyou_detail_004_kani=true&JigyosyoCd=1361590548-00&ServiceCd=130&Type=search", "url2": "http://www.itarucenter.com" }, "geometry": { "type": "Point", "coordinates": [ 139.617291980308437, 35.704776263996926 ] } },
{ "type": "Feature", "properties": { "内容": "ソフィアメディ訪問看護ステーション永福【訪問看護】東京都杉並区永福4-6-13アメニティーコート２F", "url": "https://www.kaigokensaku.mhlw.go.jp/13/index.php?action_kouhyou_detail_004_kani=true&JigyosyoCd=1361590563-00&ServiceCd=130&Type=search", "url2": "https://www.sophiamedi.co.jp/" }, "geometry": { "type": "Point", "coordinates": [ 139.6425213, 35.6777509 ] } },
{ "type": "Feature", "properties": { "内容": "ソフィアメディ訪問看護ステーション西荻窪【訪問看護】東京都杉並区松庵2-13-33VILLAMARRONNIERE1階", "url": "https://www.kaigokensaku.mhlw.go.jp/13/index.php?action_kouhyou_detail_004_kani=true&JigyosyoCd=1361590571-00&ServiceCd=130&Type=search", "url2": "http://www.sophiamedi.co.jp/" }, "geometry": { "type": "Point", "coordinates": [ 139.595453408598388, 35.69775857312441 ] } },
{ "type": "Feature", "properties": { "内容": "ぱんだ訪問看護リハビリステーション【訪問看護】東京都杉並区西荻北２－１－３シャトルマンション１０２", "url": "https://www.kaigokensaku.mhlw.go.jp/13/index.php?action_kouhyou_detail_004_kani=true&JigyosyoCd=1361590589-00&ServiceCd=130&Type=search", "url2": "https://nr.panda-gr.com/" }, "geometry": { "type": "Point", "coordinates": [ 139.603488800000036, 35.7040806 ] } },
{ "type": "Feature", "properties": { "内容": "ホウカンTOKYO【訪問看護】東京都杉並区和田３−３２−９", "url": "https://www.kaigokensaku.mhlw.go.jp/13/index.php?action_kouhyou_detail_004_kani=true&JigyosyoCd=1361590654-00&ServiceCd=130&Type=search", "url2": "https://hokantokyo.jp/station/" }, "geometry": { "type": "Point", "coordinates": [ 139.655774900000011, 35.6959503 ] } },
{ "type": "Feature", "properties": { "内容": "野いちご訪問看護ステーション【訪問看護】東京都杉並区下井草3-8-5", "url": "https://www.kaigokensaku.mhlw.go.jp/13/index.php?action_kouhyou_detail_004_kani=true&JigyosyoCd=1361590662-00&ServiceCd=130&Type=search", "url2": "https://www.kisaku2020.co.jp" }, "geometry": { "type": "Point", "coordinates": [ 139.622811626983633, 35.717967710747757 ] } },
{ "type": "Feature", "properties": { "内容": "PIECE訪問看護ステーション【訪問看護】東京都杉並区方南1-13-8", "url": "https://www.kaigokensaku.mhlw.go.jp/13/index.php?action_kouhyou_detail_004_kani=true&JigyosyoCd=1361590761-00&ServiceCd=130&Type=search", "url2": "https://piece-houkan.jp/" }, "geometry": { "type": "Point", "coordinates": [ 139.662028704938535, 35.676223215467644 ] } },
{ "type": "Feature", "properties": { "内容": "訪問看護ステーションはな荻窪【訪問看護】東京都杉並区荻窪4-11-16ドミシール荻窪101", "url": "https://www.kaigokensaku.mhlw.go.jp/13/index.php?action_kouhyou_detail_004_kani=true&JigyosyoCd=1361590787-00&ServiceCd=130&Type=search", "url2": "https://hana-gr.com" }, "geometry": { "type": "Point", "coordinates": [ 139.619913099999962, 35.7013934 ] } },
{ "type": "Feature", "properties": { "内容": "Nana訪問看護ステーション下井草【訪問看護】東京都杉並区下井草1-27-3トリコロール3号室", "url": "https://www.kaigokensaku.mhlw.go.jp/13/index.php?action_kouhyou_detail_004_kani=true&JigyosyoCd=1361590829-00&ServiceCd=130&Type=search", "url2": "https://nana-station.com/" }, "geometry": { "type": "Point", "coordinates": [ 139.631959699999982, 35.717286899999976 ] } },
{ "type": "Feature", "properties": { "内容": "グラン訪問看護TOKYO【訪問看護】東京都杉並区上井草1-22-17浅賀マンション210号室", "url": "https://www.kaigokensaku.mhlw.go.jp/13/index.php?action_kouhyou_detail_004_kani=true&JigyosyoCd=1361590845-00&ServiceCd=130&Type=search", "url2": "https://grandtokyo.wixsite.com/houmonnstation" }, "geometry": { "type": "Point", "coordinates": [ 139.613355500000011, 35.7232511 ] } },
{ "type": "Feature", "properties": { "内容": "あいず訪問看護ステーション荻窪【訪問看護】東京都杉並区荻窪5-14-4荻窪武蔵野マンション104", "url": "https://www.kaigokensaku.mhlw.go.jp/13/index.php?action_kouhyou_detail_004_kani=true&JigyosyoCd=1361590878-00&ServiceCd=130&Type=search", "url2": "https://www.aizu-company.co.jp" }, "geometry": { "type": "Point", "coordinates": [ 139.6168807, 35.7031704 ] } },
{ "type": "Feature", "properties": { "内容": "荻窪病院訪問看護ステーション【訪問看護】東京都杉並区今川2-5-7サニーヒルズ荻窪301号", "url": "https://www.kaigokensaku.mhlw.go.jp/13/index.php?action_kouhyou_detail_004_kani=true&JigyosyoCd=1367193337-00&ServiceCd=130&Type=search", "url2": "https://houkan.ogikubo-hospital.or.jp/" }, "geometry": { "type": "Point", "coordinates": [ 139.60804, 35.715107900000042 ] } },
{ "type": "Feature", "properties": { "内容": "訪問看護ステーション　ほたるすぎなみ【訪問看護】東京都杉並区上井草1-22-17浅賀マンション107", "url": "https://www.kaigokensaku.mhlw.go.jp/13/index.php?action_kouhyou_detail_004_kani=true&JigyosyoCd=1367197403-00&ServiceCd=130&Type=search", "url2": "http://www.generous.co.jp" }, "geometry": { "type": "Point", "coordinates": [ 139.613387652320966, 35.723243892568568 ] } },
{ "type": "Feature", "properties": { "内容": "東京衛生病院訪問看護ステーション【訪問看護】東京都杉並区天沼3-17-15バンビ3F", "url": "https://www.kaigokensaku.mhlw.go.jp/13/index.php?action_kouhyou_detail_004_kani=true&JigyosyoCd=1367198328-00&ServiceCd=130&Type=search", "url2": "http://www.tokyoeisei.com" }, "geometry": { "type": "Point", "coordinates": [ 139.619216899999969, 35.7091951 ] } },
{ "type": "Feature", "properties": { "内容": "りんご訪問看護ステーション【訪問看護】東京都杉並区今川２－２４－１カリフール今川１－１０４", "url": "https://www.kaigokensaku.mhlw.go.jp/13/index.php?action_kouhyou_detail_004_kani=true&JigyosyoCd=1361590167-00&ServiceCd=130&Type=search", "url2": "https://www.ringo-synapse.com" }, "geometry": { "type": "Point", "coordinates": [ 139.610384980426034, 35.718667706031759 ] } },
{ "type": "Feature", "properties": { "内容": "訪問看護ステーション　ユアネーム【訪問看護】東京都杉並区荻窪３丁目４１番１９号", "url": "https://www.kaigokensaku.mhlw.go.jp/13/index.php?action_kouhyou_detail_004_kani=true&JigyosyoCd=1361590464-00&ServiceCd=130&Type=search", "url2": "https://yournameog.web.fc2.com/" }, "geometry": { "type": "Point", "coordinates": [ 139.626983706745904, 35.701097656295687 ] } },
{ "type": "Feature", "properties": { "内容": "太陽訪問看護ステーション【訪問看護】東京都杉並区宮前5-19-10", "url": "https://www.kaigokensaku.mhlw.go.jp/13/index.php?action_kouhyou_detail_004_kani=true&JigyosyoCd=1361590480-00&ServiceCd=130&Type=search", "url2": "http://mcsyamanaka.co.jp" }, "geometry": { "type": "Point", "coordinates": [ 139.601353433348919, 35.695049000389538 ] } },
{ "type": "Feature", "properties": { "内容": "フローラル訪問看護ステーション【訪問看護】東京都杉並区上高井戸1-1-10カメリアガーデン303", "url": "https://www.kaigokensaku.mhlw.go.jp/13/index.php?action_kouhyou_detail_004_kani=true&JigyosyoCd=1361590514-00&ServiceCd=130&Type=search", "url2": "https://www.is-geny.com/" }, "geometry": { "type": "Point", "coordinates": [ 139.615790699999934, 35.6695293 ] } },
{ "type": "Feature", "properties": { "内容": "ツクイ杉並訪問看護ステーション【訪問看護】東京都杉並区阿佐谷北1-43-13AIビル3F", "url": "https://www.kaigokensaku.mhlw.go.jp/13/index.php?action_kouhyou_detail_004_kani=true&JigyosyoCd=1361590837-00&ServiceCd=130&Type=search", "url2": null }, "geometry": { "type": "Point", "coordinates": [ 139.6353664, 35.7094735 ] } },
{ "type": "Feature", "properties": { "内容": "医心館訪問看護ステーション西荻窪【訪問看護】東京都杉並区松庵三丁目24番18号", "url": "https://www.kaigokensaku.mhlw.go.jp/13/index.php?action_kouhyou_detail_004_kani=true&JigyosyoCd=1361590894-00&ServiceCd=130&Type=search", "url2": null }, "geometry": { "type": "Point", "coordinates": [ 139.59636, 35.7029975 ] } },
{ "type": "Feature", "properties": { "内容": "ぴゅあ訪問看護リハビリステーション高円寺【訪問看護】東京都杉並区高円寺南4-27-7ラインビルド高円寺・林403", "url": "https://www.kaigokensaku.mhlw.go.jp/13/index.php?action_kouhyou_detail_004_kani=true&JigyosyoCd=1361590928-00&ServiceCd=130&Type=search", "url2": "https://halka-pure.com/" }, "geometry": { "type": "Point", "coordinates": [ 139.649872199999976, 35.7044267 ] } },
{ "type": "Feature", "properties": { "内容": "アテニティ訪問看護　久我山【訪問看護】東京都杉並区宮前4-30-3", "url": "https://www.kaigokensaku.mhlw.go.jp/13/index.php?action_kouhyou_detail_004_kani=true&JigyosyoCd=1361591025-00&ServiceCd=130&Type=search", "url2": "https://attenity.jp/nurshome/kugayama/" }, "geometry": { "type": "Point", "coordinates": [ 139.605102100000011, 35.6931819 ] } },
{ "type": "Feature", "properties": { "内容": "ローズ訪問看護ステーション【訪問看護】東京都杉並区高円寺南2丁目46番16号　第八シュヴェルニー101第八シュヴェルニー101", "url": "https://www.kaigokensaku.mhlw.go.jp/13/index.php?action_kouhyou_detail_004_kani=true&JigyosyoCd=1361590027-00&ServiceCd=130&Type=search", "url2": "http://rose.lifecyclopedia.jp" }, "geometry": { "type": "Point", "coordinates": [ 139.649374624586841, 35.701198623234774 ] } },
{ "type": "Feature", "properties": { "内容": "ナーシングケアいおり【訪問看護】東京都杉並区堀ノ内2-39-18", "url": "https://www.kaigokensaku.mhlw.go.jp/13/index.php?action_kouhyou_detail_004_kani=true&JigyosyoCd=1361590423-00&ServiceCd=130&Type=search", "url2": "http://nc-iori.com" }, "geometry": { "type": "Point", "coordinates": [ 139.6493484, 35.6900752 ] } },
{ "type": "Feature", "properties": { "内容": "訪問看護ステーションドルチェ【訪問看護】東京都杉並区和泉1丁目3-1BSビル2階", "url": "https://www.kaigokensaku.mhlw.go.jp/13/index.php?action_kouhyou_detail_004_kani=true&JigyosyoCd=1361591041-00&ServiceCd=130&Type=search", "url2": "https://houkan-dolce.com/" }, "geometry": { "type": "Point", "coordinates": [ 139.658571599999988, 35.672293599999989 ] } },
{ "type": "Feature", "properties": { "内容": "医療法人社団久福会　関野病院【訪問看護】東京都豊島区池袋3-28-3", "url": "https://www.kaigokensaku.mhlw.go.jp/13/index.php?action_kouhyou_detail_004_kani=true&JigyosyoCd=1311670991-00&ServiceCd=130&Type=search", "url2": "https://sekino-hospital.com/" }, "geometry": { "type": "Point", "coordinates": [ 139.7060974, 35.7353569 ] } },
{ "type": "Feature", "properties": { "内容": "３Hメディソリューション株式会社　訪問看護ステーションUchiken【訪問看護】東京都豊島区南池袋1-13-23JRE南池袋ビル２階", "url": "https://www.kaigokensaku.mhlw.go.jp/13/index.php?action_kouhyou_detail_004_kani=true&JigyosyoCd=1361690454-00&ServiceCd=130&Type=search", "url2": "https://3h-ms.co.jp/" }, "geometry": { "type": "Point", "coordinates": [ 139.7113048, 35.7257195 ] } },
{ "type": "Feature", "properties": { "内容": "たいよう訪問看護ステーション【訪問看護】東京都豊島区西池袋３−２４−３藤井ビル７階", "url": "https://www.kaigokensaku.mhlw.go.jp/13/index.php?action_kouhyou_detail_004_kani=true&JigyosyoCd=1361690488-00&ServiceCd=130&Type=search", "url2": "https://momoirofangwenkanhusuteshon.webnode.jp/" }, "geometry": { "type": "Point", "coordinates": [ 139.7072427, 35.7302906 ] } },
{ "type": "Feature", "properties": { "内容": "訪問看護ステーション郷【訪問看護】東京都豊島区南池袋４－５－１", "url": "https://www.kaigokensaku.mhlw.go.jp/13/index.php?action_kouhyou_detail_004_kani=true&JigyosyoCd=1361690371-00&ServiceCd=130&Type=search", "url2": "http://www.outoukai.com" }, "geometry": { "type": "Point", "coordinates": [ 139.7166857, 35.7214632 ] } },
{ "type": "Feature", "properties": { "内容": "きらめき訪問看護リハビリステーション池袋事業所【訪問看護】豊島区東池袋3-20-9宏和ビル1階", "url": "https://www.kaigokensaku.mhlw.go.jp/13/index.php?action_kouhyou_detail_004_kani=true&JigyosyoCd=1361690504-00&ServiceCd=130&Type=search", "url2": "https://kiramekihoukan.com/" }, "geometry": { "type": "Point", "coordinates": [ 139.7199953, 35.730771099999984 ] } },
{ "type": "Feature", "properties": { "内容": "なないろ訪問看護【訪問看護】東京都豊島区駒込１－４－５東俳シャトル館３０１号", "url": "https://www.kaigokensaku.mhlw.go.jp/13/index.php?action_kouhyou_detail_004_kani=true&JigyosyoCd=1361690512-00&ServiceCd=130&Type=search", "url2": "https://www.funplace-nanairo.co.jp/" }, "geometry": { "type": "Point", "coordinates": [ 139.748376900000011, 35.7344806 ] } },
{ "type": "Feature", "properties": { "内容": "葵の空在宅看護センター【訪問看護】東京都豊島区要町2-12-9ツカサビル101", "url": "https://www.kaigokensaku.mhlw.go.jp/13/index.php?action_kouhyou_detail_004_kani=true&JigyosyoCd=1361690132-00&ServiceCd=130&Type=search", "url2": "https://www.aoinosora.jp/" }, "geometry": { "type": "Point", "coordinates": [ 139.691616285596979, 35.736002550390751 ] } },
{ "type": "Feature", "properties": { "内容": "訪問看護リハビリステーションＳORA【訪問看護】東京都豊島区千早３−２４−３", "url": "https://www.kaigokensaku.mhlw.go.jp/13/index.php?action_kouhyou_detail_004_kani=true&JigyosyoCd=1361690173-00&ServiceCd=130&Type=search", "url2": "https://sora-ozn.co.jp" }, "geometry": { "type": "Point", "coordinates": [ 139.68598110256346, 35.733722406956169 ] } },
{ "type": "Feature", "properties": { "内容": "訪問看護ステーションはな池袋【訪問看護】東京都豊島区東池袋2-21-6101号", "url": "https://www.kaigokensaku.mhlw.go.jp/13/index.php?action_kouhyou_detail_004_kani=true&JigyosyoCd=1361690215-00&ServiceCd=130&Type=search", "url2": "http://www.hana-kango.com/about_us/index.html" }, "geometry": { "type": "Point", "coordinates": [ 139.722671903041118, 35.730576235344337 ] } },
{ "type": "Feature", "properties": { "内容": "訪問看護ステーションまんぞく【訪問看護】東京都豊島区池袋本町1-28-1サンスプレンダー北池101", "url": "https://www.kaigokensaku.mhlw.go.jp/13/index.php?action_kouhyou_detail_004_kani=true&JigyosyoCd=1361690447-00&ServiceCd=130&Type=search", "url2": "http://manzokukango.com" }, "geometry": { "type": "Point", "coordinates": [ 139.714846661376953, 35.739335367995366 ] } },
{ "type": "Feature", "properties": { "内容": "セコムとしま訪問看護ステーション【訪問看護】東京都豊島区南大塚２-３５-７平文社ビル３階", "url": "https://www.kaigokensaku.mhlw.go.jp/13/index.php?action_kouhyou_detail_004_kani=true&JigyosyoCd=1367195944-00&ServiceCd=130&Type=search", "url2": "http://www.nurse-secom.com/" }, "geometry": { "type": "Point", "coordinates": [ 139.72944740560456, 35.728604996317117 ] } },
{ "type": "Feature", "properties": { "内容": "さわやかケアポートとしま・訪問看護【訪問看護】東京都豊島区北大塚1-12-15協同興業北大塚ビル", "url": "https://www.kaigokensaku.mhlw.go.jp/13/index.php?action_kouhyou_detail_004_kani=true&JigyosyoCd=1367198401-00&ServiceCd=130&Type=search", "url2": "http://www.welcia-partners.co.jp/" }, "geometry": { "type": "Point", "coordinates": [ 139.732631399999946, 35.7322481 ] } },
{ "type": "Feature", "properties": { "内容": "セントケア訪問看護ステーション豊島【訪問看護】東京都豊島区東池袋3-20-21広宣ビル2F", "url": "https://www.kaigokensaku.mhlw.go.jp/13/index.php?action_kouhyou_detail_004_kani=true&JigyosyoCd=1367199011-00&ServiceCd=130&Type=search", "url2": "http://www.saint-care.com" }, "geometry": { "type": "Point", "coordinates": [ 139.7240706, 35.7298765 ] } },
{ "type": "Feature", "properties": { "内容": "訪問看護ステーション　ホームケア池袋【訪問看護】東京都豊島区東池袋2-7-4K・B東池袋4階", "url": "https://www.kaigokensaku.mhlw.go.jp/13/index.php?action_kouhyou_detail_004_kani=true&JigyosyoCd=1361690033-00&ServiceCd=130&Type=search", "url2": "http://www.millennia-corporation.jp" }, "geometry": { "type": "Point", "coordinates": [ 139.722379199999978, 35.7308787 ] } },
{ "type": "Feature", "properties": { "内容": "ナースステーション東京　池袋支店【訪問看護】東京都豊島区千早1-22-2ラヴィータ要町101", "url": "https://www.kaigokensaku.mhlw.go.jp/13/index.php?action_kouhyou_detail_004_kani=true&JigyosyoCd=1361690041-00&ServiceCd=130&Type=search", "url2": "http://www.zaitakucare.co.jp" }, "geometry": { "type": "Point", "coordinates": [ 139.69755406560671, 35.732358913682219 ] } },
{ "type": "Feature", "properties": { "内容": "メディカルライナーズ訪問看護ステーション【訪問看護】東京都豊島区東池袋５－４１－１８パーシモン　１F", "url": "https://www.kaigokensaku.mhlw.go.jp/13/index.php?action_kouhyou_detail_004_kani=true&JigyosyoCd=1361690074-00&ServiceCd=130&Type=search", "url2": "http://www.m-houkan.com/" }, "geometry": { "type": "Point", "coordinates": [ 139.725806899999952, 35.727426299999983 ] } },
{ "type": "Feature", "properties": { "内容": "訪問看護ステーションこころ千川【訪問看護】東京都豊島区千早1-28-13", "url": "https://www.kaigokensaku.mhlw.go.jp/13/index.php?action_kouhyou_detail_004_kani=true&JigyosyoCd=1361690108-00&ServiceCd=130&Type=search", "url2": "https://irisfrere.co.jp/" }, "geometry": { "type": "Point", "coordinates": [ 139.69554549999998, 35.732949300000016 ] } },
{ "type": "Feature", "properties": { "内容": "東池袋訪問看護リハビリステーション【訪問看護】東京都豊島区東池袋1-44-8ﾊﾟｰｸｻｲﾄﾞﾋﾞﾙ5E", "url": "https://www.kaigokensaku.mhlw.go.jp/13/index.php?action_kouhyou_detail_004_kani=true&JigyosyoCd=1361690165-00&ServiceCd=130&Type=search", "url2": "http://www.houmon-kango.tokyo" }, "geometry": { "type": "Point", "coordinates": [ 139.713946599999986, 35.7334086 ] } },
{ "type": "Feature", "properties": { "内容": "アットイーズ訪問看護リハビリステーション上池袋【訪問看護】東京都豊島区上池袋4-27-20パーサヴィアランス101", "url": "https://www.kaigokensaku.mhlw.go.jp/13/index.php?action_kouhyou_detail_004_kani=true&JigyosyoCd=1361690223-00&ServiceCd=130&Type=search", "url2": "https://www.ease-medical.com" }, "geometry": { "type": "Point", "coordinates": [ 139.719862299999932, 35.741402399999977 ] } },
{ "type": "Feature", "properties": { "内容": "コモド訪問看護ステーション【訪問看護】東京都豊島区西巣鴨３－４－１０山下ビル１階", "url": "https://www.kaigokensaku.mhlw.go.jp/13/index.php?action_kouhyou_detail_004_kani=true&JigyosyoCd=1361690249-00&ServiceCd=130&Type=search", "url2": "https://gocomodo.jp" }, "geometry": { "type": "Point", "coordinates": [ 139.73058507803853, 35.740964137414736 ] } },
{ "type": "Feature", "properties": { "内容": "訪問看護ステーション　ホームケア目白【訪問看護】東京都豊島区目白3-13-2アロマビル3階", "url": "https://www.kaigokensaku.mhlw.go.jp/13/index.php?action_kouhyou_detail_004_kani=true&JigyosyoCd=1361690256-00&ServiceCd=130&Type=search", "url2": "https://www.millennia-corporation.jp/houmon/index.html" }, "geometry": { "type": "Point", "coordinates": [ 139.705816, 35.722377 ] } },
{ "type": "Feature", "properties": { "内容": "かのん訪問看護ステーションとも【訪問看護】東京都豊島区目白3-17-1", "url": "https://www.kaigokensaku.mhlw.go.jp/13/index.php?action_kouhyou_detail_004_kani=true&JigyosyoCd=1361690272-00&ServiceCd=130&Type=search", "url2": "https://sosen-medical.co.jp/kanon-tomo" }, "geometry": { "type": "Point", "coordinates": [ 139.707270499999964, 35.7233765 ] } },
{ "type": "Feature", "properties": { "内容": "訪問看護ステーション　はなえみ　池袋【訪問看護】東京都豊島区南池袋２－６－１２宮城ビル２Ｆ　２０３", "url": "https://www.kaigokensaku.mhlw.go.jp/13/index.php?action_kouhyou_detail_004_kani=true&JigyosyoCd=1361690280-00&ServiceCd=130&Type=search", "url2": "https://home-health-care-service-1190.business.site/" }, "geometry": { "type": "Point", "coordinates": [ 139.7157147, 35.7251603 ] } },
{ "type": "Feature", "properties": { "内容": "アワー訪問看護ステーション【訪問看護】東京都豊島区西池袋4-36-19エステートピアNAQ101号", "url": "https://www.kaigokensaku.mhlw.go.jp/13/index.php?action_kouhyou_detail_004_kani=true&JigyosyoCd=1361690298-00&ServiceCd=130&Type=search", "url2": "http://hp.kaipoke.biz/7eb/144599/index_0007.html" }, "geometry": { "type": "Point", "coordinates": [ 139.721327199999962, 35.7306469 ] } },
{ "type": "Feature", "properties": { "内容": "ビコー訪問看護リハビリステーション豊島【訪問看護】東京都豊島区北大塚1-2-6MAN巣鴨103", "url": "https://www.kaigokensaku.mhlw.go.jp/13/index.php?action_kouhyou_detail_004_kani=true&JigyosyoCd=1361690306-00&ServiceCd=130&Type=search", "url2": "https://bikou-group.com/" }, "geometry": { "type": "Point", "coordinates": [ 139.735198700000012, 35.7320915 ] } },
{ "type": "Feature", "properties": { "内容": "エール訪問看護リハビリステーション【訪問看護】東京都豊島区南大塚2-29-9サンレックス203号室", "url": "https://www.kaigokensaku.mhlw.go.jp/13/index.php?action_kouhyou_detail_004_kani=true&JigyosyoCd=1361690363-00&ServiceCd=130&Type=search", "url2": "https://eru-dysin.hp.peraichi.com/" }, "geometry": { "type": "Point", "coordinates": [ 139.731169599999987, 35.7282888 ] } },
{ "type": "Feature", "properties": { "内容": "いちご訪問看護ステーション【訪問看護】東京都豊島区池袋2-33-17オリエントハイツ202号", "url": "https://www.kaigokensaku.mhlw.go.jp/13/index.php?action_kouhyou_detail_004_kani=true&JigyosyoCd=1361690389-00&ServiceCd=130&Type=search", "url2": "http://hp.kaipoke.biz/xbt" }, "geometry": { "type": "Point", "coordinates": [ 139.707181499999962, 35.7343599 ] } },
{ "type": "Feature", "properties": { "内容": "えん訪問看護ステーション東京　池袋【訪問看護】東京都豊島区池袋３丁目９−６新光池袋第３コーポ101号室", "url": "https://www.kaigokensaku.mhlw.go.jp/13/index.php?action_kouhyou_detail_004_kani=true&JigyosyoCd=1361690405-00&ServiceCd=130&Type=search", "url2": "https://en-houkan.com/recruit/tokyo-ikebukuro" }, "geometry": { "type": "Point", "coordinates": [ 139.7011559, 35.734352100000024 ] } },
{ "type": "Feature", "properties": { "内容": "訪問看護ステーションナーレ池袋【訪問看護】東京都豊島区上池袋4-3-5恩田ビル205", "url": "https://www.kaigokensaku.mhlw.go.jp/13/index.php?action_kouhyou_detail_004_kani=true&JigyosyoCd=1361690413-00&ServiceCd=130&Type=search", "url2": "http://www.nurre.jp/" }, "geometry": { "type": "Point", "coordinates": [ 139.7212773, 35.7398269 ] } },
{ "type": "Feature", "properties": { "内容": "たばこま訪問看護ステーション【訪問看護】東京都豊島区駒込３丁目５−５エフティビル3F", "url": "https://www.kaigokensaku.mhlw.go.jp/13/index.php?action_kouhyou_detail_004_kani=true&JigyosyoCd=1361790270-00&ServiceCd=130&Type=search", "url2": "https://tabakoma.com/" }, "geometry": { "type": "Point", "coordinates": [ 139.7447056, 35.7365139 ] } },
{ "type": "Feature", "properties": { "内容": "医療法人社団日心会　おおつか訪問看護ステーション【訪問看護】東京都豊島区北大塚1-18-8田村ビル2階", "url": "https://www.kaigokensaku.mhlw.go.jp/13/index.php?action_kouhyou_detail_004_kani=true&JigyosyoCd=1367192982-00&ServiceCd=130&Type=search", "url2": "http://www.isshin.net" }, "geometry": { "type": "Point", "coordinates": [ 139.725570599999969, 35.7344784 ] } },
{ "type": "Feature", "properties": { "内容": "訪問看護ステーションホームケア練馬【訪問看護】東京都豊島区南長崎6-34-3ツム・アウフタクト2階", "url": "https://www.kaigokensaku.mhlw.go.jp/13/index.php?action_kouhyou_detail_004_kani=true&JigyosyoCd=1367198948-00&ServiceCd=130&Type=search", "url2": "https://www.millennia-corporation.jp/houmon/index.html" }, "geometry": { "type": "Point", "coordinates": [ 139.679058046310388, 35.731604650621158 ] } },
{ "type": "Feature", "properties": { "内容": "訪問看護ステーション　ウィリング【訪問看護】東京都豊島区巣鴨1-29-11図南社ビル2階", "url": "https://www.kaigokensaku.mhlw.go.jp/13/index.php?action_kouhyou_detail_004_kani=true&JigyosyoCd=1361690181-00&ServiceCd=130&Type=search", "url2": "https://gnilliw.co.jp" }, "geometry": { "type": "Point", "coordinates": [ 139.7377533, 35.732137 ] } },
{ "type": "Feature", "properties": { "内容": "セントケア訪問看護ステーション池袋【訪問看護】東京都豊島区池袋2-35-12井戸ビル　1階", "url": "https://www.kaigokensaku.mhlw.go.jp/13/index.php?action_kouhyou_detail_004_kani=true&JigyosyoCd=1361690207-00&ServiceCd=130&Type=search", "url2": "http://saintcare-tokyo.com" }, "geometry": { "type": "Point", "coordinates": [ 139.707275, 35.7334916 ] } },
{ "type": "Feature", "properties": { "内容": "訪問看護ステーション　うぃんくる【訪問看護】東京都豊島区北大塚１丁目２番１２号大塚第２ロイコーポ２０１", "url": "https://www.kaigokensaku.mhlw.go.jp/13/index.php?action_kouhyou_detail_004_kani=true&JigyosyoCd=1361690421-00&ServiceCd=130&Type=search", "url2": null }, "geometry": { "type": "Point", "coordinates": [ 139.735570793254112, 35.732393655517683 ] } },
{ "type": "Feature", "properties": { "内容": "ひまわり訪問看護ステーション【訪問看護】東京都豊島区長崎2-５-５", "url": "https://www.kaigokensaku.mhlw.go.jp/13/index.php?action_kouhyou_detail_004_kani=true&JigyosyoCd=1361690439-00&ServiceCd=130&Type=search", "url2": "https://care-net.biz/13/c-friend/" }, "geometry": { "type": "Point", "coordinates": [ 139.689720276582307, 35.727640672242011 ] } },
{ "type": "Feature", "properties": { "内容": "訪問看護ステーションすずめが丘【訪問看護】東京都豊島区要町1-25-15", "url": "https://www.kaigokensaku.mhlw.go.jp/13/index.php?action_kouhyou_detail_004_kani=true&JigyosyoCd=1361690264-00&ServiceCd=130&Type=search", "url2": "https://suzume-kango.com/" }, "geometry": { "type": "Point", "coordinates": [ 139.695582009227337, 35.735087050522303 ] } },
{ "type": "Feature", "properties": { "内容": "サステナース訪問看護リハビリステーション【訪問看護】東京都豊島区要町1-2-3金子マンション202", "url": "https://www.kaigokensaku.mhlw.go.jp/13/index.php?action_kouhyou_detail_004_kani=true&JigyosyoCd=1361690330-00&ServiceCd=130&Type=search", "url2": "https://houkan.sustainurse.com/" }, "geometry": { "type": "Point", "coordinates": [ 139.697835734358591, 35.733019243188664 ] } },
{ "type": "Feature", "properties": { "内容": "ショートケーキ訪問看護ステーション【訪問看護】東京都豊島区池袋本町1-8−17シティハイムパルシェ", "url": "https://www.kaigokensaku.mhlw.go.jp/13/index.php?action_kouhyou_detail_004_kani=true&JigyosyoCd=1361690520-00&ServiceCd=130&Type=search", "url2": "https://shortcake.carepro.co.jp/" }, "geometry": { "type": "Point", "coordinates": [ 139.714103799999975, 35.738114100000011 ] } },
{ "type": "Feature", "properties": { "内容": "アワーリハ訪問看護ステーション【訪問看護】東京都豊島区千早2-6-11ウィンコーポ池袋103号室", "url": "https://www.kaigokensaku.mhlw.go.jp/13/index.php?action_kouhyou_detail_004_kani=true&JigyosyoCd=1361690538-00&ServiceCd=130&Type=search", "url2": null }, "geometry": { "type": "Point", "coordinates": [ 139.6915721, 35.7319303 ] } },
{ "type": "Feature", "properties": { "内容": "訪問看護ステーション　デューン王子【訪問看護】東京都北区岸町1-6-19青葉ビル2階", "url": "https://www.kaigokensaku.mhlw.go.jp/13/index.php?action_kouhyou_detail_004_kani=true&JigyosyoCd=1361790429-00&ServiceCd=130&Type=search", "url2": "http://www.nfield.co.jp/" }, "geometry": { "type": "Point", "coordinates": [ 139.7350458, 35.754817 ] } },
{ "type": "Feature", "properties": { "内容": "東京療育・家族支援訪問看護ステーション【訪問看護】東京都北区上十条1-4-17ザ・パークハウス十条203号", "url": "https://www.kaigokensaku.mhlw.go.jp/13/index.php?action_kouhyou_detail_004_kani=true&JigyosyoCd=1361790437-00&ServiceCd=130&Type=search", "url2": null }, "geometry": { "type": "Point", "coordinates": [ 139.724583299999978, 35.7587379 ] } },
{ "type": "Feature", "properties": { "内容": "訪問看護ステーション　harustyle北区王子【訪問看護】東京都北区王子一丁目19番11号第一サカモトビル5階", "url": "https://www.kaigokensaku.mhlw.go.jp/13/index.php?action_kouhyou_detail_004_kani=true&JigyosyoCd=1361790478-00&ServiceCd=130&Type=search", "url2": "https://ouji.haru-style.jp" }, "geometry": { "type": "Point", "coordinates": [ 139.7383522, 35.7557067 ] } },
{ "type": "Feature", "properties": { "内容": "訪問看護ステーション　エルライト【訪問看護】東京都北区赤羽北2-28-1コーポ原島103号室", "url": "https://www.kaigokensaku.mhlw.go.jp/13/index.php?action_kouhyou_detail_004_kani=true&JigyosyoCd=1361790486-00&ServiceCd=130&Type=search", "url2": null }, "geometry": { "type": "Point", "coordinates": [ 139.7074361, 35.7870395 ] } },
{ "type": "Feature", "properties": { "内容": "訪問看護ステーションあおば【訪問看護】東京都北区赤羽南1-27-5境ビル102", "url": "https://www.kaigokensaku.mhlw.go.jp/13/index.php?action_kouhyou_detail_004_kani=true&JigyosyoCd=1361790122-00&ServiceCd=130&Type=search", "url2": null }, "geometry": { "type": "Point", "coordinates": [ 139.724150399999985, 35.775730799999984 ] } },
{ "type": "Feature", "properties": { "内容": "生協浮間診療所【訪問看護】東京都北区浮間3-22-1", "url": "https://www.kaigokensaku.mhlw.go.jp/13/index.php?action_kouhyou_detail_004_kani=true&JigyosyoCd=1311729359-00&ServiceCd=130&Type=search", "url2": "https://ukima-seikyo.penne.jp/" }, "geometry": { "type": "Point", "coordinates": [ 139.7011862, 35.7878771 ] } },
{ "type": "Feature", "properties": { "内容": "訪問看護ステーション　トータルケア王子【訪問看護】東京都北区上中里２丁目４３－３エトワール元村１F", "url": "https://www.kaigokensaku.mhlw.go.jp/13/index.php?action_kouhyou_detail_004_kani=true&JigyosyoCd=1361790528-00&ServiceCd=130&Type=search", "url2": "https://lecaldo.co.jp/total-care-oji/" }, "geometry": { "type": "Point", "coordinates": [ 139.7454741, 35.7481024 ] } },
{ "type": "Feature", "properties": { "内容": "訪問看護ステーションことぶき【訪問看護】東京都北区神谷１丁目７番地１２フローラ神谷橋１０２", "url": "https://www.kaigokensaku.mhlw.go.jp/13/index.php?action_kouhyou_detail_004_kani=true&JigyosyoCd=1361790544-00&ServiceCd=130&Type=search", "url2": null }, "geometry": { "type": "Point", "coordinates": [ 139.7352744, 35.7698634 ] } },
{ "type": "Feature", "properties": { "内容": "訪問看護ステーションぱんだ【訪問看護】東京都北区赤羽1-66-5グリーンコーポⅡ301", "url": "https://www.kaigokensaku.mhlw.go.jp/13/index.php?action_kouhyou_detail_004_kani=true&JigyosyoCd=1361790353-00&ServiceCd=130&Type=search", "url2": "https://pnd.themedia.jp" }, "geometry": { "type": "Point", "coordinates": [ 139.7195299, 35.7807803 ] } },
{ "type": "Feature", "properties": { "内容": "にこっと訪問看護ステーション【訪問看護】東京都北区赤羽西1-18-11301", "url": "https://www.kaigokensaku.mhlw.go.jp/13/index.php?action_kouhyou_detail_004_kani=true&JigyosyoCd=1361790536-00&ServiceCd=130&Type=search", "url2": "https://www.nicotnurse-akabane.com/" }, "geometry": { "type": "Point", "coordinates": [ 139.718099300000034, 35.7766308 ] } },
{ "type": "Feature", "properties": { "内容": "はくちょう訪問看護リハビリステーション【訪問看護】東京都北区田端3-18-24介護老人保健施設　はくちょう　　地下１階", "url": "https://www.kaigokensaku.mhlw.go.jp/13/index.php?action_kouhyou_detail_004_kani=true&JigyosyoCd=1361790056-00&ServiceCd=130&Type=search", "url2": "http://www.fukujukaigr.or.jp/" }, "geometry": { "type": "Point", "coordinates": [ 139.757178489024341, 35.735947510493702 ] } },
{ "type": "Feature", "properties": { "内容": "訪問看護ステーションそれいゆ【訪問看護】東京都北区田端新町1-22-5寿ビル１F", "url": "https://www.kaigokensaku.mhlw.go.jp/13/index.php?action_kouhyou_detail_004_kani=true&JigyosyoCd=1361790114-00&ServiceCd=130&Type=search", "url2": "https://nurseplanet.jp/service/nursing_station.html" }, "geometry": { "type": "Point", "coordinates": [ 139.768779545860326, 35.73840133432342 ] } },
{ "type": "Feature", "properties": { "内容": "王子神谷訪問看護リハビリステーション【訪問看護】東京都北区王子5-2-2-117", "url": "https://www.kaigokensaku.mhlw.go.jp/13/index.php?action_kouhyou_detail_004_kani=true&JigyosyoCd=1361790163-00&ServiceCd=130&Type=search", "url2": "https://ojikamiya-hc.com/" }, "geometry": { "type": "Point", "coordinates": [ 139.734969933428317, 35.765137151051277 ] } },
{ "type": "Feature", "properties": { "内容": "東京ふれあい医療生活協同組合　ふれあい訪問看護ステーション【訪問看護】東京都北区堀船3-31-15ふれあいセンタービル　2F", "url": "https://www.kaigokensaku.mhlw.go.jp/13/index.php?action_kouhyou_detail_004_kani=true&JigyosyoCd=1367192990-00&ServiceCd=130&Type=search", "url2": "https://www.fureaico-op.info" }, "geometry": { "type": "Point", "coordinates": [ 139.748118737434453, 35.751327644053823 ] } },
{ "type": "Feature", "properties": { "内容": "神谷病院訪問看護ステーション【訪問看護】東京都北区神谷1-27-14", "url": "https://www.kaigokensaku.mhlw.go.jp/13/index.php?action_kouhyou_detail_004_kani=true&JigyosyoCd=1367193121-00&ServiceCd=130&Type=search", "url2": null }, "geometry": { "type": "Point", "coordinates": [ 139.731511256581484, 35.768284739186299 ] } },
{ "type": "Feature", "properties": { "内容": "あすか山訪問看護ステーション【訪問看護】東京都北区神谷1-13-10KourtK31階", "url": "https://www.kaigokensaku.mhlw.go.jp/13/index.php?action_kouhyou_detail_004_kani=true&JigyosyoCd=1367193725-00&ServiceCd=130&Type=search", "url2": "http://www.jvnf.or.jp/asukayama/" }, "geometry": { "type": "Point", "coordinates": [ 139.734537700000033, 35.768115199999961 ] } },
{ "type": "Feature", "properties": { "内容": "訪問看護ステーションほくと【訪問看護】東京都北区豊島3-19-3東京ほくと医療生協豊島ビル1階", "url": "https://www.kaigokensaku.mhlw.go.jp/13/index.php?action_kouhyou_detail_004_kani=true&JigyosyoCd=1367195894-00&ServiceCd=130&Type=search", "url2": "http://www.t-hokuto.coop" }, "geometry": { "type": "Point", "coordinates": [ 139.7459708, 35.7607814 ] } },
{ "type": "Feature", "properties": { "内容": "訪問看護ステーション飛鳥晴山苑【訪問看護】東京都北区西ヶ原4-51-1", "url": "https://www.kaigokensaku.mhlw.go.jp/13/index.php?action_kouhyou_detail_004_kani=true&JigyosyoCd=1361790015-00&ServiceCd=130&Type=search", "url2": "https://seizan-kai.or.jp/" }, "geometry": { "type": "Point", "coordinates": [ 139.735894700000017, 35.741436 ] } },
{ "type": "Feature", "properties": { "内容": "西が丘訪問看護ステ－ション【訪問看護】東京都北区西が丘1-5-9岩江クリニック", "url": "https://www.kaigokensaku.mhlw.go.jp/13/index.php?action_kouhyou_detail_004_kani=true&JigyosyoCd=1361790510-00&ServiceCd=130&Type=search", "url2": "https://www.iwae.net" }, "geometry": { "type": "Point", "coordinates": [ 139.7146488, 35.7715306 ] } },
{ "type": "Feature", "properties": { "内容": "横山医院【訪問看護】東京都北区中十条2-22-16", "url": "https://www.kaigokensaku.mhlw.go.jp/13/index.php?action_kouhyou_detail_004_kani=true&JigyosyoCd=1311728666-00&ServiceCd=130&Type=search", "url2": "http://www.kenjukai.or.jp" }, "geometry": { "type": "Point", "coordinates": [ 139.723020237434412, 35.761906224342582 ] } },
{ "type": "Feature", "properties": { "内容": "花と森の訪問看護ステーションペンギン【訪問看護】東京都北区西ヶ原2丁目3番地2号", "url": "https://www.kaigokensaku.mhlw.go.jp/13/index.php?action_kouhyou_detail_004_kani=true&JigyosyoCd=1361790148-00&ServiceCd=130&Type=search", "url2": "http://www.hanamorithp.jp/" }, "geometry": { "type": "Point", "coordinates": [ 139.741563499999984, 35.7479798 ] } },
{ "type": "Feature", "properties": { "内容": "訪問看護ステーション凛【訪問看護】東京都北区赤羽２－４８－３末広ビル３階", "url": "https://www.kaigokensaku.mhlw.go.jp/13/index.php?action_kouhyou_detail_004_kani=true&JigyosyoCd=1361790189-00&ServiceCd=130&Type=search", "url2": "https://www.houkan-rin.com" }, "geometry": { "type": "Point", "coordinates": [ 139.722718022803178, 35.780647100892025 ] } },
{ "type": "Feature", "properties": { "内容": "タツミ訪問看護ステーション滝野川【訪問看護】東京都北区滝野川1−68−7早稲田ビル4F", "url": "https://www.kaigokensaku.mhlw.go.jp/13/index.php?action_kouhyou_detail_004_kani=true&JigyosyoCd=1361790247-00&ServiceCd=130&Type=search", "url2": "https://www.medi-p.jp/cat-station/visit-nursing/112/" }, "geometry": { "type": "Point", "coordinates": [ 139.7338085, 35.7481214 ] } },
{ "type": "Feature", "properties": { "内容": "訪問看護ステーションはな赤羽【訪問看護】東京都北区赤羽南2丁目１１－１４ルイケ第二マンション１階", "url": "https://www.kaigokensaku.mhlw.go.jp/13/index.php?action_kouhyou_detail_004_kani=true&JigyosyoCd=1361790288-00&ServiceCd=130&Type=search", "url2": "https://www.hana-kango.com" }, "geometry": { "type": "Point", "coordinates": [ 139.7231621, 35.7748556 ] } },
{ "type": "Feature", "properties": { "内容": "スマイル優訪問看護ステーション【訪問看護】東京都北区豊島3-20-12アップステアーズannex201", "url": "https://www.kaigokensaku.mhlw.go.jp/13/index.php?action_kouhyou_detail_004_kani=true&JigyosyoCd=1361790312-00&ServiceCd=130&Type=search", "url2": "https://smileyou.me/" }, "geometry": { "type": "Point", "coordinates": [ 139.7457073, 35.7597955 ] } },
{ "type": "Feature", "properties": { "内容": "訪問看護ステーションはな王子【訪問看護】東京都北区上中里3-6-17", "url": "https://www.kaigokensaku.mhlw.go.jp/13/index.php?action_kouhyou_detail_004_kani=true&JigyosyoCd=1361790379-00&ServiceCd=130&Type=search", "url2": null }, "geometry": { "type": "Point", "coordinates": [ 139.748977200000013, 35.7500194 ] } },
{ "type": "Feature", "properties": { "内容": "訪問看護ステーション　ホームケア赤羽【訪問看護】東京都北区志茂2-21-1maisondeurban201", "url": "https://www.kaigokensaku.mhlw.go.jp/13/index.php?action_kouhyou_detail_004_kani=true&JigyosyoCd=1361790403-00&ServiceCd=130&Type=search", "url2": "millennia-corporation.jp" }, "geometry": { "type": "Point", "coordinates": [ 139.726864099999972, 35.7775378 ] } },
{ "type": "Feature", "properties": { "内容": "CheerUpatNursing【訪問看護】東京都北区王子本町1丁目24-6ハイムロワール101", "url": "https://www.kaigokensaku.mhlw.go.jp/13/index.php?action_kouhyou_detail_004_kani=true&JigyosyoCd=1361790411-00&ServiceCd=130&Type=search", "url2": "https://www.cheerhand.com/" }, "geometry": { "type": "Point", "coordinates": [ 139.7349959, 35.7540177 ] } },
{ "type": "Feature", "properties": { "内容": "アワー訪問看護ステーション赤羽【訪問看護】東京都北区浮間1-14-3ユーコート赤羽104", "url": "https://www.kaigokensaku.mhlw.go.jp/13/index.php?action_kouhyou_detail_004_kani=true&JigyosyoCd=1361790445-00&ServiceCd=130&Type=search", "url2": "https://awahoukan.wixsite.com/toppage" }, "geometry": { "type": "Point", "coordinates": [ 139.7018472, 35.7909707 ] } },
{ "type": "Feature", "properties": { "内容": "しりうす訪問看護ステーション【訪問看護】東京都北区赤羽北１丁目１２−１４1F", "url": "https://www.kaigokensaku.mhlw.go.jp/13/index.php?action_kouhyou_detail_004_kani=true&JigyosyoCd=1361790452-00&ServiceCd=130&Type=search", "url2": "https://aoboshi.net/" }, "geometry": { "type": "Point", "coordinates": [ 139.711403100000013, 35.785971 ] } },
{ "type": "Feature", "properties": { "内容": "めいと訪問看護ステーション第2【訪問看護】東京都北区岩淵町5-13アルス赤羽301", "url": "https://www.kaigokensaku.mhlw.go.jp/13/index.php?action_kouhyou_detail_004_kani=true&JigyosyoCd=1361790494-00&ServiceCd=130&Type=search", "url2": null }, "geometry": { "type": "Point", "coordinates": [ 139.7266247, 35.7836735 ] } },
{ "type": "Feature", "properties": { "内容": "博栄会訪問看護ステーション【訪問看護】東京都北区赤羽南2－12－5五十子ビル1階", "url": "https://www.kaigokensaku.mhlw.go.jp/13/index.php?action_kouhyou_detail_004_kani=true&JigyosyoCd=1367192669-00&ServiceCd=130&Type=search", "url2": "http://www.hakueikai.or.jp" }, "geometry": { "type": "Point", "coordinates": [ 139.7236944, 35.775104 ] } },
{ "type": "Feature", "properties": { "内容": "さわやか訪問看護ステーション【訪問看護】東京都北区昭和町2-7-13ＳＫビル201", "url": "https://www.kaigokensaku.mhlw.go.jp/13/index.php?action_kouhyou_detail_004_kani=true&JigyosyoCd=1367196793-00&ServiceCd=130&Type=search", "url2": "http://sawayaka-nurse.com/" }, "geometry": { "type": "Point", "coordinates": [ 139.754873699999962, 35.7473272 ] } },
{ "type": "Feature", "properties": { "内容": "うらら訪問看護ステーション【訪問看護】東京都北区志茂3-13-5信濃ﾋﾞﾙ3階", "url": "https://www.kaigokensaku.mhlw.go.jp/13/index.php?action_kouhyou_detail_004_kani=true&JigyosyoCd=1361790031-00&ServiceCd=130&Type=search", "url2": "http://www.urara.or.jp" }, "geometry": { "type": "Point", "coordinates": [ 139.733143499999983, 35.7774512 ] } },
{ "type": "Feature", "properties": { "内容": "訪問看護ステーション　ALWAYS赤羽【訪問看護】東京都北区赤羽2-19-10伊東ビル201号", "url": "https://www.kaigokensaku.mhlw.go.jp/13/index.php?action_kouhyou_detail_004_kani=true&JigyosyoCd=1361790361-00&ServiceCd=130&Type=search", "url2": "https://always-ns.jp/" }, "geometry": { "type": "Point", "coordinates": [ 139.723522199999962, 35.779997700000017 ] } },
{ "type": "Feature", "properties": { "内容": "みつば訪問看護ステーション赤羽【訪問看護】東京都北区東十条6-7-12サンチェリーハイツ101", "url": "https://www.kaigokensaku.mhlw.go.jp/13/index.php?action_kouhyou_detail_004_kani=true&JigyosyoCd=1361790395-00&ServiceCd=130&Type=search", "url2": "https://bestcare-partners.co.jp/" }, "geometry": { "type": "Point", "coordinates": [ 139.72597540000001, 35.7716518 ] } },
{ "type": "Feature", "properties": { "内容": "訪問看護ステーションSONOKA【訪問看護】東京都北区東十条3-4-7", "url": "https://www.kaigokensaku.mhlw.go.jp/13/index.php?action_kouhyou_detail_004_kani=true&JigyosyoCd=1361790577-00&ServiceCd=130&Type=search", "url2": "https://houkansonoka.studio.site/." }, "geometry": { "type": "Point", "coordinates": [ 139.7301546, 35.7653252 ] } },
{ "type": "Feature", "properties": { "内容": "訪問看護ステーションゆうわ【訪問看護】東京都北区東十条2丁目4番3号", "url": "https://www.kaigokensaku.mhlw.go.jp/13/index.php?action_kouhyou_detail_004_kani=true&JigyosyoCd=1361790585-00&ServiceCd=130&Type=search", "url2": null }, "geometry": { "type": "Point", "coordinates": [ 139.729321, 35.762641799999983 ] } },
{ "type": "Feature", "properties": { "内容": "大橋病院訪問看護ステーション【訪問看護】東京都北区赤羽西6丁目17番8号１階", "url": "https://www.kaigokensaku.mhlw.go.jp/13/index.php?action_kouhyou_detail_004_kani=true&JigyosyoCd=1361790072-00&ServiceCd=130&Type=search", "url2": "https://www.o-hp.or.jp/zaitaku/houmonkango/" }, "geometry": { "type": "Point", "coordinates": [ 139.705083098147611, 35.774930990507755 ] } },
{ "type": "Feature", "properties": { "内容": "ｓｔｅｌｌａ訪問看護北ステーション【訪問看護】東京都北区昭和町1-2-24アルテール尾久", "url": "https://www.kaigokensaku.mhlw.go.jp/13/index.php?action_kouhyou_detail_004_kani=true&JigyosyoCd=1361790460-00&ServiceCd=130&Type=search", "url2": "https://stella83.jp/" }, "geometry": { "type": "Point", "coordinates": [ 139.755890099999988, 35.746262 ] } },
{ "type": "Feature", "properties": { "内容": "訪問看護ステーション　デライト荒川【訪問看護】東京都荒川区東日暮里3-43-9ビジュアルシティ401号室", "url": "https://www.kaigokensaku.mhlw.go.jp/13/index.php?action_kouhyou_detail_004_kani=true&JigyosyoCd=1361890344-00&ServiceCd=130&Type=search", "url2": "https://hokan-delight.jp/" }, "geometry": { "type": "Point", "coordinates": [ 139.7789352, 35.7310037 ] } },
{ "type": "Feature", "properties": { "内容": "カガクル訪問看護ステーション荒川【訪問看護】東京都荒川区西日暮里6-40-5松本ビル101", "url": "https://www.kaigokensaku.mhlw.go.jp/13/index.php?action_kouhyou_detail_004_kani=true&JigyosyoCd=1361590944-00&ServiceCd=130&Type=search", "url2": "https://kagakul-arakawa.jp/" }, "geometry": { "type": "Point", "coordinates": [ 139.768894402872064, 35.734573410294885 ] } },
{ "type": "Feature", "properties": { "内容": "訪問看護ステーションスマイルリンク【訪問看護】東京都荒川区西日暮里６－４５－８永田ビル１０２号室", "url": "https://www.kaigokensaku.mhlw.go.jp/13/index.php?action_kouhyou_detail_004_kani=true&JigyosyoCd=1361890377-00&ServiceCd=130&Type=search", "url2": "https://houmonkaigo-smilelink.com/" }, "geometry": { "type": "Point", "coordinates": [ 139.7692461, 35.7356792 ] } },
{ "type": "Feature", "properties": { "内容": "訪問看護ステーションSUN【訪問看護】東京都荒川区西日暮里6-8-8モミービル2階", "url": "https://www.kaigokensaku.mhlw.go.jp/13/index.php?action_kouhyou_detail_004_kani=true&JigyosyoCd=1367197775-00&ServiceCd=130&Type=search", "url2": "http://www.best-kaigo.com" }, "geometry": { "type": "Point", "coordinates": [ 139.772657564843058, 35.736554200399155 ] } },
{ "type": "Feature", "properties": { "内容": "磯医院訪問看護ステーション【訪問看護】東京都荒川区南千住5-9-1", "url": "https://www.kaigokensaku.mhlw.go.jp/13/index.php?action_kouhyou_detail_004_kani=true&JigyosyoCd=1361890047-00&ServiceCd=130&Type=search", "url2": "http://iso-hp.or.jp" }, "geometry": { "type": "Point", "coordinates": [ 139.7941184, 35.7334279 ] } },
{ "type": "Feature", "properties": { "内容": "あしすと訪問看護ステーション【訪問看護】東京都荒川区東日暮里1-6-9東出ビル1階", "url": "https://www.kaigokensaku.mhlw.go.jp/13/index.php?action_kouhyou_detail_004_kani=true&JigyosyoCd=1361890229-00&ServiceCd=130&Type=search", "url2": null }, "geometry": { "type": "Point", "coordinates": [ 139.789680978048693, 35.730644812518563 ] } },
{ "type": "Feature", "properties": { "内容": "東京おひさまクリニック【訪問看護】東京都荒川区東日暮里５－４５－１YOTO.BLD2.　８階", "url": "https://www.kaigokensaku.mhlw.go.jp/13/index.php?action_kouhyou_detail_004_kani=true&JigyosyoCd=1311826924-00&ServiceCd=130&Type=search", "url2": "http://ohisama-cl.or.jp/greeting/" }, "geometry": { "type": "Point", "coordinates": [ 139.7748128, 35.7283749 ] } },
{ "type": "Feature", "properties": { "内容": "訪問看護ステーションつばさ【訪問看護】東京都荒川区西尾久7-7-4武田ビル3階", "url": "https://www.kaigokensaku.mhlw.go.jp/13/index.php?action_kouhyou_detail_004_kani=true&JigyosyoCd=1361890021-00&ServiceCd=130&Type=search", "url2": "https://www.tsubasa-kango.com/" }, "geometry": { "type": "Point", "coordinates": [ 139.756923796650682, 35.7500446433707 ] } },
{ "type": "Feature", "properties": { "内容": "訪問看護ステーション　てんとうむし【訪問看護】東京都荒川区東尾久２－３０－７１階", "url": "https://www.kaigokensaku.mhlw.go.jp/13/index.php?action_kouhyou_detail_004_kani=true&JigyosyoCd=1361890062-00&ServiceCd=130&Type=search", "url2": "http://www.houkan-tentoumushi.com/" }, "geometry": { "type": "Point", "coordinates": [ 139.770539400000018, 35.742291799999975 ] } },
{ "type": "Feature", "properties": { "内容": "天使の翼訪問看護【訪問看護】東京都荒川区東尾久1-15-8-105", "url": "https://www.kaigokensaku.mhlw.go.jp/13/index.php?action_kouhyou_detail_004_kani=true&JigyosyoCd=1361890146-00&ServiceCd=130&Type=search", "url2": null }, "geometry": { "type": "Point", "coordinates": [ 139.77147905683475, 35.740852341623686 ] } },
{ "type": "Feature", "properties": { "内容": "アンドライフ訪問看護ステーション日暮里【訪問看護】東京都荒川区東日暮里6丁目43番8号竹山ビル七番館103号", "url": "https://www.kaigokensaku.mhlw.go.jp/13/index.php?action_kouhyou_detail_004_kani=true&JigyosyoCd=1361890260-00&ServiceCd=130&Type=search", "url2": "https://e-and-life.com/" }, "geometry": { "type": "Point", "coordinates": [ 139.775838771163905, 35.729128457179321 ] } },
{ "type": "Feature", "properties": { "内容": "訪問看護ステーションナイチンゲール【訪問看護】東京都荒川区東日暮里2-49-2大和コーポ204", "url": "https://www.kaigokensaku.mhlw.go.jp/13/index.php?action_kouhyou_detail_004_kani=true&JigyosyoCd=1361890278-00&ServiceCd=130&Type=search", "url2": null }, "geometry": { "type": "Point", "coordinates": [ 139.783600299999989, 35.7283122 ] } },
{ "type": "Feature", "properties": { "内容": "スィートハート　訪問看護ステーション【訪問看護】東京都荒川区東日暮里5-50-17アネックスM301", "url": "https://www.kaigokensaku.mhlw.go.jp/13/index.php?action_kouhyou_detail_004_kani=true&JigyosyoCd=1367197791-00&ServiceCd=130&Type=search", "url2": "http://www.sweet-hearts.jp/" }, "geometry": { "type": "Point", "coordinates": [ 139.772973099999945, 35.7282968 ] } },
{ "type": "Feature", "properties": { "内容": "リナース訪問看護リハビリステーション町屋【訪問看護】東京都荒川区町屋3-12-12マロニエハイツ301", "url": "https://www.kaigokensaku.mhlw.go.jp/13/index.php?action_kouhyou_detail_004_kani=true&JigyosyoCd=1361890310-00&ServiceCd=130&Type=search", "url2": null }, "geometry": { "type": "Point", "coordinates": [ 139.7819226, 35.7471433 ] } },
{ "type": "Feature", "properties": { "内容": "ファミーユ訪問看護ステーション【訪問看護】東京都荒川区東尾久8-42-12英華ビル　1階", "url": "https://www.kaigokensaku.mhlw.go.jp/13/index.php?action_kouhyou_detail_004_kani=true&JigyosyoCd=1361890328-00&ServiceCd=130&Type=search", "url2": null }, "geometry": { "type": "Point", "coordinates": [ 139.7675322, 35.7496857 ] } },
{ "type": "Feature", "properties": { "内容": "訪問看護ステーション　ホームケア荒川【訪問看護】東京都荒川区東日暮里5-45-12いかるがビル503号室", "url": "https://www.kaigokensaku.mhlw.go.jp/13/index.php?action_kouhyou_detail_004_kani=true&JigyosyoCd=1361890336-00&ServiceCd=130&Type=search", "url2": "http://www.millennia-corporation.jp" }, "geometry": { "type": "Point", "coordinates": [ 139.77461310000001, 35.7284024 ] } },
{ "type": "Feature", "properties": { "内容": "きらめき訪問看護リハビリステーション日暮里事業所【訪問看護】東京都荒川区西日暮里2-18-4小川ビル2階", "url": "https://www.kaigokensaku.mhlw.go.jp/13/index.php?action_kouhyou_detail_004_kani=true&JigyosyoCd=1361890351-00&ServiceCd=130&Type=search", "url2": "https://kiramekihoukan.com/" }, "geometry": { "type": "Point", "coordinates": [ 139.771865886892073, 35.728722203497114 ] } },
{ "type": "Feature", "properties": { "内容": "あいず訪問看護ステーション　日暮里【訪問看護】東京都荒川区東日暮里5-43-3プリメーラ1F", "url": "https://www.kaigokensaku.mhlw.go.jp/13/index.php?action_kouhyou_detail_004_kani=true&JigyosyoCd=1361890369-00&ServiceCd=130&Type=search", "url2": "https://www.aizu-company.co.jp" }, "geometry": { "type": "Point", "coordinates": [ 139.7745306, 35.727612100000016 ] } },
{ "type": "Feature", "properties": { "内容": "荒川区医師会訪問看護ステーション【訪問看護】東京都荒川区西日暮里6-5-3", "url": "https://www.kaigokensaku.mhlw.go.jp/13/index.php?action_kouhyou_detail_004_kani=true&JigyosyoCd=1367191224-00&ServiceCd=130&Type=search", "url2": "http://arakawa-med.or.jp/" }, "geometry": { "type": "Point", "coordinates": [ 139.7728088, 35.7374236 ] } },
{ "type": "Feature", "properties": { "内容": "アーム看護ステーション【訪問看護】東京都荒川区荒川3-68-6菅又ビル1階", "url": "https://www.kaigokensaku.mhlw.go.jp/13/index.php?action_kouhyou_detail_004_kani=true&JigyosyoCd=1361890138-00&ServiceCd=130&Type=search", "url2": null }, "geometry": { "type": "Point", "coordinates": [ 139.777741800000058, 35.7355352 ] } },
{ "type": "Feature", "properties": { "内容": "社会医療法人社団一成会　訪問看護ステーションみどり【訪問看護】東京都荒川区町屋4-1-16", "url": "https://www.kaigokensaku.mhlw.go.jp/13/index.php?action_kouhyou_detail_004_kani=true&JigyosyoCd=1367192313-00&ServiceCd=130&Type=search", "url2": "http://www.kimura-hp.or.jp/" }, "geometry": { "type": "Point", "coordinates": [ 139.779438199999959, 35.7461925 ] } },
{ "type": "Feature", "properties": { "内容": "東京リバーサイド訪問看護ステーションペンギン【訪問看護】東京都荒川区南千住8-4-5けやき通り北参番館２階205号", "url": "https://www.kaigokensaku.mhlw.go.jp/13/index.php?action_kouhyou_detail_004_kani=true&JigyosyoCd=1361890070-00&ServiceCd=130&Type=search", "url2": "http://www.penguin-nurse.jp" }, "geometry": { "type": "Point", "coordinates": [ 139.807608436384612, 35.737481282291178 ] } },
{ "type": "Feature", "properties": { "内容": "訪問看護ファミリー・ホスピス荒川【訪問看護】東京都荒川区荒川7丁目2番３号ファミリー・ホスピス荒川ハウス", "url": "https://www.kaigokensaku.mhlw.go.jp/13/index.php?action_kouhyou_detail_004_kani=true&JigyosyoCd=1361890294-00&ServiceCd=130&Type=search", "url2": null }, "geometry": { "type": "Point", "coordinates": [ 139.7846189, 35.7418251 ] } },
{ "type": "Feature", "properties": { "内容": "NS-MEN　FAST【訪問看護】東京都荒川区西日暮里2-49-5光工芸社ビル4F", "url": "https://www.kaigokensaku.mhlw.go.jp/13/index.php?action_kouhyou_detail_004_kani=true&JigyosyoCd=1361890286-00&ServiceCd=130&Type=search", "url2": "https://www.nsmen-inc.com/" }, "geometry": { "type": "Point", "coordinates": [ 139.7697806, 35.7309461 ] } },
{ "type": "Feature", "properties": { "内容": "めでたい訪問看護ステーション尾久【訪問看護】東京都荒川区東尾久2-49-13Ambition東尾久101号室", "url": "https://www.kaigokensaku.mhlw.go.jp/13/index.php?action_kouhyou_detail_004_kani=true&JigyosyoCd=1361790551-00&ServiceCd=130&Type=search", "url2": null }, "geometry": { "type": "Point", "coordinates": [ 139.7696013, 35.738405800000024 ] } },
{ "type": "Feature", "properties": { "内容": "ハレノヒ訪問看護リハビリステーション【訪問看護】東京都荒川区東日暮里１－１７－４", "url": "https://www.kaigokensaku.mhlw.go.jp/13/index.php?action_kouhyou_detail_004_kani=true&JigyosyoCd=1361890252-00&ServiceCd=130&Type=search", "url2": "https://www.harenohihoukan.com" }, "geometry": { "type": "Point", "coordinates": [ 139.789799800000054, 35.7303336 ] } },
{ "type": "Feature", "properties": { "内容": "医療法人社団　桐心会　林クリニック【訪問看護】東京都板橋区小茂根4-28-141階", "url": "https://www.kaigokensaku.mhlw.go.jp/13/index.php?action_kouhyou_detail_004_kani=true&JigyosyoCd=1311928100-00&ServiceCd=130&Type=search", "url2": "http://hayashi-medical.com" }, "geometry": { "type": "Point", "coordinates": [ 139.672702699999974, 35.7452531 ] } },
{ "type": "Feature", "properties": { "内容": "Link板橋訪問看護【訪問看護】東京都板橋区中板橋4－15藤井ビル105", "url": "https://www.kaigokensaku.mhlw.go.jp/13/index.php?action_kouhyou_detail_004_kani=true&JigyosyoCd=1361990706-00&ServiceCd=130&Type=search", "url2": "https://carelinkteizyun.com/" }, "geometry": { "type": "Point", "coordinates": [ 139.7004909, 35.7562263 ] } },
{ "type": "Feature", "properties": { "内容": "訪問看護ステーションはなメンタルケア下赤塚【訪問看護】東京都板橋区赤塚2-9-3", "url": "https://www.kaigokensaku.mhlw.go.jp/13/index.php?action_kouhyou_detail_004_kani=true&JigyosyoCd=1361990441-00&ServiceCd=130&Type=search", "url2": "https://www.hana-kango.com/index.html" }, "geometry": { "type": "Point", "coordinates": [ 139.6445516, 35.7718743 ] } },
{ "type": "Feature", "properties": { "内容": "浮間舟渡病院訪問看護ステーション【訪問看護】東京都板橋区舟渡１丁目１７番１号", "url": "https://www.kaigokensaku.mhlw.go.jp/13/index.php?action_kouhyou_detail_004_kani=true&JigyosyoCd=1361990722-00&ServiceCd=130&Type=search", "url2": null }, "geometry": { "type": "Point", "coordinates": [ 139.687085700000011, 35.792763 ] } },
{ "type": "Feature", "properties": { "内容": "株式会社SBSN　訪問看護ステーション宝珠【訪問看護】東京都板橋区西台2丁目28番20号楽寿ビル", "url": "https://www.kaigokensaku.mhlw.go.jp/13/index.php?action_kouhyou_detail_004_kani=true&JigyosyoCd=1361990763-00&ServiceCd=130&Type=search", "url2": "https://www.sbsn-kango.com" }, "geometry": { "type": "Point", "coordinates": [ 139.66767903804606, 35.78072149186778 ] } },
{ "type": "Feature", "properties": { "内容": "医療法人社団心愛会　TOWN訪問診療所板橋【訪問看護】東京都板橋区大山金井町35-2ボンボニエール1階101号室", "url": "https://www.kaigokensaku.mhlw.go.jp/13/index.php?action_kouhyou_detail_004_kani=true&JigyosyoCd=1311933761-00&ServiceCd=130&Type=search", "url2": "http://townhomecare.com/itabashi.html" }, "geometry": { "type": "Point", "coordinates": [ 139.705193400000013, 35.7470925 ] } },
{ "type": "Feature", "properties": { "内容": "CLASWELL小竹向原訪問看護ステーション【訪問看護】東京都板橋区向原２－１１－１１", "url": "https://www.kaigokensaku.mhlw.go.jp/13/index.php?action_kouhyou_detail_004_kani=true&JigyosyoCd=1361990813-00&ServiceCd=130&Type=search", "url2": "https://kc-welfare.co.jp/" }, "geometry": { "type": "Point", "coordinates": [ 139.6821682, 35.7402251 ] } },
{ "type": "Feature", "properties": { "内容": "C-yu訪問看護ステーション【訪問看護】東京都板橋区小茂根1丁目29番16号バンブー101号", "url": "https://www.kaigokensaku.mhlw.go.jp/13/index.php?action_kouhyou_detail_004_kani=true&JigyosyoCd=1361990839-00&ServiceCd=130&Type=search", "url2": "https://smilehumanity.co.jp/" }, "geometry": { "type": "Point", "coordinates": [ 139.6774489, 35.745193 ] } },
{ "type": "Feature", "properties": { "内容": "ファミリーナース板橋【訪問看護】東京都板橋区7-14なかねビル103", "url": "https://www.kaigokensaku.mhlw.go.jp/13/index.php?action_kouhyou_detail_004_kani=true&JigyosyoCd=1361990847-00&ServiceCd=130&Type=search", "url2": "http://familynurse.eight1188.co.jp" }, "geometry": { "type": "Point", "coordinates": [ 139.701737761712906, 35.756829534892809 ] } },
{ "type": "Feature", "properties": { "内容": "訪問看護ステーション　ニト板橋【訪問看護】東京都板橋区大山金井町40-6ハーモニー大山201", "url": "https://www.kaigokensaku.mhlw.go.jp/13/index.php?action_kouhyou_detail_004_kani=true&JigyosyoCd=1361990854-00&ServiceCd=130&Type=search", "url2": null }, "geometry": { "type": "Point", "coordinates": [ 139.7033946, 35.7470013 ] } },
{ "type": "Feature", "properties": { "内容": "医心館訪問看護ステーション上板橋【訪問看護】東京都板橋区上板橋2丁目5-8", "url": "https://www.kaigokensaku.mhlw.go.jp/13/index.php?action_kouhyou_detail_004_kani=true&JigyosyoCd=1361990862-00&ServiceCd=130&Type=search", "url2": null }, "geometry": { "type": "Point", "coordinates": [ 139.6731327, 35.7617279 ] } },
{ "type": "Feature", "properties": { "内容": "訪問看護いたばし感動ステーション【訪問看護】東京都板橋区仲町２８－７３F", "url": "https://www.kaigokensaku.mhlw.go.jp/13/index.php?action_kouhyou_detail_004_kani=true&JigyosyoCd=1361990821-00&ServiceCd=130&Type=search", "url2": "https://force.jp.net" }, "geometry": { "type": "Point", "coordinates": [ 139.696701499999989, 35.7529831 ] } },
{ "type": "Feature", "properties": { "内容": "訪問看護ステーションプラスワン【訪問看護】東京都板橋区舟渡3-28-14", "url": "https://www.kaigokensaku.mhlw.go.jp/13/index.php?action_kouhyou_detail_004_kani=true&JigyosyoCd=1361990789-00&ServiceCd=130&Type=search", "url2": null }, "geometry": { "type": "Point", "coordinates": [ 139.6829926, 35.7956806 ] } },
{ "type": "Feature", "properties": { "内容": "イムス訪問看護ステーション東京【訪問看護】東京都板橋区仲町１番４号クローバーのさと", "url": "https://www.kaigokensaku.mhlw.go.jp/13/index.php?action_kouhyou_detail_004_kani=true&JigyosyoCd=1361990086-00&ServiceCd=130&Type=search", "url2": "http://www.ims.gr.jp/clover/" }, "geometry": { "type": "Point", "coordinates": [ 139.699830600000041, 35.7513726 ] } },
{ "type": "Feature", "properties": { "内容": "訪問看護リハビリステーションさんぽ【訪問看護】東京都板橋区赤塚1丁目5-11第6藤ハイランド35号室", "url": "https://www.kaigokensaku.mhlw.go.jp/13/index.php?action_kouhyou_detail_004_kani=true&JigyosyoCd=1361990870-00&ServiceCd=130&Type=search", "url2": "https://www.sunshow-wellbeing.com/" }, "geometry": { "type": "Point", "coordinates": [ 139.6486167, 35.7697542 ] } },
{ "type": "Feature", "properties": { "内容": "訪問看護ステーション　コルディアーレ板橋【訪問看護】東京都板橋区板橋1-49-3ライオンズマンション板橋207号室", "url": "https://www.kaigokensaku.mhlw.go.jp/13/index.php?action_kouhyou_detail_004_kani=true&JigyosyoCd=1361990888-00&ServiceCd=130&Type=search", "url2": "http://www.jsh-japan.jp/" }, "geometry": { "type": "Point", "coordinates": [ 139.7187745, 35.7476581 ] } },
{ "type": "Feature", "properties": { "内容": "訪問看護ステーションようき【訪問看護】東京都板橋区高島平7-19-12502", "url": "https://www.kaigokensaku.mhlw.go.jp/13/index.php?action_kouhyou_detail_004_kani=true&JigyosyoCd=1361990896-00&ServiceCd=130&Type=search", "url2": null }, "geometry": { "type": "Point", "coordinates": [ 139.6569869, 35.7910225 ] } },
{ "type": "Feature", "properties": { "内容": "ﾘｸﾗｽ東京　訪問看護よつば【訪問看護】東京都板橋区中板橋22‐9堀越ビル102", "url": "https://www.kaigokensaku.mhlw.go.jp/13/index.php?action_kouhyou_detail_004_kani=true&JigyosyoCd=1361990904-00&ServiceCd=130&Type=search", "url2": "http://yotuba-kaigo.wixsite.com/my-site" }, "geometry": { "type": "Point", "coordinates": [ 139.697108766270446, 35.755366866645538 ] } },
{ "type": "Feature", "properties": { "内容": "訪問看護ステーションエーデルワイス【訪問看護】東京都板橋区四葉2-21-16", "url": "https://www.kaigokensaku.mhlw.go.jp/13/index.php?action_kouhyou_detail_004_kani=true&JigyosyoCd=1367192586-00&ServiceCd=130&Type=search", "url2": "http://www.tshnet.or.jp" }, "geometry": { "type": "Point", "coordinates": [ 139.650689599999964, 35.783259 ] } },
{ "type": "Feature", "properties": { "内容": "サンベストビレッジ舟渡訪問看護ステーション【訪問看護】東京都板橋区舟渡3-12-13サンベストビレッジ舟渡2階", "url": "https://www.kaigokensaku.mhlw.go.jp/13/index.php?action_kouhyou_detail_004_kani=true&JigyosyoCd=1361990912-00&ServiceCd=130&Type=search", "url2": null }, "geometry": { "type": "Point", "coordinates": [ 139.685171700000012, 35.79329 ] } },
{ "type": "Feature", "properties": { "内容": "かえりえ上板橋【訪問看護】東京地板橋区上板橋1ｰ12ｰ2ゆめてらす上板橋", "url": "https://www.kaigokensaku.mhlw.go.jp/13/index.php?action_kouhyou_detail_004_kani=true&JigyosyoCd=1361990920-00&ServiceCd=130&Type=search", "url2": null }, "geometry": { "type": "Point", "coordinates": [ 139.6773997, 35.7624289 ] } },
{ "type": "Feature", "properties": { "内容": "セントケア訪問看護ステーション板橋【訪問看護】東京都板橋区上板橋1-16-6町田ビル1Ｆ", "url": "https://www.kaigokensaku.mhlw.go.jp/13/index.php?action_kouhyou_detail_004_kani=true&JigyosyoCd=1361990052-00&ServiceCd=130&Type=search", "url2": "https://www.saint-care.com/" }, "geometry": { "type": "Point", "coordinates": [ 139.677629499999966, 35.7616015 ] } },
{ "type": "Feature", "properties": { "内容": "訪問看護ステーション　ゴルディロックス【訪問看護】東京都板橋区仲町38-3コープエンリッチ1Ｆ", "url": "https://www.kaigokensaku.mhlw.go.jp/13/index.php?action_kouhyou_detail_004_kani=true&JigyosyoCd=1361990094-00&ServiceCd=130&Type=search", "url2": "http://goldirocks.co.jp/" }, "geometry": { "type": "Point", "coordinates": [ 139.69599876975596, 35.754423612771646 ] } },
{ "type": "Feature", "properties": { "内容": "医心館訪問看護ステーション成増【訪問看護】東京都板橋区成増3丁目19-19", "url": "https://www.kaigokensaku.mhlw.go.jp/13/index.php?action_kouhyou_detail_004_kani=true&JigyosyoCd=1361990359-00&ServiceCd=130&Type=search", "url2": null }, "geometry": { "type": "Point", "coordinates": [ 139.63267613988117, 35.779684659639599 ] } },
{ "type": "Feature", "properties": { "内容": "みちおい訪問看護ステーション【訪問看護】東京都板橋区徳丸3-38-34ヒルサイドハイツB1F", "url": "https://www.kaigokensaku.mhlw.go.jp/13/index.php?action_kouhyou_detail_004_kani=true&JigyosyoCd=1361990391-00&ServiceCd=130&Type=search", "url2": "https://www.mitioisya.tokyo/" }, "geometry": { "type": "Point", "coordinates": [ 139.658809889138496, 35.774176203973539 ] } },
{ "type": "Feature", "properties": { "内容": "健祐会訪問看護ステーション【訪問看護】東京都板橋区南常盤台1-7-14南ときわ台ビルB1F", "url": "https://www.kaigokensaku.mhlw.go.jp/13/index.php?action_kouhyou_detail_004_kani=true&JigyosyoCd=1361990516-00&ServiceCd=130&Type=search", "url2": "https://kenyukai.co.jp" }, "geometry": { "type": "Point", "coordinates": [ 139.6905543, 35.7553014 ] } },
{ "type": "Feature", "properties": { "内容": "訪問看護かえりえ西台【訪問看護】東京都板橋区西台2ｰ24ｰ15ディーフェスタ西台内", "url": "https://www.kaigokensaku.mhlw.go.jp/13/index.php?action_kouhyou_detail_004_kani=true&JigyosyoCd=1361990524-00&ServiceCd=130&Type=search", "url2": null }, "geometry": { "type": "Point", "coordinates": [ 139.668667200000016, 35.780157699999982 ] } },
{ "type": "Feature", "properties": { "内容": "訪問看護ステーション　カラフル【訪問看護】東京都板橋区板橋4-38-5パインコート1階", "url": "https://www.kaigokensaku.mhlw.go.jp/13/index.php?action_kouhyou_detail_004_kani=true&JigyosyoCd=1361990540-00&ServiceCd=130&Type=search", "url2": "https://colorful-kango.com/" }, "geometry": { "type": "Point", "coordinates": [ 139.719693886737929, 35.75131151794217 ] } },
{ "type": "Feature", "properties": { "内容": "ビコー訪問看護リハビリステーション成増【訪問看護】東京都板橋区成増1-20-12", "url": "https://www.kaigokensaku.mhlw.go.jp/13/index.php?action_kouhyou_detail_004_kani=true&JigyosyoCd=1361990664-00&ServiceCd=130&Type=search", "url2": "https://bikou-group.com/" }, "geometry": { "type": "Point", "coordinates": [ 139.629599, 35.772244 ] } },
{ "type": "Feature", "properties": { "内容": "上板橋訪問看護リハビリステーション【訪問看護】東京都板橋区常盤台4丁目３６－６", "url": "https://www.kaigokensaku.mhlw.go.jp/13/index.php?action_kouhyou_detail_004_kani=true&JigyosyoCd=1367192156-00&ServiceCd=130&Type=search", "url2": "http://www.jiseikai.or.jp" }, "geometry": { "type": "Point", "coordinates": [ 139.676151800000071, 35.7652705 ] } },
{ "type": "Feature", "properties": { "内容": "訪問看護ステーションつくしんぼ【訪問看護】東京都板橋区大山西町70番10号2階", "url": "https://www.kaigokensaku.mhlw.go.jp/13/index.php?action_kouhyou_detail_004_kani=true&JigyosyoCd=1367192727-00&ServiceCd=130&Type=search", "url2": "http://www.tsukushinbokai.com/" }, "geometry": { "type": "Point", "coordinates": [ 139.693320200000016, 35.747042200000017 ] } },
{ "type": "Feature", "properties": { "内容": "板橋区医師会訪問看護ステーション【訪問看護】東京都板橋区高島平2-32-2107", "url": "https://www.kaigokensaku.mhlw.go.jp/13/index.php?action_kouhyou_detail_004_kani=true&JigyosyoCd=1367193311-00&ServiceCd=130&Type=search", "url2": "https://www.itb.tokyo.med.or.jp/itb-zaitaku/station/" }, "geometry": { "type": "Point", "coordinates": [ 139.663715168200753, 35.787280045314247 ] } },
{ "type": "Feature", "properties": { "内容": "青出木訪問看護ステーション【訪問看護】東京都板橋区小茂根1-27-16江古田第四ロイヤルコーポ103号室", "url": "https://www.kaigokensaku.mhlw.go.jp/13/index.php?action_kouhyou_detail_004_kani=true&JigyosyoCd=1367197452-00&ServiceCd=130&Type=search", "url2": "https://aodeki-st.com/" }, "geometry": { "type": "Point", "coordinates": [ 139.677893899999958, 35.7461391 ] } },
{ "type": "Feature", "properties": { "内容": "医療法人社団　健育会　ケアセンターけやき【訪問看護】東京都板橋区桜川２－１０－７", "url": "https://www.kaigokensaku.mhlw.go.jp/13/index.php?action_kouhyou_detail_004_kani=true&JigyosyoCd=1361990029-00&ServiceCd=130&Type=search", "url2": "http://www.takekawa.gr.jp/keyaki/" }, "geometry": { "type": "Point", "coordinates": [ 139.679443399999968, 35.7583491 ] } },
{ "type": "Feature", "properties": { "内容": "訪問看護リベル　板橋西台【訪問看護】東京都板橋区西台三丁目１番14号", "url": "https://www.kaigokensaku.mhlw.go.jp/13/index.php?action_kouhyou_detail_004_kani=true&JigyosyoCd=1361990938-00&ServiceCd=130&Type=search", "url2": null }, "geometry": { "type": "Point", "coordinates": [ 139.6702869, 35.7723122 ] } },
{ "type": "Feature", "properties": { "内容": "トラスト訪問看護ステーション【訪問看護】東京都板橋区大山東町27-12メゾンフォンテーヌ204号", "url": "https://www.kaigokensaku.mhlw.go.jp/13/index.php?action_kouhyou_detail_004_kani=true&JigyosyoCd=1361490376-00&ServiceCd=130&Type=search", "url2": "https://www.seretrust.com/" }, "geometry": { "type": "Point", "coordinates": [ 139.7075519, 35.7490715 ] } },
{ "type": "Feature", "properties": { "内容": "在宅療養支援ステーション楓の風　高島平【訪問看護】東京都板橋区赤塚8-10-2プラサ清華禎101号室", "url": "https://www.kaigokensaku.mhlw.go.jp/13/index.php?action_kouhyou_detail_004_kani=true&JigyosyoCd=1361990110-00&ServiceCd=130&Type=search", "url2": "https://kaede-homenursing.co.jp" }, "geometry": { "type": "Point", "coordinates": [ 139.6461123, 35.7816963 ] } },
{ "type": "Feature", "properties": { "内容": "こころ訪問看護リハビリステーション板橋【訪問看護】東京都板橋区氷川町３－９桜井ビル２階", "url": "https://www.kaigokensaku.mhlw.go.jp/13/index.php?action_kouhyou_detail_004_kani=true&JigyosyoCd=1361990128-00&ServiceCd=130&Type=search", "url2": "http://cocoro.care/" }, "geometry": { "type": "Point", "coordinates": [ 139.707407699999976, 35.7519063 ] } },
{ "type": "Feature", "properties": { "内容": "訪問看護ステーション共茂【訪問看護】東京都板橋区坂下2-6-1ロワイヤルシャバール403", "url": "https://www.kaigokensaku.mhlw.go.jp/13/index.php?action_kouhyou_detail_004_kani=true&JigyosyoCd=1361990144-00&ServiceCd=130&Type=search", "url2": "http://www.kyomo.co.jp" }, "geometry": { "type": "Point", "coordinates": [ 139.683503400000063, 35.7821934 ] } },
{ "type": "Feature", "properties": { "内容": "訪問看護リハステーションRe:ACTIVE【訪問看護】東京都板橋区大山町53-3内田CPAビル2階", "url": "https://www.kaigokensaku.mhlw.go.jp/13/index.php?action_kouhyou_detail_004_kani=true&JigyosyoCd=1361990342-00&ServiceCd=130&Type=search", "url2": "https://www.medical-color.com/" }, "geometry": { "type": "Point", "coordinates": [ 139.697129670060093, 35.750366197833209 ] } },
{ "type": "Feature", "properties": { "内容": "ガイア訪問看護ステーション板橋【訪問看護】東京都板橋区板橋2-40-3", "url": "https://www.kaigokensaku.mhlw.go.jp/13/index.php?action_kouhyou_detail_004_kani=true&JigyosyoCd=1361990409-00&ServiceCd=130&Type=search", "url2": "https://www.gaia-medicare.jp/" }, "geometry": { "type": "Point", "coordinates": [ 139.714145800000011, 35.748512 ] } },
{ "type": "Feature", "properties": { "内容": "おうちでよかった訪問看護【訪問看護】東京都板橋区大原町44-3", "url": "https://www.kaigokensaku.mhlw.go.jp/13/index.php?action_kouhyou_detail_004_kani=true&JigyosyoCd=1361990417-00&ServiceCd=130&Type=search", "url2": "https://nurse.teamblue.jp/" }, "geometry": { "type": "Point", "coordinates": [ 139.695957882873444, 35.768796708279687 ] } },
{ "type": "Feature", "properties": { "内容": "あまね看護ステーション【訪問看護】東京都板橋区蓮根2-20-9スピードビル2階", "url": "https://www.kaigokensaku.mhlw.go.jp/13/index.php?action_kouhyou_detail_004_kani=true&JigyosyoCd=1361990425-00&ServiceCd=130&Type=search", "url2": "https://www.amane-ns.net/" }, "geometry": { "type": "Point", "coordinates": [ 139.676558711569214, 35.783226086528742 ] } },
{ "type": "Feature", "properties": { "内容": "訪問看護ステーションはな中台【訪問看護】東京都板橋区中台1-36-2上板橋カーネルマンション101", "url": "https://www.kaigokensaku.mhlw.go.jp/13/index.php?action_kouhyou_detail_004_kani=true&JigyosyoCd=1361990433-00&ServiceCd=130&Type=search", "url2": "https://www.hana-kango.com/index.html" }, "geometry": { "type": "Point", "coordinates": [ 139.6770558, 35.7658897 ] } },
{ "type": "Feature", "properties": { "内容": "合同会社faro　訪問看護ステーションぽると【訪問看護】東京都板橋区仲町36-6パサニアハイツ小宮105", "url": "https://www.kaigokensaku.mhlw.go.jp/13/index.php?action_kouhyou_detail_004_kani=true&JigyosyoCd=1361990466-00&ServiceCd=130&Type=search", "url2": "hokan-porto.com" }, "geometry": { "type": "Point", "coordinates": [ 139.696445423348223, 35.754953633247446 ] } },
{ "type": "Feature", "properties": { "内容": "アップルパイ訪問看護ステーション【訪問看護】東京都板橋区板橋2-38-10パークハイツ1階", "url": "https://www.kaigokensaku.mhlw.go.jp/13/index.php?action_kouhyou_detail_004_kani=true&JigyosyoCd=1361990474-00&ServiceCd=130&Type=search", "url2": "https://apple.blessllc.com" }, "geometry": { "type": "Point", "coordinates": [ 139.714216986508177, 35.747953168673305 ] } },
{ "type": "Feature", "properties": { "内容": "リニエ訪問看護ステーション板橋【訪問看護】東京都板橋区板橋1-34-7平嶋ビル201", "url": "https://www.kaigokensaku.mhlw.go.jp/13/index.php?action_kouhyou_detail_004_kani=true&JigyosyoCd=1361990508-00&ServiceCd=130&Type=search", "url2": "https://linie-group.jp/office/houmonkango-itabashi/" }, "geometry": { "type": "Point", "coordinates": [ 139.715932874205038, 35.748654277668571 ] } },
{ "type": "Feature", "properties": { "内容": "スターク訪問看護ステーション板橋徳丸【訪問看護】東京都板橋区徳丸4-25-13新三洋ビル2F", "url": "https://www.kaigokensaku.mhlw.go.jp/13/index.php?action_kouhyou_detail_004_kani=true&JigyosyoCd=1361990557-00&ServiceCd=130&Type=search", "url2": "https://star-q.jp" }, "geometry": { "type": "Point", "coordinates": [ 139.6520349, 35.7745404 ] } },
{ "type": "Feature", "properties": { "内容": "ねこのて訪問看護ステーション成増【訪問看護】東京都板橋区成増1-35-25志幸76MANDARIN成増105", "url": "https://www.kaigokensaku.mhlw.go.jp/13/index.php?action_kouhyou_detail_004_kani=true&JigyosyoCd=1361990599-00&ServiceCd=130&Type=search", "url2": "https://nekonote-kango.jp/" }, "geometry": { "type": "Point", "coordinates": [ 139.626679846032715, 35.778279791703397 ] } },
{ "type": "Feature", "properties": { "内容": "マイナビ訪問看護ステーション常盤台【訪問看護】東京都板橋区常盤台4-25-14YMビル2階", "url": "https://www.kaigokensaku.mhlw.go.jp/13/index.php?action_kouhyou_detail_004_kani=true&JigyosyoCd=1361990615-00&ServiceCd=130&Type=search", "url2": "https://houmon-kango.mynavi.jp/" }, "geometry": { "type": "Point", "coordinates": [ 139.678086601223384, 35.763412765122958 ] } },
{ "type": "Feature", "properties": { "内容": "G.グレイス訪問看護ステーション【訪問看護】東京都板橋区上板橋2-55-42F", "url": "https://www.kaigokensaku.mhlw.go.jp/13/index.php?action_kouhyou_detail_004_kani=true&JigyosyoCd=1361990656-00&ServiceCd=130&Type=search", "url2": "https://www.g-hope.org" }, "geometry": { "type": "Point", "coordinates": [ 139.669434700000011, 35.7658694 ] } },
{ "type": "Feature", "properties": { "内容": "グロープ訪問看護リハビリステーション【訪問看護】東京都板橋区栄町32-5大山ローヤルコーポ414", "url": "https://www.kaigokensaku.mhlw.go.jp/13/index.php?action_kouhyou_detail_004_kani=true&JigyosyoCd=1361990698-00&ServiceCd=130&Type=search", "url2": null }, "geometry": { "type": "Point", "coordinates": [ 139.6992335, 35.753895900000032 ] } },
{ "type": "Feature", "properties": { "内容": "アワー訪問看護ステーション板橋【訪問看護】東京都板橋区徳丸2-19-14FUUWA徳丸100", "url": "https://www.kaigokensaku.mhlw.go.jp/13/index.php?action_kouhyou_detail_004_kani=true&JigyosyoCd=1361990714-00&ServiceCd=130&Type=search", "url2": null }, "geometry": { "type": "Point", "coordinates": [ 139.6636739, 35.7739137 ] } },
{ "type": "Feature", "properties": { "内容": "訪問看護ステーション　ホームケア光が丘【訪問看護】東京都板橋区成増2-17-10タカスビル8F", "url": "https://www.kaigokensaku.mhlw.go.jp/13/index.php?action_kouhyou_detail_004_kani=true&JigyosyoCd=1362090456-00&ServiceCd=130&Type=search", "url2": "https://www.millennia-corporation.jp/houmon/index.html" }, "geometry": { "type": "Point", "coordinates": [ 139.630753539083798, 35.777260074688144 ] } },
{ "type": "Feature", "properties": { "内容": "訪問看護ステーション　ルピナス板橋【訪問看護】東京都板橋区赤塚2-4-13", "url": "https://www.kaigokensaku.mhlw.go.jp/13/index.php?action_kouhyou_detail_004_kani=true&JigyosyoCd=1362190207-00&ServiceCd=130&Type=search", "url2": "http://vns-lupinus.jp/" }, "geometry": { "type": "Point", "coordinates": [ 139.645771136657828, 35.772282058339243 ] } },
{ "type": "Feature", "properties": { "内容": "訪問看護ステーションつゆくさ【訪問看護】東京都板橋区幸町10-6", "url": "https://www.kaigokensaku.mhlw.go.jp/13/index.php?action_kouhyou_detail_004_kani=true&JigyosyoCd=1367196116-00&ServiceCd=130&Type=search", "url2": "http://www.tuyukusa.co.jp" }, "geometry": { "type": "Point", "coordinates": [ 139.699133599999982, 35.7468064 ] } },
{ "type": "Feature", "properties": { "内容": "板橋リハビリ訪問看護ステーション【訪問看護】東京都板橋区氷川町２番１１号", "url": "https://www.kaigokensaku.mhlw.go.jp/13/index.php?action_kouhyou_detail_004_kani=true&JigyosyoCd=1367196835-00&ServiceCd=130&Type=search", "url2": "http://reha-progress.co.jp/" }, "geometry": { "type": "Point", "coordinates": [ 139.707682699999964, 35.7513508 ] } },
{ "type": "Feature", "properties": { "内容": "訪問看護ステーションnico【訪問看護】東京都板橋区徳丸3-17-1サークルポーチビル301", "url": "https://www.kaigokensaku.mhlw.go.jp/13/index.php?action_kouhyou_detail_004_kani=true&JigyosyoCd=1361990250-00&ServiceCd=130&Type=search", "url2": "https://www.niconurse.com" }, "geometry": { "type": "Point", "coordinates": [ 139.660331495123245, 35.769597475993699 ] } },
{ "type": "Feature", "properties": { "内容": "訪問看護ステーションはな　板橋【訪問看護】東京都板橋区板橋1-43-5", "url": "https://www.kaigokensaku.mhlw.go.jp/13/index.php?action_kouhyou_detail_004_kani=true&JigyosyoCd=1361990268-00&ServiceCd=130&Type=search", "url2": "http://www.hana-kango.com" }, "geometry": { "type": "Point", "coordinates": [ 139.717095800000038, 35.7487932 ] } },
{ "type": "Feature", "properties": { "内容": "SOMPOケア　徳丸　訪問看護【訪問看護】東京都板橋区徳丸2-17-9４階", "url": "https://www.kaigokensaku.mhlw.go.jp/13/index.php?action_kouhyou_detail_004_kani=true&JigyosyoCd=1361990300-00&ServiceCd=130&Type=search", "url2": "https://www.sompocare.com" }, "geometry": { "type": "Point", "coordinates": [ 139.662725, 35.773858 ] } },
{ "type": "Feature", "properties": { "内容": "訪問看護ステーション　ホームケア板橋【訪問看護】東京都板橋区南常盤台1-23-14石田ビル2Ｆ", "url": "https://www.kaigokensaku.mhlw.go.jp/13/index.php?action_kouhyou_detail_004_kani=true&JigyosyoCd=1361990326-00&ServiceCd=130&Type=search", "url2": "https://www.millennia-corporation.jp/houmon/index.html" }, "geometry": { "type": "Point", "coordinates": [ 139.689786899999945, 35.7579632 ] } },
{ "type": "Feature", "properties": { "内容": "一般社団法人すこやか　在宅看護センター板橋【訪問看護】東京都板橋区清水町79-2パールハイツ204号", "url": "https://www.kaigokensaku.mhlw.go.jp/13/index.php?action_kouhyou_detail_004_kani=true&JigyosyoCd=1361990334-00&ServiceCd=130&Type=search", "url2": "https://sukoyaca.biz/" }, "geometry": { "type": "Point", "coordinates": [ 139.690702900000019, 35.7760807 ] } },
{ "type": "Feature", "properties": { "内容": "ツクイ板橋訪問看護ステーション【訪問看護】東京都板橋区板橋2丁目67番8号板橋中央ビル801号", "url": "https://www.kaigokensaku.mhlw.go.jp/13/index.php?action_kouhyou_detail_004_kani=true&JigyosyoCd=1361990672-00&ServiceCd=130&Type=search", "url2": "https://www.tsukui.net/" }, "geometry": { "type": "Point", "coordinates": [ 139.7093073, 35.7516758 ] } },
{ "type": "Feature", "properties": { "内容": "すみれ訪問看護ステーション【訪問看護】東京都板橋区大山金井町11-10山手通り大山ビル４階", "url": "https://www.kaigokensaku.mhlw.go.jp/13/index.php?action_kouhyou_detail_004_kani=true&JigyosyoCd=1361990730-00&ServiceCd=130&Type=search", "url2": "https://hshomecare.jp/" }, "geometry": { "type": "Point", "coordinates": [ 139.7080306, 35.7465056 ] } },
{ "type": "Feature", "properties": { "内容": "訪問看護ステーションこんぱす【訪問看護】東京都板橋区赤塚1-5-11-33", "url": "https://www.kaigokensaku.mhlw.go.jp/13/index.php?action_kouhyou_detail_004_kani=true&JigyosyoCd=1361990748-00&ServiceCd=130&Type=search", "url2": "https://www.laughtale24.com/" }, "geometry": { "type": "Point", "coordinates": [ 139.6486167, 35.7697542 ] } },
{ "type": "Feature", "properties": { "内容": "訪問看護ステーションすきっぷ【訪問看護】東京都板橋区成増１丁目２８番１５号林屋ビル907号室", "url": "https://www.kaigokensaku.mhlw.go.jp/13/index.php?action_kouhyou_detail_004_kani=true&JigyosyoCd=1361990755-00&ServiceCd=130&Type=search", "url2": "http://www.skip-hns.info" }, "geometry": { "type": "Point", "coordinates": [ 139.63186, 35.7760097 ] } },
{ "type": "Feature", "properties": { "内容": "じぇいさぽーとほうもんかんごすてーしょん【訪問看護】東京都板橋区徳丸4－8－11正司ビル１F", "url": "https://www.kaigokensaku.mhlw.go.jp/13/index.php?action_kouhyou_detail_004_kani=true&JigyosyoCd=1361990797-00&ServiceCd=130&Type=search", "url2": null }, "geometry": { "type": "Point", "coordinates": [ 139.6530601, 35.769829 ] } },
{ "type": "Feature", "properties": { "内容": "Wish-Tree訪問看護ステーション板橋【訪問看護】東京都板橋区大山東町38－8石塚ビル1階", "url": "https://www.kaigokensaku.mhlw.go.jp/13/index.php?action_kouhyou_detail_004_kani=true&JigyosyoCd=1361990805-00&ServiceCd=130&Type=search", "url2": "https://wish-tree.jp/#Top" }, "geometry": { "type": "Point", "coordinates": [ 139.7074977, 35.7495694 ] } },
{ "type": "Feature", "properties": { "内容": "小豆沢病院訪問看護ステーション【訪問看護】東京都板橋区小豆沢1-9-14中沢ビル", "url": "https://www.kaigokensaku.mhlw.go.jp/13/index.php?action_kouhyou_detail_004_kani=true&JigyosyoCd=1367191315-00&ServiceCd=130&Type=search", "url2": "https://kenbun.or.jp/corp/office/nursestation/" }, "geometry": { "type": "Point", "coordinates": [ 139.700344452149579, 35.773030615149004 ] } },
{ "type": "Feature", "properties": { "内容": "成増訪問看護ステーション【訪問看護】東京都板橋区三園1-29-22", "url": "https://www.kaigokensaku.mhlw.go.jp/13/index.php?action_kouhyou_detail_004_kani=true&JigyosyoCd=1367192321-00&ServiceCd=130&Type=search", "url2": "https://www.mhcg.or.jp" }, "geometry": { "type": "Point", "coordinates": [ 139.639618400000018, 35.789753800000014 ] } },
{ "type": "Feature", "properties": { "内容": "ビコー訪問看護リハビリステーション【訪問看護】東京都板橋区常盤台1-11-13", "url": "https://www.kaigokensaku.mhlw.go.jp/13/index.php?action_kouhyou_detail_004_kani=true&JigyosyoCd=1361990243-00&ServiceCd=130&Type=search", "url2": "https://bikou-group.com/" }, "geometry": { "type": "Point", "coordinates": [ 139.691040974407628, 35.761116034161397 ] } },
{ "type": "Feature", "properties": { "内容": "やすら樹訪問看護【訪問看護】東京都板橋区桜川３－５－１５", "url": "https://www.kaigokensaku.mhlw.go.jp/13/index.php?action_kouhyou_detail_004_kani=true&JigyosyoCd=1361990946-00&ServiceCd=130&Type=search", "url2": null }, "geometry": { "type": "Point", "coordinates": [ 139.6738628, 35.7594719 ] } },
{ "type": "Feature", "properties": { "内容": "ｓｔｅｌｌａ訪問看護ステーション【訪問看護】東京都板橋区常盤台1-52-3STELLASときわ台3階", "url": "https://www.kaigokensaku.mhlw.go.jp/13/index.php?action_kouhyou_detail_004_kani=true&JigyosyoCd=1361990458-00&ServiceCd=130&Type=search", "url2": "http://stella83.jp/" }, "geometry": { "type": "Point", "coordinates": [ 139.694053700773594, 35.75855648715882 ] } },
{ "type": "Feature", "properties": { "内容": "こもね訪問看護ステーション【訪問看護】東京都板橋区小茂根4-11-11", "url": "https://www.kaigokensaku.mhlw.go.jp/13/index.php?action_kouhyou_detail_004_kani=true&JigyosyoCd=1367197742-00&ServiceCd=130&Type=search", "url2": "http://www.komonenosato.com" }, "geometry": { "type": "Point", "coordinates": [ 139.675077399999964, 35.7466696 ] } },
{ "type": "Feature", "properties": { "内容": "まごころ訪問看護リハビリステーション【訪問看護】東京都板橋区成増2-10-22", "url": "https://www.kaigokensaku.mhlw.go.jp/13/index.php?action_kouhyou_detail_004_kani=true&JigyosyoCd=1361990581-00&ServiceCd=130&Type=search", "url2": "https://ma-gokoro.jp" }, "geometry": { "type": "Point", "coordinates": [ 139.6335621, 35.776419 ] } },
{ "type": "Feature", "properties": { "内容": "いつも訪問看護ステーション【訪問看護】東京都板橋区成増4丁目6-20エーアパートメント201", "url": "https://www.kaigokensaku.mhlw.go.jp/13/index.php?action_kouhyou_detail_004_kani=true&JigyosyoCd=1361990953-00&ServiceCd=130&Type=search", "url2": "https://itsumo-houmon.com/" }, "geometry": { "type": "Point", "coordinates": [ 139.6332076, 35.7835333 ] } },
{ "type": "Feature", "properties": { "内容": "ソレイユ訪問看護ステーション【訪問看護】東京都練馬区立野町8-8福山ビル2階", "url": "https://www.kaigokensaku.mhlw.go.jp/13/index.php?action_kouhyou_detail_004_kani=true&JigyosyoCd=1362090076-00&ServiceCd=130&Type=search", "url2": "http://www.nursesupport-alice.com" }, "geometry": { "type": "Point", "coordinates": [ 139.583531031877072, 35.714671922217057 ] } },
{ "type": "Feature", "properties": { "内容": "訪問看護ファミリー・ホスピス大泉学園【訪問看護】東京都練馬区大泉学園町2丁目1番24号ファミリー・ホスピス大泉学園ハウス", "url": "https://www.kaigokensaku.mhlw.go.jp/13/index.php?action_kouhyou_detail_004_kani=true&JigyosyoCd=1362091199-00&ServiceCd=130&Type=search", "url2": "https://family-hospice.co.jp/" }, "geometry": { "type": "Point", "coordinates": [ 139.5852813, 35.7542992 ] } },
{ "type": "Feature", "properties": { "内容": "訪問看護ステーションHAYABUSA【訪問看護】東京都練馬区富士見台1丁目26番28号", "url": "https://www.kaigokensaku.mhlw.go.jp/13/index.php?action_kouhyou_detail_004_kani=true&JigyosyoCd=1362091249-00&ServiceCd=130&Type=search", "url2": "https://hayabusa-st.com/" }, "geometry": { "type": "Point", "coordinates": [ 139.6196492, 35.7345956 ] } },
{ "type": "Feature", "properties": { "内容": "北大泉訪問看護ステーション【訪問看護】東京都練馬区大泉町2-17-1", "url": "https://www.kaigokensaku.mhlw.go.jp/13/index.php?action_kouhyou_detail_004_kani=true&JigyosyoCd=1367192560-00&ServiceCd=130&Type=search", "url2": "https://www.mhcg.or.jp/search/f-845/" }, "geometry": { "type": "Point", "coordinates": [ 139.60274430000004, 35.7607912 ] } },
{ "type": "Feature", "properties": { "内容": "訪問看護ステーションひなげし【訪問看護】東京都練馬区練馬1-5-4MIビル801", "url": "https://www.kaigokensaku.mhlw.go.jp/13/index.php?action_kouhyou_detail_004_kani=true&JigyosyoCd=1362091330-00&ServiceCd=130&Type=search", "url2": null }, "geometry": { "type": "Point", "coordinates": [ 139.653382199999982, 35.737344100000023 ] } },
{ "type": "Feature", "properties": { "内容": "医心館訪問看護ステーション平和台【訪問看護】東京都練馬区早宮二丁目10番26号", "url": "https://www.kaigokensaku.mhlw.go.jp/13/index.php?action_kouhyou_detail_004_kani=true&JigyosyoCd=1362091033-00&ServiceCd=130&Type=search", "url2": null }, "geometry": { "type": "Point", "coordinates": [ 139.6533397, 35.7546349 ] } },
{ "type": "Feature", "properties": { "内容": "みんなのケアステーション練馬【訪問看護】東京都練馬区豊玉上２－２５－７ゴールドパレス豊玉３０２", "url": "https://www.kaigokensaku.mhlw.go.jp/13/index.php?action_kouhyou_detail_004_kani=true&JigyosyoCd=1362091355-00&ServiceCd=130&Type=search", "url2": "https://www.minna-no.org/" }, "geometry": { "type": "Point", "coordinates": [ 139.6581372, 35.7378749 ] } },
{ "type": "Feature", "properties": { "内容": "CLASWELL下石神井訪問看護ステーション【訪問看護】東京都練馬区下石神井2-33-3CLASWELL下石神井", "url": "https://www.kaigokensaku.mhlw.go.jp/13/index.php?action_kouhyou_detail_004_kani=true&JigyosyoCd=1362091371-00&ServiceCd=130&Type=search", "url2": "https://kc-welfare.co.jp/service/shimoshakujii/" }, "geometry": { "type": "Point", "coordinates": [ 139.606332, 35.7288468 ] } },
{ "type": "Feature", "properties": { "内容": "リハビリパーク練馬訪問看護ステーション【訪問看護】東京都練馬区豊玉北1-20-20", "url": "https://www.kaigokensaku.mhlw.go.jp/13/index.php?action_kouhyou_detail_004_kani=true&JigyosyoCd=1362090209-00&ServiceCd=130&Type=search", "url2": "http://www.rehabili-park.com/sisetu/nerima" }, "geometry": { "type": "Point", "coordinates": [ 139.666586799999976, 35.7318677 ] } },
{ "type": "Feature", "properties": { "内容": "医療法人社団翔洋会　訪問看護ステーションふきのとう【訪問看護】東京都練馬区大泉学園町８－２４－２５", "url": "https://www.kaigokensaku.mhlw.go.jp/13/index.php?action_kouhyou_detail_004_kani=true&JigyosyoCd=1367193717-00&ServiceCd=130&Type=search", "url2": "http://www.shoyokai.net/" }, "geometry": { "type": "Point", "coordinates": [ 139.5980889, 35.7736644 ] } },
{ "type": "Feature", "properties": { "内容": "すこまる訪問看護ステーション【訪問看護】東京都練馬区関町東2丁目13-3豊田コーポ１階102号室", "url": "https://www.kaigokensaku.mhlw.go.jp/13/index.php?action_kouhyou_detail_004_kani=true&JigyosyoCd=1362091389-00&ServiceCd=130&Type=search", "url2": "https://sukomaru-vns.com" }, "geometry": { "type": "Point", "coordinates": [ 139.5786146, 35.7277764 ] } },
{ "type": "Feature", "properties": { "内容": "医心館訪問看護ステーション中村橋【訪問看護】東京都練馬区貫井１丁目35-2", "url": "https://www.kaigokensaku.mhlw.go.jp/13/index.php?action_kouhyou_detail_004_kani=true&JigyosyoCd=1362091397-00&ServiceCd=130&Type=search", "url2": null }, "geometry": { "type": "Point", "coordinates": [ 139.634230800000012, 35.7366784 ] } },
{ "type": "Feature", "properties": { "内容": "hereness訪問看護ステーション【訪問看護】東京都練馬区高野台2-7-17", "url": "https://www.kaigokensaku.mhlw.go.jp/13/index.php?action_kouhyou_detail_004_kani=true&JigyosyoCd=1362091413-00&ServiceCd=130&Type=search", "url2": null }, "geometry": { "type": "Point", "coordinates": [ 139.622120700000011, 35.746554700000011 ] } },
{ "type": "Feature", "properties": { "内容": "医療法人社団純正会訪問看護ステーションエスポワール練馬【訪問看護】東京都練馬区関町東1-1-9", "url": "https://www.kaigokensaku.mhlw.go.jp/13/index.php?action_kouhyou_detail_004_kani=true&JigyosyoCd=1362090241-00&ServiceCd=130&Type=search", "url2": "https://www.esp-nerima.com" }, "geometry": { "type": "Point", "coordinates": [ 139.584905599999956, 35.7230257 ] } },
{ "type": "Feature", "properties": { "内容": "医療法人社団錦祥会訪問看護ステーションひびき【訪問看護】東京都練馬区錦1-16-12", "url": "https://www.kaigokensaku.mhlw.go.jp/13/index.php?action_kouhyou_detail_004_kani=true&JigyosyoCd=1362090514-00&ServiceCd=130&Type=search", "url2": "hibiki-houkan.com" }, "geometry": { "type": "Point", "coordinates": [ 139.670791263754239, 35.757830342572262 ] } },
{ "type": "Feature", "properties": { "内容": "サンウェルズ石神井公園訪問看護ステーション【訪問看護】東京都練馬区石神井台4-12-16PDハウス石神井公園", "url": "https://www.kaigokensaku.mhlw.go.jp/13/index.php?action_kouhyou_detail_004_kani=true&JigyosyoCd=1362091421-00&ServiceCd=130&Type=search", "url2": "http://sunwels.jp" }, "geometry": { "type": "Point", "coordinates": [ 139.5865752, 35.7353016 ] } },
{ "type": "Feature", "properties": { "内容": "めぐみの会訪問看護ステーション【訪問看護】東京都練馬区石神井町5-3-12", "url": "https://www.kaigokensaku.mhlw.go.jp/13/index.php?action_kouhyou_detail_004_kani=true&JigyosyoCd=1362090142-00&ServiceCd=130&Type=search", "url2": "http://www.medicalart.co.jp/" }, "geometry": { "type": "Point", "coordinates": [ 139.606176065403787, 35.738826934746072 ] } },
{ "type": "Feature", "properties": { "内容": "訪問看護ステーション　星の砂【訪問看護】東京都練馬区大泉町３－２－１７エステート大泉町１階", "url": "https://www.kaigokensaku.mhlw.go.jp/13/index.php?action_kouhyou_detail_004_kani=true&JigyosyoCd=1362090191-00&ServiceCd=130&Type=search", "url2": "https://www.nerimanishi-clinic.com/home-nursing-care/" }, "geometry": { "type": "Point", "coordinates": [ 139.599964, 35.7634547 ] } },
{ "type": "Feature", "properties": { "内容": "訪問看護ステーション　わかば【訪問看護】東京都練馬区富士見台3-12-21", "url": "https://www.kaigokensaku.mhlw.go.jp/13/index.php?action_kouhyou_detail_004_kani=true&JigyosyoCd=1362090522-00&ServiceCd=130&Type=search", "url2": "https://wakaba-fourleafclover.com/" }, "geometry": { "type": "Point", "coordinates": [ 139.625622892138693, 35.740026111897755 ] } },
{ "type": "Feature", "properties": { "内容": "SOMPOケア　練馬　訪問看護【訪問看護】東京都練馬区豊玉北4-11-10東洋ライス東日本支店1階", "url": "https://www.kaigokensaku.mhlw.go.jp/13/index.php?action_kouhyou_detail_004_kani=true&JigyosyoCd=1362090563-00&ServiceCd=130&Type=search", "url2": "https://www.sompocare.com/service/zaitaku/kango/Z000700" }, "geometry": { "type": "Point", "coordinates": [ 139.658899996038514, 35.735372950971637 ] } },
{ "type": "Feature", "properties": { "内容": "訪問看護かえりえ上石神井【訪問看護】東京都練馬区上石神井２－９－２１ヴィラージュリーシュ上石神井内", "url": "https://www.kaigokensaku.mhlw.go.jp/13/index.php?action_kouhyou_detail_004_kani=true&JigyosyoCd=1362090696-00&ServiceCd=130&Type=search", "url2": "http://www.yasashiite.com/subdomains/section/593/" }, "geometry": { "type": "Point", "coordinates": [ 139.597246, 35.7282981 ] } },
{ "type": "Feature", "properties": { "内容": "訪問看護ステーションはな練馬【訪問看護】東京都練馬区中村北1-3-8YSビル1F/2F", "url": "https://www.kaigokensaku.mhlw.go.jp/13/index.php?action_kouhyou_detail_004_kani=true&JigyosyoCd=1362090704-00&ServiceCd=130&Type=search", "url2": "https://hana-gr.com/company.html" }, "geometry": { "type": "Point", "coordinates": [ 139.6491049, 35.736038 ] } },
{ "type": "Feature", "properties": { "内容": "リニエ訪問看護ステーション練馬【訪問看護】東京都練馬区高野台2-8-2", "url": "https://www.kaigokensaku.mhlw.go.jp/13/index.php?action_kouhyou_detail_004_kani=true&JigyosyoCd=1362090845-00&ServiceCd=130&Type=search", "url2": "https://recruitment.linie-group.jp/" }, "geometry": { "type": "Point", "coordinates": [ 139.6210596, 35.7464005 ] } },
{ "type": "Feature", "properties": { "内容": "トータルライフケア桜台訪問看護ステーション【訪問看護】東京都練馬区桜台1-11-2コーポ若宮1F", "url": "https://www.kaigokensaku.mhlw.go.jp/13/index.php?action_kouhyou_detail_004_kani=true&JigyosyoCd=1362090944-00&ServiceCd=130&Type=search", "url2": "https://www.ikiikitlc.co.jp/" }, "geometry": { "type": "Point", "coordinates": [ 139.6634427, 35.7392069 ] } },
{ "type": "Feature", "properties": { "内容": "陽だまり　訪問看護ステーション　大泉【訪問看護】東京都練馬区南大泉1-26-10", "url": "https://www.kaigokensaku.mhlw.go.jp/13/index.php?action_kouhyou_detail_004_kani=true&JigyosyoCd=1362091207-00&ServiceCd=130&Type=search", "url2": "https://tanashi-hidamari.com" }, "geometry": { "type": "Point", "coordinates": [ 139.5744229, 35.7412885 ] } },
{ "type": "Feature", "properties": { "内容": "あいの風ナースステーション光が丘事業所【訪問看護】東京都練馬区谷原2-4-3", "url": "https://www.kaigokensaku.mhlw.go.jp/13/index.php?action_kouhyou_detail_004_kani=true&JigyosyoCd=1367197825-00&ServiceCd=130&Type=search", "url2": "http://www.zaitakucare.co.jp" }, "geometry": { "type": "Point", "coordinates": [ 139.617001699999946, 35.7496791 ] } },
{ "type": "Feature", "properties": { "内容": "光が丘訪問看護ステーション【訪問看護】東京都練馬区田柄４－１－１6", "url": "https://www.kaigokensaku.mhlw.go.jp/13/index.php?action_kouhyou_detail_004_kani=true&JigyosyoCd=1367198963-00&ServiceCd=130&Type=search", "url2": "https://hikari-houkan.com/" }, "geometry": { "type": "Point", "coordinates": [ 139.642235670500185, 35.762995569555919 ] } },
{ "type": "Feature", "properties": { "内容": "訪問看護ステーションはな大泉学園【訪問看護】東京都練馬区東大泉2-8-7パレスフォンテーンⅢ101", "url": "https://www.kaigokensaku.mhlw.go.jp/13/index.php?action_kouhyou_detail_004_kani=true&JigyosyoCd=1362091454-00&ServiceCd=130&Type=search", "url2": "https://www.hana-kango.com" }, "geometry": { "type": "Point", "coordinates": [ 139.5934191, 35.751155 ] } },
{ "type": "Feature", "properties": { "内容": "訪問看護ステーション春【訪問看護】東京都練馬区貫井3-17-6", "url": "https://www.kaigokensaku.mhlw.go.jp/13/index.php?action_kouhyou_detail_004_kani=true&JigyosyoCd=1361490293-00&ServiceCd=130&Type=search", "url2": "https://haru-fujimidai.com" }, "geometry": { "type": "Point", "coordinates": [ 139.630279559690223, 35.736930182235902 ] } },
{ "type": "Feature", "properties": { "内容": "訪問看護ステーションすこやか工房【訪問看護】東京都練馬区関町北１－２０－１６第２泉ビルＢ1Ｆ", "url": "https://www.kaigokensaku.mhlw.go.jp/13/index.php?action_kouhyou_detail_004_kani=true&JigyosyoCd=1362090035-00&ServiceCd=130&Type=search", "url2": "http://k-z-k.co.jp/" }, "geometry": { "type": "Point", "coordinates": [ 139.579767, 35.7263974 ] } },
{ "type": "Feature", "properties": { "内容": "大地訪問看護ステーション【訪問看護】東京都練馬区富士見台2-19-22", "url": "https://www.kaigokensaku.mhlw.go.jp/13/index.php?action_kouhyou_detail_004_kani=true&JigyosyoCd=1362090043-00&ServiceCd=130&Type=search", "url2": "http://www.from‐ent.com" }, "geometry": { "type": "Point", "coordinates": [ 139.624435906082113, 35.736007075487137 ] } },
{ "type": "Feature", "properties": { "内容": "ひかり訪問看護リハビリステーション【訪問看護】東京都練馬区東大泉２－７－２６葵コーポ１０１", "url": "https://www.kaigokensaku.mhlw.go.jp/13/index.php?action_kouhyou_detail_004_kani=true&JigyosyoCd=1362090217-00&ServiceCd=130&Type=search", "url2": "http://hikaricare.com/top.html" }, "geometry": { "type": "Point", "coordinates": [ 139.5939151, 35.7521781 ] } },
{ "type": "Feature", "properties": { "内容": "さかえケアサービス訪問看護ステーション【訪問看護】東京都練馬区豊玉北５－１１－４さかえビル２０１", "url": "https://www.kaigokensaku.mhlw.go.jp/13/index.php?action_kouhyou_detail_004_kani=true&JigyosyoCd=1362090290-00&ServiceCd=130&Type=search", "url2": "https://sakae5555.co.jp/" }, "geometry": { "type": "Point", "coordinates": [ 139.655549, 35.7339848 ] } },
{ "type": "Feature", "properties": { "内容": "ＤＳ訪問看護ステーション【訪問看護】東京都練馬区田柄3丁目１４－１２ルシェール飯綱山207号", "url": "https://www.kaigokensaku.mhlw.go.jp/13/index.php?action_kouhyou_detail_004_kani=true&JigyosyoCd=1362090415-00&ServiceCd=130&Type=search", "url2": null }, "geometry": { "type": "Point", "coordinates": [ 139.635960699999941, 35.7601728 ] } },
{ "type": "Feature", "properties": { "内容": "一般社団法人ひかりの森訪問看護ステーション【訪問看護】東京都練馬区南大泉3丁目28-4第2鈴和ハイツ105", "url": "https://www.kaigokensaku.mhlw.go.jp/13/index.php?action_kouhyou_detail_004_kani=true&JigyosyoCd=1362090472-00&ServiceCd=130&Type=search", "url2": "http://hikari-mori.org" }, "geometry": { "type": "Point", "coordinates": [ 139.568453099999942, 35.7472862 ] } },
{ "type": "Feature", "properties": { "内容": "ひまわり訪問看護リハビリステーション【訪問看護】東京都練馬区大泉学園町4－22－4", "url": "https://www.kaigokensaku.mhlw.go.jp/13/index.php?action_kouhyou_detail_004_kani=true&JigyosyoCd=1362090480-00&ServiceCd=130&Type=search", "url2": "https://nanohana-kango.jp/himawari/outline.html" }, "geometry": { "type": "Point", "coordinates": [ 139.587798600000042, 35.766067900000017 ] } },
{ "type": "Feature", "properties": { "内容": "訪問看護ステーションNewStep練馬【訪問看護】東京都練馬区北町2-19-13モリビル2階", "url": "https://www.kaigokensaku.mhlw.go.jp/13/index.php?action_kouhyou_detail_004_kani=true&JigyosyoCd=1362090530-00&ServiceCd=130&Type=search", "url2": "http://houmonkango-newstep.net" }, "geometry": { "type": "Point", "coordinates": [ 139.661825200000067, 35.7671588 ] } },
{ "type": "Feature", "properties": { "内容": "ホウカンTOKYO練馬【訪問看護】東京都練馬区春日町3-33-38", "url": "https://www.kaigokensaku.mhlw.go.jp/13/index.php?action_kouhyou_detail_004_kani=true&JigyosyoCd=1362090597-00&ServiceCd=130&Type=search", "url2": "https://hokan.tokyo/eleos/" }, "geometry": { "type": "Point", "coordinates": [ 139.643999300000019, 35.7529656 ] } },
{ "type": "Feature", "properties": { "内容": "あかり訪問看護ステーション【訪問看護】東京都練馬区石神井町7丁目1番2号本橋ビル201,301", "url": "https://www.kaigokensaku.mhlw.go.jp/13/index.php?action_kouhyou_detail_004_kani=true&JigyosyoCd=1362090621-00&ServiceCd=130&Type=search", "url2": "https://akari-homecare.org" }, "geometry": { "type": "Point", "coordinates": [ 139.603850083980859, 35.744228274902305 ] } },
{ "type": "Feature", "properties": { "内容": "らいおんハート訪問看護リハビリステーション中村橋【訪問看護】東京都練馬区貫井2-3-5ｼｭｳ・ｶﾜｸﾞﾁ北ﾋﾞﾙ3F", "url": "https://www.kaigokensaku.mhlw.go.jp/13/index.php?action_kouhyou_detail_004_kani=true&JigyosyoCd=1362090670-00&ServiceCd=130&Type=search", "url2": null }, "geometry": { "type": "Point", "coordinates": [ 139.637528958121607, 35.738643782009134 ] } },
{ "type": "Feature", "properties": { "内容": "なないろ訪問看護ステーション【訪問看護】東京都練馬区三原台1丁目29-8ライフステージ石神井　104号室", "url": "https://www.kaigokensaku.mhlw.go.jp/13/index.php?action_kouhyou_detail_004_kani=true&JigyosyoCd=1362090688-00&ServiceCd=130&Type=search", "url2": "https://4rainbow.localinfo.jp/" }, "geometry": { "type": "Point", "coordinates": [ 139.603100728836125, 35.750808335636663 ] } },
{ "type": "Feature", "properties": { "内容": "ソフィアメディ訪問看護ステーション光が丘【訪問看護】東京都練馬区田柄3-6-7", "url": "https://www.kaigokensaku.mhlw.go.jp/13/index.php?action_kouhyou_detail_004_kani=true&JigyosyoCd=1362090720-00&ServiceCd=130&Type=search", "url2": "http://www.sophiamedi.co.jp" }, "geometry": { "type": "Point", "coordinates": [ 139.639490600000045, 35.7591323 ] } },
{ "type": "Feature", "properties": { "内容": "訪問看護ステーションＧｉｆｔ【訪問看護】東京都練馬区南大泉4丁目43-6エスペランスヒルズB棟　101号室", "url": "https://www.kaigokensaku.mhlw.go.jp/13/index.php?action_kouhyou_detail_004_kani=true&JigyosyoCd=1362090746-00&ServiceCd=130&Type=search", "url2": "https://www.gifts-f-n.com" }, "geometry": { "type": "Point", "coordinates": [ 139.572357174205024, 35.745940403580448 ] } },
{ "type": "Feature", "properties": { "内容": "ヒロ訪問看護ステーション【訪問看護】東京都練馬区早宮１丁目44-35", "url": "https://www.kaigokensaku.mhlw.go.jp/13/index.php?action_kouhyou_detail_004_kani=true&JigyosyoCd=1362090753-00&ServiceCd=130&Type=search", "url2": "https://www.hilo-houmon.tokyo/" }, "geometry": { "type": "Point", "coordinates": [ 139.65895, 35.7529471 ] } },
{ "type": "Feature", "properties": { "内容": "きらめき訪問看護リハビリステーション下赤塚事業所【訪問看護】東京都練馬区田柄2-27-29フレンドマンション田柄", "url": "https://www.kaigokensaku.mhlw.go.jp/13/index.php?action_kouhyou_detail_004_kani=true&JigyosyoCd=1362090761-00&ServiceCd=130&Type=search", "url2": "http://kiramekihoukan-recruit.com/" }, "geometry": { "type": "Point", "coordinates": [ 139.6484844, 35.7648157 ] } },
{ "type": "Feature", "properties": { "内容": "訪問看護ステーション　えがお【訪問看護】東京都練馬区大泉学園町6－2－3ラフィーネ大泉学園B棟103", "url": "https://www.kaigokensaku.mhlw.go.jp/13/index.php?action_kouhyou_detail_004_kani=true&JigyosyoCd=1362090779-00&ServiceCd=130&Type=search", "url2": "https://www.unifollow.co.jp/" }, "geometry": { "type": "Point", "coordinates": [ 139.5837684, 35.7682135 ] } },
{ "type": "Feature", "properties": { "内容": "ソフィアメディ訪問看護ステーション大泉学園【訪問看護】東京都練馬区東大泉1-19-35三慶ビル３F", "url": "https://www.kaigokensaku.mhlw.go.jp/13/index.php?action_kouhyou_detail_004_kani=true&JigyosyoCd=1362090795-00&ServiceCd=130&Type=search", "url2": "https://www.sophiamedi.co.jp/" }, "geometry": { "type": "Point", "coordinates": [ 139.5919117, 35.750539 ] } },
{ "type": "Feature", "properties": { "内容": "練馬板橋ふくろう訪問看護リハビリステーション【訪問看護】東京都練馬区北町1-8-11", "url": "https://www.kaigokensaku.mhlw.go.jp/13/index.php?action_kouhyou_detail_004_kani=true&JigyosyoCd=1362090803-00&ServiceCd=130&Type=search", "url2": "http://fukurou-houmon.net" }, "geometry": { "type": "Point", "coordinates": [ 139.668358200000029, 35.763896400000014 ] } },
{ "type": "Feature", "properties": { "内容": "ソフィアメディ訪問看護ステーション小竹向原【訪問看護】東京都練馬区小竹町2-42-3ストークビラ小竹町D棟2号室", "url": "https://www.kaigokensaku.mhlw.go.jp/13/index.php?action_kouhyou_detail_004_kani=true&JigyosyoCd=1362090829-00&ServiceCd=130&Type=search", "url2": "https://www.sophiamedi.co.jp/station/station-kotakemukaihara/" }, "geometry": { "type": "Point", "coordinates": [ 139.675849203041082, 35.742977391988056 ] } },
{ "type": "Feature", "properties": { "内容": "楓ナーシング【訪問看護】東京都練馬区練馬1-1-12下島ビル3F", "url": "https://www.kaigokensaku.mhlw.go.jp/13/index.php?action_kouhyou_detail_004_kani=true&JigyosyoCd=1362090837-00&ServiceCd=130&Type=search", "url2": "https://www.kaede-llc.com" }, "geometry": { "type": "Point", "coordinates": [ 139.655851475196414, 35.737829155927486 ] } },
{ "type": "Feature", "properties": { "内容": "訪問看護ステーション　リハビタブル【訪問看護】東京都練馬区田柄4-28-14", "url": "https://www.kaigokensaku.mhlw.go.jp/13/index.php?action_kouhyou_detail_004_kani=true&JigyosyoCd=1362090860-00&ServiceCd=130&Type=search", "url2": "https://rehabitable.co.jp/" }, "geometry": { "type": "Point", "coordinates": [ 139.641234, 35.7653026 ] } },
{ "type": "Feature", "properties": { "内容": "訪問看護ステーション　こころサポート光が丘【訪問看護】東京都練馬区土支田１－３４－２２加藤ビル２０１", "url": "https://www.kaigokensaku.mhlw.go.jp/13/index.php?action_kouhyou_detail_004_kani=true&JigyosyoCd=1362090878-00&ServiceCd=130&Type=search", "url2": "https://www.mhcg.or.jp/search/f-943/" }, "geometry": { "type": "Point", "coordinates": [ 139.615508858091886, 35.765724634617861 ] } },
{ "type": "Feature", "properties": { "内容": "在宅ケアステーション　石神井【訪問看護】東京都練馬区石神井台4-3-24扇山ハイツ301号室", "url": "https://www.kaigokensaku.mhlw.go.jp/13/index.php?action_kouhyou_detail_004_kani=true&JigyosyoCd=1362090886-00&ServiceCd=130&Type=search", "url2": null }, "geometry": { "type": "Point", "coordinates": [ 139.5890389, 35.7313814 ] } },
{ "type": "Feature", "properties": { "内容": "りんく訪問看護ステーション【訪問看護】東京都練馬区練馬1-6-6カーサ・ポルタ706号", "url": "https://www.kaigokensaku.mhlw.go.jp/13/index.php?action_kouhyou_detail_004_kani=true&JigyosyoCd=1362090951-00&ServiceCd=130&Type=search", "url2": "https://link-houkan.com" }, "geometry": { "type": "Point", "coordinates": [ 139.6516695, 35.7372982 ] } },
{ "type": "Feature", "properties": { "内容": "訪問看護ステーションF・O・R【訪問看護】東京都練馬区大泉学園町3-7-25ボーアタルデこぐれ111", "url": "https://www.kaigokensaku.mhlw.go.jp/13/index.php?action_kouhyou_detail_004_kani=true&JigyosyoCd=1362090969-00&ServiceCd=130&Type=search", "url2": "https://formyself.jp/" }, "geometry": { "type": "Point", "coordinates": [ 139.5817561, 35.7633992 ] } },
{ "type": "Feature", "properties": { "内容": "ルージュ訪問看護ステーション【訪問看護】東京都練馬区大泉学園町1-24-7", "url": "https://www.kaigokensaku.mhlw.go.jp/13/index.php?action_kouhyou_detail_004_kani=true&JigyosyoCd=1362091025-00&ServiceCd=130&Type=search", "url2": "https://kangostation.jp/" }, "geometry": { "type": "Point", "coordinates": [ 139.590474699999987, 35.762184 ] } },
{ "type": "Feature", "properties": { "内容": "TOEI訪問看護ステーション【訪問看護】東京都練馬区練馬１丁目9-5セントラル練馬Ⅱ　1階", "url": "https://www.kaigokensaku.mhlw.go.jp/13/index.php?action_kouhyou_detail_004_kani=true&JigyosyoCd=1362091058-00&ServiceCd=130&Type=search", "url2": "https://www.toei-inc.jp" }, "geometry": { "type": "Point", "coordinates": [ 139.650853514908619, 35.738292372463825 ] } },
{ "type": "Feature", "properties": { "内容": "TCコミュニティ訪問看護ステーション【訪問看護】東京都練馬区関町北4-11-15ペルリーノ武蔵関111号室", "url": "https://www.kaigokensaku.mhlw.go.jp/13/index.php?action_kouhyou_detail_004_kani=true&JigyosyoCd=1362091066-00&ServiceCd=130&Type=search", "url2": "https://tc.nurse-pro.co.jp/" }, "geometry": { "type": "Point", "coordinates": [ 139.577405922090151, 35.729315057056915 ] } },
{ "type": "Feature", "properties": { "内容": "ルピナス訪問看護ステーション【訪問看護】東京都練馬区北町7-8-8パレス高根沢101号室", "url": "https://www.kaigokensaku.mhlw.go.jp/13/index.php?action_kouhyou_detail_004_kani=true&JigyosyoCd=1362091090-00&ServiceCd=130&Type=search", "url2": "http://lupinus-nursing.com" }, "geometry": { "type": "Point", "coordinates": [ 139.6503045, 35.7595132 ] } },
{ "type": "Feature", "properties": { "内容": "いちご訪問看護リハビリステーション【訪問看護】東京都練馬区石神井町7-1-14石神井スカイビル401", "url": "https://www.kaigokensaku.mhlw.go.jp/13/index.php?action_kouhyou_detail_004_kani=true&JigyosyoCd=1362091116-00&ServiceCd=130&Type=search", "url2": "https://ichigohoumonkango.wixsite.com/ichigo-houmonkango" }, "geometry": { "type": "Point", "coordinates": [ 139.6024428, 35.7445148 ] } },
{ "type": "Feature", "properties": { "内容": "ケア21メディカル訪問看護ステーションぴ～す練馬【訪問看護】東京都練馬区桜台４丁目５号８番地ファミール桜台　１階　102号室", "url": "https://www.kaigokensaku.mhlw.go.jp/13/index.php?action_kouhyou_detail_004_kani=true&JigyosyoCd=1362091140-00&ServiceCd=130&Type=search", "url2": null }, "geometry": { "type": "Point", "coordinates": [ 139.657883700000014, 35.7387766 ] } },
{ "type": "Feature", "properties": { "内容": "訪問看護ステーションまる練馬【訪問看護】東京都練馬区練馬１－２０－９", "url": "https://www.kaigokensaku.mhlw.go.jp/13/index.php?action_kouhyou_detail_004_kani=true&JigyosyoCd=1362091157-00&ServiceCd=130&Type=search", "url2": null }, "geometry": { "type": "Point", "coordinates": [ 139.656008, 35.7382857 ] } },
{ "type": "Feature", "properties": { "内容": "イーズ訪問看護ステーション【訪問看護】東京都練馬区東大泉3-4-3大新ビル303", "url": "https://www.kaigokensaku.mhlw.go.jp/13/index.php?action_kouhyou_detail_004_kani=true&JigyosyoCd=1362091173-00&ServiceCd=130&Type=search", "url2": null }, "geometry": { "type": "Point", "coordinates": [ 139.5895612, 35.751 ] } },
{ "type": "Feature", "properties": { "内容": "慈雲堂訪問看護ステーション【訪問看護】東京都練馬区関町南4-14-53", "url": "https://www.kaigokensaku.mhlw.go.jp/13/index.php?action_kouhyou_detail_004_kani=true&JigyosyoCd=1367192420-00&ServiceCd=130&Type=search", "url2": "http://www.jiundo.or.jp" }, "geometry": { "type": "Point", "coordinates": [ 139.572598299999981, 35.7207617 ] } },
{ "type": "Feature", "properties": { "内容": "北園訪問看護ステーション【訪問看護】東京都練馬区大泉学園町1-1-5シャトー高陣屋ビル101", "url": "https://www.kaigokensaku.mhlw.go.jp/13/index.php?action_kouhyou_detail_004_kani=true&JigyosyoCd=1367193741-00&ServiceCd=130&Type=search", "url2": "http://www.thoken.or.jp/" }, "geometry": { "type": "Point", "coordinates": [ 139.588426600000048, 35.757405 ] } },
{ "type": "Feature", "properties": { "内容": "あすなろ訪問看護ステーション【訪問看護】東京都練馬区上石神井1-5-5パールビル１F", "url": "https://www.kaigokensaku.mhlw.go.jp/13/index.php?action_kouhyou_detail_004_kani=true&JigyosyoCd=1367197007-00&ServiceCd=130&Type=search", "url2": "https://asunaro-st.com" }, "geometry": { "type": "Point", "coordinates": [ 139.592082799999957, 35.725409 ] } },
{ "type": "Feature", "properties": { "内容": "アール訪問看護ステーションねりま【訪問看護】東京都練馬区豊玉北5-12-9パレスシノ1階", "url": "https://www.kaigokensaku.mhlw.go.jp/13/index.php?action_kouhyou_detail_004_kani=true&JigyosyoCd=1367198351-00&ServiceCd=130&Type=search", "url2": "http://houmonshinryou.com/network-list/reimei" }, "geometry": { "type": "Point", "coordinates": [ 139.655259143408216, 35.735878157957544 ] } },
{ "type": "Feature", "properties": { "内容": "セントケアDX訪問看護ステーション富士見台【訪問看護】東京都練馬区中村北4-14-2", "url": "https://www.kaigokensaku.mhlw.go.jp/13/index.php?action_kouhyou_detail_004_kani=true&JigyosyoCd=1361490426-00&ServiceCd=130&Type=search", "url2": "https://www.saint-care.com/dx/" }, "geometry": { "type": "Point", "coordinates": [ 139.636710175563053, 35.734670694300206 ] } },
{ "type": "Feature", "properties": { "内容": "石神井訪問看護ステーション【訪問看護】東京都練馬区石神井町２－３２－８", "url": "https://www.kaigokensaku.mhlw.go.jp/13/index.php?action_kouhyou_detail_004_kani=true&JigyosyoCd=1362090100-00&ServiceCd=130&Type=search", "url2": "http://www.katakurikai.jp" }, "geometry": { "type": "Point", "coordinates": [ 139.607833199999959, 35.7492399 ] } },
{ "type": "Feature", "properties": { "内容": "ハミングバード訪問看護ステーション【訪問看護】東京都練馬区豊玉北4-26-6DSTクリーンカーム403", "url": "https://www.kaigokensaku.mhlw.go.jp/13/index.php?action_kouhyou_detail_004_kani=true&JigyosyoCd=1362090589-00&ServiceCd=130&Type=search", "url2": "https://kodemari.co.jp/" }, "geometry": { "type": "Point", "coordinates": [ 139.657521, 35.7368845 ] } },
{ "type": "Feature", "properties": { "内容": "きずな訪問看護ステーション【訪問看護】東京都練馬区大泉学園町4-22-4パールハイツ大塚201", "url": "https://www.kaigokensaku.mhlw.go.jp/13/index.php?action_kouhyou_detail_004_kani=true&JigyosyoCd=1362091132-00&ServiceCd=130&Type=search", "url2": "https://c-connect-ooizumigakuen.com/" }, "geometry": { "type": "Point", "coordinates": [ 139.587729800000034, 35.7660033 ] } },
{ "type": "Feature", "properties": { "内容": "tete訪問看護ステーション【訪問看護】東京都練馬区中村北2-24-3ローズキャッスル104", "url": "https://www.kaigokensaku.mhlw.go.jp/13/index.php?action_kouhyou_detail_004_kani=true&JigyosyoCd=1362091215-00&ServiceCd=130&Type=search", "url2": "https://te-te.jp" }, "geometry": { "type": "Point", "coordinates": [ 139.642917700000027, 35.7345572 ] } },
{ "type": "Feature", "properties": { "内容": "ルネサンスリハビリステーション富士見台【訪問看護】東京都練馬区貫井3-12-33スポーツクラブルネサンス富士見台24内", "url": "https://www.kaigokensaku.mhlw.go.jp/13/index.php?action_kouhyou_detail_004_kani=true&JigyosyoCd=1362091223-00&ServiceCd=130&Type=search", "url2": "https://www.s-re.jp/" }, "geometry": { "type": "Point", "coordinates": [ 139.6277164, 35.7361115 ] } },
{ "type": "Feature", "properties": { "内容": "いちりん訪問看護ステーション練馬【訪問看護】東京都練馬区富士見台4-14-1", "url": "https://www.kaigokensaku.mhlw.go.jp/13/index.php?action_kouhyou_detail_004_kani=true&JigyosyoCd=1362091264-00&ServiceCd=130&Type=search", "url2": "https://ichirin-houkan.com/" }, "geometry": { "type": "Point", "coordinates": [ 139.6248082, 35.7436032 ] } },
{ "type": "Feature", "properties": { "内容": "あさひ訪問看護ステーション【訪問看護】東京都練馬区田柄2-27-29フレンドマンション田柄106号室", "url": "https://www.kaigokensaku.mhlw.go.jp/13/index.php?action_kouhyou_detail_004_kani=true&JigyosyoCd=1362091272-00&ServiceCd=130&Type=search", "url2": "https://lihd.co.jp/asahi-houmonkango/" }, "geometry": { "type": "Point", "coordinates": [ 139.648228099999983, 35.7652216 ] } },
{ "type": "Feature", "properties": { "内容": "ナースウェル練馬【訪問看護】東京都練馬区豊玉上1-1-18", "url": "https://www.kaigokensaku.mhlw.go.jp/13/index.php?action_kouhyou_detail_004_kani=true&JigyosyoCd=1362091280-00&ServiceCd=130&Type=search", "url2": "http：//www.relation-well.jp" }, "geometry": { "type": "Point", "coordinates": [ 139.672374, 35.7346482 ] } },
{ "type": "Feature", "properties": { "内容": "ザオーケア訪問看護ステーション上石神井【訪問看護】東京都練馬区関町東1-11-18ホワイトヴィラC棟101", "url": "https://www.kaigokensaku.mhlw.go.jp/13/index.php?action_kouhyou_detail_004_kani=true&JigyosyoCd=1362091298-00&ServiceCd=130&Type=search", "url2": null }, "geometry": { "type": "Point", "coordinates": [ 139.583666599999958, 35.7261247 ] } },
{ "type": "Feature", "properties": { "内容": "訪問看護ステーションまる石神井【訪問看護】東京都練馬区石神井町6-6-21G.H.石神井D棟", "url": "https://www.kaigokensaku.mhlw.go.jp/13/index.php?action_kouhyou_detail_004_kani=true&JigyosyoCd=1362091314-00&ServiceCd=130&Type=search", "url2": "https://houkan-maru.jp" }, "geometry": { "type": "Point", "coordinates": [ 139.6014467, 35.7410902 ] } },
{ "type": "Feature", "properties": { "内容": "東京都看護協会立城北看護ステーション【訪問看護】東京都練馬区北町8-37-22第5相原ビル202号", "url": "https://www.kaigokensaku.mhlw.go.jp/13/index.php?action_kouhyou_detail_004_kani=true&JigyosyoCd=1367191851-00&ServiceCd=130&Type=search", "url2": "http://www.tna.or.jp" }, "geometry": { "type": "Point", "coordinates": [ 139.646777960004982, 35.768605049691402 ] } },
{ "type": "Feature", "properties": { "内容": "大泉訪問看護ステーション【訪問看護】東京都練馬区石神井台6-9-12", "url": "https://www.kaigokensaku.mhlw.go.jp/13/index.php?action_kouhyou_detail_004_kani=true&JigyosyoCd=1367192172-00&ServiceCd=130&Type=search", "url2": "http://www.thoken.or.jp" }, "geometry": { "type": "Point", "coordinates": [ 139.584396428836044, 35.740933430678368 ] } },
{ "type": "Feature", "properties": { "内容": "医療法人社団　真成会　　新江古田訪問看護ステーション【訪問看護】東京都練馬区豊玉北１―１２―１６", "url": "https://www.kaigokensaku.mhlw.go.jp/13/index.php?action_kouhyou_detail_004_kani=true&JigyosyoCd=1367192834-00&ServiceCd=130&Type=search", "url2": "http://www.shinseikai-cc.jp" }, "geometry": { "type": "Point", "coordinates": [ 139.669186699999955, 35.7346014 ] } },
{ "type": "Feature", "properties": { "内容": "レインボー訪問看護リハビリステーション【訪問看護】東京都練馬区桜台1-29-22メゾンマロニエ102", "url": "https://www.kaigokensaku.mhlw.go.jp/13/index.php?action_kouhyou_detail_004_kani=true&JigyosyoCd=1362091108-00&ServiceCd=130&Type=search", "url2": "https://rainbow-houkan.com/" }, "geometry": { "type": "Point", "coordinates": [ 139.6679198, 35.741173300000014 ] } },
{ "type": "Feature", "properties": { "内容": "訪問看護ステーション　ホームケア石神井公園【訪問看護】東京都練馬区石神井町7-1-14石神井スカイビル111", "url": "https://www.kaigokensaku.mhlw.go.jp/13/index.php?action_kouhyou_detail_004_kani=true&JigyosyoCd=1362090050-00&ServiceCd=130&Type=search", "url2": "https://www.millennia-corporation.jp/houmon/index.html" }, "geometry": { "type": "Point", "coordinates": [ 139.603047800000013, 35.743859900000011 ] } },
{ "type": "Feature", "properties": { "内容": "こころわ訪問看護ステーション練馬【訪問看護】東京都練馬区北町6-20-3平和台不二ハイツ101", "url": "https://www.kaigokensaku.mhlw.go.jp/13/index.php?action_kouhyou_detail_004_kani=true&JigyosyoCd=1362091181-00&ServiceCd=130&Type=search", "url2": "https://houkan.cocorowa.biz/" }, "geometry": { "type": "Point", "coordinates": [ 139.655352599999986, 35.7603325 ] } },
{ "type": "Feature", "properties": { "内容": "ナラティブ訪問看護ステーション【訪問看護】東京都練馬区高野台3丁目8-10コーポ豊島205", "url": "https://www.kaigokensaku.mhlw.go.jp/13/index.php?action_kouhyou_detail_004_kani=true&JigyosyoCd=1362091470-00&ServiceCd=130&Type=search", "url2": "https://www.20narrative25.com/" }, "geometry": { "type": "Point", "coordinates": [ 139.611694, 35.7435107 ] } },
{ "type": "Feature", "properties": { "内容": "ガイア訪問看護ステーション練馬【訪問看護】東京都練馬区豊玉上2-25-9但馬ビル6F", "url": "https://www.kaigokensaku.mhlw.go.jp/13/index.php?action_kouhyou_detail_004_kani=true&JigyosyoCd=1362090449-00&ServiceCd=130&Type=search", "url2": "https://www.gaia-medicare.jp/" }, "geometry": { "type": "Point", "coordinates": [ 139.658351479237126, 35.738012245785903 ] } },
{ "type": "Feature", "properties": { "内容": "康楽訪問看護ステーション【訪問看護】東京都練馬区氷川台4-29-1コーポSS2階201号", "url": "https://www.kaigokensaku.mhlw.go.jp/13/index.php?action_kouhyou_detail_004_kani=true&JigyosyoCd=1362091439-00&ServiceCd=130&Type=search", "url2": null }, "geometry": { "type": "Point", "coordinates": [ 139.666026, 35.7546327 ] } },
{ "type": "Feature", "properties": { "内容": "らぽーる訪問看護ステーション【訪問看護】東京都練馬区西大泉1-11-27-", "url": "https://www.kaigokensaku.mhlw.go.jp/13/index.php?action_kouhyou_detail_004_kani=true&JigyosyoCd=1362090787-00&ServiceCd=130&Type=search", "url2": "https://www.rapportstation.com" }, "geometry": { "type": "Point", "coordinates": [ 139.578406744774639, 35.752972168992649 ] } },
{ "type": "Feature", "properties": { "内容": "あやせ循環器リハビリ病院　訪問看護ステーション【訪問看護】東京都足立区谷中３－１２－１０あやせ循環器リハビリ病院", "url": "https://www.kaigokensaku.mhlw.go.jp/13/index.php?action_kouhyou_detail_004_kani=true&JigyosyoCd=1362191072-00&ServiceCd=130&Type=search", "url2": null }, "geometry": { "type": "Point", "coordinates": [ 139.8346532, 35.7795086 ] } },
{ "type": "Feature", "properties": { "内容": "増田クリニック【訪問看護】東京都足立区南花畑5-17-1", "url": "https://www.kaigokensaku.mhlw.go.jp/13/index.php?action_kouhyou_detail_004_kani=true&JigyosyoCd=1312130763-00&ServiceCd=130&Type=search", "url2": "http://www.yosei.or.jp" }, "geometry": { "type": "Point", "coordinates": [ 139.8108493, 35.7978997 ] } },
{ "type": "Feature", "properties": { "内容": "はつね訪問看護ステーション【訪問看護】東京都足立区千住1丁目8番8号スイシンビル4階", "url": "https://www.kaigokensaku.mhlw.go.jp/13/index.php?action_kouhyou_detail_004_kani=true&JigyosyoCd=1362190967-00&ServiceCd=130&Type=search", "url2": "https://hatsune.life" }, "geometry": { "type": "Point", "coordinates": [ 139.800269899999989, 35.7481109 ] } },
{ "type": "Feature", "properties": { "内容": "訪問看護ステーションおだやか【訪問看護】東京都足立区梅島3-43-12ユーコート西新井803", "url": "https://www.kaigokensaku.mhlw.go.jp/13/index.php?action_kouhyou_detail_004_kani=true&JigyosyoCd=1362191148-00&ServiceCd=130&Type=search", "url2": "https://www.kishimoto.life/" }, "geometry": { "type": "Point", "coordinates": [ 139.796988500000026, 35.7783372 ] } },
{ "type": "Feature", "properties": { "内容": "訪問看護ステーションらっこなーす【訪問看護】東京都足立区西新井1-32-15ヌーベルハイツ西新井207", "url": "https://www.kaigokensaku.mhlw.go.jp/13/index.php?action_kouhyou_detail_004_kani=true&JigyosyoCd=1362191205-00&ServiceCd=130&Type=search", "url2": null }, "geometry": { "type": "Point", "coordinates": [ 139.781603, 35.7816735 ] } },
{ "type": "Feature", "properties": { "内容": "訪問看護ステーション　トータルケア北千住【訪問看護】東京都足立区千住龍田町6-3村田ハイツ1階", "url": "https://www.kaigokensaku.mhlw.go.jp/13/index.php?action_kouhyou_detail_004_kani=true&JigyosyoCd=1362191197-00&ServiceCd=130&Type=search", "url2": "https://lecaldo.co.jp/total-care-kitasenju/" }, "geometry": { "type": "Point", "coordinates": [ 139.795070900000013, 35.7508858 ] } },
{ "type": "Feature", "properties": { "内容": "訪問看護ステーションスイートホーム【訪問看護】東京都足立区入谷7-14-1", "url": "https://www.kaigokensaku.mhlw.go.jp/13/index.php?action_kouhyou_detail_004_kani=true&JigyosyoCd=1362191213-00&ServiceCd=130&Type=search", "url2": null }, "geometry": { "type": "Point", "coordinates": [ 139.7595976, 35.801396 ] } },
{ "type": "Feature", "properties": { "内容": "おうち訪問看護ステーション西新井【訪問看護】東京都足立区西新井5-42-5", "url": "https://www.kaigokensaku.mhlw.go.jp/13/index.php?action_kouhyou_detail_004_kani=true&JigyosyoCd=1362191270-00&ServiceCd=130&Type=search", "url2": "https://ouchi-clinic.com/clinic/nishiarai-station/" }, "geometry": { "type": "Point", "coordinates": [ 139.778767, 35.785015 ] } },
{ "type": "Feature", "properties": { "内容": "ひかり訪問看護ステーション城東【訪問看護】東京都足立区綾瀬1丁目21ｰ13グランベールヨシダ403", "url": "https://www.kaigokensaku.mhlw.go.jp/13/index.php?action_kouhyou_detail_004_kani=true&JigyosyoCd=1362191304-00&ServiceCd=130&Type=search", "url2": null }, "geometry": { "type": "Point", "coordinates": [ 139.8216722, 35.7585643 ] } },
{ "type": "Feature", "properties": { "内容": "医療法人社団泰仁会北川医院【訪問看護】東京都足立区千住河原町22-6", "url": "https://www.kaigokensaku.mhlw.go.jp/13/index.php?action_kouhyou_detail_004_kani=true&JigyosyoCd=1312129310-00&ServiceCd=130&Type=search", "url2": "https://taijinkai-k.or.jp/kitagawa-clinic/" }, "geometry": { "type": "Point", "coordinates": [ 139.798432100000042, 35.742189299999986 ] } },
{ "type": "Feature", "properties": { "内容": "あまね訪問看護ステーション北東京【訪問看護】東京都足立区伊興３－１６ー２202", "url": "https://www.kaigokensaku.mhlw.go.jp/13/index.php?action_kouhyou_detail_004_kani=true&JigyosyoCd=1362191288-00&ServiceCd=130&Type=search", "url2": null }, "geometry": { "type": "Point", "coordinates": [ 139.7876349, 35.7939468 ] } },
{ "type": "Feature", "properties": { "内容": "訪問看護ステーションあかつき【訪問看護】東京都足立区伊興1-22-3サニーハイツ101", "url": "https://www.kaigokensaku.mhlw.go.jp/13/index.php?action_kouhyou_detail_004_kani=true&JigyosyoCd=1362191296-00&ServiceCd=130&Type=search", "url2": "https://www.homonkangostation-akatsuki.com/" }, "geometry": { "type": "Point", "coordinates": [ 139.785674300000011, 35.7911295 ] } },
{ "type": "Feature", "properties": { "内容": "訪問看護ステーションオール足立【訪問看護】東京都足立区花畑1-8-11カメリアビルB店舗", "url": "https://www.kaigokensaku.mhlw.go.jp/13/index.php?action_kouhyou_detail_004_kani=true&JigyosyoCd=1362191346-00&ServiceCd=130&Type=search", "url2": null }, "geometry": { "type": "Point", "coordinates": [ 139.811777179762231, 35.799409649082435 ] } },
{ "type": "Feature", "properties": { "内容": "はじめのいっぽ訪問看護ステーション【訪問看護】東京都足立区竹の塚５－１－１１スガコーポラス１０１号室", "url": "https://www.kaigokensaku.mhlw.go.jp/13/index.php?action_kouhyou_detail_004_kani=true&JigyosyoCd=1362191353-00&ServiceCd=130&Type=search", "url2": null }, "geometry": { "type": "Point", "coordinates": [ 139.7975231, 35.793845 ] } },
{ "type": "Feature", "properties": { "内容": "SANケアステーション六木【訪問看護】東京都足立区六木3丁目20番16号102号", "url": "https://www.kaigokensaku.mhlw.go.jp/13/index.php?action_kouhyou_detail_004_kani=true&JigyosyoCd=1362191361-00&ServiceCd=130&Type=search", "url2": null }, "geometry": { "type": "Point", "coordinates": [ 139.840230700000035, 35.7966729 ] } },
{ "type": "Feature", "properties": { "内容": "日介センター保木間訪問看護ステーション【訪問看護】東京都足立区保木間1-29-12", "url": "https://www.kaigokensaku.mhlw.go.jp/13/index.php?action_kouhyou_detail_004_kani=true&JigyosyoCd=1362191379-00&ServiceCd=130&Type=search", "url2": "https://nkc.securesite.jp/kanow/lp" }, "geometry": { "type": "Point", "coordinates": [ 139.809407, 35.7888217 ] } },
{ "type": "Feature", "properties": { "内容": "訪問看護ステーションくくる足立【訪問看護】東京都足立区竹の塚1-30-15竹市第一ビル302", "url": "https://www.kaigokensaku.mhlw.go.jp/13/index.php?action_kouhyou_detail_004_kani=true&JigyosyoCd=1362191395-00&ServiceCd=130&Type=search", "url2": null }, "geometry": { "type": "Point", "coordinates": [ 139.7914879, 35.7928601 ] } },
{ "type": "Feature", "properties": { "内容": "訪問看護ステーション　ラ　メール足立【訪問看護】東京都足立区竹の塚3丁目20番10号國井ハイツ401号室", "url": "https://www.kaigokensaku.mhlw.go.jp/13/index.php?action_kouhyou_detail_004_kani=true&JigyosyoCd=1362191387-00&ServiceCd=130&Type=search", "url2": null }, "geometry": { "type": "Point", "coordinates": [ 139.798478, 35.7926729 ] } },
{ "type": "Feature", "properties": { "内容": "しえん訪問看護ステーション【訪問看護】東京都足立区六町1-17-35樺澤ビル２階", "url": "https://www.kaigokensaku.mhlw.go.jp/13/index.php?action_kouhyou_detail_004_kani=true&JigyosyoCd=1362191312-00&ServiceCd=130&Type=search", "url2": null }, "geometry": { "type": "Point", "coordinates": [ 139.821300099999974, 35.783606200000015 ] } },
{ "type": "Feature", "properties": { "内容": "ビコー訪問看護リハビリステーション足立【訪問看護】東京都足立区栗原3丁目9番2号オリエント第2ビル501", "url": "https://www.kaigokensaku.mhlw.go.jp/13/index.php?action_kouhyou_detail_004_kani=true&JigyosyoCd=1362191403-00&ServiceCd=130&Type=search", "url2": "https://bikou-group.com/about/" }, "geometry": { "type": "Point", "coordinates": [ 139.784312599999964, 35.77840090000003 ] } },
{ "type": "Feature", "properties": { "内容": "はつね訪問看護ステーション梅島【訪問看護】東京都足立区梅田7-15-4梅島コーポ101", "url": "https://www.kaigokensaku.mhlw.go.jp/13/index.php?action_kouhyou_detail_004_kani=true&JigyosyoCd=1362191411-00&ServiceCd=130&Type=search", "url2": "http://hatsune.life" }, "geometry": { "type": "Point", "coordinates": [ 139.7992012, 35.7685698 ] } },
{ "type": "Feature", "properties": { "内容": "足立西すえひろ訪問看護ステーション【訪問看護】東京都足立区西新井2-9-19", "url": "https://www.kaigokensaku.mhlw.go.jp/13/index.php?action_kouhyou_detail_004_kani=true&JigyosyoCd=1362191429-00&ServiceCd=130&Type=search", "url2": "https://suehiro-sakura.com/" }, "geometry": { "type": "Point", "coordinates": [ 139.7824678, 35.7837822 ] } },
{ "type": "Feature", "properties": { "内容": "訪問看護ステーション　コルディアーレ綾瀬【訪問看護】東京都足立区綾瀬５丁目１９−１６２階", "url": "https://www.kaigokensaku.mhlw.go.jp/13/index.php?action_kouhyou_detail_004_kani=true&JigyosyoCd=1362191437-00&ServiceCd=130&Type=search", "url2": null }, "geometry": { "type": "Point", "coordinates": [ 139.8281414, 35.7670582 ] } },
{ "type": "Feature", "properties": { "内容": "訪問看護ステーションちゅーりっぷ【訪問看護】東京都足立区梅田7-9-1浅見ビル３F", "url": "https://www.kaigokensaku.mhlw.go.jp/13/index.php?action_kouhyou_detail_004_kani=true&JigyosyoCd=1367194137-00&ServiceCd=130&Type=search", "url2": "http://www.umeda-hp.jp" }, "geometry": { "type": "Point", "coordinates": [ 139.800763125096495, 35.766999404518423 ] } },
{ "type": "Feature", "properties": { "内容": "訪問看護ステーション　「青井」【訪問看護】東京都足立区青井4-29-23", "url": "https://www.kaigokensaku.mhlw.go.jp/13/index.php?action_kouhyou_detail_004_kani=true&JigyosyoCd=1367196371-00&ServiceCd=130&Type=search", "url2": "http://www.shinjinkai.net/" }, "geometry": { "type": "Point", "coordinates": [ 139.819983, 35.7757477 ] } },
{ "type": "Feature", "properties": { "内容": "医療法人社団　大坪会　東和訪問看護ステーション【訪問看護】東京都足立区東和4-7-7ウイスティ43　1階", "url": "https://www.kaigokensaku.mhlw.go.jp/13/index.php?action_kouhyou_detail_004_kani=true&JigyosyoCd=1362190348-00&ServiceCd=130&Type=search", "url2": "http://www.towa-hp.jp/towa_houmon/index.html" }, "geometry": { "type": "Point", "coordinates": [ 139.8429635, 35.77290290000002 ] } },
{ "type": "Feature", "properties": { "内容": "医療法人社団久光会久光クリニック【訪問看護】東京都足立区六町2-6-24", "url": "https://www.kaigokensaku.mhlw.go.jp/13/index.php?action_kouhyou_detail_004_kani=true&JigyosyoCd=1312133874-00&ServiceCd=130&Type=search", "url2": null }, "geometry": { "type": "Point", "coordinates": [ 139.819, 35.784267 ] } },
{ "type": "Feature", "properties": { "内容": "グリンケア訪問看護ステーション【訪問看護】東京都足立区島根４丁目38-5", "url": "https://www.kaigokensaku.mhlw.go.jp/13/index.php?action_kouhyou_detail_004_kani=true&JigyosyoCd=1361890245-00&ServiceCd=130&Type=search", "url2": "https://grincare-houkan.com" }, "geometry": { "type": "Point", "coordinates": [ 139.792614783081063, 35.78463075229314 ] } },
{ "type": "Feature", "properties": { "内容": "ベストリハ訪問看護ステーション【訪問看護】東京都足立区千住2-3吾妻ビル6階", "url": "https://www.kaigokensaku.mhlw.go.jp/13/index.php?action_kouhyou_detail_004_kani=true&JigyosyoCd=1362190280-00&ServiceCd=130&Type=search", "url2": "http://bestreha.com" }, "geometry": { "type": "Point", "coordinates": [ 139.799759545472369, 35.749513781902856 ] } },
{ "type": "Feature", "properties": { "内容": "訪問看護ステーションじゃすみん【訪問看護】東京都足立区西新井7丁目10番13号", "url": "https://www.kaigokensaku.mhlw.go.jp/13/index.php?action_kouhyou_detail_004_kani=true&JigyosyoCd=1362190512-00&ServiceCd=130&Type=search", "url2": "http://jasmine.nishiarai.com" }, "geometry": { "type": "Point", "coordinates": [ 139.771412199999986, 35.7798244 ] } },
{ "type": "Feature", "properties": { "内容": "訪問看護ステーションきぼう【訪問看護】東京都足立区大谷田1-4-7ロイヤルエクセレンス小川", "url": "https://www.kaigokensaku.mhlw.go.jp/13/index.php?action_kouhyou_detail_004_kani=true&JigyosyoCd=1362190660-00&ServiceCd=130&Type=search", "url2": "https://happinesscare-kibou.com/" }, "geometry": { "type": "Point", "coordinates": [ 139.845306487268715, 35.778316075756663 ] } },
{ "type": "Feature", "properties": { "内容": "すえひろ訪問看護ステーション【訪問看護】東京都足立区足立4-25-13末広コーポ102", "url": "https://www.kaigokensaku.mhlw.go.jp/13/index.php?action_kouhyou_detail_004_kani=true&JigyosyoCd=1362190710-00&ServiceCd=130&Type=search", "url2": "http://suehiro-nurcing.sakura.ne.jp/suehiro-nurcing/index.html" }, "geometry": { "type": "Point", "coordinates": [ 139.806190095700856, 35.76449584960595 ] } },
{ "type": "Feature", "properties": { "内容": "訪問看護かえりえ竹ノ塚【訪問看護】東京都足立区東伊興3-21-5フューチャー本社ビル４階", "url": "https://www.kaigokensaku.mhlw.go.jp/13/index.php?action_kouhyou_detail_004_kani=true&JigyosyoCd=1362190793-00&ServiceCd=130&Type=search", "url2": "https://www.yasashiite.com/subdomains/section/622/" }, "geometry": { "type": "Point", "coordinates": [ 139.7916611, 35.8034007 ] } },
{ "type": "Feature", "properties": { "内容": "はなはた羊訪問看護ステーション【訪問看護】東京都足立区花畑4-39-21エーデルブルーメセブン202号", "url": "https://www.kaigokensaku.mhlw.go.jp/13/index.php?action_kouhyou_detail_004_kani=true&JigyosyoCd=1362190876-00&ServiceCd=130&Type=search", "url2": null }, "geometry": { "type": "Point", "coordinates": [ 139.810549900000012, 35.8057322 ] } },
{ "type": "Feature", "properties": { "内容": "ハートフルケアクレス【訪問看護】東京都足立区柳原2-15-9201", "url": "https://www.kaigokensaku.mhlw.go.jp/13/index.php?action_kouhyou_detail_004_kani=true&JigyosyoCd=1362190983-00&ServiceCd=130&Type=search", "url2": null }, "geometry": { "type": "Point", "coordinates": [ 139.8112993, 35.7477743 ] } },
{ "type": "Feature", "properties": { "内容": "医療法人財団健和会　北千住訪問看護ステーション【訪問看護】東京都足立区千住仲町14-42F", "url": "https://www.kaigokensaku.mhlw.go.jp/13/index.php?action_kouhyou_detail_004_kani=true&JigyosyoCd=1367191000-00&ServiceCd=130&Type=search", "url2": "http://houmon.kenwa.or.jp/" }, "geometry": { "type": "Point", "coordinates": [ 139.799322800000027, 35.7460571 ] } },
{ "type": "Feature", "properties": { "内容": "いずみ訪問看護ステーション　本木【訪問看護】東京都足立区本木１－３－７", "url": "https://www.kaigokensaku.mhlw.go.jp/13/index.php?action_kouhyou_detail_004_kani=true&JigyosyoCd=1367193469-00&ServiceCd=130&Type=search", "url2": "http://www.izumikinen.or.jp" }, "geometry": { "type": "Point", "coordinates": [ 139.7862728, 35.7610328 ] } },
{ "type": "Feature", "properties": { "内容": "あすは東伊興訪問看護ステーション【訪問看護】東京都足立区東伊興三丁目20番7号", "url": "https://www.kaigokensaku.mhlw.go.jp/13/index.php?action_kouhyou_detail_004_kani=true&JigyosyoCd=1367194053-00&ServiceCd=130&Type=search", "url2": "http://www7b.biglobe.ne.jp/~asuha/" }, "geometry": { "type": "Point", "coordinates": [ 139.7917569, 35.8032305 ] } },
{ "type": "Feature", "properties": { "内容": "社会医療法人社団　昭愛会　あい訪問看護ステーション【訪問看護】東京都足立区西新井６－２４－１３水野介護老人保健施設内", "url": "https://www.kaigokensaku.mhlw.go.jp/13/index.php?action_kouhyou_detail_004_kani=true&JigyosyoCd=1362190140-00&ServiceCd=130&Type=search", "url2": "http://www.mizuno.or.jp" }, "geometry": { "type": "Point", "coordinates": [ 139.7757507, 35.7811744 ] } },
{ "type": "Feature", "properties": { "内容": "フローレンス訪問看護たけのつか【訪問看護】東京都足立区竹の塚3-16-11107", "url": "https://www.kaigokensaku.mhlw.go.jp/13/index.php?action_kouhyou_detail_004_kani=true&JigyosyoCd=1362190934-00&ServiceCd=130&Type=search", "url2": "https://florence-nurse.co.jp" }, "geometry": { "type": "Point", "coordinates": [ 139.7981045, 35.7926837 ] } },
{ "type": "Feature", "properties": { "内容": "訪問看護ステーション等潤【訪問看護】東京都足立区一ツ家4丁目2番15号", "url": "https://www.kaigokensaku.mhlw.go.jp/13/index.php?action_kouhyou_detail_004_kani=true&JigyosyoCd=1367191133-00&ServiceCd=130&Type=search", "url2": "http://www.jiseikai-phcc.jp/facilities/jiseikai_homon-kango/" }, "geometry": { "type": "Point", "coordinates": [ 139.816295646557592, 35.779136020199303 ] } },
{ "type": "Feature", "properties": { "内容": "訪問看護ステーション保木間【訪問看護】東京都足立区保木間5-23-20", "url": "https://www.kaigokensaku.mhlw.go.jp/13/index.php?action_kouhyou_detail_004_kani=true&JigyosyoCd=1367191943-00&ServiceCd=130&Type=search", "url2": "https://tokyoadachi-med.jp/group/hokima/" }, "geometry": { "type": "Point", "coordinates": [ 139.804614099999981, 35.8042026 ] } },
{ "type": "Feature", "properties": { "内容": "やまびこ訪問看護ステーション【訪問看護】東京都足立区弘道1-21-18107", "url": "https://www.kaigokensaku.mhlw.go.jp/13/index.php?action_kouhyou_detail_004_kani=true&JigyosyoCd=1362191460-00&ServiceCd=130&Type=search", "url2": "https://given.co.jp/" }, "geometry": { "type": "Point", "coordinates": [ 139.814967700000011, 35.7688974 ] } },
{ "type": "Feature", "properties": { "内容": "きらめき訪問看護リハビリステーション竹ノ塚事業所【訪問看護】東京都足立区伊興本町1-2-2古俣ビル1階", "url": "https://www.kaigokensaku.mhlw.go.jp/13/index.php?action_kouhyou_detail_004_kani=true&JigyosyoCd=1362191486-00&ServiceCd=130&Type=search", "url2": "https://kiramekihoukan.com/" }, "geometry": { "type": "Point", "coordinates": [ 139.788481499999989, 35.7966401 ] } },
{ "type": "Feature", "properties": { "内容": "stella訪問看護足立ステーション【訪問看護】東京都足立区足立3-12-7STELLAS足立2階", "url": "https://www.kaigokensaku.mhlw.go.jp/13/index.php?action_kouhyou_detail_004_kani=true&JigyosyoCd=1362191494-00&ServiceCd=130&Type=search", "url2": "https://stella83.jp/" }, "geometry": { "type": "Point", "coordinates": [ 139.811050280426031, 35.763342211570496 ] } },
{ "type": "Feature", "properties": { "内容": "医療法人社団　明桜会　ハラダクリニック【訪問看護】東京都足立区西伊興４-９-１１", "url": "https://www.kaigokensaku.mhlw.go.jp/13/index.php?action_kouhyou_detail_004_kani=true&JigyosyoCd=1312131159-00&ServiceCd=130&Type=search", "url2": "http://www.doc-office-harada.com" }, "geometry": { "type": "Point", "coordinates": [ 139.779627399999981, 35.8030773 ] } },
{ "type": "Feature", "properties": { "内容": "すみだ訪問看護ステーション【訪問看護】東京都足立区花畑4丁目35-3炭田ビル", "url": "https://www.kaigokensaku.mhlw.go.jp/13/index.php?action_kouhyou_detail_004_kani=true&JigyosyoCd=1362190199-00&ServiceCd=130&Type=search", "url2": "http://www.yuai-hospital.jp/kangost" }, "geometry": { "type": "Point", "coordinates": [ 139.805888900000014, 35.8053552 ] } },
{ "type": "Feature", "properties": { "内容": "医療法人社団苑田会　そのだ訪問看護ステーション【訪問看護】東京都足立区保木間四丁目15番16号ナーシングホームそのだ", "url": "https://www.kaigokensaku.mhlw.go.jp/13/index.php?action_kouhyou_detail_004_kani=true&JigyosyoCd=1362190272-00&ServiceCd=130&Type=search", "url2": "http://www.sonodakai.or.jp" }, "geometry": { "type": "Point", "coordinates": [ 139.804650314086643, 35.799263392338162 ] } },
{ "type": "Feature", "properties": { "内容": "訪問看護ステーションはな北千住【訪問看護】東京都足立区日ノ出町39-13北千住第三ダイヤモンドマンション108", "url": "https://www.kaigokensaku.mhlw.go.jp/13/index.php?action_kouhyou_detail_004_kani=true&JigyosyoCd=1362190413-00&ServiceCd=130&Type=search", "url2": "http://www.hana-kango.com" }, "geometry": { "type": "Point", "coordinates": [ 139.807499499999949, 35.7527758 ] } },
{ "type": "Feature", "properties": { "内容": "訪問看護ステーション　はなもも【訪問看護】東京都足立区西新井５－３４－４第2スカイハイツ足立　１０５", "url": "https://www.kaigokensaku.mhlw.go.jp/13/index.php?action_kouhyou_detail_004_kani=true&JigyosyoCd=1362190439-00&ServiceCd=130&Type=search", "url2": "http://hanamomo-kango.com/" }, "geometry": { "type": "Point", "coordinates": [ 139.774389498147599, 35.785512512274515 ] } },
{ "type": "Feature", "properties": { "内容": "訪問看護リハビリステーション　ハッピーヒル【訪問看護】東京都足立区竹の塚１－２５－１７丸竹第一ビル５F", "url": "https://www.kaigokensaku.mhlw.go.jp/13/index.php?action_kouhyou_detail_004_kani=true&JigyosyoCd=1362190629-00&ServiceCd=130&Type=search", "url2": "http://happyhill.co.jp" }, "geometry": { "type": "Point", "coordinates": [ 139.791390200000023, 35.7920488 ] } },
{ "type": "Feature", "properties": { "内容": "訪問看護ステーションブロッサム【訪問看護】東京都足立区千住1丁目28番1号コーポ高橋103号室", "url": "https://www.kaigokensaku.mhlw.go.jp/13/index.php?action_kouhyou_detail_004_kani=true&JigyosyoCd=1362190637-00&ServiceCd=130&Type=search", "url2": "https://kk-grace.jp/" }, "geometry": { "type": "Point", "coordinates": [ 139.8019504628096, 35.747956522494782 ] } },
{ "type": "Feature", "properties": { "内容": "ユアーズホームナースステーション【訪問看護】東京都足立区栗原3丁目2番1号エスポワールKIJIMA2203", "url": "https://www.kaigokensaku.mhlw.go.jp/13/index.php?action_kouhyou_detail_004_kani=true&JigyosyoCd=1362190645-00&ServiceCd=130&Type=search", "url2": null }, "geometry": { "type": "Point", "coordinates": [ 139.788414099999954, 35.7785074 ] } },
{ "type": "Feature", "properties": { "内容": "井上訪問看護ステーション　スマイルケア【訪問看護】東京都足立区竹ノ塚5-11-8", "url": "https://www.kaigokensaku.mhlw.go.jp/13/index.php?action_kouhyou_detail_004_kani=true&JigyosyoCd=1362190694-00&ServiceCd=130&Type=search", "url2": "http://www.inouehsp.or.jp/" }, "geometry": { "type": "Point", "coordinates": [ 139.797422500000039, 35.79452890000001 ] } },
{ "type": "Feature", "properties": { "内容": "訪問看護ステーションはな六町【訪問看護】東京都足立区六町1-17-33タートルベルズ1階", "url": "https://www.kaigokensaku.mhlw.go.jp/13/index.php?action_kouhyou_detail_004_kani=true&JigyosyoCd=1362190769-00&ServiceCd=130&Type=search", "url2": "https://hana-gr.com" }, "geometry": { "type": "Point", "coordinates": [ 139.8214609, 35.7835809 ] } },
{ "type": "Feature", "properties": { "内容": "かのん訪問看護ステーションあだち【訪問看護】東京都足立区綾瀬5-14-18パルテノン綾瀬102", "url": "https://www.kaigokensaku.mhlw.go.jp/13/index.php?action_kouhyou_detail_004_kani=true&JigyosyoCd=1362190777-00&ServiceCd=130&Type=search", "url2": "https://sosen-medical.co.jp/kanon-adachi" }, "geometry": { "type": "Point", "coordinates": [ 139.8268425, 35.7669887 ] } },
{ "type": "Feature", "properties": { "内容": "訪問看護ステーション　リアン【訪問看護】東京都足立区千住旭町40-2秀ビル3階", "url": "https://www.kaigokensaku.mhlw.go.jp/13/index.php?action_kouhyou_detail_004_kani=true&JigyosyoCd=1362190835-00&ServiceCd=130&Type=search", "url2": "https://houkan-lien.tokyo/" }, "geometry": { "type": "Point", "coordinates": [ 139.8064354, 35.7497497 ] } },
{ "type": "Feature", "properties": { "内容": "訪問看護ステーション晴あか【訪問看護】東京都足立区千住３−２６", "url": "https://www.kaigokensaku.mhlw.go.jp/13/index.php?action_kouhyou_detail_004_kani=true&JigyosyoCd=1362190884-00&ServiceCd=130&Type=search", "url2": "https://www.hareaka.com/" }, "geometry": { "type": "Point", "coordinates": [ 139.802279508996264, 35.751891943314334 ] } },
{ "type": "Feature", "properties": { "内容": "あすてるカンゴ　竹ノ塚【訪問看護】東京都足立区西竹の塚2-13-4竹の塚ロジュマンビル209", "url": "https://www.kaigokensaku.mhlw.go.jp/13/index.php?action_kouhyou_detail_004_kani=true&JigyosyoCd=1362190892-00&ServiceCd=130&Type=search", "url2": "https://astelsupport.co.jp/" }, "geometry": { "type": "Point", "coordinates": [ 139.7891162, 35.7971936 ] } },
{ "type": "Feature", "properties": { "内容": "ぷえお訪問看護ステーション【訪問看護】東京都足立区千住仲町１０－６パール仲町マンション１０４", "url": "https://www.kaigokensaku.mhlw.go.jp/13/index.php?action_kouhyou_detail_004_kani=true&JigyosyoCd=1362190918-00&ServiceCd=130&Type=search", "url2": "https://pueo-houkanstation.com" }, "geometry": { "type": "Point", "coordinates": [ 139.798801699999984, 35.7456092 ] } },
{ "type": "Feature", "properties": { "内容": "イーリス訪問看護ステーション【訪問看護】東京都足立区綾瀬2-27-7サンルートAビル401", "url": "https://www.kaigokensaku.mhlw.go.jp/13/index.php?action_kouhyou_detail_004_kani=true&JigyosyoCd=1362190942-00&ServiceCd=130&Type=search", "url2": null }, "geometry": { "type": "Point", "coordinates": [ 139.827902, 35.7621435 ] } },
{ "type": "Feature", "properties": { "内容": "エール訪問看護ステーション【訪問看護】東京都足立区千住東2丁目10番1号", "url": "https://www.kaigokensaku.mhlw.go.jp/13/index.php?action_kouhyou_detail_004_kani=true&JigyosyoCd=1362190959-00&ServiceCd=130&Type=search", "url2": "https://tbec-ss.co.jp" }, "geometry": { "type": "Point", "coordinates": [ 139.807816731877125, 35.745022485733571 ] } },
{ "type": "Feature", "properties": { "内容": "訪問看護ステーション　はなえみ東京【訪問看護】東京都足立区千住1-37-2-204", "url": "https://www.kaigokensaku.mhlw.go.jp/13/index.php?action_kouhyou_detail_004_kani=true&JigyosyoCd=1362191007-00&ServiceCd=130&Type=search", "url2": null }, "geometry": { "type": "Point", "coordinates": [ 139.8030172, 35.7469934 ] } },
{ "type": "Feature", "properties": { "内容": "ミルカ訪問看護ステーション【訪問看護】東京都足立区梅島2-38-11鴨下マンション203", "url": "https://www.kaigokensaku.mhlw.go.jp/13/index.php?action_kouhyou_detail_004_kani=true&JigyosyoCd=1362191031-00&ServiceCd=130&Type=search", "url2": "https://miruca-kango.jp/" }, "geometry": { "type": "Point", "coordinates": [ 139.7981024, 35.7783626 ] } },
{ "type": "Feature", "properties": { "内容": "訪問看護ステーションはな西新井【訪問看護】東京都足立区西新井栄町2-17-241F", "url": "https://www.kaigokensaku.mhlw.go.jp/13/index.php?action_kouhyou_detail_004_kani=true&JigyosyoCd=1362191049-00&ServiceCd=130&Type=search", "url2": "https://hana-kango.com/about_us/index.html" }, "geometry": { "type": "Point", "coordinates": [ 139.787195499999967, 35.7762475 ] } },
{ "type": "Feature", "properties": { "内容": "輝　訪問看護ステーション【訪問看護】東京都足立区大谷田4-7-4鈴木マンション203", "url": "https://www.kaigokensaku.mhlw.go.jp/13/index.php?action_kouhyou_detail_004_kani=true&JigyosyoCd=1362191114-00&ServiceCd=130&Type=search", "url2": "https://hikarihoukan.com/" }, "geometry": { "type": "Point", "coordinates": [ 139.8368721, 35.7795543 ] } },
{ "type": "Feature", "properties": { "内容": "まつり訪問看護ステーション【訪問看護】東京都足立区梅島3-6-12アカデミックハイツ梅島101", "url": "https://www.kaigokensaku.mhlw.go.jp/13/index.php?action_kouhyou_detail_004_kani=true&JigyosyoCd=1362191122-00&ServiceCd=130&Type=search", "url2": "https://matsuri-crien.com" }, "geometry": { "type": "Point", "coordinates": [ 139.797023599999989, 35.7758155 ] } },
{ "type": "Feature", "properties": { "内容": "スマイル優訪問看護ステーション西新井【訪問看護】東京都足立区興野2-3-15", "url": "https://www.kaigokensaku.mhlw.go.jp/13/index.php?action_kouhyou_detail_004_kani=true&JigyosyoCd=1362191130-00&ServiceCd=130&Type=search", "url2": "https://smileyou.me" }, "geometry": { "type": "Point", "coordinates": [ 139.77907360734028, 35.766745583768845 ] } },
{ "type": "Feature", "properties": { "内容": "ハレノヒ訪問看護ステーション【訪問看護】東京都足立区綾瀬3丁目15番1号遠藤ビルANNEX301号室", "url": "https://www.kaigokensaku.mhlw.go.jp/13/index.php?action_kouhyou_detail_004_kani=true&JigyosyoCd=1362191189-00&ServiceCd=130&Type=search", "url2": "https://www.harenohi-houkan.com" }, "geometry": { "type": "Point", "coordinates": [ 139.8254384, 35.7637543 ] } },
{ "type": "Feature", "properties": { "内容": "かもめ訪問看護ステーション【訪問看護】東京都足立区関原3-37-22", "url": "https://www.kaigokensaku.mhlw.go.jp/13/index.php?action_kouhyou_detail_004_kani=true&JigyosyoCd=1367192081-00&ServiceCd=130&Type=search", "url2": "http://www.fukujukaigr.or.jp" }, "geometry": { "type": "Point", "coordinates": [ 139.787693244613564, 35.771160540727415 ] } },
{ "type": "Feature", "properties": { "内容": "本木訪問看護ステーション【訪問看護】東京都足立区関原3-31-19ソレイユセキエイ4階", "url": "https://www.kaigokensaku.mhlw.go.jp/13/index.php?action_kouhyou_detail_004_kani=true&JigyosyoCd=1367192818-00&ServiceCd=130&Type=search", "url2": null }, "geometry": { "type": "Point", "coordinates": [ 139.788264600000019, 35.77289 ] } },
{ "type": "Feature", "properties": { "内容": "きづきリハビリ訪問看護ステーション【訪問看護】東京都足立区東和２－１４－２遠藤ビル１０２", "url": "https://www.kaigokensaku.mhlw.go.jp/13/index.php?action_kouhyou_detail_004_kani=true&JigyosyoCd=1362190090-00&ServiceCd=130&Type=search", "url2": "http://h-designers.jp/" }, "geometry": { "type": "Point", "coordinates": [ 139.841759, 35.7689269 ] } },
{ "type": "Feature", "properties": { "内容": "株式会社絹心ひなた訪問看護ステーション【訪問看護】東京都足立区竹の塚３丁目５番5号第56アライビル２０６号", "url": "https://www.kaigokensaku.mhlw.go.jp/13/index.php?action_kouhyou_detail_004_kani=true&JigyosyoCd=1362190108-00&ServiceCd=130&Type=search", "url2": null }, "geometry": { "type": "Point", "coordinates": [ 139.79808730000002, 35.7899821 ] } },
{ "type": "Feature", "properties": { "内容": "訪問看護ステーションとも【訪問看護】東京都足立区花畑4-23-7第3けあともビル1階", "url": "https://www.kaigokensaku.mhlw.go.jp/13/index.php?action_kouhyou_detail_004_kani=true&JigyosyoCd=1362190132-00&ServiceCd=130&Type=search", "url2": "http://www.caretomo.net" }, "geometry": { "type": "Point", "coordinates": [ 139.81036620317991, 35.804659304050048 ] } },
{ "type": "Feature", "properties": { "内容": "トライケア訪問看護ステーション【訪問看護】東京都足立区千住5-1-10ベルハイツ１階", "url": "https://www.kaigokensaku.mhlw.go.jp/13/index.php?action_kouhyou_detail_004_kani=true&JigyosyoCd=1362190165-00&ServiceCd=130&Type=search", "url2": "https://www.tricare.tokyo/" }, "geometry": { "type": "Point", "coordinates": [ 139.801933100000042, 35.7547782 ] } },
{ "type": "Feature", "properties": { "内容": "訪問看護ステーションウェルビー【訪問看護】東京都足立区西新井６丁目４３番４じんのびビル", "url": "https://www.kaigokensaku.mhlw.go.jp/13/index.php?action_kouhyou_detail_004_kani=true&JigyosyoCd=1362190355-00&ServiceCd=130&Type=search", "url2": null }, "geometry": { "type": "Point", "coordinates": [ 139.776917200000071, 35.782365899999981 ] } },
{ "type": "Feature", "properties": { "内容": "oneケア　訪問看護ステーション【訪問看護】東京都足立区中央本町4丁目11番40号カーサアライ202号", "url": "https://www.kaigokensaku.mhlw.go.jp/13/index.php?action_kouhyou_detail_004_kani=true&JigyosyoCd=1362191155-00&ServiceCd=130&Type=search", "url2": null }, "geometry": { "type": "Point", "coordinates": [ 139.806968943551226, 35.77383340663166 ] } },
{ "type": "Feature", "properties": { "内容": "訪問看護ステ－ションあるえ【訪問看護】東京都足立区保塚町15-19", "url": "https://www.kaigokensaku.mhlw.go.jp/13/index.php?action_kouhyou_detail_004_kani=true&JigyosyoCd=1362191247-00&ServiceCd=130&Type=search", "url2": "https://www.arue.ne.jp/" }, "geometry": { "type": "Point", "coordinates": [ 139.811300600000038, 35.7875425 ] } },
{ "type": "Feature", "properties": { "内容": "はじめ訪問看護ステーション【訪問看護】東京都足立区竹の塚4-13-10", "url": "https://www.kaigokensaku.mhlw.go.jp/13/index.php?action_kouhyou_detail_004_kani=true&JigyosyoCd=1362191320-00&ServiceCd=130&Type=search", "url2": "https://www.kurashiki-hajimehokan.com/" }, "geometry": { "type": "Point", "coordinates": [ 139.797982600000012, 35.794943 ] } },
{ "type": "Feature", "properties": { "内容": "訪問看護ステーション　樹【訪問看護】東京都足立区佐野2-32-11", "url": "https://www.kaigokensaku.mhlw.go.jp/13/index.php?action_kouhyou_detail_004_kani=true&JigyosyoCd=1367192792-00&ServiceCd=130&Type=search", "url2": "http://mutsugi.webmedipr.jp/" }, "geometry": { "type": "Point", "coordinates": [ 139.837235679623404, 35.789116126856221 ] } },
{ "type": "Feature", "properties": { "内容": "株式会社在宅医療サポートセンターりあん訪問看護ステーション綾瀬【訪問看護】東京都足立区谷中2‐7‐2エクセル北綾瀬Ⅱ4階", "url": "https://www.kaigokensaku.mhlw.go.jp/13/index.php?action_kouhyou_detail_004_kani=true&JigyosyoCd=1362191478-00&ServiceCd=130&Type=search", "url2": "https://shusikai-group.jp/" }, "geometry": { "type": "Point", "coordinates": [ 139.8324743, 35.7769691 ] } },
{ "type": "Feature", "properties": { "内容": "リクラス東京訪問看護リハビリステーションケアーズ青井【訪問看護】東京都足立区青井1-4-10CASA　SHINO　１F", "url": "https://www.kaigokensaku.mhlw.go.jp/13/index.php?action_kouhyou_detail_004_kani=true&JigyosyoCd=1362191510-00&ServiceCd=130&Type=search", "url2": "https://houmonkango-koin.com/" }, "geometry": { "type": "Point", "coordinates": [ 139.8118752, 35.7724083 ] } },
{ "type": "Feature", "properties": { "内容": "訪問看護ステーションぐっどはーと【訪問看護】東京都足立区南花畑4-25-12ジュピター兼六103", "url": "https://www.kaigokensaku.mhlw.go.jp/13/index.php?action_kouhyou_detail_004_kani=true&JigyosyoCd=1362191023-00&ServiceCd=130&Type=search", "url2": null }, "geometry": { "type": "Point", "coordinates": [ 139.818502200000012, 35.797648100000025 ] } },
{ "type": "Feature", "properties": { "内容": "ナースケア＆リハビリ　なないろ【訪問看護】東京都足立区保木間1-19-2プラセール竹の塚1階", "url": "https://www.kaigokensaku.mhlw.go.jp/13/index.php?action_kouhyou_detail_004_kani=true&JigyosyoCd=1362191163-00&ServiceCd=130&Type=search", "url2": "https://nursecare-and-rehabili-nanairo.com/" }, "geometry": { "type": "Point", "coordinates": [ 139.802766204893487, 35.791538316202185 ] } },
{ "type": "Feature", "properties": { "内容": "フォーリア訪問看護ステーション【訪問看護】東京都足立区江北4-2-7アトリエ2階", "url": "https://www.kaigokensaku.mhlw.go.jp/13/index.php?action_kouhyou_detail_004_kani=true&JigyosyoCd=1362191239-00&ServiceCd=130&Type=search", "url2": "https://foglia-ns.com/" }, "geometry": { "type": "Point", "coordinates": [ 139.7690834, 35.772782300000017 ] } },
{ "type": "Feature", "properties": { "内容": "こころのゆうき訪問看護ステーション東京【訪問看護】東京都足立区千住３－３２－１００９", "url": "https://www.kaigokensaku.mhlw.go.jp/13/index.php?action_kouhyou_detail_004_kani=true&JigyosyoCd=1362191528-00&ServiceCd=130&Type=search", "url2": null }, "geometry": { "type": "Point", "coordinates": [ 139.8018122, 35.7508639 ] } },
{ "type": "Feature", "properties": { "内容": "訪問看護リハビリステーション白樺【訪問看護】東京都足立区栗原３－２５－１２グリーンコーポラス１Ｆ", "url": "https://www.kaigokensaku.mhlw.go.jp/13/index.php?action_kouhyou_detail_004_kani=true&JigyosyoCd=1362190298-00&ServiceCd=130&Type=search", "url2": "https://www.yst-homecare.jp" }, "geometry": { "type": "Point", "coordinates": [ 139.783712538640401, 35.781226472685361 ] } },
{ "type": "Feature", "properties": { "内容": "訪問看護事業所モノトビ【訪問看護】東京都足立区青井3-7-17Kotakiビル2F/3F", "url": "https://www.kaigokensaku.mhlw.go.jp/13/index.php?action_kouhyou_detail_004_kani=true&JigyosyoCd=1362191338-00&ServiceCd=130&Type=search", "url2": "https://www.monotobi.co.jp/" }, "geometry": { "type": "Point", "coordinates": [ 139.8200654, 35.7703889 ] } },
{ "type": "Feature", "properties": { "内容": "Kochi訪問看護リハビリステーション足立店【訪問看護】東京都足立区西新井本町5-6-21メープルハイツ101", "url": "https://www.kaigokensaku.mhlw.go.jp/13/index.php?action_kouhyou_detail_004_kani=true&JigyosyoCd=1362191445-00&ServiceCd=130&Type=search", "url2": "https://kochi-station-adachi.com/" }, "geometry": { "type": "Point", "coordinates": [ 139.78350180000001, 35.7743448 ] } },
{ "type": "Feature", "properties": { "内容": "訪問看護ステーションみらあ足立支店【訪問看護】東京都足立区千住大川町6-1ライオンズマンション北千住第7　104号室", "url": "https://www.kaigokensaku.mhlw.go.jp/13/index.php?action_kouhyou_detail_004_kani=true&JigyosyoCd=1362191551-00&ServiceCd=130&Type=search", "url2": "https://miraa.co.jp/" }, "geometry": { "type": "Point", "coordinates": [ 139.8013589, 35.756099 ] } },
{ "type": "Feature", "properties": { "内容": "訪問看護ステーションココエル　足立入谷【訪問看護】東京都足立区入谷９丁目１４－１４", "url": "https://www.kaigokensaku.mhlw.go.jp/13/index.php?action_kouhyou_detail_004_kani=true&JigyosyoCd=1362191569-00&ServiceCd=130&Type=search", "url2": null }, "geometry": { "type": "Point", "coordinates": [ 139.757242025131234, 35.808432792415928 ] } },
{ "type": "Feature", "properties": { "内容": "ココロ訪問看護ステーション【訪問看護】東京都足立区保木間３-35-12", "url": "https://www.kaigokensaku.mhlw.go.jp/13/index.php?action_kouhyou_detail_004_kani=true&JigyosyoCd=1362191577-00&ServiceCd=130&Type=search", "url2": "https://www.kokorohoukan.com/" }, "geometry": { "type": "Point", "coordinates": [ 139.81058680000001, 35.795993200000019 ] } },
{ "type": "Feature", "properties": { "内容": "訪問看護ステーションかすみ草【訪問看護】東京都足立区本木2-26-6", "url": "https://www.kaigokensaku.mhlw.go.jp/13/index.php?action_kouhyou_detail_004_kani=true&JigyosyoCd=1362191262-00&ServiceCd=130&Type=search", "url2": "https://kasumisou2024.com" }, "geometry": { "type": "Point", "coordinates": [ 139.78393167374989, 35.769399475274078 ] } },
{ "type": "Feature", "properties": { "内容": "ハイタッチ訪問看護【訪問看護】東京都足立区舎人5-24-12シンスイフクダB-2", "url": "https://www.kaigokensaku.mhlw.go.jp/13/index.php?action_kouhyou_detail_004_kani=true&JigyosyoCd=1362191056-00&ServiceCd=130&Type=search", "url2": "https://www.hi-houmon.com" }, "geometry": { "type": "Point", "coordinates": [ 139.7667754, 35.8136529 ] } },
{ "type": "Feature", "properties": { "内容": "なゆた訪問看護ステーション【訪問看護】東京都足立区江北4-10-3", "url": "https://www.kaigokensaku.mhlw.go.jp/13/index.php?action_kouhyou_detail_004_kani=true&JigyosyoCd=1362191585-00&ServiceCd=130&Type=search", "url2": "http://nayuta-kango.com/" }, "geometry": { "type": "Point", "coordinates": [ 139.7654301, 35.7711526 ] } },
{ "type": "Feature", "properties": { "内容": "訪問看護ステーション　メディコ【訪問看護】東京都足立区保木間3-4-10カミヤビル３階", "url": "https://www.kaigokensaku.mhlw.go.jp/13/index.php?action_kouhyou_detail_004_kani=true&JigyosyoCd=1362191544-00&ServiceCd=130&Type=search", "url2": null }, "geometry": { "type": "Point", "coordinates": [ 139.8029105, 35.7964823 ] } },
{ "type": "Feature", "properties": { "内容": "東竹の塚訪問看護ステーション【訪問看護】東京都足立区竹の塚5-7-10-201", "url": "https://www.kaigokensaku.mhlw.go.jp/13/index.php?action_kouhyou_detail_004_kani=true&JigyosyoCd=1362190991-00&ServiceCd=130&Type=search", "url2": "https://higashitakenozuka.com" }, "geometry": { "type": "Point", "coordinates": [ 139.794806599999987, 35.7949435 ] } },
{ "type": "Feature", "properties": { "内容": "FamilyNurse葛飾【訪問看護】東京都葛飾区堀切2-4-5CORSA堀切302", "url": "https://www.kaigokensaku.mhlw.go.jp/13/index.php?action_kouhyou_detail_004_kani=true&JigyosyoCd=1362290676-00&ServiceCd=130&Type=search", "url2": "https://familynurse-fc.jp/katsushika/" }, "geometry": { "type": "Point", "coordinates": [ 139.825121723313543, 35.742923947053839 ] } },
{ "type": "Feature", "properties": { "内容": "訪問看護ステーション　人薬【訪問看護】東京都葛飾区白鳥4-17-16カーサ白鳥102", "url": "https://www.kaigokensaku.mhlw.go.jp/13/index.php?action_kouhyou_detail_004_kani=true&JigyosyoCd=1362290569-00&ServiceCd=130&Type=search", "url2": "http://kango-hitogusuri.com" }, "geometry": { "type": "Point", "coordinates": [ 139.8493909, 35.7547248 ] } },
{ "type": "Feature", "properties": { "内容": "さくらんぼ訪問看護ステーション【訪問看護】東京都葛飾区青戸７－５－７ハイムアルベール１０１", "url": "https://www.kaigokensaku.mhlw.go.jp/13/index.php?action_kouhyou_detail_004_kani=true&JigyosyoCd=1362290577-00&ServiceCd=130&Type=search", "url2": "http://sakuranbo24.com" }, "geometry": { "type": "Point", "coordinates": [ 139.852467, 35.7539858 ] } },
{ "type": "Feature", "properties": { "内容": "えんじゅ訪問看護ステーション【訪問看護】東京都葛飾区東金町2-26-3エスペラントハイツⅠ101号室", "url": "https://www.kaigokensaku.mhlw.go.jp/13/index.php?action_kouhyou_detail_004_kani=true&JigyosyoCd=1362290692-00&ServiceCd=130&Type=search", "url2": "https://www.halloenjyu.com/" }, "geometry": { "type": "Point", "coordinates": [ 139.8701862, 35.7743426 ] } },
{ "type": "Feature", "properties": { "内容": "訪問看護ステーションデライト葛飾【訪問看護】東京都葛飾区亀有1-22-17", "url": "https://www.kaigokensaku.mhlw.go.jp/13/index.php?action_kouhyou_detail_004_kani=true&JigyosyoCd=1362290312-00&ServiceCd=130&Type=search", "url2": "https://hokan-delight.jp/" }, "geometry": { "type": "Point", "coordinates": [ 139.8472683, 35.7591513 ] } },
{ "type": "Feature", "properties": { "内容": "ゆい訪問看護リハビリステーション【訪問看護】東京都葛飾区青戸2-12-1スカイコート石川101", "url": "https://www.kaigokensaku.mhlw.go.jp/13/index.php?action_kouhyou_detail_004_kani=true&JigyosyoCd=1362290593-00&ServiceCd=130&Type=search", "url2": "https://impex.tokyo/yui-horikiri/" }, "geometry": { "type": "Point", "coordinates": [ 139.8583012, 35.7472121 ] } },
{ "type": "Feature", "properties": { "内容": "ウィズ・ユー葛飾訪問看護【訪問看護】東京都葛飾区お花茶屋1-20-5", "url": "https://www.kaigokensaku.mhlw.go.jp/13/index.php?action_kouhyou_detail_004_kani=true&JigyosyoCd=1362290320-00&ServiceCd=130&Type=search", "url2": "http://halmed.jp/" }, "geometry": { "type": "Point", "coordinates": [ 139.840993900000058, 35.7480325 ] } },
{ "type": "Feature", "properties": { "内容": "サクラボ訪問看護ステーション【訪問看護】東京都葛飾区青戸6-3-3シャムロック204号室", "url": "https://www.kaigokensaku.mhlw.go.jp/13/index.php?action_kouhyou_detail_004_kani=true&JigyosyoCd=1362290700-00&ServiceCd=130&Type=search", "url2": "https://sakulabo-houkan.com/" }, "geometry": { "type": "Point", "coordinates": [ 139.857023996924198, 35.748205046357342 ] } },
{ "type": "Feature", "properties": { "内容": "訪問看護ステーションはなえみ柴又【訪問看護】東京都葛飾区水元5-5-12コーポ中台101", "url": "https://www.kaigokensaku.mhlw.go.jp/13/index.php?action_kouhyou_detail_004_kani=true&JigyosyoCd=1362290551-00&ServiceCd=130&Type=search", "url2": null }, "geometry": { "type": "Point", "coordinates": [ 139.8594211, 35.7911909 ] } },
{ "type": "Feature", "properties": { "内容": "プレシャスケア訪問看護ステーション【訪問看護】東京都葛飾区青戸8-3-13タウンハイツ亀有1　208", "url": "https://www.kaigokensaku.mhlw.go.jp/13/index.php?action_kouhyou_detail_004_kani=true&JigyosyoCd=1362290726-00&ServiceCd=130&Type=search", "url2": "https://www.precious-care.jp/" }, "geometry": { "type": "Point", "coordinates": [ 139.850064399722299, 35.756817599515074 ] } },
{ "type": "Feature", "properties": { "内容": "ベル東堀切訪問看護ステーション【訪問看護】東京都葛飾区東堀切1-19-4", "url": "https://www.kaigokensaku.mhlw.go.jp/13/index.php?action_kouhyou_detail_004_kani=true&JigyosyoCd=1362290015-00&ServiceCd=130&Type=search", "url2": "https://bell-care.jp/" }, "geometry": { "type": "Point", "coordinates": [ 139.83618320000005, 35.7504321 ] } },
{ "type": "Feature", "properties": { "内容": "株式会社ウッディ　訪問看護ステーションはーと【訪問看護】東京都葛飾区東金町1-38-6宇羽野ビル4Ｆ", "url": "https://www.kaigokensaku.mhlw.go.jp/13/index.php?action_kouhyou_detail_004_kani=true&JigyosyoCd=1362290049-00&ServiceCd=130&Type=search", "url2": "http://houmonkanngo-heart.com/" }, "geometry": { "type": "Point", "coordinates": [ 139.871923794334407, 35.770924668382527 ] } },
{ "type": "Feature", "properties": { "内容": "株式会社メディハート　訪問看護ステーションみどり【訪問看護】東京都葛飾区立石４－３４－１３アンモリオビル２０２", "url": "https://www.kaigokensaku.mhlw.go.jp/13/index.php?action_kouhyou_detail_004_kani=true&JigyosyoCd=1362290106-00&ServiceCd=130&Type=search", "url2": null }, "geometry": { "type": "Point", "coordinates": [ 139.848413, 35.7417861 ] } },
{ "type": "Feature", "properties": { "内容": "しおん訪問看護ステーション【訪問看護】東京都葛飾区青戸5-30‐15", "url": "https://www.kaigokensaku.mhlw.go.jp/13/index.php?action_kouhyou_detail_004_kani=true&JigyosyoCd=1362290130-00&ServiceCd=130&Type=search", "url2": "https://shion-houkan.jp" }, "geometry": { "type": "Point", "coordinates": [ 139.855812850401293, 35.748305934956626 ] } },
{ "type": "Feature", "properties": { "内容": "葛飾ロイヤル訪問看護ステーション【訪問看護】東京都葛飾区堀切2-66-17", "url": "https://www.kaigokensaku.mhlw.go.jp/13/index.php?action_kouhyou_detail_004_kani=true&JigyosyoCd=1362290148-00&ServiceCd=130&Type=search", "url2": "http://www.ims.gr.jp/reha-tokyo-katsushika/station/index.html" }, "geometry": { "type": "Point", "coordinates": [ 139.83130549766986, 35.744498563119045 ] } },
{ "type": "Feature", "properties": { "内容": "高砂訪問看護ステーション【訪問看護】東京都葛飾区高砂3丁目26番10号", "url": "https://www.kaigokensaku.mhlw.go.jp/13/index.php?action_kouhyou_detail_004_kani=true&JigyosyoCd=1362290163-00&ServiceCd=130&Type=search", "url2": "http://www.katsushika-hp.com" }, "geometry": { "type": "Point", "coordinates": [ 139.8707134, 35.7484157 ] } },
{ "type": "Feature", "properties": { "内容": "医社）MXPGレッツ訪問看護ステーション【訪問看護】東京都葛飾区細田4-18-3エクセルハイム細田103", "url": "https://www.kaigokensaku.mhlw.go.jp/13/index.php?action_kouhyou_detail_004_kani=true&JigyosyoCd=1362290189-00&ServiceCd=130&Type=search", "url2": "http://www.mxpg.jp" }, "geometry": { "type": "Point", "coordinates": [ 139.871384738345341, 35.743262561233394 ] } },
{ "type": "Feature", "properties": { "内容": "あしたも笑顔訪問看護ステーション【訪問看護】東京都葛飾区新宿５－７－２０リバーサイド新宿1F", "url": "https://www.kaigokensaku.mhlw.go.jp/13/index.php?action_kouhyou_detail_004_kani=true&JigyosyoCd=1362290221-00&ServiceCd=130&Type=search", "url2": "http://asitaegaokango.com/" }, "geometry": { "type": "Point", "coordinates": [ 139.859248, 35.765214800000031 ] } },
{ "type": "Feature", "properties": { "内容": "新小岩訪問看護ステーションほほえみ【訪問看護】東京都葛飾区東新小岩8-8-11", "url": "https://www.kaigokensaku.mhlw.go.jp/13/index.php?action_kouhyou_detail_004_kani=true&JigyosyoCd=1362290247-00&ServiceCd=130&Type=search", "url2": "https://www.solasto.co.jp/" }, "geometry": { "type": "Point", "coordinates": [ 139.849416499999961, 35.7271848 ] } },
{ "type": "Feature", "properties": { "内容": "むつみ訪問看護ステーション【訪問看護】東京都葛飾区西新小岩３－１５－１０ARC新小岩", "url": "https://www.kaigokensaku.mhlw.go.jp/13/index.php?action_kouhyou_detail_004_kani=true&JigyosyoCd=1362290254-00&ServiceCd=130&Type=search", "url2": "http://mutsumi-houkan.net" }, "geometry": { "type": "Point", "coordinates": [ 139.848916899999949, 35.7202243 ] } },
{ "type": "Feature", "properties": { "内容": "セントケア訪問看護ステーション葛飾【訪問看護】東京都葛飾区高砂5-10-5シルバーハイツ高砂", "url": "https://www.kaigokensaku.mhlw.go.jp/13/index.php?action_kouhyou_detail_004_kani=true&JigyosyoCd=1362290262-00&ServiceCd=130&Type=search", "url2": "https://www.saint-care.com/tokyo/about/" }, "geometry": { "type": "Point", "coordinates": [ 139.864123, 35.7519546 ] } },
{ "type": "Feature", "properties": { "内容": "訪問リハ看護ステーション　立夏【訪問看護】東京都葛飾区金町5-14-4豊栄ビル201", "url": "https://www.kaigokensaku.mhlw.go.jp/13/index.php?action_kouhyou_detail_004_kani=true&JigyosyoCd=1362290403-00&ServiceCd=130&Type=search", "url2": "https://www.licca.support" }, "geometry": { "type": "Point", "coordinates": [ 139.866598190616656, 35.768448417547646 ] } },
{ "type": "Feature", "properties": { "内容": "かなちゅう訪問看護ステーション【訪問看護】東京都葛飾区金町1-9-7星野マンション401号室", "url": "https://www.kaigokensaku.mhlw.go.jp/13/index.php?action_kouhyou_detail_004_kani=true&JigyosyoCd=1362290411-00&ServiceCd=130&Type=search", "url2": "http://www.reiroukai.or.jp/visiting-nursing/" }, "geometry": { "type": "Point", "coordinates": [ 139.866103800000019, 35.7634928 ] } },
{ "type": "Feature", "properties": { "内容": "訪問看護リハビリステーションほのぼの【訪問看護】東京都葛飾区柴又３－４－１４", "url": "https://www.kaigokensaku.mhlw.go.jp/13/index.php?action_kouhyou_detail_004_kani=true&JigyosyoCd=1362290445-00&ServiceCd=130&Type=search", "url2": "honobono-inc.jp" }, "geometry": { "type": "Point", "coordinates": [ 139.8697862, 35.7610546 ] } },
{ "type": "Feature", "properties": { "内容": "SOMPOケア　葛飾　訪問看護【訪問看護】東京都葛飾区青戸3－33－14サンプラザビル5階", "url": "https://www.kaigokensaku.mhlw.go.jp/13/index.php?action_kouhyou_detail_004_kani=true&JigyosyoCd=1362290452-00&ServiceCd=130&Type=search", "url2": "https://www.sompocare.com/service/zaitaku/kango/Z000814" }, "geometry": { "type": "Point", "coordinates": [ 139.855511770500186, 35.746709509485704 ] } },
{ "type": "Feature", "properties": { "内容": "ニチイライフケア柴又ナースステーション【訪問看護】東京都葛飾区柴又7-13-8ニチイメゾン柴又", "url": "https://www.kaigokensaku.mhlw.go.jp/13/index.php?action_kouhyou_detail_004_kani=true&JigyosyoCd=1362290460-00&ServiceCd=130&Type=search", "url2": null }, "geometry": { "type": "Point", "coordinates": [ 139.878361399999989, 35.7599283 ] } },
{ "type": "Feature", "properties": { "内容": "ウェルフォース訪問看護ステーション【訪問看護】東京都葛飾区白鳥2-10-7ル・ヴァンベール白鳥", "url": "https://www.kaigokensaku.mhlw.go.jp/13/index.php?action_kouhyou_detail_004_kani=true&JigyosyoCd=1362290486-00&ServiceCd=130&Type=search", "url2": "http://www.elsol-group.jp" }, "geometry": { "type": "Point", "coordinates": [ 139.8440493, 35.7485202 ] } },
{ "type": "Feature", "properties": { "内容": "東京愛育苑訪問看護ステーション【訪問看護】東京都葛飾区水元3-13-2", "url": "https://www.kaigokensaku.mhlw.go.jp/13/index.php?action_kouhyou_detail_004_kani=true&JigyosyoCd=1367192925-00&ServiceCd=130&Type=search", "url2": "https://www.aiikuen-gr.com" }, "geometry": { "type": "Point", "coordinates": [ 139.863482200000021, 35.7822974 ] } },
{ "type": "Feature", "properties": { "内容": "訪問看護ステーションすこやか【訪問看護】東京都葛飾区西新小岩4-39-20", "url": "https://www.kaigokensaku.mhlw.go.jp/13/index.php?action_kouhyou_detail_004_kani=true&JigyosyoCd=1367193683-00&ServiceCd=130&Type=search", "url2": "http://www.isuzukai.com/" }, "geometry": { "type": "Point", "coordinates": [ 139.855419, 35.720332700000014 ] } },
{ "type": "Feature", "properties": { "内容": "しょうぶ訪問看護ステーション【訪問看護】東京都葛飾区堀切7-4-3", "url": "https://www.kaigokensaku.mhlw.go.jp/13/index.php?action_kouhyou_detail_004_kani=true&JigyosyoCd=1367193881-00&ServiceCd=130&Type=search", "url2": "http://horikiri-ch.or.jp" }, "geometry": { "type": "Point", "coordinates": [ 139.827811482209, 35.754115624753403 ] } },
{ "type": "Feature", "properties": { "内容": "株式会社訪問看護ステーションひまわり【訪問看護】東京都葛飾区高砂5-36-7水戸ビル2階", "url": "https://www.kaigokensaku.mhlw.go.jp/13/index.php?action_kouhyou_detail_004_kani=true&JigyosyoCd=1367198310-00&ServiceCd=130&Type=search", "url2": "https://www2.hp-ez.com/hp/himawari-st" }, "geometry": { "type": "Point", "coordinates": [ 139.868036291648878, 35.751588029433755 ] } },
{ "type": "Feature", "properties": { "内容": "訪問看護ステーション　ステラ【訪問看護】東京都葛飾区新宿2丁目16番4号", "url": "https://www.kaigokensaku.mhlw.go.jp/13/index.php?action_kouhyou_detail_004_kani=true&JigyosyoCd=1367192636-00&ServiceCd=130&Type=search", "url2": "http://www.shinjinkai.net/" }, "geometry": { "type": "Point", "coordinates": [ 139.857097201852412, 35.760981554422258 ] } },
{ "type": "Feature", "properties": { "内容": "いぶき訪問看護ステーション【訪問看護】東京都葛飾区細田3-13-391階", "url": "https://www.kaigokensaku.mhlw.go.jp/13/index.php?action_kouhyou_detail_004_kani=true&JigyosyoCd=1362290742-00&ServiceCd=130&Type=search", "url2": null }, "geometry": { "type": "Point", "coordinates": [ 139.867089799999974, 35.742838299999981 ] } },
{ "type": "Feature", "properties": { "内容": "東京華仁訪問看護ステーション【訪問看護】東京都葛飾区東新小岩1-9-8太田ビル101", "url": "https://www.kaigokensaku.mhlw.go.jp/13/index.php?action_kouhyou_detail_004_kani=true&JigyosyoCd=1361790387-00&ServiceCd=130&Type=search", "url2": "https://kajinkango.com/" }, "geometry": { "type": "Point", "coordinates": [ 139.860194599999971, 35.7194044 ] } },
{ "type": "Feature", "properties": { "内容": "亀有病院訪問看護ステーションペンギン【訪問看護】東京都葛飾区亀有3丁目36番3号", "url": "https://www.kaigokensaku.mhlw.go.jp/13/index.php?action_kouhyou_detail_004_kani=true&JigyosyoCd=1362290353-00&ServiceCd=130&Type=search", "url2": "http://www.kameari-hp.com/" }, "geometry": { "type": "Point", "coordinates": [ 139.849205899999987, 35.7633473 ] } },
{ "type": "Feature", "properties": { "内容": "青戸訪問看護ステーション【訪問看護】東京都葛飾区青戸6-6-22グリーンパーク青戸　201", "url": "https://www.kaigokensaku.mhlw.go.jp/13/index.php?action_kouhyou_detail_004_kani=true&JigyosyoCd=1362290361-00&ServiceCd=130&Type=search", "url2": "https://aoto-vns.com" }, "geometry": { "type": "Point", "coordinates": [ 139.856739299999958, 35.7489338 ] } },
{ "type": "Feature", "properties": { "内容": "訪問看護ステーション　ここ未来【訪問看護】東京都葛飾区南水元2-29-11ラ・フォンテーヌ102", "url": "https://www.kaigokensaku.mhlw.go.jp/13/index.php?action_kouhyou_detail_004_kani=true&JigyosyoCd=1362290379-00&ServiceCd=130&Type=search", "url2": "https://cocomirai.studio.site/" }, "geometry": { "type": "Point", "coordinates": [ 139.859104078746441, 35.779279165884567 ] } },
{ "type": "Feature", "properties": { "内容": "訪問看護ステーションプレモ【訪問看護】東京都葛飾区東金町1-41-3No5宇羽野ビル4階", "url": "https://www.kaigokensaku.mhlw.go.jp/13/index.php?action_kouhyou_detail_004_kani=true&JigyosyoCd=1362290536-00&ServiceCd=130&Type=search", "url2": null }, "geometry": { "type": "Point", "coordinates": [ 139.871561626875291, 35.770614336911422 ] } },
{ "type": "Feature", "properties": { "内容": "訪問看護ステーションはな金町【訪問看護】東京都葛飾区金町5-24-18グランフレア金町１F", "url": "https://www.kaigokensaku.mhlw.go.jp/13/index.php?action_kouhyou_detail_004_kani=true&JigyosyoCd=1362290544-00&ServiceCd=130&Type=search", "url2": "https://www.hana-kango.com/" }, "geometry": { "type": "Point", "coordinates": [ 139.8687459, 35.765927200000014 ] } },
{ "type": "Feature", "properties": { "内容": "訪問看護ステーション藤の花【訪問看護】東京都葛飾区青戸6-1-15万平ハイツ101", "url": "https://www.kaigokensaku.mhlw.go.jp/13/index.php?action_kouhyou_detail_004_kani=true&JigyosyoCd=1362290585-00&ServiceCd=130&Type=search", "url2": "https://fujihanast.wixsite.com/fujihana-site" }, "geometry": { "type": "Point", "coordinates": [ 139.856943400000034, 35.7471234 ] } },
{ "type": "Feature", "properties": { "内容": "デイズ訪問看護リハビリステーション新小岩【訪問看護】東京都葛飾区西新小岩4-39-28", "url": "https://www.kaigokensaku.mhlw.go.jp/13/index.php?action_kouhyou_detail_004_kani=true&JigyosyoCd=1362290619-00&ServiceCd=130&Type=search", "url2": "https://days-right-care.com/" }, "geometry": { "type": "Point", "coordinates": [ 139.8554165, 35.7199076 ] } },
{ "type": "Feature", "properties": { "内容": "よつぎ訪問看護ステーション【訪問看護】東京都葛飾区四つ木4-30-30", "url": "https://www.kaigokensaku.mhlw.go.jp/13/index.php?action_kouhyou_detail_004_kani=true&JigyosyoCd=1362290627-00&ServiceCd=130&Type=search", "url2": "http://hp.kaipoke.biz/vwz/" }, "geometry": { "type": "Point", "coordinates": [ 139.8347731, 35.7413653 ] } },
{ "type": "Feature", "properties": { "内容": "ギフト訪問看護ステーション【訪問看護】東京都葛飾区堀切4－12－7コーポ堀切102号室", "url": "https://www.kaigokensaku.mhlw.go.jp/13/index.php?action_kouhyou_detail_004_kani=true&JigyosyoCd=1362290635-00&ServiceCd=130&Type=search", "url2": "http://katsushika-gifthokan.com" }, "geometry": { "type": "Point", "coordinates": [ 139.825648300000012, 35.7473879 ] } },
{ "type": "Feature", "properties": { "内容": "FCM訪問看護ステーションかめあり【訪問看護】東京都葛飾区亀有5-26-8", "url": "https://www.kaigokensaku.mhlw.go.jp/13/index.php?action_kouhyou_detail_004_kani=true&JigyosyoCd=1362290668-00&ServiceCd=130&Type=search", "url2": "http://futabacm.com" }, "geometry": { "type": "Point", "coordinates": [ 139.8464385, 35.768852 ] } },
{ "type": "Feature", "properties": { "内容": "社会医療法人社団光仁会　ひかり訪問看護ステーション【訪問看護】東京都葛飾区東金町4丁目3番７号２階", "url": "https://www.kaigokensaku.mhlw.go.jp/13/index.php?action_kouhyou_detail_004_kani=true&JigyosyoCd=1367193030-00&ServiceCd=130&Type=search", "url2": null }, "geometry": { "type": "Point", "coordinates": [ 139.87671469999998, 35.7726623 ] } },
{ "type": "Feature", "properties": { "内容": "トーリツ訪問看護ステーション新小岩【訪問看護】東京都葛飾区東新小岩7-1-32F", "url": "https://www.kaigokensaku.mhlw.go.jp/13/index.php?action_kouhyou_detail_004_kani=true&JigyosyoCd=1367197890-00&ServiceCd=130&Type=search", "url2": "http://www.to-ritsu.co.jp" }, "geometry": { "type": "Point", "coordinates": [ 139.852894099999958, 35.723524 ] } },
{ "type": "Feature", "properties": { "内容": "訪問看護ステーションオアシス【訪問看護】東京都葛飾区立石6-33-8青砥ハイツ101号", "url": "https://www.kaigokensaku.mhlw.go.jp/13/index.php?action_kouhyou_detail_004_kani=true&JigyosyoCd=1362290064-00&ServiceCd=130&Type=search", "url2": "https://oasis-katsushika.com/" }, "geometry": { "type": "Point", "coordinates": [ 139.852354099999957, 35.7429999 ] } },
{ "type": "Feature", "properties": { "内容": "立石訪問看護ステーション　ペンギン【訪問看護】東京都葛飾区立石5-9-26ケアガーデンＩＳＨＩＤＡ1階", "url": "https://www.kaigokensaku.mhlw.go.jp/13/index.php?action_kouhyou_detail_004_kani=true&JigyosyoCd=1362290080-00&ServiceCd=130&Type=search", "url2": "http://www.heisei-tateishi.net/visitor/community.html#penguin" }, "geometry": { "type": "Point", "coordinates": [ 139.84384370199129, 35.742647241390891 ] } },
{ "type": "Feature", "properties": { "内容": "ルミナスの和訪問看護ステーション【訪問看護】東京都葛飾区高砂８－１２－４マンション戸部１０２号", "url": "https://www.kaigokensaku.mhlw.go.jp/13/index.php?action_kouhyou_detail_004_kani=true&JigyosyoCd=1362290346-00&ServiceCd=130&Type=search", "url2": "https://luminousnowa.com/" }, "geometry": { "type": "Point", "coordinates": [ 139.868243900000039, 35.7533207 ] } },
{ "type": "Feature", "properties": { "内容": "訪問看護ステーションおにぎり【訪問看護】東京都葛飾区東水元５－１１－８2階", "url": "https://www.kaigokensaku.mhlw.go.jp/13/index.php?action_kouhyou_detail_004_kani=true&JigyosyoCd=1362290643-00&ServiceCd=130&Type=search", "url2": null }, "geometry": { "type": "Point", "coordinates": [ 139.8652459, 35.7911409 ] } },
{ "type": "Feature", "properties": { "内容": "葛飾区医師会訪問看護ステーション【訪問看護】東京都葛飾区立石６－８－１４パークアベニュー１階", "url": "https://www.kaigokensaku.mhlw.go.jp/13/index.php?action_kouhyou_detail_004_kani=true&JigyosyoCd=1367191695-00&ServiceCd=130&Type=search", "url2": "http://katsushika-med.or.jp/kaigo/index.html" }, "geometry": { "type": "Point", "coordinates": [ 139.8473083, 35.746219 ] } },
{ "type": "Feature", "properties": { "内容": "コープ訪問看護ステーション【訪問看護】東京都葛飾区白鳥2丁目3番6号2階", "url": "https://www.kaigokensaku.mhlw.go.jp/13/index.php?action_kouhyou_detail_004_kani=true&JigyosyoCd=1367191836-00&ServiceCd=130&Type=search", "url2": "http://www.katuseikyou.or.jp/" }, "geometry": { "type": "Point", "coordinates": [ 139.843093599999946, 35.7498211 ] } },
{ "type": "Feature", "properties": { "内容": "AYANA訪問看護ステーション【訪問看護】東京都葛飾区亀有3-16-15メリーマンション202", "url": "https://www.kaigokensaku.mhlw.go.jp/13/index.php?action_kouhyou_detail_004_kani=true&JigyosyoCd=1362290734-00&ServiceCd=130&Type=search", "url2": "https://ayanagroup.jp/station/" }, "geometry": { "type": "Point", "coordinates": [ 139.8485469, 35.7635505 ] } },
{ "type": "Feature", "properties": { "内容": "在宅療養支援ステーション楓の友かつしか【訪問看護】東京都葛飾区亀有1-15-23間医療モール3F", "url": "https://www.kaigokensaku.mhlw.go.jp/13/index.php?action_kouhyou_detail_004_kani=true&JigyosyoCd=1362290684-00&ServiceCd=130&Type=search", "url2": "https://www.kaedenotomo.com/" }, "geometry": { "type": "Point", "coordinates": [ 139.845868700000011, 35.758161 ] } },
{ "type": "Feature", "properties": { "内容": "訪問看護ステーションコルディアーレ青戸【訪問看護】東京都葛飾区青戸6-4-21青戸6丁目事務所1階", "url": "https://www.kaigokensaku.mhlw.go.jp/13/index.php?action_kouhyou_detail_004_kani=true&JigyosyoCd=1362290767-00&ServiceCd=130&Type=search", "url2": null }, "geometry": { "type": "Point", "coordinates": [ 139.8569293, 35.7478456 ] } },
{ "type": "Feature", "properties": { "内容": "訪問看護ステーション楽羅【訪問看護】東京都葛飾区小菅4-14-3秀和コーポ302号", "url": "https://www.kaigokensaku.mhlw.go.jp/13/index.php?action_kouhyou_detail_004_kani=true&JigyosyoCd=1362290783-00&ServiceCd=130&Type=search", "url2": null }, "geometry": { "type": "Point", "coordinates": [ 139.825368200000014, 35.7611272 ] } },
{ "type": "Feature", "properties": { "内容": "訪問看護ステーション　ナース花きりん【訪問看護】東京都江戸川区東葛西7-2-5エビス東葛西102", "url": "https://www.kaigokensaku.mhlw.go.jp/13/index.php?action_kouhyou_detail_004_kani=true&JigyosyoCd=1362390088-00&ServiceCd=130&Type=search", "url2": "https://www.collaboedogawa.net/" }, "geometry": { "type": "Point", "coordinates": [ 139.873369000629026, 35.659947523808697 ] } },
{ "type": "Feature", "properties": { "内容": "訪問看護ステーション　ナース花きりん船堀【訪問看護】東京都江戸川区松江1-15-11", "url": "https://www.kaigokensaku.mhlw.go.jp/13/index.php?action_kouhyou_detail_004_kani=true&JigyosyoCd=1362390468-00&ServiceCd=130&Type=search", "url2": "http://www.collaboedogawa.net/" }, "geometry": { "type": "Point", "coordinates": [ 139.869486804785197, 35.698117845804965 ] } },
{ "type": "Feature", "properties": { "内容": "医療法人社団城東桐和会　タムス訪問看護ステーション江戸川【訪問看護】東京都江戸川区東篠崎１－１１－１", "url": "https://www.kaigokensaku.mhlw.go.jp/13/index.php?action_kouhyou_detail_004_kani=true&JigyosyoCd=1362390187-00&ServiceCd=130&Type=search", "url2": "http://sakurahp.jp/medicare/" }, "geometry": { "type": "Point", "coordinates": [ 139.916120099999944, 35.7015289 ] } },
{ "type": "Feature", "properties": { "内容": "もっち訪問看護ステーション【訪問看護】東京都江戸川区南篠崎町4-9-8エスポアール瑞江201号室", "url": "https://www.kaigokensaku.mhlw.go.jp/13/index.php?action_kouhyou_detail_004_kani=true&JigyosyoCd=1362390740-00&ServiceCd=130&Type=search", "url2": "https://mocchi-houkan.com/" }, "geometry": { "type": "Point", "coordinates": [ 139.8994897, 35.6981141 ] } },
{ "type": "Feature", "properties": { "内容": "リハビリ訪問看護ステーション　ＨＩＲＯ’Ｓ【訪問看護】東京都江戸川区南小岩5丁目17-20三好屋南小岩ビル405", "url": "https://www.kaigokensaku.mhlw.go.jp/13/index.php?action_kouhyou_detail_004_kani=true&JigyosyoCd=1362390799-00&ServiceCd=130&Type=search", "url2": "http://rehabili-care.co.jp" }, "geometry": { "type": "Point", "coordinates": [ 139.8815634, 35.7268483 ] } },
{ "type": "Feature", "properties": { "内容": "あさやけ訪問看護ステーション【訪問看護】東京都江戸川区松江5-24-6TR船堀１F", "url": "https://www.kaigokensaku.mhlw.go.jp/13/index.php?action_kouhyou_detail_004_kani=true&JigyosyoCd=1362390195-00&ServiceCd=130&Type=search", "url2": "https://cares-funabori.tokyo/" }, "geometry": { "type": "Point", "coordinates": [ 139.868920988885549, 35.68652527239 ] } },
{ "type": "Feature", "properties": { "内容": "訪問看護ステーションヴァクト【訪問看護】東京都江戸川区北小岩6丁目40-5エンゼルハイム201", "url": "https://www.kaigokensaku.mhlw.go.jp/13/index.php?action_kouhyou_detail_004_kani=true&JigyosyoCd=1362390930-00&ServiceCd=130&Type=search", "url2": "https://vakt.hp.peraichi.com/vakt/" }, "geometry": { "type": "Point", "coordinates": [ 139.886177800000013, 35.7444926 ] } },
{ "type": "Feature", "properties": { "内容": "きんぎょ訪問看護ステーション【訪問看護】東京都江戸川区平井六丁目16番4号", "url": "https://www.kaigokensaku.mhlw.go.jp/13/index.php?action_kouhyou_detail_004_kani=true&JigyosyoCd=1362390948-00&ServiceCd=130&Type=search", "url2": null }, "geometry": { "type": "Point", "coordinates": [ 139.8388013, 35.7077197 ] } },
{ "type": "Feature", "properties": { "内容": "訪問看護ステーション　えにしや【訪問看護】東京都江戸川区北小岩６－３２－１２森田ハウス１０１", "url": "https://www.kaigokensaku.mhlw.go.jp/13/index.php?action_kouhyou_detail_004_kani=true&JigyosyoCd=1362390872-00&ServiceCd=130&Type=search", "url2": "https://iza-enishiya.com/" }, "geometry": { "type": "Point", "coordinates": [ 139.8859899, 35.7430966 ] } },
{ "type": "Feature", "properties": { "内容": "なぎさ和楽苑訪問看護ステーション【訪問看護】東京都江戸川区西葛西8-1-1", "url": "https://www.kaigokensaku.mhlw.go.jp/13/index.php?action_kouhyou_detail_004_kani=true&JigyosyoCd=1367196751-00&ServiceCd=130&Type=search", "url2": "http://www.tokyoeiwakai.or.jp" }, "geometry": { "type": "Point", "coordinates": [ 139.859420699999987, 35.6550791 ] } },
{ "type": "Feature", "properties": { "内容": "訪問看護ステーションコルディアーレ江戸川【訪問看護】東京都江戸川区一之江8-15-1エクセル一之江2F", "url": "https://www.kaigokensaku.mhlw.go.jp/13/index.php?action_kouhyou_detail_004_kani=true&JigyosyoCd=1362390955-00&ServiceCd=130&Type=search", "url2": "https://www.jsh-japan.jp/" }, "geometry": { "type": "Point", "coordinates": [ 139.8826175, 35.686146899999976 ] } },
{ "type": "Feature", "properties": { "内容": "ドットライフ小岩（訪問看護・リハビリ）【訪問看護】東京都江戸川区西小岩一丁目9番地16", "url": "https://www.kaigokensaku.mhlw.go.jp/13/index.php?action_kouhyou_detail_004_kani=true&JigyosyoCd=1362390971-00&ServiceCd=130&Type=search", "url2": null }, "geometry": { "type": "Point", "coordinates": [ 139.877217300000012, 35.7328187 ] } },
{ "type": "Feature", "properties": { "内容": "24訪問看護ステーション南篠崎【訪問看護】東京都江戸川区南篠崎町5丁目10-4サンライズビル３階", "url": "https://www.kaigokensaku.mhlw.go.jp/13/index.php?action_kouhyou_detail_004_kani=true&JigyosyoCd=1362390989-00&ServiceCd=130&Type=search", "url2": null }, "geometry": { "type": "Point", "coordinates": [ 139.9068957, 35.6923701 ] } },
{ "type": "Feature", "properties": { "内容": "訪問看護のぞみ葛西臨海公園【訪問看護】東京都江戸川区南葛西6-2-27", "url": "https://www.kaigokensaku.mhlw.go.jp/13/index.php?action_kouhyou_detail_004_kani=true&JigyosyoCd=1362390997-00&ServiceCd=130&Type=search", "url2": "https://www.lamore.jp/company" }, "geometry": { "type": "Point", "coordinates": [ 139.876656600000018, 35.644119291124056 ] } },
{ "type": "Feature", "properties": { "内容": "訪問看護ステーション泰山【訪問看護】東京都江戸川区北小岩5-34-10特別養護老人ホーム泰山１階", "url": "https://www.kaigokensaku.mhlw.go.jp/13/index.php?action_kouhyou_detail_004_kani=true&JigyosyoCd=1362390054-00&ServiceCd=130&Type=search", "url2": "http://www.hakusyuu.jimusho.jp" }, "geometry": { "type": "Point", "coordinates": [ 139.891644310372953, 35.739688635297938 ] } },
{ "type": "Feature", "properties": { "内容": "東京都平井江戸川区6-47-13　セレス有阪　５階【訪問看護】東京都平井江戸川区6-47-13セレス有阪　５階", "url": "https://www.kaigokensaku.mhlw.go.jp/13/index.php?action_kouhyou_detail_004_kani=true&JigyosyoCd=1362390963-00&ServiceCd=130&Type=search", "url2": "https://jala.co.jp" }, "geometry": { "type": "Point", "coordinates": [ 139.84324860000001, 35.711139400000015 ] } },
{ "type": "Feature", "properties": { "内容": "訪問看護ファミリー・ホスピス西葛西【訪問看護】東京都江戸川区西葛西3丁目4番9号", "url": "https://www.kaigokensaku.mhlw.go.jp/13/index.php?action_kouhyou_detail_004_kani=true&JigyosyoCd=1362391003-00&ServiceCd=130&Type=search", "url2": null }, "geometry": { "type": "Point", "coordinates": [ 139.8563237, 35.6663814 ] } },
{ "type": "Feature", "properties": { "内容": "訪問看護ステーション都葦【訪問看護】東京都江戸川区宇喜田町1311番地1ファミール宇喜田101号室", "url": "https://www.kaigokensaku.mhlw.go.jp/13/index.php?action_kouhyou_detail_004_kani=true&JigyosyoCd=1362390013-00&ServiceCd=130&Type=search", "url2": "http://ce-kuniyoshi.com" }, "geometry": { "type": "Point", "coordinates": [ 139.86391925099565, 35.675529944902671 ] } },
{ "type": "Feature", "properties": { "内容": "城東訪問看護ステーション【訪問看護】東京都江戸川区西葛西3-22-15", "url": "https://www.kaigokensaku.mhlw.go.jp/13/index.php?action_kouhyou_detail_004_kani=true&JigyosyoCd=1362390047-00&ServiceCd=130&Type=search", "url2": "http://www.rabbit-jp.net/" }, "geometry": { "type": "Point", "coordinates": [ 139.859376484377208, 35.66685289362151 ] } },
{ "type": "Feature", "properties": { "内容": "訪問看護ステーション　つぐみ【訪問看護】東京都江戸川清新町２丁目２番－２０１１１号", "url": "https://www.kaigokensaku.mhlw.go.jp/13/index.php?action_kouhyou_detail_004_kani=true&JigyosyoCd=1362390112-00&ServiceCd=130&Type=search", "url2": "http://houkantsugumi.com" }, "geometry": { "type": "Point", "coordinates": [ 139.855165394134445, 35.656534646432171 ] } },
{ "type": "Feature", "properties": { "内容": "船堀ホームナース　にじ【訪問看護】東京都江戸川区一之江8－8－2Qスクエア1階", "url": "https://www.kaigokensaku.mhlw.go.jp/13/index.php?action_kouhyou_detail_004_kani=true&JigyosyoCd=1362390153-00&ServiceCd=130&Type=search", "url2": "http://niji-grow.com/" }, "geometry": { "type": "Point", "coordinates": [ 139.882376693376187, 35.684911223994604 ] } },
{ "type": "Feature", "properties": { "内容": "せんじゅ訪問看護【訪問看護】東京都江戸川区北小岩8-21-6仙寿庵202", "url": "https://www.kaigokensaku.mhlw.go.jp/13/index.php?action_kouhyou_detail_004_kani=true&JigyosyoCd=1362390336-00&ServiceCd=130&Type=search", "url2": "https://senju-houmonkango.webnode.jp" }, "geometry": { "type": "Point", "coordinates": [ 139.8857367, 35.7483979 ] } },
{ "type": "Feature", "properties": { "内容": "スマイリー訪問看護ステーション【訪問看護】東京都江戸川区船堀2‐15－17ドウエル船堀202号", "url": "https://www.kaigokensaku.mhlw.go.jp/13/index.php?action_kouhyou_detail_004_kani=true&JigyosyoCd=1362390377-00&ServiceCd=130&Type=search", "url2": "http://www.smiley-homecare.com/" }, "geometry": { "type": "Point", "coordinates": [ 139.8617084, 35.6837314 ] } },
{ "type": "Feature", "properties": { "内容": "医療法人社団ゆい　訪問看護ステーションゆい【訪問看護】東京都江戸川区西小岩1-21-23ゆいビル2階", "url": "https://www.kaigokensaku.mhlw.go.jp/13/index.php?action_kouhyou_detail_004_kani=true&JigyosyoCd=1362390393-00&ServiceCd=130&Type=search", "url2": "https://yui-totalcare.com/homenursingyui/" }, "geometry": { "type": "Point", "coordinates": [ 139.881418596295134, 35.734185155141603 ] } },
{ "type": "Feature", "properties": { "内容": "訪問看護ステーションはな小岩【訪問看護】東京都江戸川区西小岩1-23-5コムーネ101", "url": "https://www.kaigokensaku.mhlw.go.jp/13/index.php?action_kouhyou_detail_004_kani=true&JigyosyoCd=1362390567-00&ServiceCd=130&Type=search", "url2": "https://www.hana-kango.com/index.html" }, "geometry": { "type": "Point", "coordinates": [ 139.880588200000034, 35.7334387 ] } },
{ "type": "Feature", "properties": { "内容": "しろひげファミリー訪問看護ステーション【訪問看護】東京都江戸川区東瑞江1-38-42　庄電ビル1号室", "url": "https://www.kaigokensaku.mhlw.go.jp/13/index.php?action_kouhyou_detail_004_kani=true&JigyosyoCd=1362390633-00&ServiceCd=130&Type=search", "url2": "https://shirohige.clinic/" }, "geometry": { "type": "Point", "coordinates": [ 139.899415371038032, 35.690329680727345 ] } },
{ "type": "Feature", "properties": { "内容": "城東訪問看護ステーションみずえ【訪問看護】東京都江戸川区南篠崎町3－9－3鈴木ビル　1階", "url": "https://www.kaigokensaku.mhlw.go.jp/13/index.php?action_kouhyou_detail_004_kani=true&JigyosyoCd=1362390666-00&ServiceCd=130&Type=search", "url2": "http://www.rabbit-jp.net" }, "geometry": { "type": "Point", "coordinates": [ 139.898584558713452, 35.695613451759705 ] } },
{ "type": "Feature", "properties": { "内容": "こまつな訪問看護リハビリステーション【訪問看護】東京都江戸川区松江6-4-20NOGUCHIMATSUEBldg　3階", "url": "https://www.kaigokensaku.mhlw.go.jp/13/index.php?action_kouhyou_detail_004_kani=true&JigyosyoCd=1362390765-00&ServiceCd=130&Type=search", "url2": "https://www.noguchi-net.co.jp" }, "geometry": { "type": "Point", "coordinates": [ 139.871522199999959, 35.686465900000016 ] } },
{ "type": "Feature", "properties": { "内容": "江戸川病院訪問看護ステーション・マックスライフ【訪問看護】東京都江戸川区東松本2丁目14番12号", "url": "https://www.kaigokensaku.mhlw.go.jp/13/index.php?action_kouhyou_detail_004_kani=true&JigyosyoCd=1367194541-00&ServiceCd=130&Type=search", "url2": "https://edogawa-medicare.jp" }, "geometry": { "type": "Point", "coordinates": [ 139.88101555753326, 35.720253489107122 ] } },
{ "type": "Feature", "properties": { "内容": "江戸川区医師会訪問看護ステーション【訪問看護】東京都江戸川区中央4-24-14", "url": "https://www.kaigokensaku.mhlw.go.jp/13/index.php?action_kouhyou_detail_004_kani=true&JigyosyoCd=1367194566-00&ServiceCd=130&Type=search", "url2": "https://www.edogawa-med.jp" }, "geometry": { "type": "Point", "coordinates": [ 139.868523699999969, 35.7099398 ] } },
{ "type": "Feature", "properties": { "内容": "あっぷる訪問看護ステーション葛西【訪問看護】東京都江戸川区東葛西5-14-6カサイNSビル　705号室", "url": "https://www.kaigokensaku.mhlw.go.jp/13/index.php?action_kouhyou_detail_004_kani=true&JigyosyoCd=1367195746-00&ServiceCd=130&Type=search", "url2": "http://www.well-life.co.jp" }, "geometry": { "type": "Point", "coordinates": [ 139.87530052883605, 35.663995866581601 ] } },
{ "type": "Feature", "properties": { "内容": "訪問看護ステーション心音【訪問看護】東京都江戸川区平井3-10-12平井町ビル1階", "url": "https://www.kaigokensaku.mhlw.go.jp/13/index.php?action_kouhyou_detail_004_kani=true&JigyosyoCd=1362390443-00&ServiceCd=130&Type=search", "url2": "https://www.kokone-kango.jp/" }, "geometry": { "type": "Point", "coordinates": [ 139.841268500000069, 35.7042893 ] } },
{ "type": "Feature", "properties": { "内容": "訪問看護ステーションえどがわ【訪問看護】東京都江戸川区南篠崎町1丁目23-6ナーシングホームみなみしのざき", "url": "https://www.kaigokensaku.mhlw.go.jp/13/index.php?action_kouhyou_detail_004_kani=true&JigyosyoCd=1362390849-00&ServiceCd=130&Type=search", "url2": "https://nursing-home.co.jp/nh/minamishinozakimachi/" }, "geometry": { "type": "Point", "coordinates": [ 139.907523971163954, 35.695206366185914 ] } },
{ "type": "Feature", "properties": { "内容": "くすの木訪問看護ステーション【訪問看護】東京都江戸川区平井2丁目24番16号東京育明会ビル２階", "url": "https://www.kaigokensaku.mhlw.go.jp/13/index.php?action_kouhyou_detail_004_kani=true&JigyosyoCd=1367198252-00&ServiceCd=130&Type=search", "url2": "http://www.ikumeikai.tokyo/kusunoki" }, "geometry": { "type": "Point", "coordinates": [ 139.846237128836009, 35.703721129999217 ] } },
{ "type": "Feature", "properties": { "内容": "訪問看護ステーション　さくら【訪問看護】東京都江戸川区中葛西２－１－１８第６長庄マンション２０３号室", "url": "https://www.kaigokensaku.mhlw.go.jp/13/index.php?action_kouhyou_detail_004_kani=true&JigyosyoCd=1362390021-00&ServiceCd=130&Type=search", "url2": "http://www.LS-skr.com" }, "geometry": { "type": "Point", "coordinates": [ 139.872603111578456, 35.669069876598762 ] } },
{ "type": "Feature", "properties": { "内容": "訪問看護リハビリステーション　　東京ケアメディカル【訪問看護】東京都江戸川区西篠崎２－７－３０", "url": "https://www.kaigokensaku.mhlw.go.jp/13/index.php?action_kouhyou_detail_004_kani=true&JigyosyoCd=1362390120-00&ServiceCd=130&Type=search", "url2": "http://ume-care.com/care/index.html" }, "geometry": { "type": "Point", "coordinates": [ 139.895882100030548, 35.710225657713643 ] } },
{ "type": "Feature", "properties": { "内容": "さかいリハ訪問看護ステーション・東京【訪問看護】東京都江戸川区一之江8丁目19-6彦新ビルⅠ　４階", "url": "https://www.kaigokensaku.mhlw.go.jp/13/index.php?action_kouhyou_detail_004_kani=true&JigyosyoCd=1362390146-00&ServiceCd=130&Type=search", "url2": "https://sakaireha.com/" }, "geometry": { "type": "Point", "coordinates": [ 139.884740544180318, 35.685400243218567 ] } },
{ "type": "Feature", "properties": { "内容": "フロランス訪問看護ステーション【訪問看護】東京都江戸川区平井2-8-14共栄コーポ303号室", "url": "https://www.kaigokensaku.mhlw.go.jp/13/index.php?action_kouhyou_detail_004_kani=true&JigyosyoCd=1362390229-00&ServiceCd=130&Type=search", "url2": null }, "geometry": { "type": "Point", "coordinates": [ 139.84634589999996, 35.7000232 ] } },
{ "type": "Feature", "properties": { "内容": "社会医療法人社団　森山医会訪問看護事業所【訪問看護】東京都江戸川区西葛西７－１２－７", "url": "https://www.kaigokensaku.mhlw.go.jp/13/index.php?action_kouhyou_detail_004_kani=true&JigyosyoCd=1362390278-00&ServiceCd=130&Type=search", "url2": null }, "geometry": { "type": "Point", "coordinates": [ 139.860584099999983, 35.6618534 ] } },
{ "type": "Feature", "properties": { "内容": "訪問看護リハビリステーション　ここゆい【訪問看護】東京都江戸川区江戸川４－２－１", "url": "https://www.kaigokensaku.mhlw.go.jp/13/index.php?action_kouhyou_detail_004_kani=true&JigyosyoCd=1362390310-00&ServiceCd=130&Type=search", "url2": "http://cocoyui.co.jp/" }, "geometry": { "type": "Point", "coordinates": [ 139.887311899999986, 35.6825303 ] } },
{ "type": "Feature", "properties": { "内容": "かのん訪問看護ステーションえどがわ【訪問看護】東京都江戸川区南小岩7-2-6", "url": "https://www.kaigokensaku.mhlw.go.jp/13/index.php?action_kouhyou_detail_004_kani=true&JigyosyoCd=1362390492-00&ServiceCd=130&Type=search", "url2": "https://sosen-medical.co.jp/kanon-edogawa" }, "geometry": { "type": "Point", "coordinates": [ 139.88325824047547, 35.726107421171605 ] } },
{ "type": "Feature", "properties": { "内容": "スターク訪問看護ステーション小岩【訪問看護】東京都江戸川区西小岩1-22‐1小岩東総ハイツ2階", "url": "https://www.kaigokensaku.mhlw.go.jp/13/index.php?action_kouhyou_detail_004_kani=true&JigyosyoCd=1362390526-00&ServiceCd=130&Type=search", "url2": "https://star-q.jp/" }, "geometry": { "type": "Point", "coordinates": [ 139.880366284332013, 35.732676273560315 ] } },
{ "type": "Feature", "properties": { "内容": "LITALICOホームケア【訪問看護】東京都江戸川区船堀2-21-82階", "url": "https://www.kaigokensaku.mhlw.go.jp/13/index.php?action_kouhyou_detail_004_kani=true&JigyosyoCd=1362390658-00&ServiceCd=130&Type=search", "url2": "https://litalico.co.jp/about/" }, "geometry": { "type": "Point", "coordinates": [ 139.861711789549247, 35.681651730949639 ] } },
{ "type": "Feature", "properties": { "内容": "リニエ訪問看護ステーション江戸川【訪問看護】東京都江戸川区西小岩3-6-152F", "url": "https://www.kaigokensaku.mhlw.go.jp/13/index.php?action_kouhyou_detail_004_kani=true&JigyosyoCd=1362390674-00&ServiceCd=130&Type=search", "url2": "https://linie-group.jp/office/houmonkango-edogawa/" }, "geometry": { "type": "Point", "coordinates": [ 139.8747769, 35.734553 ] } },
{ "type": "Feature", "properties": { "内容": "ひな訪問看護リハビリステーション【訪問看護】東京都江戸川区松江7-28-6セシオン松江302号", "url": "https://www.kaigokensaku.mhlw.go.jp/13/index.php?action_kouhyou_detail_004_kani=true&JigyosyoCd=1362390716-00&ServiceCd=130&Type=search", "url2": "http://hina-hokan.com" }, "geometry": { "type": "Point", "coordinates": [ 139.8763975, 35.6918879 ] } },
{ "type": "Feature", "properties": { "内容": "FERNA訪問看護ステーション【訪問看護】東京都江戸川区南篠崎町2-7-19101", "url": "https://www.kaigokensaku.mhlw.go.jp/13/index.php?action_kouhyou_detail_004_kani=true&JigyosyoCd=1362390732-00&ServiceCd=130&Type=search", "url2": "http://www.ferna.co.jp/" }, "geometry": { "type": "Point", "coordinates": [ 139.901387145159816, 35.691440669916759 ] } },
{ "type": "Feature", "properties": { "内容": "フェアウィズ訪問看護ステーション【訪問看護】東京都江戸川区東小岩6ｰ21ｰ5", "url": "https://www.kaigokensaku.mhlw.go.jp/13/index.php?action_kouhyou_detail_004_kani=true&JigyosyoCd=1362390757-00&ServiceCd=130&Type=search", "url2": "http://www.fair-with.com/" }, "geometry": { "type": "Point", "coordinates": [ 139.8893467, 35.7350139 ] } },
{ "type": "Feature", "properties": { "内容": "KAZOKUナースステーション【訪問看護】東京都江戸川区南小岩2丁目10-10", "url": "https://www.kaigokensaku.mhlw.go.jp/13/index.php?action_kouhyou_detail_004_kani=true&JigyosyoCd=1362390773-00&ServiceCd=130&Type=search", "url2": "https://www.heartpage.jp/edogawa/facility/20010438" }, "geometry": { "type": "Point", "coordinates": [ 139.887362973016366, 35.724128410074215 ] } },
{ "type": "Feature", "properties": { "内容": "アリカ訪問看護ステーション瑞江【訪問看護】東京都江戸川区東瑞江1-29-3クレインヨシヌマハイツ401号", "url": "https://www.kaigokensaku.mhlw.go.jp/13/index.php?action_kouhyou_detail_004_kani=true&JigyosyoCd=1362390781-00&ServiceCd=130&Type=search", "url2": "https://arika-houkan.com/" }, "geometry": { "type": "Point", "coordinates": [ 139.8986959, 35.6925466 ] } },
{ "type": "Feature", "properties": { "内容": "訪問看護リハビリステーションきなこ【訪問看護】東京都江戸川区平井５丁目３８－１１", "url": "https://www.kaigokensaku.mhlw.go.jp/13/index.php?action_kouhyou_detail_004_kani=true&JigyosyoCd=1362390815-00&ServiceCd=130&Type=search", "url2": "https://wakuwaku-houkann-kinako-hirai.com/" }, "geometry": { "type": "Point", "coordinates": [ 139.8436754, 35.709413199999986 ] } },
{ "type": "Feature", "properties": { "内容": "てとめ　訪問看護ステーション　江戸川【訪問看護】東京都江戸川区南小岩6-28-14杉本ビル3F", "url": "https://www.kaigokensaku.mhlw.go.jp/13/index.php?action_kouhyou_detail_004_kani=true&JigyosyoCd=1362390831-00&ServiceCd=130&Type=search", "url2": "https://www.tetome.co.jp" }, "geometry": { "type": "Point", "coordinates": [ 139.8813484, 35.7299383 ] } },
{ "type": "Feature", "properties": { "内容": "カーサ訪問看護リハビリステーション江戸川【訪問看護】東京都江戸川区春江町２丁目３８番地２号", "url": "https://www.kaigokensaku.mhlw.go.jp/13/index.php?action_kouhyou_detail_004_kani=true&JigyosyoCd=1362390856-00&ServiceCd=130&Type=search", "url2": "https://hwc-casa.com/" }, "geometry": { "type": "Point", "coordinates": [ 139.8921925, 35.6982997 ] } },
{ "type": "Feature", "properties": { "内容": "スマイルプラス訪問看護ステーション【訪問看護】東京都江戸川区中央1-15-2ハイムジョイフル206", "url": "https://www.kaigokensaku.mhlw.go.jp/13/index.php?action_kouhyou_detail_004_kani=true&JigyosyoCd=1362390898-00&ServiceCd=130&Type=search", "url2": "https://www.smileberg-smileplus.jp/" }, "geometry": { "type": "Point", "coordinates": [ 139.869902700000011, 35.7035922 ] } },
{ "type": "Feature", "properties": { "内容": "訪問看護ステーションまごころ【訪問看護】東京都江戸川区東葛西4-52-5TRKASAI　102号室", "url": "https://www.kaigokensaku.mhlw.go.jp/13/index.php?action_kouhyou_detail_004_kani=true&JigyosyoCd=1367193048-00&ServiceCd=130&Type=search", "url2": "http://www.houkan-magokoro.jp/" }, "geometry": { "type": "Point", "coordinates": [ 139.884907399999946, 35.662924 ] } },
{ "type": "Feature", "properties": { "内容": "瑞江訪問看護ステーション【訪問看護】東京都江戸川区東瑞江1-25-6スウィートヒルズ1F", "url": "https://www.kaigokensaku.mhlw.go.jp/13/index.php?action_kouhyou_detail_004_kani=true&JigyosyoCd=1367193295-00&ServiceCd=130&Type=search", "url2": "https://www.mizue-houmonkango.com" }, "geometry": { "type": "Point", "coordinates": [ 139.898410600000034, 35.691174 ] } },
{ "type": "Feature", "properties": { "内容": "トーリツ訪問看護ステーション　江戸川【訪問看護】東京都江戸川区中央2-4-18", "url": "https://www.kaigokensaku.mhlw.go.jp/13/index.php?action_kouhyou_detail_004_kani=true&JigyosyoCd=1367194087-00&ServiceCd=130&Type=search", "url2": "http://www.to-ritsu.co.jp" }, "geometry": { "type": "Point", "coordinates": [ 139.871941038653659, 35.707108510261662 ] } },
{ "type": "Feature", "properties": { "内容": "ひだまり訪問看護ステーション【訪問看護】東京都江戸川区平井５－１４－１２大島園マンション305号", "url": "https://www.kaigokensaku.mhlw.go.jp/13/index.php?action_kouhyou_detail_004_kani=true&JigyosyoCd=1367195266-00&ServiceCd=130&Type=search", "url2": null }, "geometry": { "type": "Point", "coordinates": [ 139.841328015344288, 35.70619887561265 ] } },
{ "type": "Feature", "properties": { "内容": "訪問看護ステーション　あおぞらの家【訪問看護】東京都江戸川区船堀６-3-20つばめガーデン船堀　1F", "url": "https://www.kaigokensaku.mhlw.go.jp/13/index.php?action_kouhyou_detail_004_kani=true&JigyosyoCd=1362390237-00&ServiceCd=130&Type=search", "url2": "http://www.daisen-aozora.com/" }, "geometry": { "type": "Point", "coordinates": [ 139.866872800371681, 35.679124389500515 ] } },
{ "type": "Feature", "properties": { "内容": "訪問看護ステーション　こころ【訪問看護】東京都江戸川区一之江2-8-14エポメック203", "url": "https://www.kaigokensaku.mhlw.go.jp/13/index.php?action_kouhyou_detail_004_kani=true&JigyosyoCd=1362390385-00&ServiceCd=130&Type=search", "url2": "https://www.cocoro-nursing.com" }, "geometry": { "type": "Point", "coordinates": [ 139.882506599999942, 35.6848547 ] } },
{ "type": "Feature", "properties": { "内容": "えそら訪問看護ステーション【訪問看護】東京都江戸川区北小岩3-13-10アズ小岩レジデンス2階", "url": "https://www.kaigokensaku.mhlw.go.jp/13/index.php?action_kouhyou_detail_004_kani=true&JigyosyoCd=1362390427-00&ServiceCd=130&Type=search", "url2": "https://e-sola.co.jp" }, "geometry": { "type": "Point", "coordinates": [ 139.89157073199749, 35.737025897246902 ] } },
{ "type": "Feature", "properties": { "内容": "おひさまナースステーション【訪問看護】東京都江戸川区西一之江二丁目30番23号", "url": "https://www.kaigokensaku.mhlw.go.jp/13/index.php?action_kouhyou_detail_004_kani=true&JigyosyoCd=1362390435-00&ServiceCd=130&Type=search", "url2": "https://ohisama-ns.com/" }, "geometry": { "type": "Point", "coordinates": [ 139.881497699999954, 35.6993252 ] } },
{ "type": "Feature", "properties": { "内容": "なの花訪問看護ステーション【訪問看護】東京都江戸川区南篠崎町2-37-3TM店舗1F", "url": "https://www.kaigokensaku.mhlw.go.jp/13/index.php?action_kouhyou_detail_004_kani=true&JigyosyoCd=1362390476-00&ServiceCd=130&Type=search", "url2": null }, "geometry": { "type": "Point", "coordinates": [ 139.900988359910571, 35.693708309282563 ] } },
{ "type": "Feature", "properties": { "内容": "医心館訪問看護ステーション瑞江【訪問看護】東京都江戸川区南篠崎町四丁目17番1号", "url": "https://www.kaigokensaku.mhlw.go.jp/13/index.php?action_kouhyou_detail_004_kani=true&JigyosyoCd=1362390724-00&ServiceCd=130&Type=search", "url2": null }, "geometry": { "type": "Point", "coordinates": [ 139.908573499999989, 35.6988857 ] } },
{ "type": "Feature", "properties": { "内容": "しろひげ想い出がいっぱい訪問看護ステーション【訪問看護】東京都江戸川区江戸川5-16-115１階", "url": "https://www.kaigokensaku.mhlw.go.jp/13/index.php?action_kouhyou_detail_004_kani=true&JigyosyoCd=1362390906-00&ServiceCd=130&Type=search", "url2": "https://shirohige.clinic" }, "geometry": { "type": "Point", "coordinates": [ 139.880864300000013, 35.6755967 ] } },
{ "type": "Feature", "properties": { "内容": "あすてるカンゴ葛西【訪問看護】東京都江戸川区東葛西8-10-4", "url": "https://www.kaigokensaku.mhlw.go.jp/13/index.php?action_kouhyou_detail_004_kani=true&JigyosyoCd=1362390914-00&ServiceCd=130&Type=search", "url2": "https://astelsupport.co.jp/info/astel-kango/kasai/" }, "geometry": { "type": "Point", "coordinates": [ 139.876192784690488, 35.655998999009142 ] } },
{ "type": "Feature", "properties": { "内容": "ICHI訪問看護ステーション【訪問看護】東京都江戸川区平井５－２１－３ガーデン欣志ビル３０３", "url": "https://www.kaigokensaku.mhlw.go.jp/13/index.php?action_kouhyou_detail_004_kani=true&JigyosyoCd=1362391029-00&ServiceCd=130&Type=search", "url2": null }, "geometry": { "type": "Point", "coordinates": [ 139.8420226, 35.7076777 ] } },
{ "type": "Feature", "properties": { "内容": "ウィル訪問看護ステーション江戸川【訪問看護】東京都江戸川区中央4-11-8アルカディア親水公園ビルB1F", "url": "https://www.kaigokensaku.mhlw.go.jp/13/index.php?action_kouhyou_detail_004_kani=true&JigyosyoCd=1362390260-00&ServiceCd=130&Type=search", "url2": "http://www.wyl.co.jp" }, "geometry": { "type": "Point", "coordinates": [ 139.866224, 35.7102286 ] } },
{ "type": "Feature", "properties": { "内容": "医心館訪問看護ステーション篠崎【訪問看護】東京都江戸川区篠崎町2丁目31番3号", "url": "https://www.kaigokensaku.mhlw.go.jp/13/index.php?action_kouhyou_detail_004_kani=true&JigyosyoCd=1362391045-00&ServiceCd=130&Type=search", "url2": null }, "geometry": { "type": "Point", "coordinates": [ 139.9060159, 35.7073881 ] } },
{ "type": "Feature", "properties": { "内容": "訪問看護ステーション夢眠えどがわ【訪問看護】東京都江戸川区小松川４丁目94番地", "url": "https://www.kaigokensaku.mhlw.go.jp/13/index.php?action_kouhyou_detail_004_kani=true&JigyosyoCd=1362391052-00&ServiceCd=130&Type=search", "url2": null }, "geometry": { "type": "Point", "coordinates": [ 139.8506892, 35.7009667 ] } },
{ "type": "Feature", "properties": { "内容": "訪問看護ステーションひまわり【訪問看護】東京都江戸川区東葛西８－１９－１６介護老人保健施設ひまわり内１階", "url": "https://www.kaigokensaku.mhlw.go.jp/13/index.php?action_kouhyou_detail_004_kani=true&JigyosyoCd=1362390096-00&ServiceCd=130&Type=search", "url2": "http://www.kiwakai.info" }, "geometry": { "type": "Point", "coordinates": [ 139.880488499999956, 35.6560578 ] } },
{ "type": "Feature", "properties": { "内容": "ぽかぽかナース小児（療育・障がい）訪問看護ステーション【訪問看護】所在地:〒192-0045　東京都八王子市大和田町5丁目11-8ぽかぽか保育園大和田園3階", "url": "https://www.kaigokensaku.mhlw.go.jp/13/index.php?action_kouhyou_detail_004_kani=true&JigyosyoCd=1362990481-00&ServiceCd=130&Type=search", "url2": "https://poka-nurse.jp/" }, "geometry": { "type": "Point", "coordinates": [ 139.351218499999987, 35.6641439 ] } },
{ "type": "Feature", "properties": { "内容": "訪問看護ステーション円【訪問看護】東京都八王子市子安町1−29−1永豊ビル202", "url": "https://www.kaigokensaku.mhlw.go.jp/13/index.php?action_kouhyou_detail_004_kani=true&JigyosyoCd=1362990135-00&ServiceCd=130&Type=search", "url2": "http://en-group.co.jp/" }, "geometry": { "type": "Point", "coordinates": [ 139.33928948101979, 35.652225661020566 ] } },
{ "type": "Feature", "properties": { "内容": "訪問看護ファミリー・ホスピス片倉【訪問看護】東京都八王子市片倉町451-10ファミリー・ホスピス片倉ハウス", "url": "https://www.kaigokensaku.mhlw.go.jp/13/index.php?action_kouhyou_detail_004_kani=true&JigyosyoCd=1362990523-00&ServiceCd=130&Type=search", "url2": null }, "geometry": { "type": "Point", "coordinates": [ 139.3441786, 35.6432747 ] } },
{ "type": "Feature", "properties": { "内容": "サンウェルズ八王子訪問看護ステーション【訪問看護】東京都八王子市子安町2丁目13-2", "url": "https://www.kaigokensaku.mhlw.go.jp/13/index.php?action_kouhyou_detail_004_kani=true&JigyosyoCd=1362990507-00&ServiceCd=130&Type=search", "url2": "https://sunwels.jp/pdh/" }, "geometry": { "type": "Point", "coordinates": [ 139.340791599999989, 35.6507209 ] } },
{ "type": "Feature", "properties": { "内容": "訪問看護ステーション　AMANEKU八王子【訪問看護】東京都八王子市元横山町二丁目9-19ユニハイム八王子106号室", "url": "https://www.kaigokensaku.mhlw.go.jp/13/index.php?action_kouhyou_detail_004_kani=true&JigyosyoCd=1362990580-00&ServiceCd=130&Type=search", "url2": "https://amaneku-nurse-hachioji.com/shop/" }, "geometry": { "type": "Point", "coordinates": [ 139.337946213491819, 35.663263875452245 ] } },
{ "type": "Feature", "properties": { "内容": "ナーシングステーションこのこのビレッジ八王子【訪問看護】東京都八王子市小門町39番地プライムガーデン1階東側", "url": "https://www.kaigokensaku.mhlw.go.jp/13/index.php?action_kouhyou_detail_004_kani=true&JigyosyoCd=1362990598-00&ServiceCd=130&Type=search", "url2": null }, "geometry": { "type": "Point", "coordinates": [ 139.321907900000014, 35.6600965 ] } },
{ "type": "Feature", "properties": { "内容": "訪問看護ステーション悠七国【訪問看護】東京都八王子市七国２丁目19-3", "url": "https://www.kaigokensaku.mhlw.go.jp/13/index.php?action_kouhyou_detail_004_kani=true&JigyosyoCd=1362990648-00&ServiceCd=130&Type=search", "url2": "https://www.sps-koyugr.com/" }, "geometry": { "type": "Point", "coordinates": [ 139.323842799999966, 35.620311 ] } },
{ "type": "Feature", "properties": { "内容": "訪問看護ステーション　ルーチェ八王子【訪問看護】東京都八王子市大船町1006-1", "url": "https://www.kaigokensaku.mhlw.go.jp/13/index.php?action_kouhyou_detail_004_kani=true&JigyosyoCd=1362990663-00&ServiceCd=130&Type=search", "url2": null }, "geometry": { "type": "Point", "coordinates": [ 139.313301, 35.6210967 ] } },
{ "type": "Feature", "properties": { "内容": "第二偕楽園ホーム　訪問看護ステーション【訪問看護】東京都八王子市加住町1丁目18番地", "url": "https://www.kaigokensaku.mhlw.go.jp/13/index.php?action_kouhyou_detail_004_kani=true&JigyosyoCd=1362990242-00&ServiceCd=130&Type=search", "url2": "https://www.kairakuenhome.or.jp/kairakuen-sec/#station" }, "geometry": { "type": "Point", "coordinates": [ 139.31806830000005, 35.7010658 ] } },
{ "type": "Feature", "properties": { "内容": "訪問看護ステーションりょうほく【訪問看護】東京都八王子市西寺方町３１５番地", "url": "https://www.kaigokensaku.mhlw.go.jp/13/index.php?action_kouhyou_detail_004_kani=true&JigyosyoCd=1362990309-00&ServiceCd=130&Type=search", "url2": "https://www.ryohoku-hp.jp/about/home-visit-nursing/" }, "geometry": { "type": "Point", "coordinates": [ 139.2656481, 35.6726663 ] } },
{ "type": "Feature", "properties": { "内容": "訪問看護　ハウ・オリ【訪問看護】東京都八王子市大和田町7-17-16", "url": "https://www.kaigokensaku.mhlw.go.jp/13/index.php?action_kouhyou_detail_004_kani=true&JigyosyoCd=1362990671-00&ServiceCd=130&Type=search", "url2": null }, "geometry": { "type": "Point", "coordinates": [ 139.3427461, 35.6703412 ] } },
{ "type": "Feature", "properties": { "内容": "訪問看護ステーション昊【訪問看護】東京都八王子市犬目町918－1ロイヤルレジデンス1階101", "url": "https://www.kaigokensaku.mhlw.go.jp/13/index.php?action_kouhyou_detail_004_kani=true&JigyosyoCd=1362990689-00&ServiceCd=130&Type=search", "url2": null }, "geometry": { "type": "Point", "coordinates": [ 139.3040556, 35.6907731 ] } },
{ "type": "Feature", "properties": { "内容": "訪問看護ステーション　八【訪問看護】東京都八王子市上壱分方町71番地4", "url": "https://www.kaigokensaku.mhlw.go.jp/13/index.php?action_kouhyou_detail_004_kani=true&JigyosyoCd=1362990499-00&ServiceCd=130&Type=search", "url2": null }, "geometry": { "type": "Point", "coordinates": [ 139.2810194, 35.6842604 ] } },
{ "type": "Feature", "properties": { "内容": "城山訪問看護ステーション【訪問看護】東京都八王子市元八王子町2丁目1162-1", "url": "https://www.kaigokensaku.mhlw.go.jp/13/index.php?action_kouhyou_detail_004_kani=true&JigyosyoCd=1367191778-00&ServiceCd=130&Type=search", "url2": "http://www.shiroyamnst.or.jp/" }, "geometry": { "type": "Point", "coordinates": [ 139.283036600000059, 35.6592535 ] } },
{ "type": "Feature", "properties": { "内容": "数井クリニック【訪問看護】東京都八王子市打越町2001-16田代ビル3階", "url": "https://www.kaigokensaku.mhlw.go.jp/13/index.php?action_kouhyou_detail_004_kani=true&JigyosyoCd=1312928786-00&ServiceCd=130&Type=search", "url2": null }, "geometry": { "type": "Point", "coordinates": [ 139.352558499999986, 35.6446208 ] } },
{ "type": "Feature", "properties": { "内容": "ほったクリニック【訪問看護】東京都八王子市南大沢１－２２－３", "url": "https://www.kaigokensaku.mhlw.go.jp/13/index.php?action_kouhyou_detail_004_kani=true&JigyosyoCd=1312930832-00&ServiceCd=130&Type=search", "url2": "https://www.houmonkango-hachioji-hottaclinic.com/" }, "geometry": { "type": "Point", "coordinates": [ 139.3849856, 35.617066 ] } },
{ "type": "Feature", "properties": { "内容": "医療法人社団東光会八王子山王病院【訪問看護】東京都八王子市中野山王2丁目15番16号", "url": "https://www.kaigokensaku.mhlw.go.jp/13/index.php?action_kouhyou_detail_004_kani=true&JigyosyoCd=1312971257-00&ServiceCd=130&Type=search", "url2": "https://hachioji-sannou.or.jp/" }, "geometry": { "type": "Point", "coordinates": [ 139.3281993, 35.6738508 ] } },
{ "type": "Feature", "properties": { "内容": "あわーず東京八王子訪問看護リハビリステーション【訪問看護】東京都八王子市大横町11-4ＴＫビル１階", "url": "https://www.kaigokensaku.mhlw.go.jp/13/index.php?action_kouhyou_detail_004_kani=true&JigyosyoCd=1362990119-00&ServiceCd=130&Type=search", "url2": "https://ours-tokyo.o-sr.co.jp/" }, "geometry": { "type": "Point", "coordinates": [ 139.32931806432714, 35.66381007065533 ] } },
{ "type": "Feature", "properties": { "内容": "訪問看護ステーション　メイ【訪問看護】東京都八王子市大和田町4-32-3", "url": "https://www.kaigokensaku.mhlw.go.jp/13/index.php?action_kouhyou_detail_004_kani=true&JigyosyoCd=1362990143-00&ServiceCd=130&Type=search", "url2": "http://www.mei2005.co.jp/" }, "geometry": { "type": "Point", "coordinates": [ 139.356887199999989, 35.667903900000034 ] } },
{ "type": "Feature", "properties": { "内容": "あんこーる訪問看護ステーション【訪問看護】東京都八王子市大和田町2-3-13福ビル3F", "url": "https://www.kaigokensaku.mhlw.go.jp/13/index.php?action_kouhyou_detail_004_kani=true&JigyosyoCd=1362990275-00&ServiceCd=130&Type=search", "url2": "https://encore-hachioji.com" }, "geometry": { "type": "Point", "coordinates": [ 139.357117840475468, 35.663235008186582 ] } },
{ "type": "Feature", "properties": { "内容": "＆ケア訪問看護館ヶ丘事業所【訪問看護】東京都八王子市館町1097-204＆ケアホーム館ヶ丘", "url": "https://www.kaigokensaku.mhlw.go.jp/13/index.php?action_kouhyou_detail_004_kani=true&JigyosyoCd=1362990440-00&ServiceCd=130&Type=search", "url2": null }, "geometry": { "type": "Point", "coordinates": [ 139.288488912081931, 35.63107438053764 ] } },
{ "type": "Feature", "properties": { "内容": "社会医療法人社団愛有会三愛訪問看護ステーション【訪問看護】東京都八王子市宮下町377番地", "url": "https://www.kaigokensaku.mhlw.go.jp/13/index.php?action_kouhyou_detail_004_kani=true&JigyosyoCd=1362990473-00&ServiceCd=130&Type=search", "url2": "http://sanai-hachioji.jp/" }, "geometry": { "type": "Point", "coordinates": [ 139.3078303, 35.7066876 ] } },
{ "type": "Feature", "properties": { "内容": "有限会社　ケアスタッフ【訪問看護】東京都八王子市明神町２－２５－４ケアスタッフ京王八王子駅前ビル１階", "url": "https://www.kaigokensaku.mhlw.go.jp/13/index.php?action_kouhyou_detail_004_kani=true&JigyosyoCd=1367194764-00&ServiceCd=130&Type=search", "url2": "http://www.carestaff.co.jp" }, "geometry": { "type": "Point", "coordinates": [ 139.344637013336154, 35.657307279820195 ] } },
{ "type": "Feature", "properties": { "内容": "訪問看護ステーション　めだか【訪問看護】東京都八王子市みなみ野5-30-25", "url": "https://www.kaigokensaku.mhlw.go.jp/13/index.php?action_kouhyou_detail_004_kani=true&JigyosyoCd=1367196413-00&ServiceCd=130&Type=search", "url2": "http://www.eisei.or.jp/" }, "geometry": { "type": "Point", "coordinates": [ 139.319324599999987, 35.631268599999984 ] } },
{ "type": "Feature", "properties": { "内容": "訪問看護ステーショントリーヴ【訪問看護】東京都八王子市中野山王2丁目8番2号", "url": "https://www.kaigokensaku.mhlw.go.jp/13/index.php?action_kouhyou_detail_004_kani=true&JigyosyoCd=1362990226-00&ServiceCd=130&Type=search", "url2": "http://www.syusenkai.or.jp" }, "geometry": { "type": "Point", "coordinates": [ 139.331548699999985, 35.6765518 ] } },
{ "type": "Feature", "properties": { "内容": "訪問看護リベル　八王子片倉【訪問看護】東京都八王子市片倉町704-4", "url": "https://www.kaigokensaku.mhlw.go.jp/13/index.php?action_kouhyou_detail_004_kani=true&JigyosyoCd=1362990705-00&ServiceCd=130&Type=search", "url2": "https://www.libercare.jp/location/hospice/hachioji-katakura/" }, "geometry": { "type": "Point", "coordinates": [ 139.341198700000035, 35.641295 ] } },
{ "type": "Feature", "properties": { "内容": "プライマリー訪問看護ステーション【訪問看護】東京都八王子市大横町1-9Kビル501号", "url": "https://www.kaigokensaku.mhlw.go.jp/13/index.php?action_kouhyou_detail_004_kani=true&JigyosyoCd=1362990028-00&ServiceCd=130&Type=search", "url2": "https://mensapo.or.jp/" }, "geometry": { "type": "Point", "coordinates": [ 139.329311700000034, 35.6616606 ] } },
{ "type": "Feature", "properties": { "内容": "訪問看護ステーションルースト【訪問看護】東京都八王子市長沼町１３０８－４スカイパレス北野１０２", "url": "https://www.kaigokensaku.mhlw.go.jp/13/index.php?action_kouhyou_detail_004_kani=true&JigyosyoCd=1362990085-00&ServiceCd=130&Type=search", "url2": "https://office-roost.jp/" }, "geometry": { "type": "Point", "coordinates": [ 139.360710700000027, 35.645379200000015 ] } },
{ "type": "Feature", "properties": { "内容": "こまぎの訪問看護ステーション天馬【訪問看護】東京都八王子市高尾町１５３３－５", "url": "https://www.kaigokensaku.mhlw.go.jp/13/index.php?action_kouhyou_detail_004_kani=true&JigyosyoCd=1362990101-00&ServiceCd=130&Type=search", "url2": "http://www.tenma-station.jp" }, "geometry": { "type": "Point", "coordinates": [ 139.276854599999979, 35.6419533 ] } },
{ "type": "Feature", "properties": { "内容": "くまのみ訪問看護ステーション【訪問看護】東京都八王子市台町2-22-7第2ミネセイビル201", "url": "https://www.kaigokensaku.mhlw.go.jp/13/index.php?action_kouhyou_detail_004_kani=true&JigyosyoCd=1362990150-00&ServiceCd=130&Type=search", "url2": "http://ns-kumanomi.wix.com/home" }, "geometry": { "type": "Point", "coordinates": [ 139.318694700000037, 35.6524023 ] } },
{ "type": "Feature", "properties": { "内容": "多摩南訪問看護ステーション【訪問看護】東京都八王子市堀之内3002", "url": "https://www.kaigokensaku.mhlw.go.jp/13/index.php?action_kouhyou_detail_004_kani=true&JigyosyoCd=1362990168-00&ServiceCd=130&Type=search", "url2": "http://www.plus-care-support.com/" }, "geometry": { "type": "Point", "coordinates": [ 139.395584389263348, 35.62846954366595 ] } },
{ "type": "Feature", "properties": { "内容": "訪問看護ステーション瑞穂【訪問看護】東京都八王子市四谷町722", "url": "https://www.kaigokensaku.mhlw.go.jp/13/index.php?action_kouhyou_detail_004_kani=true&JigyosyoCd=1362990192-00&ServiceCd=130&Type=search", "url2": "https://mizuho-houkan.jp" }, "geometry": { "type": "Point", "coordinates": [ 139.298051399999963, 35.6764487 ] } },
{ "type": "Feature", "properties": { "内容": "タツミ訪問看護ステーション八王子みなみ野【訪問看護】東京都八王子市みなみ野3-22-2", "url": "https://www.kaigokensaku.mhlw.go.jp/13/index.php?action_kouhyou_detail_004_kani=true&JigyosyoCd=1362990218-00&ServiceCd=130&Type=search", "url2": "http://www.medi-p.jp" }, "geometry": { "type": "Point", "coordinates": [ 139.324298500000026, 35.6288786 ] } },
{ "type": "Feature", "properties": { "内容": "こまぎの訪問看護ステーション天馬　北野事業所【訪問看護】東京都八王子市打越町344-4北野シティプラザ601", "url": "https://www.kaigokensaku.mhlw.go.jp/13/index.php?action_kouhyou_detail_004_kani=true&JigyosyoCd=1362990259-00&ServiceCd=130&Type=search", "url2": "http://www.tenma-station.jp" }, "geometry": { "type": "Point", "coordinates": [ 139.355027800000016, 35.64455150000002 ] } },
{ "type": "Feature", "properties": { "内容": "訪問看護ステーション　クオーレ八王子【訪問看護】東京都八王子市横川町29-3平事務所1F", "url": "https://www.kaigokensaku.mhlw.go.jp/13/index.php?action_kouhyou_detail_004_kani=true&JigyosyoCd=1362990317-00&ServiceCd=130&Type=search", "url2": "https://hn-quore.jp/" }, "geometry": { "type": "Point", "coordinates": [ 139.3067948, 35.66387910000001 ] } },
{ "type": "Feature", "properties": { "内容": "八王子西訪問看護ステーション【訪問看護】東京都八王子市館町1097-2館ヶ丘団地5号棟113号", "url": "https://www.kaigokensaku.mhlw.go.jp/13/index.php?action_kouhyou_detail_004_kani=true&JigyosyoCd=1362990382-00&ServiceCd=130&Type=search", "url2": "https://www.life-rmi.com/homecare/" }, "geometry": { "type": "Point", "coordinates": [ 139.288695491256135, 35.627568741845366 ] } },
{ "type": "Feature", "properties": { "内容": "わかちな訪問看護ステーション【訪問看護】東京都八王子市兵衛2-3-9エスポワール203", "url": "https://www.kaigokensaku.mhlw.go.jp/13/index.php?action_kouhyou_detail_004_kani=true&JigyosyoCd=1362990416-00&ServiceCd=130&Type=search", "url2": null }, "geometry": { "type": "Point", "coordinates": [ 139.329808, 35.6255798 ] } },
{ "type": "Feature", "properties": { "内容": "指定訪問看護アットリハ八王子【訪問看護】東京都八王子市本町9-2", "url": "https://www.kaigokensaku.mhlw.go.jp/13/index.php?action_kouhyou_detail_004_kani=true&JigyosyoCd=1362990424-00&ServiceCd=130&Type=search", "url2": "http://care-net.biz/14/at/" }, "geometry": { "type": "Point", "coordinates": [ 139.333886755819691, 35.66216108315669 ] } },
{ "type": "Feature", "properties": { "内容": "健生会きょうりつ訪問看護ステーション【訪問看護】東京都八王子市東町2-33階", "url": "https://www.kaigokensaku.mhlw.go.jp/13/index.php?action_kouhyou_detail_004_kani=true&JigyosyoCd=1362990432-00&ServiceCd=130&Type=search", "url2": "http://www.kyo-ritu.jp/" }, "geometry": { "type": "Point", "coordinates": [ 139.3410663, 35.6581098 ] } },
{ "type": "Feature", "properties": { "内容": "一般財団法人　仁和会訪問看護ステーション【訪問看護】東京都八王子市明神町4-8-1", "url": "https://www.kaigokensaku.mhlw.go.jp/13/index.php?action_kouhyou_detail_004_kani=true&JigyosyoCd=1367191760-00&ServiceCd=130&Type=search", "url2": "http://www.jinwakai.jp" }, "geometry": { "type": "Point", "coordinates": [ 139.341473, 35.6582939 ] } },
{ "type": "Feature", "properties": { "内容": "八王子市医師会立訪問看護ステーション【訪問看護】東京都八王子市本町13-2", "url": "https://www.kaigokensaku.mhlw.go.jp/13/index.php?action_kouhyou_detail_004_kani=true&JigyosyoCd=1367192552-00&ServiceCd=130&Type=search", "url2": "http://www.hachioji-med.com/about/activity.php" }, "geometry": { "type": "Point", "coordinates": [ 139.332585863771101, 35.661242481728131 ] } },
{ "type": "Feature", "properties": { "内容": "訪問看護ステーションとんぼ【訪問看護】東京都八王子市片倉町440-2", "url": "https://www.kaigokensaku.mhlw.go.jp/13/index.php?action_kouhyou_detail_004_kani=true&JigyosyoCd=1367193899-00&ServiceCd=130&Type=search", "url2": "http://www.eisei.or.jp/" }, "geometry": { "type": "Point", "coordinates": [ 139.339779200000066, 35.6426901 ] } },
{ "type": "Feature", "properties": { "内容": "訪問看護ステーション　ひばり【訪問看護】東京都八王子市千人町2-13-8モナーク西八王子1階、207号室", "url": "https://www.kaigokensaku.mhlw.go.jp/13/index.php?action_kouhyou_detail_004_kani=true&JigyosyoCd=1367198658-00&ServiceCd=130&Type=search", "url2": "http://www.eisei.or.jp/" }, "geometry": { "type": "Point", "coordinates": [ 139.309312, 35.6596623 ] } },
{ "type": "Feature", "properties": { "内容": "中濵クリニック【訪問看護】東京都八王子市鑓水2-175-9", "url": "https://www.kaigokensaku.mhlw.go.jp/13/index.php?action_kouhyou_detail_004_kani=true&JigyosyoCd=1312930279-00&ServiceCd=130&Type=search", "url2": "https://www.aiyukai-group.com/about.html" }, "geometry": { "type": "Point", "coordinates": [ 139.3456004, 35.6127799 ] } },
{ "type": "Feature", "properties": { "内容": "り・らいふ訪問看護ステーション【訪問看護】東京都八王子市大塚1378-16フラッツF102", "url": "https://www.kaigokensaku.mhlw.go.jp/13/index.php?action_kouhyou_detail_004_kani=true&JigyosyoCd=1362990036-00&ServiceCd=130&Type=search", "url2": "http://www.relife-st.sakura.ne.jp" }, "geometry": { "type": "Point", "coordinates": [ 139.422475599999984, 35.6379588 ] } },
{ "type": "Feature", "properties": { "内容": "医心館訪問看護ステーション八王子【訪問看護】東京都八王子市明神町三丁目3番20号", "url": "https://www.kaigokensaku.mhlw.go.jp/13/index.php?action_kouhyou_detail_004_kani=true&JigyosyoCd=1362990515-00&ServiceCd=130&Type=search", "url2": null }, "geometry": { "type": "Point", "coordinates": [ 139.3451698, 35.6553654 ] } },
{ "type": "Feature", "properties": { "内容": "あっとほーむナーシング八王子【訪問看護】東京都八王子市川口町3858-2", "url": "https://www.kaigokensaku.mhlw.go.jp/13/index.php?action_kouhyou_detail_004_kani=true&JigyosyoCd=1362990531-00&ServiceCd=130&Type=search", "url2": "https://www.athome-sapling.com" }, "geometry": { "type": "Point", "coordinates": [ 139.291977610426585, 35.687274975946082 ] } },
{ "type": "Feature", "properties": { "内容": "訪問看護ステーションはれやか【訪問看護】東京都八王子市上野町23-25BecBldg.201", "url": "https://www.kaigokensaku.mhlw.go.jp/13/index.php?action_kouhyou_detail_004_kani=true&JigyosyoCd=1362990564-00&ServiceCd=130&Type=search", "url2": "https://www.lig-hareyaka.com/" }, "geometry": { "type": "Point", "coordinates": [ 139.327697, 35.6543408 ] } },
{ "type": "Feature", "properties": { "内容": "ザオーケア訪問看護ステーション八王子【訪問看護】東京都八王子市散田町５丁目１５−１２秋山ビル303", "url": "https://www.kaigokensaku.mhlw.go.jp/13/index.php?action_kouhyou_detail_004_kani=true&JigyosyoCd=1362990572-00&ServiceCd=130&Type=search", "url2": null }, "geometry": { "type": "Point", "coordinates": [ 139.303352499999988, 35.650045400000039 ] } },
{ "type": "Feature", "properties": { "内容": "ゆぎ訪問看護ステーション【訪問看護】東京都八王子市下柚木2-13-5ツインコートフォルクス101号室", "url": "https://www.kaigokensaku.mhlw.go.jp/13/index.php?action_kouhyou_detail_004_kani=true&JigyosyoCd=1362990606-00&ServiceCd=130&Type=search", "url2": "https://yugi-station.studio.site/" }, "geometry": { "type": "Point", "coordinates": [ 139.3774186, 35.6234947 ] } },
{ "type": "Feature", "properties": { "内容": "訪問看護ステーション　イリス八王子【訪問看護】東京都八王子市東浅川町517-2グレイス東浅川201", "url": "https://www.kaigokensaku.mhlw.go.jp/13/index.php?action_kouhyou_detail_004_kani=true&JigyosyoCd=1362990614-00&ServiceCd=130&Type=search", "url2": "iris-hachiouji.com" }, "geometry": { "type": "Point", "coordinates": [ 139.2959869, 35.6449672 ] } },
{ "type": "Feature", "properties": { "内容": "訪問看護ステーションいるか【訪問看護】東京都八王子市南大沢1-18-11シュガーハイツ南大沢Ａ１０３", "url": "https://www.kaigokensaku.mhlw.go.jp/13/index.php?action_kouhyou_detail_004_kani=true&JigyosyoCd=1367198997-00&ServiceCd=130&Type=search", "url2": "http://www.eisei.or.jp" }, "geometry": { "type": "Point", "coordinates": [ 139.385349, 35.6186935 ] } },
{ "type": "Feature", "properties": { "内容": "訪問看護ステーションクラエ八王子【訪問看護】東京都八王子市北野町534-16ビルコート東山201", "url": "https://www.kaigokensaku.mhlw.go.jp/13/index.php?action_kouhyou_detail_004_kani=true&JigyosyoCd=1362990713-00&ServiceCd=130&Type=search", "url2": "http://www.sagamihara.curae.co.jp/" }, "geometry": { "type": "Point", "coordinates": [ 139.3503531, 35.6470654 ] } },
{ "type": "Feature", "properties": { "内容": "めぐみ在宅看護センター【訪問看護】東京都八王子市片倉町2504-1サンハイム101", "url": "https://www.kaigokensaku.mhlw.go.jp/13/index.php?action_kouhyou_detail_004_kani=true&JigyosyoCd=1362990234-00&ServiceCd=130&Type=search", "url2": "https://enjoy-lifecare.com" }, "geometry": { "type": "Point", "coordinates": [ 139.339117467999358, 35.639122222173157 ] } },
{ "type": "Feature", "properties": { "内容": "こども訪問看護ステーションｉＭＡＲＵ【訪問看護】東京都八王子市中野山王2-2-16アヅマ第5ビル201", "url": "https://www.kaigokensaku.mhlw.go.jp/13/index.php?action_kouhyou_detail_004_kani=true&JigyosyoCd=1362990739-00&ServiceCd=130&Type=search", "url2": null }, "geometry": { "type": "Point", "coordinates": [ 139.331558699999988, 35.6724667 ] } },
{ "type": "Feature", "properties": { "内容": "あじさい訪問看護ステーション【訪問看護】東京都八王子市大和田町1-19-16", "url": "https://www.kaigokensaku.mhlw.go.jp/13/index.php?action_kouhyou_detail_004_kani=true&JigyosyoCd=1362990549-00&ServiceCd=130&Type=search", "url2": "https://ajisai-kango.com" }, "geometry": { "type": "Point", "coordinates": [ 139.360225406821115, 35.65982437945474 ] } },
{ "type": "Feature", "properties": { "内容": "東雲訪問看護ステーション【訪問看護】東京都八王子市元本郷町3丁目6-20アンダール元本郷201", "url": "https://www.kaigokensaku.mhlw.go.jp/13/index.php?action_kouhyou_detail_004_kani=true&JigyosyoCd=1362990267-00&ServiceCd=130&Type=search", "url2": "http://www.shinonome-hope.com" }, "geometry": { "type": "Point", "coordinates": [ 139.315559799999988, 35.6626464 ] } },
{ "type": "Feature", "properties": { "内容": "医療法人社団　実穂会　渡辺医院附属訪問看護ステーション【訪問看護】東京都八王子市長房町373-2", "url": "https://www.kaigokensaku.mhlw.go.jp/13/index.php?action_kouhyou_detail_004_kani=true&JigyosyoCd=1312925972-00&ServiceCd=130&Type=search", "url2": null }, "geometry": { "type": "Point", "coordinates": [ 139.2980249, 35.6557437 ] } },
{ "type": "Feature", "properties": { "内容": "南大沢メディカルプラザ【訪問看護】東京都八王子市南大沢2-25フォレストモール南大沢3階", "url": "https://www.kaigokensaku.mhlw.go.jp/13/index.php?action_kouhyou_detail_004_kani=true&JigyosyoCd=1312928109-00&ServiceCd=130&Type=search", "url2": "https://www.megumikai.com/zaitaku/" }, "geometry": { "type": "Point", "coordinates": [ 139.3813754, 35.6130172 ] } },
{ "type": "Feature", "properties": { "内容": "訪問看護リハビリステーション　ベル・八王子【訪問看護】東京都八王子市四谷町819-1201・202号室", "url": "https://www.kaigokensaku.mhlw.go.jp/13/index.php?action_kouhyou_detail_004_kani=true&JigyosyoCd=1362990556-00&ServiceCd=130&Type=search", "url2": "http://www.pokara-h.co.jp/" }, "geometry": { "type": "Point", "coordinates": [ 139.295873156483424, 35.673550314509903 ] } },
{ "type": "Feature", "properties": { "内容": "訪問看護リハビリステーション　アルバ八王子【訪問看護】東京都八王子市元本郷町1丁目22-6メゾンドセリゼ101号室", "url": "https://www.kaigokensaku.mhlw.go.jp/13/index.php?action_kouhyou_detail_004_kani=true&JigyosyoCd=1362990747-00&ServiceCd=130&Type=search", "url2": "https://alba-hachioji.com/" }, "geometry": { "type": "Point", "coordinates": [ 139.32004, 35.6650247 ] } },
{ "type": "Feature", "properties": { "内容": "訪問看護ステーションなないろ【訪問看護】東京都八王子市片倉町2407AUハイム202", "url": "https://www.kaigokensaku.mhlw.go.jp/13/index.php?action_kouhyou_detail_004_kani=true&JigyosyoCd=1362990697-00&ServiceCd=130&Type=search", "url2": null }, "geometry": { "type": "Point", "coordinates": [ 139.3397254, 35.6394584 ] } },
{ "type": "Feature", "properties": { "内容": "グレース訪問看護ステーション【訪問看護】東京都八王子市下恩方町1493-28寿ビルⅡ202", "url": "https://www.kaigokensaku.mhlw.go.jp/13/index.php?action_kouhyou_detail_004_kani=true&JigyosyoCd=1362990390-00&ServiceCd=130&Type=search", "url2": null }, "geometry": { "type": "Point", "coordinates": [ 139.2574176, 35.6743781 ] } },
{ "type": "Feature", "properties": { "内容": "三多摩訪問看護ステーション【訪問看護】東京都立川市富士見町1-23-20KHビル1F", "url": "https://www.kaigokensaku.mhlw.go.jp/13/index.php?action_kouhyou_detail_004_kani=true&JigyosyoCd=1363090034-00&ServiceCd=130&Type=search", "url2": null }, "geometry": { "type": "Point", "coordinates": [ 139.395288099999988, 35.7021212 ] } },
{ "type": "Feature", "properties": { "内容": "リエゾン訪問看護ステーション【訪問看護】東京都立川市錦町1-17-6第三恵美寿コーポ　102", "url": "https://www.kaigokensaku.mhlw.go.jp/13/index.php?action_kouhyou_detail_004_kani=true&JigyosyoCd=1363090273-00&ServiceCd=130&Type=search", "url2": null }, "geometry": { "type": "Point", "coordinates": [ 139.421442099999979, 35.696646200000011 ] } },
{ "type": "Feature", "properties": { "内容": "AMS訪問看護【訪問看護】東京都立川市西砂町五丁目23番地の4それいゆ201", "url": "https://www.kaigokensaku.mhlw.go.jp/13/index.php?action_kouhyou_detail_004_kani=true&JigyosyoCd=1363090315-00&ServiceCd=130&Type=search", "url2": "https://ace-medical-service.com/" }, "geometry": { "type": "Point", "coordinates": [ 139.363932299999988, 35.7330104 ] } },
{ "type": "Feature", "properties": { "内容": "ひばり訪問看護ステーション立川【訪問看護】東京都立川市幸町5丁目5-141階", "url": "https://www.kaigokensaku.mhlw.go.jp/13/index.php?action_kouhyou_detail_004_kani=true&JigyosyoCd=1363090323-00&ServiceCd=130&Type=search", "url2": "https://hibari-nurse.com/" }, "geometry": { "type": "Point", "coordinates": [ 139.418521, 35.723965 ] } },
{ "type": "Feature", "properties": { "内容": "セントケア訪問看護ステーション立川【訪問看護】東京都立川市柴崎町２－７－６さかえビル３階　301", "url": "https://www.kaigokensaku.mhlw.go.jp/13/index.php?action_kouhyou_detail_004_kani=true&JigyosyoCd=1363090133-00&ServiceCd=130&Type=search", "url2": "http://www.saint-care.com/tokyo/" }, "geometry": { "type": "Point", "coordinates": [ 139.408363467489608, 35.697204164902125 ] } },
{ "type": "Feature", "properties": { "内容": "医療法人社団東京石心会　立川訪問看護ステーションわかば【訪問看護】東京都立川市若葉町4-24-2若葉町団地37-107", "url": "https://www.kaigokensaku.mhlw.go.jp/13/index.php?action_kouhyou_detail_004_kani=true&JigyosyoCd=1367193964-00&ServiceCd=130&Type=search", "url2": "http://www.tokyosekishinkai.jp/wakaba/station/" }, "geometry": { "type": "Point", "coordinates": [ 139.442420780564788, 35.722796656204643 ] } },
{ "type": "Feature", "properties": { "内容": "森の風訪問看護リハビリステーション【訪問看護】東京都立川市富士見町1-18-15アテナビル503", "url": "https://www.kaigokensaku.mhlw.go.jp/13/index.php?action_kouhyou_detail_004_kani=true&JigyosyoCd=1363090091-00&ServiceCd=130&Type=search", "url2": "http://www.morinokaze-st.jp" }, "geometry": { "type": "Point", "coordinates": [ 139.396311299999979, 35.6994182 ] } },
{ "type": "Feature", "properties": { "内容": "ケアセブン訪問看護リハビリステーション【訪問看護】東京都立川市柏町2-16-3ユニティーノジマ202号室", "url": "https://www.kaigokensaku.mhlw.go.jp/13/index.php?action_kouhyou_detail_004_kani=true&JigyosyoCd=1363090125-00&ServiceCd=130&Type=search", "url2": "http://www.nextinnovation.co.jp/care-7/" }, "geometry": { "type": "Point", "coordinates": [ 139.41572, 35.7209858 ] } },
{ "type": "Feature", "properties": { "内容": "りは職人訪問看護ステーション【訪問看護】東京都立川市柴崎町3ｰ18ｰ29エトワール南立川1階", "url": "https://www.kaigokensaku.mhlw.go.jp/13/index.php?action_kouhyou_detail_004_kani=true&JigyosyoCd=1363090141-00&ServiceCd=130&Type=search", "url2": "https://rehashokunin-houmonkango-station.business.site/" }, "geometry": { "type": "Point", "coordinates": [ 139.410282400000028, 35.6928915 ] } },
{ "type": "Feature", "properties": { "内容": "訪問看護リハビリステーション　ナーシング・ケア立川高松【訪問看護】東京都立川市高松町3-9-12階", "url": "https://www.kaigokensaku.mhlw.go.jp/13/index.php?action_kouhyou_detail_004_kani=true&JigyosyoCd=1363090158-00&ServiceCd=130&Type=search", "url2": "https://houkan.nursing-care.net" }, "geometry": { "type": "Point", "coordinates": [ 139.415073399999983, 35.703029600000022 ] } },
{ "type": "Feature", "properties": { "内容": "学研ココファン・ナーシング立川【訪問看護】東京都立川市錦町3-6-23", "url": "https://www.kaigokensaku.mhlw.go.jp/13/index.php?action_kouhyou_detail_004_kani=true&JigyosyoCd=1363090182-00&ServiceCd=130&Type=search", "url2": "http://nursing.cocofump.co.jp/ " }, "geometry": { "type": "Point", "coordinates": [ 139.4173614, 35.6931783 ] } },
{ "type": "Feature", "properties": { "内容": "訪問看護ステーション　こころ【訪問看護】東京都立川市上砂町5‐71‐11レインボー上砂103", "url": "https://www.kaigokensaku.mhlw.go.jp/13/index.php?action_kouhyou_detail_004_kani=true&JigyosyoCd=1363090216-00&ServiceCd=130&Type=search", "url2": "http://hawkduo.com/" }, "geometry": { "type": "Point", "coordinates": [ 139.388529400000039, 35.7312357 ] } },
{ "type": "Feature", "properties": { "内容": "＠（あっと）訪問看護ステーション【訪問看護】東京都立川市錦町2-7-10西野ビル1階", "url": "https://www.kaigokensaku.mhlw.go.jp/13/index.php?action_kouhyou_detail_004_kani=true&JigyosyoCd=1363090240-00&ServiceCd=130&Type=search", "url2": "https://www.at-houmon-kango.jp" }, "geometry": { "type": "Point", "coordinates": [ 139.4144245, 35.6932873 ] } },
{ "type": "Feature", "properties": { "内容": "健生会にしき訪問看護ステーション【訪問看護】東京都立川市錦町1-16-151階", "url": "https://www.kaigokensaku.mhlw.go.jp/13/index.php?action_kouhyou_detail_004_kani=true&JigyosyoCd=1367191406-00&ServiceCd=130&Type=search", "url2": "http://www.tachisou-houkan.com/station/nishiki.html" }, "geometry": { "type": "Point", "coordinates": [ 139.422276544180249, 35.696595073536301 ] } },
{ "type": "Feature", "properties": { "内容": "訪問看護ステーションどんぐり【訪問看護】東京都立川市一番町3-5-1立川リムエール104号", "url": "https://www.kaigokensaku.mhlw.go.jp/13/index.php?action_kouhyou_detail_004_kani=true&JigyosyoCd=1367198419-00&ServiceCd=130&Type=search", "url2": "http://www.ns-donguri.jp/" }, "geometry": { "type": "Point", "coordinates": [ 139.380770200000029, 35.7279617 ] } },
{ "type": "Feature", "properties": { "内容": "訪問看護・リハ　　あんねい【訪問看護】東京都立川市若葉町3-3-7フラットファミール１０２号", "url": "https://www.kaigokensaku.mhlw.go.jp/13/index.php?action_kouhyou_detail_004_kani=true&JigyosyoCd=1367198468-00&ServiceCd=130&Type=search", "url2": null }, "geometry": { "type": "Point", "coordinates": [ 139.433117800000019, 35.7228872 ] } },
{ "type": "Feature", "properties": { "内容": "訪問看護Ｎ-ステーション【訪問看護】東京都立川市錦町5-17-13加瀬ビル141-101", "url": "https://www.kaigokensaku.mhlw.go.jp/13/index.php?action_kouhyou_detail_004_kani=true&JigyosyoCd=1363090208-00&ServiceCd=130&Type=search", "url2": "http://hp.kaipoke.biz/0wf/" }, "geometry": { "type": "Point", "coordinates": [ 139.415471, 35.6883087 ] } },
{ "type": "Feature", "properties": { "内容": "訪問看護ステーション立川【訪問看護】東京都立川市柏町3-52-2コーポそのべ102", "url": "https://www.kaigokensaku.mhlw.go.jp/13/index.php?action_kouhyou_detail_004_kani=true&JigyosyoCd=1363090299-00&ServiceCd=130&Type=search", "url2": null }, "geometry": { "type": "Point", "coordinates": [ 139.410999299999986, 35.724803 ] } },
{ "type": "Feature", "properties": { "内容": "SOU訪問看護ステーション立川【訪問看護】東京都立川市柴崎町4－8－5", "url": "https://www.kaigokensaku.mhlw.go.jp/13/index.php?action_kouhyou_detail_004_kani=true&JigyosyoCd=1363090307-00&ServiceCd=130&Type=search", "url2": "https://www.sou-seniorcare.co.jp/" }, "geometry": { "type": "Point", "coordinates": [ 139.407685500000014, 35.6910111 ] } },
{ "type": "Feature", "properties": { "内容": "訪問看護ステーション卵【訪問看護】東京都立川市高松町1-17-20粕谷ビル2階", "url": "https://www.kaigokensaku.mhlw.go.jp/13/index.php?action_kouhyou_detail_004_kani=true&JigyosyoCd=1363190032-00&ServiceCd=130&Type=search", "url2": "http://en-group.co.jp/" }, "geometry": { "type": "Point", "coordinates": [ 139.418031120816153, 35.708779485803369 ] } },
{ "type": "Feature", "properties": { "内容": "ルミナス訪問看護ステーション【訪問看護】東京都立川市上砂町3-48コーポ橋本101", "url": "https://www.kaigokensaku.mhlw.go.jp/13/index.php?action_kouhyou_detail_004_kani=true&JigyosyoCd=1363090331-00&ServiceCd=130&Type=search", "url2": "https://www.xn--xckda6cr9jpcza3f4d2694c6u1dd76bj2d.com/." }, "geometry": { "type": "Point", "coordinates": [ 139.3872654, 35.7248086 ] } },
{ "type": "Feature", "properties": { "内容": "マーノ訪問看護ステーション【訪問看護】東京都武蔵野市吉祥寺北町1-10-21101", "url": "https://www.kaigokensaku.mhlw.go.jp/13/index.php?action_kouhyou_detail_004_kani=true&JigyosyoCd=1363390137-00&ServiceCd=130&Type=search", "url2": "https://www.manokango.com/" }, "geometry": { "type": "Point", "coordinates": [ 139.578016, 35.7081881 ] } },
{ "type": "Feature", "properties": { "内容": "あんず苑訪問看護ステーション【訪問看護】東京都武蔵野市境１－１９－２０", "url": "https://www.kaigokensaku.mhlw.go.jp/13/index.php?action_kouhyou_detail_004_kani=true&JigyosyoCd=1367197973-00&ServiceCd=130&Type=search", "url2": "http://www.tenseikai.or.jp" }, "geometry": { "type": "Point", "coordinates": [ 139.5472929, 35.7043546 ] } },
{ "type": "Feature", "properties": { "内容": "訪問看護ステーションけやき【訪問看護】東京都武蔵野市中町1-9-9みゆきビル2階", "url": "https://www.kaigokensaku.mhlw.go.jp/13/index.php?action_kouhyou_detail_004_kani=true&JigyosyoCd=1363390293-00&ServiceCd=130&Type=search", "url2": null }, "geometry": { "type": "Point", "coordinates": [ 139.5599363, 35.7051205 ] } },
{ "type": "Feature", "properties": { "内容": "訪問看護ステーション　サンセール武蔵野【訪問看護】東京都武蔵野市桜堤1-9-7", "url": "https://www.kaigokensaku.mhlw.go.jp/13/index.php?action_kouhyou_detail_004_kani=true&JigyosyoCd=1363390194-00&ServiceCd=130&Type=search", "url2": "https://www.sin-musashino.com/" }, "geometry": { "type": "Point", "coordinates": [ 139.5340369, 35.7103796 ] } },
{ "type": "Feature", "properties": { "内容": "医療法人社団ゆうの会訪問看護ステーション共立【訪問看護】東京都武蔵野市西久保2-17-11３階", "url": "https://www.kaigokensaku.mhlw.go.jp/13/index.php?action_kouhyou_detail_004_kani=true&JigyosyoCd=1367192529-00&ServiceCd=130&Type=search", "url2": "http://www.kyoritsuclinic.org/" }, "geometry": { "type": "Point", "coordinates": [ 139.558227699999946, 35.7107653 ] } },
{ "type": "Feature", "properties": { "内容": "稲垣薬局　リハビリ訪問看護ステーション【訪問看護】東京都武蔵野市吉祥寺本町１－２０－１吉祥寺永谷シティプラザ506号室", "url": "https://www.kaigokensaku.mhlw.go.jp/13/index.php?action_kouhyou_detail_004_kani=true&JigyosyoCd=1363390079-00&ServiceCd=130&Type=search", "url2": "http://www.inagaki-group.jp/" }, "geometry": { "type": "Point", "coordinates": [ 139.581646824081446, 35.705281818563925 ] } },
{ "type": "Feature", "properties": { "内容": "陽だまり　訪問看護ステーション　武蔵野【訪問看護】東京都武蔵野市境１－１６－３３", "url": "https://www.kaigokensaku.mhlw.go.jp/13/index.php?action_kouhyou_detail_004_kani=true&JigyosyoCd=1363390251-00&ServiceCd=130&Type=search", "url2": "https://tanashi-hidamari.com/office/area06.php" }, "geometry": { "type": "Point", "coordinates": [ 139.547133800000012, 35.7027465 ] } },
{ "type": "Feature", "properties": { "内容": "グリーンパーク訪問看護ステーション【訪問看護】東京都武蔵野市緑町２－３－２１", "url": "https://www.kaigokensaku.mhlw.go.jp/13/index.php?action_kouhyou_detail_004_kani=true&JigyosyoCd=1367193105-00&ServiceCd=130&Type=search", "url2": "http://www.yohwakai.com/hgp/nursing/" }, "geometry": { "type": "Point", "coordinates": [ 139.562990899999932, 35.7164536 ] } },
{ "type": "Feature", "properties": { "内容": "訪問看護ステーション　デライト武蔵境【訪問看護】境南町2丁目13番2号寿ビル3F", "url": "https://www.kaigokensaku.mhlw.go.jp/13/index.php?action_kouhyou_detail_004_kani=true&JigyosyoCd=1363390327-00&ServiceCd=130&Type=search", "url2": "http://hokan-delight.jp/" }, "geometry": { "type": "Point", "coordinates": [ 139.5438116, 35.6990802 ] } },
{ "type": "Feature", "properties": { "内容": "桜堤看護ステーションみゅうちゅある【訪問看護】東京都武蔵野市桜堤2－7－23ウェルキースＡ", "url": "https://www.kaigokensaku.mhlw.go.jp/13/index.php?action_kouhyou_detail_004_kani=true&JigyosyoCd=1363390087-00&ServiceCd=130&Type=search", "url2": "http://mutual-ns.co.jp" }, "geometry": { "type": "Point", "coordinates": [ 139.533353482942147, 35.71113805915121 ] } },
{ "type": "Feature", "properties": { "内容": "訪問看護ステーションささえ【訪問看護】東京都武蔵野市吉祥寺本町一丁目３５番１４号ユニアス七井ビルＢ－１号室", "url": "https://www.kaigokensaku.mhlw.go.jp/13/index.php?action_kouhyou_detail_004_kani=true&JigyosyoCd=1363390095-00&ServiceCd=130&Type=search", "url2": "https://k-sasae.jp" }, "geometry": { "type": "Point", "coordinates": [ 139.584913063318652, 35.703632853539894 ] } },
{ "type": "Feature", "properties": { "内容": "にじいろナースステーション【訪問看護】東京都武蔵野市吉祥寺北町1-18-1第一雅マンション202", "url": "https://www.kaigokensaku.mhlw.go.jp/13/index.php?action_kouhyou_detail_004_kani=true&JigyosyoCd=1363390202-00&ServiceCd=130&Type=search", "url2": "https://nijiiro-nurse.com" }, "geometry": { "type": "Point", "coordinates": [ 139.5772, 35.708354300000018 ] } },
{ "type": "Feature", "properties": { "内容": "はみんぐ訪問看護【訪問看護】東京都武蔵野市境南町4－22－3NS25パレス302", "url": "https://www.kaigokensaku.mhlw.go.jp/13/index.php?action_kouhyou_detail_004_kani=true&JigyosyoCd=1363390210-00&ServiceCd=130&Type=search", "url2": "http://smileconnect.tokyo" }, "geometry": { "type": "Point", "coordinates": [ 139.5356955, 35.6990733 ] } },
{ "type": "Feature", "properties": { "内容": "エイト訪問看護ステーション【訪問看護】東京都武蔵野市中町2-5-22フェイス三鷹302", "url": "https://www.kaigokensaku.mhlw.go.jp/13/index.php?action_kouhyou_detail_004_kani=true&JigyosyoCd=1363390236-00&ServiceCd=130&Type=search", "url2": "https://www.eight-nursing.com/" }, "geometry": { "type": "Point", "coordinates": [ 139.562124, 35.7073321 ] } },
{ "type": "Feature", "properties": { "内容": "STAY訪問看護ステーション【訪問看護】東京都武蔵野市吉祥寺東町2-10-4", "url": "https://www.kaigokensaku.mhlw.go.jp/13/index.php?action_kouhyou_detail_004_kani=true&JigyosyoCd=1363390244-00&ServiceCd=130&Type=search", "url2": "http://stay-22.com" }, "geometry": { "type": "Point", "coordinates": [ 139.582096400000012, 35.711786 ] } },
{ "type": "Feature", "properties": { "内容": "武蔵野赤十字訪問看護ステーション【訪問看護】東京都武蔵野市境南町一丁目26番1号", "url": "https://www.kaigokensaku.mhlw.go.jp/13/index.php?action_kouhyou_detail_004_kani=true&JigyosyoCd=1367191117-00&ServiceCd=130&Type=search", "url2": "http://www.musashino.jrc.or.jp" }, "geometry": { "type": "Point", "coordinates": [ 139.54853479999997, 35.6969417 ] } },
{ "type": "Feature", "properties": { "内容": "多摩たんぽぽ訪問看護ステーション【訪問看護】東京都武蔵野市関前2-24-13", "url": "https://www.kaigokensaku.mhlw.go.jp/13/index.php?action_kouhyou_detail_004_kani=true&JigyosyoCd=1367194392-00&ServiceCd=130&Type=search", "url2": "http://www.tamatanpopo.co.jp" }, "geometry": { "type": "Point", "coordinates": [ 139.548665017933331, 35.71086167838169 ] } },
{ "type": "Feature", "properties": { "内容": "セコム吉祥寺訪問看護ステーション【訪問看護】東京都武蔵野市吉祥寺本町1-34-11本橋ビル302号室", "url": "https://www.kaigokensaku.mhlw.go.jp/13/index.php?action_kouhyou_detail_004_kani=true&JigyosyoCd=1367195951-00&ServiceCd=130&Type=search", "url2": "http://medical.secom.co.jp/" }, "geometry": { "type": "Point", "coordinates": [ 139.584443307301399, 35.704788426404903 ] } },
{ "type": "Feature", "properties": { "内容": "ゆう訪問看護ステーション【訪問看護】東京都武蔵野市境南町2-4-14平石ﾋﾞﾙ402", "url": "https://www.kaigokensaku.mhlw.go.jp/13/index.php?action_kouhyou_detail_004_kani=true&JigyosyoCd=1363390020-00&ServiceCd=130&Type=search", "url2": "https://yuuhoukan.blogspot.com/" }, "geometry": { "type": "Point", "coordinates": [ 139.542621300000064, 35.7016243 ] } },
{ "type": "Feature", "properties": { "内容": "PEACEFULHomecare&Rehabilitation【訪問看護】東京都武蔵野市中町1-34-5武蔵野パークマンション302", "url": "https://www.kaigokensaku.mhlw.go.jp/13/index.php?action_kouhyou_detail_004_kani=true&JigyosyoCd=1363390160-00&ServiceCd=130&Type=search", "url2": "http://peaceful－homecare.jp/" }, "geometry": { "type": "Point", "coordinates": [ 139.5656552, 35.703347 ] } },
{ "type": "Feature", "properties": { "内容": "24QQ訪問看護ステーション【訪問看護】東京都武蔵野市境1-7-18ノヴァリス107号室", "url": "https://www.kaigokensaku.mhlw.go.jp/13/index.php?action_kouhyou_detail_004_kani=true&JigyosyoCd=1363390277-00&ServiceCd=130&Type=search", "url2": "https://vnri.co.jp/" }, "geometry": { "type": "Point", "coordinates": [ 139.5449011, 35.7055615 ] } },
{ "type": "Feature", "properties": { "内容": "訪問看護ステーションＲＮＣ【訪問看護】東京都武蔵野市境1-4-12エミールシティ303", "url": "https://www.kaigokensaku.mhlw.go.jp/13/index.php?action_kouhyou_detail_004_kani=true&JigyosyoCd=1363390061-00&ServiceCd=130&Type=search", "url2": "https://regnc.co.jp" }, "geometry": { "type": "Point", "coordinates": [ 139.543996, 35.7041046 ] } },
{ "type": "Feature", "properties": { "内容": "カルプ訪問看護ステーション吉祥寺【訪問看護】東京都武蔵野市吉祥寺北町2-1-15八幸ビル吉祥寺B1", "url": "https://www.kaigokensaku.mhlw.go.jp/13/index.php?action_kouhyou_detail_004_kani=true&JigyosyoCd=1363390269-00&ServiceCd=130&Type=search", "url2": "https://cmss2929.wixsite.com/calp" }, "geometry": { "type": "Point", "coordinates": [ 139.581389699999988, 35.7115813 ] } },
{ "type": "Feature", "properties": { "内容": "ティーオン訪問看護ステーション【訪問看護】東京都武蔵野市吉祥寺南町2-26-18ピネスプラザ3103", "url": "https://www.kaigokensaku.mhlw.go.jp/13/index.php?action_kouhyou_detail_004_kani=true&JigyosyoCd=1363390285-00&ServiceCd=130&Type=search", "url2": "https://t-own.jp/" }, "geometry": { "type": "Point", "coordinates": [ 139.585629525131196, 35.702387568319182 ] } },
{ "type": "Feature", "properties": { "内容": "合同会社Solaris【訪問看護】東京都武蔵野武蔵野市境1-9-9温泉通りビル302号室", "url": "https://www.kaigokensaku.mhlw.go.jp/13/index.php?action_kouhyou_detail_004_kani=true&JigyosyoCd=1363390301-00&ServiceCd=130&Type=search", "url2": "http://solaris-musashino.jp" }, "geometry": { "type": "Point", "coordinates": [ 139.545080843929554, 35.704421854453543 ] } },
{ "type": "Feature", "properties": { "内容": "うきよ訪問看護ステーション【訪問看護】東京都武蔵野市境南町2-10-24第二ときわマンション201", "url": "https://www.kaigokensaku.mhlw.go.jp/13/index.php?action_kouhyou_detail_004_kani=true&JigyosyoCd=1363390319-00&ServiceCd=130&Type=search", "url2": "https://www.ukiyo-hokan.com/" }, "geometry": { "type": "Point", "coordinates": [ 139.545735, 35.70024320000001 ] } },
{ "type": "Feature", "properties": { "内容": "長谷川病院訪問看護ステーション【訪問看護】東京都三鷹市深大寺2-30-172階", "url": "https://www.kaigokensaku.mhlw.go.jp/13/index.php?action_kouhyou_detail_004_kani=true&JigyosyoCd=1363690049-00&ServiceCd=130&Type=search", "url2": "https://www.aoikai.jp/hasegawa/" }, "geometry": { "type": "Point", "coordinates": [ 139.540350499999988, 35.6858707 ] } },
{ "type": "Feature", "properties": { "内容": "ファミリーナース三鷹【訪問看護】東京都三鷹市下連雀3丁目42番15号ファシーネ三鷹ハイライズ1004号室", "url": "https://www.kaigokensaku.mhlw.go.jp/13/index.php?action_kouhyou_detail_004_kani=true&JigyosyoCd=1363690239-00&ServiceCd=130&Type=search", "url2": "https://facility.anispi.co.jp/familynurse-mitaka/" }, "geometry": { "type": "Point", "coordinates": [ 139.5592079, 35.6995439 ] } },
{ "type": "Feature", "properties": { "内容": "医療法人社団永寿会　三鷹中央リハケア訪問看護ステーション【訪問看護】東京都三鷹市下連雀9-2-7", "url": "https://www.kaigokensaku.mhlw.go.jp/13/index.php?action_kouhyou_detail_004_kani=true&JigyosyoCd=1367197874-00&ServiceCd=130&Type=search", "url2": "http://rehacare-hokan.webmedipr.jp/" }, "geometry": { "type": "Point", "coordinates": [ 139.563369899999969, 35.68451850000001 ] } },
{ "type": "Feature", "properties": { "内容": "医療法人社団心愛会　TOWN訪問診療所三鷹【訪問看護】東京都三鷹市上連雀1-1-5三鷹ロイヤルハイツ104号室", "url": "https://www.kaigokensaku.mhlw.go.jp/13/index.php?action_kouhyou_detail_004_kani=true&JigyosyoCd=1313624707-00&ServiceCd=130&Type=search", "url2": "http://townhomecare.com/mitaka.html" }, "geometry": { "type": "Point", "coordinates": [ 139.5594433, 35.7031422 ] } },
{ "type": "Feature", "properties": { "内容": "医療法人　啓仁会　訪問看護ステーション　三鷹ロイヤル【訪問看護】東京都三鷹市新川5-6-24", "url": "https://www.kaigokensaku.mhlw.go.jp/13/index.php?action_kouhyou_detail_004_kani=true&JigyosyoCd=1363690056-00&ServiceCd=130&Type=search", "url2": "http://wam-town.jp/mitaka-oka/" }, "geometry": { "type": "Point", "coordinates": [ 139.571044273818984, 35.675006631321651 ] } },
{ "type": "Feature", "properties": { "内容": "訪問看護ステーションふぁみりあ【訪問看護】東京都三鷹市中原4-34-22", "url": "https://www.kaigokensaku.mhlw.go.jp/13/index.php?action_kouhyou_detail_004_kani=true&JigyosyoCd=1363690114-00&ServiceCd=130&Type=search", "url2": "http://www.mitaka-fukushikai.jp" }, "geometry": { "type": "Point", "coordinates": [ 139.5650999, 35.667655500000023 ] } },
{ "type": "Feature", "properties": { "内容": "セントケア訪問看護ステーション三鷹【訪問看護】東京都三鷹市下連雀3-21-11サンハイム三鷹101", "url": "https://www.kaigokensaku.mhlw.go.jp/13/index.php?action_kouhyou_detail_004_kani=true&JigyosyoCd=1367199029-00&ServiceCd=130&Type=search", "url2": "http://saint-care.com" }, "geometry": { "type": "Point", "coordinates": [ 139.562202899999988, 35.6985474 ] } },
{ "type": "Feature", "properties": { "内容": "コスモス訪問看護ステーション【訪問看護】東京都三鷹市深大寺１－７－２３鷹マンション２０５", "url": "https://www.kaigokensaku.mhlw.go.jp/13/index.php?action_kouhyou_detail_004_kani=true&JigyosyoCd=1363690072-00&ServiceCd=130&Type=search", "url2": null }, "geometry": { "type": "Point", "coordinates": [ 139.541557799999964, 35.6907422 ] } },
{ "type": "Feature", "properties": { "内容": "ソフィアメディ訪問看護ステーション三鷹【訪問看護】東京都三鷹市上連雀3-11-7", "url": "https://www.kaigokensaku.mhlw.go.jp/13/index.php?action_kouhyou_detail_004_kani=true&JigyosyoCd=1363690155-00&ServiceCd=130&Type=search", "url2": "https://www.sophiamedi.co.jp/" }, "geometry": { "type": "Point", "coordinates": [ 139.552467699999966, 35.6999192 ] } },
{ "type": "Feature", "properties": { "内容": "KR訪問看護ステーション【訪問看護】東京都三鷹市新川6-10-15マグノリアビル3-Ａ", "url": "https://www.kaigokensaku.mhlw.go.jp/13/index.php?action_kouhyou_detail_004_kani=true&JigyosyoCd=1363690189-00&ServiceCd=130&Type=search", "url2": null }, "geometry": { "type": "Point", "coordinates": [ 139.5680441, 35.6781571 ] } },
{ "type": "Feature", "properties": { "内容": "ひとまちここ訪問看護ステーション【訪問看護】東京都三鷹市牟礼5-12-26", "url": "https://www.kaigokensaku.mhlw.go.jp/13/index.php?action_kouhyou_detail_004_kani=true&JigyosyoCd=1363690197-00&ServiceCd=130&Type=search", "url2": "https://hitomachikoko.jimdofree.com/" }, "geometry": { "type": "Point", "coordinates": [ 139.5776179, 35.6849717 ] } },
{ "type": "Feature", "properties": { "内容": "黒馬訪問看護ステーション【訪問看護】東京都三鷹市井の頭1-24-19ベルシャンブルB1", "url": "https://www.kaigokensaku.mhlw.go.jp/13/index.php?action_kouhyou_detail_004_kani=true&JigyosyoCd=1363690205-00&ServiceCd=130&Type=search", "url2": "https://kurouma.net" }, "geometry": { "type": "Point", "coordinates": [ 139.586804599999965, 35.6901643 ] } },
{ "type": "Feature", "properties": { "内容": "野村訪問看護ステーション【訪問看護】東京都三鷹市下連雀８－３－６", "url": "https://www.kaigokensaku.mhlw.go.jp/13/index.php?action_kouhyou_detail_004_kani=true&JigyosyoCd=1367192255-00&ServiceCd=130&Type=search", "url2": "http://nomura.or.jp" }, "geometry": { "type": "Point", "coordinates": [ 139.568, 35.685149 ] } },
{ "type": "Feature", "properties": { "内容": "サンライズ訪問看護ステーション【訪問看護】東京都三鷹市下連雀３－４４－１７ｴﾙｳﾞｪ三鷹３階", "url": "https://www.kaigokensaku.mhlw.go.jp/13/index.php?action_kouhyou_detail_004_kani=true&JigyosyoCd=1367193675-00&ServiceCd=130&Type=search", "url2": "http://www.toujinkai.or.jp/temporary_nursing/sunrise" }, "geometry": { "type": "Point", "coordinates": [ 139.55954470000006, 35.7018997 ] } },
{ "type": "Feature", "properties": { "内容": "医療法人社団永寿会　三鷹ふれあい訪問看護ステーション【訪問看護】東京都三鷹市上連雀5-24-21Ｆ", "url": "https://www.kaigokensaku.mhlw.go.jp/13/index.php?action_kouhyou_detail_004_kani=true&JigyosyoCd=1367193915-00&ServiceCd=130&Type=search", "url2": "http://m-eijyukai.or.jp" }, "geometry": { "type": "Point", "coordinates": [ 139.552023400000053, 35.6953336 ] } },
{ "type": "Feature", "properties": { "内容": "つばさリハビリ訪問看護ステーション【訪問看護】東京都三鷹市大沢4-8-15", "url": "https://www.kaigokensaku.mhlw.go.jp/13/index.php?action_kouhyou_detail_004_kani=true&JigyosyoCd=1367196553-00&ServiceCd=130&Type=search", "url2": "http://www.tsubasa-reha.com" }, "geometry": { "type": "Point", "coordinates": [ 139.541264, 35.6695197 ] } },
{ "type": "Feature", "properties": { "内容": "リニエ訪問看護ステーション三鷹【訪問看護】東京都三鷹市牟礼6-13-15", "url": "https://www.kaigokensaku.mhlw.go.jp/13/index.php?action_kouhyou_detail_004_kani=true&JigyosyoCd=1363690023-00&ServiceCd=130&Type=search", "url2": "https://linie-group.jp/office/houmonkango-mitaka/" }, "geometry": { "type": "Point", "coordinates": [ 139.574619793163947, 35.689156355447281 ] } },
{ "type": "Feature", "properties": { "内容": "三鷹あゆみ訪問看護ステーション【訪問看護】東京都三鷹市下連雀３－７－１６エミナール３Ｆ", "url": "https://www.kaigokensaku.mhlw.go.jp/13/index.php?action_kouhyou_detail_004_kani=true&JigyosyoCd=1363690122-00&ServiceCd=130&Type=search", "url2": "https://www.sojinkai.com/office/houmon-kango/" }, "geometry": { "type": "Point", "coordinates": [ 139.550870799999984, 35.6916118 ] } },
{ "type": "Feature", "properties": { "内容": "ソフィアメディ訪問看護ステーションつつじヶ丘【訪問看護】東京都三鷹市中原1-9-22", "url": "https://www.kaigokensaku.mhlw.go.jp/13/index.php?action_kouhyou_detail_004_kani=true&JigyosyoCd=1363690130-00&ServiceCd=130&Type=search", "url2": "http://www.sophiamedi.co.jp/" }, "geometry": { "type": "Point", "coordinates": [ 139.5758866, 35.6605382 ] } },
{ "type": "Feature", "properties": { "内容": "スターク訪問看護ステーション三鷹【訪問看護】東京都三鷹市下連雀3-43-26ローレルコート三鷹1Ｆ", "url": "https://www.kaigokensaku.mhlw.go.jp/13/index.php?action_kouhyou_detail_004_kani=true&JigyosyoCd=1363690148-00&ServiceCd=130&Type=search", "url2": "https://star-q.jp/" }, "geometry": { "type": "Point", "coordinates": [ 139.55914759999996, 35.7015164 ] } },
{ "type": "Feature", "properties": { "内容": "たんぽぽ訪問看護大沢【訪問看護】東京都三鷹市大沢1-10-4グリーンハウス201", "url": "https://www.kaigokensaku.mhlw.go.jp/13/index.php?action_kouhyou_detail_004_kani=true&JigyosyoCd=1363690163-00&ServiceCd=130&Type=search", "url2": "http://www.smilekobo.co.jp/" }, "geometry": { "type": "Point", "coordinates": [ 139.540592173016421, 35.674640888705909 ] } },
{ "type": "Feature", "properties": { "内容": "訪問看護ステーションあやめ青梅【訪問看護】東京都青梅市長淵2-629-1リバティベルＢ　202号室", "url": "https://www.kaigokensaku.mhlw.go.jp/13/index.php?action_kouhyou_detail_004_kani=true&JigyosyoCd=1362890137-00&ServiceCd=130&Type=search", "url2": "https://firstnurse.co.jp/" }, "geometry": { "type": "Point", "coordinates": [ 139.2724848, 35.7764531 ] } },
{ "type": "Feature", "properties": { "内容": "指定訪問看護ステーション　ゆらり【訪問看護】東京都青梅市駒木町1－800ゆらりホーム102号室", "url": "https://www.kaigokensaku.mhlw.go.jp/13/index.php?action_kouhyou_detail_004_kani=true&JigyosyoCd=1362890111-00&ServiceCd=130&Type=search", "url2": "https://yurali-28.co.jp/houkan-yurali/" }, "geometry": { "type": "Point", "coordinates": [ 139.258048, 35.7808153 ] } },
{ "type": "Feature", "properties": { "内容": "L-moon訪問看護ステーション【訪問看護】東京都青梅市新町3-10-6エトワール307", "url": "https://www.kaigokensaku.mhlw.go.jp/13/index.php?action_kouhyou_detail_004_kani=true&JigyosyoCd=1362890145-00&ServiceCd=130&Type=search", "url2": null }, "geometry": { "type": "Point", "coordinates": [ 139.3058528, 35.778784 ] } },
{ "type": "Feature", "properties": { "内容": "医療法人財団岩尾会　岩尾会訪問看護ステーション【訪問看護】東京都青梅市末広町1-4-5", "url": "https://www.kaigokensaku.mhlw.go.jp/13/index.php?action_kouhyou_detail_004_kani=true&JigyosyoCd=1367191513-00&ServiceCd=130&Type=search", "url2": "http://care-net.biz/13/iwaokai" }, "geometry": { "type": "Point", "coordinates": [ 139.313382, 35.7784119 ] } },
{ "type": "Feature", "properties": { "内容": "大久野病院訪問看護ステーション【訪問看護】東京都青梅市千ケ瀬町5丁目610番地の11", "url": "https://www.kaigokensaku.mhlw.go.jp/13/index.php?action_kouhyou_detail_004_kani=true&JigyosyoCd=1367197726-00&ServiceCd=130&Type=search", "url2": "http://www.oogunohp.com" }, "geometry": { "type": "Point", "coordinates": [ 139.263862196850567, 35.786311935295444 ] } },
{ "type": "Feature", "properties": { "内容": "三慶訪問看護ステーション【訪問看護】東京都青梅市大柳町１４４２番地", "url": "https://www.kaigokensaku.mhlw.go.jp/13/index.php?action_kouhyou_detail_004_kani=true&JigyosyoCd=1367198773-00&ServiceCd=130&Type=search", "url2": "http://omesankeihp.jp/" }, "geometry": { "type": "Point", "coordinates": [ 139.251538436106927, 35.785106174734352 ] } },
{ "type": "Feature", "properties": { "内容": "青梅複合型ケアサービスセンター訪問看護ステーション友田【訪問看護】東京都青梅市友田町5-533-1", "url": "https://www.kaigokensaku.mhlw.go.jp/13/index.php?action_kouhyou_detail_004_kani=true&JigyosyoCd=1362890012-00&ServiceCd=130&Type=search", "url2": "https://nagabuchien.or.jp/facilities/oume-tomoda/" }, "geometry": { "type": "Point", "coordinates": [ 139.283479400000033, 35.773045 ] } },
{ "type": "Feature", "properties": { "内容": "訪問看護ステーション　あん【訪問看護】東京都青梅市新町5-36-11シーグリーン102", "url": "https://www.kaigokensaku.mhlw.go.jp/13/index.php?action_kouhyou_detail_004_kani=true&JigyosyoCd=1362890038-00&ServiceCd=130&Type=search", "url2": "http://www.crane-an.sakura.ne.jp" }, "geometry": { "type": "Point", "coordinates": [ 139.305679599999962, 35.7907741 ] } },
{ "type": "Feature", "properties": { "内容": "たんぽぽ　訪問看護リハビリステーション【訪問看護】東京都青梅市大門3-4-3", "url": "https://www.kaigokensaku.mhlw.go.jp/13/index.php?action_kouhyou_detail_004_kani=true&JigyosyoCd=1362890079-00&ServiceCd=130&Type=search", "url2": "http://tanpopo-houkan.com" }, "geometry": { "type": "Point", "coordinates": [ 139.297793017973646, 35.792506478055763 ] } },
{ "type": "Feature", "properties": { "内容": "訪問看護ステーションおうち【訪問看護】東京都青梅市今井3-23-32", "url": "https://www.kaigokensaku.mhlw.go.jp/13/index.php?action_kouhyou_detail_004_kani=true&JigyosyoCd=1362890087-00&ServiceCd=130&Type=search", "url2": "http://roku.tokyo/ouchi/" }, "geometry": { "type": "Point", "coordinates": [ 139.309456082000736, 35.798472636994902 ] } },
{ "type": "Feature", "properties": { "内容": "訪問看護ステーション　うさぎの窓【訪問看護】東京都青梅市新町3-66-3", "url": "https://www.kaigokensaku.mhlw.go.jp/13/index.php?action_kouhyou_detail_004_kani=true&JigyosyoCd=1362890095-00&ServiceCd=130&Type=search", "url2": "https://www.hccome.ne.jp/" }, "geometry": { "type": "Point", "coordinates": [ 139.299506845997996, 35.784382489226779 ] } },
{ "type": "Feature", "properties": { "内容": "かすがい訪問看護リハビリステーション【訪問看護】東京都青梅市東青梅3-12-71F", "url": "https://www.kaigokensaku.mhlw.go.jp/13/index.php?action_kouhyou_detail_004_kani=true&JigyosyoCd=1362890129-00&ServiceCd=130&Type=search", "url2": "https://www.kasugai-kango.com/" }, "geometry": { "type": "Point", "coordinates": [ 139.2773805, 35.7903793 ] } },
{ "type": "Feature", "properties": { "内容": "医療法人社団和風会　梅の園訪問看護ステーション【訪問看護】東京都青梅市長淵6-483-4ダイユーマンション1F", "url": "https://www.kaigokensaku.mhlw.go.jp/13/index.php?action_kouhyou_detail_004_kani=true&JigyosyoCd=1367193774-00&ServiceCd=130&Type=search", "url2": "http://www.wafukai.or.jp/" }, "geometry": { "type": "Point", "coordinates": [ 139.2682251, 35.7813963 ] } },
{ "type": "Feature", "properties": { "内容": "訪問看護ステーションポッポ【訪問看護】東京都青梅市勝沼１丁目２８番地１４", "url": "https://www.kaigokensaku.mhlw.go.jp/13/index.php?action_kouhyou_detail_004_kani=true&JigyosyoCd=1367197197-00&ServiceCd=130&Type=search", "url2": "http://www.poppokaigo.com" }, "geometry": { "type": "Point", "coordinates": [ 139.2710386, 35.7891733 ] } },
{ "type": "Feature", "properties": { "内容": "訪問看護リハビリステーション　アラウンド∞【訪問看護】東京都青梅市今寺4-23-5", "url": "https://www.kaigokensaku.mhlw.go.jp/13/index.php?action_kouhyou_detail_004_kani=true&JigyosyoCd=1362890046-00&ServiceCd=130&Type=search", "url2": "https://careerpoint.works/contents/2/7" }, "geometry": { "type": "Point", "coordinates": [ 139.300534078702611, 35.797406937976426 ] } },
{ "type": "Feature", "properties": { "内容": "Ｓｔａｒｓ訪問看護リハビリステーション【訪問看護】東京都青梅市河辺町１丁目８８７番地１Ａｍａｐｏｌａ　Ⅱ－Ｆ", "url": "https://www.kaigokensaku.mhlw.go.jp/13/index.php?action_kouhyou_detail_004_kani=true&JigyosyoCd=1362890152-00&ServiceCd=130&Type=search", "url2": "https://stars-station.jp" }, "geometry": { "type": "Point", "coordinates": [ 139.286965900000013, 35.7784715 ] } },
{ "type": "Feature", "properties": { "内容": "訪問看護ステーションwithスマイル【訪問看護】東京都府中市南町3丁目24番9号ハイツエコー101", "url": "https://www.kaigokensaku.mhlw.go.jp/13/index.php?action_kouhyou_detail_004_kani=true&JigyosyoCd=1363890334-00&ServiceCd=130&Type=search", "url2": "https://2525smile2023.wixsite.com/with-smile" }, "geometry": { "type": "Point", "coordinates": [ 139.4649828, 35.6609348 ] } },
{ "type": "Feature", "properties": { "内容": "訪問看護ステーション進【訪問看護】東京都府中市浅間町2-14-69第2TRビル2階", "url": "https://www.kaigokensaku.mhlw.go.jp/13/index.php?action_kouhyou_detail_004_kani=true&JigyosyoCd=1363890383-00&ServiceCd=130&Type=search", "url2": "https://en-group.co.jp" }, "geometry": { "type": "Point", "coordinates": [ 139.498768899999988, 35.6822734 ] } },
{ "type": "Feature", "properties": { "内容": "あるもに訪問看護リハビリステーション【訪問看護】東京都府中市府中町3-5-6佐伯コーポラス208", "url": "https://www.kaigokensaku.mhlw.go.jp/13/index.php?action_kouhyou_detail_004_kani=true&JigyosyoCd=1363890136-00&ServiceCd=130&Type=search", "url2": "https://harmonie.jp/" }, "geometry": { "type": "Point", "coordinates": [ 139.485282699999971, 35.6756034 ] } },
{ "type": "Feature", "properties": { "内容": "訪問看護ステーションWBEAR【訪問看護】東京都府中市本町4-30-1セシーズ府中105", "url": "https://www.kaigokensaku.mhlw.go.jp/13/index.php?action_kouhyou_detail_004_kani=true&JigyosyoCd=1363890367-00&ServiceCd=130&Type=search", "url2": "https://th-lyol.com/" }, "geometry": { "type": "Point", "coordinates": [ 139.468590500000033, 35.6637426 ] } },
{ "type": "Feature", "properties": { "内容": "訪問看護事業所すみれ同志会【訪問看護】東京都府中市府中町2-22-6", "url": "https://www.kaigokensaku.mhlw.go.jp/13/index.php?action_kouhyou_detail_004_kani=true&JigyosyoCd=1363890425-00&ServiceCd=130&Type=search", "url2": "https://sumire-doushikai.jp/" }, "geometry": { "type": "Point", "coordinates": [ 139.484736946627038, 35.675780936517761 ] } },
{ "type": "Feature", "properties": { "内容": "訪問看護ステーションコルディアーレ府中【訪問看護】東京都府中市住吉町1-29-2アイルプレミアム東京府中101号室", "url": "https://www.kaigokensaku.mhlw.go.jp/13/index.php?action_kouhyou_detail_004_kani=true&JigyosyoCd=1363890433-00&ServiceCd=130&Type=search", "url2": null }, "geometry": { "type": "Point", "coordinates": [ 139.459947199999988, 35.6606212 ] } },
{ "type": "Feature", "properties": { "内容": "ウチヤマ訪問看護ステーション【訪問看護】東京都府中市西府町3-20-1ライオンズマンションヴィアーレ府中304号室", "url": "https://www.kaigokensaku.mhlw.go.jp/13/index.php?action_kouhyou_detail_004_kani=true&JigyosyoCd=1363890094-00&ServiceCd=130&Type=search", "url2": null }, "geometry": { "type": "Point", "coordinates": [ 139.458507, 35.6794383 ] } },
{ "type": "Feature", "properties": { "内容": "SOMPOケア　多摩訪問看護【訪問看護】東京都府中市宮西町2-16-2府中第一生命ビル2階", "url": "https://www.kaigokensaku.mhlw.go.jp/13/index.php?action_kouhyou_detail_004_kani=true&JigyosyoCd=1365490141-00&ServiceCd=130&Type=search", "url2": null }, "geometry": { "type": "Point", "coordinates": [ 139.478067399999986, 35.669785 ] } },
{ "type": "Feature", "properties": { "内容": "スマイル訪問看護ステーション府中【訪問看護】東京都府中市四谷1-32-17", "url": "https://www.kaigokensaku.mhlw.go.jp/13/index.php?action_kouhyou_detail_004_kani=true&JigyosyoCd=1363890458-00&ServiceCd=130&Type=search", "url2": "https://nursing-smile.jp/" }, "geometry": { "type": "Point", "coordinates": [ 139.449778, 35.6587903 ] } },
{ "type": "Feature", "properties": { "内容": "LIC訪問看護リハビリステーション【訪問看護】東京都府中市清水が丘3-29-5トラットリアK&M101号室", "url": "https://www.kaigokensaku.mhlw.go.jp/13/index.php?action_kouhyou_detail_004_kani=true&JigyosyoCd=1363890144-00&ServiceCd=130&Type=search", "url2": "http://sync-happiness.com/" }, "geometry": { "type": "Point", "coordinates": [ 139.502394938413005, 35.665010535031755 ] } },
{ "type": "Feature", "properties": { "内容": "クレマチス訪問看護ステーション【訪問看護】東京都府中市幸町1丁目18番地の15", "url": "https://www.kaigokensaku.mhlw.go.jp/13/index.php?action_kouhyou_detail_004_kani=true&JigyosyoCd=1363890292-00&ServiceCd=130&Type=search", "url2": "https://clematis1102.co.jp" }, "geometry": { "type": "Point", "coordinates": [ 139.4813189, 35.6799026 ] } },
{ "type": "Feature", "properties": { "内容": "くつろ樹訪問看護ステーション【訪問看護】東京都府中市緑町2-9-3グリーンコーポ101", "url": "https://www.kaigokensaku.mhlw.go.jp/13/index.php?action_kouhyou_detail_004_kani=true&JigyosyoCd=1363890466-00&ServiceCd=130&Type=search", "url2": "https://takeroot-fuchu.com" }, "geometry": { "type": "Point", "coordinates": [ 139.491142200000013, 35.6723894 ] } },
{ "type": "Feature", "properties": { "内容": "在宅療養支援ステーション楓の風　国立府中【訪問看護】東京都府中市天神町3-18-18メビウスK&I　1階", "url": "https://www.kaigokensaku.mhlw.go.jp/13/index.php?action_kouhyou_detail_004_kani=true&JigyosyoCd=1363490044-00&ServiceCd=130&Type=search", "url2": "http://www.kaedenokaze.com/" }, "geometry": { "type": "Point", "coordinates": [ 139.487747859165893, 35.685014379540043 ] } },
{ "type": "Feature", "properties": { "内容": "わそら　街なかナースステーション【訪問看護】東京都府中市武蔵台一丁目30番3号コーポ白樺202", "url": "https://www.kaigokensaku.mhlw.go.jp/13/index.php?action_kouhyou_detail_004_kani=true&JigyosyoCd=1363890177-00&ServiceCd=130&Type=search", "url2": null }, "geometry": { "type": "Point", "coordinates": [ 139.463264500000037, 35.6882179 ] } },
{ "type": "Feature", "properties": { "内容": "オムソーリ訪問看護リハビリテーション府中【訪問看護】東京都府中市緑町２−３−１ヒルクレストホリエ１０３", "url": "https://www.kaigokensaku.mhlw.go.jp/13/index.php?action_kouhyou_detail_004_kani=true&JigyosyoCd=1363890185-00&ServiceCd=130&Type=search", "url2": "https://omsorg.jp" }, "geometry": { "type": "Point", "coordinates": [ -8.24389, 53.41291 ] } },
{ "type": "Feature", "properties": { "内容": "マザース府中若松【訪問看護】東京都府中市若松町4-22-5府中若松ガーデン", "url": "https://www.kaigokensaku.mhlw.go.jp/13/index.php?action_kouhyou_detail_004_kani=true&JigyosyoCd=1363890276-00&ServiceCd=130&Type=search", "url2": "https://caregiver.co.jp/" }, "geometry": { "type": "Point", "coordinates": [ 139.50464740000001, 35.6760115 ] } },
{ "type": "Feature", "properties": { "内容": "明日穂訪問看護ステーション【訪問看護】東京都府中市天神町４－２８－１ボアセゾン３０２", "url": "https://www.kaigokensaku.mhlw.go.jp/13/index.php?action_kouhyou_detail_004_kani=true&JigyosyoCd=1363890318-00&ServiceCd=130&Type=search", "url2": "http://www.asuhohc.co.jp" }, "geometry": { "type": "Point", "coordinates": [ 139.4941622, 35.684672400000011 ] } },
{ "type": "Feature", "properties": { "内容": "オリレア訪問看護ステーション【訪問看護】東京都府中市若松町１丁目２２−１４２階", "url": "https://www.kaigokensaku.mhlw.go.jp/13/index.php?action_kouhyou_detail_004_kani=true&JigyosyoCd=1363890326-00&ServiceCd=130&Type=search", "url2": "https://www.manalea0.tokyo/" }, "geometry": { "type": "Point", "coordinates": [ 139.503564, 35.6680985 ] } },
{ "type": "Feature", "properties": { "内容": "ワイズ訪問看護リハビリステーション府中【訪問看護】東京都府中市緑町３－３－１ヴェールメゾン府中４０２", "url": "https://www.kaigokensaku.mhlw.go.jp/13/index.php?action_kouhyou_detail_004_kani=true&JigyosyoCd=1363890342-00&ServiceCd=130&Type=search", "url2": "http://ys-fuchu.com/" }, "geometry": { "type": "Point", "coordinates": [ 139.4923435, 35.6701892 ] } },
{ "type": "Feature", "properties": { "内容": "あすき訪問看護ステーション【訪問看護】東京都府中市住吉町4-55-4コーポヤマザキ201号室", "url": "https://www.kaigokensaku.mhlw.go.jp/13/index.php?action_kouhyou_detail_004_kani=true&JigyosyoCd=1363890359-00&ServiceCd=130&Type=search", "url2": "http://asuki-houmon.com" }, "geometry": { "type": "Point", "coordinates": [ 139.4509218, 35.6630625 ] } },
{ "type": "Feature", "properties": { "内容": "訪問看護ステーションつなぐ【訪問看護】東京都府中市日新町2-30-20小幡アパート101", "url": "https://www.kaigokensaku.mhlw.go.jp/13/index.php?action_kouhyou_detail_004_kani=true&JigyosyoCd=1363890375-00&ServiceCd=130&Type=search", "url2": "https://tsunagu-kango.co.jp" }, "geometry": { "type": "Point", "coordinates": [ 139.447414699999968, 35.6712642 ] } },
{ "type": "Feature", "properties": { "内容": "府中医王訪問看護ステーション【訪問看護】東京都府中市晴見町1-20", "url": "https://www.kaigokensaku.mhlw.go.jp/13/index.php?action_kouhyou_detail_004_kani=true&JigyosyoCd=1367191927-00&ServiceCd=130&Type=search", "url2": "http://www2.odn.ne.jp/fuchu-iou/index.html" }, "geometry": { "type": "Point", "coordinates": [ 139.478719081652372, 35.681764160453845 ] } },
{ "type": "Feature", "properties": { "内容": "府中市医師会訪問看護ステーション【訪問看護】東京都府中市府中町2－25－17府中市医師会館1階", "url": "https://www.kaigokensaku.mhlw.go.jp/13/index.php?action_kouhyou_detail_004_kani=true&JigyosyoCd=1367192131-00&ServiceCd=130&Type=search", "url2": null }, "geometry": { "type": "Point", "coordinates": [ 139.4833357, 35.6760394 ] } },
{ "type": "Feature", "properties": { "内容": "健生会しんまち訪問看護ステーション【訪問看護】東京都府中市天神町3-11-1モプティ天神１階北西", "url": "https://www.kaigokensaku.mhlw.go.jp/13/index.php?action_kouhyou_detail_004_kani=true&JigyosyoCd=1367192842-00&ServiceCd=130&Type=search", "url2": "http://www.tachisou-houkan.com/station/shinmachi.html" }, "geometry": { "type": "Point", "coordinates": [ 139.488273899999967, 35.6837387 ] } },
{ "type": "Feature", "properties": { "内容": "訪問看護ステーションいきいき【訪問看護】東京都府中市小柳町2-11-2TENSBUILDING2F", "url": "https://www.kaigokensaku.mhlw.go.jp/13/index.php?action_kouhyou_detail_004_kani=true&JigyosyoCd=1367198013-00&ServiceCd=130&Type=search", "url2": "http://www.nagata-naika.jp/" }, "geometry": { "type": "Point", "coordinates": [ 139.501664358860779, 35.662314863650295 ] } },
{ "type": "Feature", "properties": { "内容": "なごみ訪問看護ステーション【訪問看護】東京都府中市住吉町5-18-71階101", "url": "https://www.kaigokensaku.mhlw.go.jp/13/index.php?action_kouhyou_detail_004_kani=true&JigyosyoCd=1367198336-00&ServiceCd=130&Type=search", "url2": "http://www.nagomi-h.com/" }, "geometry": { "type": "Point", "coordinates": [ 139.456324799999948, 35.6571687 ] } },
{ "type": "Feature", "properties": { "内容": "医療法人社団共済会　訪問看護ステーションさくらい【訪問看護】東京都府中市是政2-35-11オークヴィラⅠ-103", "url": "https://www.kaigokensaku.mhlw.go.jp/13/index.php?action_kouhyou_detail_004_kani=true&JigyosyoCd=1363890052-00&ServiceCd=130&Type=search", "url2": "https://www.ksk-s.or.jp" }, "geometry": { "type": "Point", "coordinates": [ 139.496116289668578, 35.65938931484817 ] } },
{ "type": "Feature", "properties": { "内容": "ゆるり訪問看護リハビリステーション多摩【訪問看護】東京都府中市美好町3-4-2分倍河原フラッツ302号室", "url": "https://www.kaigokensaku.mhlw.go.jp/13/index.php?action_kouhyou_detail_004_kani=true&JigyosyoCd=1363890391-00&ServiceCd=130&Type=search", "url2": "https://yururi-darwin.com/" }, "geometry": { "type": "Point", "coordinates": [ 139.4681838, 35.6701512 ] } },
{ "type": "Feature", "properties": { "内容": "そよここナース【訪問看護】東京都府中市分梅町3-54-12アネックス分梅205", "url": "https://www.kaigokensaku.mhlw.go.jp/13/index.php?action_kouhyou_detail_004_kani=true&JigyosyoCd=1363890409-00&ServiceCd=130&Type=search", "url2": null }, "geometry": { "type": "Point", "coordinates": [ 139.459510200000011, 35.6665616 ] } },
{ "type": "Feature", "properties": { "内容": "府中よりそい訪問看護ステーション【訪問看護】東京都府中市宮西町5-6-5パークハウス宮西201", "url": "https://www.kaigokensaku.mhlw.go.jp/13/index.php?action_kouhyou_detail_004_kani=true&JigyosyoCd=1363890417-00&ServiceCd=130&Type=search", "url2": "https://fuchu-yorisoi-hns.com/" }, "geometry": { "type": "Point", "coordinates": [ 139.475423, 35.6697336 ] } },
{ "type": "Feature", "properties": { "内容": "ファインケア訪問看護ステーション【訪問看護】東京都府中市美好町2-12-23F", "url": "https://www.kaigokensaku.mhlw.go.jp/13/index.php?action_kouhyou_detail_004_kani=true&JigyosyoCd=1364290096-00&ServiceCd=130&Type=search", "url2": "http://www.finecare.co.jp" }, "geometry": { "type": "Point", "coordinates": [ 139.46529570000007, 35.672928200000015 ] } },
{ "type": "Feature", "properties": { "内容": "医療法人社団興也会コートウエスト府中リハビリ訪問看護ステーション【訪問看護】東京都府中市西府町3-17-6コートウエスト府中１階", "url": "https://www.kaigokensaku.mhlw.go.jp/13/index.php?action_kouhyou_detail_004_kani=true&JigyosyoCd=1363890078-00&ServiceCd=130&Type=search", "url2": "http://kouyakai.webmedipr.jp" }, "geometry": { "type": "Point", "coordinates": [ 139.457559192529288, 35.678809719272536 ] } },
{ "type": "Feature", "properties": { "内容": "医心館訪問看護ステーション府中【訪問看護】東京都府中市府中町三丁目3番7号", "url": "https://www.kaigokensaku.mhlw.go.jp/13/index.php?action_kouhyou_detail_004_kani=true&JigyosyoCd=1363890474-00&ServiceCd=130&Type=search", "url2": null }, "geometry": { "type": "Point", "coordinates": [ 139.4861134, 35.6750637 ] } },
{ "type": "Feature", "properties": { "内容": "CLASWELL府中中河原訪問看護ステーション【訪問看護】東京都府中市住吉町一丁目31番1号", "url": "https://www.kaigokensaku.mhlw.go.jp/13/index.php?action_kouhyou_detail_004_kani=true&JigyosyoCd=1363890482-00&ServiceCd=130&Type=search", "url2": "https://kc-welfare.co.jp/facility/111/" }, "geometry": { "type": "Point", "coordinates": [ 139.4587105, 35.6617171 ] } },
{ "type": "Feature", "properties": { "内容": "たま地域訪問看護ステーション【訪問看護】東京都府中市分梅町1-12-1ニューアミテー104", "url": "https://www.kaigokensaku.mhlw.go.jp/13/index.php?action_kouhyou_detail_004_kani=true&JigyosyoCd=1363890243-00&ServiceCd=130&Type=search", "url2": "https://tamachiiki-houmonkangostation.com/" }, "geometry": { "type": "Point", "coordinates": [ 139.465843100000058, 35.6668123 ] } },
{ "type": "Feature", "properties": { "内容": "小児訪問看護ステーションおひさま【訪問看護】東京都昭島市昭和町5丁目10番16森高ビル2階の内北側", "url": "https://www.kaigokensaku.mhlw.go.jp/13/index.php?action_kouhyou_detail_004_kani=true&JigyosyoCd=1364090173-00&ServiceCd=130&Type=search", "url2": "https://ohisama.care/home-nursing/" }, "geometry": { "type": "Point", "coordinates": [ 139.360258100000038, 35.7126149 ] } },
{ "type": "Feature", "properties": { "内容": "訪問看護ステーション樹希【訪問看護】東京都昭島市松原町5-8-12第3シルクコーポ101", "url": "https://www.kaigokensaku.mhlw.go.jp/13/index.php?action_kouhyou_detail_004_kani=true&JigyosyoCd=1364090157-00&ServiceCd=130&Type=search", "url2": "https://tsumugi-care.co.jp/itsuki-hc/" }, "geometry": { "type": "Point", "coordinates": [ 139.341834400000039, 35.71665650000002 ] } },
{ "type": "Feature", "properties": { "内容": "訪問看護ステーション　ゆう【訪問看護】東京都昭島市田中町2-13-25SUNS昭島301", "url": "https://www.kaigokensaku.mhlw.go.jp/13/index.php?action_kouhyou_detail_004_kani=true&JigyosyoCd=1364090207-00&ServiceCd=130&Type=search", "url2": null }, "geometry": { "type": "Point", "coordinates": [ 139.353504100000038, 35.7013213 ] } },
{ "type": "Feature", "properties": { "内容": "昭島病院訪問看護ステーション【訪問看護】東京都昭島市中神町1260番地昭島病院内", "url": "https://www.kaigokensaku.mhlw.go.jp/13/index.php?action_kouhyou_detail_004_kani=true&JigyosyoCd=1367199136-00&ServiceCd=130&Type=search", "url2": "http://www.aki-hp.jp" }, "geometry": { "type": "Point", "coordinates": [ 139.382861016069, 35.709254881438106 ] } },
{ "type": "Feature", "properties": { "内容": "竹口病院訪問看護ステーション【訪問看護】東京都昭島市玉川町4-6-32", "url": "https://www.kaigokensaku.mhlw.go.jp/13/index.php?action_kouhyou_detail_004_kani=true&JigyosyoCd=1367199128-00&ServiceCd=130&Type=search", "url2": "https://takeguchi.or.jp" }, "geometry": { "type": "Point", "coordinates": [ 139.379826500000036, 35.7050561 ] } },
{ "type": "Feature", "properties": { "内容": "訪問看護ステーション　かすみ草【訪問看護】東京都昭島市中神町1131番地65", "url": "https://www.kaigokensaku.mhlw.go.jp/13/index.php?action_kouhyou_detail_004_kani=true&JigyosyoCd=1364090058-00&ServiceCd=130&Type=search", "url2": "https://www.st-kasumisou.com" }, "geometry": { "type": "Point", "coordinates": [ 139.371607731981072, 35.710553546265295 ] } },
{ "type": "Feature", "properties": { "内容": "医療法人徳洲会　東京西くじら訪問看護ステーション【訪問看護】東京都昭島市武蔵野3-5-63", "url": "https://www.kaigokensaku.mhlw.go.jp/13/index.php?action_kouhyou_detail_004_kani=true&JigyosyoCd=1364090090-00&ServiceCd=130&Type=search", "url2": "http://www.tokyonishi-hp.or.jp/" }, "geometry": { "type": "Point", "coordinates": [ 139.375316349873458, 35.719829032957826 ] } },
{ "type": "Feature", "properties": { "内容": "ルーツ訪問看護リハビリステーション【訪問看護】東京都昭島市中神町1176-14宮野ビル201", "url": "https://www.kaigokensaku.mhlw.go.jp/13/index.php?action_kouhyou_detail_004_kani=true&JigyosyoCd=1364090108-00&ServiceCd=130&Type=search", "url2": "https://www.gravity2018.co.jp/" }, "geometry": { "type": "Point", "coordinates": [ 139.3770859, 35.709768 ] } },
{ "type": "Feature", "properties": { "内容": "SOU訪問看護ステーション昭島【訪問看護】東京都昭島市中神町1228-20ミリューヴィラージュ1階", "url": "https://www.kaigokensaku.mhlw.go.jp/13/index.php?action_kouhyou_detail_004_kani=true&JigyosyoCd=1364090116-00&ServiceCd=130&Type=search", "url2": "https://www.sou-seniorcare.co.jp/" }, "geometry": { "type": "Point", "coordinates": [ 139.3779556, 35.7088492 ] } },
{ "type": "Feature", "properties": { "内容": "マザーカリン訪問看護ステーション【訪問看護】東京都昭島市中神町1187-2ハイツ中神303", "url": "https://www.kaigokensaku.mhlw.go.jp/13/index.php?action_kouhyou_detail_004_kani=true&JigyosyoCd=1364090140-00&ServiceCd=130&Type=search", "url2": "http://hp.kaipoke.biz/6v2/" }, "geometry": { "type": "Point", "coordinates": [ 139.3752586, 35.7096782 ] } },
{ "type": "Feature", "properties": { "内容": "グリーンケア訪問看護ステーション昭島【訪問看護】東京都昭島市昭和町3−9−12", "url": "https://www.kaigokensaku.mhlw.go.jp/13/index.php?action_kouhyou_detail_004_kani=true&JigyosyoCd=1364090181-00&ServiceCd=130&Type=search", "url2": "https://greencare0801.com/" }, "geometry": { "type": "Point", "coordinates": [ 139.36712510000001, 35.7076512 ] } },
{ "type": "Feature", "properties": { "内容": "ISM訪問看護ステーション【訪問看護】東京都昭島市昭和町5-9-10アクアシティ昭島301", "url": "https://www.kaigokensaku.mhlw.go.jp/13/index.php?action_kouhyou_detail_004_kani=true&JigyosyoCd=1364090074-00&ServiceCd=130&Type=search", "url2": "https://www.ism-houmon.com" }, "geometry": { "type": "Point", "coordinates": [ 139.360164700000013, 35.711914 ] } },
{ "type": "Feature", "properties": { "内容": "健生会東中神訪問看護ステーション【訪問看護】東京都昭島市もくせいの杜2丁目2番1号1階", "url": "https://www.kaigokensaku.mhlw.go.jp/13/index.php?action_kouhyou_detail_004_kani=true&JigyosyoCd=1367192123-00&ServiceCd=130&Type=search", "url2": "http://www.tachisou-houkan.com/station/higashi.html" }, "geometry": { "type": "Point", "coordinates": [ 139.384363167821391, 35.718752653462964 ] } },
{ "type": "Feature", "properties": { "内容": "宮沢の太陽【訪問看護】東京都昭島市宮沢町497-3", "url": "https://www.kaigokensaku.mhlw.go.jp/13/index.php?action_kouhyou_detail_004_kani=true&JigyosyoCd=1364090033-00&ServiceCd=130&Type=search", "url2": "https://www.tamakouki.com" }, "geometry": { "type": "Point", "coordinates": [ 139.372613, 35.7139492 ] } },
{ "type": "Feature", "properties": { "内容": "つつじが丘訪問看護ステーション【訪問看護】東京都昭島市つつじが丘3-5-6-113", "url": "https://www.kaigokensaku.mhlw.go.jp/13/index.php?action_kouhyou_detail_004_kani=true&JigyosyoCd=1367197650-00&ServiceCd=130&Type=search", "url2": "http://www.tutuji-kaigo.com" }, "geometry": { "type": "Point", "coordinates": [ 139.368960199999947, 35.7135954 ] } },
{ "type": "Feature", "properties": { "内容": "ハミング訪問看護ステーション【訪問看護】東京都昭島市松原町5-6-20", "url": "https://www.kaigokensaku.mhlw.go.jp/13/index.php?action_kouhyou_detail_004_kani=true&JigyosyoCd=1364090199-00&ServiceCd=130&Type=search", "url2": null }, "geometry": { "type": "Point", "coordinates": [ 139.3420741, 35.7190168 ] } },
{ "type": "Feature", "properties": { "内容": "エルシア仙川訪問看護ステーション【訪問看護】東京都調布市若葉町二丁目14番地1", "url": "https://www.kaigokensaku.mhlw.go.jp/13/index.php?action_kouhyou_detail_004_kani=true&JigyosyoCd=1364290344-00&ServiceCd=130&Type=search", "url2": "https://www.ns-care-tokyo.jp/" }, "geometry": { "type": "Point", "coordinates": [ 139.5882872, 35.6588351 ] } },
{ "type": "Feature", "properties": { "内容": "訪問看護ステーション　にじいろハート【訪問看護】東京都調布市布田4-3-18グランクルール", "url": "https://www.kaigokensaku.mhlw.go.jp/13/index.php?action_kouhyou_detail_004_kani=true&JigyosyoCd=1364290377-00&ServiceCd=130&Type=search", "url2": "https://www.lsmile.tokyo" }, "geometry": { "type": "Point", "coordinates": [ 139.545080100000035, 35.650670200000022 ] } },
{ "type": "Feature", "properties": { "内容": "指定訪問看護ステーション花水木【訪問看護】東京都調布市深大寺北町4-8-111階", "url": "https://www.kaigokensaku.mhlw.go.jp/13/index.php?action_kouhyou_detail_004_kani=true&JigyosyoCd=1364290385-00&ServiceCd=130&Type=search", "url2": null }, "geometry": { "type": "Point", "coordinates": [ 139.5519266, 35.6790808 ] } },
{ "type": "Feature", "properties": { "内容": "医療法人社団大和会　多摩川病院【訪問看護】東京都調布市国領町5-31-1", "url": "https://www.kaigokensaku.mhlw.go.jp/13/index.php?action_kouhyou_detail_004_kani=true&JigyosyoCd=1314270096-00&ServiceCd=130&Type=search", "url2": "http://www.tamagawahp.jp/index.html" }, "geometry": { "type": "Point", "coordinates": [ 139.55413980000003, 35.6486511 ] } },
{ "type": "Feature", "properties": { "内容": "ファミリーナース調布【訪問看護】東京都調布市布田1丁目43-2グレースメゾン谷中N棟602", "url": "https://www.kaigokensaku.mhlw.go.jp/13/index.php?action_kouhyou_detail_004_kani=true&JigyosyoCd=1364290393-00&ServiceCd=130&Type=search", "url2": "https://facility.anispi.co.jp/familynurse-chofu/" }, "geometry": { "type": "Point", "coordinates": [ 139.5451055, 35.6525459 ] } },
{ "type": "Feature", "properties": { "内容": "スマイルケアナーシング【訪問看護】東京都調布市国領町5-22-5メープル・アイ102", "url": "https://www.kaigokensaku.mhlw.go.jp/13/index.php?action_kouhyou_detail_004_kani=true&JigyosyoCd=1364290401-00&ServiceCd=130&Type=search", "url2": "https://www.e-carelink.jp" }, "geometry": { "type": "Point", "coordinates": [ 139.55280350000001, 35.646791700000016 ] } },
{ "type": "Feature", "properties": { "内容": "つつじヶ丘訪問看護ステーション【訪問看護】東京都調布市つつじヶ丘2-19-6第３コーポ横田203", "url": "https://www.kaigokensaku.mhlw.go.jp/13/index.php?action_kouhyou_detail_004_kani=true&JigyosyoCd=1367195100-00&ServiceCd=130&Type=search", "url2": "http://www.tsutsuji.co.jp/" }, "geometry": { "type": "Point", "coordinates": [ 139.57412302313989, 35.661083745953306 ] } },
{ "type": "Feature", "properties": { "内容": "訪問看護ステーション　エルハートナースケア【訪問看護】東京都調布市布田2-19-2", "url": "https://www.kaigokensaku.mhlw.go.jp/13/index.php?action_kouhyou_detail_004_kani=true&JigyosyoCd=1364290039-00&ServiceCd=130&Type=search", "url2": "http://www.lheart.jp" }, "geometry": { "type": "Point", "coordinates": [ 139.551013795939667, 35.65264964236659 ] } },
{ "type": "Feature", "properties": { "内容": "リニエ訪問看護ステーション調布【訪問看護】東京都調布市西つつじヶ丘３－３７－２PARKMODERNつつじヶ丘２０７", "url": "https://www.kaigokensaku.mhlw.go.jp/13/index.php?action_kouhyou_detail_004_kani=true&JigyosyoCd=1364290112-00&ServiceCd=130&Type=search", "url2": "https://linie-group.jp/office/houmonkango-chofu/" }, "geometry": { "type": "Point", "coordinates": [ 139.574934, 35.6591328 ] } },
{ "type": "Feature", "properties": { "内容": "ひ乃木ケアリングサポート株式会社【訪問看護】東京都調布市仙川町1-24-1仙川アヴェニュー南パティオ2F21", "url": "https://www.kaigokensaku.mhlw.go.jp/13/index.php?action_kouhyou_detail_004_kani=true&JigyosyoCd=1364290138-00&ServiceCd=130&Type=search", "url2": "http://www.hinoca.co.jp" }, "geometry": { "type": "Point", "coordinates": [ 139.587713200000053, 35.6604771 ] } },
{ "type": "Feature", "properties": { "内容": "ハーツ訪問看護リハビリステーション調布つつじケ丘【訪問看護】東京都調布市西つつじケ丘3－30－1ハイツ鹿嶋802号", "url": "https://www.kaigokensaku.mhlw.go.jp/13/index.php?action_kouhyou_detail_004_kani=true&JigyosyoCd=1364290146-00&ServiceCd=130&Type=search", "url2": null }, "geometry": { "type": "Point", "coordinates": [ 139.573448, 35.6589634 ] } },
{ "type": "Feature", "properties": { "内容": "楠の杜訪問看護ステーション【訪問看護】東京都調布市国領町4-51-7ピエールシークル1A", "url": "https://www.kaigokensaku.mhlw.go.jp/13/index.php?action_kouhyou_detail_004_kani=true&JigyosyoCd=1364290153-00&ServiceCd=130&Type=search", "url2": "http://kusunokino-mori.com/" }, "geometry": { "type": "Point", "coordinates": [ 139.561056099999973, 35.6434463 ] } },
{ "type": "Feature", "properties": { "内容": "医療法人社団　東山会東山訪問看護ステーション【訪問看護】東京都調布市布田1-36-6ロロール調布１階", "url": "https://www.kaigokensaku.mhlw.go.jp/13/index.php?action_kouhyou_detail_004_kani=true&JigyosyoCd=1364290161-00&ServiceCd=130&Type=search", "url2": "http://www.touzan.or.jp" }, "geometry": { "type": "Point", "coordinates": [ 139.544443826736511, 35.65383840804202 ] } },
{ "type": "Feature", "properties": { "内容": "たんぽぽ訪問看護国領【訪問看護】東京都調布市国領町3ー10ー46", "url": "https://www.kaigokensaku.mhlw.go.jp/13/index.php?action_kouhyou_detail_004_kani=true&JigyosyoCd=1364290179-00&ServiceCd=130&Type=search", "url2": "HTTPS://EQUALITY-T.COM/" }, "geometry": { "type": "Point", "coordinates": [ 139.559916700000031, 35.6506563 ] } },
{ "type": "Feature", "properties": { "内容": "指定訪問看護アットリハ調布【訪問看護】東京都調布市小島町3-88-2", "url": "https://www.kaigokensaku.mhlw.go.jp/13/index.php?action_kouhyou_detail_004_kani=true&JigyosyoCd=1364290187-00&ServiceCd=130&Type=search", "url2": "https://at-care.co.jp/" }, "geometry": { "type": "Point", "coordinates": [ 139.541105099999982, 35.6457014 ] } },
{ "type": "Feature", "properties": { "内容": "ワイズ訪問看護リハビリステーション調布【訪問看護】東京都調布市国領町１－４０－６ﾓﾝﾀｰﾆｭ国領409", "url": "https://www.kaigokensaku.mhlw.go.jp/13/index.php?action_kouhyou_detail_004_kani=true&JigyosyoCd=1364290237-00&ServiceCd=130&Type=search", "url2": "https://ys-chofu.com/" }, "geometry": { "type": "Point", "coordinates": [ 139.556033199999973, 35.650325400000035 ] } },
{ "type": "Feature", "properties": { "内容": "ソフィアメディ訪問看護ステーション調布【訪問看護】東京都調布市多摩川6-36-15", "url": "https://www.kaigokensaku.mhlw.go.jp/13/index.php?action_kouhyou_detail_004_kani=true&JigyosyoCd=1364290252-00&ServiceCd=130&Type=search", "url2": "https://www.sophiamedi.co.jp/station/chofu/" }, "geometry": { "type": "Point", "coordinates": [ 139.541668949209082, 35.642749609604145 ] } },
{ "type": "Feature", "properties": { "内容": "深大寺元町訪問看護ステーション【訪問看護】東京都調布市深大寺元町4-29-15メゾン山口203", "url": "https://www.kaigokensaku.mhlw.go.jp/13/index.php?action_kouhyou_detail_004_kani=true&JigyosyoCd=1364290260-00&ServiceCd=130&Type=search", "url2": "https://www.jindaijimotomachi.com/" }, "geometry": { "type": "Point", "coordinates": [ 139.5438912, 35.6708708 ] } },
{ "type": "Feature", "properties": { "内容": "訪問看護ステーションC-support【訪問看護】東京都調布市小島町1丁目21-6アジャンタ調布206", "url": "https://www.kaigokensaku.mhlw.go.jp/13/index.php?action_kouhyou_detail_004_kani=true&JigyosyoCd=1364290278-00&ServiceCd=130&Type=search", "url2": "https://c-support-ns.com/" }, "geometry": { "type": "Point", "coordinates": [ 139.5404916, 35.6546703 ] } },
{ "type": "Feature", "properties": { "内容": "セントケア訪問看護ステーション調布【訪問看護】東京都調布市国領町3-8-15都営くすのきアパート5号棟116号室", "url": "https://www.kaigokensaku.mhlw.go.jp/13/index.php?action_kouhyou_detail_004_kani=true&JigyosyoCd=1364290302-00&ServiceCd=130&Type=search", "url2": null }, "geometry": { "type": "Point", "coordinates": [ 139.561869827647399, 35.649196548195206 ] } },
{ "type": "Feature", "properties": { "内容": "ゆうすい会訪問看護ステーション【訪問看護】東京都調布市小島町2-38-24", "url": "https://www.kaigokensaku.mhlw.go.jp/13/index.php?action_kouhyou_detail_004_kani=true&JigyosyoCd=1364290328-00&ServiceCd=130&Type=search", "url2": "https://yusuikai‐houkan.jp" }, "geometry": { "type": "Point", "coordinates": [ 139.540082, 35.6498459 ] } },
{ "type": "Feature", "properties": { "内容": "調布市医師会訪問看護ステーション【訪問看護】東京都調布市小島町３丁目６８番９", "url": "https://www.kaigokensaku.mhlw.go.jp/13/index.php?action_kouhyou_detail_004_kani=true&JigyosyoCd=1367191471-00&ServiceCd=130&Type=search", "url2": "http://www.chofu-med.or.jp/" }, "geometry": { "type": "Point", "coordinates": [ 139.541263100000037, 35.6486704 ] } },
{ "type": "Feature", "properties": { "内容": "調布訪問看護ステーション【訪問看護】東京都調布市下石原3-42-61階", "url": "https://www.kaigokensaku.mhlw.go.jp/13/index.php?action_kouhyou_detail_004_kani=true&JigyosyoCd=1367193493-00&ServiceCd=130&Type=search", "url2": "http://www.tokokai.or.jp/" }, "geometry": { "type": "Point", "coordinates": [ 139.533596606884771, 35.6525262269503 ] } },
{ "type": "Feature", "properties": { "内容": "きらら訪問看護ステーション【訪問看護】東京都調布市深大寺元町1-25-12階", "url": "https://www.kaigokensaku.mhlw.go.jp/13/index.php?action_kouhyou_detail_004_kani=true&JigyosyoCd=1367198609-00&ServiceCd=130&Type=search", "url2": "https://www.kirara-vns.com/" }, "geometry": { "type": "Point", "coordinates": [ 139.543435239009114, 35.664462863815935 ] } },
{ "type": "Feature", "properties": { "内容": "ウィズユー訪問看護ステーション【訪問看護】東京都調布市下石原3-34-1マンション平田201", "url": "https://www.kaigokensaku.mhlw.go.jp/13/index.php?action_kouhyou_detail_004_kani=true&JigyosyoCd=1364290013-00&ServiceCd=130&Type=search", "url2": "https://wyou.jp/" }, "geometry": { "type": "Point", "coordinates": [ 139.5331079, 35.6528334 ] } },
{ "type": "Feature", "properties": { "内容": "訪問看護ステーションあんあん【訪問看護】東京都調布市富士見町4-24-41", "url": "https://www.kaigokensaku.mhlw.go.jp/13/index.php?action_kouhyou_detail_004_kani=true&JigyosyoCd=1364290245-00&ServiceCd=130&Type=search", "url2": "https://ahkjp.com/" }, "geometry": { "type": "Point", "coordinates": [ 139.536057199999988, 35.6655712 ] } },
{ "type": "Feature", "properties": { "内容": "訪問看護ステーショントータルケア調布【訪問看護】東京都調布市国領町5丁目4－17パレス調布1990A館1階", "url": "https://www.kaigokensaku.mhlw.go.jp/13/index.php?action_kouhyou_detail_004_kani=true&JigyosyoCd=1364290351-00&ServiceCd=130&Type=search", "url2": "https://lecaldo.co.jp/total-care-choufu/" }, "geometry": { "type": "Point", "coordinates": [ 139.550886, 35.6479811 ] } },
{ "type": "Feature", "properties": { "内容": "あおき訪問看護【訪問看護】東京都調布市上石原三丁目54番地の2", "url": "https://www.kaigokensaku.mhlw.go.jp/13/index.php?action_kouhyou_detail_004_kani=true&JigyosyoCd=1364290294-00&ServiceCd=130&Type=search", "url2": "http://www.aoki-hospital.jp" }, "geometry": { "type": "Point", "coordinates": [ 139.525062600000012, 35.6500421 ] } },
{ "type": "Feature", "properties": { "内容": "訪問看護ステーションかしの木【訪問看護】東京都調布市柴崎1-64-13西田医院　２階", "url": "https://www.kaigokensaku.mhlw.go.jp/13/index.php?action_kouhyou_detail_004_kani=true&JigyosyoCd=1364290336-00&ServiceCd=130&Type=search", "url2": "https://kashinoki-care.jp/" }, "geometry": { "type": "Point", "coordinates": [ 139.564837399999988, 35.6573394 ] } },
{ "type": "Feature", "properties": { "内容": "ブライト訪問看護ステーション【訪問看護】東京都調布市西つつじケ丘3丁目25番地41新井ビル2-D号室", "url": "https://www.kaigokensaku.mhlw.go.jp/13/index.php?action_kouhyou_detail_004_kani=true&JigyosyoCd=1364290369-00&ServiceCd=130&Type=search", "url2": "https://bright24.tokyo/" }, "geometry": { "type": "Point", "coordinates": [ 139.573160699999988, 35.6574973 ] } },
{ "type": "Feature", "properties": { "内容": "ブルースター調布【訪問看護】東京都調布市上石原1－25－47ドミール西調布201", "url": "https://www.kaigokensaku.mhlw.go.jp/13/index.php?action_kouhyou_detail_004_kani=true&JigyosyoCd=1364290419-00&ServiceCd=130&Type=search", "url2": "https://wellstar.jp/" }, "geometry": { "type": "Point", "coordinates": [ 139.529261900000023, 35.6576342 ] } },
{ "type": "Feature", "properties": { "内容": "ゆるり訪問看護リハビリステーション調布【訪問看護】東京都調布市国領町4-9-7小町フラワービル5F", "url": "https://www.kaigokensaku.mhlw.go.jp/13/index.php?action_kouhyou_detail_004_kani=true&JigyosyoCd=1364290427-00&ServiceCd=130&Type=search", "url2": null }, "geometry": { "type": "Point", "coordinates": [ 139.558415599999961, 35.6489642 ] } },
{ "type": "Feature", "properties": { "内容": "がじゅまる訪問看護ステーション【訪問看護】東京都調布市下石原3-47-3", "url": "https://www.kaigokensaku.mhlw.go.jp/13/index.php?action_kouhyou_detail_004_kani=true&JigyosyoCd=1364290104-00&ServiceCd=130&Type=search", "url2": "https://gajyumaru-jin.jp" }, "geometry": { "type": "Point", "coordinates": [ 139.533173955819734, 35.65051802282904 ] } },
{ "type": "Feature", "properties": { "内容": "母と子の訪問看護ステーションはぴねす【訪問看護】東京都町田市鶴間3-13-23グローバルニューシティ町田101", "url": "https://www.kaigokensaku.mhlw.go.jp/13/index.php?action_kouhyou_detail_004_kani=true&JigyosyoCd=1363290733-00&ServiceCd=130&Type=search", "url2": "https://happinessu.co.jp" }, "geometry": { "type": "Point", "coordinates": [ 139.4733967, 35.508853 ] } },
{ "type": "Feature", "properties": { "内容": "医療法人社団鶴永会　MILACOCOステーション【訪問看護】東京都町田市三輪緑山二丁目２１３３番地１", "url": "https://www.kaigokensaku.mhlw.go.jp/13/index.php?action_kouhyou_detail_004_kani=true&JigyosyoCd=1363290774-00&ServiceCd=130&Type=search", "url2": null }, "geometry": { "type": "Point", "coordinates": [ 139.4833511, 35.5712551 ] } },
{ "type": "Feature", "properties": { "内容": "看護クラーク南町田【訪問看護】東京都町田市南町田4-14-20", "url": "https://www.kaigokensaku.mhlw.go.jp/13/index.php?action_kouhyou_detail_004_kani=true&JigyosyoCd=1363290808-00&ServiceCd=130&Type=search", "url2": null }, "geometry": { "type": "Point", "coordinates": [ 139.4651714, 35.5143 ] } },
{ "type": "Feature", "properties": { "内容": "アテニティ訪問看護玉川学園【訪問看護】東京都町田市玉川学園8丁目9番地25号", "url": "https://www.kaigokensaku.mhlw.go.jp/13/index.php?action_kouhyou_detail_004_kani=true&JigyosyoCd=1363290832-00&ServiceCd=130&Type=search", "url2": "https://attenity.jp/tamagawagakuen/" }, "geometry": { "type": "Point", "coordinates": [ 139.462577399999986, 35.560056299999985 ] } },
{ "type": "Feature", "properties": { "内容": "在宅看護センターほうきぼし【訪問看護】東京都町田市南成瀬1-18-2ウィンディアM3", "url": "https://www.kaigokensaku.mhlw.go.jp/13/index.php?action_kouhyou_detail_004_kani=true&JigyosyoCd=1363290493-00&ServiceCd=130&Type=search", "url2": null }, "geometry": { "type": "Point", "coordinates": [ 139.468690900000013, 35.5382975 ] } },
{ "type": "Feature", "properties": { "内容": "FiveStar訪問看護・栄養管理Station【訪問看護】東京都町田市森野2-1-8サンコート町田303", "url": "https://www.kaigokensaku.mhlw.go.jp/13/index.php?action_kouhyou_detail_004_kani=true&JigyosyoCd=1363290568-00&ServiceCd=130&Type=search", "url2": "https://www.nsiv.net/general-6" }, "geometry": { "type": "Point", "coordinates": [ 139.438767666270451, 35.5455234379559 ] } },
{ "type": "Feature", "properties": { "内容": "ウィル訪問看護ステーション八王子【訪問看護】東京都町田市相原町796-4ドミール・ボンファー102号", "url": "https://www.kaigokensaku.mhlw.go.jp/13/index.php?action_kouhyou_detail_004_kani=true&JigyosyoCd=1363290683-00&ServiceCd=130&Type=search", "url2": "https://wyl.co.jp/" }, "geometry": { "type": "Point", "coordinates": [ 139.332916399999959, 35.6048328 ] } },
{ "type": "Feature", "properties": { "内容": "訪問看護ステーションCOCOMINA【訪問看護】東京都町田市忠生3－1－36エスポワール忠生101", "url": "https://www.kaigokensaku.mhlw.go.jp/13/index.php?action_kouhyou_detail_004_kani=true&JigyosyoCd=1363290816-00&ServiceCd=130&Type=search", "url2": "https://cocomina.jp/" }, "geometry": { "type": "Point", "coordinates": [ 139.416654400000027, 35.576341700000022 ] } },
{ "type": "Feature", "properties": { "内容": "訪問看護ステーション　りらいと【訪問看護】東京都町田市中町3－19－29ザプレース101", "url": "https://www.kaigokensaku.mhlw.go.jp/13/index.php?action_kouhyou_detail_004_kani=true&JigyosyoCd=1363290824-00&ServiceCd=130&Type=search", "url2": "https://rewrite-childns.my.canva.site" }, "geometry": { "type": "Point", "coordinates": [ 139.450552499999986, 35.5532764 ] } },
{ "type": "Feature", "properties": { "内容": "訪問看護ステーションReafまちだ【訪問看護】東京都町田市中町3丁目4-13N21ビル3-A", "url": "https://www.kaigokensaku.mhlw.go.jp/13/index.php?action_kouhyou_detail_004_kani=true&JigyosyoCd=1363290840-00&ServiceCd=130&Type=search", "url2": "https://care-rapport.jp" }, "geometry": { "type": "Point", "coordinates": [ 139.4482505, 35.5507638 ] } },
{ "type": "Feature", "properties": { "内容": "アントワーク訪問看護ステーション【訪問看護】東京都町田市相原町２０６８", "url": "https://www.kaigokensaku.mhlw.go.jp/13/index.php?action_kouhyou_detail_004_kani=true&JigyosyoCd=1363290857-00&ServiceCd=130&Type=search", "url2": null }, "geometry": { "type": "Point", "coordinates": [ 139.3231127, 35.6062721 ] } },
{ "type": "Feature", "properties": { "内容": "訪問看護ステーション　VERTEX【訪問看護】東京都町田市南大谷5丁目12番36号1階", "url": "https://www.kaigokensaku.mhlw.go.jp/13/index.php?action_kouhyou_detail_004_kani=true&JigyosyoCd=1363290865-00&ServiceCd=130&Type=search", "url2": null }, "geometry": { "type": "Point", "coordinates": [ 139.4632506, 35.5549409 ] } },
{ "type": "Feature", "properties": { "内容": "社会福祉法人賛育会訪問看護ステーション清風園【訪問看護】東京都町田市金井7丁目17番地20号", "url": "https://www.kaigokensaku.mhlw.go.jp/13/index.php?action_kouhyou_detail_004_kani=true&JigyosyoCd=1367193436-00&ServiceCd=130&Type=search", "url2": "http://www.san-ikukai.or.jp/seifu-en" }, "geometry": { "type": "Point", "coordinates": [ 139.462055243655414, 35.574202010347314 ] } },
{ "type": "Feature", "properties": { "内容": "トゥモロー訪問看護ステーション【訪問看護】東京都町田市野津田町２６８７", "url": "https://www.kaigokensaku.mhlw.go.jp/13/index.php?action_kouhyou_detail_004_kani=true&JigyosyoCd=1363290873-00&ServiceCd=130&Type=search", "url2": "https://shinmicsnishikasai.wixsite.com/shinmics2" }, "geometry": { "type": "Point", "coordinates": [ 139.4523088, 35.585496 ] } },
{ "type": "Feature", "properties": { "内容": "ばでぃ訪問看護まちだ【訪問看護】東京都町田市中町2-21-8メゾンプラザ102号", "url": "https://www.kaigokensaku.mhlw.go.jp/13/index.php?action_kouhyou_detail_004_kani=true&JigyosyoCd=1363290881-00&ServiceCd=130&Type=search", "url2": "https://pmkng.co.jp/buddy-visiting-nursing/" }, "geometry": { "type": "Point", "coordinates": [ 139.4454313, 35.5515419 ] } },
{ "type": "Feature", "properties": { "内容": "訪問看護ステーション　AMANEKU町田【訪問看護】東京都町田市大蔵町128-1モーリスビル108", "url": "https://www.kaigokensaku.mhlw.go.jp/13/index.php?action_kouhyou_detail_004_kani=true&JigyosyoCd=1363290899-00&ServiceCd=130&Type=search", "url2": null }, "geometry": { "type": "Point", "coordinates": [ 139.4743937, 35.5816175 ] } },
{ "type": "Feature", "properties": { "内容": "訪問看護ステーション　　口笛【訪問看護】東京都町田市鶴間7-3-3介護老人保健施設　オネスティ南町田内", "url": "https://www.kaigokensaku.mhlw.go.jp/13/index.php?action_kouhyou_detail_004_kani=true&JigyosyoCd=1363290113-00&ServiceCd=130&Type=search", "url2": "http://www.eisei.or.jp/" }, "geometry": { "type": "Point", "coordinates": [ 139.468487, 35.5195728 ] } },
{ "type": "Feature", "properties": { "内容": "医療法人社団慶泉会訪問看護ステーションあゆみ【訪問看護】東京都町田市南町田2-1-45SAKAEﾋﾞﾙ4F", "url": "https://www.kaigokensaku.mhlw.go.jp/13/index.php?action_kouhyou_detail_004_kani=true&JigyosyoCd=1367194129-00&ServiceCd=130&Type=search", "url2": "http://www.machida-keisen.com/" }, "geometry": { "type": "Point", "coordinates": [ 139.470772393254009, 35.52125003050466 ] } },
{ "type": "Feature", "properties": { "内容": "訪問看護ステーション合掌苑鶴間【訪問看護】東京都町田市南町田5-3-28鶴の苑", "url": "https://www.kaigokensaku.mhlw.go.jp/13/index.php?action_kouhyou_detail_004_kani=true&JigyosyoCd=1367197361-00&ServiceCd=130&Type=search", "url2": "http://www.gsen.or.jp/tsurunosato" }, "geometry": { "type": "Point", "coordinates": [ 139.474114800000052, 35.5134938 ] } },
{ "type": "Feature", "properties": { "内容": "医療法人社団幸隆会多摩丘陵病院わかば訪問看護ステーション【訪問看護】東京都町田市下小山田町1414", "url": "https://www.kaigokensaku.mhlw.go.jp/13/index.php?action_kouhyou_detail_004_kani=true&JigyosyoCd=1367198815-00&ServiceCd=130&Type=search", "url2": "http://www.tamakyuryo.or.jp" }, "geometry": { "type": "Point", "coordinates": [ 139.421301800000037, 35.6031602 ] } },
{ "type": "Feature", "properties": { "内容": "訪問看護ステーションまちだ正吉苑【訪問看護】東京都町田市成瀬8-10-1", "url": "https://www.kaigokensaku.mhlw.go.jp/13/index.php?action_kouhyou_detail_004_kani=true&JigyosyoCd=1363290097-00&ServiceCd=130&Type=search", "url2": "http://www.shoukichi.org" }, "geometry": { "type": "Point", "coordinates": [ 139.4697612, 35.54308 ] } },
{ "type": "Feature", "properties": { "内容": "町田病院訪問看護ステーション【訪問看護】東京都町田市木曽西4-12-22KISOコミュニティーベース2階", "url": "https://www.kaigokensaku.mhlw.go.jp/13/index.php?action_kouhyou_detail_004_kani=true&JigyosyoCd=1363290162-00&ServiceCd=130&Type=search", "url2": "http://machidahopital.jp/welfare-top/" }, "geometry": { "type": "Point", "coordinates": [ 139.422258305866393, 35.567191486779734 ] } },
{ "type": "Feature", "properties": { "内容": "アロハナースステーション【訪問看護】東京都町田市森野5-21-1シブヤツインビル　303", "url": "https://www.kaigokensaku.mhlw.go.jp/13/index.php?action_kouhyou_detail_004_kani=true&JigyosyoCd=1363290295-00&ServiceCd=130&Type=search", "url2": "http://ikeike-aloha.co.jp" }, "geometry": { "type": "Point", "coordinates": [ 139.4340406, 35.55014120000002 ] } },
{ "type": "Feature", "properties": { "内容": "みんなの訪問看護リハビリステーション町田【訪問看護】東京都町田市森野6-195-5横山第三ビル1階", "url": "https://www.kaigokensaku.mhlw.go.jp/13/index.php?action_kouhyou_detail_004_kani=true&JigyosyoCd=1363290352-00&ServiceCd=130&Type=search", "url2": "http://minnano-kango.jp" }, "geometry": { "type": "Point", "coordinates": [ 139.427733391991239, 35.554066814924568 ] } },
{ "type": "Feature", "properties": { "内容": "あすか訪問看護ステーション【訪問看護】東京都町田市能ヶ谷６丁目２番50号", "url": "https://www.kaigokensaku.mhlw.go.jp/13/index.php?action_kouhyou_detail_004_kani=true&JigyosyoCd=1363290535-00&ServiceCd=130&Type=search", "url2": "https://asuka-group.jp" }, "geometry": { "type": "Point", "coordinates": [ 139.4801321, 35.5887567 ] } },
{ "type": "Feature", "properties": { "内容": "指定訪問看護アットリハ根岸【訪問看護】東京都町田市根岸2-30-10", "url": "https://www.kaigokensaku.mhlw.go.jp/13/index.php?action_kouhyou_detail_004_kani=true&JigyosyoCd=1363290600-00&ServiceCd=130&Type=search", "url2": "https://reha.at-care.co.jp/lp/negishi/" }, "geometry": { "type": "Point", "coordinates": [ 139.4157025, 35.5749835 ] } },
{ "type": "Feature", "properties": { "内容": "ピース訪問看護ステーション　鶴川本部【訪問看護】東京都町田市大蔵町337-1鶴川第2工藤ビル203-B号室", "url": "https://www.kaigokensaku.mhlw.go.jp/13/index.php?action_kouhyou_detail_004_kani=true&JigyosyoCd=1363290667-00&ServiceCd=130&Type=search", "url2": "https://island-piece.jp/" }, "geometry": { "type": "Point", "coordinates": [ 139.468643214768093, 35.587494101652936 ] } },
{ "type": "Feature", "properties": { "内容": "紬ナース【訪問看護】東京都町田市相原町796-36アビラ相原南号室", "url": "https://www.kaigokensaku.mhlw.go.jp/13/index.php?action_kouhyou_detail_004_kani=true&JigyosyoCd=1363290725-00&ServiceCd=130&Type=search", "url2": "http://www.yuri.tumugi.jp" }, "geometry": { "type": "Point", "coordinates": [ 139.3327629, 35.604312600000014 ] } },
{ "type": "Feature", "properties": { "内容": "きらら訪問看護ステーション【訪問看護】東京都町田市木曽西4-35-41", "url": "https://www.kaigokensaku.mhlw.go.jp/13/index.php?action_kouhyou_detail_004_kani=true&JigyosyoCd=1367197213-00&ServiceCd=130&Type=search", "url2": "http://www.kirara-g.jp" }, "geometry": { "type": "Point", "coordinates": [ 139.421755500000017, 35.569742 ] } },
{ "type": "Feature", "properties": { "内容": "医療法人社団史世会　訪問看護ステーション旭【訪問看護】東京都町田市旭町1-17-15", "url": "https://www.kaigokensaku.mhlw.go.jp/13/index.php?action_kouhyou_detail_004_kani=true&JigyosyoCd=1363290014-00&ServiceCd=130&Type=search", "url2": null }, "geometry": { "type": "Point", "coordinates": [ 139.441679199999953, 35.5546025 ] } },
{ "type": "Feature", "properties": { "内容": "訪問看護ステーションカミヤ【訪問看護】東京都町田市つくし野3-4-8", "url": "https://www.kaigokensaku.mhlw.go.jp/13/index.php?action_kouhyou_detail_004_kani=true&JigyosyoCd=1363290360-00&ServiceCd=130&Type=search", "url2": "http://www.c-kamiya.co.jp" }, "geometry": { "type": "Point", "coordinates": [ 139.481131426319877, 35.523681152389955 ] } },
{ "type": "Feature", "properties": { "内容": "ハロー訪問看護リハビリステーション【訪問看護】東京都町田市南成瀬1-1-2プラザ成瀬3F-20号", "url": "https://www.kaigokensaku.mhlw.go.jp/13/index.php?action_kouhyou_detail_004_kani=true&JigyosyoCd=1363290170-00&ServiceCd=130&Type=search", "url2": "http://www.hello-houkan.com" }, "geometry": { "type": "Point", "coordinates": [ 139.473662038761859, 35.535296967100471 ] } },
{ "type": "Feature", "properties": { "内容": "訪問看護ステーション　悠々園【訪問看護】東京都町田市能ヶ谷3丁目2番1号リレイス鶴川501", "url": "https://www.kaigokensaku.mhlw.go.jp/13/index.php?action_kouhyou_detail_004_kani=true&JigyosyoCd=1363290212-00&ServiceCd=130&Type=search", "url2": "http://www.yuyuen.com" }, "geometry": { "type": "Point", "coordinates": [ 139.4861511, 35.5846493 ] } },
{ "type": "Feature", "properties": { "内容": "よつば訪問看護ステーション【訪問看護】東京都町田市能ヶ谷4-1-1岡田ビル2階", "url": "https://www.kaigokensaku.mhlw.go.jp/13/index.php?action_kouhyou_detail_004_kani=true&JigyosyoCd=1363290238-00&ServiceCd=130&Type=search", "url2": "http://yotsuba-kango.com/" }, "geometry": { "type": "Point", "coordinates": [ 139.484554454223115, 35.584913457276322 ] } },
{ "type": "Feature", "properties": { "内容": "訪問看護ステーションまちきた【訪問看護】東京都町田市小山町1729-1", "url": "https://www.kaigokensaku.mhlw.go.jp/13/index.php?action_kouhyou_detail_004_kani=true&JigyosyoCd=1363290279-00&ServiceCd=130&Type=search", "url2": "https://www.machikita.net" }, "geometry": { "type": "Point", "coordinates": [ 139.38194169999997, 35.5951716 ] } },
{ "type": "Feature", "properties": { "内容": "ティエル訪問看護リハビリステーション町田【訪問看護】東京都町田市成瀬が丘3-8-3", "url": "https://www.kaigokensaku.mhlw.go.jp/13/index.php?action_kouhyou_detail_004_kani=true&JigyosyoCd=1363290287-00&ServiceCd=130&Type=search", "url2": "https://wmj.co.jp/" }, "geometry": { "type": "Point", "coordinates": [ 139.469883699999968, 35.5356725 ] } },
{ "type": "Feature", "properties": { "内容": "医療法人社団幸益会　みどり訪問看護ステーション【訪問看護】東京都町田市山崎町2055-2グランハート町田医療施設B棟・C棟2階C-215", "url": "https://www.kaigokensaku.mhlw.go.jp/13/index.php?action_kouhyou_detail_004_kani=true&JigyosyoCd=1363290303-00&ServiceCd=130&Type=search", "url2": "https://kawamura-clinic.jp/midori/" }, "geometry": { "type": "Point", "coordinates": [ 139.432370599444539, 35.57117416686161 ] } },
{ "type": "Feature", "properties": { "内容": "つるかわナース【訪問看護】東京都町田市大蔵町552-1", "url": "https://www.kaigokensaku.mhlw.go.jp/13/index.php?action_kouhyou_detail_004_kani=true&JigyosyoCd=1363290311-00&ServiceCd=130&Type=search", "url2": "http://www.ekimae.life" }, "geometry": { "type": "Point", "coordinates": [ 139.46021945612199, 35.589947111361084 ] } },
{ "type": "Feature", "properties": { "内容": "シャロームまちさが訪問看護リハビリステーション【訪問看護】東京都町田市森野2-23-8", "url": "https://www.kaigokensaku.mhlw.go.jp/13/index.php?action_kouhyou_detail_004_kani=true&JigyosyoCd=1363290337-00&ServiceCd=130&Type=search", "url2": null }, "geometry": { "type": "Point", "coordinates": [ 139.439371199999982, 35.5505723 ] } },
{ "type": "Feature", "properties": { "内容": "在宅療養支援ステーション楓の風　町田【訪問看護】東京都町田市成瀬が丘2-23-5S・Nビル402号室", "url": "https://www.kaigokensaku.mhlw.go.jp/13/index.php?action_kouhyou_detail_004_kani=true&JigyosyoCd=1363290345-00&ServiceCd=130&Type=search", "url2": "kaede-homenursing.co.jp" }, "geometry": { "type": "Point", "coordinates": [ 139.472150969836434, 35.53534790380332 ] } },
{ "type": "Feature", "properties": { "内容": "ウィレッジ訪問看護リハビリステーション【訪問看護】東京都町田市根岸2-1-2OTMビル４F", "url": "https://www.kaigokensaku.mhlw.go.jp/13/index.php?action_kouhyou_detail_004_kani=true&JigyosyoCd=1363290410-00&ServiceCd=130&Type=search", "url2": "http://willage.jp/" }, "geometry": { "type": "Point", "coordinates": [ 139.414361365081731, 35.572753211331673 ] } },
{ "type": "Feature", "properties": { "内容": "敬愛クリニック訪問看護ステーション【訪問看護】東京都町田市忠生4-5-10ウエルストンアネックス2階", "url": "https://www.kaigokensaku.mhlw.go.jp/13/index.php?action_kouhyou_detail_004_kani=true&JigyosyoCd=1363290501-00&ServiceCd=130&Type=search", "url2": null }, "geometry": { "type": "Point", "coordinates": [ 139.4108057, 35.5803912 ] } },
{ "type": "Feature", "properties": { "内容": "まちだ丘の上病院　訪問看護リハビリステーション　ヨリドコ【訪問看護】東京都町田市小野路町892-1ヨリドコ小野路宿", "url": "https://www.kaigokensaku.mhlw.go.jp/13/index.php?action_kouhyou_detail_004_kani=true&JigyosyoCd=1363290543-00&ServiceCd=130&Type=search", "url2": "https://yoridoko.com/houkan" }, "geometry": { "type": "Point", "coordinates": [ 139.438123499999989, 35.5987246 ] } },
{ "type": "Feature", "properties": { "内容": "訪問看護ステーション　つむぎ【訪問看護】東京都町田市木曽東3-3-1木曽中原店舗2-3F", "url": "https://www.kaigokensaku.mhlw.go.jp/13/index.php?action_kouhyou_detail_004_kani=true&JigyosyoCd=1363290550-00&ServiceCd=130&Type=search", "url2": "http://st-tsumugi.jp" }, "geometry": { "type": "Point", "coordinates": [ 139.426873890543391, 35.560303954251765 ] } },
{ "type": "Feature", "properties": { "内容": "YC町田訪問看護リハビリステーション【訪問看護】東京都町田市木曽東3-8-223F", "url": "https://www.kaigokensaku.mhlw.go.jp/13/index.php?action_kouhyou_detail_004_kani=true&JigyosyoCd=1363290592-00&ServiceCd=130&Type=search", "url2": "https://www.yc-machida-nurse-reha.net" }, "geometry": { "type": "Point", "coordinates": [ 139.4279162, 35.5619801 ] } },
{ "type": "Feature", "properties": { "内容": "ゆうあ訪問看護ステーション【訪問看護】東京都町田市成瀬四丁目1番21号NKハイツII105号", "url": "https://www.kaigokensaku.mhlw.go.jp/13/index.php?action_kouhyou_detail_004_kani=true&JigyosyoCd=1363290618-00&ServiceCd=130&Type=search", "url2": "https://yuuahoukan.com" }, "geometry": { "type": "Point", "coordinates": [ 139.4742051, 35.5442168 ] } },
{ "type": "Feature", "properties": { "内容": "リーフ訪問看護リハビリステーション【訪問看護】東京都町田市木曽東1-34-5MRⅡビル202", "url": "https://www.kaigokensaku.mhlw.go.jp/13/index.php?action_kouhyou_detail_004_kani=true&JigyosyoCd=1363290634-00&ServiceCd=130&Type=search", "url2": null }, "geometry": { "type": "Point", "coordinates": [ 139.4262328, 35.5570201 ] } },
{ "type": "Feature", "properties": { "内容": "リハラボ訪問看護リハビリステーション町田【訪問看護】東京都町田市金森東1-11-45", "url": "https://www.kaigokensaku.mhlw.go.jp/13/index.php?action_kouhyou_detail_004_kani=true&JigyosyoCd=1363290642-00&ServiceCd=130&Type=search", "url2": "https://rehalabo.co.jp" }, "geometry": { "type": "Point", "coordinates": [ 139.458427699999987, 35.5349432 ] } },
{ "type": "Feature", "properties": { "内容": "ZERO訪問看護ステーション【訪問看護】東京都町田市小山町749‐3", "url": "https://www.kaigokensaku.mhlw.go.jp/13/index.php?action_kouhyou_detail_004_kani=true&JigyosyoCd=1363290709-00&ServiceCd=130&Type=search", "url2": "http://hp.kaipoke.biz/r6u/166861/base_0007.html" }, "geometry": { "type": "Point", "coordinates": [ 139.3829021, 35.5912975 ] } },
{ "type": "Feature", "properties": { "内容": "おかもと訪問看護ステーション町田【訪問看護】東京都町田市つくし野1-22-38つくし野テラスハウス3号棟2号室", "url": "https://www.kaigokensaku.mhlw.go.jp/13/index.php?action_kouhyou_detail_004_kani=true&JigyosyoCd=1363290741-00&ServiceCd=130&Type=search", "url2": "http://okamoto-hns.com" }, "geometry": { "type": "Point", "coordinates": [ 139.4841261, 35.5288424 ] } },
{ "type": "Feature", "properties": { "内容": "ゆら訪問看護リハビリステーション【訪問看護】東京都町田市大蔵町132-1シャルム森103", "url": "https://www.kaigokensaku.mhlw.go.jp/13/index.php?action_kouhyou_detail_004_kani=true&JigyosyoCd=1363290766-00&ServiceCd=130&Type=search", "url2": "https://yura-houkan.bitter.jp/wordpress/" }, "geometry": { "type": "Point", "coordinates": [ 139.4741242, 35.5817821 ] } },
{ "type": "Feature", "properties": { "内容": "いきいきよつば訪問看護ステーション　町田【訪問看護】東京都町田市木曽西1-1-18境川インペリアルビル2階", "url": "https://www.kaigokensaku.mhlw.go.jp/13/index.php?action_kouhyou_detail_004_kani=true&JigyosyoCd=1363290782-00&ServiceCd=130&Type=search", "url2": null }, "geometry": { "type": "Point", "coordinates": [ 139.4214628, 35.562361 ] } },
{ "type": "Feature", "properties": { "内容": "医療法人社団　三医会　訪問看護ステーション　鶴川ひまわり【訪問看護】東京都町田市三輪町1059-1鶴川記念病院内", "url": "https://www.kaigokensaku.mhlw.go.jp/13/index.php?action_kouhyou_detail_004_kani=true&JigyosyoCd=1367193808-00&ServiceCd=130&Type=search", "url2": "http://www.tsurukawakinen.or.jp/visit-nurse/" }, "geometry": { "type": "Point", "coordinates": [ 139.4965975, 35.5722764 ] } },
{ "type": "Feature", "properties": { "内容": "南町田訪問看護ステーション　ペンギン【訪問看護】東京都町田市鶴間四丁目５番８号", "url": "https://www.kaigokensaku.mhlw.go.jp/13/index.php?action_kouhyou_detail_004_kani=true&JigyosyoCd=1363290030-00&ServiceCd=130&Type=search", "url2": "http://mmhp.jp" }, "geometry": { "type": "Point", "coordinates": [ 139.470996682278383, 35.507453168725434 ] } },
{ "type": "Feature", "properties": { "内容": "はる訪問看護ステーション【訪問看護】東京都町田市小山町1026番地－１コーポチェリオ105", "url": "https://www.kaigokensaku.mhlw.go.jp/13/index.php?action_kouhyou_detail_004_kani=true&JigyosyoCd=1363290469-00&ServiceCd=130&Type=search", "url2": "https://harunursing.com" }, "geometry": { "type": "Point", "coordinates": [ 139.3785835, 35.5935482 ] } },
{ "type": "Feature", "properties": { "内容": "看護クラーク町田相原【訪問看護】東京都町田市相原町1242-3", "url": "https://www.kaigokensaku.mhlw.go.jp/13/index.php?action_kouhyou_detail_004_kani=true&JigyosyoCd=1363290717-00&ServiceCd=130&Type=search", "url2": "https://cuc-hospice.com/" }, "geometry": { "type": "Point", "coordinates": [ 139.3297651, 35.604368199999989 ] } },
{ "type": "Feature", "properties": { "内容": "おはなぽっぽホームナーシング＆リハビリテーション【訪問看護】東京都町田市薬師台1-25-12薬師台メディカルテラス", "url": "https://www.kaigokensaku.mhlw.go.jp/13/index.php?action_kouhyou_detail_004_kani=true&JigyosyoCd=1363290790-00&ServiceCd=130&Type=search", "url2": "https://taidaikai.com/" }, "geometry": { "type": "Point", "coordinates": [ 139.454902299999986, 35.5776958 ] } },
{ "type": "Feature", "properties": { "内容": "ジャスミン訪問看護ステーション【訪問看護】東京都町田市成瀬が丘2-22-8さがみやビル101", "url": "https://www.kaigokensaku.mhlw.go.jp/13/index.php?action_kouhyou_detail_004_kani=true&JigyosyoCd=1367199094-00&ServiceCd=130&Type=search", "url2": null }, "geometry": { "type": "Point", "coordinates": [ 139.472086461238035, 35.53491583740076 ] } },
{ "type": "Feature", "properties": { "内容": "ヒューマンライフ町田木曾ホスピスホーム【訪問看護】東京都町田木曾西4-12-15", "url": "https://www.kaigokensaku.mhlw.go.jp/13/index.php?action_kouhyou_detail_004_kani=true&JigyosyoCd=1363290907-00&ServiceCd=130&Type=search", "url2": "https://human-lifecare.jp/" }, "geometry": { "type": "Point", "coordinates": [ 139.2988694, 35.6279281 ] } },
{ "type": "Feature", "properties": { "内容": "ルースト町田【訪問看護】東京都町田市森野4－14－8トラッド森野102", "url": "https://www.kaigokensaku.mhlw.go.jp/13/index.php?action_kouhyou_detail_004_kani=true&JigyosyoCd=1363290915-00&ServiceCd=130&Type=search", "url2": "https://office-roost.jp/" }, "geometry": { "type": "Point", "coordinates": [ 139.4331066, 35.5556411 ] } },
{ "type": "Feature", "properties": { "内容": "ビーケア訪問看護リハビリステーション【訪問看護】東京都町田市南町田５丁目2-1南町田５丁目ビル2階", "url": "https://www.kaigokensaku.mhlw.go.jp/13/index.php?action_kouhyou_detail_004_kani=true&JigyosyoCd=1363290246-00&ServiceCd=130&Type=search", "url2": "http://www.bee-care.jp/" }, "geometry": { "type": "Point", "coordinates": [ 139.474213125095218, 35.51409379804975 ] } },
{ "type": "Feature", "properties": { "内容": "訪問看護あい羽【訪問看護】東京都町田市図師町570-111", "url": "https://www.kaigokensaku.mhlw.go.jp/13/index.php?action_kouhyou_detail_004_kani=true&JigyosyoCd=1363290063-00&ServiceCd=130&Type=search", "url2": "http://www.homonkangoiha.jp/" }, "geometry": { "type": "Point", "coordinates": [ 139.41861658788298, 35.5814173099889 ] } },
{ "type": "Feature", "properties": { "内容": "バンビナース訪問看護ステーション【訪問看護】東京都町田市南大谷4-41-22アーバンハイムⅡ203", "url": "https://www.kaigokensaku.mhlw.go.jp/13/index.php?action_kouhyou_detail_004_kani=true&JigyosyoCd=1363290923-00&ServiceCd=130&Type=search", "url2": "https://slink2025.com/" }, "geometry": { "type": "Point", "coordinates": [ 139.4594936, 35.5540292 ] } },
{ "type": "Feature", "properties": { "内容": "訪問看護ファミリー・ホスピス成瀬【訪問看護】東京都町田市金森東4－1－36", "url": "https://www.kaigokensaku.mhlw.go.jp/13/index.php?action_kouhyou_detail_004_kani=true&JigyosyoCd=1363290402-00&ServiceCd=130&Type=search", "url2": null }, "geometry": { "type": "Point", "coordinates": [ 139.464059099999986, 35.5282548 ] } },
{ "type": "Feature", "properties": { "内容": "ふれあい町田ホスピタル　訪問看護事業部【訪問看護】東京都町田市小山ヶ丘1-3-8ふれあい町田ホスピタル　外来", "url": "https://www.kaigokensaku.mhlw.go.jp/13/index.php?action_kouhyou_detail_004_kani=true&JigyosyoCd=1313270857-00&ServiceCd=130&Type=search", "url2": null }, "geometry": { "type": "Point", "coordinates": [ 139.383055399999989, 35.5979573 ] } },
{ "type": "Feature", "properties": { "内容": "訪問看護ステーション　ウェルビー町田相原【訪問看護】東京都町田市相原町1204-1", "url": "https://www.kaigokensaku.mhlw.go.jp/13/index.php?action_kouhyou_detail_004_kani=true&JigyosyoCd=1363290949-00&ServiceCd=130&Type=search", "url2": "http://welbe-nursing.co.jp" }, "geometry": { "type": "Point", "coordinates": [ 139.330029200000013, 35.6058699 ] } },
{ "type": "Feature", "properties": { "内容": "医心館訪問看護ステーション東小金井【訪問看護】東京都小金井市緑町1-1-20", "url": "https://www.kaigokensaku.mhlw.go.jp/13/index.php?action_kouhyou_detail_004_kani=true&JigyosyoCd=1364190163-00&ServiceCd=130&Type=search", "url2": null }, "geometry": { "type": "Point", "coordinates": [ 139.5215715, 35.7022845 ] } },
{ "type": "Feature", "properties": { "内容": "えいる訪問看護ステーション【訪問看護】東京都小金井市前原町４−２１−１２キャロットホームズ１ー１０１", "url": "https://www.kaigokensaku.mhlw.go.jp/13/index.php?action_kouhyou_detail_004_kani=true&JigyosyoCd=1364190031-00&ServiceCd=130&Type=search", "url2": "https://www.aile-gr.com/" }, "geometry": { "type": "Point", "coordinates": [ 139.504331243593242, 35.692196316104543 ] } },
{ "type": "Feature", "properties": { "内容": "ひがこ訪問看護ステーション【訪問看護】東京都小金井市緑町2-4-1サンロイヤル小金井102", "url": "https://www.kaigokensaku.mhlw.go.jp/13/index.php?action_kouhyou_detail_004_kani=true&JigyosyoCd=1364190098-00&ServiceCd=130&Type=search", "url2": "https://alpha-standard.com/" }, "geometry": { "type": "Point", "coordinates": [ 139.5185003699753, 35.705052092562156 ] } },
{ "type": "Feature", "properties": { "内容": "スターク訪問看護ステーション小金井【訪問看護】東京都小金井市本町1-8-6竹松ビル1階", "url": "https://www.kaigokensaku.mhlw.go.jp/13/index.php?action_kouhyou_detail_004_kani=true&JigyosyoCd=1364190106-00&ServiceCd=130&Type=search", "url2": "https://star-q.jp/" }, "geometry": { "type": "Point", "coordinates": [ 139.5068321, 35.6992722 ] } },
{ "type": "Feature", "properties": { "内容": "WLIFE訪問看護センター【訪問看護】東京都小金井市本町5₋18-5第55東京ビル3階", "url": "https://www.kaigokensaku.mhlw.go.jp/13/index.php?action_kouhyou_detail_004_kani=true&JigyosyoCd=1364190130-00&ServiceCd=130&Type=search", "url2": "http://hp.kaipoke.biz/pat/" }, "geometry": { "type": "Point", "coordinates": [ 139.506176477821299, 35.702140552348546 ] } },
{ "type": "Feature", "properties": { "内容": "訪問看護ステーションべすと【訪問看護】東京都小金井市桜町2-12-32セレーサ小金井　102", "url": "https://www.kaigokensaku.mhlw.go.jp/13/index.php?action_kouhyou_detail_004_kani=true&JigyosyoCd=1364190015-00&ServiceCd=130&Type=search", "url2": "https://www.grandlife-inc.com/" }, "geometry": { "type": "Point", "coordinates": [ 139.504824668764513, 35.712249589568664 ] } },
{ "type": "Feature", "properties": { "内容": "ソフィアメディ訪問看護ステーション小金井【訪問看護】東京都小金井市本町1-4-10", "url": "https://www.kaigokensaku.mhlw.go.jp/13/index.php?action_kouhyou_detail_004_kani=true&JigyosyoCd=1364190114-00&ServiceCd=130&Type=search", "url2": "https://www.sophiamedi.co.jp/" }, "geometry": { "type": "Point", "coordinates": [ 139.50915, 35.6986443 ] } },
{ "type": "Feature", "properties": { "内容": "訪問看護ステーション　トータルケア武蔵小金井【訪問看護】東京都小金井市本町2－14－13菱和パレス武蔵小金井1階A号室", "url": "https://www.kaigokensaku.mhlw.go.jp/13/index.php?action_kouhyou_detail_004_kani=true&JigyosyoCd=1364190155-00&ServiceCd=130&Type=search", "url2": "https://lecaldo.co.jp/total-care-musashikoganei/" }, "geometry": { "type": "Point", "coordinates": [ 139.5112718, 35.7054035 ] } },
{ "type": "Feature", "properties": { "内容": "むさしの救急訪問看護ステーション【訪問看護】東京都小平市小川東町１丁目２３番１０号むさしの救急病院管理棟２階", "url": "https://www.kaigokensaku.mhlw.go.jp/13/index.php?action_kouhyou_detail_004_kani=true&JigyosyoCd=1364390292-00&ServiceCd=130&Type=search", "url2": null }, "geometry": { "type": "Point", "coordinates": [ 139.465270900000036, 35.737805299999984 ] } },
{ "type": "Feature", "properties": { "内容": "訪問看護ステーション珊【訪問看護】東京都小平市津田町1-7-9Peppy　Dwell　1階", "url": "https://www.kaigokensaku.mhlw.go.jp/13/index.php?action_kouhyou_detail_004_kani=true&JigyosyoCd=1362790105-00&ServiceCd=130&Type=search", "url2": "en-group.cp.jp" }, "geometry": { "type": "Point", "coordinates": [ 139.463009199999988, 35.7256309 ] } },
{ "type": "Feature", "properties": { "内容": "社会福祉法人　黎明会　みなみだい訪問看護ステーション【訪問看護】東京都小平市小川町一丁目485番地", "url": "https://www.kaigokensaku.mhlw.go.jp/13/index.php?action_kouhyou_detail_004_kani=true&JigyosyoCd=1367193584-00&ServiceCd=130&Type=search", "url2": "https://www.reimeikai1945.jp/pages/51/" }, "geometry": { "type": "Point", "coordinates": [ 139.440335549073779, 35.728021960901501 ] } },
{ "type": "Feature", "properties": { "内容": "きらめき訪問看護リハビリステーション　小平事務所【訪問看護】東京都小平市美園町1-32-11ロータリーハイム小平1F", "url": "https://www.kaigokensaku.mhlw.go.jp/13/index.php?action_kouhyou_detail_004_kani=true&JigyosyoCd=1364390318-00&ServiceCd=130&Type=search", "url2": "https://kiramekihoukan-recruit.com/" }, "geometry": { "type": "Point", "coordinates": [ 139.4896435, 35.7362498 ] } },
{ "type": "Feature", "properties": { "内容": "訪問ステーション　てとてと小平【訪問看護】東京都小平市小川西町2-35-1整育園通所センター1階", "url": "https://www.kaigokensaku.mhlw.go.jp/13/index.php?action_kouhyou_detail_004_kani=true&JigyosyoCd=1364390268-00&ServiceCd=130&Type=search", "url2": "https://tetote.to/office/kodaira/" }, "geometry": { "type": "Point", "coordinates": [ 139.46051568650816, 35.737012764803488 ] } },
{ "type": "Feature", "properties": { "内容": "かなで　ケアステーション【訪問看護】東京都小平市仲町182-3", "url": "https://www.kaigokensaku.mhlw.go.jp/13/index.php?action_kouhyou_detail_004_kani=true&JigyosyoCd=1364390169-00&ServiceCd=130&Type=search", "url2": "http://www.kanadecare.com" }, "geometry": { "type": "Point", "coordinates": [ 139.486216539650826, 35.730907281644164 ] } },
{ "type": "Feature", "properties": { "内容": "ケアタウン小平訪問看護ステーション【訪問看護】東京都小平市御幸町131番5号", "url": "https://www.kaigokensaku.mhlw.go.jp/13/index.php?action_kouhyou_detail_004_kani=true&JigyosyoCd=1367198112-00&ServiceCd=130&Type=search", "url2": "http://www.caretownkodaira.net/npo/" }, "geometry": { "type": "Point", "coordinates": [ 139.502854599999978, 35.7153436 ] } },
{ "type": "Feature", "properties": { "内容": "あい訪問看護ステーション【訪問看護】東京都小平市小川西町5-22-12", "url": "https://www.kaigokensaku.mhlw.go.jp/13/index.php?action_kouhyou_detail_004_kani=true&JigyosyoCd=1364390045-00&ServiceCd=130&Type=search", "url2": "http://www.ainoki.or.jp/" }, "geometry": { "type": "Point", "coordinates": [ 139.458494193254097, 35.734394563427841 ] } },
{ "type": "Feature", "properties": { "内容": "訪問看護ステーション　にじゅうまる【訪問看護】東京都小平市小川西町4-14-28ﾍﾞﾙｳﾞｨﾙﾓｱ202", "url": "https://www.kaigokensaku.mhlw.go.jp/13/index.php?action_kouhyou_detail_004_kani=true&JigyosyoCd=1364390060-00&ServiceCd=130&Type=search", "url2": null }, "geometry": { "type": "Point", "coordinates": [ 139.46260212873932, 35.735813543991767 ] } },
{ "type": "Feature", "properties": { "内容": "いつもそばに。訪問看護ステーション【訪問看護】東京都小平市学園西町1-22-27第二村石ビル　1F", "url": "https://www.kaigokensaku.mhlw.go.jp/13/index.php?action_kouhyou_detail_004_kani=true&JigyosyoCd=1364390086-00&ServiceCd=130&Type=search", "url2": "http://tetome.net/" }, "geometry": { "type": "Point", "coordinates": [ 139.479164699999956, 35.7201951 ] } },
{ "type": "Feature", "properties": { "内容": "きくばり【訪問看護】東京都小平市小川東町5-15-1", "url": "https://www.kaigokensaku.mhlw.go.jp/13/index.php?action_kouhyou_detail_004_kani=true&JigyosyoCd=1364390185-00&ServiceCd=130&Type=search", "url2": null }, "geometry": { "type": "Point", "coordinates": [ 139.471350336497835, 35.733187271157398 ] } },
{ "type": "Feature", "properties": { "内容": "訪問看護かえりえ小平【訪問看護】東京都小平市小川町2-2048-2ヴィラモラーレ202", "url": "https://www.kaigokensaku.mhlw.go.jp/13/index.php?action_kouhyou_detail_004_kani=true&JigyosyoCd=1364390201-00&ServiceCd=130&Type=search", "url2": null }, "geometry": { "type": "Point", "coordinates": [ 139.465861728172342, 35.730272337615418 ] } },
{ "type": "Feature", "properties": { "内容": "訪問看護リハビリステーション　ファミリア【訪問看護】東京都小平市天神町2-16-20ガーデンアイル105号室", "url": "https://www.kaigokensaku.mhlw.go.jp/13/index.php?action_kouhyou_detail_004_kani=true&JigyosyoCd=1364390219-00&ServiceCd=130&Type=search", "url2": "https://houkan-familia.net/" }, "geometry": { "type": "Point", "coordinates": [ 139.4950034, 35.7308848 ] } },
{ "type": "Feature", "properties": { "内容": "訪問看護ステーションココパレ【訪問看護】東京都小平市学園西町1-20-18第二中村ビル３F号室", "url": "https://www.kaigokensaku.mhlw.go.jp/13/index.php?action_kouhyou_detail_004_kani=true&JigyosyoCd=1364390235-00&ServiceCd=130&Type=search", "url2": "https://cocopale.co.jp" }, "geometry": { "type": "Point", "coordinates": [ 139.4800699, 35.7211935 ] } },
{ "type": "Feature", "properties": { "内容": "マザース国分寺【訪問看護】東京都小平市南上水町1-14-6", "url": "https://www.kaigokensaku.mhlw.go.jp/13/index.php?action_kouhyou_detail_004_kani=true&JigyosyoCd=1364390250-00&ServiceCd=130&Type=search", "url2": null }, "geometry": { "type": "Point", "coordinates": [ 139.481931800000012, 35.7131994 ] } },
{ "type": "Feature", "properties": { "内容": "さいと訪問看護ステーション【訪問看護】東京都小平市美園町1-4-11清川ビル302", "url": "https://www.kaigokensaku.mhlw.go.jp/13/index.php?action_kouhyou_detail_004_kani=true&JigyosyoCd=1367192214-00&ServiceCd=130&Type=search", "url2": "http://www.saito.coop" }, "geometry": { "type": "Point", "coordinates": [ 139.486939925097431, 35.737044656721906 ] } },
{ "type": "Feature", "properties": { "内容": "一般社団法人小平市医師会訪問看護ステーション【訪問看護】東京都小平市学園西町3-24-13", "url": "https://www.kaigokensaku.mhlw.go.jp/13/index.php?action_kouhyou_detail_004_kani=true&JigyosyoCd=1367193790-00&ServiceCd=130&Type=search", "url2": "http://www.kodaira-med.or.jp" }, "geometry": { "type": "Point", "coordinates": [ 139.477009450540208, 35.727139537245407 ] } },
{ "type": "Feature", "properties": { "内容": "医療法人社団武蔵野会　一橋病院訪問看護ステーション【訪問看護】東京都小平市学園西町1-18-10セドナ一橋101", "url": "https://www.kaigokensaku.mhlw.go.jp/13/index.php?action_kouhyou_detail_004_kani=true&JigyosyoCd=1367193923-00&ServiceCd=130&Type=search", "url2": "https://hitotsubashi.tmg-houmonkango.jp/" }, "geometry": { "type": "Point", "coordinates": [ 139.480000799999971, 35.718512 ] } },
{ "type": "Feature", "properties": { "内容": "SOU訪問看護ステーション　くれよん【訪問看護】東京都小平市小川町2丁目1346コーポアライ1階", "url": "https://www.kaigokensaku.mhlw.go.jp/13/index.php?action_kouhyou_detail_004_kani=true&JigyosyoCd=1367197627-00&ServiceCd=130&Type=search", "url2": "http://www.service.sou-seniorcare.co.jp" }, "geometry": { "type": "Point", "coordinates": [ 139.478098463351472, 35.72801675877168 ] } },
{ "type": "Feature", "properties": { "内容": "ITフォレストこだいら訪問看護ステーション【訪問看護】東京都小平市小川東町5-7-10", "url": "https://www.kaigokensaku.mhlw.go.jp/13/index.php?action_kouhyou_detail_004_kani=true&JigyosyoCd=1364390227-00&ServiceCd=130&Type=search", "url2": "https://itatsuku.co.jp/it-forest/" }, "geometry": { "type": "Point", "coordinates": [ 139.468204944180286, 35.734047270102721 ] } },
{ "type": "Feature", "properties": { "内容": "スタート訪問看護ステーション【訪問看護】東京都小平市美園町3-30-14モラドグリシーヌ1F", "url": "https://www.kaigokensaku.mhlw.go.jp/13/index.php?action_kouhyou_detail_004_kani=true&JigyosyoCd=1364390300-00&ServiceCd=130&Type=search", "url2": "https://soeljp.com/" }, "geometry": { "type": "Point", "coordinates": [ 139.4929040652477, 35.741317069937331 ] } },
{ "type": "Feature", "properties": { "内容": "とうわ訪問看護ステーション【訪問看護】東京都小平市小川東町五丁目２番２７号Ｋ＆Ｉ小川東２０１号", "url": "https://www.kaigokensaku.mhlw.go.jp/13/index.php?action_kouhyou_detail_004_kani=true&JigyosyoCd=1364390243-00&ServiceCd=130&Type=search", "url2": "https://towamed.co.jp" }, "geometry": { "type": "Point", "coordinates": [ 139.466425300000026, 35.733366800000034 ] } },
{ "type": "Feature", "properties": { "内容": "アミカ一橋学園訪問看護ステーション【訪問看護】東京都小平市学園東町3-7-28", "url": "https://www.kaigokensaku.mhlw.go.jp/13/index.php?action_kouhyou_detail_004_kani=true&JigyosyoCd=1364390284-00&ServiceCd=130&Type=search", "url2": null }, "geometry": { "type": "Point", "coordinates": [ 139.4914752, 35.7253255 ] } },
{ "type": "Feature", "properties": { "内容": "訪問看護リハビリセンターしょうた【訪問看護】東京都小平市小川町1-404-2ハビテ小平105", "url": "https://www.kaigokensaku.mhlw.go.jp/13/index.php?action_kouhyou_detail_004_kani=true&JigyosyoCd=1364390276-00&ServiceCd=130&Type=search", "url2": "https://jinba39.com" }, "geometry": { "type": "Point", "coordinates": [ 139.435063500000012, 35.7307534 ] } },
{ "type": "Feature", "properties": { "内容": "訪問看護ステーションasone【訪問看護】東京都小平市小川東町4-6-17関口ビル101号室２階", "url": "https://www.kaigokensaku.mhlw.go.jp/13/index.php?action_kouhyou_detail_004_kani=true&JigyosyoCd=1363190107-00&ServiceCd=130&Type=search", "url2": null }, "geometry": { "type": "Point", "coordinates": [ 139.4768205, 35.7352662 ] } },
{ "type": "Feature", "properties": { "内容": "訪問看護リベル　小平【訪問看護】東京都小平市学園東町二丁目4番15-1号", "url": "https://www.kaigokensaku.mhlw.go.jp/13/index.php?action_kouhyou_detail_004_kani=true&JigyosyoCd=1364390326-00&ServiceCd=130&Type=search", "url2": null }, "geometry": { "type": "Point", "coordinates": [ 139.4842902, 35.7229294 ] } },
{ "type": "Feature", "properties": { "内容": "SOU訪問看護ステーション日野【訪問看護】東京都日野市南平3丁目16-261階201号室", "url": "https://www.kaigokensaku.mhlw.go.jp/13/index.php?action_kouhyou_detail_004_kani=true&JigyosyoCd=1363590223-00&ServiceCd=130&Type=search", "url2": "https://www.service.sou-seniorcare.co.jp/" }, "geometry": { "type": "Point", "coordinates": [ 139.4038075, 35.66141 ] } },
{ "type": "Feature", "properties": { "内容": "ここえみ精神科訪問看護ステーション【訪問看護】東京都日野市多摩平1-5-12タカラ豊田ホームズ108", "url": "https://www.kaigokensaku.mhlw.go.jp/13/index.php?action_kouhyou_detail_004_kani=true&JigyosyoCd=1363590215-00&ServiceCd=130&Type=search", "url2": "https://kokoemi-kango.jp/" }, "geometry": { "type": "Point", "coordinates": [ 139.379056483432407, 35.663012564669927 ] } },
{ "type": "Feature", "properties": { "内容": "ラピオンナースステーション【訪問看護】東京都日野市南平7-2-14", "url": "https://www.kaigokensaku.mhlw.go.jp/13/index.php?action_kouhyou_detail_004_kani=true&JigyosyoCd=1363590017-00&ServiceCd=130&Type=search", "url2": "http://www.lapion-jp.com/nurse-station/" }, "geometry": { "type": "Point", "coordinates": [ 139.395156400000019, 35.655781 ] } },
{ "type": "Feature", "properties": { "内容": "訪問看護　オアシス【訪問看護】東京都日野市多摩平6-32-8野村ビル", "url": "https://www.kaigokensaku.mhlw.go.jp/13/index.php?action_kouhyou_detail_004_kani=true&JigyosyoCd=1363590041-00&ServiceCd=130&Type=search", "url2": "http://www.ns-oasis.com/" }, "geometry": { "type": "Point", "coordinates": [ 139.384447919712784, 35.669732444193244 ] } },
{ "type": "Feature", "properties": { "内容": "訪問看護かえりえ日野南平【訪問看護】東京都日野市南平4-41-3レモンズコープ2階", "url": "https://www.kaigokensaku.mhlw.go.jp/13/index.php?action_kouhyou_detail_004_kani=true&JigyosyoCd=1363590033-00&ServiceCd=130&Type=search", "url2": "http://www.yasashiite.com/subdomains/section/312/" }, "geometry": { "type": "Point", "coordinates": [ 139.398069985844359, 35.658331761850008 ] } },
{ "type": "Feature", "properties": { "内容": "イマレ訪問看護リハビリステーション【訪問看護】東京都日野市豊田4-37-12グランシェール豊田405", "url": "https://www.kaigokensaku.mhlw.go.jp/13/index.php?action_kouhyou_detail_004_kani=true&JigyosyoCd=1363590066-00&ServiceCd=130&Type=search", "url2": "https://www.imare.co.jp" }, "geometry": { "type": "Point", "coordinates": [ 139.38337219999994, 35.6602385 ] } },
{ "type": "Feature", "properties": { "内容": "サード・ケア・ステーション【訪問看護】東京都日野市栄町1-30-1藤栄マンション203", "url": "https://www.kaigokensaku.mhlw.go.jp/13/index.php?action_kouhyou_detail_004_kani=true&JigyosyoCd=1363590090-00&ServiceCd=130&Type=search", "url2": "http://www.3rdcast.com/" }, "geometry": { "type": "Point", "coordinates": [ 139.393737099999953, 35.6803227 ] } },
{ "type": "Feature", "properties": { "内容": "ひだまりの丘訪問看護ステーション【訪問看護】東京都日野市西平山2-1-5ｳｴｽﾄﾊｲﾃﾞﾝｽⅡ201", "url": "https://www.kaigokensaku.mhlw.go.jp/13/index.php?action_kouhyou_detail_004_kani=true&JigyosyoCd=1363590157-00&ServiceCd=130&Type=search", "url2": null }, "geometry": { "type": "Point", "coordinates": [ 139.374550922645568, 35.645958182809245 ] } },
{ "type": "Feature", "properties": { "内容": "CONCIERGE訪問看護ステーション【訪問看護】東京都日野市高幡17-4ミネギシビル3階", "url": "https://www.kaigokensaku.mhlw.go.jp/13/index.php?action_kouhyou_detail_004_kani=true&JigyosyoCd=1363590181-00&ServiceCd=130&Type=search", "url2": null }, "geometry": { "type": "Point", "coordinates": [ 139.412579078204942, 35.661835385115737 ] } },
{ "type": "Feature", "properties": { "内容": "日野市医師会訪問看護ステーション【訪問看護】東京都日野市多摩平3丁目1番地12日野市医師会館4階", "url": "https://www.kaigokensaku.mhlw.go.jp/13/index.php?action_kouhyou_detail_004_kani=true&JigyosyoCd=1367191596-00&ServiceCd=130&Type=search", "url2": "http://hino-med.or.jp/visit/index.html" }, "geometry": { "type": "Point", "coordinates": [ 139.377215538053861, 35.665597802362058 ] } },
{ "type": "Feature", "properties": { "内容": "訪問看護ステーションもみの木【訪問看護】東京都日野市高幡1012-1下田ビル201", "url": "https://www.kaigokensaku.mhlw.go.jp/13/index.php?action_kouhyou_detail_004_kani=true&JigyosyoCd=1363590108-00&ServiceCd=130&Type=search", "url2": "https://www.houmonkango-mominoki.net" }, "geometry": { "type": "Point", "coordinates": [ 139.414791499999978, 35.6619307 ] } },
{ "type": "Feature", "properties": { "内容": "スマイル訪問看護ステーション【訪問看護】東京都日野市南平6-12-31レジデンス南平2号201", "url": "https://www.kaigokensaku.mhlw.go.jp/13/index.php?action_kouhyou_detail_004_kani=true&JigyosyoCd=1363590199-00&ServiceCd=130&Type=search", "url2": "https://nursing-smile.jp/" }, "geometry": { "type": "Point", "coordinates": [ 139.393596635582014, 35.656958628362318 ] } },
{ "type": "Feature", "properties": { "内容": "健生会ひのだい訪問看護ステーション【訪問看護】東京都日野市日野台4-4-8斉藤ビル２階", "url": "https://www.kaigokensaku.mhlw.go.jp/13/index.php?action_kouhyou_detail_004_kani=true&JigyosyoCd=1367192495-00&ServiceCd=130&Type=search", "url2": "http://www.tachisou-houkan.com/station/hinodai.html" }, "geometry": { "type": "Point", "coordinates": [ 139.3757501, 35.6708706 ] } },
{ "type": "Feature", "properties": { "内容": "国際看護ステーション【訪問看護】東京都日野市旭が丘5-6-20ジュネパレス旭が丘1階", "url": "https://www.kaigokensaku.mhlw.go.jp/13/index.php?action_kouhyou_detail_004_kani=true&JigyosyoCd=1367198898-00&ServiceCd=130&Type=search", "url2": "http://www.kokusaikango.tokyo" }, "geometry": { "type": "Point", "coordinates": [ 139.364628591401697, 35.659095918178608 ] } },
{ "type": "Feature", "properties": { "内容": "訪問看護ステーションけいと【訪問看護】東京都日野市多摩平1−14黒部ビル301", "url": "https://www.kaigokensaku.mhlw.go.jp/13/index.php?action_kouhyou_detail_004_kani=true&JigyosyoCd=1363590256-00&ServiceCd=130&Type=search", "url2": "https://www.houkan-keito.com/" }, "geometry": { "type": "Point", "coordinates": [ 139.375923137572812, 35.662142961430021 ] } },
{ "type": "Feature", "properties": { "内容": "訪問看護ステーション　レインボーリーフ【訪問看護】東京都日野市南平3-15-7ダイヤマンション201", "url": "https://www.kaigokensaku.mhlw.go.jp/13/index.php?action_kouhyou_detail_004_kani=true&JigyosyoCd=1363590025-00&ServiceCd=130&Type=search", "url2": "https://www.rainbow-leaf.co.jp" }, "geometry": { "type": "Point", "coordinates": [ 139.402727213491886, 35.660840286925534 ] } },
{ "type": "Feature", "properties": { "内容": "訪問看護ステーションあーる　多摩平事業所【訪問看護】東京都日野市多摩平4-1-4明光プラザ102", "url": "https://www.kaigokensaku.mhlw.go.jp/13/index.php?action_kouhyou_detail_004_kani=true&JigyosyoCd=1363590207-00&ServiceCd=130&Type=search", "url2": "https://r-yotsuba.com/" }, "geometry": { "type": "Point", "coordinates": [ 139.379091287409068, 35.664263442798863 ] } },
{ "type": "Feature", "properties": { "内容": "碧訪問看護ステーション【訪問看護】東京都日野市平山4-6-15オレンジハイツ103号室", "url": "https://www.kaigokensaku.mhlw.go.jp/13/index.php?action_kouhyou_detail_004_kani=true&JigyosyoCd=1363590264-00&ServiceCd=130&Type=search", "url2": "https://ao-houkan.my.canva.site/hp" }, "geometry": { "type": "Point", "coordinates": [ 139.387096, 35.6494494 ] } },
{ "type": "Feature", "properties": { "内容": "訪問看護ステーションTETOTE【訪問看護】東京都東村山市野口町1-2-10アートフル野口101", "url": "https://www.kaigokensaku.mhlw.go.jp/13/index.php?action_kouhyou_detail_004_kani=true&JigyosyoCd=1362790220-00&ServiceCd=130&Type=search", "url2": "https://tetote-kango.com" }, "geometry": { "type": "Point", "coordinates": [ 139.465727500000014, 35.7624312 ] } },
{ "type": "Feature", "properties": { "内容": "Onestep訪問看護リハビリステーション東村山【訪問看護】東京都東村山市野口町3-8-2", "url": "https://www.kaigokensaku.mhlw.go.jp/13/index.php?action_kouhyou_detail_004_kani=true&JigyosyoCd=1362790246-00&ServiceCd=130&Type=search", "url2": "https://onestep-kango.com/" }, "geometry": { "type": "Point", "coordinates": [ 139.456028300000042, 35.7611941 ] } },
{ "type": "Feature", "properties": { "内容": "訪問看護ステーションあらいん【訪問看護】東京都東村山市野口町1-16-26", "url": "https://www.kaigokensaku.mhlw.go.jp/13/index.php?action_kouhyou_detail_004_kani=true&JigyosyoCd=1362790253-00&ServiceCd=130&Type=search", "url2": "https://alignnurse.jp/" }, "geometry": { "type": "Point", "coordinates": [ 139.4644961, 35.761169700000018 ] } },
{ "type": "Feature", "properties": { "内容": "みつば訪問看護ステーション秋津【訪問看護】東京都東村山市秋津町5-15-7101号室", "url": "https://www.kaigokensaku.mhlw.go.jp/13/index.php?action_kouhyou_detail_004_kani=true&JigyosyoCd=1362790261-00&ServiceCd=130&Type=search", "url2": null }, "geometry": { "type": "Point", "coordinates": [ 139.493069100000014, 35.776719100000015 ] } },
{ "type": "Feature", "properties": { "内容": "東京白十字訪問看護ステーション【訪問看護】東京都東村山市諏訪町２－２６－１", "url": "https://www.kaigokensaku.mhlw.go.jp/13/index.php?action_kouhyou_detail_004_kani=true&JigyosyoCd=1367191505-00&ServiceCd=130&Type=search", "url2": "http://www.hakujujikai.or.jp" }, "geometry": { "type": "Point", "coordinates": [ 139.463777223942543, 35.771861733024771 ] } },
{ "type": "Feature", "properties": { "内容": "新山手訪問看護ステーション【訪問看護】東京都東村山市諏訪町３－６－１", "url": "https://www.kaigokensaku.mhlw.go.jp/13/index.php?action_kouhyou_detail_004_kani=true&JigyosyoCd=1362790121-00&ServiceCd=130&Type=search", "url2": "http://shinyamanote-nsstation.net/" }, "geometry": { "type": "Point", "coordinates": [ 139.461953200000039, 35.7708756 ] } },
{ "type": "Feature", "properties": { "内容": "訪問看護ステーションはぎやま【訪問看護】東京都東村山市本町４丁目７番地１４", "url": "https://www.kaigokensaku.mhlw.go.jp/13/index.php?action_kouhyou_detail_004_kani=true&JigyosyoCd=1367192230-00&ServiceCd=130&Type=search", "url2": "https://aiyukai-group.or.jp/hagiyama/" }, "geometry": { "type": "Point", "coordinates": [ 139.469370797839758, 35.754906052269334 ] } },
{ "type": "Feature", "properties": { "内容": "ウィズケア訪問看護リハビリステーション【訪問看護】東京都東村山市久米川町4-42-4", "url": "https://www.kaigokensaku.mhlw.go.jp/13/index.php?action_kouhyou_detail_004_kani=true&JigyosyoCd=1362790048-00&ServiceCd=130&Type=search", "url2": "http://www.withcare-medical.com/" }, "geometry": { "type": "Point", "coordinates": [ 139.4701542, 35.7659581 ] } },
{ "type": "Feature", "properties": { "内容": "みのり地域看護ステーション【訪問看護】東京都東村山市久米川町4-14-112", "url": "https://www.kaigokensaku.mhlw.go.jp/13/index.php?action_kouhyou_detail_004_kani=true&JigyosyoCd=1367197809-00&ServiceCd=130&Type=search", "url2": "http://www.kk-seishin.jp" }, "geometry": { "type": "Point", "coordinates": [ 139.470547900000042, 35.7625388 ] } },
{ "type": "Feature", "properties": { "内容": "訪問看護ステーション　ここね【訪問看護】東京都東村山市本町4-1-82F", "url": "https://www.kaigokensaku.mhlw.go.jp/13/index.php?action_kouhyou_detail_004_kani=true&JigyosyoCd=1362790014-00&ServiceCd=130&Type=search", "url2": "http://www.kango-kokone.com" }, "geometry": { "type": "Point", "coordinates": [ 139.4696947, 35.7525387 ] } },
{ "type": "Feature", "properties": { "内容": "さんふらわぁ訪問看護リハビリステーション【訪問看護】東京都東村山市美住町2-3-13ベルシオン・ミスミ401号室", "url": "https://www.kaigokensaku.mhlw.go.jp/13/index.php?action_kouhyou_detail_004_kani=true&JigyosyoCd=1362790113-00&ServiceCd=130&Type=search", "url2": "https://www.sunflower-home-nurse.jp/" }, "geometry": { "type": "Point", "coordinates": [ 139.465069695106536, 35.753576741134523 ] } },
{ "type": "Feature", "properties": { "内容": "HOALOHA　nurse　station【訪問看護】東京都東村山市栄町3-16-50荒川ビル1階", "url": "https://www.kaigokensaku.mhlw.go.jp/13/index.php?action_kouhyou_detail_004_kani=true&JigyosyoCd=1362790196-00&ServiceCd=130&Type=search", "url2": "https://hoaloha-ns.jimdofree.com/" }, "geometry": { "type": "Point", "coordinates": [ 139.467721191330298, 35.746080434581046 ] } },
{ "type": "Feature", "properties": { "内容": "訪問看護ステーションひまわり【訪問看護】東京都東村山市栄町2-8-3KKビル3F", "url": "https://www.kaigokensaku.mhlw.go.jp/13/index.php?action_kouhyou_detail_004_kani=true&JigyosyoCd=1362790238-00&ServiceCd=130&Type=search", "url2": "https://gurakunomori.com/himawari/" }, "geometry": { "type": "Point", "coordinates": [ 139.472273799999982, 35.7493392 ] } },
{ "type": "Feature", "properties": { "内容": "訪問看護ステーションそら【訪問看護】東京都東村山市恩多町1-25-27101", "url": "https://www.kaigokensaku.mhlw.go.jp/13/index.php?action_kouhyou_detail_004_kani=true&JigyosyoCd=1362790212-00&ServiceCd=130&Type=search", "url2": "https://home-sora.com/" }, "geometry": { "type": "Point", "coordinates": [ 139.4919563, 35.753965299999983 ] } },
{ "type": "Feature", "properties": { "内容": "Halo訪問看護ステーション【訪問看護】東京都東久留米市前沢4-8-9グランドール滝山105", "url": "https://www.kaigokensaku.mhlw.go.jp/13/index.php?action_kouhyou_detail_004_kani=true&JigyosyoCd=1364890150-00&ServiceCd=130&Type=search", "url2": "https://halo-houkan.com/" }, "geometry": { "type": "Point", "coordinates": [ 139.5122079, 35.7430987 ] } },
{ "type": "Feature", "properties": { "内容": "訪問看護ステーションはるぞら【訪問看護】東京都東村山市美住町一丁目12番地５プレジオMC103号室", "url": "https://www.kaigokensaku.mhlw.go.jp/13/index.php?action_kouhyou_detail_004_kani=true&JigyosyoCd=1362790279-00&ServiceCd=130&Type=search", "url2": "https://haruzora-home-nurse.hp.peraichi.com/" }, "geometry": { "type": "Point", "coordinates": [ 139.4613891, 35.7481064 ] } },
{ "type": "Feature", "properties": { "内容": "訪問看護　サンケアネット【訪問看護】東京都東村山市秋津町2丁目31-18KタウンA棟1号室", "url": "https://www.kaigokensaku.mhlw.go.jp/13/index.php?action_kouhyou_detail_004_kani=true&JigyosyoCd=1362790055-00&ServiceCd=130&Type=search", "url2": "https://sankeanet.com/" }, "geometry": { "type": "Point", "coordinates": [ 139.490964500000018, 35.7703404 ] } },
{ "type": "Feature", "properties": { "内容": "医療法人社団エフエムテイ　さつき訪問看護ステーション【訪問看護】東京都国分寺市西町3-14-7サコージュ国分寺1F", "url": "https://www.kaigokensaku.mhlw.go.jp/13/index.php?action_kouhyou_detail_004_kani=true&JigyosyoCd=1363190156-00&ServiceCd=130&Type=search", "url2": null }, "geometry": { "type": "Point", "coordinates": [ 139.4359173, 35.7097074 ] } },
{ "type": "Feature", "properties": { "内容": "訪問看護ステーションあんさんぶる【訪問看護】東京都国分寺市本町3-7-23第3小柳コーポ　108", "url": "https://www.kaigokensaku.mhlw.go.jp/13/index.php?action_kouhyou_detail_004_kani=true&JigyosyoCd=1363190164-00&ServiceCd=130&Type=search", "url2": null }, "geometry": { "type": "Point", "coordinates": [ 139.4796218, 35.7029727 ] } },
{ "type": "Feature", "properties": { "内容": "むさし国分寺訪問看護ステーション【訪問看護】東京都国分寺市西恋ヶ窪2-25-1101", "url": "https://www.kaigokensaku.mhlw.go.jp/13/index.php?action_kouhyou_detail_004_kani=true&JigyosyoCd=1363190123-00&ServiceCd=130&Type=search", "url2": "http://musakoku.com/" }, "geometry": { "type": "Point", "coordinates": [ 139.4627696, 35.7004692 ] } },
{ "type": "Feature", "properties": { "内容": "猫の手訪問看護ステーション【訪問看護】東京都国分寺市西恋ヶ窪1-43-3第二立石荘　105号室", "url": "https://www.kaigokensaku.mhlw.go.jp/13/index.php?action_kouhyou_detail_004_kani=true&JigyosyoCd=1363190206-00&ServiceCd=130&Type=search", "url2": null }, "geometry": { "type": "Point", "coordinates": [ 139.467294069311549, 35.703240712357385 ] } },
{ "type": "Feature", "properties": { "内容": "訪問看護ステーションありのまま【訪問看護】東京都国分寺市並木町２－１１－５", "url": "https://www.kaigokensaku.mhlw.go.jp/13/index.php?action_kouhyou_detail_004_kani=true&JigyosyoCd=1363190214-00&ServiceCd=130&Type=search", "url2": null }, "geometry": { "type": "Point", "coordinates": [ 139.453730299999989, 35.7165568 ] } },
{ "type": "Feature", "properties": { "内容": "ファインケア訪問看護ステーション国分寺【訪問看護】東京都国分寺市北町1-1-9リシェス北町　105号室", "url": "https://www.kaigokensaku.mhlw.go.jp/13/index.php?action_kouhyou_detail_004_kani=true&JigyosyoCd=1363190099-00&ServiceCd=130&Type=search", "url2": "http://www.finecare.co.jp" }, "geometry": { "type": "Point", "coordinates": [ 139.4607657, 35.717638399999977 ] } },
{ "type": "Feature", "properties": { "内容": "ピースウェル訪問看護リハビリステーション【訪問看護】東京都国分寺市東元町1-23-8椙本ハイツ101", "url": "https://www.kaigokensaku.mhlw.go.jp/13/index.php?action_kouhyou_detail_004_kani=true&JigyosyoCd=1364190171-00&ServiceCd=130&Type=search", "url2": "https://peacewell.jp/" }, "geometry": { "type": "Point", "coordinates": [ 139.4861531, 35.694505499999984 ] } },
{ "type": "Feature", "properties": { "内容": "ふくらすずめ訪問看護ステーション【訪問看護】東京都国分寺市日吉町1-38-2アメニティコウヤマ第6ガーデン106", "url": "https://www.kaigokensaku.mhlw.go.jp/13/index.php?action_kouhyou_detail_004_kani=true&JigyosyoCd=1363190222-00&ServiceCd=130&Type=search", "url2": null }, "geometry": { "type": "Point", "coordinates": [ 139.4582695, 35.7011511 ] } },
{ "type": "Feature", "properties": { "内容": "浴光訪問看護ステーション【訪問看護】東京都国分寺市東恋ヶ窪3-28-15浴光ShineZ寮3階", "url": "https://www.kaigokensaku.mhlw.go.jp/13/index.php?action_kouhyou_detail_004_kani=true&JigyosyoCd=1363190016-00&ServiceCd=130&Type=search", "url2": "https://houkan.yokukou.net/" }, "geometry": { "type": "Point", "coordinates": [ 139.470765723558941, 35.706886012433266 ] } },
{ "type": "Feature", "properties": { "内容": "さわやか訪問看護リハビリステーション【訪問看護】東京都国分寺市西恋ヶ窪3-26-11カーサシンエイ　１階", "url": "https://www.kaigokensaku.mhlw.go.jp/13/index.php?action_kouhyou_detail_004_kani=true&JigyosyoCd=1363190040-00&ServiceCd=130&Type=search", "url2": "https://sawayaka-kango.com/" }, "geometry": { "type": "Point", "coordinates": [ 139.464196899999934, 35.7045938 ] } },
{ "type": "Feature", "properties": { "内容": "訪問ナース　ふく【訪問看護】東京都国分寺市本町２－２２－２第一鴨下ビル２０７号", "url": "https://www.kaigokensaku.mhlw.go.jp/13/index.php?action_kouhyou_detail_004_kani=true&JigyosyoCd=1363190057-00&ServiceCd=130&Type=search", "url2": "https://lhx13.linkclub.jp/nurse.hoodoo.co.jp/index.html" }, "geometry": { "type": "Point", "coordinates": [ 139.4818543, 35.7026168 ] } },
{ "type": "Feature", "properties": { "内容": "よつば訪問看護ステーション【訪問看護】東京都国分寺市日吉町1丁目31番3号カルタス88　303号", "url": "https://www.kaigokensaku.mhlw.go.jp/13/index.php?action_kouhyou_detail_004_kani=true&JigyosyoCd=1363190065-00&ServiceCd=130&Type=search", "url2": "http://yotsuba-hns.jp/" }, "geometry": { "type": "Point", "coordinates": [ 139.458367412966965, 35.703476998950926 ] } },
{ "type": "Feature", "properties": { "内容": "SOU訪問看護ステーション国分寺【訪問看護】東京都国分寺市西恋ケ窪2丁目9番4号", "url": "https://www.kaigokensaku.mhlw.go.jp/13/index.php?action_kouhyou_detail_004_kani=true&JigyosyoCd=1363190115-00&ServiceCd=130&Type=search", "url2": "https://www.sou-seniorcare.co.jp" }, "geometry": { "type": "Point", "coordinates": [ 139.463528200000013, 35.6999119 ] } },
{ "type": "Feature", "properties": { "内容": "国分寺市医師会訪問看護ステーション【訪問看護】東京都国分寺市泉町2-3-8いずみプラザ", "url": "https://www.kaigokensaku.mhlw.go.jp/13/index.php?action_kouhyou_detail_004_kani=true&JigyosyoCd=1367191042-00&ServiceCd=130&Type=search", "url2": "http://www.kokubunji-med.or.jp/" }, "geometry": { "type": "Point", "coordinates": [ 139.468849800000044, 35.6964477 ] } },
{ "type": "Feature", "properties": { "内容": "健生会日吉町訪問看護ステーション【訪問看護】東京都国分寺市日吉町1-45-1アメニティコウヤマ第2ガーデン305", "url": "https://www.kaigokensaku.mhlw.go.jp/13/index.php?action_kouhyou_detail_004_kani=true&JigyosyoCd=1367194434-00&ServiceCd=130&Type=search", "url2": "http://www.tachisou-houkan.com/station/hiyoshi.html" }, "geometry": { "type": "Point", "coordinates": [ 139.457228100000066, 35.7009579 ] } },
{ "type": "Feature", "properties": { "内容": "訪問看護ステーションさくらんぼ【訪問看護】東京都国分寺市戸倉1-12-49", "url": "https://www.kaigokensaku.mhlw.go.jp/13/index.php?action_kouhyou_detail_004_kani=true&JigyosyoCd=1367197262-00&ServiceCd=130&Type=search", "url2": "http://www.hk-sakuranbo.com" }, "geometry": { "type": "Point", "coordinates": [ 139.461466739286863, 35.71184781746247 ] } },
{ "type": "Feature", "properties": { "内容": "リーベル訪問看護ステーション【訪問看護】東京都国分寺市西元町2-17-142階", "url": "https://www.kaigokensaku.mhlw.go.jp/13/index.php?action_kouhyou_detail_004_kani=true&JigyosyoCd=1363190131-00&ServiceCd=130&Type=search", "url2": "https://b2h.tokyo/libre-nursing/" }, "geometry": { "type": "Point", "coordinates": [ 139.4689603, 35.6958316 ] } },
{ "type": "Feature", "properties": { "内容": "グッドタイム訪問看護ステーション・国分寺【訪問看護】東京都国分寺市東戸倉2-8-7", "url": "https://www.kaigokensaku.mhlw.go.jp/13/index.php?action_kouhyou_detail_004_kani=true&JigyosyoCd=1363190149-00&ServiceCd=130&Type=search", "url2": null }, "geometry": { "type": "Point", "coordinates": [ 139.4646108, 35.7118013 ] } },
{ "type": "Feature", "properties": { "内容": "アプロ訪問看護ステーション国分寺支店【訪問看護】東京都国分寺市日吉町4-23-9", "url": "https://www.kaigokensaku.mhlw.go.jp/13/index.php?action_kouhyou_detail_004_kani=true&JigyosyoCd=1363190172-00&ServiceCd=130&Type=search", "url2": "https://apro.wweb.jp/" }, "geometry": { "type": "Point", "coordinates": [ 139.461303222090152, 35.707191011925687 ] } },
{ "type": "Feature", "properties": { "内容": "ラウンド＆ケア訪問看護ステーション国分寺【訪問看護】東京都国分寺市日吉町4-17-23エントピア西国分寺1階", "url": "https://www.kaigokensaku.mhlw.go.jp/13/index.php?action_kouhyou_detail_004_kani=true&JigyosyoCd=1363190248-00&ServiceCd=130&Type=search", "url2": "https://www.eclasia.co.jp/" }, "geometry": { "type": "Point", "coordinates": [ 139.4610714, 35.7040696 ] } },
{ "type": "Feature", "properties": { "内容": "訪問看護ステーションめぐみ【訪問看護】東京都国分寺市東恋ヶ窪6丁目10番地20号102", "url": "https://www.kaigokensaku.mhlw.go.jp/13/index.php?action_kouhyou_detail_004_kani=true&JigyosyoCd=1363190255-00&ServiceCd=130&Type=search", "url2": null }, "geometry": { "type": "Point", "coordinates": [ 139.4701182, 35.712813 ] } },
{ "type": "Feature", "properties": { "内容": "ソフィアメディ訪問看護ステーション国分寺【訪問看護】東京都国分寺市東戸倉2-10-20ヒルズガーデン恋ヶ窪　501号室", "url": "https://www.kaigokensaku.mhlw.go.jp/13/index.php?action_kouhyou_detail_004_kani=true&JigyosyoCd=1363190230-00&ServiceCd=130&Type=search", "url2": "https://www.sophiamedi.co.jp/" }, "geometry": { "type": "Point", "coordinates": [ 139.4646079, 35.7114503 ] } },
{ "type": "Feature", "properties": { "内容": "訪問看護ステーション　国立メディカルケア【訪問看護】東京都国立市中1-9-43くにたちさくらビル4階", "url": "https://www.kaigokensaku.mhlw.go.jp/13/index.php?action_kouhyou_detail_004_kani=true&JigyosyoCd=1367196728-00&ServiceCd=130&Type=search", "url2": "http://medicaldream.co.jp/" }, "geometry": { "type": "Point", "coordinates": [ 139.446389705232576, 35.697784764198673 ] } },
{ "type": "Feature", "properties": { "内容": "長久保病院　訪問看護ステーション【訪問看護】東京都国立市谷保6907-1", "url": "https://www.kaigokensaku.mhlw.go.jp/13/index.php?action_kouhyou_detail_004_kani=true&JigyosyoCd=1313470044-00&ServiceCd=130&Type=search", "url2": "http://www.nagakubo-hospital.org" }, "geometry": { "type": "Point", "coordinates": [ 139.4321587, 35.6837907 ] } },
{ "type": "Feature", "properties": { "内容": "訪問看護ステーション音【訪問看護】東京都国立市富士見台1-25-17", "url": "https://www.kaigokensaku.mhlw.go.jp/13/index.php?action_kouhyou_detail_004_kani=true&JigyosyoCd=1363490093-00&ServiceCd=130&Type=search", "url2": "http://en-group.co.jp/" }, "geometry": { "type": "Point", "coordinates": [ 139.450196399999982, 35.6822739 ] } },
{ "type": "Feature", "properties": { "内容": "訪問看護ステーションにじ【訪問看護】東京都国立市西2-19-6第4村上ビル・343", "url": "https://www.kaigokensaku.mhlw.go.jp/13/index.php?action_kouhyou_detail_004_kani=true&JigyosyoCd=1363490127-00&ServiceCd=130&Type=search", "url2": "https://www.tsugino-arata.com/" }, "geometry": { "type": "Point", "coordinates": [ 139.435202900000036, 35.6932687 ] } },
{ "type": "Feature", "properties": { "内容": "セコム国立訪問看護ステーション【訪問看護】東京都国立市中1-11-48プレセア国立102", "url": "https://www.kaigokensaku.mhlw.go.jp/13/index.php?action_kouhyou_detail_004_kani=true&JigyosyoCd=1367195688-00&ServiceCd=130&Type=search", "url2": "http://medical.secom.co.jp/" }, "geometry": { "type": "Point", "coordinates": [ 139.443578388360606, 35.697844896324526 ] } },
{ "type": "Feature", "properties": { "内容": "訪問看護ほっとステーション【訪問看護】東京都国立市谷保4-27-32", "url": "https://www.kaigokensaku.mhlw.go.jp/13/index.php?action_kouhyou_detail_004_kani=true&JigyosyoCd=1367198716-00&ServiceCd=130&Type=search", "url2": "http://www.nurse-hot.jp" }, "geometry": { "type": "Point", "coordinates": [ 139.450257530688503, 35.676012354010112 ] } },
{ "type": "Feature", "properties": { "内容": "医療法人社団つくし会訪問看護ステーション【訪問看護】東京都国立市富士見台4-10-1", "url": "https://www.kaigokensaku.mhlw.go.jp/13/index.php?action_kouhyou_detail_004_kani=true&JigyosyoCd=1363490036-00&ServiceCd=130&Type=search", "url2": "http://www.nitta-clinic.or.jp" }, "geometry": { "type": "Point", "coordinates": [ 139.431882399999949, 35.6857847 ] } },
{ "type": "Feature", "properties": { "内容": "セントケア訪問看護ステーション国立【訪問看護】東京都国立市富士見台3-15-6アリエスビル1F", "url": "https://www.kaigokensaku.mhlw.go.jp/13/index.php?action_kouhyou_detail_004_kani=true&JigyosyoCd=1363490150-00&ServiceCd=130&Type=search", "url2": null }, "geometry": { "type": "Point", "coordinates": [ 139.436307, 35.6866382 ] } },
{ "type": "Feature", "properties": { "内容": "ポレポレ訪問看護ステーション【訪問看護】東京都国立市富士見台1-17-29アップスタイル501号室", "url": "https://www.kaigokensaku.mhlw.go.jp/13/index.php?action_kouhyou_detail_004_kani=true&JigyosyoCd=1363490143-00&ServiceCd=130&Type=search", "url2": "https://polepoleya.com/" }, "geometry": { "type": "Point", "coordinates": [ 139.448069511045077, 35.681287133615044 ] } },
{ "type": "Feature", "properties": { "内容": "国立駅前訪問看護ｽﾃｰｼｮﾝ【訪問看護】北1-7-1ｸﾚｯｾﾝﾄ国立ﾃﾞｨｱﾅﾌﾟﾚｲｽ125B", "url": "https://www.kaigokensaku.mhlw.go.jp/13/index.php?action_kouhyou_detail_004_kani=true&JigyosyoCd=1363490168-00&ServiceCd=130&Type=search", "url2": null }, "geometry": { "type": "Point", "coordinates": [ 139.4457664, 35.6996162 ] } },
{ "type": "Feature", "properties": { "内容": "医療法人社団　葵会　熊川病院【訪問看護】東京都福生市熊川154熊川病院", "url": "https://www.kaigokensaku.mhlw.go.jp/13/index.php?action_kouhyou_detail_004_kani=true&JigyosyoCd=1314470068-00&ServiceCd=130&Type=search", "url2": "http://ｗｗｗ.aoikai.jp" }, "geometry": { "type": "Point", "coordinates": [ 139.334978, 35.7155549 ] } },
{ "type": "Feature", "properties": { "内容": "訪問看護ステーション　ユースフル東京【訪問看護】東京都福生市志茂209-1", "url": "https://www.kaigokensaku.mhlw.go.jp/13/index.php?action_kouhyou_detail_004_kani=true&JigyosyoCd=1364490126-00&ServiceCd=130&Type=search", "url2": null }, "geometry": { "type": "Point", "coordinates": [ 139.32731, 35.738013 ] } },
{ "type": "Feature", "properties": { "内容": "ユーアイビラ訪問看護ステーション【訪問看護】東京都福生市南田園1-10-3", "url": "https://www.kaigokensaku.mhlw.go.jp/13/index.php?action_kouhyou_detail_004_kani=true&JigyosyoCd=1367196306-00&ServiceCd=130&Type=search", "url2": "https://www.zenjinkai-group.jp/eishinkai/care_center/yuai_villa/" }, "geometry": { "type": "Point", "coordinates": [ 139.33170210000003, 35.7228442 ] } },
{ "type": "Feature", "properties": { "内容": "つぼみ訪問看護ステーション【訪問看護】東京都福生市大字熊川205番地", "url": "https://www.kaigokensaku.mhlw.go.jp/13/index.php?action_kouhyou_detail_004_kani=true&JigyosyoCd=1364490076-00&ServiceCd=130&Type=search", "url2": "https://tubomi-kango-care.jimdofree.com" }, "geometry": { "type": "Point", "coordinates": [ 139.336144677909829, 35.716532332716831 ] } },
{ "type": "Feature", "properties": { "内容": "福生訪問看護ステーションこころ【訪問看護】東京都福生市本町53番地1F", "url": "https://www.kaigokensaku.mhlw.go.jp/13/index.php?action_kouhyou_detail_004_kani=true&JigyosyoCd=1364490068-00&ServiceCd=130&Type=search", "url2": "http://fussahoukankokoro.wordpress.com" }, "geometry": { "type": "Point", "coordinates": [ 139.328414826983618, 35.7412474 ] } },
{ "type": "Feature", "properties": { "内容": "訪問看護ステーション　オハナ【訪問看護】東京都福生市福生1716-1", "url": "https://www.kaigokensaku.mhlw.go.jp/13/index.php?action_kouhyou_detail_004_kani=true&JigyosyoCd=1364490100-00&ServiceCd=130&Type=search", "url2": "http://www.na-setsubi.co.jp/ohana/index.html" }, "geometry": { "type": "Point", "coordinates": [ 139.3190368, 35.7480751 ] } },
{ "type": "Feature", "properties": { "内容": "ひだまりの樹ナースステーション【訪問看護】東京都福生市熊川448-8第二野島ハイツ201", "url": "https://www.kaigokensaku.mhlw.go.jp/13/index.php?action_kouhyou_detail_004_kani=true&JigyosyoCd=1364490118-00&ServiceCd=130&Type=search", "url2": "https://hidamarinoki-ns.com/" }, "geometry": { "type": "Point", "coordinates": [ 139.340392400000013, 35.7223881 ] } },
{ "type": "Feature", "properties": { "内容": "訪問看護ステーションこまめ【訪問看護】東京都狛江市中和泉２丁目１２番１１号", "url": "https://www.kaigokensaku.mhlw.go.jp/13/index.php?action_kouhyou_detail_004_kani=true&JigyosyoCd=1364590065-00&ServiceCd=130&Type=search", "url2": "https://kunel-tokyo.com" }, "geometry": { "type": "Point", "coordinates": [ 139.571766658283792, 35.638800024810472 ] } },
{ "type": "Feature", "properties": { "内容": "狛江メモリクリニック【訪問看護】東京都狛江市岩戸南3-27-14エムロード102", "url": "https://www.kaigokensaku.mhlw.go.jp/13/index.php?action_kouhyou_detail_004_kani=true&JigyosyoCd=1314521258-00&ServiceCd=130&Type=search", "url2": null }, "geometry": { "type": "Point", "coordinates": [ 139.5938064, 35.6268059 ] } },
{ "type": "Feature", "properties": { "内容": "訪問看護ステーションこまえ正吉苑【訪問看護】東京都狛江市西野川2－27－23", "url": "https://www.kaigokensaku.mhlw.go.jp/13/index.php?action_kouhyou_detail_004_kani=true&JigyosyoCd=1367194400-00&ServiceCd=130&Type=search", "url2": "http://www.shoukichi.org" }, "geometry": { "type": "Point", "coordinates": [ 139.574040599999989, 35.645471 ] } },
{ "type": "Feature", "properties": { "内容": "あまね訪問看護ステーション【訪問看護】東京都狛江市中和泉2-11-1中和泉第一マンション102", "url": "https://www.kaigokensaku.mhlw.go.jp/13/index.php?action_kouhyou_detail_004_kani=true&JigyosyoCd=1364590032-00&ServiceCd=130&Type=search", "url2": "https://amanekai-homemedical.com/homevisitnursing/" }, "geometry": { "type": "Point", "coordinates": [ 139.572269200000022, 35.6392151 ] } },
{ "type": "Feature", "properties": { "内容": "狛江市医師会訪問看護ステーション【訪問看護】東京都狛江市元和泉２－３５－１あいとぴあセンター内", "url": "https://www.kaigokensaku.mhlw.go.jp/13/index.php?action_kouhyou_detail_004_kani=true&JigyosyoCd=1367192701-00&ServiceCd=130&Type=search", "url2": "http://www.komae-hokan.com" }, "geometry": { "type": "Point", "coordinates": [ 139.567778399999952, 35.6333007 ] } },
{ "type": "Feature", "properties": { "内容": "えん訪問看護リハビリステーション【訪問看護】東京都狛江市中和泉3-24-31", "url": "https://www.kaigokensaku.mhlw.go.jp/13/index.php?action_kouhyou_detail_004_kani=true&JigyosyoCd=1364590024-00&ServiceCd=130&Type=search", "url2": "http://future-plus-alpha.com/" }, "geometry": { "type": "Point", "coordinates": [ 139.571049208686532, 35.634069476280438 ] } },
{ "type": "Feature", "properties": { "内容": "ニコット訪問看護ステーション【訪問看護】東京都東大和市向原6-1201-118鎌正第一ビル102", "url": "https://www.kaigokensaku.mhlw.go.jp/13/index.php?action_kouhyou_detail_004_kani=true&JigyosyoCd=1364690113-00&ServiceCd=130&Type=search", "url2": null }, "geometry": { "type": "Point", "coordinates": [ 139.436513, 35.7348196 ] } },
{ "type": "Feature", "properties": { "内容": "東大和訪問看護ステーション【訪問看護】東京都東大和市南街2-49-3在宅サポートセンター", "url": "https://www.kaigokensaku.mhlw.go.jp/13/index.php?action_kouhyou_detail_004_kani=true&JigyosyoCd=1367192958-00&ServiceCd=130&Type=search", "url2": "http://www.yamatokai.or.jp" }, "geometry": { "type": "Point", "coordinates": [ 139.431574312966859, 35.740178084603343 ] } },
{ "type": "Feature", "properties": { "内容": "訪問看護ステーション・青い空【訪問看護】東京都東大和市仲原3-13-24", "url": "https://www.kaigokensaku.mhlw.go.jp/13/index.php?action_kouhyou_detail_004_kani=true&JigyosyoCd=1364690014-00&ServiceCd=130&Type=search", "url2": "http://www012.upp.so-net.ne.jp/houmon-aoisora/" }, "geometry": { "type": "Point", "coordinates": [ 139.438066620762555, 35.744162649944755 ] } },
{ "type": "Feature", "properties": { "内容": "医療法人社団もかほ会　ビッグライフ訪問看護ステーション東大和【訪問看護】東京都東大和市清原1-1213-7", "url": "https://www.kaigokensaku.mhlw.go.jp/13/index.php?action_kouhyou_detail_004_kani=true&JigyosyoCd=1364690121-00&ServiceCd=130&Type=search", "url2": null }, "geometry": { "type": "Point", "coordinates": [ 139.4479873, 35.7430027 ] } },
{ "type": "Feature", "properties": { "内容": "訪問看護ステーション　心【訪問看護】東京都東大和市新堀1丁目1420番1号コーポあずみの　306号", "url": "https://www.kaigokensaku.mhlw.go.jp/13/index.php?action_kouhyou_detail_004_kani=true&JigyosyoCd=1364690097-00&ServiceCd=130&Type=search", "url2": null }, "geometry": { "type": "Point", "coordinates": [ 139.4500189, 35.7408255 ] } },
{ "type": "Feature", "properties": { "内容": "すまいる訪問看護ステーション【訪問看護】東京都東大和市立野1-18-11リライズ東大和101", "url": "https://www.kaigokensaku.mhlw.go.jp/13/index.php?action_kouhyou_detail_004_kani=true&JigyosyoCd=1364690030-00&ServiceCd=130&Type=search", "url2": "http://www.itu5.co.jp" }, "geometry": { "type": "Point", "coordinates": [ 139.42372054359555, 35.742728800963981 ] } },
{ "type": "Feature", "properties": { "内容": "訪問看護ステーションコルディアーレ東大和【訪問看護】東京都東大和市南街5丁目97-10MEビル3階", "url": "https://www.kaigokensaku.mhlw.go.jp/13/index.php?action_kouhyou_detail_004_kani=true&JigyosyoCd=1364690139-00&ServiceCd=130&Type=search", "url2": "https://www.jsh-japan.jp/" }, "geometry": { "type": "Point", "coordinates": [ 139.4345375, 35.7342784 ] } },
{ "type": "Feature", "properties": { "内容": "訪問看護ステーションにじいろ【訪問看護】東京都清瀬市野塩5-280-3JUNプレジ秋津208号", "url": "https://www.kaigokensaku.mhlw.go.jp/13/index.php?action_kouhyou_detail_004_kani=true&JigyosyoCd=1364790145-00&ServiceCd=130&Type=search", "url2": "https://asort-nijiiro.com/nursing/" }, "geometry": { "type": "Point", "coordinates": [ 139.496628500000014, 35.776845 ] } },
{ "type": "Feature", "properties": { "内容": "BeSIDE訪問看護ステーション【訪問看護】東京都清瀬市元町1丁目19番12号", "url": "https://www.kaigokensaku.mhlw.go.jp/13/index.php?action_kouhyou_detail_004_kani=true&JigyosyoCd=1364790152-00&ServiceCd=130&Type=search", "url2": "https://www.beside-houmonkango.com/" }, "geometry": { "type": "Point", "coordinates": [ 139.515710271163954, 35.773870306039306 ] } },
{ "type": "Feature", "properties": { "内容": "医療法人社団中島医院【訪問看護】東京都清瀬市元町１－３－４５玉春堂ビル3・4階", "url": "https://www.kaigokensaku.mhlw.go.jp/13/index.php?action_kouhyou_detail_004_kani=true&JigyosyoCd=1314720546-00&ServiceCd=130&Type=search", "url2": "http://www.hospice-nakajima.com/" }, "geometry": { "type": "Point", "coordinates": [ 139.5214062, 35.7725846 ] } },
{ "type": "Feature", "properties": { "内容": "医療法人社団雅会　訪問看護ステーションあゆみ【訪問看護】東京都清瀬市野塩1-307-2", "url": "https://www.kaigokensaku.mhlw.go.jp/13/index.php?action_kouhyou_detail_004_kani=true&JigyosyoCd=1364790012-00&ServiceCd=130&Type=search", "url2": "http://www.yamamoto-hp.jp" }, "geometry": { "type": "Point", "coordinates": [ 139.498497979762305, 35.778781511146917 ] } },
{ "type": "Feature", "properties": { "内容": "複十字訪問看護ステーション【訪問看護】東京都清瀬市松山３－１－２４", "url": "https://www.kaigokensaku.mhlw.go.jp/13/index.php?action_kouhyou_detail_004_kani=true&JigyosyoCd=1364790020-00&ServiceCd=130&Type=search", "url2": "http://www.fukujuji.org/" }, "geometry": { "type": "Point", "coordinates": [ 139.512098700000024, 35.7716763 ] } },
{ "type": "Feature", "properties": { "内容": "けやき通り訪問看護ステーション【訪問看護】東京都清瀬市上清戸2-12-13メゾン中川101", "url": "https://www.kaigokensaku.mhlw.go.jp/13/index.php?action_kouhyou_detail_004_kani=true&JigyosyoCd=1364790038-00&ServiceCd=130&Type=search", "url2": "http://www.seifuunokai.jp" }, "geometry": { "type": "Point", "coordinates": [ 139.52324619455112, 35.781693826764723 ] } },
{ "type": "Feature", "properties": { "内容": "訪問看護ステーション　きずな【訪問看護】東京都清瀬市松山１－４－２０松東ビル２０２", "url": "https://www.kaigokensaku.mhlw.go.jp/13/index.php?action_kouhyou_detail_004_kani=true&JigyosyoCd=1364790046-00&ServiceCd=130&Type=search", "url2": "http://ryo-jp.com/kizuna/" }, "geometry": { "type": "Point", "coordinates": [ 139.520276811639405, 35.771538165300818 ] } },
{ "type": "Feature", "properties": { "内容": "訪問看護ステーション　ナーシング・ウィン清瀬【訪問看護】東京都清瀬市野塩3丁目3-4ユタカハイツ103", "url": "https://www.kaigokensaku.mhlw.go.jp/13/index.php?action_kouhyou_detail_004_kani=true&JigyosyoCd=1364790111-00&ServiceCd=130&Type=search", "url2": "https://houkan-nursing-win.com/" }, "geometry": { "type": "Point", "coordinates": [ 139.508723886336185, 35.778969883746335 ] } },
{ "type": "Feature", "properties": { "内容": "のぞみ訪問看護リハビリステ－ション【訪問看護】東京都清瀬市旭が丘２－５－４－６", "url": "https://www.kaigokensaku.mhlw.go.jp/13/index.php?action_kouhyou_detail_004_kani=true&JigyosyoCd=1364790129-00&ServiceCd=130&Type=search", "url2": "https://nozomi-hokan.with-kiyose.com" }, "geometry": { "type": "Point", "coordinates": [ 139.5413053, 35.7953204 ] } },
{ "type": "Feature", "properties": { "内容": "信愛訪問看護ステーション　ほほえみ【訪問看護】東京都清瀬市下清戸1丁目305－1", "url": "https://www.kaigokensaku.mhlw.go.jp/13/index.php?action_kouhyou_detail_004_kani=true&JigyosyoCd=1367191414-00&ServiceCd=130&Type=search", "url2": "http://www.shin-ai.or.jp/hohoemi" }, "geometry": { "type": "Point", "coordinates": [ 139.535869785563591, 35.780296386526743 ] } },
{ "type": "Feature", "properties": { "内容": "清瀬リハビリテーション病院　訪問看護ステーション【訪問看護】東京都清瀬市竹丘３－３－３３", "url": "https://www.kaigokensaku.mhlw.go.jp/13/index.php?action_kouhyou_detail_004_kani=true&JigyosyoCd=1367194780-00&ServiceCd=130&Type=search", "url2": "http://www.jyogu.com" }, "geometry": { "type": "Point", "coordinates": [ 139.503017180426042, 35.768228005277003 ] } },
{ "type": "Feature", "properties": { "内容": "訪問看護ステーションコルディアーレ清瀬【訪問看護】東京都清瀬市上清戸1-8-1ハイムウッド101号室", "url": "https://www.kaigokensaku.mhlw.go.jp/13/index.php?action_kouhyou_detail_004_kani=true&JigyosyoCd=1364790160-00&ServiceCd=130&Type=search", "url2": null }, "geometry": { "type": "Point", "coordinates": [ 139.5206294, 35.7747789 ] } },
{ "type": "Feature", "properties": { "内容": "ウェル訪問看護ステーション【訪問看護】東京都清瀬市上清戸2-12-33出下マンション108", "url": "https://www.kaigokensaku.mhlw.go.jp/13/index.php?action_kouhyou_detail_004_kani=true&JigyosyoCd=1364790137-00&ServiceCd=130&Type=search", "url2": "https://www.wel-2022.com/" }, "geometry": { "type": "Point", "coordinates": [ 139.5235054, 35.7828084 ] } },
{ "type": "Feature", "properties": { "内容": "おかの内科クリニック【訪問看護】東京都東久留米市東本町6-15平和ビル2階", "url": "https://www.kaigokensaku.mhlw.go.jp/13/index.php?action_kouhyou_detail_004_kani=true&JigyosyoCd=1314821294-00&ServiceCd=130&Type=search", "url2": null }, "geometry": { "type": "Point", "coordinates": [ 139.533260399999989, 35.761884600000023 ] } },
{ "type": "Feature", "properties": { "内容": "医療法人社団実幸会　石橋クリニック【訪問看護】東京都東久留米市東本町8－9", "url": "https://www.kaigokensaku.mhlw.go.jp/13/index.php?action_kouhyou_detail_004_kani=true&JigyosyoCd=1314820981-00&ServiceCd=130&Type=search", "url2": null }, "geometry": { "type": "Point", "coordinates": [ 139.5317254, 35.7629279 ] } },
{ "type": "Feature", "properties": { "内容": "陽だまり　訪問看護ステーション　東久留米【訪問看護】東京都東久留米市幸町1-1-4つくばビル1Ｆ", "url": "https://www.kaigokensaku.mhlw.go.jp/13/index.php?action_kouhyou_detail_004_kani=true&JigyosyoCd=1364890085-00&ServiceCd=130&Type=search", "url2": "http://tanashi-hidamari.com" }, "geometry": { "type": "Point", "coordinates": [ 139.5267311, 35.7593557 ] } },
{ "type": "Feature", "properties": { "内容": "いろは訪問看護ステーション【訪問看護】東京都東久留米市浅間町3-10-3JUNエスポワール102", "url": "https://www.kaigokensaku.mhlw.go.jp/13/index.php?action_kouhyou_detail_004_kani=true&JigyosyoCd=1364890077-00&ServiceCd=130&Type=search", "url2": "https://www.iroha-houkan.jp" }, "geometry": { "type": "Point", "coordinates": [ 139.544785100000013, 35.757514800000017 ] } },
{ "type": "Feature", "properties": { "内容": "訪問看護ステーション　ポラリス【訪問看護】東京都東久留米市本町1-4-41プレステージ東久留米102号", "url": "https://www.kaigokensaku.mhlw.go.jp/13/index.php?action_kouhyou_detail_004_kani=true&JigyosyoCd=1364890093-00&ServiceCd=130&Type=search", "url2": "https://www.gorinkai.or.jp/" }, "geometry": { "type": "Point", "coordinates": [ 139.532254087275817, 35.758465961104854 ] } },
{ "type": "Feature", "properties": { "内容": "099訪問看護ステーション【訪問看護】東京都東久留米市東本町16-5JUNプレジ東久留米306", "url": "https://www.kaigokensaku.mhlw.go.jp/13/index.php?action_kouhyou_detail_004_kani=true&JigyosyoCd=1364890135-00&ServiceCd=130&Type=search", "url2": "https://startwin.jp/" }, "geometry": { "type": "Point", "coordinates": [ 139.535908, 35.7625153 ] } },
{ "type": "Feature", "properties": { "内容": "訪問看護ステーション　トータルケア東久留米【訪問看護】東京都東久留米市東本町14−17ファーストパレス103", "url": "https://www.kaigokensaku.mhlw.go.jp/13/index.php?action_kouhyou_detail_004_kani=true&JigyosyoCd=1364890143-00&ServiceCd=130&Type=search", "url2": "https://lecaldo.co.jp/jigyousho-list/total-care-tokyo02/" }, "geometry": { "type": "Point", "coordinates": [ 139.535383341123406, 35.763092001297466 ] } },
{ "type": "Feature", "properties": { "内容": "東本町訪問看護ステーション【訪問看護】東京都東久留米市東本町5-1", "url": "https://www.kaigokensaku.mhlw.go.jp/13/index.php?action_kouhyou_detail_004_kani=true&JigyosyoCd=1364890010-00&ServiceCd=130&Type=search", "url2": "http://www.k-t-i.co.jp/" }, "geometry": { "type": "Point", "coordinates": [ 139.533840655819631, 35.761432728391171 ] } },
{ "type": "Feature", "properties": { "内容": "東久留米白十字訪問看護ステーション【訪問看護】東京都東久留米市本町2-2-5本町ビル1F　A", "url": "https://www.kaigokensaku.mhlw.go.jp/13/index.php?action_kouhyou_detail_004_kani=true&JigyosyoCd=1364890028-00&ServiceCd=130&Type=search", "url2": "http://www.higashikurume-hakujuji.com/" }, "geometry": { "type": "Point", "coordinates": [ 139.530755398811351, 35.761739493427072 ] } },
{ "type": "Feature", "properties": { "内容": "つくし訪問看護ステーション【訪問看護】東京都東久留米市前沢４丁目３２番１号第2榎本ビル102号", "url": "https://www.kaigokensaku.mhlw.go.jp/13/index.php?action_kouhyou_detail_004_kani=true&JigyosyoCd=1364890036-00&ServiceCd=130&Type=search", "url2": "http://www.tsukushi-kango.jp" }, "geometry": { "type": "Point", "coordinates": [ 139.51103766522067, 35.742810127845658 ] } },
{ "type": "Feature", "properties": { "内容": "こころの訪問看護ステーション～パレット～【訪問看護】東京都東久留米市南沢1-7-26", "url": "https://www.kaigokensaku.mhlw.go.jp/13/index.php?action_kouhyou_detail_004_kani=true&JigyosyoCd=1364890168-00&ServiceCd=130&Type=search", "url2": "http://yuhnowa.com" }, "geometry": { "type": "Point", "coordinates": [ 139.5344226, 35.755183799999983 ] } },
{ "type": "Feature", "properties": { "内容": "北條医院訪問部【訪問看護】東京都武蔵村山市残堀4-113-1", "url": "https://www.kaigokensaku.mhlw.go.jp/13/index.php?action_kouhyou_detail_004_kani=true&JigyosyoCd=1314920765-00&ServiceCd=130&Type=search", "url2": "https://musasimurayama-hojyo.wixsite.com/my-site" }, "geometry": { "type": "Point", "coordinates": [ 139.3668419, 35.7514363 ] } },
{ "type": "Feature", "properties": { "内容": "訪問看護ステーションユーナ【訪問看護】東京都武蔵村山市三ツ藤3-21-19", "url": "https://www.kaigokensaku.mhlw.go.jp/13/index.php?action_kouhyou_detail_004_kani=true&JigyosyoCd=1364990075-00&ServiceCd=130&Type=search", "url2": "https://www.yunacare.net" }, "geometry": { "type": "Point", "coordinates": [ 139.3692515, 35.7560141 ] } },
{ "type": "Feature", "properties": { "内容": "訪問看護ステーションあおぐみ【訪問看護】東京都武蔵村山市中央1-25-14ハウスオブブーケC棟101", "url": "https://www.kaigokensaku.mhlw.go.jp/13/index.php?action_kouhyou_detail_004_kani=true&JigyosyoCd=1364990034-00&ServiceCd=130&Type=search", "url2": "https://kazamagumi.net" }, "geometry": { "type": "Point", "coordinates": [ 139.3893611, 35.753274 ] } },
{ "type": "Feature", "properties": { "内容": "訪問看護ステーション　エキナセア【訪問看護】東京都武蔵村山市三ツ藤2-52-8田代ハイツ201", "url": "https://www.kaigokensaku.mhlw.go.jp/13/index.php?action_kouhyou_detail_004_kani=true&JigyosyoCd=1364990042-00&ServiceCd=130&Type=search", "url2": "https://www.h-n-c-echinacea.com/" }, "geometry": { "type": "Point", "coordinates": [ 139.3768776, 35.7497697 ] } },
{ "type": "Feature", "properties": { "内容": "みなと訪問看護ステーション【訪問看護】東京都武蔵村山市大南5-37-5", "url": "https://www.kaigokensaku.mhlw.go.jp/13/index.php?action_kouhyou_detail_004_kani=true&JigyosyoCd=1364990059-00&ServiceCd=130&Type=search", "url2": null }, "geometry": { "type": "Point", "coordinates": [ 139.4109355, 35.7369456 ] } },
{ "type": "Feature", "properties": { "内容": "健生会緑が丘訪問看護ステーション【訪問看護】東京都武蔵村山市大南2-1-82F", "url": "https://www.kaigokensaku.mhlw.go.jp/13/index.php?action_kouhyou_detail_004_kani=true&JigyosyoCd=1367191828-00&ServiceCd=130&Type=search", "url2": "http://www.tachisou-houkan.com/station/midori.html" }, "geometry": { "type": "Point", "coordinates": [ 139.398148699999979, 35.7421494 ] } },
{ "type": "Feature", "properties": { "内容": "医療法人社団あたた会　訪問看護ステーションMyWay【訪問看護】東京都武蔵村山市残堀4-117-6", "url": "https://www.kaigokensaku.mhlw.go.jp/13/index.php?action_kouhyou_detail_004_kani=true&JigyosyoCd=1364990067-00&ServiceCd=130&Type=search", "url2": "https://hojyo-iin.com/%e8%a8%aa%e5%95%8f%e7%9c%8b%e8%ad%b7" }, "geometry": { "type": "Point", "coordinates": [ 139.3660826, 35.7510951 ] } },
{ "type": "Feature", "properties": { "内容": "医療法人社団もかほ会　ビッグライフ訪問看護ステーション【訪問看護】東京都武蔵村山市大南３－９７－１３", "url": "https://www.kaigokensaku.mhlw.go.jp/13/index.php?action_kouhyou_detail_004_kani=true&JigyosyoCd=1364990018-00&ServiceCd=130&Type=search", "url2": "https://msaito.jp/biglife/" }, "geometry": { "type": "Point", "coordinates": [ 139.403081668786626, 35.735700992293481 ] } },
{ "type": "Feature", "properties": { "内容": "NPO法人訪問看護ステーションゆいまーる【訪問看護】東京都武蔵村山市榎3丁目51番地2サウスウインド1F", "url": "https://www.kaigokensaku.mhlw.go.jp/13/index.php?action_kouhyou_detail_004_kani=true&JigyosyoCd=1364990026-00&ServiceCd=130&Type=search", "url2": "http://yuima-ru7591.jimdo.com/" }, "geometry": { "type": "Point", "coordinates": [ 139.387037331484294, 35.750791967920584 ] } },
{ "type": "Feature", "properties": { "内容": "さくらが丘訪問看護ステーション【訪問看護】東京都多摩市連光寺1-1-1", "url": "https://www.kaigokensaku.mhlw.go.jp/13/index.php?action_kouhyou_detail_004_kani=true&JigyosyoCd=1367193824-00&ServiceCd=130&Type=search", "url2": "http://www.sakuragaokahp.or.jp" }, "geometry": { "type": "Point", "coordinates": [ 139.4576806, 35.6478115 ] } },
{ "type": "Feature", "properties": { "内容": "吉沢クリニック【訪問看護】東京都多摩市落合六丁目１５－２５メディカルハウス多摩1階", "url": "https://www.kaigokensaku.mhlw.go.jp/13/index.php?action_kouhyou_detail_004_kani=true&JigyosyoCd=1315022967-00&ServiceCd=130&Type=search", "url2": "https://yoshizawa-cl.byoinnavi.jp/" }, "geometry": { "type": "Point", "coordinates": [ 139.4272235, 35.6090436 ] } },
{ "type": "Feature", "properties": { "内容": "訪問看護ステーションPono【訪問看護】東京都多摩市乞田1156-1フラワーマンションコヤタ203", "url": "https://www.kaigokensaku.mhlw.go.jp/13/index.php?action_kouhyou_detail_004_kani=true&JigyosyoCd=1365021730-00&ServiceCd=130&Type=search", "url2": "https://pono-vns.com/" }, "geometry": { "type": "Point", "coordinates": [ 139.440710599999989, 35.6319918 ] } },
{ "type": "Feature", "properties": { "内容": "マザース多摩永山【訪問看護】東京都多摩市永山2-6", "url": "https://www.kaigokensaku.mhlw.go.jp/13/index.php?action_kouhyou_detail_004_kani=true&JigyosyoCd=1365021748-00&ServiceCd=130&Type=search", "url2": "https://caregiver.co.jp/facility/54/" }, "geometry": { "type": "Point", "coordinates": [ 139.446646281089784, 35.626980022622661 ] } },
{ "type": "Feature", "properties": { "内容": "訪問看護ステーションすみれ【訪問看護】東京都多摩市乞田791-3", "url": "https://www.kaigokensaku.mhlw.go.jp/13/index.php?action_kouhyou_detail_004_kani=true&JigyosyoCd=1365021573-00&ServiceCd=130&Type=search", "url2": "http://care-net.biz/13/tokyo-sumire/" }, "geometry": { "type": "Point", "coordinates": [ 139.43509374703396, 35.632269458268858 ] } },
{ "type": "Feature", "properties": { "内容": "訪問看護やまびこ【訪問看護】東京都多摩市永山１－８－１７ボヌール永山１０８", "url": "https://www.kaigokensaku.mhlw.go.jp/13/index.php?action_kouhyou_detail_004_kani=true&JigyosyoCd=1365021615-00&ServiceCd=130&Type=search", "url2": null }, "geometry": { "type": "Point", "coordinates": [ 139.4472217, 35.63192 ] } },
{ "type": "Feature", "properties": { "内容": "あい訪問看護ステーション中沢【訪問看護】東京都多摩市中沢2-5-3ゆいま～る中沢A棟1階", "url": "https://www.kaigokensaku.mhlw.go.jp/13/index.php?action_kouhyou_detail_004_kani=true&JigyosyoCd=1365021649-00&ServiceCd=130&Type=search", "url2": "https://kawakita.or.jp/aisafetynet/aistation-nakazawa/" }, "geometry": { "type": "Point", "coordinates": [ 139.4137408, 35.6212148 ] } },
{ "type": "Feature", "properties": { "内容": "社会医療法人　河北医療財団　　あい訪問看護ステーション【訪問看護】東京都多摩市貝取1431-3あい在宅複合施設２階", "url": "https://www.kaigokensaku.mhlw.go.jp/13/index.php?action_kouhyou_detail_004_kani=true&JigyosyoCd=1367193840-00&ServiceCd=130&Type=search", "url2": "https://kawakita.or.jp/aisafetynet/aistation/" }, "geometry": { "type": "Point", "coordinates": [ 139.44361, 35.6350459 ] } },
{ "type": "Feature", "properties": { "内容": "ふれ愛訪問看護ステーション【訪問看護】東京都多摩市落合3-9-1小山ハイツ1F", "url": "https://www.kaigokensaku.mhlw.go.jp/13/index.php?action_kouhyou_detail_004_kani=true&JigyosyoCd=1367195167-00&ServiceCd=130&Type=search", "url2": "http://www.kaigo21.co.jp" }, "geometry": { "type": "Point", "coordinates": [ 139.428194100000042, 35.6201856 ] } },
{ "type": "Feature", "properties": { "内容": "めぐみ訪問看護ステーション【訪問看護】東京都多摩市落合1-44銀行棟3階302号室", "url": "https://www.kaigokensaku.mhlw.go.jp/13/index.php?action_kouhyou_detail_004_kani=true&JigyosyoCd=1365021508-00&ServiceCd=130&Type=search", "url2": "http://www.megumikai.com/zaitaku" }, "geometry": { "type": "Point", "coordinates": [ 139.427933899999971, 35.6241662 ] } },
{ "type": "Feature", "properties": { "内容": "訪問看護介護ステーションラフ【訪問看護】東京都多摩市永山2丁目14-6アドラブールK202号室", "url": "https://www.kaigokensaku.mhlw.go.jp/13/index.php?action_kouhyou_detail_004_kani=true&JigyosyoCd=1365021532-00&ServiceCd=130&Type=search", "url2": "http://www.lifeis-llc.com/" }, "geometry": { "type": "Point", "coordinates": [ 139.443368264418041, 35.629982258410557 ] } },
{ "type": "Feature", "properties": { "内容": "もろびと訪問看護ステーション【訪問看護】東京都多摩市百草1142相沢第二ビル103号室", "url": "https://www.kaigokensaku.mhlw.go.jp/13/index.php?action_kouhyou_detail_004_kani=true&JigyosyoCd=1365021540-00&ServiceCd=130&Type=search", "url2": "https://morobito-care.com/" }, "geometry": { "type": "Point", "coordinates": [ 139.435274400000054, 35.6389286 ] } },
{ "type": "Feature", "properties": { "内容": "訪問看護ステーションはーとふる多摩センター【訪問看護】東京都多摩市愛宕4-6-25落合ROKUビル102", "url": "https://www.kaigokensaku.mhlw.go.jp/13/index.php?action_kouhyou_detail_004_kani=true&JigyosyoCd=1365021581-00&ServiceCd=130&Type=search", "url2": "http://www.ns-heartful-tama.co.jp" }, "geometry": { "type": "Point", "coordinates": [ 139.430286300000034, 35.6294934 ] } },
{ "type": "Feature", "properties": { "内容": "ぶどうの枝訪問看護【訪問看護】東京都多摩市聖ヶ丘１－３１－５マルエスコーポ１０１号室", "url": "https://www.kaigokensaku.mhlw.go.jp/13/index.php?action_kouhyou_detail_004_kani=true&JigyosyoCd=1365021631-00&ServiceCd=130&Type=search", "url2": null }, "geometry": { "type": "Point", "coordinates": [ 139.4512632, 35.6393821 ] } },
{ "type": "Feature", "properties": { "内容": "訪問看護ステーションはれのひ【訪問看護】東京都多摩市愛宕4-9-23クリオハイム103", "url": "https://www.kaigokensaku.mhlw.go.jp/13/index.php?action_kouhyou_detail_004_kani=true&JigyosyoCd=1365021672-00&ServiceCd=130&Type=search", "url2": "https://www.yuaito.com/" }, "geometry": { "type": "Point", "coordinates": [ 139.428750335510273, 35.628560531310264 ] } },
{ "type": "Feature", "properties": { "内容": "あおぞら訪問看護ステーション【訪問看護】東京都多摩市愛宕４－９－７ハロッズプラザ204", "url": "https://www.kaigokensaku.mhlw.go.jp/13/index.php?action_kouhyou_detail_004_kani=true&JigyosyoCd=1365021680-00&ServiceCd=130&Type=search", "url2": "https://sky-plus2021.jp/" }, "geometry": { "type": "Point", "coordinates": [ 139.429206696928446, 35.628861958923032 ] } },
{ "type": "Feature", "properties": { "内容": "ファインケア訪問看護ステーション多摩センター【訪問看護】東京都多摩市乞田1159番地1レーヴマニフィック永山２Ｆ", "url": "https://www.kaigokensaku.mhlw.go.jp/13/index.php?action_kouhyou_detail_004_kani=true&JigyosyoCd=1365021474-00&ServiceCd=130&Type=search", "url2": "http://www.finecare.co.jp" }, "geometry": { "type": "Point", "coordinates": [ 139.441117699999978, 35.6319848 ] } },
{ "type": "Feature", "properties": { "内容": "カノン訪問看護ステーション【訪問看護】東京都多摩市一ノ宮1-23-8多摩川第一ビル206", "url": "https://www.kaigokensaku.mhlw.go.jp/13/index.php?action_kouhyou_detail_004_kani=true&JigyosyoCd=1365021607-00&ServiceCd=130&Type=search", "url2": "https://godo-sky.com" }, "geometry": { "type": "Point", "coordinates": [ 139.4423707, 35.6512628 ] } },
{ "type": "Feature", "properties": { "内容": "シルクロ多摩訪問看護ステーション【訪問看護】東京都多摩市落川1332-2サンライズ202", "url": "https://www.kaigokensaku.mhlw.go.jp/13/index.php?action_kouhyou_detail_004_kani=true&JigyosyoCd=1365021698-00&ServiceCd=130&Type=search", "url2": null }, "geometry": { "type": "Point", "coordinates": [ 139.43634871827885, 35.637343280572225 ] } },
{ "type": "Feature", "properties": { "内容": "リハラボ訪問看護リハビリステーション多摩【訪問看護】東京都多摩市南野2-31-17萩生田ビル203", "url": "https://www.kaigokensaku.mhlw.go.jp/13/index.php?action_kouhyou_detail_004_kani=true&JigyosyoCd=1365021722-00&ServiceCd=130&Type=search", "url2": "https://rehalabo.co.jp/" }, "geometry": { "type": "Point", "coordinates": [ 139.426981200000029, 35.6076617 ] } },
{ "type": "Feature", "properties": { "内容": "マハロ訪問看護ステーション多摩【訪問看護】東京都多摩市落合６丁目１５番地２５メディカルハウス多摩２－C", "url": "https://www.kaigokensaku.mhlw.go.jp/13/index.php?action_kouhyou_detail_004_kani=true&JigyosyoCd=1365021763-00&ServiceCd=130&Type=search", "url2": "https://mahalotama1808.wixsite.com/home-nursing" }, "geometry": { "type": "Point", "coordinates": [ 139.4272235, 35.6090436 ] } },
{ "type": "Feature", "properties": { "内容": "多摩センター訪問看護【訪問看護】東京都多摩市愛宕４－１７－９ショウエイビル３０１", "url": "https://www.kaigokensaku.mhlw.go.jp/13/index.php?action_kouhyou_detail_004_kani=true&JigyosyoCd=1365021706-00&ServiceCd=130&Type=search", "url2": "https://tamakango.com/" }, "geometry": { "type": "Point", "coordinates": [ 139.4281808, 35.6282579 ] } },
{ "type": "Feature", "properties": { "内容": "ソフィーダ訪問看護ステーション【訪問看護】東京都多摩市関戸5-12-2シャングリラ203・204", "url": "https://www.kaigokensaku.mhlw.go.jp/13/index.php?action_kouhyou_detail_004_kani=true&JigyosyoCd=1365021664-00&ServiceCd=130&Type=search", "url2": null }, "geometry": { "type": "Point", "coordinates": [ 139.4511689, 35.642522 ] } },
{ "type": "Feature", "properties": { "内容": "訪問看護ステーションゆい若葉台【訪問看護】東京都稲城市若葉台３－７－１", "url": "https://www.kaigokensaku.mhlw.go.jp/13/index.php?action_kouhyou_detail_004_kani=true&JigyosyoCd=1367191281-00&ServiceCd=130&Type=search", "url2": null }, "geometry": { "type": "Point", "coordinates": [ 139.46467819999998, 35.6243789 ] } },
{ "type": "Feature", "properties": { "内容": "訪問看護かえりえ平尾【訪問看護】東京都稲城市平尾３－７－４コーシャハイム平尾内", "url": "https://www.kaigokensaku.mhlw.go.jp/13/index.php?action_kouhyou_detail_004_kani=true&JigyosyoCd=1365190048-00&ServiceCd=130&Type=search", "url2": "http://www.yasashiite.com/subdomains/section/434/" }, "geometry": { "type": "Point", "coordinates": [ 139.492777599999954, 35.610753 ] } },
{ "type": "Feature", "properties": { "内容": "訪問看護ステーションいなぎ正吉苑【訪問看護】東京都稲城市矢野口1804-3", "url": "https://www.kaigokensaku.mhlw.go.jp/13/index.php?action_kouhyou_detail_004_kani=true&JigyosyoCd=1367191166-00&ServiceCd=130&Type=search", "url2": "http://www.syoukichi.org/" }, "geometry": { "type": "Point", "coordinates": [ 139.51914110000007, 35.636658300000029 ] } },
{ "type": "Feature", "properties": { "内容": "医療法人社団秀巧会稲城わかば訪問看護ステーション【訪問看護】東京都稲城市東長沼3106-3オークプラザ1階", "url": "https://www.kaigokensaku.mhlw.go.jp/13/index.php?action_kouhyou_detail_004_kani=true&JigyosyoCd=1365190022-00&ServiceCd=130&Type=search", "url2": "https://inagi-wakaba-cl.jp/facility/visit-nursing/" }, "geometry": { "type": "Point", "coordinates": [ 139.499276922218769, 35.637274947464604 ] } },
{ "type": "Feature", "properties": { "内容": "訪問看護ステーションライフィニティ稲城【訪問看護】東京都稲城市東長沼3113番地1", "url": "https://www.kaigokensaku.mhlw.go.jp/13/index.php?action_kouhyou_detail_004_kani=true&JigyosyoCd=1365190055-00&ServiceCd=130&Type=search", "url2": "https://inagi-hohoemi.com" }, "geometry": { "type": "Point", "coordinates": [ 139.503558629392103, 35.635109842340391 ] } },
{ "type": "Feature", "properties": { "内容": "訪問看護ステーションTHENEXT稲城【訪問看護】東京都稲城市東長沼1281内田マンション2-302号", "url": "https://www.kaigokensaku.mhlw.go.jp/13/index.php?action_kouhyou_detail_004_kani=true&JigyosyoCd=1365190063-00&ServiceCd=130&Type=search", "url2": "http://nstep-houmonkango.com" }, "geometry": { "type": "Point", "coordinates": [ 139.50569022027247, 35.64410213763162 ] } },
{ "type": "Feature", "properties": { "内容": "ｅｇ＋訪問看護ステーション稲城【訪問看護】東京都稲城市平尾3-1-136-102", "url": "https://www.kaigokensaku.mhlw.go.jp/13/index.php?action_kouhyou_detail_004_kani=true&JigyosyoCd=1365190071-00&ServiceCd=130&Type=search", "url2": "https://www.6-eg.com/index.php" }, "geometry": { "type": "Point", "coordinates": [ 139.488485263027741, 35.609478595669323 ] } },
{ "type": "Feature", "properties": { "内容": "訪問看護ステーション　りんく【訪問看護】東京都羽村市小作台5-6-13シモーヌ小作台102", "url": "https://www.kaigokensaku.mhlw.go.jp/13/index.php?action_kouhyou_detail_004_kani=true&JigyosyoCd=1365390077-00&ServiceCd=130&Type=search", "url2": "https://bond214.co.jp/" }, "geometry": { "type": "Point", "coordinates": [ 139.3005948, 35.774611 ] } },
{ "type": "Feature", "properties": { "内容": "ここもっと【訪問看護】東京都羽村市神明台1丁目5－7", "url": "https://www.kaigokensaku.mhlw.go.jp/13/index.php?action_kouhyou_detail_004_kani=true&JigyosyoCd=1365390085-00&ServiceCd=130&Type=search", "url2": "https://cocomotto.jp" }, "geometry": { "type": "Point", "coordinates": [ 139.3197246, 35.757944085076993 ] } },
{ "type": "Feature", "properties": { "内容": "在宅看護　リハビリテーション　～大地～【訪問看護】東京都羽村市神明台一丁目28番地11", "url": "https://www.kaigokensaku.mhlw.go.jp/13/index.php?action_kouhyou_detail_004_kani=true&JigyosyoCd=1364490027-00&ServiceCd=130&Type=search", "url2": "http://hp.kaipoke.biz/tve/" }, "geometry": { "type": "Point", "coordinates": [ 139.320731599999988, 35.754185400000019 ] } },
{ "type": "Feature", "properties": { "内容": "訪問看護ステーション　はればれ【訪問看護】東京都羽村市栄町２－１９－９", "url": "https://www.kaigokensaku.mhlw.go.jp/13/index.php?action_kouhyou_detail_004_kani=true&JigyosyoCd=1365390010-00&ServiceCd=130&Type=search", "url2": "http://www2.tbb.t-com.ne.jp/harebare/1.html" }, "geometry": { "type": "Point", "coordinates": [ 139.312876800000026, 35.7699518 ] } },
{ "type": "Feature", "properties": { "内容": "訪問看護ステーションReHaMo【訪問看護】東京都羽村市神明台1-17-5", "url": "https://www.kaigokensaku.mhlw.go.jp/13/index.php?action_kouhyou_detail_004_kani=true&JigyosyoCd=1365390069-00&ServiceCd=130&Type=search", "url2": "http://www.rehamo.jp" }, "geometry": { "type": "Point", "coordinates": [ 139.320791, 35.7552625 ] } },
{ "type": "Feature", "properties": { "内容": "訪問看護ステーション　ファミール【訪問看護】東京都羽村市双葉町1丁目1番地15", "url": "https://www.kaigokensaku.mhlw.go.jp/13/index.php?action_kouhyou_detail_004_kani=true&JigyosyoCd=1367194327-00&ServiceCd=130&Type=search", "url2": "http://www.shinaikai.jp/" }, "geometry": { "type": "Point", "coordinates": [ 139.331016944302434, 35.763042986590946 ] } },
{ "type": "Feature", "properties": { "内容": "健生会にしたま訪問看護ステーション【訪問看護】東京都羽村市神明台1-30-53階", "url": "https://www.kaigokensaku.mhlw.go.jp/13/index.php?action_kouhyou_detail_004_kani=true&JigyosyoCd=1367197049-00&ServiceCd=130&Type=search", "url2": "http://www.tachisou-houkan.com/station/nishitama.html" }, "geometry": { "type": "Point", "coordinates": [ 139.320487229530272, 35.753035043693679 ] } },
{ "type": "Feature", "properties": { "内容": "くるり訪問看護ステーション【訪問看護】東京都羽村市富士見平1丁目12番地44", "url": "https://www.kaigokensaku.mhlw.go.jp/13/index.php?action_kouhyou_detail_004_kani=true&JigyosyoCd=1365390093-00&ServiceCd=130&Type=search", "url2": "https://kururi-houmonkango.com/" }, "geometry": { "type": "Point", "coordinates": [ 139.3224143, 35.7647461 ] } },
{ "type": "Feature", "properties": { "内容": "訪問看護ステーションあすか【訪問看護】東京都あきる野市伊奈228-1", "url": "https://www.kaigokensaku.mhlw.go.jp/13/index.php?action_kouhyou_detail_004_kani=true&JigyosyoCd=1365290046-00&ServiceCd=130&Type=search", "url2": "http://asuka-mks.co.jp/" }, "geometry": { "type": "Point", "coordinates": [ 139.250722834918179, 35.733022836810001 ] } },
{ "type": "Feature", "properties": { "内容": "医療法人社団秀仁会訪問看護ステーションさくら【訪問看護】東京都あきる野市瀬戸岡433‐1", "url": "https://www.kaigokensaku.mhlw.go.jp/13/index.php?action_kouhyou_detail_004_kani=true&JigyosyoCd=1367193360-00&ServiceCd=130&Type=search", "url2": "http://訪問看護さくら.jp/" }, "geometry": { "type": "Point", "coordinates": [ 139.287542, 35.7384243 ] } },
{ "type": "Feature", "properties": { "内容": "指定訪問看護ステーション　あきる台ケアサービス【訪問看護】東京都あきる野市秋川6-5-1", "url": "https://www.kaigokensaku.mhlw.go.jp/13/index.php?action_kouhyou_detail_004_kani=true&JigyosyoCd=1367198005-00&ServiceCd=130&Type=search", "url2": "https://care.akirudai-hp.or.jp/service/visit/houmon-kangou/" }, "geometry": { "type": "Point", "coordinates": [ 139.291960100941452, 35.729358033101072 ] } },
{ "type": "Feature", "properties": { "内容": "ハハナ訪問看護リハビリステーション【訪問看護】東京都あきる野市草花2217-3", "url": "https://www.kaigokensaku.mhlw.go.jp/13/index.php?action_kouhyou_detail_004_kani=true&JigyosyoCd=1365290012-00&ServiceCd=130&Type=search", "url2": "http://www.hahana.co.jp" }, "geometry": { "type": "Point", "coordinates": [ 139.307416700000033, 35.7490074 ] } },
{ "type": "Feature", "properties": { "内容": "ピースフル訪問看護ステーションあきる野【訪問看護】東京都あきる野市秋川２丁目９番９号堤ビル２階", "url": "https://www.kaigokensaku.mhlw.go.jp/13/index.php?action_kouhyou_detail_004_kani=true&JigyosyoCd=1365290053-00&ServiceCd=130&Type=search", "url2": "https://peaceful-kangostation.com/" }, "geometry": { "type": "Point", "coordinates": [ 139.2857611, 35.7298757 ] } },
{ "type": "Feature", "properties": { "内容": "草花クリニック訪問看護ステーション【訪問看護】東京都あきる野市草花27221階", "url": "https://www.kaigokensaku.mhlw.go.jp/13/index.php?action_kouhyou_detail_004_kani=true&JigyosyoCd=1367198286-00&ServiceCd=130&Type=search", "url2": "http://www.kusabanaclinic.jp" }, "geometry": { "type": "Point", "coordinates": [ 139.292345123942567, 35.743277109874143 ] } },
{ "type": "Feature", "properties": { "内容": "ケアソリューション訪問看護事業所【訪問看護】東京都あきる野市戸倉１５５", "url": "https://www.kaigokensaku.mhlw.go.jp/13/index.php?action_kouhyou_detail_004_kani=true&JigyosyoCd=1365290061-00&ServiceCd=130&Type=search", "url2": "https:/tokura-vill.com/" }, "geometry": { "type": "Point", "coordinates": [ 139.20538839988771, 35.727633911293005 ] } },
{ "type": "Feature", "properties": { "内容": "訪問看護ステーションen【訪問看護】東京都あきる野市秋川1-5-12", "url": "https://www.kaigokensaku.mhlw.go.jp/13/index.php?action_kouhyou_detail_004_kani=true&JigyosyoCd=1365290079-00&ServiceCd=130&Type=search", "url2": "www.hvns-en,com" }, "geometry": { "type": "Point", "coordinates": [ 139.2881787, 35.7290141 ] } },
{ "type": "Feature", "properties": { "内容": "訪問看護ステーションMEDPER【訪問看護】東京都西東京市ひばりが丘1-4-25メゾンピレネ201号室", "url": "https://www.kaigokensaku.mhlw.go.jp/13/index.php?action_kouhyou_detail_004_kani=true&JigyosyoCd=1365490240-00&ServiceCd=130&Type=search", "url2": "https://medper.jp" }, "geometry": { "type": "Point", "coordinates": [ 139.5432889, 35.7499796 ] } },
{ "type": "Feature", "properties": { "内容": "葉ーgreen訪問看護ステーション【訪問看護】東京都西東京市富士町4-13-4カーサ伏見202", "url": "https://www.kaigokensaku.mhlw.go.jp/13/index.php?action_kouhyou_detail_004_kani=true&JigyosyoCd=1365490257-00&ServiceCd=130&Type=search", "url2": "http://green-nsandmw.com" }, "geometry": { "type": "Point", "coordinates": [ 139.5659784, 35.7295064 ] } },
{ "type": "Feature", "properties": { "内容": "訪問看護ステーションメロディー【訪問看護】東京都西東京市田無町4-8-22ビラ田無104号", "url": "https://www.kaigokensaku.mhlw.go.jp/13/index.php?action_kouhyou_detail_004_kani=true&JigyosyoCd=1365490042-00&ServiceCd=130&Type=search", "url2": "http://www.yamada-hosp.or.jp/melody/" }, "geometry": { "type": "Point", "coordinates": [ 139.5366564, 35.727925 ] } },
{ "type": "Feature", "properties": { "内容": "ﾊｰﾄﾌﾙ田無訪問看護ステーション【訪問看護】東京都西東京市向台町２－１６－２２", "url": "https://www.kaigokensaku.mhlw.go.jp/13/index.php?action_kouhyou_detail_004_kani=true&JigyosyoCd=1365490091-00&ServiceCd=130&Type=search", "url2": "http://www.tokyo-seishinkai.or.jp/" }, "geometry": { "type": "Point", "coordinates": [ 139.5394427, 35.7203941 ] } },
{ "type": "Feature", "properties": { "内容": "武蔵野徳洲会訪問看護ステーション【訪問看護】東京都西東京市向台町3-5-48武蔵野徳洲会病院1階", "url": "https://www.kaigokensaku.mhlw.go.jp/13/index.php?action_kouhyou_detail_004_kani=true&JigyosyoCd=1365490117-00&ServiceCd=130&Type=search", "url2": "https://www.musatoku.com/" }, "geometry": { "type": "Point", "coordinates": [ 139.5334851, 35.7174249 ] } },
{ "type": "Feature", "properties": { "内容": "田無訪問看護ステーション【訪問看護】東京都西東京市緑町3-6-1", "url": "https://www.kaigokensaku.mhlw.go.jp/13/index.php?action_kouhyou_detail_004_kani=true&JigyosyoCd=1367191265-00&ServiceCd=130&Type=search", "url2": "http://www.tanashi-hospital.or.jp/" }, "geometry": { "type": "Point", "coordinates": [ 139.54140469999993, 35.7415612 ] } },
{ "type": "Feature", "properties": { "内容": "ひばりヶ丘訪問看護ステーション【訪問看護】東京都西東京市住吉町５－６－３", "url": "https://www.kaigokensaku.mhlw.go.jp/13/index.php?action_kouhyou_detail_004_kani=true&JigyosyoCd=1365490315-00&ServiceCd=130&Type=search", "url2": "https://www.hibarigaoka.net" }, "geometry": { "type": "Point", "coordinates": [ 139.5541035, 35.7462382 ] } },
{ "type": "Feature", "properties": { "内容": "陽だまり　訪問看護ステーション【訪問看護】東京都西東京市南町4-13-17", "url": "https://www.kaigokensaku.mhlw.go.jp/13/index.php?action_kouhyou_detail_004_kani=true&JigyosyoCd=1365490026-00&ServiceCd=130&Type=search", "url2": "http://tanashi-hidamari.com" }, "geometry": { "type": "Point", "coordinates": [ 139.5413757, 35.7226828 ] } },
{ "type": "Feature", "properties": { "内容": "エンジェル訪問看護リハビリステーション【訪問看護】東京都西東京市ひばりが丘北3-4-3Ｔ＆Ｋひばりが丘ビル　1階", "url": "https://www.kaigokensaku.mhlw.go.jp/13/index.php?action_kouhyou_detail_004_kani=true&JigyosyoCd=1365490075-00&ServiceCd=130&Type=search", "url2": "http://angel-kango.co.jp" }, "geometry": { "type": "Point", "coordinates": [ 139.5463976, 35.7523612 ] } },
{ "type": "Feature", "properties": { "内容": "だいだい訪問看護ステーション【訪問看護】東京都西東京市柳沢6-6-3トキビル201", "url": "https://www.kaigokensaku.mhlw.go.jp/13/index.php?action_kouhyou_detail_004_kani=true&JigyosyoCd=1365490133-00&ServiceCd=130&Type=search", "url2": "https://www.daidai-vnst.jp/" }, "geometry": { "type": "Point", "coordinates": [ 139.552618770985902, 35.726103718285557 ] } },
{ "type": "Feature", "properties": { "内容": "LCUBE訪問看護ステーション西東京【訪問看護】東京都西東京市西原５−３−１", "url": "https://www.kaigokensaku.mhlw.go.jp/13/index.php?action_kouhyou_detail_004_kani=true&JigyosyoCd=1365490208-00&ServiceCd=130&Type=search", "url2": "http://www.laughtale-care.com/" }, "geometry": { "type": "Point", "coordinates": [ 139.532463661342234, 35.739099548379983 ] } },
{ "type": "Feature", "properties": { "内容": "医療法人社団　時正会　佐々訪問看護ステーション【訪問看護】東京都西東京市田無町4-15-12ONEFORALL西東京1階", "url": "https://www.kaigokensaku.mhlw.go.jp/13/index.php?action_kouhyou_detail_004_kani=true&JigyosyoCd=1367191745-00&ServiceCd=130&Type=search", "url2": "http://www.tmg-houmonkango.jp/sassa/" }, "geometry": { "type": "Point", "coordinates": [ 139.534320402346765, 35.727852799125657 ] } },
{ "type": "Feature", "properties": { "内容": "西東京市医師会訪問看護ステーション【訪問看護】東京都西東京市中町1-1-5西東京市中町分庁舎", "url": "https://www.kaigokensaku.mhlw.go.jp/13/index.php?action_kouhyou_detail_004_kani=true&JigyosyoCd=1367196892-00&ServiceCd=130&Type=search", "url2": "http://www.nishitokyo-med.jp/care/care.html" }, "geometry": { "type": "Point", "coordinates": [ 139.5551458, 35.7387563 ] } },
{ "type": "Feature", "properties": { "内容": "あすなろ訪問看護ステーション西東京【訪問看護】東京都西東京市田無町4-19-8レジデンス鶴田1-A号", "url": "https://www.kaigokensaku.mhlw.go.jp/13/index.php?action_kouhyou_detail_004_kani=true&JigyosyoCd=1367197437-00&ServiceCd=130&Type=search", "url2": "https://www.asunaro-st.com/" }, "geometry": { "type": "Point", "coordinates": [ 139.535923, 35.730326200000029 ] } },
{ "type": "Feature", "properties": { "内容": "グレース訪問看護ステーション多摩【訪問看護】東京都西東京市北原町1-8-32F", "url": "https://www.kaigokensaku.mhlw.go.jp/13/index.php?action_kouhyou_detail_004_kani=true&JigyosyoCd=1365490265-00&ServiceCd=130&Type=search", "url2": null }, "geometry": { "type": "Point", "coordinates": [ 139.543826200000012, 35.7327976 ] } },
{ "type": "Feature", "properties": { "内容": "すけさん訪問看護ステーション【訪問看護】東京都西東京市富士町4-12-5東伏見ハイム301号室", "url": "https://www.kaigokensaku.mhlw.go.jp/13/index.php?action_kouhyou_detail_004_kani=true&JigyosyoCd=1365490273-00&ServiceCd=130&Type=search", "url2": "https://www.sukesan-hns.com" }, "geometry": { "type": "Point", "coordinates": [ 139.566856699999988, 35.7293111 ] } },
{ "type": "Feature", "properties": { "内容": "とらゆに訪問看護ステーション【訪問看護】東京都西東京市柳沢2-1-25", "url": "https://www.kaigokensaku.mhlw.go.jp/13/index.php?action_kouhyou_detail_004_kani=true&JigyosyoCd=1365490281-00&ServiceCd=130&Type=search", "url2": "http://www.torayuni.com" }, "geometry": { "type": "Point", "coordinates": [ 139.55745909999996, 35.7244914 ] } },
{ "type": "Feature", "properties": { "内容": "フォレアス訪問看護ステーション【訪問看護】東京都西東京市ひばりが丘北3-3-30エクレールひばり502", "url": "https://www.kaigokensaku.mhlw.go.jp/13/index.php?action_kouhyou_detail_004_kani=true&JigyosyoCd=1365490299-00&ServiceCd=130&Type=search", "url2": "https://foreas.co.jp" }, "geometry": { "type": "Point", "coordinates": [ 139.5460793, 35.7520894 ] } },
{ "type": "Feature", "properties": { "内容": "訪問看護ステーションｎｉｃｏ【訪問看護】東京都西東京市柳沢1－4－18", "url": "https://www.kaigokensaku.mhlw.go.jp/13/index.php?action_kouhyou_detail_004_kani=true&JigyosyoCd=1365490109-00&ServiceCd=130&Type=search", "url2": "http://www.nico-25.com/" }, "geometry": { "type": "Point", "coordinates": [ 139.55543293928676, 35.726824055709201 ] } },
{ "type": "Feature", "properties": { "内容": "医療法人社団　久遠会　みずほ訪問看護ステーション【訪問看護】東京都西多摩郡瑞穂町大字箱根ヶ崎字池廻り535-5", "url": "https://www.kaigokensaku.mhlw.go.jp/13/index.php?action_kouhyou_detail_004_kani=true&JigyosyoCd=1367193667-00&ServiceCd=130&Type=search", "url2": "mizuho.st@mizuho-hp.jp" }, "geometry": { "type": "Point", "coordinates": [ 139.345521049984768, 35.775580331800597 ] } },
{ "type": "Feature", "properties": { "内容": "菜の花訪問看護ステーション【訪問看護】東京都西多摩郡瑞穂町殿ヶ谷451-1", "url": "https://www.kaigokensaku.mhlw.go.jp/13/index.php?action_kouhyou_detail_004_kani=true&JigyosyoCd=1362490011-00&ServiceCd=130&Type=search", "url2": "http://www.kanjinkai.net" }, "geometry": { "type": "Point", "coordinates": [ 139.356168700000012, 35.758224 ] } },
{ "type": "Feature", "properties": { "内容": "リンクケア訪問看護ステーションみずほ【訪問看護】東京都西多摩郡瑞穂町箱根ヶ崎１８８－６藤野ビル201号室", "url": "https://www.kaigokensaku.mhlw.go.jp/13/index.php?action_kouhyou_detail_004_kani=true&JigyosyoCd=1362490037-00&ServiceCd=130&Type=search", "url2": "https://peerlink.jp" }, "geometry": { "type": "Point", "coordinates": [ 139.3503452, 35.7713775 ] } },
{ "type": "Feature", "properties": { "内容": "なごみ訪問看護ステーション【訪問看護】東京都西多摩郡瑞穂町殿ヶ谷726-19", "url": "https://www.kaigokensaku.mhlw.go.jp/13/index.php?action_kouhyou_detail_004_kani=true&JigyosyoCd=1362490045-00&ServiceCd=130&Type=search", "url2": null }, "geometry": { "type": "Point", "coordinates": [ 139.360134978107766, 35.758809794050883 ] } },
{ "type": "Feature", "properties": { "内容": "日の出ヶ丘訪問看護ステーション【訪問看護】東京都西多摩郡日の出町大久野310番地", "url": "https://www.kaigokensaku.mhlw.go.jp/13/index.php?action_kouhyou_detail_004_kani=true&JigyosyoCd=1367191034-00&ServiceCd=130&Type=search", "url2": "http://www.hinodehp.com/" }, "geometry": { "type": "Point", "coordinates": [ 139.246369027424407, 35.742947318168355 ] } },
{ "type": "Feature", "properties": { "内容": "ケアーズ日の出訪問看護ステーション【訪問看護】東京都西多摩郡日の出町平井3026", "url": "https://www.kaigokensaku.mhlw.go.jp/13/index.php?action_kouhyou_detail_004_kani=true&JigyosyoCd=1362490029-00&ServiceCd=130&Type=search", "url2": "https://houmonkango-hinode.com" }, "geometry": { "type": "Point", "coordinates": [ 139.258663716714096, 35.748004923287098 ] } },
{ "type": "Feature", "properties": { "内容": "奥多摩町国民健康保険　奥多摩病院【訪問看護】東京都西多摩郡奥多摩町氷川１１１１", "url": "https://www.kaigokensaku.mhlw.go.jp/13/index.php?action_kouhyou_detail_004_kani=true&JigyosyoCd=1312414555-00&ServiceCd=130&Type=search", "url2": "https://www.town.okutama.tokyo.jp/gyosei/8/yakubashokai/1289.html" }, "geometry": { "type": "Point", "coordinates": [ 139.088556299999937, 35.8004855 ] } },
{ "type": "Feature", "properties": { "内容": "つつじナースステーション【訪問看護】東京都大島町差木地字小坂1015-2", "url": "https://www.kaigokensaku.mhlw.go.jp/13/index.php?action_kouhyou_detail_004_kani=true&JigyosyoCd=1360390205-00&ServiceCd=130&Type=search", "url2": null }, "geometry": { "type": "Point", "coordinates": [ 139.416105, 34.7068729 ] } },
{ "type": "Feature", "properties": { "内容": "アイ・エル訪問看護ステーション　三宅島営業所【訪問看護】東京都三宅島三宅村坪田1291", "url": "https://www.kaigokensaku.mhlw.go.jp/13/index.php?action_kouhyou_detail_004_kani=true&JigyosyoCd=1360390619-00&ServiceCd=130&Type=search", "url2": "http://rura-il.com/" }, "geometry": { "type": "Point", "coordinates": [ 139.5608461, 34.0788298 ] } }
]
}
