{
"type": "FeatureCollection",
"name": "geo_13_1",
"crs": { "type": "name", "properties": { "name": "urn:ogc:def:crs:OGC:1.3:CRS84" } },
"features": [
{ "type": "Feature", "properties": { "ID": 1311130100110, "正式名称": "宮内庁病院", "機関区分": 1, "都道府県コード": 13, "市区町村コード": 101, "所在地": "東京都千代田区千代田１－２", "緯度": 35.686782, "経度": 139.759958, "url": "https://www.iryou.teikyouseido.mhlw.go.jp/znk-web/juminkanja/S2430/initialize?prefCd=13&kikanCd=1130100110&kikanKbn=1", "url2": null, "内容": "宮内庁病院【1:病院】【診療科目:0】【一般病床数:20療養病床数:0精神病床数:0感染症病床数:0合計病床数:20】東京都千代田区千代田１－２" }, "geometry": { "type": "Point", "coordinates": [ 139.759958, 35.686782 ] } },
{ "type": "Feature", "properties": { "ID": 1311130100240, "正式名称": "国家公務員共済組合連合会　九段坂病院", "機関区分": 1, "都道府県コード": 13, "市区町村コード": 101, "所在地": "東京都千代田区九段南１－６－１２", "緯度": 35.693928, "経度": 139.75219, "url": "https://www.iryou.teikyouseido.mhlw.go.jp/znk-web/juminkanja/S2430/initialize?prefCd=13&kikanCd=1130100240&kikanKbn=1", "url2": "https://kudanzaka.kkr.or.jp/", "内容": "国家公務員共済組合連合会　九段坂病院【1:病院】【診療科目:0】【一般病床数:257療養病床数:0精神病床数:0感染症病床数:0合計病床数:257】東京都千代田区九段南１－６－１２" }, "geometry": { "type": "Point", "coordinates": [ 139.75219, 35.693928 ] } },
{ "type": "Feature", "properties": { "ID": 1311130100370, "正式名称": "一般財団法人自警会　東京警察病院", "機関区分": 1, "都道府県コード": 13, "市区町村コード": 114, "所在地": "東京都中野区中野四丁目２２番１号", "緯度": 35.709361, "経度": 139.659298, "url": "https://www.iryou.teikyouseido.mhlw.go.jp/znk-web/juminkanja/S2430/initialize?prefCd=13&kikanCd=1130100370&kikanKbn=1", "url2": "http://www.keisatsubyoin.or.jp", "内容": "一般財団法人自警会　東京警察病院【1:病院】【診療科目:0】【一般病床数:415療養病床数:0精神病床数:0感染症病床数:0合計病床数:415】東京都中野区中野四丁目２２番１号" }, "geometry": { "type": "Point", "coordinates": [ 139.659298, 35.709361 ] } },
{ "type": "Feature", "properties": { "ID": 1311130100790, "正式名称": "東京逓信病院", "機関区分": 1, "都道府県コード": 13, "市区町村コード": 101, "所在地": "東京都千代田区富士見２－１４－２３", "緯度": 35.697558, "経度": 139.743347, "url": "https://www.iryou.teikyouseido.mhlw.go.jp/znk-web/juminkanja/S2430/initialize?prefCd=13&kikanCd=1130100790&kikanKbn=1", "url2": "http://www.hospital.japanpost.jp/tokyo/", "内容": "東京逓信病院【1:病院】【診療科目:0】【一般病床数:421療養病床数:0精神病床数:0感染症病床数:0合計病床数:461】東京都千代田区富士見２－１４－２３" }, "geometry": { "type": "Point", "coordinates": [ 139.743347, 35.697558 ] } },
{ "type": "Feature", "properties": { "ID": 1311130100820, "正式名称": "医療法人社団茂恵会　半蔵門病院", "機関区分": 1, "都道府県コード": 13, "市区町村コード": 101, "所在地": "東京都千代田区麹町１－１０", "緯度": 35.68542, "経度": 139.742737, "url": "https://www.iryou.teikyouseido.mhlw.go.jp/znk-web/juminkanja/S2430/initialize?prefCd=13&kikanCd=1130100820&kikanKbn=1", "url2": "http://www.hanzomon.com", "内容": "医療法人社団茂恵会　半蔵門病院【1:病院】【診療科目:0】【一般病床数:44療養病床数:0精神病床数:0感染症病床数:0合計病床数:44】東京都千代田区麹町１－１０" }, "geometry": { "type": "Point", "coordinates": [ 139.742737, 35.68542 ] } },
{ "type": "Feature", "properties": { "ID": 1311130101090, "正式名称": "日本歯科大学附属病院", "機関区分": 1, "都道府県コード": 13, "市区町村コード": 101, "所在地": "東京都千代田区富士見２－３－１６", "緯度": 35.70003, "経度": 139.744986, "url": "https://www.iryou.teikyouseido.mhlw.go.jp/znk-web/juminkanja/S2430/initialize?prefCd=13&kikanCd=1130101090&kikanKbn=1", "url2": "http://dent-hosp.ndu.ac.jp/nduhosp/", "内容": "日本歯科大学附属病院【1:病院】【診療科目:0】【一般病床数:42療養病床数:0精神病床数:0感染症病床数:0合計病床数:42】東京都千代田区富士見２－３－１６" }, "geometry": { "type": "Point", "coordinates": [ 139.744986, 35.70003 ] } },
{ "type": "Feature", "properties": { "ID": 1311130200270, "正式名称": "公益社団法人東京都教職員互助会　三楽病院", "機関区分": 1, "都道府県コード": 13, "市区町村コード": 101, "所在地": "東京都千代田区神田駿河台２－５", "緯度": 35.700141, "経度": 139.76129, "url": "https://www.iryou.teikyouseido.mhlw.go.jp/znk-web/juminkanja/S2430/initialize?prefCd=13&kikanCd=1130200270&kikanKbn=1", "url2": "http://www.sanraku.or.jp/", "内容": "公益社団法人東京都教職員互助会　三楽病院【1:病院】【診療科目:0】【一般病床数:179療養病床数:0精神病床数:0感染症病床数:0合計病床数:179】東京都千代田区神田駿河台２－５" }, "geometry": { "type": "Point", "coordinates": [ 139.76129, 35.700141 ] } },
{ "type": "Feature", "properties": { "ID": 1311130200690, "正式名称": "医療法人財団小畑会　浜田病院", "機関区分": 1, "都道府県コード": 13, "市区町村コード": 101, "所在地": "東京都千代田区神田駿河台２－５－１", "緯度": 35.699947, "経度": 139.760957, "url": "https://www.iryou.teikyouseido.mhlw.go.jp/znk-web/juminkanja/S2430/initialize?prefCd=13&kikanCd=1130200690&kikanKbn=1", "url2": "https://obatakai.or.jp/", "内容": "医療法人財団小畑会　浜田病院【1:病院】【診療科目:0】【一般病床数:22療養病床数:0精神病床数:0感染症病床数:0合計病床数:22】東京都千代田区神田駿河台２－５－１" }, "geometry": { "type": "Point", "coordinates": [ 139.760957, 35.699947 ] } },
{ "type": "Feature", "properties": { "ID": 1311130200720, "正式名称": "日本大学病院", "機関区分": 1, "都道府県コード": 13, "市区町村コード": 101, "所在地": "東京都千代田区神田駿河台１－６", "緯度": 35.696947, "経度": 139.762346, "url": "https://www.iryou.teikyouseido.mhlw.go.jp/znk-web/juminkanja/S2430/initialize?prefCd=13&kikanCd=1130200720&kikanKbn=1", "url2": "http://www.nihon-u.ac.jp/hospital/", "内容": "日本大学病院【1:病院】【診療科目:0】【一般病床数:320療養病床数:0精神病床数:0感染症病床数:0合計病床数:320】東京都千代田区神田駿河台１－６" }, "geometry": { "type": "Point", "coordinates": [ 139.762346, 35.696947 ] } },
{ "type": "Feature", "properties": { "ID": 1311130200850, "正式名称": "東京歯科大学水道橋病院", "機関区分": 1, "都道府県コード": 13, "市区町村コード": 101, "所在地": "東京都千代田区神田三崎町２－９－１８", "緯度": 35.70153, "経度": 139.754652, "url": "https://www.iryou.teikyouseido.mhlw.go.jp/znk-web/juminkanja/S2430/initialize?prefCd=13&kikanCd=1130200850&kikanKbn=1", "url2": "http://www.tdc.ac.jp/sh/tabid/233/Default.aspx", "内容": "東京歯科大学水道橋病院【1:病院】【診療科目:0】【一般病床数:20療養病床数:0精神病床数:0感染症病床数:0合計病床数:20】東京都千代田区神田三崎町２－９－１８" }, "geometry": { "type": "Point", "coordinates": [ 139.754652, 35.70153 ] } },
{ "type": "Feature", "properties": { "ID": 1311130200980, "正式名称": "日本大学歯学部付属歯科病院", "機関区分": 1, "都道府県コード": 13, "市区町村コード": 101, "所在地": "東京都千代田区神田駿河台１－８－１３", "緯度": 35.698253, "経度": 139.763596, "url": "https://www.iryou.teikyouseido.mhlw.go.jp/znk-web/juminkanja/S2430/initialize?prefCd=13&kikanCd=1130200980&kikanKbn=1", "url2": "https://dentalhospital-nusd.jp/", "内容": "日本大学歯学部付属歯科病院【1:病院】【診療科目:0】【一般病床数:24療養病床数:0精神病床数:0感染症病床数:0合計病床数:24】東京都千代田区神田駿河台１－８－１３" }, "geometry": { "type": "Point", "coordinates": [ 139.763596, 35.698253 ] } },
{ "type": "Feature", "properties": { "ID": 1311130201020, "正式名称": "社会福祉法人　三井記念病院", "機関区分": 1, "都道府県コード": 13, "市区町村コード": 101, "所在地": "東京都千代田区神田和泉町１", "緯度": 35.699725, "経度": 139.779178, "url": "https://www.iryou.teikyouseido.mhlw.go.jp/znk-web/juminkanja/S2430/initialize?prefCd=13&kikanCd=1130201020&kikanKbn=1", "url2": "http://www.mitsuihosp.or.jp", "内容": "社会福祉法人　三井記念病院【1:病院】【診療科目:0】【一般病床数:482療養病床数:0精神病床数:0感染症病床数:0合計病床数:482】東京都千代田区神田和泉町１" }, "geometry": { "type": "Point", "coordinates": [ 139.779178, 35.699725 ] } },
{ "type": "Feature", "properties": { "ID": 1311130201280, "正式名称": "医療法人社団済安堂　井上眼科病院", "機関区分": 1, "都道府県コード": 13, "市区町村コード": 101, "所在地": "東京都千代田区神田駿河台４－３", "緯度": 35.698475, "経度": 139.765401, "url": "https://www.iryou.teikyouseido.mhlw.go.jp/znk-web/juminkanja/S2430/initialize?prefCd=13&kikanCd=1130201280&kikanKbn=1", "url2": "https://www.inouye-eye.or.jp/hospital/", "内容": "医療法人社団済安堂　井上眼科病院【1:病院】【診療科目:0】【一般病床数:34療養病床数:0精神病床数:0感染症病床数:0合計病床数:34】東京都千代田区神田駿河台４－３" }, "geometry": { "type": "Point", "coordinates": [ 139.765401, 35.698475 ] } },
{ "type": "Feature", "properties": { "ID": 1311130201310, "正式名称": "公益財団法人佐々木研究所附属　杏雲堂病院", "機関区分": 1, "都道府県コード": 13, "市区町村コード": 101, "所在地": "東京都千代田区神田駿河台１－８", "緯度": 35.697975, "経度": 139.76329, "url": "https://www.iryou.teikyouseido.mhlw.go.jp/znk-web/juminkanja/S2430/initialize?prefCd=13&kikanCd=1130201310&kikanKbn=1", "url2": "https://kyoundo-hospital.jp", "内容": "公益財団法人佐々木研究所附属　杏雲堂病院【1:病院】【診療科目:0】【一般病床数:160療養病床数:0精神病床数:0感染症病床数:0合計病床数:160】東京都千代田区神田駿河台１－８" }, "geometry": { "type": "Point", "coordinates": [ 139.76329, 35.697975 ] } },
{ "type": "Feature", "properties": { "ID": 1311130201440, "正式名称": "医療法人財団　神尾記念病院", "機関区分": 1, "都道府県コード": 13, "市区町村コード": 101, "所在地": "東京都千代田区神田淡路町２－２５", "緯度": 35.696975, "経度": 139.766679, "url": "https://www.iryou.teikyouseido.mhlw.go.jp/znk-web/juminkanja/S2430/initialize?prefCd=13&kikanCd=1130201440&kikanKbn=1", "url2": "http://www.kamio.org", "内容": "医療法人財団　神尾記念病院【1:病院】【診療科目:0】【一般病床数:30療養病床数:0精神病床数:0感染症病床数:0合計病床数:30】東京都千代田区神田淡路町２－２５" }, "geometry": { "type": "Point", "coordinates": [ 139.766679, 35.696975 ] } },
{ "type": "Feature", "properties": { "ID": 1311130201570, "正式名称": "医療法人財団　同仁記念会　明和病院", "機関区分": 1, "都道府県コード": 13, "市区町村コード": 101, "所在地": "東京都千代田区神田須田町１－１８", "緯度": 35.695364, "経度": 139.771151, "url": "https://www.iryou.teikyouseido.mhlw.go.jp/znk-web/juminkanja/S2430/initialize?prefCd=13&kikanCd=1130201570&kikanKbn=1", "url2": "http://www.meiwahp.com", "内容": "医療法人財団　同仁記念会　明和病院【1:病院】【診療科目:0】【一般病床数:0療養病床数:50精神病床数:0感染症病床数:0合計病床数:50】東京都千代田区神田須田町１－１８" }, "geometry": { "type": "Point", "coordinates": [ 139.771151, 35.695364 ] } },
{ "type": "Feature", "properties": { "ID": 1311130300170, "正式名称": "国立研究開発法人国立がん研究センター中央病院", "機関区分": 1, "都道府県コード": 13, "市区町村コード": 102, "所在地": "東京都中央区築地５－１－１", "緯度": 35.66609, "経度": 139.767791, "url": "https://www.iryou.teikyouseido.mhlw.go.jp/znk-web/juminkanja/S2430/initialize?prefCd=13&kikanCd=1130300170&kikanKbn=1", "url2": "https://www.ncc.go.jp/jp/ncch/d002/access/index.html", "内容": "国立研究開発法人国立がん研究センター中央病院【1:病院】【診療科目:0】【一般病床数:578療養病床数:0精神病床数:0感染症病床数:0合計病床数:578】東京都中央区築地５－１－１" }, "geometry": { "type": "Point", "coordinates": [ 139.767791, 35.66609 ] } },
{ "type": "Feature", "properties": { "ID": 1311130300330, "正式名称": "医療法人社団健育会　石川島記念病院", "機関区分": 1, "都道府県コード": 13, "市区町村コード": 102, "所在地": "東京都中央区佃二丁目５番２号", "緯度": 35.667451, "経度": 139.785373, "url": "https://www.iryou.teikyouseido.mhlw.go.jp/znk-web/juminkanja/S2430/initialize?prefCd=13&kikanCd=1130300330&kikanKbn=1", "url2": "http://www.ishikawajima.gr.jp/", "内容": "医療法人社団健育会　石川島記念病院【1:病院】【診療科目:0】【一般病床数:47療養病床数:0精神病床数:0感染症病床数:0合計病床数:47】東京都中央区佃二丁目５番２号" }, "geometry": { "type": "Point", "coordinates": [ 139.785373, 35.667451 ] } },
{ "type": "Feature", "properties": { "ID": 1311130300460, "正式名称": "聖路加国際病院", "機関区分": 1, "都道府県コード": 13, "市区町村コード": 102, "所在地": "東京都中央区明石町９番１号", "緯度": 35.667451, "経度": 139.777068, "url": "https://www.iryou.teikyouseido.mhlw.go.jp/znk-web/juminkanja/S2430/initialize?prefCd=13&kikanCd=1130300460&kikanKbn=1", "url2": "http://hospital.luke.ac.jp/", "内容": "聖路加国際病院【1:病院】【診療科目:0】【一般病床数:520療養病床数:0精神病床数:0感染症病床数:0合計病床数:520】東京都中央区明石町９番１号" }, "geometry": { "type": "Point", "coordinates": [ 139.777068, 35.667451 ] } },
{ "type": "Feature", "properties": { "ID": 1311130500130, "正式名称": "東京大学医科学研究所附属病院", "機関区分": 1, "都道府県コード": 13, "市区町村コード": 103, "所在地": "東京都港区白金台４－６－１", "緯度": 35.639869, "経度": 139.725157, "url": "https://www.iryou.teikyouseido.mhlw.go.jp/znk-web/juminkanja/S2430/initialize?prefCd=13&kikanCd=1130500130&kikanKbn=1", "url2": "http://www.h.ims.u-tokyo.ac.jp/", "内容": "東京大学医科学研究所附属病院【1:病院】【診療科目:0】【一般病床数:122療養病床数:0精神病床数:0感染症病床数:0合計病床数:122】東京都港区白金台４－６－１" }, "geometry": { "type": "Point", "coordinates": [ 139.725157, 35.639869 ] } },
{ "type": "Feature", "properties": { "ID": 1311130500260, "正式名称": "国際医療福祉大学三田病院", "機関区分": 1, "都道府県コード": 13, "市区町村コード": 103, "所在地": "東京都港区三田１－４－３", "緯度": 35.653952, "経度": 139.741766, "url": "https://www.iryou.teikyouseido.mhlw.go.jp/znk-web/juminkanja/S2430/initialize?prefCd=13&kikanCd=1130500260&kikanKbn=1", "url2": "https://mita.iuhw.ac.jp/access/index.html", "内容": "国際医療福祉大学三田病院【1:病院】【診療科目:0】【一般病床数:291療養病床数:0精神病床数:0感染症病床数:0合計病床数:291】東京都港区三田１－４－３" }, "geometry": { "type": "Point", "coordinates": [ 139.741766, 35.653952 ] } },
{ "type": "Feature", "properties": { "ID": 1311130500420, "正式名称": "社会福祉法人恩賜財団済生会支部東京都済生会　東京都済生会中央病院", "機関区分": 1, "都道府県コード": 13, "市区町村コード": 103, "所在地": "東京都港区三田１－４－１７", "緯度": 35.653368, "経度": 139.743822, "url": "https://www.iryou.teikyouseido.mhlw.go.jp/znk-web/juminkanja/S2430/initialize?prefCd=13&kikanCd=1130500420&kikanKbn=1", "url2": "http://www.saichu.jp", "内容": "社会福祉法人恩賜財団済生会支部東京都済生会　東京都済生会中央病院【1:病院】【診療科目:0】【一般病床数:523療養病床数:0精神病床数:0感染症病床数:0合計病床数:523】東京都港区三田１－４－１７" }, "geometry": { "type": "Point", "coordinates": [ 139.743822, 35.653368 ] } },
{ "type": "Feature", "properties": { "ID": 1311130500550, "正式名称": "独立行政法人地域医療機能推進機構　東京高輪病院", "機関区分": 1, "都道府県コード": 13, "市区町村コード": 103, "所在地": "東京都港区高輪３－１０－１１", "緯度": 35.631148, "経度": 139.731796, "url": "https://www.iryou.teikyouseido.mhlw.go.jp/znk-web/juminkanja/S2430/initialize?prefCd=13&kikanCd=1130500550&kikanKbn=1", "url2": "https://takanawa.jcho.go.jp", "内容": "独立行政法人地域医療機能推進機構　東京高輪病院【1:病院】【診療科目:0】【一般病床数:232療養病床数:0精神病床数:0感染症病床数:0合計病床数:232】東京都港区高輪３－１０－１１" }, "geometry": { "type": "Point", "coordinates": [ 139.731796, 35.631148 ] } },
{ "type": "Feature", "properties": { "ID": 1311130500710, "正式名称": "北里大学　北里研究所病院", "機関区分": 1, "都道府県コード": 13, "市区町村コード": 103, "所在地": "東京都港区白金５丁目９番１号", "緯度": 35.645091, "経度": 139.725546, "url": "https://www.iryou.teikyouseido.mhlw.go.jp/znk-web/juminkanja/S2430/initialize?prefCd=13&kikanCd=1130500710&kikanKbn=1", "url2": "http://www.kitasato-u.ac.jp/hokken-hp/", "内容": "北里大学　北里研究所病院【1:病院】【診療科目:0】【一般病床数:317療養病床数:0精神病床数:0感染症病床数:0合計病床数:317】東京都港区白金５丁目９番１号" }, "geometry": { "type": "Point", "coordinates": [ 139.725546, 35.645091 ] } },
{ "type": "Feature", "properties": { "ID": 1311130501010, "正式名称": "東京慈恵会医科大学附属病院", "機関区分": 1, "都道府県コード": 13, "市区町村コード": 103, "所在地": "東京都港区西新橋３－１９－１８", "緯度": 35.66334, "経度": 139.751265, "url": "https://www.iryou.teikyouseido.mhlw.go.jp/znk-web/juminkanja/S2430/initialize?prefCd=13&kikanCd=1130501010&kikanKbn=1", "url2": "https://www.hosp.jikei.ac.jp/", "内容": "東京慈恵会医科大学附属病院【1:病院】【診療科目:0】【一般病床数:1026療養病床数:0精神病床数:49感染症病床数:0合計病床数:1075】東京都港区西新橋３－１９－１８" }, "geometry": { "type": "Point", "coordinates": [ 139.751265, 35.66334 ] } },
{ "type": "Feature", "properties": { "ID": 1311130501720, "正式名称": "国家公務員共済組合連合会　虎の門病院", "機関区分": 1, "都道府県コード": 13, "市区町村コード": 103, "所在地": "東京都港区虎ノ門２－２－２", "緯度": 35.668783, "経度": 139.746043, "url": "https://www.iryou.teikyouseido.mhlw.go.jp/znk-web/juminkanja/S2430/initialize?prefCd=13&kikanCd=1130501720&kikanKbn=1", "url2": "https://toranomon.kkr.or.jp/", "内容": "国家公務員共済組合連合会　虎の門病院【1:病院】【診療科目:0】【一般病床数:817療養病床数:0精神病床数:0感染症病床数:0合計病床数:819】東京都港区虎ノ門２－２－２" }, "geometry": { "type": "Point", "coordinates": [ 139.746043, 35.668783 ] } },
{ "type": "Feature", "properties": { "ID": 1311130600160, "正式名称": "医療法人財団厚生会　古川橋病院", "機関区分": 1, "都道府県コード": 13, "市区町村コード": 103, "所在地": "東京都港区南麻布２－１０－２１", "緯度": 35.647785, "経度": 139.7351, "url": "https://www.iryou.teikyouseido.mhlw.go.jp/znk-web/juminkanja/S2430/initialize?prefCd=13&kikanCd=1130600160&kikanKbn=1", "url2": "http://www.zai-kouseikai.or.jp/", "内容": "医療法人財団厚生会　古川橋病院【1:病院】【診療科目:0】【一般病床数:49療養病床数:0精神病床数:0感染症病床数:0合計病床数:49】東京都港区南麻布２－１０－２１" }, "geometry": { "type": "Point", "coordinates": [ 139.7351, 35.647785 ] } },
{ "type": "Feature", "properties": { "ID": 1311130600290, "正式名称": "社会福祉法人恩賜財団母子愛育会総合母子保健センター愛育病院", "機関区分": 1, "都道府県コード": 13, "市区町村コード": 103, "所在地": "東京都港区芝浦１－１６－１０", "緯度": 35.645953, "経度": 139.752377, "url": "https://www.iryou.teikyouseido.mhlw.go.jp/znk-web/juminkanja/S2430/initialize?prefCd=13&kikanCd=1130600290&kikanKbn=1", "url2": "http://www.aiiku.net", "内容": "社会福祉法人恩賜財団母子愛育会総合母子保健センター愛育病院【1:病院】【診療科目:0】【一般病床数:160療養病床数:0精神病床数:0感染症病床数:0合計病床数:160】東京都港区芝浦１－１６－１０" }, "geometry": { "type": "Point", "coordinates": [ 139.752377, 35.645953 ] } },
{ "type": "Feature", "properties": { "ID": 1311130600740, "正式名称": "公益財団法人　心臓血管研究所付属病院", "機関区分": 1, "都道府県コード": 13, "市区町村コード": 103, "所在地": "東京都港区西麻布３－２－１９", "緯度": 35.658784, "経度": 139.726878, "url": "https://www.iryou.teikyouseido.mhlw.go.jp/znk-web/juminkanja/S2430/initialize?prefCd=13&kikanCd=1130600740&kikanKbn=1", "url2": "https://www.cvi.or.jp/", "内容": "公益財団法人　心臓血管研究所付属病院【1:病院】【診療科目:0】【一般病床数:74療養病床数:0精神病床数:0感染症病床数:0合計病床数:74】東京都港区西麻布３－２－１９" }, "geometry": { "type": "Point", "coordinates": [ 139.726878, 35.658784 ] } },
{ "type": "Feature", "properties": { "ID": 1311130700350, "正式名称": "医療法人社団友仁会　赤坂見附前田病院", "機関区分": 1, "都道府県コード": 13, "市区町村コード": 103, "所在地": "東京都港区元赤坂１－１－５　富士陰ビルディング１Ｆ", "緯度": 35.678171, "経度": 139.734154, "url": "https://www.iryou.teikyouseido.mhlw.go.jp/znk-web/juminkanja/S2430/initialize?prefCd=13&kikanCd=1130700350&kikanKbn=1", "url2": "http://www.maeda-hospital.or.jp/", "内容": "医療法人社団友仁会　赤坂見附前田病院【1:病院】【診療科目:0】【一般病床数:54療養病床数:0精神病床数:0感染症病床数:0合計病床数:54】東京都港区元赤坂１－１－５　富士陰ビルディング１Ｆ" }, "geometry": { "type": "Point", "coordinates": [ 139.734154, 35.678171 ] } },
{ "type": "Feature", "properties": { "ID": 1311130800120, "正式名称": "国立健康危機管理研究機構国立国際医療センター", "機関区分": 1, "都道府県コード": 13, "市区町村コード": 104, "所在地": "東京都新宿区戸山１－２１－１", "緯度": 35.702224, "経度": 139.716655, "url": "https://www.iryou.teikyouseido.mhlw.go.jp/znk-web/juminkanja/S2430/initialize?prefCd=13&kikanCd=1130800120&kikanKbn=1", "url2": "http://www.ncgm.go.jp/", "内容": "国立健康危機管理研究機構国立国際医療センター【1:病院】【診療科目:0】【一般病床数:689療養病床数:0精神病床数:6感染症病床数:4合計病床数:706】東京都新宿区戸山１－２１－１" }, "geometry": { "type": "Point", "coordinates": [ 139.716655, 35.702224 ] } },
{ "type": "Feature", "properties": { "ID": 1311130800250, "正式名称": "公益財団法人　神経研究所附属晴和病院", "機関区分": 1, "都道府県コード": 13, "市区町村コード": 104, "所在地": "東京都新宿区弁天町９１", "緯度": 35.702355, "経度": 139.727343, "url": "https://www.iryou.teikyouseido.mhlw.go.jp/znk-web/juminkanja/S2430/initialize?prefCd=13&kikanCd=1130800250&kikanKbn=1", "url2": "http://www.seiwa-hp.com", "内容": "公益財団法人　神経研究所附属晴和病院【1:病院】【診療科目:0】【一般病床数:0療養病床数:0精神病床数:104感染症病床数:0合計病床数:104】東京都新宿区弁天町９１" }, "geometry": { "type": "Point", "coordinates": [ 139.727343, 35.702355 ] } },
{ "type": "Feature", "properties": { "ID": 1311130800380, "正式名称": "独立行政法人地域医療機能推進機構　東京新宿メディカルセンター", "機関区分": 1, "都道府県コード": 13, "市区町村コード": 104, "所在地": "東京都新宿区津久戸町５－１", "緯度": 35.703419, "経度": 139.742153, "url": "https://www.iryou.teikyouseido.mhlw.go.jp/znk-web/juminkanja/S2430/initialize?prefCd=13&kikanCd=1130800380&kikanKbn=1", "url2": "http://shinjuku.jcho.go.jp/", "内容": "独立行政法人地域医療機能推進機構　東京新宿メディカルセンター【1:病院】【診療科目:0】【一般病床数:452療養病床数:0精神病床数:0感染症病床数:0合計病床数:452】東京都新宿区津久戸町５－１" }, "geometry": { "type": "Point", "coordinates": [ 139.742153, 35.703419 ] } },
{ "type": "Feature", "properties": { "ID": 1311130800410, "正式名称": "東京女子医科大学病院", "機関区分": 1, "都道府県コード": 13, "市区町村コード": 104, "所在地": "東京都新宿区河田町８番１号", "緯度": 35.697169, "経度": 139.720266, "url": "https://www.iryou.teikyouseido.mhlw.go.jp/znk-web/juminkanja/S2430/initialize?prefCd=13&kikanCd=1130800410&kikanKbn=1", "url2": "http://www.twmu.ac.jp/info-twmu/index.html", "内容": "東京女子医科大学病院【1:病院】【診療科目:0】【一般病床数:1101療養病床数:0精神病床数:27感染症病床数:0合計病床数:1128】東京都新宿区河田町８番１号" }, "geometry": { "type": "Point", "coordinates": [ 139.720266, 35.697169 ] } },
{ "type": "Feature", "properties": { "ID": 1311130800670, "正式名称": "医療法人社団鉄友会　柳町病院", "機関区分": 1, "都道府県コード": 13, "市区町村コード": 104, "所在地": "東京都新宿区市谷柳町２５", "緯度": 35.698947, "経度": 139.726737, "url": "https://www.iryou.teikyouseido.mhlw.go.jp/znk-web/juminkanja/S2430/initialize?prefCd=13&kikanCd=1130800670&kikanKbn=1", "url2": "http://www.yanagicho-hp.or.jp", "内容": "医療法人社団鉄友会　柳町病院【1:病院】【診療科目:0】【一般病床数:39療養病床数:0精神病床数:0感染症病床数:0合計病床数:39】東京都新宿区市谷柳町２５" }, "geometry": { "type": "Point", "coordinates": [ 139.726737, 35.698947 ] } },
{ "type": "Feature", "properties": { "ID": 1311130900280, "正式名称": "慶應義塾大学病院", "機関区分": 1, "都道府県コード": 13, "市区町村コード": 104, "所在地": "東京都新宿区信濃町３５", "緯度": 35.681726, "経度": 139.718211, "url": "https://www.iryou.teikyouseido.mhlw.go.jp/znk-web/juminkanja/S2430/initialize?prefCd=13&kikanCd=1130900280&kikanKbn=1", "url2": "https://www.hosp.keio.ac.jp/", "内容": "慶應義塾大学病院【1:病院】【診療科目:0】【一般病床数:934療養病床数:0精神病床数:16感染症病床数:0合計病床数:950】東京都新宿区信濃町３５" }, "geometry": { "type": "Point", "coordinates": [ 139.718211, 35.681726 ] } },
{ "type": "Feature", "properties": { "ID": 1311131000220, "正式名称": "地方独立行政法人東京都立病院機構　東京都立大久保病院", "機関区分": 1, "都道府県コード": 13, "市区町村コード": 104, "所在地": "東京都新宿区歌舞伎町２－４４－１", "緯度": 35.696696, "経度": 139.701073, "url": "https://www.iryou.teikyouseido.mhlw.go.jp/znk-web/juminkanja/S2430/initialize?prefCd=13&kikanCd=1131000220&kikanKbn=1", "url2": "https://www.tmhp.jp/okubo/", "内容": "地方独立行政法人東京都立病院機構　東京都立大久保病院【1:病院】【診療科目:0】【一般病床数:304療養病床数:0精神病床数:0感染症病床数:0合計病床数:304】東京都新宿区歌舞伎町２－４４－１" }, "geometry": { "type": "Point", "coordinates": [ 139.701073, 35.696696 ] } },
{ "type": "Feature", "properties": { "ID": 1311131000640, "正式名称": "東京医科大学病院", "機関区分": 1, "都道府県コード": 13, "市区町村コード": 104, "所在地": "東京都新宿区西新宿６－７－１", "緯度": 35.693252, "経度": 139.691768, "url": "https://www.iryou.teikyouseido.mhlw.go.jp/znk-web/juminkanja/S2430/initialize?prefCd=13&kikanCd=1131000640&kikanKbn=1", "url2": "https://hospinfo.tokyo-med.ac.jp/", "内容": "東京医科大学病院【1:病院】【診療科目:0】【一般病床数:885療養病床数:0精神病床数:19感染症病床数:0合計病床数:904】東京都新宿区西新宿６－７－１" }, "geometry": { "type": "Point", "coordinates": [ 139.691768, 35.693252 ] } },
{ "type": "Feature", "properties": { "ID": 1311131000770, "正式名称": "社会福祉法人聖母会　聖母病院", "機関区分": 1, "都道府県コード": 13, "市区町村コード": 104, "所在地": "東京都新宿区中落合２－５－１", "緯度": 35.720194, "経度": 139.694295, "url": "https://www.iryou.teikyouseido.mhlw.go.jp/znk-web/juminkanja/S2430/initialize?prefCd=13&kikanCd=1131000770&kikanKbn=1", "url2": "https://www.seibokai.or.jp", "内容": "社会福祉法人聖母会　聖母病院【1:病院】【診療科目:0】【一般病床数:154療養病床数:0精神病床数:0感染症病床数:0合計病床数:154】東京都新宿区中落合２－５－１" }, "geometry": { "type": "Point", "coordinates": [ 139.694295, 35.720194 ] } },
{ "type": "Feature", "properties": { "ID": 1311131001100, "正式名称": "医療法人社団悦伝会　目白病院", "機関区分": 1, "都道府県コード": 13, "市区町村コード": 104, "所在地": "東京都新宿区下落合３－２２－２３", "緯度": 35.72236, "経度": 139.698961, "url": "https://www.iryou.teikyouseido.mhlw.go.jp/znk-web/juminkanja/S2430/initialize?prefCd=13&kikanCd=1131001100&kikanKbn=1", "url2": "http://mejirohp.jp/", "内容": "医療法人社団悦伝会　目白病院【1:病院】【診療科目:0】【一般病床数:100療養病床数:0精神病床数:0感染症病床数:0合計病床数:100】東京都新宿区下落合３－２２－２３" }, "geometry": { "type": "Point", "coordinates": [ 139.698961, 35.72236 ] } },
{ "type": "Feature", "properties": { "ID": 1311131001490, "正式名称": "独立行政法人地域医療機能推進機構　東京山手メディカルセンター", "機関区分": 1, "都道府県コード": 13, "市区町村コード": 104, "所在地": "東京都新宿区百人町３－２２－１", "緯度": 35.704445, "経度": 139.699073, "url": "https://www.iryou.teikyouseido.mhlw.go.jp/znk-web/juminkanja/S2430/initialize?prefCd=13&kikanCd=1131001490&kikanKbn=1", "url2": "https://yamate.jcho.go.jp/", "内容": "独立行政法人地域医療機能推進機構　東京山手メディカルセンター【1:病院】【診療科目:0】【一般病床数:408療養病床数:0精神病床数:0感染症病床数:0合計病床数:408】東京都新宿区百人町３－２２－１" }, "geometry": { "type": "Point", "coordinates": [ 139.699073, 35.704445 ] } },
{ "type": "Feature", "properties": { "ID": 1311131200150, "正式名称": "東京大学医学部附属病院", "機関区分": 1, "都道府県コード": 13, "市区町村コード": 105, "所在地": "東京都文京区本郷７－３－１", "緯度": 35.711057, "経度": 139.764456, "url": "https://www.iryou.teikyouseido.mhlw.go.jp/znk-web/juminkanja/S2430/initialize?prefCd=13&kikanCd=1131200150&kikanKbn=1", "url2": "https://www.h.u-tokyo.ac.jp/", "内容": "東京大学医学部附属病院【1:病院】【診療科目:0】【一般病床数:1168療養病床数:0精神病床数:40感染症病床数:0合計病床数:1218】東京都文京区本郷７－３－１" }, "geometry": { "type": "Point", "coordinates": [ 139.764456, 35.711057 ] } },
{ "type": "Feature", "properties": { "ID": 1311131200280, "正式名称": "東京科学大学病院", "機関区分": 1, "都道府県コード": 13, "市区町村コード": 105, "所在地": "東京都文京区湯島１－５－４５", "緯度": 35.70153, "経度": 139.764206, "url": "https://www.iryou.teikyouseido.mhlw.go.jp/znk-web/juminkanja/S2430/initialize?prefCd=13&kikanCd=1131200280&kikanKbn=1", "url2": "http://www.tmd.ac.jp/medhospital/", "内容": "東京科学大学病院【1:病院】【診療科目:0】【一般病床数:772療養病床数:0精神病床数:41感染症病床数:0合計病床数:813】東京都文京区湯島１－５－４５" }, "geometry": { "type": "Point", "coordinates": [ 139.764206, 35.70153 ] } },
{ "type": "Feature", "properties": { "ID": 1311131200440, "正式名称": "地方独立行政法人東京都立病院機構　東京都立駒込病院", "機関区分": 1, "都道府県コード": 13, "市区町村コード": 105, "所在地": "東京都文京区本駒込３－１８－２２", "緯度": 35.729777, "経度": 139.756317, "url": "https://www.iryou.teikyouseido.mhlw.go.jp/znk-web/juminkanja/S2430/initialize?prefCd=13&kikanCd=1131200440&kikanKbn=1", "url2": "https://www.tmhp.jp/komagome/", "内容": "地方独立行政法人東京都立病院機構　東京都立駒込病院【1:病院】【診療科目:0】【一般病床数:785療養病床数:0精神病床数:0感染症病床数:30合計病床数:815】東京都文京区本駒込３－１８－２２" }, "geometry": { "type": "Point", "coordinates": [ 139.756317, 35.729777 ] } },
{ "type": "Feature", "properties": { "ID": 1311131200570, "正式名称": "一般財団法人慈愛会　慈愛病院", "機関区分": 1, "都道府県コード": 13, "市区町村コード": 105, "所在地": "東京都文京区本郷６－１２－５", "緯度": 35.713112, "経度": 139.756818, "url": "https://www.iryou.teikyouseido.mhlw.go.jp/znk-web/juminkanja/S2430/initialize?prefCd=13&kikanCd=1131200570&kikanKbn=1", "url2": "http://jiaibyoin.or.jp", "内容": "一般財団法人慈愛会　慈愛病院【1:病院】【診療科目:0】【一般病床数:20療養病床数:27精神病床数:0感染症病床数:0合計病床数:47】東京都文京区本郷６－１２－５" }, "geometry": { "type": "Point", "coordinates": [ 139.756818, 35.713112 ] } },
{ "type": "Feature", "properties": { "ID": 1311131200600, "正式名称": "順天堂大学医学部附属順天堂医院", "機関区分": 1, "都道府県コード": 13, "市区町村コード": 105, "所在地": "東京都文京区本郷３－１－３", "緯度": 35.702447, "経度": 139.762318, "url": "https://www.iryou.teikyouseido.mhlw.go.jp/znk-web/juminkanja/S2430/initialize?prefCd=13&kikanCd=1131200600&kikanKbn=1", "url2": "https://hosp.juntendo.ac.jp/", "内容": "順天堂大学医学部附属順天堂医院【1:病院】【診療科目:0】【一般病床数:1036療養病床数:0精神病床数:15感染症病床数:0合計病床数:1051】東京都文京区本郷３－１－３" }, "geometry": { "type": "Point", "coordinates": [ 139.762318, 35.702447 ] } },
{ "type": "Feature", "properties": { "ID": 1311131200730, "正式名称": "日本医科大学付属病院", "機関区分": 1, "都道府県コード": 13, "市区町村コード": 105, "所在地": "東京都文京区千駄木１－１－５", "緯度": 35.721056, "経度": 139.758734, "url": "https://www.iryou.teikyouseido.mhlw.go.jp/znk-web/juminkanja/S2430/initialize?prefCd=13&kikanCd=1131200730&kikanKbn=1", "url2": "https://www.nms.ac.jp/hosp/", "内容": "日本医科大学付属病院【1:病院】【診療科目:0】【一般病床数:850療養病床数:0精神病床数:27感染症病床数:0合計病床数:877】東京都文京区千駄木１－１－５" }, "geometry": { "type": "Point", "coordinates": [ 139.758734, 35.721056 ] } },
{ "type": "Feature", "properties": { "ID": 1311131200860, "正式名称": "医療法人社団大坪会　東都文京病院", "機関区分": 1, "都道府県コード": 13, "市区町村コード": 105, "所在地": "東京都文京区湯島３－５－７", "緯度": 35.704141, "経度": 139.767873, "url": "https://www.iryou.teikyouseido.mhlw.go.jp/znk-web/juminkanja/S2430/initialize?prefCd=13&kikanCd=1131200860&kikanKbn=1", "url2": "http://www.tohtobunkyo-hp.com", "内容": "医療法人社団大坪会　東都文京病院【1:病院】【診療科目:0】【一般病床数:126療養病床数:0精神病床数:0感染症病床数:0合計病床数:126】東京都文京区湯島３－５－７" }, "geometry": { "type": "Point", "coordinates": [ 139.767873, 35.704141 ] } },
{ "type": "Feature", "properties": { "ID": 1311131300210, "正式名称": "医療法人財団　神経科土田病院", "機関区分": 1, "都道府県コード": 13, "市区町村コード": 106, "所在地": "東京都台東区上野桜木１－１２－１２", "緯度": 35.721445, "経度": 139.77251, "url": "https://www.iryou.teikyouseido.mhlw.go.jp/znk-web/juminkanja/S2430/initialize?prefCd=13&kikanCd=1131300210&kikanKbn=1", "url2": "https://tsuchida-hp.jp", "内容": "医療法人財団　神経科土田病院【1:病院】【診療科目:0】【一般病床数:0療養病床数:0精神病床数:68感染症病床数:0合計病床数:68】東京都台東区上野桜木１－１２－１２" }, "geometry": { "type": "Point", "coordinates": [ 139.77251, 35.721445 ] } },
{ "type": "Feature", "properties": { "ID": 1311131300470, "正式名称": "医療法人社団同善会　同善病院", "機関区分": 1, "都道府県コード": 13, "市区町村コード": 106, "所在地": "東京都台東区三ノ輪２－７－５", "緯度": 35.729444, "経度": 139.793842, "url": "https://www.iryou.teikyouseido.mhlw.go.jp/znk-web/juminkanja/S2430/initialize?prefCd=13&kikanCd=1131300470&kikanKbn=1", "url2": "http://www.dozen-hp.com", "内容": "医療法人社団同善会　同善病院【1:病院】【診療科目:0】【一般病床数:0療養病床数:45精神病床数:0感染症病床数:0合計病床数:45】東京都台東区三ノ輪２－７－５" }, "geometry": { "type": "Point", "coordinates": [ 139.793842, 35.729444 ] } },
{ "type": "Feature", "properties": { "ID": 1311131400370, "正式名称": "公益財団法人ライフ・エクステンション研究所付属　永寿総合病院", "機関区分": 1, "都道府県コード": 13, "市区町村コード": 106, "所在地": "東京都台東区東上野２－２３－１６", "緯度": 35.709557, "経度": 139.779705, "url": "https://www.iryou.teikyouseido.mhlw.go.jp/znk-web/juminkanja/S2430/initialize?prefCd=13&kikanCd=1131400370&kikanKbn=1", "url2": "http://www.eijuhp.com", "内容": "公益財団法人ライフ・エクステンション研究所付属　永寿総合病院【1:病院】【診療科目:0】【一般病床数:400療養病床数:0精神病床数:0感染症病床数:0合計病床数:400】東京都台東区東上野２－２３－１６" }, "geometry": { "type": "Point", "coordinates": [ 139.779705, 35.709557 ] } },
{ "type": "Feature", "properties": { "ID": 1311131400400, "正式名称": "医療法人社団哺育会　浅草病院", "機関区分": 1, "都道府県コード": 13, "市区町村コード": 106, "所在地": "東京都台東区今戸２－２６－１５", "緯度": 35.722445, "経度": 139.807619, "url": "https://www.iryou.teikyouseido.mhlw.go.jp/znk-web/juminkanja/S2430/initialize?prefCd=13&kikanCd=1131400400&kikanKbn=1", "url2": "http://www.asakusa-hp.jp/", "内容": "医療法人社団哺育会　浅草病院【1:病院】【診療科目:0】【一般病床数:136療養病床数:0精神病床数:0感染症病床数:0合計病床数:136】東京都台東区今戸２－２６－１５" }, "geometry": { "type": "Point", "coordinates": [ 139.807619, 35.722445 ] } },
{ "type": "Feature", "properties": { "ID": 1311131400530, "正式名称": "社会福祉法人　浅草寺病院", "機関区分": 1, "都道府県コード": 13, "市区町村コード": 106, "所在地": "東京都台東区浅草２－３０－１７", "緯度": 35.716085, "経度": 139.796481, "url": "https://www.iryou.teikyouseido.mhlw.go.jp/znk-web/juminkanja/S2430/initialize?prefCd=13&kikanCd=1131400530&kikanKbn=1", "url2": "https://www.sensoji-h.or.jp", "内容": "社会福祉法人　浅草寺病院【1:病院】【診療科目:0】【一般病床数:60療養病床数:60精神病床数:0感染症病床数:0合計病床数:120】東京都台東区浅草２－３０－１７" }, "geometry": { "type": "Point", "coordinates": [ 139.796481, 35.716085 ] } },
{ "type": "Feature", "properties": { "ID": 1311131500270, "正式名称": "社会福祉法人恩賜財団済生会　支部東京都済生会　東京都済生会向島病院", "機関区分": 1, "都道府県コード": 13, "市区町村コード": 107, "所在地": "東京都墨田区八広１－５－１０", "緯度": 35.72089, "経度": 139.822145, "url": "https://www.iryou.teikyouseido.mhlw.go.jp/znk-web/juminkanja/S2430/initialize?prefCd=13&kikanCd=1131500270&kikanKbn=1", "url2": "https://www.saiseikai-mkj.jp", "内容": "社会福祉法人恩賜財団済生会　支部東京都済生会　東京都済生会向島病院【1:病院】【診療科目:0】【一般病床数:102療養病床数:0精神病床数:0感染症病床数:0合計病床数:102】東京都墨田区八広１－５－１０" }, "geometry": { "type": "Point", "coordinates": [ 139.822145, 35.72089 ] } },
{ "type": "Feature", "properties": { "ID": 1311131500300, "正式名称": "医療法人伯鳳会　東京曳舟病院", "機関区分": 1, "都道府県コード": 13, "市区町村コード": 107, "所在地": "東京都墨田区東向島２－２７－１", "緯度": 35.717724, "経度": 139.81684, "url": "https://www.iryou.teikyouseido.mhlw.go.jp/znk-web/juminkanja/S2430/initialize?prefCd=13&kikanCd=1131500300&kikanKbn=1", "url2": "http://tokyo-hikifune-hp.jp/", "内容": "医療法人伯鳳会　東京曳舟病院【1:病院】【診療科目:0】【一般病床数:200療養病床数:0精神病床数:0感染症病床数:0合計病床数:200】東京都墨田区東向島２－２７－１" }, "geometry": { "type": "Point", "coordinates": [ 139.81684, 35.717724 ] } },
{ "type": "Feature", "properties": { "ID": 1311131500720, "正式名称": "医療法人社団　中林病院", "機関区分": 1, "都道府県コード": 13, "市区町村コード": 107, "所在地": "東京都墨田区東向島３－２９－９", "緯度": 35.723501, "経度": 139.814923, "url": "https://www.iryou.teikyouseido.mhlw.go.jp/znk-web/juminkanja/S2430/initialize?prefCd=13&kikanCd=1131500720&kikanKbn=1", "url2": "http://www.nakabayashi-hp.com/", "内容": "医療法人社団　中林病院【1:病院】【診療科目:0】【一般病床数:29療養病床数:0精神病床数:0感染症病床数:0合計病床数:29】東京都墨田区東向島３－２９－９" }, "geometry": { "type": "Point", "coordinates": [ 139.814923, 35.723501 ] } },
{ "type": "Feature", "properties": { "ID": 1311131500850, "正式名称": "医療法人社団敬智会　梶原病院", "機関区分": 1, "都道府県コード": 13, "市区町村コード": 107, "所在地": "東京都墨田区墨田３－３１－１２", "緯度": 35.732278, "経度": 139.820423, "url": "https://www.iryou.teikyouseido.mhlw.go.jp/znk-web/juminkanja/S2430/initialize?prefCd=13&kikanCd=1131500850&kikanKbn=1", "url2": "http://www.kajiwara-hospital.com", "内容": "医療法人社団敬智会　梶原病院【1:病院】【診療科目:0】【一般病床数:16療養病床数:31精神病床数:0感染症病床数:0合計病床数:47】東京都墨田区墨田３－３１－１２" }, "geometry": { "type": "Point", "coordinates": [ 139.820423, 35.732278 ] } },
{ "type": "Feature", "properties": { "ID": 1311131501020, "正式名称": "医療法人社団隆靖会　墨田中央病院", "機関区分": 1, "都道府県コード": 13, "市区町村コード": 107, "所在地": "東京都墨田区京島３－６７－１", "緯度": 35.71303, "経度": 139.826395, "url": "https://www.iryou.teikyouseido.mhlw.go.jp/znk-web/juminkanja/S2430/initialize?prefCd=13&kikanCd=1131501020&kikanKbn=1", "url2": "http://www.sumida-chuou-hospital.or.jp", "内容": "医療法人社団隆靖会　墨田中央病院【1:病院】【診療科目:0】【一般病床数:97療養病床数:0精神病床数:0感染症病床数:0合計病床数:97】東京都墨田区京島３－６７－１" }, "geometry": { "type": "Point", "coordinates": [ 139.826395, 35.71303 ] } },
{ "type": "Feature", "properties": { "ID": 1311131501440, "正式名称": "医療法人社団仁寿会　中村病院", "機関区分": 1, "都道府県コード": 13, "市区町村コード": 107, "所在地": "東京都墨田区八広２－１－１", "緯度": 35.717696, "経度": 139.823701, "url": "https://www.iryou.teikyouseido.mhlw.go.jp/znk-web/juminkanja/S2430/initialize?prefCd=13&kikanCd=1131501440&kikanKbn=1", "url2": "https://www.jinjukai.or.jp", "内容": "医療法人社団仁寿会　中村病院【1:病院】【診療科目:0】【一般病床数:99療養病床数:31精神病床数:0感染症病床数:0合計病床数:130】東京都墨田区八広２－１－１" }, "geometry": { "type": "Point", "coordinates": [ 139.823701, 35.717696 ] } },
{ "type": "Feature", "properties": { "ID": 1311131501600, "正式名称": "東京都リハビリテーション病院", "機関区分": 1, "都道府県コード": 13, "市区町村コード": 107, "所在地": "東京都墨田区堤通２－１４－１", "緯度": 35.735833, "経度": 139.815812, "url": "https://www.iryou.teikyouseido.mhlw.go.jp/znk-web/juminkanja/S2430/initialize?prefCd=13&kikanCd=1131501600&kikanKbn=1", "url2": "http://www.tokyo-reha.jp", "内容": "東京都リハビリテーション病院【1:病院】【診療科目:0】【一般病床数:165療養病床数:0精神病床数:0感染症病床数:0合計病床数:165】東京都墨田区堤通２－１４－１" }, "geometry": { "type": "Point", "coordinates": [ 139.815812, 35.735833 ] } },
{ "type": "Feature", "properties": { "ID": 1311131600170, "正式名称": "地方独立行政法人東京都立病院機構　東京都立墨東病院", "機関区分": 1, "都道府県コード": 13, "市区町村コード": 107, "所在地": "東京都墨田区江東橋４－２３－１５", "緯度": 35.695199, "経度": 139.818452, "url": "https://www.iryou.teikyouseido.mhlw.go.jp/znk-web/juminkanja/S2430/initialize?prefCd=13&kikanCd=1131600170&kikanKbn=1", "url2": "https://www.tmhp.jp/bokutoh/", "内容": "地方独立行政法人東京都立病院機構　東京都立墨東病院【1:病院】【診療科目:0】【一般病床数:719療養病床数:0精神病床数:36感染症病床数:10合計病床数:765】東京都墨田区江東橋４－２３－１５" }, "geometry": { "type": "Point", "coordinates": [ 139.818452, 35.695199 ] } },
{ "type": "Feature", "properties": { "ID": 1311131600330, "正式名称": "社会福祉法人賛育会　賛育会病院", "機関区分": 1, "都道府県コード": 13, "市区町村コード": 107, "所在地": "東京都墨田区太平３－２０－２", "緯度": 35.702531, "経度": 139.814202, "url": "https://www.iryou.teikyouseido.mhlw.go.jp/znk-web/juminkanja/S2430/initialize?prefCd=13&kikanCd=1131600330&kikanKbn=1", "url2": "https://www.san-ikukai.or.jp/sumida/hospital/", "内容": "社会福祉法人賛育会　賛育会病院【1:病院】【診療科目:0】【一般病床数:199療養病床数:0精神病床数:0感染症病床数:0合計病床数:199】東京都墨田区太平３－２０－２" }, "geometry": { "type": "Point", "coordinates": [ 139.814202, 35.702531 ] } },
{ "type": "Feature", "properties": { "ID": 1311131600460, "正式名称": "同愛記念病院", "機関区分": 1, "都道府県コード": 13, "市区町村コード": 107, "所在地": "東京都墨田区横網２－１－１１", "緯度": 35.699225, "経度": 139.794065, "url": "https://www.iryou.teikyouseido.mhlw.go.jp/znk-web/juminkanja/S2430/initialize?prefCd=13&kikanCd=1131600460&kikanKbn=1", "url2": "http://www.doai.jp", "内容": "同愛記念病院【1:病院】【診療科目:0】【一般病床数:330療養病床数:30精神病床数:0感染症病床数:0合計病床数:360】東京都墨田区横網２－１－１１" }, "geometry": { "type": "Point", "coordinates": [ 139.794065, 35.699225 ] } },
{ "type": "Feature", "properties": { "ID": 1311131600620, "正式名称": "社会医療法人財団　正明会　山田記念病院", "機関区分": 1, "都道府県コード": 13, "市区町村コード": 107, "所在地": "東京都墨田区石原２－２０－１", "緯度": 35.701031, "経度": 139.800787, "url": "https://www.iryou.teikyouseido.mhlw.go.jp/znk-web/juminkanja/S2430/initialize?prefCd=13&kikanCd=1131600620&kikanKbn=1", "url2": "http://yamada-kinenhp.jp", "内容": "社会医療法人財団　正明会　山田記念病院【1:病院】【診療科目:0】【一般病床数:98療養病床数:42精神病床数:0感染症病床数:0合計病床数:140】東京都墨田区石原２－２０－１" }, "geometry": { "type": "Point", "coordinates": [ 139.800787, 35.701031 ] } },
{ "type": "Feature", "properties": { "ID": 1311131600750, "正式名称": "湘南メディカル記念病院", "機関区分": 1, "都道府県コード": 13, "市区町村コード": 107, "所在地": "東京都墨田区両国２－２１－１", "緯度": 35.695531, "経度": 139.792454, "url": "https://www.iryou.teikyouseido.mhlw.go.jp/znk-web/juminkanja/S2430/initialize?prefCd=13&kikanCd=1131600750&kikanKbn=1", "url2": "https://www.sbc-hospital.jp/", "内容": "湘南メディカル記念病院【1:病院】【診療科目:0】【一般病床数:89療養病床数:0精神病床数:0感染症病床数:0合計病床数:89】東京都墨田区両国２－２１－１" }, "geometry": { "type": "Point", "coordinates": [ 139.792454, 35.695531 ] } },
{ "type": "Feature", "properties": { "ID": 1311131700230, "正式名称": "社会医療法人社団順江会　江東病院", "機関区分": 1, "都道府県コード": 13, "市区町村コード": 108, "所在地": "東京都江東区大島６－８－５", "緯度": 35.69031, "経度": 139.834229, "url": "https://www.iryou.teikyouseido.mhlw.go.jp/znk-web/juminkanja/S2430/initialize?prefCd=13&kikanCd=1131700230&kikanKbn=1", "url2": "http://www.koto-hospital.or.jp/", "内容": "社会医療法人社団順江会　江東病院【1:病院】【診療科目:0】【一般病床数:286療養病床数:0精神病床数:0感染症病床数:0合計病床数:286】東京都江東区大島６－８－５" }, "geometry": { "type": "Point", "coordinates": [ 139.834229, 35.69031 ] } },
{ "type": "Feature", "properties": { "ID": 1311131700360, "正式名称": "医療法人財団寿康会　寿康会病院", "機関区分": 1, "都道府県コード": 13, "市区町村コード": 108, "所在地": "東京都江東区北砂２－１－２２", "緯度": 35.678978, "経度": 139.827036, "url": "https://www.iryou.teikyouseido.mhlw.go.jp/znk-web/juminkanja/S2430/initialize?prefCd=13&kikanCd=1131700360&kikanKbn=1", "url2": "https://jukoukai.or.jp/", "内容": "医療法人財団寿康会　寿康会病院【1:病院】【診療科目:0】【一般病床数:49療養病床数:0精神病床数:0感染症病床数:0合計病床数:49】東京都江東区北砂２－１－２２" }, "geometry": { "type": "Point", "coordinates": [ 139.827036, 35.678978 ] } },
{ "type": "Feature", "properties": { "ID": 1311131700780, "正式名称": "医療法人社団恵信会　友仁病院", "機関区分": 1, "都道府県コード": 13, "市区町村コード": 108, "所在地": "東京都江東区亀戸２－４１－１", "緯度": 35.700809, "経度": 139.823535, "url": "https://www.iryou.teikyouseido.mhlw.go.jp/znk-web/juminkanja/S2430/initialize?prefCd=13&kikanCd=1131700780&kikanKbn=1", "url2": null, "内容": "医療法人社団恵信会　友仁病院【1:病院】【診療科目:0】【一般病床数:72療養病床数:0精神病床数:0感染症病床数:0合計病床数:72】東京都江東区亀戸２－４１－１" }, "geometry": { "type": "Point", "coordinates": [ 139.823535, 35.700809 ] } },
{ "type": "Feature", "properties": { "ID": 1311131701080, "正式名称": "独立行政法人地域医療機能推進機構　東京城東病院", "機関区分": 1, "都道府県コード": 13, "市区町村コード": 108, "所在地": "東京都江東区亀戸９－１３－１", "緯度": 35.695199, "経度": 139.846061, "url": "https://www.iryou.teikyouseido.mhlw.go.jp/znk-web/juminkanja/S2430/initialize?prefCd=13&kikanCd=1131701080&kikanKbn=1", "url2": "http://joto.jcho.go.jp", "内容": "独立行政法人地域医療機能推進機構　東京城東病院【1:病院】【診療科目:0】【一般病床数:117療養病床数:0精神病床数:0感染症病床数:0合計病床数:117】東京都江東区亀戸９－１３－１" }, "geometry": { "type": "Point", "coordinates": [ 139.846061, 35.695199 ] } },
{ "type": "Feature", "properties": { "ID": 1311131701240, "正式名称": "医療法人社団愛育会　愛和病院", "機関区分": 1, "都道府県コード": 13, "市区町村コード": 108, "所在地": "東京都江東区東砂４－２０－２", "緯度": 35.677867, "経度": 139.838785, "url": "https://www.iryou.teikyouseido.mhlw.go.jp/znk-web/juminkanja/S2430/initialize?prefCd=13&kikanCd=1131701240&kikanKbn=1", "url2": "https://www.aiiku-med.or.jp/", "内容": "医療法人社団愛育会　愛和病院【1:病院】【診療科目:0】【一般病床数:0療養病床数:60精神病床数:0感染症病床数:0合計病床数:60】東京都江東区東砂４－２０－２" }, "geometry": { "type": "Point", "coordinates": [ 139.838785, 35.677867 ] } },
{ "type": "Feature", "properties": { "ID": 1311131800390, "正式名称": "社会福祉法人あそか会　あそか病院", "機関区分": 1, "都道府県コード": 13, "市区町村コード": 108, "所在地": "東京都江東区住吉１－１８－１", "緯度": 35.690005, "経度": 139.811981, "url": "https://www.iryou.teikyouseido.mhlw.go.jp/znk-web/juminkanja/S2430/initialize?prefCd=13&kikanCd=1131800390&kikanKbn=1", "url2": "http://hp.asokakai.or.jp/", "内容": "社会福祉法人あそか会　あそか病院【1:病院】【診療科目:0】【一般病床数:216療養病床数:38精神病床数:0感染症病床数:0合計病床数:254】東京都江東区住吉１－１８－１" }, "geometry": { "type": "Point", "coordinates": [ 139.811981, 35.690005 ] } },
{ "type": "Feature", "properties": { "ID": 1311131800550, "正式名称": "医療法人社団高裕会　深川立川病院", "機関区分": 1, "都道府県コード": 13, "市区町村コード": 108, "所在地": "東京都江東区扇橋２－２－３", "緯度": 35.682728, "経度": 139.814648, "url": "https://www.iryou.teikyouseido.mhlw.go.jp/znk-web/juminkanja/S2430/initialize?prefCd=13&kikanCd=1131800550&kikanKbn=1", "url2": "http://www.tachikawa-hospital.jp", "内容": "医療法人社団高裕会　深川立川病院【1:病院】【診療科目:0】【一般病床数:90療養病床数:0精神病床数:0感染症病床数:0合計病床数:90】東京都江東区扇橋２－２－３" }, "geometry": { "type": "Point", "coordinates": [ 139.814648, 35.682728 ] } },
{ "type": "Feature", "properties": { "ID": 1311131800680, "正式名称": "医療法人社団修世会　木場病院", "機関区分": 1, "都道府県コード": 13, "市区町村コード": 108, "所在地": "東京都江東区木場５－８－７", "緯度": 35.671173, "経度": 139.807926, "url": "https://www.iryou.teikyouseido.mhlw.go.jp/znk-web/juminkanja/S2430/initialize?prefCd=13&kikanCd=1131800680&kikanKbn=1", "url2": "http://www.kiba-hp.or.jp", "内容": "医療法人社団修世会　木場病院【1:病院】【診療科目:0】【一般病床数:45療養病床数:31精神病床数:0感染症病床数:0合計病床数:76】東京都江東区木場５－８－７" }, "geometry": { "type": "Point", "coordinates": [ 139.807926, 35.671173 ] } },
{ "type": "Feature", "properties": { "ID": 1311131800710, "正式名称": "昭和医科大学江東豊洲病院", "機関区分": 1, "都道府県コード": 13, "市区町村コード": 108, "所在地": "東京都江東区豊洲５－１－３８", "緯度": 35.651092, "経度": 139.796012, "url": "https://www.iryou.teikyouseido.mhlw.go.jp/znk-web/juminkanja/S2430/initialize?prefCd=13&kikanCd=1131800710&kikanKbn=1", "url2": "http://www.showa-u.ac.jp/SHKT/", "内容": "昭和医科大学江東豊洲病院【1:病院】【診療科目:0】【一般病床数:400療養病床数:0精神病床数:0感染症病床数:0合計病床数:400】東京都江東区豊洲５－１－３８" }, "geometry": { "type": "Point", "coordinates": [ 139.796012, 35.651092 ] } },
{ "type": "Feature", "properties": { "ID": 1311131800970, "正式名称": "医療法人社団青藍会　鈴木病院", "機関区分": 1, "都道府県コード": 13, "市区町村コード": 108, "所在地": "東京都江東区塩浜２－７－３", "緯度": 35.661869, "経度": 139.806649, "url": "https://www.iryou.teikyouseido.mhlw.go.jp/znk-web/juminkanja/S2430/initialize?prefCd=13&kikanCd=1131800970&kikanKbn=1", "url2": "http://www.seirankai-suzuki.jp/", "内容": "医療法人社団青藍会　鈴木病院【1:病院】【診療科目:0】【一般病床数:48療養病床数:0精神病床数:0感染症病床数:0合計病床数:48】東京都江東区塩浜２－７－３" }, "geometry": { "type": "Point", "coordinates": [ 139.806649, 35.661869 ] } },
{ "type": "Feature", "properties": { "ID": 1311131900290, "正式名称": "ＮＴＴ東日本関東病院", "機関区分": 1, "都道府県コード": 13, "市区町村コード": 109, "所在地": "東京都品川区東五反田５－９－２２", "緯度": 35.630843, "経度": 139.725574, "url": "https://www.iryou.teikyouseido.mhlw.go.jp/znk-web/juminkanja/S2430/initialize?prefCd=13&kikanCd=1131900290&kikanKbn=1", "url2": "https://www.nmct.ntt-east.co.jp/", "内容": "ＮＴＴ東日本関東病院【1:病院】【診療科目:0】【一般病床数:544療養病床数:0精神病床数:50感染症病床数:0合計病床数:594】東京都品川区東五反田５－９－２２" }, "geometry": { "type": "Point", "coordinates": [ 139.725574, 35.630843 ] } },
{ "type": "Feature", "properties": { "ID": 1311131900580, "正式名称": "公益財団法人　河野臨牀医学研究所附属第三北品川病院", "機関区分": 1, "都道府県コード": 13, "市区町村コード": 109, "所在地": "東京都品川区北品川３－３－７", "緯度": 35.621288, "経度": 139.738879, "url": "https://www.iryou.teikyouseido.mhlw.go.jp/znk-web/juminkanja/S2430/initialize?prefCd=13&kikanCd=1131900580&kikanKbn=1", "url2": "http://www.kcmi.or.jp", "内容": "公益財団法人　河野臨牀医学研究所附属第三北品川病院【1:病院】【診療科目:0】【一般病床数:114療養病床数:0精神病床数:0感染症病床数:0合計病床数:114】東京都品川区北品川３－３－７" }, "geometry": { "type": "Point", "coordinates": [ 139.738879, 35.621288 ] } },
{ "type": "Feature", "properties": { "ID": 1311131900610, "正式名称": "公益財団法人　河野臨牀医学研究所附属品川リハビリテーション病院", "機関区分": 1, "都道府県コード": 13, "市区町村コード": 109, "所在地": "東京都品川区北品川５－２－１", "緯度": 35.62326, "経度": 139.731657, "url": "https://www.iryou.teikyouseido.mhlw.go.jp/znk-web/juminkanja/S2430/initialize?prefCd=13&kikanCd=1131900610&kikanKbn=1", "url2": "http://kcmi.or.jp", "内容": "公益財団法人　河野臨牀医学研究所附属品川リハビリテーション病院【1:病院】【診療科目:0】【一般病床数:0療養病床数:130精神病床数:0感染症病床数:0合計病床数:130】東京都品川区北品川５－２－１" }, "geometry": { "type": "Point", "coordinates": [ 139.731657, 35.62326 ] } },
{ "type": "Feature", "properties": { "ID": 1311131900870, "正式名称": "医療法人財団佐花会　大井中央病院", "機関区分": 1, "都道府県コード": 13, "市区町村コード": 109, "所在地": "東京都品川区大井４－１１－２７", "緯度": 35.60129, "経度": 139.733575, "url": "https://www.iryou.teikyouseido.mhlw.go.jp/znk-web/juminkanja/S2430/initialize?prefCd=13&kikanCd=1131900870&kikanKbn=1", "url2": "https://oichu.jp", "内容": "医療法人財団佐花会　大井中央病院【1:病院】【診療科目:0】【一般病床数:20療養病床数:35精神病床数:0感染症病床数:0合計病床数:55】東京都品川区大井４－１１－２７" }, "geometry": { "type": "Point", "coordinates": [ 139.733575, 35.60129 ] } },
{ "type": "Feature", "properties": { "ID": 1311131900900, "正式名称": "医療法人社団仁生堂　大村病院", "機関区分": 1, "都道府県コード": 13, "市区町村コード": 109, "所在地": "東京都品川区大井３－２７－１１", "緯度": 35.60029, "経度": 139.730103, "url": "https://www.iryou.teikyouseido.mhlw.go.jp/znk-web/juminkanja/S2430/initialize?prefCd=13&kikanCd=1131900900&kikanKbn=1", "url2": "https://ohmura-oimachi.jp/", "内容": "医療法人社団仁生堂　大村病院【1:病院】【診療科目:0】【一般病床数:45療養病床数:0精神病床数:0感染症病床数:0合計病床数:45】東京都品川区大井３－２７－１１" }, "geometry": { "type": "Point", "coordinates": [ 139.730103, 35.60029 ] } },
{ "type": "Feature", "properties": { "ID": 1311131901170, "正式名称": "社会医療法人社団東京巨樹の会　東京品川病院", "機関区分": 1, "都道府県コード": 13, "市区町村コード": 109, "所在地": "東京都品川区東大井６－３－２２", "緯度": 35.601679, "経度": 139.73488, "url": "https://www.iryou.teikyouseido.mhlw.go.jp/znk-web/juminkanja/S2430/initialize?prefCd=13&kikanCd=1131901170&kikanKbn=1", "url2": "http://tokyo-shinagawa.jp/", "内容": "社会医療法人社団東京巨樹の会　東京品川病院【1:病院】【診療科目:0】【一般病床数:400療養病床数:0精神病床数:0感染症病床数:0合計病床数:400】東京都品川区東大井６－３－２２" }, "geometry": { "type": "Point", "coordinates": [ 139.73488, 35.601679 ] } },
{ "type": "Feature", "properties": { "ID": 1311131901620, "正式名称": "医療法人社団有仁会　阿部病院", "機関区分": 1, "都道府県コード": 13, "市区町村コード": 109, "所在地": "東京都品川区東五反田１－６－８", "緯度": 35.626954, "経度": 139.726185, "url": "https://www.iryou.teikyouseido.mhlw.go.jp/znk-web/juminkanja/S2430/initialize?prefCd=13&kikanCd=1131901620&kikanKbn=1", "url2": "http://abe-byoin.jp", "内容": "医療法人社団有仁会　阿部病院【1:病院】【診療科目:0】【一般病床数:0療養病床数:84精神病床数:0感染症病床数:0合計病床数:84】東京都品川区東五反田１－６－８" }, "geometry": { "type": "Point", "coordinates": [ 139.726185, 35.626954 ] } },
{ "type": "Feature", "properties": { "ID": 1311131902180, "正式名称": "昭和医科大学病院附属東病院", "機関区分": 1, "都道府県コード": 13, "市区町村コード": 109, "所在地": "東京都品川区西中延２－１４－１９", "緯度": 35.609595, "経度": 139.705604, "url": "https://www.iryou.teikyouseido.mhlw.go.jp/znk-web/juminkanja/S2430/initialize?prefCd=13&kikanCd=1131902180&kikanKbn=1", "url2": "http://www.showa-u.ac.jp/SUHE/index.html", "内容": "昭和医科大学病院附属東病院【1:病院】【診療科目:0】【一般病床数:199療養病床数:0精神病床数:0感染症病床数:0合計病床数:199】東京都品川区西中延２－１４－１９" }, "geometry": { "type": "Point", "coordinates": [ 139.705604, 35.609595 ] } },
{ "type": "Feature", "properties": { "ID": 1311131902210, "正式名称": "医療法人社団空と大地　大崎病院東京ハートセンター", "機関区分": 1, "都道府県コード": 13, "市区町村コード": 109, "所在地": "東京都品川区北品川５－４－１２", "緯度": 35.621622, "経度": 139.731824, "url": "https://www.iryou.teikyouseido.mhlw.go.jp/znk-web/juminkanja/S2430/initialize?prefCd=13&kikanCd=1131902210&kikanKbn=1", "url2": "http://www.tokyoheart.or.jp/", "内容": "医療法人社団空と大地　大崎病院東京ハートセンター【1:病院】【診療科目:0】【一般病床数:88療養病床数:0精神病床数:0感染症病床数:0合計病床数:88】東京都品川区北品川５－４－１２" }, "geometry": { "type": "Point", "coordinates": [ 139.731824, 35.621622 ] } },
{ "type": "Feature", "properties": { "ID": 1311132000230, "正式名称": "昭和医科大学病院", "機関区分": 1, "都道府県コード": 13, "市区町村コード": 109, "所在地": "東京都品川区旗の台１－５－８", "緯度": 35.608678, "経度": 139.703438, "url": "https://www.iryou.teikyouseido.mhlw.go.jp/znk-web/juminkanja/S2430/initialize?prefCd=13&kikanCd=1132000230&kikanKbn=1", "url2": "http://hosp.showa-u.ac.jp/SUH/", "内容": "昭和医科大学病院【1:病院】【診療科目:0】【一般病床数:815療養病床数:0精神病床数:0感染症病床数:0合計病床数:815】東京都品川区旗の台１－５－８" }, "geometry": { "type": "Point", "coordinates": [ 139.703438, 35.608678 ] } },
{ "type": "Feature", "properties": { "ID": 1311132000780, "正式名称": "医療法人社団　旗の台病院", "機関区分": 1, "都道府県コード": 13, "市区町村コード": 109, "所在地": "東京都品川区旗の台５－１７－１６", "緯度": 35.603623, "経度": 139.698744, "url": "https://www.iryou.teikyouseido.mhlw.go.jp/znk-web/juminkanja/S2430/initialize?prefCd=13&kikanCd=1132000780&kikanKbn=1", "url2": "https://www.hatanodai.or.jp/", "内容": "医療法人社団　旗の台病院【1:病院】【診療科目:0】【一般病床数:60療養病床数:0精神病床数:0感染症病床数:0合計病床数:60】東京都品川区旗の台５－１７－１６" }, "geometry": { "type": "Point", "coordinates": [ 139.698744, 35.603623 ] } },
{ "type": "Feature", "properties": { "ID": 1311132100260, "正式名称": "国家公務員共済組合連合会　三宿病院", "機関区分": 1, "都道府県コード": 13, "市区町村コード": 110, "所在地": "東京都目黒区上目黒５－３３－１２", "緯度": 35.642452, "経度": 139.685132, "url": "https://www.iryou.teikyouseido.mhlw.go.jp/znk-web/juminkanja/S2430/initialize?prefCd=13&kikanCd=1132100260&kikanKbn=1", "url2": "https://mishuku.kkr.or.jp/", "内容": "国家公務員共済組合連合会　三宿病院【1:病院】【診療科目:0】【一般病床数:200療養病床数:38精神病床数:0感染症病床数:0合計病床数:238】東京都目黒区上目黒５－３３－１２" }, "geometry": { "type": "Point", "coordinates": [ 139.685132, 35.642452 ] } },
{ "type": "Feature", "properties": { "ID": 1311132100390, "正式名称": "国家公務員共済組合連合会　東京共済病院", "機関区分": 1, "都道府県コード": 13, "市区町村コード": 110, "所在地": "東京都目黒区中目黒２－３－８", "緯度": 35.641813, "経度": 139.704298, "url": "https://www.iryou.teikyouseido.mhlw.go.jp/znk-web/juminkanja/S2430/initialize?prefCd=13&kikanCd=1132100390&kikanKbn=1", "url2": "https://tkh.kkr.or.jp", "内容": "国家公務員共済組合連合会　東京共済病院【1:病院】【診療科目:0】【一般病床数:350療養病床数:0精神病床数:0感染症病床数:0合計病床数:350】東京都目黒区中目黒２－３－８" }, "geometry": { "type": "Point", "coordinates": [ 139.704298, 35.641813 ] } },
{ "type": "Feature", "properties": { "ID": 1311132100840, "正式名称": "東邦大学医療センター大橋病院", "機関区分": 1, "都道府県コード": 13, "市区町村コード": 110, "所在地": "東京都目黒区大橋２－２２－３６", "緯度": 35.652145, "経度": 139.683771, "url": "https://www.iryou.teikyouseido.mhlw.go.jp/znk-web/juminkanja/S2430/initialize?prefCd=13&kikanCd=1132100840&kikanKbn=1", "url2": "https://www.ohashi.med.toho-u.ac.jp/", "内容": "東邦大学医療センター大橋病院【1:病院】【診療科目:0】【一般病床数:320療養病床数:0精神病床数:0感染症病床数:0合計病床数:320】東京都目黒区大橋２－２２－３６" }, "geometry": { "type": "Point", "coordinates": [ 139.683771, 35.652145 ] } },
{ "type": "Feature", "properties": { "ID": 1311132101010, "正式名称": "総合病院　厚生中央病院", "機関区分": 1, "都道府県コード": 13, "市区町村コード": 110, "所在地": "東京都目黒区三田１－１１－７", "緯度": 35.641536, "経度": 139.712519, "url": "https://www.iryou.teikyouseido.mhlw.go.jp/znk-web/juminkanja/S2430/initialize?prefCd=13&kikanCd=1132101010&kikanKbn=1", "url2": "https://www.kohseichuo.jp", "内容": "総合病院　厚生中央病院【1:病院】【診療科目:0】【一般病床数:320療養病床数:0精神病床数:0感染症病床数:0合計病床数:320】東京都目黒区三田１－１１－７" }, "geometry": { "type": "Point", "coordinates": [ 139.712519, 35.641536 ] } },
{ "type": "Feature", "properties": { "ID": 1311132200160, "正式名称": "独立行政法人国立病院機構東京医療センター", "機関区分": 1, "都道府県コード": 13, "市区町村コード": 110, "所在地": "東京都目黒区東が丘２－５－１", "緯度": 35.625703, "経度": 139.666663, "url": "https://www.iryou.teikyouseido.mhlw.go.jp/znk-web/juminkanja/S2430/initialize?prefCd=13&kikanCd=1132200160&kikanKbn=1", "url2": "https://tokyo-mc.hosp.go.jp/", "内容": "独立行政法人国立病院機構東京医療センター【1:病院】【診療科目:0】【一般病床数:640療養病床数:0精神病床数:0感染症病床数:0合計病床数:640】東京都目黒区東が丘２－５－１" }, "geometry": { "type": "Point", "coordinates": [ 139.666663, 35.625703 ] } },
{ "type": "Feature", "properties": { "ID": 1311132200290, "正式名称": "医療法人社団目黒厚生会　本田病院", "機関区分": 1, "都道府県コード": 13, "市区町村コード": 110, "所在地": "東京都目黒区柿の木坂１－３０－５", "緯度": 35.618676, "経度": 139.675801, "url": "https://www.iryou.teikyouseido.mhlw.go.jp/znk-web/juminkanja/S2430/initialize?prefCd=13&kikanCd=1132200290&kikanKbn=1", "url2": "http://www.honda-hp.or.jp", "内容": "医療法人社団目黒厚生会　本田病院【1:病院】【診療科目:0】【一般病床数:33療養病床数:35精神病床数:0感染症病床数:0合計病床数:68】東京都目黒区柿の木坂１－３０－５" }, "geometry": { "type": "Point", "coordinates": [ 139.675801, 35.618676 ] } },
{ "type": "Feature", "properties": { "ID": 1311132200450, "正式名称": "医療法人財団日扇会　第一病院", "機関区分": 1, "都道府県コード": 13, "市区町村コード": 110, "所在地": "東京都目黒区中根２－１０－２０", "緯度": 35.614649, "経度": 139.676607, "url": "https://www.iryou.teikyouseido.mhlw.go.jp/znk-web/juminkanja/S2430/initialize?prefCd=13&kikanCd=1132200450&kikanKbn=1", "url2": "http://www2.nissenkai.or.jp", "内容": "医療法人財団日扇会　第一病院【1:病院】【診療科目:0】【一般病床数:46療養病床数:0精神病床数:0感染症病床数:0合計病床数:46】東京都目黒区中根２－１０－２０" }, "geometry": { "type": "Point", "coordinates": [ 139.676607, 35.614649 ] } },
{ "type": "Feature", "properties": { "ID": 1311132200580, "正式名称": "医療法人社団爽玄会　碑文谷病院", "機関区分": 1, "都道府県コード": 13, "市区町村コード": 110, "所在地": "東京都目黒区南２－９－７", "緯度": 35.614316, "経度": 139.685967, "url": "https://www.iryou.teikyouseido.mhlw.go.jp/znk-web/juminkanja/S2430/initialize?prefCd=13&kikanCd=1132200580&kikanKbn=1", "url2": "http://himonya-hosp.com", "内容": "医療法人社団爽玄会　碑文谷病院【1:病院】【診療科目:0】【一般病床数:29療養病床数:43精神病床数:0感染症病床数:0合計病床数:72】東京都目黒区南２－９－７" }, "geometry": { "type": "Point", "coordinates": [ 139.685967, 35.614316 ] } },
{ "type": "Feature", "properties": { "ID": 1311132300190, "正式名称": "日本赤十字社東京都支部大森赤十字病院", "機関区分": 1, "都道府県コード": 13, "市区町村コード": 111, "所在地": "東京都大田区中央４－３０－１", "緯度": 35.579154, "経度": 139.717549, "url": "https://www.iryou.teikyouseido.mhlw.go.jp/znk-web/juminkanja/S2430/initialize?prefCd=13&kikanCd=1132300190&kikanKbn=1", "url2": "http://www.omori.jrc.or.jp/", "内容": "日本赤十字社東京都支部大森赤十字病院【1:病院】【診療科目:0】【一般病床数:340療養病床数:0精神病床数:0感染症病床数:0合計病床数:340】東京都大田区中央４－３０－１" }, "geometry": { "type": "Point", "coordinates": [ 139.717549, 35.579154 ] } },
{ "type": "Feature", "properties": { "ID": 1311132300220, "正式名称": "医療法人社団松和会　池上総合病院", "機関区分": 1, "都道府県コード": 13, "市区町村コード": 111, "所在地": "東京都大田区池上６－１－１９", "緯度": 35.572682, "経度": 139.704162, "url": "https://www.iryou.teikyouseido.mhlw.go.jp/znk-web/juminkanja/S2430/initialize?prefCd=13&kikanCd=1132300220&kikanKbn=1", "url2": "http://www.ikegamihosp.jp/", "内容": "医療法人社団松和会　池上総合病院【1:病院】【診療科目:0】【一般病床数:290療養病床数:94精神病床数:0感染症病床数:0合計病床数:384】東京都大田区池上６－１－１９" }, "geometry": { "type": "Point", "coordinates": [ 139.704162, 35.572682 ] } },
{ "type": "Feature", "properties": { "ID": 1311132300350, "正式名称": "医療法人横浜未来ヘルスケアシステム　大田池上病院", "機関区分": 1, "都道府県コード": 13, "市区町村コード": 111, "所在地": "東京都大田区池上２－７－１０", "緯度": 35.578459, "経度": 139.701106, "url": "https://www.iryou.teikyouseido.mhlw.go.jp/znk-web/juminkanja/S2430/initialize?prefCd=13&kikanCd=1132300350&kikanKbn=1", "url2": "http://www.matsuihsp.or.jp/", "内容": "医療法人横浜未来ヘルスケアシステム　大田池上病院【1:病院】【診療科目:0】【一般病床数:144療養病床数:0精神病床数:0感染症病床数:0合計病床数:144】東京都大田区池上２－７－１０" }, "geometry": { "type": "Point", "coordinates": [ 139.701106, 35.578459 ] } },
{ "type": "Feature", "properties": { "ID": 1311132300480, "正式名称": "医療法人財団中島記念会　大森山王病院", "機関区分": 1, "都道府県コード": 13, "市区町村コード": 111, "所在地": "東京都大田区山王３－９－６", "緯度": 35.58207, "経度": 139.72266, "url": "https://www.iryou.teikyouseido.mhlw.go.jp/znk-web/juminkanja/S2430/initialize?prefCd=13&kikanCd=1132300480&kikanKbn=1", "url2": "http://www.nakajima-hp.or.jp/", "内容": "医療法人財団中島記念会　大森山王病院【1:病院】【診療科目:0】【一般病床数:30療養病床数:35精神病床数:0感染症病床数:0合計病床数:65】東京都大田区山王３－９－６" }, "geometry": { "type": "Point", "coordinates": [ 139.72266, 35.58207 ] } },
{ "type": "Feature", "properties": { "ID": 1311132300510, "正式名称": "社会医療法人財団仁医会　牧田総合病院", "機関区分": 1, "都道府県コード": 13, "市区町村コード": 111, "所在地": "東京都大田区西蒲田８－２０－１", "緯度": 35.559822, "経度": 139.713051, "url": "https://www.iryou.teikyouseido.mhlw.go.jp/znk-web/juminkanja/S2430/initialize?prefCd=13&kikanCd=1132300510&kikanKbn=1", "url2": "http://www.makita-hosp.or.jp/", "内容": "社会医療法人財団仁医会　牧田総合病院【1:病院】【診療科目:0】【一般病床数:290療養病床数:0精神病床数:0感染症病床数:0合計病床数:290】東京都大田区西蒲田８－２０－１" }, "geometry": { "type": "Point", "coordinates": [ 139.713051, 35.559822 ] } },
{ "type": "Feature", "properties": { "ID": 1311132301100, "正式名称": "東邦大学医療センター大森病院", "機関区分": 1, "都道府県コード": 13, "市区町村コード": 111, "所在地": "東京都大田区大森西６－１１－１", "緯度": 35.56946, "経度": 139.724327, "url": "https://www.iryou.teikyouseido.mhlw.go.jp/znk-web/juminkanja/S2430/initialize?prefCd=13&kikanCd=1132301100&kikanKbn=1", "url2": "http://www.omori.med.toho-u.ac.jp", "内容": "東邦大学医療センター大森病院【1:病院】【診療科目:0】【一般病床数:880療養病床数:0精神病床数:30感染症病床数:0合計病床数:910】東京都大田区大森西６－１１－１" }, "geometry": { "type": "Point", "coordinates": [ 139.724327, 35.56946 ] } },
{ "type": "Feature", "properties": { "ID": 1311132400120, "正式名称": "地方独立行政法人東京都立病院機構　東京都立荏原病院", "機関区分": 1, "都道府県コード": 13, "市区町村コード": 111, "所在地": "東京都大田区東雪谷４－５－１０", "緯度": 35.593707, "経度": 139.692967, "url": "https://www.iryou.teikyouseido.mhlw.go.jp/znk-web/juminkanja/S2430/initialize?prefCd=13&kikanCd=1132400120&kikanKbn=1", "url2": "https://www.tmhp.jp/ebara/", "内容": "地方独立行政法人東京都立病院機構　東京都立荏原病院【1:病院】【診療科目:0】【一般病床数:411療養病床数:0精神病床数:30感染症病床数:20合計病床数:461】東京都大田区東雪谷４－５－１０" }, "geometry": { "type": "Point", "coordinates": [ 139.692967, 35.593707 ] } },
{ "type": "Feature", "properties": { "ID": 1311132400380, "正式名称": "医療法人社団七仁会　田園調布中央病院", "機関区分": 1, "都道府県コード": 13, "市区町村コード": 111, "所在地": "東京都大田区田園調布１－５４－９", "緯度": 35.586465, "経度": 139.669524, "url": "https://www.iryou.teikyouseido.mhlw.go.jp/znk-web/juminkanja/S2430/initialize?prefCd=13&kikanCd=1132400380&kikanKbn=1", "url2": "http://denenchofu-hp.jp/", "内容": "医療法人社団七仁会　田園調布中央病院【1:病院】【診療科目:0】【一般病床数:100療養病床数:0精神病床数:0感染症病床数:0合計病床数:100】東京都大田区田園調布１－５４－９" }, "geometry": { "type": "Point", "coordinates": [ 139.669524, 35.586465 ] } },
{ "type": "Feature", "properties": { "ID": 1311132400700, "正式名称": "昭和医科大学歯科病院", "機関区分": 1, "都道府県コード": 13, "市区町村コード": 111, "所在地": "東京都大田区北千束２－１－１", "緯度": 35.608983, "経度": 139.694078, "url": "https://www.iryou.teikyouseido.mhlw.go.jp/znk-web/juminkanja/S2430/initialize?prefCd=13&kikanCd=1132400700&kikanKbn=1", "url2": "http://www.showa-u.ac.jp/SUHD/", "内容": "昭和医科大学歯科病院【1:病院】【診療科目:0】【一般病床数:22療養病床数:0精神病床数:0感染症病床数:0合計病床数:22】東京都大田区北千束２－１－１" }, "geometry": { "type": "Point", "coordinates": [ 139.694078, 35.608983 ] } },
{ "type": "Feature", "properties": { "ID": 1311132500310, "正式名称": "医療法人社団メドビュー　東京ちどり病院", "機関区分": 1, "都道府県コード": 13, "市区町村コード": 111, "所在地": "東京都大田区千鳥２－３９－１０", "緯度": 35.567738, "経度": 139.695913, "url": "https://www.iryou.teikyouseido.mhlw.go.jp/znk-web/juminkanja/S2430/initialize?prefCd=13&kikanCd=1132500310&kikanKbn=1", "url2": "http://www.yoshieikai.com/chidori/index.html", "内容": "医療法人社団メドビュー　東京ちどり病院【1:病院】【診療科目:0】【一般病床数:38療養病床数:60精神病床数:0感染症病床数:0合計病床数:98】東京都大田区千鳥２－３９－１０" }, "geometry": { "type": "Point", "coordinates": [ 139.695913, 35.567738 ] } },
{ "type": "Feature", "properties": { "ID": 1311132500570, "正式名称": "医療法人社団森と海東京　東京蒲田病院", "機関区分": 1, "都道府県コード": 13, "市区町村コード": 111, "所在地": "東京都大田区西蒲田７－１０－１", "緯度": 35.564322, "経度": 139.711828, "url": "https://www.iryou.teikyouseido.mhlw.go.jp/znk-web/juminkanja/S2430/initialize?prefCd=13&kikanCd=1132500570&kikanKbn=1", "url2": "https://www.t-kamata-hosp.or.jp", "内容": "医療法人社団森と海東京　東京蒲田病院【1:病院】【診療科目:0】【一般病床数:124療養病床数:56精神病床数:0感染症病床数:0合計病床数:180】東京都大田区西蒲田７－１０－１" }, "geometry": { "type": "Point", "coordinates": [ 139.711828, 35.564322 ] } },
{ "type": "Feature", "properties": { "ID": 1311132501320, "正式名称": "医療法人社団静恒会　本多病院", "機関区分": 1, "都道府県コード": 13, "市区町村コード": 111, "所在地": "東京都大田区東矢口１－１７－１５", "緯度": 35.564322, "経度": 139.706523, "url": "https://www.iryou.teikyouseido.mhlw.go.jp/znk-web/juminkanja/S2430/initialize?prefCd=13&kikanCd=1132501320&kikanKbn=1", "url2": "http://www.seikou-kai.jp/", "内容": "医療法人社団静恒会　本多病院【1:病院】【診療科目:0】【一般病床数:47療養病床数:0精神病床数:0感染症病床数:0合計病床数:47】東京都大田区東矢口１－１７－１５" }, "geometry": { "type": "Point", "coordinates": [ 139.706523, 35.564322 ] } },
{ "type": "Feature", "properties": { "ID": 1311132600180, "正式名称": "独立行政法人労働者健康安全機構　東京労災病院", "機関区分": 1, "都道府県コード": 13, "市区町村コード": 111, "所在地": "東京都大田区大森南４－１３－２１", "緯度": 35.565767, "経度": 139.747159, "url": "https://www.iryou.teikyouseido.mhlw.go.jp/znk-web/juminkanja/S2430/initialize?prefCd=13&kikanCd=1132600180&kikanKbn=1", "url2": "https://tokyoh.johas.go.jp/", "内容": "独立行政法人労働者健康安全機構　東京労災病院【1:病院】【診療科目:0】【一般病床数:400療養病床数:0精神病床数:0感染症病床数:0合計病床数:400】東京都大田区大森南４－１３－２１" }, "geometry": { "type": "Point", "coordinates": [ 139.747159, 35.565767 ] } },
{ "type": "Feature", "properties": { "ID": 1311132600210, "正式名称": "独立行政法人地域医療機能推進機構東京蒲田医療センター", "機関区分": 1, "都道府県コード": 13, "市区町村コード": 111, "所在地": "東京都大田区南蒲田２－１９－２", "緯度": 35.554379, "経度": 139.723772, "url": "https://www.iryou.teikyouseido.mhlw.go.jp/znk-web/juminkanja/S2430/initialize?prefCd=13&kikanCd=1132600210&kikanKbn=1", "url2": "https://kamata.jcho.go.jp", "内容": "独立行政法人地域医療機能推進機構東京蒲田医療センター【1:病院】【診療科目:0】【一般病床数:230療養病床数:0精神病床数:0感染症病床数:0合計病床数:230】東京都大田区南蒲田２－１９－２" }, "geometry": { "type": "Point", "coordinates": [ 139.723772, 35.554379 ] } },
{ "type": "Feature", "properties": { "ID": 1311132600470, "正式名称": "医療法人社団有仁会　糀谷病院", "機関区分": 1, "都道府県コード": 13, "市区町村コード": 111, "所在地": "東京都大田区南蒲田３－３－１５", "緯度": 35.553768, "経度": 139.728716, "url": "https://www.iryou.teikyouseido.mhlw.go.jp/znk-web/juminkanja/S2430/initialize?prefCd=13&kikanCd=1132600470&kikanKbn=1", "url2": "http://koujiya-hospital.jp/", "内容": "医療法人社団有仁会　糀谷病院【1:病院】【診療科目:0】【一般病床数:0療養病床数:88精神病床数:0感染症病床数:0合計病床数:0】東京都大田区南蒲田３－３－１５" }, "geometry": { "type": "Point", "coordinates": [ 139.728716, 35.553768 ] } },
{ "type": "Feature", "properties": { "ID": 1311132600500, "正式名称": "医療法人財団蔦の木会　南晴病院", "機関区分": 1, "都道府県コード": 13, "市区町村コード": 111, "所在地": "東京都大田区南蒲田１－５－１５", "緯度": 35.559878, "経度": 139.725411, "url": "https://www.iryou.teikyouseido.mhlw.go.jp/znk-web/juminkanja/S2430/initialize?prefCd=13&kikanCd=1132600500&kikanKbn=1", "url2": "http://www.nansei-hospital.or.jp", "内容": "医療法人財団蔦の木会　南晴病院【1:病院】【診療科目:0】【一般病床数:0療養病床数:0精神病床数:62感染症病床数:0合計病床数:62】東京都大田区南蒲田１－５－１５" }, "geometry": { "type": "Point", "coordinates": [ 139.725411, 35.559878 ] } },
{ "type": "Feature", "properties": { "ID": 1311132600760, "正式名称": "社会医療法人財団城南福祉医療協会大田病院", "機関区分": 1, "都道府県コード": 13, "市区町村コード": 111, "所在地": "東京都大田区大森東４－４－１４", "緯度": 35.568988, "経度": 139.737798, "url": "https://www.iryou.teikyouseido.mhlw.go.jp/znk-web/juminkanja/S2430/initialize?prefCd=13&kikanCd=1132600760&kikanKbn=1", "url2": "https://ohta-hp.net/", "内容": "社会医療法人財団城南福祉医療協会大田病院【1:病院】【診療科目:0】【一般病床数:189療養病床数:0精神病床数:0感染症病床数:0合計病床数:189】東京都大田区大森東４－４－１４" }, "geometry": { "type": "Point", "coordinates": [ 139.737798, 35.568988 ] } },
{ "type": "Feature", "properties": { "ID": 1311132600890, "正式名称": "医療法人社団寿徳会高野病院", "機関区分": 1, "都道府県コード": 13, "市区町村コード": 111, "所在地": "東京都大田区東糀谷３－３－２４", "緯度": 35.552768, "経度": 139.741187, "url": "https://www.iryou.teikyouseido.mhlw.go.jp/znk-web/juminkanja/S2430/initialize?prefCd=13&kikanCd=1132600890&kikanKbn=1", "url2": "http://www.takanohospital.com", "内容": "医療法人社団寿徳会高野病院【1:病院】【診療科目:0】【一般病床数:0療養病床数:80精神病床数:0感染症病床数:0合計病床数:80】東京都大田区東糀谷３－３－２４" }, "geometry": { "type": "Point", "coordinates": [ 139.741187, 35.552768 ] } },
{ "type": "Feature", "properties": { "ID": 1311132601190, "正式名称": "医療法人社団京浜会　京浜病院", "機関区分": 1, "都道府県コード": 13, "市区町村コード": 111, "所在地": "東京都大田区大森南１－１４－１３", "緯度": 35.564294, "経度": 139.737076, "url": "https://www.iryou.teikyouseido.mhlw.go.jp/znk-web/juminkanja/S2430/initialize?prefCd=13&kikanCd=1132601190&kikanKbn=1", "url2": "http://www.keihin-hospital.jp/", "内容": "医療法人社団京浜会　京浜病院【1:病院】【診療科目:0】【一般病床数:80療養病床数:0精神病床数:0感染症病床数:0合計病床数:80】東京都大田区大森南１－１４－１３" }, "geometry": { "type": "Point", "coordinates": [ 139.737076, 35.564294 ] } },
{ "type": "Feature", "properties": { "ID": 1311132601640, "正式名称": "医療法人社団　渡辺病院", "機関区分": 1, "都道府県コード": 13, "市区町村コード": 111, "所在地": "東京都大田区羽田１－５－１６", "緯度": 35.551629, "経度": 139.741076, "url": "https://www.iryou.teikyouseido.mhlw.go.jp/znk-web/juminkanja/S2430/initialize?prefCd=13&kikanCd=1132601640&kikanKbn=1", "url2": "http://watanabe-hp.net/", "内容": "医療法人社団　渡辺病院【1:病院】【診療科目:0】【一般病床数:60療養病床数:0精神病床数:0感染症病床数:0合計病床数:60】東京都大田区羽田１－５－１６" }, "geometry": { "type": "Point", "coordinates": [ 139.741076, 35.551629 ] } },
{ "type": "Feature", "properties": { "ID": 1311132700001, "正式名称": "医療法人社団輝生会　成城リハビリテーション病院", "機関区分": 1, "都道府県コード": 13, "市区町村コード": 112, "所在地": "東京都世田谷区祖師谷３－８－７　ガーデン成城ビル", "緯度": 35.642312, "経度": 139.604861, "url": "https://www.iryou.teikyouseido.mhlw.go.jp/znk-web/juminkanja/S2430/initialize?prefCd=13&kikanCd=1132700001&kikanKbn=1", "url2": "http://www.seijo-reha.com", "内容": "医療法人社団輝生会　成城リハビリテーション病院【1:病院】【診療科目:0】【一般病床数:0療養病床数:30精神病床数:0感染症病床数:0合計病床数:30】東京都世田谷区祖師谷３－８－７　ガーデン成城ビル" }, "geometry": { "type": "Point", "coordinates": [ 139.604861, 35.642312 ] } },
{ "type": "Feature", "properties": { "ID": 1311132700002, "正式名称": "一般財団法人脳神経疾患研究所　世田谷リハビリテーション病院", "機関区分": 1, "都道府県コード": 13, "市区町村コード": 112, "所在地": "東京都世田谷区松原６－３７－１", "緯度": 35.657672, "経度": 139.650607, "url": "https://www.iryou.teikyouseido.mhlw.go.jp/znk-web/juminkanja/S2430/initialize?prefCd=13&kikanCd=1132700002&kikanKbn=1", "url2": "http://tokyo-rehabili.jp", "内容": "一般財団法人脳神経疾患研究所　世田谷リハビリテーション病院【1:病院】【診療科目:0】【一般病床数:0療養病床数:92精神病床数:0感染症病床数:0合計病床数:92】東京都世田谷区松原６－３７－１" }, "geometry": { "type": "Point", "coordinates": [ 139.650607, 35.657672 ] } },
{ "type": "Feature", "properties": { "ID": 1311132700240, "正式名称": "自衛隊中央病院", "機関区分": 1, "都道府県コード": 13, "市区町村コード": 112, "所在地": "東京都世田谷区池尻１－２－２４", "緯度": 35.645202, "経度": 139.684632, "url": "https://www.iryou.teikyouseido.mhlw.go.jp/znk-web/juminkanja/S2430/initialize?prefCd=13&kikanCd=1132700240&kikanKbn=1", "url2": "http://www.mod.go.jp/gsdf/chosp/index.html", "内容": "自衛隊中央病院【1:病院】【診療科目:0】【一般病床数:420療養病床数:0精神病床数:50感染症病床数:10合計病床数:500】東京都世田谷区池尻１－２－２４" }, "geometry": { "type": "Point", "coordinates": [ 139.684632, 35.645202 ] } },
{ "type": "Feature", "properties": { "ID": 1311132700400, "正式名称": "一般財団法人平和協会　駒沢病院", "機関区分": 1, "都道府県コード": 13, "市区町村コード": 112, "所在地": "東京都世田谷区駒沢２－２－１５", "緯度": 35.633897, "経度": 139.66044, "url": "https://www.iryou.teikyouseido.mhlw.go.jp/znk-web/juminkanja/S2430/initialize?prefCd=13&kikanCd=1132700400&kikanKbn=1", "url2": "https://komazawa-hp.jp/", "内容": "一般財団法人平和協会　駒沢病院【1:病院】【診療科目:0】【一般病床数:83療養病床数:0精神病床数:0感染症病床数:0合計病床数:83】東京都世田谷区駒沢２－２－１５" }, "geometry": { "type": "Point", "coordinates": [ 139.66044, 35.633897 ] } },
{ "type": "Feature", "properties": { "ID": 1311132700660, "正式名称": "医療法人社団さくら会　世田谷中央病院", "機関区分": 1, "都道府県コード": 13, "市区町村コード": 112, "所在地": "東京都世田谷区世田谷１－３２－１８", "緯度": 35.641201, "経度": 139.65058, "url": "https://www.iryou.teikyouseido.mhlw.go.jp/znk-web/juminkanja/S2430/initialize?prefCd=13&kikanCd=1132700660&kikanKbn=1", "url2": "http://www.setagaya-hp.or.jp/", "内容": "医療法人社団さくら会　世田谷中央病院【1:病院】【診療科目:0】【一般病床数:131療養病床数:0精神病床数:0感染症病床数:0合計病床数:131】東京都世田谷区世田谷１－３２－１８" }, "geometry": { "type": "Point", "coordinates": [ 139.65058, 35.641201 ] } },
{ "type": "Feature", "properties": { "ID": 1311132700820, "正式名称": "社会福祉法人児玉新生会　児玉経堂病院", "機関区分": 1, "都道府県コード": 13, "市区町村コード": 112, "所在地": "東京都世田谷区経堂２－５－２１", "緯度": 35.652617, "経度": 139.635414, "url": "https://www.iryou.teikyouseido.mhlw.go.jp/znk-web/juminkanja/S2430/initialize?prefCd=13&kikanCd=1132700820&kikanKbn=1", "url2": "https://www.kodamakyodo-hp.jp", "内容": "社会福祉法人児玉新生会　児玉経堂病院【1:病院】【診療科目:0】【一般病床数:0療養病床数:120精神病床数:0感染症病床数:0合計病床数:120】東京都世田谷区経堂２－５－２１" }, "geometry": { "type": "Point", "coordinates": [ 139.635414, 35.652617 ] } },
{ "type": "Feature", "properties": { "ID": 1311132700950, "正式名称": "古畑病院", "機関区分": 1, "都道府県コード": 13, "市区町村コード": 112, "所在地": "東京都世田谷区池尻２－３３－１０", "緯度": 35.648951, "経度": 139.68191, "url": "https://www.iryou.teikyouseido.mhlw.go.jp/znk-web/juminkanja/S2430/initialize?prefCd=13&kikanCd=1132700950&kikanKbn=1", "url2": "http://www.furuhatahospital.com", "内容": "古畑病院【1:病院】【診療科目:0】【一般病床数:39療養病床数:0精神病床数:0感染症病床数:0合計病床数:39】東京都世田谷区池尻２－３３－１０" }, "geometry": { "type": "Point", "coordinates": [ 139.68191, 35.648951 ] } },
{ "type": "Feature", "properties": { "ID": 1311132701120, "正式名称": "医療法人社団大坪会　三軒茶屋病院", "機関区分": 1, "都道府県コード": 13, "市区町村コード": 112, "所在地": "東京都世田谷区三軒茶屋１－２１－５", "緯度": 35.64023, "経度": 139.668801, "url": "https://www.iryou.teikyouseido.mhlw.go.jp/znk-web/juminkanja/S2430/initialize?prefCd=13&kikanCd=1132701120&kikanKbn=1", "url2": "http://www.sangenjaya-hp.net/", "内容": "医療法人社団大坪会　三軒茶屋病院【1:病院】【診療科目:0】【一般病床数:135療養病床数:112精神病床数:0感染症病床数:0合計病床数:247】東京都世田谷区三軒茶屋１－２１－５" }, "geometry": { "type": "Point", "coordinates": [ 139.668801, 35.64023 ] } },
{ "type": "Feature", "properties": { "ID": 1311132701250, "正式名称": "医療法人社団望眞会　世田谷桜丘病院", "機関区分": 1, "都道府県コード": 13, "市区町村コード": 112, "所在地": "東京都世田谷区桜丘４－２５－８", "緯度": 35.639007, "経度": 139.620166, "url": "https://www.iryou.teikyouseido.mhlw.go.jp/znk-web/juminkanja/S2430/initialize?prefCd=13&kikanCd=1132701250&kikanKbn=1", "url2": "https://www.setasaku-hospital.com/", "内容": "医療法人社団望眞会　世田谷桜丘病院【1:病院】【診療科目:0】【一般病床数:0療養病床数:54精神病床数:0感染症病床数:0合計病床数:54】東京都世田谷区桜丘４－２５－８" }, "geometry": { "type": "Point", "coordinates": [ 139.620166, 35.639007 ] } },
{ "type": "Feature", "properties": { "ID": 1311132701380, "正式名称": "医療法人財団青葉会　青葉病院", "機関区分": 1, "都道府県コード": 13, "市区町村コード": 112, "所在地": "東京都世田谷区太子堂２－１５－２", "緯度": 35.643868, "経度": 139.671356, "url": "https://www.iryou.teikyouseido.mhlw.go.jp/znk-web/juminkanja/S2430/initialize?prefCd=13&kikanCd=1132701380&kikanKbn=1", "url2": "http://www1a.biglobe.ne.jp/aoba-hp/", "内容": "医療法人財団青葉会　青葉病院【1:病院】【診療科目:0】【一般病床数:87療養病床数:0精神病床数:0感染症病床数:0合計病床数:87】東京都世田谷区太子堂２－１５－２" }, "geometry": { "type": "Point", "coordinates": [ 139.671356, 35.643868 ] } },
{ "type": "Feature", "properties": { "ID": 1311132701410, "正式名称": "医療法人社団　弘生会　東都三軒茶屋リハビリテーション病院", "機関区分": 1, "都道府県コード": 13, "市区町村コード": 112, "所在地": "東京都世田谷区三軒茶屋１－２４－３", "緯度": 35.640313, "経度": 139.670995, "url": "https://www.iryou.teikyouseido.mhlw.go.jp/znk-web/juminkanja/S2430/initialize?prefCd=13&kikanCd=1132701410&kikanKbn=1", "url2": "http://sangenjaya-dai2.com/", "内容": "医療法人社団　弘生会　東都三軒茶屋リハビリテーション病院【1:病院】【診療科目:0】【一般病床数:58療養病床数:99精神病床数:0感染症病床数:0合計病床数:157】東京都世田谷区三軒茶屋１－２４－３" }, "geometry": { "type": "Point", "coordinates": [ 139.670995, 35.640313 ] } },
{ "type": "Feature", "properties": { "ID": 1311132701672, "正式名称": "医療法人社団大坪会　三軒茶屋第一病院", "機関区分": 1, "都道府県コード": 13, "市区町村コード": 112, "所在地": "東京都世田谷区三軒茶屋１－２２－８", "緯度": 35.640785, "経度": 139.669245, "url": "https://www.iryou.teikyouseido.mhlw.go.jp/znk-web/juminkanja/S2430/initialize?prefCd=13&kikanCd=1132701672&kikanKbn=1", "url2": "http://www.sangenjaya-dai1.com", "内容": "医療法人社団大坪会　三軒茶屋第一病院【1:病院】【診療科目:0】【一般病床数:58療養病床数:115精神病床数:0感染症病床数:0合計病床数:173】東京都世田谷区三軒茶屋１－２２－８" }, "geometry": { "type": "Point", "coordinates": [ 139.669245, 35.640785 ] } },
{ "type": "Feature", "properties": { "ID": 1311132800140, "正式名称": "地方独立行政法人東京都立病院機構　東京都立松沢病院", "機関区分": 1, "都道府県コード": 13, "市区町村コード": 112, "所在地": "東京都世田谷区上北沢２－１－１", "緯度": 35.668309, "経度": 139.620026, "url": "https://www.iryou.teikyouseido.mhlw.go.jp/znk-web/juminkanja/S2430/initialize?prefCd=13&kikanCd=1132800140&kikanKbn=1", "url2": "https://www.tmhp.jp/matsuzawa/", "内容": "地方独立行政法人東京都立病院機構　東京都立松沢病院【1:病院】【診療科目:0】【一般病床数:90療養病床数:0精神病床数:808感染症病床数:0合計病床数:898】東京都世田谷区上北沢２－１－１" }, "geometry": { "type": "Point", "coordinates": [ 139.620026, 35.668309 ] } },
{ "type": "Feature", "properties": { "ID": 1311132800980, "正式名称": "医療法人社団青泉会　下北沢病院", "機関区分": 1, "都道府県コード": 13, "市区町村コード": 112, "所在地": "東京都世田谷区北沢２－８－１６", "緯度": 35.662394, "経度": 139.669966, "url": "https://www.iryou.teikyouseido.mhlw.go.jp/znk-web/juminkanja/S2430/initialize?prefCd=13&kikanCd=1132800980&kikanKbn=1", "url2": "http://www.shimokitazawa-hp.or.jp/", "内容": "医療法人社団青泉会　下北沢病院【1:病院】【診療科目:0】【一般病床数:53療養病床数:0精神病床数:0感染症病床数:0合計病床数:53】東京都世田谷区北沢２－８－１６" }, "geometry": { "type": "Point", "coordinates": [ 139.669966, 35.662394 ] } },
{ "type": "Feature", "properties": { "ID": 1311132900170, "正式名称": "公立学校共済組合　関東中央病院", "機関区分": 1, "都道府県コード": 13, "市区町村コード": 112, "所在地": "東京都世田谷区上用賀６－２５－１", "緯度": 35.636729, "経度": 139.626082, "url": "https://www.iryou.teikyouseido.mhlw.go.jp/znk-web/juminkanja/S2430/initialize?prefCd=13&kikanCd=1132900170&kikanKbn=1", "url2": "http://www.kanto-ctr-hsp.com", "内容": "公立学校共済組合　関東中央病院【1:病院】【診療科目:0】【一般病床数:383療養病床数:0精神病床数:0感染症病床数:0合計病床数:383】東京都世田谷区上用賀６－２５－１" }, "geometry": { "type": "Point", "coordinates": [ 139.626082, 35.636729 ] } },
{ "type": "Feature", "properties": { "ID": 1311132900200, "正式名称": "公益財団法人日産厚生会　玉川病院", "機関区分": 1, "都道府県コード": 13, "市区町村コード": 112, "所在地": "東京都世田谷区瀬田４－８－１", "緯度": 35.62087, "経度": 139.623972, "url": "https://www.iryou.teikyouseido.mhlw.go.jp/znk-web/juminkanja/S2430/initialize?prefCd=13&kikanCd=1132900200&kikanKbn=1", "url2": "http://www.tamagawa-hosp.jp", "内容": "公益財団法人日産厚生会　玉川病院【1:病院】【診療科目:0】【一般病床数:381療養病床数:0精神病床数:0感染症病床数:0合計病床数:381】東京都世田谷区瀬田４－８－１" }, "geometry": { "type": "Point", "coordinates": [ 139.623972, 35.62087 ] } },
{ "type": "Feature", "properties": { "ID": 1311132900460, "正式名称": "医療法人社団東京せいわ会　おくさわ脳卒中リハビリテーション病院", "機関区分": 1, "都道府県コード": 13, "市区町村コード": 112, "所在地": "東京都世田谷区奥沢３－３３－１３", "緯度": 35.603095, "経度": 139.672552, "url": "https://www.iryou.teikyouseido.mhlw.go.jp/znk-web/juminkanja/S2430/initialize?prefCd=13&kikanCd=1132900460&kikanKbn=1", "url2": "https://okusawa-stroke-rh.jp/", "内容": "医療法人社団東京せいわ会　おくさわ脳卒中リハビリテーション病院【1:病院】【診療科目:0】【一般病床数:82療養病床数:0精神病床数:0感染症病床数:0合計病床数:82】東京都世田谷区奥沢３－３３－１３" }, "geometry": { "type": "Point", "coordinates": [ 139.672552, 35.603095 ] } },
{ "type": "Feature", "properties": { "ID": 1311132900880, "正式名称": "医療法人横浜未来ヘルスケアシステム　奥沢病院", "機関区分": 1, "都道府県コード": 13, "市区町村コード": 112, "所在地": "東京都世田谷区奥沢２－１１－１１", "緯度": 35.605011, "経度": 139.672135, "url": "https://www.iryou.teikyouseido.mhlw.go.jp/znk-web/juminkanja/S2430/initialize?prefCd=13&kikanCd=1132900880&kikanKbn=1", "url2": "http://www.okusawahp.jp/", "内容": "医療法人横浜未来ヘルスケアシステム　奥沢病院【1:病院】【診療科目:0】【一般病床数:62療養病床数:0精神病床数:0感染症病床数:0合計病床数:62】東京都世田谷区奥沢２－１１－１１" }, "geometry": { "type": "Point", "coordinates": [ 139.672135, 35.605011 ] } },
{ "type": "Feature", "properties": { "ID": 1311133000110, "正式名称": "国立研究開発法人国立成育医療研究センター", "機関区分": 1, "都道府県コード": 13, "市区町村コード": 112, "所在地": "東京都世田谷区大蔵２－１０－１", "緯度": 35.634007, "経度": 139.612556, "url": "https://www.iryou.teikyouseido.mhlw.go.jp/znk-web/juminkanja/S2430/initialize?prefCd=13&kikanCd=1133000110&kikanKbn=1", "url2": "https://www.ncchd.go.jp/", "内容": "国立研究開発法人国立成育医療研究センター【1:病院】【診療科目:0】【一般病床数:490療養病床数:0精神病床数:0感染症病床数:0合計病床数:490】東京都世田谷区大蔵２－１０－１" }, "geometry": { "type": "Point", "coordinates": [ 139.612556, 35.634007 ] } },
{ "type": "Feature", "properties": { "ID": 1311133000240, "正式名称": "一般社団法人　至誠会第二病院", "機関区分": 1, "都道府県コード": 13, "市区町村コード": 112, "所在地": "東京都世田谷区上祖師谷５－１９－１", "緯度": 35.656476, "経度": 139.591251, "url": "https://www.iryou.teikyouseido.mhlw.go.jp/znk-web/juminkanja/S2430/initialize?prefCd=13&kikanCd=1133000240&kikanKbn=1", "url2": "http://www.shiseikai-daini-hosp.jp/", "内容": "一般社団法人　至誠会第二病院【1:病院】【診療科目:0】【一般病床数:301療養病床数:0精神病床数:0感染症病床数:0合計病床数:301】東京都世田谷区上祖師谷５－１９－１" }, "geometry": { "type": "Point", "coordinates": [ 139.591251, 35.656476 ] } },
{ "type": "Feature", "properties": { "ID": 1311133000370, "正式名称": "医療法人社団九折会　成城木下病院", "機関区分": 1, "都道府県コード": 13, "市区町村コード": 112, "所在地": "東京都世田谷区成城６－１３－２０", "緯度": 35.641534, "経度": 139.600084, "url": "https://www.iryou.teikyouseido.mhlw.go.jp/znk-web/juminkanja/S2430/initialize?prefCd=13&kikanCd=1133000370&kikanKbn=1", "url2": "https://www.kinohosp.com", "内容": "医療法人社団九折会　成城木下病院【1:病院】【診療科目:0】【一般病床数:36療養病床数:0精神病床数:0感染症病床数:0合計病床数:36】東京都世田谷区成城６－１３－２０" }, "geometry": { "type": "Point", "coordinates": [ 139.600084, 35.641534 ] } },
{ "type": "Feature", "properties": { "ID": 1311133000530, "正式名称": "昭和医科大学烏山病院", "機関区分": 1, "都道府県コード": 13, "市区町村コード": 112, "所在地": "東京都世田谷区北烏山６－１１－１１", "緯度": 35.672308, "経度": 139.595611, "url": "https://www.iryou.teikyouseido.mhlw.go.jp/znk-web/juminkanja/S2430/initialize?prefCd=13&kikanCd=1133000530&kikanKbn=1", "url2": "http://www.showa-u.ac.jp/SUHK/", "内容": "昭和医科大学烏山病院【1:病院】【診療科目:0】【一般病床数:44療養病床数:0精神病床数:296感染症病床数:0合計病床数:340】東京都世田谷区北烏山６－１１－１１" }, "geometry": { "type": "Point", "coordinates": [ 139.595611, 35.672308 ] } },
{ "type": "Feature", "properties": { "ID": 1311133000660, "正式名称": "社会福祉法人　東京有隣会　有隣病院", "機関区分": 1, "都道府県コード": 13, "市区町村コード": 112, "所在地": "東京都世田谷区船橋２－１５－３８", "緯度": 35.651005, "経度": 139.618943, "url": "https://www.iryou.teikyouseido.mhlw.go.jp/znk-web/juminkanja/S2430/initialize?prefCd=13&kikanCd=1133000660&kikanKbn=1", "url2": "https://tokyoyurin-hospital.com/", "内容": "社会福祉法人　東京有隣会　有隣病院【1:病院】【診療科目:0】【一般病床数:49療養病床数:150精神病床数:0感染症病床数:0合計病床数:199】東京都世田谷区船橋２－１５－３８" }, "geometry": { "type": "Point", "coordinates": [ 139.618943, 35.651005 ] } },
{ "type": "Feature", "properties": { "ID": 1311133000790, "正式名称": "社会福祉法人康和会　久我山病院", "機関区分": 1, "都道府県コード": 13, "市区町村コード": 112, "所在地": "東京都世田谷区北烏山２－１４－２０", "緯度": 35.681613, "経度": 139.598554, "url": "https://www.iryou.teikyouseido.mhlw.go.jp/znk-web/juminkanja/S2430/initialize?prefCd=13&kikanCd=1133000790&kikanKbn=1", "url2": "https://www.kugayama-hp.org/", "内容": "社会福祉法人康和会　久我山病院【1:病院】【診療科目:0】【一般病床数:199療養病床数:0精神病床数:0感染症病床数:0合計病床数:199】東京都世田谷区北烏山２－１４－２０" }, "geometry": { "type": "Point", "coordinates": [ 139.598554, 35.681613 ] } },
{ "type": "Feature", "properties": { "ID": 1311133000820, "正式名称": "医療法人社団下田緑眞会　世田谷北部病院", "機関区分": 1, "都道府県コード": 13, "市区町村コード": 112, "所在地": "東京都世田谷区南烏山２－９－１７", "緯度": 35.666698, "経度": 139.606471, "url": "https://www.iryou.teikyouseido.mhlw.go.jp/znk-web/juminkanja/S2430/initialize?prefCd=13&kikanCd=1133000820&kikanKbn=1", "url2": "https://setahoku.jp/", "内容": "医療法人社団下田緑眞会　世田谷北部病院【1:病院】【診療科目:0】【一般病床数:94療養病床数:0精神病床数:0感染症病床数:0合計病床数:94】東京都世田谷区南烏山２－９－１７" }, "geometry": { "type": "Point", "coordinates": [ 139.606471, 35.666698 ] } },
{ "type": "Feature", "properties": { "ID": 1311133100000, "正式名称": "医療法人社団明生会　セントラル病院松濤", "機関区分": 1, "都道府県コード": 13, "市区町村コード": 113, "所在地": "東京都渋谷区松濤２－１１－１２", "緯度": 35.659117, "経度": 139.690159, "url": "https://www.iryou.teikyouseido.mhlw.go.jp/znk-web/juminkanja/S2430/initialize?prefCd=13&kikanCd=1133100000&kikanKbn=1", "url2": "http://www.central-hospital.or.jp/", "内容": "医療法人社団明生会　セントラル病院松濤【1:病院】【診療科目:0】【一般病床数:0療養病床数:110精神病床数:0感染症病床数:0合計病床数:110】東京都渋谷区松濤２－１１－１２" }, "geometry": { "type": "Point", "coordinates": [ 139.690159, 35.659117 ] } },
{ "type": "Feature", "properties": { "ID": 1311133100001, "正式名称": "医療法人社団春陽会　参宮橋脊椎外科病院", "機関区分": 1, "都道府県コード": 13, "市区町村コード": 113, "所在地": "東京都渋谷区代々木３－５７－１", "緯度": 35.680504, "経度": 139.696019, "url": "https://www.iryou.teikyouseido.mhlw.go.jp/znk-web/juminkanja/S2430/initialize?prefCd=13&kikanCd=1133100001&kikanKbn=1", "url2": "http://www.sangubashi-spine-surgery-hospital.com/", "内容": "医療法人社団春陽会　参宮橋脊椎外科病院【1:病院】【診療科目:0】【一般病床数:22療養病床数:0精神病床数:0感染症病床数:0合計病床数:22】東京都渋谷区代々木３－５７－１" }, "geometry": { "type": "Point", "coordinates": [ 139.696019, 35.680504 ] } },
{ "type": "Feature", "properties": { "ID": 1311133100002, "正式名称": "医療法人社団　巨樹の会　原宿リハビリテーション病院", "機関区分": 1, "都道府県コード": 13, "市区町村コード": 113, "所在地": "東京都渋谷区神宮前６－２６－１", "緯度": 35.6667, "経度": 139.702241, "url": "https://www.iryou.teikyouseido.mhlw.go.jp/znk-web/juminkanja/S2430/initialize?prefCd=13&kikanCd=1133100002&kikanKbn=1", "url2": "http://www.harajuku-reha.com/", "内容": "医療法人社団　巨樹の会　原宿リハビリテーション病院【1:病院】【診療科目:0】【一般病床数:0療養病床数:332精神病床数:0感染症病床数:0合計病床数:332】東京都渋谷区神宮前６－２６－１" }, "geometry": { "type": "Point", "coordinates": [ 139.702241, 35.6667 ] } },
{ "type": "Feature", "properties": { "ID": 1311133100300, "正式名称": "ＪＲ東京総合病院", "機関区分": 1, "都道府県コード": 13, "市区町村コード": 113, "所在地": "東京都渋谷区代々木２－１－３", "緯度": 35.686142, "経度": 139.699518, "url": "https://www.iryou.teikyouseido.mhlw.go.jp/znk-web/juminkanja/S2430/initialize?prefCd=13&kikanCd=1133100300&kikanKbn=1", "url2": "https://www.jreast.co.jp/hospital/", "内容": "ＪＲ東京総合病院【1:病院】【診療科目:0】【一般病床数:399療養病床数:0精神病床数:0感染症病床数:0合計病床数:401】東京都渋谷区代々木２－１－３" }, "geometry": { "type": "Point", "coordinates": [ 139.699518, 35.686142 ] } },
{ "type": "Feature", "properties": { "ID": 1311133100430, "正式名称": "地方独立行政法人東京都立病院機構東京都立広尾病院", "機関区分": 1, "都道府県コード": 13, "市区町村コード": 113, "所在地": "東京都渋谷区恵比寿２－３４－１０", "緯度": 35.646813, "経度": 139.721907, "url": "https://www.iryou.teikyouseido.mhlw.go.jp/znk-web/juminkanja/S2430/initialize?prefCd=13&kikanCd=1133100430&kikanKbn=1", "url2": "https://www.tmhp.jp/hiroo/", "内容": "地方独立行政法人東京都立病院機構東京都立広尾病院【1:病院】【診療科目:0】【一般病床数:378療養病床数:0精神病床数:30感染症病床数:0合計病床数:408】東京都渋谷区恵比寿２－３４－１０" }, "geometry": { "type": "Point", "coordinates": [ 139.721907, 35.646813 ] } },
{ "type": "Feature", "properties": { "ID": 1311133100560, "正式名称": "日本赤十字社医療センター", "機関区分": 1, "都道府県コード": 13, "市区町村コード": 113, "所在地": "東京都渋谷区広尾４－１－２２", "緯度": 35.655146, "経度": 139.719046, "url": "https://www.iryou.teikyouseido.mhlw.go.jp/znk-web/juminkanja/S2430/initialize?prefCd=13&kikanCd=1133100560&kikanKbn=1", "url2": "https://www.med.jrc.or.jp", "内容": "日本赤十字社医療センター【1:病院】【診療科目:0】【一般病床数:645療養病床数:0精神病床数:0感染症病床数:0合計病床数:645】東京都渋谷区広尾４－１－２２" }, "geometry": { "type": "Point", "coordinates": [ 139.719046, 35.655146 ] } },
{ "type": "Feature", "properties": { "ID": 1311133100720, "正式名称": "医療法人財団東京勤労者医療会　代々木病院", "機関区分": 1, "都道府県コード": 13, "市区町村コード": 113, "所在地": "東京都渋谷区千駄ケ谷１－３０－７", "緯度": 35.680809, "経度": 139.709962, "url": "https://www.iryou.teikyouseido.mhlw.go.jp/znk-web/juminkanja/S2430/initialize?prefCd=13&kikanCd=1133100720&kikanKbn=1", "url2": "http://www.tokyo-kinikai.com/yoyogi/", "内容": "医療法人財団東京勤労者医療会　代々木病院【1:病院】【診療科目:0】【一般病床数:150療養病床数:0精神病床数:0感染症病床数:0合計病床数:150】東京都渋谷区千駄ケ谷１－３０－７" }, "geometry": { "type": "Point", "coordinates": [ 139.709962, 35.680809 ] } },
{ "type": "Feature", "properties": { "ID": 1311133101020, "正式名称": "医療法人社団温光会　医療法人内藤病院", "機関区分": 1, "都道府県コード": 13, "市区町村コード": 113, "所在地": "東京都渋谷区初台１－３５－１０", "緯度": 35.679503, "経度": 139.685992, "url": "https://www.iryou.teikyouseido.mhlw.go.jp/znk-web/juminkanja/S2430/initialize?prefCd=13&kikanCd=1133101020&kikanKbn=1", "url2": "https://www.naito-hospital.com/", "内容": "医療法人社団温光会　医療法人内藤病院【1:病院】【診療科目:0】【一般病床数:53療養病床数:0精神病床数:0感染症病床数:0合計病床数:53】東京都渋谷区初台１－３５－１０" }, "geometry": { "type": "Point", "coordinates": [ 139.685992, 35.679503 ] } },
{ "type": "Feature", "properties": { "ID": 1311133101310, "正式名称": "クロス病院", "機関区分": 1, "都道府県コード": 13, "市区町村コード": 113, "所在地": "東京都渋谷区幡ケ谷２－１８－２０", "緯度": 35.67717, "経度": 139.674937, "url": "https://www.iryou.teikyouseido.mhlw.go.jp/znk-web/juminkanja/S2430/initialize?prefCd=13&kikanCd=1133101310&kikanKbn=1", "url2": "http://www.kurosu-hosp.com", "内容": "クロス病院【1:病院】【診療科目:0】【一般病床数:27療養病床数:0精神病床数:0感染症病床数:0合計病床数:27】東京都渋谷区幡ケ谷２－１８－２０" }, "geometry": { "type": "Point", "coordinates": [ 139.674937, 35.67717 ] } },
{ "type": "Feature", "properties": { "ID": 1311133101440, "正式名称": "伊藤病院", "機関区分": 1, "都道府県コード": 13, "市区町村コード": 113, "所在地": "東京都渋谷区神宮前４－３－６", "緯度": 35.666394, "経度": 139.710657, "url": "https://www.iryou.teikyouseido.mhlw.go.jp/znk-web/juminkanja/S2430/initialize?prefCd=13&kikanCd=1133101440&kikanKbn=1", "url2": "https://www.ito-hospital.jp/", "内容": "伊藤病院【1:病院】【診療科目:0】【一般病床数:60療養病床数:0精神病床数:0感染症病床数:0合計病床数:60】東京都渋谷区神宮前４－３－６" }, "geometry": { "type": "Point", "coordinates": [ 139.710657, 35.666394 ] } },
{ "type": "Feature", "properties": { "ID": 1311133102290, "正式名称": "医療法人社団回心会　回心堂病院", "機関区分": 1, "都道府県コード": 13, "市区町村コード": 113, "所在地": "東京都渋谷区幡ケ谷２－１４－１２", "緯度": 35.677531, "経度": 139.675937, "url": "https://www.iryou.teikyouseido.mhlw.go.jp/znk-web/juminkanja/S2430/initialize?prefCd=13&kikanCd=1133102290&kikanKbn=1", "url2": "https://kaishindo.mck.or.jp/", "内容": "医療法人社団回心会　回心堂病院【1:病院】【診療科目:0】【一般病床数:0療養病床数:137精神病床数:0感染症病床数:0合計病床数:137】東京都渋谷区幡ケ谷２－１４－１２" }, "geometry": { "type": "Point", "coordinates": [ 139.675937, 35.677531 ] } },
{ "type": "Feature", "properties": { "ID": 1311133102580, "正式名称": "医療法人社団オリンピア会　オリンピア眼科病院", "機関区分": 1, "都道府県コード": 13, "市区町村コード": 113, "所在地": "東京都渋谷区神宮前２－１８－１２", "緯度": 35.672366, "経度": 139.709379, "url": "https://www.iryou.teikyouseido.mhlw.go.jp/znk-web/juminkanja/S2430/initialize?prefCd=13&kikanCd=1133102580&kikanKbn=1", "url2": "http://www.olympia.net", "内容": "医療法人社団オリンピア会　オリンピア眼科病院【1:病院】【診療科目:0】【一般病床数:40療養病床数:0精神病床数:0感染症病床数:0合計病床数:40】東京都渋谷区神宮前２－１８－１２" }, "geometry": { "type": "Point", "coordinates": [ 139.709379, 35.672366 ] } },
{ "type": "Feature", "properties": { "ID": 1311133102610, "正式名称": "医療法人社団明生会　セントラル病院", "機関区分": 1, "都道府県コード": 13, "市区町村コード": 113, "所在地": "東京都渋谷区松濤２－１８－１", "緯度": 35.659006, "経度": 139.689631, "url": "https://www.iryou.teikyouseido.mhlw.go.jp/znk-web/juminkanja/S2430/initialize?prefCd=13&kikanCd=1133102610&kikanKbn=1", "url2": "http://www.central-hospital.or.jp", "内容": "医療法人社団明生会　セントラル病院【1:病院】【診療科目:0】【一般病床数:56療養病床数:36精神病床数:0感染症病床数:0合計病床数:92】東京都渋谷区松濤２－１８－１" }, "geometry": { "type": "Point", "coordinates": [ 139.689631, 35.659006 ] } },
{ "type": "Feature", "properties": { "ID": 1311133102740, "正式名称": "医療法人社団輝生会　初台リハビリテーション病院", "機関区分": 1, "都道府県コード": 13, "市区町村コード": 113, "所在地": "東京都渋谷区本町３－５３－３", "緯度": 35.686364, "経度": 139.684464, "url": "https://www.iryou.teikyouseido.mhlw.go.jp/znk-web/juminkanja/S2430/initialize?prefCd=13&kikanCd=1133102740&kikanKbn=1", "url2": "http://www.hatsudai-reha.or.jp/", "内容": "医療法人社団輝生会　初台リハビリテーション病院【1:病院】【診療科目:0】【一般病床数:0療養病床数:179精神病床数:0感染症病床数:0合計病床数:179】東京都渋谷区本町３－５３－３" }, "geometry": { "type": "Point", "coordinates": [ 139.684464, 35.686364 ] } },
{ "type": "Feature", "properties": { "ID": 1311133200200, "正式名称": "社会医療法人社団健友会　中野共立病院", "機関区分": 1, "都道府県コード": 13, "市区町村コード": 114, "所在地": "東京都中野区中野５－４４－７", "緯度": 35.708861, "経度": 139.667353, "url": "https://www.iryou.teikyouseido.mhlw.go.jp/znk-web/juminkanja/S2430/initialize?prefCd=13&kikanCd=1133200200&kikanKbn=1", "url2": "http://www.kenyu-kai.or.jp", "内容": "社会医療法人社団健友会　中野共立病院【1:病院】【診療科目:0】【一般病床数:55療養病床数:55精神病床数:0感染症病床数:0合計病床数:110】東京都中野区中野５－４４－７" }, "geometry": { "type": "Point", "coordinates": [ 139.667353, 35.708861 ] } },
{ "type": "Feature", "properties": { "ID": 1311133200330, "正式名称": "医療法人財団圭友会　小原病院", "機関区分": 1, "都道府県コード": 13, "市区町村コード": 114, "所在地": "東京都中野区本町３－２８－１６", "緯度": 35.697029, "経度": 139.678019, "url": "https://www.iryou.teikyouseido.mhlw.go.jp/znk-web/juminkanja/S2430/initialize?prefCd=13&kikanCd=1133200330&kikanKbn=1", "url2": "https://www.obara.or.jp", "内容": "医療法人財団圭友会　小原病院【1:病院】【診療科目:0】【一般病床数:0療養病床数:120精神病床数:0感染症病床数:0合計病床数:120】東京都中野区本町３－２８－１６" }, "geometry": { "type": "Point", "coordinates": [ 139.678019, 35.697029 ] } },
{ "type": "Feature", "properties": { "ID": 1311133200460, "正式名称": "東京医療生活協同組合　新渡戸記念中野総合病院", "機関区分": 1, "都道府県コード": 13, "市区町村コード": 114, "所在地": "東京都中野区中央４－５９－１６", "緯度": 35.70239, "経度": 139.666881, "url": "https://www.iryou.teikyouseido.mhlw.go.jp/znk-web/juminkanja/S2430/initialize?prefCd=13&kikanCd=1133200460&kikanKbn=1", "url2": "http://www.nakanosogo.or.jp/", "内容": "東京医療生活協同組合　新渡戸記念中野総合病院【1:病院】【診療科目:0】【一般病床数:296療養病床数:0精神病床数:0感染症病床数:0合計病床数:296】東京都中野区中央４－５９－１６" }, "geometry": { "type": "Point", "coordinates": [ 139.666881, 35.70239 ] } },
{ "type": "Feature", "properties": { "ID": 1311133300360, "正式名称": "社会福祉法人浄風園　中野江古田病院", "機関区分": 1, "都道府県コード": 13, "市区町村コード": 114, "所在地": "東京都中野区江古田４－１９－９", "緯度": 35.727137, "経度": 139.66288, "url": "https://www.iryou.teikyouseido.mhlw.go.jp/znk-web/juminkanja/S2430/initialize?prefCd=13&kikanCd=1133300360&kikanKbn=1", "url2": "https://www.nakanoegotahp.com/", "内容": "社会福祉法人浄風園　中野江古田病院【1:病院】【診療科目:0】【一般病床数:71療養病床数:81精神病床数:0感染症病床数:0合計病床数:152】東京都中野区江古田４－１９－９" }, "geometry": { "type": "Point", "coordinates": [ 139.66288, 35.727137 ] } },
{ "type": "Feature", "properties": { "ID": 1311133300490, "正式名称": "医療法人財団健貢会　総合東京病院", "機関区分": 1, "都道府県コード": 13, "市区町村コード": 114, "所在地": "東京都中野区江古田３－１５－２", "緯度": 35.728081, "経度": 139.664158, "url": "https://www.iryou.teikyouseido.mhlw.go.jp/znk-web/juminkanja/S2430/initialize?prefCd=13&kikanCd=1133300490&kikanKbn=1", "url2": "http://www.tokyo-hospital.com/", "内容": "医療法人財団健貢会　総合東京病院【1:病院】【診療科目:0】【一般病床数:451療養病床数:0精神病床数:0感染症病床数:0合計病床数:451】東京都中野区江古田３－１５－２" }, "geometry": { "type": "Point", "coordinates": [ 139.664158, 35.728081 ] } },
{ "type": "Feature", "properties": { "ID": 1311133300520, "正式名称": "社会福祉法人武蔵野療園　武蔵野療園病院", "機関区分": 1, "都道府県コード": 13, "市区町村コード": 114, "所在地": "東京都中野区江古田２－２４－１１", "緯度": 35.727248, "経度": 139.664186, "url": "https://www.iryou.teikyouseido.mhlw.go.jp/znk-web/juminkanja/S2430/initialize?prefCd=13&kikanCd=1133300520&kikanKbn=1", "url2": "https://www.musashino-ryoen.com/", "内容": "社会福祉法人武蔵野療園　武蔵野療園病院【1:病院】【診療科目:0】【一般病床数:38療養病床数:54精神病床数:0感染症病床数:0合計病床数:92】東京都中野区江古田２－２４－１１" }, "geometry": { "type": "Point", "coordinates": [ 139.664186, 35.727248 ] } },
{ "type": "Feature", "properties": { "ID": 1311133300780, "正式名称": "医療法人社団徳静会　横畠病院", "機関区分": 1, "都道府県コード": 13, "市区町村コード": 114, "所在地": "東京都中野区新井１－３８－６", "緯度": 35.712972, "経度": 139.666131, "url": "https://www.iryou.teikyouseido.mhlw.go.jp/znk-web/juminkanja/S2430/initialize?prefCd=13&kikanCd=1133300780&kikanKbn=1", "url2": "http://www.yokohata.or.jp", "内容": "医療法人社団徳静会　横畠病院【1:病院】【診療科目:0】【一般病床数:37療養病床数:0精神病床数:0感染症病床数:0合計病床数:37】東京都中野区新井１－３８－６" }, "geometry": { "type": "Point", "coordinates": [ 139.666131, 35.712972 ] } },
{ "type": "Feature", "properties": { "ID": 1311133400130, "正式名称": "一般社団法人衛生文化協会　城西病院", "機関区分": 1, "都道府県コード": 13, "市区町村コード": 115, "所在地": "東京都杉並区上荻２－４２－１１", "緯度": 35.708082, "経度": 139.614663, "url": "https://www.iryou.teikyouseido.mhlw.go.jp/znk-web/juminkanja/S2430/initialize?prefCd=13&kikanCd=1133400130&kikanKbn=1", "url2": "http://www.johsai-hp.or.jp", "内容": "一般社団法人衛生文化協会　城西病院【1:病院】【診療科目:0】【一般病床数:50療養病床数:49精神病床数:0感染症病床数:0合計病床数:99】東京都杉並区上荻２－４２－１１" }, "geometry": { "type": "Point", "coordinates": [ 139.614663, 35.708082 ] } },
{ "type": "Feature", "properties": { "ID": 1311133400260, "正式名称": "医療法人財団　荻窪病院", "機関区分": 1, "都道府県コード": 13, "市区町村コード": 115, "所在地": "東京都杉並区今川３－１－２４", "緯度": 35.715304, "経度": 139.607386, "url": "https://www.iryou.teikyouseido.mhlw.go.jp/znk-web/juminkanja/S2430/initialize?prefCd=13&kikanCd=1133400260&kikanKbn=1", "url2": "https://www.ogikubo-hospital.or.jp/", "内容": "医療法人財団　荻窪病院【1:病院】【診療科目:0】【一般病床数:252療養病床数:0精神病床数:0感染症病床数:0合計病床数:252】東京都杉並区今川３－１－２４" }, "geometry": { "type": "Point", "coordinates": [ 139.607386, 35.715304 ] } },
{ "type": "Feature", "properties": { "ID": 1311133400390, "正式名称": "医療法人社団親和会　杉並病院", "機関区分": 1, "都道府県コード": 13, "市区町村コード": 115, "所在地": "東京都杉並区西荻北４－２０－２", "緯度": 35.70786, "経度": 139.594081, "url": "https://www.iryou.teikyouseido.mhlw.go.jp/znk-web/juminkanja/S2430/initialize?prefCd=13&kikanCd=1133400390&kikanKbn=1", "url2": "http://suginami-hp.com/index.html", "内容": "医療法人社団親和会　杉並病院【1:病院】【診療科目:0】【一般病床数:0療養病床数:97精神病床数:0感染症病床数:0合計病床数:97】東京都杉並区西荻北４－２０－２" }, "geometry": { "type": "Point", "coordinates": [ 139.594081, 35.70786 ] } },
{ "type": "Feature", "properties": { "ID": 1311133400420, "正式名称": "医療法人財団アドベンチスト会　東京衛生アドベンチスト病院", "機関区分": 1, "都道府県コード": 13, "市区町村コード": 115, "所在地": "東京都杉並区天沼三丁目１７番３号", "緯度": 35.708083, "経度": 139.61969, "url": "https://www.iryou.teikyouseido.mhlw.go.jp/znk-web/juminkanja/S2430/initialize?prefCd=13&kikanCd=1133400420&kikanKbn=1", "url2": "http://www.tokyoeisei.com", "内容": "医療法人財団アドベンチスト会　東京衛生アドベンチスト病院【1:病院】【診療科目:0】【一般病床数:186療養病床数:0精神病床数:0感染症病床数:0合計病床数:186】東京都杉並区天沼三丁目１７番３号" }, "geometry": { "type": "Point", "coordinates": [ 139.61969, 35.708083 ] } },
{ "type": "Feature", "properties": { "ID": 1311133400550, "正式名称": "医療法人社団哺育会　杉並リハビリテーション病院", "機関区分": 1, "都道府県コード": 13, "市区町村コード": 115, "所在地": "東京都杉並区西荻北２－５－５", "緯度": 35.704305, "経度": 139.602303, "url": "https://www.iryou.teikyouseido.mhlw.go.jp/znk-web/juminkanja/S2430/initialize?prefCd=13&kikanCd=1133400550&kikanKbn=1", "url2": "http://suginami-reha-tokyo.jp/", "内容": "医療法人社団哺育会　杉並リハビリテーション病院【1:病院】【診療科目:0】【一般病床数:41療養病床数:60精神病床数:0感染症病床数:0合計病床数:101】東京都杉並区西荻北２－５－５" }, "geometry": { "type": "Point", "coordinates": [ 139.602303, 35.704305 ] } },
{ "type": "Feature", "properties": { "ID": 1311133400680, "正式名称": "医療法人社団杏順会　越川病院", "機関区分": 1, "都道府県コード": 13, "市区町村コード": 115, "所在地": "東京都杉並区上井草４－４－５", "緯度": 35.717803, "経度": 139.596581, "url": "https://www.iryou.teikyouseido.mhlw.go.jp/znk-web/juminkanja/S2430/initialize?prefCd=13&kikanCd=1133400680&kikanKbn=1", "url2": "https://www.koshikawa-hosp.or.jp", "内容": "医療法人社団杏順会　越川病院【1:病院】【診療科目:0】【一般病床数:46療養病床数:0精神病床数:0感染症病床数:0合計病床数:46】東京都杉並区上井草４－４－５" }, "geometry": { "type": "Point", "coordinates": [ 139.596581, 35.717803 ] } },
{ "type": "Feature", "properties": { "ID": 1311133400840, "正式名称": "医療法人社団　山斗会　山中病院", "機関区分": 1, "都道府県コード": 13, "市区町村コード": 115, "所在地": "東京都杉並区南荻窪１－５－１５", "緯度": 35.694695, "経度": 139.617163, "url": "https://www.iryou.teikyouseido.mhlw.go.jp/znk-web/juminkanja/S2430/initialize?prefCd=13&kikanCd=1133400840&kikanKbn=1", "url2": "https://yamanaka-hp.jp/", "内容": "医療法人社団　山斗会　山中病院【1:病院】【診療科目:0】【一般病床数:47療養病床数:0精神病床数:0感染症病床数:0合計病床数:47】東京都杉並区南荻窪１－５－１５" }, "geometry": { "type": "Point", "coordinates": [ 139.617163, 35.694695 ] } },
{ "type": "Feature", "properties": { "ID": 1311133500160, "正式名称": "社会福祉法人　浴風会　浴風会病院", "機関区分": 1, "都道府県コード": 13, "市区町村コード": 115, "所在地": "東京都杉並区高井戸西１－１２－１", "緯度": 35.680308, "経度": 139.60922, "url": "https://www.iryou.teikyouseido.mhlw.go.jp/znk-web/juminkanja/S2430/initialize?prefCd=13&kikanCd=1133500160&kikanKbn=1", "url2": "http://www.yokufu-hp.jp/", "内容": "社会福祉法人　浴風会　浴風会病院【1:病院】【診療科目:0】【一般病床数:150療養病床数:49精神病床数:0感染症病床数:0合計病床数:199】東京都杉並区高井戸西１－１２－１" }, "geometry": { "type": "Point", "coordinates": [ 139.60922, 35.680308 ] } },
{ "type": "Feature", "properties": { "ID": 1311133500320, "正式名称": "医療法人社団回心会　ロイヤル病院", "機関区分": 1, "都道府県コード": 13, "市区町村コード": 115, "所在地": "東京都杉並区下高井戸４－６－２", "緯度": 35.670337, "経度": 139.627941, "url": "https://www.iryou.teikyouseido.mhlw.go.jp/znk-web/juminkanja/S2430/initialize?prefCd=13&kikanCd=1133500320&kikanKbn=1", "url2": "http://www.mck.or.jp", "内容": "医療法人社団回心会　ロイヤル病院【1:病院】【診療科目:0】【一般病床数:0療養病床数:198精神病床数:0感染症病床数:0合計病床数:198】東京都杉並区下高井戸４－６－２" }, "geometry": { "type": "Point", "coordinates": [ 139.627941, 35.670337 ] } },
{ "type": "Feature", "properties": { "ID": 1311133500610, "正式名称": "医療法人社団愛宝会　浜田山病院", "機関区分": 1, "都道府県コード": 13, "市区町村コード": 115, "所在地": "東京都杉並区浜田山４－１－８", "緯度": 35.681419, "経度": 139.634718, "url": "https://www.iryou.teikyouseido.mhlw.go.jp/znk-web/juminkanja/S2430/initialize?prefCd=13&kikanCd=1133500610&kikanKbn=1", "url2": "http://hamadayama.or.jp/", "内容": "医療法人社団愛宝会　浜田山病院【1:病院】【診療科目:0】【一般病床数:48療養病床数:0精神病床数:0感染症病床数:0合計病床数:48】東京都杉並区浜田山４－１－８" }, "geometry": { "type": "Point", "coordinates": [ 139.634718, 35.681419 ] } },
{ "type": "Feature", "properties": { "ID": 1311133500740, "正式名称": "みやまえ病院", "機関区分": 1, "都道府県コード": 13, "市区町村コード": 115, "所在地": "東京都杉並区宮前５－１８－１６", "緯度": 35.695528, "経度": 139.60222, "url": "https://www.iryou.teikyouseido.mhlw.go.jp/znk-web/juminkanja/S2430/initialize?prefCd=13&kikanCd=1133500740&kikanKbn=1", "url2": "https://itp.ne.jp/info/138866932100000899/", "内容": "みやまえ病院【1:病院】【診療科目:0】【一般病床数:21療養病床数:0精神病床数:0感染症病床数:0合計病床数:21】東京都杉並区宮前５－１８－１６" }, "geometry": { "type": "Point", "coordinates": [ 139.60222, 35.695528 ] } },
{ "type": "Feature", "properties": { "ID": 1311133600190, "正式名称": "社会医療法人河北医療財団　河北総合病院", "機関区分": 1, "都道府県コード": 13, "市区町村コード": 115, "所在地": "東京都杉並区阿佐谷北１－６－１", "緯度": 35.705993, "経度": 139.637711, "url": "https://www.iryou.teikyouseido.mhlw.go.jp/znk-web/juminkanja/S2430/initialize?prefCd=13&kikanCd=1133600190&kikanKbn=1", "url2": "https://hospital.kawakita.or.jp/index.html", "内容": "社会医療法人河北医療財団　河北総合病院【1:病院】【診療科目:0】【一般病床数:353療養病床数:0精神病床数:0感染症病床数:0合計病床数:353】東京都杉並区阿佐谷北１－６－１" }, "geometry": { "type": "Point", "coordinates": [ 139.637711, 35.705993 ] } },
{ "type": "Feature", "properties": { "ID": 1311133600220, "正式名称": "医療法人社団三成会河北前田病院", "機関区分": 1, "都道府県コード": 13, "市区町村コード": 115, "所在地": "東京都杉並区本天沼１－２－１", "緯度": 35.712638, "経度": 139.633134, "url": "https://www.iryou.teikyouseido.mhlw.go.jp/znk-web/juminkanja/S2430/initialize?prefCd=13&kikanCd=1133600220&kikanKbn=1", "url2": "http://maeda-hp.or.jp", "内容": "医療法人社団三成会河北前田病院【1:病院】【診療科目:0】【一般病床数:0療養病床数:111精神病床数:0感染症病床数:0合計病床数:111】東京都杉並区本天沼１－２－１" }, "geometry": { "type": "Point", "coordinates": [ 139.633134, 35.712638 ] } },
{ "type": "Feature", "properties": { "ID": 1311133600350, "正式名称": "医療法人社団静山会　清川病院", "機関区分": 1, "都道府県コード": 13, "市区町村コード": 115, "所在地": "東京都杉並区阿佐谷南２－３１－１２", "緯度": 35.703945, "経度": 139.643661, "url": "https://www.iryou.teikyouseido.mhlw.go.jp/znk-web/juminkanja/S2430/initialize?prefCd=13&kikanCd=1133600350&kikanKbn=1", "url2": "http://www.kiyokawahosp.or.jp", "内容": "医療法人社団静山会　清川病院【1:病院】【診療科目:0】【一般病床数:111療養病床数:0精神病床数:0感染症病床数:0合計病床数:111】東京都杉並区阿佐谷南２－３１－１２" }, "geometry": { "type": "Point", "coordinates": [ 139.643661, 35.703945 ] } },
{ "type": "Feature", "properties": { "ID": 1311133700000, "正式名称": "医療法人社団敬悠会　副都心病院", "機関区分": 1, "都道府県コード": 13, "市区町村コード": 116, "所在地": "東京都豊島区要町１－１８－５", "緯度": 35.733748, "経度": 139.697544, "url": "https://www.iryou.teikyouseido.mhlw.go.jp/znk-web/juminkanja/S2430/initialize?prefCd=13&kikanCd=1133700000&kikanKbn=1", "url2": "http://www.fukutoshin-hp.jp/", "内容": "医療法人社団敬悠会　副都心病院【1:病院】【診療科目:0】【一般病床数:0療養病床数:50精神病床数:0感染症病床数:0合計病床数:50】東京都豊島区要町１－１８－５" }, "geometry": { "type": "Point", "coordinates": [ 139.697544, 35.733748 ] } },
{ "type": "Feature", "properties": { "ID": 1311133700120, "正式名称": "医療法人社団日心会　総合病院一心病院", "機関区分": 1, "都道府県コード": 13, "市区町村コード": 116, "所在地": "東京都豊島区北大塚１－１８－７", "緯度": 35.73261, "経度": 139.730069, "url": "https://www.iryou.teikyouseido.mhlw.go.jp/znk-web/juminkanja/S2430/initialize?prefCd=13&kikanCd=1133700120&kikanKbn=1", "url2": "http://www.isshin.net/", "内容": "医療法人社団日心会　総合病院一心病院【1:病院】【診療科目:0】【一般病床数:85療養病床数:22精神病床数:0感染症病床数:0合計病床数:107】東京都豊島区北大塚１－１８－７" }, "geometry": { "type": "Point", "coordinates": [ 139.730069, 35.73261 ] } },
{ "type": "Feature", "properties": { "ID": 1311133700250, "正式名称": "地方独立行政法人東京都立病院機構　東京都立大塚病院", "機関区分": 1, "都道府県コード": 13, "市区町村コード": 116, "所在地": "東京都豊島区南大塚２－８－１", "緯度": 35.724305, "経度": 139.73243, "url": "https://www.iryou.teikyouseido.mhlw.go.jp/znk-web/juminkanja/S2430/initialize?prefCd=13&kikanCd=1133700250&kikanKbn=1", "url2": "https://www.tmhp.jp/ohtsuka", "内容": "地方独立行政法人東京都立病院機構　東京都立大塚病院【1:病院】【診療科目:0】【一般病床数:413療養病床数:0精神病床数:0感染症病床数:0合計病床数:413】東京都豊島区南大塚２－８－１" }, "geometry": { "type": "Point", "coordinates": [ 139.73243, 35.724305 ] } },
{ "type": "Feature", "properties": { "ID": 1311133700540, "正式名称": "医療法人社団生全会　池袋病院", "機関区分": 1, "都道府県コード": 13, "市区町村コード": 116, "所在地": "東京都豊島区東池袋３－５－４", "緯度": 35.731026, "経度": 139.717209, "url": "https://www.iryou.teikyouseido.mhlw.go.jp/znk-web/juminkanja/S2430/initialize?prefCd=13&kikanCd=1133700540&kikanKbn=1", "url2": "http://ikebukuro-hp.com", "内容": "医療法人社団生全会　池袋病院【1:病院】【診療科目:0】【一般病床数:40療養病床数:56精神病床数:0感染症病床数:0合計病床数:96】東京都豊島区東池袋３－５－４" }, "geometry": { "type": "Point", "coordinates": [ 139.717209, 35.731026 ] } },
{ "type": "Feature", "properties": { "ID": 1311133700960, "正式名称": "医療法人社団瑞雲会　高田馬場病院", "機関区分": 1, "都道府県コード": 13, "市区町村コード": 116, "所在地": "東京都豊島区高田３－８－９", "緯度": 35.714722, "経度": 139.706655, "url": "https://www.iryou.teikyouseido.mhlw.go.jp/znk-web/juminkanja/S2430/initialize?prefCd=13&kikanCd=1133700960&kikanKbn=1", "url2": "http://takadanobaba.hp.com", "内容": "医療法人社団瑞雲会　高田馬場病院【1:病院】【診療科目:0】【一般病床数:47療養病床数:0精神病床数:0感染症病床数:0合計病床数:47】東京都豊島区高田３－８－９" }, "geometry": { "type": "Point", "coordinates": [ 139.706655, 35.714722 ] } },
{ "type": "Feature", "properties": { "ID": 1311133701000, "正式名称": "社会医療法人社団大成会　長汐病院", "機関区分": 1, "都道府県コード": 13, "市区町村コード": 116, "所在地": "東京都豊島区池袋１－５－８", "緯度": 35.735192, "経度": 139.713126, "url": "https://www.iryou.teikyouseido.mhlw.go.jp/znk-web/juminkanja/S2430/initialize?prefCd=13&kikanCd=1133701000&kikanKbn=1", "url2": "http://www.nagashio.jp/index.html", "内容": "社会医療法人社団大成会　長汐病院【1:病院】【診療科目:0】【一般病床数:81療養病床数:118精神病床数:0感染症病床数:0合計病床数:199】東京都豊島区池袋１－５－８" }, "geometry": { "type": "Point", "coordinates": [ 139.713126, 35.735192 ] } },
{ "type": "Feature", "properties": { "ID": 1311133701130, "正式名称": "医療法人社団偕翔会　豊島中央病院", "機関区分": 1, "都道府県コード": 13, "市区町村コード": 116, "所在地": "東京都豊島区上池袋２－４２－２１", "緯度": 35.737192, "経度": 139.719097, "url": "https://www.iryou.teikyouseido.mhlw.go.jp/znk-web/juminkanja/S2430/initialize?prefCd=13&kikanCd=1133701130&kikanKbn=1", "url2": "https://www.kaishou.or.jp/toshima/", "内容": "医療法人社団偕翔会　豊島中央病院【1:病院】【診療科目:0】【一般病床数:41療養病床数:0精神病床数:0感染症病床数:0合計病床数:41】東京都豊島区上池袋２－４２－２１" }, "geometry": { "type": "Point", "coordinates": [ 139.719097, 35.737192 ] } },
{ "type": "Feature", "properties": { "ID": 1311133701390, "正式名称": "医療法人社団久福会　関野病院", "機関区分": 1, "都道府県コード": 13, "市区町村コード": 116, "所在地": "東京都豊島区池袋３－２８－３", "緯度": 35.735137, "経度": 139.705793, "url": "https://www.iryou.teikyouseido.mhlw.go.jp/znk-web/juminkanja/S2430/initialize?prefCd=13&kikanCd=1133701390&kikanKbn=1", "url2": "http://www.sekino-hospital.com/", "内容": "医療法人社団久福会　関野病院【1:病院】【診療科目:0】【一般病床数:112療養病床数:0精神病床数:0感染症病床数:0合計病床数:112】東京都豊島区池袋３－２８－３" }, "geometry": { "type": "Point", "coordinates": [ 139.705793, 35.735137 ] } },
{ "type": "Feature", "properties": { "ID": 1311133701550, "正式名称": "医療法人社団ＥＮＥＸＴ　池袋西口病院", "機関区分": 1, "都道府県コード": 13, "市区町村コード": 116, "所在地": "東京都豊島区西池袋三丁目２番１６号", "緯度": 35.728776, "経度": 139.706099, "url": "https://www.iryou.teikyouseido.mhlw.go.jp/znk-web/juminkanja/S2430/initialize?prefCd=13&kikanCd=1133701550&kikanKbn=1", "url2": "http://www.ichou.gr.jp", "内容": "医療法人社団ＥＮＥＸＴ　池袋西口病院【1:病院】【診療科目:0】【一般病床数:40療養病床数:0精神病床数:0感染症病床数:0合計病床数:40】東京都豊島区西池袋三丁目２番１６号" }, "geometry": { "type": "Point", "coordinates": [ 139.706099, 35.728776 ] } },
{ "type": "Feature", "properties": { "ID": 1311133701680, "正式名称": "岡本医院", "機関区分": 1, "都道府県コード": 13, "市区町村コード": 116, "所在地": "東京都豊島区東池袋２－５－５", "緯度": 35.730499, "経度": 139.72457, "url": "https://www.iryou.teikyouseido.mhlw.go.jp/znk-web/juminkanja/S2430/initialize?prefCd=13&kikanCd=1133701680&kikanKbn=1", "url2": null, "内容": "岡本医院【1:病院】【診療科目:0】【一般病床数:0療養病床数:0精神病床数:0感染症病床数:0合計病床数:0】東京都豊島区東池袋２－５－５" }, "geometry": { "type": "Point", "coordinates": [ 139.72457, 35.730499 ] } },
{ "type": "Feature", "properties": { "ID": 1311133702270, "正式名称": "医療法人社団雙和会　原整形外科病院", "機関区分": 1, "都道府県コード": 13, "市区町村コード": 116, "所在地": "東京都豊島区西池袋３－３６－２３", "緯度": 35.730193, "経度": 139.700016, "url": "https://www.iryou.teikyouseido.mhlw.go.jp/znk-web/juminkanja/S2430/initialize?prefCd=13&kikanCd=1133702270&kikanKbn=1", "url2": "http://www.haraseikeigeka.or.jp/", "内容": "医療法人社団雙和会　原整形外科病院【1:病院】【診療科目:0】【一般病床数:44療養病床数:0精神病床数:0感染症病床数:0合計病床数:44】東京都豊島区西池袋３－３６－２３" }, "geometry": { "type": "Point", "coordinates": [ 139.700016, 35.730193 ] } },
{ "type": "Feature", "properties": { "ID": 1311133800280, "正式名称": "医療法人社団　愛語会　要町病院", "機関区分": 1, "都道府県コード": 13, "市区町村コード": 116, "所在地": "東京都豊島区要町１－１１－１３", "緯度": 35.733609, "経度": 139.699155, "url": "https://www.iryou.teikyouseido.mhlw.go.jp/znk-web/juminkanja/S2430/initialize?prefCd=13&kikanCd=1133800280&kikanKbn=1", "url2": "http://www.kanamecho-hp.jp", "内容": "医療法人社団　愛語会　要町病院【1:病院】【診療科目:0】【一般病床数:131療養病床数:0精神病床数:0感染症病床数:0合計病床数:131】東京都豊島区要町１－１１－１３" }, "geometry": { "type": "Point", "coordinates": [ 139.699155, 35.733609 ] } },
{ "type": "Feature", "properties": { "ID": 1311133800570, "正式名称": "医療法人社団仁泉会　としま昭和病院", "機関区分": 1, "都道府県コード": 13, "市区町村コード": 116, "所在地": "東京都豊島区南長崎５－１７－９", "緯度": 35.728831, "経度": 139.682295, "url": "https://www.iryou.teikyouseido.mhlw.go.jp/znk-web/juminkanja/S2430/initialize?prefCd=13&kikanCd=1133800570&kikanKbn=1", "url2": "http://www.toshimashowa.or.jp", "内容": "医療法人社団仁泉会　としま昭和病院【1:病院】【診療科目:0】【一般病床数:46療養病床数:0精神病床数:0感染症病床数:0合計病床数:46】東京都豊島区南長崎５－１７－９" }, "geometry": { "type": "Point", "coordinates": [ 139.682295, 35.728831 ] } },
{ "type": "Feature", "properties": { "ID": 1311133900180, "正式名称": "東京都立北療育医療センター", "機関区分": 1, "都道府県コード": 13, "市区町村コード": 117, "所在地": "東京都北区十条台１－２－３", "緯度": 35.753968, "経度": 139.723152, "url": "https://www.iryou.teikyouseido.mhlw.go.jp/znk-web/juminkanja/S2430/initialize?prefCd=13&kikanCd=1133900180&kikanKbn=1", "url2": "https://www.fukushi.metro.tokyo.lg.jp/kitaryou/index.html", "内容": "東京都立北療育医療センター【1:病院】【診療科目:0】【一般病床数:120療養病床数:0精神病床数:0感染症病床数:0合計病床数:120】東京都北区十条台１－２－３" }, "geometry": { "type": "Point", "coordinates": [ 139.723152, 35.753968 ] } },
{ "type": "Feature", "properties": { "ID": 1311133900210, "正式名称": "医療法人社団田島厚生会　神谷病院", "機関区分": 1, "都道府県コード": 13, "市区町村コード": 117, "所在地": "東京都北区神谷１－２７－１４", "緯度": 35.76855, "経度": 139.731567, "url": "https://www.iryou.teikyouseido.mhlw.go.jp/znk-web/juminkanja/S2430/initialize?prefCd=13&kikanCd=1133900210&kikanKbn=1", "url2": "http://tajima-group.or.jp", "内容": "医療法人社団田島厚生会　神谷病院【1:病院】【診療科目:0】【一般病床数:90療養病床数:50精神病床数:0感染症病床数:0合計病床数:140】東京都北区神谷１－２７－１４" }, "geometry": { "type": "Point", "coordinates": [ 139.731567, 35.76855 ] } },
{ "type": "Feature", "properties": { "ID": 1311133900340, "正式名称": "医療法人社団慈光会　八木病院", "機関区分": 1, "都道府県コード": 13, "市区町村コード": 117, "所在地": "東京都北区東十条４－１４－８", "緯度": 35.767134, "経度": 139.726679, "url": "https://www.iryou.teikyouseido.mhlw.go.jp/znk-web/juminkanja/S2430/initialize?prefCd=13&kikanCd=1133900340&kikanKbn=1", "url2": "http://yagi-hospital.jp/", "内容": "医療法人社団慈光会　八木病院【1:病院】【診療科目:0】【一般病床数:0療養病床数:59精神病床数:0感染症病床数:0合計病床数:59】東京都北区東十条４－１４－８" }, "geometry": { "type": "Point", "coordinates": [ 139.726679, 35.767134 ] } },
{ "type": "Feature", "properties": { "ID": 1311133900760, "正式名称": "王子生協病院", "機関区分": 1, "都道府県コード": 13, "市区町村コード": 117, "所在地": "東京都北区豊島３－４－１５", "緯度": 35.760385, "経度": 139.7439, "url": "https://www.iryou.teikyouseido.mhlw.go.jp/znk-web/juminkanja/S2430/initialize?prefCd=13&kikanCd=1133900760&kikanKbn=1", "url2": "https://oujiseikyo-hp.jp/", "内容": "王子生協病院【1:病院】【診療科目:0】【一般病床数:159療養病床数:0精神病床数:0感染症病床数:0合計病床数:159】東京都北区豊島３－４－１５" }, "geometry": { "type": "Point", "coordinates": [ 139.7439, 35.760385 ] } },
{ "type": "Feature", "properties": { "ID": 1311133900920, "正式名称": "医療法人社団中央白報会　白報会王子病院", "機関区分": 1, "都道府県コード": 13, "市区町村コード": 117, "所在地": "東京都北区王子２－１４－１３", "緯度": 35.756635, "経度": 139.736901, "url": "https://www.iryou.teikyouseido.mhlw.go.jp/znk-web/juminkanja/S2430/initialize?prefCd=13&kikanCd=1133900920&kikanKbn=1", "url2": "http://www.ouji-hospital.com/", "内容": "医療法人社団中央白報会　白報会王子病院【1:病院】【診療科目:0】【一般病床数:112療養病床数:0精神病床数:0感染症病床数:0合計病床数:112】東京都北区王子２－１４－１３" }, "geometry": { "type": "Point", "coordinates": [ 139.736901, 35.756635 ] } },
{ "type": "Feature", "properties": { "ID": 1311134000250, "正式名称": "医療法人財団逸生会　大橋病院", "機関区分": 1, "都道府県コード": 13, "市区町村コード": 117, "所在地": "東京都北区桐ケ丘１－２２－１", "緯度": 35.775494, "経度": 139.705458, "url": "https://www.iryou.teikyouseido.mhlw.go.jp/znk-web/juminkanja/S2430/initialize?prefCd=13&kikanCd=1134000250&kikanKbn=1", "url2": "http://www.o-hp.or.jp/", "内容": "医療法人財団逸生会　大橋病院【1:病院】【診療科目:0】【一般病床数:102療養病床数:42精神病床数:0感染症病床数:0合計病床数:144】東京都北区桐ケ丘１－２２－１" }, "geometry": { "type": "Point", "coordinates": [ 139.705458, 35.775494 ] } },
{ "type": "Feature", "properties": { "ID": 1311134000380, "正式名称": "医療法人社団博栄会　赤羽中央総合病院", "機関区分": 1, "都道府県コード": 13, "市区町村コード": 117, "所在地": "東京都北区志茂１－１９－１４", "緯度": 35.777355, "経度": 139.7274, "url": "https://www.iryou.teikyouseido.mhlw.go.jp/znk-web/juminkanja/S2430/initialize?prefCd=13&kikanCd=1134000380&kikanKbn=1", "url2": "http://www.hakueikai.or.jp", "内容": "医療法人社団博栄会　赤羽中央総合病院【1:病院】【診療科目:0】【一般病床数:154療養病床数:45精神病床数:0感染症病床数:0合計病床数:199】東京都北区志茂１－１９－１４" }, "geometry": { "type": "Point", "coordinates": [ 139.7274, 35.777355 ] } },
{ "type": "Feature", "properties": { "ID": 1311134000830, "正式名称": "医療法人社団埴原会　赤羽病院", "機関区分": 1, "都道府県コード": 13, "市区町村コード": 117, "所在地": "東京都北区赤羽２－２－１", "緯度": 35.778216, "経度": 139.724901, "url": "https://www.iryou.teikyouseido.mhlw.go.jp/znk-web/juminkanja/S2430/initialize?prefCd=13&kikanCd=1134000830&kikanKbn=1", "url2": "http://www.akabane-hp.com", "内容": "医療法人社団埴原会　赤羽病院【1:病院】【診療科目:0】【一般病床数:39療養病床数:60精神病床数:0感染症病床数:0合計病床数:99】東京都北区赤羽２－２－１" }, "geometry": { "type": "Point", "coordinates": [ 139.724901, 35.778216 ] } },
{ "type": "Feature", "properties": { "ID": 1311134001130, "正式名称": "医療法人社団博栄会　浮間中央病院", "機関区分": 1, "都道府県コード": 13, "市区町村コード": 117, "所在地": "東京都北区赤羽北２－２１－１９", "緯度": 35.784298, "経度": 139.703291, "url": "https://www.iryou.teikyouseido.mhlw.go.jp/znk-web/juminkanja/S2430/initialize?prefCd=13&kikanCd=1134001130&kikanKbn=1", "url2": "http://www.hakueikai.or.jp", "内容": "医療法人社団博栄会　浮間中央病院【1:病院】【診療科目:0】【一般病床数:95療養病床数:0精神病床数:0感染症病床数:0合計病床数:95】東京都北区赤羽北２－２１－１９" }, "geometry": { "type": "Point", "coordinates": [ 139.703291, 35.784298 ] } },
{ "type": "Feature", "properties": { "ID": 1311134001390, "正式名称": "医療法人社団福寿会　赤羽岩渕病院", "機関区分": 1, "都道府県コード": 13, "市区町村コード": 117, "所在地": "東京都北区赤羽２－６４－１３", "緯度": 35.782521, "経度": 139.725373, "url": "https://www.iryou.teikyouseido.mhlw.go.jp/znk-web/juminkanja/S2430/initialize?prefCd=13&kikanCd=1134001390&kikanKbn=1", "url2": "http://www.fukujukaigr.or.jp/shisetsu/i_akabaneiwabuchi.htm", "内容": "医療法人社団福寿会　赤羽岩渕病院【1:病院】【診療科目:0】【一般病床数:50療養病床数:0精神病床数:0感染症病床数:0合計病床数:50】東京都北区赤羽２－６４－１３" }, "geometry": { "type": "Point", "coordinates": [ 139.725373, 35.782521 ] } },
{ "type": "Feature", "properties": { "ID": 1311134001420, "正式名称": "医療法人社団景星会赤羽　赤羽東口病院", "機関区分": 1, "都道府県コード": 13, "市区町村コード": 117, "所在地": "東京都北区赤羽１－３８－５", "緯度": 35.780715, "経度": 139.72054, "url": "https://www.iryou.teikyouseido.mhlw.go.jp/znk-web/juminkanja/S2430/initialize?prefCd=13&kikanCd=1134001420&kikanKbn=1", "url2": "https://akabane-eastside-hp.jp/", "内容": "医療法人社団景星会赤羽　赤羽東口病院【1:病院】【診療科目:0】【一般病床数:48療養病床数:25精神病床数:0感染症病床数:0合計病床数:73】東京都北区赤羽１－３８－５" }, "geometry": { "type": "Point", "coordinates": [ 139.72054, 35.780715 ] } },
{ "type": "Feature", "properties": { "ID": 1311134100150, "正式名称": "社会医療法人社団正志会　花と森の東京病院", "機関区分": 1, "都道府県コード": 13, "市区町村コード": 117, "所在地": "東京都北区西ケ原２－３－６", "緯度": 35.745525, "経度": 139.743151, "url": "https://www.iryou.teikyouseido.mhlw.go.jp/znk-web/juminkanja/S2430/initialize?prefCd=13&kikanCd=1134100150&kikanKbn=1", "url2": "https://www.hanamorithp.jp/", "内容": "社会医療法人社団正志会　花と森の東京病院【1:病院】【診療科目:0】【一般病床数:199療養病床数:0精神病床数:0感染症病床数:0合計病床数:199】東京都北区西ケ原２－３－６" }, "geometry": { "type": "Point", "coordinates": [ 139.743151, 35.745525 ] } },
{ "type": "Feature", "properties": { "ID": 1311134100280, "正式名称": "医療法人社団三恵会　西ヶ原病院", "機関区分": 1, "都道府県コード": 13, "市区町村コード": 117, "所在地": "東京都北区西ケ原２－４６－９", "緯度": 35.745275, "経度": 139.742373, "url": "https://www.iryou.teikyouseido.mhlw.go.jp/znk-web/juminkanja/S2430/initialize?prefCd=13&kikanCd=1134100280&kikanKbn=1", "url2": "http://www.nishigahara-hp.com/pc/clinic.html", "内容": "医療法人社団三恵会　西ヶ原病院【1:病院】【診療科目:0】【一般病床数:0療養病床数:0精神病床数:110感染症病床数:0合計病床数:110】東京都北区西ケ原２－４６－９" }, "geometry": { "type": "Point", "coordinates": [ 139.742373, 35.745275 ] } },
{ "type": "Feature", "properties": { "ID": 1311134100310, "正式名称": "医療法人財団　富士病院", "機関区分": 1, "都道府県コード": 13, "市区町村コード": 117, "所在地": "東京都北区西ケ原３－３３－１１", "緯度": 35.745025, "経度": 139.738623, "url": "https://www.iryou.teikyouseido.mhlw.go.jp/znk-web/juminkanja/S2430/initialize?prefCd=13&kikanCd=1134100310&kikanKbn=1", "url2": "http://fujihospital.com", "内容": "医療法人財団　富士病院【1:病院】【診療科目:0】【一般病床数:0療養病床数:0精神病床数:90感染症病床数:0合計病床数:90】東京都北区西ケ原３－３３－１１" }, "geometry": { "type": "Point", "coordinates": [ 139.738623, 35.745025 ] } },
{ "type": "Feature", "properties": { "ID": 1311134100440, "正式名称": "社会福祉法人新栄会　滝野川病院", "機関区分": 1, "都道府県コード": 13, "市区町村コード": 117, "所在地": "東京都北区滝野川２－３２－１２", "緯度": 35.750719, "経度": 139.73104, "url": "https://www.iryou.teikyouseido.mhlw.go.jp/znk-web/juminkanja/S2430/initialize?prefCd=13&kikanCd=1134100440&kikanKbn=1", "url2": "http://www.takinogawa-hp.com", "内容": "社会福祉法人新栄会　滝野川病院【1:病院】【診療科目:0】【一般病床数:59療養病床数:0精神病床数:0感染症病床数:0合計病床数:59】東京都北区滝野川２－３２－１２" }, "geometry": { "type": "Point", "coordinates": [ 139.73104, 35.750719 ] } },
{ "type": "Feature", "properties": { "ID": 1311134100730, "正式名称": "医療法人社団　金地病院", "機関区分": 1, "都道府県コード": 13, "市区町村コード": 117, "所在地": "東京都北区中里１－５－６", "緯度": 35.736832, "経度": 139.749845, "url": "https://www.iryou.teikyouseido.mhlw.go.jp/znk-web/juminkanja/S2430/initialize?prefCd=13&kikanCd=1134100730&kikanKbn=1", "url2": "http://www.kanaji.jp", "内容": "医療法人社団　金地病院【1:病院】【診療科目:0】【一般病床数:38療養病床数:0精神病床数:0感染症病床数:0合計病床数:38】東京都北区中里１－５－６" }, "geometry": { "type": "Point", "coordinates": [ 139.749845, 35.736832 ] } },
{ "type": "Feature", "properties": { "ID": 1311134200000, "正式名称": "令和あらかわ病院", "機関区分": 1, "都道府県コード": 13, "市区町村コード": 118, "所在地": "東京都荒川区東尾久５－４５－１", "緯度": 35.748365, "経度": 139.766246, "url": "https://www.iryou.teikyouseido.mhlw.go.jp/znk-web/juminkanja/S2430/initialize?prefCd=13&kikanCd=1134200000&kikanKbn=1", "url2": null, "内容": "令和あらかわ病院【1:病院】【診療科目:0】【一般病床数:240療養病床数:0精神病床数:0感染症病床数:0合計病床数:240】東京都荒川区東尾久５－４５－１" }, "geometry": { "type": "Point", "coordinates": [ 139.766246, 35.748365 ] } },
{ "type": "Feature", "properties": { "ID": 1311134200470, "正式名称": "医療法人財団真光会　竹内病院", "機関区分": 1, "都道府県コード": 13, "市区町村コード": 118, "所在地": "東京都荒川区荒川６－７－８", "緯度": 35.742721, "経度": 139.779481, "url": "https://www.iryou.teikyouseido.mhlw.go.jp/znk-web/juminkanja/S2430/initialize?prefCd=13&kikanCd=1134200470&kikanKbn=1", "url2": "http://www5d.biglobe.ne.jp/~takeuchi/", "内容": "医療法人財団真光会　竹内病院【1:病院】【診療科目:0】【一般病床数:47療養病床数:0精神病床数:0感染症病床数:0合計病床数:0】東京都荒川区荒川６－７－８" }, "geometry": { "type": "Point", "coordinates": [ 139.779481, 35.742721 ] } },
{ "type": "Feature", "properties": { "ID": 1311134200630, "正式名称": "社会医療法人社団一成会　木村病院", "機関区分": 1, "都道府県コード": 13, "市区町村コード": 118, "所在地": "東京都荒川区南千住１－１－１", "緯度": 35.733416, "経度": 139.788759, "url": "https://www.iryou.teikyouseido.mhlw.go.jp/znk-web/juminkanja/S2430/initialize?prefCd=13&kikanCd=1134200630&kikanKbn=1", "url2": "https://kimura-hp.or.jp", "内容": "社会医療法人社団一成会　木村病院【1:病院】【診療科目:0】【一般病床数:99療養病床数:0精神病床数:0感染症病床数:0合計病床数:99】東京都荒川区南千住１－１－１" }, "geometry": { "type": "Point", "coordinates": [ 139.788759, 35.733416 ] } },
{ "type": "Feature", "properties": { "ID": 1311134200890, "正式名称": "医療法人社団関川会　関川病院", "機関区分": 1, "都道府県コード": 13, "市区町村コード": 118, "所在地": "東京都荒川区西日暮里１－４－１", "緯度": 35.73461, "経度": 139.777454, "url": "https://www.iryou.teikyouseido.mhlw.go.jp/znk-web/juminkanja/S2430/initialize?prefCd=13&kikanCd=1134200890&kikanKbn=1", "url2": "http://www.sekikawa.or.jp", "内容": "医療法人社団関川会　関川病院【1:病院】【診療科目:0】【一般病床数:99療養病床数:42精神病床数:0感染症病床数:0合計病床数:141】東京都荒川区西日暮里１－４－１" }, "geometry": { "type": "Point", "coordinates": [ 139.777454, 35.73461 ] } },
{ "type": "Feature", "properties": { "ID": 1311134200920, "正式名称": "医療法人社団杏和会　寺田病院介護医療院", "機関区分": 1, "都道府県コード": 13, "市区町村コード": 118, "所在地": "東京都荒川区町屋３－２３－１４", "緯度": 35.749525, "経度": 139.784564, "url": "https://www.iryou.teikyouseido.mhlw.go.jp/znk-web/juminkanja/S2430/initialize?prefCd=13&kikanCd=1134200920&kikanKbn=1", "url2": "https://terada-hp.jp/", "内容": "医療法人社団杏和会　寺田病院介護医療院【1:病院】【診療科目:0】【一般病床数:0療養病床数:65精神病床数:0感染症病床数:0合計病床数:65】東京都荒川区町屋３－２３－１４" }, "geometry": { "type": "Point", "coordinates": [ 139.784564, 35.749525 ] } },
{ "type": "Feature", "properties": { "ID": 1311134201190, "正式名称": "社会福祉法人上宮会　日暮里上宮病院", "機関区分": 1, "都道府県コード": 13, "市区町村コード": 118, "所在地": "東京都荒川区東日暮里２－２９－８", "緯度": 35.728639, "経度": 139.785037, "url": "https://www.iryou.teikyouseido.mhlw.go.jp/znk-web/juminkanja/S2430/initialize?prefCd=13&kikanCd=1134201190&kikanKbn=1", "url2": "http://www/jyogu.com", "内容": "社会福祉法人上宮会　日暮里上宮病院【1:病院】【診療科目:0】【一般病床数:27療養病床数:54精神病床数:0感染症病床数:0合計病床数:81】東京都荒川区東日暮里２－２９－８" }, "geometry": { "type": "Point", "coordinates": [ 139.785037, 35.728639 ] } },
{ "type": "Feature", "properties": { "ID": 1311134201770, "正式名称": "医療法人社団藤寿会　佐藤病院", "機関区分": 1, "都道府県コード": 13, "市区町村コード": 118, "所在地": "東京都荒川区西尾久５－７－１", "緯度": 35.749775, "経度": 139.761316, "url": "https://www.iryou.teikyouseido.mhlw.go.jp/znk-web/juminkanja/S2430/initialize?prefCd=13&kikanCd=1134201770&kikanKbn=1", "url2": "http://www.metro-himawari.net/qq/qq13mopaup_out3.asp?kikan_cd=1134201770", "内容": "医療法人社団藤寿会　佐藤病院【1:病院】【診療科目:0】【一般病床数:60療養病床数:38精神病床数:0感染症病床数:0合計病床数:98】東京都荒川区西尾久５－７－１" }, "geometry": { "type": "Point", "coordinates": [ 139.761316, 35.749775 ] } },
{ "type": "Feature", "properties": { "ID": 1311134201800, "正式名称": "医療法人社団杏精会　岡田病院", "機関区分": 1, "都道府県コード": 13, "市区町村コード": 118, "所在地": "東京都荒川区荒川５－３－１", "緯度": 35.737415, "経度": 139.775704, "url": "https://www.iryou.teikyouseido.mhlw.go.jp/znk-web/juminkanja/S2430/initialize?prefCd=13&kikanCd=1134201800&kikanKbn=1", "url2": "http://okada.or.jp", "内容": "医療法人社団杏精会　岡田病院【1:病院】【診療科目:0】【一般病床数:57療養病床数:0精神病床数:0感染症病床数:0合計病床数:57】東京都荒川区荒川５－３－１" }, "geometry": { "type": "Point", "coordinates": [ 139.775704, 35.737415 ] } },
{ "type": "Feature", "properties": { "ID": 1311134202100, "正式名称": "医療法人社団愛和会　南千住病院", "機関区分": 1, "都道府県コード": 13, "市区町村コード": 118, "所在地": "東京都荒川区南千住５－１０－１", "緯度": 35.733833, "経度": 139.794175, "url": "https://www.iryou.teikyouseido.mhlw.go.jp/znk-web/juminkanja/S2430/initialize?prefCd=13&kikanCd=1134202100&kikanKbn=1", "url2": "http://www.aiwakai.or.jp/", "内容": "医療法人社団愛和会　南千住病院【1:病院】【診療科目:0】【一般病床数:30療養病床数:46精神病床数:0感染症病床数:0合計病床数:76】東京都荒川区南千住５－１０－１" }, "geometry": { "type": "Point", "coordinates": [ 139.794175, 35.733833 ] } },
{ "type": "Feature", "properties": { "ID": 1311134202360, "正式名称": "医療法人社団成守会　はせがわ病院", "機関区分": 1, "都道府県コード": 13, "市区町村コード": 118, "所在地": "東京都荒川区東日暮里５－４５－７", "緯度": 35.728222, "経度": 139.774343, "url": "https://www.iryou.teikyouseido.mhlw.go.jp/znk-web/juminkanja/S2430/initialize?prefCd=13&kikanCd=1134202360&kikanKbn=1", "url2": "http://www.seishukai.or.jp", "内容": "医療法人社団成守会　はせがわ病院【1:病院】【診療科目:0】【一般病床数:30療養病床数:56精神病床数:0感染症病床数:0合計病床数:86】東京都荒川区東日暮里５－４５－７" }, "geometry": { "type": "Point", "coordinates": [ 139.774343, 35.728222 ] } },
{ "type": "Feature", "properties": { "ID": 1311134202650, "正式名称": "医療法人社団美誠会　荒川病院", "機関区分": 1, "都道府県コード": 13, "市区町村コード": 118, "所在地": "東京都荒川区町屋８－２０－３", "緯度": 35.74672, "経度": 139.787619, "url": "https://www.iryou.teikyouseido.mhlw.go.jp/znk-web/juminkanja/S2430/initialize?prefCd=13&kikanCd=1134202650&kikanKbn=1", "url2": "http://www.arakawa-hp.com/", "内容": "医療法人社団美誠会　荒川病院【1:病院】【診療科目:0】【一般病床数:0療養病床数:153精神病床数:0感染症病床数:0合計病床数:153】東京都荒川区町屋８－２０－３" }, "geometry": { "type": "Point", "coordinates": [ 139.787619, 35.74672 ] } },
{ "type": "Feature", "properties": { "ID": 1311134202651, "正式名称": "社会医療法人社団正志会　荒木記念東京リバーサイド病院", "機関区分": 1, "都道府県コード": 13, "市区町村コード": 118, "所在地": "東京都荒川区南千住８－４－４", "緯度": 35.737722, "経度": 139.80709, "url": "https://www.iryou.teikyouseido.mhlw.go.jp/znk-web/juminkanja/S2430/initialize?prefCd=13&kikanCd=1134202651&kikanKbn=1", "url2": "https://www.trshp.jp/", "内容": "社会医療法人社団正志会　荒木記念東京リバーサイド病院【1:病院】【診療科目:0】【一般病床数:115療養病床数:0精神病床数:0感染症病床数:0合計病床数:115】東京都荒川区南千住８－４－４" }, "geometry": { "type": "Point", "coordinates": [ 139.80709, 35.737722 ] } },
{ "type": "Feature", "properties": { "ID": 1311134300110, "正式名称": "地方独立行政法人東京都健康長寿医療センター", "機関区分": 1, "都道府県コード": 13, "市区町村コード": 119, "所在地": "東京都板橋区栄町３５－２", "緯度": 35.751496, "経度": 139.703265, "url": "https://www.iryou.teikyouseido.mhlw.go.jp/znk-web/juminkanja/S2430/initialize?prefCd=13&kikanCd=1134300110&kikanKbn=1", "url2": "http://www.tmghig.jp", "内容": "地方独立行政法人東京都健康長寿医療センター【1:病院】【診療科目:0】【一般病床数:520療養病床数:0精神病床数:30感染症病床数:0合計病床数:550】東京都板橋区栄町３５－２" }, "geometry": { "type": "Point", "coordinates": [ 139.703265, 35.751496 ] } },
{ "type": "Feature", "properties": { "ID": 1311134300240, "正式名称": "地方独立行政法人東京都立病院機構　東京都立豊島病院", "機関区分": 1, "都道府県コード": 13, "市区町村コード": 119, "所在地": "東京都板橋区栄町３３－１", "緯度": 35.752746, "経度": 139.70107, "url": "https://www.iryou.teikyouseido.mhlw.go.jp/znk-web/juminkanja/S2430/initialize?prefCd=13&kikanCd=1134300240&kikanKbn=1", "url2": "https://www.tmhp.jp/toshima/", "内容": "地方独立行政法人東京都立病院機構　東京都立豊島病院【1:病院】【診療科目:0】【一般病床数:386療養病床数:0精神病床数:32感染症病床数:20合計病床数:438】東京都板橋区栄町３３－１" }, "geometry": { "type": "Point", "coordinates": [ 139.70107, 35.752746 ] } },
{ "type": "Feature", "properties": { "ID": 1311134300370, "正式名称": "一般財団法人精神医学研究所附属　東京武蔵野病院", "機関区分": 1, "都道府県コード": 13, "市区町村コード": 119, "所在地": "東京都板橋区小茂根４－１１－１１", "緯度": 35.746302, "経度": 139.674656, "url": "https://www.iryou.teikyouseido.mhlw.go.jp/znk-web/juminkanja/S2430/initialize?prefCd=13&kikanCd=1134300370&kikanKbn=1", "url2": "https://www.tmh.or.jp/", "内容": "一般財団法人精神医学研究所附属　東京武蔵野病院【1:病院】【診療科目:0】【一般病床数:49療養病床数:0精神病床数:552感染症病床数:0合計病床数:601】東京都板橋区小茂根４－１１－１１" }, "geometry": { "type": "Point", "coordinates": [ 139.674656, 35.746302 ] } },
{ "type": "Feature", "properties": { "ID": 1311134300400, "正式名称": "公益財団法人愛世会　愛誠病院", "機関区分": 1, "都道府県コード": 13, "市区町村コード": 119, "所在地": "東京都板橋区加賀１－３－１", "緯度": 35.753107, "経度": 139.720958, "url": "https://www.iryou.teikyouseido.mhlw.go.jp/znk-web/juminkanja/S2430/initialize?prefCd=13&kikanCd=1134300400&kikanKbn=1", "url2": "https://www.aisei-byouin.or.jp/", "内容": "公益財団法人愛世会　愛誠病院【1:病院】【診療科目:0】【一般病床数:0療養病床数:123精神病床数:318感染症病床数:0合計病床数:441】東京都板橋区加賀１－３－１" }, "geometry": { "type": "Point", "coordinates": [ 139.720958, 35.753107 ] } },
{ "type": "Feature", "properties": { "ID": 1311134300530, "正式名称": "医療法人財団仁寿会　荘病院", "機関区分": 1, "都道府県コード": 13, "市区町村コード": 119, "所在地": "東京都板橋区板橋１－４１－１４", "緯度": 35.748747, "経度": 139.715486, "url": "https://www.iryou.teikyouseido.mhlw.go.jp/znk-web/juminkanja/S2430/initialize?prefCd=13&kikanCd=1134300530&kikanKbn=1", "url2": "sho-hospital.jp", "内容": "医療法人財団仁寿会　荘病院【1:病院】【診療科目:0】【一般病床数:60療養病床数:0精神病床数:0感染症病床数:0合計病床数:60】東京都板橋区板橋１－４１－１４" }, "geometry": { "type": "Point", "coordinates": [ 139.715486, 35.748747 ] } },
{ "type": "Feature", "properties": { "ID": 1311134300790, "正式名称": "医療法人財団明理会　明理会中央総合病院", "機関区分": 1, "都道府県コード": 13, "市区町村コード": 117, "所在地": "東京都北区東十条３－２－１１", "緯度": 35.764773, "経度": 139.72879, "url": "https://www.iryou.teikyouseido.mhlw.go.jp/znk-web/juminkanja/S2430/initialize?prefCd=13&kikanCd=1134300790&kikanKbn=1", "url2": "http://www.ims.gr.jp/meirikaichuo/", "内容": "医療法人財団明理会　明理会中央総合病院【1:病院】【診療科目:0】【一般病床数:312療養病床数:0精神病床数:0感染症病床数:0合計病床数:312】東京都北区東十条３－２－１１" }, "geometry": { "type": "Point", "coordinates": [ 139.72879, 35.764773 ] } },
{ "type": "Feature", "properties": { "ID": 1311134300950, "正式名称": "医療法人財団　同潤会　富士見病院", "機関区分": 1, "都道府県コード": 13, "市区町村コード": 119, "所在地": "東京都板橋区大和町１４－１６", "緯度": 35.760884, "経度": 139.705264, "url": "https://www.iryou.teikyouseido.mhlw.go.jp/znk-web/juminkanja/S2430/initialize?prefCd=13&kikanCd=1134300950&kikanKbn=1", "url2": "http://www.fujimi-hp.or.jp/", "内容": "医療法人財団　同潤会　富士見病院【1:病院】【診療科目:0】【一般病床数:26療養病床数:0精神病床数:0感染症病床数:0合計病床数:26】東京都板橋区大和町１４－１６" }, "geometry": { "type": "Point", "coordinates": [ 139.705264, 35.760884 ] } },
{ "type": "Feature", "properties": { "ID": 1311134301090, "正式名称": "学校法人日本大学　日本大学医学部附属板橋病院", "機関区分": 1, "都道府県コード": 13, "市区町村コード": 119, "所在地": "東京都板橋区大谷口上町３０－１", "緯度": 35.749524, "経度": 139.691155, "url": "https://www.iryou.teikyouseido.mhlw.go.jp/znk-web/juminkanja/S2430/initialize?prefCd=13&kikanCd=1134301090&kikanKbn=1", "url2": "https://www.itabashi.med.nihon-u.ac.jp/", "内容": "学校法人日本大学　日本大学医学部附属板橋病院【1:病院】【診療科目:0】【一般病床数:947療養病床数:0精神病床数:43感染症病床数:0合計病床数:990】東京都板橋区大谷口上町３０－１" }, "geometry": { "type": "Point", "coordinates": [ 139.691155, 35.749524 ] } },
{ "type": "Feature", "properties": { "ID": 1311134301120, "正式名称": "学校法人帝京大学　帝京大学医学部附属病院", "機関区分": 1, "都道府県コード": 13, "市区町村コード": 119, "所在地": "東京都板橋区加賀２－１１－１", "緯度": 35.759038, "経度": 139.71381, "url": "https://www.iryou.teikyouseido.mhlw.go.jp/znk-web/juminkanja/S2430/initialize?prefCd=13&kikanCd=1134301120&kikanKbn=1", "url2": "https://www.teikyo-hospital.jp/", "内容": "学校法人帝京大学　帝京大学医学部附属病院【1:病院】【診療科目:0】【一般病床数:975療養病床数:0精神病床数:39感染症病床数:0合計病床数:1014】東京都板橋区加賀２－１１－１" }, "geometry": { "type": "Point", "coordinates": [ 139.71381, 35.759038 ] } },
{ "type": "Feature", "properties": { "ID": 1311134301250, "正式名称": "社会福祉法人心身障害児総合医療療育センター", "機関区分": 1, "都道府県コード": 13, "市区町村コード": 119, "所在地": "東京都板橋区小茂根１－１－１０", "緯度": 35.746663, "経度": 139.682489, "url": "https://www.iryou.teikyouseido.mhlw.go.jp/znk-web/juminkanja/S2430/initialize?prefCd=13&kikanCd=1134301250&kikanKbn=1", "url2": "https://www.ryouiku-net.com/", "内容": "社会福祉法人心身障害児総合医療療育センター【1:病院】【診療科目:0】【一般病床数:251療養病床数:0精神病床数:0感染症病床数:0合計病床数:251】東京都板橋区小茂根１－１－１０" }, "geometry": { "type": "Point", "coordinates": [ 139.682489, 35.746663 ] } },
{ "type": "Feature", "properties": { "ID": 1311134301700, "正式名称": "医療法人財団朔望会　常盤台外科病院", "機関区分": 1, "都道府県コード": 13, "市区町村コード": 119, "所在地": "東京都板橋区常盤台２－２５－２０", "緯度": 35.762495, "経度": 139.690043, "url": "https://www.iryou.teikyouseido.mhlw.go.jp/znk-web/juminkanja/S2430/initialize?prefCd=13&kikanCd=1134301700&kikanKbn=1", "url2": "https://www.tshnet.or.jp/tsh/", "内容": "医療法人財団朔望会　常盤台外科病院【1:病院】【診療科目:0】【一般病床数:99療養病床数:0精神病床数:0感染症病床数:0合計病床数:99】東京都板橋区常盤台２－２５－２０" }, "geometry": { "type": "Point", "coordinates": [ 139.690043, 35.762495 ] } },
{ "type": "Feature", "properties": { "ID": 1311134301830, "正式名称": "医療法人社団清和昌稜会　飯沼病院", "機関区分": 1, "都道府県コード": 13, "市区町村コード": 119, "所在地": "東京都板橋区常盤台２－３３－１５", "緯度": 35.763133, "経度": 139.687099, "url": "https://www.iryou.teikyouseido.mhlw.go.jp/znk-web/juminkanja/S2430/initialize?prefCd=13&kikanCd=1134301830&kikanKbn=1", "url2": "http://www.iinuma-hp.com/", "内容": "医療法人社団清和昌稜会　飯沼病院【1:病院】【診療科目:0】【一般病床数:0療養病床数:53精神病床数:373感染症病床数:0合計病床数:426】東京都板橋区常盤台２－３３－１５" }, "geometry": { "type": "Point", "coordinates": [ 139.687099, 35.763133 ] } },
{ "type": "Feature", "properties": { "ID": 1311134301960, "正式名称": "医療法人社団和好会　金子病院", "機関区分": 1, "都道府県コード": 13, "市区町村コード": 119, "所在地": "東京都板橋区南常盤台１－１５－１４", "緯度": 35.755995, "経度": 139.687516, "url": "https://www.iryou.teikyouseido.mhlw.go.jp/znk-web/juminkanja/S2430/initialize?prefCd=13&kikanCd=1134301960&kikanKbn=1", "url2": "http://7a.biglobe.ne.jp/~nameko_hospital", "内容": "医療法人社団和好会　金子病院【1:病院】【診療科目:0】【一般病床数:35療養病床数:0精神病床数:0感染症病床数:0合計病床数:35】東京都板橋区南常盤台１－１５－１４" }, "geometry": { "type": "Point", "coordinates": [ 139.687516, 35.755995 ] } },
{ "type": "Feature", "properties": { "ID": 1311134302130, "正式名称": "医療法人社団明芳会　イムス記念病院", "機関区分": 1, "都道府県コード": 13, "市区町村コード": 119, "所在地": "東京都板橋区常盤台４丁目２５番５号", "緯度": 35.763383, "経度": 139.677572, "url": "https://www.iryou.teikyouseido.mhlw.go.jp/znk-web/juminkanja/S2430/initialize?prefCd=13&kikanCd=1134302130&kikanKbn=1", "url2": "http://www.ims.gr.jp/ims-kinen/", "内容": "医療法人社団明芳会　イムス記念病院【1:病院】【診療科目:0】【一般病床数:72療養病床数:0精神病床数:0感染症病床数:0合計病床数:72】東京都板橋区常盤台４丁目２５番５号" }, "geometry": { "type": "Point", "coordinates": [ 139.677572, 35.763383 ] } },
{ "type": "Feature", "properties": { "ID": 1311134400270, "正式名称": "医療法人社団翠会　成増厚生病院", "機関区分": 1, "都道府県コード": 13, "市区町村コード": 119, "所在地": "東京都板橋区三園１－１９－１", "緯度": 35.788324, "経度": 139.639185, "url": "https://www.iryou.teikyouseido.mhlw.go.jp/znk-web/juminkanja/S2430/initialize?prefCd=13&kikanCd=1134400270&kikanKbn=1", "url2": "https://narimasukosei-hospital.jp/", "内容": "医療法人社団翠会　成増厚生病院【1:病院】【診療科目:0】【一般病床数:48療養病床数:0精神病床数:436感染症病床数:0合計病床数:484】東京都板橋区三園１－１９－１" }, "geometry": { "type": "Point", "coordinates": [ 139.639185, 35.788324 ] } },
{ "type": "Feature", "properties": { "ID": 1311134400430, "正式名称": "医療法人社団叡宥会　安田病院", "機関区分": 1, "都道府県コード": 13, "市区町村コード": 119, "所在地": "東京都板橋区成増１－１３－９", "緯度": 35.775353, "経度": 139.632853, "url": "https://www.iryou.teikyouseido.mhlw.go.jp/znk-web/juminkanja/S2430/initialize?prefCd=13&kikanCd=1134400430&kikanKbn=1", "url2": "http://www.yasudahosp.jp/", "内容": "医療法人社団叡宥会　安田病院【1:病院】【診療科目:0】【一般病床数:43療養病床数:0精神病床数:0感染症病床数:0合計病床数:43】東京都板橋区成増１－１３－９" }, "geometry": { "type": "Point", "coordinates": [ 139.632853, 35.775353 ] } },
{ "type": "Feature", "properties": { "ID": 1311134400850, "正式名称": "医療法人社団正風会　小林病院", "機関区分": 1, "都道府県コード": 13, "市区町村コード": 119, "所在地": "東京都板橋区成増３－１０－８", "緯度": 35.778409, "経度": 139.633964, "url": "https://www.iryou.teikyouseido.mhlw.go.jp/znk-web/juminkanja/S2430/initialize?prefCd=13&kikanCd=1134400850&kikanKbn=1", "url2": "http://www.kobayashibyoin.com", "内容": "医療法人社団正風会　小林病院【1:病院】【診療科目:0】【一般病床数:52療養病床数:44精神病床数:0感染症病床数:0合計病床数:96】東京都板橋区成増３－１０－８" }, "geometry": { "type": "Point", "coordinates": [ 139.633964, 35.778409 ] } },
{ "type": "Feature", "properties": { "ID": 1311134500200, "正式名称": "医療法人社団　明芳会　高島平中央総合病院", "機関区分": 1, "都道府県コード": 13, "市区町村コード": 119, "所在地": "東京都板橋区高島平１－７３－１", "緯度": 35.786964, "経度": 139.667738, "url": "https://www.iryou.teikyouseido.mhlw.go.jp/znk-web/juminkanja/S2430/initialize?prefCd=13&kikanCd=1134500200&kikanKbn=1", "url2": "https://takashimadaira-hospital.jp/", "内容": "医療法人社団　明芳会　高島平中央総合病院【1:病院】【診療科目:0】【一般病床数:235療養病床数:0精神病床数:0感染症病床数:0合計病床数:235】東京都板橋区高島平１－７３－１" }, "geometry": { "type": "Point", "coordinates": [ 139.667738, 35.786964 ] } },
{ "type": "Feature", "properties": { "ID": 1311134500460, "正式名称": "医療法人財団健康文化会　小豆沢病院", "機関区分": 1, "都道府県コード": 13, "市区町村コード": 119, "所在地": "東京都板橋区小豆沢１－６－８", "緯度": 35.772883, "経度": 139.700792, "url": "https://www.iryou.teikyouseido.mhlw.go.jp/znk-web/juminkanja/S2430/initialize?prefCd=13&kikanCd=1134500460&kikanKbn=1", "url2": "http://www.kenbun.or.jp", "内容": "医療法人財団健康文化会　小豆沢病院【1:病院】【診療科目:0】【一般病床数:90療養病床数:40精神病床数:0感染症病床数:0合計病床数:130】東京都板橋区小豆沢１－６－８" }, "geometry": { "type": "Point", "coordinates": [ 139.700792, 35.772883 ] } },
{ "type": "Feature", "properties": { "ID": 1311134500620, "正式名称": "医療法人社団明芳会　板橋中央総合病院", "機関区分": 1, "都道府県コード": 13, "市区町村コード": 119, "所在地": "東京都板橋区小豆沢２－１２－７", "緯度": 35.775632, "経度": 139.697042, "url": "https://www.iryou.teikyouseido.mhlw.go.jp/znk-web/juminkanja/S2430/initialize?prefCd=13&kikanCd=1134500620&kikanKbn=1", "url2": "http://www.ims.gr.jp/itabashi.hp/", "内容": "医療法人社団明芳会　板橋中央総合病院【1:病院】【診療科目:0】【一般病床数:569療養病床数:0精神病床数:0感染症病床数:0合計病床数:569】東京都板橋区小豆沢２－１２－７" }, "geometry": { "type": "Point", "coordinates": [ 139.697042, 35.775632 ] } },
{ "type": "Feature", "properties": { "ID": 1311134500750, "正式名称": "医療法人社団田島厚生会　舟渡病院", "機関区分": 1, "都道府県コード": 13, "市区町村コード": 119, "所在地": "東京都板橋区舟渡２－１９－１２", "緯度": 35.795713, "経度": 139.689292, "url": "https://www.iryou.teikyouseido.mhlw.go.jp/znk-web/juminkanja/S2430/initialize?prefCd=13&kikanCd=1134500750&kikanKbn=1", "url2": "http://www.tajima-group.or.jp/funadohp.html", "内容": "医療法人社団田島厚生会　舟渡病院【1:病院】【診療科目:0】【一般病床数:0療養病床数:40精神病床数:0感染症病床数:0合計病床数:40】東京都板橋区舟渡２－１９－１２" }, "geometry": { "type": "Point", "coordinates": [ 139.689292, 35.795713 ] } },
{ "type": "Feature", "properties": { "ID": 1311134501050, "正式名称": "医療法人社団慈誠会　慈誠会前野病院", "機関区分": 1, "都道府県コード": 13, "市区町村コード": 119, "所在地": "東京都板橋区前野町６－３８－３", "緯度": 35.768577, "経度": 139.68871, "url": "https://www.iryou.teikyouseido.mhlw.go.jp/znk-web/juminkanja/S2430/initialize?prefCd=13&kikanCd=1134501050&kikanKbn=1", "url2": "https://www.jiseikai.or.jp", "内容": "医療法人社団慈誠会　慈誠会前野病院【1:病院】【診療科目:0】【一般病床数:0療養病床数:108精神病床数:0感染症病床数:0合計病床数:108】東京都板橋区前野町６－３８－３" }, "geometry": { "type": "Point", "coordinates": [ 139.68871, 35.768577 ] } },
{ "type": "Feature", "properties": { "ID": 1311134501180, "正式名称": "医療法人社団　開星会　常盤台病院", "機関区分": 1, "都道府県コード": 13, "市区町村コード": 119, "所在地": "東京都板橋区前野町６－５８－１", "緯度": 35.768744, "経度": 139.682988, "url": "https://www.iryou.teikyouseido.mhlw.go.jp/znk-web/juminkanja/S2430/initialize?prefCd=13&kikanCd=1134501180&kikanKbn=1", "url2": "http://kaiseikai-tokiwadai-hosp.jp/", "内容": "医療法人社団　開星会　常盤台病院【1:病院】【診療科目:0】【一般病床数:0療養病床数:142精神病床数:0感染症病床数:0合計病床数:142】東京都板橋区前野町６－５８－１" }, "geometry": { "type": "Point", "coordinates": [ 139.682988, 35.768744 ] } },
{ "type": "Feature", "properties": { "ID": 1311134501210, "正式名称": "板橋区医師会病院", "機関区分": 1, "都道府県コード": 13, "市区町村コード": 119, "所在地": "東京都板橋区高島平３－１２－６", "緯度": 35.78688, "経度": 139.658072, "url": "https://www.iryou.teikyouseido.mhlw.go.jp/znk-web/juminkanja/S2430/initialize?prefCd=13&kikanCd=1134501210&kikanKbn=1", "url2": "http://www.itabashi-med.jp", "内容": "板橋区医師会病院【1:病院】【診療科目:0】【一般病床数:146療養病床数:0精神病床数:0感染症病床数:0合計病床数:146】東京都板橋区高島平３－１２－６" }, "geometry": { "type": "Point", "coordinates": [ 139.658072, 35.78688 ] } },
{ "type": "Feature", "properties": { "ID": 1311134501340, "正式名称": "医療法人社団誠志会　誠志会病院", "機関区分": 1, "都道府県コード": 13, "市区町村コード": 119, "所在地": "東京都板橋区坂下１－４０－２", "緯度": 35.779659, "経度": 139.68121, "url": "https://www.iryou.teikyouseido.mhlw.go.jp/znk-web/juminkanja/S2430/initialize?prefCd=13&kikanCd=1134501340&kikanKbn=1", "url2": "http://www.seisikai.or.jp", "内容": "医療法人社団誠志会　誠志会病院【1:病院】【診療科目:0】【一般病床数:60療養病床数:92精神病床数:0感染症病床数:0合計病床数:152】東京都板橋区坂下１－４０－２" }, "geometry": { "type": "Point", "coordinates": [ 139.68121, 35.779659 ] } },
{ "type": "Feature", "properties": { "ID": 1311134600100, "正式名称": "公益財団法人東京都医療保健協会　練馬総合病院", "機関区分": 1, "都道府県コード": 13, "市区町村コード": 120, "所在地": "東京都練馬区旭丘１－２４－１", "緯度": 35.733803, "経度": 139.677046, "url": "https://www.iryou.teikyouseido.mhlw.go.jp/znk-web/juminkanja/S2430/initialize?prefCd=13&kikanCd=1134600100&kikanKbn=1", "url2": "https://nerima-hosp.or.jp/", "内容": "公益財団法人東京都医療保健協会　練馬総合病院【1:病院】【診療科目:0】【一般病床数:223療養病床数:0精神病床数:0感染症病床数:0合計病床数:223】東京都練馬区旭丘１－２４－１" }, "geometry": { "type": "Point", "coordinates": [ 139.677046, 35.733803 ] } },
{ "type": "Feature", "properties": { "ID": 1311134600360, "正式名称": "医療法人社団さくら景星会　桜台病院", "機関区分": 1, "都道府県コード": 13, "市区町村コード": 120, "所在地": "東京都練馬区豊玉南１－２０－１５", "緯度": 35.728553, "経度": 139.659131, "url": "https://www.iryou.teikyouseido.mhlw.go.jp/znk-web/juminkanja/S2430/initialize?prefCd=13&kikanCd=1134600360&kikanKbn=1", "url2": null, "内容": "医療法人社団さくら景星会　桜台病院【1:病院】【診療科目:0】【一般病床数:0療養病床数:88精神病床数:0感染症病床数:0合計病床数:88】東京都練馬区豊玉南１－２０－１５" }, "geometry": { "type": "Point", "coordinates": [ 139.659131, 35.728553 ] } },
{ "type": "Feature", "properties": { "ID": 1311134600490, "正式名称": "医療法人社団浩生会　浩生会スズキ病院", "機関区分": 1, "都道府県コード": 13, "市区町村コード": 120, "所在地": "東京都練馬区栄町７－１", "緯度": 35.736969, "経度": 139.670796, "url": "https://www.iryou.teikyouseido.mhlw.go.jp/znk-web/juminkanja/S2430/initialize?prefCd=13&kikanCd=1134600490&kikanKbn=1", "url2": "http://www.suzuki.hospi.or.jp", "内容": "医療法人社団浩生会　浩生会スズキ病院【1:病院】【診療科目:0】【一般病床数:99療養病床数:0精神病床数:0感染症病床数:0合計病床数:99】東京都練馬区栄町７－１" }, "geometry": { "type": "Point", "coordinates": [ 139.670796, 35.736969 ] } },
{ "type": "Feature", "properties": { "ID": 1311134600780, "正式名称": "医療法人社団秀佑会　東海病院", "機関区分": 1, "都道府県コード": 13, "市区町村コード": 120, "所在地": "東京都練馬区中村北２－１０－１１", "緯度": 35.735552, "経度": 139.643076, "url": "https://www.iryou.teikyouseido.mhlw.go.jp/znk-web/juminkanja/S2430/initialize?prefCd=13&kikanCd=1134600780&kikanKbn=1", "url2": "https://www.syuyukai.jp", "内容": "医療法人社団秀佑会　東海病院【1:病院】【診療科目:0】【一般病床数:0療養病床数:23精神病床数:0感染症病床数:0合計病床数:23】東京都練馬区中村北２－１０－１１" }, "geometry": { "type": "Point", "coordinates": [ 139.643076, 35.735552 ] } },
{ "type": "Feature", "properties": { "ID": 1311134600940, "正式名称": "医療法人社団育陽会　練馬さくら病院", "機関区分": 1, "都道府県コード": 13, "市区町村コード": 120, "所在地": "東京都練馬区北町３－７－１９", "緯度": 35.768577, "経度": 139.655601, "url": "https://www.iryou.teikyouseido.mhlw.go.jp/znk-web/juminkanja/S2430/initialize?prefCd=13&kikanCd=1134600940&kikanKbn=1", "url2": "https://www.t-sakurahosp.com", "内容": "医療法人社団育陽会　練馬さくら病院【1:病院】【診療科目:0】【一般病床数:0療養病床数:178精神病床数:0感染症病床数:0合計病床数:178】東京都練馬区北町３－７－１９" }, "geometry": { "type": "Point", "coordinates": [ 139.655601, 35.768577 ] } },
{ "type": "Feature", "properties": { "ID": 1311134601110, "正式名称": "東京保健生活協同組合　　大泉生協病院", "機関区分": 1, "都道府県コード": 13, "市区町村コード": 120, "所在地": "東京都練馬区東大泉６－３－３", "緯度": 35.741439, "経度": 139.584886, "url": "https://www.iryou.teikyouseido.mhlw.go.jp/znk-web/juminkanja/S2430/initialize?prefCd=13&kikanCd=1134601110&kikanKbn=1", "url2": "https://oizumi.tokyo-health.coop/", "内容": "東京保健生活協同組合　　大泉生協病院【1:病院】【診療科目:0】【一般病床数:94療養病床数:0精神病床数:0感染症病床数:0合計病床数:94】東京都練馬区東大泉６－３－３" }, "geometry": { "type": "Point", "coordinates": [ 139.584886, 35.741439 ] } },
{ "type": "Feature", "properties": { "ID": 1311134700390, "正式名称": "医療法人財団厚生協会　大泉病院", "機関区分": 1, "都道府県コード": 13, "市区町村コード": 120, "所在地": "東京都練馬区大泉学園町６－９－１", "緯度": 35.768992, "経度": 139.581052, "url": "https://www.iryou.teikyouseido.mhlw.go.jp/znk-web/juminkanja/S2430/initialize?prefCd=13&kikanCd=1134700390&kikanKbn=1", "url2": "http://www.oizumibyoin.jp", "内容": "医療法人財団厚生協会　大泉病院【1:病院】【診療科目:0】【一般病床数:0療養病床数:0精神病床数:240感染症病床数:0合計病床数:240】東京都練馬区大泉学園町６－９－１" }, "geometry": { "type": "Point", "coordinates": [ 139.581052, 35.768992 ] } },
{ "type": "Feature", "properties": { "ID": 1311134700550, "正式名称": "慈雲堂病院", "機関区分": 1, "都道府県コード": 13, "市区町村コード": 120, "所在地": "東京都練馬区関町南４－１４－５３", "緯度": 35.720636, "経度": 139.57261, "url": "https://www.iryou.teikyouseido.mhlw.go.jp/znk-web/juminkanja/S2430/initialize?prefCd=13&kikanCd=1134700550&kikanKbn=1", "url2": "https://www.jiundo.or.jp", "内容": "慈雲堂病院【1:病院】【診療科目:0】【一般病床数:0療養病床数:0精神病床数:476感染症病床数:0合計病床数:476】東京都練馬区関町南４－１４－５３" }, "geometry": { "type": "Point", "coordinates": [ 139.57261, 35.720636 ] } },
{ "type": "Feature", "properties": { "ID": 1311134700680, "正式名称": "医療法人社団翠会　陽和病院", "機関区分": 1, "都道府県コード": 13, "市区町村コード": 120, "所在地": "東京都練馬区大泉町２－１７－１", "緯度": 35.760993, "経度": 139.602884, "url": "https://www.iryou.teikyouseido.mhlw.go.jp/znk-web/juminkanja/S2430/initialize?prefCd=13&kikanCd=1134700680&kikanKbn=1", "url2": "http://www.midorikai-youwa.jp", "内容": "医療法人社団翠会　陽和病院【1:病院】【診療科目:0】【一般病床数:0療養病床数:0精神病床数:260感染症病床数:0合計病床数:260】東京都練馬区大泉町２－１７－１" }, "geometry": { "type": "Point", "coordinates": [ 139.602884, 35.760993 ] } },
{ "type": "Feature", "properties": { "ID": 1311134701010, "正式名称": "医療法人社団遼山会　関町病院", "機関区分": 1, "都道府県コード": 13, "市区町村コード": 120, "所在地": "東京都練馬区関町北１－６－１９", "緯度": 35.723802, "経度": 139.578165, "url": "https://www.iryou.teikyouseido.mhlw.go.jp/znk-web/juminkanja/S2430/initialize?prefCd=13&kikanCd=1134701010&kikanKbn=1", "url2": "http://www.sekimachi-hosp.com/", "内容": "医療法人社団遼山会　関町病院【1:病院】【診療科目:0】【一般病床数:0療養病床数:49精神病床数:0感染症病床数:0合計病床数:49】東京都練馬区関町北１－６－１９" }, "geometry": { "type": "Point", "coordinates": [ 139.578165, 35.723802 ] } },
{ "type": "Feature", "properties": { "ID": 1311134701140, "正式名称": "医療法人社団はなぶさ会　島村記念病院", "機関区分": 1, "都道府県コード": 13, "市区町村コード": 120, "所在地": "東京都練馬区関町北２－４－１", "緯度": 35.723191, "経度": 139.573916, "url": "https://www.iryou.teikyouseido.mhlw.go.jp/znk-web/juminkanja/S2430/initialize?prefCd=13&kikanCd=1134701140&kikanKbn=1", "url2": "https://www.shimamura-hosp.com/", "内容": "医療法人社団はなぶさ会　島村記念病院【1:病院】【診療科目:0】【一般病床数:46療養病床数:44精神病床数:0感染症病床数:0合計病床数:90】東京都練馬区関町北２－４－１" }, "geometry": { "type": "Point", "coordinates": [ 139.573916, 35.723191 ] } },
{ "type": "Feature", "properties": { "ID": 1311134701270, "正式名称": "医療法人社団純正会　東大泉病院", "機関区分": 1, "都道府県コード": 13, "市区町村コード": 120, "所在地": "東京都練馬区東大泉７－３６－１０", "緯度": 35.746633, "経度": 139.579581, "url": "https://www.iryou.teikyouseido.mhlw.go.jp/znk-web/juminkanja/S2430/initialize?prefCd=13&kikanCd=1134701270&kikanKbn=1", "url2": "http://www.metro-himawari.net/qq/qq13mopaup_out6.asp?kikan_cd=1134701270", "内容": "医療法人社団純正会　東大泉病院【1:病院】【診療科目:0】【一般病床数:0療養病床数:86精神病床数:0感染症病床数:0合計病床数:86】東京都練馬区東大泉７－３６－１０" }, "geometry": { "type": "Point", "coordinates": [ 139.579581, 35.746633 ] } },
{ "type": "Feature", "properties": { "ID": 1311134701300, "正式名称": "医療法人社団千秋会　田中吉祥寺病院", "機関区分": 1, "都道府県コード": 13, "市区町村コード": 120, "所在地": "東京都練馬区関町南３－９－２３", "緯度": 35.721858, "経度": 139.581915, "url": "https://www.iryou.teikyouseido.mhlw.go.jp/znk-web/juminkanja/S2430/initialize?prefCd=13&kikanCd=1134701300&kikanKbn=1", "url2": "https://tanaka-nrsg.jp/", "内容": "医療法人社団千秋会　田中吉祥寺病院【1:病院】【診療科目:0】【一般病床数:58療養病床数:0精神病床数:0感染症病床数:0合計病床数:58】東京都練馬区関町南３－９－２３" }, "geometry": { "type": "Point", "coordinates": [ 139.581915, 35.721858 ] } },
{ "type": "Feature", "properties": { "ID": 1311134701430, "正式名称": "医療法人社団　久保田産婦人科病院", "機関区分": 1, "都道府県コード": 13, "市区町村コード": 120, "所在地": "東京都練馬区東大泉３－２９－１０", "緯度": 35.752577, "経度": 139.586163, "url": "https://www.iryou.teikyouseido.mhlw.go.jp/znk-web/juminkanja/S2430/initialize?prefCd=13&kikanCd=1134701430&kikanKbn=1", "url2": "http://kubota-hosp.jp/", "内容": "医療法人社団　久保田産婦人科病院【1:病院】【診療科目:0】【一般病床数:30療養病床数:0精神病床数:0感染症病床数:0合計病床数:30】東京都練馬区東大泉３－２９－１０" }, "geometry": { "type": "Point", "coordinates": [ 139.586163, 35.752577 ] } },
{ "type": "Feature", "properties": { "ID": 1311134800002, "正式名称": "医療法人社団忠医会　大高病院", "機関区分": 1, "都道府県コード": 13, "市区町村コード": 121, "所在地": "東京都足立区島根３－１７－８", "緯度": 35.779661, "経度": 139.796117, "url": "https://www.iryou.teikyouseido.mhlw.go.jp/znk-web/juminkanja/S2430/initialize?prefCd=13&kikanCd=1134800002&kikanKbn=1", "url2": "https://otaka-hp.jp", "内容": "医療法人社団忠医会　大高病院【1:病院】【診療科目:0】【一般病床数:82療養病床数:0精神病床数:0感染症病床数:0合計病床数:82】東京都足立区島根３－１７－８" }, "geometry": { "type": "Point", "coordinates": [ 139.796117, 35.779661 ] } },
{ "type": "Feature", "properties": { "ID": 1311134800003, "正式名称": "社会医療法人社団昭愛会　水野記念リハビリテーション病院", "機関区分": 1, "都道府県コード": 13, "市区町村コード": 121, "所在地": "東京都足立区西新井５－５－５", "緯度": 35.774189, "経度": 139.783868, "url": "https://www.iryou.teikyouseido.mhlw.go.jp/znk-web/juminkanja/S2430/initialize?prefCd=13&kikanCd=1134800003&kikanKbn=1", "url2": "https://mizuno.or.jp/mzr/", "内容": "社会医療法人社団昭愛会　水野記念リハビリテーション病院【1:病院】【診療科目:0】【一般病床数:0療養病床数:90精神病床数:0感染症病床数:0合計病床数:60】東京都足立区西新井５－５－５" }, "geometry": { "type": "Point", "coordinates": [ 139.783868, 35.774189 ] } },
{ "type": "Feature", "properties": { "ID": 1311134800004, "正式名称": "医療法人社団大和会　平成扇病院", "機関区分": 1, "都道府県コード": 13, "市区町村コード": 121, "所在地": "東京都足立区扇３－２６－５", "緯度": 35.7748, "経度": 139.773286, "url": "https://www.iryou.teikyouseido.mhlw.go.jp/znk-web/juminkanja/S2430/initialize?prefCd=13&kikanCd=1134800004&kikanKbn=1", "url2": "http://www.ougihp.jp", "内容": "医療法人社団大和会　平成扇病院【1:病院】【診療科目:0】【一般病床数:0療養病床数:120精神病床数:0感染症病床数:0合計病床数:120】東京都足立区扇３－２６－５" }, "geometry": { "type": "Point", "coordinates": [ 139.773286, 35.7748 ] } },
{ "type": "Feature", "properties": { "ID": 1311134800005, "正式名称": "医療法人社団苑風会　苑風会病院", "機関区分": 1, "都道府県コード": 13, "市区町村コード": 121, "所在地": "東京都足立区中央本町１－１９－５", "緯度": 35.775829, "経度": 139.803755, "url": "https://www.iryou.teikyouseido.mhlw.go.jp/znk-web/juminkanja/S2430/initialize?prefCd=13&kikanCd=1134800005&kikanKbn=1", "url2": "http://enfukai-hosp.jp/", "内容": "医療法人社団苑風会　苑風会病院【1:病院】【診療科目:0】【一般病床数:56療養病床数:0精神病床数:0感染症病床数:0合計病床数:56】東京都足立区中央本町１－１９－５" }, "geometry": { "type": "Point", "coordinates": [ 139.803755, 35.775829 ] } },
{ "type": "Feature", "properties": { "ID": 1311134800006, "正式名称": "医療法人社団栄悠会　あやせ循環器リハビリ病院", "機関区分": 1, "都道府県コード": 13, "市区町村コード": 121, "所在地": "東京都足立区谷中３－１２－１０", "緯度": 35.779468, "経度": 139.834641, "url": "https://www.iryou.teikyouseido.mhlw.go.jp/znk-web/juminkanja/S2430/initialize?prefCd=13&kikanCd=1134800006&kikanKbn=1", "url2": "http://www.ayaseheart.or.jp", "内容": "医療法人社団栄悠会　あやせ循環器リハビリ病院【1:病院】【診療科目:0】【一般病床数:76療養病床数:0精神病床数:0感染症病床数:0合計病床数:76】東京都足立区谷中３－１２－１０" }, "geometry": { "type": "Point", "coordinates": [ 139.834641, 35.779468 ] } },
{ "type": "Feature", "properties": { "ID": 1311134800007, "正式名称": "医療法人社団円徳　慶友整形外科脊椎関節病院", "機関区分": 1, "都道府県コード": 13, "市区町村コード": 121, "所在地": "東京都足立区足立１－１２－１２　足立メディカルモール　４Ｆ－８Ｆ", "緯度": 35.764191, "経度": 139.804339, "url": "https://www.iryou.teikyouseido.mhlw.go.jp/znk-web/juminkanja/S2430/initialize?prefCd=13&kikanCd=1134800007&kikanKbn=1", "url2": "https://hospital.adachikeiyu.com/", "内容": "医療法人社団円徳　慶友整形外科脊椎関節病院【1:病院】【診療科目:0】【一般病床数:55療養病床数:0精神病床数:0感染症病床数:0合計病床数:55】東京都足立区足立１－１２－１２　足立メディカルモール　４Ｆ－８Ｆ" }, "geometry": { "type": "Point", "coordinates": [ 139.804339, 35.764191 ] } },
{ "type": "Feature", "properties": { "ID": 1311134800008, "正式名称": "医療法人社団三清会　聖英病院", "機関区分": 1, "都道府県コード": 13, "市区町村コード": 121, "所在地": "東京都足立区本木西町１８－１６", "緯度": 35.762885, "経度": 139.778564, "url": "https://www.iryou.teikyouseido.mhlw.go.jp/znk-web/juminkanja/S2430/initialize?prefCd=13&kikanCd=1134800008&kikanKbn=1", "url2": "http://www.seiei-hospital.com", "内容": "医療法人社団三清会　聖英病院【1:病院】【診療科目:0】【一般病床数:57療養病床数:0精神病床数:0感染症病床数:0合計病床数:57】東京都足立区本木西町１８－１６" }, "geometry": { "type": "Point", "coordinates": [ 139.778564, 35.762885 ] } },
{ "type": "Feature", "properties": { "ID": 1311134800009, "正式名称": "東京女子医科大学附属足立医療センター", "機関区分": 1, "都道府県コード": 13, "市区町村コード": 121, "所在地": "東京都足立区江北４－３３－１", "緯度": 35.77405, "経度": 139.766897, "url": "https://www.iryou.teikyouseido.mhlw.go.jp/znk-web/juminkanja/S2430/initialize?prefCd=13&kikanCd=1134800009&kikanKbn=1", "url2": "https://twmu-amc.jp/", "内容": "東京女子医科大学附属足立医療センター【1:病院】【診療科目:0】【一般病床数:450療養病床数:0精神病床数:0感染症病床数:0合計病床数:450】東京都足立区江北４－３３－１" }, "geometry": { "type": "Point", "coordinates": [ 139.766897, 35.77405 ] } },
{ "type": "Feature", "properties": { "ID": 1311134800010, "正式名称": "医療法人社団福寿会　福寿会病院", "機関区分": 1, "都道府県コード": 13, "市区町村コード": 121, "所在地": "東京都足立区梅田７－１８－１２", "緯度": 35.770153, "経度": 139.798857, "url": "https://www.iryou.teikyouseido.mhlw.go.jp/znk-web/juminkanja/S2430/initialize?prefCd=13&kikanCd=1134800010&kikanKbn=1", "url2": "https://fukujukaigr.or.jp/fukujukai-hospital/", "内容": "医療法人社団福寿会　福寿会病院【1:病院】【診療科目:0】【一般病床数:176療養病床数:0精神病床数:0感染症病床数:0合計病床数:176】東京都足立区梅田７－１８－１２" }, "geometry": { "type": "Point", "coordinates": [ 139.798857, 35.770153 ] } },
{ "type": "Feature", "properties": { "ID": 1311134800012, "正式名称": "医療法人社団博豊会　博豊会脊椎病院", "機関区分": 1, "都道府県コード": 13, "市区町村コード": 121, "所在地": "東京都足立区一ツ家１－１－１", "緯度": 35.778986, "経度": 139.808691, "url": "https://www.iryou.teikyouseido.mhlw.go.jp/znk-web/juminkanja/S2430/initialize?prefCd=13&kikanCd=1134800012&kikanKbn=1", "url2": "https://tokyo-spine.jp/access.html", "内容": "医療法人社団博豊会　博豊会脊椎病院【1:病院】【診療科目:0】【一般病床数:78療養病床数:0精神病床数:0感染症病床数:0合計病床数:78】東京都足立区一ツ家１－１－１" }, "geometry": { "type": "Point", "coordinates": [ 139.808691, 35.778986 ] } },
{ "type": "Feature", "properties": { "ID": 1311134800013, "正式名称": "社会医療法人社団慈生会　等潤メディカルプラザ病院", "機関区分": 1, "都道府県コード": 13, "市区町村コード": 121, "所在地": "東京都足立区一ツ家４ー２ー１１", "緯度": 35.779761, "経度": 139.816237, "url": "https://www.iryou.teikyouseido.mhlw.go.jp/znk-web/juminkanja/S2430/initialize?prefCd=13&kikanCd=1134800013&kikanKbn=1", "url2": "https://www.jiseikai-phcc.jp/tojun_medicalplaza/", "内容": "社会医療法人社団慈生会　等潤メディカルプラザ病院【1:病院】【診療科目:0】【一般病床数:20療養病床数:0精神病床数:0感染症病床数:0合計病床数:20】東京都足立区一ツ家４ー２ー１１" }, "geometry": { "type": "Point", "coordinates": [ 139.816237, 35.779761 ] } },
{ "type": "Feature", "properties": { "ID": 1311134800160, "正式名称": "医療法人財団　梅田病院", "機関区分": 1, "都道府県コード": 13, "市区町村コード": 121, "所在地": "東京都足立区梅田７－１－２", "緯度": 35.766746, "経度": 139.801256, "url": "https://www.iryou.teikyouseido.mhlw.go.jp/znk-web/juminkanja/S2430/initialize?prefCd=13&kikanCd=1134800160&kikanKbn=1", "url2": "http://www.umeda-hp.jp", "内容": "医療法人財団　梅田病院【1:病院】【診療科目:0】【一般病床数:60療養病床数:60精神病床数:0感染症病床数:0合計病床数:120】東京都足立区梅田７－１－２" }, "geometry": { "type": "Point", "coordinates": [ 139.801256, 35.766746 ] } },
{ "type": "Feature", "properties": { "ID": 1311134800450, "正式名称": "医療法人財団厚生協会　東京足立病院", "機関区分": 1, "都道府県コード": 13, "市区町村コード": 121, "所在地": "東京都足立区保木間５－２３－２０", "緯度": 35.804409, "経度": 139.804282, "url": "https://www.iryou.teikyouseido.mhlw.go.jp/znk-web/juminkanja/S2430/initialize?prefCd=13&kikanCd=1134800450&kikanKbn=1", "url2": "https://tokyoadachi-med.jp/", "内容": "医療法人財団厚生協会　東京足立病院【1:病院】【診療科目:0】【一般病床数:0療養病床数:60精神病床数:315感染症病床数:0合計病床数:375】東京都足立区保木間５－２３－２０" }, "geometry": { "type": "Point", "coordinates": [ 139.804282, 35.804409 ] } },
{ "type": "Feature", "properties": { "ID": 1311134800580, "正式名称": "西新井病院", "機関区分": 1, "都道府県コード": 13, "市区町村コード": 121, "所在地": "東京都足立区西新井本町１－１２－１２", "緯度": 35.776328, "経度": 139.780952, "url": "https://www.iryou.teikyouseido.mhlw.go.jp/znk-web/juminkanja/S2430/initialize?prefCd=13&kikanCd=1134800580&kikanKbn=1", "url2": "https://www.fukujukaigr.or.jp/nishiarai/", "内容": "西新井病院【1:病院】【診療科目:0】【一般病床数:196療養病床数:0精神病床数:0感染症病床数:0合計病床数:196】東京都足立区西新井本町１－１２－１２" }, "geometry": { "type": "Point", "coordinates": [ 139.780952, 35.776328 ] } },
{ "type": "Feature", "properties": { "ID": 1311134800610, "正式名称": "医療法人社団八葉会　大石記念病院", "機関区分": 1, "都道府県コード": 13, "市区町村コード": 121, "所在地": "東京都足立区西新井本町２－２３－１", "緯度": 35.7748, "経度": 139.772647, "url": "https://www.iryou.teikyouseido.mhlw.go.jp/znk-web/juminkanja/S2430/initialize?prefCd=13&kikanCd=1134800610&kikanKbn=1", "url2": "http://www.hachiyokai.or.jp", "内容": "医療法人社団八葉会　大石記念病院【1:病院】【診療科目:0】【一般病床数:0療養病床数:0精神病床数:215感染症病床数:0合計病床数:215】東京都足立区西新井本町２－２３－１" }, "geometry": { "type": "Point", "coordinates": [ 139.772647, 35.7748 ] } },
{ "type": "Feature", "properties": { "ID": 1311134800740, "正式名称": "医療法人社団大和会　大内病院", "機関区分": 1, "都道府県コード": 13, "市区町村コード": 121, "所在地": "東京都足立区西新井５－４１－１", "緯度": 35.784994, "経度": 139.778285, "url": "https://www.iryou.teikyouseido.mhlw.go.jp/znk-web/juminkanja/S2430/initialize?prefCd=13&kikanCd=1134800740&kikanKbn=1", "url2": "http://oouchihp.net", "内容": "医療法人社団大和会　大内病院【1:病院】【診療科目:0】【一般病床数:0療養病床数:0精神病床数:228感染症病床数:0合計病床数:228】東京都足立区西新井５－４１－１" }, "geometry": { "type": "Point", "coordinates": [ 139.778285, 35.784994 ] } },
{ "type": "Feature", "properties": { "ID": 1311134800870, "正式名称": "医療法人社団　苑田会　足立十全病院", "機関区分": 1, "都道府県コード": 13, "市区町村コード": 121, "所在地": "東京都足立区西保木間３－２０－２", "緯度": 35.80477, "経度": 139.798921, "url": "https://www.iryou.teikyouseido.mhlw.go.jp/znk-web/juminkanja/S2430/initialize?prefCd=13&kikanCd=1134800870&kikanKbn=1", "url2": "https://sonodakai.jp/adachi/", "内容": "医療法人社団　苑田会　足立十全病院【1:病院】【診療科目:0】【一般病床数:110療養病床数:0精神病床数:0感染症病床数:0合計病床数:110】東京都足立区西保木間３－２０－２" }, "geometry": { "type": "Point", "coordinates": [ 139.798921, 35.80477 ] } },
{ "type": "Feature", "properties": { "ID": 1311134800900, "正式名称": "医療法人社団福寿会　慈英会病院", "機関区分": 1, "都道府県コード": 13, "市区町村コード": 121, "所在地": "東京都足立区西新井栄町２－８－６", "緯度": 35.777356, "経度": 139.788173, "url": "https://www.iryou.teikyouseido.mhlw.go.jp/znk-web/juminkanja/S2430/initialize?prefCd=13&kikanCd=1134800900&kikanKbn=1", "url2": "https://www.fukujukaigr.or.jp", "内容": "医療法人社団福寿会　慈英会病院【1:病院】【診療科目:0】【一般病床数:48療養病床数:0精神病床数:0感染症病床数:0合計病床数:48】東京都足立区西新井栄町２－８－６" }, "geometry": { "type": "Point", "coordinates": [ 139.788173, 35.777356 ] } },
{ "type": "Feature", "properties": { "ID": 1311134801330, "正式名称": "医療法人社団星風会　井上病院", "機関区分": 1, "都道府県コード": 13, "市区町村コード": 121, "所在地": "東京都足立区竹の塚５－１２－１１", "緯度": 35.794438, "経度": 139.796949, "url": "https://www.iryou.teikyouseido.mhlw.go.jp/znk-web/juminkanja/S2430/initialize?prefCd=13&kikanCd=1134801330&kikanKbn=1", "url2": "http://www.inouehsp.or.jp/", "内容": "医療法人社団星風会　井上病院【1:病院】【診療科目:0】【一般病床数:36療養病床数:30精神病床数:0感染症病床数:0合計病床数:66】東京都足立区竹の塚５－１２－１１" }, "geometry": { "type": "Point", "coordinates": [ 139.796949, 35.794438 ] } },
{ "type": "Feature", "properties": { "ID": 1311134801620, "正式名称": "医療法人社団仁幸会　扇大橋病院", "機関区分": 1, "都道府県コード": 13, "市区町村コード": 121, "所在地": "東京都足立区扇１－５５－２８", "緯度": 35.765579, "経度": 139.77187, "url": "https://www.iryou.teikyouseido.mhlw.go.jp/znk-web/juminkanja/S2430/initialize?prefCd=13&kikanCd=1134801620&kikanKbn=1", "url2": "https://ougioohashi-hp.com/", "内容": "医療法人社団仁幸会　扇大橋病院【1:病院】【診療科目:0】【一般病床数:0療養病床数:96精神病床数:0感染症病床数:0合計病床数:96】東京都足立区扇１－５５－２８" }, "geometry": { "type": "Point", "coordinates": [ 139.77187, 35.765579 ] } },
{ "type": "Feature", "properties": { "ID": 1311134801880, "正式名称": "医療法人社団福寿会　福寿会足立東部病院", "機関区分": 1, "都道府県コード": 13, "市区町村コード": 121, "所在地": "東京都足立区梅島２－３５－１６", "緯度": 35.778217, "経度": 139.800367, "url": "https://www.iryou.teikyouseido.mhlw.go.jp/znk-web/juminkanja/S2430/initialize?prefCd=13&kikanCd=1134801880&kikanKbn=1", "url2": "https://www.fukujukaigr.or.jp/adachitobu/", "内容": "医療法人社団福寿会　福寿会足立東部病院【1:病院】【診療科目:0】【一般病床数:144療養病床数:0精神病床数:0感染症病床数:0合計病床数:144】東京都足立区梅島２－３５－１６" }, "geometry": { "type": "Point", "coordinates": [ 139.800367, 35.778217 ] } },
{ "type": "Feature", "properties": { "ID": 1311134802050, "正式名称": "社会医療法人社団　昭愛会　水野記念病院", "機関区分": 1, "都道府県コード": 13, "市区町村コード": 121, "所在地": "東京都足立区西新井６－３２－１０", "緯度": 35.782272, "経度": 139.774702, "url": "https://www.iryou.teikyouseido.mhlw.go.jp/znk-web/juminkanja/S2430/initialize?prefCd=13&kikanCd=1134802050&kikanKbn=1", "url2": "https://mizuno.or.jp/mzh/", "内容": "社会医療法人社団　昭愛会　水野記念病院【1:病院】【診療科目:0】【一般病床数:127療養病床数:30精神病床数:0感染症病床数:0合計病床数:157】東京都足立区西新井６－３２－１０" }, "geometry": { "type": "Point", "coordinates": [ 139.774702, 35.782272 ] } },
{ "type": "Feature", "properties": { "ID": 1311134802340, "正式名称": "社会医療法人社団慈生会　等潤病院", "機関区分": 1, "都道府県コード": 13, "市区町村コード": 121, "所在地": "東京都足立区一ツ家４－３－４", "緯度": 35.779356, "経度": 139.81681, "url": "https://www.iryou.teikyouseido.mhlw.go.jp/znk-web/juminkanja/S2430/initialize?prefCd=13&kikanCd=1134802340&kikanKbn=1", "url2": "https://www.jiseikai-phcc.jp/tojun_hospital/", "内容": "社会医療法人社団慈生会　等潤病院【1:病院】【診療科目:0】【一般病床数:108療養病床数:42精神病床数:0感染症病床数:0合計病床数:150】東京都足立区一ツ家４－３－４" }, "geometry": { "type": "Point", "coordinates": [ 139.81681, 35.779356 ] } },
{ "type": "Feature", "properties": { "ID": 1311134802470, "正式名称": "医療法人社団俊和会　寺田病院", "機関区分": 1, "都道府県コード": 13, "市区町村コード": 121, "所在地": "東京都足立区扇１－２０－１２", "緯度": 35.762996, "経度": 139.77112, "url": "https://www.iryou.teikyouseido.mhlw.go.jp/znk-web/juminkanja/S2430/initialize?prefCd=13&kikanCd=1134802470&kikanKbn=1", "url2": "https://terada-hospital.or.jp", "内容": "医療法人社団俊和会　寺田病院【1:病院】【診療科目:0】【一般病床数:50療養病床数:0精神病床数:0感染症病床数:0合計病床数:50】東京都足立区扇１－２０－１２" }, "geometry": { "type": "Point", "coordinates": [ 139.77112, 35.762996 ] } },
{ "type": "Feature", "properties": { "ID": 1311134802500, "正式名称": "医療法人社団　友愛会　友愛病院", "機関区分": 1, "都道府県コード": 13, "市区町村コード": 121, "所在地": "東京都足立区花畑４－３３－８", "緯度": 35.804937, "経度": 139.805309, "url": "https://www.iryou.teikyouseido.mhlw.go.jp/znk-web/juminkanja/S2430/initialize?prefCd=13&kikanCd=1134802500&kikanKbn=1", "url2": "http://yuai-hospital.jp/", "内容": "医療法人社団　友愛会　友愛病院【1:病院】【診療科目:0】【一般病床数:60療養病床数:0精神病床数:0感染症病床数:0合計病床数:60】東京都足立区花畑４－３３－８" }, "geometry": { "type": "Point", "coordinates": [ 139.805309, 35.804937 ] } },
{ "type": "Feature", "properties": { "ID": 1311134802760, "正式名称": "医療法人社団けいせい会　東京北部病院", "機関区分": 1, "都道府県コード": 13, "市区町村コード": 121, "所在地": "東京都足立区江北６丁目２４番６号", "緯度": 35.782438, "経度": 139.765425, "url": "https://www.iryou.teikyouseido.mhlw.go.jp/znk-web/juminkanja/S2430/initialize?prefCd=13&kikanCd=1134802760&kikanKbn=1", "url2": "https://www.tokyo-hokubu.jp/", "内容": "医療法人社団けいせい会　東京北部病院【1:病院】【診療科目:0】【一般病床数:134療養病床数:0精神病床数:0感染症病床数:0合計病床数:134】東京都足立区江北６丁目２４番６号" }, "geometry": { "type": "Point", "coordinates": [ 139.765425, 35.782438 ] } },
{ "type": "Feature", "properties": { "ID": 1311134802890, "正式名称": "医療法人社団苑田会　苑田第一病院", "機関区分": 1, "都道府県コード": 13, "市区町村コード": 121, "所在地": "東京都足立区竹の塚４－１－１２", "緯度": 35.793243, "経度": 139.802116, "url": "https://www.iryou.teikyouseido.mhlw.go.jp/znk-web/juminkanja/S2430/initialize?prefCd=13&kikanCd=1134802890&kikanKbn=1", "url2": "https://sonodakai.jp/so1so2/", "内容": "医療法人社団苑田会　苑田第一病院【1:病院】【診療科目:0】【一般病床数:221療養病床数:0精神病床数:0感染症病床数:0合計病床数:221】東京都足立区竹の塚４－１－１２" }, "geometry": { "type": "Point", "coordinates": [ 139.802116, 35.793243 ] } },
{ "type": "Feature", "properties": { "ID": 1311134803060, "正式名称": "医療法人社団東京朝日会　あさひ病院", "機関区分": 1, "都道府県コード": 13, "市区町村コード": 121, "所在地": "東京都足立区平野１－２－３", "緯度": 35.780217, "経度": 139.803533, "url": "https://www.iryou.teikyouseido.mhlw.go.jp/znk-web/juminkanja/S2430/initialize?prefCd=13&kikanCd=1134803060&kikanKbn=1", "url2": "http://www.tokyo-asahi.or.jp", "内容": "医療法人社団東京朝日会　あさひ病院【1:病院】【診療科目:0】【一般病床数:120療養病床数:0精神病床数:0感染症病床数:0合計病床数:120】東京都足立区平野１－２－３" }, "geometry": { "type": "Point", "coordinates": [ 139.803533, 35.780217 ] } },
{ "type": "Feature", "properties": { "ID": 1311134803350, "正式名称": "医療法人社団桜会　あだち共生病院", "機関区分": 1, "都道府県コード": 13, "市区町村コード": 121, "所在地": "東京都足立区本木南町２７－６", "緯度": 35.763552, "経度": 139.784008, "url": "https://www.iryou.teikyouseido.mhlw.go.jp/znk-web/juminkanja/S2430/initialize?prefCd=13&kikanCd=1134803350&kikanKbn=1", "url2": null, "内容": "医療法人社団桜会　あだち共生病院【1:病院】【診療科目:0】【一般病床数:60療養病床数:0精神病床数:0感染症病床数:0合計病床数:60】東京都足立区本木南町２７－６" }, "geometry": { "type": "Point", "coordinates": [ 139.784008, 35.763552 ] } },
{ "type": "Feature", "properties": { "ID": 1311134803480, "正式名称": "医療法人社団弘仁勝和会　勝和会病院", "機関区分": 1, "都道府県コード": 13, "市区町村コード": 121, "所在地": "東京都足立区竹の塚３－１２－１１", "緯度": 35.790827, "経度": 139.798588, "url": "https://www.iryou.teikyouseido.mhlw.go.jp/znk-web/juminkanja/S2430/initialize?prefCd=13&kikanCd=1134803480&kikanKbn=1", "url2": "http://www.showakai-hospital.or.jp", "内容": "医療法人社団弘仁勝和会　勝和会病院【1:病院】【診療科目:0】【一般病床数:21療養病床数:0精神病床数:0感染症病床数:0合計病床数:21】東京都足立区竹の塚３－１２－１１" }, "geometry": { "type": "Point", "coordinates": [ 139.798588, 35.790827 ] } },
{ "type": "Feature", "properties": { "ID": 1311134803510, "正式名称": "医療法人社団苑田会　苑田第二病院", "機関区分": 1, "都道府県コード": 13, "市区町村コード": 121, "所在地": "東京都足立区竹の塚４－２－１７", "緯度": 35.795743, "経度": 139.803004, "url": "https://www.iryou.teikyouseido.mhlw.go.jp/znk-web/juminkanja/S2430/initialize?prefCd=13&kikanCd=1134803510&kikanKbn=1", "url2": "https://sonodakai.jp/so1so2/", "内容": "医療法人社団苑田会　苑田第二病院【1:病院】【診療科目:0】【一般病床数:60療養病床数:0精神病床数:0感染症病床数:0合計病床数:60】東京都足立区竹の塚４－２－１７" }, "geometry": { "type": "Point", "coordinates": [ 139.803004, 35.795743 ] } },
{ "type": "Feature", "properties": { "ID": 1311134803770, "正式名称": "医療法人財団健和会　柳原リハビリテーション病院", "機関区分": 1, "都道府県コード": 13, "市区町村コード": 121, "所在地": "東京都足立区柳原１－２７－５", "緯度": 35.745915, "経度": 139.812173, "url": "https://www.iryou.teikyouseido.mhlw.go.jp/znk-web/juminkanja/S2430/initialize?prefCd=13&kikanCd=1134803770&kikanKbn=1", "url2": "http://yanagihara-reha.kenwa.or.jp/", "内容": "医療法人財団健和会　柳原リハビリテーション病院【1:病院】【診療科目:0】【一般病床数:100療養病床数:0精神病床数:0感染症病床数:0合計病床数:100】東京都足立区柳原１－２７－５" }, "geometry": { "type": "Point", "coordinates": [ 139.812173, 35.745915 ] } },
{ "type": "Feature", "properties": { "ID": 1311134803800, "正式名称": "医療法人社団苑田会　苑田第三病院", "機関区分": 1, "都道府県コード": 13, "市区町村コード": 121, "所在地": "東京都足立区伊興本町２－５－１０", "緯度": 35.80027, "経度": 139.785034, "url": "https://www.iryou.teikyouseido.mhlw.go.jp/znk-web/juminkanja/S2430/initialize?prefCd=13&kikanCd=1134803800&kikanKbn=1", "url2": "http://www.sonodakai.or.jp/index.html", "内容": "医療法人社団苑田会　苑田第三病院【1:病院】【診療科目:0】【一般病床数:117療養病床数:0精神病床数:0感染症病床数:0合計病床数:117】東京都足立区伊興本町２－５－１０" }, "geometry": { "type": "Point", "coordinates": [ 139.785034, 35.80027 ] } },
{ "type": "Feature", "properties": { "ID": 1311134803930, "正式名称": "社会医療法人社団医善会　いずみ記念病院", "機関区分": 1, "都道府県コード": 13, "市区町村コード": 121, "所在地": "東京都足立区本木１－３－７", "緯度": 35.760969, "経度": 139.786369, "url": "https://www.iryou.teikyouseido.mhlw.go.jp/znk-web/juminkanja/S2430/initialize?prefCd=13&kikanCd=1134803930&kikanKbn=1", "url2": "http://www.izumikinen.or.jp", "内容": "社会医療法人社団医善会　いずみ記念病院【1:病院】【診療科目:0】【一般病床数:54療養病床数:90精神病床数:0感染症病床数:0合計病床数:144】東京都足立区本木１－３－７" }, "geometry": { "type": "Point", "coordinates": [ 139.786369, 35.760969 ] } },
{ "type": "Feature", "properties": { "ID": 1311134804070, "正式名称": "医療法人社団苑田会　苑田会ニューロリハビリテーション病院", "機関区分": 1, "都道府県コード": 13, "市区町村コード": 121, "所在地": "東京都足立区青井１－１０－１０", "緯度": 35.782467, "経度": 139.833641, "url": "https://www.iryou.teikyouseido.mhlw.go.jp/znk-web/juminkanja/S2430/initialize?prefCd=13&kikanCd=1134804070&kikanKbn=1", "url2": "https://sonodakai.jp/sorh/", "内容": "医療法人社団苑田会　苑田会ニューロリハビリテーション病院【1:病院】【診療科目:0】【一般病床数:180療養病床数:0精神病床数:0感染症病床数:0合計病床数:180】東京都足立区青井１－１０－１０" }, "geometry": { "type": "Point", "coordinates": [ 139.833641, 35.782467 ] } },
{ "type": "Feature", "properties": { "ID": 1311134804100, "正式名称": "医療法人社団成仁病院", "機関区分": 1, "都道府県コード": 13, "市区町村コード": 121, "所在地": "東京都足立区島根３－２－１", "緯度": 35.779022, "経度": 139.796617, "url": "https://www.iryou.teikyouseido.mhlw.go.jp/znk-web/juminkanja/S2430/initialize?prefCd=13&kikanCd=1134804100&kikanKbn=1", "url2": "http://www.seijin.org", "内容": "医療法人社団成仁病院【1:病院】【診療科目:0】【一般病床数:0療養病床数:0精神病床数:114感染症病床数:0合計病床数:114】東京都足立区島根３－２－１" }, "geometry": { "type": "Point", "coordinates": [ 139.796617, 35.779022 ] } },
{ "type": "Feature", "properties": { "ID": 1311134804101, "正式名称": "医療法人社団苑田会　竹の塚脳神経リハビリテーション病院", "機関区分": 1, "都道府県コード": 13, "市区町村コード": 121, "所在地": "東京都足立区保木間５－２－３", "緯度": 35.800465, "経度": 139.802227, "url": "https://www.iryou.teikyouseido.mhlw.go.jp/znk-web/juminkanja/S2430/initialize?prefCd=13&kikanCd=1134804101&kikanKbn=1", "url2": "http://www.sonodakai.or.jp/takeRH/index.html", "内容": "医療法人社団苑田会　竹の塚脳神経リハビリテーション病院【1:病院】【診療科目:0】【一般病床数:180療養病床数:0精神病床数:0感染症病床数:0合計病床数:180】東京都足立区保木間５－２－３" }, "geometry": { "type": "Point", "coordinates": [ 139.802227, 35.800465 ] } },
{ "type": "Feature", "properties": { "ID": 1311134804102, "正式名称": "医療法人社団洪泳会　東京洪誠病院", "機関区分": 1, "都道府県コード": 13, "市区町村コード": 121, "所在地": "東京都足立区西新井栄町１－１７－２５", "緯度": 35.773606, "経度": 139.789618, "url": "https://www.iryou.teikyouseido.mhlw.go.jp/znk-web/juminkanja/S2430/initialize?prefCd=13&kikanCd=1134804102&kikanKbn=1", "url2": "http://kousei-hosp.com/", "内容": "医療法人社団洪泳会　東京洪誠病院【1:病院】【診療科目:0】【一般病床数:156療養病床数:0精神病床数:0感染症病床数:0合計病床数:156】東京都足立区西新井栄町１－１７－２５" }, "geometry": { "type": "Point", "coordinates": [ 139.789618, 35.773606 ] } },
{ "type": "Feature", "properties": { "ID": 1311134804103, "正式名称": "医療法人社団　洪泳会　第二洪誠病院", "機関区分": 1, "都道府県コード": 13, "市区町村コード": 121, "所在地": "東京都足立区栗原４－１１－１", "緯度": 35.785161, "経度": 139.786923, "url": "https://www.iryou.teikyouseido.mhlw.go.jp/znk-web/juminkanja/S2430/initialize?prefCd=13&kikanCd=1134804103&kikanKbn=1", "url2": "http://kousei-hosp.com/", "内容": "医療法人社団　洪泳会　第二洪誠病院【1:病院】【診療科目:0】【一般病床数:85療養病床数:0精神病床数:0感染症病床数:0合計病床数:85】東京都足立区栗原４－１１－１" }, "geometry": { "type": "Point", "coordinates": [ 139.786923, 35.785161 ] } },
{ "type": "Feature", "properties": { "ID": 1311134804104, "正式名称": "医療法人社団苑田会　苑田会人工関節センター病院", "機関区分": 1, "都道府県コード": 13, "市区町村コード": 121, "所在地": "東京都足立区保木間１－２１－１０", "緯度": 35.792466, "経度": 139.80406, "url": "https://www.iryou.teikyouseido.mhlw.go.jp/znk-web/juminkanja/S2430/initialize?prefCd=13&kikanCd=1134804104&kikanKbn=1", "url2": "http://sjrc.sonodakai.or.jp/", "内容": "医療法人社団苑田会　苑田会人工関節センター病院【1:病院】【診療科目:0】【一般病床数:54療養病床数:0精神病床数:0感染症病床数:0合計病床数:54】東京都足立区保木間１－２１－１０" }, "geometry": { "type": "Point", "coordinates": [ 139.80406, 35.792466 ] } },
{ "type": "Feature", "properties": { "ID": 1311134804105, "正式名称": "医療法人社団苑田会　花はたリハビリテーション病院", "機関区分": 1, "都道府県コード": 13, "市区町村コード": 121, "所在地": "東京都足立区花畑５－１２－２９", "緯度": 35.806714, "経度": 139.810309, "url": "https://www.iryou.teikyouseido.mhlw.go.jp/znk-web/juminkanja/S2430/initialize?prefCd=13&kikanCd=1134804105&kikanKbn=1", "url2": "http://www.sonodakai.or.jp", "内容": "医療法人社団苑田会　花はたリハビリテーション病院【1:病院】【診療科目:0】【一般病床数:180療養病床数:0精神病床数:0感染症病床数:0合計病床数:180】東京都足立区花畑５－１２－２９" }, "geometry": { "type": "Point", "coordinates": [ 139.810309, 35.806714 ] } },
{ "type": "Feature", "properties": { "ID": 1311134900190, "正式名称": "医療法人社団　すずき病院", "機関区分": 1, "都道府県コード": 13, "市区町村コード": 121, "所在地": "東京都足立区千住寿町８－２", "緯度": 35.752998, "経度": 139.799812, "url": "https://www.iryou.teikyouseido.mhlw.go.jp/znk-web/juminkanja/S2430/initialize?prefCd=13&kikanCd=1134900190&kikanKbn=1", "url2": "https://shp.gr.jp/", "内容": "医療法人社団　すずき病院【1:病院】【診療科目:0】【一般病床数:110療養病床数:0精神病床数:0感染症病床数:0合計病床数:110】東京都足立区千住寿町８－２" }, "geometry": { "type": "Point", "coordinates": [ 139.799812, 35.752998 ] } },
{ "type": "Feature", "properties": { "ID": 1311134900220, "正式名称": "一般財団法人博慈会　博慈会記念総合病院", "機関区分": 1, "都道府県コード": 13, "市区町村コード": 121, "所在地": "東京都足立区鹿浜５－１１－１", "緯度": 35.784827, "経度": 139.749704, "url": "https://www.iryou.teikyouseido.mhlw.go.jp/znk-web/juminkanja/S2430/initialize?prefCd=13&kikanCd=1134900220&kikanKbn=1", "url2": "http://www.hakujikai.or.jp", "内容": "一般財団法人博慈会　博慈会記念総合病院【1:病院】【診療科目:0】【一般病床数:288療養病床数:0精神病床数:0感染症病床数:0合計病床数:288】東京都足立区鹿浜５－１１－１" }, "geometry": { "type": "Point", "coordinates": [ 139.749704, 35.784827 ] } },
{ "type": "Feature", "properties": { "ID": 1311134900350, "正式名称": "医療法人社団苑田会　愛里病院", "機関区分": 1, "都道府県コード": 13, "市区町村コード": 121, "所在地": "東京都足立区千住東１－２０－１２", "緯度": 35.745498, "経度": 139.804507, "url": "https://www.iryou.teikyouseido.mhlw.go.jp/znk-web/juminkanja/S2430/initialize?prefCd=13&kikanCd=1134900350&kikanKbn=1", "url2": "http://www.minseikai.com/", "内容": "医療法人社団苑田会　愛里病院【1:病院】【診療科目:0】【一般病床数:117療養病床数:0精神病床数:0感染症病床数:0合計病床数:117】東京都足立区千住東１－２０－１２" }, "geometry": { "type": "Point", "coordinates": [ 139.804507, 35.745498 ] } },
{ "type": "Feature", "properties": { "ID": 1311134900480, "正式名称": "特定医療法人社団潤恵会　敬仁病院", "機関区分": 1, "都道府県コード": 13, "市区町村コード": 121, "所在地": "東京都足立区新田２－１８－６", "緯度": 35.773106, "経度": 139.742927, "url": "https://www.iryou.teikyouseido.mhlw.go.jp/znk-web/juminkanja/S2430/initialize?prefCd=13&kikanCd=1134900480&kikanKbn=1", "url2": "https://keijin-hospital.jp", "内容": "特定医療法人社団潤恵会　敬仁病院【1:病院】【診療科目:0】【一般病床数:28療養病床数:40精神病床数:0感染症病床数:0合計病床数:68】東京都足立区新田２－１８－６" }, "geometry": { "type": "Point", "coordinates": [ 139.742927, 35.773106 ] } },
{ "type": "Feature", "properties": { "ID": 1311134900640, "正式名称": "医療法人社団美誠会　足立北病院", "機関区分": 1, "都道府県コード": 13, "市区町村コード": 121, "所在地": "東京都足立区保木間５－３８－１５", "緯度": 35.807547, "経度": 139.802004, "url": "https://www.iryou.teikyouseido.mhlw.go.jp/znk-web/juminkanja/S2430/initialize?prefCd=13&kikanCd=1134900640&kikanKbn=1", "url2": "http://adachikita-hp.com/", "内容": "医療法人社団美誠会　足立北病院【1:病院】【診療科目:0】【一般病床数:0療養病床数:112精神病床数:0感染症病床数:0合計病床数:112】東京都足立区保木間５－３８－１５" }, "geometry": { "type": "Point", "coordinates": [ 139.802004, 35.807547 ] } },
{ "type": "Feature", "properties": { "ID": 1311134900770, "正式名称": "医療法人社団　綾瀬病院", "機関区分": 1, "都道府県コード": 13, "市区町村コード": 121, "所在地": "東京都足立区綾瀬６丁目３番１号", "緯度": 35.769825, "経度": 139.823418, "url": "https://www.iryou.teikyouseido.mhlw.go.jp/znk-web/juminkanja/S2430/initialize?prefCd=13&kikanCd=1134900770&kikanKbn=1", "url2": "http://ayase-hp.jp", "内容": "医療法人社団　綾瀬病院【1:病院】【診療科目:0】【一般病床数:0療養病床数:0精神病床数:97感染症病床数:0合計病床数:97】東京都足立区綾瀬６丁目３番１号" }, "geometry": { "type": "Point", "coordinates": [ 139.823418, 35.769825 ] } },
{ "type": "Feature", "properties": { "ID": 1311134900800, "正式名称": "桜会病院", "機関区分": 1, "都道府県コード": 13, "市区町村コード": 121, "所在地": "東京都足立区千住桜木２－１３－１", "緯度": 35.75533, "経度": 139.788563, "url": "https://www.iryou.teikyouseido.mhlw.go.jp/znk-web/juminkanja/S2430/initialize?prefCd=13&kikanCd=1134900800&kikanKbn=1", "url2": "https://www.aoikai.jp/sakurakai/", "内容": "桜会病院【1:病院】【診療科目:0】【一般病床数:113療養病床数:238精神病床数:0感染症病床数:0合計病床数:351】東京都足立区千住桜木２－１３－１" }, "geometry": { "type": "Point", "coordinates": [ 139.788563, 35.75533 ] } },
{ "type": "Feature", "properties": { "ID": 1311134900930, "正式名称": "社会福祉法人　勝楽堂病院", "機関区分": 1, "都道府県コード": 13, "市区町村コード": 121, "所在地": "東京都足立区千住柳町５－１", "緯度": 35.752998, "経度": 139.797229, "url": "https://www.iryou.teikyouseido.mhlw.go.jp/znk-web/juminkanja/S2430/initialize?prefCd=13&kikanCd=1134900930&kikanKbn=1", "url2": "http://www.shorakudo-hp.or.jp/", "内容": "社会福祉法人　勝楽堂病院【1:病院】【診療科目:0】【一般病床数:52療養病床数:53精神病床数:0感染症病床数:0合計病床数:105】東京都足立区千住柳町５－１" }, "geometry": { "type": "Point", "coordinates": [ 139.797229, 35.752998 ] } },
{ "type": "Feature", "properties": { "ID": 1311134901100, "正式名称": "医療法人社団心和会　足立共済病院", "機関区分": 1, "都道府県コード": 13, "市区町村コード": 121, "所在地": "東京都足立区柳原１－３６－８", "緯度": 35.744165, "経度": 139.815422, "url": "https://www.iryou.teikyouseido.mhlw.go.jp/znk-web/juminkanja/S2430/initialize?prefCd=13&kikanCd=1134901100&kikanKbn=1", "url2": "http://adachi-kyosai.org/", "内容": "医療法人社団心和会　足立共済病院【1:病院】【診療科目:0】【一般病床数:52療養病床数:0精神病床数:0感染症病床数:0合計病床数:52】東京都足立区柳原１－３６－８" }, "geometry": { "type": "Point", "coordinates": [ 139.815422, 35.744165 ] } },
{ "type": "Feature", "properties": { "ID": 1311134901490, "正式名称": "医療法人社団哲仁会　井口病院", "機関区分": 1, "都道府県コード": 13, "市区町村コード": 121, "所在地": "東京都足立区千住２－１９", "緯度": 35.750081, "経度": 139.801423, "url": "https://www.iryou.teikyouseido.mhlw.go.jp/znk-web/juminkanja/S2430/initialize?prefCd=13&kikanCd=1134901490&kikanKbn=1", "url2": "http://www.inokuchi-hp.or.jp/", "内容": "医療法人社団哲仁会　井口病院【1:病院】【診療科目:0】【一般病床数:53療養病床数:0精神病床数:0感染症病床数:0合計病床数:53】東京都足立区千住２－１９" }, "geometry": { "type": "Point", "coordinates": [ 139.801423, 35.750081 ] } },
{ "type": "Feature", "properties": { "ID": 1311134901520, "正式名称": "一般財団法人博慈会　長寿リハビリセンター病院", "機関区分": 1, "都道府県コード": 13, "市区町村コード": 121, "所在地": "東京都足立区鹿浜５－１３－７", "緯度": 35.785549, "経度": 139.750787, "url": "https://www.iryou.teikyouseido.mhlw.go.jp/znk-web/juminkanja/S2430/initialize?prefCd=13&kikanCd=1134901520&kikanKbn=1", "url2": "http://www.hakujikai.or.jp", "内容": "一般財団法人博慈会　長寿リハビリセンター病院【1:病院】【診療科目:0】【一般病床数:0療養病床数:182精神病床数:0感染症病床数:0合計病床数:182】東京都足立区鹿浜５－１３－７" }, "geometry": { "type": "Point", "coordinates": [ 139.750787, 35.785549 ] } },
{ "type": "Feature", "properties": { "ID": 1311134902080, "正式名称": "医療法人社団栄悠会　綾瀬循環器病院", "機関区分": 1, "都道府県コード": 13, "市区町村コード": 121, "所在地": "東京都足立区谷中２－１６－７", "緯度": 35.774774, "経度": 139.833197, "url": "https://www.iryou.teikyouseido.mhlw.go.jp/znk-web/juminkanja/S2430/initialize?prefCd=13&kikanCd=1134902080&kikanKbn=1", "url2": "http://www.ayaseheart.or.jp", "内容": "医療法人社団栄悠会　綾瀬循環器病院【1:病院】【診療科目:0】【一般病床数:76療養病床数:0精神病床数:0感染症病床数:0合計病床数:76】東京都足立区谷中２－１６－７" }, "geometry": { "type": "Point", "coordinates": [ 139.833197, 35.774774 ] } },
{ "type": "Feature", "properties": { "ID": 1311134902110, "正式名称": "医療法人社団大坪会　東和病院", "機関区分": 1, "都道府県コード": 13, "市区町村コード": 121, "所在地": "東京都足立区東和４－７－１０", "緯度": 35.772802, "経度": 139.843697, "url": "https://www.iryou.teikyouseido.mhlw.go.jp/znk-web/juminkanja/S2430/initialize?prefCd=13&kikanCd=1134902110&kikanKbn=1", "url2": "http://www.towa-hp.jp", "内容": "医療法人社団大坪会　東和病院【1:病院】【診療科目:0】【一般病床数:192療養病床数:107精神病床数:0感染症病床数:0合計病床数:299】東京都足立区東和４－７－１０" }, "geometry": { "type": "Point", "coordinates": [ 139.843697, 35.772802 ] } },
{ "type": "Feature", "properties": { "ID": 1311134902240, "正式名称": "医療法人社団日岩会　下井病院", "機関区分": 1, "都道府県コード": 13, "市区町村コード": 121, "所在地": "東京都足立区綾瀬３－２８－８", "緯度": 35.765219, "経度": 139.828976, "url": "https://www.iryou.teikyouseido.mhlw.go.jp/znk-web/juminkanja/S2430/initialize?prefCd=13&kikanCd=1134902240&kikanKbn=1", "url2": "http://www.shimoi.or.jp/", "内容": "医療法人社団日岩会　下井病院【1:病院】【診療科目:0】【一般病床数:95療養病床数:0精神病床数:0感染症病床数:0合計病床数:95】東京都足立区綾瀬３－２８－８" }, "geometry": { "type": "Point", "coordinates": [ 139.828976, 35.765219 ] } },
{ "type": "Feature", "properties": { "ID": 1311134902400, "正式名称": "医療法人財団健和会　柳原病院", "機関区分": 1, "都道府県コード": 13, "市区町村コード": 121, "所在地": "東京都足立区千住曙町３５－１", "緯度": 35.742499, "経度": 139.816756, "url": "https://www.iryou.teikyouseido.mhlw.go.jp/znk-web/juminkanja/S2430/initialize?prefCd=13&kikanCd=1134902400&kikanKbn=1", "url2": "https://yanagihara.kenwa.or.jp/", "内容": "医療法人財団健和会　柳原病院【1:病院】【診療科目:0】【一般病床数:90療養病床数:0精神病床数:0感染症病床数:0合計病床数:90】東京都足立区千住曙町３５－１" }, "geometry": { "type": "Point", "coordinates": [ 139.816756, 35.742499 ] } },
{ "type": "Feature", "properties": { "ID": 1311135000000, "正式名称": "社会医療法人社団　正志会　葛飾リハビリテーション病院", "機関区分": 1, "都道府県コード": 13, "市区町村コード": 122, "所在地": "東京都葛飾区亀有２－１８－２７", "緯度": 35.759137, "経度": 139.849586, "url": "https://www.iryou.teikyouseido.mhlw.go.jp/znk-web/juminkanja/S2430/initialize?prefCd=13&kikanCd=1135000000&kikanKbn=1", "url2": "https://www.krhp.jp", "内容": "社会医療法人社団　正志会　葛飾リハビリテーション病院【1:病院】【診療科目:0】【一般病床数:83療養病床数:0精神病床数:0感染症病床数:0合計病床数:83】東京都葛飾区亀有２－１８－２７" }, "geometry": { "type": "Point", "coordinates": [ 139.849586, 35.759137 ] } },
{ "type": "Feature", "properties": { "ID": 1311135000001, "正式名称": "医療法人社団明芳会　イムス東京葛飾総合病院", "機関区分": 1, "都道府県コード": 13, "市区町村コード": 122, "所在地": "東京都葛飾区西新小岩４－１８－１", "緯度": 35.718363, "経度": 139.853004, "url": "https://www.iryou.teikyouseido.mhlw.go.jp/znk-web/juminkanja/S2430/initialize?prefCd=13&kikanCd=1135000001&kikanKbn=1", "url2": "http://www.ims.gr.jp/tokyo-katsushika", "内容": "医療法人社団明芳会　イムス東京葛飾総合病院【1:病院】【診療科目:0】【一般病床数:377療養病床数:0精神病床数:0感染症病床数:0合計病床数:377】東京都葛飾区西新小岩４－１８－１" }, "geometry": { "type": "Point", "coordinates": [ 139.853004, 35.718363 ] } },
{ "type": "Feature", "properties": { "ID": 1311135000002, "正式名称": "医療法人社団明芳会　イムスリハビリテーションセンター東京葛飾病院", "機関区分": 1, "都道府県コード": 13, "市区町村コード": 122, "所在地": "東京都葛飾区堀切３－２６－５", "緯度": 35.744916, "経度": 139.831866, "url": "https://www.iryou.teikyouseido.mhlw.go.jp/znk-web/juminkanja/S2430/initialize?prefCd=13&kikanCd=1135000002&kikanKbn=1", "url2": "http://www.ims.gr.jp/reha-tokyo-katsushika", "内容": "医療法人社団明芳会　イムスリハビリテーションセンター東京葛飾病院【1:病院】【診療科目:0】【一般病床数:103療養病床数:0精神病床数:0感染症病床数:0合計病床数:103】東京都葛飾区堀切３－２６－５" }, "geometry": { "type": "Point", "coordinates": [ 139.831866, 35.744916 ] } },
{ "type": "Feature", "properties": { "ID": 1311135000003, "正式名称": "東京かつしか赤十字母子医療センター", "機関区分": 1, "都道府県コード": 13, "市区町村コード": 122, "所在地": "東京都葛飾区新宿３－７－１", "緯度": 35.761442, "経度": 139.862307, "url": "https://www.iryou.teikyouseido.mhlw.go.jp/znk-web/juminkanja/S2430/initialize?prefCd=13&kikanCd=1135000003&kikanKbn=1", "url2": "https://katsushika.jrc.or.jp", "内容": "東京かつしか赤十字母子医療センター【1:病院】【診療科目:0】【一般病床数:104療養病床数:0精神病床数:0感染症病床数:0合計病床数:104】東京都葛飾区新宿３－７－１" }, "geometry": { "type": "Point", "coordinates": [ 139.862307, 35.761442 ] } },
{ "type": "Feature", "properties": { "ID": 1311135000130, "正式名称": "医療法人財団葛飾厚生会　東立病院", "機関区分": 1, "都道府県コード": 13, "市区町村コード": 122, "所在地": "東京都葛飾区立石６－３８－１３", "緯度": 35.743555, "経度": 139.85428, "url": "https://www.iryou.teikyouseido.mhlw.go.jp/znk-web/juminkanja/S2430/initialize?prefCd=13&kikanCd=1135000130&kikanKbn=1", "url2": "https://www.touritsu-b.or.jp", "内容": "医療法人財団葛飾厚生会　東立病院【1:病院】【診療科目:0】【一般病床数:20療養病床数:22精神病床数:0感染症病床数:0合計病床数:57】東京都葛飾区立石６－３８－１３" }, "geometry": { "type": "Point", "coordinates": [ 139.85428, 35.743555 ] } },
{ "type": "Feature", "properties": { "ID": 1311135000390, "正式名称": "医療法人財団慈光会　堀切中央病院", "機関区分": 1, "都道府県コード": 13, "市区町村コード": 122, "所在地": "東京都葛飾区堀切７－４－４", "緯度": 35.754276, "経度": 139.828115, "url": "https://www.iryou.teikyouseido.mhlw.go.jp/znk-web/juminkanja/S2430/initialize?prefCd=13&kikanCd=1135000390&kikanKbn=1", "url2": "https://www.horikiri-ch.or.jp/", "内容": "医療法人財団慈光会　堀切中央病院【1:病院】【診療科目:0】【一般病床数:59療養病床数:67精神病床数:0感染症病床数:0合計病床数:126】東京都葛飾区堀切７－４－４" }, "geometry": { "type": "Point", "coordinates": [ 139.828115, 35.754276 ] } },
{ "type": "Feature", "properties": { "ID": 1311135000680, "正式名称": "東京慈恵会医科大学葛飾医療センター", "機関区分": 1, "都道府県コード": 13, "市区町村コード": 122, "所在地": "東京都葛飾区青戸６－４１－２", "緯度": 35.75186, "経度": 139.858585, "url": "https://www.iryou.teikyouseido.mhlw.go.jp/znk-web/juminkanja/S2430/initialize?prefCd=13&kikanCd=1135000680&kikanKbn=1", "url2": "http://www.jikei.ac.jp/hospital/katsushika/index.html", "内容": "東京慈恵会医科大学葛飾医療センター【1:病院】【診療科目:0】【一般病床数:371療養病床数:0精神病床数:0感染症病床数:0合計病床数:371】東京都葛飾区青戸６－４１－２" }, "geometry": { "type": "Point", "coordinates": [ 139.858585, 35.75186 ] } },
{ "type": "Feature", "properties": { "ID": 1311135000840, "正式名称": "小澤病院", "機関区分": 1, "都道府県コード": 13, "市区町村コード": 122, "所在地": "東京都葛飾区奥戸２－３１－３", "緯度": 35.734251, "経度": 139.859614, "url": "https://www.iryou.teikyouseido.mhlw.go.jp/znk-web/juminkanja/S2430/initialize?prefCd=13&kikanCd=1135000840&kikanKbn=1", "url2": "http://www.ozawa-hosp.com/", "内容": "小澤病院【1:病院】【診療科目:0】【一般病床数:0療養病床数:48精神病床数:0感染症病床数:0合計病床数:48】東京都葛飾区奥戸２－３１－３" }, "geometry": { "type": "Point", "coordinates": [ 139.859614, 35.734251 ] } },
{ "type": "Feature", "properties": { "ID": 1311135001300, "正式名称": "医療法人勝又　坂本病院", "機関区分": 1, "都道府県コード": 13, "市区町村コード": 122, "所在地": "東京都葛飾区西新小岩４－３９－２０", "緯度": 35.72028, "経度": 139.855392, "url": "https://www.iryou.teikyouseido.mhlw.go.jp/znk-web/juminkanja/S2430/initialize?prefCd=13&kikanCd=1135001300&kikanKbn=1", "url2": "http://www.isuzukai.com/", "内容": "医療法人勝又　坂本病院【1:病院】【診療科目:0】【一般病床数:37療養病床数:60精神病床数:0感染症病床数:0合計病床数:97】東京都葛飾区西新小岩４－３９－２０" }, "geometry": { "type": "Point", "coordinates": [ 139.855392, 35.72028 ] } },
{ "type": "Feature", "properties": { "ID": 1311135001430, "正式名称": "社会福祉法人仁生社　かつしか江戸川病院", "機関区分": 1, "都道府県コード": 13, "市区町村コード": 122, "所在地": "東京都葛飾区高砂３－２７－１３", "緯度": 35.74811, "経度": 139.869946, "url": "https://www.iryou.teikyouseido.mhlw.go.jp/znk-web/juminkanja/S2430/initialize?prefCd=13&kikanCd=1135001430&kikanKbn=1", "url2": "http://katsushika-hp.com/", "内容": "社会福祉法人仁生社　かつしか江戸川病院【1:病院】【診療科目:0】【一般病床数:60療養病床数:0精神病床数:0感染症病床数:0合計病床数:60】東京都葛飾区高砂３－２７－１３" }, "geometry": { "type": "Point", "coordinates": [ 139.869946, 35.74811 ] } },
{ "type": "Feature", "properties": { "ID": 1311135001720, "正式名称": "社会医療法人社団正志会　平成立石病院", "機関区分": 1, "都道府県コード": 13, "市区町村コード": 122, "所在地": "東京都葛飾区立石５－１－９", "緯度": 35.742305, "経度": 139.842031, "url": "https://www.iryou.teikyouseido.mhlw.go.jp/znk-web/juminkanja/S2430/initialize?prefCd=13&kikanCd=1135001720&kikanKbn=1", "url2": "http://www.heisei-tateishi.net", "内容": "社会医療法人社団正志会　平成立石病院【1:病院】【診療科目:0】【一般病床数:203療養病床数:0精神病床数:0感染症病床数:0合計病床数:203】東京都葛飾区立石５－１－９" }, "geometry": { "type": "Point", "coordinates": [ 139.842031, 35.742305 ] } },
{ "type": "Feature", "properties": { "ID": 1311135001851, "正式名称": "医療法人社団湘南会　亀有中央病院", "機関区分": 1, "都道府県コード": 13, "市区町村コード": 122, "所在地": "東京都葛飾区亀有２－５－１", "緯度": 35.757331, "経度": 139.850113, "url": "https://www.iryou.teikyouseido.mhlw.go.jp/znk-web/juminkanja/S2430/initialize?prefCd=13&kikanCd=1135001851&kikanKbn=1", "url2": "http://www17.ocn.ne.jp/~kchp/", "内容": "医療法人社団湘南会　亀有中央病院【1:病院】【診療科目:0】【一般病床数:68療養病床数:0精神病床数:0感染症病床数:0合計病床数:68】東京都葛飾区亀有２－５－１" }, "geometry": { "type": "Point", "coordinates": [ 139.850113, 35.757331 ] } },
{ "type": "Feature", "properties": { "ID": 1311135001852, "正式名称": "医療法人社団明芳会　イムス葛飾ハートセンター", "機関区分": 1, "都道府県コード": 13, "市区町村コード": 122, "所在地": "東京都葛飾区堀切３－３０－１", "緯度": 35.744805, "経度": 139.833365, "url": "https://www.iryou.teikyouseido.mhlw.go.jp/znk-web/juminkanja/S2430/initialize?prefCd=13&kikanCd=1135001852&kikanKbn=1", "url2": "http://www.ims.gr.jp/heartcenter/", "内容": "医療法人社団明芳会　イムス葛飾ハートセンター【1:病院】【診療科目:0】【一般病床数:50療養病床数:0精神病床数:0感染症病床数:0合計病床数:50】東京都葛飾区堀切３－３０－１" }, "geometry": { "type": "Point", "coordinates": [ 139.833365, 35.744805 ] } },
{ "type": "Feature", "properties": { "ID": 1311135100290, "正式名称": "医療法人財団謙仁会　亀有病院", "機関区分": 1, "都道府県コード": 13, "市区町村コード": 122, "所在地": "東京都葛飾区亀有３－３６－３", "緯度": 35.763414, "経度": 139.849502, "url": "https://www.iryou.teikyouseido.mhlw.go.jp/znk-web/juminkanja/S2430/initialize?prefCd=13&kikanCd=1135100290&kikanKbn=1", "url2": "http://www.kameari-hp.com", "内容": "医療法人財団謙仁会　亀有病院【1:病院】【診療科目:0】【一般病床数:60療養病床数:38精神病床数:0感染症病床数:0合計病床数:98】東京都葛飾区亀有３－３６－３" }, "geometry": { "type": "Point", "coordinates": [ 139.849502, 35.763414 ] } },
{ "type": "Feature", "properties": { "ID": 1311135100320, "正式名称": "医療法人社団幸博会　高山整形外科病院", "機関区分": 1, "都道府県コード": 13, "市区町村コード": 122, "所在地": "東京都葛飾区金町３－４－５", "緯度": 35.766414, "経度": 139.871639, "url": "https://www.iryou.teikyouseido.mhlw.go.jp/znk-web/juminkanja/S2430/initialize?prefCd=13&kikanCd=1135100320&kikanKbn=1", "url2": "https://takayamaseikei.or.jp", "内容": "医療法人社団幸博会　高山整形外科病院【1:病院】【診療科目:0】【一般病床数:48療養病床数:0精神病床数:0感染症病床数:0合計病床数:48】東京都葛飾区金町３－４－５" }, "geometry": { "type": "Point", "coordinates": [ 139.871639, 35.766414 ] } },
{ "type": "Feature", "properties": { "ID": 1311135100450, "正式名称": "社会福祉法人仁生社　江戸川病院高砂分院", "機関区分": 1, "都道府県コード": 13, "市区町村コード": 122, "所在地": "東京都葛飾区西水元４－５－１", "緯度": 35.793994, "経度": 139.845973, "url": "https://www.iryou.teikyouseido.mhlw.go.jp/znk-web/juminkanja/S2430/initialize?prefCd=13&kikanCd=1135100450&kikanKbn=1", "url2": "http://www.takasago-hp.jp/top/index.htm", "内容": "社会福祉法人仁生社　江戸川病院高砂分院【1:病院】【診療科目:0】【一般病床数:42療養病床数:57精神病床数:0感染症病床数:0合計病床数:99】東京都葛飾区西水元４－５－１" }, "geometry": { "type": "Point", "coordinates": [ 139.845973, 35.793994 ] } },
{ "type": "Feature", "properties": { "ID": 1311135100580, "正式名称": "医療法人社団玲瓏会　金町中央病院", "機関区分": 1, "都道府県コード": 13, "市区町村コード": 122, "所在地": "東京都葛飾区金町１－９－１", "緯度": 35.763053, "経度": 139.865834, "url": "https://www.iryou.teikyouseido.mhlw.go.jp/znk-web/juminkanja/S2430/initialize?prefCd=13&kikanCd=1135100580&kikanKbn=1", "url2": "http://www.reiroukai.or.jp/", "内容": "医療法人社団玲瓏会　金町中央病院【1:病院】【診療科目:0】【一般病床数:99療養病床数:0精神病床数:0感染症病床数:0合計病床数:99】東京都葛飾区金町１－９－１" }, "geometry": { "type": "Point", "coordinates": [ 139.865834, 35.763053 ] } },
{ "type": "Feature", "properties": { "ID": 1311135100610, "正式名称": "社会医療法人社団光仁会　第一病院", "機関区分": 1, "都道府県コード": 13, "市区町村コード": 122, "所在地": "東京都葛飾区東金町４－２－１０", "緯度": 35.77233, "経度": 139.876416, "url": "https://www.iryou.teikyouseido.mhlw.go.jp/znk-web/juminkanja/S2430/initialize?prefCd=13&kikanCd=1135100610&kikanKbn=1", "url2": "http://www.daiichi.or.jp", "内容": "社会医療法人社団光仁会　第一病院【1:病院】【診療科目:0】【一般病床数:90療養病床数:35精神病床数:0感染症病床数:0合計病床数:125】東京都葛飾区東金町４－２－１０" }, "geometry": { "type": "Point", "coordinates": [ 139.876416, 35.77233 ] } },
{ "type": "Feature", "properties": { "ID": 1311135100870, "正式名称": "医療法人社団嬉泉会　嬉泉病院", "機関区分": 1, "都道府県コード": 13, "市区町村コード": 122, "所在地": "東京都葛飾区東金町１－３５－８", "緯度": 35.772997, "経度": 139.871222, "url": "https://www.iryou.teikyouseido.mhlw.go.jp/znk-web/juminkanja/S2430/initialize?prefCd=13&kikanCd=1135100870&kikanKbn=1", "url2": "https://www.kisen.or.jp", "内容": "医療法人社団嬉泉会　嬉泉病院【1:病院】【診療科目:0】【一般病床数:26療養病床数:34精神病床数:0感染症病床数:0合計病床数:60】東京都葛飾区東金町１－３５－８" }, "geometry": { "type": "Point", "coordinates": [ 139.871222, 35.772997 ] } },
{ "type": "Feature", "properties": { "ID": 1311135101040, "正式名称": "医療法人社団一秀会　葛飾橋病院", "機関区分": 1, "都道府県コード": 13, "市区町村コード": 122, "所在地": "東京都葛飾区東金町７－３３－１", "緯度": 35.77858, "経度": 139.885276, "url": "https://www.iryou.teikyouseido.mhlw.go.jp/znk-web/juminkanja/S2430/initialize?prefCd=13&kikanCd=1135101040&kikanKbn=1", "url2": "http://www.katsushikabashi.jp/", "内容": "医療法人社団一秀会　葛飾橋病院【1:病院】【診療科目:0】【一般病床数:0療養病床数:0精神病床数:209感染症病床数:0合計病床数:209】東京都葛飾区東金町７－３３－１" }, "geometry": { "type": "Point", "coordinates": [ 139.885276, 35.77858 ] } },
{ "type": "Feature", "properties": { "ID": 1311135101330, "正式名称": "地方独立行政法人東京都立病院機構　東京都立東部地域病院", "機関区分": 1, "都道府県コード": 13, "市区町村コード": 122, "所在地": "東京都葛飾区亀有５－１４－１", "緯度": 35.766386, "経度": 139.844502, "url": "https://www.iryou.teikyouseido.mhlw.go.jp/znk-web/juminkanja/S2430/initialize?prefCd=13&kikanCd=1135101330&kikanKbn=1", "url2": "https://www.tmhp.jp/tobu/", "内容": "地方独立行政法人東京都立病院機構　東京都立東部地域病院【1:病院】【診療科目:0】【一般病床数:314療養病床数:0精神病床数:0感染症病床数:0合計病床数:314】東京都葛飾区亀有５－１４－１" }, "geometry": { "type": "Point", "coordinates": [ 139.844502, 35.766386 ] } },
{ "type": "Feature", "properties": { "ID": 1311135200000, "正式名称": "医療法人社団城東桐和会　タムスさくら病院江戸川", "機関区分": 1, "都道府県コード": 13, "市区町村コード": 123, "所在地": "東京都江戸川区東篠崎１－１１－１", "緯度": 35.701505, "経度": 139.916055, "url": "https://www.iryou.teikyouseido.mhlw.go.jp/znk-web/juminkanja/S2430/initialize?prefCd=13&kikanCd=1135200000&kikanKbn=1", "url2": "https://tums-tokyosakurahp.jp/", "内容": "医療法人社団城東桐和会　タムスさくら病院江戸川【1:病院】【診療科目:0】【一般病床数:78療養病床数:300精神病床数:0感染症病床数:0合計病床数:378】東京都江戸川区東篠崎１－１１－１" }, "geometry": { "type": "Point", "coordinates": [ 139.916055, 35.701505 ] } },
{ "type": "Feature", "properties": { "ID": 1311135200001, "正式名称": "医療法人社団城東桐和会　タムス瑞江病院", "機関区分": 1, "都道府県コード": 13, "市区町村コード": 123, "所在地": "東京都江戸川区南篠崎町３－２５－１３", "緯度": 35.694589, "経度": 139.901251, "url": "https://www.iryou.teikyouseido.mhlw.go.jp/znk-web/juminkanja/S2430/initialize?prefCd=13&kikanCd=1135200001&kikanKbn=1", "url2": "https://tums-mizuehp.jp/", "内容": "医療法人社団城東桐和会　タムス瑞江病院【1:病院】【診療科目:0】【一般病床数:60療養病床数:0精神病床数:0感染症病床数:0合計病床数:60】東京都江戸川区南篠崎町３－２５－１３" }, "geometry": { "type": "Point", "coordinates": [ 139.901251, 35.694589 ] } },
{ "type": "Feature", "properties": { "ID": 1311135200220, "正式名称": "医療法人社団　同愛会病院", "機関区分": 1, "都道府県コード": 13, "市区町村コード": 123, "所在地": "東京都江戸川区松島１－４２－２１", "緯度": 35.705809, "経度": 139.867253, "url": "https://www.iryou.teikyouseido.mhlw.go.jp/znk-web/juminkanja/S2430/initialize?prefCd=13&kikanCd=1135200220&kikanKbn=1", "url2": "http://www.douaikai.jp", "内容": "医療法人社団　同愛会病院【1:病院】【診療科目:0】【一般病床数:149療養病床数:0精神病床数:0感染症病床数:0合計病床数:149】東京都江戸川区松島１－４２－２１" }, "geometry": { "type": "Point", "coordinates": [ 139.867253, 35.705809 ] } },
{ "type": "Feature", "properties": { "ID": 1311135200480, "正式名称": "医療法人社団福仁会　小松川病院", "機関区分": 1, "都道府県コード": 13, "市区町村コード": 123, "所在地": "東京都江戸川区中央１－１－１５", "緯度": 35.703782, "経度": 139.868392, "url": "https://www.iryou.teikyouseido.mhlw.go.jp/znk-web/juminkanja/S2430/initialize?prefCd=13&kikanCd=1135200480&kikanKbn=1", "url2": "http://www.komatsugawa-hp.com/", "内容": "医療法人社団福仁会　小松川病院【1:病院】【診療科目:0】【一般病床数:50療養病床数:41精神病床数:0感染症病床数:0合計病床数:91】東京都江戸川区中央１－１－１５" }, "geometry": { "type": "Point", "coordinates": [ 139.868392, 35.703782 ] } },
{ "type": "Feature", "properties": { "ID": 1311135200510, "正式名称": "医療法人社団津端会　京葉病院", "機関区分": 1, "都道府県コード": 13, "市区町村コード": 123, "所在地": "東京都江戸川区松江２－４３－１２", "緯度": 35.702588, "経度": 139.875864, "url": "https://www.iryou.teikyouseido.mhlw.go.jp/znk-web/juminkanja/S2430/initialize?prefCd=13&kikanCd=1135200510&kikanKbn=1", "url2": "http://www.keiyo-hp.jp", "内容": "医療法人社団津端会　京葉病院【1:病院】【診療科目:0】【一般病床数:60療養病床数:0精神病床数:0感染症病床数:0合計病床数:60】東京都江戸川区松江２－４３－１２" }, "geometry": { "type": "Point", "coordinates": [ 139.875864, 35.702588 ] } },
{ "type": "Feature", "properties": { "ID": 1311135200770, "正式名称": "医療法人社団向日葵会　まつしま病院", "機関区分": 1, "都道府県コード": 13, "市区町村コード": 123, "所在地": "東京都江戸川区松島１－４１－２９", "緯度": 35.706643, "経度": 139.867142, "url": "https://www.iryou.teikyouseido.mhlw.go.jp/znk-web/juminkanja/S2430/initialize?prefCd=13&kikanCd=1135200770&kikanKbn=1", "url2": "http://www.matsushima-wh.or.jp", "内容": "医療法人社団向日葵会　まつしま病院【1:病院】【診療科目:0】【一般病床数:37療養病床数:0精神病床数:0感染症病床数:0合計病床数:37】東京都江戸川区松島１－４１－２９" }, "geometry": { "type": "Point", "coordinates": [ 139.867142, 35.706643 ] } },
{ "type": "Feature", "properties": { "ID": 1311135200930, "正式名称": "医療法人社団晃山会　タムス松江病院", "機関区分": 1, "都道府県コード": 13, "市区町村コード": 123, "所在地": "東京都江戸川区松江２－６－１５", "緯度": 35.697116, "経度": 139.871059, "url": "https://www.iryou.teikyouseido.mhlw.go.jp/znk-web/juminkanja/S2430/initialize?prefCd=13&kikanCd=1135200930&kikanKbn=1", "url2": "http://matue.or.jp/", "内容": "医療法人社団晃山会　タムス松江病院【1:病院】【診療科目:0】【一般病床数:65療養病床数:29精神病床数:0感染症病床数:0合計病床数:94】東京都江戸川区松江２－６－１５" }, "geometry": { "type": "Point", "coordinates": [ 139.871059, 35.697116 ] } },
{ "type": "Feature", "properties": { "ID": 1311135201070, "正式名称": "医療法人社団　葛西中央病院", "機関区分": 1, "都道府県コード": 13, "市区町村コード": 123, "所在地": "東京都江戸川区船堀７－１０－３", "緯度": 35.676674, "経度": 139.868616, "url": "https://www.iryou.teikyouseido.mhlw.go.jp/znk-web/juminkanja/S2430/initialize?prefCd=13&kikanCd=1135201070&kikanKbn=1", "url2": "https://kasai-central-hospital.or.jp/", "内容": "医療法人社団　葛西中央病院【1:病院】【診療科目:0】【一般病床数:57療養病床数:0精神病床数:0感染症病床数:0合計病床数:57】東京都江戸川区船堀７－１０－３" }, "geometry": { "type": "Point", "coordinates": [ 139.868616, 35.676674 ] } },
{ "type": "Feature", "properties": { "ID": 1311135201360, "正式名称": "社会医療法人社団森山医会　森山脳神経センター病院", "機関区分": 1, "都道府県コード": 13, "市区町村コード": 123, "所在地": "東京都江戸川区西葛西７－１２－７", "緯度": 35.661827, "経度": 139.860606, "url": "https://www.iryou.teikyouseido.mhlw.go.jp/znk-web/juminkanja/S2430/initialize?prefCd=13&kikanCd=1135201360&kikanKbn=1", "url2": "http://www.mr.moriyamaikai.or.jp", "内容": "社会医療法人社団森山医会　森山脳神経センター病院【1:病院】【診療科目:0】【一般病床数:43療養病床数:106精神病床数:0感染症病床数:0合計病床数:149】東京都江戸川区西葛西７－１２－７" }, "geometry": { "type": "Point", "coordinates": [ 139.860606, 35.661827 ] } },
{ "type": "Feature", "properties": { "ID": 1311135201650, "正式名称": "医療法人社団昌医会　　葛西昌医会病院", "機関区分": 1, "都道府県コード": 13, "市区町村コード": 123, "所在地": "東京都江戸川区東葛西６－３０－３", "緯度": 35.660314, "経度": 139.877755, "url": "https://www.iryou.teikyouseido.mhlw.go.jp/znk-web/juminkanja/S2430/initialize?prefCd=13&kikanCd=1135201650&kikanKbn=1", "url2": "http://www.shoikai.com", "内容": "医療法人社団昌医会　　葛西昌医会病院【1:病院】【診療科目:0】【一般病床数:143療養病床数:0精神病床数:0感染症病床数:0合計病床数:143】東京都江戸川区東葛西６－３０－３" }, "geometry": { "type": "Point", "coordinates": [ 139.877755, 35.660314 ] } },
{ "type": "Feature", "properties": { "ID": 1311135201780, "正式名称": "医療法人社団済安堂　西葛西・井上眼科病院", "機関区分": 1, "都道府県コード": 13, "市区町村コード": 123, "所在地": "東京都江戸川区西葛西３－１２－１４", "緯度": 35.666841, "経度": 139.857339, "url": "https://www.iryou.teikyouseido.mhlw.go.jp/znk-web/juminkanja/S2430/initialize?prefCd=13&kikanCd=1135201780&kikanKbn=1", "url2": "https://www.inouye-eye.or.jp/nk-hospital/", "内容": "医療法人社団済安堂　西葛西・井上眼科病院【1:病院】【診療科目:0】【一般病床数:32療養病床数:0精神病床数:0感染症病床数:0合計病床数:32】東京都江戸川区西葛西３－１２－１４" }, "geometry": { "type": "Point", "coordinates": [ 139.857339, 35.666841 ] } },
{ "type": "Feature", "properties": { "ID": 1311135201810, "正式名称": "医療法人社団明松会　二本松眼科病院", "機関区分": 1, "都道府県コード": 13, "市区町村コード": 123, "所在地": "東京都江戸川区平井４－１０－７", "緯度": 35.706003, "経度": 139.844533, "url": "https://www.iryou.teikyouseido.mhlw.go.jp/znk-web/juminkanja/S2430/initialize?prefCd=13&kikanCd=1135201810&kikanKbn=1", "url2": "http://www.nihonmatsu.net/", "内容": "医療法人社団明松会　二本松眼科病院【1:病院】【診療科目:0】【一般病床数:39療養病床数:0精神病床数:0感染症病床数:0合計病床数:39】東京都江戸川区平井４－１０－７" }, "geometry": { "type": "Point", "coordinates": [ 139.844533, 35.706003 ] } },
{ "type": "Feature", "properties": { "ID": 1311135201940, "正式名称": "医療法人社団双仁会　一盛病院", "機関区分": 1, "都道府県コード": 13, "市区町村コード": 123, "所在地": "東京都江戸川区小松川３－１０－１", "緯度": 35.697754, "経度": 139.850616, "url": "https://www.iryou.teikyouseido.mhlw.go.jp/znk-web/juminkanja/S2430/initialize?prefCd=13&kikanCd=1135201940&kikanKbn=1", "url2": "http://www.ichimori-hp.or.jp", "内容": "医療法人社団双仁会　一盛病院【1:病院】【診療科目:0】【一般病床数:0療養病床数:58精神病床数:0感染症病床数:0合計病床数:58】東京都江戸川区小松川３－１０－１" }, "geometry": { "type": "Point", "coordinates": [ 139.850616, 35.697754 ] } },
{ "type": "Feature", "properties": { "ID": 1311135202110, "正式名称": "日本私立学校振興・共済事業団　東京臨海病院", "機関区分": 1, "都道府県コード": 13, "市区町村コード": 123, "所在地": "東京都江戸川区臨海町１－４－２", "緯度": 35.652509, "経度": 139.854118, "url": "https://www.iryou.teikyouseido.mhlw.go.jp/znk-web/juminkanja/S2430/initialize?prefCd=13&kikanCd=1135202110&kikanKbn=1", "url2": "https://www.tokyorinkai.jp/", "内容": "日本私立学校振興・共済事業団　東京臨海病院【1:病院】【診療科目:0】【一般病床数:400療養病床数:0精神病床数:0感染症病床数:0合計病床数:400】東京都江戸川区臨海町１－４－２" }, "geometry": { "type": "Point", "coordinates": [ 139.854118, 35.652509 ] } },
{ "type": "Feature", "properties": { "ID": 1311135202240, "正式名称": "医療法人社団東京ハートサミット　東京心臓不整脈病院", "機関区分": 1, "都道府県コード": 13, "市区町村コード": 123, "所在地": "東京都江戸川区平井３－２５－１７", "緯度": 35.705587, "経度": 139.843394, "url": "https://www.iryou.teikyouseido.mhlw.go.jp/znk-web/juminkanja/S2430/initialize?prefCd=13&kikanCd=1135202240&kikanKbn=1", "url2": "https://tokyo-shinzo-fuseimyaku-hospital.or.jp", "内容": "医療法人社団東京ハートサミット　東京心臓不整脈病院【1:病院】【診療科目:0】【一般病床数:49療養病床数:0精神病床数:0感染症病床数:0合計病床数:49】東京都江戸川区平井３－２５－１７" }, "geometry": { "type": "Point", "coordinates": [ 139.843394, 35.705587 ] } },
{ "type": "Feature", "properties": { "ID": 1311135202370, "正式名称": "社会医療法人社団森山医会　森山記念病院", "機関区分": 1, "都道府県コード": 13, "市区町村コード": 123, "所在地": "東京都江戸川区北葛西４－３－１", "緯度": 35.661925, "経度": 139.860561, "url": "https://www.iryou.teikyouseido.mhlw.go.jp/znk-web/juminkanja/S2430/initialize?prefCd=13&kikanCd=1135202370&kikanKbn=1", "url2": "http://mk.moriyamaikai.or.jp/", "内容": "社会医療法人社団森山医会　森山記念病院【1:病院】【診療科目:0】【一般病床数:272療養病床数:40精神病床数:0感染症病床数:0合計病床数:312】東京都江戸川区北葛西４－３－１" }, "geometry": { "type": "Point", "coordinates": [ 139.860561, 35.661925 ] } },
{ "type": "Feature", "properties": { "ID": 1311135202371, "正式名称": "医療法人社団　三和会　東京東病院", "機関区分": 1, "都道府県コード": 13, "市区町村コード": 123, "所在地": "東京都江戸川区鹿骨３－２０－３", "緯度": 35.716364, "経度": 139.891695, "url": "https://www.iryou.teikyouseido.mhlw.go.jp/znk-web/juminkanja/S2430/initialize?prefCd=13&kikanCd=1135202371&kikanKbn=1", "url2": "http://www.mitsuwakai.jp/tokyohigashi/", "内容": "医療法人社団　三和会　東京東病院【1:病院】【診療科目:0】【一般病床数:48療養病床数:48精神病床数:0感染症病床数:0合計病床数:96】東京都江戸川区鹿骨３－２０－３" }, "geometry": { "type": "Point", "coordinates": [ 139.891695, 35.716364 ] } },
{ "type": "Feature", "properties": { "ID": 1311135300380, "正式名称": "社会福祉法人　仁生社　江戸川病院", "機関区分": 1, "都道府県コード": 13, "市区町村コード": 123, "所在地": "東京都江戸川区東小岩２－２４－１８", "緯度": 35.728585, "経度": 139.893083, "url": "https://www.iryou.teikyouseido.mhlw.go.jp/znk-web/juminkanja/S2430/initialize?prefCd=13&kikanCd=1135300380&kikanKbn=1", "url2": "https://www.edogawa.or.jp", "内容": "社会福祉法人　仁生社　江戸川病院【1:病院】【診療科目:0】【一般病床数:447療養病床数:0精神病床数:0感染症病床数:0合計病床数:447】東京都江戸川区東小岩２－２４－１８" }, "geometry": { "type": "Point", "coordinates": [ 139.893083, 35.728585 ] } },
{ "type": "Feature", "properties": { "ID": 1311135300670, "正式名称": "社会福祉法人仁生社　江戸川メディケア病院", "機関区分": 1, "都道府県コード": 13, "市区町村コード": 123, "所在地": "東京都江戸川区東松本２－１４－１２", "緯度": 35.720169, "経度": 139.88164, "url": "https://www.iryou.teikyouseido.mhlw.go.jp/znk-web/juminkanja/S2430/initialize?prefCd=13&kikanCd=1135300670&kikanKbn=1", "url2": "https://edogawa-medicare.jp/", "内容": "社会福祉法人仁生社　江戸川メディケア病院【1:病院】【診療科目:0】【一般病床数:130療養病床数:0精神病床数:0感染症病床数:0合計病床数:199】東京都江戸川区東松本２－１４－１２" }, "geometry": { "type": "Point", "coordinates": [ 139.88164, 35.720169 ] } },
{ "type": "Feature", "properties": { "ID": 1311135300960, "正式名称": "医療法人社団理弘会　岩倉病院", "機関区分": 1, "都道府県コード": 13, "市区町村コード": 123, "所在地": "東京都江戸川区南小岩７－２８－４", "緯度": 35.732446, "経度": 139.883167, "url": "https://www.iryou.teikyouseido.mhlw.go.jp/znk-web/juminkanja/S2430/initialize?prefCd=13&kikanCd=1135300960&kikanKbn=1", "url2": "http://www.iwakura-byoin.com/", "内容": "医療法人社団理弘会　岩倉病院【1:病院】【診療科目:0】【一般病床数:33療養病床数:0精神病床数:0感染症病床数:0合計病床数:33】東京都江戸川区南小岩７－２８－４" }, "geometry": { "type": "Point", "coordinates": [ 139.883167, 35.732446 ] } },
{ "type": "Feature", "properties": { "ID": 1311135301000, "正式名称": "医療法人財団岩井医療財団　岩井整形外科病院", "機関区分": 1, "都道府県コード": 13, "市区町村コード": 123, "所在地": "東京都江戸川区南小岩８－１７－２", "緯度": 35.733723, "経度": 139.884973, "url": "https://www.iryou.teikyouseido.mhlw.go.jp/znk-web/juminkanja/S2430/initialize?prefCd=13&kikanCd=1135301000&kikanKbn=1", "url2": "http://www.iwai.com", "内容": "医療法人財団岩井医療財団　岩井整形外科病院【1:病院】【診療科目:0】【一般病床数:58療養病床数:0精神病床数:0感染症病床数:0合計病床数:58】東京都江戸川区南小岩８－１７－２" }, "geometry": { "type": "Point", "coordinates": [ 139.884973, 35.733723 ] } },
{ "type": "Feature", "properties": { "ID": 1311135301130, "正式名称": "医療法人社団総風会　江戸川共済病院", "機関区分": 1, "都道府県コード": 13, "市区町村コード": 123, "所在地": "東京都江戸川区南篠崎町１－２－１６", "緯度": 35.693534, "経度": 139.905584, "url": "https://www.iryou.teikyouseido.mhlw.go.jp/znk-web/juminkanja/S2430/initialize?prefCd=13&kikanCd=1135301130&kikanKbn=1", "url2": "http://edogawakyousai.dcsv.jp/front/bin/home.phtml", "内容": "医療法人社団総風会　江戸川共済病院【1:病院】【診療科目:0】【一般病床数:0療養病床数:120精神病床数:0感染症病床数:0合計病床数:120】東京都江戸川区南篠崎町１－２－１６" }, "geometry": { "type": "Point", "coordinates": [ 139.905584, 35.693534 ] } },
{ "type": "Feature", "properties": { "ID": 1311135400280, "正式名称": "公益財団法人ライフ・エクステンション研究所付属永寿総合病院柳橋分院", "機関区分": 1, "都道府県コード": 13, "市区町村コード": 106, "所在地": "東京都台東区柳橋２－２０－４", "緯度": 35.698809, "経度": 139.78951, "url": "https://www.iryou.teikyouseido.mhlw.go.jp/znk-web/juminkanja/S2430/initialize?prefCd=13&kikanCd=1135400280&kikanKbn=1", "url2": "http://www.yanagibashihp.com/", "内容": "公益財団法人ライフ・エクステンション研究所付属永寿総合病院柳橋分院【1:病院】【診療科目:0】【一般病床数:0療養病床数:80精神病床数:0感染症病床数:0合計病床数:80】東京都台東区柳橋２－２０－４" }, "geometry": { "type": "Point", "coordinates": [ 139.78951, 35.698809 ] } },
{ "type": "Feature", "properties": { "ID": 1311135400281, "正式名称": "東京都台東区立台東病院", "機関区分": 1, "都道府県コード": 13, "市区町村コード": 106, "所在地": "東京都台東区千束３－２０－５", "緯度": 35.722723, "経度": 139.79287, "url": "https://www.iryou.teikyouseido.mhlw.go.jp/znk-web/juminkanja/S2430/initialize?prefCd=13&kikanCd=1135400281&kikanKbn=1", "url2": "http://taito.jadecom.or.jp", "内容": "東京都台東区立台東病院【1:病院】【診療科目:0】【一般病床数:40療養病床数:80精神病床数:0感染症病床数:0合計病床数:120】東京都台東区千束３－２０－５" }, "geometry": { "type": "Point", "coordinates": [ 139.79287, 35.722723 ] } },
{ "type": "Feature", "properties": { "ID": 1311135600000, "正式名称": "医療法人社団巨樹の会　蒲田リハビリテーション病院", "機関区分": 1, "都道府県コード": 13, "市区町村コード": 111, "所在地": "東京都大田区大森西４－１４－５", "緯度": 35.572488, "経度": 139.720605, "url": "https://www.iryou.teikyouseido.mhlw.go.jp/znk-web/juminkanja/S2430/initialize?prefCd=13&kikanCd=1135600000&kikanKbn=1", "url2": "http://www.kamata-rh.net/index.php", "内容": "医療法人社団巨樹の会　蒲田リハビリテーション病院【1:病院】【診療科目:0】【一般病床数:0療養病床数:180精神病床数:0感染症病床数:0合計病床数:180】東京都大田区大森西４－１４－５" }, "geometry": { "type": "Point", "coordinates": [ 139.720605, 35.572488 ] } },
{ "type": "Feature", "properties": { "ID": 1311135600001, "正式名称": "社会医療法人財団仁医会　牧田リハビリテーション病院", "機関区分": 1, "都道府県コード": 13, "市区町村コード": 111, "所在地": "東京都大田区西蒲田４－２２－１", "緯度": 35.568953, "経度": 139.715465, "url": "https://www.iryou.teikyouseido.mhlw.go.jp/znk-web/juminkanja/S2430/initialize?prefCd=13&kikanCd=1135600001&kikanKbn=1", "url2": "http://www.makita-hosp.or.jp/", "内容": "社会医療法人財団仁医会　牧田リハビリテーション病院【1:病院】【診療科目:0】【一般病床数:0療養病床数:180精神病床数:0感染症病床数:0合計病床数:180】東京都大田区西蒲田４－２２－１" }, "geometry": { "type": "Point", "coordinates": [ 139.715465, 35.568953 ] } },
{ "type": "Feature", "properties": { "ID": 1311135600110, "正式名称": "医療法人社団善春会　若葉眼科病院", "機関区分": 1, "都道府県コード": 13, "市区町村コード": 111, "所在地": "東京都大田区蒲田４－２２－１１", "緯度": 35.560767, "経度": 139.721022, "url": "https://www.iryou.teikyouseido.mhlw.go.jp/znk-web/juminkanja/S2430/initialize?prefCd=13&kikanCd=1135600110&kikanKbn=1", "url2": "http://www.wakaba-hp.or.jp", "内容": "医療法人社団善春会　若葉眼科病院【1:病院】【診療科目:0】【一般病床数:20療養病床数:0精神病床数:0感染症病床数:0合計病床数:20】東京都大田区蒲田４－２２－１１" }, "geometry": { "type": "Point", "coordinates": [ 139.721022, 35.560767 ] } },
{ "type": "Feature", "properties": { "ID": 1311135600240, "正式名称": "東急株式会社　東急病院", "機関区分": 1, "都道府県コード": 13, "市区町村コード": 111, "所在地": "東京都大田区北千束３－２７－２", "緯度": 35.607511, "経度": 139.685995, "url": "https://www.iryou.teikyouseido.mhlw.go.jp/znk-web/juminkanja/S2430/initialize?prefCd=13&kikanCd=1135600240&kikanKbn=1", "url2": "http://www.tokyu-hospital.jp/", "内容": "東急株式会社　東急病院【1:病院】【診療科目:0】【一般病床数:135療養病床数:0精神病床数:0感染症病床数:0合計病床数:135】東京都大田区北千束３－２７－２" }, "geometry": { "type": "Point", "coordinates": [ 139.685995, 35.607511 ] } },
{ "type": "Feature", "properties": { "ID": 1311135700000, "正式名称": "ニューハート・ワタナベ国際病院", "機関区分": 1, "都道府県コード": 13, "市区町村コード": 115, "所在地": "東京都杉並区浜田山３－１９－１１", "緯度": 35.683113, "経度": 139.629718, "url": "https://www.iryou.teikyouseido.mhlw.go.jp/znk-web/juminkanja/S2430/initialize?prefCd=13&kikanCd=1135700000&kikanKbn=1", "url2": "http://www.newheart.jp", "内容": "ニューハート・ワタナベ国際病院【1:病院】【診療科目:0】【一般病床数:44療養病床数:0精神病床数:0感染症病床数:0合計病床数:44】東京都杉並区浜田山３－１９－１１" }, "geometry": { "type": "Point", "coordinates": [ 139.629718, 35.683113 ] } },
{ "type": "Feature", "properties": { "ID": 1311135700002, "正式名称": "医療法人社団藤和東光会　藤村病院", "機関区分": 1, "都道府県コード": 13, "市区町村コード": 115, "所在地": "東京都杉並区阿佐谷北４－２１－２０", "緯度": 35.712614, "経度": 139.634736, "url": "https://www.iryou.teikyouseido.mhlw.go.jp/znk-web/juminkanja/S2430/initialize?prefCd=13&kikanCd=1135700002&kikanKbn=1", "url2": "https://fujimura-hospital.net/", "内容": "医療法人社団藤和東光会　藤村病院【1:病院】【診療科目:0】【一般病床数:0療養病床数:25精神病床数:0感染症病床数:0合計病床数:25】東京都杉並区阿佐谷北４－２１－２０" }, "geometry": { "type": "Point", "coordinates": [ 139.634736, 35.712614 ] } },
{ "type": "Feature", "properties": { "ID": 1311135700140, "正式名称": "社会医療法人　河北医療財団　河北リハビリテーション病院", "機関区分": 1, "都道府県コード": 13, "市区町村コード": 115, "所在地": "東京都杉並区堀ノ内１－９－２７", "緯度": 35.68353, "経度": 139.65055, "url": "https://www.iryou.teikyouseido.mhlw.go.jp/znk-web/juminkanja/S2430/initialize?prefCd=13&kikanCd=1135700140&kikanKbn=1", "url2": "http://www.kawakita.or.jp/reha/", "内容": "社会医療法人　河北医療財団　河北リハビリテーション病院【1:病院】【診療科目:0】【一般病床数:0療養病床数:135精神病床数:0感染症病床数:0合計病床数:135】東京都杉並区堀ノ内１－９－２７" }, "geometry": { "type": "Point", "coordinates": [ 139.65055, 35.68353 ] } },
{ "type": "Feature", "properties": { "ID": 1311135800000, "正式名称": "医療法人社団巨樹の会　赤羽リハビリテーション病院", "機関区分": 1, "都道府県コード": 13, "市区町村コード": 117, "所在地": "東京都北区赤羽西６－３７－１２", "緯度": 35.770244, "経度": 139.70618, "url": "https://www.iryou.teikyouseido.mhlw.go.jp/znk-web/juminkanja/S2430/initialize?prefCd=13&kikanCd=1135800000&kikanKbn=1", "url2": "http://www.akabane-rh.jp", "内容": "医療法人社団巨樹の会　赤羽リハビリテーション病院【1:病院】【診療科目:0】【一般病床数:0療養病床数:240精神病床数:0感染症病床数:0合計病床数:240】東京都北区赤羽西６－３７－１２" }, "geometry": { "type": "Point", "coordinates": [ 139.70618, 35.770244 ] } },
{ "type": "Feature", "properties": { "ID": 1311135800170, "正式名称": "公益社団法人地域医療振興協会　東京北医療センター", "機関区分": 1, "都道府県コード": 13, "市区町村コード": 117, "所在地": "東京都北区赤羽台４－１７－５６", "緯度": 35.783743, "経度": 139.710902, "url": "https://www.iryou.teikyouseido.mhlw.go.jp/znk-web/juminkanja/S2430/initialize?prefCd=13&kikanCd=1135800170&kikanKbn=1", "url2": "http://www.tokyokita-jadecom.jp/", "内容": "公益社団法人地域医療振興協会　東京北医療センター【1:病院】【診療科目:0】【一般病床数:351療養病床数:0精神病床数:0感染症病床数:0合計病床数:351】東京都北区赤羽台４－１７－５６" }, "geometry": { "type": "Point", "coordinates": [ 139.710902, 35.783743 ] } },
{ "type": "Feature", "properties": { "ID": 1311135900000, "正式名称": "医療法人社団慈誠会　上板橋病院", "機関区分": 1, "都道府県コード": 13, "市区町村コード": 119, "所在地": "東京都板橋区常盤台４－３６－９", "緯度": 35.765272, "経度": 139.676516, "url": "https://www.iryou.teikyouseido.mhlw.go.jp/znk-web/juminkanja/S2430/initialize?prefCd=13&kikanCd=1135900000&kikanKbn=1", "url2": "http://www.jiseikai.or.jp/kamiitabashi.html", "内容": "医療法人社団慈誠会　上板橋病院【1:病院】【診療科目:0】【一般病床数:36療養病床数:114精神病床数:0感染症病床数:0合計病床数:150】東京都板橋区常盤台４－３６－９" }, "geometry": { "type": "Point", "coordinates": [ 139.676516, 35.765272 ] } },
{ "type": "Feature", "properties": { "ID": 1311135900001, "正式名称": "医療法人社団慈誠会　浮間舟渡病院", "機関区分": 1, "都道府県コード": 13, "市区町村コード": 119, "所在地": "東京都板橋区舟渡１－１７－１", "緯度": 35.792964, "経度": 139.687431, "url": "https://www.iryou.teikyouseido.mhlw.go.jp/znk-web/juminkanja/S2430/initialize?prefCd=13&kikanCd=1135900001&kikanKbn=1", "url2": "http://www.jiseikai.or.jp/ukimafunado.html", "内容": "医療法人社団慈誠会　浮間舟渡病院【1:病院】【診療科目:0】【一般病床数:20療養病床数:129精神病床数:0感染症病床数:0合計病床数:149】東京都板橋区舟渡１－１７－１" }, "geometry": { "type": "Point", "coordinates": [ 139.687431, 35.792964 ] } },
{ "type": "Feature", "properties": { "ID": 1311135900003, "正式名称": "医療法人財団明理会　明理会東京大和病院", "機関区分": 1, "都道府県コード": 13, "市区町村コード": 119, "所在地": "東京都板橋区本町３６－３", "緯度": 35.761606, "経度": 139.706181, "url": "https://www.iryou.teikyouseido.mhlw.go.jp/znk-web/juminkanja/S2430/initialize?prefCd=13&kikanCd=1135900003&kikanKbn=1", "url2": "https://tokyoyamato-hp.com/", "内容": "医療法人財団明理会　明理会東京大和病院【1:病院】【診療科目:0】【一般病床数:168療養病床数:0精神病床数:0感染症病床数:0合計病床数:168】東京都板橋区本町３６－３" }, "geometry": { "type": "Point", "coordinates": [ 139.706181, 35.761606 ] } },
{ "type": "Feature", "properties": { "ID": 1311135900004, "正式名称": "医療法人財団朔望会　リハビリテーション　エーデルワイス病院", "機関区分": 1, "都道府県コード": 13, "市区町村コード": 119, "所在地": "東京都板橋区四葉２－２１－１０", "緯度": 35.782881, "経度": 139.650601, "url": "https://www.iryou.teikyouseido.mhlw.go.jp/znk-web/juminkanja/S2430/initialize?prefCd=13&kikanCd=1135900004&kikanKbn=1", "url2": "https://www.tshnet.or.jp/reh/", "内容": "医療法人財団朔望会　リハビリテーション　エーデルワイス病院【1:病院】【診療科目:0】【一般病床数:38療養病床数:107精神病床数:0感染症病床数:0合計病床数:145】東京都板橋区四葉２－２１－１０" }, "geometry": { "type": "Point", "coordinates": [ 139.650601, 35.782881 ] } },
{ "type": "Feature", "properties": { "ID": 1311135900005, "正式名称": "医療法人杏林会　リハビリパーク板橋病院", "機関区分": 1, "都道府県コード": 13, "市区町村コード": 119, "所在地": "東京都板橋区前野町１－２１－２０", "緯度": 35.765522, "経度": 139.697126, "url": "https://www.iryou.teikyouseido.mhlw.go.jp/znk-web/juminkanja/S2430/initialize?prefCd=13&kikanCd=1135900005&kikanKbn=1", "url2": "http://www.rehabili-park.com/itabashi/", "内容": "医療法人杏林会　リハビリパーク板橋病院【1:病院】【診療科目:0】【一般病床数:55療養病床数:129精神病床数:0感染症病床数:0合計病床数:184】東京都板橋区前野町１－２１－２０" }, "geometry": { "type": "Point", "coordinates": [ 139.697126, 35.765522 ] } },
{ "type": "Feature", "properties": { "ID": 1311135900006, "正式名称": "おうちにかえろう病院", "機関区分": 1, "都道府県コード": 13, "市区町村コード": 119, "所在地": "東京都板橋区大原町４４－３", "緯度": 35.768716, "経度": 139.696098, "url": "https://www.iryou.teikyouseido.mhlw.go.jp/znk-web/juminkanja/S2430/initialize?prefCd=13&kikanCd=1135900006&kikanKbn=1", "url2": "http://hospital.teamblue.jp", "内容": "おうちにかえろう病院【1:病院】【診療科目:0】【一般病床数:120療養病床数:0精神病床数:0感染症病床数:0合計病床数:120】東京都板橋区大原町４４－３" }, "geometry": { "type": "Point", "coordinates": [ 139.696098, 35.768716 ] } },
{ "type": "Feature", "properties": { "ID": 1311135900360, "正式名称": "医療法人社団慈誠会　慈誠会成増病院", "機関区分": 1, "都道府県コード": 13, "市区町村コード": 119, "所在地": "東京都板橋区成増３－３９－５", "緯度": 35.782297, "経度": 139.627825, "url": "https://www.iryou.teikyouseido.mhlw.go.jp/znk-web/juminkanja/S2430/initialize?prefCd=13&kikanCd=1135900360&kikanKbn=1", "url2": "https://www.narimasu-hp.jp/", "内容": "医療法人社団慈誠会　慈誠会成増病院【1:病院】【診療科目:0】【一般病床数:0療養病床数:168精神病床数:0感染症病床数:0合計病床数:168】東京都板橋区成増３－３９－５" }, "geometry": { "type": "Point", "coordinates": [ 139.627825, 35.782297 ] } },
{ "type": "Feature", "properties": { "ID": 1311135900490, "正式名称": "医療法人社団慈誠会　慈誠会記念病院", "機関区分": 1, "都道府県コード": 13, "市区町村コード": 119, "所在地": "東京都板橋区西台３－１１－３", "緯度": 35.774604, "経度": 139.667267, "url": "https://www.iryou.teikyouseido.mhlw.go.jp/znk-web/juminkanja/S2430/initialize?prefCd=13&kikanCd=1135900490&kikanKbn=1", "url2": "https://jiseikaikinen-hp.jp", "内容": "医療法人社団慈誠会　慈誠会記念病院【1:病院】【診療科目:0】【一般病床数:0療養病床数:113精神病床数:0感染症病床数:0合計病床数:113】東京都板橋区西台３－１１－３" }, "geometry": { "type": "Point", "coordinates": [ 139.667267, 35.774604 ] } },
{ "type": "Feature", "properties": { "ID": 1311135900520, "正式名称": "医療法人社団　博鳳会　敬愛病院", "機関区分": 1, "都道府県コード": 13, "市区町村コード": 119, "所在地": "東京都板橋区向原３－１０－２３", "緯度": 35.744135, "経度": 139.681628, "url": "https://www.iryou.teikyouseido.mhlw.go.jp/znk-web/juminkanja/S2430/initialize?prefCd=13&kikanCd=1135900520&kikanKbn=1", "url2": "http://www.keiai-hospital.jp", "内容": "医療法人社団　博鳳会　敬愛病院【1:病院】【診療科目:0】【一般病床数:54療養病床数:0精神病床数:0感染症病床数:0合計病床数:54】東京都板橋区向原３－１０－２３" }, "geometry": { "type": "Point", "coordinates": [ 139.681628, 35.744135 ] } },
{ "type": "Feature", "properties": { "ID": 1311135900780, "正式名称": "医療法人社団慈誠会　東武練馬中央病院", "機関区分": 1, "都道府県コード": 13, "市区町村コード": 119, "所在地": "東京都板橋区徳丸３－１９－１", "緯度": 35.770965, "経度": 139.659184, "url": "https://www.iryou.teikyouseido.mhlw.go.jp/znk-web/juminkanja/S2430/initialize?prefCd=13&kikanCd=1135900780&kikanKbn=1", "url2": "https://www.tobunerima-hospital.jp/", "内容": "医療法人社団慈誠会　東武練馬中央病院【1:病院】【診療科目:0】【一般病床数:37療養病床数:94精神病床数:0感染症病床数:0合計病床数:131】東京都板橋区徳丸３－１９－１" }, "geometry": { "type": "Point", "coordinates": [ 139.659184, 35.770965 ] } },
{ "type": "Feature", "properties": { "ID": 1311135900781, "正式名称": "医療法人社団明芳会　イムス板橋リハビリテーション病院", "機関区分": 1, "都道府県コード": 13, "市区町村コード": 119, "所在地": "東京都板橋区小豆沢３－１１－１", "緯度": 35.779937, "経度": 139.691598, "url": "https://www.iryou.teikyouseido.mhlw.go.jp/znk-web/juminkanja/S2430/initialize?prefCd=13&kikanCd=1135900781&kikanKbn=1", "url2": "http://www.ims.gr.jp/itariha/access/access.html", "内容": "医療法人社団明芳会　イムス板橋リハビリテーション病院【1:病院】【診療科目:0】【一般病床数:0療養病床数:153精神病床数:0感染症病床数:0合計病床数:153】東京都板橋区小豆沢３－１１－１" }, "geometry": { "type": "Point", "coordinates": [ 139.691598, 35.779937 ] } },
{ "type": "Feature", "properties": { "ID": 1311136000140, "正式名称": "医療法人財団順和会　山王病院", "機関区分": 1, "都道府県コード": 13, "市区町村コード": 103, "所在地": "東京都港区赤坂８－１０－１６", "緯度": 35.669755, "経度": 139.7271, "url": "https://www.iryou.teikyouseido.mhlw.go.jp/znk-web/juminkanja/S2430/initialize?prefCd=13&kikanCd=1136000140&kikanKbn=1", "url2": "http://www.sannoclc.or.jp/", "内容": "医療法人財団順和会　山王病院【1:病院】【診療科目:0】【一般病床数:78療養病床数:0精神病床数:0感染症病床数:0合計病床数:78】東京都港区赤坂８－１０－１６" }, "geometry": { "type": "Point", "coordinates": [ 139.7271, 35.669755 ] } },
{ "type": "Feature", "properties": { "ID": 1311136200000, "正式名称": "一般社団法人　ＩＣＲ　附属　クリニカルリサーチ東京病院", "機関区分": 1, "都道府県コード": 13, "市区町村コード": 104, "所在地": "東京都新宿区四谷４丁目４－１四谷国際ビル５Ｆ", "緯度": 35.697641, "経度": 139.724071, "url": "https://www.iryou.teikyouseido.mhlw.go.jp/znk-web/juminkanja/S2430/initialize?prefCd=13&kikanCd=1136200000&kikanKbn=1", "url2": "http://www.crht.jp", "内容": "一般社団法人　ＩＣＲ　附属　クリニカルリサーチ東京病院【1:病院】【診療科目:0】【一般病床数:50療養病床数:0精神病床数:0感染症病床数:0合計病床数:50】東京都新宿区四谷４丁目４－１四谷国際ビル５Ｆ" }, "geometry": { "type": "Point", "coordinates": [ 139.724071, 35.697641 ] } },
{ "type": "Feature", "properties": { "ID": 1311136200100, "正式名称": "医療法人社団広恵会　春山記念病院", "機関区分": 1, "都道府県コード": 13, "市区町村コード": 104, "所在地": "東京都新宿区百人町１－２４－５", "緯度": 35.698363, "経度": 139.697601, "url": "https://www.iryou.teikyouseido.mhlw.go.jp/znk-web/juminkanja/S2430/initialize?prefCd=13&kikanCd=1136200100&kikanKbn=1", "url2": "https://www.haruyama-hosp.com", "内容": "医療法人社団広恵会　春山記念病院【1:病院】【診療科目:0】【一般病床数:99療養病床数:0精神病床数:0感染症病床数:0合計病床数:99】東京都新宿区百人町１－２４－５" }, "geometry": { "type": "Point", "coordinates": [ 139.697601, 35.698363 ] } },
{ "type": "Feature", "properties": { "ID": 1311136300000, "正式名称": "品川志匠会病院", "機関区分": 1, "都道府県コード": 13, "市区町村コード": 109, "所在地": "東京都品川区北品川１－２９－７", "緯度": 35.620761, "経度": 139.741768, "url": "https://www.iryou.teikyouseido.mhlw.go.jp/znk-web/juminkanja/S2430/initialize?prefCd=13&kikanCd=1136300000&kikanKbn=1", "url2": "http://www.shisyokai.jp/", "内容": "品川志匠会病院【1:病院】【診療科目:0】【一般病床数:66療養病床数:0精神病床数:0感染症病床数:0合計病床数:66】東京都品川区北品川１－２９－７" }, "geometry": { "type": "Point", "coordinates": [ 139.741768, 35.620761 ] } },
{ "type": "Feature", "properties": { "ID": 1311136300001, "正式名称": "医療法人財団岩井医療財団　稲波脊椎・関節病院", "機関区分": 1, "都道府県コード": 13, "市区町村コード": 109, "所在地": "東京都品川区東品川３－１７－５", "緯度": 35.614511, "経度": 139.749851, "url": "https://www.iryou.teikyouseido.mhlw.go.jp/znk-web/juminkanja/S2430/initialize?prefCd=13&kikanCd=1136300001&kikanKbn=1", "url2": "http://www.iwai.com/inanami-sekitsui/", "内容": "医療法人財団岩井医療財団　稲波脊椎・関節病院【1:病院】【診療科目:0】【一般病床数:60療養病床数:0精神病床数:0感染症病床数:0合計病床数:60】東京都品川区東品川３－１７－５" }, "geometry": { "type": "Point", "coordinates": [ 139.749851, 35.614511 ] } },
{ "type": "Feature", "properties": { "ID": 1311136300002, "正式名称": "五反田リハビリテーション病院", "機関区分": 1, "都道府県コード": 13, "市区町村コード": 109, "所在地": "東京都品川区西五反田８－８－２０", "緯度": 35.621621, "経度": 139.720742, "url": "https://www.iryou.teikyouseido.mhlw.go.jp/znk-web/juminkanja/S2430/initialize?prefCd=13&kikanCd=1136300002&kikanKbn=1", "url2": "http://www.gotanda-reha.com", "内容": "五反田リハビリテーション病院【1:病院】【診療科目:0】【一般病床数:0療養病床数:240精神病床数:0感染症病床数:0合計病床数:240】東京都品川区西五反田８－８－２０" }, "geometry": { "type": "Point", "coordinates": [ 139.720742, 35.621621 ] } },
{ "type": "Feature", "properties": { "ID": 1311136400000, "正式名称": "公益社団法人地域医療振興協会　練馬光が丘病院", "機関区分": 1, "都道府県コード": 13, "市区町村コード": 120, "所在地": "東京都練馬区光が丘２－５ー１", "緯度": 35.761355, "経度": 139.633659, "url": "https://www.iryou.teikyouseido.mhlw.go.jp/znk-web/juminkanja/S2430/initialize?prefCd=13&kikanCd=1136400000&kikanKbn=1", "url2": "https://hikarigaoka-jadecom.jp/", "内容": "公益社団法人地域医療振興協会　練馬光が丘病院【1:病院】【診療科目:0】【一般病床数:457療養病床数:0精神病床数:0感染症病床数:0合計病床数:457】東京都練馬区光が丘２－５ー１" }, "geometry": { "type": "Point", "coordinates": [ 139.633659, 35.761355 ] } },
{ "type": "Feature", "properties": { "ID": 1311136500000, "正式名称": "医療法人社団慈誠会　練馬駅リハビリテーション病院", "機関区分": 1, "都道府県コード": 13, "市区町村コード": 120, "所在地": "東京都練馬区練馬１－１７－１", "緯度": 35.738997, "経度": 139.653464, "url": "https://www.iryou.teikyouseido.mhlw.go.jp/znk-web/juminkanja/S2430/initialize?prefCd=13&kikanCd=1136500000&kikanKbn=1", "url2": "https://nerimaeki-hospital.jp/", "内容": "医療法人社団慈誠会　練馬駅リハビリテーション病院【1:病院】【診療科目:0】【一般病床数:0療養病床数:150精神病床数:0感染症病床数:0合計病床数:150】東京都練馬区練馬１－１７－１" }, "geometry": { "type": "Point", "coordinates": [ 139.653464, 35.738997 ] } },
{ "type": "Feature", "properties": { "ID": 1311136500001, "正式名称": "医療法人社団健育会　ねりま健育会病院", "機関区分": 1, "都道府県コード": 13, "市区町村コード": 120, "所在地": "東京都練馬区大泉学園町７－３－２８　１Ｆ・２Ｆ", "緯度": 35.769687, "経度": 139.588274, "url": "https://www.iryou.teikyouseido.mhlw.go.jp/znk-web/juminkanja/S2430/initialize?prefCd=13&kikanCd=1136500001&kikanKbn=1", "url2": "http://nerima-k.gr.jp", "内容": "医療法人社団健育会　ねりま健育会病院【1:病院】【診療科目:0】【一般病床数:0療養病床数:100精神病床数:0感染症病床数:0合計病床数:100】東京都練馬区大泉学園町７－３－２８　１Ｆ・２Ｆ" }, "geometry": { "type": "Point", "coordinates": [ 139.588274, 35.769687 ] } },
{ "type": "Feature", "properties": { "ID": 1311136500002, "正式名称": "医療法人社団慈誠会　慈誠会・練馬高野台病院", "機関区分": 1, "都道府県コード": 13, "市区町村コード": 120, "所在地": "東京都練馬区高野台３－８－８", "緯度": 35.743877, "経度": 139.612025, "url": "https://www.iryou.teikyouseido.mhlw.go.jp/znk-web/juminkanja/S2430/initialize?prefCd=13&kikanCd=1136500002&kikanKbn=1", "url2": "https://www.nerimatakanodai-hp.jp", "内容": "医療法人社団慈誠会　慈誠会・練馬高野台病院【1:病院】【診療科目:0】【一般病床数:50療養病床数:168精神病床数:0感染症病床数:0合計病床数:218】東京都練馬区高野台３－８－８" }, "geometry": { "type": "Point", "coordinates": [ 139.612025, 35.743877 ] } },
{ "type": "Feature", "properties": { "ID": 1311136500190, "正式名称": "順天堂大学医学部附属練馬病院", "機関区分": 1, "都道府県コード": 13, "市区町村コード": 120, "所在地": "東京都練馬区高野台３－１－１０", "緯度": 35.742801, "経度": 139.614661, "url": "https://www.iryou.teikyouseido.mhlw.go.jp/znk-web/juminkanja/S2430/initialize?prefCd=13&kikanCd=1136500190&kikanKbn=1", "url2": "https://hosp-nerima.juntendo.ac.jp/", "内容": "順天堂大学医学部附属練馬病院【1:病院】【診療科目:0】【一般病床数:490療養病床数:0精神病床数:0感染症病床数:0合計病床数:490】東京都練馬区高野台３－１－１０" }, "geometry": { "type": "Point", "coordinates": [ 139.614661, 35.742801 ] } },
{ "type": "Feature", "properties": { "ID": 1311136700001, "正式名称": "医療法人相生会　墨田病院", "機関区分": 1, "都道府県コード": 13, "市区町村コード": 107, "所在地": "東京都墨田区本所１－２９－１", "緯度": 35.704225, "経度": 139.798926, "url": "https://www.iryou.teikyouseido.mhlw.go.jp/znk-web/juminkanja/S2430/initialize?prefCd=13&kikanCd=1136700001&kikanKbn=1", "url2": "https://souseikai-crd.com/service/sumidahp/", "内容": "医療法人相生会　墨田病院【1:病院】【診療科目:0】【一般病床数:58療養病床数:0精神病床数:0感染症病床数:0合計病床数:58】東京都墨田区本所１－２９－１" }, "geometry": { "type": "Point", "coordinates": [ 139.798926, 35.704225 ] } },
{ "type": "Feature", "properties": { "ID": 1311136800001, "正式名称": "医療法人社団巨樹の会　江東リハビリテーション病院", "機関区分": 1, "都道府県コード": 13, "市区町村コード": 108, "所在地": "東京都江東区北砂２－１５－１５", "緯度": 35.684589, "経度": 139.826424, "url": "https://www.iryou.teikyouseido.mhlw.go.jp/znk-web/juminkanja/S2430/initialize?prefCd=13&kikanCd=1136800001&kikanKbn=1", "url2": "http://www.koto-reha.com", "内容": "医療法人社団巨樹の会　江東リハビリテーション病院【1:病院】【診療科目:0】【一般病床数:0療養病床数:300精神病床数:0感染症病床数:0合計病床数:300】東京都江東区北砂２－１５－１５" }, "geometry": { "type": "Point", "coordinates": [ 139.826424, 35.684589 ] } },
{ "type": "Feature", "properties": { "ID": 1311136800002, "正式名称": "医療法人社団清湘会　清湘会東砂病院", "機関区分": 1, "都道府県コード": 13, "市区町村コード": 108, "所在地": "東京都江東区東砂７－１７－９", "緯度": 35.674451, "経度": 139.838396, "url": "https://www.iryou.teikyouseido.mhlw.go.jp/znk-web/juminkanja/S2430/initialize?prefCd=13&kikanCd=1136800002&kikanKbn=1", "url2": "https://www.seishokai.or.jp/higashisuna-hp/", "内容": "医療法人社団清湘会　清湘会東砂病院【1:病院】【診療科目:0】【一般病床数:0療養病床数:91精神病床数:0感染症病床数:0合計病床数:91】東京都江東区東砂７－１７－９" }, "geometry": { "type": "Point", "coordinates": [ 139.838396, 35.674451 ] } },
{ "type": "Feature", "properties": { "ID": 1311136800003, "正式名称": "医療法人社団東京Ｄタワーホスピタル", "機関区分": 1, "都道府県コード": 13, "市区町村コード": 108, "所在地": "東京都江東区豊洲６－４－２０　Ｄタワー豊洲１階・３階～５階", "緯度": 35.647064, "経度": 139.786763, "url": "https://www.iryou.teikyouseido.mhlw.go.jp/znk-web/juminkanja/S2430/initialize?prefCd=13&kikanCd=1136800003&kikanKbn=1", "url2": "https://www.tdhospital.jp", "内容": "医療法人社団東京Ｄタワーホスピタル【1:病院】【診療科目:0】【一般病床数:32療養病床数:0精神病床数:0感染症病床数:0合計病床数:32】東京都江東区豊洲６－４－２０　Ｄタワー豊洲１階・３階～５階" }, "geometry": { "type": "Point", "coordinates": [ 139.786763, 35.647064 ] } },
{ "type": "Feature", "properties": { "ID": 1311136800050, "正式名称": "医療法人社団　藤﨑病院", "機関区分": 1, "都道府県コード": 13, "市区町村コード": 108, "所在地": "東京都江東区南砂１－２５－１１", "緯度": 35.676506, "経度": 139.826786, "url": "https://www.iryou.teikyouseido.mhlw.go.jp/znk-web/juminkanja/S2430/initialize?prefCd=13&kikanCd=1136800050&kikanKbn=1", "url2": "https://www.fujisaki-hp.com/", "内容": "医療法人社団　藤﨑病院【1:病院】【診療科目:0】【一般病床数:145療養病床数:0精神病床数:0感染症病床数:0合計病床数:145】東京都江東区南砂１－２５－１１" }, "geometry": { "type": "Point", "coordinates": [ 139.826786, 35.676506 ] } },
{ "type": "Feature", "properties": { "ID": 1311136800180, "正式名称": "順天堂大学医学部附属　順天堂東京江東高齢者医療センター", "機関区分": 1, "都道府県コード": 13, "市区町村コード": 108, "所在地": "東京都江東区新砂３－３－２０", "緯度": 35.665091, "経度": 139.833702, "url": "https://www.iryou.teikyouseido.mhlw.go.jp/znk-web/juminkanja/S2430/initialize?prefCd=13&kikanCd=1136800180&kikanKbn=1", "url2": "https://hosp-gmc.juntendo.ac.jp", "内容": "順天堂大学医学部附属　順天堂東京江東高齢者医療センター【1:病院】【診療科目:0】【一般病床数:275療養病床数:0精神病床数:129感染症病床数:0合計病床数:404】東京都江東区新砂３－３－２０" }, "geometry": { "type": "Point", "coordinates": [ 139.833702, 35.665091 ] } },
{ "type": "Feature", "properties": { "ID": 1311136800340, "正式名称": "医療法人社団清湘会　清湘会記念病院", "機関区分": 1, "都道府県コード": 13, "市区町村コード": 108, "所在地": "東京都江東区亀戸２－１７－２４", "緯度": 35.697421, "経度": 139.822452, "url": "https://www.iryou.teikyouseido.mhlw.go.jp/znk-web/juminkanja/S2430/initialize?prefCd=13&kikanCd=1136800340&kikanKbn=1", "url2": "https://www.seishokai.or.jp/", "内容": "医療法人社団清湘会　清湘会記念病院【1:病院】【診療科目:0】【一般病床数:45療養病床数:0精神病床数:0感染症病床数:0合計病床数:45】東京都江東区亀戸２－１７－２４" }, "geometry": { "type": "Point", "coordinates": [ 139.822452, 35.697421 ] } },
{ "type": "Feature", "properties": { "ID": 1311136800470, "正式名称": "公益財団法人がん研究会　有明病院", "機関区分": 1, "都道府県コード": 13, "市区町村コード": 108, "所在地": "東京都江東区有明３－８－３１", "緯度": 35.634705, "経度": 139.795679, "url": "https://www.iryou.teikyouseido.mhlw.go.jp/znk-web/juminkanja/S2430/initialize?prefCd=13&kikanCd=1136800470&kikanKbn=1", "url2": "https://www.jfcr.or.jp/access/index.html", "内容": "公益財団法人がん研究会　有明病院【1:病院】【診療科目:0】【一般病床数:644療養病床数:0精神病床数:0感染症病床数:0合計病床数:644】東京都江東区有明３－８－３１" }, "geometry": { "type": "Point", "coordinates": [ 139.795679, 35.634705 ] } },
{ "type": "Feature", "properties": { "ID": 1311136800500, "正式名称": "東京都立東部療育センター", "機関区分": 1, "都道府県コード": 13, "市区町村コード": 108, "所在地": "東京都江東区新砂３－３－２５", "緯度": 35.664035, "経度": 139.833452, "url": "https://www.iryou.teikyouseido.mhlw.go.jp/znk-web/juminkanja/S2430/initialize?prefCd=13&kikanCd=1136800500&kikanKbn=1", "url2": "http://www.tobu-ryoiku.jp/", "内容": "東京都立東部療育センター【1:病院】【診療科目:0】【一般病床数:120療養病床数:0精神病床数:0感染症病床数:0合計病床数:120】東京都江東区新砂３－３－２５" }, "geometry": { "type": "Point", "coordinates": [ 139.833452, 35.664035 ] } },
{ "type": "Feature", "properties": { "ID": 1311136800630, "正式名称": "医療法人社団青藍会　鈴木リハビリテーション病院", "機関区分": 1, "都道府県コード": 13, "市区町村コード": 108, "所在地": "東京都江東区枝川３－８－１３", "緯度": 35.658202, "経度": 139.811316, "url": "https://www.iryou.teikyouseido.mhlw.go.jp/znk-web/juminkanja/S2430/initialize?prefCd=13&kikanCd=1136800630&kikanKbn=1", "url2": "http://www.seirankai-suzuki.jp", "内容": "医療法人社団青藍会　鈴木リハビリテーション病院【1:病院】【診療科目:0】【一般病床数:0療養病床数:103精神病床数:0感染症病床数:0合計病床数:103】東京都江東区枝川３－８－１３" }, "geometry": { "type": "Point", "coordinates": [ 139.811316, 35.658202 ] } },
{ "type": "Feature", "properties": { "ID": 1311136800760, "正式名称": "医療法人青峰会　くじらホスピタル", "機関区分": 1, "都道府県コード": 13, "市区町村コード": 108, "所在地": "東京都江東区枝川３－８－２５", "緯度": 35.660313, "経度": 139.81126, "url": "https://www.iryou.teikyouseido.mhlw.go.jp/znk-web/juminkanja/S2430/initialize?prefCd=13&kikanCd=1136800760&kikanKbn=1", "url2": "http://www.kujira-hp.jp/", "内容": "医療法人青峰会　くじらホスピタル【1:病院】【診療科目:0】【一般病床数:101療養病床数:0精神病床数:0感染症病床数:0合計病床数:101】東京都江東区枝川３－８－２５" }, "geometry": { "type": "Point", "coordinates": [ 139.81126, 35.660313 ] } },
{ "type": "Feature", "properties": { "ID": 1311136900001, "正式名称": "聖カタリナ病院", "機関区分": 1, "都道府県コード": 13, "市区町村コード": 102, "所在地": "東京都中央区晴海３－７－１０", "緯度": 35.655008, "経度": 139.779124, "url": "https://www.iryou.teikyouseido.mhlw.go.jp/znk-web/juminkanja/S2430/initialize?prefCd=13&kikanCd=1136900001&kikanKbn=1", "url2": "https://hospital-catherine.com/index.html", "内容": "聖カタリナ病院【1:病院】【診療科目:0】【一般病床数:41療養病床数:0精神病床数:0感染症病床数:0合計病床数:41】東京都中央区晴海３－７－１０" }, "geometry": { "type": "Point", "coordinates": [ 139.779124, 35.655008 ] } },
{ "type": "Feature", "properties": { "ID": 1311137100001, "正式名称": "医療法人社団實理会　東京国際大堀病院", "機関区分": 1, "都道府県コード": 13, "市区町村コード": 204, "所在地": "東京都三鷹市下連雀４－８－４０", "緯度": 35.694389, "経度": 139.563029, "url": "https://www.iryou.teikyouseido.mhlw.go.jp/znk-web/juminkanja/S2430/initialize?prefCd=13&kikanCd=1137100001&kikanKbn=1", "url2": "https://ohori-hosp.jp", "内容": "医療法人社団實理会　東京国際大堀病院【1:病院】【診療科目:0】【一般病床数:34療養病床数:0精神病床数:0感染症病床数:0合計病床数:34】東京都三鷹市下連雀４－８－４０" }, "geometry": { "type": "Point", "coordinates": [ 139.563029, 35.694389 ] } },
{ "type": "Feature", "properties": { "ID": 1311137100180, "正式名称": "市立青梅総合医療センター", "機関区分": 1, "都道府県コード": 13, "市区町村コード": 205, "所在地": "東京都青梅市東青梅４－１６－５", "緯度": 35.782569, "経度": 139.281104, "url": "https://www.iryou.teikyouseido.mhlw.go.jp/znk-web/juminkanja/S2430/initialize?prefCd=13&kikanCd=1137100180&kikanKbn=1", "url2": "https://mghp.ome.tokyo.jp", "内容": "市立青梅総合医療センター【1:病院】【診療科目:0】【一般病床数:465療養病床数:0精神病床数:30感染症病床数:6合計病床数:501】東京都青梅市東青梅４－１６－５" }, "geometry": { "type": "Point", "coordinates": [ 139.281104, 35.782569 ] } },
{ "type": "Feature", "properties": { "ID": 1311137100210, "正式名称": "医療法人財団岩尾会　東京青梅病院", "機関区分": 1, "都道府県コード": 13, "市区町村コード": 205, "所在地": "東京都青梅市富岡３－１２５４", "緯度": 35.82687, "経度": 139.293518, "url": "https://www.iryou.teikyouseido.mhlw.go.jp/znk-web/juminkanja/S2430/initialize?prefCd=13&kikanCd=1137100210&kikanKbn=1", "url2": "http://www.iwaokai.or.jp/oume/", "内容": "医療法人財団岩尾会　東京青梅病院【1:病院】【診療科目:0】【一般病床数:0療養病床数:0精神病床数:370感染症病床数:0合計病床数:370】東京都青梅市富岡３－１２５４" }, "geometry": { "type": "Point", "coordinates": [ 139.293518, 35.82687 ] } },
{ "type": "Feature", "properties": { "ID": 1311137100340, "正式名称": "医療法人財団良心会　青梅成木台病院", "機関区分": 1, "都道府県コード": 13, "市区町村コード": 205, "所在地": "東京都青梅市成木１－４４７", "緯度": 35.835119, "経度": 139.27588, "url": "https://www.iryou.teikyouseido.mhlw.go.jp/znk-web/juminkanja/S2430/initialize?prefCd=13&kikanCd=1137100340&kikanKbn=1", "url2": "http://www.narikidai.jp/", "内容": "医療法人財団良心会　青梅成木台病院【1:病院】【診療科目:0】【一般病床数:0療養病床数:0精神病床数:270感染症病床数:0合計病床数:270】東京都青梅市成木１－４４７" }, "geometry": { "type": "Point", "coordinates": [ 139.27588, 35.835119 ] } },
{ "type": "Feature", "properties": { "ID": 1311137100470, "正式名称": "医療法人社団幸悠会　鈴木慈光病院", "機関区分": 1, "都道府県コード": 13, "市区町村コード": 205, "所在地": "東京都青梅市長淵５－１０８６", "緯度": 35.77082, "経度": 139.261884, "url": "https://www.iryou.teikyouseido.mhlw.go.jp/znk-web/juminkanja/S2430/initialize?prefCd=13&kikanCd=1137100470&kikanKbn=1", "url2": "http://www.kouyukai1968.or.jp", "内容": "医療法人社団幸悠会　鈴木慈光病院【1:病院】【診療科目:0】【一般病床数:0療養病床数:0精神病床数:298感染症病床数:0合計病床数:298】東京都青梅市長淵５－１０８６" }, "geometry": { "type": "Point", "coordinates": [ 139.261884, 35.77082 ] } },
{ "type": "Feature", "properties": { "ID": 1311137100760, "正式名称": "医療法人社団仁成会　高木病院", "機関区分": 1, "都道府県コード": 13, "市区町村コード": 205, "所在地": "東京都青梅市今寺５－１８－１９", "緯度": 35.793235, "経度": 139.305879, "url": "https://www.iryou.teikyouseido.mhlw.go.jp/znk-web/juminkanja/S2430/initialize?prefCd=13&kikanCd=1137100760&kikanKbn=1", "url2": "http://www.takagi-hp.or.jp/", "内容": "医療法人社団仁成会　高木病院【1:病院】【診療科目:0】【一般病床数:180療養病床数:0精神病床数:0感染症病床数:0合計病床数:180】東京都青梅市今寺５－１８－１９" }, "geometry": { "type": "Point", "coordinates": [ 139.305879, 35.793235 ] } },
{ "type": "Feature", "properties": { "ID": 1311137100890, "正式名称": "医療法人社団長生会　成木長生病院", "機関区分": 1, "都道府県コード": 13, "市区町村コード": 205, "所在地": "東京都青梅市成木４－５７６", "緯度": 35.824786, "経度": 139.257048, "url": "https://www.iryou.teikyouseido.mhlw.go.jp/znk-web/juminkanja/S2430/initialize?prefCd=13&kikanCd=1137100890&kikanKbn=1", "url2": "https://chosei-kai.com/narikichosei", "内容": "医療法人社団長生会　成木長生病院【1:病院】【診療科目:0】【一般病床数:0療養病床数:0精神病床数:255感染症病床数:0合計病床数:255】東京都青梅市成木４－５７６" }, "geometry": { "type": "Point", "coordinates": [ 139.257048, 35.824786 ] } },
{ "type": "Feature", "properties": { "ID": 1311137100920, "正式名称": "医療法人財団岩尾会　東京海道病院", "機関区分": 1, "都道府県コード": 13, "市区町村コード": 205, "所在地": "東京都青梅市末広町一丁目４番地の５", "緯度": 35.778375, "経度": 139.313324, "url": "https://www.iryou.teikyouseido.mhlw.go.jp/znk-web/juminkanja/S2430/initialize?prefCd=13&kikanCd=1137100920&kikanKbn=1", "url2": "http://www.iwaokai.or.jp/kaido/index.html", "内容": "医療法人財団岩尾会　東京海道病院【1:病院】【診療科目:0】【一般病床数:0療養病床数:0精神病床数:374感染症病床数:0合計病床数:374】東京都青梅市末広町一丁目４番地の５" }, "geometry": { "type": "Point", "coordinates": [ 139.313324, 35.778375 ] } },
{ "type": "Feature", "properties": { "ID": 1311137101060, "正式名称": "医療法人社団長生会　長生病院", "機関区分": 1, "都道府県コード": 13, "市区町村コード": 205, "所在地": "東京都青梅市小曾木１－３４３８", "緯度": 35.824259, "経度": 139.292823, "url": "https://www.iryou.teikyouseido.mhlw.go.jp/znk-web/juminkanja/S2430/initialize?prefCd=13&kikanCd=1137101060&kikanKbn=1", "url2": "https://chosei-kai.com", "内容": "医療法人社団長生会　長生病院【1:病院】【診療科目:0】【一般病床数:0療養病床数:60精神病床数:0感染症病床数:0合計病床数:60】東京都青梅市小曾木１－３４３８" }, "geometry": { "type": "Point", "coordinates": [ 139.292823, 35.824259 ] } },
{ "type": "Feature", "properties": { "ID": 1311137101190, "正式名称": "医療法人社団和風会　多摩リハビリテーション病院", "機関区分": 1, "都道府県コード": 13, "市区町村コード": 205, "所在地": "東京都青梅市長淵９－１４１２－４", "緯度": 35.764931, "経度": 139.268884, "url": "https://www.iryou.teikyouseido.mhlw.go.jp/znk-web/juminkanja/S2430/initialize?prefCd=13&kikanCd=1137101190&kikanKbn=1", "url2": "http://www.wafukai..or.jp", "内容": "医療法人社団和風会　多摩リハビリテーション病院【1:病院】【診療科目:0】【一般病床数:24療養病床数:175精神病床数:0感染症病床数:0合計病床数:199】東京都青梅市長淵９－１４１２－４" }, "geometry": { "type": "Point", "coordinates": [ 139.268884, 35.764931 ] } },
{ "type": "Feature", "properties": { "ID": 1311137101220, "正式名称": "医療法人社団三秀会　青梅三慶病院", "機関区分": 1, "都道府県コード": 13, "市区町村コード": 205, "所在地": "東京都青梅市大柳町１４１２番地", "緯度": 35.784679, "経度": 139.252273, "url": "https://www.iryou.teikyouseido.mhlw.go.jp/znk-web/juminkanja/S2430/initialize?prefCd=13&kikanCd=1137101220&kikanKbn=1", "url2": "http://omesankeihp.jp", "内容": "医療法人社団三秀会　青梅三慶病院【1:病院】【診療科目:0】【一般病床数:0療養病床数:124精神病床数:0感染症病床数:0合計病床数:124】東京都青梅市大柳町１４１２番地" }, "geometry": { "type": "Point", "coordinates": [ 139.252273, 35.784679 ] } },
{ "type": "Feature", "properties": { "ID": 1311137101350, "正式名称": "医療法人社団慶成会　青梅慶友病院", "機関区分": 1, "都道府県コード": 13, "市区町村コード": 205, "所在地": "東京都青梅市大門１－６８１", "緯度": 35.799206, "経度": 139.287242, "url": "https://www.iryou.teikyouseido.mhlw.go.jp/znk-web/juminkanja/S2430/initialize?prefCd=13&kikanCd=1137101350&kikanKbn=1", "url2": "https://www.keiyu-hp.or.jp", "内容": "医療法人社団慶成会　青梅慶友病院【1:病院】【診療科目:0】【一般病床数:0療養病床数:423精神病床数:103感染症病床数:0合計病床数:526】東京都青梅市大門１－６８１" }, "geometry": { "type": "Point", "coordinates": [ 139.287242, 35.799206 ] } },
{ "type": "Feature", "properties": { "ID": 1311137101480, "正式名称": "奥多摩町国民健康保険奥多摩病院", "機関区分": 1, "都道府県コード": 13, "市区町村コード": 308, "所在地": "東京都西多摩郡奥多摩町氷川１１１１", "緯度": 35.800452, "経度": 139.088591, "url": "https://www.iryou.teikyouseido.mhlw.go.jp/znk-web/juminkanja/S2430/initialize?prefCd=13&kikanCd=1137101480&kikanKbn=1", "url2": "http://www.town.okutama.tokyo.jp/gyose/kakuka/ka/biyouin.html", "内容": "奥多摩町国民健康保険奥多摩病院【1:病院】【診療科目:0】【一般病床数:41療養病床数:0精神病床数:0感染症病床数:0合計病床数:41】東京都西多摩郡奥多摩町氷川１１１１" }, "geometry": { "type": "Point", "coordinates": [ 139.088591, 35.800452 ] } },
{ "type": "Feature", "properties": { "ID": 1311137101510, "正式名称": "医療法人社団倭林会　武蔵野台病院", "機関区分": 1, "都道府県コード": 13, "市区町村コード": 205, "所在地": "東京都青梅市今井１－２５８６", "緯度": 35.812566, "経度": 139.313211, "url": "https://www.iryou.teikyouseido.mhlw.go.jp/znk-web/juminkanja/S2430/initialize?prefCd=13&kikanCd=1137101510&kikanKbn=1", "url2": "http://www.musashinodai-hp.com", "内容": "医療法人社団倭林会　武蔵野台病院【1:病院】【診療科目:0】【一般病床数:0療養病床数:395精神病床数:0感染症病床数:0合計病床数:395】東京都青梅市今井１－２５８６" }, "geometry": { "type": "Point", "coordinates": [ 139.313211, 35.812566 ] } },
{ "type": "Feature", "properties": { "ID": 1311137101770, "正式名称": "医療法人社団恵仁会　３６６リハビリテーション病院", "機関区分": 1, "都道府県コード": 13, "市区町村コード": 206, "所在地": "東京都府中市住吉町１－３４－６", "緯度": 35.66164, "経度": 139.457595, "url": "https://www.iryou.teikyouseido.mhlw.go.jp/znk-web/juminkanja/S2430/initialize?prefCd=13&kikanCd=1137101770&kikanKbn=1", "url2": "http://www.366rehabili.com", "内容": "医療法人社団恵仁会　３６６リハビリテーション病院【1:病院】【診療科目:0】【一般病床数:0療養病床数:78精神病床数:0感染症病床数:0合計病床数:78】東京都府中市住吉町１－３４－６" }, "geometry": { "type": "Point", "coordinates": [ 139.457595, 35.66164 ] } },
{ "type": "Feature", "properties": { "ID": 1311137101771, "正式名称": "地方独立行政法人東京都立病院機構　東京都立小児総合医療センター", "機関区分": 1, "都道府県コード": 13, "市区町村コード": 206, "所在地": "東京都府中市武蔵台２－８－２９", "緯度": 35.692581, "経度": 139.46151, "url": "https://www.iryou.teikyouseido.mhlw.go.jp/znk-web/juminkanja/S2430/initialize?prefCd=13&kikanCd=1137101771&kikanKbn=1", "url2": "https://www.tmhp.jp/shouni", "内容": "地方独立行政法人東京都立病院機構　東京都立小児総合医療センター【1:病院】【診療科目:0】【一般病床数:347療養病床数:0精神病床数:202感染症病床数:0合計病床数:561】東京都府中市武蔵台２－８－２９" }, "geometry": { "type": "Point", "coordinates": [ 139.46151, 35.692581 ] } },
{ "type": "Feature", "properties": { "ID": 1311137101772, "正式名称": "地方独立行政法人東京都立病院機構　東京都立多摩総合医療センター", "機関区分": 1, "都道府県コード": 13, "市区町村コード": 206, "所在地": "東京都府中市武蔵台２－８－２９", "緯度": 35.692581, "経度": 139.46151, "url": "https://www.iryou.teikyouseido.mhlw.go.jp/znk-web/juminkanja/S2430/initialize?prefCd=13&kikanCd=1137101772&kikanKbn=1", "url2": "https://www.tmhp.jp/tama/", "内容": "地方独立行政法人東京都立病院機構　東京都立多摩総合医療センター【1:病院】【診療科目:0】【一般病床数:705療養病床数:0精神病床数:36感染症病床数:19合計病床数:789】東京都府中市武蔵台２－８－２９" }, "geometry": { "type": "Point", "coordinates": [ 139.46151, 35.692581 ] } },
{ "type": "Feature", "properties": { "ID": 1311137200110, "正式名称": "秋川病院", "機関区分": 1, "都道府県コード": 13, "市区町村コード": 228, "所在地": "東京都あきる野市平沢４７２", "緯度": 35.728325, "経度": 139.292022, "url": "https://www.iryou.teikyouseido.mhlw.go.jp/znk-web/juminkanja/S2430/initialize?prefCd=13&kikanCd=1137200110&kikanKbn=1", "url2": "https://www.akigawahp.com/", "内容": "秋川病院【1:病院】【診療科目:0】【一般病床数:0療養病床数:0精神病床数:113感染症病床数:0合計病床数:113】東京都あきる野市平沢４７２" }, "geometry": { "type": "Point", "coordinates": [ 139.292022, 35.728325 ] } },
{ "type": "Feature", "properties": { "ID": 1311137200240, "正式名称": "公立阿伎留医療センター", "機関区分": 1, "都道府県コード": 13, "市区町村コード": 228, "所在地": "東京都あきる野市引田７８－１", "緯度": 35.732879, "経度": 139.272524, "url": "https://www.iryou.teikyouseido.mhlw.go.jp/znk-web/juminkanja/S2430/initialize?prefCd=13&kikanCd=1137200240&kikanKbn=1", "url2": "http://www.akiru-med.jp/", "内容": "公立阿伎留医療センター【1:病院】【診療科目:0】【一般病床数:305療養病床数:0精神病床数:0感染症病床数:0合計病床数:305】東京都あきる野市引田７８－１" }, "geometry": { "type": "Point", "coordinates": [ 139.272524, 35.732879 ] } },
{ "type": "Feature", "properties": { "ID": 1311137200370, "正式名称": "医療法人財団　暁　あきる台病院", "機関区分": 1, "都道府県コード": 13, "市区町村コード": 228, "所在地": "東京都あきる野市秋川６－５－１", "緯度": 35.729297, "経度": 139.291717, "url": "https://www.iryou.teikyouseido.mhlw.go.jp/znk-web/juminkanja/S2430/initialize?prefCd=13&kikanCd=1137200370&kikanKbn=1", "url2": "http://www.akirudai-hp.or.jp", "内容": "医療法人財団　暁　あきる台病院【1:病院】【診療科目:0】【一般病床数:0療養病床数:100精神病床数:0感染症病床数:0合計病床数:100】東京都あきる野市秋川６－５－１" }, "geometry": { "type": "Point", "coordinates": [ 139.291717, 35.729297 ] } },
{ "type": "Feature", "properties": { "ID": 1311137200530, "正式名称": "医療法人社団崎陽会　日の出ヶ丘病院", "機関区分": 1, "都道府県コード": 13, "市区町村コード": 305, "所在地": "東京都西多摩郡日の出町大久野", "緯度": 35.742906, "経度": 139.246553, "url": "https://www.iryou.teikyouseido.mhlw.go.jp/znk-web/juminkanja/S2430/initialize?prefCd=13&kikanCd=1137200530&kikanKbn=1", "url2": "http://www.hinodehp.com", "内容": "医療法人社団崎陽会　日の出ヶ丘病院【1:病院】【診療科目:0】【一般病床数:56療養病床数:54精神病床数:60感染症病床数:0合計病床数:170】東京都西多摩郡日の出町大久野" }, "geometry": { "type": "Point", "coordinates": [ 139.246553, 35.742906 ] } },
{ "type": "Feature", "properties": { "ID": 1311137200660, "正式名称": "医療法人財団　利定会　大久野病院", "機関区分": 1, "都道府県コード": 13, "市区町村コード": 305, "所在地": "東京都西多摩郡日の出町大久野６４１６", "緯度": 35.75646, "経度": 139.234081, "url": "https://www.iryou.teikyouseido.mhlw.go.jp/znk-web/juminkanja/S2430/initialize?prefCd=13&kikanCd=1137200660&kikanKbn=1", "url2": "http://www.oogunohp.com/", "内容": "医療法人財団　利定会　大久野病院【1:病院】【診療科目:0】【一般病床数:0療養病床数:100精神病床数:0感染症病床数:0合計病床数:158】東京都西多摩郡日の出町大久野６４１６" }, "geometry": { "type": "Point", "coordinates": [ 139.234081, 35.75646 ] } },
{ "type": "Feature", "properties": { "ID": 1311137200790, "正式名称": "医療法人社団秀仁会　櫻井病院", "機関区分": 1, "都道府県コード": 13, "市区町村コード": 228, "所在地": "東京都あきる野市原小宮１－１４－１１", "緯度": 35.734991, "経度": 139.298771, "url": "https://www.iryou.teikyouseido.mhlw.go.jp/znk-web/juminkanja/S2430/initialize?prefCd=13&kikanCd=1137200790&kikanKbn=1", "url2": "https://xn--elq250e1mhg47a.jp/", "内容": "医療法人社団秀仁会　櫻井病院【1:病院】【診療科目:0】【一般病床数:60療養病床数:0精神病床数:0感染症病床数:0合計病床数:60】東京都あきる野市原小宮１－１４－１１" }, "geometry": { "type": "Point", "coordinates": [ 139.298771, 35.734991 ] } },
{ "type": "Feature", "properties": { "ID": 1311137200820, "正式名称": "医療法人社団三秀会　羽村三慶病院", "機関区分": 1, "都道府県コード": 13, "市区町村コード": 227, "所在地": "東京都羽村市羽４２０７", "緯度": 35.764099, "経度": 139.331712, "url": "https://www.iryou.teikyouseido.mhlw.go.jp/znk-web/juminkanja/S2430/initialize?prefCd=13&kikanCd=1137200820&kikanKbn=1", "url2": "https://www.hamurasankei.or.jp", "内容": "医療法人社団三秀会　羽村三慶病院【1:病院】【診療科目:0】【一般病床数:0療養病床数:126精神病床数:0感染症病床数:0合計病床数:126】東京都羽村市羽４２０７" }, "geometry": { "type": "Point", "coordinates": [ 139.331712, 35.764099 ] } },
{ "type": "Feature", "properties": { "ID": 1311137200821, "正式名称": "医療法人社団純正会　青梅東部病院", "機関区分": 1, "都道府県コード": 13, "市区町村コード": 205, "所在地": "東京都青梅市黒沢１－６１９－９", "緯度": 35.816343, "経度": 139.266937, "url": "https://www.iryou.teikyouseido.mhlw.go.jp/znk-web/juminkanja/S2430/initialize?prefCd=13&kikanCd=1137200821&kikanKbn=1", "url2": "http://ometobu-hp.com", "内容": "医療法人社団純正会　青梅東部病院【1:病院】【診療科目:0】【一般病床数:0療養病床数:0精神病床数:180感染症病床数:0合計病床数:180】東京都青梅市黒沢１－６１９－９" }, "geometry": { "type": "Point", "coordinates": [ 139.266937, 35.816343 ] } },
{ "type": "Feature", "properties": { "ID": 1311137300000, "正式名称": "医療法人社団葵会　ＡＯＩ八王子病院", "機関区分": 1, "都道府県コード": 13, "市区町村コード": 201, "所在地": "東京都八王子市明神町４－２１－４", "緯度": 35.660083, "経度": 139.345826, "url": "https://www.iryou.teikyouseido.mhlw.go.jp/znk-web/juminkanja/S2430/initialize?prefCd=13&kikanCd=1137300000&kikanKbn=1", "url2": "https://www.aoikai.jp/aoihachioji/", "内容": "医療法人社団葵会　ＡＯＩ八王子病院【1:病院】【診療科目:0】【一般病床数:0療養病床数:198精神病床数:0感染症病床数:0合計病床数:198】東京都八王子市明神町４－２１－４" }, "geometry": { "type": "Point", "coordinates": [ 139.345826, 35.660083 ] } },
{ "type": "Feature", "properties": { "ID": 1311137300001, "正式名称": "医療法人社団健心会　みなみ野循環器病院", "機関区分": 1, "都道府県コード": 13, "市区町村コード": 201, "所在地": "東京都八王子市兵衛１－２５－１", "緯度": 35.631336, "経度": 139.332773, "url": "https://www.iryou.teikyouseido.mhlw.go.jp/znk-web/juminkanja/S2430/initialize?prefCd=13&kikanCd=1137300001&kikanKbn=1", "url2": "https://mjhospital.tokyo/", "内容": "医療法人社団健心会　みなみ野循環器病院【1:病院】【診療科目:0】【一般病床数:20療養病床数:0精神病床数:0感染症病床数:0合計病床数:20】東京都八王子市兵衛１－２５－１" }, "geometry": { "type": "Point", "coordinates": [ 139.332773, 35.631336 ] } },
{ "type": "Feature", "properties": { "ID": 1311137300002, "正式名称": "医療法人社団永生会　みなみ野病院", "機関区分": 1, "都道府県コード": 13, "市区町村コード": 201, "所在地": "東京都八王子市みなみ野５－３０－３", "緯度": 35.631113, "経度": 139.319219, "url": "https://www.iryou.teikyouseido.mhlw.go.jp/znk-web/juminkanja/S2430/initialize?prefCd=13&kikanCd=1137300002&kikanKbn=1", "url2": "http://www.eisei.or.jp/minamino", "内容": "医療法人社団永生会　みなみ野病院【1:病院】【診療科目:0】【一般病床数:25療養病床数:180精神病床数:0感染症病床数:0合計病床数:205】東京都八王子市みなみ野５－３０－３" }, "geometry": { "type": "Point", "coordinates": [ 139.319219, 35.631113 ] } },
{ "type": "Feature", "properties": { "ID": 1311137300270, "正式名称": "医療法人社団永生会　南多摩病院", "機関区分": 1, "都道府県コード": 13, "市区町村コード": 201, "所在地": "東京都八王子市散田町３－１０－１", "緯度": 35.655277, "経度": 139.312885, "url": "https://www.iryou.teikyouseido.mhlw.go.jp/znk-web/juminkanja/S2430/initialize?prefCd=13&kikanCd=1137300270&kikanKbn=1", "url2": "https://www.eisei.or.jp/minamitama/", "内容": "医療法人社団永生会　南多摩病院【1:病院】【診療科目:0】【一般病床数:170療養病床数:0精神病床数:0感染症病床数:0合計病床数:170】東京都八王子市散田町３－１０－１" }, "geometry": { "type": "Point", "coordinates": [ 139.312885, 35.655277 ] } },
{ "type": "Feature", "properties": { "ID": 1311137300300, "正式名称": "一般財団法人　仁和会総合病院", "機関区分": 1, "都道府県コード": 13, "市区町村コード": 201, "所在地": "東京都八王子市明神町４－８－１", "緯度": 35.657916, "経度": 139.341688, "url": "https://www.iryou.teikyouseido.mhlw.go.jp/znk-web/juminkanja/S2430/initialize?prefCd=13&kikanCd=1137300300&kikanKbn=1", "url2": "http://www.jinwakai.jp", "内容": "一般財団法人　仁和会総合病院【1:病院】【診療科目:0】【一般病床数:86療養病床数:71精神病床数:0感染症病床数:0合計病床数:157】東京都八王子市明神町４－８－１" }, "geometry": { "type": "Point", "coordinates": [ 139.341688, 35.657916 ] } },
{ "type": "Feature", "properties": { "ID": 1311137300430, "正式名称": "一般財団法人高尾保養院　東京高尾病院", "機関区分": 1, "都道府県コード": 13, "市区町村コード": 201, "所在地": "東京都八王子市高尾町２１８７", "緯度": 35.630529, "経度": 139.261279, "url": "https://www.iryou.teikyouseido.mhlw.go.jp/znk-web/juminkanja/S2430/initialize?prefCd=13&kikanCd=1137300430&kikanKbn=1", "url2": "http://www.tt-hospital.jp/", "内容": "一般財団法人高尾保養院　東京高尾病院【1:病院】【診療科目:0】【一般病床数:0療養病床数:0精神病床数:331感染症病床数:0合計病床数:331】東京都八王子市高尾町２１８７" }, "geometry": { "type": "Point", "coordinates": [ 139.261279, 35.630529 ] } },
{ "type": "Feature", "properties": { "ID": 1311137300560, "正式名称": "医療法人財団緑雲会　多摩病院", "機関区分": 1, "都道府県コード": 13, "市区町村コード": 201, "所在地": "東京都八王子市中野町２０８２", "緯度": 35.680608, "経度": 139.324022, "url": "https://www.iryou.teikyouseido.mhlw.go.jp/znk-web/juminkanja/S2430/initialize?prefCd=13&kikanCd=1137300560&kikanKbn=1", "url2": "https://www.tama-hp.com", "内容": "医療法人財団緑雲会　多摩病院【1:病院】【診療科目:0】【一般病床数:0療養病床数:0精神病床数:260感染症病床数:0合計病床数:260】東京都八王子市中野町２０８２" }, "geometry": { "type": "Point", "coordinates": [ 139.324022, 35.680608 ] } },
{ "type": "Feature", "properties": { "ID": 1311137300690, "正式名称": "医療法人財団仁光会　真宮病院", "機関区分": 1, "都道府県コード": 13, "市区町村コード": 201, "所在地": "東京都八王子市南新町２３番地", "緯度": 35.658388, "経度": 139.330772, "url": "https://www.iryou.teikyouseido.mhlw.go.jp/znk-web/juminkanja/S2430/initialize?prefCd=13&kikanCd=1137300690&kikanKbn=1", "url2": "http://www.mamiya-hp.jp/", "内容": "医療法人財団仁光会　真宮病院【1:病院】【診療科目:0】【一般病床数:0療養病床数:38精神病床数:0感染症病床数:0合計病床数:38】東京都八王子市南新町２３番地" }, "geometry": { "type": "Point", "coordinates": [ 139.330772, 35.658388 ] } },
{ "type": "Feature", "properties": { "ID": 1311137300720, "正式名称": "医療法人財団興和会　右田病院", "機関区分": 1, "都道府県コード": 13, "市区町村コード": 201, "所在地": "東京都八王子市暁町１－４８－１８", "緯度": 35.668776, "経度": 139.340688, "url": "https://www.iryou.teikyouseido.mhlw.go.jp/znk-web/juminkanja/S2430/initialize?prefCd=13&kikanCd=1137300720&kikanKbn=1", "url2": "http://www.migitahosp.or.jp", "内容": "医療法人財団興和会　右田病院【1:病院】【診療科目:0】【一般病床数:118療養病床数:0精神病床数:0感染症病床数:0合計病床数:118】東京都八王子市暁町１－４８－１８" }, "geometry": { "type": "Point", "coordinates": [ 139.340688, 35.668776 ] } },
{ "type": "Feature", "properties": { "ID": 1311137300850, "正式名称": "医療法人財団青溪会　駒木野病院", "機関区分": 1, "都道府県コード": 13, "市区町村コード": 201, "所在地": "東京都八王子市裏高尾町２７３", "緯度": 35.640417, "経度": 139.269917, "url": "https://www.iryou.teikyouseido.mhlw.go.jp/znk-web/juminkanja/S2430/initialize?prefCd=13&kikanCd=1137300850&kikanKbn=1", "url2": "http://www.komagino.jp", "内容": "医療法人財団青溪会　駒木野病院【1:病院】【診療科目:0】【一般病床数:0療養病床数:0精神病床数:447感染症病床数:0合計病床数:447】東京都八王子市裏高尾町２７３" }, "geometry": { "type": "Point", "coordinates": [ 139.269917, 35.640417 ] } },
{ "type": "Feature", "properties": { "ID": 1311137300980, "正式名称": "医療法人財団中山会　八王子消化器病院", "機関区分": 1, "都道府県コード": 13, "市区町村コード": 201, "所在地": "東京都八王子市万町１７７番地の３", "緯度": 35.650667, "経度": 139.332884, "url": "https://www.iryou.teikyouseido.mhlw.go.jp/znk-web/juminkanja/S2430/initialize?prefCd=13&kikanCd=1137300980&kikanKbn=1", "url2": "https://www.hachiojisyokaki.com/", "内容": "医療法人財団中山会　八王子消化器病院【1:病院】【診療科目:0】【一般病床数:98療養病床数:0精神病床数:0感染症病床数:0合計病床数:98】東京都八王子市万町１７７番地の３" }, "geometry": { "type": "Point", "coordinates": [ 139.332884, 35.650667 ] } },
{ "type": "Feature", "properties": { "ID": 1311137301020, "正式名称": "医療法人社団玉栄会　東京天使病院", "機関区分": 1, "都道府県コード": 13, "市区町村コード": 201, "所在地": "東京都八王子市上壱分方町５０－１", "緯度": 35.684662, "経度": 139.281025, "url": "https://www.iryou.teikyouseido.mhlw.go.jp/znk-web/juminkanja/S2430/initialize?prefCd=13&kikanCd=1137301020&kikanKbn=1", "url2": "http://www.angelcourt.or.jp", "内容": "医療法人社団玉栄会　東京天使病院【1:病院】【診療科目:0】【一般病床数:122療養病床数:0精神病床数:0感染症病床数:0合計病床数:122】東京都八王子市上壱分方町５０－１" }, "geometry": { "type": "Point", "coordinates": [ 139.281025, 35.684662 ] } },
{ "type": "Feature", "properties": { "ID": 1311137301150, "正式名称": "医療法人社団東京愛成会　高月病院", "機関区分": 1, "都道府県コード": 13, "市区町村コード": 201, "所在地": "東京都八王子市宮下町１７８", "緯度": 35.708049, "経度": 139.317299, "url": "https://www.iryou.teikyouseido.mhlw.go.jp/znk-web/juminkanja/S2430/initialize?prefCd=13&kikanCd=1137301150&kikanKbn=1", "url2": "http://www.takatuki.or.jp/", "内容": "医療法人社団東京愛成会　高月病院【1:病院】【診療科目:0】【一般病床数:0療養病床数:0精神病床数:516感染症病床数:0合計病床数:516】東京都八王子市宮下町１７８" }, "geometry": { "type": "Point", "coordinates": [ 139.317299, 35.708049 ] } },
{ "type": "Feature", "properties": { "ID": 1311137301310, "正式名称": "医療法人社団明和会　西八王子病院", "機関区分": 1, "都道府県コード": 13, "市区町村コード": 201, "所在地": "東京都八王子市上川町２１５０", "緯度": 35.704549, "経度": 139.267137, "url": "https://www.iryou.teikyouseido.mhlw.go.jp/znk-web/juminkanja/S2430/initialize?prefCd=13&kikanCd=1137301310&kikanKbn=1", "url2": "http://www.ims.gr.jp/nishihachi-hp/", "内容": "医療法人社団明和会　西八王子病院【1:病院】【診療科目:0】【一般病床数:45療養病床数:0精神病床数:182感染症病床数:0合計病床数:227】東京都八王子市上川町２１５０" }, "geometry": { "type": "Point", "coordinates": [ 139.267137, 35.704549 ] } },
{ "type": "Feature", "properties": { "ID": 1311137301440, "正式名称": "医療法人社団鵬友会　協和病院", "機関区分": 1, "都道府県コード": 13, "市区町村コード": 201, "所在地": "東京都八王子市川口町２７５８", "緯度": 35.697717, "経度": 139.280052, "url": "https://www.iryou.teikyouseido.mhlw.go.jp/znk-web/juminkanja/S2430/initialize?prefCd=13&kikanCd=1137301440&kikanKbn=1", "url2": "http://www.kyowahosp.com", "内容": "医療法人社団鵬友会　協和病院【1:病院】【診療科目:0】【一般病床数:0療養病床数:0精神病床数:175感染症病床数:0合計病床数:175】東京都八王子市川口町２７５８" }, "geometry": { "type": "Point", "coordinates": [ 139.280052, 35.697717 ] } },
{ "type": "Feature", "properties": { "ID": 1311137301570, "正式名称": "医療法人社団光生会　平川病院", "機関区分": 1, "都道府県コード": 13, "市区町村コード": 201, "所在地": "東京都八王子市美山町１０７６", "緯度": 35.683606, "経度": 139.250611, "url": "https://www.iryou.teikyouseido.mhlw.go.jp/znk-web/juminkanja/S2430/initialize?prefCd=13&kikanCd=1137301570&kikanKbn=1", "url2": "http://www.hirakawa.or.jp/", "内容": "医療法人社団光生会　平川病院【1:病院】【診療科目:0】【一般病床数:0療養病床数:36精神病床数:307感染症病床数:0合計病床数:343】東京都八王子市美山町１０７６" }, "geometry": { "type": "Point", "coordinates": [ 139.250611, 35.683606 ] } },
{ "type": "Feature", "properties": { "ID": 1311137301730, "正式名称": "医療法人社団小松会　聖パウロ病院", "機関区分": 1, "都道府県コード": 13, "市区町村コード": 201, "所在地": "東京都八王子市小比企町１７１０", "緯度": 35.639085, "経度": 139.316469, "url": "https://www.iryou.teikyouseido.mhlw.go.jp/znk-web/juminkanja/S2430/initialize?prefCd=13&kikanCd=1137301730&kikanKbn=1", "url2": "https://www.pauro.komatsukai.com", "内容": "医療法人社団小松会　聖パウロ病院【1:病院】【診療科目:0】【一般病床数:0療養病床数:100精神病床数:220感染症病床数:0合計病床数:320】東京都八王子市小比企町１７１０" }, "geometry": { "type": "Point", "coordinates": [ 139.316469, 35.639085 ] } },
{ "type": "Feature", "properties": { "ID": 1311137301990, "正式名称": "医療法人永寿会　恩方病院", "機関区分": 1, "都道府県コード": 13, "市区町村コード": 201, "所在地": "東京都八王子市西寺方町１０５", "緯度": 35.671608, "経度": 139.265472, "url": "https://www.iryou.teikyouseido.mhlw.go.jp/znk-web/juminkanja/S2430/initialize?prefCd=13&kikanCd=1137301990&kikanKbn=1", "url2": "http://ongata-hp.jp", "内容": "医療法人永寿会　恩方病院【1:病院】【診療科目:0】【一般病床数:0療養病床数:85精神病床数:385感染症病床数:0合計病床数:470】東京都八王子市西寺方町１０５" }, "geometry": { "type": "Point", "coordinates": [ 139.265472, 35.671608 ] } },
{ "type": "Feature", "properties": { "ID": 1311137302030, "正式名称": "医療法人社団清伸会　高尾厚生病院", "機関区分": 1, "都道府県コード": 13, "市区町村コード": 201, "所在地": "東京都八王子市南浅川町３８１５", "緯度": 35.61678, "経度": 139.247337, "url": "https://www.iryou.teikyouseido.mhlw.go.jp/znk-web/juminkanja/S2430/initialize?prefCd=13&kikanCd=1137302030&kikanKbn=1", "url2": "https://takaokousei.hospital.tokyo.jp/", "内容": "医療法人社団清伸会　高尾厚生病院【1:病院】【診療科目:0】【一般病床数:0療養病床数:0精神病床数:80感染症病床数:0合計病床数:80】東京都八王子市南浅川町３８１５" }, "geometry": { "type": "Point", "coordinates": [ 139.247337, 35.61678 ] } },
{ "type": "Feature", "properties": { "ID": 1311137302160, "正式名称": "医療法人社団青雲会　北野台病院", "機関区分": 1, "都道府県コード": 13, "市区町村コード": 201, "所在地": "東京都八王子市打越町１０６８", "緯度": 35.63853, "経度": 139.356465, "url": "https://www.iryou.teikyouseido.mhlw.go.jp/znk-web/juminkanja/S2430/initialize?prefCd=13&kikanCd=1137302160&kikanKbn=1", "url2": "http://www.kitanodai.jp", "内容": "医療法人社団青雲会　北野台病院【1:病院】【診療科目:0】【一般病床数:40療養病床数:0精神病床数:212感染症病床数:0合計病床数:252】東京都八王子市打越町１０６８" }, "geometry": { "type": "Point", "coordinates": [ 139.356465, 35.63853 ] } },
{ "type": "Feature", "properties": { "ID": 1311137302900, "正式名称": "医療法人社団永生会　永生病院", "機関区分": 1, "都道府県コード": 13, "市区町村コード": 201, "所在地": "東京都八王子市椚田町５８３－１５", "緯度": 35.639862, "経度": 139.304942, "url": "https://www.iryou.teikyouseido.mhlw.go.jp/znk-web/juminkanja/S2430/initialize?prefCd=13&kikanCd=1137302900&kikanKbn=1", "url2": "http://www.eisei.or.jp/", "内容": "医療法人社団永生会　永生病院【1:病院】【診療科目:0】【一般病床数:220療養病床数:150精神病床数:130感染症病床数:0合計病床数:500】東京都八王子市椚田町５８３－１５" }, "geometry": { "type": "Point", "coordinates": [ 139.304942, 35.639862 ] } },
{ "type": "Feature", "properties": { "ID": 1311137303040, "正式名称": "医療法人社団新山会　希望の丘八王子病院", "機関区分": 1, "都道府県コード": 13, "市区町村コード": 201, "所在地": "東京都八王子市犬目町６４１", "緯度": 35.692551, "経度": 139.307661, "url": "https://www.iryou.teikyouseido.mhlw.go.jp/znk-web/juminkanja/S2430/initialize?prefCd=13&kikanCd=1137303040&kikanKbn=1", "url2": "https://hopehill.or.jp/", "内容": "医療法人社団新山会　希望の丘八王子病院【1:病院】【診療科目:0】【一般病床数:0療養病床数:33精神病床数:255感染症病床数:0合計病床数:288】東京都八王子市犬目町６４１" }, "geometry": { "type": "Point", "coordinates": [ 139.307661, 35.692551 ] } },
{ "type": "Feature", "properties": { "ID": 1311137303200, "正式名称": "医療法人永寿会　陵北病院", "機関区分": 1, "都道府県コード": 13, "市区町村コード": 201, "所在地": "東京都八王子市西寺方町３１５", "緯度": 35.672775, "経度": 139.266444, "url": "https://www.iryou.teikyouseido.mhlw.go.jp/znk-web/juminkanja/S2430/initialize?prefCd=13&kikanCd=1137303200&kikanKbn=1", "url2": "http://www.ryohoku-hp.jp/", "内容": "医療法人永寿会　陵北病院【1:病院】【診療科目:0】【一般病床数:42療養病床数:0精神病床数:0感染症病床数:0合計病床数:42】東京都八王子市西寺方町３１５" }, "geometry": { "type": "Point", "coordinates": [ 139.266444, 35.672775 ] } },
{ "type": "Feature", "properties": { "ID": 1311137303330, "正式名称": "八王子保健生活協同組合城山病院", "機関区分": 1, "都道府県コード": 13, "市区町村コード": 201, "所在地": "東京都八王子市元八王子町３－２８７２－１", "緯度": 35.653721, "経度": 139.266778, "url": "https://www.iryou.teikyouseido.mhlw.go.jp/znk-web/juminkanja/S2430/initialize?prefCd=13&kikanCd=1137303330&kikanKbn=1", "url2": "http://www.hachisei.or.jp", "内容": "八王子保健生活協同組合城山病院【1:病院】【診療科目:0】【一般病床数:0療養病床数:159精神病床数:0感染症病床数:0合計病床数:159】東京都八王子市元八王子町３－２８７２－１" }, "geometry": { "type": "Point", "coordinates": [ 139.266778, 35.653721 ] } },
{ "type": "Feature", "properties": { "ID": 1311137303620, "正式名称": "東京医科大学八王子医療センター", "機関区分": 1, "都道府県コード": 13, "市区町村コード": 201, "所在地": "東京都八王子市館町１１６３", "緯度": 35.631474, "経度": 139.28911, "url": "https://www.iryou.teikyouseido.mhlw.go.jp/znk-web/juminkanja/S2430/initialize?prefCd=13&kikanCd=1137303620&kikanKbn=1", "url2": "https://hachioji.tokyo-med.ac.jp/", "内容": "東京医科大学八王子医療センター【1:病院】【診療科目:0】【一般病床数:602療養病床数:0精神病床数:0感染症病床数:8合計病床数:610】東京都八王子市館町１１６３" }, "geometry": { "type": "Point", "coordinates": [ 139.28911, 35.631474 ] } },
{ "type": "Feature", "properties": { "ID": 1311137303880, "正式名称": "医療法人社団東光会　八王子山王病院", "機関区分": 1, "都道府県コード": 13, "市区町村コード": 201, "所在地": "東京都八王子市中野山王２－１５－１６", "緯度": 35.673887, "経度": 139.328216, "url": "https://www.iryou.teikyouseido.mhlw.go.jp/znk-web/juminkanja/S2430/initialize?prefCd=13&kikanCd=1137303880&kikanKbn=1", "url2": "https://hachioji-sannou.or.jp/", "内容": "医療法人社団東光会　八王子山王病院【1:病院】【診療科目:0】【一般病床数:157療養病床数:0精神病床数:0感染症病床数:0合計病床数:157】東京都八王子市中野山王２－１５－１６" }, "geometry": { "type": "Point", "coordinates": [ 139.328216, 35.673887 ] } },
{ "type": "Feature", "properties": { "ID": 1311137304180, "正式名称": "医療法人社団清智会　清智会記念病院", "機関区分": 1, "都道府県コード": 13, "市区町村コード": 201, "所在地": "東京都八王子市子安町３－２４－１５", "緯度": 35.650306, "経度": 139.337716, "url": "https://www.iryou.teikyouseido.mhlw.go.jp/znk-web/juminkanja/S2430/initialize?prefCd=13&kikanCd=1137304180&kikanKbn=1", "url2": "http://www.seichikai.com/", "内容": "医療法人社団清智会　清智会記念病院【1:病院】【診療科目:0】【一般病床数:177療養病床数:0精神病床数:0感染症病床数:0合計病床数:177】東京都八王子市子安町３－２４－１５" }, "geometry": { "type": "Point", "coordinates": [ 139.337716, 35.650306 ] } },
{ "type": "Feature", "properties": { "ID": 1311137304470, "正式名称": "医療法人財団敬寿会　相武病院", "機関区分": 1, "都道府県コード": 13, "市区町村コード": 201, "所在地": "東京都八王子市戸吹町３２３－１", "緯度": 35.709577, "経度": 139.294634, "url": "https://www.iryou.teikyouseido.mhlw.go.jp/znk-web/juminkanja/S2430/initialize?prefCd=13&kikanCd=1137304470&kikanKbn=1", "url2": "http://www.sobu-hosp.or.jp/", "内容": "医療法人財団敬寿会　相武病院【1:病院】【診療科目:0】【一般病床数:0療養病床数:271精神病床数:0感染症病床数:0合計病床数:271】東京都八王子市戸吹町３２３－１" }, "geometry": { "type": "Point", "coordinates": [ 139.294634, 35.709577 ] } },
{ "type": "Feature", "properties": { "ID": 1311137304500, "正式名称": "医療法人社団　ＫＮＩ　北原国際病院", "機関区分": 1, "都道府県コード": 13, "市区町村コード": 201, "所在地": "東京都八王子市大和田町１－７－２３", "緯度": 35.662333, "経度": 139.360936, "url": "https://www.iryou.teikyouseido.mhlw.go.jp/znk-web/juminkanja/S2430/initialize?prefCd=13&kikanCd=1137304500&kikanKbn=1", "url2": "http://www.kitaharahosp.com/honnin/", "内容": "医療法人社団　ＫＮＩ　北原国際病院【1:病院】【診療科目:0】【一般病床数:87療養病床数:12精神病床数:0感染症病床数:0合計病床数:99】東京都八王子市大和田町１－７－２３" }, "geometry": { "type": "Point", "coordinates": [ 139.360936, 35.662333 ] } },
{ "type": "Feature", "properties": { "ID": 1311137304630, "正式名称": "医療法人社団　親和会　野猿峠脳神経外科病院", "機関区分": 1, "都道府県コード": 13, "市区町村コード": 201, "所在地": "東京都八王子市下柚木１９７４番地１", "緯度": 35.632253, "経度": 139.365715, "url": "https://www.iryou.teikyouseido.mhlw.go.jp/znk-web/juminkanja/S2430/initialize?prefCd=13&kikanCd=1137304630&kikanKbn=1", "url2": "https://www.shinwakai.or.jp/yaentoge/", "内容": "医療法人社団　親和会　野猿峠脳神経外科病院【1:病院】【診療科目:0】【一般病床数:45療養病床数:0精神病床数:0感染症病床数:0合計病床数:45】東京都八王子市下柚木１９７４番地１" }, "geometry": { "type": "Point", "coordinates": [ 139.365715, 35.632253 ] } },
{ "type": "Feature", "properties": { "ID": 1311137304890, "正式名称": "東海大学医学部付属八王子病院", "機関区分": 1, "都道府県コード": 13, "市区町村コード": 201, "所在地": "東京都八王子市石川町１８３８", "緯度": 35.677165, "経度": 139.363852, "url": "https://www.iryou.teikyouseido.mhlw.go.jp/znk-web/juminkanja/S2430/initialize?prefCd=13&kikanCd=1137304890&kikanKbn=1", "url2": "http://www.hachioji-hosp.tokai.ac.jp/", "内容": "東海大学医学部付属八王子病院【1:病院】【診療科目:0】【一般病床数:500療養病床数:0精神病床数:0感染症病床数:0合計病床数:500】東京都八王子市石川町１８３８" }, "geometry": { "type": "Point", "coordinates": [ 139.363852, 35.677165 ] } },
{ "type": "Feature", "properties": { "ID": 1311137305190, "正式名称": "医療法人社団ＫＮＩ　北原リハビリテーション病院", "機関区分": 1, "都道府県コード": 13, "市区町村コード": 201, "所在地": "東京都八王子市左入町４６１", "緯度": 35.68758, "経度": 139.346214, "url": "https://www.iryou.teikyouseido.mhlw.go.jp/znk-web/juminkanja/S2430/initialize?prefCd=13&kikanCd=1137305190&kikanKbn=1", "url2": "https://reha.kitaharahosp.com/", "内容": "医療法人社団ＫＮＩ　北原リハビリテーション病院【1:病院】【診療科目:0】【一般病床数:0療養病床数:94精神病床数:151感染症病床数:0合計病床数:94】東京都八王子市左入町４６１" }, "geometry": { "type": "Point", "coordinates": [ 139.346214, 35.68758 ] } },
{ "type": "Feature", "properties": { "ID": 1311137305220, "正式名称": "医療法人社団純正会　八王子北部病院", "機関区分": 1, "都道府県コード": 13, "市区町村コード": 201, "所在地": "東京都八王子市川口町１５４０－１９", "緯度": 35.684579, "経度": 139.29508, "url": "https://www.iryou.teikyouseido.mhlw.go.jp/znk-web/juminkanja/S2430/initialize?prefCd=13&kikanCd=1137305220&kikanKbn=1", "url2": "http://www.hachiohjihokubu-hp.com", "内容": "医療法人社団純正会　八王子北部病院【1:病院】【診療科目:0】【一般病床数:0療養病床数:72精神病床数:100感染症病床数:0合計病床数:172】東京都八王子市川口町１５４０－１９" }, "geometry": { "type": "Point", "coordinates": [ 139.29508, 35.684579 ] } },
{ "type": "Feature", "properties": { "ID": 1311137305480, "正式名称": "医療法人社団八九十会　高月整形外科病院", "機関区分": 1, "都道府県コード": 13, "市区町村コード": 201, "所在地": "東京都八王子市高月町３６０", "緯度": 35.711355, "経度": 139.321215, "url": "https://www.iryou.teikyouseido.mhlw.go.jp/znk-web/juminkanja/S2430/initialize?prefCd=13&kikanCd=1137305480&kikanKbn=1", "url2": "http://www.hakutokai.jp/", "内容": "医療法人社団八九十会　高月整形外科病院【1:病院】【診療科目:0】【一般病床数:31療養病床数:0精神病床数:0感染症病床数:0合計病床数:31】東京都八王子市高月町３６０" }, "geometry": { "type": "Point", "coordinates": [ 139.321215, 35.711355 ] } },
{ "type": "Feature", "properties": { "ID": 1311137400200, "正式名称": "医療法人社団清愛会　七生病院", "機関区分": 1, "都道府県コード": 13, "市区町村コード": 212, "所在地": "東京都日野市西平山１－２４－１", "緯度": 35.648501, "経度": 139.373547, "url": "https://www.iryou.teikyouseido.mhlw.go.jp/znk-web/juminkanja/S2430/initialize?prefCd=13&kikanCd=1137400200&kikanKbn=1", "url2": "https://www.nanao-hospital.jp/", "内容": "医療法人社団清愛会　七生病院【1:病院】【診療科目:0】【一般病床数:0療養病床数:0精神病床数:268感染症病床数:0合計病床数:268】東京都日野市西平山１－２４－１" }, "geometry": { "type": "Point", "coordinates": [ 139.373547, 35.648501 ] } },
{ "type": "Feature", "properties": { "ID": 1311137400460, "正式名称": "医療法人社団厚潤会　日野駅前病院", "機関区分": 1, "都道府県コード": 13, "市区町村コード": 212, "所在地": "東京都日野市日野本町３－１４－１５", "緯度": 35.679137, "経度": 139.395488, "url": "https://www.iryou.teikyouseido.mhlw.go.jp/znk-web/juminkanja/S2430/initialize?prefCd=13&kikanCd=1137400460&kikanKbn=1", "url2": "https://hinoekimae-hp.com", "内容": "医療法人社団厚潤会　日野駅前病院【1:病院】【診療科目:0】【一般病床数:70療養病床数:0精神病床数:0感染症病床数:0合計病床数:70】東京都日野市日野本町３－１４－１５" }, "geometry": { "type": "Point", "coordinates": [ 139.395488, 35.679137 ] } },
{ "type": "Feature", "properties": { "ID": 1311137400590, "正式名称": "医療法人社団康明会　康明会病院", "機関区分": 1, "都道府県コード": 13, "市区町村コード": 212, "所在地": "東京都日野市豊田２－３２－１", "緯度": 35.654973, "経度": 139.384629, "url": "https://www.iryou.teikyouseido.mhlw.go.jp/znk-web/juminkanja/S2430/initialize?prefCd=13&kikanCd=1137400590&kikanKbn=1", "url2": "https://www.komei-mc.or.jp/komeikai-hospital/", "内容": "医療法人社団康明会　康明会病院【1:病院】【診療科目:0】【一般病床数:0療養病床数:96精神病床数:0感染症病床数:0合計病床数:96】東京都日野市豊田２－３２－１" }, "geometry": { "type": "Point", "coordinates": [ 139.384629, 35.654973 ] } },
{ "type": "Feature", "properties": { "ID": 1311137400620, "正式名称": "医療法人社団回心会　回心堂第二病院", "機関区分": 1, "都道府県コード": 13, "市区町村コード": 212, "所在地": "東京都日野市万願寺２－３４－３", "緯度": 35.673805, "経度": 139.416626, "url": "https://www.iryou.teikyouseido.mhlw.go.jp/znk-web/juminkanja/S2430/initialize?prefCd=13&kikanCd=1137400620&kikanKbn=1", "url2": "http://www.mck.or.jp", "内容": "医療法人社団回心会　回心堂第二病院【1:病院】【診療科目:0】【一般病床数:28療養病床数:212精神病床数:0感染症病床数:0合計病床数:240】東京都日野市万願寺２－３４－３" }, "geometry": { "type": "Point", "coordinates": [ 139.416626, 35.673805 ] } },
{ "type": "Feature", "properties": { "ID": 1311137400910, "正式名称": "社会福祉法人桜ヶ丘社会事業協会　桜ヶ丘記念病院", "機関区分": 1, "都道府県コード": 13, "市区町村コード": 224, "所在地": "東京都多摩市連光寺１－１－１", "緯度": 35.648225, "経度": 139.459262, "url": "https://www.iryou.teikyouseido.mhlw.go.jp/znk-web/juminkanja/S2430/initialize?prefCd=13&kikanCd=1137400910&kikanKbn=1", "url2": "http://www.swfsakura.or.jp/sakuragaokahp/", "内容": "社会福祉法人桜ヶ丘社会事業協会　桜ヶ丘記念病院【1:病院】【診療科目:0】【一般病床数:0療養病床数:0精神病床数:405感染症病床数:0合計病床数:405】東京都多摩市連光寺１－１－１" }, "geometry": { "type": "Point", "coordinates": [ 139.459262, 35.648225 ] } },
{ "type": "Feature", "properties": { "ID": 1311137401050, "正式名称": "社会福祉法人日本心身障害児協会　島田療育センター", "機関区分": 1, "都道府県コード": 13, "市区町村コード": 224, "所在地": "東京都多摩市中沢１－３１－１", "緯度": 35.62156, "経度": 139.411295, "url": "https://www.iryou.teikyouseido.mhlw.go.jp/znk-web/juminkanja/S2430/initialize?prefCd=13&kikanCd=1137401050&kikanKbn=1", "url2": "http://www.shimada-ryoiku.or.jp", "内容": "社会福祉法人日本心身障害児協会　島田療育センター【1:病院】【診療科目:0】【一般病床数:243療養病床数:0精神病床数:0感染症病床数:0合計病床数:243】東京都多摩市中沢１－３１－１" }, "geometry": { "type": "Point", "coordinates": [ 139.411295, 35.62156 ] } },
{ "type": "Feature", "properties": { "ID": 1311137401340, "正式名称": "医療法人社団　聖美会　多摩中央病院", "機関区分": 1, "都道府県コード": 13, "市区町村コード": 224, "所在地": "東京都多摩市連光寺２－６２－２", "緯度": 35.640726, "経度": 139.455902, "url": "https://www.iryou.teikyouseido.mhlw.go.jp/znk-web/juminkanja/S2430/initialize?prefCd=13&kikanCd=1137401340&kikanKbn=1", "url2": "https://tama-chp.or.jp/", "内容": "医療法人社団　聖美会　多摩中央病院【1:病院】【診療科目:0】【一般病床数:0療養病床数:0精神病床数:320感染症病床数:0合計病床数:0】東京都多摩市連光寺２－６２－２" }, "geometry": { "type": "Point", "coordinates": [ 139.455902, 35.640726 ] } },
{ "type": "Feature", "properties": { "ID": 1311137401470, "正式名称": "日本医科大学多摩永山病院", "機関区分": 1, "都道府県コード": 13, "市区町村コード": 224, "所在地": "東京都多摩市永山１－７－１", "緯度": 35.63106, "経度": 139.446653, "url": "https://www.iryou.teikyouseido.mhlw.go.jp/znk-web/juminkanja/S2430/initialize?prefCd=13&kikanCd=1137401470&kikanKbn=1", "url2": "http://www.tama-h.nms.ac.jp/", "内容": "日本医科大学多摩永山病院【1:病院】【診療科目:0】【一般病床数:405療養病床数:0精神病床数:0感染症病床数:0合計病床数:405】東京都多摩市永山１－７－１" }, "geometry": { "type": "Point", "coordinates": [ 139.446653, 35.63106 ] } },
{ "type": "Feature", "properties": { "ID": 1311137401500, "正式名称": "社会医療法人河北医療財団　天本病院", "機関区分": 1, "都道府県コード": 13, "市区町村コード": 224, "所在地": "東京都多摩市中沢２－５－１", "緯度": 35.621477, "経度": 139.412628, "url": "https://www.iryou.teikyouseido.mhlw.go.jp/znk-web/juminkanja/S2430/initialize?prefCd=13&kikanCd=1137401500&kikanKbn=1", "url2": "https://kawakita.or.jp/aisafetynet/amamoto/", "内容": "社会医療法人河北医療財団　天本病院【1:病院】【診療科目:0】【一般病床数:131療養病床数:48精神病床数:0感染症病床数:0合計病床数:179】東京都多摩市中沢２－５－１" }, "geometry": { "type": "Point", "coordinates": [ 139.412628, 35.621477 ] } },
{ "type": "Feature", "properties": { "ID": 1311137401630, "正式名称": "稲城市立病院", "機関区分": 1, "都道府県コード": 13, "市区町村コード": 225, "所在地": "東京都稲城市大丸１１７１", "緯度": 35.646809, "経度": 139.485149, "url": "https://www.iryou.teikyouseido.mhlw.go.jp/znk-web/juminkanja/S2430/initialize?prefCd=13&kikanCd=1137401630&kikanKbn=1", "url2": "http://www.hospital.inagi.tokyo.jp/", "内容": "稲城市立病院【1:病院】【診療科目:0】【一般病床数:290療養病床数:0精神病床数:0感染症病床数:0合計病床数:290】東京都稲城市大丸１１７１" }, "geometry": { "type": "Point", "coordinates": [ 139.485149, 35.646809 ] } },
{ "type": "Feature", "properties": { "ID": 1311137401760, "正式名称": "特定医療法人社団研精会　稲城台病院", "機関区分": 1, "都道府県コード": 13, "市区町村コード": 225, "所在地": "東京都稲城市若葉台３－７－１", "緯度": 35.624922, "経度": 139.46529, "url": "https://www.iryou.teikyouseido.mhlw.go.jp/znk-web/juminkanja/S2430/initialize?prefCd=13&kikanCd=1137401760&kikanKbn=1", "url2": "http://www.inagidai-hp.com", "内容": "特定医療法人社団研精会　稲城台病院【1:病院】【診療科目:0】【一般病床数:0療養病床数:79精神病床数:302感染症病床数:0合計病床数:381】東京都稲城市若葉台３－７－１" }, "geometry": { "type": "Point", "coordinates": [ 139.46529, 35.624922 ] } },
{ "type": "Feature", "properties": { "ID": 1311137401920, "正式名称": "聖ヶ丘病院", "機関区分": 1, "都道府県コード": 13, "市区町村コード": 224, "所在地": "東京都多摩市連光寺２－６９－６", "緯度": 35.639476, "経度": 139.453346, "url": "https://www.iryou.teikyouseido.mhlw.go.jp/znk-web/juminkanja/S2430/initialize?prefCd=13&kikanCd=1137401920&kikanKbn=1", "url2": "https://www.hijirigaoka.or.jp/", "内容": "聖ヶ丘病院【1:病院】【診療科目:0】【一般病床数:0療養病床数:0精神病床数:0感染症病床数:0合計病床数:22】東京都多摩市連光寺２－６９－６" }, "geometry": { "type": "Point", "coordinates": [ 139.453346, 35.639476 ] } },
{ "type": "Feature", "properties": { "ID": 1311137500001, "正式名称": "医療法人社団三医会　鶴川リハビリテーション病院", "機関区分": 1, "都道府県コード": 13, "市区町村コード": 209, "所在地": "東京都町田市三輪町１１２９", "緯度": 35.572623, "経度": 139.496012, "url": "https://www.iryou.teikyouseido.mhlw.go.jp/znk-web/juminkanja/S2430/initialize?prefCd=13&kikanCd=1137500001&kikanKbn=1", "url2": "http://www.tsurukawareha.or.jp/", "内容": "医療法人社団三医会　鶴川リハビリテーション病院【1:病院】【診療科目:0】【一般病床数:0療養病床数:120精神病床数:0感染症病床数:0合計病床数:120】東京都町田市三輪町１１２９" }, "geometry": { "type": "Point", "coordinates": [ 139.496012, 35.572623 ] } },
{ "type": "Feature", "properties": { "ID": 1311137500002, "正式名称": "横浜町田関節脊椎病院", "機関区分": 1, "都道府県コード": 13, "市区町村コード": 209, "所在地": "東京都町田市南つくし野３－１－２", "緯度": 35.517795, "経度": 139.482738, "url": "https://www.iryou.teikyouseido.mhlw.go.jp/znk-web/juminkanja/S2430/initialize?prefCd=13&kikanCd=1137500002&kikanKbn=1", "url2": "https://www.ymo-hospital.jp", "内容": "横浜町田関節脊椎病院【1:病院】【診療科目:0】【一般病床数:42療養病床数:0精神病床数:0感染症病床数:0合計病床数:42】東京都町田市南つくし野３－１－２" }, "geometry": { "type": "Point", "coordinates": [ 139.482738, 35.517795 ] } },
{ "type": "Feature", "properties": { "ID": 1311137500100, "正式名称": "町田市民病院", "機関区分": 1, "都道府県コード": 13, "市区町村コード": 209, "所在地": "東京都町田市旭町２－１５－４１", "緯度": 35.556901, "経度": 139.438129, "url": "https://www.iryou.teikyouseido.mhlw.go.jp/znk-web/juminkanja/S2430/initialize?prefCd=13&kikanCd=1137500100&kikanKbn=1", "url2": "http://www.machida-city-hospital-tokyo.jp/", "内容": "町田市民病院【1:病院】【診療科目:0】【一般病床数:440療養病床数:0精神病床数:0感染症病床数:0合計病床数:440】東京都町田市旭町２－１５－４１" }, "geometry": { "type": "Point", "coordinates": [ 139.438129, 35.556901 ] } },
{ "type": "Feature", "properties": { "ID": 1311137500230, "正式名称": "更生保護法人鶴舞会　飛鳥病院", "機関区分": 1, "都道府県コード": 13, "市区町村コード": 209, "所在地": "東京都町田市南町田３－８－１", "緯度": 35.517156, "経度": 139.467267, "url": "https://www.iryou.teikyouseido.mhlw.go.jp/znk-web/juminkanja/S2430/initialize?prefCd=13&kikanCd=1137500230&kikanKbn=1", "url2": "http://www.tsurumaikai-hosp-asuka.com", "内容": "更生保護法人鶴舞会　飛鳥病院【1:病院】【診療科目:0】【一般病床数:0療養病床数:0精神病床数:184感染症病床数:0合計病床数:184】東京都町田市南町田３－８－１" }, "geometry": { "type": "Point", "coordinates": [ 139.467267, 35.517156 ] } },
{ "type": "Feature", "properties": { "ID": 1311137500650, "正式名称": "医療法人社団　芙蓉会　ふよう病院", "機関区分": 1, "都道府県コード": 13, "市区町村コード": 209, "所在地": "東京都町田市南町田三丁目４３番地１号", "緯度": 35.515462, "経度": 139.471517, "url": "https://www.iryou.teikyouseido.mhlw.go.jp/znk-web/juminkanja/S2430/initialize?prefCd=13&kikanCd=1137500650&kikanKbn=1", "url2": "http://www.fuyou.or.jp/", "内容": "医療法人社団　芙蓉会　ふよう病院【1:病院】【診療科目:0】【一般病床数:0療養病床数:164精神病床数:0感染症病床数:0合計病床数:164】東京都町田市南町田三丁目４３番地１号" }, "geometry": { "type": "Point", "coordinates": [ 139.471517, 35.515462 ] } },
{ "type": "Feature", "properties": { "ID": 1311137500810, "正式名称": "医療法人社団正心会　よしの病院", "機関区分": 1, "都道府県コード": 13, "市区町村コード": 209, "所在地": "東京都町田市図師町２２５２", "緯度": 35.588758, "経度": 139.420185, "url": "https://www.iryou.teikyouseido.mhlw.go.jp/znk-web/juminkanja/S2430/initialize?prefCd=13&kikanCd=1137500810&kikanKbn=1", "url2": "http://www.yoshinohp.com", "内容": "医療法人社団正心会　よしの病院【1:病院】【診療科目:0】【一般病床数:0療養病床数:0精神病床数:166感染症病床数:0合計病床数:166】東京都町田市図師町２２５２" }, "geometry": { "type": "Point", "coordinates": [ 139.420185, 35.588758 ] } },
{ "type": "Feature", "properties": { "ID": 1311137501110, "正式名称": "医療法人社団鶴永会　鶴が丘ガーデンホスピタル", "機関区分": 1, "都道府県コード": 13, "市区町村コード": 209, "所在地": "東京都町田市三輪緑山２－２１３３－１", "緯度": 35.571261, "経度": 139.483347, "url": "https://www.iryou.teikyouseido.mhlw.go.jp/znk-web/juminkanja/S2430/initialize?prefCd=13&kikanCd=1137501110&kikanKbn=1", "url2": "https://tsurugaoka.or.jp", "内容": "医療法人社団鶴永会　鶴が丘ガーデンホスピタル【1:病院】【診療科目:0】【一般病床数:0療養病床数:0精神病床数:200感染症病床数:0合計病床数:200】東京都町田市三輪緑山２－２１３３－１" }, "geometry": { "type": "Point", "coordinates": [ 139.483347, 35.571261 ] } },
{ "type": "Feature", "properties": { "ID": 1311137501370, "正式名称": "医療法人社団史世会　町田胃腸病院", "機関区分": 1, "都道府県コード": 13, "市区町村コード": 209, "所在地": "東京都町田市旭町１－１７－２１", "緯度": 35.554318, "経度": 139.441934, "url": "https://www.iryou.teikyouseido.mhlw.go.jp/znk-web/juminkanja/S2430/initialize?prefCd=13&kikanCd=1137501370&kikanKbn=1", "url2": "http://www.machida-ichou.com", "内容": "医療法人社団史世会　町田胃腸病院【1:病院】【診療科目:0】【一般病床数:50療養病床数:0精神病床数:0感染症病床数:0合計病床数:50】東京都町田市旭町１－１７－２１" }, "geometry": { "type": "Point", "coordinates": [ 139.441934, 35.554318 ] } },
{ "type": "Feature", "properties": { "ID": 1311137501400, "正式名称": "医療法人社団三医会　鶴川記念病院", "機関区分": 1, "都道府県コード": 13, "市区町村コード": 209, "所在地": "東京都町田市三輪町１０５９－１", "緯度": 35.574317, "経度": 139.499651, "url": "https://www.iryou.teikyouseido.mhlw.go.jp/znk-web/juminkanja/S2430/initialize?prefCd=13&kikanCd=1137501400&kikanKbn=1", "url2": "https://www.tsurukawakinen.or.jp", "内容": "医療法人社団三医会　鶴川記念病院【1:病院】【診療科目:0】【一般病床数:120療養病床数:60精神病床数:0感染症病床数:0合計病床数:180】東京都町田市三輪町１０５９－１" }, "geometry": { "type": "Point", "coordinates": [ 139.499651, 35.574317 ] } },
{ "type": "Feature", "properties": { "ID": 1311137501660, "正式名称": "医療法人財団明理会　鶴川サナトリウム病院", "機関区分": 1, "都道府県コード": 13, "市区町村コード": 209, "所在地": "東京都町田市真光寺町１９７", "緯度": 35.604091, "経度": 139.458903, "url": "https://www.iryou.teikyouseido.mhlw.go.jp/znk-web/juminkanja/S2430/initialize?prefCd=13&kikanCd=1137501660&kikanKbn=1", "url2": "https://www.tsurusana.com/", "内容": "医療法人財団明理会　鶴川サナトリウム病院【1:病院】【診療科目:0】【一般病床数:124療養病床数:199精神病床数:254感染症病床数:0合計病床数:577】東京都町田市真光寺町１９７" }, "geometry": { "type": "Point", "coordinates": [ 139.458903, 35.604091 ] } },
{ "type": "Feature", "properties": { "ID": 1311137501790, "正式名称": "医療法人社団三友会　あけぼの病院", "機関区分": 1, "都道府県コード": 13, "市区町村コード": 209, "所在地": "東京都町田市中町１－２３－３", "緯度": 35.549513, "経度": 139.445684, "url": "https://www.iryou.teikyouseido.mhlw.go.jp/znk-web/juminkanja/S2430/initialize?prefCd=13&kikanCd=1137501790&kikanKbn=1", "url2": "https://www.akebono-hospital.jp", "内容": "医療法人社団三友会　あけぼの病院【1:病院】【診療科目:0】【一般病床数:49療養病床数:49精神病床数:0感染症病床数:0合計病床数:98】東京都町田市中町１－２３－３" }, "geometry": { "type": "Point", "coordinates": [ 139.445684, 35.549513 ] } },
{ "type": "Feature", "properties": { "ID": 1311137502120, "正式名称": "一般財団法人ひふみ会　まちだ丘の上病院", "機関区分": 1, "都道府県コード": 13, "市区町村コード": 209, "所在地": "東京都町田市小野路町１１－１", "緯度": 35.59112, "経度": 139.435072, "url": "https://www.iryou.teikyouseido.mhlw.go.jp/znk-web/juminkanja/S2430/initialize?prefCd=13&kikanCd=1137502120&kikanKbn=1", "url2": "https://machida-hospital.com/", "内容": "一般財団法人ひふみ会　まちだ丘の上病院【1:病院】【診療科目:0】【一般病床数:0療養病床数:78精神病床数:0感染症病床数:0合計病床数:78】東京都町田市小野路町１１－１" }, "geometry": { "type": "Point", "coordinates": [ 139.435072, 35.59112 ] } },
{ "type": "Feature", "properties": { "ID": 1311137502380, "正式名称": "医療法人社団幸隆会　多摩丘陵病院", "機関区分": 1, "都道府県コード": 13, "市区町村コード": 209, "所在地": "東京都町田市下小山田町１４０１", "緯度": 35.602062, "経度": 139.421659, "url": "https://www.iryou.teikyouseido.mhlw.go.jp/znk-web/juminkanja/S2430/initialize?prefCd=13&kikanCd=1137502380&kikanKbn=1", "url2": "https://www.tamakyuryo.or.jp/hospital/", "内容": "医療法人社団幸隆会　多摩丘陵病院【1:病院】【診療科目:0】【一般病床数:199療養病床数:0精神病床数:0感染症病床数:0合計病床数:199】東京都町田市下小山田町１４０１" }, "geometry": { "type": "Point", "coordinates": [ 139.421659, 35.602062 ] } },
{ "type": "Feature", "properties": { "ID": 1311137502410, "正式名称": "医療法人社団松友会　上相原病院", "機関区分": 1, "都道府県コード": 13, "市区町村コード": 209, "所在地": "東京都町田市相原町５０９８", "緯度": 35.618225, "経度": 139.287111, "url": "https://www.iryou.teikyouseido.mhlw.go.jp/znk-web/juminkanja/S2430/initialize?prefCd=13&kikanCd=1137502410&kikanKbn=1", "url2": "http://kamaihara-hospital.org", "内容": "医療法人社団松友会　上相原病院【1:病院】【診療科目:0】【一般病床数:0療養病床数:92精神病床数:0感染症病床数:0合計病床数:92】東京都町田市相原町５０９８" }, "geometry": { "type": "Point", "coordinates": [ 139.287111, 35.618225 ] } },
{ "type": "Feature", "properties": { "ID": 1311137502540, "正式名称": "医療法人社団創生会　町田病院", "機関区分": 1, "都道府県コード": 13, "市区町村コード": 209, "所在地": "東京都町田市木曽東４－２１－４３", "緯度": 35.565372, "経度": 139.425491, "url": "https://www.iryou.teikyouseido.mhlw.go.jp/znk-web/juminkanja/S2430/initialize?prefCd=13&kikanCd=1137502540&kikanKbn=1", "url2": "http://www.machidahospital.jp/", "内容": "医療法人社団創生会　町田病院【1:病院】【診療科目:0】【一般病床数:120療養病床数:0精神病床数:0感染症病床数:0合計病床数:120】東京都町田市木曽東４－２１－４３" }, "geometry": { "type": "Point", "coordinates": [ 139.425491, 35.565372 ] } },
{ "type": "Feature", "properties": { "ID": 1311137502670, "正式名称": "医療法人社団天紀会　こころのホスピタル町田", "機関区分": 1, "都道府県コード": 13, "市区町村コード": 209, "所在地": "東京都町田市上小山田町２１４０", "緯度": 35.598535, "経度": 139.388992, "url": "https://www.iryou.teikyouseido.mhlw.go.jp/znk-web/juminkanja/S2430/initialize?prefCd=13&kikanCd=1137502670&kikanKbn=1", "url2": "https://www.kokoro-hospital.jp/", "内容": "医療法人社団天紀会　こころのホスピタル町田【1:病院】【診療科目:0】【一般病床数:0療養病床数:0精神病床数:378感染症病床数:0合計病床数:378】東京都町田市上小山田町２１４０" }, "geometry": { "type": "Point", "coordinates": [ 139.388992, 35.598535 ] } },
{ "type": "Feature", "properties": { "ID": 1311137502700, "正式名称": "社会医療法人社団正志会　南町田病院", "機関区分": 1, "都道府県コード": 13, "市区町村コード": 209, "所在地": "東京都町田市鶴間４－４－１", "緯度": 35.506907, "経度": 139.471351, "url": "https://www.iryou.teikyouseido.mhlw.go.jp/znk-web/juminkanja/S2430/initialize?prefCd=13&kikanCd=1137502700&kikanKbn=1", "url2": "https://www.mmhp.jp/", "内容": "社会医療法人社団正志会　南町田病院【1:病院】【診療科目:0】【一般病床数:222療養病床数:0精神病床数:0感染症病床数:0合計病床数:222】東京都町田市鶴間４－４－１" }, "geometry": { "type": "Point", "coordinates": [ 139.471351, 35.506907 ] } },
{ "type": "Feature", "properties": { "ID": 1311137502830, "正式名称": "医療法人社団慶泉会　町田慶泉病院", "機関区分": 1, "都道府県コード": 13, "市区町村コード": 209, "所在地": "東京都町田市南町田２－１－４７", "緯度": 35.521794, "経度": 139.470878, "url": "https://www.iryou.teikyouseido.mhlw.go.jp/znk-web/juminkanja/S2430/initialize?prefCd=13&kikanCd=1137502830&kikanKbn=1", "url2": "http://www.machida-keisen.com", "内容": "医療法人社団慶泉会　町田慶泉病院【1:病院】【診療科目:0】【一般病床数:53療養病床数:94精神病床数:0感染症病床数:0合計病床数:147】東京都町田市南町田２－１－４７" }, "geometry": { "type": "Point", "coordinates": [ 139.470878, 35.521794 ] } },
{ "type": "Feature", "properties": { "ID": 1311137502960, "正式名称": "医療法人社団　康心会　ふれあい町田ホスピタル", "機関区分": 1, "都道府県コード": 13, "市区町村コード": 209, "所在地": "東京都町田市小山ケ丘１－３－８", "緯度": 35.597701, "経度": 139.382632, "url": "https://www.iryou.teikyouseido.mhlw.go.jp/znk-web/juminkanja/S2430/initialize?prefCd=13&kikanCd=1137502960&kikanKbn=1", "url2": "http://fureai-g.or.jp/machida-hp/", "内容": "医療法人社団　康心会　ふれあい町田ホスピタル【1:病院】【診療科目:0】【一般病床数:199療養病床数:0精神病床数:0感染症病床数:0合計病床数:199】東京都町田市小山ケ丘１－３－８" }, "geometry": { "type": "Point", "coordinates": [ 139.382632, 35.597701 ] } },
{ "type": "Feature", "properties": { "ID": 1311137600390, "正式名称": "東京都立府中療育センター", "機関区分": 1, "都道府県コード": 13, "市区町村コード": 206, "所在地": "東京都府中市武蔵台２－９－２", "緯度": 35.691045, "経度": 139.463561, "url": "https://www.iryou.teikyouseido.mhlw.go.jp/znk-web/juminkanja/S2430/initialize?prefCd=13&kikanCd=1137600390&kikanKbn=1", "url2": "https://www.fukushi.metro.tokyo.lg.jp/shisetsu/jigyosyo/fuchuryo", "内容": "東京都立府中療育センター【1:病院】【診療科目:0】【一般病床数:260療養病床数:0精神病床数:0感染症病床数:0合計病床数:260】東京都府中市武蔵台２－９－２" }, "geometry": { "type": "Point", "coordinates": [ 139.463561, 35.691045 ] } },
{ "type": "Feature", "properties": { "ID": 1311137600420, "正式名称": "医療法人社団　根岸病院", "機関区分": 1, "都道府県コード": 13, "市区町村コード": 206, "所在地": "東京都府中市武蔵台２－１２－２", "緯度": 35.693554, "経度": 139.460732, "url": "https://www.iryou.teikyouseido.mhlw.go.jp/znk-web/juminkanja/S2430/initialize?prefCd=13&kikanCd=1137600420&kikanKbn=1", "url2": "https://negishi.or.jp/", "内容": "医療法人社団　根岸病院【1:病院】【診療科目:0】【一般病床数:0療養病床数:0精神病床数:426感染症病床数:0合計病床数:426】東京都府中市武蔵台２－１２－２" }, "geometry": { "type": "Point", "coordinates": [ 139.460732, 35.693554 ] } },
{ "type": "Feature", "properties": { "ID": 1311137600550, "正式名称": "医療法人社団慈敬会　府中医王病院", "機関区分": 1, "都道府県コード": 13, "市区町村コード": 206, "所在地": "東京都府中市晴見町１－２０", "緯度": 35.681416, "経度": 139.478342, "url": "https://www.iryou.teikyouseido.mhlw.go.jp/znk-web/juminkanja/S2430/initialize?prefCd=13&kikanCd=1137600550&kikanKbn=1", "url2": "http://www.fuchu-iou.info", "内容": "医療法人社団慈敬会　府中医王病院【1:病院】【診療科目:0】【一般病床数:40療養病床数:46精神病床数:0感染症病床数:0合計病床数:86】東京都府中市晴見町１－２０" }, "geometry": { "type": "Point", "coordinates": [ 139.478342, 35.681416 ] } },
{ "type": "Feature", "properties": { "ID": 1311137600680, "正式名称": "医療法人社団恵仁会　府中恵仁会病院", "機関区分": 1, "都道府県コード": 13, "市区町村コード": 206, "所在地": "東京都府中市住吉町５－２１－１", "緯度": 35.657057, "経度": 139.455484, "url": "https://www.iryou.teikyouseido.mhlw.go.jp/znk-web/juminkanja/S2430/initialize?prefCd=13&kikanCd=1137600680&kikanKbn=1", "url2": "http://www.fuchu-keijinkai.or.jp", "内容": "医療法人社団恵仁会　府中恵仁会病院【1:病院】【診療科目:0】【一般病床数:217療養病床数:0精神病床数:0感染症病床数:0合計病床数:217】東京都府中市住吉町５－２１－１" }, "geometry": { "type": "Point", "coordinates": [ 139.455484, 35.657057 ] } },
{ "type": "Feature", "properties": { "ID": 1311137600840, "正式名称": "医療法人社団喜平会　府中病院", "機関区分": 1, "都道府県コード": 13, "市区町村コード": 206, "所在地": "東京都府中市美好町１－２２", "緯度": 35.672834, "経度": 139.470066, "url": "https://www.iryou.teikyouseido.mhlw.go.jp/znk-web/juminkanja/S2430/initialize?prefCd=13&kikanCd=1137600840&kikanKbn=1", "url2": "https://www.fuchu-h.com", "内容": "医療法人社団喜平会　府中病院【1:病院】【診療科目:0】【一般病床数:60療養病床数:0精神病床数:0感染症病床数:0合計病床数:60】東京都府中市美好町１－２２" }, "geometry": { "type": "Point", "coordinates": [ 139.470066, 35.672834 ] } },
{ "type": "Feature", "properties": { "ID": 1311137600970, "正式名称": "医療法人社団新愛会　東府中病院", "機関区分": 1, "都道府県コード": 13, "市区町村コード": 206, "所在地": "東京都府中市若松町２－７－２０", "緯度": 35.671501, "経度": 139.495286, "url": "https://www.iryou.teikyouseido.mhlw.go.jp/znk-web/juminkanja/S2430/initialize?prefCd=13&kikanCd=1137600970&kikanKbn=1", "url2": "https://www.higashifuchu-hp.jp/", "内容": "医療法人社団新愛会　東府中病院【1:病院】【診療科目:0】【一般病床数:40療養病床数:0精神病床数:0感染症病床数:0合計病床数:40】東京都府中市若松町２－７－２０" }, "geometry": { "type": "Point", "coordinates": [ 139.495286, 35.671501 ] } },
{ "type": "Feature", "properties": { "ID": 1311137601010, "正式名称": "医療法人社団共済会　共済会櫻井病院", "機関区分": 1, "都道府県コード": 13, "市区町村コード": 206, "所在地": "東京都府中市是政２－３６", "緯度": 35.659225, "経度": 139.498258, "url": "https://www.iryou.teikyouseido.mhlw.go.jp/znk-web/juminkanja/S2430/initialize?prefCd=13&kikanCd=1137601010&kikanKbn=1", "url2": "http://www.sakuraihp.com/", "内容": "医療法人社団共済会　共済会櫻井病院【1:病院】【診療科目:0】【一般病床数:78療養病床数:34精神病床数:0感染症病床数:0合計病床数:112】東京都府中市是政２－３６" }, "geometry": { "type": "Point", "coordinates": [ 139.498258, 35.659225 ] } },
{ "type": "Feature", "properties": { "ID": 1311137601140, "正式名称": "地方独立行政法人東京都立病院機構　東京都立神経病院", "機関区分": 1, "都道府県コード": 13, "市区町村コード": 206, "所在地": "東京都府中市武蔵台２－６－１", "緯度": 35.690498, "経度": 139.46126, "url": "https://www.iryou.teikyouseido.mhlw.go.jp/znk-web/juminkanja/S2430/initialize?prefCd=13&kikanCd=1137601140&kikanKbn=1", "url2": "http://www.byouin.metro.tokyo.jp/tmnh/index.html", "内容": "地方独立行政法人東京都立病院機構　東京都立神経病院【1:病院】【診療科目:0】【一般病床数:304療養病床数:0精神病床数:0感染症病床数:0合計病床数:304】東京都府中市武蔵台２－６－１" }, "geometry": { "type": "Point", "coordinates": [ 139.46126, 35.690498 ] } },
{ "type": "Feature", "properties": { "ID": 1311137601270, "正式名称": "医療法人社団大慈会　慈秀病院", "機関区分": 1, "都道府県コード": 13, "市区町村コード": 206, "所在地": "東京都府中市白糸台３丁目１６番地の５号", "緯度": 35.666363, "経度": 139.516979, "url": "https://www.iryou.teikyouseido.mhlw.go.jp/znk-web/juminkanja/S2430/initialize?prefCd=13&kikanCd=1137601270&kikanKbn=1", "url2": "http://www.jishu-hp.jp/", "内容": "医療法人社団大慈会　慈秀病院【1:病院】【診療科目:0】【一般病床数:0療養病床数:88精神病床数:0感染症病床数:0合計病床数:88】東京都府中市白糸台３丁目１６番地の５号" }, "geometry": { "type": "Point", "coordinates": [ 139.516979, 35.666363 ] } },
{ "type": "Feature", "properties": { "ID": 1311137700160, "正式名称": "医療法人社団欣助会　吉祥寺病院", "機関区分": 1, "都道府県コード": 13, "市区町村コード": 208, "所在地": "東京都調布市深大寺北町４－１７－１", "緯度": 35.679918, "経度": 139.551753, "url": "https://www.iryou.teikyouseido.mhlw.go.jp/znk-web/juminkanja/S2430/initialize?prefCd=13&kikanCd=1137700160&kikanKbn=1", "url2": "http://www.kichijoji-hospital.com", "内容": "医療法人社団欣助会　吉祥寺病院【1:病院】【診療科目:0】【一般病床数:0療養病床数:0精神病床数:345感染症病床数:0合計病床数:345】東京都調布市深大寺北町４－１７－１" }, "geometry": { "type": "Point", "coordinates": [ 139.551753, 35.679918 ] } },
{ "type": "Feature", "properties": { "ID": 1311137700290, "正式名称": "医療法人社団大和会　多摩川病院", "機関区分": 1, "都道府県コード": 13, "市区町村コード": 208, "所在地": "東京都調布市国領町５－３１－１", "緯度": 35.648616, "経度": 139.554254, "url": "https://www.iryou.teikyouseido.mhlw.go.jp/znk-web/juminkanja/S2430/initialize?prefCd=13&kikanCd=1137700290&kikanKbn=1", "url2": "http://www.tamagawahp.jp", "内容": "医療法人社団大和会　多摩川病院【1:病院】【診療科目:0】【一般病床数:0療養病床数:167精神病床数:0感染症病床数:0合計病床数:167】東京都調布市国領町５－３１－１" }, "geometry": { "type": "Point", "coordinates": [ 139.554254, 35.648616 ] } },
{ "type": "Feature", "properties": { "ID": 1311137700320, "正式名称": "医療法人社団青山会　青木病院", "機関区分": 1, "都道府県コード": 13, "市区町村コード": 208, "所在地": "東京都調布市上石原３－３３－１７", "緯度": 35.650587, "経度": 139.525145, "url": "https://www.iryou.teikyouseido.mhlw.go.jp/znk-web/juminkanja/S2430/initialize?prefCd=13&kikanCd=1137700320&kikanKbn=1", "url2": "http://aoki-hospital.jp", "内容": "医療法人社団青山会　青木病院【1:病院】【診療科目:0】【一般病床数:50療養病床数:0精神病床数:270感染症病床数:0合計病床数:320】東京都調布市上石原３－３３－１７" }, "geometry": { "type": "Point", "coordinates": [ 139.525145, 35.650587 ] } },
{ "type": "Feature", "properties": { "ID": 1311137700450, "正式名称": "医療法人社団　桐光会　調布病院", "機関区分": 1, "都道府県コード": 13, "市区町村コード": 208, "所在地": "東京都調布市下石原３－４５－１", "緯度": 35.651004, "経度": 139.532784, "url": "https://www.iryou.teikyouseido.mhlw.go.jp/znk-web/juminkanja/S2430/initialize?prefCd=13&kikanCd=1137700450&kikanKbn=1", "url2": "http://www.tokokai.or.jp", "内容": "医療法人社団　桐光会　調布病院【1:病院】【診療科目:0】【一般病床数:118療養病床数:22精神病床数:0感染症病床数:0合計病床数:140】東京都調布市下石原３－４５－１" }, "geometry": { "type": "Point", "coordinates": [ 139.532784, 35.651004 ] } },
{ "type": "Feature", "properties": { "ID": 1311137700580, "正式名称": "特定医療法人社団研精会　東京さつきホスピタル", "機関区分": 1, "都道府県コード": 13, "市区町村コード": 208, "所在地": "東京都調布市東つつじケ丘２－２７－１", "緯度": 35.656421, "経度": 139.577057, "url": "https://www.iryou.teikyouseido.mhlw.go.jp/znk-web/juminkanja/S2430/initialize?prefCd=13&kikanCd=1137700580&kikanKbn=1", "url2": "https://tokyo-satsuki.jp/", "内容": "特定医療法人社団研精会　東京さつきホスピタル【1:病院】【診療科目:0】【一般病床数:0療養病床数:0精神病床数:156感染症病床数:0合計病床数:156】東京都調布市東つつじケ丘２－２７－１" }, "geometry": { "type": "Point", "coordinates": [ 139.577057, 35.656421 ] } },
{ "type": "Feature", "properties": { "ID": 1311137700610, "正式名称": "医療法人社団　飯野病院", "機関区分": 1, "都道府県コード": 13, "市区町村コード": 208, "所在地": "東京都調布市布田４－３－２", "緯度": 35.651198, "経度": 139.545033, "url": "https://www.iryou.teikyouseido.mhlw.go.jp/znk-web/juminkanja/S2430/initialize?prefCd=13&kikanCd=1137700610&kikanKbn=1", "url2": "https://iino-hospital.or.jp/", "内容": "医療法人社団　飯野病院【1:病院】【診療科目:0】【一般病床数:61療養病床数:0精神病床数:0感染症病床数:0合計病床数:61】東京都調布市布田４－３－２" }, "geometry": { "type": "Point", "coordinates": [ 139.545033, 35.651198 ] } },
{ "type": "Feature", "properties": { "ID": 1311137700740, "正式名称": "医療法人社団大坪会　北多摩病院", "機関区分": 1, "都道府県コード": 13, "市区町村コード": 208, "所在地": "東京都調布市調布ケ丘４－１－１", "緯度": 35.659586, "経度": 139.543754, "url": "https://www.iryou.teikyouseido.mhlw.go.jp/znk-web/juminkanja/S2430/initialize?prefCd=13&kikanCd=1137700740&kikanKbn=1", "url2": "http://www.kitatamahospital.net/", "内容": "医療法人社団大坪会　北多摩病院【1:病院】【診療科目:0】【一般病床数:169療養病床数:90精神病床数:0感染症病床数:0合計病床数:259】東京都調布市調布ケ丘４－１－１" }, "geometry": { "type": "Point", "coordinates": [ 139.543754, 35.659586 ] } },
{ "type": "Feature", "properties": { "ID": 1311137700900, "正式名称": "東京慈恵会医科大学西部医療センター", "機関区分": 1, "都道府県コード": 13, "市区町村コード": 219, "所在地": "東京都狛江市和泉本町４－１１－１", "緯度": 35.644616, "経度": 139.566142, "url": "https://www.iryou.teikyouseido.mhlw.go.jp/znk-web/juminkanja/S2430/initialize?prefCd=13&kikanCd=1137700900&kikanKbn=1", "url2": "https://www.jikei.ac.jp/hospital/west-medical-center/", "内容": "東京慈恵会医科大学西部医療センター【1:病院】【診療科目:0】【一般病床数:534療養病床数:0精神病床数:0感染症病床数:0合計病床数:534】東京都狛江市和泉本町４－１１－１" }, "geometry": { "type": "Point", "coordinates": [ 139.566142, 35.644616 ] } },
{ "type": "Feature", "properties": { "ID": 1311137701040, "正式名称": "医療法人社団豊徳会　介護医療院東京多摩病院", "機関区分": 1, "都道府県コード": 13, "市区町村コード": 219, "所在地": "東京都狛江市岩戸南２－２－３", "緯度": 35.631812, "経度": 139.58653, "url": "https://www.iryou.teikyouseido.mhlw.go.jp/znk-web/juminkanja/S2430/initialize?prefCd=13&kikanCd=1137701040&kikanKbn=1", "url2": "http://tokyotama.or.jp/", "内容": "医療法人社団豊徳会　介護医療院東京多摩病院【1:病院】【診療科目:0】【一般病床数:0療養病床数:136精神病床数:0感染症病床数:0合計病床数:136】東京都狛江市岩戸南２－２－３" }, "geometry": { "type": "Point", "coordinates": [ 139.58653, 35.631812 ] } },
{ "type": "Feature", "properties": { "ID": 1311137701170, "正式名称": "医療法人社団東山会　調布東山病院", "機関区分": 1, "都道府県コード": 13, "市区町村コード": 208, "所在地": "東京都調布市小島町２－３２－１７", "緯度": 35.651921, "経度": 139.541727, "url": "https://www.iryou.teikyouseido.mhlw.go.jp/znk-web/juminkanja/S2430/initialize?prefCd=13&kikanCd=1137701170&kikanKbn=1", "url2": "https://www.touzan.or.jp/", "内容": "医療法人社団東山会　調布東山病院【1:病院】【診療科目:0】【一般病床数:83療養病床数:0精神病床数:0感染症病床数:0合計病床数:83】東京都調布市小島町２－３２－１７" }, "geometry": { "type": "Point", "coordinates": [ 139.541727, 35.651921 ] } },
{ "type": "Feature", "properties": { "ID": 1311137800190, "正式名称": "医療法人社団　総合会　武蔵野中央病院", "機関区分": 1, "都道府県コード": 13, "市区町村コード": 210, "所在地": "東京都小金井市東町１－４４－２６", "緯度": 35.693666, "経度": 139.530032, "url": "https://www.iryou.teikyouseido.mhlw.go.jp/znk-web/juminkanja/S2430/initialize?prefCd=13&kikanCd=1137800190&kikanKbn=1", "url2": "http://www.musashino-chuou.com", "内容": "医療法人社団　総合会　武蔵野中央病院【1:病院】【診療科目:0】【一般病床数:38療養病床数:57精神病床数:203感染症病床数:0合計病床数:298】東京都小金井市東町１－４４－２６" }, "geometry": { "type": "Point", "coordinates": [ 139.530032, 35.693666 ] } },
{ "type": "Feature", "properties": { "ID": 1311137800220, "正式名称": "医療法人財団美生会　小金井病院", "機関区分": 1, "都道府県コード": 13, "市区町村コード": 210, "所在地": "東京都小金井市前原町４－４－４７", "緯度": 35.6865, "経度": 139.503812, "url": "https://www.iryou.teikyouseido.mhlw.go.jp/znk-web/juminkanja/S2430/initialize?prefCd=13&kikanCd=1137800220&kikanKbn=1", "url2": "http://koganei-hp.com", "内容": "医療法人財団美生会　小金井病院【1:病院】【診療科目:0】【一般病床数:0療養病床数:0精神病床数:300感染症病床数:0合計病床数:300】東京都小金井市前原町４－４－４７" }, "geometry": { "type": "Point", "coordinates": [ 139.503812, 35.6865 ] } },
{ "type": "Feature", "properties": { "ID": 1311137800350, "正式名称": "社会福祉法人聖ヨハネ会　桜町病院", "機関区分": 1, "都道府県コード": 13, "市区町村コード": 210, "所在地": "東京都小金井市桜町１－２－２０", "緯度": 35.709942, "経度": 139.511644, "url": "https://www.iryou.teikyouseido.mhlw.go.jp/znk-web/juminkanja/S2430/initialize?prefCd=13&kikanCd=1137800350&kikanKbn=1", "url2": "http://www.seiyohanekai.or.jp/sakuramachi-hp/", "内容": "社会福祉法人聖ヨハネ会　桜町病院【1:病院】【診療科目:0】【一般病床数:155療養病床数:27精神病床数:0感染症病床数:0合計病床数:182】東京都小金井市桜町１－２－２０" }, "geometry": { "type": "Point", "coordinates": [ 139.511644, 35.709942 ] } },
{ "type": "Feature", "properties": { "ID": 1311137800480, "正式名称": "医療法人社団大日会　小金井太陽病院", "機関区分": 1, "都道府県コード": 13, "市区町村コード": 210, "所在地": "東京都小金井市本町１－９－１７", "緯度": 35.699748, "経度": 139.507783, "url": "https://www.iryou.teikyouseido.mhlw.go.jp/znk-web/juminkanja/S2430/initialize?prefCd=13&kikanCd=1137800480&kikanKbn=1", "url2": "http://www.koganei-taiyo.com/", "内容": "医療法人社団大日会　小金井太陽病院【1:病院】【診療科目:0】【一般病床数:55療養病床数:60精神病床数:0感染症病床数:0合計病床数:115】東京都小金井市本町１－９－１７" }, "geometry": { "type": "Point", "coordinates": [ 139.507783, 35.699748 ] } },
{ "type": "Feature", "properties": { "ID": 1311137800640, "正式名称": "社会福祉法人　浴光会　国分寺病院", "機関区分": 1, "都道府県コード": 13, "市区町村コード": 214, "所在地": "東京都国分寺市東恋ケ窪４－２－２", "緯度": 35.706525, "経度": 139.469425, "url": "https://www.iryou.teikyouseido.mhlw.go.jp/znk-web/juminkanja/S2430/initialize?prefCd=13&kikanCd=1137800640&kikanKbn=1", "url2": "https://kh.yokukou.net/", "内容": "社会福祉法人　浴光会　国分寺病院【1:病院】【診療科目:0】【一般病床数:42療養病床数:116精神病床数:0感染症病床数:0合計病床数:158】東京都国分寺市東恋ケ窪４－２－２" }, "geometry": { "type": "Point", "coordinates": [ 139.469425, 35.706525 ] } },
{ "type": "Feature", "properties": { "ID": 1311137800770, "正式名称": "医療法人社団啓医会　国分寺内科中央病院", "機関区分": 1, "都道府県コード": 13, "市区町村コード": 214, "所在地": "東京都国分寺市東元町２－３－１９", "緯度": 35.692693, "経度": 139.483147, "url": "https://www.iryou.teikyouseido.mhlw.go.jp/znk-web/juminkanja/S2430/initialize?prefCd=13&kikanCd=1137800770&kikanKbn=1", "url2": "http://www.keiikai.jp/", "内容": "医療法人社団啓医会　国分寺内科中央病院【1:病院】【診療科目:0】【一般病床数:0療養病床数:93精神病床数:0感染症病床数:0合計病床数:93】東京都国分寺市東元町２－３－１９" }, "geometry": { "type": "Point", "coordinates": [ 139.483147, 35.692693 ] } },
{ "type": "Feature", "properties": { "ID": 1311137900250, "正式名称": "国家公務員共済組合連合会　立川病院", "機関区分": 1, "都道府県コード": 13, "市区町村コード": 202, "所在地": "東京都立川市錦町４－２－２２", "緯度": 35.692664, "経度": 139.422124, "url": "https://www.iryou.teikyouseido.mhlw.go.jp/znk-web/juminkanja/S2430/initialize?prefCd=13&kikanCd=1137900250&kikanKbn=1", "url2": "https://tachikawa-hosp.kkr.or.jp/", "内容": "国家公務員共済組合連合会　立川病院【1:病院】【診療科目:0】【一般病床数:406療養病床数:0精神病床数:38感染症病床数:6合計病床数:450】東京都立川市錦町４－２－２２" }, "geometry": { "type": "Point", "coordinates": [ 139.422124, 35.692664 ] } },
{ "type": "Feature", "properties": { "ID": 1311137900380, "正式名称": "医療法人財団　立川中央病院", "機関区分": 1, "都道府県コード": 13, "市区町村コード": 202, "所在地": "東京都立川市柴崎町２－１７－１４", "緯度": 35.695802, "経度": 139.407209, "url": "https://www.iryou.teikyouseido.mhlw.go.jp/znk-web/juminkanja/S2430/initialize?prefCd=13&kikanCd=1137900380&kikanKbn=1", "url2": "http://www.tactis.or.jp", "内容": "医療法人財団　立川中央病院【1:病院】【診療科目:0】【一般病床数:79療養病床数:36精神病床数:0感染症病床数:0合計病床数:115】東京都立川市柴崎町２－１７－１４" }, "geometry": { "type": "Point", "coordinates": [ 139.407209, 35.695802 ] } },
{ "type": "Feature", "properties": { "ID": 1311137900410, "正式名称": "医療法人財団　川野病院", "機関区分": 1, "都道府県コード": 13, "市区町村コード": 202, "所在地": "東京都立川市錦町１－７－５", "緯度": 35.695941, "経度": 139.418541, "url": "https://www.iryou.teikyouseido.mhlw.go.jp/znk-web/juminkanja/S2430/initialize?prefCd=13&kikanCd=1137900410&kikanKbn=1", "url2": "http://www.kawano.or.jp/", "内容": "医療法人財団　川野病院【1:病院】【診療科目:0】【一般病床数:50療養病床数:25精神病床数:0感染症病床数:0合計病床数:75】東京都立川市錦町１－７－５" }, "geometry": { "type": "Point", "coordinates": [ 139.418541, 35.695941 ] } },
{ "type": "Feature", "properties": { "ID": 1311137900960, "正式名称": "医療法人社団　竹口病院", "機関区分": 1, "都道府県コード": 13, "市区町村コード": 207, "所在地": "東京都昭島市玉川町４丁目６番３２号", "緯度": 35.705245, "経度": 139.37971, "url": "https://www.iryou.teikyouseido.mhlw.go.jp/znk-web/juminkanja/S2430/initialize?prefCd=13&kikanCd=1137900960&kikanKbn=1", "url2": "http://www.takeguchi.or.jp", "内容": "医療法人社団　竹口病院【1:病院】【診療科目:0】【一般病床数:112療養病床数:54精神病床数:0感染症病床数:0合計病床数:166】東京都昭島市玉川町４丁目６番３２号" }, "geometry": { "type": "Point", "coordinates": [ 139.37971, 35.705245 ] } },
{ "type": "Feature", "properties": { "ID": 1311137901000, "正式名称": "社会福祉法人恩賜財団東京都同胞援護会　昭島病院", "機関区分": 1, "都道府県コード": 13, "市区町村コード": 207, "所在地": "東京都昭島市中神町１２６０", "緯度": 35.709856, "経度": 139.381627, "url": "https://www.iryou.teikyouseido.mhlw.go.jp/znk-web/juminkanja/S2430/initialize?prefCd=13&kikanCd=1137901000&kikanKbn=1", "url2": "http://www.aki-hp.jp/", "内容": "社会福祉法人恩賜財団東京都同胞援護会　昭島病院【1:病院】【診療科目:0】【一般病床数:199療養病床数:0精神病床数:0感染症病床数:0合計病床数:199】東京都昭島市中神町１２６０" }, "geometry": { "type": "Point", "coordinates": [ 139.381627, 35.709856 ] } },
{ "type": "Feature", "properties": { "ID": 1311137901260, "正式名称": "医療法人社団潮友会　うしお病院", "機関区分": 1, "都道府県コード": 13, "市区町村コード": 207, "所在地": "東京都昭島市武蔵野２－７－１２", "緯度": 35.721438, "経度": 139.377349, "url": "https://www.iryou.teikyouseido.mhlw.go.jp/znk-web/juminkanja/S2430/initialize?prefCd=13&kikanCd=1137901260&kikanKbn=1", "url2": "http://www.usio-hp.com/", "内容": "医療法人社団潮友会　うしお病院【1:病院】【診療科目:0】【一般病床数:60療養病床数:0精神病床数:0感染症病床数:0合計病床数:60】東京都昭島市武蔵野２－７－１２" }, "geometry": { "type": "Point", "coordinates": [ 139.377349, 35.721438 ] } },
{ "type": "Feature", "properties": { "ID": 1311137901390, "正式名称": "社会医療法人社団健生会　あきしま相互病院", "機関区分": 1, "都道府県コード": 13, "市区町村コード": 207, "所在地": "東京都昭島市もくせいの杜２－２－１", "緯度": 35.718633, "経度": 139.384265, "url": "https://www.iryou.teikyouseido.mhlw.go.jp/znk-web/juminkanja/S2430/initialize?prefCd=13&kikanCd=1137901390&kikanKbn=1", "url2": "https://www.t-kenseikai.jp/akishima/", "内容": "社会医療法人社団健生会　あきしま相互病院【1:病院】【診療科目:0】【一般病床数:0療養病床数:199精神病床数:0感染症病床数:0合計病床数:199】東京都昭島市もくせいの杜２－２－１" }, "geometry": { "type": "Point", "coordinates": [ 139.384265, 35.718633 ] } },
{ "type": "Feature", "properties": { "ID": 1311137901420, "正式名称": "医療法人社団大日会　太陽こども病院", "機関区分": 1, "都道府県コード": 13, "市区町村コード": 207, "所在地": "東京都昭島市松原町１－２－１", "緯度": 35.713022, "経度": 139.358295, "url": "https://www.iryou.teikyouseido.mhlw.go.jp/znk-web/juminkanja/S2430/initialize?prefCd=13&kikanCd=1137901420&kikanKbn=1", "url2": "http://taiyo-hp.com", "内容": "医療法人社団大日会　太陽こども病院【1:病院】【診療科目:0】【一般病床数:33療養病床数:0精神病床数:0感染症病床数:0合計病床数:33】東京都昭島市松原町１－２－１" }, "geometry": { "type": "Point", "coordinates": [ 139.358295, 35.713022 ] } },
{ "type": "Feature", "properties": { "ID": 1311137901710, "正式名称": "独立行政法人国立病院機構村山医療センター", "機関区分": 1, "都道府県コード": 13, "市区町村コード": 223, "所在地": "東京都武蔵村山市学園２－３７－１", "緯度": 35.746602, "経度": 139.39879, "url": "https://www.iryou.teikyouseido.mhlw.go.jp/znk-web/juminkanja/S2430/initialize?prefCd=13&kikanCd=1137901710&kikanKbn=1", "url2": "https://murayama.hosp.go.jp", "内容": "独立行政法人国立病院機構村山医療センター【1:病院】【診療科目:0】【一般病床数:303療養病床数:0精神病床数:0感染症病床数:0合計病床数:303】東京都武蔵村山市学園２－３７－１" }, "geometry": { "type": "Point", "coordinates": [ 139.39879, 35.746602 ] } },
{ "type": "Feature", "properties": { "ID": 1311137901840, "正式名称": "社会福祉法人鶴風会　東京小児療育病院", "機関区分": 1, "都道府県コード": 13, "市区町村コード": 223, "所在地": "東京都武蔵村山市学園４－１０－１", "緯度": 35.744103, "経度": 139.397763, "url": "https://www.iryou.teikyouseido.mhlw.go.jp/znk-web/juminkanja/S2430/initialize?prefCd=13&kikanCd=1137901840&kikanKbn=1", "url2": "https://www.kakufuh.com/tokyo_s/index.html", "内容": "社会福祉法人鶴風会　東京小児療育病院【1:病院】【診療科目:0】【一般病床数:176療養病床数:0精神病床数:0感染症病床数:0合計病床数:176】東京都武蔵村山市学園４－１０－１" }, "geometry": { "type": "Point", "coordinates": [ 139.397763, 35.744103 ] } },
{ "type": "Feature", "properties": { "ID": 1311137901970, "正式名称": "医療法人社団清峰会　村山中央病院", "機関区分": 1, "都道府県コード": 13, "市区町村コード": 223, "所在地": "東京都武蔵村山市中藤５－７０", "緯度": 35.760157, "経度": 139.407761, "url": "https://www.iryou.teikyouseido.mhlw.go.jp/znk-web/juminkanja/S2430/initialize?prefCd=13&kikanCd=1137901970&kikanKbn=1", "url2": "http://www.murachu.com", "内容": "医療法人社団清峰会　村山中央病院【1:病院】【診療科目:0】【一般病床数:0療養病床数:60精神病床数:0感染症病床数:0合計病床数:60】東京都武蔵村山市中藤５－７０" }, "geometry": { "type": "Point", "coordinates": [ 139.407761, 35.760157 ] } },
{ "type": "Feature", "properties": { "ID": 1311137902010, "正式名称": "社会医療法人社団健生会　立川相互病院", "機関区分": 1, "都道府県コード": 13, "市区町村コード": 202, "所在地": "東京都立川市緑町４－１", "緯度": 35.703663, "経度": 139.413236, "url": "https://www.iryou.teikyouseido.mhlw.go.jp/znk-web/juminkanja/S2430/initialize?prefCd=13&kikanCd=1137902010&kikanKbn=1", "url2": "http://www.t-kenseikai.jp/tachisou", "内容": "社会医療法人社団健生会　立川相互病院【1:病院】【診療科目:0】【一般病床数:287療養病床数:0精神病床数:0感染症病床数:0合計病床数:287】東京都立川市緑町４－１" }, "geometry": { "type": "Point", "coordinates": [ 139.413236, 35.703663 ] } },
{ "type": "Feature", "properties": { "ID": 1311137902270, "正式名称": "医療法人社団五葉会　永井産婦人科病院", "機関区分": 1, "都道府県コード": 13, "市区町村コード": 202, "所在地": "東京都立川市幸町４－２７－１", "緯度": 35.722522, "経度": 139.430983, "url": "https://www.iryou.teikyouseido.mhlw.go.jp/znk-web/juminkanja/S2430/initialize?prefCd=13&kikanCd=1137902270&kikanKbn=1", "url2": "https://www.nagai-h.com/", "内容": "医療法人社団五葉会　永井産婦人科病院【1:病院】【診療科目:0】【一般病床数:40療養病床数:0精神病床数:0感染症病床数:0合計病床数:40】東京都立川市幸町４－２７－１" }, "geometry": { "type": "Point", "coordinates": [ 139.430983, 35.722522 ] } },
{ "type": "Feature", "properties": { "ID": 1311137902430, "正式名称": "独立行政法人国立病院機構災害医療センター", "機関区分": 1, "都道府県コード": 13, "市区町村コード": 202, "所在地": "東京都立川市緑町３２５６", "緯度": 35.70744, "経度": 139.40943, "url": "https://www.iryou.teikyouseido.mhlw.go.jp/znk-web/juminkanja/S2430/initialize?prefCd=13&kikanCd=1137902430&kikanKbn=1", "url2": "https://saigai.hosp.go.jp/", "内容": "独立行政法人国立病院機構災害医療センター【1:病院】【診療科目:0】【一般病床数:455療養病床数:0精神病床数:0感染症病床数:0合計病床数:455】東京都立川市緑町３２５６" }, "geometry": { "type": "Point", "coordinates": [ 139.40943, 35.70744 ] } },
{ "type": "Feature", "properties": { "ID": 1311138000160, "正式名称": "武蔵野赤十字病院", "機関区分": 1, "都道府県コード": 13, "市区町村コード": 203, "所在地": "東京都武蔵野市境南町１－２６－１", "緯度": 35.696083, "経度": 139.54803, "url": "https://www.iryou.teikyouseido.mhlw.go.jp/znk-web/juminkanja/S2430/initialize?prefCd=13&kikanCd=1138000160&kikanKbn=1", "url2": "http://www.musashino.jrc.or.jp/", "内容": "武蔵野赤十字病院【1:病院】【診療科目:0】【一般病床数:566療養病床数:0精神病床数:0感染症病床数:20合計病床数:586】東京都武蔵野市境南町１－２６－１" }, "geometry": { "type": "Point", "coordinates": [ 139.54803, 35.696083 ] } },
{ "type": "Feature", "properties": { "ID": 1311138000290, "正式名称": "一般財団法人天誠会　武蔵境病院", "機関区分": 1, "都道府県コード": 13, "市区町村コード": 203, "所在地": "東京都武蔵野市境１－１８－６", "緯度": 35.703415, "経度": 139.54728, "url": "https://www.iryou.teikyouseido.mhlw.go.jp/znk-web/juminkanja/S2430/initialize?prefCd=13&kikanCd=1138000290&kikanKbn=1", "url2": "https://tenseikai.jp/sakai-hosp/", "内容": "一般財団法人天誠会　武蔵境病院【1:病院】【診療科目:0】【一般病床数:0療養病床数:44精神病床数:0感染症病床数:0合計病床数:44】東京都武蔵野市境１－１８－６" }, "geometry": { "type": "Point", "coordinates": [ 139.54728, 35.703415 ] } },
{ "type": "Feature", "properties": { "ID": 1311138000450, "正式名称": "武蔵野陽和会病院", "機関区分": 1, "都道府県コード": 13, "市区町村コード": 203, "所在地": "東京都武蔵野市緑町２－１－３３", "緯度": 35.716553, "経度": 139.565361, "url": "https://www.iryou.teikyouseido.mhlw.go.jp/znk-web/juminkanja/S2430/initialize?prefCd=13&kikanCd=1138000450&kikanKbn=1", "url2": "http://www.yohwakai.com", "内容": "武蔵野陽和会病院【1:病院】【診療科目:0】【一般病床数:103療養病床数:0精神病床数:0感染症病床数:0合計病床数:103】東京都武蔵野市緑町２－１－３３" }, "geometry": { "type": "Point", "coordinates": [ 139.565361, 35.716553 ] } },
{ "type": "Feature", "properties": { "ID": 1311138000870, "正式名称": "三鷹北病院", "機関区分": 1, "都道府県コード": 13, "市区町村コード": 203, "所在地": "東京都武蔵野市中町２－２－４", "緯度": 35.706665, "経度": 139.561168, "url": "https://www.iryou.teikyouseido.mhlw.go.jp/znk-web/juminkanja/S2430/initialize?prefCd=13&kikanCd=1138000870&kikanKbn=1", "url2": "https://mitakakita-hospital.com/", "内容": "三鷹北病院【1:病院】【診療科目:0】【一般病床数:59療養病床数:0精神病床数:0感染症病床数:0合計病床数:59】東京都武蔵野市中町２－２－４" }, "geometry": { "type": "Point", "coordinates": [ 139.561168, 35.706665 ] } },
{ "type": "Feature", "properties": { "ID": 1311138000900, "正式名称": "医療法人社団成友会　小森病院", "機関区分": 1, "都道府県コード": 13, "市区町村コード": 203, "所在地": "東京都武蔵野市関前３－３－１５", "緯度": 35.71347, "経度": 139.557306, "url": "https://www.iryou.teikyouseido.mhlw.go.jp/znk-web/juminkanja/S2430/initialize?prefCd=13&kikanCd=1138000900&kikanKbn=1", "url2": "http://www.komori-hs.net", "内容": "医療法人社団成友会　小森病院【1:病院】【診療科目:0】【一般病床数:0療養病床数:57精神病床数:0感染症病床数:0合計病床数:57】東京都武蔵野市関前３－３－１５" }, "geometry": { "type": "Point", "coordinates": [ 139.557306, 35.71347 ] } },
{ "type": "Feature", "properties": { "ID": 1311138100190, "正式名称": "公益財団法人　井之頭病院", "機関区分": 1, "都道府県コード": 13, "市区町村コード": 204, "所在地": "東京都三鷹市上連雀４－１４－１", "緯度": 35.696833, "経度": 139.557641, "url": "https://www.iryou.teikyouseido.mhlw.go.jp/znk-web/juminkanja/S2430/initialize?prefCd=13&kikanCd=1138100190&kikanKbn=1", "url2": "https://www.inokashira-hp.or.jp", "内容": "公益財団法人　井之頭病院【1:病院】【診療科目:0】【一般病床数:0療養病床数:0精神病床数:640感染症病床数:0合計病床数:640】東京都三鷹市上連雀４－１４－１" }, "geometry": { "type": "Point", "coordinates": [ 139.557641, 35.696833 ] } },
{ "type": "Feature", "properties": { "ID": 1311138100350, "正式名称": "医療法人財団慈生会　野村病院", "機関区分": 1, "都道府県コード": 13, "市区町村コード": 204, "所在地": "東京都三鷹市下連雀８－３－６", "緯度": 35.685084, "経度": 139.568029, "url": "https://www.iryou.teikyouseido.mhlw.go.jp/znk-web/juminkanja/S2430/initialize?prefCd=13&kikanCd=1138100350&kikanKbn=1", "url2": "https://www.nomura.or.jp/access.html", "内容": "医療法人財団慈生会　野村病院【1:病院】【診療科目:0】【一般病床数:89療養病床数:44精神病床数:0感染症病床数:0合計病床数:133】東京都三鷹市下連雀８－３－６" }, "geometry": { "type": "Point", "coordinates": [ 139.568029, 35.685084 ] } },
{ "type": "Feature", "properties": { "ID": 1311138100480, "正式名称": "医療法人社団積信会　長谷川病院", "機関区分": 1, "都道府県コード": 13, "市区町村コード": 204, "所在地": "東京都三鷹市大沢２－２０－３６", "緯度": 35.675112, "経度": 139.533088, "url": "https://www.iryou.teikyouseido.mhlw.go.jp/znk-web/juminkanja/S2430/initialize?prefCd=13&kikanCd=1138100480&kikanKbn=1", "url2": "http://www.hasegawa-hp.or.jp", "内容": "医療法人社団積信会　長谷川病院【1:病院】【診療科目:0】【一般病床数:39療養病床数:0精神病床数:551感染症病床数:0合計病床数:590】東京都三鷹市大沢２－２０－３６" }, "geometry": { "type": "Point", "coordinates": [ 139.533088, 35.675112 ] } },
{ "type": "Feature", "properties": { "ID": 1311138100510, "正式名称": "医療法人財団紘友会　三鷹病院", "機関区分": 1, "都道府県コード": 13, "市区町村コード": 204, "所在地": "東京都三鷹市下連雀５－１－１２", "緯度": 35.690361, "経度": 139.572278, "url": "https://www.iryou.teikyouseido.mhlw.go.jp/znk-web/juminkanja/S2430/initialize?prefCd=13&kikanCd=1138100510&kikanKbn=1", "url2": "http://www.mitakabyoin.or.jp", "内容": "医療法人財団紘友会　三鷹病院【1:病院】【診療科目:0】【一般病床数:47療養病床数:54精神病床数:0感染症病床数:0合計病床数:101】東京都三鷹市下連雀５－１－１２" }, "geometry": { "type": "Point", "coordinates": [ 139.572278, 35.690361 ] } },
{ "type": "Feature", "properties": { "ID": 1311138100640, "正式名称": "医療法人社団永寿会　三鷹中央病院", "機関区分": 1, "都道府県コード": 13, "市区町村コード": 204, "所在地": "東京都三鷹市上連雀５－２３－１０", "緯度": 35.694805, "経度": 139.552335, "url": "https://www.iryou.teikyouseido.mhlw.go.jp/znk-web/juminkanja/S2430/initialize?prefCd=13&kikanCd=1138100640&kikanKbn=1", "url2": "https://eiju.webmedipr.jp", "内容": "医療法人社団永寿会　三鷹中央病院【1:病院】【診療科目:0】【一般病床数:122療養病床数:0精神病床数:0感染症病床数:0合計病床数:122】東京都三鷹市上連雀５－２３－１０" }, "geometry": { "type": "Point", "coordinates": [ 139.552335, 35.694805 ] } },
{ "type": "Feature", "properties": { "ID": 1311138100770, "正式名称": "杏林大学医学部付属病院", "機関区分": 1, "都道府県コード": 13, "市区町村コード": 204, "所在地": "東京都三鷹市新川６－２０－２", "緯度": 35.67689, "経度": 139.564974, "url": "https://www.iryou.teikyouseido.mhlw.go.jp/znk-web/juminkanja/S2430/initialize?prefCd=13&kikanCd=1138100770&kikanKbn=1", "url2": "http://www.kyorin-u.ac.jp/hospital", "内容": "杏林大学医学部付属病院【1:病院】【診療科目:0】【一般病床数:1023療養病床数:0精神病床数:32感染症病床数:0合計病床数:1055】東京都三鷹市新川６－２０－２" }, "geometry": { "type": "Point", "coordinates": [ 139.564974, 35.67689 ] } },
{ "type": "Feature", "properties": { "ID": 1311138200250, "正式名称": "医療法人社団時正会　佐々総合病院", "機関区分": 1, "都道府県コード": 13, "市区町村コード": 229, "所在地": "東京都西東京市田無町４－２４－１５", "緯度": 35.729496, "経度": 139.538696, "url": "https://www.iryou.teikyouseido.mhlw.go.jp/znk-web/juminkanja/S2430/initialize?prefCd=13&kikanCd=1138200250&kikanKbn=1", "url2": "http://www.sassa-hospital.com/", "内容": "医療法人社団時正会　佐々総合病院【1:病院】【診療科目:0】【一般病床数:183療養病床数:0精神病床数:0感染症病床数:0合計病床数:183】東京都西東京市田無町４－２４－１５" }, "geometry": { "type": "Point", "coordinates": [ 139.538696, 35.729496 ] } },
{ "type": "Feature", "properties": { "ID": 1311138200380, "正式名称": "医療法人社団薫風会　山田病院", "機関区分": 1, "都道府県コード": 13, "市区町村コード": 229, "所在地": "東京都西東京市南町３－４－１０", "緯度": 35.726551, "経度": 139.541363, "url": "https://www.iryou.teikyouseido.mhlw.go.jp/znk-web/juminkanja/S2430/initialize?prefCd=13&kikanCd=1138200380&kikanKbn=1", "url2": "http://www.yamada-hosp.or.jp", "内容": "医療法人社団薫風会　山田病院【1:病院】【診療科目:0】【一般病床数:0療養病床数:0精神病床数:306感染症病床数:0合計病床数:306】東京都西東京市南町３－４－１０" }, "geometry": { "type": "Point", "coordinates": [ 139.541363, 35.726551 ] } },
{ "type": "Feature", "properties": { "ID": 1311138200410, "正式名称": "医療法人社団東光会　西東京中央総合病院", "機関区分": 1, "都道府県コード": 13, "市区町村コード": 229, "所在地": "東京都西東京市芝久保町２－４－１９", "緯度": 35.726635, "経度": 139.531669, "url": "https://www.iryou.teikyouseido.mhlw.go.jp/znk-web/juminkanja/S2430/initialize?prefCd=13&kikanCd=1138200410&kikanKbn=1", "url2": "http://www.nishitokyo-chuobyoin.jp", "内容": "医療法人社団東光会　西東京中央総合病院【1:病院】【診療科目:0】【一般病床数:270療養病床数:0精神病床数:0感染症病床数:0合計病床数:270】東京都西東京市芝久保町２－４－１９" }, "geometry": { "type": "Point", "coordinates": [ 139.531669, 35.726635 ] } },
{ "type": "Feature", "properties": { "ID": 1311138200540, "正式名称": "医療法人社団花みずき会　　保谷厚生病院", "機関区分": 1, "都道府県コード": 13, "市区町村コード": 229, "所在地": "東京都西東京市栄町１－１７－１８", "緯度": 35.748549, "経度": 139.557388, "url": "https://www.iryou.teikyouseido.mhlw.go.jp/znk-web/juminkanja/S2430/initialize?prefCd=13&kikanCd=1138200540&kikanKbn=1", "url2": null, "内容": "医療法人社団花みずき会　　保谷厚生病院【1:病院】【診療科目:0】【一般病床数:174療養病床数:0精神病床数:0感染症病床数:0合計病床数:174】東京都西東京市栄町１－１７－１８" }, "geometry": { "type": "Point", "coordinates": [ 139.557388, 35.748549 ] } },
{ "type": "Feature", "properties": { "ID": 1311138300150, "正式名称": "国立研究開発法人国立精神・神経医療研究センター病院", "機関区分": 1, "都道府県コード": 13, "市区町村コード": 211, "所在地": "東京都小平市小川東町４－１－１", "緯度": 35.735938, "経度": 139.475646, "url": "https://www.iryou.teikyouseido.mhlw.go.jp/znk-web/juminkanja/S2430/initialize?prefCd=13&kikanCd=1138300150&kikanKbn=1", "url2": "https://hsp.ncnp.go.jp/", "内容": "国立研究開発法人国立精神・神経医療研究センター病院【1:病院】【診療科目:0】【一般病床数:295療養病床数:0精神病床数:191感染症病床数:0合計病床数:486】東京都小平市小川東町４－１－１" }, "geometry": { "type": "Point", "coordinates": [ 139.475646, 35.735938 ] } },
{ "type": "Feature", "properties": { "ID": 1311138300280, "正式名称": "公立昭和病院", "機関区分": 1, "都道府県コード": 13, "市区町村コード": 211, "所在地": "東京都小平市花小金井８－１－１", "緯度": 35.733744, "経度": 139.503004, "url": "https://www.iryou.teikyouseido.mhlw.go.jp/znk-web/juminkanja/S2430/initialize?prefCd=13&kikanCd=1138300280&kikanKbn=1", "url2": "http://www.kouritu-showa.jp/", "内容": "公立昭和病院【1:病院】【診療科目:0】【一般病床数:479療養病床数:0精神病床数:0感染症病床数:6合計病床数:485】東京都小平市花小金井８－１－１" }, "geometry": { "type": "Point", "coordinates": [ 139.503004, 35.733744 ] } },
{ "type": "Feature", "properties": { "ID": 1311138300440, "正式名称": "一般財団法人多摩緑成会　緑成会整育園", "機関区分": 1, "都道府県コード": 13, "市区町村コード": 211, "所在地": "東京都小平市小川町１－７４１－３４", "緯度": 35.7243, "経度": 139.449398, "url": "https://www.iryou.teikyouseido.mhlw.go.jp/znk-web/juminkanja/S2430/initialize?prefCd=13&kikanCd=1138300440&kikanKbn=1", "url2": "http://seiikuen.jp/", "内容": "一般財団法人多摩緑成会　緑成会整育園【1:病院】【診療科目:0】【一般病床数:100療養病床数:0精神病床数:0感染症病床数:0合計病床数:100】東京都小平市小川町１－７４１－３４" }, "geometry": { "type": "Point", "coordinates": [ 139.449398, 35.7243 ] } },
{ "type": "Feature", "properties": { "ID": 1311138300570, "正式名称": "社会福祉法人多摩済生医療団　多摩済生病院", "機関区分": 1, "都道府県コード": 13, "市区町村コード": 211, "所在地": "東京都小平市美園町３丁目１１番１号", "緯度": 35.740632, "経度": 139.489366, "url": "https://www.iryou.teikyouseido.mhlw.go.jp/znk-web/juminkanja/S2430/initialize?prefCd=13&kikanCd=1138300570&kikanKbn=1", "url2": "http://www.tama-saisei.or.jp/", "内容": "社会福祉法人多摩済生医療団　多摩済生病院【1:病院】【診療科目:0】【一般病床数:0療養病床数:60精神病床数:168感染症病床数:0合計病床数:228】東京都小平市美園町３丁目１１番１号" }, "geometry": { "type": "Point", "coordinates": [ 139.489366, 35.740632 ] } },
{ "type": "Feature", "properties": { "ID": 1311138300600, "正式名称": "社会福祉法人黎明会　南台病院", "機関区分": 1, "都道府県コード": 13, "市区町村コード": 211, "所在地": "東京都小平市小川町１－４８５", "緯度": 35.728494, "経度": 139.440427, "url": "https://www.iryou.teikyouseido.mhlw.go.jp/znk-web/juminkanja/S2430/initialize?prefCd=13&kikanCd=1138300600&kikanKbn=1", "url2": "http://www.minamidaihp.jp/", "内容": "社会福祉法人黎明会　南台病院【1:病院】【診療科目:0】【一般病床数:36療養病床数:86精神病床数:0感染症病床数:0合計病床数:122】東京都小平市小川町１－４８５" }, "geometry": { "type": "Point", "coordinates": [ 139.440427, 35.728494 ] } },
{ "type": "Feature", "properties": { "ID": 1311138300860, "正式名称": "医療法人社団武蔵野会　一橋病院", "機関区分": 1, "都道府県コード": 13, "市区町村コード": 211, "所在地": "東京都小平市学園西町１－２－２５", "緯度": 35.717718, "経度": 139.479924, "url": "https://www.iryou.teikyouseido.mhlw.go.jp/znk-web/juminkanja/S2430/initialize?prefCd=13&kikanCd=1138300860&kikanKbn=1", "url2": "https://www.hitotsubashi-hp.or.jp/access/", "内容": "医療法人社団武蔵野会　一橋病院【1:病院】【診療科目:0】【一般病床数:99療養病床数:0精神病床数:0感染症病床数:0合計病床数:99】東京都小平市学園西町１－２－２５" }, "geometry": { "type": "Point", "coordinates": [ 139.479924, 35.717718 ] } },
{ "type": "Feature", "properties": { "ID": 1311138300990, "正式名称": "医療法人社団武蔵野会　小平中央リハビリテーション病院", "機関区分": 1, "都道府県コード": 13, "市区町村コード": 211, "所在地": "東京都小平市鈴木町１－１４６", "緯度": 35.726106, "経度": 139.495422, "url": "https://www.iryou.teikyouseido.mhlw.go.jp/znk-web/juminkanja/S2430/initialize?prefCd=13&kikanCd=1138300990&kikanKbn=1", "url2": "http://kodaira-reha.chuobyoin.or.jp", "内容": "医療法人社団武蔵野会　小平中央リハビリテーション病院【1:病院】【診療科目:0】【一般病床数:0療養病床数:200精神病床数:0感染症病床数:0合計病床数:200】東京都小平市鈴木町１－１４６" }, "geometry": { "type": "Point", "coordinates": [ 139.495422, 35.726106 ] } },
{ "type": "Feature", "properties": { "ID": 1311138400180, "正式名称": "国立療養所多磨全生園", "機関区分": 1, "都道府県コード": 13, "市区町村コード": 213, "所在地": "東京都東村山市青葉町４－１－１", "緯度": 35.764769, "経度": 139.49542, "url": "https://www.iryou.teikyouseido.mhlw.go.jp/znk-web/juminkanja/S2430/initialize?prefCd=13&kikanCd=1138400180&kikanKbn=1", "url2": "https://www.mhlw.go.jp/seisakunitsuite/bunya/kenkou_iryou/iryou/hansen/zenshoen/", "内容": "国立療養所多磨全生園【1:病院】【診療科目:0】【一般病床数:6363療養病床数:0精神病床数:0感染症病床数:0合計病床数:6363】東京都東村山市青葉町４－１－１" }, "geometry": { "type": "Point", "coordinates": [ 139.49542, 35.764769 ] } },
{ "type": "Feature", "properties": { "ID": 1311138400210, "正式名称": "公益財団法人結核予防会　新山手病院", "機関区分": 1, "都道府県コード": 13, "市区町村コード": 213, "所在地": "東京都東村山市諏訪町３－６－１", "緯度": 35.770406, "経度": 139.462145, "url": "https://www.iryou.teikyouseido.mhlw.go.jp/znk-web/juminkanja/S2430/initialize?prefCd=13&kikanCd=1138400210&kikanKbn=1", "url2": "http://www.shinyamanote.jp/", "内容": "公益財団法人結核予防会　新山手病院【1:病院】【診療科目:0】【一般病床数:172療養病床数:0精神病床数:0感染症病床数:0合計病床数:180】東京都東村山市諏訪町３－６－１" }, "geometry": { "type": "Point", "coordinates": [ 139.462145, 35.770406 ] } },
{ "type": "Feature", "properties": { "ID": 1311138400340, "正式名称": "社会福祉法人緑風会　緑風荘病院", "機関区分": 1, "都道府県コード": 13, "市区町村コード": 213, "所在地": "東京都東村山市萩山町３－３１－１", "緯度": 35.744326, "経度": 139.468146, "url": "https://www.iryou.teikyouseido.mhlw.go.jp/znk-web/juminkanja/S2430/initialize?prefCd=13&kikanCd=1138400340&kikanKbn=1", "url2": "http://ryokufuusou.com/", "内容": "社会福祉法人緑風会　緑風荘病院【1:病院】【診療科目:0】【一般病床数:91療養病床数:108精神病床数:0感染症病床数:0合計病床数:199】東京都東村山市萩山町３－３１－１" }, "geometry": { "type": "Point", "coordinates": [ 139.468146, 35.744326 ] } },
{ "type": "Feature", "properties": { "ID": 1311138400470, "正式名称": "秋津療育園", "機関区分": 1, "都道府県コード": 13, "市区町村コード": 213, "所在地": "東京都東村山市青葉町３－３１－１", "緯度": 35.76974, "経度": 139.495781, "url": "https://www.iryou.teikyouseido.mhlw.go.jp/znk-web/juminkanja/S2430/initialize?prefCd=13&kikanCd=1138400470&kikanKbn=1", "url2": "https://www.tendoukai.net/", "内容": "秋津療育園【1:病院】【診療科目:0】【一般病床数:82療養病床数:96精神病床数:0感染症病床数:0合計病床数:178】東京都東村山市青葉町３－３１－１" }, "geometry": { "type": "Point", "coordinates": [ 139.495781, 35.76974 ] } },
{ "type": "Feature", "properties": { "ID": 1311138400500, "正式名称": "医療法人社団恵友会　三恵病院", "機関区分": 1, "都道府県コード": 13, "市区町村コード": 213, "所在地": "東京都東村山市青葉町３－２９－１", "緯度": 35.768435, "経度": 139.495892, "url": "https://www.iryou.teikyouseido.mhlw.go.jp/znk-web/juminkanja/S2430/initialize?prefCd=13&kikanCd=1138400500&kikanKbn=1", "url2": "https://sankei.or.jp", "内容": "医療法人社団恵友会　三恵病院【1:病院】【診療科目:0】【一般病床数:0療養病床数:0精神病床数:307感染症病床数:0合計病床数:307】東京都東村山市青葉町３－２９－１" }, "geometry": { "type": "Point", "coordinates": [ 139.495892, 35.768435 ] } },
{ "type": "Feature", "properties": { "ID": 1311138400630, "正式名称": "医療法人社団　新新会　多摩あおば病院", "機関区分": 1, "都道府県コード": 13, "市区町村コード": 213, "所在地": "東京都東村山市青葉町２－２７－１", "緯度": 35.762325, "経度": 139.491476, "url": "https://www.iryou.teikyouseido.mhlw.go.jp/znk-web/juminkanja/S2430/initialize?prefCd=13&kikanCd=1138400630&kikanKbn=1", "url2": "http://www.sinsinkai.com/", "内容": "医療法人社団　新新会　多摩あおば病院【1:病院】【診療科目:0】【一般病床数:0療養病床数:0精神病床数:206感染症病床数:0合計病床数:206】東京都東村山市青葉町２－２７－１" }, "geometry": { "type": "Point", "coordinates": [ 139.491476, 35.762325 ] } },
{ "type": "Feature", "properties": { "ID": 1311138400760, "正式名称": "医療法人財団　西武中央病院", "機関区分": 1, "都道府県コード": 13, "市区町村コード": 213, "所在地": "東京都東村山市富士見町１－１－４３", "緯度": 35.743743, "経度": 139.463368, "url": "https://www.iryou.teikyouseido.mhlw.go.jp/znk-web/juminkanja/S2430/initialize?prefCd=13&kikanCd=1138400760&kikanKbn=1", "url2": "http://www.seibuchuo.net", "内容": "医療法人財団　西武中央病院【1:病院】【診療科目:0】【一般病床数:0療養病床数:114精神病床数:0感染症病床数:0合計病床数:114】東京都東村山市富士見町１－１－４３" }, "geometry": { "type": "Point", "coordinates": [ 139.463368, 35.743743 ] } },
{ "type": "Feature", "properties": { "ID": 1311138400890, "正式名称": "社会福祉法人白十字会　東京白十字病院", "機関区分": 1, "都道府県コード": 13, "市区町村コード": 213, "所在地": "東京都東村山市諏訪町２－２６－１", "緯度": 35.771934, "経度": 139.463673, "url": "https://www.iryou.teikyouseido.mhlw.go.jp/znk-web/juminkanja/S2430/initialize?prefCd=13&kikanCd=1138400890&kikanKbn=1", "url2": "http://www.t-hakujuji.or.jp", "内容": "社会福祉法人白十字会　東京白十字病院【1:病院】【診療科目:0】【一般病床数:125療養病床数:0精神病床数:0感染症病床数:0合計病床数:125】東京都東村山市諏訪町２－２６－１" }, "geometry": { "type": "Point", "coordinates": [ 139.463673, 35.771934 ] } },
{ "type": "Feature", "properties": { "ID": 1311138400920, "正式名称": "社会医療法人社団愛有会　久米川病院", "機関区分": 1, "都道府県コード": 13, "市区町村コード": 213, "所在地": "東京都東村山市本町４－７－１４", "緯度": 35.754353, "経度": 139.469812, "url": "https://www.iryou.teikyouseido.mhlw.go.jp/znk-web/juminkanja/S2430/initialize?prefCd=13&kikanCd=1138400920&kikanKbn=1", "url2": "https://aiyukai-group.or.jp/kumegawa/", "内容": "社会医療法人社団愛有会　久米川病院【1:病院】【診療科目:0】【一般病床数:40療養病床数:0精神病床数:0感染症病床数:0合計病床数:40】東京都東村山市本町４－７－１４" }, "geometry": { "type": "Point", "coordinates": [ 139.469812, 35.754353 ] } },
{ "type": "Feature", "properties": { "ID": 1311138401060, "正式名称": "医療法人社団幸悠会　逸見病院", "機関区分": 1, "都道府県コード": 13, "市区町村コード": 213, "所在地": "東京都東村山市萩山町３－２６－１６", "緯度": 35.743521, "経度": 139.472868, "url": "https://www.iryou.teikyouseido.mhlw.go.jp/znk-web/juminkanja/S2430/initialize?prefCd=13&kikanCd=1138401060&kikanKbn=1", "url2": "http://kouyukai1968.or.jp", "内容": "医療法人社団幸悠会　逸見病院【1:病院】【診療科目:0】【一般病床数:0療養病床数:0精神病床数:149感染症病床数:0合計病床数:149】東京都東村山市萩山町３－２６－１６" }, "geometry": { "type": "Point", "coordinates": [ 139.472868, 35.743521 ] } },
{ "type": "Feature", "properties": { "ID": 1311138401190, "正式名称": "社会医療法人財団大和会　東大和病院", "機関区分": 1, "都道府県コード": 13, "市区町村コード": 220, "所在地": "東京都東大和市南街１－１３－１２", "緯度": 35.74127, "経度": 139.432371, "url": "https://www.iryou.teikyouseido.mhlw.go.jp/znk-web/juminkanja/S2430/initialize?prefCd=13&kikanCd=1138401190&kikanKbn=1", "url2": "http://www.yamatokai.or.jp/higasiyamato/", "内容": "社会医療法人財団大和会　東大和病院【1:病院】【診療科目:0】【一般病床数:284療養病床数:0精神病床数:0感染症病床数:0合計病床数:284】東京都東大和市南街１－１３－１２" }, "geometry": { "type": "Point", "coordinates": [ 139.432371, 35.74127 ] } },
{ "type": "Feature", "properties": { "ID": 1311138401510, "正式名称": "東京都立東大和療育センター", "機関区分": 1, "都道府県コード": 13, "市区町村コード": 220, "所在地": "東京都東大和市桜が丘３－４４－１０", "緯度": 35.732188, "経度": 139.4214, "url": "https://www.iryou.teikyouseido.mhlw.go.jp/znk-web/juminkanja/S2430/initialize?prefCd=13&kikanCd=1138401510&kikanKbn=1", "url2": "https://www.hmc-smid.jp/", "内容": "東京都立東大和療育センター【1:病院】【診療科目:0】【一般病床数:128療養病床数:0精神病床数:0感染症病床数:0合計病床数:128】東京都東大和市桜が丘３－４４－１０" }, "geometry": { "type": "Point", "coordinates": [ 139.4214, 35.732188 ] } },
{ "type": "Feature", "properties": { "ID": 1311138500240, "正式名称": "国民健康保険町立八丈病院", "機関区分": 1, "都道府県コード": 13, "市区町村コード": 401, "所在地": "東京都八丈島八丈町三根２６－１１", "緯度": 33.11278, "経度": 139.792073, "url": "https://www.iryou.teikyouseido.mhlw.go.jp/znk-web/juminkanja/S2430/initialize?prefCd=13&kikanCd=1138500240&kikanKbn=1", "url2": "https://www.town.hachijo.tokyo.jp/kakuka/kigyou/hospital.html", "内容": "国民健康保険町立八丈病院【1:病院】【診療科目:0】【一般病床数:52療養病床数:0精神病床数:0感染症病床数:2合計病床数:54】東京都八丈島八丈町三根２６－１１" }, "geometry": { "type": "Point", "coordinates": [ 139.792073, 33.11278 ] } },
{ "type": "Feature", "properties": { "ID": 1311138600140, "正式名称": "独立行政法人　国立病院機構東京病院", "機関区分": 1, "都道府県コード": 13, "市区町村コード": 221, "所在地": "東京都清瀬市竹丘３－１－１", "緯度": 35.768657, "経度": 139.506086, "url": "https://www.iryou.teikyouseido.mhlw.go.jp/znk-web/juminkanja/S2430/initialize?prefCd=13&kikanCd=1138600140&kikanKbn=1", "url2": "https://tokyo-hp.hosp.go.jp/", "内容": "独立行政法人　国立病院機構東京病院【1:病院】【診療科目:0】【一般病床数:422療養病床数:0精神病床数:0感染症病床数:0合計病床数:522】東京都清瀬市竹丘３－１－１" }, "geometry": { "type": "Point", "coordinates": [ 139.506086, 35.768657 ] } },
{ "type": "Feature", "properties": { "ID": 1311138600430, "正式名称": "公益財団法人結核予防会　複十字病院", "機関区分": 1, "都道府県コード": 13, "市区町村コード": 221, "所在地": "東京都清瀬市松山３－１－２４", "緯度": 35.771602, "経度": 139.51228, "url": "https://www.iryou.teikyouseido.mhlw.go.jp/znk-web/juminkanja/S2430/initialize?prefCd=13&kikanCd=1138600430&kikanKbn=1", "url2": "https://www.fukujuji.org", "内容": "公益財団法人結核予防会　複十字病院【1:病院】【診療科目:0】【一般病床数:274療養病床数:0精神病床数:0感染症病床数:0合計病床数:334】東京都清瀬市松山３－１－２４" }, "geometry": { "type": "Point", "coordinates": [ 139.51228, 35.771602 ] } },
{ "type": "Feature", "properties": { "ID": 1311138600720, "正式名称": "医療法人財団保養会　竹丘病院", "機関区分": 1, "都道府県コード": 13, "市区町村コード": 221, "所在地": "東京都清瀬市竹丘２－３－７", "緯度": 35.765324, "経度": 139.508447, "url": "https://www.iryou.teikyouseido.mhlw.go.jp/znk-web/juminkanja/S2430/initialize?prefCd=13&kikanCd=1138600720&kikanKbn=1", "url2": "https://takeoka.or.jp", "内容": "医療法人財団保養会　竹丘病院【1:病院】【診療科目:0】【一般病床数:0療養病床数:164精神病床数:0感染症病床数:0合計病床数:164】東京都清瀬市竹丘２－３－７" }, "geometry": { "type": "Point", "coordinates": [ 139.508447, 35.765324 ] } },
{ "type": "Feature", "properties": { "ID": 1311138600850, "正式名称": "医療法人財団　きよせ旭が丘記念病院", "機関区分": 1, "都道府県コード": 13, "市区町村コード": 221, "所在地": "東京都清瀬市旭が丘１－６１９－１５", "緯度": 35.790433, "経度": 139.534888, "url": "https://www.iryou.teikyouseido.mhlw.go.jp/znk-web/juminkanja/S2430/initialize?prefCd=13&kikanCd=1138600850&kikanKbn=1", "url2": "https://kiyoasa-hosp.or.jp", "内容": "医療法人財団　きよせ旭が丘記念病院【1:病院】【診療科目:0】【一般病床数:34療養病床数:44精神病床数:0感染症病床数:0合計病床数:78】東京都清瀬市旭が丘１－６１９－１５" }, "geometry": { "type": "Point", "coordinates": [ 139.534888, 35.790433 ] } },
{ "type": "Feature", "properties": { "ID": 1311138600980, "正式名称": "社会福祉法人上宮会　清瀬リハビリテーション病院", "機関区分": 1, "都道府県コード": 13, "市区町村コード": 221, "所在地": "東京都清瀬市竹丘３－３－３３", "緯度": 35.767935, "経度": 139.502725, "url": "https://www.iryou.teikyouseido.mhlw.go.jp/znk-web/juminkanja/S2430/initialize?prefCd=13&kikanCd=1138600980&kikanKbn=1", "url2": "https://www.kiyose-reha.jp/", "内容": "社会福祉法人上宮会　清瀬リハビリテーション病院【1:病院】【診療科目:0】【一般病床数:27療養病床数:93精神病床数:0感染症病床数:0合計病床数:168】東京都清瀬市竹丘３－３－３３" }, "geometry": { "type": "Point", "coordinates": [ 139.502725, 35.767935 ] } },
{ "type": "Feature", "properties": { "ID": 1311138601020, "正式名称": "社会福祉法人信愛報恩会　信愛病院", "機関区分": 1, "都道府県コード": 13, "市区町村コード": 221, "所在地": "東京都清瀬市梅園２－５－９", "緯度": 35.773268, "経度": 139.503392, "url": "https://www.iryou.teikyouseido.mhlw.go.jp/znk-web/juminkanja/S2430/initialize?prefCd=13&kikanCd=1138601020&kikanKbn=1", "url2": "http://www.shin-ai.or.jp/", "内容": "社会福祉法人信愛報恩会　信愛病院【1:病院】【診療科目:0】【一般病床数:63療養病床数:136精神病床数:0感染症病床数:0合計病床数:199】東京都清瀬市梅園２－５－９" }, "geometry": { "type": "Point", "coordinates": [ 139.503392, 35.773268 ] } },
{ "type": "Feature", "properties": { "ID": 1311138601150, "正式名称": "社会福祉法人慈生会　ベトレヘムの園病院", "機関区分": 1, "都道府県コード": 13, "市区町村コード": 221, "所在地": "東京都清瀬市梅園３－１４－７２", "緯度": 35.772407, "経度": 139.501808, "url": "https://www.iryou.teikyouseido.mhlw.go.jp/znk-web/juminkanja/S2430/initialize?prefCd=13&kikanCd=1138601150&kikanKbn=1", "url2": "https://www.betohp.net", "内容": "社会福祉法人慈生会　ベトレヘムの園病院【1:病院】【診療科目:0】【一般病床数:0療養病床数:96精神病床数:0感染症病床数:0合計病床数:96】東京都清瀬市梅園３－１４－７２" }, "geometry": { "type": "Point", "coordinates": [ 139.501808, 35.772407 ] } },
{ "type": "Feature", "properties": { "ID": 1311138601310, "正式名称": "医療法人社団雄心会　山崎病院", "機関区分": 1, "都道府県コード": 13, "市区町村コード": 221, "所在地": "東京都清瀬市竹丘３－４－２５", "緯度": 35.768074, "経度": 139.501586, "url": "https://www.iryou.teikyouseido.mhlw.go.jp/znk-web/juminkanja/S2430/initialize?prefCd=13&kikanCd=1138601310&kikanKbn=1", "url2": "http://www.yamazaki-psychiatric-hp.or.jp", "内容": "医療法人社団雄心会　山崎病院【1:病院】【診療科目:0】【一般病床数:0療養病床数:0精神病床数:135感染症病床数:0合計病床数:135】東京都清瀬市竹丘３－４－２５" }, "geometry": { "type": "Point", "coordinates": [ 139.501586, 35.768074 ] } },
{ "type": "Feature", "properties": { "ID": 1311138601570, "正式名称": "医療法人社団　弘善会　清瀬富士見病院", "機関区分": 1, "都道府県コード": 13, "市区町村コード": 221, "所在地": "東京都清瀬市中清戸５－２７", "緯度": 35.77724, "経度": 139.536805, "url": "https://www.iryou.teikyouseido.mhlw.go.jp/znk-web/juminkanja/S2430/initialize?prefCd=13&kikanCd=1138601570&kikanKbn=1", "url2": "http://www.kouzenkai.com/", "内容": "医療法人社団　弘善会　清瀬富士見病院【1:病院】【診療科目:0】【一般病床数:0療養病床数:0精神病床数:120感染症病床数:0合計病床数:120】東京都清瀬市中清戸５－２７" }, "geometry": { "type": "Point", "coordinates": [ 139.536805, 35.77724 ] } },
{ "type": "Feature", "properties": { "ID": 1311138601730, "正式名称": "医療法人社団雅会　山本病院", "機関区分": 1, "都道府県コード": 13, "市区町村コード": 221, "所在地": "東京都清瀬市野塩１－３２８", "緯度": 35.778212, "経度": 139.498919, "url": "https://www.iryou.teikyouseido.mhlw.go.jp/znk-web/juminkanja/S2430/initialize?prefCd=13&kikanCd=1138601730&kikanKbn=1", "url2": "http://www.yamamoto-hp.jp", "内容": "医療法人社団雅会　山本病院【1:病院】【診療科目:0】【一般病床数:79療養病床数:0精神病床数:0感染症病床数:0合計病床数:79】東京都清瀬市野塩１－３２８" }, "geometry": { "type": "Point", "coordinates": [ 139.498919, 35.778212 ] } },
{ "type": "Feature", "properties": { "ID": 1311138601860, "正式名称": "宗教法人救世軍　救世軍清瀬病院", "機関区分": 1, "都道府県コード": 13, "市区町村コード": 221, "所在地": "東京都清瀬市竹丘１－１７－９", "緯度": 35.76988, "経度": 139.507169, "url": "https://www.iryou.teikyouseido.mhlw.go.jp/znk-web/juminkanja/S2430/initialize?prefCd=13&kikanCd=1138601860&kikanKbn=1", "url2": "http://kiyosehp.salvationarmy.or.jp", "内容": "宗教法人救世軍　救世軍清瀬病院【1:病院】【診療科目:0】【一般病床数:15療養病床数:60精神病床数:0感染症病床数:0合計病床数:75】東京都清瀬市竹丘１－１７－９" }, "geometry": { "type": "Point", "coordinates": [ 139.507169, 35.76988 ] } },
{ "type": "Feature", "properties": { "ID": 1311138601990, "正式名称": "医療法人社団良江会　久留米ケ丘病院", "機関区分": 1, "都道府県コード": 13, "市区町村コード": 222, "所在地": "東京都東久留米市小山５－７－３", "緯度": 35.766047, "経度": 139.517918, "url": "https://www.iryou.teikyouseido.mhlw.go.jp/znk-web/juminkanja/S2430/initialize?prefCd=13&kikanCd=1138601990&kikanKbn=1", "url2": "http://www.kurumegaoka.com", "内容": "医療法人社団良江会　久留米ケ丘病院【1:病院】【診療科目:0】【一般病床数:0療養病床数:0精神病床数:183感染症病床数:0合計病床数:183】東京都東久留米市小山５－７－３" }, "geometry": { "type": "Point", "coordinates": [ 139.517918, 35.766047 ] } },
{ "type": "Feature", "properties": { "ID": 1311138602030, "正式名称": "滝山病院", "機関区分": 1, "都道府県コード": 13, "市区町村コード": 222, "所在地": "東京都東久留米市滝山４－１－１８", "緯度": 35.745188, "経度": 139.504532, "url": "https://www.iryou.teikyouseido.mhlw.go.jp/znk-web/juminkanja/S2430/initialize?prefCd=13&kikanCd=1138602030&kikanKbn=1", "url2": "https://takiyama-hp.jp/", "内容": "滝山病院【1:病院】【診療科目:0】【一般病床数:222療養病床数:0精神病床数:0感染症病床数:0合計病床数:222】東京都東久留米市滝山４－１－１８" }, "geometry": { "type": "Point", "coordinates": [ 139.504532, 35.745188 ] } },
{ "type": "Feature", "properties": { "ID": 1311138602320, "正式名称": "医療法人社団山本・前田記念会　前田病院", "機関区分": 1, "都道府県コード": 13, "市区町村コード": 222, "所在地": "東京都東久留米市中央町５－１３－３４", "緯度": 35.749937, "経度": 139.515169, "url": "https://www.iryou.teikyouseido.mhlw.go.jp/znk-web/juminkanja/S2430/initialize?prefCd=13&kikanCd=1138602320&kikanKbn=1", "url2": "http://www.maeda-hospital-tokyo.jp/", "内容": "医療法人社団山本・前田記念会　前田病院【1:病院】【診療科目:0】【一般病床数:39療養病床数:0精神病床数:0感染症病床数:0合計病床数:39】東京都東久留米市中央町５－１３－３４" }, "geometry": { "type": "Point", "coordinates": [ 139.515169, 35.749937 ] } },
{ "type": "Feature", "properties": { "ID": 1311138700330, "正式名称": "医療法人社団　大聖病院", "機関区分": 1, "都道府県コード": 13, "市区町村コード": 218, "所在地": "東京都福生市福生８７１", "緯度": 35.742463, "経度": 139.330824, "url": "https://www.iryou.teikyouseido.mhlw.go.jp/znk-web/juminkanja/S2430/initialize?prefCd=13&kikanCd=1138700330&kikanKbn=1", "url2": "http://www.taisei-hospital.jp/", "内容": "医療法人社団　大聖病院【1:病院】【診療科目:0】【一般病床数:116療養病床数:0精神病床数:0感染症病床数:0合計病床数:116】東京都福生市福生８７１" }, "geometry": { "type": "Point", "coordinates": [ 139.330824, 35.742463 ] } },
{ "type": "Feature", "properties": { "ID": 1311138700460, "正式名称": "医療法人社団悦伝会　目白第二病院", "機関区分": 1, "都道府県コード": 13, "市区町村コード": 218, "所在地": "東京都福生市福生１９８０", "緯度": 35.749212, "経度": 139.337656, "url": "https://www.iryou.teikyouseido.mhlw.go.jp/znk-web/juminkanja/S2430/initialize?prefCd=13&kikanCd=1138700460&kikanKbn=1", "url2": "http://www.mejiro2-hp.jp/", "内容": "医療法人社団悦伝会　目白第二病院【1:病院】【診療科目:0】【一般病床数:160療養病床数:0精神病床数:0感染症病床数:0合計病床数:160】東京都福生市福生１９８０" }, "geometry": { "type": "Point", "coordinates": [ 139.337656, 35.749212 ] } },
{ "type": "Feature", "properties": { "ID": 1311138700590, "正式名称": "医療法人社団葵会　熊川病院", "機関区分": 1, "都道府県コード": 13, "市区町村コード": 218, "所在地": "東京都福生市熊川１５４", "緯度": 35.715521, "経度": 139.335019, "url": "https://www.iryou.teikyouseido.mhlw.go.jp/znk-web/juminkanja/S2430/initialize?prefCd=13&kikanCd=1138700590&kikanKbn=1", "url2": "https://www.aoikai.jp/kumagawa/", "内容": "医療法人社団葵会　熊川病院【1:病院】【診療科目:0】【一般病床数:0療養病床数:96精神病床数:0感染症病床数:0合計病床数:96】東京都福生市熊川１５４" }, "geometry": { "type": "Point", "coordinates": [ 139.335019, 35.715521 ] } },
{ "type": "Feature", "properties": { "ID": 1311138700620, "正式名称": "医療法人社団葵会　西多摩病院", "機関区分": 1, "都道府県コード": 13, "市区町村コード": 227, "所在地": "東京都羽村市双葉町２－２１－１", "緯度": 35.760461, "経度": 139.335239, "url": "https://www.iryou.teikyouseido.mhlw.go.jp/znk-web/juminkanja/S2430/initialize?prefCd=13&kikanCd=1138700620&kikanKbn=1", "url2": "http://www.aoikai.jp/shisetu/nishitama/index.html", "内容": "医療法人社団葵会　西多摩病院【1:病院】【診療科目:0】【一般病床数:60療養病床数:60精神病床数:0感染症病床数:0合計病床数:120】東京都羽村市双葉町２－２１－１" }, "geometry": { "type": "Point", "coordinates": [ 139.335239, 35.760461 ] } },
{ "type": "Feature", "properties": { "ID": 1311138700910, "正式名称": "医療法人社団久遠会　みずほ病院", "機関区分": 1, "都道府県コード": 13, "市区町村コード": 303, "所在地": "東京都西多摩郡瑞穂町箱根ケ崎池廻り５３５－５", "緯度": 35.775543, "経度": 139.345655, "url": "https://www.iryou.teikyouseido.mhlw.go.jp/znk-web/juminkanja/S2430/initialize?prefCd=13&kikanCd=1138700910&kikanKbn=1", "url2": "https://www.mizuho-hp.jp/", "内容": "医療法人社団久遠会　みずほ病院【1:病院】【診療科目:0】【一般病床数:0療養病床数:113精神病床数:0感染症病床数:0合計病床数:113】東京都西多摩郡瑞穂町箱根ケ崎池廻り５３５－５" }, "geometry": { "type": "Point", "coordinates": [ 139.345655, 35.775543 ] } },
{ "type": "Feature", "properties": { "ID": 1311138800230, "正式名称": "地方独立行政法人東京都立病院機構　東京都立多摩南部地域病院", "機関区分": 1, "都道府県コード": 13, "市区町村コード": 224, "所在地": "東京都多摩市中沢２－１－２", "緯度": 35.622866, "経度": 139.415434, "url": "https://www.iryou.teikyouseido.mhlw.go.jp/znk-web/juminkanja/S2430/initialize?prefCd=13&kikanCd=1138800230&kikanKbn=1", "url2": "https://www.tmhp.jp/tamanan/", "内容": "地方独立行政法人東京都立病院機構　東京都立多摩南部地域病院【1:病院】【診療科目:0】【一般病床数:287療養病床数:0精神病床数:0感染症病床数:0合計病床数:287】東京都多摩市中沢２－１－２" }, "geometry": { "type": "Point", "coordinates": [ 139.415434, 35.622866 ] } },
{ "type": "Feature", "properties": { "ID": 1311138900130, "正式名称": "公立福生病院", "機関区分": 1, "都道府県コード": 13, "市区町村コード": 218, "所在地": "東京都福生市加美平１－６－１", "緯度": 35.747184, "経度": 139.326491, "url": "https://www.iryou.teikyouseido.mhlw.go.jp/znk-web/juminkanja/S2430/initialize?prefCd=13&kikanCd=1138900130&kikanKbn=1", "url2": "https://www.fussahp.jp", "内容": "公立福生病院【1:病院】【診療科目:0】【一般病床数:316療養病床数:0精神病床数:0感染症病床数:0合計病床数:316】東京都福生市加美平１－６－１" }, "geometry": { "type": "Point", "coordinates": [ 139.326491, 35.747184 ] } },
{ "type": "Feature", "properties": { "ID": 1311138900260, "正式名称": "医療法人社団向日葵清心会　青梅今井病院", "機関区分": 1, "都道府県コード": 13, "市区町村コード": 205, "所在地": "東京都青梅市今井１－２６０９－２", "緯度": 35.814788, "経度": 139.314989, "url": "https://www.iryou.teikyouseido.mhlw.go.jp/znk-web/juminkanja/S2430/initialize?prefCd=13&kikanCd=1138900260&kikanKbn=1", "url2": "http://www.oumeimai.or.jp/", "内容": "医療法人社団向日葵清心会　青梅今井病院【1:病院】【診療科目:0】【一般病床数:0療養病床数:60精神病床数:0感染症病床数:0合計病床数:60】東京都青梅市今井１－２６０９－２" }, "geometry": { "type": "Point", "coordinates": [ 139.314989, 35.814788 ] } },
{ "type": "Feature", "properties": { "ID": 1311139100000, "正式名称": "医療法人社団充会　多摩平の森の病院", "機関区分": 1, "都道府県コード": 13, "市区町村コード": 212, "所在地": "東京都日野市多摩平３－１－１７", "緯度": 35.665333, "経度": 139.377018, "url": "https://www.iryou.teikyouseido.mhlw.go.jp/znk-web/juminkanja/S2430/initialize?prefCd=13&kikanCd=1139100000&kikanKbn=1", "url2": "http://www.tamadairanomorino-hospital.mitsurukai.com", "内容": "医療法人社団充会　多摩平の森の病院【1:病院】【診療科目:0】【一般病床数:0療養病床数:48精神病床数:0感染症病床数:0合計病床数:48】東京都日野市多摩平３－１－１７" }, "geometry": { "type": "Point", "coordinates": [ 139.377018, 35.665333 ] } },
{ "type": "Feature", "properties": { "ID": 1311139100100, "正式名称": "医療法人社団慶成会　よみうりランド慶友病院", "機関区分": 1, "都道府県コード": 13, "市区町村コード": 225, "所在地": "東京都稲城市矢野口３２９４", "緯度": 35.626645, "経度": 139.516147, "url": "https://www.iryou.teikyouseido.mhlw.go.jp/znk-web/juminkanja/S2430/initialize?prefCd=13&kikanCd=1139100100&kikanKbn=1", "url2": "http://www.keiyu-hp.or.jp", "内容": "医療法人社団慶成会　よみうりランド慶友病院【1:病院】【診療科目:0】【一般病床数:0療養病床数:240精神病床数:0感染症病床数:0合計病床数:240】東京都稲城市矢野口３２９４" }, "geometry": { "type": "Point", "coordinates": [ 139.516147, 35.626645 ] } },
{ "type": "Feature", "properties": { "ID": 1311139100101, "正式名称": "医療法人社団青秀会　グレイス病院", "機関区分": 1, "都道府県コード": 13, "市区町村コード": 212, "所在地": "東京都日野市宮２４８", "緯度": 35.67, "経度": 139.40646, "url": "https://www.iryou.teikyouseido.mhlw.go.jp/znk-web/juminkanja/S2430/initialize?prefCd=13&kikanCd=1139100101&kikanKbn=1", "url2": "http://www.mcs.or.jp", "内容": "医療法人社団青秀会　グレイス病院【1:病院】【診療科目:0】【一般病床数:0療養病床数:120精神病床数:0感染症病床数:0合計病床数:120】東京都日野市宮２４８" }, "geometry": { "type": "Point", "coordinates": [ 139.40646, 35.67 ] } },
{ "type": "Feature", "properties": { "ID": 1311139200000, "正式名称": "医療法人社団野村会　昭和の杜病院", "機関区分": 1, "都道府県コード": 13, "市区町村コード": 207, "所在地": "東京都昭島市宮沢町５２２－２", "緯度": 35.715272, "経度": 139.376655, "url": "https://www.iryou.teikyouseido.mhlw.go.jp/znk-web/juminkanja/S2430/initialize?prefCd=13&kikanCd=1139200000&kikanKbn=1", "url2": "https://www.showanomori-hp.com/", "内容": "医療法人社団野村会　昭和の杜病院【1:病院】【診療科目:0】【一般病床数:0療養病床数:180精神病床数:0感染症病床数:0合計病床数:180】東京都昭島市宮沢町５２２－２" }, "geometry": { "type": "Point", "coordinates": [ 139.376655, 35.715272 ] } },
{ "type": "Feature", "properties": { "ID": 1311139200130, "正式名称": "社会医療法人財団大和会　武蔵村山病院", "機関区分": 1, "都道府県コード": 13, "市区町村コード": 223, "所在地": "東京都武蔵村山市榎１－１－５", "緯度": 35.743837, "経度": 139.387643, "url": "https://www.iryou.teikyouseido.mhlw.go.jp/znk-web/juminkanja/S2430/initialize?prefCd=13&kikanCd=1139200130&kikanKbn=1", "url2": "http://www.yamatokai.or.jp/musasimurayama/", "内容": "社会医療法人財団大和会　武蔵村山病院【1:病院】【診療科目:0】【一般病床数:144療養病床数:156精神病床数:0感染症病床数:0合計病床数:300】東京都武蔵村山市榎１－１－５" }, "geometry": { "type": "Point", "coordinates": [ 139.387643, 35.743837 ] } },
{ "type": "Feature", "properties": { "ID": 1311139200260, "正式名称": "医療法人社団浩央会　国立さくら病院", "機関区分": 1, "都道府県コード": 13, "市区町村コード": 215, "所在地": "東京都国立市東１－１９－１０", "緯度": 35.696525, "経度": 139.450427, "url": "https://www.iryou.teikyouseido.mhlw.go.jp/znk-web/juminkanja/S2430/initialize?prefCd=13&kikanCd=1139200260&kikanKbn=1", "url2": "http://www.kunitachi-sakura.com/", "内容": "医療法人社団浩央会　国立さくら病院【1:病院】【診療科目:0】【一般病床数:44療養病床数:0精神病床数:0感染症病床数:0合計病床数:44】東京都国立市東１－１９－１０" }, "geometry": { "type": "Point", "coordinates": [ 139.450427, 35.696525 ] } },
{ "type": "Feature", "properties": { "ID": 1311139200390, "正式名称": "医療法人徳洲会　東京西徳洲会病院", "機関区分": 1, "都道府県コード": 13, "市区町村コード": 207, "所在地": "東京都昭島市松原町３－１－１", "緯度": 35.71666, "経度": 139.349296, "url": "https://www.iryou.teikyouseido.mhlw.go.jp/znk-web/juminkanja/S2430/initialize?prefCd=13&kikanCd=1139200390&kikanKbn=1", "url2": "https://www.tokyonishi-hp.or.jp/", "内容": "医療法人徳洲会　東京西徳洲会病院【1:病院】【診療科目:0】【一般病床数:568療養病床数:0精神病床数:0感染症病床数:0合計病床数:568】東京都昭島市松原町３－１－１" }, "geometry": { "type": "Point", "coordinates": [ 139.349296, 35.71666 ] } },
{ "type": "Feature", "properties": { "ID": 1311139200420, "正式名称": "医療法人社団長尽会　長久保病院", "機関区分": 1, "都道府県コード": 13, "市区町村コード": 215, "所在地": "東京都国立市谷保６９０７－１", "緯度": 35.683804, "経度": 139.432179, "url": "https://www.iryou.teikyouseido.mhlw.go.jp/znk-web/juminkanja/S2430/initialize?prefCd=13&kikanCd=1139200420&kikanKbn=1", "url2": "https://nagakubohospital.org", "内容": "医療法人社団長尽会　長久保病院【1:病院】【診療科目:0】【一般病床数:22療養病床数:0精神病床数:0感染症病床数:0合計病床数:22】東京都国立市谷保６９０７－１" }, "geometry": { "type": "Point", "coordinates": [ 139.432179, 35.683804 ] } },
{ "type": "Feature", "properties": { "ID": 1311139400190, "正式名称": "公益財団法人榊原記念財団　附属　榊原記念病院", "機関区分": 1, "都道府県コード": 13, "市区町村コード": 206, "所在地": "東京都府中市朝日町３－１６－１", "緯度": 35.666252, "経度": 139.520201, "url": "https://www.iryou.teikyouseido.mhlw.go.jp/znk-web/juminkanja/S2430/initialize?prefCd=13&kikanCd=1139400190&kikanKbn=1", "url2": "https://www.hp.heart.or.jp/", "内容": "公益財団法人榊原記念財団　附属　榊原記念病院【1:病院】【診療科目:0】【一般病床数:303療養病床数:0精神病床数:0感染症病床数:0合計病床数:307】東京都府中市朝日町３－１６－１" }, "geometry": { "type": "Point", "coordinates": [ 139.520201, 35.666252 ] } },
{ "type": "Feature", "properties": { "ID": 1311139600150, "正式名称": "医療法人社団東仁会　吉祥寺あさひ病院", "機関区分": 1, "都道府県コード": 13, "市区町村コード": 203, "所在地": "東京都武蔵野市吉祥寺本町１－３０－１２", "緯度": 35.704082, "経度": 139.582749, "url": "https://www.iryou.teikyouseido.mhlw.go.jp/znk-web/juminkanja/S2430/initialize?prefCd=13&kikanCd=1139600150&kikanKbn=1", "url2": "http://www.toujinkai.or.jp/hospital/kichijoji/", "内容": "医療法人社団東仁会　吉祥寺あさひ病院【1:病院】【診療科目:0】【一般病床数:46療養病床数:0精神病床数:0感染症病床数:0合計病床数:46】東京都武蔵野市吉祥寺本町１－３０－１２" }, "geometry": { "type": "Point", "coordinates": [ 139.582749, 35.704082 ] } },
{ "type": "Feature", "properties": { "ID": 1311139700000, "正式名称": "医療法人社団レニア会　篠宮正明記念アルテミスウイメンズホスピタル", "機関区分": 1, "都道府県コード": 13, "市区町村コード": 222, "所在地": "東京都東久留米市中央町１－１－２０", "緯度": 35.758242, "経度": 139.526751, "url": "https://www.iryou.teikyouseido.mhlw.go.jp/znk-web/juminkanja/S2430/initialize?prefCd=13&kikanCd=1139700000&kikanKbn=1", "url2": "http://artemis.tokyo/", "内容": "医療法人社団レニア会　篠宮正明記念アルテミスウイメンズホスピタル【1:病院】【診療科目:0】【一般病床数:60療養病床数:0精神病床数:0感染症病床数:0合計病床数:60】東京都東久留米市中央町１－１－２０" }, "geometry": { "type": "Point", "coordinates": [ 139.526751, 35.758242 ] } },
{ "type": "Feature", "properties": { "ID": 1311139700001, "正式名称": "医療法人徳洲会　武蔵野徳洲会病院", "機関区分": 1, "都道府県コード": 13, "市区町村コード": 229, "所在地": "東京都西東京市向台町３－５－４８", "緯度": 35.718747, "経度": 139.533058, "url": "https://www.iryou.teikyouseido.mhlw.go.jp/znk-web/juminkanja/S2430/initialize?prefCd=13&kikanCd=1139700001&kikanKbn=1", "url2": "https://www.musatoku.com/", "内容": "医療法人徳洲会　武蔵野徳洲会病院【1:病院】【診療科目:0】【一般病床数:253療養病床数:50精神病床数:0感染症病床数:0合計病床数:303】東京都西東京市向台町３－５－４８" }, "geometry": { "type": "Point", "coordinates": [ 139.533058, 35.718747 ] } },
{ "type": "Feature", "properties": { "ID": 1311139700002, "正式名称": "医療法人泰一会　多摩北整形外科病院", "機関区分": 1, "都道府県コード": 13, "市区町村コード": 213, "所在地": "東京都東村山市本町１－１９－２１", "緯度": 35.757686, "経度": 139.466895, "url": "https://www.iryou.teikyouseido.mhlw.go.jp/znk-web/juminkanja/S2430/initialize?prefCd=13&kikanCd=1139700002&kikanKbn=1", "url2": "http://www.taiichikai.com/tamakita/", "内容": "医療法人泰一会　多摩北整形外科病院【1:病院】【診療科目:0】【一般病床数:36療養病床数:0精神病床数:0感染症病床数:0合計病床数:36】東京都東村山市本町１－１９－２１" }, "geometry": { "type": "Point", "coordinates": [ 139.466895, 35.757686 ] } },
{ "type": "Feature", "properties": { "ID": 1311139700180, "正式名称": "地方独立行政法人東京都立病院機構　東京都立多摩北部医療センター", "機関区分": 1, "都道府県コード": 13, "市区町村コード": 213, "所在地": "東京都東村山市青葉町１－７－１", "緯度": 35.760769, "経度": 139.493226, "url": "https://www.iryou.teikyouseido.mhlw.go.jp/znk-web/juminkanja/S2430/initialize?prefCd=13&kikanCd=1139700180&kikanKbn=1", "url2": "https://www.tmhp.jp/tamahoku/", "内容": "地方独立行政法人東京都立病院機構　東京都立多摩北部医療センター【1:病院】【診療科目:0】【一般病床数:337療養病床数:0精神病床数:0感染症病床数:0合計病床数:337】東京都東村山市青葉町１－７－１" }, "geometry": { "type": "Point", "coordinates": [ 139.493226, 35.760769 ] } },
{ "type": "Feature", "properties": { "ID": 1311139700181, "正式名称": "一般財団法人多摩緑成会　緑成会病院", "機関区分": 1, "都道府県コード": 13, "市区町村コード": 211, "所在地": "東京都小平市小川西町２－３５－１", "緯度": 35.737132, "経度": 139.461091, "url": "https://www.iryou.teikyouseido.mhlw.go.jp/znk-web/juminkanja/S2430/initialize?prefCd=13&kikanCd=1139700181&kikanKbn=1", "url2": "http://www.ryokuseikai.or.jp/", "内容": "一般財団法人多摩緑成会　緑成会病院【1:病院】【診療科目:0】【一般病床数:0療養病床数:146精神病床数:0感染症病床数:0合計病床数:146】東京都小平市小川西町２－３５－１" }, "geometry": { "type": "Point", "coordinates": [ 139.461091, 35.737132 ] } },
{ "type": "Feature", "properties": { "ID": 1311311070721, "正式名称": "医療法人社団爽玄会　なかねの森病院", "機関区分": 1, "都道府県コード": 13, "市区町村コード": 110, "所在地": "東京都目黒区中根２－７－２０", "緯度": 35.613993, "経度": 139.676909, "url": "https://www.iryou.teikyouseido.mhlw.go.jp/znk-web/juminkanja/S2430/initialize?prefCd=13&kikanCd=1311070721&kikanKbn=1", "url2": "https://nakanenomori-hosp.com/", "内容": "医療法人社団爽玄会　なかねの森病院【1:病院】【診療科目:0】【一般病床数:0療養病床数:43精神病床数:0感染症病床数:0合計病床数:43】東京都目黒区中根２－７－２０" }, "geometry": { "type": "Point", "coordinates": [ 139.676909, 35.613993 ] } },
{ "type": "Feature", "properties": { "ID": 1311312071017, "正式名称": "医療法人志匠会　練馬志匠会病院", "機関区分": 1, "都道府県コード": 13, "市区町村コード": 120, "所在地": "東京都練馬区土支田１－１３－２０", "緯度": 35.763169, "経度": 139.619658, "url": "https://www.iryou.teikyouseido.mhlw.go.jp/znk-web/juminkanja/S2430/initialize?prefCd=13&kikanCd=1312071017&kikanKbn=1", "url2": "https://shisyokai-nerima.jp/", "内容": "医療法人志匠会　練馬志匠会病院【1:病院】【診療科目:0】【一般病床数:60療養病床数:0精神病床数:0感染症病床数:0合計病床数:60】東京都練馬区土支田１－１３－２０" }, "geometry": { "type": "Point", "coordinates": [ 139.619658, 35.763169 ] } },
{ "type": "Feature", "properties": { "ID": 1311312071025, "正式名称": "医療法人社団忠医会　忠医会病院", "機関区分": 1, "都道府県コード": 13, "市区町村コード": 120, "所在地": "東京都練馬区高松３－６－１１", "緯度": 35.748261, "経度": 139.625812, "url": "https://www.iryou.teikyouseido.mhlw.go.jp/znk-web/juminkanja/S2430/initialize?prefCd=13&kikanCd=1312071025&kikanKbn=1", "url2": "https://chuikai.jp", "内容": "医療法人社団忠医会　忠医会病院【1:病院】【診療科目:0】【一般病床数:111療養病床数:0精神病床数:0感染症病床数:0合計病床数:111】東京都練馬区高松３－６－１１" }, "geometry": { "type": "Point", "coordinates": [ 139.625812, 35.748261 ] } },
{ "type": "Feature", "properties": { "ID": 1311314370078, "正式名称": "医療法人社団晃悠会　むさしの救急病院", "機関区分": 1, "都道府県コード": 13, "市区町村コード": 211, "所在地": "東京都小平市小川東町１－２４－１", "緯度": 35.740783, "経度": 139.465714, "url": "https://www.iryou.teikyouseido.mhlw.go.jp/znk-web/juminkanja/S2430/initialize?prefCd=13&kikanCd=1314370078&kikanKbn=1", "url2": "musashino.koyu-kai.jp", "内容": "医療法人社団晃悠会　むさしの救急病院【1:病院】【診療科目:脳神経内科_呼吸器内科_循環器内科_消化器内科_腎臓内科_神経内科_脳外科_循環器外科_消化器外科_リハビリテーション科_放射線科_臨床検査科_救急科】【一般病床数:132療養病床数:0精神病床数:0感染症病床数:0合計病床数:132】東京都小平市小川東町１－２４－１" }, "geometry": { "type": "Point", "coordinates": [ 139.465714, 35.740783 ] } },
{ "type": "Feature", "properties": { "ID": 1311315970009, "正式名称": "杏林大学医学部付属杉並病院", "機関区分": 1, "都道府県コード": 13, "市区町村コード": 115, "所在地": "東京都杉並区和田二丁目２５番１号", "緯度": 35.690086, "経度": 139.655811, "url": "https://www.iryou.teikyouseido.mhlw.go.jp/znk-web/juminkanja/S2430/initialize?prefCd=13&kikanCd=1315970009&kikanKbn=1", "url2": "https://www.kyorin-u.ac.jp/hospital/suginami/", "内容": "杏林大学医学部付属杉並病院【1:病院】【診療科目:内科_糖尿病・代謝内科_脳神経内科_呼吸器内科_循環器内科_消化器内科_腎臓内科_腫瘍内科_脳神経外科_呼吸器外科_心臓血管外科_消化器外科_乳腺外科_整形外科_形成外科_小児科_小児外科_産科_婦人科_眼科_耳鼻いんこう科_皮膚科_泌尿器科_精神科_リウマチ科_リハビリテーション科_放射線科_病理診断科_麻酔科】【一般病床数:340療養病床数:0精神病床数:0感染症病床数:0合計病床数:340】東京都杉並区和田二丁目２５番１号" }, "geometry": { "type": "Point", "coordinates": [ 139.655811, 35.690086 ] } },
{ "type": "Feature", "properties": { "ID": 1311315970025, "正式名称": "医療法人社団城東桐和会　タムス杉並病院", "機関区分": 1, "都道府県コード": 13, "市区町村コード": 115, "所在地": "東京都杉並区和田一丁目４０番５号", "緯度": 35.690524, "経度": 139.660278, "url": "https://www.iryou.teikyouseido.mhlw.go.jp/znk-web/juminkanja/S2430/initialize?prefCd=13&kikanCd=1315970025&kikanKbn=1", "url2": "https://www.suginamihp.jp/", "内容": "医療法人社団城東桐和会　タムス杉並病院【1:病院】【診療科目:内科_循環器内科_消化器内科_神経内科_漢方内科_緩和ケア内科_整形外科_眼科_皮膚科_精神科_リハビリテーション科】【一般病床数:52療養病床数:147精神病床数:0感染症病床数:0合計病床数:199】東京都杉並区和田一丁目４０番５号" }, "geometry": { "type": "Point", "coordinates": [ 139.660278, 35.690524 ] } }
]
}
