{
"type": "FeatureCollection",
"name": "geo_13_地域密着型通所介護",
"crs": { "type": "name", "properties": { "name": "urn:ogc:def:crs:OGC:1.3:CRS84" } },
"features": [
{ "type": "Feature", "properties": { "内容": "かんだ連雀　高齢者在宅サービスセンター【地域密着型通所介護】東京都　千代田区　神田淡路町　2-8-1", "url2": "https://www.kaigokensaku.mhlw.go.jp/13/index.php?action_kouhyou_detail_004_kani=true&JigyosyoCd=1370100644-00&ServiceCd=780&Type=search" }, "geometry": { "type": "Point", "coordinates": [ 139.768444199999976, 35.6966556 ] } },
{ "type": "Feature", "properties": { "内容": "リハビリデイサービス神田【地域密着型通所介護】東京都千代田区神田東松下町46-3千代田三義ビル1階", "url2": "https://www.kaigokensaku.mhlw.go.jp/13/index.php?action_kouhyou_detail_004_kani=true&JigyosyoCd=1370101212-00&ServiceCd=780&Type=search" }, "geometry": { "type": "Point", "coordinates": [ 139.772763400000031, 35.6943505 ] } },
{ "type": "Feature", "properties": { "内容": "レコードブック水道橋【地域密着型通所介護】東京都千代田区神田三崎町３－３－４巴ビル1階", "url2": "https://www.kaigokensaku.mhlw.go.jp/13/index.php?action_kouhyou_detail_004_kani=true&JigyosyoCd=1390100103-00&ServiceCd=780&Type=search" }, "geometry": { "type": "Point", "coordinates": [ 139.752347800000052, 35.6999631 ] } },
{ "type": "Feature", "properties": { "内容": "通所介護　ジロール神田佐久間町【地域密着型通所介護】東京都千代田区神田佐久間町3-16-6ジロール神田佐久間町", "url2": "https://www.kaigokensaku.mhlw.go.jp/13/index.php?action_kouhyou_detail_004_kani=true&JigyosyoCd=1390100160-00&ServiceCd=780&Type=search" }, "geometry": { "type": "Point", "coordinates": [ 139.7784268, 35.6972771 ] } },
{ "type": "Feature", "properties": { "内容": "デイサービスセンター　晴海苑【地域密着型通所介護】東京都中央区晴海１－１－２６", "url2": "https://www.kaigokensaku.mhlw.go.jp/13/index.php?action_kouhyou_detail_004_kani=true&JigyosyoCd=1370201335-00&ServiceCd=780&Type=search" }, "geometry": { "type": "Point", "coordinates": [ 139.787696800000049, 35.6619796 ] } },
{ "type": "Feature", "properties": { "内容": "こしみずリハビリデイサービスセンター【地域密着型通所介護】東京都中央区勝どき３－３－６田窪ビル４階", "url2": "https://www.kaigokensaku.mhlw.go.jp/13/index.php?action_kouhyou_detail_004_kani=true&JigyosyoCd=1390200275-00&ServiceCd=780&Type=search" }, "geometry": { "type": "Point", "coordinates": [ 139.775133399999987, 35.6593629 ] } },
{ "type": "Feature", "properties": { "内容": "アトリエ・ガラパゴス　デイサービス【地域密着型通所介護】東京都中央区東日本橋3丁目2番4号八光ビル6階", "url2": "https://www.kaigokensaku.mhlw.go.jp/13/index.php?action_kouhyou_detail_004_kani=true&JigyosyoCd=1370201616-00&ServiceCd=780&Type=search" }, "geometry": { "type": "Point", "coordinates": [ 139.782171299999959, 35.6908734 ] } },
{ "type": "Feature", "properties": { "内容": "レコードブック日本橋【地域密着型通所介護】東京都中央区日本橋富沢町7-14岡島ビル1階", "url2": "https://www.kaigokensaku.mhlw.go.jp/13/index.php?action_kouhyou_detail_004_kani=true&JigyosyoCd=1370201764-00&ServiceCd=780&Type=search" }, "geometry": { "type": "Point", "coordinates": [ 139.7833852, 35.6887292 ] } },
{ "type": "Feature", "properties": { "内容": "レコードブック京橋【地域密着型通所介護】東京都中央区八丁堀3-1-9京橋北見ビル西館1階", "url2": "https://www.kaigokensaku.mhlw.go.jp/13/index.php?action_kouhyou_detail_004_kani=true&JigyosyoCd=1370201947-00&ServiceCd=780&Type=search" }, "geometry": { "type": "Point", "coordinates": [ 139.773686099999964, 35.6756111 ] } },
{ "type": "Feature", "properties": { "内容": "デイサービスクローバー日本橋【地域密着型通所介護】東京都中央区大伝馬町10-1柿原林業ビル1F", "url2": "https://www.kaigokensaku.mhlw.go.jp/13/index.php?action_kouhyou_detail_004_kani=true&JigyosyoCd=1390200267-00&ServiceCd=780&Type=search" }, "geometry": { "type": "Point", "coordinates": [ 139.779965299999986, 35.6900591 ] } },
{ "type": "Feature", "properties": { "内容": "レコードブック勝どき【地域密着型通所介護】東京都中央区月島４丁目８番－１０月島福寿マンション１１３号室", "url2": "https://www.kaigokensaku.mhlw.go.jp/13/index.php?action_kouhyou_detail_004_kani=true&JigyosyoCd=1370201848-00&ServiceCd=780&Type=search" }, "geometry": { "type": "Point", "coordinates": [ 139.78198174722138, 35.660300891149731 ] } },
{ "type": "Feature", "properties": { "内容": "浜町デイサービス【地域密着型通所介護】東京都中央区日本橋浜町２－５５－７日本橋パークサイドビル3階", "url2": "https://www.kaigokensaku.mhlw.go.jp/13/index.php?action_kouhyou_detail_004_kani=true&JigyosyoCd=1390200200-00&ServiceCd=780&Type=search" }, "geometry": { "type": "Point", "coordinates": [ 139.79032159999997, 35.686827 ] } },
{ "type": "Feature", "properties": { "内容": "れこーどぶっくあかさか【地域密着型通所介護】東京都港区赤坂4-4-13", "url2": "https://www.kaigokensaku.mhlw.go.jp/13/index.php?action_kouhyou_detail_004_kani=true&JigyosyoCd=1390300505-00&ServiceCd=780&Type=search" }, "geometry": { "type": "Point", "coordinates": [ 139.734333, 35.6738287 ] } },
{ "type": "Feature", "properties": { "内容": "たまるや　フィジックスタジオ【地域密着型通所介護】東京都港区新橋1-18-14三洋堂ビル5階", "url2": "https://www.kaigokensaku.mhlw.go.jp/13/index.php?action_kouhyou_detail_004_kani=true&JigyosyoCd=1370303834-00&ServiceCd=780&Type=search" }, "geometry": { "type": "Point", "coordinates": [ 139.7561207, 35.6684253 ] } },
{ "type": "Feature", "properties": { "内容": "レコードブック芝公園【地域密着型通所介護】東京都港区芝2-27-11パリオ・アクティフ１０１", "url2": "https://www.kaigokensaku.mhlw.go.jp/13/index.php?action_kouhyou_detail_004_kani=true&JigyosyoCd=1390300299-00&ServiceCd=780&Type=search" }, "geometry": { "type": "Point", "coordinates": [ 139.752949299999955, 35.6504968 ] } },
{ "type": "Feature", "properties": { "内容": "デイサービスクローバー麻布十番【地域密着型通所介護】東京都港区麻布十番3-10-1LACITY麻布十番CELESTE3階", "url2": "https://www.kaigokensaku.mhlw.go.jp/13/index.php?action_kouhyou_detail_004_kani=true&JigyosyoCd=1390300364-00&ServiceCd=780&Type=search" }, "geometry": { "type": "Point", "coordinates": [ 139.7346281, 35.6528629 ] } },
{ "type": "Feature", "properties": { "内容": "リハビリデイステーション陽咲【地域密着型通所介護】東京都港区白金6-6-3ラ・ヴィエルジュ１F", "url2": "https://www.kaigokensaku.mhlw.go.jp/13/index.php?action_kouhyou_detail_004_kani=true&JigyosyoCd=1390300398-00&ServiceCd=780&Type=search" }, "geometry": { "type": "Point", "coordinates": [ 139.725936499999989, 35.6443126 ] } },
{ "type": "Feature", "properties": { "内容": "ソラノイロ芝公園【地域密着型通所介護】東京都港区芝3-25-5芝園ハウス1階", "url2": "https://www.kaigokensaku.mhlw.go.jp/13/index.php?action_kouhyou_detail_004_kani=true&JigyosyoCd=1390300430-00&ServiceCd=780&Type=search" }, "geometry": { "type": "Point", "coordinates": [ 139.74737952516594, 35.65156171300854 ] } },
{ "type": "Feature", "properties": { "内容": "デイサービスクローバー芝公園【地域密着型通所介護】東京都港区芝2-23-2ハッコウマンション1F", "url2": "https://www.kaigokensaku.mhlw.go.jp/13/index.php?action_kouhyou_detail_004_kani=true&JigyosyoCd=1390300455-00&ServiceCd=780&Type=search" }, "geometry": { "type": "Point", "coordinates": [ 139.7509408, 35.6509028 ] } },
{ "type": "Feature", "properties": { "内容": "おとなの学校南青山校デイサービスセンタ―【地域密着型通所介護】東京都港区南青山2-11-91F", "url2": "https://www.kaigokensaku.mhlw.go.jp/13/index.php?action_kouhyou_detail_004_kani=true&JigyosyoCd=1390300349-00&ServiceCd=780&Type=search" }, "geometry": { "type": "Point", "coordinates": [ 139.7210033, 35.671143200000031 ] } },
{ "type": "Feature", "properties": { "内容": "リハビリの風エンジョイ麻布【地域密着型通所介護】東京都港区南麻布2-6-23エクセル南麻布101", "url2": "https://www.kaigokensaku.mhlw.go.jp/13/index.php?action_kouhyou_detail_004_kani=true&JigyosyoCd=1390300554-00&ServiceCd=780&Type=search" }, "geometry": { "type": "Point", "coordinates": [ 139.737464800000026, 35.649845100000014 ] } },
{ "type": "Feature", "properties": { "内容": "デイサービスハーモニー【地域密着型通所介護】東京都新宿区高田馬場３－２５－3１Ｆ", "url2": "https://www.kaigokensaku.mhlw.go.jp/13/index.php?action_kouhyou_detail_004_kani=true&JigyosyoCd=1370402453-00&ServiceCd=780&Type=search" }, "geometry": { "type": "Point", "coordinates": [ 139.697700077909872, 35.712275917126888 ] } },
{ "type": "Feature", "properties": { "内容": "ユースタイルケア諏訪の森通所介護【地域密着型通所介護】東京都新宿区高田馬場1-10-15三翔諏訪の森ハイツ第2102号室", "url2": "https://www.kaigokensaku.mhlw.go.jp/13/index.php?action_kouhyou_detail_004_kani=true&JigyosyoCd=1370404921-00&ServiceCd=780&Type=search" }, "geometry": { "type": "Point", "coordinates": [ 139.706903799999964, 35.7095496 ] } },
{ "type": "Feature", "properties": { "内容": "学校法人小倉学園附属GENKI　NEXT介護センター【地域密着型通所介護】東京都新宿区左門町５", "url2": "https://www.kaigokensaku.mhlw.go.jp/13/index.php?action_kouhyou_detail_004_kani=true&JigyosyoCd=1390400776-00&ServiceCd=780&Type=search" }, "geometry": { "type": "Point", "coordinates": [ 139.719450307788378, 35.686047875236675 ] } },
{ "type": "Feature", "properties": { "内容": "運動機能向上型デイサービス　もみの樹園【地域密着型通所介護】東京都新宿区上落合1-17-8", "url2": "https://www.kaigokensaku.mhlw.go.jp/13/index.php?action_kouhyou_detail_004_kani=true&JigyosyoCd=1390400511-00&ServiceCd=780&Type=search" }, "geometry": { "type": "Point", "coordinates": [ 139.694111499999963, 35.7160662 ] } },
{ "type": "Feature", "properties": { "内容": "グリーンデイ西早稲田【地域密着型通所介護】東京都新宿区西早稲田2-10-18パティオ西早稲田101", "url2": "https://www.kaigokensaku.mhlw.go.jp/13/index.php?action_kouhyou_detail_004_kani=true&JigyosyoCd=1390400768-00&ServiceCd=780&Type=search" }, "geometry": { "type": "Point", "coordinates": [ 139.7137654, 35.7094288 ] } },
{ "type": "Feature", "properties": { "内容": "デイサービス　ハミッツ【地域密着型通所介護】東京都新宿区高田馬場4-14-6第二長谷川ビル1階", "url2": "https://www.kaigokensaku.mhlw.go.jp/13/index.php?action_kouhyou_detail_004_kani=true&JigyosyoCd=1370403592-00&ServiceCd=780&Type=search" }, "geometry": { "type": "Point", "coordinates": [ 139.700826600000028, 35.7125962 ] } },
{ "type": "Feature", "properties": { "内容": "リハビリデイサービスnagomi新宿落合店【地域密着型通所介護】東京都新宿区上落合2-8-12", "url2": "https://www.kaigokensaku.mhlw.go.jp/13/index.php?action_kouhyou_detail_004_kani=true&JigyosyoCd=1370404079-00&ServiceCd=780&Type=search" }, "geometry": { "type": "Point", "coordinates": [ 139.689830499999971, 35.7140901 ] } },
{ "type": "Feature", "properties": { "内容": "リハビリデイサービスnagomi神楽坂店【地域密着型通所介護】東京都新宿区天神町23-2", "url2": "https://www.kaigokensaku.mhlw.go.jp/13/index.php?action_kouhyou_detail_004_kani=true&JigyosyoCd=1370404251-00&ServiceCd=780&Type=search" }, "geometry": { "type": "Point", "coordinates": [ 139.731448900000032, 35.7050785 ] } },
{ "type": "Feature", "properties": { "内容": "アクティブプラザ早稲田【地域密着型通所介護】東京都新宿区早稲田鶴巻町112番地エスパス早稲田1Ｆ", "url2": "https://www.kaigokensaku.mhlw.go.jp/13/index.php?action_kouhyou_detail_004_kani=true&JigyosyoCd=1370404442-00&ServiceCd=780&Type=search" }, "geometry": { "type": "Point", "coordinates": [ 139.723351425131227, 35.708617673685289 ] } },
{ "type": "Feature", "properties": { "内容": "アクティブプラザ高田馬場【地域密着型通所介護】東京都新宿区高田馬場3-18-13サクセス高田馬場１Ｆ", "url2": "https://www.kaigokensaku.mhlw.go.jp/13/index.php?action_kouhyou_detail_004_kani=true&JigyosyoCd=1370404483-00&ServiceCd=780&Type=search" }, "geometry": { "type": "Point", "coordinates": [ 139.697890700000016, 35.7139932 ] } },
{ "type": "Feature", "properties": { "内容": "デイサービスこころざし神楽坂【地域密着型通所介護】東京都新宿区中里町7濱井ビル1階", "url2": "https://www.kaigokensaku.mhlw.go.jp/13/index.php?action_kouhyou_detail_004_kani=true&JigyosyoCd=1370405019-00&ServiceCd=780&Type=search" }, "geometry": { "type": "Point", "coordinates": [ 139.731692378607733, 35.705511891464802 ] } },
{ "type": "Feature", "properties": { "内容": "デイサービスクローバー新宿【地域密着型通所介護】東京都新宿区若松町18−３若松マンション　1Ｆ", "url2": "https://www.kaigokensaku.mhlw.go.jp/13/index.php?action_kouhyou_detail_004_kani=true&JigyosyoCd=1370405233-00&ServiceCd=780&Type=search" }, "geometry": { "type": "Point", "coordinates": [ 139.714544676684909, 35.699487500862283 ] } },
{ "type": "Feature", "properties": { "内容": "株式会社K-WORKER　デイホーム笑み【地域密着型通所介護】東京都新宿区大京町5-15太平コーポ1階", "url2": "https://www.kaigokensaku.mhlw.go.jp/13/index.php?action_kouhyou_detail_004_kani=true&JigyosyoCd=1370405431-00&ServiceCd=780&Type=search" }, "geometry": { "type": "Point", "coordinates": [ 139.724479699999961, 35.684866599999985 ] } },
{ "type": "Feature", "properties": { "内容": "デイサービスりっくる【地域密着型通所介護】東京都新宿区弁天町177Duares早稲田1階", "url2": "https://www.kaigokensaku.mhlw.go.jp/13/index.php?action_kouhyou_detail_004_kani=true&JigyosyoCd=1370405530-00&ServiceCd=780&Type=search" }, "geometry": { "type": "Point", "coordinates": [ 139.726415766270378, 35.705112334595626 ] } },
{ "type": "Feature", "properties": { "内容": "リハビリデイサービスリハトレ専科【地域密着型通所介護】東京都新宿区百人町3-16-6厚生中央医院ビル1F", "url2": "https://www.kaigokensaku.mhlw.go.jp/13/index.php?action_kouhyou_detail_004_kani=true&JigyosyoCd=1370405563-00&ServiceCd=780&Type=search" }, "geometry": { "type": "Point", "coordinates": [ 139.698815393254108, 35.706892523488534 ] } },
{ "type": "Feature", "properties": { "内容": "リタポンテ余丁・市谷台町【地域密着型通所介護】東京都新宿区市谷台町7-1HAL21BLDG1F", "url2": "https://www.kaigokensaku.mhlw.go.jp/13/index.php?action_kouhyou_detail_004_kani=true&JigyosyoCd=1370405571-00&ServiceCd=780&Type=search" }, "geometry": { "type": "Point", "coordinates": [ 139.719351935474151, 35.693676404412614 ] } },
{ "type": "Feature", "properties": { "内容": "新宿デイサービス【地域密着型通所介護】東京都新宿区歌舞伎町2-1-2HANROKUビル６F", "url2": "https://www.kaigokensaku.mhlw.go.jp/13/index.php?action_kouhyou_detail_004_kani=true&JigyosyoCd=1390400503-00&ServiceCd=780&Type=search" }, "geometry": { "type": "Point", "coordinates": [ 139.706403, 35.6950096 ] } },
{ "type": "Feature", "properties": { "内容": "デイサービスふるさと・和み【地域密着型通所介護】東京都新宿区新宿6-24-22リレント新宿101", "url2": "https://www.kaigokensaku.mhlw.go.jp/13/index.php?action_kouhyou_detail_004_kani=true&JigyosyoCd=1370404715-00&ServiceCd=780&Type=search" }, "geometry": { "type": "Point", "coordinates": [ 139.71117890000005, 35.697526 ] } },
{ "type": "Feature", "properties": { "内容": "デイサ－ビスもも西落合【地域密着型通所介護】東京都新宿区西落合1-16-3ユニベル西落合1階", "url2": "https://www.kaigokensaku.mhlw.go.jp/13/index.php?action_kouhyou_detail_004_kani=true&JigyosyoCd=1390400388-00&ServiceCd=780&Type=search" }, "geometry": { "type": "Point", "coordinates": [ 139.681716766270426, 35.722236638333818 ] } },
{ "type": "Feature", "properties": { "内容": "GENKI　NEXT新宿市ヶ谷【地域密着型通所介護】東京都新宿区市谷加賀町2－2－3コルチセ加賀1階", "url2": "https://www.kaigokensaku.mhlw.go.jp/13/index.php?action_kouhyou_detail_004_kani=true&JigyosyoCd=1390400396-00&ServiceCd=780&Type=search" }, "geometry": { "type": "Point", "coordinates": [ 139.7283108, 35.6954755 ] } },
{ "type": "Feature", "properties": { "内容": "早稲田イーライフ市谷薬王寺【地域密着型通所介護】東京都新宿区市谷薬王寺５番４号SK-ONEビル　1階", "url2": "https://www.kaigokensaku.mhlw.go.jp/13/index.php?action_kouhyou_detail_004_kani=true&JigyosyoCd=1390400438-00&ServiceCd=780&Type=search" }, "geometry": { "type": "Point", "coordinates": [ 139.725694100000055, 35.6965766 ] } },
{ "type": "Feature", "properties": { "内容": "早稲田イーライフ神楽坂【地域密着型通所介護】東京都新宿区天神町10-5神楽坂ビル88　１F", "url2": "https://www.kaigokensaku.mhlw.go.jp/13/index.php?action_kouhyou_detail_004_kani=true&JigyosyoCd=1390400461-00&ServiceCd=780&Type=search" }, "geometry": { "type": "Point", "coordinates": [ 139.7317707, 35.7047589 ] } },
{ "type": "Feature", "properties": { "内容": "茶話本舗デイサービス高田馬場【地域密着型通所介護】東京都新宿区下落合1-12-1サトウマンション102", "url2": "https://www.kaigokensaku.mhlw.go.jp/13/index.php?action_kouhyou_detail_004_kani=true&JigyosyoCd=1390400487-00&ServiceCd=780&Type=search" }, "geometry": { "type": "Point", "coordinates": [ 139.6966519, 35.7155513 ] } },
{ "type": "Feature", "properties": { "内容": "鶴亀デイサービス西新宿【地域密着型通所介護】東京都新宿区西新宿5-16-4Age83　1階", "url2": "https://www.kaigokensaku.mhlw.go.jp/13/index.php?action_kouhyou_detail_004_kani=true&JigyosyoCd=1390400701-00&ServiceCd=780&Type=search" }, "geometry": { "type": "Point", "coordinates": [ 139.685491417791013, 35.693219008185856 ] } },
{ "type": "Feature", "properties": { "内容": "グリーンデイ西落合【地域密着型通所介護】東京都新宿区西落合1-31-14フレーリー1階", "url2": "https://www.kaigokensaku.mhlw.go.jp/13/index.php?action_kouhyou_detail_004_kani=true&JigyosyoCd=1390400750-00&ServiceCd=780&Type=search" }, "geometry": { "type": "Point", "coordinates": [ 139.679073799999969, 35.7203164 ] } },
{ "type": "Feature", "properties": { "内容": "デイサービス西早稲田【地域密着型通所介護】東京都新宿区西早稲田2-17-32ヴィラ・セレーノ西早稲田103", "url2": "https://www.kaigokensaku.mhlw.go.jp/13/index.php?action_kouhyou_detail_004_kani=true&JigyosyoCd=1370404665-00&ServiceCd=780&Type=search" }, "geometry": { "type": "Point", "coordinates": [ 139.7112622, 35.7088547 ] } },
{ "type": "Feature", "properties": { "内容": "リハビリテーションステップ【地域密着型通所介護】東京都新宿区西落合1-19-12アルカディア落合103", "url2": "https://www.kaigokensaku.mhlw.go.jp/13/index.php?action_kouhyou_detail_004_kani=true&JigyosyoCd=1370405316-00&ServiceCd=780&Type=search" }, "geometry": { "type": "Point", "coordinates": [ 139.6812651, 35.7208652 ] } },
{ "type": "Feature", "properties": { "内容": "レコードブック西落合【地域密着型通所介護】東京都新宿区西落合1-20-1広和マンション１階", "url2": "https://www.kaigokensaku.mhlw.go.jp/13/index.php?action_kouhyou_detail_004_kani=true&JigyosyoCd=1390400578-00&ServiceCd=780&Type=search" }, "geometry": { "type": "Point", "coordinates": [ 139.6813564, 35.7195412 ] } },
{ "type": "Feature", "properties": { "内容": "浪漫デイサービスしあわせ神楽坂【地域密着型通所介護】東京都新宿区山吹町294小久保ﾋﾞﾙ1階", "url2": "https://www.kaigokensaku.mhlw.go.jp/13/index.php?action_kouhyou_detail_004_kani=true&JigyosyoCd=1390400529-00&ServiceCd=780&Type=search" }, "geometry": { "type": "Point", "coordinates": [ 139.731653199999982, 35.707402 ] } },
{ "type": "Feature", "properties": { "内容": "ディサービス　百合【地域密着型通所介護】東京都新宿区榎町７１－１キャピタルハイツ神楽坂103", "url2": "https://www.kaigokensaku.mhlw.go.jp/13/index.php?action_kouhyou_detail_004_kani=true&JigyosyoCd=1370405498-00&ServiceCd=780&Type=search" }, "geometry": { "type": "Point", "coordinates": [ 139.729210200000011, 35.704981300000014 ] } },
{ "type": "Feature", "properties": { "内容": "鶴亀デイサービス上落合【地域密着型通所介護】東京都新宿区上落合1-27-8ソレイユヤマカワ1階", "url2": "https://www.kaigokensaku.mhlw.go.jp/13/index.php?action_kouhyou_detail_004_kani=true&JigyosyoCd=1390400693-00&ServiceCd=780&Type=search" }, "geometry": { "type": "Point", "coordinates": [ 139.690044300000011, 35.7123874 ] } },
{ "type": "Feature", "properties": { "内容": "湯とリハメディカルデイサービス【地域密着型通所介護】東京都新宿区高田馬場1-16-15竹美コーポレーション101", "url2": "https://www.kaigokensaku.mhlw.go.jp/13/index.php?action_kouhyou_detail_004_kani=true&JigyosyoCd=1390400800-00&ServiceCd=780&Type=search" }, "geometry": { "type": "Point", "coordinates": [ 139.7065045, 35.7108214 ] } },
{ "type": "Feature", "properties": { "内容": "デイサービスクローバー神楽坂【地域密着型通所介護】東京都新宿区天神町63リュド神楽坂1階", "url2": "https://www.kaigokensaku.mhlw.go.jp/13/index.php?action_kouhyou_detail_004_kani=true&JigyosyoCd=1370404533-00&ServiceCd=780&Type=search" }, "geometry": { "type": "Point", "coordinates": [ 139.7306854, 35.70523 ] } },
{ "type": "Feature", "properties": { "内容": "ふくろうの家新宿西落合【地域密着型通所介護】東京都新宿区西落合3-26-3ピアレスパーク", "url2": "https://www.kaigokensaku.mhlw.go.jp/13/index.php?action_kouhyou_detail_004_kani=true&JigyosyoCd=1370404053-00&ServiceCd=780&Type=search" }, "geometry": { "type": "Point", "coordinates": [ 139.676975399999947, 35.7238915 ] } },
{ "type": "Feature", "properties": { "内容": "信和リハビリデイサービス千石【地域密着型通所介護】東京都文京区千石4-16-2小林ビル101", "url2": "https://www.kaigokensaku.mhlw.go.jp/13/index.php?action_kouhyou_detail_004_kani=true&JigyosyoCd=1370502690-00&ServiceCd=780&Type=search" }, "geometry": { "type": "Point", "coordinates": [ 139.737038894381726, 35.730039963423394 ] } },
{ "type": "Feature", "properties": { "内容": "デイサービスWith千駄木【地域密着型通所介護】東京都文京区千駄木4-16-2ヴィルヌーブ千駄木", "url2": "https://www.kaigokensaku.mhlw.go.jp/13/index.php?action_kouhyou_detail_004_kani=true&JigyosyoCd=1390500187-00&ServiceCd=780&Type=search" }, "geometry": { "type": "Point", "coordinates": [ 139.7599769, 35.731692 ] } },
{ "type": "Feature", "properties": { "内容": "文京区介護予防拠点　いきいき礫川【地域密着型通所介護】東京都文京区小石川2-16-1", "url2": "https://www.kaigokensaku.mhlw.go.jp/13/index.php?action_kouhyou_detail_004_kani=true&JigyosyoCd=1370501882-00&ServiceCd=780&Type=search" }, "geometry": { "type": "Point", "coordinates": [ 139.74754, 35.7111613 ] } },
{ "type": "Feature", "properties": { "内容": "リハビリデイサービス虎ＳＵＮ【地域密着型通所介護】東京都文京区白山5-18-11草柳ビル　1階", "url2": "https://www.kaigokensaku.mhlw.go.jp/13/index.php?action_kouhyou_detail_004_kani=true&JigyosyoCd=1370502351-00&ServiceCd=780&Type=search" }, "geometry": { "type": "Point", "coordinates": [ 139.74762396651181, 35.726071456577223 ] } },
{ "type": "Feature", "properties": { "内容": "ﾚｺｰﾄﾞﾌﾞｯｸ千石【地域密着型通所介護】東京都文京区千石4－38－10馬場ビル1階", "url2": "https://www.kaigokensaku.mhlw.go.jp/13/index.php?action_kouhyou_detail_004_kani=true&JigyosyoCd=1370502765-00&ServiceCd=780&Type=search" }, "geometry": { "type": "Point", "coordinates": [ 139.742300300000011, 35.728106899999986 ] } },
{ "type": "Feature", "properties": { "内容": "ＭＥＤＩＣＡＬ　ＰＲＯ　ＳＰＯＲＴＳ　介護デイサービス　教育の森【地域密着型通所介護】東京都文京区大塚3-20-7清水ビル1F", "url2": "https://www.kaigokensaku.mhlw.go.jp/13/index.php?action_kouhyou_detail_004_kani=true&JigyosyoCd=1370502997-00&ServiceCd=780&Type=search" }, "geometry": { "type": "Point", "coordinates": [ 139.73502869999993, 35.7218825 ] } },
{ "type": "Feature", "properties": { "内容": "デイサービス　だるま【地域密着型通所介護】東京都文京区千駄木３－４２－１６芹沢ビル　2階", "url2": "https://www.kaigokensaku.mhlw.go.jp/13/index.php?action_kouhyou_detail_004_kani=true&JigyosyoCd=1370503029-00&ServiceCd=780&Type=search" }, "geometry": { "type": "Point", "coordinates": [ 139.7646155, 35.7276242 ] } },
{ "type": "Feature", "properties": { "内容": "リハビリ・デイサービス虎ＳＵＮ動坂店【地域密着型通所介護】東京都文京区本駒込４－４２－１１サクラ文京ビル１階", "url2": "https://www.kaigokensaku.mhlw.go.jp/13/index.php?action_kouhyou_detail_004_kani=true&JigyosyoCd=1370502559-00&ServiceCd=780&Type=search" }, "geometry": { "type": "Point", "coordinates": [ 139.7581047, 35.7326427 ] } },
{ "type": "Feature", "properties": { "内容": "あしつよ・文京【地域密着型通所介護】東京都文京区春日2-13-1芳文堂ビル７階", "url2": "https://www.kaigokensaku.mhlw.go.jp/13/index.php?action_kouhyou_detail_004_kani=true&JigyosyoCd=1370502591-00&ServiceCd=780&Type=search" }, "geometry": { "type": "Point", "coordinates": [ 139.7429591, 35.712267 ] } },
{ "type": "Feature", "properties": { "内容": "ＧＥＮＫＩＮＥＸＴ茗荷谷【地域密着型通所介護】東京都文京区小石川5-21-5中村ビル1階", "url2": "https://www.kaigokensaku.mhlw.go.jp/13/index.php?action_kouhyou_detail_004_kani=true&JigyosyoCd=1390500252-00&ServiceCd=780&Type=search" }, "geometry": { "type": "Point", "coordinates": [ 139.74008230000004, 35.7191464 ] } },
{ "type": "Feature", "properties": { "内容": "リハビリ道場【地域密着型通所介護】東京都文京区大塚６－２７－６グリーンハウス", "url2": "https://www.kaigokensaku.mhlw.go.jp/13/index.php?action_kouhyou_detail_004_kani=true&JigyosyoCd=1370502005-00&ServiceCd=780&Type=search" }, "geometry": { "type": "Point", "coordinates": [ 139.7246265, 35.7260514 ] } },
{ "type": "Feature", "properties": { "内容": "しんわりはびりでいさーびす【地域密着型通所介護】東京都文京区千石4-16-2小林ビル101", "url2": "https://www.kaigokensaku.mhlw.go.jp/13/index.php?action_kouhyou_detail_004_kani=true&JigyosyoCd=1390500377-00&ServiceCd=780&Type=search" }, "geometry": { "type": "Point", "coordinates": [ 139.73687350000003, 35.7302091 ] } },
{ "type": "Feature", "properties": { "内容": "MEDICALPROSPORTS介護デイサービス【地域密着型通所介護】東京都文京区大塚4-12-10橋本ビル1階", "url2": "https://www.kaigokensaku.mhlw.go.jp/13/index.php?action_kouhyou_detail_004_kani=true&JigyosyoCd=1370502880-00&ServiceCd=780&Type=search" }, "geometry": { "type": "Point", "coordinates": [ 139.735606500000017, 35.7225769 ] } },
{ "type": "Feature", "properties": { "内容": "いきいきらいふＳＰＡ駒込【地域密着型通所介護】東京都文京区本駒込5丁目72番地1-102ファンライフ本駒込", "url2": "https://www.kaigokensaku.mhlw.go.jp/13/index.php?action_kouhyou_detail_004_kani=true&JigyosyoCd=1370502575-00&ServiceCd=780&Type=search" }, "geometry": { "type": "Point", "coordinates": [ 139.749660899999981, 35.732845300000015 ] } },
{ "type": "Feature", "properties": { "内容": "浅草デイサービス151A【地域密着型通所介護】東京都台東区花川戸２－１０－１３丸喜ビル１F", "url2": "https://www.kaigokensaku.mhlw.go.jp/13/index.php?action_kouhyou_detail_004_kani=true&JigyosyoCd=1370603134-00&ServiceCd=780&Type=search" }, "geometry": { "type": "Point", "coordinates": [ 139.799870500000054, 35.714685800000034 ] } },
{ "type": "Feature", "properties": { "内容": "たからデイサービス【地域密着型通所介護】東京都台東区浅草６－１５－８", "url2": "https://www.kaigokensaku.mhlw.go.jp/13/index.php?action_kouhyou_detail_004_kani=true&JigyosyoCd=1390600417-00&ServiceCd=780&Type=search" }, "geometry": { "type": "Point", "coordinates": [ 139.7997293, 35.7164408 ] } },
{ "type": "Feature", "properties": { "内容": "デイライフ・いまど【地域密着型通所介護】東京都台東区今戸１－１８－１０ドウシシャ今戸ビル４階", "url2": "https://www.kaigokensaku.mhlw.go.jp/13/index.php?action_kouhyou_detail_004_kani=true&JigyosyoCd=1370603472-00&ServiceCd=780&Type=search" }, "geometry": { "type": "Point", "coordinates": [ 139.80396559999997, 35.7205402 ] } },
{ "type": "Feature", "properties": { "内容": "あいほっとデイサービス【地域密着型通所介護】東京都台東区入谷1-21-1入谷Gjハイム　101", "url2": "https://www.kaigokensaku.mhlw.go.jp/13/index.php?action_kouhyou_detail_004_kani=true&JigyosyoCd=1370603647-00&ServiceCd=780&Type=search" }, "geometry": { "type": "Point", "coordinates": [ 139.7866864, 35.7206016 ] } },
{ "type": "Feature", "properties": { "内容": "地域密着型デイサービスセンター浅草ほうらい【地域密着型通所介護】東京都台東区清川2-14-7", "url2": "https://www.kaigokensaku.mhlw.go.jp/13/index.php?action_kouhyou_detail_004_kani=true&JigyosyoCd=1390600425-00&ServiceCd=780&Type=search" }, "geometry": { "type": "Point", "coordinates": [ 139.8013589, 35.7271983 ] } },
{ "type": "Feature", "properties": { "内容": "いきいきらいふＳＰＡ　東上野【地域密着型通所介護】東京都台東区東上野２－１５－１１佐藤ビル　１F", "url2": "https://www.kaigokensaku.mhlw.go.jp/13/index.php?action_kouhyou_detail_004_kani=true&JigyosyoCd=1370602490-00&ServiceCd=780&Type=search" }, "geometry": { "type": "Point", "coordinates": [ 139.777693099999965, 35.7094573 ] } },
{ "type": "Feature", "properties": { "内容": "ふたばデイサービスセンター【地域密着型通所介護】東京都台東区根岸3-22-6小川ビル1階", "url2": "https://www.kaigokensaku.mhlw.go.jp/13/index.php?action_kouhyou_detail_004_kani=true&JigyosyoCd=1370602698-00&ServiceCd=780&Type=search" }, "geometry": { "type": "Point", "coordinates": [ 139.79849390000004, 35.7180292 ] } },
{ "type": "Feature", "properties": { "内容": "こころデイサービス【地域密着型通所介護】東京都台東区清川1-11-9鈴木ビル1階", "url2": "https://www.kaigokensaku.mhlw.go.jp/13/index.php?action_kouhyou_detail_004_kani=true&JigyosyoCd=1370603340-00&ServiceCd=780&Type=search" }, "geometry": { "type": "Point", "coordinates": [ 139.80356473519538, 35.72344349835744 ] } },
{ "type": "Feature", "properties": { "内容": "レコードブック浅草【地域密着型通所介護】東京都台東区西浅草2-18-12マイルストーン西浅草101", "url2": "https://www.kaigokensaku.mhlw.go.jp/13/index.php?action_kouhyou_detail_004_kani=true&JigyosyoCd=1370603399-00&ServiceCd=780&Type=search" }, "geometry": { "type": "Point", "coordinates": [ 139.789890397553251, 35.713217666900938 ] } },
{ "type": "Feature", "properties": { "内容": "浅草わかばデイサービスセンター【地域密着型通所介護】東京都台東区浅草4-46-4ペリグリンアパートメント１階", "url2": "https://www.kaigokensaku.mhlw.go.jp/13/index.php?action_kouhyou_detail_004_kani=true&JigyosyoCd=1370603530-00&ServiceCd=780&Type=search" }, "geometry": { "type": "Point", "coordinates": [ 139.797056718385306, 35.71858589725813 ] } },
{ "type": "Feature", "properties": { "内容": "デイサービスWith根岸【地域密着型通所介護】東京都台東区根岸5-10-7コーポラスシマノ1階", "url2": "https://www.kaigokensaku.mhlw.go.jp/13/index.php?action_kouhyou_detail_004_kani=true&JigyosyoCd=1390600201-00&ServiceCd=780&Type=search" }, "geometry": { "type": "Point", "coordinates": [ 139.7873942, 35.7277143 ] } },
{ "type": "Feature", "properties": { "内容": "機能訓練デイサービスハチ浅草橋【地域密着型通所介護】東京都台東区蔵前1-3-9深田ビル1F", "url2": "https://www.kaigokensaku.mhlw.go.jp/13/index.php?action_kouhyou_detail_004_kani=true&JigyosyoCd=1390600284-00&ServiceCd=780&Type=search" }, "geometry": { "type": "Point", "coordinates": [ 139.789708499999961, 35.6999921 ] } },
{ "type": "Feature", "properties": { "内容": "愛ふれあだんらん元浅草【地域密着型通所介護】東京都台東区元浅草3-4-3ブルーノ元浅草1階", "url2": "https://www.kaigokensaku.mhlw.go.jp/13/index.php?action_kouhyou_detail_004_kani=true&JigyosyoCd=1390600318-00&ServiceCd=780&Type=search" }, "geometry": { "type": "Point", "coordinates": [ 139.7858532, 35.70681 ] } },
{ "type": "Feature", "properties": { "内容": "介護予防運動デイサービスリハサロン鳥越【地域密着型通所介護】東京都台東区鳥越１－２７－８マストライフ鳥越1階", "url2": "https://www.kaigokensaku.mhlw.go.jp/13/index.php?action_kouhyou_detail_004_kani=true&JigyosyoCd=1390600342-00&ServiceCd=780&Type=search" }, "geometry": { "type": "Point", "coordinates": [ 139.7841196, 35.70298660000001 ] } },
{ "type": "Feature", "properties": { "内容": "GENKINEXT御徒町【地域密着型通所介護】東京都台東区台東3-2-10フェリーチェヒライワ101", "url2": "https://www.kaigokensaku.mhlw.go.jp/13/index.php?action_kouhyou_detail_004_kani=true&JigyosyoCd=1370603118-00&ServiceCd=780&Type=search" }, "geometry": { "type": "Point", "coordinates": [ 139.781025355017022, 35.70409448517038 ] } },
{ "type": "Feature", "properties": { "内容": "レコードブックかっぱ橋【地域密着型通所介護】東京都台東区北上野2-3-16ダイカンプラザ上野Ⅱ1階", "url2": "https://www.kaigokensaku.mhlw.go.jp/13/index.php?action_kouhyou_detail_004_kani=true&JigyosyoCd=1370603126-00&ServiceCd=780&Type=search" }, "geometry": { "type": "Point", "coordinates": [ 139.784256199999959, 35.7155875 ] } },
{ "type": "Feature", "properties": { "内容": "パンダデイ入谷【地域密着型通所介護】東京都台東区入谷1-8-2ライオンズマンション鶯谷Ⅱ", "url2": "https://www.kaigokensaku.mhlw.go.jp/13/index.php?action_kouhyou_detail_004_kani=true&JigyosyoCd=1390600359-00&ServiceCd=780&Type=search" }, "geometry": { "type": "Point", "coordinates": [ 139.7857774, 35.7199511 ] } },
{ "type": "Feature", "properties": { "内容": "デイセンター　すばるの家【地域密着型通所介護】東京都台東区下谷３－２－６", "url2": "https://www.kaigokensaku.mhlw.go.jp/13/index.php?action_kouhyou_detail_004_kani=true&JigyosyoCd=1370601963-00&ServiceCd=780&Type=search" }, "geometry": { "type": "Point", "coordinates": [ 139.785036200000036, 35.7235951 ] } },
{ "type": "Feature", "properties": { "内容": "いきいきらいふSPA浅草【地域密着型通所介護】東京都台東区浅草5-53-1第６さくらコーポ　１階", "url2": "https://www.kaigokensaku.mhlw.go.jp/13/index.php?action_kouhyou_detail_004_kani=true&JigyosyoCd=1370602763-00&ServiceCd=780&Type=search" }, "geometry": { "type": "Point", "coordinates": [ 139.797163299999966, 35.7213428 ] } },
{ "type": "Feature", "properties": { "内容": "たからデイサービス　竜泉【地域密着型通所介護】東京都台東区竜泉１－２１－５生井ビル１階", "url2": "https://www.kaigokensaku.mhlw.go.jp/13/index.php?action_kouhyou_detail_004_kani=true&JigyosyoCd=1370603589-00&ServiceCd=780&Type=search" }, "geometry": { "type": "Point", "coordinates": [ 139.790119199999907, 35.7238869 ] } },
{ "type": "Feature", "properties": { "内容": "デイサービス虹色工房【地域密着型通所介護】東京都墨田区八広4丁目48番3号コイケ酸商ビル1階", "url2": "https://www.kaigokensaku.mhlw.go.jp/13/index.php?action_kouhyou_detail_004_kani=true&JigyosyoCd=1372205979-00&ServiceCd=780&Type=search" }, "geometry": { "type": "Point", "coordinates": [ 139.830116299999986, 35.7206879 ] } },
{ "type": "Feature", "properties": { "内容": "楽しいデイ　あおぞら【地域密着型通所介護】東京都墨田区京島３丁目１２番6号", "url2": "https://www.kaigokensaku.mhlw.go.jp/13/index.php?action_kouhyou_detail_004_kani=true&JigyosyoCd=1370704270-00&ServiceCd=780&Type=search" }, "geometry": { "type": "Point", "coordinates": [ 139.823058700000047, 35.7170435 ] } },
{ "type": "Feature", "properties": { "内容": "デイサービスセンターＳＤ健寿　押上店【地域密着型通所介護】東京都墨田区押上３－６１－４寿ビル1Ｆ", "url2": "https://www.kaigokensaku.mhlw.go.jp/13/index.php?action_kouhyou_detail_004_kani=true&JigyosyoCd=1390700472-00&ServiceCd=780&Type=search" }, "geometry": { "type": "Point", "coordinates": [ 139.821842299999958, 35.7115161 ] } },
{ "type": "Feature", "properties": { "内容": "リハビリスタジオ　MOVEON【地域密着型通所介護】東京都墨田区業平１ー８ー２TM業平ビル１階", "url2": "https://www.kaigokensaku.mhlw.go.jp/13/index.php?action_kouhyou_detail_004_kani=true&JigyosyoCd=1390700795-00&ServiceCd=780&Type=search" }, "geometry": { "type": "Point", "coordinates": [ 139.810453, 35.7075962 ] } },
{ "type": "Feature", "properties": { "内容": "デイサービスシーズー【地域密着型通所介護】東京都墨田区墨田1－4－25", "url2": "https://www.kaigokensaku.mhlw.go.jp/13/index.php?action_kouhyou_detail_004_kani=true&JigyosyoCd=1390700803-00&ServiceCd=780&Type=search" }, "geometry": { "type": "Point", "coordinates": [ 139.816325, 35.7290493 ] } },
{ "type": "Feature", "properties": { "内容": "にこにこ庵【地域密着型通所介護】東京都墨田区八広３-２４-６", "url2": "https://www.kaigokensaku.mhlw.go.jp/13/index.php?action_kouhyou_detail_004_kani=true&JigyosyoCd=1370702993-00&ServiceCd=780&Type=search" }, "geometry": { "type": "Point", "coordinates": [ 139.82839690000003, 35.719874 ] } },
{ "type": "Feature", "properties": { "内容": "なのはなフィットネスデイ【地域密着型通所介護】東京都墨田区東向島2-４６-１１柏木ビル1F", "url2": "https://www.kaigokensaku.mhlw.go.jp/13/index.php?action_kouhyou_detail_004_kani=true&JigyosyoCd=1390700415-00&ServiceCd=780&Type=search" }, "geometry": { "type": "Point", "coordinates": [ 139.818811699999969, 35.7201766 ] } },
{ "type": "Feature", "properties": { "内容": "早稲田イーライフ向島【地域密着型通所介護】東京都墨田区向島３－２８－１３サープリング小梅１０２号", "url2": "https://www.kaigokensaku.mhlw.go.jp/13/index.php?action_kouhyou_detail_004_kani=true&JigyosyoCd=1390700779-00&ServiceCd=780&Type=search" }, "geometry": { "type": "Point", "coordinates": [ 139.8106508, 35.7151777 ] } },
{ "type": "Feature", "properties": { "内容": "よりあいデイ・つくし【地域密着型通所介護】東京都墨田区本所1-26-4１階", "url2": "https://www.kaigokensaku.mhlw.go.jp/13/index.php?action_kouhyou_detail_004_kani=true&JigyosyoCd=1370702605-00&ServiceCd=780&Type=search" }, "geometry": { "type": "Point", "coordinates": [ 139.799408399999948, 35.7042942 ] } },
{ "type": "Feature", "properties": { "内容": "フォルテシモ両国デイサービスリゲットライフ【地域密着型通所介護】東京都墨田区石原2-11-2ヒーロービル", "url2": "https://www.kaigokensaku.mhlw.go.jp/13/index.php?action_kouhyou_detail_004_kani=true&JigyosyoCd=1370703132-00&ServiceCd=780&Type=search" }, "geometry": { "type": "Point", "coordinates": [ 139.79996959999994, 35.7001003 ] } },
{ "type": "Feature", "properties": { "内容": "いきいきらいふSPA墨田【地域密着型通所介護】東京都墨田区八広1-31-12新井ビル１階", "url2": "https://www.kaigokensaku.mhlw.go.jp/13/index.php?action_kouhyou_detail_004_kani=true&JigyosyoCd=1370703249-00&ServiceCd=780&Type=search" }, "geometry": { "type": "Point", "coordinates": [ 139.8252382, 35.7195364 ] } },
{ "type": "Feature", "properties": { "内容": "デイサービス花咲【地域密着型通所介護】東京都墨田区太平2-14-12神山ビル１階", "url2": "https://www.kaigokensaku.mhlw.go.jp/13/index.php?action_kouhyou_detail_004_kani=true&JigyosyoCd=1370703645-00&ServiceCd=780&Type=search" }, "geometry": { "type": "Point", "coordinates": [ 139.812517899999989, 35.7017994 ] } },
{ "type": "Feature", "properties": { "内容": "あすてっぷ立花デイサービス【地域密着型通所介護】東京都墨田区立花3-15-16", "url2": "https://www.kaigokensaku.mhlw.go.jp/13/index.php?action_kouhyou_detail_004_kani=true&JigyosyoCd=1370703819-00&ServiceCd=780&Type=search" }, "geometry": { "type": "Point", "coordinates": [ 139.833360800000037, 35.7068694 ] } },
{ "type": "Feature", "properties": { "内容": "エバーウォーク東向島【地域密着型通所介護】東京都墨田区東向島6-60-6T'Zビル1階", "url2": "https://www.kaigokensaku.mhlw.go.jp/13/index.php?action_kouhyou_detail_004_kani=true&JigyosyoCd=1370704031-00&ServiceCd=780&Type=search" }, "geometry": { "type": "Point", "coordinates": [ 139.824280400000021, 35.727529 ] } },
{ "type": "Feature", "properties": { "内容": "本所デイサービス151Ａ【地域密着型通所介護】東京都墨田区石原3-29-3", "url2": "https://www.kaigokensaku.mhlw.go.jp/13/index.php?action_kouhyou_detail_004_kani=true&JigyosyoCd=1370704122-00&ServiceCd=780&Type=search" }, "geometry": { "type": "Point", "coordinates": [ 139.803827500000011, 35.7017223 ] } },
{ "type": "Feature", "properties": { "内容": "GENKINEXT錦糸町【地域密着型通所介護】東京都墨田区緑３－６－１３IPハイツ１階", "url2": "https://www.kaigokensaku.mhlw.go.jp/13/index.php?action_kouhyou_detail_004_kani=true&JigyosyoCd=1370704148-00&ServiceCd=780&Type=search" }, "geometry": { "type": "Point", "coordinates": [ 139.804641400000037, 35.6935371 ] } },
{ "type": "Feature", "properties": { "内容": "デイサービスみらく【地域密着型通所介護】東京都墨田区両国3-20-9ヴァンセットイトウ1階", "url2": "https://www.kaigokensaku.mhlw.go.jp/13/index.php?action_kouhyou_detail_004_kani=true&JigyosyoCd=1370704155-00&ServiceCd=780&Type=search" }, "geometry": { "type": "Point", "coordinates": [ 139.7944119, 35.6939976 ] } },
{ "type": "Feature", "properties": { "内容": "デイサービスよのもり【地域密着型通所介護】東京都墨田区東向島４－３２－７宇草ビル１０１", "url2": "https://www.kaigokensaku.mhlw.go.jp/13/index.php?action_kouhyou_detail_004_kani=true&JigyosyoCd=1370704262-00&ServiceCd=780&Type=search" }, "geometry": { "type": "Point", "coordinates": [ 139.818161599999939, 35.7252402 ] } },
{ "type": "Feature", "properties": { "内容": "トータルリハセンター鐘ヶ淵【地域密着型通所介護】東京都墨田区墨田2-10-20リアライズ鐘ヶ淵", "url2": "https://www.kaigokensaku.mhlw.go.jp/13/index.php?action_kouhyou_detail_004_kani=true&JigyosyoCd=1370704387-00&ServiceCd=780&Type=search" }, "geometry": { "type": "Point", "coordinates": [ 139.81906129999993, 35.7332952 ] } },
{ "type": "Feature", "properties": { "内容": "はつね曳舟【地域密着型通所介護】東京都墨田区東向島2-6-171F", "url2": "https://www.kaigokensaku.mhlw.go.jp/13/index.php?action_kouhyou_detail_004_kani=true&JigyosyoCd=1370704429-00&ServiceCd=780&Type=search" }, "geometry": { "type": "Point", "coordinates": [ 139.8147663, 35.7180591 ] } },
{ "type": "Feature", "properties": { "内容": "クオリティライフ両国【地域密着型通所介護】東京都墨田区両国3-22-2メインステージ両国1階", "url2": "https://www.kaigokensaku.mhlw.go.jp/13/index.php?action_kouhyou_detail_004_kani=true&JigyosyoCd=1390700431-00&ServiceCd=780&Type=search" }, "geometry": { "type": "Point", "coordinates": [ 139.793358086508192, 35.694526113765647 ] } },
{ "type": "Feature", "properties": { "内容": "デイサービス　マリーナ【地域密着型通所介護】東京都墨田区立川３－９－６", "url2": "https://www.kaigokensaku.mhlw.go.jp/13/index.php?action_kouhyou_detail_004_kani=true&JigyosyoCd=1390700597-00&ServiceCd=780&Type=search" }, "geometry": { "type": "Point", "coordinates": [ 139.805542800000012, 35.6912015 ] } },
{ "type": "Feature", "properties": { "内容": "匠楽館むこうじま粋【地域密着型通所介護】東京都墨田区向島5-17-2", "url2": "https://www.kaigokensaku.mhlw.go.jp/13/index.php?action_kouhyou_detail_004_kani=true&JigyosyoCd=1390700605-00&ServiceCd=780&Type=search" }, "geometry": { "type": "Point", "coordinates": [ 139.809658600000034, 35.7180321 ] } },
{ "type": "Feature", "properties": { "内容": "ほんわ花デイ【地域密着型通所介護】東京都墨田区押上1-32-11", "url2": "https://www.kaigokensaku.mhlw.go.jp/13/index.php?action_kouhyou_detail_004_kani=true&JigyosyoCd=1390700662-00&ServiceCd=780&Type=search" }, "geometry": { "type": "Point", "coordinates": [ 139.816474737434362, 35.711208074161 ] } },
{ "type": "Feature", "properties": { "内容": "フィリア両国リハビリケア【地域密着型通所介護】東京都墨田区千歳2-13-4シティハイツ秋山１階", "url2": "https://www.kaigokensaku.mhlw.go.jp/13/index.php?action_kouhyou_detail_004_kani=true&JigyosyoCd=1390700712-00&ServiceCd=780&Type=search" }, "geometry": { "type": "Point", "coordinates": [ 139.7938177, 35.6914856 ] } },
{ "type": "Feature", "properties": { "内容": "だんらんの家すみだ【地域密着型通所介護】東京都墨田区墨田4-57-15", "url2": "https://www.kaigokensaku.mhlw.go.jp/13/index.php?action_kouhyou_detail_004_kani=true&JigyosyoCd=1390700738-00&ServiceCd=780&Type=search" }, "geometry": { "type": "Point", "coordinates": [ 139.8255983, 35.7303941 ] } },
{ "type": "Feature", "properties": { "内容": "デイサービスたんぽぽ【地域密着型通所介護】東京都墨田区文花3－14－4本所KSビル3階", "url2": "https://www.kaigokensaku.mhlw.go.jp/13/index.php?action_kouhyou_detail_004_kani=true&JigyosyoCd=1370702688-00&ServiceCd=780&Type=search" }, "geometry": { "type": "Point", "coordinates": [ 139.8259581, 35.711991499999989 ] } },
{ "type": "Feature", "properties": { "内容": "ひろみデイステーション【地域密着型通所介護】東京都墨田区京島3-60-6", "url2": "https://www.kaigokensaku.mhlw.go.jp/13/index.php?action_kouhyou_detail_004_kani=true&JigyosyoCd=1370704015-00&ServiceCd=780&Type=search" }, "geometry": { "type": "Point", "coordinates": [ 139.825008700000041, 35.713486100000011 ] } },
{ "type": "Feature", "properties": { "内容": "匠楽館おしあげ粋【地域密着型通所介護】東京都墨田区押上3－23－13", "url2": "https://www.kaigokensaku.mhlw.go.jp/13/index.php?action_kouhyou_detail_004_kani=true&JigyosyoCd=1390700514-00&ServiceCd=780&Type=search" }, "geometry": { "type": "Point", "coordinates": [ 139.81735649999996, 35.7123604 ] } },
{ "type": "Feature", "properties": { "内容": "レコードブック向島【地域密着型通所介護】東京都墨田区向島3-40-4", "url2": "https://www.kaigokensaku.mhlw.go.jp/13/index.php?action_kouhyou_detail_004_kani=true&JigyosyoCd=1390700522-00&ServiceCd=780&Type=search" }, "geometry": { "type": "Point", "coordinates": [ 139.810645600000043, 35.7125686 ] } },
{ "type": "Feature", "properties": { "内容": "デイサービス　向島の家【地域密着型通所介護】東京都墨田区東向島４－２０－５ハイムＵ", "url2": "https://www.kaigokensaku.mhlw.go.jp/13/index.php?action_kouhyou_detail_004_kani=true&JigyosyoCd=1370703280-00&ServiceCd=780&Type=search" }, "geometry": { "type": "Point", "coordinates": [ 139.816288082803339, 35.725333944491354 ] } },
{ "type": "Feature", "properties": { "内容": "匠楽館すみだ粋【地域密着型通所介護】東京都墨田区墨田3-11-14", "url2": "https://www.kaigokensaku.mhlw.go.jp/13/index.php?action_kouhyou_detail_004_kani=true&JigyosyoCd=1370703025-00&ServiceCd=780&Type=search" }, "geometry": { "type": "Point", "coordinates": [ 139.821325177832023, 35.72902600663037 ] } },
{ "type": "Feature", "properties": { "内容": "ワサビ介護予防デイサービス【地域密着型通所介護】東京都墨田区向島１-27-13", "url2": "https://www.kaigokensaku.mhlw.go.jp/13/index.php?action_kouhyou_detail_004_kani=true&JigyosyoCd=1370703991-00&ServiceCd=780&Type=search" }, "geometry": { "type": "Point", "coordinates": [ 139.805815518771368, 35.712024202387433 ] } },
{ "type": "Feature", "properties": { "内容": "リハdeスマイル【地域密着型通所介護】東京都江東区森下4-23-6", "url2": "https://www.kaigokensaku.mhlw.go.jp/13/index.php?action_kouhyou_detail_004_kani=true&JigyosyoCd=1370805341-00&ServiceCd=780&Type=search" }, "geometry": { "type": "Point", "coordinates": [ 139.804255899999959, 35.6876979 ] } },
{ "type": "Feature", "properties": { "内容": "ライフレッシュケア・デイサービス【地域密着型通所介護】東京都江東区千田7番17号千田男ビル", "url2": "https://www.kaigokensaku.mhlw.go.jp/13/index.php?action_kouhyou_detail_004_kani=true&JigyosyoCd=1370804633-00&ServiceCd=780&Type=search" }, "geometry": { "type": "Point", "coordinates": [ 139.815448800000013, 35.6808137 ] } },
{ "type": "Feature", "properties": { "内容": "喜楽デイサービス【地域密着型通所介護】東京都江東区大島8-39-22イトーピア東大島130号", "url2": "https://www.kaigokensaku.mhlw.go.jp/13/index.php?action_kouhyou_detail_004_kani=true&JigyosyoCd=1390800728-00&ServiceCd=780&Type=search" }, "geometry": { "type": "Point", "coordinates": [ 139.844349200000011, 35.6871931 ] } },
{ "type": "Feature", "properties": { "内容": "デイサービスセンター　らん花園【地域密着型通所介護】東京都江東区塩浜２－７－２", "url2": "https://www.kaigokensaku.mhlw.go.jp/13/index.php?action_kouhyou_detail_004_kani=true&JigyosyoCd=1390800462-00&ServiceCd=780&Type=search" }, "geometry": { "type": "Point", "coordinates": [ 139.806605699999977, 35.6618714 ] } },
{ "type": "Feature", "properties": { "内容": "生活協同組合パルシステム東京　デイサービスセンター　「辰巳陽だまり」【地域密着型通所介護】東京都江東区辰巳1-2-9101", "url2": "https://www.kaigokensaku.mhlw.go.jp/13/index.php?action_kouhyou_detail_004_kani=true&JigyosyoCd=1370801498-00&ServiceCd=780&Type=search" }, "geometry": { "type": "Point", "coordinates": [ 139.808325299999979, 35.6500644 ] } },
{ "type": "Feature", "properties": { "内容": "だんらんの家　亀戸【地域密着型通所介護】東京都江東区亀戸７－２８－１２", "url2": "https://www.kaigokensaku.mhlw.go.jp/13/index.php?action_kouhyou_detail_004_kani=true&JigyosyoCd=1370803908-00&ServiceCd=780&Type=search" }, "geometry": { "type": "Point", "coordinates": [ 139.837152300000071, 35.6985398 ] } },
{ "type": "Feature", "properties": { "内容": "ディサービス花咲く家塩浜【地域密着型通所介護】東京都江東区塩浜2-13-8101", "url2": "https://www.kaigokensaku.mhlw.go.jp/13/index.php?action_kouhyou_detail_004_kani=true&JigyosyoCd=1370803999-00&ServiceCd=780&Type=search" }, "geometry": { "type": "Point", "coordinates": [ 139.809610900000052, 35.6629991 ] } },
{ "type": "Feature", "properties": { "内容": "リハビリデイサービスｎａｇｏｍｉ森下店【地域密着型通所介護】東京都江東区森下5-12-6井上森下ビル1階", "url2": "https://www.kaigokensaku.mhlw.go.jp/13/index.php?action_kouhyou_detail_004_kani=true&JigyosyoCd=1370804427-00&ServiceCd=780&Type=search" }, "geometry": { "type": "Point", "coordinates": [ 139.809438300000011, 35.6850132 ] } },
{ "type": "Feature", "properties": { "内容": "ソフィーケア砂町デイサービスセンター【地域密着型通所介護】東京都江東区東砂7-2-11鈴木ビル一階", "url2": "https://www.kaigokensaku.mhlw.go.jp/13/index.php?action_kouhyou_detail_004_kani=true&JigyosyoCd=1370804781-00&ServiceCd=780&Type=search" }, "geometry": { "type": "Point", "coordinates": [ 139.840920399999987, 35.6698399 ] } },
{ "type": "Feature", "properties": { "内容": "レコードブック森下【地域密着型通所介護】東京都江東区森下2-13-6橋本ビル１階", "url2": "https://www.kaigokensaku.mhlw.go.jp/13/index.php?action_kouhyou_detail_004_kani=true&JigyosyoCd=1370805143-00&ServiceCd=780&Type=search" }, "geometry": { "type": "Point", "coordinates": [ 139.800153099999989, 35.68734340000001 ] } },
{ "type": "Feature", "properties": { "内容": "ほっとスマイルＳＰＡ木場【地域密着型通所介護】東京都江東区木場３－８－４大橋ビル１Ｆ", "url2": "https://www.kaigokensaku.mhlw.go.jp/13/index.php?action_kouhyou_detail_004_kani=true&JigyosyoCd=1370805150-00&ServiceCd=780&Type=search" }, "geometry": { "type": "Point", "coordinates": [ 139.805091700000048, 35.6729063 ] } },
{ "type": "Feature", "properties": { "内容": "トライ南砂【地域密着型通所介護】東京都江東区東砂8-21-4浅上ビル１階", "url2": "https://www.kaigokensaku.mhlw.go.jp/13/index.php?action_kouhyou_detail_004_kani=true&JigyosyoCd=1370805283-00&ServiceCd=780&Type=search" }, "geometry": { "type": "Point", "coordinates": [ 139.841279699999973, 35.6692823 ] } },
{ "type": "Feature", "properties": { "内容": "シニアスクールデイサービス洲崎【地域密着型通所介護】東京都江東区東陽5-3-91Ｆ", "url2": "https://www.kaigokensaku.mhlw.go.jp/13/index.php?action_kouhyou_detail_004_kani=true&JigyosyoCd=1370805333-00&ServiceCd=780&Type=search" }, "geometry": { "type": "Point", "coordinates": [ 139.811082700000043, 35.6713926 ] } },
{ "type": "Feature", "properties": { "内容": "デイサービス　ぽかぽか【地域密着型通所介護】東京都江東区森下3-19-1アイコーポ1階", "url2": "https://www.kaigokensaku.mhlw.go.jp/13/index.php?action_kouhyou_detail_004_kani=true&JigyosyoCd=1370805580-00&ServiceCd=780&Type=search" }, "geometry": { "type": "Point", "coordinates": [ 139.802314, 35.6873657 ] } },
{ "type": "Feature", "properties": { "内容": "レコードブック亀戸【地域密着型通所介護】東京都江東区亀戸7丁目9-1クリタビル1階", "url2": "https://www.kaigokensaku.mhlw.go.jp/13/index.php?action_kouhyou_detail_004_kani=true&JigyosyoCd=1390800306-00&ServiceCd=780&Type=search" }, "geometry": { "type": "Point", "coordinates": [ 139.833086, 35.6973232 ] } },
{ "type": "Feature", "properties": { "内容": "デイサービスどすこい【地域密着型通所介護】東京都江東区常盤1-12-16フレックスステイン清澄白河1F", "url2": "https://www.kaigokensaku.mhlw.go.jp/13/index.php?action_kouhyou_detail_004_kani=true&JigyosyoCd=1390800314-00&ServiceCd=780&Type=search" }, "geometry": { "type": "Point", "coordinates": [ 139.795973099999969, 35.684616 ] } },
{ "type": "Feature", "properties": { "内容": "BPリハビリStudio【地域密着型通所介護】東京都江東区千石３−１−３６グレイスビル　４階", "url2": "https://www.kaigokensaku.mhlw.go.jp/13/index.php?action_kouhyou_detail_004_kani=true&JigyosyoCd=1390800330-00&ServiceCd=780&Type=search" }, "geometry": { "type": "Point", "coordinates": [ 139.8183818, 35.6786139 ] } },
{ "type": "Feature", "properties": { "内容": "ハチデイサービス【地域密着型通所介護】東京都江東区森下3-11-6アーク清澄白河101", "url2": "https://www.kaigokensaku.mhlw.go.jp/13/index.php?action_kouhyou_detail_004_kani=true&JigyosyoCd=1390800496-00&ServiceCd=780&Type=search" }, "geometry": { "type": "Point", "coordinates": [ 139.8015187, 35.6858665 ] } },
{ "type": "Feature", "properties": { "内容": "レコードブック砂町【地域密着型通所介護】東京都江東区北砂3-6-14大村ビル1F", "url2": "https://www.kaigokensaku.mhlw.go.jp/13/index.php?action_kouhyou_detail_004_kani=true&JigyosyoCd=1390800546-00&ServiceCd=780&Type=search" }, "geometry": { "type": "Point", "coordinates": [ 139.8294941, 35.6837886 ] } },
{ "type": "Feature", "properties": { "内容": "シルバージム砂町【地域密着型通所介護】東京都江東区北砂4-35-13加賀見ビル１F", "url2": "https://www.kaigokensaku.mhlw.go.jp/13/index.php?action_kouhyou_detail_004_kani=true&JigyosyoCd=1390800645-00&ServiceCd=780&Type=search" }, "geometry": { "type": "Point", "coordinates": [ 139.8339235, 35.6774347 ] } },
{ "type": "Feature", "properties": { "内容": "あづま家デイサービス亀戸【地域密着型通所介護】東京都江東区亀戸7-62-5エバーグリーンパレス大島１F", "url2": "https://www.kaigokensaku.mhlw.go.jp/13/index.php?action_kouhyou_detail_004_kani=true&JigyosyoCd=1390800652-00&ServiceCd=780&Type=search" }, "geometry": { "type": "Point", "coordinates": [ 139.837891700000029, 35.694822800000011 ] } },
{ "type": "Feature", "properties": { "内容": "デイサービス花咲く家【地域密着型通所介護】東京都江東区東砂4-22-4101", "url2": "https://www.kaigokensaku.mhlw.go.jp/13/index.php?action_kouhyou_detail_004_kani=true&JigyosyoCd=1370803668-00&ServiceCd=780&Type=search" }, "geometry": { "type": "Point", "coordinates": [ 139.84058529999993, 35.6797088 ] } },
{ "type": "Feature", "properties": { "内容": "生活協同組合パルシステム東京　デイサービスセンター　東雲陽だまり【地域密着型通所介護】東京都江東区東雲2-4-3106", "url2": "https://www.kaigokensaku.mhlw.go.jp/13/index.php?action_kouhyou_detail_004_kani=true&JigyosyoCd=1370804591-00&ServiceCd=780&Type=search" }, "geometry": { "type": "Point", "coordinates": [ 139.79841829999998, 35.6439981 ] } },
{ "type": "Feature", "properties": { "内容": "はなデイサービス【地域密着型通所介護】東京都江東区亀戸6-55-18グローハイツ1F", "url2": "https://www.kaigokensaku.mhlw.go.jp/13/index.php?action_kouhyou_detail_004_kani=true&JigyosyoCd=1370804740-00&ServiceCd=780&Type=search" }, "geometry": { "type": "Point", "coordinates": [ 139.831769399999985, 35.6972342 ] } },
{ "type": "Feature", "properties": { "内容": "リハビリ型ひかりデイサービス扇橋店【地域密着型通所介護】東京都江東区扇橋1-4-9メイゾン白子1階", "url2": "https://www.kaigokensaku.mhlw.go.jp/13/index.php?action_kouhyou_detail_004_kani=true&JigyosyoCd=1390800348-00&ServiceCd=780&Type=search" }, "geometry": { "type": "Point", "coordinates": [ 139.811685300000022, 35.6823246 ] } },
{ "type": "Feature", "properties": { "内容": "デイサービスぽかぽか亀戸【地域密着型通所介護】東京都江東区亀戸2-41-5メゾンエスポワール101", "url2": "https://www.kaigokensaku.mhlw.go.jp/13/index.php?action_kouhyou_detail_004_kani=true&JigyosyoCd=1390800371-00&ServiceCd=780&Type=search" }, "geometry": { "type": "Point", "coordinates": [ 139.823556300000064, 35.7009974 ] } },
{ "type": "Feature", "properties": { "内容": "レコードブック南砂【地域密着型通所介護】東京都江東区北砂1-5-20東陽町ダイヤモンドパレス103", "url2": "https://www.kaigokensaku.mhlw.go.jp/13/index.php?action_kouhyou_detail_004_kani=true&JigyosyoCd=1390800694-00&ServiceCd=780&Type=search" }, "geometry": { "type": "Point", "coordinates": [ 139.8223405, 35.6814607 ] } },
{ "type": "Feature", "properties": { "内容": "あづま家デイサービス亀戸中央【地域密着型通所介護】東京都江東区亀戸5-6-1常光ビル１階", "url2": "https://www.kaigokensaku.mhlw.go.jp/13/index.php?action_kouhyou_detail_004_kani=true&JigyosyoCd=1390800736-00&ServiceCd=780&Type=search" }, "geometry": { "type": "Point", "coordinates": [ 139.8274226, 35.698364800000022 ] } },
{ "type": "Feature", "properties": { "内容": "いきいきらいふＳＰＡ住吉店【地域密着型通所介護】東京都江東区石島１２－１８", "url2": "https://www.kaigokensaku.mhlw.go.jp/13/index.php?action_kouhyou_detail_004_kani=true&JigyosyoCd=1370804641-00&ServiceCd=780&Type=search" }, "geometry": { "type": "Point", "coordinates": [ 139.8136462, 35.680705400000022 ] } },
{ "type": "Feature", "properties": { "内容": "ライフレッシュケア・香りの湯【地域密着型通所介護】東京都江東区千田6-17ドゥーステップ・ビル", "url2": "https://www.kaigokensaku.mhlw.go.jp/13/index.php?action_kouhyou_detail_004_kani=true&JigyosyoCd=1390800579-00&ServiceCd=780&Type=search" }, "geometry": { "type": "Point", "coordinates": [ 139.8158354, 35.6808229 ] } },
{ "type": "Feature", "properties": { "内容": "たなごころ北砂【地域密着型通所介護】東京都江東区北砂4-18-18", "url2": "https://www.kaigokensaku.mhlw.go.jp/13/index.php?action_kouhyou_detail_004_kani=true&JigyosyoCd=1370804005-00&ServiceCd=780&Type=search" }, "geometry": { "type": "Point", "coordinates": [ 139.8311909, 35.6792022 ] } },
{ "type": "Feature", "properties": { "内容": "デイサービスのんな砂町【地域密着型通所介護】東京都江東区東砂１－６－７山本ビル１Ｆ", "url2": "https://www.kaigokensaku.mhlw.go.jp/13/index.php?action_kouhyou_detail_004_kani=true&JigyosyoCd=1390800702-00&ServiceCd=780&Type=search" }, "geometry": { "type": "Point", "coordinates": [ 139.8408404, 35.681438700000015 ] } },
{ "type": "Feature", "properties": { "内容": "リハビリデイサービス　リファーロ【地域密着型通所介護】東京都品川区南大井2-4-8", "url2": "https://www.kaigokensaku.mhlw.go.jp/13/index.php?action_kouhyou_detail_004_kani=true&JigyosyoCd=1370904151-00&ServiceCd=780&Type=search" }, "geometry": { "type": "Point", "coordinates": [ 139.737223951589925, 35.593008683202775 ] } },
{ "type": "Feature", "properties": { "内容": "スマイルデイサービス皐月【地域密着型通所介護】東京都品川区西五反田5-8-7アスペンリーフ１0２", "url2": "https://www.kaigokensaku.mhlw.go.jp/13/index.php?action_kouhyou_detail_004_kani=true&JigyosyoCd=1390900486-00&ServiceCd=780&Type=search" }, "geometry": { "type": "Point", "coordinates": [ 139.713935980875704, 35.624796434275055 ] } },
{ "type": "Feature", "properties": { "内容": "楽ティブ・湯～亀【地域密着型通所介護】東京都品川区旗の台4丁目5番18号新生湯", "url2": "https://www.kaigokensaku.mhlw.go.jp/13/index.php?action_kouhyou_detail_004_kani=true&JigyosyoCd=1370901785-00&ServiceCd=780&Type=search" }, "geometry": { "type": "Point", "coordinates": [ 139.705632360713281, 35.60271059673547 ] } },
{ "type": "Feature", "properties": { "内容": "寿いきいきセンター南大井【地域密着型通所介護】東京都品川区南大井1-20-17マニフィック南大井ビル1階", "url2": "https://www.kaigokensaku.mhlw.go.jp/13/index.php?action_kouhyou_detail_004_kani=true&JigyosyoCd=1390900627-00&ServiceCd=780&Type=search" }, "geometry": { "type": "Point", "coordinates": [ 139.737291399999975, 35.594512699999989 ] } },
{ "type": "Feature", "properties": { "内容": "品川区立月見橋在宅サービスセンター【地域密着型通所介護】東京都品川区南大井３－７－１０月見橋の家１階・２階", "url2": "https://www.kaigokensaku.mhlw.go.jp/13/index.php?action_kouhyou_detail_004_kani=true&JigyosyoCd=1370901207-00&ServiceCd=780&Type=search" }, "geometry": { "type": "Point", "coordinates": [ 139.734300699999949, 35.5918283 ] } },
{ "type": "Feature", "properties": { "内容": "介護予防センター　イーライフ戸越【地域密着型通所介護】東京都品川区平塚２－４－２３五反田レインボーヒルズ１階", "url2": "https://www.kaigokensaku.mhlw.go.jp/13/index.php?action_kouhyou_detail_004_kani=true&JigyosyoCd=1370902965-00&ServiceCd=780&Type=search" }, "geometry": { "type": "Point", "coordinates": [ 139.7154703, 35.6184134 ] } },
{ "type": "Feature", "properties": { "内容": "アシストリハビリデイサービス【地域密着型通所介護】東京都品川区東品川１－２９－８上林ビル１階", "url2": "https://www.kaigokensaku.mhlw.go.jp/13/index.php?action_kouhyou_detail_004_kani=true&JigyosyoCd=1370903435-00&ServiceCd=780&Type=search" }, "geometry": { "type": "Point", "coordinates": [ 139.743473599999987, 35.6202363 ] } },
{ "type": "Feature", "properties": { "内容": "ぽじえじステーション南大井【地域密着型通所介護】東京都品川区南大井3-8-7パークハウス大森リルウイング　1階", "url2": "https://www.kaigokensaku.mhlw.go.jp/13/index.php?action_kouhyou_detail_004_kani=true&JigyosyoCd=1370903922-00&ServiceCd=780&Type=search" }, "geometry": { "type": "Point", "coordinates": [ 139.734678499999973, 35.5912006 ] } },
{ "type": "Feature", "properties": { "内容": "いきいきらいふSPA西大井【地域密着型通所介護】東京都品川区二葉３－３０－２", "url2": "https://www.kaigokensaku.mhlw.go.jp/13/index.php?action_kouhyou_detail_004_kani=true&JigyosyoCd=1370903997-00&ServiceCd=780&Type=search" }, "geometry": { "type": "Point", "coordinates": [ 139.7190028, 35.60211180000001 ] } },
{ "type": "Feature", "properties": { "内容": "レコードブック西大井【地域密着型通所介護】東京都品川区二葉2-8-8羽田ビル1階", "url2": "https://www.kaigokensaku.mhlw.go.jp/13/index.php?action_kouhyou_detail_004_kani=true&JigyosyoCd=1370904045-00&ServiceCd=780&Type=search" }, "geometry": { "type": "Point", "coordinates": [ 139.724422799999957, 35.6044793 ] } },
{ "type": "Feature", "properties": { "内容": "グリーンデイ　不動前【地域密着型通所介護】東京都品川区小山1-2-5コルム目黒不動前1F", "url2": "https://www.kaigokensaku.mhlw.go.jp/13/index.php?action_kouhyou_detail_004_kani=true&JigyosyoCd=1370904169-00&ServiceCd=780&Type=search" }, "geometry": { "type": "Point", "coordinates": [ 139.711063820901444, 35.622966318320771 ] } },
{ "type": "Feature", "properties": { "内容": "リハビリスペース　ファイン【地域密着型通所介護】東京都品川区西五反田6-18-7FLAT・K101", "url2": "https://www.kaigokensaku.mhlw.go.jp/13/index.php?action_kouhyou_detail_004_kani=true&JigyosyoCd=1370904235-00&ServiceCd=780&Type=search" }, "geometry": { "type": "Point", "coordinates": [ 139.715306300000066, 35.6214853 ] } },
{ "type": "Feature", "properties": { "内容": "グリーンデイ　中延【地域密着型通所介護】東京都品川区中延5-5-6第２セントラルビル1F", "url2": "https://www.kaigokensaku.mhlw.go.jp/13/index.php?action_kouhyou_detail_004_kani=true&JigyosyoCd=1370904243-00&ServiceCd=780&Type=search" }, "geometry": { "type": "Point", "coordinates": [ 139.709954599999946, 35.6030207 ] } },
{ "type": "Feature", "properties": { "内容": "デイサービス弥弥【地域密着型通所介護】東京都品川区平塚1-12-12", "url2": "https://www.kaigokensaku.mhlw.go.jp/13/index.php?action_kouhyou_detail_004_kani=true&JigyosyoCd=1370904367-00&ServiceCd=780&Type=search" }, "geometry": { "type": "Point", "coordinates": [ 139.715598199999931, 35.6140778 ] } },
{ "type": "Feature", "properties": { "内容": "東大井リハビリ教室【地域密着型通所介護】東京都品川区東大井2-5-17", "url2": "https://www.kaigokensaku.mhlw.go.jp/13/index.php?action_kouhyou_detail_004_kani=true&JigyosyoCd=1370904482-00&ServiceCd=780&Type=search" }, "geometry": { "type": "Point", "coordinates": [ 139.742243799999983, 35.602575800000011 ] } },
{ "type": "Feature", "properties": { "内容": "トータルリハセンター旗の台【地域密着型通所介護】東京都品川区旗の台2-7-12アベイト1階", "url2": "https://www.kaigokensaku.mhlw.go.jp/13/index.php?action_kouhyou_detail_004_kani=true&JigyosyoCd=1370904508-00&ServiceCd=780&Type=search" }, "geometry": { "type": "Point", "coordinates": [ 139.7042189, 35.6064534 ] } },
{ "type": "Feature", "properties": { "内容": "リハビリフィットネス　ゆずりは　西大井【地域密着型通所介護】東京都品川区西大井2-23-3ブラウネスハイム1F", "url2": "https://www.kaigokensaku.mhlw.go.jp/13/index.php?action_kouhyou_detail_004_kani=true&JigyosyoCd=1390900379-00&ServiceCd=780&Type=search" }, "geometry": { "type": "Point", "coordinates": [ 139.7253508, 35.5989577 ] } },
{ "type": "Feature", "properties": { "内容": "リハビリフィットネス　ゆずりは　武蔵小山【地域密着型通所介護】東京都品川区小山5-14-19東進ビル1F", "url2": "https://www.kaigokensaku.mhlw.go.jp/13/index.php?action_kouhyou_detail_004_kani=true&JigyosyoCd=1390900387-00&ServiceCd=780&Type=search" }, "geometry": { "type": "Point", "coordinates": [ 139.700627299999951, 35.6169576 ] } },
{ "type": "Feature", "properties": { "内容": "ＭＯＤＥＣＡＲＥ西品川店【地域密着型通所介護】東京都品川区西品川2-17-1ウィステリア", "url2": "https://www.kaigokensaku.mhlw.go.jp/13/index.php?action_kouhyou_detail_004_kani=true&JigyosyoCd=1390900429-00&ServiceCd=780&Type=search" }, "geometry": { "type": "Point", "coordinates": [ 139.726942935251145, 35.611280611914218 ] } },
{ "type": "Feature", "properties": { "内容": "さばいでいさーびす【地域密着型通所介護】荏原4丁目5番地6号", "url2": "https://www.kaigokensaku.mhlw.go.jp/13/index.php?action_kouhyou_detail_004_kani=true&JigyosyoCd=1390900494-00&ServiceCd=780&Type=search" }, "geometry": { "type": "Point", "coordinates": [ 139.7086315, 35.6154749 ] } },
{ "type": "Feature", "properties": { "内容": "ファミタウン武蔵小山【地域密着型通所介護】東京都品川区荏原4-8-11", "url2": "https://www.kaigokensaku.mhlw.go.jp/13/index.php?action_kouhyou_detail_004_kani=true&JigyosyoCd=1390900502-00&ServiceCd=780&Type=search" }, "geometry": { "type": "Point", "coordinates": [ 139.70627540000001, 35.6155152 ] } },
{ "type": "Feature", "properties": { "内容": "グリーンデイ南品川【地域密着型通所介護】東京都品川区南品川4-2-35エンジェルハウス1F", "url2": "https://www.kaigokensaku.mhlw.go.jp/13/index.php?action_kouhyou_detail_004_kani=true&JigyosyoCd=1390900510-00&ServiceCd=780&Type=search" }, "geometry": { "type": "Point", "coordinates": [ 139.738882699999976, 35.6152248 ] } },
{ "type": "Feature", "properties": { "内容": "品川区立五反田保育園ふれあいデイホーム【地域密着型通所介護】東京都品川区東五反田２－１５－６", "url2": "https://www.kaigokensaku.mhlw.go.jp/13/index.php?action_kouhyou_detail_004_kani=true&JigyosyoCd=1370900860-00&ServiceCd=780&Type=search" }, "geometry": { "type": "Point", "coordinates": [ 139.729441299999962, 35.6219329 ] } },
{ "type": "Feature", "properties": { "内容": "ぽじえじステーション中延【地域密着型通所介護】東京都品川区中延6－3－15ﾗｲｽﾞ中延　1階", "url2": "https://www.kaigokensaku.mhlw.go.jp/13/index.php?action_kouhyou_detail_004_kani=true&JigyosyoCd=1370903724-00&ServiceCd=780&Type=search" }, "geometry": { "type": "Point", "coordinates": [ 139.7126988, 35.602818 ] } },
{ "type": "Feature", "properties": { "内容": "KIZUNASPAANJIN大井店【地域密着型通所介護】東京都品川区大井7-1-14レクトピア大井１階", "url2": "https://www.kaigokensaku.mhlw.go.jp/13/index.php?action_kouhyou_detail_004_kani=true&JigyosyoCd=1390900478-00&ServiceCd=780&Type=search" }, "geometry": { "type": "Point", "coordinates": [ 139.725137, 35.5971274 ] } },
{ "type": "Feature", "properties": { "内容": "P2MCareALK.【地域密着型通所介護】東京都品川区旗の台2-9-15", "url2": "https://www.kaigokensaku.mhlw.go.jp/13/index.php?action_kouhyou_detail_004_kani=true&JigyosyoCd=1390900585-00&ServiceCd=780&Type=search" }, "geometry": { "type": "Point", "coordinates": [ 139.7035426, 35.606188700000025 ] } },
{ "type": "Feature", "properties": { "内容": "宮前坂リハビリデイサービス【地域密着型通所介護】東京都品川区戸越2-6-36ワールドパレス戸越Ⅲ　101号", "url2": "https://www.kaigokensaku.mhlw.go.jp/13/index.php?action_kouhyou_detail_004_kani=true&JigyosyoCd=1370903989-00&ServiceCd=780&Type=search" }, "geometry": { "type": "Point", "coordinates": [ 139.7196013, 35.6140861 ] } },
{ "type": "Feature", "properties": { "内容": "ふわりん【地域密着型通所介護】東京都目黒区碑文谷1-11-15碑studioB", "url2": "https://www.kaigokensaku.mhlw.go.jp/13/index.php?action_kouhyou_detail_004_kani=true&JigyosyoCd=1391000658-00&ServiceCd=780&Type=search" }, "geometry": { "type": "Point", "coordinates": [ 139.6911474, 35.621472200000014 ] } },
{ "type": "Feature", "properties": { "内容": "リハビリデイサービスすずらん【地域密着型通所介護】東京都目黒区自由が丘1-20-21", "url2": "https://www.kaigokensaku.mhlw.go.jp/13/index.php?action_kouhyou_detail_004_kani=true&JigyosyoCd=1371002583-00&ServiceCd=780&Type=search" }, "geometry": { "type": "Point", "coordinates": [ 139.6694579, 35.6136237 ] } },
{ "type": "Feature", "properties": { "内容": "早稲田イーライフ目黒本町【地域密着型通所介護】東京都目黒区目黒本町１－１－２２ブランアビタシオン１Ｆ", "url2": "https://www.kaigokensaku.mhlw.go.jp/13/index.php?action_kouhyou_detail_004_kani=true&JigyosyoCd=1371002856-00&ServiceCd=780&Type=search" }, "geometry": { "type": "Point", "coordinates": [ 139.696169, 35.628378300000016 ] } },
{ "type": "Feature", "properties": { "内容": "あいがあるデイサービスセンター都立大学【地域密着型通所介護】東京都目黒区平町２－２２－８", "url2": "https://www.kaigokensaku.mhlw.go.jp/13/index.php?action_kouhyou_detail_004_kani=true&JigyosyoCd=1371003110-00&ServiceCd=780&Type=search" }, "geometry": { "type": "Point", "coordinates": [ 139.678891986508233, 35.614698689830909 ] } },
{ "type": "Feature", "properties": { "内容": "デイサービスヨウコー中目黒【地域密着型通所介護】東京都目黒区中目黒3-23-16メゾンたちばな1階", "url2": "https://www.kaigokensaku.mhlw.go.jp/13/index.php?action_kouhyou_detail_004_kani=true&JigyosyoCd=1371003607-00&ServiceCd=780&Type=search" }, "geometry": { "type": "Point", "coordinates": [ 139.6979407, 35.6385633 ] } },
{ "type": "Feature", "properties": { "内容": "ソラノイロ【地域密着型通所介護】東京都目黒区鷹番2丁目2-5フォンテ鷹番1階", "url2": "https://www.kaigokensaku.mhlw.go.jp/13/index.php?action_kouhyou_detail_004_kani=true&JigyosyoCd=1371003748-00&ServiceCd=780&Type=search" }, "geometry": { "type": "Point", "coordinates": [ 139.689450099999931, 35.6296196 ] } },
{ "type": "Feature", "properties": { "内容": "グリーンデイ碑文谷【地域密着型通所介護】東京都目黒区碑文谷2-5-19グリンデル碑文谷１Ｆ", "url2": "https://www.kaigokensaku.mhlw.go.jp/13/index.php?action_kouhyou_detail_004_kani=true&JigyosyoCd=1371003854-00&ServiceCd=780&Type=search" }, "geometry": { "type": "Point", "coordinates": [ 139.689030900000034, 35.6226871 ] } },
{ "type": "Feature", "properties": { "内容": "レコードブック祐天寺【地域密着型通所介護】東京都目黒区中目黒5-24-24竹中ビル1階", "url2": "https://www.kaigokensaku.mhlw.go.jp/13/index.php?action_kouhyou_detail_004_kani=true&JigyosyoCd=1371003920-00&ServiceCd=780&Type=search" }, "geometry": { "type": "Point", "coordinates": [ 139.69667979999997, 35.63532750000001 ] } },
{ "type": "Feature", "properties": { "内容": "ﾚｺｰﾄﾞﾌﾞｯｸ目黒【地域密着型通所介護】東京都目黒区目黒2-10-8第2ｱﾄﾓｽﾌｨｱ青山2階", "url2": "https://www.kaigokensaku.mhlw.go.jp/13/index.php?action_kouhyou_detail_004_kani=true&JigyosyoCd=1371004068-00&ServiceCd=780&Type=search" }, "geometry": { "type": "Point", "coordinates": [ 139.709076, 35.633192 ] } },
{ "type": "Feature", "properties": { "内容": "都立大学ビレッジ【地域密着型通所介護】東京都目黒区八雲3-3-11", "url2": "https://www.kaigokensaku.mhlw.go.jp/13/index.php?action_kouhyou_detail_004_kani=true&JigyosyoCd=1371004175-00&ServiceCd=780&Type=search" }, "geometry": { "type": "Point", "coordinates": [ 139.666471900000033, 35.618975800000023 ] } },
{ "type": "Feature", "properties": { "内容": "新駒場ビレッジ【地域密着型通所介護】東京都目黒区駒場1-24-2", "url2": "https://www.kaigokensaku.mhlw.go.jp/13/index.php?action_kouhyou_detail_004_kani=true&JigyosyoCd=1371004183-00&ServiceCd=780&Type=search" }, "geometry": { "type": "Point", "coordinates": [ 139.6858413, 35.6563802 ] } },
{ "type": "Feature", "properties": { "内容": "グリーン・レーベル　学芸大学【地域密着型通所介護】東京都目黒区碑文谷6-1-22リカーハイム１階", "url2": "https://www.kaigokensaku.mhlw.go.jp/13/index.php?action_kouhyou_detail_004_kani=true&JigyosyoCd=1371004191-00&ServiceCd=780&Type=search" }, "geometry": { "type": "Point", "coordinates": [ 139.684697699999987, 35.62714 ] } },
{ "type": "Feature", "properties": { "内容": "グリーンデイ駒場【地域密着型通所介護】東京都目黒区駒場3-5-9メゾンドツジ1F", "url2": "https://www.kaigokensaku.mhlw.go.jp/13/index.php?action_kouhyou_detail_004_kani=true&JigyosyoCd=1391000310-00&ServiceCd=780&Type=search" }, "geometry": { "type": "Point", "coordinates": [ 139.6877673, 35.6581544 ] } },
{ "type": "Feature", "properties": { "内容": "Ｂ＆Ｂスタジオ　目黒本町【地域密着型通所介護】東京都目黒区目黒本町５－１６－１７ドエル目黒１階", "url2": "https://www.kaigokensaku.mhlw.go.jp/13/index.php?action_kouhyou_detail_004_kani=true&JigyosyoCd=1391000351-00&ServiceCd=780&Type=search" }, "geometry": { "type": "Point", "coordinates": [ 139.6994244, 35.6221375 ] } },
{ "type": "Feature", "properties": { "内容": "リハビリフィットネス　ゆずりは　学芸大学【地域密着型通所介護】東京都目黒区中央町2-7-5ロイヤルエクセレント学芸大1F", "url2": "https://www.kaigokensaku.mhlw.go.jp/13/index.php?action_kouhyou_detail_004_kani=true&JigyosyoCd=1391000369-00&ServiceCd=780&Type=search" }, "geometry": { "type": "Point", "coordinates": [ 139.6933275, 35.6311168 ] } },
{ "type": "Feature", "properties": { "内容": "ブリッジライフ不動前【地域密着型通所介護】東京都目黒区下目黒4-18-5", "url2": "https://www.kaigokensaku.mhlw.go.jp/13/index.php?action_kouhyou_detail_004_kani=true&JigyosyoCd=1391000393-00&ServiceCd=780&Type=search" }, "geometry": { "type": "Point", "coordinates": [ 139.7068241, 35.6283075 ] } },
{ "type": "Feature", "properties": { "内容": "デイサービスクローバー学芸大学【地域密着型通所介護】東京都目黒区中町1-25-22竹の子坊1F", "url2": "https://www.kaigokensaku.mhlw.go.jp/13/index.php?action_kouhyou_detail_004_kani=true&JigyosyoCd=1391000468-00&ServiceCd=780&Type=search" }, "geometry": { "type": "Point", "coordinates": [ 139.697812699999986, 35.629556 ] } },
{ "type": "Feature", "properties": { "内容": "デイサービス　スマイル【地域密着型通所介護】東京都目黒区洗足2-7-19アクセス洗足１階店舗", "url2": "https://www.kaigokensaku.mhlw.go.jp/13/index.php?action_kouhyou_detail_004_kani=true&JigyosyoCd=1391000500-00&ServiceCd=780&Type=search" }, "geometry": { "type": "Point", "coordinates": [ 139.6934671, 35.6116886 ] } },
{ "type": "Feature", "properties": { "内容": "半日型デイサービス　ふろりは目黒【地域密着型通所介護】東京都目黒区原町2-10-9パークサイドヴィラ1階", "url2": "https://www.kaigokensaku.mhlw.go.jp/13/index.php?action_kouhyou_detail_004_kani=true&JigyosyoCd=1391000542-00&ServiceCd=780&Type=search" }, "geometry": { "type": "Point", "coordinates": [ 139.6919081, 35.6166452 ] } },
{ "type": "Feature", "properties": { "内容": "Ｂ＆Ｂスタジオ　緑が丘【地域密着型通所介護】東京都目黒区緑が丘１－２３－６ポッドクレスト自由が丘１階", "url2": "https://www.kaigokensaku.mhlw.go.jp/13/index.php?action_kouhyou_detail_004_kani=true&JigyosyoCd=1391000567-00&ServiceCd=780&Type=search" }, "geometry": { "type": "Point", "coordinates": [ 139.6780398, 35.6074736 ] } },
{ "type": "Feature", "properties": { "内容": "デイサービスクローバー祐天寺【地域密着型通所介護】東京都目黒区目黒4-24-13フェリーチェ目黒101", "url2": "https://www.kaigokensaku.mhlw.go.jp/13/index.php?action_kouhyou_detail_004_kani=true&JigyosyoCd=1391000617-00&ServiceCd=780&Type=search" }, "geometry": { "type": "Point", "coordinates": [ 139.6998726, 35.6321948 ] } },
{ "type": "Feature", "properties": { "内容": "半日型デイサービスふろりは都立大【地域密着型通所介護】東京都目黒区中根2-14-16エレガンス白子105", "url2": "https://www.kaigokensaku.mhlw.go.jp/13/index.php?action_kouhyou_detail_004_kani=true&JigyosyoCd=1391000625-00&ServiceCd=780&Type=search" }, "geometry": { "type": "Point", "coordinates": [ 139.674727499999989, 35.6156917 ] } },
{ "type": "Feature", "properties": { "内容": "生羅　通所介護所　学芸大学【地域密着型通所介護】東京都目黒区中央町2-16-3ミネタウンハウスB棟", "url2": "https://www.kaigokensaku.mhlw.go.jp/13/index.php?action_kouhyou_detail_004_kani=true&JigyosyoCd=1371002724-00&ServiceCd=780&Type=search" }, "geometry": { "type": "Point", "coordinates": [ 139.6890889, 35.6329053 ] } },
{ "type": "Feature", "properties": { "内容": "早稲田イーライフ柿の木坂【地域密着型通所介護】東京都目黒区柿の木坂３－１－７ベルヴェデール柿の木坂　１階", "url2": "https://www.kaigokensaku.mhlw.go.jp/13/index.php?action_kouhyou_detail_004_kani=true&JigyosyoCd=1371003227-00&ServiceCd=780&Type=search" }, "geometry": { "type": "Point", "coordinates": [ 139.673223077632201, 35.629067409440154 ] } },
{ "type": "Feature", "properties": { "内容": "ぽじえじステーション西小山【地域密着型通所介護】東京都目黒区原町1丁目12-12カクチビル1F", "url2": "https://www.kaigokensaku.mhlw.go.jp/13/index.php?action_kouhyou_detail_004_kani=true&JigyosyoCd=1371003250-00&ServiceCd=780&Type=search" }, "geometry": { "type": "Point", "coordinates": [ 139.696544249073781, 35.615602746257018 ] } },
{ "type": "Feature", "properties": { "内容": "リハビリデイサービスnagomi目黒中央町店【地域密着型通所介護】東京都目黒区中央町1-19-14Medith学芸大学１階", "url2": "https://www.kaigokensaku.mhlw.go.jp/13/index.php?action_kouhyou_detail_004_kani=true&JigyosyoCd=1371003318-00&ServiceCd=780&Type=search" }, "geometry": { "type": "Point", "coordinates": [ 139.690619500000025, 35.6281282 ] } },
{ "type": "Feature", "properties": { "内容": "ブリッジライフ武蔵小山【地域密着型通所介護】東京都目黒区目黒本町3-18-6101号", "url2": "https://www.kaigokensaku.mhlw.go.jp/13/index.php?action_kouhyou_detail_004_kani=true&JigyosyoCd=1391000401-00&ServiceCd=780&Type=search" }, "geometry": { "type": "Point", "coordinates": [ 139.69883, 35.6238623 ] } },
{ "type": "Feature", "properties": { "内容": "レコードブック碑文谷【地域密着型通所介護】東京都目黒区目黒本町6-9-15高橋ビル1階", "url2": "https://www.kaigokensaku.mhlw.go.jp/13/index.php?action_kouhyou_detail_004_kani=true&JigyosyoCd=1391000450-00&ServiceCd=780&Type=search" }, "geometry": { "type": "Point", "coordinates": [ 139.695691500000066, 35.6201515 ] } },
{ "type": "Feature", "properties": { "内容": "湯～ライク目黒本町【地域密着型通所介護】東京都目黒区目黒本町5-10-21ハウスK１階", "url2": "https://www.kaigokensaku.mhlw.go.jp/13/index.php?action_kouhyou_detail_004_kani=true&JigyosyoCd=1391000641-00&ServiceCd=780&Type=search" }, "geometry": { "type": "Point", "coordinates": [ 139.699743, 35.6189872 ] } },
{ "type": "Feature", "properties": { "内容": "あずゆーらいく学大【地域密着型通所介護】東京都目黒区鷹番1-2-6ハーモニーアーク目黒１階", "url2": "https://www.kaigokensaku.mhlw.go.jp/13/index.php?action_kouhyou_detail_004_kani=true&JigyosyoCd=1391000674-00&ServiceCd=780&Type=search" }, "geometry": { "type": "Point", "coordinates": [ 139.690509, 35.6264508 ] } },
{ "type": "Feature", "properties": { "内容": "カインドケア　デイサービス　池上【地域密着型通所介護】東京都大田区大森西1-6-6大橋ビル1階", "url2": "https://www.kaigokensaku.mhlw.go.jp/13/index.php?action_kouhyou_detail_004_kani=true&JigyosyoCd=1371107911-00&ServiceCd=780&Type=search" }, "geometry": { "type": "Point", "coordinates": [ 139.725916439825369, 35.579655670583044 ] } },
{ "type": "Feature", "properties": { "内容": "カインドケアＦｉｎｅ65プラス春日橋塾【地域密着型通所介護】東京都大田区大森北５－１４－６ベルメゾンⅡ１０１号室", "url2": "https://www.kaigokensaku.mhlw.go.jp/13/index.php?action_kouhyou_detail_004_kani=true&JigyosyoCd=1371109610-00&ServiceCd=780&Type=search" }, "geometry": { "type": "Point", "coordinates": [ 139.725613, 35.5801239 ] } },
{ "type": "Feature", "properties": { "内容": "さくらデイサービス千鳥町【地域密着型通所介護】東京都大田区千鳥１－３－１３", "url2": "https://www.kaigokensaku.mhlw.go.jp/13/index.php?action_kouhyou_detail_004_kani=true&JigyosyoCd=1391100862-00&ServiceCd=780&Type=search" }, "geometry": { "type": "Point", "coordinates": [ 139.692286599999989, 35.5729218 ] } },
{ "type": "Feature", "properties": { "内容": "さくらデイサービス糀谷駅前【地域密着型通所介護】東京都大田区南蒲田3-10-13パークレジデンス101", "url2": "https://www.kaigokensaku.mhlw.go.jp/13/index.php?action_kouhyou_detail_004_kani=true&JigyosyoCd=1391101464-00&ServiceCd=780&Type=search" }, "geometry": { "type": "Point", "coordinates": [ 139.7267749, 35.5536521 ] } },
{ "type": "Feature", "properties": { "内容": "はせさんずデイホーム【地域密着型通所介護】東京都大田区池上４－２８－３", "url2": "https://www.kaigokensaku.mhlw.go.jp/13/index.php?action_kouhyou_detail_004_kani=true&JigyosyoCd=1371104066-00&ServiceCd=780&Type=search" }, "geometry": { "type": "Point", "coordinates": [ 139.704548899999963, 35.5743966 ] } },
{ "type": "Feature", "properties": { "内容": "asoko【地域密着型通所介護】東京都　大田区　西馬込2-18-18クロバーテラス１階", "url2": "https://www.kaigokensaku.mhlw.go.jp/13/index.php?action_kouhyou_detail_004_kani=true&JigyosyoCd=1391101373-00&ServiceCd=780&Type=search" }, "geometry": { "type": "Point", "coordinates": [ 139.703762, 35.5871686 ] } },
{ "type": "Feature", "properties": { "内容": "やすらぎの森にゃおん【地域密着型通所介護】東京都大田区東矢口2-7-6", "url2": "https://www.kaigokensaku.mhlw.go.jp/13/index.php?action_kouhyou_detail_004_kani=true&JigyosyoCd=1391101456-00&ServiceCd=780&Type=search" }, "geometry": { "type": "Point", "coordinates": [ 139.7006106, 35.5654816 ] } },
{ "type": "Feature", "properties": { "内容": "ALSOK介護　ほっとジム六郷【地域密着型通所介護】東京都大田区西六郷4-21-82階", "url2": "https://www.kaigokensaku.mhlw.go.jp/13/index.php?action_kouhyou_detail_004_kani=true&JigyosyoCd=1391101639-00&ServiceCd=780&Type=search" }, "geometry": { "type": "Point", "coordinates": [ 139.705225, 35.54177820000001 ] } },
{ "type": "Feature", "properties": { "内容": "あおばリハビリルーム【地域密着型通所介護】東京都大田区大森西3-15-16", "url2": "https://www.kaigokensaku.mhlw.go.jp/13/index.php?action_kouhyou_detail_004_kani=true&JigyosyoCd=1371109297-00&ServiceCd=780&Type=search" }, "geometry": { "type": "Point", "coordinates": [ 139.728281410450734, 35.572400603537218 ] } },
{ "type": "Feature", "properties": { "内容": "トータルリハセンター蒲田【地域密着型通所介護】東京都大田区蒲田４丁目39-1ステラⅡ　１階", "url2": "https://www.kaigokensaku.mhlw.go.jp/13/index.php?action_kouhyou_detail_004_kani=true&JigyosyoCd=1371110824-00&ServiceCd=780&Type=search" }, "geometry": { "type": "Point", "coordinates": [ 139.719756400000051, 35.5592266 ] } },
{ "type": "Feature", "properties": { "内容": "デイサービスふくふく亭下丸子【地域密着型通所介護】東京都大田区下丸子2-21-18ロイヤルコート多摩川1階", "url2": "https://www.kaigokensaku.mhlw.go.jp/13/index.php?action_kouhyou_detail_004_kani=true&JigyosyoCd=1391101480-00&ServiceCd=780&Type=search" }, "geometry": { "type": "Point", "coordinates": [ 139.6867827, 35.5646815 ] } },
{ "type": "Feature", "properties": { "内容": "デイサービス・ハート【地域密着型通所介護】東京都大田区羽田2-31-1", "url2": "https://www.kaigokensaku.mhlw.go.jp/13/index.php?action_kouhyou_detail_004_kani=true&JigyosyoCd=1391101654-00&ServiceCd=780&Type=search" }, "geometry": { "type": "Point", "coordinates": [ 139.742589900000013, 35.5457218 ] } },
{ "type": "Feature", "properties": { "内容": "デイライフ・おおもり【地域密着型通所介護】東京都大田区大森北1-29-11大森エリメントビルコープ303号", "url2": "https://www.kaigokensaku.mhlw.go.jp/13/index.php?action_kouhyou_detail_004_kani=true&JigyosyoCd=1391101670-00&ServiceCd=780&Type=search" }, "geometry": { "type": "Point", "coordinates": [ 139.7281829, 35.5857453 ] } },
{ "type": "Feature", "properties": { "内容": "老人デイサービスセンターフロース東糀谷【地域密着型通所介護】東京都大田区東糀谷六丁目４番１７号", "url2": "https://www.kaigokensaku.mhlw.go.jp/13/index.php?action_kouhyou_detail_004_kani=true&JigyosyoCd=1371105543-00&ServiceCd=780&Type=search" }, "geometry": { "type": "Point", "coordinates": [ 139.751026599999932, 35.5592414 ] } },
{ "type": "Feature", "properties": { "内容": "ケア・シーン　デイサービスふれあ【地域密着型通所介護】東京都大田区南蒲田３－３－１こうじや駅前ビル５F", "url2": "https://www.kaigokensaku.mhlw.go.jp/13/index.php?action_kouhyou_detail_004_kani=true&JigyosyoCd=1371102789-00&ServiceCd=780&Type=search" }, "geometry": { "type": "Point", "coordinates": [ 139.728561600000035, 35.5543025 ] } },
{ "type": "Feature", "properties": { "内容": "中央リハ　アシスト【地域密着型通所介護】東京都大田区池上1丁目28－10堤方ビルB棟2階", "url2": "https://www.kaigokensaku.mhlw.go.jp/13/index.php?action_kouhyou_detail_004_kani=true&JigyosyoCd=1371105279-00&ServiceCd=780&Type=search" }, "geometry": { "type": "Point", "coordinates": [ 139.710595399999988, 35.5751438 ] } },
{ "type": "Feature", "properties": { "内容": "デイサ－ビスうめやしき【地域密着型通所介護】東京都大田区蒲田2-3-7ビアレセﾂテ1階", "url2": "https://www.kaigokensaku.mhlw.go.jp/13/index.php?action_kouhyou_detail_004_kani=true&JigyosyoCd=1371109735-00&ServiceCd=780&Type=search" }, "geometry": { "type": "Point", "coordinates": [ 139.725455499999953, 35.5674894 ] } },
{ "type": "Feature", "properties": { "内容": "すまいる蓮沼【地域密着型通所介護】東京都大田区西蒲田６丁目９番１号", "url2": "https://www.kaigokensaku.mhlw.go.jp/13/index.php?action_kouhyou_detail_004_kani=true&JigyosyoCd=1371102847-00&ServiceCd=780&Type=search" }, "geometry": { "type": "Point", "coordinates": [ 139.709848901852411, 35.565855388880685 ] } },
{ "type": "Feature", "properties": { "内容": "デイサービス　オリーブの樹【地域密着型通所介護】東京都大田区鵜の木2-23-14北村ビル1F", "url2": "https://www.kaigokensaku.mhlw.go.jp/13/index.php?action_kouhyou_detail_004_kani=true&JigyosyoCd=1371110121-00&ServiceCd=780&Type=search" }, "geometry": { "type": "Point", "coordinates": [ 139.678783313491863, 35.574709973619839 ] } },
{ "type": "Feature", "properties": { "内容": "デイサービス和楽【地域密着型通所介護】東京都大田区大森南二丁目6-14107号", "url2": "https://www.kaigokensaku.mhlw.go.jp/13/index.php?action_kouhyou_detail_004_kani=true&JigyosyoCd=1371106202-00&ServiceCd=780&Type=search" }, "geometry": { "type": "Point", "coordinates": [ 139.746343215344211, 35.56311685782746 ] } },
{ "type": "Feature", "properties": { "内容": "デイサービス咲笑【地域密着型通所介護】東京都大田区大森南2-6-5", "url2": "https://www.kaigokensaku.mhlw.go.jp/13/index.php?action_kouhyou_detail_004_kani=true&JigyosyoCd=1391101241-00&ServiceCd=780&Type=search" }, "geometry": { "type": "Point", "coordinates": [ 139.746143940475463, 35.564024220387005 ] } },
{ "type": "Feature", "properties": { "内容": "デイサービス　くるみ【地域密着型通所介護】東京都大田区北馬込1-32-17", "url2": "https://www.kaigokensaku.mhlw.go.jp/13/index.php?action_kouhyou_detail_004_kani=true&JigyosyoCd=1391101266-00&ServiceCd=780&Type=search" }, "geometry": { "type": "Point", "coordinates": [ 139.706833800000027, 35.6002794 ] } },
{ "type": "Feature", "properties": { "内容": "でいほーむ池上【地域密着型通所介護】東京都大田区池上7-13-8", "url2": "https://www.kaigokensaku.mhlw.go.jp/13/index.php?action_kouhyou_detail_004_kani=true&JigyosyoCd=1371102482-00&ServiceCd=780&Type=search" }, "geometry": { "type": "Point", "coordinates": [ 139.700422407049757, 35.570847278815705 ] } },
{ "type": "Feature", "properties": { "内容": "ほのぼのコミュニティーサロン【地域密着型通所介護】東京都大田区南雪谷1-17-11１F", "url2": "https://www.kaigokensaku.mhlw.go.jp/13/index.php?action_kouhyou_detail_004_kani=true&JigyosyoCd=1371102896-00&ServiceCd=780&Type=search" }, "geometry": { "type": "Point", "coordinates": [ 139.684191, 35.5946434 ] } },
{ "type": "Feature", "properties": { "内容": "デイサービスセンターエンゼルガーデン【地域密着型通所介護】東京都大田区東馬込１－１９－１０", "url2": "https://www.kaigokensaku.mhlw.go.jp/13/index.php?action_kouhyou_detail_004_kani=true&JigyosyoCd=1371103092-00&ServiceCd=780&Type=search" }, "geometry": { "type": "Point", "coordinates": [ 139.714451899999972, 35.5965744 ] } },
{ "type": "Feature", "properties": { "内容": "デイ・サロン青い鳥　蒲田【地域密着型通所介護】東京都大田区蒲田1-10-1アルファ蒲田1F　101", "url2": "https://www.kaigokensaku.mhlw.go.jp/13/index.php?action_kouhyou_detail_004_kani=true&JigyosyoCd=1371103142-00&ServiceCd=780&Type=search" }, "geometry": { "type": "Point", "coordinates": [ 139.718404299999946, 35.5675573 ] } },
{ "type": "Feature", "properties": { "内容": "ミモザ池上【地域密着型通所介護】東京都大田区池上4-27-7", "url2": "https://www.kaigokensaku.mhlw.go.jp/13/index.php?action_kouhyou_detail_004_kani=true&JigyosyoCd=1371104637-00&ServiceCd=780&Type=search" }, "geometry": { "type": "Point", "coordinates": [ 139.70413510000003, 35.5739272 ] } },
{ "type": "Feature", "properties": { "内容": "デイサービスのいきいき西蒲田【地域密着型通所介護】東京都大田区西蒲田3-3-3", "url2": "https://www.kaigokensaku.mhlw.go.jp/13/index.php?action_kouhyou_detail_004_kani=true&JigyosyoCd=1371105428-00&ServiceCd=780&Type=search" }, "geometry": { "type": "Point", "coordinates": [ 139.708121099999971, 35.5693362 ] } },
{ "type": "Feature", "properties": { "内容": "デイ・サロン青い鳥オアシス【地域密着型通所介護】東京都大田区中央4-8-1グリーンヒル1F", "url2": "https://www.kaigokensaku.mhlw.go.jp/13/index.php?action_kouhyou_detail_004_kani=true&JigyosyoCd=1371105642-00&ServiceCd=780&Type=search" }, "geometry": { "type": "Point", "coordinates": [ 139.716849799999977, 35.5824262 ] } },
{ "type": "Feature", "properties": { "内容": "ミモザ南六郷【地域密着型通所介護】東京都大田区南六郷2-35-3120", "url2": "https://www.kaigokensaku.mhlw.go.jp/13/index.php?action_kouhyou_detail_004_kani=true&JigyosyoCd=1371105931-00&ServiceCd=780&Type=search" }, "geometry": { "type": "Point", "coordinates": [ 139.7210933, 35.5441566 ] } },
{ "type": "Feature", "properties": { "内容": "デイサービスどんたく【地域密着型通所介護】東京都大田区西糀谷3-9-15堀部ビル１階", "url2": "https://www.kaigokensaku.mhlw.go.jp/13/index.php?action_kouhyou_detail_004_kani=true&JigyosyoCd=1371105972-00&ServiceCd=780&Type=search" }, "geometry": { "type": "Point", "coordinates": [ 139.73923590000004, 35.5550527 ] } },
{ "type": "Feature", "properties": { "内容": "デイサービス　ジャンジーノエバーノ【地域密着型通所介護】東京都大田区田園調布５－５－１３", "url2": "https://www.kaigokensaku.mhlw.go.jp/13/index.php?action_kouhyou_detail_004_kani=true&JigyosyoCd=1371106632-00&ServiceCd=780&Type=search" }, "geometry": { "type": "Point", "coordinates": [ 139.659776299999976, 35.5971035 ] } },
{ "type": "Feature", "properties": { "内容": "でいほーむ大森【地域密着型通所介護】東京都大田区大森北2-4-11米山ビル1F", "url2": "https://www.kaigokensaku.mhlw.go.jp/13/index.php?action_kouhyou_detail_004_kani=true&JigyosyoCd=1371107119-00&ServiceCd=780&Type=search" }, "geometry": { "type": "Point", "coordinates": [ 139.73162419943904, 35.584809392101178 ] } },
{ "type": "Feature", "properties": { "内容": "でぃさぁびす太陽【地域密着型通所介護】東京都大田区羽田5-10-3", "url2": "https://www.kaigokensaku.mhlw.go.jp/13/index.php?action_kouhyou_detail_004_kani=true&JigyosyoCd=1371107127-00&ServiceCd=780&Type=search" }, "geometry": { "type": "Point", "coordinates": [ 139.748746799999907, 35.549926 ] } },
{ "type": "Feature", "properties": { "内容": "リハビリ魂【地域密着型通所介護】東京都大田区久が原３－１１－８", "url2": "https://www.kaigokensaku.mhlw.go.jp/13/index.php?action_kouhyou_detail_004_kani=true&JigyosyoCd=1371107218-00&ServiceCd=780&Type=search" }, "geometry": { "type": "Point", "coordinates": [ 139.691563500000029, 35.583248 ] } },
{ "type": "Feature", "properties": { "内容": "デイサービスセンター　カルナフローラ【地域密着型通所介護】東京都大田区北嶺町30-13市瀬ビル1階", "url2": "https://www.kaigokensaku.mhlw.go.jp/13/index.php?action_kouhyou_detail_004_kani=true&JigyosyoCd=1371107614-00&ServiceCd=780&Type=search" }, "geometry": { "type": "Point", "coordinates": [ 139.683975199999963, 35.585742 ] } },
{ "type": "Feature", "properties": { "内容": "デイ・サロン青い鳥　フォレスト【地域密着型通所介護】東京都大田区中央3-4-11プラーズ中央1F", "url2": "https://www.kaigokensaku.mhlw.go.jp/13/index.php?action_kouhyou_detail_004_kani=true&JigyosyoCd=1371107689-00&ServiceCd=780&Type=search" }, "geometry": { "type": "Point", "coordinates": [ 139.7176167, 35.5775352 ] } },
{ "type": "Feature", "properties": { "内容": "ＡＩリハ南久が原Ⅱ【地域密着型通所介護】東京都大田区南久が原1-24-12AIビル2階", "url2": "https://www.kaigokensaku.mhlw.go.jp/13/index.php?action_kouhyou_detail_004_kani=true&JigyosyoCd=1371107705-00&ServiceCd=780&Type=search" }, "geometry": { "type": "Point", "coordinates": [ 139.686828810647199, 35.574526468572834 ] } },
{ "type": "Feature", "properties": { "内容": "ベストケア・ミニデイ南六郷【地域密着型通所介護】東京都大田区南六郷二丁目３６番６号サンハイツ吉田　１階", "url2": "https://www.kaigokensaku.mhlw.go.jp/13/index.php?action_kouhyou_detail_004_kani=true&JigyosyoCd=1371107788-00&ServiceCd=780&Type=search" }, "geometry": { "type": "Point", "coordinates": [ 139.720332200000058, 35.544356600000015 ] } },
{ "type": "Feature", "properties": { "内容": "ファミリーケア心の家　久が原【地域密着型通所介護】東京都大田区久が原一丁目28番2号", "url2": "https://www.kaigokensaku.mhlw.go.jp/13/index.php?action_kouhyou_detail_004_kani=true&JigyosyoCd=1371107903-00&ServiceCd=780&Type=search" }, "geometry": { "type": "Point", "coordinates": [ 139.692521599999964, 35.5851311 ] } },
{ "type": "Feature", "properties": { "内容": "くぼい接骨院リハビリデイサ－ビス【地域密着型通所介護】東京都大田区北馬込２－５４－７メゾン北馬込１０１", "url2": "https://www.kaigokensaku.mhlw.go.jp/13/index.php?action_kouhyou_detail_004_kani=true&JigyosyoCd=1371108653-00&ServiceCd=780&Type=search" }, "geometry": { "type": "Point", "coordinates": [ 139.712137900000016, 35.6002572 ] } },
{ "type": "Feature", "properties": { "内容": "東京マルシェ池上Yoga&WellAgingStudio【地域密着型通所介護】東京都大田区西蒲田２－５－１クレードル池上", "url2": "https://www.kaigokensaku.mhlw.go.jp/13/index.php?action_kouhyou_detail_004_kani=true&JigyosyoCd=1371108919-00&ServiceCd=780&Type=search" }, "geometry": { "type": "Point", "coordinates": [ 139.70591289999993, 35.570861 ] } },
{ "type": "Feature", "properties": { "内容": "あすはぁとおおた【地域密着型通所介護】東京都大田区上池台3-13-14", "url2": "https://www.kaigokensaku.mhlw.go.jp/13/index.php?action_kouhyou_detail_004_kani=true&JigyosyoCd=1371109149-00&ServiceCd=780&Type=search" }, "geometry": { "type": "Point", "coordinates": [ 139.699263500000029, 35.5946698 ] } },
{ "type": "Feature", "properties": { "内容": "入浴デイ　れいわ【地域密着型通所介護】東京都大田区多摩川2-24-14稲山壱番館105", "url2": "https://www.kaigokensaku.mhlw.go.jp/13/index.php?action_kouhyou_detail_004_kani=true&JigyosyoCd=1371109271-00&ServiceCd=780&Type=search" }, "geometry": { "type": "Point", "coordinates": [ 139.704036, 35.5569797 ] } },
{ "type": "Feature", "properties": { "内容": "ＫＩＺＵＮＡ　ＳＰＡ　多摩川店【地域密着型通所介護】東京都大田区多摩川1-18-32多摩川壱番館1F", "url2": "https://www.kaigokensaku.mhlw.go.jp/13/index.php?action_kouhyou_detail_004_kani=true&JigyosyoCd=1371109289-00&ServiceCd=780&Type=search" }, "geometry": { "type": "Point", "coordinates": [ 139.697019899999987, 35.5630788 ] } },
{ "type": "Feature", "properties": { "内容": "デイサービス昭和の風　大森南【地域密着型通所介護】東京都大田区大森南2-4-17第五小山マンション", "url2": "https://www.kaigokensaku.mhlw.go.jp/13/index.php?action_kouhyou_detail_004_kani=true&JigyosyoCd=1371109420-00&ServiceCd=780&Type=search" }, "geometry": { "type": "Point", "coordinates": [ 139.744432400000051, 35.5628323 ] } },
{ "type": "Feature", "properties": { "内容": "ＫＩＺＵＮＡ　ＳＰＡ羽田店【地域密着型通所介護】東京都大田区羽田1-18-11サンパレス伊東1Ｆ", "url2": "https://www.kaigokensaku.mhlw.go.jp/13/index.php?action_kouhyou_detail_004_kani=true&JigyosyoCd=1371109594-00&ServiceCd=780&Type=search" }, "geometry": { "type": "Point", "coordinates": [ 139.742688899999962, 35.5492009 ] } },
{ "type": "Feature", "properties": { "内容": "通所ラボ　GOEN【地域密着型通所介護】東京都大田区上池台3-46-11", "url2": "https://www.kaigokensaku.mhlw.go.jp/13/index.php?action_kouhyou_detail_004_kani=true&JigyosyoCd=1371109883-00&ServiceCd=780&Type=search" }, "geometry": { "type": "Point", "coordinates": [ 139.696823399999971, 35.5912469 ] } },
{ "type": "Feature", "properties": { "内容": "AIリハ南久が原Ⅰ【地域密着型通所介護】東京都大田区南久が原1-24-12AIビル1階", "url2": "https://www.kaigokensaku.mhlw.go.jp/13/index.php?action_kouhyou_detail_004_kani=true&JigyosyoCd=1371109909-00&ServiceCd=780&Type=search" }, "geometry": { "type": "Point", "coordinates": [ 139.686861202696917, 35.574449688408514 ] } },
{ "type": "Feature", "properties": { "内容": "レコードブック新蒲田【地域密着型通所介護】東京都大田区新蒲田3-6-8第一長谷川ビル1階", "url2": "https://www.kaigokensaku.mhlw.go.jp/13/index.php?action_kouhyou_detail_004_kani=true&JigyosyoCd=1371109941-00&ServiceCd=780&Type=search" }, "geometry": { "type": "Point", "coordinates": [ 139.704869199999962, 35.5584739 ] } },
{ "type": "Feature", "properties": { "内容": "はなえみデイサービス【地域密着型通所介護】東京都大田区東矢口３－９－２８カオルビル１Ｆ", "url2": "https://www.kaigokensaku.mhlw.go.jp/13/index.php?action_kouhyou_detail_004_kani=true&JigyosyoCd=1371110030-00&ServiceCd=780&Type=search" }, "geometry": { "type": "Point", "coordinates": [ 139.704732799999988, 35.5637926 ] } },
{ "type": "Feature", "properties": { "内容": "ワイケア馬込【地域密着型通所介護】東京都大田区北馬込2-48-9", "url2": "https://www.kaigokensaku.mhlw.go.jp/13/index.php?action_kouhyou_detail_004_kani=true&JigyosyoCd=1371110063-00&ServiceCd=780&Type=search" }, "geometry": { "type": "Point", "coordinates": [ 139.709640027285957, 35.600061102126915 ] } },
{ "type": "Feature", "properties": { "内容": "リハビリ型ひかりデイサービス池上店【地域密着型通所介護】東京都大田区西蒲田3-3-2Mハイツ101", "url2": "https://www.kaigokensaku.mhlw.go.jp/13/index.php?action_kouhyou_detail_004_kani=true&JigyosyoCd=1371110089-00&ServiceCd=780&Type=search" }, "geometry": { "type": "Point", "coordinates": [ 139.70801, 35.5692806 ] } },
{ "type": "Feature", "properties": { "内容": "ファミリーケア心の家　上池台【地域密着型通所介護】東京都大田区上池台５－２７－８", "url2": "https://www.kaigokensaku.mhlw.go.jp/13/index.php?action_kouhyou_detail_004_kani=true&JigyosyoCd=1371110139-00&ServiceCd=780&Type=search" }, "geometry": { "type": "Point", "coordinates": [ 139.701231300000018, 35.5915525 ] } },
{ "type": "Feature", "properties": { "内容": "アイベル快眠リハビリデイ【地域密着型通所介護】東京都大田区大森南２－１－２０", "url2": "https://www.kaigokensaku.mhlw.go.jp/13/index.php?action_kouhyou_detail_004_kani=true&JigyosyoCd=1371110162-00&ServiceCd=780&Type=search" }, "geometry": { "type": "Point", "coordinates": [ 139.741179566934193, 35.562908040820155 ] } },
{ "type": "Feature", "properties": { "内容": "でぃさぁびす太陽　六郷【地域密着型通所介護】東京都大田区東六郷3-20-14", "url2": "https://www.kaigokensaku.mhlw.go.jp/13/index.php?action_kouhyou_detail_004_kani=true&JigyosyoCd=1371110345-00&ServiceCd=780&Type=search" }, "geometry": { "type": "Point", "coordinates": [ 139.711337, 35.5417099 ] } },
{ "type": "Feature", "properties": { "内容": "介護予防センター　早稲田イーライフ田園調布【地域密着型通所介護】東京都大田区鵜の木1-22-8鵜の木ビル2F", "url2": "https://www.kaigokensaku.mhlw.go.jp/13/index.php?action_kouhyou_detail_004_kani=true&JigyosyoCd=1371108745-00&ServiceCd=780&Type=search" }, "geometry": { "type": "Point", "coordinates": [ 139.6827188, 35.5741291 ] } },
{ "type": "Feature", "properties": { "内容": "リベルタ池上【地域密着型通所介護】東京都大田区池上4-9-7リッシェル池上1Ｆ", "url2": "https://www.kaigokensaku.mhlw.go.jp/13/index.php?action_kouhyou_detail_004_kani=true&JigyosyoCd=1371110915-00&ServiceCd=780&Type=search" }, "geometry": { "type": "Point", "coordinates": [ 139.708198399999986, 35.5754243 ] } },
{ "type": "Feature", "properties": { "内容": "喫茶リハ・サンフルーリ【地域密着型通所介護】東京都大田区仲池上1-30-7", "url2": "https://www.kaigokensaku.mhlw.go.jp/13/index.php?action_kouhyou_detail_004_kani=true&JigyosyoCd=1371110972-00&ServiceCd=780&Type=search" }, "geometry": { "type": "Point", "coordinates": [ 139.69470709999996, 35.5868359 ] } },
{ "type": "Feature", "properties": { "内容": "ＫＩＺＵＮＡ　ＳＰＡ大森店【地域密着型通所介護】東京都大田区大森東1-35-4コーシャハイム大森東101号室", "url2": "https://www.kaigokensaku.mhlw.go.jp/13/index.php?action_kouhyou_detail_004_kani=true&JigyosyoCd=1371111012-00&ServiceCd=780&Type=search" }, "geometry": { "type": "Point", "coordinates": [ 139.740672127733177, 35.576882499100954 ] } },
{ "type": "Feature", "properties": { "内容": "リハビリデイサービスnagomi蒲田店【地域密着型通所介護】東京都大田区北糀谷2-13-3RYﾋﾞﾙ1階", "url2": "https://www.kaigokensaku.mhlw.go.jp/13/index.php?action_kouhyou_detail_004_kani=true&JigyosyoCd=1371111111-00&ServiceCd=780&Type=search" }, "geometry": { "type": "Point", "coordinates": [ 139.731786, 35.561146 ] } },
{ "type": "Feature", "properties": { "内容": "サニーズライフ【地域密着型通所介護】東京都大田区池上八丁目2-10ROYALPALACE池上１階", "url2": "https://www.kaigokensaku.mhlw.go.jp/13/index.php?action_kouhyou_detail_004_kani=true&JigyosyoCd=1391100904-00&ServiceCd=780&Type=search" }, "geometry": { "type": "Point", "coordinates": [ 139.697339499197398, 35.572091753424246 ] } },
{ "type": "Feature", "properties": { "内容": "デイサービスひまわり矢口渡【地域密着型通所介護】東京都大田区多摩川１－１７－１３月村マンションＮｏ．２－１０１号室", "url2": "https://www.kaigokensaku.mhlw.go.jp/13/index.php?action_kouhyou_detail_004_kani=true&JigyosyoCd=1391100920-00&ServiceCd=780&Type=search" }, "geometry": { "type": "Point", "coordinates": [ 139.697420479414006, 35.563848941347402 ] } },
{ "type": "Feature", "properties": { "内容": "KIZUNASPA　洗足池店【地域密着型通所介護】東京都大田区上池台2-25-7洗足池パインマンション1階", "url2": "https://www.kaigokensaku.mhlw.go.jp/13/index.php?action_kouhyou_detail_004_kani=true&JigyosyoCd=1391101324-00&ServiceCd=780&Type=search" }, "geometry": { "type": "Point", "coordinates": [ 139.6930807, 35.5983255 ] } },
{ "type": "Feature", "properties": { "内容": "エーゼット長原【地域密着型通所介護】東京都大田区上池台1-10-4長原イーストビル", "url2": "https://www.kaigokensaku.mhlw.go.jp/13/index.php?action_kouhyou_detail_004_kani=true&JigyosyoCd=1391101357-00&ServiceCd=780&Type=search" }, "geometry": { "type": "Point", "coordinates": [ 139.6982434, 35.6022956 ] } },
{ "type": "Feature", "properties": { "内容": "リベルタ鵜の木【地域密着型通所介護】東京都大田区鵜の木2-14-12澁井ビル1Ｆ", "url2": "https://www.kaigokensaku.mhlw.go.jp/13/index.php?action_kouhyou_detail_004_kani=true&JigyosyoCd=1391101365-00&ServiceCd=780&Type=search" }, "geometry": { "type": "Point", "coordinates": [ 139.6802169, 35.5746953 ] } },
{ "type": "Feature", "properties": { "内容": "デイサービス元気倶楽部東糀谷【地域密着型通所介護】東京都大田区東糀谷１－６－２５コマツビル１F", "url2": "https://www.kaigokensaku.mhlw.go.jp/13/index.php?action_kouhyou_detail_004_kani=true&JigyosyoCd=1391101407-00&ServiceCd=780&Type=search" }, "geometry": { "type": "Point", "coordinates": [ 139.7412027, 35.5607979 ] } },
{ "type": "Feature", "properties": { "内容": "ＪＢＴ　Ｇｒａｓｉｓ　Ｄａｙ【地域密着型通所介護】東京都大田区新蒲田2-4-3ｽﾎﾟｰﾂﾌﾟﾗｻﾞﾋﾞﾙ１F", "url2": "https://www.kaigokensaku.mhlw.go.jp/13/index.php?action_kouhyou_detail_004_kani=true&JigyosyoCd=1391101472-00&ServiceCd=780&Type=search" }, "geometry": { "type": "Point", "coordinates": [ 139.706738099999967, 35.5602961 ] } },
{ "type": "Feature", "properties": { "内容": "レコードブッククロス池上【地域密着型通所介護】東京都大田区仲池上2-18-6雄ビル1F", "url2": "https://www.kaigokensaku.mhlw.go.jp/13/index.php?action_kouhyou_detail_004_kani=true&JigyosyoCd=1391101498-00&ServiceCd=780&Type=search" }, "geometry": { "type": "Point", "coordinates": [ 139.700814400000013, 35.5797781 ] } },
{ "type": "Feature", "properties": { "内容": "レコードブッククロス洗足池【地域密着型通所介護】東京都大田区南千束三丁目33番3号古屋ビル101", "url2": "https://www.kaigokensaku.mhlw.go.jp/13/index.php?action_kouhyou_detail_004_kani=true&JigyosyoCd=1391101506-00&ServiceCd=780&Type=search" }, "geometry": { "type": "Point", "coordinates": [ 139.6871778, 35.5996845 ] } },
{ "type": "Feature", "properties": { "内容": "HelloWork【地域密着型通所介護】東京都大田区西糀谷3-4-7小林ビル1階", "url2": "https://www.kaigokensaku.mhlw.go.jp/13/index.php?action_kouhyou_detail_004_kani=true&JigyosyoCd=1391101514-00&ServiceCd=780&Type=search" }, "geometry": { "type": "Point", "coordinates": [ 139.7354904, 35.5565652 ] } },
{ "type": "Feature", "properties": { "内容": "くらしの友リハプライド池上【地域密着型通所介護】東京都大田区西蒲田2-5-1", "url2": "https://www.kaigokensaku.mhlw.go.jp/13/index.php?action_kouhyou_detail_004_kani=true&JigyosyoCd=1391101589-00&ServiceCd=780&Type=search" }, "geometry": { "type": "Point", "coordinates": [ 139.7059692, 35.5708904 ] } },
{ "type": "Feature", "properties": { "内容": "だんらんの家　馬込【地域密着型通所介護】東京都大田区南馬込6-10-17", "url2": "https://www.kaigokensaku.mhlw.go.jp/13/index.php?action_kouhyou_detail_004_kani=true&JigyosyoCd=1391101605-00&ServiceCd=780&Type=search" }, "geometry": { "type": "Point", "coordinates": [ 139.7089181, 35.5841362 ] } },
{ "type": "Feature", "properties": { "内容": "中央リハ　うの木【地域密着型通所介護】東京都大田区田園調布南21-10Den'LIVE", "url2": "https://www.kaigokensaku.mhlw.go.jp/13/index.php?action_kouhyou_detail_004_kani=true&JigyosyoCd=1371105998-00&ServiceCd=780&Type=search" }, "geometry": { "type": "Point", "coordinates": [ 139.676693, 35.5802844 ] } },
{ "type": "Feature", "properties": { "内容": "入浴デイサービス　アムール仲池上【地域密着型通所介護】東京都大田区仲池上１－１６－３コア仲池上", "url2": "https://www.kaigokensaku.mhlw.go.jp/13/index.php?action_kouhyou_detail_004_kani=true&JigyosyoCd=1371108612-00&ServiceCd=780&Type=search" }, "geometry": { "type": "Point", "coordinates": [ 139.69745690000002, 35.5888779 ] } },
{ "type": "Feature", "properties": { "内容": "ナスリ　リハビリテーションルーム【地域密着型通所介護】東京都大田区上池台1-14-6富士プラザ3F", "url2": "https://www.kaigokensaku.mhlw.go.jp/13/index.php?action_kouhyou_detail_004_kani=true&JigyosyoCd=1391101092-00&ServiceCd=780&Type=search" }, "geometry": { "type": "Point", "coordinates": [ 139.697841530364173, 35.603021540692581 ] } },
{ "type": "Feature", "properties": { "内容": "リハビリデイ月の光【地域密着型通所介護】東京都大田区西馬込1-27-16河原ビル1階", "url2": "https://www.kaigokensaku.mhlw.go.jp/13/index.php?action_kouhyou_detail_004_kani=true&JigyosyoCd=1391101225-00&ServiceCd=780&Type=search" }, "geometry": { "type": "Point", "coordinates": [ 139.704631100000029, 35.5894085 ] } },
{ "type": "Feature", "properties": { "内容": "さいとう接骨院デイサービスセンター【地域密着型通所介護】東京都大田区西六郷2-49-1ウィルハピネス　1階", "url2": "https://www.kaigokensaku.mhlw.go.jp/13/index.php?action_kouhyou_detail_004_kani=true&JigyosyoCd=1391101233-00&ServiceCd=780&Type=search" }, "geometry": { "type": "Point", "coordinates": [ 139.708729950230804, 35.548555471161563 ] } },
{ "type": "Feature", "properties": { "内容": "けやきの木【地域密着型通所介護】東京都大田区田園調布南14-5ロイヤルハイツ105", "url2": "https://www.kaigokensaku.mhlw.go.jp/13/index.php?action_kouhyou_detail_004_kani=true&JigyosyoCd=1391101555-00&ServiceCd=780&Type=search" }, "geometry": { "type": "Point", "coordinates": [ 139.6732323, 35.5811728 ] } },
{ "type": "Feature", "properties": { "内容": "レコードブック梅屋敷【地域密着型通所介護】東京都大田区大森中3-16-11F", "url2": "https://www.kaigokensaku.mhlw.go.jp/13/index.php?action_kouhyou_detail_004_kani=true&JigyosyoCd=1391101613-00&ServiceCd=780&Type=search" }, "geometry": { "type": "Point", "coordinates": [ 139.7318129, 35.5649621 ] } },
{ "type": "Feature", "properties": { "内容": "fureai蒲田店【地域密着型通所介護】東京都大田区蒲田5-5-7ドメイン蒲田1階", "url2": "https://www.kaigokensaku.mhlw.go.jp/13/index.php?action_kouhyou_detail_004_kani=true&JigyosyoCd=1391101621-00&ServiceCd=780&Type=search" }, "geometry": { "type": "Point", "coordinates": [ 139.7181321, 35.5637822 ] } },
{ "type": "Feature", "properties": { "内容": "絆ひだまりの会　デイサービス池上の家【地域密着型通所介護】東京都大田区池上1-31-7", "url2": "https://www.kaigokensaku.mhlw.go.jp/13/index.php?action_kouhyou_detail_004_kani=true&JigyosyoCd=1371108281-00&ServiceCd=780&Type=search" }, "geometry": { "type": "Point", "coordinates": [ 139.707026300000052, 35.5759159 ] } },
{ "type": "Feature", "properties": { "内容": "サンフルーリ　久が原【地域密着型通所介護】東京都大田区久が原６ー４ー１４", "url2": "https://www.kaigokensaku.mhlw.go.jp/13/index.php?action_kouhyou_detail_004_kani=true&JigyosyoCd=1371108794-00&ServiceCd=780&Type=search" }, "geometry": { "type": "Point", "coordinates": [ 139.6930535, 35.5766414 ] } },
{ "type": "Feature", "properties": { "内容": "リハビリ型ひかりデイサービス西馬込店【地域密着型通所介護】東京都大田区西馬込2-7-14中丸マンション１階", "url2": "https://www.kaigokensaku.mhlw.go.jp/13/index.php?action_kouhyou_detail_004_kani=true&JigyosyoCd=1391101183-00&ServiceCd=780&Type=search" }, "geometry": { "type": "Point", "coordinates": [ 139.703998, 35.5873448 ] } },
{ "type": "Feature", "properties": { "内容": "スマイルデイサービス梅の花【地域密着型通所介護】東京都大田区西蒲田6-8-6", "url2": "https://www.kaigokensaku.mhlw.go.jp/13/index.php?action_kouhyou_detail_004_kani=true&JigyosyoCd=1391101258-00&ServiceCd=780&Type=search" }, "geometry": { "type": "Point", "coordinates": [ 139.710202681614675, 35.566578463859557 ] } },
{ "type": "Feature", "properties": { "内容": "あずゆーらいく池上【地域密着型通所介護】東京都大田区池上2-8-10オルタス106号", "url2": "https://www.kaigokensaku.mhlw.go.jp/13/index.php?action_kouhyou_detail_004_kani=true&JigyosyoCd=1391101688-00&ServiceCd=780&Type=search" }, "geometry": { "type": "Point", "coordinates": [ 139.7019032, 35.5788162 ] } },
{ "type": "Feature", "properties": { "内容": "ウェルサポート東馬込【地域密着型通所介護】東京都大田区東馬込1-17-7高木屋ビル1階", "url2": "https://www.kaigokensaku.mhlw.go.jp/13/index.php?action_kouhyou_detail_004_kani=true&JigyosyoCd=1391101696-00&ServiceCd=780&Type=search" }, "geometry": { "type": "Point", "coordinates": [ 139.7141648, 35.597147400000011 ] } },
{ "type": "Feature", "properties": { "内容": "介護予防センター　イーライフ仲池上【地域密着型通所介護】東京都大田区仲池上１－３１－１３4階", "url2": "https://www.kaigokensaku.mhlw.go.jp/13/index.php?action_kouhyou_detail_004_kani=true&JigyosyoCd=1371105741-00&ServiceCd=780&Type=search" }, "geometry": { "type": "Point", "coordinates": [ 139.695432200000027, 35.5871975 ] } },
{ "type": "Feature", "properties": { "内容": "ぽじえじステーション久が原【地域密着型通所介護】東京都大田区久が原3-37-41F", "url2": "https://www.kaigokensaku.mhlw.go.jp/13/index.php?action_kouhyou_detail_004_kani=true&JigyosyoCd=1371108158-00&ServiceCd=780&Type=search" }, "geometry": { "type": "Point", "coordinates": [ 139.6875437, 35.580327 ] } },
{ "type": "Feature", "properties": { "内容": "デイサービス介梟【地域密着型通所介護】東京都大田区西蒲田2－10－12ハイム星野１F", "url2": "https://www.kaigokensaku.mhlw.go.jp/13/index.php?action_kouhyou_detail_004_kani=true&JigyosyoCd=1371109404-00&ServiceCd=780&Type=search" }, "geometry": { "type": "Point", "coordinates": [ 139.710221026983675, 35.57035758056854 ] } },
{ "type": "Feature", "properties": { "内容": "リベルタ大森【地域密着型通所介護】東京都大田区大森西1-6-6大橋ビル1F", "url2": "https://www.kaigokensaku.mhlw.go.jp/13/index.php?action_kouhyou_detail_004_kani=true&JigyosyoCd=1391101712-00&ServiceCd=780&Type=search" }, "geometry": { "type": "Point", "coordinates": [ 139.7259216, 35.5796436 ] } },
{ "type": "Feature", "properties": { "内容": "デイサービス矢口のNIWA【地域密着型通所介護】東京都大田区多摩川１－１９－１１", "url2": "https://www.kaigokensaku.mhlw.go.jp/13/index.php?action_kouhyou_detail_004_kani=true&JigyosyoCd=1371108661-00&ServiceCd=780&Type=search" }, "geometry": { "type": "Point", "coordinates": [ 139.698603, 35.5626511 ] } },
{ "type": "Feature", "properties": { "内容": "機能向上トレーニングセンター　大森西のNIWA【地域密着型通所介護】東京都大田区大森西4-7-16", "url2": "https://www.kaigokensaku.mhlw.go.jp/13/index.php?action_kouhyou_detail_004_kani=true&JigyosyoCd=1371109388-00&ServiceCd=780&Type=search" }, "geometry": { "type": "Point", "coordinates": [ 139.722410800000034, 35.5736523 ] } },
{ "type": "Feature", "properties": { "内容": "機能向上トレーニングセンター西糀谷のNIWA【地域密着型通所介護】東京都大田区西糀谷1-28-9", "url2": "https://www.kaigokensaku.mhlw.go.jp/13/index.php?action_kouhyou_detail_004_kani=true&JigyosyoCd=1371109792-00&ServiceCd=780&Type=search" }, "geometry": { "type": "Point", "coordinates": [ 139.73122520000004, 35.5570883 ] } },
{ "type": "Feature", "properties": { "内容": "アクティブかたらい【地域密着型通所介護】東京都世田谷区上祖師谷6-7-28かたらいビル3階", "url2": "https://www.kaigokensaku.mhlw.go.jp/13/index.php?action_kouhyou_detail_004_kani=true&JigyosyoCd=1391200928-00&ServiceCd=780&Type=search" }, "geometry": { "type": "Point", "coordinates": [ 139.597240199999987, 35.6582693 ] } },
{ "type": "Feature", "properties": { "内容": "ケア・トラスト　デイサービス一期の家　松原【地域密着型通所介護】東京都世田谷区松原1-30-11", "url2": "https://www.kaigokensaku.mhlw.go.jp/13/index.php?action_kouhyou_detail_004_kani=true&JigyosyoCd=1371209014-00&ServiceCd=780&Type=search" }, "geometry": { "type": "Point", "coordinates": [ 139.6527883, 35.6667919 ] } },
{ "type": "Feature", "properties": { "内容": "医療法人社団　大坪会　ホスピア上馬【地域密着型通所介護】東京都世田谷区上馬5-9-8", "url2": "https://www.kaigokensaku.mhlw.go.jp/13/index.php?action_kouhyou_detail_004_kani=true&JigyosyoCd=1371213248-00&ServiceCd=780&Type=search" }, "geometry": { "type": "Point", "coordinates": [ 139.6566805, 35.6391647 ] } },
{ "type": "Feature", "properties": { "内容": "生活型デイサービス　りはっぴぃの家【地域密着型通所介護】東京都世田谷区新町2-35-27", "url2": "https://www.kaigokensaku.mhlw.go.jp/13/index.php?action_kouhyou_detail_004_kani=true&JigyosyoCd=1391201413-00&ServiceCd=780&Type=search" }, "geometry": { "type": "Point", "coordinates": [ 139.646544299999988, 35.6303574 ] } },
{ "type": "Feature", "properties": { "内容": "上用賀鍼灸整骨院リハビリデイサービス【地域密着型通所介護】東京都世田谷区上用賀3-14-17グランペルフェクティオ109", "url2": "https://www.kaigokensaku.mhlw.go.jp/13/index.php?action_kouhyou_detail_004_kani=true&JigyosyoCd=1391201728-00&ServiceCd=780&Type=search" }, "geometry": { "type": "Point", "coordinates": [ 139.631610400000028, 35.63400620000003 ] } },
{ "type": "Feature", "properties": { "内容": "ポロスキュアトレーニングパーソナルジムデイサービス【地域密着型通所介護】東京都世田谷区玉堤　1-6-11", "url2": "https://www.kaigokensaku.mhlw.go.jp/13/index.php?action_kouhyou_detail_004_kani=true&JigyosyoCd=1371212307-00&ServiceCd=780&Type=search" }, "geometry": { "type": "Point", "coordinates": [ 139.655052, 35.5943734 ] } },
{ "type": "Feature", "properties": { "内容": "たつなみ会通所介護事業所【地域密着型通所介護】東京都世田谷区世田谷三丁目5番19号", "url2": "https://www.kaigokensaku.mhlw.go.jp/13/index.php?action_kouhyou_detail_004_kani=true&JigyosyoCd=1391200738-00&ServiceCd=780&Type=search" }, "geometry": { "type": "Point", "coordinates": [ 139.646884, 35.64398630000003 ] } },
{ "type": "Feature", "properties": { "内容": "リハビリフィットネス　ゆずりは　成城【地域密着型通所介護】東京都世田谷区成城9-30-12成城ペアシティ三船107", "url2": "https://www.kaigokensaku.mhlw.go.jp/13/index.php?action_kouhyou_detail_004_kani=true&JigyosyoCd=1391201744-00&ServiceCd=780&Type=search" }, "geometry": { "type": "Point", "coordinates": [ 139.5927067, 35.6506228 ] } },
{ "type": "Feature", "properties": { "内容": "デイライフそら駒沢【地域密着型通所介護】東京都世田谷区駒沢3-28-11アーバン駒沢1F", "url2": "https://www.kaigokensaku.mhlw.go.jp/13/index.php?action_kouhyou_detail_004_kani=true&JigyosyoCd=1371211572-00&ServiceCd=780&Type=search" }, "geometry": { "type": "Point", "coordinates": [ 139.650592499999988, 35.6324015 ] } },
{ "type": "Feature", "properties": { "内容": "リハビリ型デイサービス　リハサロン祖師谷【地域密着型通所介護】東京都世田谷区祖師谷6-5-8102", "url2": "https://www.kaigokensaku.mhlw.go.jp/13/index.php?action_kouhyou_detail_004_kani=true&JigyosyoCd=1391200753-00&ServiceCd=780&Type=search" }, "geometry": { "type": "Point", "coordinates": [ 139.6030029, 35.6526919 ] } },
{ "type": "Feature", "properties": { "内容": "レコードブック経堂【地域密着型通所介護】東京都世田谷区経堂5-34-13メゾンアリア１階(102号)", "url2": "https://www.kaigokensaku.mhlw.go.jp/13/index.php?action_kouhyou_detail_004_kani=true&JigyosyoCd=1391200902-00&ServiceCd=780&Type=search" }, "geometry": { "type": "Point", "coordinates": [ 139.630547306007315, 35.648003865144354 ] } },
{ "type": "Feature", "properties": { "内容": "砧デイサービスセンター【地域密着型通所介護】東京都世田谷区砧3-9-11社会福祉法人友愛十字会", "url2": "https://www.kaigokensaku.mhlw.go.jp/13/index.php?action_kouhyou_detail_004_kani=true&JigyosyoCd=1391201736-00&ServiceCd=780&Type=search" }, "geometry": { "type": "Point", "coordinates": [ 139.6136975, 35.6358015 ] } },
{ "type": "Feature", "properties": { "内容": "世田谷デイハウスイデア北烏山【地域密着型通所介護】東京都世田谷区北烏山5-5-9", "url2": "https://www.kaigokensaku.mhlw.go.jp/13/index.php?action_kouhyou_detail_004_kani=true&JigyosyoCd=1391201819-00&ServiceCd=780&Type=search" }, "geometry": { "type": "Point", "coordinates": [ 139.5945184, 35.6764092 ] } },
{ "type": "Feature", "properties": { "内容": "デイサービスセンター　デイ・ホーム共愛【地域密着型通所介護】東京都世田谷区等々力一丁目二十四番十一号", "url2": "https://www.kaigokensaku.mhlw.go.jp/13/index.php?action_kouhyou_detail_004_kani=true&JigyosyoCd=1371205004-00&ServiceCd=780&Type=search" }, "geometry": { "type": "Point", "coordinates": [ 139.648402, 35.6039135 ] } },
{ "type": "Feature", "properties": { "内容": "オレンジ・アクティブかたらい成城【地域密着型通所介護】東京都世田谷区成城４－３－２５", "url2": "https://www.kaigokensaku.mhlw.go.jp/13/index.php?action_kouhyou_detail_004_kani=true&JigyosyoCd=1391201801-00&ServiceCd=780&Type=search" }, "geometry": { "type": "Point", "coordinates": [ 139.594010700000041, 35.6394061 ] } },
{ "type": "Feature", "properties": { "内容": "通所介護サービスさんたも【地域密着型通所介護】東京都世田谷区宮坂3-33-3", "url2": "https://www.kaigokensaku.mhlw.go.jp/13/index.php?action_kouhyou_detail_004_kani=true&JigyosyoCd=1371205897-00&ServiceCd=780&Type=search" }, "geometry": { "type": "Point", "coordinates": [ 139.636367699999937, 35.6547069 ] } },
{ "type": "Feature", "properties": { "内容": "ケアセンターwith【地域密着型通所介護】東京都世田谷区下馬３－２２－１３サザン三軒茶屋１階", "url2": "https://www.kaigokensaku.mhlw.go.jp/13/index.php?action_kouhyou_detail_004_kani=true&JigyosyoCd=1371206697-00&ServiceCd=780&Type=search" }, "geometry": { "type": "Point", "coordinates": [ 139.67319667339325, 35.634247462387314 ] } },
{ "type": "Feature", "properties": { "内容": "デイホームたね【地域密着型通所介護】東京都世田谷区赤堤5丁目32番2号アーバン赤堤4階401号室", "url2": "https://www.kaigokensaku.mhlw.go.jp/13/index.php?action_kouhyou_detail_004_kani=true&JigyosyoCd=1371208263-00&ServiceCd=780&Type=search" }, "geometry": { "type": "Point", "coordinates": [ 139.637421805310026, 35.665148369875297 ] } },
{ "type": "Feature", "properties": { "内容": "予防のむらもとランド【地域密着型通所介護】東京都世田谷区赤堤4-1-15東ビル1F", "url2": "https://www.kaigokensaku.mhlw.go.jp/13/index.php?action_kouhyou_detail_004_kani=true&JigyosyoCd=1371212281-00&ServiceCd=780&Type=search" }, "geometry": { "type": "Point", "coordinates": [ 139.6417122, 35.6600722 ] } },
{ "type": "Feature", "properties": { "内容": "オレンジかたらい【地域密着型通所介護】東京都世田谷区上祖師谷6-7-23グループホームかたらい３階", "url2": "https://www.kaigokensaku.mhlw.go.jp/13/index.php?action_kouhyou_detail_004_kani=true&JigyosyoCd=1391201371-00&ServiceCd=780&Type=search" }, "geometry": { "type": "Point", "coordinates": [ 139.5971863, 35.658393400000016 ] } },
{ "type": "Feature", "properties": { "内容": "祖師谷ケアセンター【地域密着型通所介護】東京都世田谷区祖師谷4-28-6祖師谷区民プラザ", "url2": "https://www.kaigokensaku.mhlw.go.jp/13/index.php?action_kouhyou_detail_004_kani=true&JigyosyoCd=1371201300-00&ServiceCd=780&Type=search" }, "geometry": { "type": "Point", "coordinates": [ 139.60619829999996, 35.649737500000015 ] } },
{ "type": "Feature", "properties": { "内容": "リハビリデイサービス名倉堂【地域密着型通所介護】東京都世田谷区松原5-2-6田島ビル１階", "url2": "https://www.kaigokensaku.mhlw.go.jp/13/index.php?action_kouhyou_detail_004_kani=true&JigyosyoCd=1371208099-00&ServiceCd=780&Type=search" }, "geometry": { "type": "Point", "coordinates": [ 139.655014133274108, 35.662642187222495 ] } },
{ "type": "Feature", "properties": { "内容": "デイホームここらっく【地域密着型通所介護】東京都世田谷区世田谷３－１３－１８", "url2": "https://www.kaigokensaku.mhlw.go.jp/13/index.php?action_kouhyou_detail_004_kani=true&JigyosyoCd=1371208339-00&ServiceCd=780&Type=search" }, "geometry": { "type": "Point", "coordinates": [ 139.6477784, 35.6434752 ] } },
{ "type": "Feature", "properties": { "内容": "リハビリ特化型デイサービス　りはっぴぃ桜新町【地域密着型通所介護】東京都世田谷区桜新町2丁目24-1大田ビル１F", "url2": "https://www.kaigokensaku.mhlw.go.jp/13/index.php?action_kouhyou_detail_004_kani=true&JigyosyoCd=1371208636-00&ServiceCd=780&Type=search" }, "geometry": { "type": "Point", "coordinates": [ 139.640535, 35.6319073 ] } },
{ "type": "Feature", "properties": { "内容": "リハビリデイサービスnagomi成城店【地域密着型通所介護】東京都世田谷区砧5-1-18祖師ヶ谷大蔵サマリアマンション　1階101-A", "url2": "https://www.kaigokensaku.mhlw.go.jp/13/index.php?action_kouhyou_detail_004_kani=true&JigyosyoCd=1371208727-00&ServiceCd=780&Type=search" }, "geometry": { "type": "Point", "coordinates": [ 139.610401599999932, 35.6349177 ] } },
{ "type": "Feature", "properties": { "内容": "生活協同組合パルシステム東京デイサービスセンター「上町陽だまり」【地域密着型通所介護】東京都世田谷区世田谷2-8-2", "url2": "https://www.kaigokensaku.mhlw.go.jp/13/index.php?action_kouhyou_detail_004_kani=true&JigyosyoCd=1371208750-00&ServiceCd=780&Type=search" }, "geometry": { "type": "Point", "coordinates": [ 139.644753600000058, 35.643553 ] } },
{ "type": "Feature", "properties": { "内容": "デイハウス下馬【地域密着型通所介護】東京都世田谷区下馬１－３９－３", "url2": "https://www.kaigokensaku.mhlw.go.jp/13/index.php?action_kouhyou_detail_004_kani=true&JigyosyoCd=1371208792-00&ServiceCd=780&Type=search" }, "geometry": { "type": "Point", "coordinates": [ 139.67980620000003, 35.6408819 ] } },
{ "type": "Feature", "properties": { "内容": "愛燦燦　梅ヶ丘【地域密着型通所介護】東京都世田谷区松原６-９-１７ジュノ羽根木公園101号室", "url2": "https://www.kaigokensaku.mhlw.go.jp/13/index.php?action_kouhyou_detail_004_kani=true&JigyosyoCd=1371208941-00&ServiceCd=780&Type=search" }, "geometry": { "type": "Point", "coordinates": [ 139.653719168122848, 35.660056170034579 ] } },
{ "type": "Feature", "properties": { "内容": "デイホーム栞【地域密着型通所介護】東京都世田谷区中町３丁目６番１２号", "url2": "https://www.kaigokensaku.mhlw.go.jp/13/index.php?action_kouhyou_detail_004_kani=true&JigyosyoCd=1371209063-00&ServiceCd=780&Type=search" }, "geometry": { "type": "Point", "coordinates": [ 139.647606981367517, 35.615068497875846 ] } },
{ "type": "Feature", "properties": { "内容": "リハビリデイルームやわら下北沢【地域密着型通所介護】東京都世田谷区代沢5-8-18ケイズハウス下北沢１F", "url2": "https://www.kaigokensaku.mhlw.go.jp/13/index.php?action_kouhyou_detail_004_kani=true&JigyosyoCd=1371209170-00&ServiceCd=780&Type=search" }, "geometry": { "type": "Point", "coordinates": [ 139.667923400000063, 35.6576684 ] } },
{ "type": "Feature", "properties": { "内容": "デイサービスなごみの森等々力渓谷【地域密着型通所介護】東京都世田谷区中町1-5-3バレーハウス1階", "url2": "https://www.kaigokensaku.mhlw.go.jp/13/index.php?action_kouhyou_detail_004_kani=true&JigyosyoCd=1371209212-00&ServiceCd=780&Type=search" }, "geometry": { "type": "Point", "coordinates": [ 139.64523, 35.608435300000011 ] } },
{ "type": "Feature", "properties": { "内容": "医療法人社団プラタナス　桜新町アーバン・デイサービス【地域密着型通所介護】東京都世田谷区新町3－21－1さくらウェルガーデン2階", "url2": "https://www.kaigokensaku.mhlw.go.jp/13/index.php?action_kouhyou_detail_004_kani=true&JigyosyoCd=1371209246-00&ServiceCd=780&Type=search" }, "geometry": { "type": "Point", "coordinates": [ 139.6472427, 35.6320433 ] } },
{ "type": "Feature", "properties": { "内容": "愛燦燦東松原【地域密着型通所介護】東京都世田谷区松原6-9-17ジュノ羽根木公園102", "url2": "https://www.kaigokensaku.mhlw.go.jp/13/index.php?action_kouhyou_detail_004_kani=true&JigyosyoCd=1371209485-00&ServiceCd=780&Type=search" }, "geometry": { "type": "Point", "coordinates": [ 139.653859899999986, 35.6600584 ] } },
{ "type": "Feature", "properties": { "内容": "デイサービス　ひなたぼっこ【地域密着型通所介護】東京都世田谷区上祖師谷5-3-26", "url2": "https://www.kaigokensaku.mhlw.go.jp/13/index.php?action_kouhyou_detail_004_kani=true&JigyosyoCd=1371209709-00&ServiceCd=780&Type=search" }, "geometry": { "type": "Point", "coordinates": [ 139.595096099999978, 35.656514 ] } },
{ "type": "Feature", "properties": { "内容": "きずな豪徳寺クラブ【地域密着型通所介護】東京都世田谷区豪徳寺1-42-6日進ビル1F", "url2": "https://www.kaigokensaku.mhlw.go.jp/13/index.php?action_kouhyou_detail_004_kani=true&JigyosyoCd=1371209725-00&ServiceCd=780&Type=search" }, "geometry": { "type": "Point", "coordinates": [ 139.647614100000027, 35.6542294 ] } },
{ "type": "Feature", "properties": { "内容": "リハビリデイサービス　アクティ等々力【地域密着型通所介護】東京都世田谷区等々力4-18-17OSコート等々力１F", "url2": "https://www.kaigokensaku.mhlw.go.jp/13/index.php?action_kouhyou_detail_004_kani=true&JigyosyoCd=1371210749-00&ServiceCd=780&Type=search" }, "geometry": { "type": "Point", "coordinates": [ 139.652040199999988, 35.6105126 ] } },
{ "type": "Feature", "properties": { "内容": "あけぼのデイサービスまごころ館成城【地域密着型通所介護】東京都世田谷区祖師谷6-10-9", "url2": "https://www.kaigokensaku.mhlw.go.jp/13/index.php?action_kouhyou_detail_004_kani=true&JigyosyoCd=1371211051-00&ServiceCd=780&Type=search" }, "geometry": { "type": "Point", "coordinates": [ 139.6043544, 35.6544402 ] } },
{ "type": "Feature", "properties": { "内容": "あけぼのデイサービスまごころ館桜新町【地域密着型通所介護】東京都世田谷区弦巻1-50-4セルダム弦巻1F", "url2": "https://www.kaigokensaku.mhlw.go.jp/13/index.php?action_kouhyou_detail_004_kani=true&JigyosyoCd=1371211069-00&ServiceCd=780&Type=search" }, "geometry": { "type": "Point", "coordinates": [ 139.6474409, 35.6379367 ] } },
{ "type": "Feature", "properties": { "内容": "自立支援サロンりはっぴぃ用賀【地域密着型通所介護】東京都世田谷区桜新町2-27-17コートロワール104", "url2": "https://www.kaigokensaku.mhlw.go.jp/13/index.php?action_kouhyou_detail_004_kani=true&JigyosyoCd=1371211259-00&ServiceCd=780&Type=search" }, "geometry": { "type": "Point", "coordinates": [ 139.6398094, 35.6314117 ] } },
{ "type": "Feature", "properties": { "内容": "だんらんの家烏山【地域密着型通所介護】東京都世田谷区粕谷3-6-5", "url2": "https://www.kaigokensaku.mhlw.go.jp/13/index.php?action_kouhyou_detail_004_kani=true&JigyosyoCd=1371211333-00&ServiceCd=780&Type=search" }, "geometry": { "type": "Point", "coordinates": [ 139.606569900000068, 35.6591889 ] } },
{ "type": "Feature", "properties": { "内容": "リハデイ花水木【地域密着型通所介護】東京都世田谷区大原2丁目27番2号", "url2": "https://www.kaigokensaku.mhlw.go.jp/13/index.php?action_kouhyou_detail_004_kani=true&JigyosyoCd=1371211374-00&ServiceCd=780&Type=search" }, "geometry": { "type": "Point", "coordinates": [ 139.658237699999972, 35.6709832 ] } },
{ "type": "Feature", "properties": { "内容": "ファミリーケア心の家　等々力【地域密着型通所介護】東京都世田谷区等々力1丁目34-7", "url2": "https://www.kaigokensaku.mhlw.go.jp/13/index.php?action_kouhyou_detail_004_kani=true&JigyosyoCd=1371211671-00&ServiceCd=780&Type=search" }, "geometry": { "type": "Point", "coordinates": [ 139.646757699999966, 35.604660700000011 ] } },
{ "type": "Feature", "properties": { "内容": "リハビリデイサービスnagomi豪徳寺店【地域密着型通所介護】東京都世田谷区豪徳寺1-6-9", "url2": "https://www.kaigokensaku.mhlw.go.jp/13/index.php?action_kouhyou_detail_004_kani=true&JigyosyoCd=1371211705-00&ServiceCd=780&Type=search" }, "geometry": { "type": "Point", "coordinates": [ 139.646125500000039, 35.6508104 ] } },
{ "type": "Feature", "properties": { "内容": "ベネッセデイサービスセンター三軒茶屋【地域密着型通所介護】東京都世田谷区太子堂２－３７－２メディカル・リハビリホームグランダ三軒茶屋内", "url2": "https://www.kaigokensaku.mhlw.go.jp/13/index.php?action_kouhyou_detail_004_kani=true&JigyosyoCd=1371211754-00&ServiceCd=780&Type=search" }, "geometry": { "type": "Point", "coordinates": [ 139.672709485913856, 35.648163251523897 ] } },
{ "type": "Feature", "properties": { "内容": "デイサービス本舗　北烏山【地域密着型通所介護】東京都世田谷区北烏山６－１５－２", "url2": "https://www.kaigokensaku.mhlw.go.jp/13/index.php?action_kouhyou_detail_004_kani=true&JigyosyoCd=1371211762-00&ServiceCd=780&Type=search" }, "geometry": { "type": "Point", "coordinates": [ 139.595622899999967, 35.6733367 ] } },
{ "type": "Feature", "properties": { "内容": "桜新町ビレッジ【地域密着型通所介護】東京都世田谷区深沢７－２４－１８", "url2": "https://www.kaigokensaku.mhlw.go.jp/13/index.php?action_kouhyou_detail_004_kani=true&JigyosyoCd=1371211929-00&ServiceCd=780&Type=search" }, "geometry": { "type": "Point", "coordinates": [ 139.644468299999971, 35.6235306 ] } },
{ "type": "Feature", "properties": { "内容": "デイサービスすまいるはうす祖師谷【地域密着型通所介護】東京都世田谷区上祖師谷6-5-4101", "url2": "https://www.kaigokensaku.mhlw.go.jp/13/index.php?action_kouhyou_detail_004_kani=true&JigyosyoCd=1371212034-00&ServiceCd=780&Type=search" }, "geometry": { "type": "Point", "coordinates": [ 139.596676399999978, 35.6581499 ] } },
{ "type": "Feature", "properties": { "内容": "デイサービストレーニングスクールおおさき【地域密着型通所介護】東京都世田谷区宮坂２－２６－３０大武ビル１F", "url2": "https://www.kaigokensaku.mhlw.go.jp/13/index.php?action_kouhyou_detail_004_kani=true&JigyosyoCd=1371212174-00&ServiceCd=780&Type=search" }, "geometry": { "type": "Point", "coordinates": [ 139.646204895245319, 35.653961928090929 ] } },
{ "type": "Feature", "properties": { "内容": "成城美癒【地域密着型通所介護】東京都世田谷区上祖師谷１－１１－１４アンハイム１F", "url2": "https://www.kaigokensaku.mhlw.go.jp/13/index.php?action_kouhyou_detail_004_kani=true&JigyosyoCd=1371212182-00&ServiceCd=780&Type=search" }, "geometry": { "type": "Point", "coordinates": [ 139.602789, 35.6626918 ] } },
{ "type": "Feature", "properties": { "内容": "サロンデイ給田【地域密着型通所介護】東京都世田谷区給田3-26-6給田ビル2階", "url2": "https://www.kaigokensaku.mhlw.go.jp/13/index.php?action_kouhyou_detail_004_kani=true&JigyosyoCd=1371212331-00&ServiceCd=780&Type=search" }, "geometry": { "type": "Point", "coordinates": [ 139.589454400000022, 35.6654875 ] } },
{ "type": "Feature", "properties": { "内容": "あすはぁとせたがや【地域密着型通所介護】東京都世田谷区尾山台3-6-15", "url2": "https://www.kaigokensaku.mhlw.go.jp/13/index.php?action_kouhyou_detail_004_kani=true&JigyosyoCd=1371212372-00&ServiceCd=780&Type=search" }, "geometry": { "type": "Point", "coordinates": [ 139.655038900000022, 35.6034545 ] } },
{ "type": "Feature", "properties": { "内容": "ベネッセデイサービスセンター世田谷上町【地域密着型通所介護】東京都世田谷区桜3-32-10リハビリホームグランダ世田谷上町", "url2": "https://www.kaigokensaku.mhlw.go.jp/13/index.php?action_kouhyou_detail_004_kani=true&JigyosyoCd=1371212398-00&ServiceCd=780&Type=search" }, "geometry": { "type": "Point", "coordinates": [ 139.636490500000036, 35.6412199 ] } },
{ "type": "Feature", "properties": { "内容": "成城美癒　仙川店【地域密着型通所介護】東京都世田谷区給田１－９－９ハイム510", "url2": "https://www.kaigokensaku.mhlw.go.jp/13/index.php?action_kouhyou_detail_004_kani=true&JigyosyoCd=1371212406-00&ServiceCd=780&Type=search" }, "geometry": { "type": "Point", "coordinates": [ 139.588901800000031, 35.662935 ] } },
{ "type": "Feature", "properties": { "内容": "タガヤセ大蔵デイ【地域密着型通所介護】東京都世田谷区大蔵5-14-6ホワイトつかさ１階", "url2": "https://www.kaigokensaku.mhlw.go.jp/13/index.php?action_kouhyou_detail_004_kani=true&JigyosyoCd=1371212463-00&ServiceCd=780&Type=search" }, "geometry": { "type": "Point", "coordinates": [ 139.607685400000037, 35.6316098 ] } },
{ "type": "Feature", "properties": { "内容": "15デイサービス「グリーンデイ」用賀【地域密着型通所介護】東京都世田谷区岡本1-19-23", "url2": "https://www.kaigokensaku.mhlw.go.jp/13/index.php?action_kouhyou_detail_004_kani=true&JigyosyoCd=1371212604-00&ServiceCd=780&Type=search" }, "geometry": { "type": "Point", "coordinates": [ 139.621217800000068, 35.6263998 ] } },
{ "type": "Feature", "properties": { "内容": "あいむデイサービス祖師谷【地域密着型通所介護】東京都世田谷区祖師谷１－３０－１０", "url2": "https://www.kaigokensaku.mhlw.go.jp/13/index.php?action_kouhyou_detail_004_kani=true&JigyosyoCd=1371212703-00&ServiceCd=780&Type=search" }, "geometry": { "type": "Point", "coordinates": [ 139.610142499999938, 35.646571500000015 ] } },
{ "type": "Feature", "properties": { "内容": "あいむデイサービス下高井戸【地域密着型通所介護】東京都世田谷区赤堤４－５ー１９", "url2": "https://www.kaigokensaku.mhlw.go.jp/13/index.php?action_kouhyou_detail_004_kani=true&JigyosyoCd=1371212711-00&ServiceCd=780&Type=search" }, "geometry": { "type": "Point", "coordinates": [ 139.640114400000016, 35.660364600000023 ] } },
{ "type": "Feature", "properties": { "内容": "みのりの庭世田谷【地域密着型通所介護】東京都世田谷区若林3-35-14ぐりーんさいとサルビア荘102", "url2": "https://www.kaigokensaku.mhlw.go.jp/13/index.php?action_kouhyou_detail_004_kani=true&JigyosyoCd=1371212836-00&ServiceCd=780&Type=search" }, "geometry": { "type": "Point", "coordinates": [ 139.659694, 35.6452308 ] } },
{ "type": "Feature", "properties": { "内容": "まごの手　等々力【地域密着型通所介護】東京都世田谷区等々力7-27-9CLANNADA-A", "url2": "https://www.kaigokensaku.mhlw.go.jp/13/index.php?action_kouhyou_detail_004_kani=true&JigyosyoCd=1371212943-00&ServiceCd=780&Type=search" }, "geometry": { "type": "Point", "coordinates": [ 139.656284300000038, 35.6066603 ] } },
{ "type": "Feature", "properties": { "内容": "トータルリハセンター自由が丘【地域密着型通所介護】東京都世田谷区奥沢3-45-10アズマ奥沢コーポ１階", "url2": "https://www.kaigokensaku.mhlw.go.jp/13/index.php?action_kouhyou_detail_004_kani=true&JigyosyoCd=1371213065-00&ServiceCd=780&Type=search" }, "geometry": { "type": "Point", "coordinates": [ 139.6738504, 35.6037536 ] } },
{ "type": "Feature", "properties": { "内容": "デイサービスセンターシエロ成城【地域密着型通所介護】東京都世田谷区成城9-28-1", "url2": "https://www.kaigokensaku.mhlw.go.jp/13/index.php?action_kouhyou_detail_004_kani=true&JigyosyoCd=1371213081-00&ServiceCd=780&Type=search" }, "geometry": { "type": "Point", "coordinates": [ 139.593802099999948, 35.650351 ] } },
{ "type": "Feature", "properties": { "内容": "グリーンデイ桜新町【地域密着型通所介護】東京都世田谷区用賀３－２４－７ジュア用賀１階", "url2": "https://www.kaigokensaku.mhlw.go.jp/13/index.php?action_kouhyou_detail_004_kani=true&JigyosyoCd=1371213321-00&ServiceCd=780&Type=search" }, "geometry": { "type": "Point", "coordinates": [ 139.637007600000061, 35.6312602 ] } },
{ "type": "Feature", "properties": { "内容": "KIZUNAFITNESS【地域密着型通所介護】東京都世田谷区豪徳寺1-21-5ヴィラ・ゴートクB-B", "url2": "https://www.kaigokensaku.mhlw.go.jp/13/index.php?action_kouhyou_detail_004_kani=true&JigyosyoCd=1371213354-00&ServiceCd=780&Type=search" }, "geometry": { "type": "Point", "coordinates": [ 139.647722499999986, 35.6529407 ] } },
{ "type": "Feature", "properties": { "内容": "リハビリフィットネス　ゆずりは　用賀【地域密着型通所介護】東京都世田谷区用賀2-33-10ソルフェージュ1F", "url2": "https://www.kaigokensaku.mhlw.go.jp/13/index.php?action_kouhyou_detail_004_kani=true&JigyosyoCd=1391200860-00&ServiceCd=780&Type=search" }, "geometry": { "type": "Point", "coordinates": [ 139.635291400000028, 35.625386 ] } },
{ "type": "Feature", "properties": { "内容": "リハビリフィットネス　ゆずりは　梅ヶ丘【地域密着型通所介護】東京都世田谷区代田3-38-21階", "url2": "https://www.kaigokensaku.mhlw.go.jp/13/index.php?action_kouhyou_detail_004_kani=true&JigyosyoCd=1391200878-00&ServiceCd=780&Type=search" }, "geometry": { "type": "Point", "coordinates": [ 139.658002200000027, 35.655496100000022 ] } },
{ "type": "Feature", "properties": { "内容": "リハビリフィットネス　ゆずりは　千歳烏山【地域密着型通所介護】東京都世田谷区南烏山5丁目1-10タナック千歳烏山1F", "url2": "https://www.kaigokensaku.mhlw.go.jp/13/index.php?action_kouhyou_detail_004_kani=true&JigyosyoCd=1391200886-00&ServiceCd=780&Type=search" }, "geometry": { "type": "Point", "coordinates": [ 139.604266899999971, 35.6658406 ] } },
{ "type": "Feature", "properties": { "内容": "リハビリフィットネス　ゆずりは経堂【地域密着型通所介護】東京都世田谷区経堂1-5-6パルファム経堂１Ｆ", "url2": "https://www.kaigokensaku.mhlw.go.jp/13/index.php?action_kouhyou_detail_004_kani=true&JigyosyoCd=1391200894-00&ServiceCd=780&Type=search" }, "geometry": { "type": "Point", "coordinates": [ 139.636404099999936, 35.6482773 ] } },
{ "type": "Feature", "properties": { "内容": "レコードブック用賀【地域密着型通所介護】東京都世田谷区用賀4-5-7ルビーノロトンダ1F", "url2": "https://www.kaigokensaku.mhlw.go.jp/13/index.php?action_kouhyou_detail_004_kani=true&JigyosyoCd=1391200910-00&ServiceCd=780&Type=search" }, "geometry": { "type": "Point", "coordinates": [ 139.632816600000069, 35.6257332 ] } },
{ "type": "Feature", "properties": { "内容": "リハビリデイサービス　ステップぱーとなー世田谷経堂【地域密着型通所介護】東京都世田谷区経堂4-37-10", "url2": "https://www.kaigokensaku.mhlw.go.jp/13/index.php?action_kouhyou_detail_004_kani=true&JigyosyoCd=1391200936-00&ServiceCd=780&Type=search" }, "geometry": { "type": "Point", "coordinates": [ 139.628810199999975, 35.6501741 ] } },
{ "type": "Feature", "properties": { "内容": "グリーンデイ千歳台【地域密着型通所介護】東京都世田谷区千歳台６－１４－１２サザンビル１F", "url2": "https://www.kaigokensaku.mhlw.go.jp/13/index.php?action_kouhyou_detail_004_kani=true&JigyosyoCd=1391200951-00&ServiceCd=780&Type=search" }, "geometry": { "type": "Point", "coordinates": [ 139.603470199999947, 35.6583362 ] } },
{ "type": "Feature", "properties": { "内容": "デイサービスセンターシエロ桜新町【地域密着型通所介護】東京都世田谷区弦巻3－30－5", "url2": "https://www.kaigokensaku.mhlw.go.jp/13/index.php?action_kouhyou_detail_004_kani=true&JigyosyoCd=1391201256-00&ServiceCd=780&Type=search" }, "geometry": { "type": "Point", "coordinates": [ 139.6435553, 35.6393716 ] } },
{ "type": "Feature", "properties": { "内容": "リハビリフィットネス　ゆずりは　駒沢大学【地域密着型通所介護】東京都世田谷区野沢4-21-14ヒルトップ駒沢1階", "url2": "https://www.kaigokensaku.mhlw.go.jp/13/index.php?action_kouhyou_detail_004_kani=true&JigyosyoCd=1391201306-00&ServiceCd=780&Type=search" }, "geometry": { "type": "Point", "coordinates": [ 139.666139599999951, 35.63401 ] } },
{ "type": "Feature", "properties": { "内容": "生きがい工房上野毛【地域密着型通所介護】東京都世田谷区上野毛4-7-20", "url2": "https://www.kaigokensaku.mhlw.go.jp/13/index.php?action_kouhyou_detail_004_kani=true&JigyosyoCd=1391201314-00&ServiceCd=780&Type=search" }, "geometry": { "type": "Point", "coordinates": [ 139.63815658659496, 35.620133945010799 ] } },
{ "type": "Feature", "properties": { "内容": "ひばりデイサービス久我山【地域密着型通所介護】東京都世田谷区北烏山2-2-19ガーデンテラス久我山", "url2": "https://www.kaigokensaku.mhlw.go.jp/13/index.php?action_kouhyou_detail_004_kani=true&JigyosyoCd=1391201355-00&ServiceCd=780&Type=search" }, "geometry": { "type": "Point", "coordinates": [ 139.60234330000003, 35.6802269 ] } },
{ "type": "Feature", "properties": { "内容": "ひばりデイサービス砧公園【地域密着型通所介護】東京都世田谷区大蔵1-6-18ガーデンテラス砧公園", "url2": "https://www.kaigokensaku.mhlw.go.jp/13/index.php?action_kouhyou_detail_004_kani=true&JigyosyoCd=1391201439-00&ServiceCd=780&Type=search" }, "geometry": { "type": "Point", "coordinates": [ 139.6198086, 35.634221 ] } },
{ "type": "Feature", "properties": { "内容": "デイ・ホーム上用賀【地域密着型通所介護】東京都世田谷区上用賀5-14-1101", "url2": "https://www.kaigokensaku.mhlw.go.jp/13/index.php?action_kouhyou_detail_004_kani=true&JigyosyoCd=1391201462-00&ServiceCd=780&Type=search" }, "geometry": { "type": "Point", "coordinates": [ 139.626269938098119, 35.630352671780514 ] } },
{ "type": "Feature", "properties": { "内容": "デイサービスクローバー成城学園【地域密着型通所介護】東京都世田谷区祖師谷３－６－１４", "url2": "https://www.kaigokensaku.mhlw.go.jp/13/index.php?action_kouhyou_detail_004_kani=true&JigyosyoCd=1391201488-00&ServiceCd=780&Type=search" }, "geometry": { "type": "Point", "coordinates": [ 139.605988100000019, 35.642786 ] } },
{ "type": "Feature", "properties": { "内容": "セコムシニア俱楽部千歳烏山【地域密着型通所介護】東京都世田谷区南烏山５－５－９セコムカレア千歳烏山", "url2": "https://www.kaigokensaku.mhlw.go.jp/13/index.php?action_kouhyou_detail_004_kani=true&JigyosyoCd=1391201538-00&ServiceCd=780&Type=search" }, "geometry": { "type": "Point", "coordinates": [ 139.604258479237359, 35.667763925105234 ] } },
{ "type": "Feature", "properties": { "内容": "リハビリデイルームやわら豪徳寺【地域密着型通所介護】東京都世田谷区豪徳寺1丁目8番6号サーフ・ドリーム1F", "url2": "https://www.kaigokensaku.mhlw.go.jp/13/index.php?action_kouhyou_detail_004_kani=true&JigyosyoCd=1391201546-00&ServiceCd=780&Type=search" }, "geometry": { "type": "Point", "coordinates": [ 139.6464684, 35.651622 ] } },
{ "type": "Feature", "properties": { "内容": "仁済　デイサービスおもいで【地域密着型通所介護】東京都世田谷区千歳台2-29-27ホワイトビル1F", "url2": "https://www.kaigokensaku.mhlw.go.jp/13/index.php?action_kouhyou_detail_004_kani=true&JigyosyoCd=1391201645-00&ServiceCd=780&Type=search" }, "geometry": { "type": "Point", "coordinates": [ 139.613244, 35.6516601 ] } },
{ "type": "Feature", "properties": { "内容": "きずなデイサービス【地域密着型通所介護】東京都世田谷区赤堤2-16-1スカイプラザ1F", "url2": "https://www.kaigokensaku.mhlw.go.jp/13/index.php?action_kouhyou_detail_004_kani=true&JigyosyoCd=1371207406-00&ServiceCd=780&Type=search" }, "geometry": { "type": "Point", "coordinates": [ 139.648008399999981, 35.6570235 ] } },
{ "type": "Feature", "properties": { "内容": "稲垣薬局　デイサービス経堂【地域密着型通所介護】東京都世田谷区経堂4-5-2経堂ビューフラッツ1階", "url2": "https://www.kaigokensaku.mhlw.go.jp/13/index.php?action_kouhyou_detail_004_kani=true&JigyosyoCd=1371207687-00&ServiceCd=780&Type=search" }, "geometry": { "type": "Point", "coordinates": [ 139.626871599999959, 35.6462969 ] } },
{ "type": "Feature", "properties": { "内容": "ひだまりの会デイサービス　代沢の家【地域密着型通所介護】東京都世田谷区代沢4-28-3", "url2": "https://www.kaigokensaku.mhlw.go.jp/13/index.php?action_kouhyou_detail_004_kani=true&JigyosyoCd=1371208222-00&ServiceCd=780&Type=search" }, "geometry": { "type": "Point", "coordinates": [ 139.667561400000011, 35.653263 ] } },
{ "type": "Feature", "properties": { "内容": "希望ヶ丘鍼灸整骨院リハビリデイサービス【地域密着型通所介護】東京都世田谷区船橋6丁目14番1号", "url2": "https://www.kaigokensaku.mhlw.go.jp/13/index.php?action_kouhyou_detail_004_kani=true&JigyosyoCd=1371209741-00&ServiceCd=780&Type=search" }, "geometry": { "type": "Point", "coordinates": [ 139.623918300000014, 35.6594921 ] } },
{ "type": "Feature", "properties": { "内容": "ぽじえじステーション二子玉川【地域密着型通所介護】東京都世田谷区岡本2-17-14岡本アネックス　１階・地下１階", "url2": "https://www.kaigokensaku.mhlw.go.jp/13/index.php?action_kouhyou_detail_004_kani=true&JigyosyoCd=1371210376-00&ServiceCd=780&Type=search" }, "geometry": { "type": "Point", "coordinates": [ 139.61584629999993, 35.6233113 ] } },
{ "type": "Feature", "properties": { "内容": "GENKINEXT東松原【地域密着型通所介護】東京都世田谷区松原5-58-9", "url2": "https://www.kaigokensaku.mhlw.go.jp/13/index.php?action_kouhyou_detail_004_kani=true&JigyosyoCd=1371210384-00&ServiceCd=780&Type=search" }, "geometry": { "type": "Point", "coordinates": [ 139.6555105, 35.6633785 ] } },
{ "type": "Feature", "properties": { "内容": "だんらんの家　豪徳寺【地域密着型通所介護】東京都世田谷区赤堤1－19－21ストーク赤堤弐番館Ａ", "url2": "https://www.kaigokensaku.mhlw.go.jp/13/index.php?action_kouhyou_detail_004_kani=true&JigyosyoCd=1371210418-00&ServiceCd=780&Type=search" }, "geometry": { "type": "Point", "coordinates": [ 139.642508899999939, 35.6554042 ] } },
{ "type": "Feature", "properties": { "内容": "リハビリデイサービス　ナグラボ【地域密着型通所介護】東京都世田谷区南烏山2丁目３６-３膳場ビル１階", "url2": "https://www.kaigokensaku.mhlw.go.jp/13/index.php?action_kouhyou_detail_004_kani=true&JigyosyoCd=1391200993-00&ServiceCd=780&Type=search" }, "geometry": { "type": "Point", "coordinates": [ 139.60843019999993, 35.6702262 ] } },
{ "type": "Feature", "properties": { "内容": "ひばりデイサービス千歳烏山【地域密着型通所介護】東京都世田谷区北烏山3丁目14番19号", "url2": "https://www.kaigokensaku.mhlw.go.jp/13/index.php?action_kouhyou_detail_004_kani=true&JigyosyoCd=1391201710-00&ServiceCd=780&Type=search" }, "geometry": { "type": "Point", "coordinates": [ 139.602049467936894, 35.675438950081222 ] } },
{ "type": "Feature", "properties": { "内容": "みなみデイサービス【地域密着型通所介護】東京都世田谷区北烏山1-48-10", "url2": "https://www.kaigokensaku.mhlw.go.jp/13/index.php?action_kouhyou_detail_004_kani=true&JigyosyoCd=1371211002-00&ServiceCd=780&Type=search" }, "geometry": { "type": "Point", "coordinates": [ 139.604712799999987, 35.6776185 ] } },
{ "type": "Feature", "properties": { "内容": "ドレミハウス世田谷デイサービス【地域密着型通所介護】東京都世田谷区給田4-20-8ガウデイ11", "url2": "https://www.kaigokensaku.mhlw.go.jp/13/index.php?action_kouhyou_detail_004_kani=true&JigyosyoCd=1371211960-00&ServiceCd=780&Type=search" }, "geometry": { "type": "Point", "coordinates": [ 139.589402, 35.669242 ] } },
{ "type": "Feature", "properties": { "内容": "レストランデイTEA倶楽部成城【地域密着型通所介護】東京都世田谷区成城２−４０−５ヴェルドミール成城３０３", "url2": "https://www.kaigokensaku.mhlw.go.jp/13/index.php?action_kouhyou_detail_004_kani=true&JigyosyoCd=1391201454-00&ServiceCd=780&Type=search" }, "geometry": { "type": "Point", "coordinates": [ 139.598579, 35.639678 ] } },
{ "type": "Feature", "properties": { "内容": "あずゆーらいく経堂【地域密着型通所介護】東京都世田谷区赤堤1-43-1経堂スカイマンション1階", "url2": "https://www.kaigokensaku.mhlw.go.jp/13/index.php?action_kouhyou_detail_004_kani=true&JigyosyoCd=1391201827-00&ServiceCd=780&Type=search" }, "geometry": { "type": "Point", "coordinates": [ 139.636387499999984, 35.6565983 ] } },
{ "type": "Feature", "properties": { "内容": "お散歩くらぶルミナ【地域密着型通所介護】東京都世田谷区駒沢５丁目１１番５号", "url2": "https://www.kaigokensaku.mhlw.go.jp/13/index.php?action_kouhyou_detail_004_kani=true&JigyosyoCd=1391201835-00&ServiceCd=780&Type=search" }, "geometry": { "type": "Point", "coordinates": [ 139.6570175, 35.623467 ] } },
{ "type": "Feature", "properties": { "内容": "ケイオーリハビリデイサービス【地域密着型通所介護】東京都世田谷区南烏山5-34-18", "url2": "https://www.kaigokensaku.mhlw.go.jp/13/index.php?action_kouhyou_detail_004_kani=true&JigyosyoCd=1371206101-00&ServiceCd=780&Type=search" }, "geometry": { "type": "Point", "coordinates": [ 139.600564399999939, 35.666621 ] } },
{ "type": "Feature", "properties": { "内容": "稲垣薬局デイサービス桜上水【地域密着型通所介護】東京都世田谷区桜上水５－３５－４", "url2": "https://www.kaigokensaku.mhlw.go.jp/13/index.php?action_kouhyou_detail_004_kani=true&JigyosyoCd=1371207661-00&ServiceCd=780&Type=search" }, "geometry": { "type": "Point", "coordinates": [ 139.627606499999956, 35.6675605 ] } },
{ "type": "Feature", "properties": { "内容": "デイサービスクローバー代々木上原【地域密着型通所介護】東京都世田谷区北沢5-2-1エガワビル2Ｆ", "url2": "https://www.kaigokensaku.mhlw.go.jp/13/index.php?action_kouhyou_detail_004_kani=true&JigyosyoCd=1371210582-00&ServiceCd=780&Type=search" }, "geometry": { "type": "Point", "coordinates": [ 139.672532586508169, 35.669102467830037 ] } },
{ "type": "Feature", "properties": { "内容": "レッツリハ！経堂駅前【地域密着型通所介護】東京都世田谷区宮坂2-17-17ドムスセピア1階", "url2": "https://www.kaigokensaku.mhlw.go.jp/13/index.php?action_kouhyou_detail_004_kani=true&JigyosyoCd=1391201116-00&ServiceCd=780&Type=search" }, "geometry": { "type": "Point", "coordinates": [ 139.639309300000036, 35.6510242 ] } },
{ "type": "Feature", "properties": { "内容": "ふくろうの家　世田谷梅ヶ丘【地域密着型通所介護】東京都世田谷区代田3-10-251F", "url2": "https://www.kaigokensaku.mhlw.go.jp/13/index.php?action_kouhyou_detail_004_kani=true&JigyosyoCd=1371211622-00&ServiceCd=780&Type=search" }, "geometry": { "type": "Point", "coordinates": [ 139.656867299999988, 35.6525419 ] } },
{ "type": "Feature", "properties": { "内容": "デイサービスクローバー参宮橋【地域密着型通所介護】東京都渋谷区代々木4-22-7グランドコーポラス103", "url2": "https://www.kaigokensaku.mhlw.go.jp/13/index.php?action_kouhyou_detail_004_kani=true&JigyosyoCd=1371303205-00&ServiceCd=780&Type=search" }, "geometry": { "type": "Point", "coordinates": [ 139.690938, 35.6806734 ] } },
{ "type": "Feature", "properties": { "内容": "たくみケア・幡ヶ谷【地域密着型通所介護】東京都渋谷区幡ヶ谷3-2-4中村ビル", "url2": "https://www.kaigokensaku.mhlw.go.jp/13/index.php?action_kouhyou_detail_004_kani=true&JigyosyoCd=1371302454-00&ServiceCd=780&Type=search" }, "geometry": { "type": "Point", "coordinates": [ 139.6720666, 35.6811402 ] } },
{ "type": "Feature", "properties": { "内容": "デイサービスクローバー広尾【地域密着型通所介護】東京都渋谷区広尾3-12-30ｼｬﾄﾚｱﾝ１F", "url2": "https://www.kaigokensaku.mhlw.go.jp/13/index.php?action_kouhyou_detail_004_kani=true&JigyosyoCd=1371302918-00&ServiceCd=780&Type=search" }, "geometry": { "type": "Point", "coordinates": [ 139.713990013491838, 35.652783701766623 ] } },
{ "type": "Feature", "properties": { "内容": "レコードブック代々木【地域密着型通所介護】東京都渋谷区代々木2-22-17岩波ビル1F", "url2": "https://www.kaigokensaku.mhlw.go.jp/13/index.php?action_kouhyou_detail_004_kani=true&JigyosyoCd=1371303221-00&ServiceCd=780&Type=search" }, "geometry": { "type": "Point", "coordinates": [ 139.697717, 35.6851632 ] } },
{ "type": "Feature", "properties": { "内容": "レコードブック代々木上原【地域密着型通所介護】東京都渋谷区上原1-24-3コリドール大川1階", "url2": "https://www.kaigokensaku.mhlw.go.jp/13/index.php?action_kouhyou_detail_004_kani=true&JigyosyoCd=1371303296-00&ServiceCd=780&Type=search" }, "geometry": { "type": "Point", "coordinates": [ 139.681588499999947, 35.6688702 ] } },
{ "type": "Feature", "properties": { "内容": "リハビリデイサービスnagomi駒場店【地域密着型通所介護】東京都渋谷区富ヶ谷2-18-18藤屋ﾋﾞﾙ　1階", "url2": "https://www.kaigokensaku.mhlw.go.jp/13/index.php?action_kouhyou_detail_004_kani=true&JigyosyoCd=1371302611-00&ServiceCd=780&Type=search" }, "geometry": { "type": "Point", "coordinates": [ 139.6845912, 35.663401500000035 ] } },
{ "type": "Feature", "properties": { "内容": "デイサービス　いのち【地域密着型通所介護】東京都渋谷区富ヶ谷1-34-81階", "url2": "https://www.kaigokensaku.mhlw.go.jp/13/index.php?action_kouhyou_detail_004_kani=true&JigyosyoCd=1391300314-00&ServiceCd=780&Type=search" }, "geometry": { "type": "Point", "coordinates": [ 139.6891411, 35.6669602 ] } },
{ "type": "Feature", "properties": { "内容": "さくらふじ【地域密着型通所介護】東京都中野区中野２丁目２１番６号", "url2": "https://www.kaigokensaku.mhlw.go.jp/13/index.php?action_kouhyou_detail_004_kani=true&JigyosyoCd=1371402627-00&ServiceCd=780&Type=search" }, "geometry": { "type": "Point", "coordinates": [ 139.668062239881124, 35.703500226096054 ] } },
{ "type": "Feature", "properties": { "内容": "デイサービスセンターカレア中野弥生町【地域密着型通所介護】東京都中野区弥生町2-4-9ツナシマ第3ビル2階", "url2": "https://www.kaigokensaku.mhlw.go.jp/13/index.php?action_kouhyou_detail_004_kani=true&JigyosyoCd=1391400403-00&ServiceCd=780&Type=search" }, "geometry": { "type": "Point", "coordinates": [ 139.676746399999956, 35.6913646 ] } },
{ "type": "Feature", "properties": { "内容": "デイサービス　ＰＡＳＳＯ【地域密着型通所介護】東京都中野区弥生町二丁目15番16号ハイム石山1Ｆ", "url2": "https://www.kaigokensaku.mhlw.go.jp/13/index.php?action_kouhyou_detail_004_kani=true&JigyosyoCd=1391400858-00&ServiceCd=780&Type=search" }, "geometry": { "type": "Point", "coordinates": [ 139.675796100000014, 35.691378 ] } },
{ "type": "Feature", "properties": { "内容": "めいぷる【地域密着型通所介護】東京都中野区鷺宮3-20-9ヴィラエス1階", "url2": "https://www.kaigokensaku.mhlw.go.jp/13/index.php?action_kouhyou_detail_004_kani=true&JigyosyoCd=1391400866-00&ServiceCd=780&Type=search" }, "geometry": { "type": "Point", "coordinates": [ 139.6386139, 35.7237638 ] } },
{ "type": "Feature", "properties": { "内容": "アロハデイサービス【地域密着型通所介護】東京都中野区上高田2-45-10", "url2": "https://www.kaigokensaku.mhlw.go.jp/13/index.php?action_kouhyou_detail_004_kani=true&JigyosyoCd=1371404656-00&ServiceCd=780&Type=search" }, "geometry": { "type": "Point", "coordinates": [ 139.6696437, 35.7121523 ] } },
{ "type": "Feature", "properties": { "内容": "生活協同組合パルシステム東京デイサービスセンター第二「中野陽だまり」【地域密着型通所介護】東京都中野区東中野１－４－１０", "url2": "https://www.kaigokensaku.mhlw.go.jp/13/index.php?action_kouhyou_detail_004_kani=true&JigyosyoCd=1371405075-00&ServiceCd=780&Type=search" }, "geometry": { "type": "Point", "coordinates": [ 139.685573200000022, 35.701822 ] } },
{ "type": "Feature", "properties": { "内容": "シニア倶楽部ステップパプリカ【地域密着型通所介護】東京都中野区新井5-15-6片岡ビル１階", "url2": "https://www.kaigokensaku.mhlw.go.jp/13/index.php?action_kouhyou_detail_004_kani=true&JigyosyoCd=1371403336-00&ServiceCd=780&Type=search" }, "geometry": { "type": "Point", "coordinates": [ 139.6692375, 35.7152534 ] } },
{ "type": "Feature", "properties": { "内容": "レコードブック中野鷺宮【地域密着型通所介護】東京都中野区鷺宮2-5-7宮ビル４階", "url2": "https://www.kaigokensaku.mhlw.go.jp/13/index.php?action_kouhyou_detail_004_kani=true&JigyosyoCd=1391400874-00&ServiceCd=780&Type=search" }, "geometry": { "type": "Point", "coordinates": [ 139.6453487, 35.7248294 ] } },
{ "type": "Feature", "properties": { "内容": "松が丘高齢者在宅サービスセンター【地域密着型通所介護】東京都中野区松が丘1丁目32番10号", "url2": "https://www.kaigokensaku.mhlw.go.jp/13/index.php?action_kouhyou_detail_004_kani=true&JigyosyoCd=1371401645-00&ServiceCd=780&Type=search" }, "geometry": { "type": "Point", "coordinates": [ 139.6721159, 35.721189 ] } },
{ "type": "Feature", "properties": { "内容": "フィットネスデイ　Lispo　中野宮園橋店【地域密着型通所介護】東京都中野区中野３丁目９番６号アーク中野３丁目１階", "url2": "https://www.kaigokensaku.mhlw.go.jp/13/index.php?action_kouhyou_detail_004_kani=true&JigyosyoCd=1371403591-00&ServiceCd=780&Type=search" }, "geometry": { "type": "Point", "coordinates": [ 139.664796700000011, 35.7013047 ] } },
{ "type": "Feature", "properties": { "内容": "さくらデイハウス江古田【地域密着型通所介護】東京都中野区江古田２－１３－１９パラシオン高崎１F", "url2": "https://www.kaigokensaku.mhlw.go.jp/13/index.php?action_kouhyou_detail_004_kani=true&JigyosyoCd=1371403625-00&ServiceCd=780&Type=search" }, "geometry": { "type": "Point", "coordinates": [ 139.666820599999937, 35.7264994 ] } },
{ "type": "Feature", "properties": { "内容": "アクティブプラザ野方【地域密着型通所介護】東京都中野区野方６－１５－２太陽野方ビル１階", "url2": "https://www.kaigokensaku.mhlw.go.jp/13/index.php?action_kouhyou_detail_004_kani=true&JigyosyoCd=1371404151-00&ServiceCd=780&Type=search" }, "geometry": { "type": "Point", "coordinates": [ 139.653519946032731, 35.722412173066509 ] } },
{ "type": "Feature", "properties": { "内容": "デイサービスやすらぎ邸　野方【地域密着型通所介護】東京都中野区野方５－１９－２", "url2": "https://www.kaigokensaku.mhlw.go.jp/13/index.php?action_kouhyou_detail_004_kani=true&JigyosyoCd=1371404193-00&ServiceCd=780&Type=search" }, "geometry": { "type": "Point", "coordinates": [ 139.6518849, 35.718723 ] } },
{ "type": "Feature", "properties": { "内容": "フィットネスデイ　Lispo中野1丁目店【地域密着型通所介護】東京都中野区中野1丁目36番1号", "url2": "https://www.kaigokensaku.mhlw.go.jp/13/index.php?action_kouhyou_detail_004_kani=true&JigyosyoCd=1371404250-00&ServiceCd=780&Type=search" }, "geometry": { "type": "Point", "coordinates": [ 139.66361, 35.7197056 ] } },
{ "type": "Feature", "properties": { "内容": "いきいきらいふSPA中野新橋【地域密着型通所介護】東京都中野区弥生町３－３４－８当麻ビル１F", "url2": "https://www.kaigokensaku.mhlw.go.jp/13/index.php?action_kouhyou_detail_004_kani=true&JigyosyoCd=1371404326-00&ServiceCd=780&Type=search" }, "geometry": { "type": "Point", "coordinates": [ 139.673498522090085, 35.688946854416805 ] } },
{ "type": "Feature", "properties": { "内容": "ユースタイルケア若宮通所介護【地域密着型通所介護】東京都中野区若宮3-50-14ラプラス1F", "url2": "https://www.kaigokensaku.mhlw.go.jp/13/index.php?action_kouhyou_detail_004_kani=true&JigyosyoCd=1371404532-00&ServiceCd=780&Type=search" }, "geometry": { "type": "Point", "coordinates": [ 139.6422729, 35.719158200000017 ] } },
{ "type": "Feature", "properties": { "内容": "デイサービスしらさぎ桜苑【地域密着型通所介護】東京都中野区白鷺１丁目１４番しらさぎ桜苑", "url2": "https://www.kaigokensaku.mhlw.go.jp/13/index.php?action_kouhyou_detail_004_kani=true&JigyosyoCd=1371404557-00&ServiceCd=780&Type=search" }, "geometry": { "type": "Point", "coordinates": [ 139.639156868647774, 35.719929971216686 ] } },
{ "type": "Feature", "properties": { "内容": "あけぼのデイサービスまごころ館中野坂上【地域密着型通所介護】東京都中野区中央3-1-21", "url2": "https://www.kaigokensaku.mhlw.go.jp/13/index.php?action_kouhyou_detail_004_kani=true&JigyosyoCd=1371404607-00&ServiceCd=780&Type=search" }, "geometry": { "type": "Point", "coordinates": [ 139.675362800000016, 35.6986665 ] } },
{ "type": "Feature", "properties": { "内容": "リハビリデイセンター日々爽快【地域密着型通所介護】東京都中野区弥生町２丁目６番１０号豊田ビル１階", "url2": "https://www.kaigokensaku.mhlw.go.jp/13/index.php?action_kouhyou_detail_004_kani=true&JigyosyoCd=1371404672-00&ServiceCd=780&Type=search" }, "geometry": { "type": "Point", "coordinates": [ 139.676229700000022, 35.6921534 ] } },
{ "type": "Feature", "properties": { "内容": "シルバーエイジクラブ　松風【地域密着型通所介護】東京都中野区若宮1-21-17", "url2": "https://www.kaigokensaku.mhlw.go.jp/13/index.php?action_kouhyou_detail_004_kani=true&JigyosyoCd=1371404730-00&ServiceCd=780&Type=search" }, "geometry": { "type": "Point", "coordinates": [ 139.648141799999962, 35.7181528 ] } },
{ "type": "Feature", "properties": { "内容": "デイサービスゴールド【地域密着型通所介護】東京都中野区中央1－52－7倉島第2ビル205号", "url2": "https://www.kaigokensaku.mhlw.go.jp/13/index.php?action_kouhyou_detail_004_kani=true&JigyosyoCd=1371404748-00&ServiceCd=780&Type=search" }, "geometry": { "type": "Point", "coordinates": [ 139.683771779098493, 35.701131125176822 ] } },
{ "type": "Feature", "properties": { "内容": "デイサービスファミリア【地域密着型通所介護】東京都中野区野方6-29-6", "url2": "https://www.kaigokensaku.mhlw.go.jp/13/index.php?action_kouhyou_detail_004_kani=true&JigyosyoCd=1371404763-00&ServiceCd=780&Type=search" }, "geometry": { "type": "Point", "coordinates": [ 139.651935089549283, 35.721344200000011 ] } },
{ "type": "Feature", "properties": { "内容": "デイサービスラポール【地域密着型通所介護】東京都中野区中央５－３９－１１青柳ビル１F", "url2": "https://www.kaigokensaku.mhlw.go.jp/13/index.php?action_kouhyou_detail_004_kani=true&JigyosyoCd=1371404847-00&ServiceCd=780&Type=search" }, "geometry": { "type": "Point", "coordinates": [ 139.6669346, 35.700767399999989 ] } },
{ "type": "Feature", "properties": { "内容": "リハビリデイパライソ中央【地域密着型通所介護】東京都中野区中央3-50-9ワタナベセカンドビル1F", "url2": "https://www.kaigokensaku.mhlw.go.jp/13/index.php?action_kouhyou_detail_004_kani=true&JigyosyoCd=1371404854-00&ServiceCd=780&Type=search" }, "geometry": { "type": "Point", "coordinates": [ 139.673137799999949, 35.7021993 ] } },
{ "type": "Feature", "properties": { "内容": "ユースタイルケア中野中央通所介護【地域密着型通所介護】東京都中野区中野3-1-6N１ビル１F", "url2": "https://www.kaigokensaku.mhlw.go.jp/13/index.php?action_kouhyou_detail_004_kani=true&JigyosyoCd=1371405018-00&ServiceCd=780&Type=search" }, "geometry": { "type": "Point", "coordinates": [ 139.664006, 35.7005112 ] } },
{ "type": "Feature", "properties": { "内容": "レコードブック中野新橋【地域密着型通所介護】東京都中野区弥生町4-3-15サンハイツ赤坂1階", "url2": "https://www.kaigokensaku.mhlw.go.jp/13/index.php?action_kouhyou_detail_004_kani=true&JigyosyoCd=1391400379-00&ServiceCd=780&Type=search" }, "geometry": { "type": "Point", "coordinates": [ 139.672415, 35.6880061 ] } },
{ "type": "Feature", "properties": { "内容": "トリコロール中野鷺宮【地域密着型通所介護】東京都中野区鷺宮４丁目４３−１５タケヤビル１F", "url2": "https://www.kaigokensaku.mhlw.go.jp/13/index.php?action_kouhyou_detail_004_kani=true&JigyosyoCd=1391400528-00&ServiceCd=780&Type=search" }, "geometry": { "type": "Point", "coordinates": [ 139.6375381, 35.7260519 ] } },
{ "type": "Feature", "properties": { "内容": "ﾘﾊﾋﾞﾘﾃﾞｲｻｰﾋﾞｽnagomi野方店【地域密着型通所介護】東京都中野区野方2-56-10ｱｷﾓﾄATﾋﾞﾙ101号室", "url2": "https://www.kaigokensaku.mhlw.go.jp/13/index.php?action_kouhyou_detail_004_kani=true&JigyosyoCd=1391400593-00&ServiceCd=780&Type=search" }, "geometry": { "type": "Point", "coordinates": [ 139.654008, 35.7133326 ] } },
{ "type": "Feature", "properties": { "内容": "レコードブック新江古田【地域密着型通所介護】東京都中野区江原町1-12-2エスパスデパール１F", "url2": "https://www.kaigokensaku.mhlw.go.jp/13/index.php?action_kouhyou_detail_004_kani=true&JigyosyoCd=1391400601-00&ServiceCd=780&Type=search" }, "geometry": { "type": "Point", "coordinates": [ 139.6766831, 35.7297551 ] } },
{ "type": "Feature", "properties": { "内容": "サロン・ド・ゴールド【地域密着型通所介護】東京都中野区中央１－５２－７倉島第2ビル206号", "url2": "https://www.kaigokensaku.mhlw.go.jp/13/index.php?action_kouhyou_detail_004_kani=true&JigyosyoCd=1391400627-00&ServiceCd=780&Type=search" }, "geometry": { "type": "Point", "coordinates": [ 139.683752728172294, 35.701115305943794 ] } },
{ "type": "Feature", "properties": { "内容": "楓【地域密着型通所介護】東京都中野区鷺宮3-43-71階", "url2": "https://www.kaigokensaku.mhlw.go.jp/13/index.php?action_kouhyou_detail_004_kani=true&JigyosyoCd=1391400650-00&ServiceCd=780&Type=search" }, "geometry": { "type": "Point", "coordinates": [ 139.641682300000042, 35.725608700000016 ] } },
{ "type": "Feature", "properties": { "内容": "ステップぱーとなー江古田【地域密着型通所介護】東京都中野区江古田1-26-2", "url2": "https://www.kaigokensaku.mhlw.go.jp/13/index.php?action_kouhyou_detail_004_kani=true&JigyosyoCd=1391400684-00&ServiceCd=780&Type=search" }, "geometry": { "type": "Point", "coordinates": [ 139.67086, 35.726647799999974 ] } },
{ "type": "Feature", "properties": { "内容": "花日和デイ【地域密着型通所介護】東京都中野区若宮2-29-10サンハイツ１階", "url2": "https://www.kaigokensaku.mhlw.go.jp/13/index.php?action_kouhyou_detail_004_kani=true&JigyosyoCd=1391400700-00&ServiceCd=780&Type=search" }, "geometry": { "type": "Point", "coordinates": [ 139.64475520000002, 35.7180203 ] } },
{ "type": "Feature", "properties": { "内容": "リハビリデイパライソ紅葉山【地域密着型通所介護】東京都中野区中央3-50-7アステオンエムズ1F", "url2": "https://www.kaigokensaku.mhlw.go.jp/13/index.php?action_kouhyou_detail_004_kani=true&JigyosyoCd=1391400718-00&ServiceCd=780&Type=search" }, "geometry": { "type": "Point", "coordinates": [ 139.672773799999987, 35.7022673 ] } },
{ "type": "Feature", "properties": { "内容": "デイサービス　宙（そら）【地域密着型通所介護】東京都中野区南台３－２５－７ウインズビル２Ｆ", "url2": "https://www.kaigokensaku.mhlw.go.jp/13/index.php?action_kouhyou_detail_004_kani=true&JigyosyoCd=1371403203-00&ServiceCd=780&Type=search" }, "geometry": { "type": "Point", "coordinates": [ 139.665855800000031, 35.6855872 ] } },
{ "type": "Feature", "properties": { "内容": "アクティブプラザ中野新橋【地域密着型通所介護】東京都中野区本町5-17-13石川ビル1F", "url2": "https://www.kaigokensaku.mhlw.go.jp/13/index.php?action_kouhyou_detail_004_kani=true&JigyosyoCd=1371403864-00&ServiceCd=780&Type=search" }, "geometry": { "type": "Point", "coordinates": [ 139.673565899999971, 35.6939948 ] } },
{ "type": "Feature", "properties": { "内容": "さくらサポート上鷺宮【地域密着型通所介護】東京都中野区上鷺宮２－４－１５", "url2": "https://www.kaigokensaku.mhlw.go.jp/13/index.php?action_kouhyou_detail_004_kani=true&JigyosyoCd=1371404052-00&ServiceCd=780&Type=search" }, "geometry": { "type": "Point", "coordinates": [ 139.634120270534936, 35.727999680367994 ] } },
{ "type": "Feature", "properties": { "内容": "リハビリデイパライソ大和【地域密着型通所介護】東京都中野区大和町3-20-2グランメール１F", "url2": "https://www.kaigokensaku.mhlw.go.jp/13/index.php?action_kouhyou_detail_004_kani=true&JigyosyoCd=1371404128-00&ServiceCd=780&Type=search" }, "geometry": { "type": "Point", "coordinates": [ 139.64778380000007, 35.7104313 ] } },
{ "type": "Feature", "properties": { "内容": "デイサービスファミリア中野【地域密着型通所介護】東京都中野区新井4-11-12ブランシェ三好101", "url2": "https://www.kaigokensaku.mhlw.go.jp/13/index.php?action_kouhyou_detail_004_kani=true&JigyosyoCd=1391400460-00&ServiceCd=780&Type=search" }, "geometry": { "type": "Point", "coordinates": [ 139.6664793, 35.7164699 ] } },
{ "type": "Feature", "properties": { "内容": "茶話本舗デイサービス沼袋【地域密着型通所介護】東京都中野区沼袋4-18-8", "url2": "https://www.kaigokensaku.mhlw.go.jp/13/index.php?action_kouhyou_detail_004_kani=true&JigyosyoCd=1391400502-00&ServiceCd=780&Type=search" }, "geometry": { "type": "Point", "coordinates": [ 139.657913099999973, 35.7218748 ] } },
{ "type": "Feature", "properties": { "内容": "リハビリデイサービスnagomi弥生町店【地域密着型通所介護】東京都中野区弥生町1-7-7くつわだビル　1階", "url2": "https://www.kaigokensaku.mhlw.go.jp/13/index.php?action_kouhyou_detail_004_kani=true&JigyosyoCd=1391400767-00&ServiceCd=780&Type=search" }, "geometry": { "type": "Point", "coordinates": [ 139.6803371, 35.6917511 ] } },
{ "type": "Feature", "properties": { "内容": "リハビリデイサービスnagomi笹塚店【地域密着型通所介護】東京都中野区南台4-52-1サンクレスト細野1階", "url2": "https://www.kaigokensaku.mhlw.go.jp/13/index.php?action_kouhyou_detail_004_kani=true&JigyosyoCd=1391400775-00&ServiceCd=780&Type=search" }, "geometry": { "type": "Point", "coordinates": [ 139.6656982, 35.6787972 ] } },
{ "type": "Feature", "properties": { "内容": "やすらぎ邸　江古田【地域密着型通所介護】東京都中野区江古田１－２０－１", "url2": "https://www.kaigokensaku.mhlw.go.jp/13/index.php?action_kouhyou_detail_004_kani=true&JigyosyoCd=1391400783-00&ServiceCd=780&Type=search" }, "geometry": { "type": "Point", "coordinates": [ 139.6753469, 35.7263734 ] } },
{ "type": "Feature", "properties": { "内容": "リハビリデイパライソ沼袋【地域密着型通所介護】東京都中野区沼袋3-8-8森本ビル1階", "url2": "https://www.kaigokensaku.mhlw.go.jp/13/index.php?action_kouhyou_detail_004_kani=true&JigyosyoCd=1391400791-00&ServiceCd=780&Type=search" }, "geometry": { "type": "Point", "coordinates": [ 139.660614299999963, 35.7187989 ] } },
{ "type": "Feature", "properties": { "内容": "ふくろうスポーツ館【地域密着型通所介護】東京都中野区沼袋2丁目30番6号kビル　1階", "url2": "https://www.kaigokensaku.mhlw.go.jp/13/index.php?action_kouhyou_detail_004_kani=true&JigyosyoCd=1371404797-00&ServiceCd=780&Type=search" }, "geometry": { "type": "Point", "coordinates": [ 139.66292640000006, 35.7219862 ] } },
{ "type": "Feature", "properties": { "内容": "湯上り処ぱらいそ【地域密着型通所介護】東京都中野区中央3‐27‐15富田ビル１F", "url2": "https://www.kaigokensaku.mhlw.go.jp/13/index.php?action_kouhyou_detail_004_kani=true&JigyosyoCd=1391400882-00&ServiceCd=780&Type=search" }, "geometry": { "type": "Point", "coordinates": [ 139.672907099999946, 35.6995556 ] } },
{ "type": "Feature", "properties": { "内容": "中野ビジョン【地域密着型通所介護】東京都中野区中野２－４－１１ファンクレスト紅葉山1階", "url2": "https://www.kaigokensaku.mhlw.go.jp/13/index.php?action_kouhyou_detail_004_kani=true&JigyosyoCd=1391400429-00&ServiceCd=780&Type=search" }, "geometry": { "type": "Point", "coordinates": [ 139.670672311639464, 35.7033319025712 ] } },
{ "type": "Feature", "properties": { "内容": "サンサンフォレストケア【地域密着型通所介護】東京都中野区鷺宮1-4-17サンサンフォレスト1階", "url2": "https://www.kaigokensaku.mhlw.go.jp/13/index.php?action_kouhyou_detail_004_kani=true&JigyosyoCd=1391400726-00&ServiceCd=780&Type=search" }, "geometry": { "type": "Point", "coordinates": [ 139.64865660000001, 35.7223297 ] } },
{ "type": "Feature", "properties": { "内容": "サンサンフォレストアクティブ【地域密着型通所介護】東京都中野区鷺宮1-4-17サンサンフォレスト2階", "url2": "https://www.kaigokensaku.mhlw.go.jp/13/index.php?action_kouhyou_detail_004_kani=true&JigyosyoCd=1391400734-00&ServiceCd=780&Type=search" }, "geometry": { "type": "Point", "coordinates": [ 139.64865660000001, 35.7223297 ] } },
{ "type": "Feature", "properties": { "内容": "ケアポート上高井戸【地域密着型通所介護】東京都杉並区上高井戸2-2-30", "url2": "https://www.kaigokensaku.mhlw.go.jp/13/index.php?action_kouhyou_detail_004_kani=true&JigyosyoCd=1371508621-00&ServiceCd=780&Type=search" }, "geometry": { "type": "Point", "coordinates": [ 139.612718300000012, 35.6774425 ] } },
{ "type": "Feature", "properties": { "内容": "リハビリデイサービス　あしたば井草【地域密着型通所介護】東京都杉並区上井草1丁目２９－１１", "url2": "https://www.kaigokensaku.mhlw.go.jp/13/index.php?action_kouhyou_detail_004_kani=true&JigyosyoCd=1391501192-00&ServiceCd=780&Type=search" }, "geometry": { "type": "Point", "coordinates": [ 139.611504, 35.724524100000018 ] } },
{ "type": "Feature", "properties": { "内容": "明楽三喜ホーム【地域密着型通所介護】東京都杉並区久我山３－３７－６", "url2": "https://www.kaigokensaku.mhlw.go.jp/13/index.php?action_kouhyou_detail_004_kani=true&JigyosyoCd=1391501275-00&ServiceCd=780&Type=search" }, "geometry": { "type": "Point", "coordinates": [ 139.5975683, 35.6885773 ] } },
{ "type": "Feature", "properties": { "内容": "Tenon　宮前【地域密着型通所介護】東京都杉並区宮前5-8-14三河屋鈴木ビル１階", "url2": "https://www.kaigokensaku.mhlw.go.jp/13/index.php?action_kouhyou_detail_004_kani=true&JigyosyoCd=1391500756-00&ServiceCd=780&Type=search" }, "geometry": { "type": "Point", "coordinates": [ 139.597544699999958, 35.6954279 ] } },
{ "type": "Feature", "properties": { "内容": "リハビリフィットネス　ゆずりは　上井草【地域密着型通所介護】東京都杉並区今川3-30-13ヴィラハルカ1階", "url2": "https://www.kaigokensaku.mhlw.go.jp/13/index.php?action_kouhyou_detail_004_kani=true&JigyosyoCd=1391501523-00&ServiceCd=780&Type=search" }, "geometry": { "type": "Point", "coordinates": [ 139.6058932, 35.7188354 ] } },
{ "type": "Feature", "properties": { "内容": "レコードブック八幡山【地域密着型通所介護】東京都杉並区上高井戸1-4-25RAYHAUS八幡山1階", "url2": "https://www.kaigokensaku.mhlw.go.jp/13/index.php?action_kouhyou_detail_004_kani=true&JigyosyoCd=1391501531-00&ServiceCd=780&Type=search" }, "geometry": { "type": "Point", "coordinates": [ 139.6142318, 35.6707089 ] } },
{ "type": "Feature", "properties": { "内容": "笑い声東高円寺Ⅱ【地域密着型通所介護】東京都杉並区和田1-42-7", "url2": "https://www.kaigokensaku.mhlw.go.jp/13/index.php?action_kouhyou_detail_004_kani=true&JigyosyoCd=1391501382-00&ServiceCd=780&Type=search" }, "geometry": { "type": "Point", "coordinates": [ 139.658995600000054, 35.6925854 ] } },
{ "type": "Feature", "properties": { "内容": "ロハスの風【地域密着型通所介護】東京都杉並区下井草１−１３−１３", "url2": "https://www.kaigokensaku.mhlw.go.jp/13/index.php?action_kouhyou_detail_004_kani=true&JigyosyoCd=1391501556-00&ServiceCd=780&Type=search" }, "geometry": { "type": "Point", "coordinates": [ 139.635466, 35.7156557 ] } },
{ "type": "Feature", "properties": { "内容": "アースサポート高円寺【地域密着型通所介護】東京都杉並区高円寺北2丁目14番26号", "url2": "https://www.kaigokensaku.mhlw.go.jp/13/index.php?action_kouhyou_detail_004_kani=true&JigyosyoCd=1391500871-00&ServiceCd=780&Type=search" }, "geometry": { "type": "Point", "coordinates": [ 139.654166600000053, 35.7065678 ] } },
{ "type": "Feature", "properties": { "内容": "デイサービス　魔法のつえ【地域密着型通所介護】東京都杉並区成田西3-3-25", "url2": "https://www.kaigokensaku.mhlw.go.jp/13/index.php?action_kouhyou_detail_004_kani=true&JigyosyoCd=1371505577-00&ServiceCd=780&Type=search" }, "geometry": { "type": "Point", "coordinates": [ 139.632274700000039, 35.692047 ] } },
{ "type": "Feature", "properties": { "内容": "ファミリーケア心の家高円寺【地域密着型通所介護】東京都杉並区高円寺北１－８－９", "url2": "https://www.kaigokensaku.mhlw.go.jp/13/index.php?action_kouhyou_detail_004_kani=true&JigyosyoCd=1371508258-00&ServiceCd=780&Type=search" }, "geometry": { "type": "Point", "coordinates": [ 139.656530400000065, 35.7064262 ] } },
{ "type": "Feature", "properties": { "内容": "スマイルデイサービス【地域密着型通所介護】東京都杉並区上荻3-5-4", "url2": "https://www.kaigokensaku.mhlw.go.jp/13/index.php?action_kouhyou_detail_004_kani=true&JigyosyoCd=1371503507-00&ServiceCd=780&Type=search" }, "geometry": { "type": "Point", "coordinates": [ 139.607550933065767, 35.706794655984375 ] } },
{ "type": "Feature", "properties": { "内容": "デイサービス太陽スポーツ館【地域密着型通所介護】東京都杉並区桃井2－1－6シャトレ・オギ　1A", "url2": "https://www.kaigokensaku.mhlw.go.jp/13/index.php?action_kouhyou_detail_004_kani=true&JigyosyoCd=1371504919-00&ServiceCd=780&Type=search" }, "geometry": { "type": "Point", "coordinates": [ 139.610631499999954, 35.7106224 ] } },
{ "type": "Feature", "properties": { "内容": "デイサービス太陽スポーツ館成田東【地域密着型通所介護】東京都杉並区成田東３－１３－６", "url2": "https://www.kaigokensaku.mhlw.go.jp/13/index.php?action_kouhyou_detail_004_kani=true&JigyosyoCd=1371505585-00&ServiceCd=780&Type=search" }, "geometry": { "type": "Point", "coordinates": [ 139.636310500000036, 35.6922359 ] } },
{ "type": "Feature", "properties": { "内容": "デイサービス太陽スポーツ館西荻南【地域密着型通所介護】東京都杉並区西荻南２－１８－８ゴンドラビル１階店舗", "url2": "https://www.kaigokensaku.mhlw.go.jp/13/index.php?action_kouhyou_detail_004_kani=true&JigyosyoCd=1371505882-00&ServiceCd=780&Type=search" }, "geometry": { "type": "Point", "coordinates": [ 139.599299500000029, 35.7006316 ] } },
{ "type": "Feature", "properties": { "内容": "スリーベルデイ阿佐ヶ谷【地域密着型通所介護】東京都杉並区阿佐ヶ谷北5-12-24", "url2": "https://www.kaigokensaku.mhlw.go.jp/13/index.php?action_kouhyou_detail_004_kani=true&JigyosyoCd=1371506054-00&ServiceCd=780&Type=search" }, "geometry": { "type": "Point", "coordinates": [ 139.642820300000039, 35.7101035 ] } },
{ "type": "Feature", "properties": { "内容": "デイサービス太陽スポーツ館高円寺【地域密着型通所介護】東京都杉並区高円寺南２－１４－１０プリュブルー", "url2": "https://www.kaigokensaku.mhlw.go.jp/13/index.php?action_kouhyou_detail_004_kani=true&JigyosyoCd=1371506138-00&ServiceCd=780&Type=search" }, "geometry": { "type": "Point", "coordinates": [ 139.649523091093442, 35.698881772737046 ] } },
{ "type": "Feature", "properties": { "内容": "愛燦燦西永福【地域密着型通所介護】東京都杉並区下高井戸３－３２－３２", "url2": "https://www.kaigokensaku.mhlw.go.jp/13/index.php?action_kouhyou_detail_004_kani=true&JigyosyoCd=1371506229-00&ServiceCd=780&Type=search" }, "geometry": { "type": "Point", "coordinates": [ 139.632358699999941, 35.6754681 ] } },
{ "type": "Feature", "properties": { "内容": "デイサービスはる風【地域密着型通所介護】東京都杉並区桃井2-9-9", "url2": "https://www.kaigokensaku.mhlw.go.jp/13/index.php?action_kouhyou_detail_004_kani=true&JigyosyoCd=1371506369-00&ServiceCd=780&Type=search" }, "geometry": { "type": "Point", "coordinates": [ 139.610870895965974, 35.711299285570419 ] } },
{ "type": "Feature", "properties": { "内容": "リハビリデイスクエアAyumi～歩み【地域密着型通所介護】東京都杉並区上高井戸1-31-5Y・Hドミール101", "url2": "https://www.kaigokensaku.mhlw.go.jp/13/index.php?action_kouhyou_detail_004_kani=true&JigyosyoCd=1371507722-00&ServiceCd=780&Type=search" }, "geometry": { "type": "Point", "coordinates": [ 139.610990023942577, 35.674621086404777 ] } },
{ "type": "Feature", "properties": { "内容": "デイサービス太陽スポーツ館永福【地域密着型通所介護】東京都杉並区大宮１－３－１２ギャレリア杉並　２Ｆ", "url2": "https://www.kaigokensaku.mhlw.go.jp/13/index.php?action_kouhyou_detail_004_kani=true&JigyosyoCd=1371507730-00&ServiceCd=780&Type=search" }, "geometry": { "type": "Point", "coordinates": [ 139.644124199999965, 35.6822371 ] } },
{ "type": "Feature", "properties": { "内容": "リハビリデイルームやわら西荻【地域密着型通所介護】東京都杉並区西荻北４－２０－１和幸ビル１F", "url2": "https://www.kaigokensaku.mhlw.go.jp/13/index.php?action_kouhyou_detail_004_kani=true&JigyosyoCd=1371507797-00&ServiceCd=780&Type=search" }, "geometry": { "type": "Point", "coordinates": [ 139.5944025, 35.7077417 ] } },
{ "type": "Feature", "properties": { "内容": "デイサービス太陽　下井草の湯【地域密着型通所介護】東京都杉並区下井草1-6-1", "url2": "https://www.kaigokensaku.mhlw.go.jp/13/index.php?action_kouhyou_detail_004_kani=true&JigyosyoCd=1371507904-00&ServiceCd=780&Type=search" }, "geometry": { "type": "Point", "coordinates": [ 139.6330127, 35.7147557 ] } },
{ "type": "Feature", "properties": { "内容": "リゾートデイサービスプルメリア【地域密着型通所介護】東京都杉並区西荻南２丁目１８番１７号キャッスル西荻１０２", "url2": "https://www.kaigokensaku.mhlw.go.jp/13/index.php?action_kouhyou_detail_004_kani=true&JigyosyoCd=1371507938-00&ServiceCd=780&Type=search" }, "geometry": { "type": "Point", "coordinates": [ 139.599410600000027, 35.700401 ] } },
{ "type": "Feature", "properties": { "内容": "ハーモニーデイサービス　西荻窪【地域密着型通所介護】東京都杉並区西荻北4-26-13", "url2": "https://www.kaigokensaku.mhlw.go.jp/13/index.php?action_kouhyou_detail_004_kani=true&JigyosyoCd=1371507946-00&ServiceCd=780&Type=search" }, "geometry": { "type": "Point", "coordinates": [ 139.592336, 35.7083999 ] } },
{ "type": "Feature", "properties": { "内容": "グリーンデイ下井草【地域密着型通所介護】東京都杉並区下井草3-39-21ヴィラジャルディーノ１F", "url2": "https://www.kaigokensaku.mhlw.go.jp/13/index.php?action_kouhyou_detail_004_kani=true&JigyosyoCd=1371508043-00&ServiceCd=780&Type=search" }, "geometry": { "type": "Point", "coordinates": [ 139.623316100000011, 35.7237296 ] } },
{ "type": "Feature", "properties": { "内容": "デイサービス太陽梅里の湯【地域密着型通所介護】東京都杉並区梅里２－２４－１１", "url2": "https://www.kaigokensaku.mhlw.go.jp/13/index.php?action_kouhyou_detail_004_kani=true&JigyosyoCd=1371508084-00&ServiceCd=780&Type=search" }, "geometry": { "type": "Point", "coordinates": [ 139.643019200000026, 35.6975591 ] } },
{ "type": "Feature", "properties": { "内容": "やすらぎ邸下高井戸【地域密着型通所介護】東京都杉並区永福１－２７－３１", "url2": "https://www.kaigokensaku.mhlw.go.jp/13/index.php?action_kouhyou_detail_004_kani=true&JigyosyoCd=1371508092-00&ServiceCd=780&Type=search" }, "geometry": { "type": "Point", "coordinates": [ 139.644642230335677, 35.672406176113363 ] } },
{ "type": "Feature", "properties": { "内容": "ジョイフルデイサービス高円寺南【地域密着型通所介護】東京都杉並区阿佐谷南１丁目２３番２０号", "url2": "https://www.kaigokensaku.mhlw.go.jp/13/index.php?action_kouhyou_detail_004_kani=true&JigyosyoCd=1371508282-00&ServiceCd=780&Type=search" }, "geometry": { "type": "Point", "coordinates": [ 139.643462729207585, 35.700133255808488 ] } },
{ "type": "Feature", "properties": { "内容": "健康ぷらす　高円寺【地域密着型通所介護】東京都杉並区高円寺南3-50-15サンライズ高円寺1F", "url2": "https://www.kaigokensaku.mhlw.go.jp/13/index.php?action_kouhyou_detail_004_kani=true&JigyosyoCd=1371508308-00&ServiceCd=780&Type=search" }, "geometry": { "type": "Point", "coordinates": [ 139.645961899999946, 35.7039791 ] } },
{ "type": "Feature", "properties": { "内容": "サロントト久我山店【地域密着型通所介護】東京都杉並区宮前4-32-15JUN久我山コート101号", "url2": "https://www.kaigokensaku.mhlw.go.jp/13/index.php?action_kouhyou_detail_004_kani=true&JigyosyoCd=1371508415-00&ServiceCd=780&Type=search" }, "geometry": { "type": "Point", "coordinates": [ 139.6043631, 35.6945434 ] } },
{ "type": "Feature", "properties": { "内容": "デイサービス太陽高井戸の湯【地域密着型通所介護】東京都杉並区高井戸東4-9-1高井戸東コーポ1F", "url2": "https://www.kaigokensaku.mhlw.go.jp/13/index.php?action_kouhyou_detail_004_kani=true&JigyosyoCd=1371508423-00&ServiceCd=780&Type=search" }, "geometry": { "type": "Point", "coordinates": [ 139.616945500000043, 35.688722 ] } },
{ "type": "Feature", "properties": { "内容": "RehaLabo和田【地域密着型通所介護】東京都杉並区和田１－５５－１０若松ビル１階", "url2": "https://www.kaigokensaku.mhlw.go.jp/13/index.php?action_kouhyou_detail_004_kani=true&JigyosyoCd=1371508480-00&ServiceCd=780&Type=search" }, "geometry": { "type": "Point", "coordinates": [ 139.6658721, 35.6932974 ] } },
{ "type": "Feature", "properties": { "内容": "運動とマッサージのリハビリデイサービスえがお天沼店【地域密着型通所介護】東京都杉並区天沼1-46-10森岡ビル１階", "url2": "https://www.kaigokensaku.mhlw.go.jp/13/index.php?action_kouhyou_detail_004_kani=true&JigyosyoCd=1371508589-00&ServiceCd=780&Type=search" }, "geometry": { "type": "Point", "coordinates": [ 139.629088200000069, 35.7117005 ] } },
{ "type": "Feature", "properties": { "内容": "デイサービス太陽　和泉の湯【地域密着型通所介護】東京都杉並区和泉１－３２－１０フラット和泉Ⅰ１０１", "url2": "https://www.kaigokensaku.mhlw.go.jp/13/index.php?action_kouhyou_detail_004_kani=true&JigyosyoCd=1371508670-00&ServiceCd=780&Type=search" }, "geometry": { "type": "Point", "coordinates": [ 139.657823900000039, 35.6760441 ] } },
{ "type": "Feature", "properties": { "内容": "リハビリデイ　オリーブ【地域密着型通所介護】東京都杉並区井草3-22-8第一石原ビル２階", "url2": "https://www.kaigokensaku.mhlw.go.jp/13/index.php?action_kouhyou_detail_004_kani=true&JigyosyoCd=1371508696-00&ServiceCd=780&Type=search" }, "geometry": { "type": "Point", "coordinates": [ 139.614805599999954, 35.7284288 ] } },
{ "type": "Feature", "properties": { "内容": "新高円寺ビレッジ【地域密着型通所介護】東京都杉並区成田東1-40-11", "url2": "https://www.kaigokensaku.mhlw.go.jp/13/index.php?action_kouhyou_detail_004_kani=true&JigyosyoCd=1371508969-00&ServiceCd=780&Type=search" }, "geometry": { "type": "Point", "coordinates": [ 139.640387899999951, 35.6921304 ] } },
{ "type": "Feature", "properties": { "内容": "リハビリフィットネス　ゆずりは　永福町【地域密着型通所介護】東京都杉並区永福4-22-6エントピア永福1Ｆ", "url2": "https://www.kaigokensaku.mhlw.go.jp/13/index.php?action_kouhyou_detail_004_kani=true&JigyosyoCd=1391500665-00&ServiceCd=780&Type=search" }, "geometry": { "type": "Point", "coordinates": [ 139.639794100000017, 35.6808038 ] } },
{ "type": "Feature", "properties": { "内容": "リハビリフィットネス　ゆずりは高井戸【地域密着型通所介護】東京都杉並区宮前1-3-6パインハイム1F", "url2": "https://www.kaigokensaku.mhlw.go.jp/13/index.php?action_kouhyou_detail_004_kani=true&JigyosyoCd=1391500673-00&ServiceCd=780&Type=search" }, "geometry": { "type": "Point", "coordinates": [ 139.6116154, 35.6903023 ] } },
{ "type": "Feature", "properties": { "内容": "ブリッジライフ荻窪【地域密着型通所介護】東京都杉並区桃井三丁目3番6号ポリスサイド荻窪1階", "url2": "https://www.kaigokensaku.mhlw.go.jp/13/index.php?action_kouhyou_detail_004_kani=true&JigyosyoCd=1391500715-00&ServiceCd=780&Type=search" }, "geometry": { "type": "Point", "coordinates": [ 139.607033849702844, 35.712237048871806 ] } },
{ "type": "Feature", "properties": { "内容": "リハラボ高円寺【地域密着型通所介護】東京都杉並区高円寺北3-17-3メゾンシャトレ103", "url2": "https://www.kaigokensaku.mhlw.go.jp/13/index.php?action_kouhyou_detail_004_kani=true&JigyosyoCd=1391500764-00&ServiceCd=780&Type=search" }, "geometry": { "type": "Point", "coordinates": [ 139.647564500000044, 35.7063261 ] } },
{ "type": "Feature", "properties": { "内容": "リハラボ松ノ木【地域密着型通所介護】東京都杉並区松ノ木3-23-13西梶マンション1F", "url2": "https://www.kaigokensaku.mhlw.go.jp/13/index.php?action_kouhyou_detail_004_kani=true&JigyosyoCd=1391500772-00&ServiceCd=780&Type=search" }, "geometry": { "type": "Point", "coordinates": [ 139.6432764, 35.6949109 ] } },
{ "type": "Feature", "properties": { "内容": "GENKI　NEXT杉並上井草【地域密着型通所介護】東京都杉並区上井草1-2-4HSK皆川ビル1階", "url2": "https://www.kaigokensaku.mhlw.go.jp/13/index.php?action_kouhyou_detail_004_kani=true&JigyosyoCd=1391500814-00&ServiceCd=780&Type=search" }, "geometry": { "type": "Point", "coordinates": [ 139.61271720000002, 35.7192326 ] } },
{ "type": "Feature", "properties": { "内容": "リハラボ高井戸【地域密着型通所介護】東京都杉並区高井戸西1-18-10", "url2": "https://www.kaigokensaku.mhlw.go.jp/13/index.php?action_kouhyou_detail_004_kani=true&JigyosyoCd=1391500822-00&ServiceCd=780&Type=search" }, "geometry": { "type": "Point", "coordinates": [ 139.6068077, 35.6825751 ] } },
{ "type": "Feature", "properties": { "内容": "一生歩こうジム＆マッサージえがお桃井店【地域密着型通所介護】東京都杉並区桃井1丁目39番1号キャロット杉並ビル５階", "url2": "https://www.kaigokensaku.mhlw.go.jp/13/index.php?action_kouhyou_detail_004_kani=true&JigyosyoCd=1391501135-00&ServiceCd=780&Type=search" }, "geometry": { "type": "Point", "coordinates": [ 139.6143314, 35.7136731 ] } },
{ "type": "Feature", "properties": { "内容": "デイサービスハートランド・エミシア久我山【地域密着型通所介護】東京都杉並区久我山4-14-20", "url2": "https://www.kaigokensaku.mhlw.go.jp/13/index.php?action_kouhyou_detail_004_kani=true&JigyosyoCd=1391501184-00&ServiceCd=780&Type=search" }, "geometry": { "type": "Point", "coordinates": [ 139.5956732, 35.6901611 ] } },
{ "type": "Feature", "properties": { "内容": "リハビリデイサービスnagomi荻窪店【地域密着型通所介護】東京都杉並区荻窪3-13-8メゾン田巻　1階", "url2": "https://www.kaigokensaku.mhlw.go.jp/13/index.php?action_kouhyou_detail_004_kani=true&JigyosyoCd=1391501200-00&ServiceCd=780&Type=search" }, "geometry": { "type": "Point", "coordinates": [ 139.623645541226097, 35.697280464277959 ] } },
{ "type": "Feature", "properties": { "内容": "特定非営利活動法人ともしび会高齢者在宅サービスセンター大宮ふれあいの家【地域密着型通所介護】東京都杉並区堀ノ内1-16-38", "url2": "https://www.kaigokensaku.mhlw.go.jp/13/index.php?action_kouhyou_detail_004_kani=true&JigyosyoCd=1391501226-00&ServiceCd=780&Type=search" }, "geometry": { "type": "Point", "coordinates": [ 139.647684599861151, 35.687011293904021 ] } },
{ "type": "Feature", "properties": { "内容": "リビングホームたんぽぽ【地域密着型通所介護】東京都杉並区高円寺北2-24-16滝澤ビル1F", "url2": "https://www.kaigokensaku.mhlw.go.jp/13/index.php?action_kouhyou_detail_004_kani=true&JigyosyoCd=1391501234-00&ServiceCd=780&Type=search" }, "geometry": { "type": "Point", "coordinates": [ 139.6514896, 35.7073381 ] } },
{ "type": "Feature", "properties": { "内容": "楽々ウォークたんぽぽ【地域密着型通所介護】東京都杉並区和泉3丁目32番4号Nコート1F", "url2": "https://www.kaigokensaku.mhlw.go.jp/13/index.php?action_kouhyou_detail_004_kani=true&JigyosyoCd=1391501242-00&ServiceCd=780&Type=search" }, "geometry": { "type": "Point", "coordinates": [ 139.6453138, 35.67836530000001 ] } },
{ "type": "Feature", "properties": { "内容": "高齢者在宅サービスセンター　西荻ふれあいの家【地域密着型通所介護】東京都杉並区西荻北2-12-2西嶌ビル1F", "url2": "https://www.kaigokensaku.mhlw.go.jp/13/index.php?action_kouhyou_detail_004_kani=true&JigyosyoCd=1391501283-00&ServiceCd=780&Type=search" }, "geometry": { "type": "Point", "coordinates": [ 139.601287899999988, 35.706104 ] } },
{ "type": "Feature", "properties": { "内容": "レコードブック西荻窪【地域密着型通所介護】東京都杉並区西荻南2-2-3レインボーコート1階A号室", "url2": "https://www.kaigokensaku.mhlw.go.jp/13/index.php?action_kouhyou_detail_004_kani=true&JigyosyoCd=1391501291-00&ServiceCd=780&Type=search" }, "geometry": { "type": "Point", "coordinates": [ 139.5996145, 35.697441 ] } },
{ "type": "Feature", "properties": { "内容": "スポーツデイリコルス【地域密着型通所介護】東京都杉並区浜田山3-37-15TSUTAYA浜田山2階", "url2": "https://www.kaigokensaku.mhlw.go.jp/13/index.php?action_kouhyou_detail_004_kani=true&JigyosyoCd=1391501325-00&ServiceCd=780&Type=search" }, "geometry": { "type": "Point", "coordinates": [ 139.6252892, 35.6851868 ] } },
{ "type": "Feature", "properties": { "内容": "運動とマッサージのリハビリデイサービスえがお上井草店【地域密着型通所介護】東京都杉並区上井草2-44-7小出ビル1階", "url2": "https://www.kaigokensaku.mhlw.go.jp/13/index.php?action_kouhyou_detail_004_kani=true&JigyosyoCd=1391501374-00&ServiceCd=780&Type=search" }, "geometry": { "type": "Point", "coordinates": [ 139.605405052114833, 35.725004990022583 ] } },
{ "type": "Feature", "properties": { "内容": "だんらんの家　成田東【地域密着型通所介護】東京都杉並区成田東5-4-26", "url2": "https://www.kaigokensaku.mhlw.go.jp/13/index.php?action_kouhyou_detail_004_kani=true&JigyosyoCd=1391501408-00&ServiceCd=780&Type=search" }, "geometry": { "type": "Point", "coordinates": [ 139.6288519, 35.6979129 ] } },
{ "type": "Feature", "properties": { "内容": "コンパスウォークてんとうむし【地域密着型通所介護】東京都杉並区和田3丁目41-14", "url2": "https://www.kaigokensaku.mhlw.go.jp/13/index.php?action_kouhyou_detail_004_kani=true&JigyosyoCd=1391501416-00&ServiceCd=780&Type=search" }, "geometry": { "type": "Point", "coordinates": [ 139.6583023, 35.696087499999983 ] } },
{ "type": "Feature", "properties": { "内容": "リハビリデイサービス柿ノ木【地域密着型通所介護】東京都杉並区南荻窪3-30-15パークサイドテラス1階", "url2": "https://www.kaigokensaku.mhlw.go.jp/13/index.php?action_kouhyou_detail_004_kani=true&JigyosyoCd=1391501432-00&ServiceCd=780&Type=search" }, "geometry": { "type": "Point", "coordinates": [ 139.610890888360586, 35.703532849307528 ] } },
{ "type": "Feature", "properties": { "内容": "エーデルワイス　デイサービスセンター桃華【地域密着型通所介護】東京都杉並区桃井2-11-5", "url2": "https://www.kaigokensaku.mhlw.go.jp/13/index.php?action_kouhyou_detail_004_kani=true&JigyosyoCd=1371505205-00&ServiceCd=780&Type=search" }, "geometry": { "type": "Point", "coordinates": [ 139.610667599999942, 35.7123167 ] } },
{ "type": "Feature", "properties": { "内容": "デイサービスあすなろ【地域密着型通所介護】東京都杉並区久我山2-1-22", "url2": "https://www.kaigokensaku.mhlw.go.jp/13/index.php?action_kouhyou_detail_004_kani=true&JigyosyoCd=1371505239-00&ServiceCd=780&Type=search" }, "geometry": { "type": "Point", "coordinates": [ 139.60627450000004, 35.6818279 ] } },
{ "type": "Feature", "properties": { "内容": "からだメンテナンスサロン【地域密着型通所介護】東京都杉並区桃井１－３－４高橋ビル１F", "url2": "https://www.kaigokensaku.mhlw.go.jp/13/index.php?action_kouhyou_detail_004_kani=true&JigyosyoCd=1371506906-00&ServiceCd=780&Type=search" }, "geometry": { "type": "Point", "coordinates": [ 139.612814699999944, 35.7095587 ] } },
{ "type": "Feature", "properties": { "内容": "デイサービスほっとらいふ　ふじみ橋【地域密着型通所介護】東京都杉並区和田１－１８－３丸忠ビル１Ｆ", "url2": "https://www.kaigokensaku.mhlw.go.jp/13/index.php?action_kouhyou_detail_004_kani=true&JigyosyoCd=1371507011-00&ServiceCd=780&Type=search" }, "geometry": { "type": "Point", "coordinates": [ 139.66651429999996, 35.6909359 ] } },
{ "type": "Feature", "properties": { "内容": "スリーベルデイ桃井３丁目【地域密着型通所介護】東京都杉並区桃井３－３－１", "url2": "https://www.kaigokensaku.mhlw.go.jp/13/index.php?action_kouhyou_detail_004_kani=true&JigyosyoCd=1371507029-00&ServiceCd=780&Type=search" }, "geometry": { "type": "Point", "coordinates": [ 139.607790099999988, 35.711975 ] } },
{ "type": "Feature", "properties": { "内容": "デイサービス太陽松庵の湯【地域密着型通所介護】東京都杉並区松庵3-1-3ボンズ・ビレッジ1F", "url2": "https://www.kaigokensaku.mhlw.go.jp/13/index.php?action_kouhyou_detail_004_kani=true&JigyosyoCd=1371507094-00&ServiceCd=780&Type=search" }, "geometry": { "type": "Point", "coordinates": [ 139.597716399999968, 35.698709500000014 ] } },
{ "type": "Feature", "properties": { "内容": "笑い声東高円寺【地域密着型通所介護】東京都杉並区和田1-42-7", "url2": "https://www.kaigokensaku.mhlw.go.jp/13/index.php?action_kouhyou_detail_004_kani=true&JigyosyoCd=1371507508-00&ServiceCd=780&Type=search" }, "geometry": { "type": "Point", "coordinates": [ 139.658989199999951, 35.692561199999986 ] } },
{ "type": "Feature", "properties": { "内容": "リハビリフィットネス　ゆずりは　永福町2号店【地域密着型通所介護】東京都杉並区和泉3-46-11ハイライフ長岡1階", "url2": "https://www.kaigokensaku.mhlw.go.jp/13/index.php?action_kouhyou_detail_004_kani=true&JigyosyoCd=1391500905-00&ServiceCd=780&Type=search" }, "geometry": { "type": "Point", "coordinates": [ 139.64638489999993, 35.6801836 ] } },
{ "type": "Feature", "properties": { "内容": "グリーンデイ善福寺【地域密着型通所介護】東京都杉並区善福寺3-10-8", "url2": "https://www.kaigokensaku.mhlw.go.jp/13/index.php?action_kouhyou_detail_004_kani=true&JigyosyoCd=1391501028-00&ServiceCd=780&Type=search" }, "geometry": { "type": "Point", "coordinates": [ 139.59111919999998, 35.7163212 ] } },
{ "type": "Feature", "properties": { "内容": "レコードブック上井草【地域密着型通所介護】東京都杉並区上井草2‐43‐4", "url2": "https://www.kaigokensaku.mhlw.go.jp/13/index.php?action_kouhyou_detail_004_kani=true&JigyosyoCd=1391501440-00&ServiceCd=780&Type=search" }, "geometry": { "type": "Point", "coordinates": [ 139.6094522, 35.7247917 ] } },
{ "type": "Feature", "properties": { "内容": "鶴亀デイサービス下高井戸【地域密着型通所介護】東京都杉並区下高井戸5-13-3ファンティン高井戸Ⅱ1FA号", "url2": "https://www.kaigokensaku.mhlw.go.jp/13/index.php?action_kouhyou_detail_004_kani=true&JigyosyoCd=1391501465-00&ServiceCd=780&Type=search" }, "geometry": { "type": "Point", "coordinates": [ 139.6186744, 35.6760653 ] } },
{ "type": "Feature", "properties": { "内容": "鶴亀デイサービス高井戸【地域密着型通所介護】東京都杉並区高井戸東1-1-60", "url2": "https://www.kaigokensaku.mhlw.go.jp/13/index.php?action_kouhyou_detail_004_kani=true&JigyosyoCd=1391501473-00&ServiceCd=780&Type=search" }, "geometry": { "type": "Point", "coordinates": [ 139.618515, 35.6767005 ] } },
{ "type": "Feature", "properties": { "内容": "元気広場　南阿佐ヶ谷【地域密着型通所介護】東京都杉並区阿佐谷南3-5-2牧野ビルB1階", "url2": "https://www.kaigokensaku.mhlw.go.jp/13/index.php?action_kouhyou_detail_004_kani=true&JigyosyoCd=1391501481-00&ServiceCd=780&Type=search" }, "geometry": { "type": "Point", "coordinates": [ 139.6331831, 35.7006267 ] } },
{ "type": "Feature", "properties": { "内容": "デイサービス笑い声【地域密着型通所介護】東京都杉並区上荻3-27-9", "url2": "https://www.kaigokensaku.mhlw.go.jp/13/index.php?action_kouhyou_detail_004_kani=true&JigyosyoCd=1371506542-00&ServiceCd=780&Type=search" }, "geometry": { "type": "Point", "coordinates": [ 139.608667800000035, 35.7105752 ] } },
{ "type": "Feature", "properties": { "内容": "團ライフ【地域密着型通所介護】東京都杉並区天沼3-39-8", "url2": "https://www.kaigokensaku.mhlw.go.jp/13/index.php?action_kouhyou_detail_004_kani=true&JigyosyoCd=1371509009-00&ServiceCd=780&Type=search" }, "geometry": { "type": "Point", "coordinates": [ 139.6224378, 35.710620699999986 ] } },
{ "type": "Feature", "properties": { "内容": "MODECARE下井草店【地域密着型通所介護】東京都杉並区本天沼3-40-16", "url2": "https://www.kaigokensaku.mhlw.go.jp/13/index.php?action_kouhyou_detail_004_kani=true&JigyosyoCd=1371508944-00&ServiceCd=780&Type=search" }, "geometry": { "type": "Point", "coordinates": [ 139.62188, 35.717378600000018 ] } },
{ "type": "Feature", "properties": { "内容": "こすもすリハビリデイサービス井草【地域密着型通所介護】東京都杉並区井草4-2-14ハイムグレース1F", "url2": "https://www.kaigokensaku.mhlw.go.jp/13/index.php?action_kouhyou_detail_004_kani=true&JigyosyoCd=1391501598-00&ServiceCd=780&Type=search" }, "geometry": { "type": "Point", "coordinates": [ 139.61199640000001, 35.7249851 ] } },
{ "type": "Feature", "properties": { "内容": "東池袋桑の実園デイサービスセンター【地域密着型通所介護】東京都豊島区東池袋5-39-18", "url2": "https://www.kaigokensaku.mhlw.go.jp/13/index.php?action_kouhyou_detail_004_kani=true&JigyosyoCd=1371605237-00&ServiceCd=780&Type=search" }, "geometry": { "type": "Point", "coordinates": [ 139.7255671, 35.7281303 ] } },
{ "type": "Feature", "properties": { "内容": "アクティブ・サン【地域密着型通所介護】東京都豊島区巣鴨4-9-5", "url2": "https://www.kaigokensaku.mhlw.go.jp/13/index.php?action_kouhyou_detail_004_kani=true&JigyosyoCd=1371603091-00&ServiceCd=780&Type=search" }, "geometry": { "type": "Point", "coordinates": [ 139.730198, 35.7367421 ] } },
{ "type": "Feature", "properties": { "内容": "リハビリセンターあゆむ【地域密着型通所介護】東京都豊島区長崎５－８－６中外ビル１階", "url2": "https://www.kaigokensaku.mhlw.go.jp/13/index.php?action_kouhyou_detail_004_kani=true&JigyosyoCd=1371603836-00&ServiceCd=780&Type=search" }, "geometry": { "type": "Point", "coordinates": [ 139.682532900000069, 35.7316795 ] } },
{ "type": "Feature", "properties": { "内容": "デイサービス　りらく【地域密着型通所介護】東京都豊島区池袋本町1-29-5", "url2": "https://www.kaigokensaku.mhlw.go.jp/13/index.php?action_kouhyou_detail_004_kani=true&JigyosyoCd=1371604446-00&ServiceCd=780&Type=search" }, "geometry": { "type": "Point", "coordinates": [ 139.7142963, 35.7397191 ] } },
{ "type": "Feature", "properties": { "内容": "デイサービスまんぞく【地域密着型通所介護】東京都豊島区池袋3-54-7FM７池袋ハウス101", "url2": "https://www.kaigokensaku.mhlw.go.jp/13/index.php?action_kouhyou_detail_004_kani=true&JigyosyoCd=1371604586-00&ServiceCd=780&Type=search" }, "geometry": { "type": "Point", "coordinates": [ 139.707527600000049, 35.7363329 ] } },
{ "type": "Feature", "properties": { "内容": "リハビリデイサービスnagomi椎名町店【地域密着型通所介護】東京都豊島区長崎1-11-11鹿鳴館2　1Ｆ", "url2": "https://www.kaigokensaku.mhlw.go.jp/13/index.php?action_kouhyou_detail_004_kani=true&JigyosyoCd=1371604677-00&ServiceCd=780&Type=search" }, "geometry": { "type": "Point", "coordinates": [ 139.696553764417985, 35.728758919136986 ] } },
{ "type": "Feature", "properties": { "内容": "あしつよ巣鴨【地域密着型通所介護】東京都豊島区巣鴨3-24-3ディアプラザ巣鴨第2", "url2": "https://www.kaigokensaku.mhlw.go.jp/13/index.php?action_kouhyou_detail_004_kani=true&JigyosyoCd=1371604719-00&ServiceCd=780&Type=search" }, "geometry": { "type": "Point", "coordinates": [ 139.736689399999932, 35.7329758 ] } },
{ "type": "Feature", "properties": { "内容": "こころ千川【地域密着型通所介護】東京都豊島区千早2-42-10第5東信ハイム１階", "url2": "https://www.kaigokensaku.mhlw.go.jp/13/index.php?action_kouhyou_detail_004_kani=true&JigyosyoCd=1371604735-00&ServiceCd=780&Type=search" }, "geometry": { "type": "Point", "coordinates": [ 139.689654098147571, 35.736254659421057 ] } },
{ "type": "Feature", "properties": { "内容": "フィットネスデイ　Lispo　巣鴨店【地域密着型通所介護】東京都豊島区巣鴨５丁目１３番１１号土戸ビル１階", "url2": "https://www.kaigokensaku.mhlw.go.jp/13/index.php?action_kouhyou_detail_004_kani=true&JigyosyoCd=1371604768-00&ServiceCd=780&Type=search" }, "geometry": { "type": "Point", "coordinates": [ 139.733358800000019, 35.7393224 ] } },
{ "type": "Feature", "properties": { "内容": "スパ＆リハビリ　こころ目白台【地域密着型通所介護】東京都豊島区高田１－１７－２０ヨウコースクエア１階", "url2": "https://www.kaigokensaku.mhlw.go.jp/13/index.php?action_kouhyou_detail_004_kani=true&JigyosyoCd=1371604909-00&ServiceCd=780&Type=search" }, "geometry": { "type": "Point", "coordinates": [ 139.716983573016307, 35.71368881121581 ] } },
{ "type": "Feature", "properties": { "内容": "リハビリデイサービスまんぞく【地域密着型通所介護】東京都豊島区池袋本町3-28-61Ｆ", "url2": "https://www.kaigokensaku.mhlw.go.jp/13/index.php?action_kouhyou_detail_004_kani=true&JigyosyoCd=1371604966-00&ServiceCd=780&Type=search" }, "geometry": { "type": "Point", "coordinates": [ 139.712768500000038, 35.7448101 ] } },
{ "type": "Feature", "properties": { "内容": "トータルリハセンター椎名町【地域密着型通所介護】東京都豊島区南長崎2-21-9オーシャンナイン１階", "url2": "https://www.kaigokensaku.mhlw.go.jp/13/index.php?action_kouhyou_detail_004_kani=true&JigyosyoCd=1371605138-00&ServiceCd=780&Type=search" }, "geometry": { "type": "Point", "coordinates": [ 139.690127, 35.7264497 ] } },
{ "type": "Feature", "properties": { "内容": "オハナohanaリハビリデイサービス【地域密着型通所介護】東京都豊島区南長崎５－６－９DeLCCS南長崎1号室", "url2": "https://www.kaigokensaku.mhlw.go.jp/13/index.php?action_kouhyou_detail_004_kani=true&JigyosyoCd=1371605278-00&ServiceCd=780&Type=search" }, "geometry": { "type": "Point", "coordinates": [ 139.681027800000038, 35.7286254 ] } },
{ "type": "Feature", "properties": { "内容": "ふくろうデイ【地域密着型通所介護】東京都豊島区池袋本町　1-25-7馬場ビル1階", "url2": "https://www.kaigokensaku.mhlw.go.jp/13/index.php?action_kouhyou_detail_004_kani=true&JigyosyoCd=1391600234-00&ServiceCd=780&Type=search" }, "geometry": { "type": "Point", "coordinates": [ 139.712431577875122, 35.739823527271163 ] } },
{ "type": "Feature", "properties": { "内容": "ほほ楽【地域密着型通所介護】東京都豊島区池袋4-11-5メゾン角田1階", "url2": "https://www.kaigokensaku.mhlw.go.jp/13/index.php?action_kouhyou_detail_004_kani=true&JigyosyoCd=1391600242-00&ServiceCd=780&Type=search" }, "geometry": { "type": "Point", "coordinates": [ 139.707073100000031, 35.7387407 ] } },
{ "type": "Feature", "properties": { "内容": "デイサービスありがたい池袋【地域密着型通所介護】東京都豊島区西池袋2-30-4", "url2": "https://www.kaigokensaku.mhlw.go.jp/13/index.php?action_kouhyou_detail_004_kani=true&JigyosyoCd=1391600325-00&ServiceCd=780&Type=search" }, "geometry": { "type": "Point", "coordinates": [ 139.70679389999998, 35.7272348 ] } },
{ "type": "Feature", "properties": { "内容": "マルシモデイサービス巣鴨館【地域密着型通所介護】東京都豊島区巣鴨３−１９−８", "url2": "https://www.kaigokensaku.mhlw.go.jp/13/index.php?action_kouhyou_detail_004_kani=true&JigyosyoCd=1391600366-00&ServiceCd=780&Type=search" }, "geometry": { "type": "Point", "coordinates": [ 139.735218099999969, 35.734854454450563 ] } },
{ "type": "Feature", "properties": { "内容": "リハビリデイサービスnagomi千川店【地域密着型通所介護】東京都豊島区千川1-9-12", "url2": "https://www.kaigokensaku.mhlw.go.jp/13/index.php?action_kouhyou_detail_004_kani=true&JigyosyoCd=1391600374-00&ServiceCd=780&Type=search" }, "geometry": { "type": "Point", "coordinates": [ 139.6938797, 35.7381225 ] } },
{ "type": "Feature", "properties": { "内容": "ひだまりの会　デイサービス長崎の家【地域密着型通所介護】東京都豊島区長崎4-44-14", "url2": "https://www.kaigokensaku.mhlw.go.jp/13/index.php?action_kouhyou_detail_004_kani=true&JigyosyoCd=1391600382-00&ServiceCd=780&Type=search" }, "geometry": { "type": "Point", "coordinates": [ 139.6870894, 35.7318518 ] } },
{ "type": "Feature", "properties": { "内容": "だんらんの家千川【地域密着型通所介護】東京都豊島区千川１丁目２３－１７", "url2": "https://www.kaigokensaku.mhlw.go.jp/13/index.php?action_kouhyou_detail_004_kani=true&JigyosyoCd=1391600424-00&ServiceCd=780&Type=search" }, "geometry": { "type": "Point", "coordinates": [ 139.691447328836091, 35.738843362697985 ] } },
{ "type": "Feature", "properties": { "内容": "いずみ介護センター【地域密着型通所介護】東京都豊島区西池袋4-28-10メゾン西池1階", "url2": "https://www.kaigokensaku.mhlw.go.jp/13/index.php?action_kouhyou_detail_004_kani=true&JigyosyoCd=1371604370-00&ServiceCd=780&Type=search" }, "geometry": { "type": "Point", "coordinates": [ 139.698742700000054, 35.7273612 ] } },
{ "type": "Feature", "properties": { "内容": "みちなかの里千川店【地域密着型通所介護】東京都豊島区要町3-33-1", "url2": "https://www.kaigokensaku.mhlw.go.jp/13/index.php?action_kouhyou_detail_004_kani=true&JigyosyoCd=1391600473-00&ServiceCd=780&Type=search" }, "geometry": { "type": "Point", "coordinates": [ 139.6918168, 35.737387100000014 ] } },
{ "type": "Feature", "properties": { "内容": "デイサービスもも【地域密着型通所介護】東京都豊島区南長崎5-26-11第27明智ビル101", "url2": "https://www.kaigokensaku.mhlw.go.jp/13/index.php?action_kouhyou_detail_004_kani=true&JigyosyoCd=1371403948-00&ServiceCd=780&Type=search" }, "geometry": { "type": "Point", "coordinates": [ 139.682827284069845, 35.729333348342195 ] } },
{ "type": "Feature", "properties": { "内容": "グリーンデイ西池袋【地域密着型通所介護】東京都豊島区西池袋3-15-13", "url2": "https://www.kaigokensaku.mhlw.go.jp/13/index.php?action_kouhyou_detail_004_kani=true&JigyosyoCd=1371604594-00&ServiceCd=780&Type=search" }, "geometry": { "type": "Point", "coordinates": [ 139.703236699999934, 35.7287279 ] } },
{ "type": "Feature", "properties": { "内容": "だんらんの家西ヶ原【地域密着型通所介護】東京都北区西ヶ原3-66-10", "url2": "https://www.kaigokensaku.mhlw.go.jp/13/index.php?action_kouhyou_detail_004_kani=true&JigyosyoCd=1391700729-00&ServiceCd=780&Type=search" }, "geometry": { "type": "Point", "coordinates": [ 139.74261050000004, 35.7417425 ] } },
{ "type": "Feature", "properties": { "内容": "あしつよ王子【地域密着型通所介護】東京都北区豊島2-1-2山新王子ビル1F山新王子ビル1階", "url2": "https://www.kaigokensaku.mhlw.go.jp/13/index.php?action_kouhyou_detail_004_kani=true&JigyosyoCd=1371706019-00&ServiceCd=780&Type=search" }, "geometry": { "type": "Point", "coordinates": [ 139.741482499999961, 35.7563873 ] } },
{ "type": "Feature", "properties": { "内容": "ほっぷの湯【地域密着型通所介護】東京都北区上中里3-1-18", "url2": "https://www.kaigokensaku.mhlw.go.jp/13/index.php?action_kouhyou_detail_004_kani=true&JigyosyoCd=1391700638-00&ServiceCd=780&Type=search" }, "geometry": { "type": "Point", "coordinates": [ 139.748558, 35.7491882 ] } },
{ "type": "Feature", "properties": { "内容": "ミアヘルサデイサービス中里【地域密着型通所介護】東京都北区中里2-20-12サンワード駒込1F", "url2": "https://www.kaigokensaku.mhlw.go.jp/13/index.php?action_kouhyou_detail_004_kani=true&JigyosyoCd=1371700970-00&ServiceCd=780&Type=search" }, "geometry": { "type": "Point", "coordinates": [ 139.748902204316551, 35.740433348351779 ] } },
{ "type": "Feature", "properties": { "内容": "くるみデイサービス【地域密着型通所介護】東京都北区赤羽北2-13-13", "url2": "https://www.kaigokensaku.mhlw.go.jp/13/index.php?action_kouhyou_detail_004_kani=true&JigyosyoCd=1371702562-00&ServiceCd=780&Type=search" }, "geometry": { "type": "Point", "coordinates": [ 139.706979, 35.7851631 ] } },
{ "type": "Feature", "properties": { "内容": "ワーカーズコープ　パル赤羽【地域密着型通所介護】東京都北区志茂4-13-1大増ビル１階", "url2": "https://www.kaigokensaku.mhlw.go.jp/13/index.php?action_kouhyou_detail_004_kani=true&JigyosyoCd=1371703164-00&ServiceCd=780&Type=search" }, "geometry": { "type": "Point", "coordinates": [ 139.730296299999964, 35.7811735 ] } },
{ "type": "Feature", "properties": { "内容": "西ケ原介護リハビリセンター【地域密着型通所介護】東京都北区西ヶ原3-59-7三浦ハイム102", "url2": "https://www.kaigokensaku.mhlw.go.jp/13/index.php?action_kouhyou_detail_004_kani=true&JigyosyoCd=1371704568-00&ServiceCd=780&Type=search" }, "geometry": { "type": "Point", "coordinates": [ 139.7389723, 35.7431267 ] } },
{ "type": "Feature", "properties": { "内容": "デイサービスセンターなご家　飛鳥山サービス【地域密着型通所介護】東京都北区豊島2-13-10JLBグランエクリュ飛鳥山103", "url2": "https://www.kaigokensaku.mhlw.go.jp/13/index.php?action_kouhyou_detail_004_kani=true&JigyosyoCd=1371704642-00&ServiceCd=780&Type=search" }, "geometry": { "type": "Point", "coordinates": [ 139.744722700000011, 35.758804 ] } },
{ "type": "Feature", "properties": { "内容": "デイサービス健　王子【地域密着型通所介護】東京都北区堀船2-19-16パークノヴァ王子101", "url2": "https://www.kaigokensaku.mhlw.go.jp/13/index.php?action_kouhyou_detail_004_kani=true&JigyosyoCd=1371705425-00&ServiceCd=780&Type=search" }, "geometry": { "type": "Point", "coordinates": [ 139.743951899999956, 35.7544486 ] } },
{ "type": "Feature", "properties": { "内容": "リハビリサポートきむら【地域密着型通所介護】東京都北区王子本町2-15-18折谷ハイツ101", "url2": "https://www.kaigokensaku.mhlw.go.jp/13/index.php?action_kouhyou_detail_004_kani=true&JigyosyoCd=1371705482-00&ServiceCd=780&Type=search" }, "geometry": { "type": "Point", "coordinates": [ 139.731119499999977, 35.7557427 ] } },
{ "type": "Feature", "properties": { "内容": "アイナリハビリセンター田端【地域密着型通所介護】東京都北区東田端２－８－９ブルービラ吉原１F", "url2": "https://www.kaigokensaku.mhlw.go.jp/13/index.php?action_kouhyou_detail_004_kani=true&JigyosyoCd=1371705821-00&ServiceCd=780&Type=search" }, "geometry": { "type": "Point", "coordinates": [ 139.76191510000001, 35.7416865 ] } },
{ "type": "Feature", "properties": { "内容": "のぞみリハビリデイサービス【地域密着型通所介護】東京都北区田端3-4-12メゾンクレール1階", "url2": "https://www.kaigokensaku.mhlw.go.jp/13/index.php?action_kouhyou_detail_004_kani=true&JigyosyoCd=1371705854-00&ServiceCd=780&Type=search" }, "geometry": { "type": "Point", "coordinates": [ 139.754916099999946, 35.7348118 ] } },
{ "type": "Feature", "properties": { "内容": "ピースフルデイ【地域密着型通所介護】東京都北区東十条2-16-11アシスト東十条ビル1階", "url2": "https://www.kaigokensaku.mhlw.go.jp/13/index.php?action_kouhyou_detail_004_kani=true&JigyosyoCd=1371705862-00&ServiceCd=780&Type=search" }, "geometry": { "type": "Point", "coordinates": [ 139.728677699999906, 35.7630585 ] } },
{ "type": "Feature", "properties": { "内容": "ふれあいはうす昴【地域密着型通所介護】東京都北区王子3-8-1エレガンス王子1F", "url2": "https://www.kaigokensaku.mhlw.go.jp/13/index.php?action_kouhyou_detail_004_kani=true&JigyosyoCd=1371706159-00&ServiceCd=780&Type=search" }, "geometry": { "type": "Point", "coordinates": [ 139.73616596627042, 35.760491430493239 ] } },
{ "type": "Feature", "properties": { "内容": "はあとふる輝【地域密着型通所介護】東京都北区豊島8-14-9", "url2": "https://www.kaigokensaku.mhlw.go.jp/13/index.php?action_kouhyou_detail_004_kani=true&JigyosyoCd=1371706167-00&ServiceCd=780&Type=search" }, "geometry": { "type": "Point", "coordinates": [ 139.74022390185246, 35.765912011008034 ] } },
{ "type": "Feature", "properties": { "内容": "さくらリハビリディサービス【地域密着型通所介護】東京都北区志茂5-1-5志茂5丁目ビル1階", "url2": "https://www.kaigokensaku.mhlw.go.jp/13/index.php?action_kouhyou_detail_004_kani=true&JigyosyoCd=1371706274-00&ServiceCd=780&Type=search" }, "geometry": { "type": "Point", "coordinates": [ 139.72953259999997, 35.7814144 ] } },
{ "type": "Feature", "properties": { "内容": "ひばりデイサービス赤羽【地域密着型通所介護】東京都北区桐ヶ丘2-11-28ガーデンテラス赤羽", "url2": "https://www.kaigokensaku.mhlw.go.jp/13/index.php?action_kouhyou_detail_004_kani=true&JigyosyoCd=1391700414-00&ServiceCd=780&Type=search" }, "geometry": { "type": "Point", "coordinates": [ 139.710131769311488, 35.782991758256614 ] } },
{ "type": "Feature", "properties": { "内容": "レコードブック十条【地域密着型通所介護】東京都北区上十条3-23-4長谷ビル1F", "url2": "https://www.kaigokensaku.mhlw.go.jp/13/index.php?action_kouhyou_detail_004_kani=true&JigyosyoCd=1391700489-00&ServiceCd=780&Type=search" }, "geometry": { "type": "Point", "coordinates": [ 139.718058499999984, 35.7613065 ] } },
{ "type": "Feature", "properties": { "内容": "KIZUNASPA赤羽店【地域密着型通所介護】東京都北区赤羽南1-24-1赤羽パナハイツ1階", "url2": "https://www.kaigokensaku.mhlw.go.jp/13/index.php?action_kouhyou_detail_004_kani=true&JigyosyoCd=1391700521-00&ServiceCd=780&Type=search" }, "geometry": { "type": "Point", "coordinates": [ 139.7258664, 35.7760981 ] } },
{ "type": "Feature", "properties": { "内容": "有限会社　アミ　昭和町デイサービスセンター【地域密着型通所介護】東京都北区昭和町2-12-14", "url2": "https://www.kaigokensaku.mhlw.go.jp/13/index.php?action_kouhyou_detail_004_kani=true&JigyosyoCd=1391700570-00&ServiceCd=780&Type=search" }, "geometry": { "type": "Point", "coordinates": [ 139.7529879, 35.7491162 ] } },
{ "type": "Feature", "properties": { "内容": "デイサービスセンター　なご家　アネックス【地域密着型通所介護】東京都北区豊島2-13-10JLBグランエクリュ飛鳥山104", "url2": "https://www.kaigokensaku.mhlw.go.jp/13/index.php?action_kouhyou_detail_004_kani=true&JigyosyoCd=1391700646-00&ServiceCd=780&Type=search" }, "geometry": { "type": "Point", "coordinates": [ 139.7447712, 35.7587763 ] } },
{ "type": "Feature", "properties": { "内容": "レコードブック赤羽【地域密着型通所介護】東京都北区神谷2-23-2佐藤ビル1階", "url2": "https://www.kaigokensaku.mhlw.go.jp/13/index.php?action_kouhyou_detail_004_kani=true&JigyosyoCd=1391700687-00&ServiceCd=780&Type=search" }, "geometry": { "type": "Point", "coordinates": [ 139.7280791, 35.7712171 ] } },
{ "type": "Feature", "properties": { "内容": "GENKI　NEXT東十条【地域密着型通所介護】東京都北区東十条１－８－１０１F", "url2": "https://www.kaigokensaku.mhlw.go.jp/13/index.php?action_kouhyou_detail_004_kani=true&JigyosyoCd=1371704923-00&ServiceCd=780&Type=search" }, "geometry": { "type": "Point", "coordinates": [ 139.731085900000039, 35.7615226 ] } },
{ "type": "Feature", "properties": { "内容": "メイプルデイサービス【地域密着型通所介護】東京都北区上十条３－２４－１４ベアーズマンション上十条107", "url2": "https://www.kaigokensaku.mhlw.go.jp/13/index.php?action_kouhyou_detail_004_kani=true&JigyosyoCd=1371704998-00&ServiceCd=780&Type=search" }, "geometry": { "type": "Point", "coordinates": [ 139.718484100000069, 35.7622422 ] } },
{ "type": "Feature", "properties": { "内容": "デイサービス花はな【地域密着型通所介護】東京都北区赤羽2-37-2winKIDOURA　Ⅵ101", "url2": "https://www.kaigokensaku.mhlw.go.jp/13/index.php?action_kouhyou_detail_004_kani=true&JigyosyoCd=1371705086-00&ServiceCd=780&Type=search" }, "geometry": { "type": "Point", "coordinates": [ 139.72540749999996, 35.7808743 ] } },
{ "type": "Feature", "properties": { "内容": "レコードブック王子【地域密着型通所介護】東京都北区豊島3-7-19ブルーフォール滝沢1F", "url2": "https://www.kaigokensaku.mhlw.go.jp/13/index.php?action_kouhyou_detail_004_kani=true&JigyosyoCd=1391700430-00&ServiceCd=780&Type=search" }, "geometry": { "type": "Point", "coordinates": [ 139.745688400000034, 35.7611422 ] } },
{ "type": "Feature", "properties": { "内容": "レコードブック駒込【地域密着型通所介護】東京都北区中里2丁目20-15パルシティー駒込1階", "url2": "https://www.kaigokensaku.mhlw.go.jp/13/index.php?action_kouhyou_detail_004_kani=true&JigyosyoCd=1391700661-00&ServiceCd=780&Type=search" }, "geometry": { "type": "Point", "coordinates": [ 139.7491985, 35.7402235 ] } },
{ "type": "Feature", "properties": { "内容": "デイサービスひまわりⅢ志茂【地域密着型通所介護】東京都北区志茂２－５０－１", "url2": "https://www.kaigokensaku.mhlw.go.jp/13/index.php?action_kouhyou_detail_004_kani=true&JigyosyoCd=1371704279-00&ServiceCd=780&Type=search" }, "geometry": { "type": "Point", "coordinates": [ 139.7273801, 35.7798146 ] } },
{ "type": "Feature", "properties": { "内容": "ケアサロンANY十条赤羽【地域密着型通所介護】東京都北区上十条５丁目42-11イーエルビー上十条１階", "url2": "https://www.kaigokensaku.mhlw.go.jp/13/index.php?action_kouhyou_detail_004_kani=true&JigyosyoCd=1391700711-00&ServiceCd=780&Type=search" }, "geometry": { "type": "Point", "coordinates": [ 139.71488894351134, 35.766693600446914 ] } },
{ "type": "Feature", "properties": { "内容": "いきいきらいふSPA王子【地域密着型通所介護】東京都北区豊島1-38-14", "url2": "https://www.kaigokensaku.mhlw.go.jp/13/index.php?action_kouhyou_detail_004_kani=true&JigyosyoCd=1371705557-00&ServiceCd=780&Type=search" }, "geometry": { "type": "Point", "coordinates": [ 139.7422441, 35.7587267 ] } },
{ "type": "Feature", "properties": { "内容": "みよかデイサービス　滝野川【地域密着型通所介護】東京都北区滝野川7-2-13ベルテックス1F", "url2": "https://www.kaigokensaku.mhlw.go.jp/13/index.php?action_kouhyou_detail_004_kani=true&JigyosyoCd=1371705912-00&ServiceCd=780&Type=search" }, "geometry": { "type": "Point", "coordinates": [ 139.720384500000023, 35.746152 ] } },
{ "type": "Feature", "properties": { "内容": "リハビリ型デイサービス　すまいる赤羽【地域密着型通所介護】東京都北区岩淵町2-4キャトルセゾン102", "url2": "https://www.kaigokensaku.mhlw.go.jp/13/index.php?action_kouhyou_detail_004_kani=true&JigyosyoCd=1371705763-00&ServiceCd=780&Type=search" }, "geometry": { "type": "Point", "coordinates": [ 139.725772, 35.7828535 ] } },
{ "type": "Feature", "properties": { "内容": "ＨＯＰデイサービスセンター【地域密着型通所介護】東京都北区上中里3-1-18", "url2": "https://www.kaigokensaku.mhlw.go.jp/13/index.php?action_kouhyou_detail_004_kani=true&JigyosyoCd=1391700448-00&ServiceCd=780&Type=search" }, "geometry": { "type": "Point", "coordinates": [ 139.748543499999982, 35.7490548 ] } },
{ "type": "Feature", "properties": { "内容": "デイサービスみらい西日暮里【地域密着型通所介護】東京都荒川区西日暮里1-14-2杉山マンション101", "url2": "https://www.kaigokensaku.mhlw.go.jp/13/index.php?action_kouhyou_detail_004_kani=true&JigyosyoCd=1371803907-00&ServiceCd=780&Type=search" }, "geometry": { "type": "Point", "coordinates": [ 139.7756614, 35.7365322 ] } },
{ "type": "Feature", "properties": { "内容": "ミモザ町屋【地域密着型通所介護】東京都荒川区町屋2-2-6クレールイズミ　1F", "url2": "https://www.kaigokensaku.mhlw.go.jp/13/index.php?action_kouhyou_detail_004_kani=true&JigyosyoCd=1371803097-00&ServiceCd=780&Type=search" }, "geometry": { "type": "Point", "coordinates": [ 139.7804744, 35.7435401 ] } },
{ "type": "Feature", "properties": { "内容": "だんらんの家　東尾久【地域密着型通所介護】東京都荒川区東尾久2-47-7", "url2": "https://www.kaigokensaku.mhlw.go.jp/13/index.php?action_kouhyou_detail_004_kani=true&JigyosyoCd=1391800669-00&ServiceCd=780&Type=search" }, "geometry": { "type": "Point", "coordinates": [ 139.7700901, 35.7443609 ] } },
{ "type": "Feature", "properties": { "内容": "あかりの里日暮里デイサービス【地域密着型通所介護】東京都荒川区東日暮里二丁目48番1号サンライフ坂口１Ｆ", "url2": "https://www.kaigokensaku.mhlw.go.jp/13/index.php?action_kouhyou_detail_004_kani=true&JigyosyoCd=1371801422-00&ServiceCd=780&Type=search" }, "geometry": { "type": "Point", "coordinates": [ 139.783749899999947, 35.7289362 ] } },
{ "type": "Feature", "properties": { "内容": "ＮＰＯ法人　寿さん家【地域密着型通所介護】東京都荒川区南千住5-1-6", "url2": "https://www.kaigokensaku.mhlw.go.jp/13/index.php?action_kouhyou_detail_004_kani=true&JigyosyoCd=1371801604-00&ServiceCd=780&Type=search" }, "geometry": { "type": "Point", "coordinates": [ 139.7929547, 35.731528 ] } },
{ "type": "Feature", "properties": { "内容": "デイサービスがんじゅ～【地域密着型通所介護】東京都荒川区西尾久1-14-14", "url2": "https://www.kaigokensaku.mhlw.go.jp/13/index.php?action_kouhyou_detail_004_kani=true&JigyosyoCd=1371802370-00&ServiceCd=780&Type=search" }, "geometry": { "type": "Point", "coordinates": [ 139.7638591, 35.7457556 ] } },
{ "type": "Feature", "properties": { "内容": "株式会社シルバー茶論尾久橋店【地域密着型通所介護】東京都荒川区東尾久8-20-4", "url2": "https://www.kaigokensaku.mhlw.go.jp/13/index.php?action_kouhyou_detail_004_kani=true&JigyosyoCd=1371802909-00&ServiceCd=780&Type=search" }, "geometry": { "type": "Point", "coordinates": [ 139.7688028, 35.7508304 ] } },
{ "type": "Feature", "properties": { "内容": "尾久の家【地域密着型通所介護】東京都荒川区東尾久２－８－４高梨ビル１階", "url2": "https://www.kaigokensaku.mhlw.go.jp/13/index.php?action_kouhyou_detail_004_kani=true&JigyosyoCd=1371802958-00&ServiceCd=780&Type=search" }, "geometry": { "type": "Point", "coordinates": [ 139.773889, 35.7418899 ] } },
{ "type": "Feature", "properties": { "内容": "みずいろファイン【地域密着型通所介護】東京都荒川区荒川3-74-6メゾン荒川Ⅱ1階", "url2": "https://www.kaigokensaku.mhlw.go.jp/13/index.php?action_kouhyou_detail_004_kani=true&JigyosyoCd=1371803121-00&ServiceCd=780&Type=search" }, "geometry": { "type": "Point", "coordinates": [ 139.778655500000013, 35.7362352 ] } },
{ "type": "Feature", "properties": { "内容": "いきいきらいふＳＰＡ荒川【地域密着型通所介護】東京都荒川区荒川４－３－３", "url2": "https://www.kaigokensaku.mhlw.go.jp/13/index.php?action_kouhyou_detail_004_kani=true&JigyosyoCd=1371803170-00&ServiceCd=780&Type=search" }, "geometry": { "type": "Point", "coordinates": [ 139.779697100000021, 35.7364075 ] } },
{ "type": "Feature", "properties": { "内容": "デイサービスユーアイみのわ【地域密着型通所介護】東京都荒川区東日暮里1-2-3松本ビル1階", "url2": "https://www.kaigokensaku.mhlw.go.jp/13/index.php?action_kouhyou_detail_004_kani=true&JigyosyoCd=1371803667-00&ServiceCd=780&Type=search" }, "geometry": { "type": "Point", "coordinates": [ 139.791198355819688, 35.730957876901861 ] } },
{ "type": "Feature", "properties": { "内容": "アサヒトラストリハビリセンター荒川【地域密着型通所介護】東京都荒川区荒川5-29-1ティーズボナール1F", "url2": "https://www.kaigokensaku.mhlw.go.jp/13/index.php?action_kouhyou_detail_004_kani=true&JigyosyoCd=1371803923-00&ServiceCd=780&Type=search" }, "geometry": { "type": "Point", "coordinates": [ 139.7750585, 35.7388597 ] } },
{ "type": "Feature", "properties": { "内容": "リハビリセンターあしすと【地域密着型通所介護】東京都荒川区東日暮里1丁目16番1号モンシェール三ノ輪1B", "url2": "https://www.kaigokensaku.mhlw.go.jp/13/index.php?action_kouhyou_detail_004_kani=true&JigyosyoCd=1371803964-00&ServiceCd=780&Type=search" }, "geometry": { "type": "Point", "coordinates": [ 139.788810600000033, 35.7298447 ] } },
{ "type": "Feature", "properties": { "内容": "アサヒトラストリハビリセンター日暮里【地域密着型通所介護】東京都荒川区東日暮里4-17-11ラフォーレ日暮里Ⅱ１階", "url2": "https://www.kaigokensaku.mhlw.go.jp/13/index.php?action_kouhyou_detail_004_kani=true&JigyosyoCd=1371804137-00&ServiceCd=780&Type=search" }, "geometry": { "type": "Point", "coordinates": [ 139.780625030688498, 35.727363048612226 ] } },
{ "type": "Feature", "properties": { "内容": "日暮里デイサービス１５１A【地域密着型通所介護】東京都荒川区西日暮里2-37-19", "url2": "https://www.kaigokensaku.mhlw.go.jp/13/index.php?action_kouhyou_detail_004_kani=true&JigyosyoCd=1391800388-00&ServiceCd=780&Type=search" }, "geometry": { "type": "Point", "coordinates": [ 139.771348, 35.7321935 ] } },
{ "type": "Feature", "properties": { "内容": "ひなたデイサービス東尾久【地域密着型通所介護】東京都荒川区東尾久4-37-2", "url2": "https://www.kaigokensaku.mhlw.go.jp/13/index.php?action_kouhyou_detail_004_kani=true&JigyosyoCd=1391800487-00&ServiceCd=780&Type=search" }, "geometry": { "type": "Point", "coordinates": [ 139.766527700000012, 35.7434351 ] } },
{ "type": "Feature", "properties": { "内容": "町屋デイサービス151A【地域密着型通所介護】東京都荒川区町屋8-18-13", "url2": "https://www.kaigokensaku.mhlw.go.jp/13/index.php?action_kouhyou_detail_004_kani=true&JigyosyoCd=1391800560-00&ServiceCd=780&Type=search" }, "geometry": { "type": "Point", "coordinates": [ 139.787155600000034, 35.7475922 ] } },
{ "type": "Feature", "properties": { "内容": "レコードブック熊野前【地域密着型通所介護】東京都荒川区東尾久5-19-4熊の前ビル１階", "url2": "https://www.kaigokensaku.mhlw.go.jp/13/index.php?action_kouhyou_detail_004_kani=true&JigyosyoCd=1391800594-00&ServiceCd=780&Type=search" }, "geometry": { "type": "Point", "coordinates": [ 139.7682742, 35.746295699999976 ] } },
{ "type": "Feature", "properties": { "内容": "樹楽　禅【地域密着型通所介護】東京都荒川区東尾久1－9－10パピハウス　１階", "url2": "https://www.kaigokensaku.mhlw.go.jp/13/index.php?action_kouhyou_detail_004_kani=true&JigyosyoCd=1391800610-00&ServiceCd=780&Type=search" }, "geometry": { "type": "Point", "coordinates": [ 139.773295100000013, 35.7404934 ] } },
{ "type": "Feature", "properties": { "内容": "ゲンキケアなごみ【地域密着型通所介護】東京都荒川区東尾久１－２７－４あさくらビル１F", "url2": "https://www.kaigokensaku.mhlw.go.jp/13/index.php?action_kouhyou_detail_004_kani=true&JigyosyoCd=1371803394-00&ServiceCd=780&Type=search" }, "geometry": { "type": "Point", "coordinates": [ 139.770222600000011, 35.7415675 ] } },
{ "type": "Feature", "properties": { "内容": "くれあ荒川車庫前デイサービス【地域密着型通所介護】東京都荒川区西尾久7-53-11MF西尾久1階", "url2": "https://www.kaigokensaku.mhlw.go.jp/13/index.php?action_kouhyou_detail_004_kani=true&JigyosyoCd=1391800677-00&ServiceCd=780&Type=search" }, "geometry": { "type": "Point", "coordinates": [ 139.752011399999986, 35.7507715 ] } },
{ "type": "Feature", "properties": { "内容": "エバーウォーク南千住【地域密着型通所介護】東京都荒川区南千住3-8-13渡部ビル1階", "url2": "https://www.kaigokensaku.mhlw.go.jp/13/index.php?action_kouhyou_detail_004_kani=true&JigyosyoCd=1391800685-00&ServiceCd=780&Type=search" }, "geometry": { "type": "Point", "coordinates": [ 139.801119199999988, 35.7303298 ] } },
{ "type": "Feature", "properties": { "内容": "リハビリ・デイサービス虎ＳＵＮ東尾久【地域密着型通所介護】東京都荒川区東尾久6-12-10", "url2": "https://www.kaigokensaku.mhlw.go.jp/13/index.php?action_kouhyou_detail_004_kani=true&JigyosyoCd=1391800651-00&ServiceCd=780&Type=search" }, "geometry": { "type": "Point", "coordinates": [ 139.7741738, 35.7469756 ] } },
{ "type": "Feature", "properties": { "内容": "コンパスウォーク板橋本町【地域密着型通所介護】東京都板橋区宮本町60-7", "url2": "https://www.kaigokensaku.mhlw.go.jp/13/index.php?action_kouhyou_detail_004_kani=true&JigyosyoCd=1391900527-00&ServiceCd=780&Type=search" }, "geometry": { "type": "Point", "coordinates": [ 139.701527299999952, 35.7654296 ] } },
{ "type": "Feature", "properties": { "内容": "はぁとデイサービス四葉亭【地域密着型通所介護】東京都板橋区四葉2-15-1１階", "url2": "https://www.kaigokensaku.mhlw.go.jp/13/index.php?action_kouhyou_detail_004_kani=true&JigyosyoCd=1371909845-00&ServiceCd=780&Type=search" }, "geometry": { "type": "Point", "coordinates": [ 139.653628300000037, 35.7813843 ] } },
{ "type": "Feature", "properties": { "内容": "デイサービスぽかぽか道【地域密着型通所介護】東京都板橋区常盤台3-26-152階", "url2": "https://www.kaigokensaku.mhlw.go.jp/13/index.php?action_kouhyou_detail_004_kani=true&JigyosyoCd=1371908128-00&ServiceCd=780&Type=search" }, "geometry": { "type": "Point", "coordinates": [ 139.6831473, 35.762420500000033 ] } },
{ "type": "Feature", "properties": { "内容": "Bestスパ小茂根【地域密着型通所介護】東京都板橋区小茂根4-8-22第3メゾン小茂根", "url2": "https://www.kaigokensaku.mhlw.go.jp/13/index.php?action_kouhyou_detail_004_kani=true&JigyosyoCd=1391901012-00&ServiceCd=780&Type=search" }, "geometry": { "type": "Point", "coordinates": [ 139.6765794, 35.7472198 ] } },
{ "type": "Feature", "properties": { "内容": "デイサービス　モア【地域密着型通所介護】東京都板橋区蓮根2-1-4ロータスハウス1階", "url2": "https://www.kaigokensaku.mhlw.go.jp/13/index.php?action_kouhyou_detail_004_kani=true&JigyosyoCd=1391901301-00&ServiceCd=780&Type=search" }, "geometry": { "type": "Point", "coordinates": [ 139.679273200000011, 35.7806334 ] } },
{ "type": "Feature", "properties": { "内容": "みよかデイサービス【地域密着型通所介護】東京都板橋区板橋２－１－９", "url2": "https://www.kaigokensaku.mhlw.go.jp/13/index.php?action_kouhyou_detail_004_kani=true&JigyosyoCd=1371907708-00&ServiceCd=780&Type=search" }, "geometry": { "type": "Point", "coordinates": [ 139.714276700000028, 35.7467266 ] } },
{ "type": "Feature", "properties": { "内容": "ヒラックス板橋【地域密着型通所介護】東京都板橋区大谷口北町４５－１コーポラスナガイ１０１", "url2": "https://www.kaigokensaku.mhlw.go.jp/13/index.php?action_kouhyou_detail_004_kani=true&JigyosyoCd=1391901319-00&ServiceCd=780&Type=search" }, "geometry": { "type": "Point", "coordinates": [ 139.690101199999987, 35.753142 ] } },
{ "type": "Feature", "properties": { "内容": "花のまる【地域密着型通所介護】東京都板橋区志村３－２６－１５", "url2": "https://www.kaigokensaku.mhlw.go.jp/13/index.php?action_kouhyou_detail_004_kani=true&JigyosyoCd=1371907567-00&ServiceCd=780&Type=search" }, "geometry": { "type": "Point", "coordinates": [ 139.6869587, 35.7788663 ] } },
{ "type": "Feature", "properties": { "内容": "デイサービス　クラスときわ台【地域密着型通所介護】東京都板橋区常磐台1-29-21", "url2": "https://www.kaigokensaku.mhlw.go.jp/13/index.php?action_kouhyou_detail_004_kani=true&JigyosyoCd=1371906619-00&ServiceCd=780&Type=search" }, "geometry": { "type": "Point", "coordinates": [ 139.690488, 35.7619742 ] } },
{ "type": "Feature", "properties": { "内容": "デイサービス　クラス　熊野町【地域密着型通所介護】東京都板橋区熊野町13－13", "url2": "https://www.kaigokensaku.mhlw.go.jp/13/index.php?action_kouhyou_detail_004_kani=true&JigyosyoCd=1371907088-00&ServiceCd=780&Type=search" }, "geometry": { "type": "Point", "coordinates": [ 139.706719199999952, 35.7423517 ] } },
{ "type": "Feature", "properties": { "内容": "癒しの里　雅　小茂根【地域密着型通所介護】東京都板橋区小茂根1-26-6", "url2": "https://www.kaigokensaku.mhlw.go.jp/13/index.php?action_kouhyou_detail_004_kani=true&JigyosyoCd=1371907419-00&ServiceCd=780&Type=search" }, "geometry": { "type": "Point", "coordinates": [ 139.67733, 35.746403 ] } },
{ "type": "Feature", "properties": { "内容": "Ａ＆Ｋコミュニティー【地域密着型通所介護】東京都板橋区蓮根1-17-5", "url2": "https://www.kaigokensaku.mhlw.go.jp/13/index.php?action_kouhyou_detail_004_kani=true&JigyosyoCd=1371908318-00&ServiceCd=780&Type=search" }, "geometry": { "type": "Point", "coordinates": [ 139.677387299999964, 35.7797075 ] } },
{ "type": "Feature", "properties": { "内容": "癒しの里　雅　前野町【地域密着型通所介護】東京都板橋区前野町２－３９－４", "url2": "https://www.kaigokensaku.mhlw.go.jp/13/index.php?action_kouhyou_detail_004_kani=true&JigyosyoCd=1371908334-00&ServiceCd=780&Type=search" }, "geometry": { "type": "Point", "coordinates": [ 139.6904836, 35.7663095 ] } },
{ "type": "Feature", "properties": { "内容": "えすぽわーるデイサービスセンター【地域密着型通所介護】東京都板橋区前野町４－５７－１０ＥＮＯＡ見次公園１０１", "url2": "https://www.kaigokensaku.mhlw.go.jp/13/index.php?action_kouhyou_detail_004_kani=true&JigyosyoCd=1371908540-00&ServiceCd=780&Type=search" }, "geometry": { "type": "Point", "coordinates": [ 139.692244599999981, 35.7726424 ] } },
{ "type": "Feature", "properties": { "内容": "東京高齢協　ふじみ【地域密着型通所介護】東京都板橋区富士見町39-9ウエキビル1Ｆ", "url2": "https://www.kaigokensaku.mhlw.go.jp/13/index.php?action_kouhyou_detail_004_kani=true&JigyosyoCd=1371908706-00&ServiceCd=780&Type=search" }, "geometry": { "type": "Point", "coordinates": [ 139.695577899999989, 35.762769152661861 ] } },
{ "type": "Feature", "properties": { "内容": "あおぞらさぽーと【地域密着型通所介護】東京都板橋区高島平7-15-2サンハイム101", "url2": "https://www.kaigokensaku.mhlw.go.jp/13/index.php?action_kouhyou_detail_004_kani=true&JigyosyoCd=1371908953-00&ServiceCd=780&Type=search" }, "geometry": { "type": "Point", "coordinates": [ 139.654749335581982, 35.790817043061949 ] } },
{ "type": "Feature", "properties": { "内容": "いいふろＤＡＹ高島平【地域密着型通所介護】東京都板橋区高島平2-13-9", "url2": "https://www.kaigokensaku.mhlw.go.jp/13/index.php?action_kouhyou_detail_004_kani=true&JigyosyoCd=1371908987-00&ServiceCd=780&Type=search" }, "geometry": { "type": "Point", "coordinates": [ 139.664244, 35.7826845 ] } },
{ "type": "Feature", "properties": { "内容": "リハプライド・なります【地域密着型通所介護】東京都板橋区成増3-6-14ウェル成増1階", "url2": "https://www.kaigokensaku.mhlw.go.jp/13/index.php?action_kouhyou_detail_004_kani=true&JigyosyoCd=1371909076-00&ServiceCd=780&Type=search" }, "geometry": { "type": "Point", "coordinates": [ 139.6363407, 35.77859809999994 ] } },
{ "type": "Feature", "properties": { "内容": "アップライフ高島平【地域密着型通所介護】東京都板橋区新河岸1-6-1", "url2": "https://www.kaigokensaku.mhlw.go.jp/13/index.php?action_kouhyou_detail_004_kani=true&JigyosyoCd=1371909209-00&ServiceCd=780&Type=search" }, "geometry": { "type": "Point", "coordinates": [ 139.666215299999976, 35.7948656 ] } },
{ "type": "Feature", "properties": { "内容": "樹楽　成増【地域密着型通所介護】東京都板橋区成増3-31-20大武ドエル　101号", "url2": "https://www.kaigokensaku.mhlw.go.jp/13/index.php?action_kouhyou_detail_004_kani=true&JigyosyoCd=1371909324-00&ServiceCd=780&Type=search" }, "geometry": { "type": "Point", "coordinates": [ 139.630492349073876, 35.780251993066919 ] } },
{ "type": "Feature", "properties": { "内容": "株式会社ゴルディロックス　リハビリセンター高島平【地域密着型通所介護】東京都板橋区高島平3-10-1135・136・137", "url2": "https://www.kaigokensaku.mhlw.go.jp/13/index.php?action_kouhyou_detail_004_kani=true&JigyosyoCd=1371909795-00&ServiceCd=780&Type=search" }, "geometry": { "type": "Point", "coordinates": [ 139.65343321506657, 35.78952217193013 ] } },
{ "type": "Feature", "properties": { "内容": "リハビリセンターRe：ACTIVE【地域密着型通所介護】東京都板橋区大山西町64-12ステラウエストウィングA102", "url2": "https://www.kaigokensaku.mhlw.go.jp/13/index.php?action_kouhyou_detail_004_kani=true&JigyosyoCd=1371910033-00&ServiceCd=780&Type=search" }, "geometry": { "type": "Point", "coordinates": [ 139.695121699999959, 35.747652600000031 ] } },
{ "type": "Feature", "properties": { "内容": "レッツ倶楽部スマイルときわ台【地域密着型通所介護】東京都板橋区常盤台3-26-17アークヒルズ常盤台101", "url2": "https://www.kaigokensaku.mhlw.go.jp/13/index.php?action_kouhyou_detail_004_kani=true&JigyosyoCd=1371910058-00&ServiceCd=780&Type=search" }, "geometry": { "type": "Point", "coordinates": [ 139.683053, 35.7620977 ] } },
{ "type": "Feature", "properties": { "内容": "東坂下高齢者在宅サービスセンター【地域密着型通所介護】東京都　板橋区　東坂下　1‐12‐7", "url2": "https://www.kaigokensaku.mhlw.go.jp/13/index.php?action_kouhyou_detail_004_kani=true&JigyosyoCd=1391901145-00&ServiceCd=780&Type=search" }, "geometry": { "type": "Point", "coordinates": [ 139.690299900000014, 35.7820104 ] } },
{ "type": "Feature", "properties": { "内容": "ケアセンス　ここも【地域密着型通所介護】東京都板橋区蓮根3-11-25東久蓮根ハイツ1F-D・Ｅ", "url2": "https://www.kaigokensaku.mhlw.go.jp/13/index.php?action_kouhyou_detail_004_kani=true&JigyosyoCd=1391900543-00&ServiceCd=780&Type=search" }, "geometry": { "type": "Point", "coordinates": [ 139.67814424766587, 35.787486202135803 ] } },
{ "type": "Feature", "properties": { "内容": "リハビリデイサービス+PlusOne【地域密着型通所介護】東京都板橋区南常盤台2-1-6クレール1階", "url2": "https://www.kaigokensaku.mhlw.go.jp/13/index.php?action_kouhyou_detail_004_kani=true&JigyosyoCd=1391900584-00&ServiceCd=780&Type=search" }, "geometry": { "type": "Point", "coordinates": [ 139.687695399999939, 35.7590381 ] } },
{ "type": "Feature", "properties": { "内容": "リハビリセンターRe：ACTIVE大山店【地域密着型通所介護】東京都板橋区大山町51-5コンフォート和1階", "url2": "https://www.kaigokensaku.mhlw.go.jp/13/index.php?action_kouhyou_detail_004_kani=true&JigyosyoCd=1391900600-00&ServiceCd=780&Type=search" }, "geometry": { "type": "Point", "coordinates": [ 139.697339199999988, 35.7498338 ] } },
{ "type": "Feature", "properties": { "内容": "レコードブック本蓮沼【地域密着型通所介護】東京都板橋区蓮沼町26-17パールマンション福田1F", "url2": "https://www.kaigokensaku.mhlw.go.jp/13/index.php?action_kouhyou_detail_004_kani=true&JigyosyoCd=1391900824-00&ServiceCd=780&Type=search" }, "geometry": { "type": "Point", "coordinates": [ 139.7043569, 35.7694239 ] } },
{ "type": "Feature", "properties": { "内容": "だんらんの家　前野町【地域密着型通所介護】東京都板橋区前野町1-5-11", "url2": "https://www.kaigokensaku.mhlw.go.jp/13/index.php?action_kouhyou_detail_004_kani=true&JigyosyoCd=1391900873-00&ServiceCd=780&Type=search" }, "geometry": { "type": "Point", "coordinates": [ 139.695824, 35.76301650000002 ] } },
{ "type": "Feature", "properties": { "内容": "リハビリデイサービスnagomi徳丸店【地域密着型通所介護】東京都板橋区徳丸1-26-14アトレイユ　1階101号", "url2": "https://www.kaigokensaku.mhlw.go.jp/13/index.php?action_kouhyou_detail_004_kani=true&JigyosyoCd=1391900907-00&ServiceCd=780&Type=search" }, "geometry": { "type": "Point", "coordinates": [ 139.66488419999996, 35.7699234 ] } },
{ "type": "Feature", "properties": { "内容": "キーステーション【地域密着型通所介護】東京都板橋区上板橋一丁目１９号１６番アソルティ上板橋２０３号室", "url2": "https://www.kaigokensaku.mhlw.go.jp/13/index.php?action_kouhyou_detail_004_kani=true&JigyosyoCd=1391900949-00&ServiceCd=780&Type=search" }, "geometry": { "type": "Point", "coordinates": [ 139.6752203, 35.7614672 ] } },
{ "type": "Feature", "properties": { "内容": "Ａ＆Ｋコミュニティー２号店【地域密着型通所介護】東京都板橋区蓮根2-20-9スピード食品ビル", "url2": "https://www.kaigokensaku.mhlw.go.jp/13/index.php?action_kouhyou_detail_004_kani=true&JigyosyoCd=1391900998-00&ServiceCd=780&Type=search" }, "geometry": { "type": "Point", "coordinates": [ 139.676587500000011, 35.7832377 ] } },
{ "type": "Feature", "properties": { "内容": "株式会社ゴルディロックス　リハビリセンター徳丸【地域密着型通所介護】東京都板橋区徳丸5-2-4", "url2": "https://www.kaigokensaku.mhlw.go.jp/13/index.php?action_kouhyou_detail_004_kani=true&JigyosyoCd=1391901004-00&ServiceCd=780&Type=search" }, "geometry": { "type": "Point", "coordinates": [ 139.6582851, 35.7761908 ] } },
{ "type": "Feature", "properties": { "内容": "グリーンデイ上板橋【地域密着型通所介護】東京都板橋区常盤台4－37－8ロードコート常盤台1F", "url2": "https://www.kaigokensaku.mhlw.go.jp/13/index.php?action_kouhyou_detail_004_kani=true&JigyosyoCd=1391901046-00&ServiceCd=780&Type=search" }, "geometry": { "type": "Point", "coordinates": [ 139.676276800000011, 35.7657653 ] } },
{ "type": "Feature", "properties": { "内容": "リハビリデイサロン　ゆず【地域密着型通所介護】東京都板橋区仲宿24-8エトワール仲宿1階", "url2": "https://www.kaigokensaku.mhlw.go.jp/13/index.php?action_kouhyou_detail_004_kani=true&JigyosyoCd=1391901061-00&ServiceCd=780&Type=search" }, "geometry": { "type": "Point", "coordinates": [ 139.711224037434363, 35.756530115194025 ] } },
{ "type": "Feature", "properties": { "内容": "あおぞらぷらす【地域密着型通所介護】東京都板橋区西台2-41-7第3飯島ハイツ101", "url2": "https://www.kaigokensaku.mhlw.go.jp/13/index.php?action_kouhyou_detail_004_kani=true&JigyosyoCd=1391901079-00&ServiceCd=780&Type=search" }, "geometry": { "type": "Point", "coordinates": [ 139.667412832540919, 35.780885596136528 ] } },
{ "type": "Feature", "properties": { "内容": "リハビリセンターRe:ACTIVE　弥生店【地域密着型通所介護】東京都板橋区弥生町4-41階", "url2": "https://www.kaigokensaku.mhlw.go.jp/13/index.php?action_kouhyou_detail_004_kani=true&JigyosyoCd=1391901137-00&ServiceCd=780&Type=search" }, "geometry": { "type": "Point", "coordinates": [ 139.694980236193658, 35.750964262057465 ] } },
{ "type": "Feature", "properties": { "内容": "デイサロン凛【地域密着型通所介護】東京都板橋区赤塚３－３５－９VenusCourt101", "url2": "https://www.kaigokensaku.mhlw.go.jp/13/index.php?action_kouhyou_detail_004_kani=true&JigyosyoCd=1391901178-00&ServiceCd=780&Type=search" }, "geometry": { "type": "Point", "coordinates": [ 139.6377771, 35.7798805 ] } },
{ "type": "Feature", "properties": { "内容": "リズム・リゾートときわ台【地域密着型通所介護】東京都板橋区東新町２丁目５６－９SOBビル　１階", "url2": "https://www.kaigokensaku.mhlw.go.jp/13/index.php?action_kouhyou_detail_004_kani=true&JigyosyoCd=1391901186-00&ServiceCd=780&Type=search" }, "geometry": { "type": "Point", "coordinates": [ 139.683224200000012, 35.7535098 ] } },
{ "type": "Feature", "properties": { "内容": "レコードブック上板橋【地域密着型通所介護】東京都板橋区上板橋3-27-12第五桜マンション1F", "url2": "https://www.kaigokensaku.mhlw.go.jp/13/index.php?action_kouhyou_detail_004_kani=true&JigyosyoCd=1391901202-00&ServiceCd=780&Type=search" }, "geometry": { "type": "Point", "coordinates": [ 139.6698091, 35.7666233 ] } },
{ "type": "Feature", "properties": { "内容": "スマイルデイサービス新高島平【地域密着型通所介護】東京都板橋区高島平5-45-9", "url2": "https://www.kaigokensaku.mhlw.go.jp/13/index.php?action_kouhyou_detail_004_kani=true&JigyosyoCd=1371907716-00&ServiceCd=780&Type=search" }, "geometry": { "type": "Point", "coordinates": [ 139.648834, 35.7901329 ] } },
{ "type": "Feature", "properties": { "内容": "サンベストビレッジ浮間公園【地域密着型通所介護】東京都板橋区舟渡1-19-9", "url2": "https://www.kaigokensaku.mhlw.go.jp/13/index.php?action_kouhyou_detail_004_kani=true&JigyosyoCd=1371907948-00&ServiceCd=780&Type=search" }, "geometry": { "type": "Point", "coordinates": [ 139.685998515344153, 35.793265510041046 ] } },
{ "type": "Feature", "properties": { "内容": "デイサービスさと【地域密着型通所介護】東京都板橋区常盤台1丁目32番3号", "url2": "https://www.kaigokensaku.mhlw.go.jp/13/index.php?action_kouhyou_detail_004_kani=true&JigyosyoCd=1391900576-00&ServiceCd=780&Type=search" }, "geometry": { "type": "Point", "coordinates": [ 139.692036599999938, 35.7620407 ] } },
{ "type": "Feature", "properties": { "内容": "リハビリセンターＲＥ：ＡＣＴＩＶＥ　中板橋店【地域密着型通所介護】東京都板橋区常盤台一丁目63番8号邑本ビル1階", "url2": "https://www.kaigokensaku.mhlw.go.jp/13/index.php?action_kouhyou_detail_004_kani=true&JigyosyoCd=1391900709-00&ServiceCd=780&Type=search" }, "geometry": { "type": "Point", "coordinates": [ 139.693932185267414, 35.758240793657926 ] } },
{ "type": "Feature", "properties": { "内容": "楓の風　リハビリテーション颯　板橋【地域密着型通所介護】東京都板橋区赤塚7丁目22-14ピュアロイヤル101号", "url2": "https://www.kaigokensaku.mhlw.go.jp/13/index.php?action_kouhyou_detail_004_kani=true&JigyosyoCd=1391900717-00&ServiceCd=780&Type=search" }, "geometry": { "type": "Point", "coordinates": [ 139.647434400000066, 35.778068 ] } },
{ "type": "Feature", "properties": { "内容": "デイサービスあいである高島平２号館【地域密着型通所介護】東京都板橋区高島平7-16-16アースイン高島平１Ｆ", "url2": "https://www.kaigokensaku.mhlw.go.jp/13/index.php?action_kouhyou_detail_004_kani=true&JigyosyoCd=1391900725-00&ServiceCd=780&Type=search" }, "geometry": { "type": "Point", "coordinates": [ 139.654875100000027, 35.7914495 ] } },
{ "type": "Feature", "properties": { "内容": "レコードブック高島平【地域密着型通所介護】東京都板橋区高島平8-17-8サンライズサカヤ　101", "url2": "https://www.kaigokensaku.mhlw.go.jp/13/index.php?action_kouhyou_detail_004_kani=true&JigyosyoCd=1391900808-00&ServiceCd=780&Type=search" }, "geometry": { "type": "Point", "coordinates": [ 139.660808, 35.7906165 ] } },
{ "type": "Feature", "properties": { "内容": "レコードブック大山【地域密着型通所介護】東京都板橋区中丸町43-6サンライン第59ビル", "url2": "https://www.kaigokensaku.mhlw.go.jp/13/index.php?action_kouhyou_detail_004_kani=true&JigyosyoCd=1391901210-00&ServiceCd=780&Type=search" }, "geometry": { "type": "Point", "coordinates": [ 139.703042399999987, 35.7429891 ] } },
{ "type": "Feature", "properties": { "内容": "リハビリデイサービスネスト【地域密着型通所介護】東京都板橋区大谷口2−2−6プレスティージ大谷口102", "url2": "https://www.kaigokensaku.mhlw.go.jp/13/index.php?action_kouhyou_detail_004_kani=true&JigyosyoCd=1391901269-00&ServiceCd=780&Type=search" }, "geometry": { "type": "Point", "coordinates": [ 139.6904619, 35.7459902 ] } },
{ "type": "Feature", "properties": { "内容": "ぱすてるデイサービス四葉【地域密着型通所介護】東京都板橋区四葉2-15-11階", "url2": "https://www.kaigokensaku.mhlw.go.jp/13/index.php?action_kouhyou_detail_004_kani=true&JigyosyoCd=1391901277-00&ServiceCd=780&Type=search" }, "geometry": { "type": "Point", "coordinates": [ 139.6535993, 35.7814151 ] } },
{ "type": "Feature", "properties": { "内容": "りはふれんず大山金井【地域密着型通所介護】東京都板橋区大山金井町29-1大山金井事務所1階", "url2": "https://www.kaigokensaku.mhlw.go.jp/13/index.php?action_kouhyou_detail_004_kani=true&JigyosyoCd=1391901285-00&ServiceCd=780&Type=search" }, "geometry": { "type": "Point", "coordinates": [ 139.706312700000012, 35.7449373 ] } },
{ "type": "Feature", "properties": { "内容": "レコードブック志村坂上【地域密着型通所介護】東京都板橋区志村坂上1-13-12", "url2": "https://www.kaigokensaku.mhlw.go.jp/13/index.php?action_kouhyou_detail_004_kani=true&JigyosyoCd=1391901293-00&ServiceCd=780&Type=search" }, "geometry": { "type": "Point", "coordinates": [ 139.695387399999987, 35.7757692 ] } },
{ "type": "Feature", "properties": { "内容": "デイサービス板橋区役所前店【地域密着型通所介護】東京都板橋区板橋3丁目42番地2号", "url2": "https://www.kaigokensaku.mhlw.go.jp/13/index.php?action_kouhyou_detail_004_kani=true&JigyosyoCd=1371906403-00&ServiceCd=780&Type=search" }, "geometry": { "type": "Point", "coordinates": [ 139.7152122, 35.7526522 ] } },
{ "type": "Feature", "properties": { "内容": "ハッピー＆スマイルラボ健康の素【地域密着型通所介護】東京都板橋区坂下3-28-16", "url2": "https://www.kaigokensaku.mhlw.go.jp/13/index.php?action_kouhyou_detail_004_kani=true&JigyosyoCd=1371908342-00&ServiceCd=780&Type=search" }, "geometry": { "type": "Point", "coordinates": [ 139.68011093431312, 35.789340714849686 ] } },
{ "type": "Feature", "properties": { "内容": "レコードブック成増【地域密着型通所介護】東京都板橋区成増3丁目16-12カーラウスたなか1階", "url2": "https://www.kaigokensaku.mhlw.go.jp/13/index.php?action_kouhyou_detail_004_kani=true&JigyosyoCd=1391901343-00&ServiceCd=780&Type=search" }, "geometry": { "type": "Point", "coordinates": [ 139.635057, 35.7802806 ] } },
{ "type": "Feature", "properties": { "内容": "さわやか清水町リハビリデイサービス【地域密着型通所介護】東京都板橋区清水町51-7メゾンドアーク1階", "url2": "https://www.kaigokensaku.mhlw.go.jp/13/index.php?action_kouhyou_detail_004_kani=true&JigyosyoCd=1391901350-00&ServiceCd=780&Type=search" }, "geometry": { "type": "Point", "coordinates": [ 139.7068185, 35.7644571 ] } },
{ "type": "Feature", "properties": { "内容": "デイサービスフレンズ【地域密着型通所介護】東京都板橋区常盤台4-21-7友野ビル１階", "url2": "https://www.kaigokensaku.mhlw.go.jp/13/index.php?action_kouhyou_detail_004_kani=true&JigyosyoCd=1371907229-00&ServiceCd=780&Type=search" }, "geometry": { "type": "Point", "coordinates": [ 139.678555400000022, 35.76376740000002 ] } },
{ "type": "Feature", "properties": { "内容": "デイサービスセンターパークサイド【地域密着型通所介護】東京都板橋区高島平3-2-1ドミール赤塚公園101", "url2": "https://www.kaigokensaku.mhlw.go.jp/13/index.php?action_kouhyou_detail_004_kani=true&JigyosyoCd=1371907849-00&ServiceCd=780&Type=search" }, "geometry": { "type": "Point", "coordinates": [ 139.654256499999974, 35.7844645 ] } },
{ "type": "Feature", "properties": { "内容": "コンパスウォーク徳丸【地域密着型通所介護】東京都板橋区徳丸6-47-8", "url2": "https://www.kaigokensaku.mhlw.go.jp/13/index.php?action_kouhyou_detail_004_kani=true&JigyosyoCd=1391900659-00&ServiceCd=780&Type=search" }, "geometry": { "type": "Point", "coordinates": [ 139.663419100000056, 35.780270900000019 ] } },
{ "type": "Feature", "properties": { "内容": "デイサービスありがたいテラス【地域密着型通所介護】東京都板橋区中丸町１１－８要町通信ビル５階", "url2": "https://www.kaigokensaku.mhlw.go.jp/13/index.php?action_kouhyou_detail_004_kani=true&JigyosyoCd=1391901392-00&ServiceCd=780&Type=search" }, "geometry": { "type": "Point", "coordinates": [ 139.704420199999987, 35.7399134 ] } },
{ "type": "Feature", "properties": { "内容": "エンターテイメント絆【地域密着型通所介護】東京都板橋区上板橋３－５－９長見ビル1階", "url2": "https://www.kaigokensaku.mhlw.go.jp/13/index.php?action_kouhyou_detail_004_kani=true&JigyosyoCd=1391901400-00&ServiceCd=780&Type=search" }, "geometry": { "type": "Point", "coordinates": [ 139.675877500000013, 35.7658157 ] } },
{ "type": "Feature", "properties": { "内容": "Ｓ－ＦＩＴ　ＣＡＲＥ　桜台店【地域密着型通所介護】東京都練馬区羽沢１－１８－１１", "url2": "https://www.kaigokensaku.mhlw.go.jp/13/index.php?action_kouhyou_detail_004_kani=true&JigyosyoCd=1372010858-00&ServiceCd=780&Type=search" }, "geometry": { "type": "Point", "coordinates": [ 139.6712612, 35.7423895 ] } },
{ "type": "Feature", "properties": { "内容": "機能訓練型市毛デイサービス【地域密着型通所介護】東京都練馬区関町南2-2-6善福寺コーポ105", "url2": "https://www.kaigokensaku.mhlw.go.jp/13/index.php?action_kouhyou_detail_004_kani=true&JigyosyoCd=1372007417-00&ServiceCd=780&Type=search" }, "geometry": { "type": "Point", "coordinates": [ 139.590963800000054, 35.7200132 ] } },
{ "type": "Feature", "properties": { "内容": "デイサービス関町さくら【地域密着型通所介護】東京都練馬区関町南2-6-22シャルマンコーポ壱番館110", "url2": "https://www.kaigokensaku.mhlw.go.jp/13/index.php?action_kouhyou_detail_004_kani=true&JigyosyoCd=1392000756-00&ServiceCd=780&Type=search" }, "geometry": { "type": "Point", "coordinates": [ 139.5873329, 35.7213254 ] } },
{ "type": "Feature", "properties": { "内容": "ふぁみりぃデイサービス【地域密着型通所介護】東京都練馬区旭町1-15-7　1F", "url2": "https://www.kaigokensaku.mhlw.go.jp/13/index.php?action_kouhyou_detail_004_kani=true&JigyosyoCd=1372003341-00&ServiceCd=780&Type=search" }, "geometry": { "type": "Point", "coordinates": [ 139.6251834, 35.7640581 ] } },
{ "type": "Feature", "properties": { "内容": "西おおいずみ翔裕館【地域密着型通所介護】東京都練馬区西大泉1-23-7", "url2": "https://www.kaigokensaku.mhlw.go.jp/13/index.php?action_kouhyou_detail_004_kani=true&JigyosyoCd=1392000806-00&ServiceCd=780&Type=search" }, "geometry": { "type": "Point", "coordinates": [ 139.573522, 35.75461880000001 ] } },
{ "type": "Feature", "properties": { "内容": "デイサービス長楽【地域密着型通所介護】東京都練馬区上石神井3-14-9", "url2": "https://www.kaigokensaku.mhlw.go.jp/13/index.php?action_kouhyou_detail_004_kani=true&JigyosyoCd=1392001416-00&ServiceCd=780&Type=search" }, "geometry": { "type": "Point", "coordinates": [ 139.596539816532896, 35.730039935860006 ] } },
{ "type": "Feature", "properties": { "内容": "有限会社ライフケアサービス春風【地域密着型通所介護】東京都練馬区土支田４－６－１２HIビレッジA-1", "url2": "https://www.kaigokensaku.mhlw.go.jp/13/index.php?action_kouhyou_detail_004_kani=true&JigyosyoCd=1372003069-00&ServiceCd=780&Type=search" }, "geometry": { "type": "Point", "coordinates": [ 139.615109299999972, 35.7667575 ] } },
{ "type": "Feature", "properties": { "内容": "デイサービス山に鳴く鳥【地域密着型通所介護】東京都練馬区関町北５－１７－４", "url2": "https://www.kaigokensaku.mhlw.go.jp/13/index.php?action_kouhyou_detail_004_kani=true&JigyosyoCd=1372003275-00&ServiceCd=780&Type=search" }, "geometry": { "type": "Point", "coordinates": [ 139.574708699999974, 35.7343268 ] } },
{ "type": "Feature", "properties": { "内容": "システム・ハーイ　あいあい第二【地域密着型通所介護】東京都練馬区豊玉上１丁目２番１３号ウエストヴィレッヂ１Ｆ", "url2": "https://www.kaigokensaku.mhlw.go.jp/13/index.php?action_kouhyou_detail_004_kani=true&JigyosyoCd=1372003796-00&ServiceCd=780&Type=search" }, "geometry": { "type": "Point", "coordinates": [ 139.6721698, 35.7343181 ] } },
{ "type": "Feature", "properties": { "内容": "梅のさとデイサービス【地域密着型通所介護】東京都練馬区石神井台2-7-2", "url2": "https://www.kaigokensaku.mhlw.go.jp/13/index.php?action_kouhyou_detail_004_kani=true&JigyosyoCd=1372004737-00&ServiceCd=780&Type=search" }, "geometry": { "type": "Point", "coordinates": [ 139.591877, 35.7346829 ] } },
{ "type": "Feature", "properties": { "内容": "梅のさとデイサービス上石神井【地域密着型通所介護】東京都練馬区上石神井4-4-21ゴービル１F", "url2": "https://www.kaigokensaku.mhlw.go.jp/13/index.php?action_kouhyou_detail_004_kani=true&JigyosyoCd=1372005726-00&ServiceCd=780&Type=search" }, "geometry": { "type": "Point", "coordinates": [ 139.591290597783626, 35.72864853546151 ] } },
{ "type": "Feature", "properties": { "内容": "有限会社ライフ・ワン　デイサービスすずらん【地域密着型通所介護】東京都練馬区南田中4丁目10番18号デイサービス　すずらん", "url2": "https://www.kaigokensaku.mhlw.go.jp/13/index.php?action_kouhyou_detail_004_kani=true&JigyosyoCd=1372005809-00&ServiceCd=780&Type=search" }, "geometry": { "type": "Point", "coordinates": [ 139.6138833, 35.7348141 ] } },
{ "type": "Feature", "properties": { "内容": "スリーベルデイ石神井公園【地域密着型通所介護】東京都練馬区石神井台1-19-8", "url2": "https://www.kaigokensaku.mhlw.go.jp/13/index.php?action_kouhyou_detail_004_kani=true&JigyosyoCd=1372006708-00&ServiceCd=780&Type=search" }, "geometry": { "type": "Point", "coordinates": [ 139.595157200000017, 35.7360578 ] } },
{ "type": "Feature", "properties": { "内容": "デイハウスＯＨＡＮＡ大泉【地域密着型通所介護】東京都練馬区大泉町2-54-8ＳＥＬLY加計呂麻1,2階", "url2": "https://www.kaigokensaku.mhlw.go.jp/13/index.php?action_kouhyou_detail_004_kani=true&JigyosyoCd=1372006930-00&ServiceCd=780&Type=search" }, "geometry": { "type": "Point", "coordinates": [ 139.607502100000033, 35.7619551 ] } },
{ "type": "Feature", "properties": { "内容": "デイサービスエプロン【地域密着型通所介護】東京都練馬区石神井町８－５３－２４", "url2": "https://www.kaigokensaku.mhlw.go.jp/13/index.php?action_kouhyou_detail_004_kani=true&JigyosyoCd=1372006997-00&ServiceCd=780&Type=search" }, "geometry": { "type": "Point", "coordinates": [ 139.59848771045074, 35.750457562642126 ] } },
{ "type": "Feature", "properties": { "内容": "アースサポート練馬高野台【地域密着型通所介護】東京都練馬区高野台2丁目8番5号", "url2": "https://www.kaigokensaku.mhlw.go.jp/13/index.php?action_kouhyou_detail_004_kani=true&JigyosyoCd=1372007052-00&ServiceCd=780&Type=search" }, "geometry": { "type": "Point", "coordinates": [ 139.620815399999969, 35.7465351 ] } },
{ "type": "Feature", "properties": { "内容": "おちゃっこ大泉【地域密着型通所介護】東京都練馬区大泉学園町2-7-12ハイム大泉１階", "url2": "https://www.kaigokensaku.mhlw.go.jp/13/index.php?action_kouhyou_detail_004_kani=true&JigyosyoCd=1372007151-00&ServiceCd=780&Type=search" }, "geometry": { "type": "Point", "coordinates": [ 139.5854803, 35.755059400000015 ] } },
{ "type": "Feature", "properties": { "内容": "リハビリデイサービスnagomi井荻店【地域密着型通所介護】東京都練馬区南田中4-1-18ﾗｲﾗｯｸｿﾞｰﾝIBK　1階", "url2": "https://www.kaigokensaku.mhlw.go.jp/13/index.php?action_kouhyou_detail_004_kani=true&JigyosyoCd=1372007243-00&ServiceCd=780&Type=search" }, "geometry": { "type": "Point", "coordinates": [ 139.614272300000039, 35.7313034 ] } },
{ "type": "Feature", "properties": { "内容": "デイサービスひのきの森【地域密着型通所介護】東京都練馬区石神井台5-22-41フォーラム石神井103･104", "url2": "https://www.kaigokensaku.mhlw.go.jp/13/index.php?action_kouhyou_detail_004_kani=true&JigyosyoCd=1372007573-00&ServiceCd=780&Type=search" }, "geometry": { "type": "Point", "coordinates": [ 139.588838132972654, 35.737185433721514 ] } },
{ "type": "Feature", "properties": { "内容": "デイホーム　青い空【地域密着型通所介護】東京都練馬区石神井町1-1都営南田中団地35棟　107号", "url2": "https://www.kaigokensaku.mhlw.go.jp/13/index.php?action_kouhyou_detail_004_kani=true&JigyosyoCd=1372007631-00&ServiceCd=780&Type=search" }, "geometry": { "type": "Point", "coordinates": [ 139.611649899999946, 35.7398051 ] } },
{ "type": "Feature", "properties": { "内容": "東京ヘルスケア機能訓練センター関町【地域密着型通所介護】東京都練馬区関町北１－１７－６チュリス武蔵関１０１", "url2": "https://www.kaigokensaku.mhlw.go.jp/13/index.php?action_kouhyou_detail_004_kani=true&JigyosyoCd=1372007706-00&ServiceCd=780&Type=search" }, "geometry": { "type": "Point", "coordinates": [ 139.578513599999951, 35.7257305 ] } },
{ "type": "Feature", "properties": { "内容": "リハビリデイサービスnagomi桜台店【地域密着型通所介護】東京都練馬区桜台4－21－1", "url2": "https://www.kaigokensaku.mhlw.go.jp/13/index.php?action_kouhyou_detail_004_kani=true&JigyosyoCd=1372007953-00&ServiceCd=780&Type=search" }, "geometry": { "type": "Point", "coordinates": [ 139.657270899999958, 35.7396175 ] } },
{ "type": "Feature", "properties": { "内容": "デイサービス喫茶「松」【地域密着型通所介護】東京都練馬区下石神井六丁目42番8号", "url2": "https://www.kaigokensaku.mhlw.go.jp/13/index.php?action_kouhyou_detail_004_kani=true&JigyosyoCd=1372008043-00&ServiceCd=780&Type=search" }, "geometry": { "type": "Point", "coordinates": [ 139.600770600000033, 35.7341332 ] } },
{ "type": "Feature", "properties": { "内容": "デイサービスやすらぎ邸　練馬【地域密着型通所介護】東京都練馬区向山２－３－６", "url2": "https://www.kaigokensaku.mhlw.go.jp/13/index.php?action_kouhyou_detail_004_kani=true&JigyosyoCd=1372008324-00&ServiceCd=780&Type=search" }, "geometry": { "type": "Point", "coordinates": [ 139.644438, 35.739205 ] } },
{ "type": "Feature", "properties": { "内容": "グリーンデイ石神井台【地域密着型通所介護】東京都練馬区石神井台8-5-43", "url2": "https://www.kaigokensaku.mhlw.go.jp/13/index.php?action_kouhyou_detail_004_kani=true&JigyosyoCd=1372009934-00&ServiceCd=780&Type=search" }, "geometry": { "type": "Point", "coordinates": [ 139.5826629, 35.7360512 ] } },
{ "type": "Feature", "properties": { "内容": "リハビリ型ひかりデイサ－ビス江古田店【地域密着型通所介護】東京都練馬区豊玉上1-8-7中村ビル1階", "url2": "https://www.kaigokensaku.mhlw.go.jp/13/index.php?action_kouhyou_detail_004_kani=true&JigyosyoCd=1372010460-00&ServiceCd=780&Type=search" }, "geometry": { "type": "Point", "coordinates": [ 139.6720808, 35.7360374 ] } },
{ "type": "Feature", "properties": { "内容": "リハビリデイサービス　動楽【地域密着型通所介護】東京都練馬区大泉学園町4-18-41", "url2": "https://www.kaigokensaku.mhlw.go.jp/13/index.php?action_kouhyou_detail_004_kani=true&JigyosyoCd=1372010528-00&ServiceCd=780&Type=search" }, "geometry": { "type": "Point", "coordinates": [ 139.590159500000027, 35.7649403 ] } },
{ "type": "Feature", "properties": { "内容": "リハビリデイ・ローズヒル【地域密着型通所介護】東京都練馬区貫井3－14－12富士見台ﾏﾝｼｮﾝ１階", "url2": "https://www.kaigokensaku.mhlw.go.jp/13/index.php?action_kouhyou_detail_004_kani=true&JigyosyoCd=1372010692-00&ServiceCd=780&Type=search" }, "geometry": { "type": "Point", "coordinates": [ 139.628935921426375, 35.736920320556514 ] } },
{ "type": "Feature", "properties": { "内容": "音楽デイ　歌のつばさ【地域密着型通所介護】東京都練馬区上石神井2-17-13シェンドレ1階", "url2": "https://www.kaigokensaku.mhlw.go.jp/13/index.php?action_kouhyou_detail_004_kani=true&JigyosyoCd=1372010742-00&ServiceCd=780&Type=search" }, "geometry": { "type": "Point", "coordinates": [ 139.59544065904953, 35.729513319922994 ] } },
{ "type": "Feature", "properties": { "内容": "デイサービス　ビーステップ大泉【地域密着型通所介護】東京都練馬区大泉学園町2-23-65うらしま荘", "url2": "https://www.kaigokensaku.mhlw.go.jp/13/index.php?action_kouhyou_detail_004_kani=true&JigyosyoCd=1372010759-00&ServiceCd=780&Type=search" }, "geometry": { "type": "Point", "coordinates": [ 139.5870016, 35.7593131 ] } },
{ "type": "Feature", "properties": { "内容": "トータルリハセンター富士見台【地域密着型通所介護】東京都練馬区貫井1－48－4すだまマンション1Ｆ", "url2": "https://www.kaigokensaku.mhlw.go.jp/13/index.php?action_kouhyou_detail_004_kani=true&JigyosyoCd=1372011070-00&ServiceCd=780&Type=search" }, "geometry": { "type": "Point", "coordinates": [ 139.63107059999993, 35.7356534 ] } },
{ "type": "Feature", "properties": { "内容": "デイサービス南南西の風【地域密着型通所介護】東京都練馬区南田中1-13-29", "url2": "https://www.kaigokensaku.mhlw.go.jp/13/index.php?action_kouhyou_detail_004_kani=true&JigyosyoCd=1372011161-00&ServiceCd=780&Type=search" }, "geometry": { "type": "Point", "coordinates": [ 139.617844099999957, 35.732106200000018 ] } },
{ "type": "Feature", "properties": { "内容": "デイサービス一番星【地域密着型通所介護】東京都練馬区大泉学園町7-16-22みよしビル・1階", "url2": "https://www.kaigokensaku.mhlw.go.jp/13/index.php?action_kouhyou_detail_004_kani=true&JigyosyoCd=1372011369-00&ServiceCd=780&Type=search" }, "geometry": { "type": "Point", "coordinates": [ 139.5862769, 35.7746977 ] } },
{ "type": "Feature", "properties": { "内容": "GENKI　NEXT　練馬豊玉北【地域密着型通所介護】東京都練馬区豊玉北5-7-11藤和シティホームズ練馬　102", "url2": "https://www.kaigokensaku.mhlw.go.jp/13/index.php?action_kouhyou_detail_004_kani=true&JigyosyoCd=1392000830-00&ServiceCd=780&Type=search" }, "geometry": { "type": "Point", "coordinates": [ 139.656010299999906, 35.7349783 ] } },
{ "type": "Feature", "properties": { "内容": "リハビリデイサービスnagomi中村橋店【地域密着型通所介護】東京都練馬区貫井1-2-1中村橋サンパレス111（1F）", "url2": "https://www.kaigokensaku.mhlw.go.jp/13/index.php?action_kouhyou_detail_004_kani=true&JigyosyoCd=1392001002-00&ServiceCd=780&Type=search" }, "geometry": { "type": "Point", "coordinates": [ 139.637712, 35.737109 ] } },
{ "type": "Feature", "properties": { "内容": "リハビリデイサービスnagomi武蔵関店【地域密着型通所介護】東京都練馬区関町北4-7-13Ibis武蔵関　1階", "url2": "https://www.kaigokensaku.mhlw.go.jp/13/index.php?action_kouhyou_detail_004_kani=true&JigyosyoCd=1392001044-00&ServiceCd=780&Type=search" }, "geometry": { "type": "Point", "coordinates": [ 139.576364, 35.7284414 ] } },
{ "type": "Feature", "properties": { "内容": "デイサービスここけあ江古田の湯【地域密着型通所介護】東京都練馬区栄町40-14三勇ビル1階", "url2": "https://www.kaigokensaku.mhlw.go.jp/13/index.php?action_kouhyou_detail_004_kani=true&JigyosyoCd=1392001051-00&ServiceCd=780&Type=search" }, "geometry": { "type": "Point", "coordinates": [ 139.671638599999966, 35.7393716 ] } },
{ "type": "Feature", "properties": { "内容": "デイサービス葉生武蔵関【地域密着型通所介護】東京都練馬区関町北３丁目14番25号", "url2": "https://www.kaigokensaku.mhlw.go.jp/13/index.php?action_kouhyou_detail_004_kani=true&JigyosyoCd=1392001085-00&ServiceCd=780&Type=search" }, "geometry": { "type": "Point", "coordinates": [ 139.5689605, 35.7250938 ] } },
{ "type": "Feature", "properties": { "内容": "アップライフ石神井台【地域密着型通所介護】東京都練馬区石神井台6-3-19", "url2": "https://www.kaigokensaku.mhlw.go.jp/13/index.php?action_kouhyou_detail_004_kani=true&JigyosyoCd=1392001135-00&ServiceCd=780&Type=search" }, "geometry": { "type": "Point", "coordinates": [ 139.587209, 35.7419408 ] } },
{ "type": "Feature", "properties": { "内容": "めぐみガーデン【地域密着型通所介護】東京都練馬区石神井町3-10-25", "url2": "https://www.kaigokensaku.mhlw.go.jp/13/index.php?action_kouhyou_detail_004_kani=true&JigyosyoCd=1392001234-00&ServiceCd=780&Type=search" }, "geometry": { "type": "Point", "coordinates": [ 139.605589, 35.7409882 ] } },
{ "type": "Feature", "properties": { "内容": "ゆとり庵高野台店【地域密着型通所介護】東京都練馬区南田中5-15-11", "url2": "https://www.kaigokensaku.mhlw.go.jp/13/index.php?action_kouhyou_detail_004_kani=true&JigyosyoCd=1392001275-00&ServiceCd=780&Type=search" }, "geometry": { "type": "Point", "coordinates": [ 139.6106073, 35.7372139 ] } },
{ "type": "Feature", "properties": { "内容": "デイサービス金のまり【地域密着型通所介護】東京都練馬区石神井台八丁目８番８号", "url2": "https://www.kaigokensaku.mhlw.go.jp/13/index.php?action_kouhyou_detail_004_kani=true&JigyosyoCd=1372003390-00&ServiceCd=780&Type=search" }, "geometry": { "type": "Point", "coordinates": [ 139.580182422090189, 35.734296655952996 ] } },
{ "type": "Feature", "properties": { "内容": "マイ・ハート倶楽部　石神井台【地域密着型通所介護】東京都練馬区石神井台８－３－８", "url2": "https://www.kaigokensaku.mhlw.go.jp/13/index.php?action_kouhyou_detail_004_kani=true&JigyosyoCd=1372006179-00&ServiceCd=780&Type=search" }, "geometry": { "type": "Point", "coordinates": [ 139.582361, 35.7344798 ] } },
{ "type": "Feature", "properties": { "内容": "桜台リハビリデイサービス【地域密着型通所介護】東京都練馬区豊玉北3-26-6ベルエール桜台103", "url2": "https://www.kaigokensaku.mhlw.go.jp/13/index.php?action_kouhyou_detail_004_kani=true&JigyosyoCd=1372006260-00&ServiceCd=780&Type=search" }, "geometry": { "type": "Point", "coordinates": [ 139.661266425165877, 35.7365622053957 ] } },
{ "type": "Feature", "properties": { "内容": "サーラかがやき【地域密着型通所介護】東京都練馬区北町８－３－２０", "url2": "https://www.kaigokensaku.mhlw.go.jp/13/index.php?action_kouhyou_detail_004_kani=true&JigyosyoCd=1372006476-00&ServiceCd=780&Type=search" }, "geometry": { "type": "Point", "coordinates": [ 139.650123500000063, 35.7640533 ] } },
{ "type": "Feature", "properties": { "内容": "デイサービス　パンジー【地域密着型通所介護】東京都練馬区貫井4-47-49", "url2": "https://www.kaigokensaku.mhlw.go.jp/13/index.php?action_kouhyou_detail_004_kani=true&JigyosyoCd=1372007250-00&ServiceCd=780&Type=search" }, "geometry": { "type": "Point", "coordinates": [ 139.628162630653833, 35.743963470467314 ] } },
{ "type": "Feature", "properties": { "内容": "スマイルデイサービス成増【地域密着型通所介護】東京都練馬区旭町3-2-6", "url2": "https://www.kaigokensaku.mhlw.go.jp/13/index.php?action_kouhyou_detail_004_kani=true&JigyosyoCd=1372008365-00&ServiceCd=780&Type=search" }, "geometry": { "type": "Point", "coordinates": [ 139.62837380000002, 35.774693400000011 ] } },
{ "type": "Feature", "properties": { "内容": "ﾃﾞｲｻｰﾋﾞｽかたくりの里大泉【地域密着型通所介護】東京都練馬区大泉町5-35-6後藤ビル1階", "url2": "https://www.kaigokensaku.mhlw.go.jp/13/index.php?action_kouhyou_detail_004_kani=true&JigyosyoCd=1372008589-00&ServiceCd=780&Type=search" }, "geometry": { "type": "Point", "coordinates": [ 139.590173600000071, 35.758227200000022 ] } },
{ "type": "Feature", "properties": { "内容": "デイサービス　かたくりの里　富士見台【地域密着型通所介護】東京都練馬区富士見台2-18-1脇坂ビル１F", "url2": "https://www.kaigokensaku.mhlw.go.jp/13/index.php?action_kouhyou_detail_004_kani=true&JigyosyoCd=1372008605-00&ServiceCd=780&Type=search" }, "geometry": { "type": "Point", "coordinates": [ 139.639284410748132, 35.73445093056845 ] } },
{ "type": "Feature", "properties": { "内容": "リハビリデイサービス梅のさと石神井台【地域密着型通所介護】東京都練馬区石神井台2-3-16エクセル三栄第二1階", "url2": "https://www.kaigokensaku.mhlw.go.jp/13/index.php?action_kouhyou_detail_004_kani=true&JigyosyoCd=1372008688-00&ServiceCd=780&Type=search" }, "geometry": { "type": "Point", "coordinates": [ 139.593164003670154, 35.734228157402008 ] } },
{ "type": "Feature", "properties": { "内容": "予防・ﾘﾊﾋﾞﾘﾃﾞｲｻｰﾋﾞｽ雅ｺﾝﾃﾞィｼｮﾆﾝｸﾞｵﾌｨｽ【地域密着型通所介護】東京都練馬区上石神井1-28-24", "url2": "https://www.kaigokensaku.mhlw.go.jp/13/index.php?action_kouhyou_detail_004_kani=true&JigyosyoCd=1372008704-00&ServiceCd=780&Type=search" }, "geometry": { "type": "Point", "coordinates": [ 139.589341399999967, 35.7243007 ] } },
{ "type": "Feature", "properties": { "内容": "レコードブック南大泉【地域密着型通所介護】東京都練馬区南大泉4-34-18松崎ビル1階", "url2": "https://www.kaigokensaku.mhlw.go.jp/13/index.php?action_kouhyou_detail_004_kani=true&JigyosyoCd=1392000905-00&ServiceCd=780&Type=search" }, "geometry": { "type": "Point", "coordinates": [ 139.575544300000047, 35.7471031 ] } },
{ "type": "Feature", "properties": { "内容": "寿星デイサービス梅苑【地域密着型通所介護】東京都練馬区大泉町１丁目４１番９号", "url2": "https://www.kaigokensaku.mhlw.go.jp/13/index.php?action_kouhyou_detail_004_kani=true&JigyosyoCd=1392000913-00&ServiceCd=780&Type=search" }, "geometry": { "type": "Point", "coordinates": [ 139.602894099999958, 35.766412700000011 ] } },
{ "type": "Feature", "properties": { "内容": "みちなかの里旭丘店【地域密着型通所介護】東京都練馬区旭丘2-33-10大城ハイツ１F", "url2": "https://www.kaigokensaku.mhlw.go.jp/13/index.php?action_kouhyou_detail_004_kani=true&JigyosyoCd=1392001267-00&ServiceCd=780&Type=search" }, "geometry": { "type": "Point", "coordinates": [ 139.680202900000012, 35.738379 ] } },
{ "type": "Feature", "properties": { "内容": "いきいきデイサービス石神井【地域密着型通所介護】東京都練馬区石神井台5-14-13", "url2": "https://www.kaigokensaku.mhlw.go.jp/13/index.php?action_kouhyou_detail_004_kani=true&JigyosyoCd=1372007946-00&ServiceCd=780&Type=search" }, "geometry": { "type": "Point", "coordinates": [ 139.583260800000062, 35.7367629 ] } },
{ "type": "Feature", "properties": { "内容": "デイサービス里に吹く風【地域密着型通所介護】東京都練馬区南大泉１－２２－２３", "url2": "https://www.kaigokensaku.mhlw.go.jp/13/index.php?action_kouhyou_detail_004_kani=true&JigyosyoCd=1372003945-00&ServiceCd=780&Type=search" }, "geometry": { "type": "Point", "coordinates": [ 139.573375299999952, 35.7390985 ] } },
{ "type": "Feature", "properties": { "内容": "デイサービス　めぐみ【地域密着型通所介護】東京都練馬区南大泉1丁目４番１８号", "url2": "https://www.kaigokensaku.mhlw.go.jp/13/index.php?action_kouhyou_detail_004_kani=true&JigyosyoCd=1372005288-00&ServiceCd=780&Type=search" }, "geometry": { "type": "Point", "coordinates": [ 139.577858618293703, 35.739563810031314 ] } },
{ "type": "Feature", "properties": { "内容": "くるみリハビリデイサービス【地域密着型通所介護】東京都練馬区錦2-7-5ドミール錦100", "url2": "https://www.kaigokensaku.mhlw.go.jp/13/index.php?action_kouhyou_detail_004_kani=true&JigyosyoCd=1372005361-00&ServiceCd=780&Type=search" }, "geometry": { "type": "Point", "coordinates": [ 139.667638799999963, 35.7611985 ] } },
{ "type": "Feature", "properties": { "内容": "ぽかぽかデイサービス高松センター【地域密着型通所介護】東京都練馬区高松３丁目２４番１９号", "url2": "https://www.kaigokensaku.mhlw.go.jp/13/index.php?action_kouhyou_detail_004_kani=true&JigyosyoCd=1372005445-00&ServiceCd=780&Type=search" }, "geometry": { "type": "Point", "coordinates": [ 139.625125900000057, 35.7506847 ] } },
{ "type": "Feature", "properties": { "内容": "中ノ宮デイサービスセンター【地域密着型通所介護】東京都練馬区春日町6-13-42", "url2": "https://www.kaigokensaku.mhlw.go.jp/13/index.php?action_kouhyou_detail_004_kani=true&JigyosyoCd=1372005775-00&ServiceCd=780&Type=search" }, "geometry": { "type": "Point", "coordinates": [ 139.634881122424531, 35.752350333780001 ] } },
{ "type": "Feature", "properties": { "内容": "ディサービス　故郷【地域密着型通所介護】東京都練馬区土支田三丁目12番21号", "url2": "https://www.kaigokensaku.mhlw.go.jp/13/index.php?action_kouhyou_detail_004_kani=true&JigyosyoCd=1372006658-00&ServiceCd=780&Type=search" }, "geometry": { "type": "Point", "coordinates": [ 139.608269958977388, 35.75892992480366 ] } },
{ "type": "Feature", "properties": { "内容": "リハビリデイサービスnagomi光が丘店【地域密着型通所介護】東京都練馬区田柄3-16-19渡邉ビル1階", "url2": "https://www.kaigokensaku.mhlw.go.jp/13/index.php?action_kouhyou_detail_004_kani=true&JigyosyoCd=1372006757-00&ServiceCd=780&Type=search" }, "geometry": { "type": "Point", "coordinates": [ 139.637482800000043, 35.7606478 ] } },
{ "type": "Feature", "properties": { "内容": "リハビリデイサービスnagomi大泉学園店【地域密着型通所介護】東京都練馬区東大泉5-41-26登美屋ﾋﾞﾙ　1階", "url2": "https://www.kaigokensaku.mhlw.go.jp/13/index.php?action_kouhyou_detail_004_kani=true&JigyosyoCd=1372006807-00&ServiceCd=780&Type=search" }, "geometry": { "type": "Point", "coordinates": [ 139.587902610450783, 35.748731124165275 ] } },
{ "type": "Feature", "properties": { "内容": "かっぱのいえ南大泉【地域密着型通所介護】東京都練馬区南大泉１－２６－１６", "url2": "https://www.kaigokensaku.mhlw.go.jp/13/index.php?action_kouhyou_detail_004_kani=true&JigyosyoCd=1372007094-00&ServiceCd=780&Type=search" }, "geometry": { "type": "Point", "coordinates": [ 139.574869499999977, 35.7414454 ] } },
{ "type": "Feature", "properties": { "内容": "デイサービス　やまのや【地域密着型通所介護】東京都練馬区春日町２－１１－２２", "url2": "https://www.kaigokensaku.mhlw.go.jp/13/index.php?action_kouhyou_detail_004_kani=true&JigyosyoCd=1372007714-00&ServiceCd=780&Type=search" }, "geometry": { "type": "Point", "coordinates": [ 139.64380749999998, 35.756068 ] } },
{ "type": "Feature", "properties": { "内容": "デイサービス　やまのや　大泉【地域密着型通所介護】東京都練馬区東大泉7-19-6", "url2": "https://www.kaigokensaku.mhlw.go.jp/13/index.php?action_kouhyou_detail_004_kani=true&JigyosyoCd=1372009124-00&ServiceCd=780&Type=search" }, "geometry": { "type": "Point", "coordinates": [ 139.577638799999932, 35.7421732 ] } },
{ "type": "Feature", "properties": { "内容": "リハビリデイ　無限【地域密着型通所介護】東京都練馬区東大泉２－６－８豊島ガーデンヒルズ　１階", "url2": "https://www.kaigokensaku.mhlw.go.jp/13/index.php?action_kouhyou_detail_004_kani=true&JigyosyoCd=1372009314-00&ServiceCd=780&Type=search" }, "geometry": { "type": "Point", "coordinates": [ 139.593184599999972, 35.7504755 ] } },
{ "type": "Feature", "properties": { "内容": "だんらんの家　豊島園【地域密着型通所介護】東京都練馬区早宮3-34-27", "url2": "https://www.kaigokensaku.mhlw.go.jp/13/index.php?action_kouhyou_detail_004_kani=true&JigyosyoCd=1372009769-00&ServiceCd=780&Type=search" }, "geometry": { "type": "Point", "coordinates": [ 139.651268399999907, 35.7487941 ] } },
{ "type": "Feature", "properties": { "内容": "ますよの家【地域密着型通所介護】東京都練馬区田柄3-13-23", "url2": "https://www.kaigokensaku.mhlw.go.jp/13/index.php?action_kouhyou_detail_004_kani=true&JigyosyoCd=1372010411-00&ServiceCd=780&Type=search" }, "geometry": { "type": "Point", "coordinates": [ 139.6362024, 35.7595034 ] } },
{ "type": "Feature", "properties": { "内容": "パワーリハビリスワロー【地域密着型通所介護】東京都練馬区大泉町4-38-13フォンテーヌヨコヤマ・103", "url2": "https://www.kaigokensaku.mhlw.go.jp/13/index.php?action_kouhyou_detail_004_kani=true&JigyosyoCd=1372011047-00&ServiceCd=780&Type=search" }, "geometry": { "type": "Point", "coordinates": [ 139.5934653, 35.7641825 ] } },
{ "type": "Feature", "properties": { "内容": "トータルリハセンター光が丘【地域密着型通所介護】東京都練馬区田柄5－20－28ルシェール光が丘1Ｆ", "url2": "https://www.kaigokensaku.mhlw.go.jp/13/index.php?action_kouhyou_detail_004_kani=true&JigyosyoCd=1372011096-00&ServiceCd=780&Type=search" }, "geometry": { "type": "Point", "coordinates": [ 139.635410800000045, 35.7594979 ] } },
{ "type": "Feature", "properties": { "内容": "はぁとデイサービス春日町【地域密着型通所介護】東京都練馬区春日町4－37－34", "url2": "https://www.kaigokensaku.mhlw.go.jp/13/index.php?action_kouhyou_detail_004_kani=true&JigyosyoCd=1372011146-00&ServiceCd=780&Type=search" }, "geometry": { "type": "Point", "coordinates": [ 139.6386357, 35.7563122 ] } },
{ "type": "Feature", "properties": { "内容": "リタテラス【地域密着型通所介護】東京都練馬区田柄4-32-5", "url2": "https://www.kaigokensaku.mhlw.go.jp/13/index.php?action_kouhyou_detail_004_kani=true&JigyosyoCd=1392000947-00&ServiceCd=780&Type=search" }, "geometry": { "type": "Point", "coordinates": [ 139.640943399999969, 35.7664889 ] } },
{ "type": "Feature", "properties": { "内容": "レコードブック練馬平和台【地域密着型通所介護】東京都練馬区北町6‐27-11", "url2": "https://www.kaigokensaku.mhlw.go.jp/13/index.php?action_kouhyou_detail_004_kani=true&JigyosyoCd=1392000970-00&ServiceCd=780&Type=search" }, "geometry": { "type": "Point", "coordinates": [ 139.652843599999983, 35.7601085 ] } },
{ "type": "Feature", "properties": { "内容": "GENKINEXT　練馬旭町【地域密着型通所介護】東京都練馬区旭町3-8-12内山ビル1階", "url2": "https://www.kaigokensaku.mhlw.go.jp/13/index.php?action_kouhyou_detail_004_kani=true&JigyosyoCd=1392001036-00&ServiceCd=780&Type=search" }, "geometry": { "type": "Point", "coordinates": [ 139.6259454, 35.7754095 ] } },
{ "type": "Feature", "properties": { "内容": "みちなかの里平和台店【地域密着型通所介護】東京都練馬区平和台2-19-2", "url2": "https://www.kaigokensaku.mhlw.go.jp/13/index.php?action_kouhyou_detail_004_kani=true&JigyosyoCd=1392001143-00&ServiceCd=780&Type=search" }, "geometry": { "type": "Point", "coordinates": [ 139.662129099999987, 35.7605199 ] } },
{ "type": "Feature", "properties": { "内容": "みちなかの里大泉町店【地域密着型通所介護】東京都練馬区大泉町2-54-3", "url2": "https://www.kaigokensaku.mhlw.go.jp/13/index.php?action_kouhyou_detail_004_kani=true&JigyosyoCd=1392001176-00&ServiceCd=780&Type=search" }, "geometry": { "type": "Point", "coordinates": [ 139.6080227, 35.7624236 ] } },
{ "type": "Feature", "properties": { "内容": "デイサービスいずみＳＰＡ【地域密着型通所介護】東京都練馬区西大泉3-11-6キャッスルSY", "url2": "https://www.kaigokensaku.mhlw.go.jp/13/index.php?action_kouhyou_detail_004_kani=true&JigyosyoCd=1392001283-00&ServiceCd=780&Type=search" }, "geometry": { "type": "Point", "coordinates": [ 139.581293, 35.7539659 ] } },
{ "type": "Feature", "properties": { "内容": "デイサービスＣＡＭＰ【地域密着型通所介護】東京都練馬田柄3-6-18ベルメゾン田柄105", "url2": "https://www.kaigokensaku.mhlw.go.jp/13/index.php?action_kouhyou_detail_004_kani=true&JigyosyoCd=1392001291-00&ServiceCd=780&Type=search" }, "geometry": { "type": "Point", "coordinates": [ 139.638600922090177, 35.759558131003885 ] } },
{ "type": "Feature", "properties": { "内容": "リ：エイト【地域密着型通所介護】東京都練馬区関町北2-13-10岩倉ビル１階", "url2": "https://www.kaigokensaku.mhlw.go.jp/13/index.php?action_kouhyou_detail_004_kani=true&JigyosyoCd=1392001374-00&ServiceCd=780&Type=search" }, "geometry": { "type": "Point", "coordinates": [ 139.5731, 35.7253698 ] } },
{ "type": "Feature", "properties": { "内容": "デイサービス　第２菜の花【地域密着型通所介護】東京都練馬区石神井台５－１１－１６", "url2": "https://www.kaigokensaku.mhlw.go.jp/13/index.php?action_kouhyou_detail_004_kani=true&JigyosyoCd=1372010775-00&ServiceCd=780&Type=search" }, "geometry": { "type": "Point", "coordinates": [ 139.584066399999983, 35.735335299999988 ] } },
{ "type": "Feature", "properties": { "内容": "デイサービス菜の花【地域密着型通所介護】東京都練馬区石神井台5-15-6", "url2": "https://www.kaigokensaku.mhlw.go.jp/13/index.php?action_kouhyou_detail_004_kani=true&JigyosyoCd=1372008936-00&ServiceCd=780&Type=search" }, "geometry": { "type": "Point", "coordinates": [ 139.583672, 35.7361797 ] } },
{ "type": "Feature", "properties": { "内容": "みちなかの里　石神井公園店【地域密着型通所介護】石神井町5-6-13ファニーエクセル1階", "url2": "https://www.kaigokensaku.mhlw.go.jp/13/index.php?action_kouhyou_detail_004_kani=true&JigyosyoCd=1372009827-00&ServiceCd=780&Type=search" }, "geometry": { "type": "Point", "coordinates": [ 139.6050625, 35.7370501 ] } },
{ "type": "Feature", "properties": { "内容": "にぎやかデイサービス【地域密着型通所介護】東京都練馬区高松４－１２－９", "url2": "https://www.kaigokensaku.mhlw.go.jp/13/index.php?action_kouhyou_detail_004_kani=true&JigyosyoCd=1372008431-00&ServiceCd=780&Type=search" }, "geometry": { "type": "Point", "coordinates": [ 139.628423662565609, 35.75295805248313 ] } },
{ "type": "Feature", "properties": { "内容": "アイテ・ケア　デイサロン　なかよし【地域密着型通所介護】東京都練馬区下石神井4-24-1", "url2": "https://www.kaigokensaku.mhlw.go.jp/13/index.php?action_kouhyou_detail_004_kani=true&JigyosyoCd=1372006781-00&ServiceCd=780&Type=search" }, "geometry": { "type": "Point", "coordinates": [ 139.6031484, 35.7264592 ] } },
{ "type": "Feature", "properties": { "内容": "デイサービスセンターあるふぁ【地域密着型通所介護】東京都練馬区土支田3－1－25", "url2": "https://www.kaigokensaku.mhlw.go.jp/13/index.php?action_kouhyou_detail_004_kani=true&JigyosyoCd=1372010668-00&ServiceCd=780&Type=search" }, "geometry": { "type": "Point", "coordinates": [ 139.61122220433387, 35.758655878347057 ] } },
{ "type": "Feature", "properties": { "内容": "練馬若年認知症サポートセンター【地域密着型通所介護】東京都練馬区上石神井1丁目35番5号", "url2": "https://www.kaigokensaku.mhlw.go.jp/13/index.php?action_kouhyou_detail_004_kani=true&JigyosyoCd=1372008001-00&ServiceCd=780&Type=search" }, "geometry": { "type": "Point", "coordinates": [ 139.587506188360607, 35.724272886975285 ] } },
{ "type": "Feature", "properties": { "内容": "みちなかの里関町店【地域密着型通所介護】東京都練馬区関町南4-9-20アゼリア武蔵野1F", "url2": "https://www.kaigokensaku.mhlw.go.jp/13/index.php?action_kouhyou_detail_004_kani=true&JigyosyoCd=1392001226-00&ServiceCd=780&Type=search" }, "geometry": { "type": "Point", "coordinates": [ 139.573526, 35.7228147 ] } },
{ "type": "Feature", "properties": { "内容": "デイサービス灯【地域密着型通所介護】東京都練馬区石神井台7-21-8飛田邸", "url2": "https://www.kaigokensaku.mhlw.go.jp/13/index.php?action_kouhyou_detail_004_kani=true&JigyosyoCd=1392001341-00&ServiceCd=780&Type=search" }, "geometry": { "type": "Point", "coordinates": [ 139.5809944, 35.730863 ] } },
{ "type": "Feature", "properties": { "内容": "ゆいまーる【地域密着型通所介護】東京都練馬区高松3-22-10", "url2": "https://www.kaigokensaku.mhlw.go.jp/13/index.php?action_kouhyou_detail_004_kani=true&JigyosyoCd=1372007508-00&ServiceCd=780&Type=search" }, "geometry": { "type": "Point", "coordinates": [ 139.62576800489353, 35.750516139219769 ] } },
{ "type": "Feature", "properties": { "内容": "ハートガーデン【地域密着型通所介護】東京都足立区花畑3-12-4メゾンクレール1F", "url2": "https://www.kaigokensaku.mhlw.go.jp/13/index.php?action_kouhyou_detail_004_kani=true&JigyosyoCd=1392101398-00&ServiceCd=780&Type=search" }, "geometry": { "type": "Point", "coordinates": [ 139.813317500000011, 35.8019768 ] } },
{ "type": "Feature", "properties": { "内容": "レコードブック西新井【地域密着型通所介護】東京都足立区西新井4-10-1西新井ビル1階", "url2": "https://www.kaigokensaku.mhlw.go.jp/13/index.php?action_kouhyou_detail_004_kani=true&JigyosyoCd=1392100820-00&ServiceCd=780&Type=search" }, "geometry": { "type": "Point", "coordinates": [ 139.775896, 35.7864344 ] } },
{ "type": "Feature", "properties": { "内容": "梅園【地域密着型通所介護】東京都足立区花畑3-5-7", "url2": "https://www.kaigokensaku.mhlw.go.jp/13/index.php?action_kouhyou_detail_004_kani=true&JigyosyoCd=1392101216-00&ServiceCd=780&Type=search" }, "geometry": { "type": "Point", "coordinates": [ 139.8135561, 35.8016882 ] } },
{ "type": "Feature", "properties": { "内容": "ヒラックス西新井【地域密着型通所介護】東京都足立区西新井栄町2-26-10倉重ビル2階", "url2": "https://www.kaigokensaku.mhlw.go.jp/13/index.php?action_kouhyou_detail_004_kani=true&JigyosyoCd=1392101471-00&ServiceCd=780&Type=search" }, "geometry": { "type": "Point", "coordinates": [ 139.7852761, 35.7779403 ] } },
{ "type": "Feature", "properties": { "内容": "運動・リハビリ強化型デイサービス　ファンビル　プレミア扇【地域密着型通所介護】東京都足立区扇一丁目3番5号", "url2": "https://www.kaigokensaku.mhlw.go.jp/13/index.php?action_kouhyou_detail_004_kani=true&JigyosyoCd=1392100655-00&ServiceCd=780&Type=search" }, "geometry": { "type": "Point", "coordinates": [ 139.776440399999956, 35.7600269 ] } },
{ "type": "Feature", "properties": { "内容": "デイサービスセンター　足立万葉苑【地域密着型通所介護】東京都足立区六月二丁目11番20号", "url2": "https://www.kaigokensaku.mhlw.go.jp/13/index.php?action_kouhyou_detail_004_kani=true&JigyosyoCd=1372110229-00&ServiceCd=780&Type=search" }, "geometry": { "type": "Point", "coordinates": [ 139.793829499999987, 35.784988299999981 ] } },
{ "type": "Feature", "properties": { "内容": "リズム・リゾート【地域密着型通所介護】東京都足立区関原１－１９－６メゾン　センチュリー１F", "url2": "https://www.kaigokensaku.mhlw.go.jp/13/index.php?action_kouhyou_detail_004_kani=true&JigyosyoCd=1392100697-00&ServiceCd=780&Type=search" }, "geometry": { "type": "Point", "coordinates": [ 139.787333699999976, 35.7636908 ] } },
{ "type": "Feature", "properties": { "内容": "ステップぱーとなー西新井大師【地域密着型通所介護】東京都足立区西新井1-30-7", "url2": "https://www.kaigokensaku.mhlw.go.jp/13/index.php?action_kouhyou_detail_004_kani=true&JigyosyoCd=1392100648-00&ServiceCd=780&Type=search" }, "geometry": { "type": "Point", "coordinates": [ 139.780358699694148, 35.781319 ] } },
{ "type": "Feature", "properties": { "内容": "リハプライド扇【地域密着型通所介護】東京都足立区扇2-40-6アクアハイツ１F", "url2": "https://www.kaigokensaku.mhlw.go.jp/13/index.php?action_kouhyou_detail_004_kani=true&JigyosyoCd=1392101505-00&ServiceCd=780&Type=search" }, "geometry": { "type": "Point", "coordinates": [ 139.768690600000014, 35.7677901 ] } },
{ "type": "Feature", "properties": { "内容": "Re:Ha+綾瀬【地域密着型通所介護】東京都足立区綾瀬6丁目41-12ライフサマリア1階", "url2": "https://www.kaigokensaku.mhlw.go.jp/13/index.php?action_kouhyou_detail_004_kani=true&JigyosyoCd=1392101513-00&ServiceCd=780&Type=search" }, "geometry": { "type": "Point", "coordinates": [ 139.8295559, 35.7716058 ] } },
{ "type": "Feature", "properties": { "内容": "宅ろう所ひらの【地域密着型通所介護】東京都足立区平野1-23-4寺山ハイツ101", "url2": "https://www.kaigokensaku.mhlw.go.jp/13/index.php?action_kouhyou_detail_004_kani=true&JigyosyoCd=1372105195-00&ServiceCd=780&Type=search" }, "geometry": { "type": "Point", "coordinates": [ 139.806184, 35.7812721 ] } },
{ "type": "Feature", "properties": { "内容": "介護予防型リハビリ「さんぽ道」【地域密着型通所介護】東京都足立区谷中３－８－１８", "url2": "https://www.kaigokensaku.mhlw.go.jp/13/index.php?action_kouhyou_detail_004_kani=true&JigyosyoCd=1372106532-00&ServiceCd=780&Type=search" }, "geometry": { "type": "Point", "coordinates": [ 139.835162200000013, 35.7784783 ] } },
{ "type": "Feature", "properties": { "内容": "デイサービス梅郷【地域密着型通所介護】東京都足立区梅田5-18-8", "url2": "https://www.kaigokensaku.mhlw.go.jp/13/index.php?action_kouhyou_detail_004_kani=true&JigyosyoCd=1372107217-00&ServiceCd=780&Type=search" }, "geometry": { "type": "Point", "coordinates": [ 139.792805, 35.7697235 ] } },
{ "type": "Feature", "properties": { "内容": "デイサービスきらら【地域密着型通所介護】東京都足立区西新井本町4-29-7ｴｽﾃｰﾄ西新井1階", "url2": "https://www.kaigokensaku.mhlw.go.jp/13/index.php?action_kouhyou_detail_004_kani=true&JigyosyoCd=1372108090-00&ServiceCd=780&Type=search" }, "geometry": { "type": "Point", "coordinates": [ 139.774901, 35.7727865 ] } },
{ "type": "Feature", "properties": { "内容": "ご長寿くらぶ足立・六木デイサービスセンター【地域密着型通所介護】東京都足立区六木４-７-２４", "url2": "https://www.kaigokensaku.mhlw.go.jp/13/index.php?action_kouhyou_detail_004_kani=true&JigyosyoCd=1372110674-00&ServiceCd=780&Type=search" }, "geometry": { "type": "Point", "coordinates": [ 139.837145100000043, 35.7971036 ] } },
{ "type": "Feature", "properties": { "内容": "ご長寿くらぶ足立・梅田デイサービスセンター【地域密着型通所介護】東京都足立区梅田4-39-16", "url2": "https://www.kaigokensaku.mhlw.go.jp/13/index.php?action_kouhyou_detail_004_kani=true&JigyosyoCd=1392100671-00&ServiceCd=780&Type=search" }, "geometry": { "type": "Point", "coordinates": [ 139.7928025, 35.7661794 ] } },
{ "type": "Feature", "properties": { "内容": "春の風支援センター【地域密着型通所介護】東京都足立区栗原3-10-19110B", "url2": "https://www.kaigokensaku.mhlw.go.jp/13/index.php?action_kouhyou_detail_004_kani=true&JigyosyoCd=1392101232-00&ServiceCd=780&Type=search" }, "geometry": { "type": "Point", "coordinates": [ 139.7832018, 35.7783155 ] } },
{ "type": "Feature", "properties": { "内容": "ハートデイサービスセンター暖【地域密着型通所介護】東京都足立区大谷田5丁目28番15号TAS大谷田", "url2": "https://www.kaigokensaku.mhlw.go.jp/13/index.php?action_kouhyou_detail_004_kani=true&JigyosyoCd=1392101372-00&ServiceCd=780&Type=search" }, "geometry": { "type": "Point", "coordinates": [ 139.8386913, 35.7841726 ] } },
{ "type": "Feature", "properties": { "内容": "介護予防センター　リハビリデイサービス槍ヶ岳【地域密着型通所介護】東京都足立区本木２－１－１小早志マンション1階", "url2": "https://www.kaigokensaku.mhlw.go.jp/13/index.php?action_kouhyou_detail_004_kani=true&JigyosyoCd=1372108637-00&ServiceCd=780&Type=search" }, "geometry": { "type": "Point", "coordinates": [ 139.786596289973005, 35.764775273443142 ] } },
{ "type": "Feature", "properties": { "内容": "デイサービスつくしんぼう【地域密着型通所介護】東京都足立区西新井本町2-4-19", "url2": "https://www.kaigokensaku.mhlw.go.jp/13/index.php?action_kouhyou_detail_004_kani=true&JigyosyoCd=1372108785-00&ServiceCd=780&Type=search" }, "geometry": { "type": "Point", "coordinates": [ 139.775321800000029, 35.7778232 ] } },
{ "type": "Feature", "properties": { "内容": "ゲンキネクスト足立梅島【地域密着型通所介護】東京都足立区梅田7-30-7", "url2": "https://www.kaigokensaku.mhlw.go.jp/13/index.php?action_kouhyou_detail_004_kani=true&JigyosyoCd=1392100812-00&ServiceCd=780&Type=search" }, "geometry": { "type": "Point", "coordinates": [ 139.799620800000014, 35.771265 ] } },
{ "type": "Feature", "properties": { "内容": "デイサービスつぼみ【地域密着型通所介護】東京都足立区東綾瀬1-8-13東綾瀬コーポ101", "url2": "https://www.kaigokensaku.mhlw.go.jp/13/index.php?action_kouhyou_detail_004_kani=true&JigyosyoCd=1392100838-00&ServiceCd=780&Type=search" }, "geometry": { "type": "Point", "coordinates": [ 139.831393700000035, 35.7642273 ] } },
{ "type": "Feature", "properties": { "内容": "生活協同組合パルシステム東京　デイサービスセンター「足立陽だまり」【地域密着型通所介護】東京都足立区中央本町4-3-232階", "url2": "https://www.kaigokensaku.mhlw.go.jp/13/index.php?action_kouhyou_detail_004_kani=true&JigyosyoCd=1392100887-00&ServiceCd=780&Type=search" }, "geometry": { "type": "Point", "coordinates": [ 139.805914, 35.7753733 ] } },
{ "type": "Feature", "properties": { "内容": "レコードブック北千住【地域密着型通所介護】東京都足立区千住中居町29－4第二小泉ビル　１Ｆ", "url2": "https://www.kaigokensaku.mhlw.go.jp/13/index.php?action_kouhyou_detail_004_kani=true&JigyosyoCd=1392100929-00&ServiceCd=780&Type=search" }, "geometry": { "type": "Point", "coordinates": [ 139.797064200000023, 35.7511897 ] } },
{ "type": "Feature", "properties": { "内容": "リハビリデイサービス槍ヶ岳　北千住【地域密着型通所介護】東京都足立区千住元町17－11F", "url2": "https://www.kaigokensaku.mhlw.go.jp/13/index.php?action_kouhyou_detail_004_kani=true&JigyosyoCd=1392100937-00&ServiceCd=780&Type=search" }, "geometry": { "type": "Point", "coordinates": [ 139.794411399999944, 35.7551614 ] } },
{ "type": "Feature", "properties": { "内容": "ヒーロー【地域密着型通所介護】東京都足立区竹の塚2-29-16", "url2": "https://www.kaigokensaku.mhlw.go.jp/13/index.php?action_kouhyou_detail_004_kani=true&JigyosyoCd=1392101414-00&ServiceCd=780&Type=search" }, "geometry": { "type": "Point", "coordinates": [ 139.7972234, 35.7924527 ] } },
{ "type": "Feature", "properties": { "内容": "Sonrisa竹の塚【地域密着型通所介護】東京都足立区竹の塚6-22-2ドリームコート101", "url2": "https://www.kaigokensaku.mhlw.go.jp/13/index.php?action_kouhyou_detail_004_kani=true&JigyosyoCd=1392101422-00&ServiceCd=780&Type=search" }, "geometry": { "type": "Point", "coordinates": [ 139.7938773, 35.7964771 ] } },
{ "type": "Feature", "properties": { "内容": "アラウンド　竹ノ塚【地域密着型通所介護】東京都足立区竹ノ塚5-13-5Bloom竹ノ塚", "url2": "https://www.kaigokensaku.mhlw.go.jp/13/index.php?action_kouhyou_detail_004_kani=true&JigyosyoCd=1392101430-00&ServiceCd=780&Type=search" }, "geometry": { "type": "Point", "coordinates": [ 139.7959679, 35.794763499999981 ] } },
{ "type": "Feature", "properties": { "内容": "Go2フィットリハ竹の塚【地域密着型通所介護】東京都足立区竹の塚６丁目１２番１１号さとうビル１階", "url2": "https://www.kaigokensaku.mhlw.go.jp/13/index.php?action_kouhyou_detail_004_kani=true&JigyosyoCd=1392101448-00&ServiceCd=780&Type=search" }, "geometry": { "type": "Point", "coordinates": [ 139.7943998, 35.7957338 ] } },
{ "type": "Feature", "properties": { "内容": "レコードブック鹿浜【地域密着型通所介護】東京都足立区鹿浜7-26-9小宮第一ハイツ", "url2": "https://www.kaigokensaku.mhlw.go.jp/13/index.php?action_kouhyou_detail_004_kani=true&JigyosyoCd=1392101463-00&ServiceCd=780&Type=search" }, "geometry": { "type": "Point", "coordinates": [ 139.7617965, 35.786608800000018 ] } },
{ "type": "Feature", "properties": { "内容": "ほほえみデイサービス江北【地域密着型通所介護】東京都足立区江北3-48-21", "url2": "https://www.kaigokensaku.mhlw.go.jp/13/index.php?action_kouhyou_detail_004_kani=true&JigyosyoCd=1372108389-00&ServiceCd=780&Type=search" }, "geometry": { "type": "Point", "coordinates": [ 139.760955100000047, 35.7720417 ] } },
{ "type": "Feature", "properties": { "内容": "寿いきいきセンター足立【地域密着型通所介護】東京都足立区梅田１－３１－１４", "url2": "https://www.kaigokensaku.mhlw.go.jp/13/index.php?action_kouhyou_detail_004_kani=true&JigyosyoCd=1372103075-00&ServiceCd=780&Type=search" }, "geometry": { "type": "Point", "coordinates": [ 139.799640899999986, 35.7639159 ] } },
{ "type": "Feature", "properties": { "内容": "ミモザ千住大橋【地域密着型通所介護】東京都足立区千住河原町21-8メゾンドアスコット", "url2": "https://www.kaigokensaku.mhlw.go.jp/13/index.php?action_kouhyou_detail_004_kani=true&JigyosyoCd=1372106177-00&ServiceCd=780&Type=search" }, "geometry": { "type": "Point", "coordinates": [ 139.7987817, 35.74293 ] } },
{ "type": "Feature", "properties": { "内容": "パートナーケア　笑がお【地域密着型通所介護】東京都足立区足立３－７－１６グリーンパーク第５五反野１０２", "url2": "https://www.kaigokensaku.mhlw.go.jp/13/index.php?action_kouhyou_detail_004_kani=true&JigyosyoCd=1372107241-00&ServiceCd=780&Type=search" }, "geometry": { "type": "Point", "coordinates": [ 139.809109600000056, 35.7636687 ] } },
{ "type": "Feature", "properties": { "内容": "明日香デイサービス【地域密着型通所介護】東京都足立区花畑５－２－１７", "url2": "https://www.kaigokensaku.mhlw.go.jp/13/index.php?action_kouhyou_detail_004_kani=true&JigyosyoCd=1372108082-00&ServiceCd=780&Type=search" }, "geometry": { "type": "Point", "coordinates": [ 139.804836199999954, 35.8062078 ] } },
{ "type": "Feature", "properties": { "内容": "パートナーケア笑がお青井【地域密着型通所介護】東京都足立区青井5-18-61F", "url2": "https://www.kaigokensaku.mhlw.go.jp/13/index.php?action_kouhyou_detail_004_kani=true&JigyosyoCd=1372108348-00&ServiceCd=780&Type=search" }, "geometry": { "type": "Point", "coordinates": [ 139.822621600000048, 35.7778142 ] } },
{ "type": "Feature", "properties": { "内容": "デイサービスひとやすみ【地域密着型通所介護】東京都足立区花畑4-28-7", "url2": "https://www.kaigokensaku.mhlw.go.jp/13/index.php?action_kouhyou_detail_004_kani=true&JigyosyoCd=1372109130-00&ServiceCd=780&Type=search" }, "geometry": { "type": "Point", "coordinates": [ 139.807411, 35.8045442 ] } },
{ "type": "Feature", "properties": { "内容": "Act【地域密着型通所介護】東京都足立区小台二丁目１４番１０号みつやコーポ", "url2": "https://www.kaigokensaku.mhlw.go.jp/13/index.php?action_kouhyou_detail_004_kani=true&JigyosyoCd=1372109650-00&ServiceCd=780&Type=search" }, "geometry": { "type": "Point", "coordinates": [ 139.75946440000007, 35.7568821 ] } },
{ "type": "Feature", "properties": { "内容": "介護予防フィットネス　サンステップ【地域密着型通所介護】東京都足立区舎人4-11-62F", "url2": "https://www.kaigokensaku.mhlw.go.jp/13/index.php?action_kouhyou_detail_004_kani=true&JigyosyoCd=1372109759-00&ServiceCd=780&Type=search" }, "geometry": { "type": "Point", "coordinates": [ 139.769829414016726, 35.816433250908261 ] } },
{ "type": "Feature", "properties": { "内容": "おふろのデイえんまる花畑【地域密着型通所介護】東京都足立区花畑1-16-121F", "url2": "https://www.kaigokensaku.mhlw.go.jp/13/index.php?action_kouhyou_detail_004_kani=true&JigyosyoCd=1372109817-00&ServiceCd=780&Type=search" }, "geometry": { "type": "Point", "coordinates": [ 139.812728, 35.7987393 ] } },
{ "type": "Feature", "properties": { "内容": "いろはデイサービス【地域密着型通所介護】東京都足立区東和1-1-18", "url2": "https://www.kaigokensaku.mhlw.go.jp/13/index.php?action_kouhyou_detail_004_kani=true&JigyosyoCd=1372110187-00&ServiceCd=780&Type=search" }, "geometry": { "type": "Point", "coordinates": [ 139.836222790876718, 35.76354119725395 ] } },
{ "type": "Feature", "properties": { "内容": "デイサービスあおば　莱夢の家【地域密着型通所介護】東京都足立区辰沼1-2-11-103都営辰沼町ｱﾊﾟｰﾄ１０３", "url2": "https://www.kaigokensaku.mhlw.go.jp/13/index.php?action_kouhyou_detail_004_kani=true&JigyosyoCd=1372110658-00&ServiceCd=780&Type=search" }, "geometry": { "type": "Point", "coordinates": [ 139.838197900000068, 35.7900656 ] } },
{ "type": "Feature", "properties": { "内容": "エイチアンドエル【地域密着型通所介護】東京都足立区西新井5-39-9", "url2": "https://www.kaigokensaku.mhlw.go.jp/13/index.php?action_kouhyou_detail_004_kani=true&JigyosyoCd=1372110690-00&ServiceCd=780&Type=search" }, "geometry": { "type": "Point", "coordinates": [ 139.776556, 35.78590710000001 ] } },
{ "type": "Feature", "properties": { "内容": "灯～あかり綾瀬デイサービス【地域密着型通所介護】東京都足立区綾瀬6-34-3パークセコンドハイツ1F", "url2": "https://www.kaigokensaku.mhlw.go.jp/13/index.php?action_kouhyou_detail_004_kani=true&JigyosyoCd=1372111276-00&ServiceCd=780&Type=search" }, "geometry": { "type": "Point", "coordinates": [ 139.827279699999963, 35.7701458 ] } },
{ "type": "Feature", "properties": { "内容": "灯～あかり保木間デイサービス【地域密着型通所介護】東京都足立区保木間4-37-6宇康ビル1F", "url2": "https://www.kaigokensaku.mhlw.go.jp/13/index.php?action_kouhyou_detail_004_kani=true&JigyosyoCd=1372111300-00&ServiceCd=780&Type=search" }, "geometry": { "type": "Point", "coordinates": [ 139.80728339999996, 35.7988283 ] } },
{ "type": "Feature", "properties": { "内容": "GENKINEXT　足立竹ノ塚【地域密着型通所介護】東京都足立区竹ノ塚6-16-10コンフォリア竹ノ塚１階", "url2": "https://www.kaigokensaku.mhlw.go.jp/13/index.php?action_kouhyou_detail_004_kani=true&JigyosyoCd=1392100630-00&ServiceCd=780&Type=search" }, "geometry": { "type": "Point", "coordinates": [ 139.791738900000041, 35.7958633 ] } },
{ "type": "Feature", "properties": { "内容": "リハビリフィットネス　ゆずりは　梅島【地域密着型通所介護】東京都足立区梅田7-26-15エミネンス梅島1F", "url2": "https://www.kaigokensaku.mhlw.go.jp/13/index.php?action_kouhyou_detail_004_kani=true&JigyosyoCd=1392100762-00&ServiceCd=780&Type=search" }, "geometry": { "type": "Point", "coordinates": [ 139.801018200000044, 35.7699984 ] } },
{ "type": "Feature", "properties": { "内容": "かふぇ・トレ明日香【地域密着型通所介護】東京都足立区興野2－31－6武井店舗", "url2": "https://www.kaigokensaku.mhlw.go.jp/13/index.php?action_kouhyou_detail_004_kani=true&JigyosyoCd=1392101059-00&ServiceCd=780&Type=search" }, "geometry": { "type": "Point", "coordinates": [ 139.7748927, 35.7677653 ] } },
{ "type": "Feature", "properties": { "内容": "シュクルケアデイサービス　リハ＆スパ【地域密着型通所介護】東京都足立区辰沼1-2-11101", "url2": "https://www.kaigokensaku.mhlw.go.jp/13/index.php?action_kouhyou_detail_004_kani=true&JigyosyoCd=1392101067-00&ServiceCd=780&Type=search" }, "geometry": { "type": "Point", "coordinates": [ 139.8339413, 35.7852278 ] } },
{ "type": "Feature", "properties": { "内容": "セカンドラップ足立【地域密着型通所介護】東京都足立区栗原４－８－１いそがひセカンドビル１０１", "url2": "https://www.kaigokensaku.mhlw.go.jp/13/index.php?action_kouhyou_detail_004_kani=true&JigyosyoCd=1392101075-00&ServiceCd=780&Type=search" }, "geometry": { "type": "Point", "coordinates": [ 139.785623100000066, 35.7837095 ] } },
{ "type": "Feature", "properties": { "内容": "別邸はつね西新井【地域密着型通所介護】東京都足立区西新井本町5-8-12セントラスハイム西新井", "url2": "https://www.kaigokensaku.mhlw.go.jp/13/index.php?action_kouhyou_detail_004_kani=true&JigyosyoCd=1392101083-00&ServiceCd=780&Type=search" }, "geometry": { "type": "Point", "coordinates": [ 139.781862600000011, 35.774951 ] } },
{ "type": "Feature", "properties": { "内容": "健康いきいき倶楽部【地域密着型通所介護】東京都足立区谷中３－２０－１２", "url2": "https://www.kaigokensaku.mhlw.go.jp/13/index.php?action_kouhyou_detail_004_kani=true&JigyosyoCd=1392101109-00&ServiceCd=780&Type=search" }, "geometry": { "type": "Point", "coordinates": [ 139.836750200000012, 35.7811645 ] } },
{ "type": "Feature", "properties": { "内容": "パートナーケア笑がお西保木間【地域密着型通所介護】東京都足立区西保木間2-6-4", "url2": "https://www.kaigokensaku.mhlw.go.jp/13/index.php?action_kouhyou_detail_004_kani=true&JigyosyoCd=1392101174-00&ServiceCd=780&Type=search" }, "geometry": { "type": "Point", "coordinates": [ 139.799930237434381, 35.799331763488006 ] } },
{ "type": "Feature", "properties": { "内容": "樹楽　かのあ【地域密着型通所介護】東京都足立区大谷田1-21-1", "url2": "https://www.kaigokensaku.mhlw.go.jp/13/index.php?action_kouhyou_detail_004_kani=true&JigyosyoCd=1392101190-00&ServiceCd=780&Type=search" }, "geometry": { "type": "Point", "coordinates": [ 139.847412165606698, 35.778456406946326 ] } },
{ "type": "Feature", "properties": { "内容": "竹の塚デイサービス151A【地域密着型通所介護】東京都足立区竹の塚6－8－14樫木ビル1階", "url2": "https://www.kaigokensaku.mhlw.go.jp/13/index.php?action_kouhyou_detail_004_kani=true&JigyosyoCd=1392101240-00&ServiceCd=780&Type=search" }, "geometry": { "type": "Point", "coordinates": [ 139.7928685, 35.7947557 ] } },
{ "type": "Feature", "properties": { "内容": "デイサービスセンター　楓【地域密着型通所介護】東京都足立区花畑1-7-16カーム鈴木１階", "url2": "https://www.kaigokensaku.mhlw.go.jp/13/index.php?action_kouhyou_detail_004_kani=true&JigyosyoCd=1392101299-00&ServiceCd=780&Type=search" }, "geometry": { "type": "Point", "coordinates": [ 139.811569, 35.7984898 ] } },
{ "type": "Feature", "properties": { "内容": "リハデイ　アラウンド【地域密着型通所介護】東京都足立区綾瀬5-23-6ヴォアラマンション1F", "url2": "https://www.kaigokensaku.mhlw.go.jp/13/index.php?action_kouhyou_detail_004_kani=true&JigyosyoCd=1392101315-00&ServiceCd=780&Type=search" }, "geometry": { "type": "Point", "coordinates": [ 139.828775500000035, 35.768092700000039 ] } },
{ "type": "Feature", "properties": { "内容": "KIZUNASPA足立舎人店【地域密着型通所介護】東京都足立区古千谷本町1-14-18ル・ポーゼ１階", "url2": "https://www.kaigokensaku.mhlw.go.jp/13/index.php?action_kouhyou_detail_004_kani=true&JigyosyoCd=1392101331-00&ServiceCd=780&Type=search" }, "geometry": { "type": "Point", "coordinates": [ 139.772168, 35.80372040000001 ] } },
{ "type": "Feature", "properties": { "内容": "コンパスウォーク四つ木【地域密着型通所介護】東京都葛飾区四つ木1-34-17", "url2": "https://www.kaigokensaku.mhlw.go.jp/13/index.php?action_kouhyou_detail_004_kani=true&JigyosyoCd=1392201180-00&ServiceCd=780&Type=search" }, "geometry": { "type": "Point", "coordinates": [ 139.836804525645761, 35.73482986012781 ] } },
{ "type": "Feature", "properties": { "内容": "デイサービスぬくもりの家【地域密着型通所介護】東京都足立区宮城一丁目28番16号", "url2": "https://www.kaigokensaku.mhlw.go.jp/13/index.php?action_kouhyou_detail_004_kani=true&JigyosyoCd=1372109056-00&ServiceCd=780&Type=search" }, "geometry": { "type": "Point", "coordinates": [ 139.757766830688524, 35.759706365458555 ] } },
{ "type": "Feature", "properties": { "内容": "デイサービスぬくもりの家竹の塚【地域密着型通所介護】東京都足立区伊興3-6-25", "url2": "https://www.kaigokensaku.mhlw.go.jp/13/index.php?action_kouhyou_detail_004_kani=true&JigyosyoCd=1372111052-00&ServiceCd=780&Type=search" }, "geometry": { "type": "Point", "coordinates": [ 139.784802300000024, 35.7924567 ] } },
{ "type": "Feature", "properties": { "内容": "いきいきらいふSPA　西新井店【地域密着型通所介護】東京都足立区関原1-19-6メゾンセンチュリー　2F", "url2": "https://www.kaigokensaku.mhlw.go.jp/13/index.php?action_kouhyou_detail_004_kani=true&JigyosyoCd=1372108868-00&ServiceCd=780&Type=search" }, "geometry": { "type": "Point", "coordinates": [ 139.787333699999976, 35.7636908 ] } },
{ "type": "Feature", "properties": { "内容": "ほほえみデイサービス椿亭【地域密着型通所介護】東京都足立区椿2-23-18", "url2": "https://www.kaigokensaku.mhlw.go.jp/13/index.php?action_kouhyou_detail_004_kani=true&JigyosyoCd=1372107993-00&ServiceCd=780&Type=search" }, "geometry": { "type": "Point", "coordinates": [ 139.761204799999973, 35.7798795 ] } },
{ "type": "Feature", "properties": { "内容": "レコードブック六町【地域密着型通所介護】東京都足立区東保木間1-21-12", "url2": "https://www.kaigokensaku.mhlw.go.jp/13/index.php?action_kouhyou_detail_004_kani=true&JigyosyoCd=1392100754-00&ServiceCd=780&Type=search" }, "geometry": { "type": "Point", "coordinates": [ 139.8698905, 35.7625583 ] } },
{ "type": "Feature", "properties": { "内容": "レコードブック北綾瀬【地域密着型通所介護】東京都足立区東和4-24-10グランドマンション金子１０２", "url2": "https://www.kaigokensaku.mhlw.go.jp/13/index.php?action_kouhyou_detail_004_kani=true&JigyosyoCd=1392100804-00&ServiceCd=780&Type=search" }, "geometry": { "type": "Point", "coordinates": [ 139.843206, 35.775731600000015 ] } },
{ "type": "Feature", "properties": { "内容": "レコードブック五反野【地域密着型通所介護】東京都足立区弘道1-2-16", "url2": "https://www.kaigokensaku.mhlw.go.jp/13/index.php?action_kouhyou_detail_004_kani=true&JigyosyoCd=1392101000-00&ServiceCd=780&Type=search" }, "geometry": { "type": "Point", "coordinates": [ 139.810636599999953, 35.766369900000015 ] } },
{ "type": "Feature", "properties": { "内容": "レコードブック西新井大師【地域密着型通所介護】東京都足立区西新井栄町3-16-21サカエハイム", "url2": "https://www.kaigokensaku.mhlw.go.jp/13/index.php?action_kouhyou_detail_004_kani=true&JigyosyoCd=1392101224-00&ServiceCd=780&Type=search" }, "geometry": { "type": "Point", "coordinates": [ 139.783416, 35.7777525 ] } },
{ "type": "Feature", "properties": { "内容": "レコードブック花畑【地域密着型通所介護】東京都足立区花畑5-3-13コミヤ第二マンション1F", "url2": "https://www.kaigokensaku.mhlw.go.jp/13/index.php?action_kouhyou_detail_004_kani=true&JigyosyoCd=1392101281-00&ServiceCd=780&Type=search" }, "geometry": { "type": "Point", "coordinates": [ 139.803602899999959, 35.806864600000019 ] } },
{ "type": "Feature", "properties": { "内容": "ほほえみデイサービス堀之内【地域密着型通所介護】東京都足立区堀之内1-3-25", "url2": "https://www.kaigokensaku.mhlw.go.jp/13/index.php?action_kouhyou_detail_004_kani=true&JigyosyoCd=1372108934-00&ServiceCd=780&Type=search" }, "geometry": { "type": "Point", "coordinates": [ 139.758163599999989, 35.7726471 ] } },
{ "type": "Feature", "properties": { "内容": "デイサービスあおば　檸檬の家【地域密着型通所介護】東京都足立区六木1-4-13第三昭栄マンション1階", "url2": "https://www.kaigokensaku.mhlw.go.jp/13/index.php?action_kouhyou_detail_004_kani=true&JigyosyoCd=1372109114-00&ServiceCd=780&Type=search" }, "geometry": { "type": "Point", "coordinates": [ 139.838144800000038, 35.7895392 ] } },
{ "type": "Feature", "properties": { "内容": "デイサービス　奏【地域密着型通所介護】東京都葛飾区東金町１－４２－５豊勢金町ビル５階", "url2": "https://www.kaigokensaku.mhlw.go.jp/13/index.php?action_kouhyou_detail_004_kani=true&JigyosyoCd=1372206654-00&ServiceCd=780&Type=search" }, "geometry": { "type": "Point", "coordinates": [ 139.871351199999907, 35.7704961 ] } },
{ "type": "Feature", "properties": { "内容": "一笑苑　柴又【地域密着型通所介護】東京都葛飾区柴又4-28-8第6みつのビル1F", "url2": "https://www.kaigokensaku.mhlw.go.jp/13/index.php?action_kouhyou_detail_004_kani=true&JigyosyoCd=1392201248-00&ServiceCd=780&Type=search" }, "geometry": { "type": "Point", "coordinates": [ 139.8772888, 35.7541653 ] } },
{ "type": "Feature", "properties": { "内容": "アクティブライフ【地域密着型通所介護】東京都葛飾区新宿5-14-1", "url2": "https://www.kaigokensaku.mhlw.go.jp/13/index.php?action_kouhyou_detail_004_kani=true&JigyosyoCd=1392201313-00&ServiceCd=780&Type=search" }, "geometry": { "type": "Point", "coordinates": [ 139.861511451555259, 35.768099228420496 ] } },
{ "type": "Feature", "properties": { "内容": "デイサービス上千葉【地域密着型通所介護】東京都葛飾区東堀切3-29-8エバトコーポ１階", "url2": "https://www.kaigokensaku.mhlw.go.jp/13/index.php?action_kouhyou_detail_004_kani=true&JigyosyoCd=1392200927-00&ServiceCd=780&Type=search" }, "geometry": { "type": "Point", "coordinates": [ 139.8404706, 35.7552838 ] } },
{ "type": "Feature", "properties": { "内容": "はつね立石【地域密着型通所介護】東京都葛飾区立石7-31-5", "url2": "https://www.kaigokensaku.mhlw.go.jp/13/index.php?action_kouhyou_detail_004_kani=true&JigyosyoCd=1392200588-00&ServiceCd=780&Type=search" }, "geometry": { "type": "Point", "coordinates": [ 139.852592131282819, 35.741625703184205 ] } },
{ "type": "Feature", "properties": { "内容": "デイサービスウィズユー立石【地域密着型通所介護】東京都葛飾区立石4-28-21横山ビル1F", "url2": "https://www.kaigokensaku.mhlw.go.jp/13/index.php?action_kouhyou_detail_004_kani=true&JigyosyoCd=1392200596-00&ServiceCd=780&Type=search" }, "geometry": { "type": "Point", "coordinates": [ 139.848041, 35.7394947 ] } },
{ "type": "Feature", "properties": { "内容": "さくらデイサービス菖蒲【地域密着型通所介護】東京都葛飾区小菅2丁目11-5アドニスマンション1F", "url2": "https://www.kaigokensaku.mhlw.go.jp/13/index.php?action_kouhyou_detail_004_kani=true&JigyosyoCd=1392201206-00&ServiceCd=780&Type=search" }, "geometry": { "type": "Point", "coordinates": [ 139.8236896, 35.7533277 ] } },
{ "type": "Feature", "properties": { "内容": "カイホームデイサービスセンター細田【地域密着型通所介護】東京都葛飾区細田３－１２－１３1階", "url2": "https://www.kaigokensaku.mhlw.go.jp/13/index.php?action_kouhyou_detail_004_kani=true&JigyosyoCd=1372206803-00&ServiceCd=780&Type=search" }, "geometry": { "type": "Point", "coordinates": [ 139.8668695, 35.7429776 ] } },
{ "type": "Feature", "properties": { "内容": "アンブル宝町デイサービスセンター【地域密着型通所介護】東京都葛飾区宝町1-2-9", "url2": "https://www.kaigokensaku.mhlw.go.jp/13/index.php?action_kouhyou_detail_004_kani=true&JigyosyoCd=1372206969-00&ServiceCd=780&Type=search" }, "geometry": { "type": "Point", "coordinates": [ 139.835295199336201, 35.741253945899743 ] } },
{ "type": "Feature", "properties": { "内容": "水元デイサービス151Ａ【地域密着型通所介護】東京都葛飾区東水元5-11-8", "url2": "https://www.kaigokensaku.mhlw.go.jp/13/index.php?action_kouhyou_detail_004_kani=true&JigyosyoCd=1392201164-00&ServiceCd=780&Type=search" }, "geometry": { "type": "Point", "coordinates": [ 139.8652459, 35.7911409 ] } },
{ "type": "Feature", "properties": { "内容": "デイサービス　半日デイちゃん【地域密着型通所介護】東京都葛飾区高砂8-20-5第二吉田ビル", "url2": "https://www.kaigokensaku.mhlw.go.jp/13/index.php?action_kouhyou_detail_004_kani=true&JigyosyoCd=1392200513-00&ServiceCd=780&Type=search" }, "geometry": { "type": "Point", "coordinates": [ 139.8684283, 35.75471 ] } },
{ "type": "Feature", "properties": { "内容": "デイサービスあい夢　煌【地域密着型通所介護】東京都葛飾区東金町４―２８―１９石堂ビル１階", "url2": "https://www.kaigokensaku.mhlw.go.jp/13/index.php?action_kouhyou_detail_004_kani=true&JigyosyoCd=1392201362-00&ServiceCd=780&Type=search" }, "geometry": { "type": "Point", "coordinates": [ 139.878049199999964, 35.775672299999989 ] } },
{ "type": "Feature", "properties": { "内容": "デイサービスあい夢　粋【地域密着型通所介護】東京都葛飾区金町6-7-22比留間ビル1階", "url2": "https://www.kaigokensaku.mhlw.go.jp/13/index.php?action_kouhyou_detail_004_kani=true&JigyosyoCd=1372206126-00&ServiceCd=780&Type=search" }, "geometry": { "type": "Point", "coordinates": [ 139.8725322, 35.7679056 ] } },
{ "type": "Feature", "properties": { "内容": "デイサービス　あい夢　雅【地域密着型通所介護】東京都葛飾区東金町４－１７－７佐藤ビル１階", "url2": "https://www.kaigokensaku.mhlw.go.jp/13/index.php?action_kouhyou_detail_004_kani=true&JigyosyoCd=1372206688-00&ServiceCd=780&Type=search" }, "geometry": { "type": "Point", "coordinates": [ 139.877967399999989, 35.7754175 ] } },
{ "type": "Feature", "properties": { "内容": "デイサービス　ハナハナ【地域密着型通所介護】東京都葛飾区奥戸3-21-2コーポ東海１Ｆ", "url2": "https://www.kaigokensaku.mhlw.go.jp/13/index.php?action_kouhyou_detail_004_kani=true&JigyosyoCd=1372206779-00&ServiceCd=780&Type=search" }, "geometry": { "type": "Point", "coordinates": [ 139.861414762565602, 35.729732016892335 ] } },
{ "type": "Feature", "properties": { "内容": "だんらんの家東水元【地域密着型通所介護】東京都葛飾区東水元5-37-2だんらんの家東水元", "url2": "https://www.kaigokensaku.mhlw.go.jp/13/index.php?action_kouhyou_detail_004_kani=true&JigyosyoCd=1372207124-00&ServiceCd=780&Type=search" }, "geometry": { "type": "Point", "coordinates": [ 139.866735656207879, 35.790392877769243 ] } },
{ "type": "Feature", "properties": { "内容": "いろはデイサービス　みずもと【地域密着型通所介護】東京都葛飾区水元1-1-9アレーズ水元　1F", "url2": "https://www.kaigokensaku.mhlw.go.jp/13/index.php?action_kouhyou_detail_004_kani=true&JigyosyoCd=1372207405-00&ServiceCd=780&Type=search" }, "geometry": { "type": "Point", "coordinates": [ 139.853069133729605, 35.780330219635765 ] } },
{ "type": "Feature", "properties": { "内容": "葛飾デイサービス西水元【地域密着型通所介護】東京都葛飾区西水元6-13-13", "url2": "https://www.kaigokensaku.mhlw.go.jp/13/index.php?action_kouhyou_detail_004_kani=true&JigyosyoCd=1392200430-00&ServiceCd=780&Type=search" }, "geometry": { "type": "Point", "coordinates": [ 139.856249299999945, 35.7898742 ] } },
{ "type": "Feature", "properties": { "内容": "デイサービス　空【地域密着型通所介護】東京都葛飾区水元４－２６－１３", "url2": "https://www.kaigokensaku.mhlw.go.jp/13/index.php?action_kouhyou_detail_004_kani=true&JigyosyoCd=1392201040-00&ServiceCd=780&Type=search" }, "geometry": { "type": "Point", "coordinates": [ 139.865325899999988, 35.7849334 ] } },
{ "type": "Feature", "properties": { "内容": "デイサービス　ウィズ・ユーサマー【地域密着型通所介護】東京都葛飾区小菅2-22-10", "url2": "https://www.kaigokensaku.mhlw.go.jp/13/index.php?action_kouhyou_detail_004_kani=true&JigyosyoCd=1392201081-00&ServiceCd=780&Type=search" }, "geometry": { "type": "Point", "coordinates": [ 139.8458387, 35.7382326 ] } },
{ "type": "Feature", "properties": { "内容": "だんらんの家　四つ木【地域密着型通所介護】東京都葛飾区東四つ木3-14-14", "url2": "https://www.kaigokensaku.mhlw.go.jp/13/index.php?action_kouhyou_detail_004_kani=true&JigyosyoCd=1372204154-00&ServiceCd=780&Type=search" }, "geometry": { "type": "Point", "coordinates": [ 139.837511799999987, 35.7300318 ] } },
{ "type": "Feature", "properties": { "内容": "だんらんの家金町【地域密着型通所介護】東京都葛飾区金町２-１４-１５", "url2": "https://www.kaigokensaku.mhlw.go.jp/13/index.php?action_kouhyou_detail_004_kani=true&JigyosyoCd=1372204287-00&ServiceCd=780&Type=search" }, "geometry": { "type": "Point", "coordinates": [ 139.870632099999966, 35.7645469 ] } },
{ "type": "Feature", "properties": { "内容": "葛飾デイサービス奥戸【地域密着型通所介護】東京都葛飾区奥戸５丁目１７番地１号", "url2": "https://www.kaigokensaku.mhlw.go.jp/13/index.php?action_kouhyou_detail_004_kani=true&JigyosyoCd=1372204998-00&ServiceCd=780&Type=search" }, "geometry": { "type": "Point", "coordinates": [ 139.867186, 35.7316362 ] } },
{ "type": "Feature", "properties": { "内容": "リハビリ型ひかりデイサービス柴又店【地域密着型通所介護】東京都葛飾区柴又4-26-11ワカツキビル1階", "url2": "https://www.kaigokensaku.mhlw.go.jp/13/index.php?action_kouhyou_detail_004_kani=true&JigyosyoCd=1372205326-00&ServiceCd=780&Type=search" }, "geometry": { "type": "Point", "coordinates": [ 139.877115656730638, 35.754587454512318 ] } },
{ "type": "Feature", "properties": { "内容": "デイサービスあい夢【地域密着型通所介護】東京都葛飾区金町4-25-10ナカノ第2ビル　１－Ｂ．Ｃ", "url2": "https://www.kaigokensaku.mhlw.go.jp/13/index.php?action_kouhyou_detail_004_kani=true&JigyosyoCd=1372205607-00&ServiceCd=780&Type=search" }, "geometry": { "type": "Point", "coordinates": [ 139.864490599999954, 35.768196600000017 ] } },
{ "type": "Feature", "properties": { "内容": "おふろのデイえんまる亀有【地域密着型通所介護】東京都葛飾区西亀有3-4-10ＫＯＤＡﾋﾙｽﾞ1Ｆ", "url2": "https://www.kaigokensaku.mhlw.go.jp/13/index.php?action_kouhyou_detail_004_kani=true&JigyosyoCd=1372205672-00&ServiceCd=780&Type=search" }, "geometry": { "type": "Point", "coordinates": [ 139.83771, 35.7611918 ] } },
{ "type": "Feature", "properties": { "内容": "ハイリハ東立石【地域密着型通所介護】東京都葛飾区東立石2-1-7日神パレス立石　1階", "url2": "https://www.kaigokensaku.mhlw.go.jp/13/index.php?action_kouhyou_detail_004_kani=true&JigyosyoCd=1372205714-00&ServiceCd=780&Type=search" }, "geometry": { "type": "Point", "coordinates": [ 139.843125200000031, 35.7340286 ] } },
{ "type": "Feature", "properties": { "内容": "リハビリデイサービスセンターCoCoWa東金町【地域密着型通所介護】東京都葛飾区東金町2-26-11", "url2": "https://www.kaigokensaku.mhlw.go.jp/13/index.php?action_kouhyou_detail_004_kani=true&JigyosyoCd=1392200620-00&ServiceCd=780&Type=search" }, "geometry": { "type": "Point", "coordinates": [ 139.870329, 35.7752288 ] } },
{ "type": "Feature", "properties": { "内容": "カイホームデイサービスなな柴又屋【地域密着型通所介護】東京都葛飾区柴又7-15-2", "url2": "https://www.kaigokensaku.mhlw.go.jp/13/index.php?action_kouhyou_detail_004_kani=true&JigyosyoCd=1392200638-00&ServiceCd=780&Type=search" }, "geometry": { "type": "Point", "coordinates": [ 139.879744065374325, 35.759832771474954 ] } },
{ "type": "Feature", "properties": { "内容": "リハビリ型ひかりデイサービス立石店【地域密着型通所介護】東京都葛飾区立石３－２１－７みゆきガーデン1階", "url2": "https://www.kaigokensaku.mhlw.go.jp/13/index.php?action_kouhyou_detail_004_kani=true&JigyosyoCd=1392200646-00&ServiceCd=780&Type=search" }, "geometry": { "type": "Point", "coordinates": [ 139.8447348, 35.7397668 ] } },
{ "type": "Feature", "properties": { "内容": "デイサービス　デイちゃん【地域密着型通所介護】東京都葛飾区金町５－７－１２キャステール金町１F", "url2": "https://www.kaigokensaku.mhlw.go.jp/13/index.php?action_kouhyou_detail_004_kani=true&JigyosyoCd=1392200661-00&ServiceCd=780&Type=search" }, "geometry": { "type": "Point", "coordinates": [ 139.866030504344195, 35.767082831269043 ] } },
{ "type": "Feature", "properties": { "内容": "リハビリデイサービスnagomi亀有店【地域密着型通所介護】東京都葛飾区亀有1-24-7", "url2": "https://www.kaigokensaku.mhlw.go.jp/13/index.php?action_kouhyou_detail_004_kani=true&JigyosyoCd=1392200752-00&ServiceCd=780&Type=search" }, "geometry": { "type": "Point", "coordinates": [ 139.8474397, 35.7599338 ] } },
{ "type": "Feature", "properties": { "内容": "リハビリ型ひかりデイサービス南水元店【地域密着型通所介護】東京都葛飾区南水元1-23-8コーポ塩沢", "url2": "https://www.kaigokensaku.mhlw.go.jp/13/index.php?action_kouhyou_detail_004_kani=true&JigyosyoCd=1392201255-00&ServiceCd=780&Type=search" }, "geometry": { "type": "Point", "coordinates": [ 139.8599461, 35.7765239 ] } },
{ "type": "Feature", "properties": { "内容": "デイサービス未来【地域密着型通所介護】東京都葛飾区柴又5-8-13", "url2": "https://www.kaigokensaku.mhlw.go.jp/13/index.php?action_kouhyou_detail_004_kani=true&JigyosyoCd=1392201289-00&ServiceCd=780&Type=search" }, "geometry": { "type": "Point", "coordinates": [ 139.8788846, 35.751815100000016 ] } },
{ "type": "Feature", "properties": { "内容": "奥戸デイサービス151A【地域密着型通所介護】東京都葛飾区奥戸2-28-14", "url2": "https://www.kaigokensaku.mhlw.go.jp/13/index.php?action_kouhyou_detail_004_kani=true&JigyosyoCd=1392201297-00&ServiceCd=780&Type=search" }, "geometry": { "type": "Point", "coordinates": [ 139.8590984, 35.734051799999989 ] } },
{ "type": "Feature", "properties": { "内容": "鶴亀デイサービスらいふ【地域密着型通所介護】東京都葛飾区青戸8丁目21-12荒井ビル1階", "url2": "https://www.kaigokensaku.mhlw.go.jp/13/index.php?action_kouhyou_detail_004_kani=true&JigyosyoCd=1392201339-00&ServiceCd=780&Type=search" }, "geometry": { "type": "Point", "coordinates": [ 139.853048199999989, 35.756979 ] } },
{ "type": "Feature", "properties": { "内容": "BPルアナ立石【地域密着型通所介護】東京都葛飾区立石3-10-3", "url2": "https://www.kaigokensaku.mhlw.go.jp/13/index.php?action_kouhyou_detail_004_kani=true&JigyosyoCd=1392201347-00&ServiceCd=780&Type=search" }, "geometry": { "type": "Point", "coordinates": [ 139.8430473, 35.7410478 ] } },
{ "type": "Feature", "properties": { "内容": "健康スタジオあしたば【地域密着型通所介護】東京都葛飾区東金町1-36-1109", "url2": "https://www.kaigokensaku.mhlw.go.jp/13/index.php?action_kouhyou_detail_004_kani=true&JigyosyoCd=1372207140-00&ServiceCd=780&Type=search" }, "geometry": { "type": "Point", "coordinates": [ 139.87014473230127, 35.771252386342233 ] } },
{ "type": "Feature", "properties": { "内容": "リハビリデイサービスｎａｇｏｍｉ柴又店【地域密着型通所介護】東京都葛飾区柴又2-14-14アビタシオン柴又101号室", "url2": "https://www.kaigokensaku.mhlw.go.jp/13/index.php?action_kouhyou_detail_004_kani=true&JigyosyoCd=1372205235-00&ServiceCd=780&Type=search" }, "geometry": { "type": "Point", "coordinates": [ 139.867463, 35.7604364 ] } },
{ "type": "Feature", "properties": { "内容": "コンフォートリゾートイン高砂【地域密着型通所介護】東京都葛飾区高砂5-4-18エスタシオン高砂１階", "url2": "https://www.kaigokensaku.mhlw.go.jp/13/index.php?action_kouhyou_detail_004_kani=true&JigyosyoCd=1372205599-00&ServiceCd=780&Type=search" }, "geometry": { "type": "Point", "coordinates": [ 139.86389429999997, 35.7512266 ] } },
{ "type": "Feature", "properties": { "内容": "水元ファインライフ【地域密着型通所介護】東京都葛飾区水元3-15-8大盛工業本社ビル１階", "url2": "https://www.kaigokensaku.mhlw.go.jp/13/index.php?action_kouhyou_detail_004_kani=true&JigyosyoCd=1392201263-00&ServiceCd=780&Type=search" }, "geometry": { "type": "Point", "coordinates": [ 139.863325899999978, 35.7842769 ] } },
{ "type": "Feature", "properties": { "内容": "きらら介護サービス堀切【地域密着型通所介護】東京都葛飾区堀切4-53-8", "url2": "https://www.kaigokensaku.mhlw.go.jp/13/index.php?action_kouhyou_detail_004_kani=true&JigyosyoCd=1372203818-00&ServiceCd=780&Type=search" }, "geometry": { "type": "Point", "coordinates": [ 139.82580669999993, 35.7483684 ] } },
{ "type": "Feature", "properties": { "内容": "葛飾デイサービス堀切菖蒲園【地域密着型通所介護】東京都葛飾区小菅2-21-5マコトハイツ1階", "url2": "https://www.kaigokensaku.mhlw.go.jp/13/index.php?action_kouhyou_detail_004_kani=true&JigyosyoCd=1372205052-00&ServiceCd=780&Type=search" }, "geometry": { "type": "Point", "coordinates": [ 139.827328599999987, 35.7504736 ] } },
{ "type": "Feature", "properties": { "内容": "デイサービス　ゆずリハ【地域密着型通所介護】東京都葛飾区立石１－１６－３", "url2": "https://www.kaigokensaku.mhlw.go.jp/13/index.php?action_kouhyou_detail_004_kani=true&JigyosyoCd=1372205060-00&ServiceCd=780&Type=search" }, "geometry": { "type": "Point", "coordinates": [ 139.84791345948986, 35.737210035950646 ] } },
{ "type": "Feature", "properties": { "内容": "歩行と癒しのデイサービス　　ハイリハ【地域密着型通所介護】東京都葛飾区東堀切3-17-61階", "url2": "https://www.kaigokensaku.mhlw.go.jp/13/index.php?action_kouhyou_detail_004_kani=true&JigyosyoCd=1372205144-00&ServiceCd=780&Type=search" }, "geometry": { "type": "Point", "coordinates": [ 139.8276313, 35.7509402 ] } },
{ "type": "Feature", "properties": { "内容": "デイサービス　えあまま【地域密着型通所介護】東京都葛飾区堀切5-8-10", "url2": "https://www.kaigokensaku.mhlw.go.jp/13/index.php?action_kouhyou_detail_004_kani=true&JigyosyoCd=1372205227-00&ServiceCd=780&Type=search" }, "geometry": { "type": "Point", "coordinates": [ 139.829153600000041, 35.7480962 ] } },
{ "type": "Feature", "properties": { "内容": "コミュニティデイサービスDoDo【地域密着型通所介護】東京都葛飾区金町2丁目3番4号ハイム長谷1階", "url2": "https://www.kaigokensaku.mhlw.go.jp/13/index.php?action_kouhyou_detail_004_kani=true&JigyosyoCd=1372205904-00&ServiceCd=780&Type=search" }, "geometry": { "type": "Point", "coordinates": [ 139.868537800000013, 35.7632082 ] } },
{ "type": "Feature", "properties": { "内容": "葛飾デイサービス細田【地域密着型通所介護】東京都葛飾区細田1－24－15", "url2": "https://www.kaigokensaku.mhlw.go.jp/13/index.php?action_kouhyou_detail_004_kani=true&JigyosyoCd=1372206068-00&ServiceCd=780&Type=search" }, "geometry": { "type": "Point", "coordinates": [ 139.874624700000027, 35.736809 ] } },
{ "type": "Feature", "properties": { "内容": "カイホームデイサービスセンター堀切【地域密着型通所介護】東京都葛飾区堀切２－５－５", "url2": "https://www.kaigokensaku.mhlw.go.jp/13/index.php?action_kouhyou_detail_004_kani=true&JigyosyoCd=1372206308-00&ServiceCd=780&Type=search" }, "geometry": { "type": "Point", "coordinates": [ 139.824815599999965, 35.7433302 ] } },
{ "type": "Feature", "properties": { "内容": "葛飾デイサービス新宿【地域密着型通所介護】東京都葛飾区新宿3-15-10", "url2": "https://www.kaigokensaku.mhlw.go.jp/13/index.php?action_kouhyou_detail_004_kani=true&JigyosyoCd=1372206365-00&ServiceCd=780&Type=search" }, "geometry": { "type": "Point", "coordinates": [ 139.8643059, 35.7587919 ] } },
{ "type": "Feature", "properties": { "内容": "デイサービススマイル【地域密着型通所介護】東京都葛飾区金町4-24-10ジュベール1階", "url2": "https://www.kaigokensaku.mhlw.go.jp/13/index.php?action_kouhyou_detail_004_kani=true&JigyosyoCd=1372206381-00&ServiceCd=780&Type=search" }, "geometry": { "type": "Point", "coordinates": [ 139.865635900000029, 35.7678874 ] } },
{ "type": "Feature", "properties": { "内容": "だんらんの家　細田【地域密着型通所介護】東京都葛飾区細田5-17-14", "url2": "https://www.kaigokensaku.mhlw.go.jp/13/index.php?action_kouhyou_detail_004_kani=true&JigyosyoCd=1372206399-00&ServiceCd=780&Type=search" }, "geometry": { "type": "Point", "coordinates": [ 139.876310600000011, 35.7375033 ] } },
{ "type": "Feature", "properties": { "内容": "デイサービス輝きの郷【地域密着型通所介護】東京都葛飾区水元１－１８－２", "url2": "https://www.kaigokensaku.mhlw.go.jp/13/index.php?action_kouhyou_detail_004_kani=true&JigyosyoCd=1372206480-00&ServiceCd=780&Type=search" }, "geometry": { "type": "Point", "coordinates": [ 139.855682731877096, 35.782574107140938 ] } },
{ "type": "Feature", "properties": { "内容": "デイサービス　おはな【地域密着型通所介護】東京都葛飾区柴又７－７－１６", "url2": "https://www.kaigokensaku.mhlw.go.jp/13/index.php?action_kouhyou_detail_004_kani=true&JigyosyoCd=1372206514-00&ServiceCd=780&Type=search" }, "geometry": { "type": "Point", "coordinates": [ 139.877240300000039, 35.7575644 ] } },
{ "type": "Feature", "properties": { "内容": "レコードブック金町【地域密着型通所介護】東京都葛飾区金町2-2-19", "url2": "https://www.kaigokensaku.mhlw.go.jp/13/index.php?action_kouhyou_detail_004_kani=true&JigyosyoCd=1372206753-00&ServiceCd=780&Type=search" }, "geometry": { "type": "Point", "coordinates": [ 139.8698905, 35.7625583 ] } },
{ "type": "Feature", "properties": { "内容": "葛飾デイサービス新柴又【地域密着型通所介護】東京都葛飾区柴又５－７－１３", "url2": "https://www.kaigokensaku.mhlw.go.jp/13/index.php?action_kouhyou_detail_004_kani=true&JigyosyoCd=1372206787-00&ServiceCd=780&Type=search" }, "geometry": { "type": "Point", "coordinates": [ 139.879857, 35.7513263 ] } },
{ "type": "Feature", "properties": { "内容": "はなまるデイサービス鎌倉店【地域密着型通所介護】東京都葛飾区鎌倉3-32-1", "url2": "https://www.kaigokensaku.mhlw.go.jp/13/index.php?action_kouhyou_detail_004_kani=true&JigyosyoCd=1372206860-00&ServiceCd=780&Type=search" }, "geometry": { "type": "Point", "coordinates": [ 139.8764324, 35.7481796 ] } },
{ "type": "Feature", "properties": { "内容": "デイサービスさくら高砂【地域密着型通所介護】東京都葛飾区高砂5-39-1サンワールドビル2F", "url2": "https://www.kaigokensaku.mhlw.go.jp/13/index.php?action_kouhyou_detail_004_kani=true&JigyosyoCd=1372206944-00&ServiceCd=780&Type=search" }, "geometry": { "type": "Point", "coordinates": [ 139.868782799999963, 35.7522375 ] } },
{ "type": "Feature", "properties": { "内容": "トータルリハセンター立石【地域密着型通所介護】東京都葛飾区東立石3丁目4-4ベルエスパス1階", "url2": "https://www.kaigokensaku.mhlw.go.jp/13/index.php?action_kouhyou_detail_004_kani=true&JigyosyoCd=1372207082-00&ServiceCd=780&Type=search" }, "geometry": { "type": "Point", "coordinates": [ 139.842616899999939, 35.7346064 ] } },
{ "type": "Feature", "properties": { "内容": "かつしかリハビリデイサービス【地域密着型通所介護】東京都葛飾区高砂３丁目８番１８号", "url2": "https://www.kaigokensaku.mhlw.go.jp/13/index.php?action_kouhyou_detail_004_kani=true&JigyosyoCd=1372207223-00&ServiceCd=780&Type=search" }, "geometry": { "type": "Point", "coordinates": [ 139.868993088548677, 35.749158638270679 ] } },
{ "type": "Feature", "properties": { "内容": "レコードブックお花茶屋【地域密着型通所介護】東京都葛飾区宝町1-25-15", "url2": "https://www.kaigokensaku.mhlw.go.jp/13/index.php?action_kouhyou_detail_004_kani=true&JigyosyoCd=1372207231-00&ServiceCd=780&Type=search" }, "geometry": { "type": "Point", "coordinates": [ 139.839311100000032, 35.743708 ] } },
{ "type": "Feature", "properties": { "内容": "高砂デイサービス１５１A【地域密着型通所介護】東京都葛飾区高砂6-3-17", "url2": "https://www.kaigokensaku.mhlw.go.jp/13/index.php?action_kouhyou_detail_004_kani=true&JigyosyoCd=1372207322-00&ServiceCd=780&Type=search" }, "geometry": { "type": "Point", "coordinates": [ 139.861827700000049, 35.7534263 ] } },
{ "type": "Feature", "properties": { "内容": "きらら介護サービス　和【地域密着型通所介護】東京都葛飾区堀切7-7-16", "url2": "https://www.kaigokensaku.mhlw.go.jp/13/index.php?action_kouhyou_detail_004_kani=true&JigyosyoCd=1392200117-00&ServiceCd=780&Type=search" }, "geometry": { "type": "Point", "coordinates": [ 139.830555299999986, 35.7546866 ] } },
{ "type": "Feature", "properties": { "内容": "レコードブック新小岩【地域密着型通所介護】東京都葛飾区東新小岩5-19-15コスモスアーバンライフ1F", "url2": "https://www.kaigokensaku.mhlw.go.jp/13/index.php?action_kouhyou_detail_004_kani=true&JigyosyoCd=1392200497-00&ServiceCd=780&Type=search" }, "geometry": { "type": "Point", "coordinates": [ 139.857796399999984, 35.7226353 ] } },
{ "type": "Feature", "properties": { "内容": "デイサービススマイルtakasago【地域密着型通所介護】東京都葛飾区高砂6-13-29マートハイム高砂1階", "url2": "https://www.kaigokensaku.mhlw.go.jp/13/index.php?action_kouhyou_detail_004_kani=true&JigyosyoCd=1392200547-00&ServiceCd=780&Type=search" }, "geometry": { "type": "Point", "coordinates": [ 139.861655024467495, 35.754941991611901 ] } },
{ "type": "Feature", "properties": { "内容": "リハビリデイサービスセンターCoCoWa水元【地域密着型通所介護】東京都葛飾区水元4－6－19プリンス1階", "url2": "https://www.kaigokensaku.mhlw.go.jp/13/index.php?action_kouhyou_detail_004_kani=true&JigyosyoCd=1392200554-00&ServiceCd=780&Type=search" }, "geometry": { "type": "Point", "coordinates": [ 139.860271300000022, 35.7878744 ] } },
{ "type": "Feature", "properties": { "内容": "はなまるデイサービス　新小岩店【地域密着型通所介護】東京都葛飾区東新小岩４－１８－２０エマーレ新小岩1階", "url2": "https://www.kaigokensaku.mhlw.go.jp/13/index.php?action_kouhyou_detail_004_kani=true&JigyosyoCd=1392200778-00&ServiceCd=780&Type=search" }, "geometry": { "type": "Point", "coordinates": [ 139.864517799999931, 35.7247575 ] } },
{ "type": "Feature", "properties": { "内容": "デイサービススワロー細田【地域密着型通所介護】東京都葛飾区細田4-18-21ステラ１F", "url2": "https://www.kaigokensaku.mhlw.go.jp/13/index.php?action_kouhyou_detail_004_kani=true&JigyosyoCd=1392200794-00&ServiceCd=780&Type=search" }, "geometry": { "type": "Point", "coordinates": [ 139.8715664, 35.7430928 ] } },
{ "type": "Feature", "properties": { "内容": "リハビリデイサービスLeaf【地域密着型通所介護】東京都葛飾区新宿二丁目11番1号", "url2": "https://www.kaigokensaku.mhlw.go.jp/13/index.php?action_kouhyou_detail_004_kani=true&JigyosyoCd=1392200802-00&ServiceCd=780&Type=search" }, "geometry": { "type": "Point", "coordinates": [ 139.857039399999962, 35.7626744 ] } },
{ "type": "Feature", "properties": { "内容": "cookingdayえんがわ【地域密着型通所介護】東京都葛飾区金町5丁目1番16号荒井ビル1階2号", "url2": "https://www.kaigokensaku.mhlw.go.jp/13/index.php?action_kouhyou_detail_004_kani=true&JigyosyoCd=1392200810-00&ServiceCd=780&Type=search" }, "geometry": { "type": "Point", "coordinates": [ 139.8667007, 35.7647311 ] } },
{ "type": "Feature", "properties": { "内容": "はなまるデイサービス高砂店【地域密着型通所介護】東京都葛飾区高砂2-2-7ハウス小川101", "url2": "https://www.kaigokensaku.mhlw.go.jp/13/index.php?action_kouhyou_detail_004_kani=true&JigyosyoCd=1392200844-00&ServiceCd=780&Type=search" }, "geometry": { "type": "Point", "coordinates": [ 139.86490589999994, 35.746619500000016 ] } },
{ "type": "Feature", "properties": { "内容": "GENKINEXT葛飾小菅【地域密着型通所介護】東京都葛飾区小菅2-13-14ドーミー綾瀬Ⅱ", "url2": "https://www.kaigokensaku.mhlw.go.jp/13/index.php?action_kouhyou_detail_004_kani=true&JigyosyoCd=1392200851-00&ServiceCd=780&Type=search" }, "geometry": { "type": "Point", "coordinates": [ 139.826004899999958, 35.7535318 ] } },
{ "type": "Feature", "properties": { "内容": "デイサービス　きづきの日【地域密着型通所介護】東京都葛飾区四つ木5-25-1", "url2": "https://www.kaigokensaku.mhlw.go.jp/13/index.php?action_kouhyou_detail_004_kani=true&JigyosyoCd=1392200869-00&ServiceCd=780&Type=search" }, "geometry": { "type": "Point", "coordinates": [ 139.840510600000016, 35.744472 ] } },
{ "type": "Feature", "properties": { "内容": "レコードブック水元【地域密着型通所介護】東京都葛飾区南水元4-16-1", "url2": "https://www.kaigokensaku.mhlw.go.jp/13/index.php?action_kouhyou_detail_004_kani=true&JigyosyoCd=1392200877-00&ServiceCd=780&Type=search" }, "geometry": { "type": "Point", "coordinates": [ 139.8637829, 35.7791175 ] } },
{ "type": "Feature", "properties": { "内容": "リハビリデイサービスCoCoWa水元公園【地域密着型通所介護】東京都葛飾区東水元2-34-8１階ハイツリバーソン", "url2": "https://www.kaigokensaku.mhlw.go.jp/13/index.php?action_kouhyou_detail_004_kani=true&JigyosyoCd=1392200893-00&ServiceCd=780&Type=search" }, "geometry": { "type": "Point", "coordinates": [ 139.8677519, 35.7802275 ] } },
{ "type": "Feature", "properties": { "内容": "りはびり畑【地域密着型通所介護】東京都葛飾区小菅3-9-15", "url2": "https://www.kaigokensaku.mhlw.go.jp/13/index.php?action_kouhyou_detail_004_kani=true&JigyosyoCd=1392200919-00&ServiceCd=780&Type=search" }, "geometry": { "type": "Point", "coordinates": [ 139.82545329319305, 35.754365654108931 ] } },
{ "type": "Feature", "properties": { "内容": "リハビリデイサービス・楽【地域密着型通所介護】東京都葛飾区東水元１－１１－８", "url2": "https://www.kaigokensaku.mhlw.go.jp/13/index.php?action_kouhyou_detail_004_kani=true&JigyosyoCd=1392200935-00&ServiceCd=780&Type=search" }, "geometry": { "type": "Point", "coordinates": [ 139.869715458335889, 35.777766395795034 ] } },
{ "type": "Feature", "properties": { "内容": "デイサービススワロー堀切【地域密着型通所介護】東京都葛飾区堀切4-13-7ブルーパロットアヤメ１F", "url2": "https://www.kaigokensaku.mhlw.go.jp/13/index.php?action_kouhyou_detail_004_kani=true&JigyosyoCd=1392200968-00&ServiceCd=780&Type=search" }, "geometry": { "type": "Point", "coordinates": [ 139.8251201, 35.7470034 ] } },
{ "type": "Feature", "properties": { "内容": "デイサービス　海【地域密着型通所介護】東京都葛飾区南水元4-6-13", "url2": "https://www.kaigokensaku.mhlw.go.jp/13/index.php?action_kouhyou_detail_004_kani=true&JigyosyoCd=1392200976-00&ServiceCd=780&Type=search" }, "geometry": { "type": "Point", "coordinates": [ 139.860786, 35.779155 ] } },
{ "type": "Feature", "properties": { "内容": "デイサービス　桜ふぶき【地域密着型通所介護】東京都葛飾区奥戸6丁目20番８号", "url2": "https://www.kaigokensaku.mhlw.go.jp/13/index.php?action_kouhyou_detail_004_kani=true&JigyosyoCd=1392200992-00&ServiceCd=780&Type=search" }, "geometry": { "type": "Point", "coordinates": [ 139.8699073, 35.7315071 ] } },
{ "type": "Feature", "properties": { "内容": "リハビリデイサービス　プルメリア【地域密着型通所介護】東京都葛飾区お花茶屋2-1-4コーポ染谷103", "url2": "https://www.kaigokensaku.mhlw.go.jp/13/index.php?action_kouhyou_detail_004_kani=true&JigyosyoCd=1392201032-00&ServiceCd=780&Type=search" }, "geometry": { "type": "Point", "coordinates": [ 139.838051820237723, 35.750919789304085 ] } },
{ "type": "Feature", "properties": { "内容": "でいるーむばんぶー【地域密着型通所介護】東京都葛飾区西水元4-7-12", "url2": "https://www.kaigokensaku.mhlw.go.jp/13/index.php?action_kouhyou_detail_004_kani=true&JigyosyoCd=1392201107-00&ServiceCd=780&Type=search" }, "geometry": { "type": "Point", "coordinates": [ 139.8472683, 35.7950089 ] } },
{ "type": "Feature", "properties": { "内容": "匠楽館ほそだ粋【地域密着型通所介護】東京都葛飾区細田3-24-51階", "url2": "https://www.kaigokensaku.mhlw.go.jp/13/index.php?action_kouhyou_detail_004_kani=true&JigyosyoCd=1392201123-00&ServiceCd=780&Type=search" }, "geometry": { "type": "Point", "coordinates": [ 139.868946599999987, 35.7406956 ] } },
{ "type": "Feature", "properties": { "内容": "はるのひデイサービス東立石【地域密着型通所介護】東京都葛飾区東立石2-7-1", "url2": "https://www.kaigokensaku.mhlw.go.jp/13/index.php?action_kouhyou_detail_004_kani=true&JigyosyoCd=1392201131-00&ServiceCd=780&Type=search" }, "geometry": { "type": "Point", "coordinates": [ 139.845708699999989, 35.7333466 ] } },
{ "type": "Feature", "properties": { "内容": "デイサービス　あい夢　幟【地域密着型通所介護】東京都葛飾区東水元1-17-14Eine　Katze　１階", "url2": "https://www.kaigokensaku.mhlw.go.jp/13/index.php?action_kouhyou_detail_004_kani=true&JigyosyoCd=1392201149-00&ServiceCd=780&Type=search" }, "geometry": { "type": "Point", "coordinates": [ 139.8702212, 35.7772279 ] } },
{ "type": "Feature", "properties": { "内容": "レコードブック亀有【地域密着型通所介護】東京都葛飾区西亀有3-35-9１F", "url2": "https://www.kaigokensaku.mhlw.go.jp/13/index.php?action_kouhyou_detail_004_kani=true&JigyosyoCd=1392201172-00&ServiceCd=780&Type=search" }, "geometry": { "type": "Point", "coordinates": [ 139.8424498, 35.760433200000016 ] } },
{ "type": "Feature", "properties": { "内容": "ジョイリハプラス白鳥【地域密着型通所介護】東京都葛飾区白鳥4丁目5番10号みちのくビル1階", "url2": "https://www.kaigokensaku.mhlw.go.jp/13/index.php?action_kouhyou_detail_004_kani=true&JigyosyoCd=1392201214-00&ServiceCd=780&Type=search" }, "geometry": { "type": "Point", "coordinates": [ 139.8495077, 35.7523358 ] } },
{ "type": "Feature", "properties": { "内容": "リハビリ型ひかりデイサービス水元店【地域密着型通所介護】東京都葛飾区水元3-5-131Ｆ", "url2": "https://www.kaigokensaku.mhlw.go.jp/13/index.php?action_kouhyou_detail_004_kani=true&JigyosyoCd=1372206043-00&ServiceCd=780&Type=search" }, "geometry": { "type": "Point", "coordinates": [ 139.861351799999966, 35.7841416 ] } },
{ "type": "Feature", "properties": { "内容": "早稲田イーライフ水元公園【地域密着型通所介護】東京都葛飾区水元2-20-24パステルハイム１F", "url2": "https://www.kaigokensaku.mhlw.go.jp/13/index.php?action_kouhyou_detail_004_kani=true&JigyosyoCd=1372207397-00&ServiceCd=780&Type=search" }, "geometry": { "type": "Point", "coordinates": [ 139.858824199999958, 35.7855859 ] } },
{ "type": "Feature", "properties": { "内容": "BPリハデイ立石【地域密着型通所介護】東京都葛飾区立石2-28-3", "url2": "https://www.kaigokensaku.mhlw.go.jp/13/index.php?action_kouhyou_detail_004_kani=true&JigyosyoCd=1392201222-00&ServiceCd=780&Type=search" }, "geometry": { "type": "Point", "coordinates": [ 139.8406305, 35.7408573 ] } },
{ "type": "Feature", "properties": { "内容": "葛飾デイサービス奥戸2号店【地域密着型通所介護】東京都葛飾区奥戸3-4-23ナーシングホーム奥戸", "url2": "https://www.kaigokensaku.mhlw.go.jp/13/index.php?action_kouhyou_detail_004_kani=true&JigyosyoCd=1392201008-00&ServiceCd=780&Type=search" }, "geometry": { "type": "Point", "coordinates": [ 139.8596202, 35.7306858 ] } },
{ "type": "Feature", "properties": { "内容": "有限会社　せいせい舎江戸川介護デイサービスセンター【地域密着型通所介護】東京都江戸川区西小松川町１６番９号", "url2": "https://www.kaigokensaku.mhlw.go.jp/13/index.php?action_kouhyou_detail_004_kani=true&JigyosyoCd=1372302776-00&ServiceCd=780&Type=search" }, "geometry": { "type": "Point", "coordinates": [ 139.861562461810308, 35.700336453011289 ] } },
{ "type": "Feature", "properties": { "内容": "真情デイ・サービス　きらめき【地域密着型通所介護】東京都江戸川区西小岩1-5-6", "url2": "https://www.kaigokensaku.mhlw.go.jp/13/index.php?action_kouhyou_detail_004_kani=true&JigyosyoCd=1392300701-00&ServiceCd=780&Type=search" }, "geometry": { "type": "Point", "coordinates": [ 139.875682660713181, 35.731573909260234 ] } },
{ "type": "Feature", "properties": { "内容": "鶴亀デイサービス　清風亭【地域密着型通所介護】東京都江戸川区南葛西5-13-13", "url2": "https://www.kaigokensaku.mhlw.go.jp/13/index.php?action_kouhyou_detail_004_kani=true&JigyosyoCd=1392301204-00&ServiceCd=780&Type=search" }, "geometry": { "type": "Point", "coordinates": [ 139.8743385, 35.6458319 ] } },
{ "type": "Feature", "properties": { "内容": "デイサービスセンター　わとなーる【地域密着型通所介護】東京都江戸川区鹿骨一丁目３番８号", "url2": "https://www.kaigokensaku.mhlw.go.jp/13/index.php?action_kouhyou_detail_004_kani=true&JigyosyoCd=1372304467-00&ServiceCd=780&Type=search" }, "geometry": { "type": "Point", "coordinates": [ 139.886474499999963, 35.7069772 ] } },
{ "type": "Feature", "properties": { "内容": "リハビリデイサービスえど川【地域密着型通所介護】東京都江戸川区東葛西7丁目13番8号", "url2": "https://www.kaigokensaku.mhlw.go.jp/13/index.php?action_kouhyou_detail_004_kani=true&JigyosyoCd=1372307064-00&ServiceCd=780&Type=search" }, "geometry": { "type": "Point", "coordinates": [ 139.876169299999987, 35.6591322 ] } },
{ "type": "Feature", "properties": { "内容": "だんらんの家　一之江【地域密着型通所介護】東京都江戸川区西一之江3-1-2ライオンズマンション親水公園南103号室", "url2": "https://www.kaigokensaku.mhlw.go.jp/13/index.php?action_kouhyou_detail_004_kani=true&JigyosyoCd=1392301337-00&ServiceCd=780&Type=search" }, "geometry": { "type": "Point", "coordinates": [ 139.874305600000014, 35.693844 ] } },
{ "type": "Feature", "properties": { "内容": "だんらんの家　南小岩【地域密着型通所介護】東京都江戸川区南小岩7-13-25", "url2": "https://www.kaigokensaku.mhlw.go.jp/13/index.php?action_kouhyou_detail_004_kani=true&JigyosyoCd=1392301329-00&ServiceCd=780&Type=search" }, "geometry": { "type": "Point", "coordinates": [ 139.882179, 35.7290742 ] } },
{ "type": "Feature", "properties": { "内容": "コミュニティガーデン東京アネックス別館プラス【地域密着型通所介護】東京都江戸川区南篠崎町3-8-15", "url2": "https://www.kaigokensaku.mhlw.go.jp/13/index.php?action_kouhyou_detail_004_kani=true&JigyosyoCd=1392301238-00&ServiceCd=780&Type=search" }, "geometry": { "type": "Point", "coordinates": [ 139.8989724, 35.6952023 ] } },
{ "type": "Feature", "properties": { "内容": "デイサービス五幸平井【地域密着型通所介護】東京都江戸川区平井四丁目9番地9号板垣ビル１階", "url2": "https://www.kaigokensaku.mhlw.go.jp/13/index.php?action_kouhyou_detail_004_kani=true&JigyosyoCd=1372306868-00&ServiceCd=780&Type=search" }, "geometry": { "type": "Point", "coordinates": [ 139.844812565606702, 35.706064633498251 ] } },
{ "type": "Feature", "properties": { "内容": "デイサービス鶴亀屋　北小岩【地域密着型通所介護】東京都江戸川区北小岩6-42-4", "url2": "https://www.kaigokensaku.mhlw.go.jp/13/index.php?action_kouhyou_detail_004_kani=true&JigyosyoCd=1392300776-00&ServiceCd=780&Type=search" }, "geometry": { "type": "Point", "coordinates": [ 139.885998299999983, 35.7457493 ] } },
{ "type": "Feature", "properties": { "内容": "虹の会デイサービス【地域密着型通所介護】東京都江戸川区南葛西７－２－３", "url2": "https://www.kaigokensaku.mhlw.go.jp/13/index.php?action_kouhyou_detail_004_kani=true&JigyosyoCd=1392300917-00&ServiceCd=780&Type=search" }, "geometry": { "type": "Point", "coordinates": [ 139.88194969999995, 35.6471498 ] } },
{ "type": "Feature", "properties": { "内容": "1丁目の広場デイサービス【地域密着型通所介護】東京都江戸川区篠崎町1-16-20", "url2": "https://www.kaigokensaku.mhlw.go.jp/13/index.php?action_kouhyou_detail_004_kani=true&JigyosyoCd=1392300990-00&ServiceCd=780&Type=search" }, "geometry": { "type": "Point", "coordinates": [ 139.905266, 35.709341 ] } },
{ "type": "Feature", "properties": { "内容": "グランチャ永仁ディサービス【地域密着型通所介護】東京都江戸川区平井4-1-19", "url2": "https://www.kaigokensaku.mhlw.go.jp/13/index.php?action_kouhyou_detail_004_kani=true&JigyosyoCd=1372306363-00&ServiceCd=780&Type=search" }, "geometry": { "type": "Point", "coordinates": [ 139.84722360185242, 35.703997578931684 ] } },
{ "type": "Feature", "properties": { "内容": "でこぽんデイ【地域密着型通所介護】東京都江戸川区北小岩１－１０－１９", "url2": "https://www.kaigokensaku.mhlw.go.jp/13/index.php?action_kouhyou_detail_004_kani=true&JigyosyoCd=1372306371-00&ServiceCd=780&Type=search" }, "geometry": { "type": "Point", "coordinates": [ 139.889467800000034, 35.736159 ] } },
{ "type": "Feature", "properties": { "内容": "イオンスマイル西一之江店【地域密着型通所介護】東京都江戸川区西一之江2-10-17大場ビル1F", "url2": "https://www.kaigokensaku.mhlw.go.jp/13/index.php?action_kouhyou_detail_004_kani=true&JigyosyoCd=1392300800-00&ServiceCd=780&Type=search" }, "geometry": { "type": "Point", "coordinates": [ 139.878642300000024, 35.7011831 ] } },
{ "type": "Feature", "properties": { "内容": "スマイルデイサービス江戸亭【地域密着型通所介護】東京都江戸川区本一色1－13－18フェリース本一色　1階", "url2": "https://www.kaigokensaku.mhlw.go.jp/13/index.php?action_kouhyou_detail_004_kani=true&JigyosyoCd=1392300842-00&ServiceCd=780&Type=search" }, "geometry": { "type": "Point", "coordinates": [ 139.866742899999963, 35.719172 ] } },
{ "type": "Feature", "properties": { "内容": "野口株式会社ライフケアリハ船堀【地域密着型通所介護】東京都江戸川区東小松川4-44-6", "url2": "https://www.kaigokensaku.mhlw.go.jp/13/index.php?action_kouhyou_detail_004_kani=true&JigyosyoCd=1392301220-00&ServiceCd=780&Type=search" }, "geometry": { "type": "Point", "coordinates": [ 139.8651695, 35.6875135 ] } },
{ "type": "Feature", "properties": { "内容": "東京ケアヴィレッジ【地域密着型通所介護】東京都江戸川区東小岩1-3-1ウメザワビル　2F", "url2": "https://www.kaigokensaku.mhlw.go.jp/13/index.php?action_kouhyou_detail_004_kani=true&JigyosyoCd=1372304426-00&ServiceCd=780&Type=search" }, "geometry": { "type": "Point", "coordinates": [ 139.891563299999973, 35.7183461 ] } },
{ "type": "Feature", "properties": { "内容": "デイホームたけのこ【地域密着型通所介護】東京都江戸川区西篠崎1丁目5-10", "url2": "https://www.kaigokensaku.mhlw.go.jp/13/index.php?action_kouhyou_detail_004_kani=true&JigyosyoCd=1372305183-00&ServiceCd=780&Type=search" }, "geometry": { "type": "Point", "coordinates": [ 139.892884900000013, 35.716001 ] } },
{ "type": "Feature", "properties": { "内容": "リハビリデイサービスnagomi江戸川店【地域密着型通所介護】東京都江戸川区鹿骨1-22-8", "url2": "https://www.kaigokensaku.mhlw.go.jp/13/index.php?action_kouhyou_detail_004_kani=true&JigyosyoCd=1372305431-00&ServiceCd=780&Type=search" }, "geometry": { "type": "Point", "coordinates": [ 139.885646700000052, 35.7111766 ] } },
{ "type": "Feature", "properties": { "内容": "デイホーム　公園日和【地域密着型通所介護】東京都江戸川区松島1-34-101F", "url2": "https://www.kaigokensaku.mhlw.go.jp/13/index.php?action_kouhyou_detail_004_kani=true&JigyosyoCd=1372305464-00&ServiceCd=780&Type=search" }, "geometry": { "type": "Point", "coordinates": [ 139.866929185284761, 35.704495840420208 ] } },
{ "type": "Feature", "properties": { "内容": "瑞江ホーム東部デイサービスセンター【地域密着型通所介護】東京都江戸川区東瑞江1-18-5", "url2": "https://www.kaigokensaku.mhlw.go.jp/13/index.php?action_kouhyou_detail_004_kani=true&JigyosyoCd=1372305563-00&ServiceCd=780&Type=search" }, "geometry": { "type": "Point", "coordinates": [ 139.898352299999942, 35.6894047 ] } },
{ "type": "Feature", "properties": { "内容": "絆ひだまりの会　デイサービス　東瑞江の家【地域密着型通所介護】東京都江戸川区東瑞江2-16-12", "url2": "https://www.kaigokensaku.mhlw.go.jp/13/index.php?action_kouhyou_detail_004_kani=true&JigyosyoCd=1372305688-00&ServiceCd=780&Type=search" }, "geometry": { "type": "Point", "coordinates": [ 139.897899384146285, 35.685349486624844 ] } },
{ "type": "Feature", "properties": { "内容": "あすもデイサービス【地域密着型通所介護】東京都江戸川区南篠崎町3-10-1クローバーハイム5-101", "url2": "https://www.kaigokensaku.mhlw.go.jp/13/index.php?action_kouhyou_detail_004_kani=true&JigyosyoCd=1372305894-00&ServiceCd=780&Type=search" }, "geometry": { "type": "Point", "coordinates": [ 139.898435799999987, 35.6958003 ] } },
{ "type": "Feature", "properties": { "内容": "リハビリデイサービスnagomi葛西店【地域密着型通所介護】東京都江戸川区南葛西6‐32‐11", "url2": "https://www.kaigokensaku.mhlw.go.jp/13/index.php?action_kouhyou_detail_004_kani=true&JigyosyoCd=1372305910-00&ServiceCd=780&Type=search" }, "geometry": { "type": "Point", "coordinates": [ 139.87955, 35.6495945 ] } },
{ "type": "Feature", "properties": { "内容": "江戸川デイサービス松江【地域密着型通所介護】東京都江戸川区松江2-18-3", "url2": "https://www.kaigokensaku.mhlw.go.jp/13/index.php?action_kouhyou_detail_004_kani=true&JigyosyoCd=1372306140-00&ServiceCd=780&Type=search" }, "geometry": { "type": "Point", "coordinates": [ 139.874951199999941, 35.6986554 ] } },
{ "type": "Feature", "properties": { "内容": "ドゥ・バリアン【地域密着型通所介護】東京都江戸川区松本1-34-122Ｆ-2　パレルモコンプレックス", "url2": "https://www.kaigokensaku.mhlw.go.jp/13/index.php?action_kouhyou_detail_004_kani=true&JigyosyoCd=1372306249-00&ServiceCd=780&Type=search" }, "geometry": { "type": "Point", "coordinates": [ 139.875381, 35.716942 ] } },
{ "type": "Feature", "properties": { "内容": "リハビリデイホーム縁～enishi～【地域密着型通所介護】東京都江戸川区新堀2-13-1", "url2": "https://www.kaigokensaku.mhlw.go.jp/13/index.php?action_kouhyou_detail_004_kani=true&JigyosyoCd=1372306660-00&ServiceCd=780&Type=search" }, "geometry": { "type": "Point", "coordinates": [ 139.891021499999965, 35.703364 ] } },
{ "type": "Feature", "properties": { "内容": "古民家デイサービスねこの手【地域密着型通所介護】東京都江戸川区南篠崎町5-8-15", "url2": "https://www.kaigokensaku.mhlw.go.jp/13/index.php?action_kouhyou_detail_004_kani=true&JigyosyoCd=1372306884-00&ServiceCd=780&Type=search" }, "geometry": { "type": "Point", "coordinates": [ 139.908797928836094, 35.692579837911545 ] } },
{ "type": "Feature", "properties": { "内容": "北小岩デイサービス151A【地域密着型通所介護】東京都江戸川区北小岩2-21-9", "url2": "https://www.kaigokensaku.mhlw.go.jp/13/index.php?action_kouhyou_detail_004_kani=true&JigyosyoCd=1372306926-00&ServiceCd=780&Type=search" }, "geometry": { "type": "Point", "coordinates": [ 139.8853487, 35.7372339 ] } },
{ "type": "Feature", "properties": { "内容": "あしすとデイサービス【地域密着型通所介護】東京都江戸川区南篠崎町１丁目１７番７号Nビル１階", "url2": "https://www.kaigokensaku.mhlw.go.jp/13/index.php?action_kouhyou_detail_004_kani=true&JigyosyoCd=1372306983-00&ServiceCd=780&Type=search" }, "geometry": { "type": "Point", "coordinates": [ 139.905459899999983, 35.6952931 ] } },
{ "type": "Feature", "properties": { "内容": "はなまるデイサービス【地域密着型通所介護】東京都江戸川区北小岩8-5-10", "url2": "https://www.kaigokensaku.mhlw.go.jp/13/index.php?action_kouhyou_detail_004_kani=true&JigyosyoCd=1372307247-00&ServiceCd=780&Type=search" }, "geometry": { "type": "Point", "coordinates": [ 139.883126299999958, 35.7483239 ] } },
{ "type": "Feature", "properties": { "内容": "あすもデイサービス江戸川【地域密着型通所介護】東京都江戸川区江戸川３－９－１サンハイツ１階", "url2": "https://www.kaigokensaku.mhlw.go.jp/13/index.php?action_kouhyou_detail_004_kani=true&JigyosyoCd=1372307288-00&ServiceCd=780&Type=search" }, "geometry": { "type": "Point", "coordinates": [ 139.895727870095953, 35.684731609776911 ] } },
{ "type": "Feature", "properties": { "内容": "リハビリ型ひかりデイサービス東小岩店【地域密着型通所介護】東京都江戸川区東小岩4-14-7フェニックスビル2F", "url2": "https://www.kaigokensaku.mhlw.go.jp/13/index.php?action_kouhyou_detail_004_kani=true&JigyosyoCd=1372307346-00&ServiceCd=780&Type=search" }, "geometry": { "type": "Point", "coordinates": [ 139.889170799999988, 35.7285935 ] } },
{ "type": "Feature", "properties": { "内容": "デイハウス　えどがわ家族【地域密着型通所介護】東京都江戸川区江戸川6-49-16", "url2": "https://www.kaigokensaku.mhlw.go.jp/13/index.php?action_kouhyou_detail_004_kani=true&JigyosyoCd=1372307569-00&ServiceCd=780&Type=search" }, "geometry": { "type": "Point", "coordinates": [ 139.883026400000034, 35.6773501 ] } },
{ "type": "Feature", "properties": { "内容": "リハビリデイサービスSORA【地域密着型通所介護】東京都江戸川区篠崎町2-24-13グランレオーネ102", "url2": "https://www.kaigokensaku.mhlw.go.jp/13/index.php?action_kouhyou_detail_004_kani=true&JigyosyoCd=1372307700-00&ServiceCd=780&Type=search" }, "geometry": { "type": "Point", "coordinates": [ 139.907269354631012, 35.706050265327825 ] } },
{ "type": "Feature", "properties": { "内容": "デイサービス絶好調【地域密着型通所介護】東京都江戸川区一之江6-7-14ステラハイツ１Ｆ", "url2": "https://www.kaigokensaku.mhlw.go.jp/13/index.php?action_kouhyou_detail_004_kani=true&JigyosyoCd=1372307726-00&ServiceCd=780&Type=search" }, "geometry": { "type": "Point", "coordinates": [ 139.873868499999929, 35.684707 ] } },
{ "type": "Feature", "properties": { "内容": "リハビリデイサービス　オハナ”Ohana”【地域密着型通所介護】東京都江戸川区鹿骨4-5-5アネックス大成1階", "url2": "https://www.kaigokensaku.mhlw.go.jp/13/index.php?action_kouhyou_detail_004_kani=true&JigyosyoCd=1372307809-00&ServiceCd=780&Type=search" }, "geometry": { "type": "Point", "coordinates": [ 139.8884491, 35.713443 ] } },
{ "type": "Feature", "properties": { "内容": "四季散歩デイサービス春江町【地域密着型通所介護】東京都江戸川区春江町2-49-121F", "url2": "https://www.kaigokensaku.mhlw.go.jp/13/index.php?action_kouhyou_detail_004_kani=true&JigyosyoCd=1372308112-00&ServiceCd=780&Type=search" }, "geometry": { "type": "Point", "coordinates": [ 139.891429900000048, 35.701764300000015 ] } },
{ "type": "Feature", "properties": { "内容": "レコードブック中葛西【地域密着型通所介護】東京都江戸川区中葛西1-11-2", "url2": "https://www.kaigokensaku.mhlw.go.jp/13/index.php?action_kouhyou_detail_004_kani=true&JigyosyoCd=1372308146-00&ServiceCd=780&Type=search" }, "geometry": { "type": "Point", "coordinates": [ 139.867106, 35.6711561 ] } },
{ "type": "Feature", "properties": { "内容": "さくらSPA中葛西【地域密着型通所介護】東京都江戸川区中葛西４−２０−２０エヌ・エスビル１０１", "url2": "https://www.kaigokensaku.mhlw.go.jp/13/index.php?action_kouhyou_detail_004_kani=true&JigyosyoCd=1372308179-00&ServiceCd=780&Type=search" }, "geometry": { "type": "Point", "coordinates": [ 139.866855799999939, 35.6641729 ] } },
{ "type": "Feature", "properties": { "内容": "江戸川デイサービス北小岩【地域密着型通所介護】東京都江戸川区北小岩6-18-4BRAXA２階", "url2": "https://www.kaigokensaku.mhlw.go.jp/13/index.php?action_kouhyou_detail_004_kani=true&JigyosyoCd=1372308237-00&ServiceCd=780&Type=search" }, "geometry": { "type": "Point", "coordinates": [ 139.884356900000057, 35.7433913 ] } },
{ "type": "Feature", "properties": { "内容": "飯塚接骨院デイサービスとも【地域密着型通所介護】東京都江戸川区中葛西5-19-4", "url2": "https://www.kaigokensaku.mhlw.go.jp/13/index.php?action_kouhyou_detail_004_kani=true&JigyosyoCd=1372308369-00&ServiceCd=780&Type=search" }, "geometry": { "type": "Point", "coordinates": [ 139.8697781, 35.6638318 ] } },
{ "type": "Feature", "properties": { "内容": "リハプライド・まつえ【地域密着型通所介護】東京都江戸川区松江2丁目7番地22号マツエロイヤルハイツ1階", "url2": "https://www.kaigokensaku.mhlw.go.jp/13/index.php?action_kouhyou_detail_004_kani=true&JigyosyoCd=1372308617-00&ServiceCd=780&Type=search" }, "geometry": { "type": "Point", "coordinates": [ 139.871066299999939, 35.697870099999989 ] } },
{ "type": "Feature", "properties": { "内容": "ゲンキネクスト江戸川東小岩【地域密着型通所介護】東京都江戸川区東小岩5-37-22リバティーハウス1F", "url2": "https://www.kaigokensaku.mhlw.go.jp/13/index.php?action_kouhyou_detail_004_kani=true&JigyosyoCd=1392300636-00&ServiceCd=780&Type=search" }, "geometry": { "type": "Point", "coordinates": [ 139.89237879999996, 35.7336317 ] } },
{ "type": "Feature", "properties": { "内容": "真情デイサービス西小岩【地域密着型通所介護】東京都江戸川区西小岩3-7-2", "url2": "https://www.kaigokensaku.mhlw.go.jp/13/index.php?action_kouhyou_detail_004_kani=true&JigyosyoCd=1392300693-00&ServiceCd=780&Type=search" }, "geometry": { "type": "Point", "coordinates": [ 139.8730966, 35.737147 ] } },
{ "type": "Feature", "properties": { "内容": "ポラリスデイサービスセンター一之江【地域密着型通所介護】東京都江戸川区一之江2-18-4", "url2": "https://www.kaigokensaku.mhlw.go.jp/13/index.php?action_kouhyou_detail_004_kani=true&JigyosyoCd=1392300727-00&ServiceCd=780&Type=search" }, "geometry": { "type": "Point", "coordinates": [ 139.884191052145411, 35.695183231153152 ] } },
{ "type": "Feature", "properties": { "内容": "四季散歩デイサービス新堀【地域密着型通所介護】東京都江戸川区新堀2-6-111F", "url2": "https://www.kaigokensaku.mhlw.go.jp/13/index.php?action_kouhyou_detail_004_kani=true&JigyosyoCd=1392300784-00&ServiceCd=780&Type=search" }, "geometry": { "type": "Point", "coordinates": [ 139.890227, 35.705683100000044 ] } },
{ "type": "Feature", "properties": { "内容": "鶴亀屋花笑【地域密着型通所介護】東京都江戸川区北小岩6-22-2", "url2": "https://www.kaigokensaku.mhlw.go.jp/13/index.php?action_kouhyou_detail_004_kani=true&JigyosyoCd=1392300875-00&ServiceCd=780&Type=search" }, "geometry": { "type": "Point", "coordinates": [ 139.8841493, 35.7445861 ] } },
{ "type": "Feature", "properties": { "内容": "デイサービス縁の湯【地域密着型通所介護】東京都江戸川区篠崎町１－９－８ホワイトシェルムハラダ１００", "url2": "https://www.kaigokensaku.mhlw.go.jp/13/index.php?action_kouhyou_detail_004_kani=true&JigyosyoCd=1392300883-00&ServiceCd=780&Type=search" }, "geometry": { "type": "Point", "coordinates": [ 139.904289699999907, 35.7079928 ] } },
{ "type": "Feature", "properties": { "内容": "デイサービスほっとミルク江戸川【地域密着型通所介護】東京都江戸川区松本1丁目４－２７サンハイツ１F", "url2": "https://www.kaigokensaku.mhlw.go.jp/13/index.php?action_kouhyou_detail_004_kani=true&JigyosyoCd=1392301014-00&ServiceCd=780&Type=search" }, "geometry": { "type": "Point", "coordinates": [ 139.8757593, 35.7140693 ] } },
{ "type": "Feature", "properties": { "内容": "ポラリスデイサービスセンター瑞江【地域密着型通所介護】東京都江戸川区篠崎町7-23-5KLZBLDG.1F", "url2": "https://www.kaigokensaku.mhlw.go.jp/13/index.php?action_kouhyou_detail_004_kani=true&JigyosyoCd=1392301048-00&ServiceCd=780&Type=search" }, "geometry": { "type": "Point", "coordinates": [ 139.9045496, 35.7041377 ] } },
{ "type": "Feature", "properties": { "内容": "だんらんの家　南葛西【地域密着型通所介護】東京都江戸川区南葛西3-20-19", "url2": "https://www.kaigokensaku.mhlw.go.jp/13/index.php?action_kouhyou_detail_004_kani=true&JigyosyoCd=1392301063-00&ServiceCd=780&Type=search" }, "geometry": { "type": "Point", "coordinates": [ 139.8706263, 35.6518043 ] } },
{ "type": "Feature", "properties": { "内容": "デイサービス　ハートランド平井【地域密着型通所介護】東京都江戸川区平井5-16-4", "url2": "https://www.kaigokensaku.mhlw.go.jp/13/index.php?action_kouhyou_detail_004_kani=true&JigyosyoCd=1392301105-00&ServiceCd=780&Type=search" }, "geometry": { "type": "Point", "coordinates": [ 139.8411903, 35.7070335 ] } },
{ "type": "Feature", "properties": { "内容": "レコードブック瑞江【地域密着型通所介護】東京都江戸川区東瑞江3-17-8キャッスル瑞江", "url2": "https://www.kaigokensaku.mhlw.go.jp/13/index.php?action_kouhyou_detail_004_kani=true&JigyosyoCd=1392301113-00&ServiceCd=780&Type=search" }, "geometry": { "type": "Point", "coordinates": [ 139.8943003, 35.6897229 ] } },
{ "type": "Feature", "properties": { "内容": "イオンスマイル葛西SC店【地域密着型通所介護】東京都江戸川区西葛西3-9-19イオン葛西店４階", "url2": "https://www.kaigokensaku.mhlw.go.jp/13/index.php?action_kouhyou_detail_004_kani=true&JigyosyoCd=1392301121-00&ServiceCd=780&Type=search" }, "geometry": { "type": "Point", "coordinates": [ 139.858406199999962, 35.669099400000015 ] } },
{ "type": "Feature", "properties": { "内容": "レコードブック葛西店【地域密着型通所介護】東京都江戸川区中葛西6-11-11ドーミー葛西", "url2": "https://www.kaigokensaku.mhlw.go.jp/13/index.php?action_kouhyou_detail_004_kani=true&JigyosyoCd=1392301162-00&ServiceCd=780&Type=search" }, "geometry": { "type": "Point", "coordinates": [ 139.868126, 35.6607365 ] } },
{ "type": "Feature", "properties": { "内容": "鶴亀デイサービス一之江【地域密着型通所介護】東京都江戸川区西一之江4-5-5", "url2": "https://www.kaigokensaku.mhlw.go.jp/13/index.php?action_kouhyou_detail_004_kani=true&JigyosyoCd=1392301352-00&ServiceCd=780&Type=search" }, "geometry": { "type": "Point", "coordinates": [ 139.87476190000001, 35.6977561 ] } },
{ "type": "Feature", "properties": { "内容": "瑞江デイサービス151A【地域密着型通所介護】東京都江戸川区南篠崎町2－2－1グランカーサ瑞江103号室", "url2": "https://www.kaigokensaku.mhlw.go.jp/13/index.php?action_kouhyou_detail_004_kani=true&JigyosyoCd=1392301360-00&ServiceCd=780&Type=search" }, "geometry": { "type": "Point", "coordinates": [ 139.902128, 35.6903519 ] } },
{ "type": "Feature", "properties": { "内容": "やすらぎの森上一色【地域密着型通所介護】東京都江戸川区上一色2-16-6イーストビル3階", "url2": "https://www.kaigokensaku.mhlw.go.jp/13/index.php?action_kouhyou_detail_004_kani=true&JigyosyoCd=1372306991-00&ServiceCd=780&Type=search" }, "geometry": { "type": "Point", "coordinates": [ 139.873612, 35.725729300000019 ] } },
{ "type": "Feature", "properties": { "内容": "はつね　江戸川【地域密着型通所介護】東京都江戸川区松江４－１１－５", "url2": "https://www.kaigokensaku.mhlw.go.jp/13/index.php?action_kouhyou_detail_004_kani=true&JigyosyoCd=1372307577-00&ServiceCd=780&Type=search" }, "geometry": { "type": "Point", "coordinates": [ 139.8704962, 35.6952641 ] } },
{ "type": "Feature", "properties": { "内容": "あさがおリハ南葛西【地域密着型通所介護】東京都江戸川区南葛西7-1-7-113なぎさニュータウン７号棟1階", "url2": "https://www.kaigokensaku.mhlw.go.jp/13/index.php?action_kouhyou_detail_004_kani=true&JigyosyoCd=1372308096-00&ServiceCd=780&Type=search" }, "geometry": { "type": "Point", "coordinates": [ 139.879685421426387, 35.646338083654101 ] } },
{ "type": "Feature", "properties": { "内容": "リハプライド東小岩【地域密着型通所介護】東京都江戸川区東小岩１丁目９番９号", "url2": "https://www.kaigokensaku.mhlw.go.jp/13/index.php?action_kouhyou_detail_004_kani=true&JigyosyoCd=1392301154-00&ServiceCd=780&Type=search" }, "geometry": { "type": "Point", "coordinates": [ 139.889811400000013, 35.7236096 ] } },
{ "type": "Feature", "properties": { "内容": "樹楽江戸川瑞江【地域密着型通所介護】東京都江戸川区江戸川3-19-16", "url2": "https://www.kaigokensaku.mhlw.go.jp/13/index.php?action_kouhyou_detail_004_kani=true&JigyosyoCd=1392300958-00&ServiceCd=780&Type=search" }, "geometry": { "type": "Point", "coordinates": [ 139.8925827, 35.686076200000024 ] } },
{ "type": "Feature", "properties": { "内容": "リハビリデイサービスnagomi船堀店【地域密着型通所介護】東京都江戸川区松江5-7-8ライオンズマンション船堀第3", "url2": "https://www.kaigokensaku.mhlw.go.jp/13/index.php?action_kouhyou_detail_004_kani=true&JigyosyoCd=1372306421-00&ServiceCd=780&Type=search" }, "geometry": { "type": "Point", "coordinates": [ 139.867949400000043, 35.6896144 ] } },
{ "type": "Feature", "properties": { "内容": "なないろデイサービス【地域密着型通所介護】東京都江戸川区一之江8-19-6彦新ビルⅠ　1階", "url2": "https://www.kaigokensaku.mhlw.go.jp/13/index.php?action_kouhyou_detail_004_kani=true&JigyosyoCd=1392301394-00&ServiceCd=780&Type=search" }, "geometry": { "type": "Point", "coordinates": [ 139.884655, 35.685453100000025 ] } },
{ "type": "Feature", "properties": { "内容": "デイサービスカフェしんあい【地域密着型通所介護】東京都八王子市日吉町12-14日吉ビル1階", "url2": "https://www.kaigokensaku.mhlw.go.jp/13/index.php?action_kouhyou_detail_004_kani=true&JigyosyoCd=1372907848-00&ServiceCd=780&Type=search" }, "geometry": { "type": "Point", "coordinates": [ 139.3141134, 35.6613965 ] } },
{ "type": "Feature", "properties": { "内容": "デイサービスセンタードリームとぶき【地域密着型通所介護】東京都八王子市戸吹町76-1", "url2": "https://www.kaigokensaku.mhlw.go.jp/13/index.php?action_kouhyou_detail_004_kani=true&JigyosyoCd=1372907004-00&ServiceCd=780&Type=search" }, "geometry": { "type": "Point", "coordinates": [ 139.3036055, 35.7065036 ] } },
{ "type": "Feature", "properties": { "内容": "デイリゾート京王八王子【地域密着型通所介護】東京都八王子市明神町２－２５－４", "url2": "https://www.kaigokensaku.mhlw.go.jp/13/index.php?action_kouhyou_detail_004_kani=true&JigyosyoCd=1372906840-00&ServiceCd=780&Type=search" }, "geometry": { "type": "Point", "coordinates": [ 139.344642199999953, 35.6572719 ] } },
{ "type": "Feature", "properties": { "内容": "デイサービスセンタールースト【地域密着型通所介護】東京都八王子市長沼町1308－4スカイパレス北野102", "url2": "https://www.kaigokensaku.mhlw.go.jp/13/index.php?action_kouhyou_detail_004_kani=true&JigyosyoCd=1372904076-00&ServiceCd=780&Type=search" }, "geometry": { "type": "Point", "coordinates": [ 139.360749700000014, 35.6453858 ] } },
{ "type": "Feature", "properties": { "内容": "ぷりまデイサービスステーション【地域密着型通所介護】東京都八王子市鑓水2-165-1", "url2": "https://www.kaigokensaku.mhlw.go.jp/13/index.php?action_kouhyou_detail_004_kani=true&JigyosyoCd=1372906956-00&ServiceCd=780&Type=search" }, "geometry": { "type": "Point", "coordinates": [ 139.348041100000046, 35.6131692 ] } },
{ "type": "Feature", "properties": { "内容": "丘の上デイサービスセンター【地域密着型通所介護】東京都八王子市片倉町1151-2", "url2": "https://www.kaigokensaku.mhlw.go.jp/13/index.php?action_kouhyou_detail_004_kani=true&JigyosyoCd=1372901064-00&ServiceCd=780&Type=search" }, "geometry": { "type": "Point", "coordinates": [ 139.340836314710941, 35.637935430943884 ] } },
{ "type": "Feature", "properties": { "内容": "デイサービスくるみの家【地域密着型通所介護】東京都八王子市大塚529", "url2": "https://www.kaigokensaku.mhlw.go.jp/13/index.php?action_kouhyou_detail_004_kani=true&JigyosyoCd=1372901346-00&ServiceCd=780&Type=search" }, "geometry": { "type": "Point", "coordinates": [ 139.41966750000006, 35.639278 ] } },
{ "type": "Feature", "properties": { "内容": "デイサービスさんさん【地域密着型通所介護】東京都八王子市南陽台1-12-17", "url2": "https://www.kaigokensaku.mhlw.go.jp/13/index.php?action_kouhyou_detail_004_kani=true&JigyosyoCd=1372903136-00&ServiceCd=780&Type=search" }, "geometry": { "type": "Point", "coordinates": [ 139.3746936, 35.6335056 ] } },
{ "type": "Feature", "properties": { "内容": "デイサービスもえ【地域密着型通所介護】東京都八王子市鹿島4-1-101", "url2": "https://www.kaigokensaku.mhlw.go.jp/13/index.php?action_kouhyou_detail_004_kani=true&JigyosyoCd=1372903177-00&ServiceCd=780&Type=search" }, "geometry": { "type": "Point", "coordinates": [ 139.4247034, 35.6327595 ] } },
{ "type": "Feature", "properties": { "内容": "デイルームてくてく【地域密着型通所介護】東京都八王子市北野町519-28", "url2": "https://www.kaigokensaku.mhlw.go.jp/13/index.php?action_kouhyou_detail_004_kani=true&JigyosyoCd=1372903888-00&ServiceCd=780&Type=search" }, "geometry": { "type": "Point", "coordinates": [ 139.350186300000018, 35.6506867 ] } },
{ "type": "Feature", "properties": { "内容": "ケアサポート　メイ【地域密着型通所介護】東京都八王子市宇津木町９３９－１９", "url2": "https://www.kaigokensaku.mhlw.go.jp/13/index.php?action_kouhyou_detail_004_kani=true&JigyosyoCd=1372905040-00&ServiceCd=780&Type=search" }, "geometry": { "type": "Point", "coordinates": [ 139.352704600000038, 35.682596799999985 ] } },
{ "type": "Feature", "properties": { "内容": "デイサービス菜の花【地域密着型通所介護】東京都八王子市中野上町5-27-7", "url2": "https://www.kaigokensaku.mhlw.go.jp/13/index.php?action_kouhyou_detail_004_kani=true&JigyosyoCd=1372905750-00&ServiceCd=780&Type=search" }, "geometry": { "type": "Point", "coordinates": [ 139.315211, 35.6756688 ] } },
{ "type": "Feature", "properties": { "内容": "デイサービス　サンガーデン富士森公園【地域密着型通所介護】東京都八王子市台町2丁目22番22号サービス付き高齢者向け住宅　ガーデンテラス富士森公園", "url2": "https://www.kaigokensaku.mhlw.go.jp/13/index.php?action_kouhyou_detail_004_kani=true&JigyosyoCd=1372907251-00&ServiceCd=780&Type=search" }, "geometry": { "type": "Point", "coordinates": [ 139.319643323417722, 35.652211659505454 ] } },
{ "type": "Feature", "properties": { "内容": "デイサービスいちょう並木【地域密着型通所介護】東京都八王子市並木町20-2", "url2": "https://www.kaigokensaku.mhlw.go.jp/13/index.php?action_kouhyou_detail_004_kani=true&JigyosyoCd=1392900591-00&ServiceCd=780&Type=search" }, "geometry": { "type": "Point", "coordinates": [ 139.298932599999944, 35.6509077 ] } },
{ "type": "Feature", "properties": { "内容": "デイサービスゆぎの里【地域密着型通所介護】東京都八王子市越野７７３番地", "url2": "https://www.kaigokensaku.mhlw.go.jp/13/index.php?action_kouhyou_detail_004_kani=true&JigyosyoCd=1392900864-00&ServiceCd=780&Type=search" }, "geometry": { "type": "Point", "coordinates": [ 139.3842568, 35.6307266 ] } },
{ "type": "Feature", "properties": { "内容": "やさしい手　八王子南事業所　八王子みなみ茶論【地域密着型通所介護】東京都八王子市寺田町３００－１シルクフォルム１０１号室", "url2": "https://www.kaigokensaku.mhlw.go.jp/13/index.php?action_kouhyou_detail_004_kani=true&JigyosyoCd=1392900872-00&ServiceCd=780&Type=search" }, "geometry": { "type": "Point", "coordinates": [ 139.30981060000002, 35.6283866 ] } },
{ "type": "Feature", "properties": { "内容": "デイサービスセンター　初音の杜【地域密着型通所介護】東京都八王子市宮下町988番地", "url2": "https://www.kaigokensaku.mhlw.go.jp/13/index.php?action_kouhyou_detail_004_kani=true&JigyosyoCd=1372905586-00&ServiceCd=780&Type=search" }, "geometry": { "type": "Point", "coordinates": [ 139.313071499999978, 35.700213 ] } },
{ "type": "Feature", "properties": { "内容": "デイサービスセンター　コア【地域密着型通所介護】東京都八王子市楢原町321-18", "url2": "https://www.kaigokensaku.mhlw.go.jp/13/index.php?action_kouhyou_detail_004_kani=true&JigyosyoCd=1372906048-00&ServiceCd=780&Type=search" }, "geometry": { "type": "Point", "coordinates": [ 139.3100475, 35.6769657 ] } },
{ "type": "Feature", "properties": { "内容": "デイサービスよしのみ【地域密着型通所介護】東京都八王子市緑町323-2", "url2": "https://www.kaigokensaku.mhlw.go.jp/13/index.php?action_kouhyou_detail_004_kani=true&JigyosyoCd=1392900682-00&ServiceCd=780&Type=search" }, "geometry": { "type": "Point", "coordinates": [ 139.32335, 35.647153 ] } },
{ "type": "Feature", "properties": { "内容": "やさしい手　デイサービスセンター八王子茶論【地域密着型通所介護】東京都八王子市散田町３－１４－１４", "url2": "https://www.kaigokensaku.mhlw.go.jp/13/index.php?action_kouhyou_detail_004_kani=true&JigyosyoCd=1392900963-00&ServiceCd=780&Type=search" }, "geometry": { "type": "Point", "coordinates": [ 139.3085691, 35.6524964 ] } },
{ "type": "Feature", "properties": { "内容": "デイサービス　だん・だん【地域密着型通所介護】東京都八王子市上川町６９６番地", "url2": "https://www.kaigokensaku.mhlw.go.jp/13/index.php?action_kouhyou_detail_004_kani=true&JigyosyoCd=1372904647-00&ServiceCd=780&Type=search" }, "geometry": { "type": "Point", "coordinates": [ 139.238978, 35.7104756 ] } },
{ "type": "Feature", "properties": { "内容": "デイサービスゆうらく２番館【地域密着型通所介護】東京都八王子市大和田町７－８－５", "url2": "https://www.kaigokensaku.mhlw.go.jp/13/index.php?action_kouhyou_detail_004_kani=true&JigyosyoCd=1372905693-00&ServiceCd=780&Type=search" }, "geometry": { "type": "Point", "coordinates": [ 139.341395226550276, 35.667195400053423 ] } },
{ "type": "Feature", "properties": { "内容": "ぽかぽからいふ元八王子【地域密着型通所介護】東京都八王子市大楽寺町382-14", "url2": "https://www.kaigokensaku.mhlw.go.jp/13/index.php?action_kouhyou_detail_004_kani=true&JigyosyoCd=1372905909-00&ServiceCd=780&Type=search" }, "geometry": { "type": "Point", "coordinates": [ 139.291559050926253, 35.672186752756829 ] } },
{ "type": "Feature", "properties": { "内容": "デイサービスもえの家【地域密着型通所介護】東京都八王子市鹿島945-32", "url2": "https://www.kaigokensaku.mhlw.go.jp/13/index.php?action_kouhyou_detail_004_kani=true&JigyosyoCd=1372905925-00&ServiceCd=780&Type=search" }, "geometry": { "type": "Point", "coordinates": [ 139.427883599999973, 35.6340761 ] } },
{ "type": "Feature", "properties": { "内容": "はだしのリハビリ【地域密着型通所介護】東京都八王子市堀之内3-36-16グランメール　カサグランデ101", "url2": "https://www.kaigokensaku.mhlw.go.jp/13/index.php?action_kouhyou_detail_004_kani=true&JigyosyoCd=1372906196-00&ServiceCd=780&Type=search" }, "geometry": { "type": "Point", "coordinates": [ 139.400325856629678, 35.626160270619515 ] } },
{ "type": "Feature", "properties": { "内容": "GENKINEXT　八王子明神町【地域密着型通所介護】東京都八王子市明神町1-13-5　第一中桐コーポ1F第一中桐コーポ1F", "url2": "https://www.kaigokensaku.mhlw.go.jp/13/index.php?action_kouhyou_detail_004_kani=true&JigyosyoCd=1372906204-00&ServiceCd=780&Type=search" }, "geometry": { "type": "Point", "coordinates": [ 139.348651953967305, 35.65727824558688 ] } },
{ "type": "Feature", "properties": { "内容": "デイサービスみどり【地域密着型通所介護】東京都八王子市大和田町1-18-2", "url2": "https://www.kaigokensaku.mhlw.go.jp/13/index.php?action_kouhyou_detail_004_kani=true&JigyosyoCd=1372906246-00&ServiceCd=780&Type=search" }, "geometry": { "type": "Point", "coordinates": [ 139.35928530000001, 35.6607356 ] } },
{ "type": "Feature", "properties": { "内容": "デイサービス小宮【地域密着型通所介護】東京都八王子市小宮町１１０９－９", "url2": "https://www.kaigokensaku.mhlw.go.jp/13/index.php?action_kouhyou_detail_004_kani=true&JigyosyoCd=1372907293-00&ServiceCd=780&Type=search" }, "geometry": { "type": "Point", "coordinates": [ 139.3715521, 35.6849179 ] } },
{ "type": "Feature", "properties": { "内容": "ひだまりの家【地域密着型通所介護】東京都八王子市千人町2-17-16ヴィラみすず１-B", "url2": "https://www.kaigokensaku.mhlw.go.jp/13/index.php?action_kouhyou_detail_004_kani=true&JigyosyoCd=1372901106-00&ServiceCd=780&Type=search" }, "geometry": { "type": "Point", "coordinates": [ 139.3114951, 35.6586208 ] } },
{ "type": "Feature", "properties": { "内容": "東京都はり灸マッサージ師会　デイサービス湧泉【地域密着型通所介護】東京都八王子市散田町4丁目22-11ル・ベルデュール1F", "url2": "https://www.kaigokensaku.mhlw.go.jp/13/index.php?action_kouhyou_detail_004_kani=true&JigyosyoCd=1372902153-00&ServiceCd=780&Type=search" }, "geometry": { "type": "Point", "coordinates": [ 139.306708741213953, 35.649660126311204 ] } },
{ "type": "Feature", "properties": { "内容": "労働者協同組合労協センター事業団ワーカーズコープあおぞらの家【地域密着型通所介護】東京都八王子市下恩方町294-1", "url2": "https://www.kaigokensaku.mhlw.go.jp/13/index.php?action_kouhyou_detail_004_kani=true&JigyosyoCd=1372903482-00&ServiceCd=780&Type=search" }, "geometry": { "type": "Point", "coordinates": [ 139.2564023, 35.6783919 ] } },
{ "type": "Feature", "properties": { "内容": "デイサービスほたるの里【地域密着型通所介護】東京都八王子市館町1821-158", "url2": "https://www.kaigokensaku.mhlw.go.jp/13/index.php?action_kouhyou_detail_004_kani=true&JigyosyoCd=1372904092-00&ServiceCd=780&Type=search" }, "geometry": { "type": "Point", "coordinates": [ 139.296939299999963, 35.6279641 ] } },
{ "type": "Feature", "properties": { "内容": "けんこうどう元気運動倶楽部【地域密着型通所介護】東京都八王子市八日町５－１３Y'Sビル　１F－B", "url2": "https://www.kaigokensaku.mhlw.go.jp/13/index.php?action_kouhyou_detail_004_kani=true&JigyosyoCd=1372904159-00&ServiceCd=780&Type=search" }, "geometry": { "type": "Point", "coordinates": [ 139.329168493115276, 35.660115429257374 ] } },
{ "type": "Feature", "properties": { "内容": "デイサービスセンターすこやか八王子【地域密着型通所介護】東京都八王子市散田町1-15-3ミネルヴァ1F", "url2": "https://www.kaigokensaku.mhlw.go.jp/13/index.php?action_kouhyou_detail_004_kani=true&JigyosyoCd=1372904670-00&ServiceCd=780&Type=search" }, "geometry": { "type": "Point", "coordinates": [ 139.316914200000042, 35.6534243 ] } },
{ "type": "Feature", "properties": { "内容": "コム・ソワ【地域密着型通所介護】東京都八王子市並木町　36-20", "url2": "https://www.kaigokensaku.mhlw.go.jp/13/index.php?action_kouhyou_detail_004_kani=true&JigyosyoCd=1372904860-00&ServiceCd=780&Type=search" }, "geometry": { "type": "Point", "coordinates": [ 139.304001330690852, 35.653906996163769 ] } },
{ "type": "Feature", "properties": { "内容": "だんらんの家　八王子【地域密着型通所介護】東京都八王子市子安町1-45-3", "url2": "https://www.kaigokensaku.mhlw.go.jp/13/index.php?action_kouhyou_detail_004_kani=true&JigyosyoCd=1372904951-00&ServiceCd=780&Type=search" }, "geometry": { "type": "Point", "coordinates": [ 139.344667299999969, 35.653389 ] } },
{ "type": "Feature", "properties": { "内容": "デイサービスセンタールースト下柚木【地域密着型通所介護】東京都八王子市下柚木328-1", "url2": "https://www.kaigokensaku.mhlw.go.jp/13/index.php?action_kouhyou_detail_004_kani=true&JigyosyoCd=1372905008-00&ServiceCd=780&Type=search" }, "geometry": { "type": "Point", "coordinates": [ 139.379932635605087, 35.629756866353155 ] } },
{ "type": "Feature", "properties": { "内容": "デイサービスふれあいの里宮下【地域密着型通所介護】東京都八王子市宮下町462メゾンホーメイ118", "url2": "https://www.kaigokensaku.mhlw.go.jp/13/index.php?action_kouhyou_detail_004_kani=true&JigyosyoCd=1372905016-00&ServiceCd=780&Type=search" }, "geometry": { "type": "Point", "coordinates": [ 139.3050915, 35.7062592 ] } },
{ "type": "Feature", "properties": { "内容": "デイサービスPono【地域密着型通所介護】東京都八王子市台町2-15-18", "url2": "https://www.kaigokensaku.mhlw.go.jp/13/index.php?action_kouhyou_detail_004_kani=true&JigyosyoCd=1372905248-00&ServiceCd=780&Type=search" }, "geometry": { "type": "Point", "coordinates": [ 139.31852710000004, 35.652199400000029 ] } },
{ "type": "Feature", "properties": { "内容": "サロンディウェルハイム高尾【地域密着型通所介護】東京都八王子市初沢町1227-4A-105", "url2": "https://www.kaigokensaku.mhlw.go.jp/13/index.php?action_kouhyou_detail_004_kani=true&JigyosyoCd=1372905289-00&ServiceCd=780&Type=search" }, "geometry": { "type": "Point", "coordinates": [ 139.2847203, 35.6423894 ] } },
{ "type": "Feature", "properties": { "内容": "サロンディウェルハイム片倉【地域密着型通所介護】東京都八王子市片倉町７２０－１", "url2": "https://www.kaigokensaku.mhlw.go.jp/13/index.php?action_kouhyou_detail_004_kani=true&JigyosyoCd=1372905297-00&ServiceCd=780&Type=search" }, "geometry": { "type": "Point", "coordinates": [ 139.342187400000057, 35.63986 ] } },
{ "type": "Feature", "properties": { "内容": "サロンディウェルハイム宇津木【地域密着型通所介護】東京都八王子市宇津木町664－2谷合ビル1階", "url2": "https://www.kaigokensaku.mhlw.go.jp/13/index.php?action_kouhyou_detail_004_kani=true&JigyosyoCd=1372905438-00&ServiceCd=780&Type=search" }, "geometry": { "type": "Point", "coordinates": [ 139.352804600000013, 35.6815942 ] } },
{ "type": "Feature", "properties": { "内容": "ディサービス　望【地域密着型通所介護】東京都八王子市平岡町14-2", "url2": "https://www.kaigokensaku.mhlw.go.jp/13/index.php?action_kouhyou_detail_004_kani=true&JigyosyoCd=1372905560-00&ServiceCd=780&Type=search" }, "geometry": { "type": "Point", "coordinates": [ 139.328008936840121, 35.662872879191546 ] } },
{ "type": "Feature", "properties": { "内容": "すたいる南大沢【地域密着型通所介護】東京都八王子市下柚木2-1-5MOTOHビル1階", "url2": "https://www.kaigokensaku.mhlw.go.jp/13/index.php?action_kouhyou_detail_004_kani=true&JigyosyoCd=1372905594-00&ServiceCd=780&Type=search" }, "geometry": { "type": "Point", "coordinates": [ 139.377496599999972, 35.6246594 ] } },
{ "type": "Feature", "properties": { "内容": "デイサービスあおば元八王子【地域密着型通所介護】東京都八王子市元八王子町２－１１３２－２", "url2": "https://www.kaigokensaku.mhlw.go.jp/13/index.php?action_kouhyou_detail_004_kani=true&JigyosyoCd=1372906238-00&ServiceCd=780&Type=search" }, "geometry": { "type": "Point", "coordinates": [ 139.283906, 35.6580842 ] } },
{ "type": "Feature", "properties": { "内容": "リハビリ型デイサービス　りんとえむ　めじろ台【地域密着型通所介護】東京都八王子市椚田町513-13グレースビル102", "url2": "https://www.kaigokensaku.mhlw.go.jp/13/index.php?action_kouhyou_detail_004_kani=true&JigyosyoCd=1372906519-00&ServiceCd=780&Type=search" }, "geometry": { "type": "Point", "coordinates": [ 139.3127151, 35.6390039 ] } },
{ "type": "Feature", "properties": { "内容": "サロンデイ八王子【地域密着型通所介護】東京都八王子市子安町1-31-20サンライフ子安　1階", "url2": "https://www.kaigokensaku.mhlw.go.jp/13/index.php?action_kouhyou_detail_004_kani=true&JigyosyoCd=1372906527-00&ServiceCd=780&Type=search" }, "geometry": { "type": "Point", "coordinates": [ 139.342441739881139, 35.651974730766902 ] } },
{ "type": "Feature", "properties": { "内容": "リハビリルーム【地域密着型通所介護】東京都八王子市散田町3-16-20センターコア西八王子102", "url2": "https://www.kaigokensaku.mhlw.go.jp/13/index.php?action_kouhyou_detail_004_kani=true&JigyosyoCd=1372906535-00&ServiceCd=780&Type=search" }, "geometry": { "type": "Point", "coordinates": [ 139.311389344774597, 35.654167497779767 ] } },
{ "type": "Feature", "properties": { "内容": "デイサービス　アスール南大沢【地域密着型通所介護】東京都八王子市南大沢1-18-11シュガーハイツ南大沢Ａ１階", "url2": "https://www.kaigokensaku.mhlw.go.jp/13/index.php?action_kouhyou_detail_004_kani=true&JigyosyoCd=1372906980-00&ServiceCd=780&Type=search" }, "geometry": { "type": "Point", "coordinates": [ 139.385421835581923, 35.618697539208043 ] } },
{ "type": "Feature", "properties": { "内容": "だんらんの家片倉【地域密着型通所介護】東京都八王子市片倉町１３４５－１１", "url2": "https://www.kaigokensaku.mhlw.go.jp/13/index.php?action_kouhyou_detail_004_kani=true&JigyosyoCd=1372907103-00&ServiceCd=780&Type=search" }, "geometry": { "type": "Point", "coordinates": [ 139.347857, 35.6274423 ] } },
{ "type": "Feature", "properties": { "内容": "デイサービスセンター　かっちゃんの家【地域密着型通所介護】東京都八王子市川口町3907-3", "url2": "https://www.kaigokensaku.mhlw.go.jp/13/index.php?action_kouhyou_detail_004_kani=true&JigyosyoCd=1372907186-00&ServiceCd=780&Type=search" }, "geometry": { "type": "Point", "coordinates": [ 139.294990200000029, 35.6872557 ] } },
{ "type": "Feature", "properties": { "内容": "デイサービス　RION【地域密着型通所介護】東京都八王子市東浅川町１８３－１メゾンヴェールタカオ１０１", "url2": "https://www.kaigokensaku.mhlw.go.jp/13/index.php?action_kouhyou_detail_004_kani=true&JigyosyoCd=1372907400-00&ServiceCd=780&Type=search" }, "geometry": { "type": "Point", "coordinates": [ 139.293613700000037, 35.6474304 ] } },
{ "type": "Feature", "properties": { "内容": "ミック健康の森　南大沢【地域密着型通所介護】東京都八王子市下柚木３－６フェリズ南大沢１階　部分１０２－１", "url2": "https://www.kaigokensaku.mhlw.go.jp/13/index.php?action_kouhyou_detail_004_kani=true&JigyosyoCd=1372907426-00&ServiceCd=780&Type=search" }, "geometry": { "type": "Point", "coordinates": [ 139.380618700000014, 35.6211154 ] } },
{ "type": "Feature", "properties": { "内容": "ミック健康の森　打越町【地域密着型通所介護】東京都八王子市打越町347-2サルドセジュール1階", "url2": "https://www.kaigokensaku.mhlw.go.jp/13/index.php?action_kouhyou_detail_004_kani=true&JigyosyoCd=1372907475-00&ServiceCd=780&Type=search" }, "geometry": { "type": "Point", "coordinates": [ 139.3556499, 35.6449959 ] } },
{ "type": "Feature", "properties": { "内容": "デイサービスセンターコア２【地域密着型通所介護】東京都八王子市楢原町３２１－２０", "url2": "https://www.kaigokensaku.mhlw.go.jp/13/index.php?action_kouhyou_detail_004_kani=true&JigyosyoCd=1372907517-00&ServiceCd=780&Type=search" }, "geometry": { "type": "Point", "coordinates": [ 139.3100475, 35.6769657 ] } },
{ "type": "Feature", "properties": { "内容": "片山名倉堂デイサービス【地域密着型通所介護】東京都八王子市絹ヶ丘1-64-9高嶺コーポ1F", "url2": "https://www.kaigokensaku.mhlw.go.jp/13/index.php?action_kouhyou_detail_004_kani=true&JigyosyoCd=1372907541-00&ServiceCd=780&Type=search" }, "geometry": { "type": "Point", "coordinates": [ 139.363071786399786, 35.635574910815016 ] } },
{ "type": "Feature", "properties": { "内容": "いく歩デイサービス大楽寺【地域密着型通所介護】東京都八王子市大楽寺町408-13", "url2": "https://www.kaigokensaku.mhlw.go.jp/13/index.php?action_kouhyou_detail_004_kani=true&JigyosyoCd=1372907640-00&ServiceCd=780&Type=search" }, "geometry": { "type": "Point", "coordinates": [ 139.294947900000011, 35.6731755 ] } },
{ "type": "Feature", "properties": { "内容": "デイサービス翼【地域密着型通所介護】東京都八王子市大楽寺町584-2大楽ビル1Ｆ", "url2": "https://www.kaigokensaku.mhlw.go.jp/13/index.php?action_kouhyou_detail_004_kani=true&JigyosyoCd=1372907806-00&ServiceCd=780&Type=search" }, "geometry": { "type": "Point", "coordinates": [ 139.300626400000027, 35.6688997 ] } },
{ "type": "Feature", "properties": { "内容": "HYSSpace【地域密着型通所介護】東京都八王子市長房町324", "url2": "https://www.kaigokensaku.mhlw.go.jp/13/index.php?action_kouhyou_detail_004_kani=true&JigyosyoCd=1372907921-00&ServiceCd=780&Type=search" }, "geometry": { "type": "Point", "coordinates": [ 139.298817649631019, 35.658102904659565 ] } },
{ "type": "Feature", "properties": { "内容": "花咲みデイサービスみなみ野【地域密着型通所介護】東京都八王子市みなみ野3-22-5", "url2": "https://www.kaigokensaku.mhlw.go.jp/13/index.php?action_kouhyou_detail_004_kani=true&JigyosyoCd=1392900542-00&ServiceCd=780&Type=search" }, "geometry": { "type": "Point", "coordinates": [ 139.324003366270517, 35.62866278200481 ] } },
{ "type": "Feature", "properties": { "内容": "アースサポート八王子みなみ野【地域密着型通所介護】東京都八王子市みなみ野3丁目27番22号", "url2": "https://www.kaigokensaku.mhlw.go.jp/13/index.php?action_kouhyou_detail_004_kani=true&JigyosyoCd=1392900559-00&ServiceCd=780&Type=search" }, "geometry": { "type": "Point", "coordinates": [ 139.324226776950013, 35.630652740140064 ] } },
{ "type": "Feature", "properties": { "内容": "元気サポート築輪【地域密着型通所介護】東京都八王子市寺町29-23井上マンション１F", "url2": "https://www.kaigokensaku.mhlw.go.jp/13/index.php?action_kouhyou_detail_004_kani=true&JigyosyoCd=1392900617-00&ServiceCd=780&Type=search" }, "geometry": { "type": "Point", "coordinates": [ 139.3324156, 35.6557161 ] } },
{ "type": "Feature", "properties": { "内容": "DAYSBLG!はちおうじ【地域密着型通所介護】東京都八王子市上野町2-3", "url2": "https://www.kaigokensaku.mhlw.go.jp/13/index.php?action_kouhyou_detail_004_kani=true&JigyosyoCd=1392900658-00&ServiceCd=780&Type=search" }, "geometry": { "type": "Point", "coordinates": [ 139.3285792, 35.6564594 ] } },
{ "type": "Feature", "properties": { "内容": "デイサ－ビスゆうらく3番館【地域密着型通所介護】東京都八王子市中野上町1丁目8-22中野田口ビル", "url2": "https://www.kaigokensaku.mhlw.go.jp/13/index.php?action_kouhyou_detail_004_kani=true&JigyosyoCd=1392900666-00&ServiceCd=780&Type=search" }, "geometry": { "type": "Point", "coordinates": [ 139.330196, 35.6672619 ] } },
{ "type": "Feature", "properties": { "内容": "リハビリ型ディサービスArc【地域密着型通所介護】東京都八王子市大和田町6-17-12シティリバー2　1F", "url2": "https://www.kaigokensaku.mhlw.go.jp/13/index.php?action_kouhyou_detail_004_kani=true&JigyosyoCd=1392900732-00&ServiceCd=780&Type=search" }, "geometry": { "type": "Point", "coordinates": [ 139.3463513, 35.6665461 ] } },
{ "type": "Feature", "properties": { "内容": "みゆきモーニング・デイサービス【地域密着型通所介護】東京都八王子市下柚木271", "url2": "https://www.kaigokensaku.mhlw.go.jp/13/index.php?action_kouhyou_detail_004_kani=true&JigyosyoCd=1392900757-00&ServiceCd=780&Type=search" }, "geometry": { "type": "Point", "coordinates": [ 139.377546299999949, 35.6302782 ] } },
{ "type": "Feature", "properties": { "内容": "デイサービス桜花乃郷　八王子元本郷の家【地域密着型通所介護】東京都八王子市元本郷町１－３１－１", "url2": "https://www.kaigokensaku.mhlw.go.jp/13/index.php?action_kouhyou_detail_004_kani=true&JigyosyoCd=1392900815-00&ServiceCd=780&Type=search" }, "geometry": { "type": "Point", "coordinates": [ 139.321273097470197, 35.665867037486059 ] } },
{ "type": "Feature", "properties": { "内容": "レコードブック八王子上野町【地域密着型通所介護】東京都八王子市上野町３０－１第一サンハイツ", "url2": "https://www.kaigokensaku.mhlw.go.jp/13/index.php?action_kouhyou_detail_004_kani=true&JigyosyoCd=1392900823-00&ServiceCd=780&Type=search" }, "geometry": { "type": "Point", "coordinates": [ 139.327393799999982, 35.6550272 ] } },
{ "type": "Feature", "properties": { "内容": "八王子保健生活協同組合　指定地域密着型通所介護　いきいきラウンジ栄杜【地域密着型通所介護】東京都八王子市東浅川町514番地9号D-festaめじろ台", "url2": "https://www.kaigokensaku.mhlw.go.jp/13/index.php?action_kouhyou_detail_004_kani=true&JigyosyoCd=1392900856-00&ServiceCd=780&Type=search" }, "geometry": { "type": "Point", "coordinates": [ 139.297443368113591, 35.645148403442555 ] } },
{ "type": "Feature", "properties": { "内容": "ケアサポート　メイ　花暖【地域密着型通所介護】東京都八王子市大谷町48-4", "url2": "https://www.kaigokensaku.mhlw.go.jp/13/index.php?action_kouhyou_detail_004_kani=true&JigyosyoCd=1392900880-00&ServiceCd=780&Type=search" }, "geometry": { "type": "Point", "coordinates": [ 139.3529613, 35.6685231 ] } },
{ "type": "Feature", "properties": { "内容": "健やかデイ北野【地域密着型通所介護】東京都八王子市北野町１８２－８加藤ビル１F", "url2": "https://www.kaigokensaku.mhlw.go.jp/13/index.php?action_kouhyou_detail_004_kani=true&JigyosyoCd=1392900922-00&ServiceCd=780&Type=search" }, "geometry": { "type": "Point", "coordinates": [ 139.348101359524549, 35.649037539885981 ] } },
{ "type": "Feature", "properties": { "内容": "地域密着型デイサービス　ドリームてらまち【地域密着型通所介護】東京都八王子市寺町29－43F", "url2": "https://www.kaigokensaku.mhlw.go.jp/13/index.php?action_kouhyou_detail_004_kani=true&JigyosyoCd=1392900930-00&ServiceCd=780&Type=search" }, "geometry": { "type": "Point", "coordinates": [ 139.33266919999997, 35.655391 ] } },
{ "type": "Feature", "properties": { "内容": "中央リハビリステーションエボルブ　八王子【地域密着型通所介護】東京都八王子市中野上町4-44-11１階", "url2": "https://www.kaigokensaku.mhlw.go.jp/13/index.php?action_kouhyou_detail_004_kani=true&JigyosyoCd=1392900971-00&ServiceCd=780&Type=search" }, "geometry": { "type": "Point", "coordinates": [ 139.3128453, 35.6708829 ] } },
{ "type": "Feature", "properties": { "内容": "ご長寿くらぶ八王子デイサービスセンター【地域密着型通所介護】東京都八王子市中野町2148-1", "url2": "https://www.kaigokensaku.mhlw.go.jp/13/index.php?action_kouhyou_detail_004_kani=true&JigyosyoCd=1392901029-00&ServiceCd=780&Type=search" }, "geometry": { "type": "Point", "coordinates": [ 139.325046836029088, 35.677974695648714 ] } },
{ "type": "Feature", "properties": { "内容": "あさひデイサービスセンター【地域密着型通所介護】東京都八王子市八幡町７－１０安藤第２ビル４Ｆ", "url2": "https://www.kaigokensaku.mhlw.go.jp/13/index.php?action_kouhyou_detail_004_kani=true&JigyosyoCd=1392901060-00&ServiceCd=780&Type=search" }, "geometry": { "type": "Point", "coordinates": [ 139.324078, 35.660604 ] } },
{ "type": "Feature", "properties": { "内容": "ティールーム【地域密着型通所介護】東京都八王子市千人町2-18-3アムール石井102号", "url2": "https://www.kaigokensaku.mhlw.go.jp/13/index.php?action_kouhyou_detail_004_kani=true&JigyosyoCd=1372905545-00&ServiceCd=780&Type=search" }, "geometry": { "type": "Point", "coordinates": [ 139.312203261901885, 35.657995587561814 ] } },
{ "type": "Feature", "properties": { "内容": "「こころ」デイサービス南大沢【地域密着型通所介護】東京都八王子市南大沢1-22-1", "url2": "https://www.kaigokensaku.mhlw.go.jp/13/index.php?action_kouhyou_detail_004_kani=true&JigyosyoCd=1372904407-00&ServiceCd=780&Type=search" }, "geometry": { "type": "Point", "coordinates": [ 139.384590800000069, 35.6169215 ] } },
{ "type": "Feature", "properties": { "内容": "健生会　デイサービスセンター　たんぽぽ【地域密着型通所介護】東京都八王子市東町２番３号共立ビル５階", "url2": "https://www.kaigokensaku.mhlw.go.jp/13/index.php?action_kouhyou_detail_004_kani=true&JigyosyoCd=1372903318-00&ServiceCd=780&Type=search" }, "geometry": { "type": "Point", "coordinates": [ 139.341026699999929, 35.6580937 ] } },
{ "type": "Feature", "properties": { "内容": "デイサービス　ディーフェスタ立川【地域密着型通所介護】東京都立川市幸町2‐53‐1ディーフェスタ立川", "url2": "https://www.kaigokensaku.mhlw.go.jp/13/index.php?action_kouhyou_detail_004_kani=true&JigyosyoCd=1393000292-00&ServiceCd=780&Type=search" }, "geometry": { "type": "Point", "coordinates": [ 139.4256331, 35.7210826 ] } },
{ "type": "Feature", "properties": { "内容": "りは職人でい【地域密着型通所介護】東京都立川市柴崎町３－１８－２９エトワール南立川１階", "url2": "https://www.kaigokensaku.mhlw.go.jp/13/index.php?action_kouhyou_detail_004_kani=true&JigyosyoCd=1373001617-00&ServiceCd=780&Type=search" }, "geometry": { "type": "Point", "coordinates": [ 139.410282400000028, 35.6928915 ] } },
{ "type": "Feature", "properties": { "内容": "上砂地域福祉サービスセンター【地域密着型通所介護】東京都立川市上砂町1-13-1大山団地１６号棟1F", "url2": "https://www.kaigokensaku.mhlw.go.jp/13/index.php?action_kouhyou_detail_004_kani=true&JigyosyoCd=1393000367-00&ServiceCd=780&Type=search" }, "geometry": { "type": "Point", "coordinates": [ 139.3891371, 35.720606400000015 ] } },
{ "type": "Feature", "properties": { "内容": "デイサービスこたつ【地域密着型通所介護】東京都立川市西砂町2-29-20", "url2": "https://www.kaigokensaku.mhlw.go.jp/13/index.php?action_kouhyou_detail_004_kani=true&JigyosyoCd=1373001799-00&ServiceCd=780&Type=search" }, "geometry": { "type": "Point", "coordinates": [ 139.361219372122179, 35.728270398704154 ] } },
{ "type": "Feature", "properties": { "内容": "栄町こぶしデイサービス【地域密着型通所介護】東京都立川市栄町4-18-1エクセル立川105", "url2": "https://www.kaigokensaku.mhlw.go.jp/13/index.php?action_kouhyou_detail_004_kani=true&JigyosyoCd=1393000318-00&ServiceCd=780&Type=search" }, "geometry": { "type": "Point", "coordinates": [ 139.422839464418018, 35.712179802458046 ] } },
{ "type": "Feature", "properties": { "内容": "サポーターズさかえ【地域密着型通所介護】東京都立川市栄町三丁目2番地みかもビル1F", "url2": "https://www.kaigokensaku.mhlw.go.jp/13/index.php?action_kouhyou_detail_004_kani=true&JigyosyoCd=1373002128-00&ServiceCd=780&Type=search" }, "geometry": { "type": "Point", "coordinates": [ 139.42233090000002, 35.707832 ] } },
{ "type": "Feature", "properties": { "内容": "ミック健康の森　西武立川【地域密着型通所介護】東京都立川市一番町６丁目１−５一番町ハイツ1F", "url2": "https://www.kaigokensaku.mhlw.go.jp/13/index.php?action_kouhyou_detail_004_kani=true&JigyosyoCd=1393000425-00&ServiceCd=780&Type=search" }, "geometry": { "type": "Point", "coordinates": [ 139.3790075, 35.7325734 ] } },
{ "type": "Feature", "properties": { "内容": "アシストケア【地域密着型通所介護】東京都立川市富士見町４－８－１大沼ビル１F", "url2": "https://www.kaigokensaku.mhlw.go.jp/13/index.php?action_kouhyou_detail_004_kani=true&JigyosyoCd=1393000433-00&ServiceCd=780&Type=search" }, "geometry": { "type": "Point", "coordinates": [ 139.3988529, 35.698 ] } },
{ "type": "Feature", "properties": { "内容": "デイサービス西砂亭【地域密着型通所介護】東京都立川市西砂町5-59-7", "url2": "https://www.kaigokensaku.mhlw.go.jp/13/index.php?action_kouhyou_detail_004_kani=true&JigyosyoCd=1373001971-00&ServiceCd=780&Type=search" }, "geometry": { "type": "Point", "coordinates": [ 139.361027299999932, 35.7337271 ] } },
{ "type": "Feature", "properties": { "内容": "だんらんの家　立川【地域密着型通所介護】東京都立川市若葉町2-17-13", "url2": "https://www.kaigokensaku.mhlw.go.jp/13/index.php?action_kouhyou_detail_004_kani=true&JigyosyoCd=1373002219-00&ServiceCd=780&Type=search" }, "geometry": { "type": "Point", "coordinates": [ 139.441509399999973, 35.7175919 ] } },
{ "type": "Feature", "properties": { "内容": "こぶしデイケアセンター【地域密着型通所介護】東京都立川市上砂町1-2-4上原ビル１Ｆ", "url2": "https://www.kaigokensaku.mhlw.go.jp/13/index.php?action_kouhyou_detail_004_kani=true&JigyosyoCd=1373002300-00&ServiceCd=780&Type=search" }, "geometry": { "type": "Point", "coordinates": [ 139.394181900000035, 35.718477 ] } },
{ "type": "Feature", "properties": { "内容": "デイサービス　きらっと【地域密着型通所介護】東京都立川市若葉町４－２５－１若葉町団地３７号棟１０６号", "url2": "https://www.kaigokensaku.mhlw.go.jp/13/index.php?action_kouhyou_detail_004_kani=true&JigyosyoCd=1373002581-00&ServiceCd=780&Type=search" }, "geometry": { "type": "Point", "coordinates": [ 139.4408982, 35.7227496 ] } },
{ "type": "Feature", "properties": { "内容": "樹楽　立川【地域密着型通所介護】東京都立川市一番町４丁目５１－１６", "url2": "https://www.kaigokensaku.mhlw.go.jp/13/index.php?action_kouhyou_detail_004_kani=true&JigyosyoCd=1373002763-00&ServiceCd=780&Type=search" }, "geometry": { "type": "Point", "coordinates": [ 139.380470100000025, 35.7317168 ] } },
{ "type": "Feature", "properties": { "内容": "レコードブック立川南【地域密着型通所介護】東京都立川市錦町4-5-3丸木ビル102", "url2": "https://www.kaigokensaku.mhlw.go.jp/13/index.php?action_kouhyou_detail_004_kani=true&JigyosyoCd=1393000193-00&ServiceCd=780&Type=search" }, "geometry": { "type": "Point", "coordinates": [ 139.421605549073746, 35.691938453018594 ] } },
{ "type": "Feature", "properties": { "内容": "ウォークデイ　一期一笑【地域密着型通所介護】東京都立川市柏町4-5-16", "url2": "https://www.kaigokensaku.mhlw.go.jp/13/index.php?action_kouhyou_detail_004_kani=true&JigyosyoCd=1393000235-00&ServiceCd=780&Type=search" }, "geometry": { "type": "Point", "coordinates": [ 139.416472200000044, 35.7264139 ] } },
{ "type": "Feature", "properties": { "内容": "デイサービス　すまいるらいふ【地域密着型通所介護】東京都立川市西砂町6-20-6", "url2": "https://www.kaigokensaku.mhlw.go.jp/13/index.php?action_kouhyou_detail_004_kani=true&JigyosyoCd=1393000250-00&ServiceCd=780&Type=search" }, "geometry": { "type": "Point", "coordinates": [ 139.367868499999986, 35.730063800000046 ] } },
{ "type": "Feature", "properties": { "内容": "ハイムガーデン立川幸町　デイサービス話食動眠【地域密着型通所介護】東京都立川市幸町4-17-10", "url2": "https://www.kaigokensaku.mhlw.go.jp/13/index.php?action_kouhyou_detail_004_kani=true&JigyosyoCd=1393000268-00&ServiceCd=780&Type=search" }, "geometry": { "type": "Point", "coordinates": [ 139.4289286, 35.7235996 ] } },
{ "type": "Feature", "properties": { "内容": "レコードブック立川一番町【地域密着型通所介護】東京都立川市一番町3-17-11ローズシャトル２号館", "url2": "https://www.kaigokensaku.mhlw.go.jp/13/index.php?action_kouhyou_detail_004_kani=true&JigyosyoCd=1393000326-00&ServiceCd=780&Type=search" }, "geometry": { "type": "Point", "coordinates": [ 139.3783455, 35.7303659 ] } },
{ "type": "Feature", "properties": { "内容": "砂川リハビリデイサービス【地域密着型通所介護】東京都立川市砂川町7-38-1ｱｰｸ山﨑101", "url2": "https://www.kaigokensaku.mhlw.go.jp/13/index.php?action_kouhyou_detail_004_kani=true&JigyosyoCd=1393000359-00&ServiceCd=780&Type=search" }, "geometry": { "type": "Point", "coordinates": [ 139.403810099999987, 35.7306505 ] } },
{ "type": "Feature", "properties": { "内容": "リハラボデイ立川【地域密着型通所介護】東京都立川市若葉町1-9-1グリーンクレスト101号室", "url2": "https://www.kaigokensaku.mhlw.go.jp/13/index.php?action_kouhyou_detail_004_kani=true&JigyosyoCd=1393000391-00&ServiceCd=780&Type=search" }, "geometry": { "type": "Point", "coordinates": [ 139.4353969, 35.7195769 ] } },
{ "type": "Feature", "properties": { "内容": "フィットネスデイ虹のアトリエ【地域密着型通所介護】東京都立川市富士見町1-33-8メゾン・ド・ドゥ1F", "url2": "https://www.kaigokensaku.mhlw.go.jp/13/index.php?action_kouhyou_detail_004_kani=true&JigyosyoCd=1393000409-00&ServiceCd=780&Type=search" }, "geometry": { "type": "Point", "coordinates": [ 139.394283809227403, 35.701978736876789 ] } },
{ "type": "Feature", "properties": { "内容": "レコードブック西国立【地域密着型通所介護】東京都立川市羽衣町2-46-1西国立フィットビル1階", "url2": "https://www.kaigokensaku.mhlw.go.jp/13/index.php?action_kouhyou_detail_004_kani=true&JigyosyoCd=1393000383-00&ServiceCd=780&Type=search" }, "geometry": { "type": "Point", "coordinates": [ 139.4260008, 35.6933358 ] } },
{ "type": "Feature", "properties": { "内容": "国立あおやぎ苑立川南口デイサービスセンター【地域密着型通所介護】東京都立川市錦町2-2-311階", "url2": "https://www.kaigokensaku.mhlw.go.jp/13/index.php?action_kouhyou_detail_004_kani=true&JigyosyoCd=1373001815-00&ServiceCd=780&Type=search" }, "geometry": { "type": "Point", "coordinates": [ 139.415947392285943, 35.695260071179725 ] } },
{ "type": "Feature", "properties": { "内容": "香夢デイサービスきらめき館【地域密着型通所介護】東京都立川市富士見町2-11-18", "url2": "https://www.kaigokensaku.mhlw.go.jp/13/index.php?action_kouhyou_detail_004_kani=true&JigyosyoCd=1373001823-00&ServiceCd=780&Type=search" }, "geometry": { "type": "Point", "coordinates": [ 139.4042007, 35.699792 ] } },
{ "type": "Feature", "properties": { "内容": "ほっとミルク立川昭和記念公園【地域密着型通所介護】東京都立川市上砂町1－5－28", "url2": "https://www.kaigokensaku.mhlw.go.jp/13/index.php?action_kouhyou_detail_004_kani=true&JigyosyoCd=1393000441-00&ServiceCd=780&Type=search" }, "geometry": { "type": "Point", "coordinates": [ 139.391121, 35.7190903 ] } },
{ "type": "Feature", "properties": { "内容": "ビーナスプラス立川【地域密着型通所介護】東京都立川市栄町4丁目18-1エクセル立川1階101号室", "url2": "https://www.kaigokensaku.mhlw.go.jp/13/index.php?action_kouhyou_detail_004_kani=true&JigyosyoCd=1393000334-00&ServiceCd=780&Type=search" }, "geometry": { "type": "Point", "coordinates": [ 139.422849500000012, 35.7120916 ] } },
{ "type": "Feature", "properties": { "内容": "まんてん吉祥寺【地域密着型通所介護】東京都武蔵野市吉祥寺南町5-8-26ターニングビル101", "url2": "https://www.kaigokensaku.mhlw.go.jp/13/index.php?action_kouhyou_detail_004_kani=true&JigyosyoCd=1373302254-00&ServiceCd=780&Type=search" }, "geometry": { "type": "Point", "coordinates": [ 139.5914923, 35.7016872 ] } },
{ "type": "Feature", "properties": { "内容": "まんてん緑町【地域密着型通所介護】東京都武蔵野市緑町1-6-24グリーンベルⅠ1-A", "url2": "https://www.kaigokensaku.mhlw.go.jp/13/index.php?action_kouhyou_detail_004_kani=true&JigyosyoCd=1393300122-00&ServiceCd=780&Type=search" }, "geometry": { "type": "Point", "coordinates": [ 139.561287, 35.715423 ] } },
{ "type": "Feature", "properties": { "内容": "リハビリデイサービス　まな【地域密着型通所介護】東京都武蔵野市西久保2-18-1大野ビル102", "url2": "https://www.kaigokensaku.mhlw.go.jp/13/index.php?action_kouhyou_detail_004_kani=true&JigyosyoCd=1373302056-00&ServiceCd=780&Type=search" }, "geometry": { "type": "Point", "coordinates": [ 139.557627630688444, 35.708660841189122 ] } },
{ "type": "Feature", "properties": { "内容": "稲垣薬局デイサービス吉祥寺【地域密着型通所介護】東京都武蔵野市吉祥寺本町１－３８－３シャトル吉祥寺Ｉ１階", "url2": "https://www.kaigokensaku.mhlw.go.jp/13/index.php?action_kouhyou_detail_004_kani=true&JigyosyoCd=1373301769-00&ServiceCd=780&Type=search" }, "geometry": { "type": "Point", "coordinates": [ 139.5867561, 35.7037531 ] } },
{ "type": "Feature", "properties": { "内容": "デイサービスどっこいしょ【地域密着型通所介護】東京都武蔵野市桜堤１－７－３", "url2": "https://www.kaigokensaku.mhlw.go.jp/13/index.php?action_kouhyou_detail_004_kani=true&JigyosyoCd=1373301868-00&ServiceCd=780&Type=search" }, "geometry": { "type": "Point", "coordinates": [ 139.535324535581907, 35.708819954255084 ] } },
{ "type": "Feature", "properties": { "内容": "フィットネスデイ　Ｌｉｓｐｏ　コトニア吉祥寺店【地域密着型通所介護】東京都武蔵野市吉祥寺南町５－１５－１０", "url2": "https://www.kaigokensaku.mhlw.go.jp/13/index.php?action_kouhyou_detail_004_kani=true&JigyosyoCd=1373302072-00&ServiceCd=780&Type=search" }, "geometry": { "type": "Point", "coordinates": [ 139.5941302, 35.7036196 ] } },
{ "type": "Feature", "properties": { "内容": "りすデイサービス　吉祥寺【地域密着型通所介護】東京都武蔵野市吉祥寺南町2-38-7吉祥寺メディカルモール", "url2": "https://www.kaigokensaku.mhlw.go.jp/13/index.php?action_kouhyou_detail_004_kani=true&JigyosyoCd=1373302106-00&ServiceCd=780&Type=search" }, "geometry": { "type": "Point", "coordinates": [ 139.585989499999982, 35.7034559 ] } },
{ "type": "Feature", "properties": { "内容": "たんぽぽリハデイ中町【地域密着型通所介護】東京都武蔵野市中町3-23-13ロイヤルヒルズ　101", "url2": "https://www.kaigokensaku.mhlw.go.jp/13/index.php?action_kouhyou_detail_004_kani=true&JigyosyoCd=1373302312-00&ServiceCd=780&Type=search" }, "geometry": { "type": "Point", "coordinates": [ 139.569185200000021, 35.7105144 ] } },
{ "type": "Feature", "properties": { "内容": "北町リハビリデイサービスこころ【地域密着型通所介護】東京都武蔵野市吉祥寺北町2-17-6", "url2": "https://www.kaigokensaku.mhlw.go.jp/13/index.php?action_kouhyou_detail_004_kani=true&JigyosyoCd=1393300130-00&ServiceCd=780&Type=search" }, "geometry": { "type": "Point", "coordinates": [ 139.5781055, 35.7145689 ] } },
{ "type": "Feature", "properties": { "内容": "レコードブック武蔵境【地域密着型通所介護】東京都武蔵野市境1-22-9ﾂｲﾝﾌﾟﾚｯｸｽSA", "url2": "https://www.kaigokensaku.mhlw.go.jp/13/index.php?action_kouhyou_detail_004_kani=true&JigyosyoCd=1393300163-00&ServiceCd=780&Type=search" }, "geometry": { "type": "Point", "coordinates": [ 139.548832997034481, 35.704096059409743 ] } },
{ "type": "Feature", "properties": { "内容": "WorkshopRNC【地域密着型通所介護】東京都武蔵野市西久保２－６－１", "url2": "https://www.kaigokensaku.mhlw.go.jp/13/index.php?action_kouhyou_detail_004_kani=true&JigyosyoCd=1393300189-00&ServiceCd=780&Type=search" }, "geometry": { "type": "Point", "coordinates": [ 139.5601909, 35.7076825 ] } },
{ "type": "Feature", "properties": { "内容": "ひにもりフィットネス【地域密着型通所介護】東京都武蔵野市境2-4-3スヤマ武蔵野１F", "url2": "https://www.kaigokensaku.mhlw.go.jp/13/index.php?action_kouhyou_detail_004_kani=true&JigyosyoCd=1393300197-00&ServiceCd=780&Type=search" }, "geometry": { "type": "Point", "coordinates": [ 139.543175100000042, 35.7062308 ] } },
{ "type": "Feature", "properties": { "内容": "いきいきトレーニング柊【地域密着型通所介護】東京都武蔵野市中町1-7-7三協第二ビル２階", "url2": "https://www.kaigokensaku.mhlw.go.jp/13/index.php?action_kouhyou_detail_004_kani=true&JigyosyoCd=1393300072-00&ServiceCd=780&Type=search" }, "geometry": { "type": "Point", "coordinates": [ 139.560354706151543, 35.704523885301001 ] } },
{ "type": "Feature", "properties": { "内容": "機能訓練特化型リハビリデイサービスみたかの森【地域密着型通所介護】東京都三鷹市下連雀4-11-1木村ビル１F", "url2": "https://www.kaigokensaku.mhlw.go.jp/13/index.php?action_kouhyou_detail_004_kani=true&JigyosyoCd=1373602422-00&ServiceCd=780&Type=search" }, "geometry": { "type": "Point", "coordinates": [ 139.5627121, 35.6973737 ] } },
{ "type": "Feature", "properties": { "内容": "みたか紫水園デイサービスセンター【地域密着型通所介護】東京都三鷹市新川５－６－３１みたか紫水園内", "url2": "https://www.kaigokensaku.mhlw.go.jp/13/index.php?action_kouhyou_detail_004_kani=true&JigyosyoCd=1393600331-00&ServiceCd=780&Type=search" }, "geometry": { "type": "Point", "coordinates": [ 139.569298800000013, 35.6761359 ] } },
{ "type": "Feature", "properties": { "内容": "ヨウコーキャッスル三鷹デイサービス部【地域密着型通所介護】東京都三鷹市下連雀6-6-51", "url2": "https://www.kaigokensaku.mhlw.go.jp/13/index.php?action_kouhyou_detail_004_kani=true&JigyosyoCd=1393600299-00&ServiceCd=780&Type=search" }, "geometry": { "type": "Point", "coordinates": [ 139.5673356, 35.68903 ] } },
{ "type": "Feature", "properties": { "内容": "東京ヘルスケア機能訓練センター【地域密着型通所介護】東京都三鷹市下連雀３－１２－６エクセラン三鷹１０２", "url2": "https://www.kaigokensaku.mhlw.go.jp/13/index.php?action_kouhyou_detail_004_kani=true&JigyosyoCd=1373601333-00&ServiceCd=780&Type=search" }, "geometry": { "type": "Point", "coordinates": [ 139.563163900000063, 35.6990196 ] } },
{ "type": "Feature", "properties": { "内容": "東京ヘルスケア機能訓練センター三鷹第２【地域密着型通所介護】東京都三鷹市下連雀３－9－６三鷹ダイカンプラザ101", "url2": "https://www.kaigokensaku.mhlw.go.jp/13/index.php?action_kouhyou_detail_004_kani=true&JigyosyoCd=1373601846-00&ServiceCd=780&Type=search" }, "geometry": { "type": "Point", "coordinates": [ 139.563691699999907, 35.6984752 ] } },
{ "type": "Feature", "properties": { "内容": "ひばりデイサービス仙川【地域密着型通所介護】東京都三鷹市北野4－8－40", "url2": "https://www.kaigokensaku.mhlw.go.jp/13/index.php?action_kouhyou_detail_004_kani=true&JigyosyoCd=1393600224-00&ServiceCd=780&Type=search" }, "geometry": { "type": "Point", "coordinates": [ 139.5838104, 35.6724613 ] } },
{ "type": "Feature", "properties": { "内容": "地域密着型通所介護　あゆみん家【地域密着型通所介護】東京都三鷹市下連雀３丁目７−１６エミナール１階", "url2": "https://www.kaigokensaku.mhlw.go.jp/13/index.php?action_kouhyou_detail_004_kani=true&JigyosyoCd=1393600349-00&ServiceCd=780&Type=search" }, "geometry": { "type": "Point", "coordinates": [ 139.563533, 35.7002709 ] } },
{ "type": "Feature", "properties": { "内容": "GENKINEXT三鷹下連雀【地域密着型通所介護】東京都三鷹市下連雀9-7-15三鷹パールマンション101号室", "url2": "https://www.kaigokensaku.mhlw.go.jp/13/index.php?action_kouhyou_detail_004_kani=true&JigyosyoCd=1373602067-00&ServiceCd=780&Type=search" }, "geometry": { "type": "Point", "coordinates": [ 139.560295099999962, 35.6879097 ] } },
{ "type": "Feature", "properties": { "内容": "りすデイサービス富士見通り【地域密着型通所介護】東京都三鷹市井口5-1－41ジェニファービル1F", "url2": "https://www.kaigokensaku.mhlw.go.jp/13/index.php?action_kouhyou_detail_004_kani=true&JigyosyoCd=1373602117-00&ServiceCd=780&Type=search" }, "geometry": { "type": "Point", "coordinates": [ 139.535797, 35.6985383 ] } },
{ "type": "Feature", "properties": { "内容": "東京ヘルスケア機能訓練センター井の頭【地域密着型通所介護】東京都三鷹市井の頭２－１４－２パークブリージェ井の頭103", "url2": "https://www.kaigokensaku.mhlw.go.jp/13/index.php?action_kouhyou_detail_004_kani=true&JigyosyoCd=1373602190-00&ServiceCd=780&Type=search" }, "geometry": { "type": "Point", "coordinates": [ 139.587595299999947, 35.6921264 ] } },
{ "type": "Feature", "properties": { "内容": "デイサービスきづな【地域密着型通所介護】東京都三鷹市大沢5-9-1", "url2": "https://www.kaigokensaku.mhlw.go.jp/13/index.php?action_kouhyou_detail_004_kani=true&JigyosyoCd=1393600216-00&ServiceCd=780&Type=search" }, "geometry": { "type": "Point", "coordinates": [ 139.535664499999939, 35.6709027 ] } },
{ "type": "Feature", "properties": { "内容": "有限会社　三鷹シルバーハウス　デイサービスセンター和【地域密着型通所介護】東京都三鷹市野崎１丁目５番１０号", "url2": "https://www.kaigokensaku.mhlw.go.jp/13/index.php?action_kouhyou_detail_004_kani=true&JigyosyoCd=1373601036-00&ServiceCd=780&Type=search" }, "geometry": { "type": "Point", "coordinates": [ 139.555934500000035, 35.6823186 ] } },
{ "type": "Feature", "properties": { "内容": "ゆや富久【地域密着型通所介護】東京都三鷹市井口2-4-30", "url2": "https://www.kaigokensaku.mhlw.go.jp/13/index.php?action_kouhyou_detail_004_kani=true&JigyosyoCd=1373601747-00&ServiceCd=780&Type=search" }, "geometry": { "type": "Point", "coordinates": [ 139.549309449822999, 35.687284454039343 ] } },
{ "type": "Feature", "properties": { "内容": "文久堂整骨院ケアプレイス【地域密着型通所介護】東京都三鷹市上連雀9-43-8", "url2": "https://www.kaigokensaku.mhlw.go.jp/13/index.php?action_kouhyou_detail_004_kani=true&JigyosyoCd=1373602349-00&ServiceCd=780&Type=search" }, "geometry": { "type": "Point", "coordinates": [ 139.550054499999987, 35.6838572 ] } },
{ "type": "Feature", "properties": { "内容": "ドレミハウス三鷹デイサービス【地域密着型通所介護】東京都三鷹市北野４－２－３", "url2": "https://www.kaigokensaku.mhlw.go.jp/13/index.php?action_kouhyou_detail_004_kani=true&JigyosyoCd=1373602596-00&ServiceCd=780&Type=search" }, "geometry": { "type": "Point", "coordinates": [ 139.589120900000012, 35.6691563 ] } },
{ "type": "Feature", "properties": { "内容": "だんらんの家　三鷹【地域密着型通所介護】東京都三鷹市上連雀２－１９－４", "url2": "https://www.kaigokensaku.mhlw.go.jp/13/index.php?action_kouhyou_detail_004_kani=true&JigyosyoCd=1393600166-00&ServiceCd=780&Type=search" }, "geometry": { "type": "Point", "coordinates": [ 139.555643994477435, 35.699685963470259 ] } },
{ "type": "Feature", "properties": { "内容": "文久堂ケアプレイス新川【地域密着型通所介護】東京都三鷹市新川6-25-4メディカルモールクレッセント202", "url2": "https://www.kaigokensaku.mhlw.go.jp/13/index.php?action_kouhyou_detail_004_kani=true&JigyosyoCd=1393600232-00&ServiceCd=780&Type=search" }, "geometry": { "type": "Point", "coordinates": [ 139.567924925200714, 35.681937390211246 ] } },
{ "type": "Feature", "properties": { "内容": "東京ヘルスケア機能訓練センター井口【地域密着型通所介護】東京都三鷹市井口2-13-37白鳥ビル102", "url2": "https://www.kaigokensaku.mhlw.go.jp/13/index.php?action_kouhyou_detail_004_kani=true&JigyosyoCd=1393600240-00&ServiceCd=780&Type=search" }, "geometry": { "type": "Point", "coordinates": [ 139.54596, 35.6891395 ] } },
{ "type": "Feature", "properties": { "内容": "レコードブック三鷹上連雀【地域密着型通所介護】東京都三鷹市上連雀8-18-11Mビル102号室", "url2": "https://www.kaigokensaku.mhlw.go.jp/13/index.php?action_kouhyou_detail_004_kani=true&JigyosyoCd=1393600257-00&ServiceCd=780&Type=search" }, "geometry": { "type": "Point", "coordinates": [ 139.5556695, 35.688105 ] } },
{ "type": "Feature", "properties": { "内容": "まごの手新川【地域密着型通所介護】東京都三鷹市新川3-17-6三鷹新川プラザ1階", "url2": "https://www.kaigokensaku.mhlw.go.jp/13/index.php?action_kouhyou_detail_004_kani=true&JigyosyoCd=1393600307-00&ServiceCd=780&Type=search" }, "geometry": { "type": "Point", "coordinates": [ 139.5701546, 35.68076 ] } },
{ "type": "Feature", "properties": { "内容": "デイサービスひだまり【地域密着型通所介護】東京都三鷹市野崎3丁目18番38号", "url2": "https://www.kaigokensaku.mhlw.go.jp/13/index.php?action_kouhyou_detail_004_kani=true&JigyosyoCd=1393600356-00&ServiceCd=780&Type=search" }, "geometry": { "type": "Point", "coordinates": [ 139.543149352253693, 35.686384851370619 ] } },
{ "type": "Feature", "properties": { "内容": "となりのでこちゃん【地域密着型通所介護】東京都三鷹市牟礼6-11-2", "url2": "https://www.kaigokensaku.mhlw.go.jp/13/index.php?action_kouhyou_detail_004_kani=true&JigyosyoCd=1393600158-00&ServiceCd=780&Type=search" }, "geometry": { "type": "Point", "coordinates": [ 139.5757769, 35.6872989 ] } },
{ "type": "Feature", "properties": { "内容": "DEISalonかりんとう【地域密着型通所介護】東京都三鷹市野崎2-1-17アムール吉野104", "url2": "https://www.kaigokensaku.mhlw.go.jp/13/index.php?action_kouhyou_detail_004_kani=true&JigyosyoCd=1393600364-00&ServiceCd=780&Type=search" }, "geometry": { "type": "Point", "coordinates": [ 139.549654299999986, 35.6855869 ] } },
{ "type": "Feature", "properties": { "内容": "エバーグリーン三鷹新川ヴィレッジ【地域密着型通所介護】東京都三鷹市新川6-1-10", "url2": "https://www.kaigokensaku.mhlw.go.jp/13/index.php?action_kouhyou_detail_004_kani=true&JigyosyoCd=1393600281-00&ServiceCd=780&Type=search" }, "geometry": { "type": "Point", "coordinates": [ 139.5706578, 35.6826789 ] } },
{ "type": "Feature", "properties": { "内容": "デイサービスセンターCLUBRIVER【地域密着型通所介護】東京都青梅市長淵4丁目377番地高齢者福祉施設リバーパレス青梅4階", "url2": "https://www.kaigokensaku.mhlw.go.jp/13/index.php?action_kouhyou_detail_004_kani=true&JigyosyoCd=1372801769-00&ServiceCd=780&Type=search" }, "geometry": { "type": "Point", "coordinates": [ 139.271838600000024, 35.7820186 ] } },
{ "type": "Feature", "properties": { "内容": "二俣尾幸廻堂【地域密着型通所介護】東京都青梅市二俣尾4－1098", "url2": "https://www.kaigokensaku.mhlw.go.jp/13/index.php?action_kouhyou_detail_004_kani=true&JigyosyoCd=1372801785-00&ServiceCd=780&Type=search" }, "geometry": { "type": "Point", "coordinates": [ 139.216322153076817, 35.803361229124725 ] } },
{ "type": "Feature", "properties": { "内容": "東青梅デイサービスセンター【地域密着型通所介護】東京都青梅市東青梅１丁目５－２８", "url2": "https://www.kaigokensaku.mhlw.go.jp/13/index.php?action_kouhyou_detail_004_kani=true&JigyosyoCd=1372801348-00&ServiceCd=780&Type=search" }, "geometry": { "type": "Point", "coordinates": [ 139.271302500000047, 35.7889177 ] } },
{ "type": "Feature", "properties": { "内容": "リハビリデイサービス　足軽【地域密着型通所介護】東京都青梅市河辺町５ー１４－４河辺駅前ビル１F", "url2": "https://www.kaigokensaku.mhlw.go.jp/13/index.php?action_kouhyou_detail_004_kani=true&JigyosyoCd=1372801520-00&ServiceCd=780&Type=search" }, "geometry": { "type": "Point", "coordinates": [ 139.285771613336124, 35.783559212774058 ] } },
{ "type": "Feature", "properties": { "内容": "ヤギさん家【地域密着型通所介護】東京都青梅市今井1丁目496番地の13", "url2": "https://www.kaigokensaku.mhlw.go.jp/13/index.php?action_kouhyou_detail_004_kani=true&JigyosyoCd=1372801215-00&ServiceCd=780&Type=search" }, "geometry": { "type": "Point", "coordinates": [ 139.313233800000035, 35.8118301 ] } },
{ "type": "Feature", "properties": { "内容": "デイサービスぬくもり【地域密着型通所介護】東京都青梅市長淵2-670-1", "url2": "https://www.kaigokensaku.mhlw.go.jp/13/index.php?action_kouhyou_detail_004_kani=true&JigyosyoCd=1372801249-00&ServiceCd=780&Type=search" }, "geometry": { "type": "Point", "coordinates": [ 139.274649303010619, 35.77710967406076 ] } },
{ "type": "Feature", "properties": { "内容": "デイサービス　のぞみ【地域密着型通所介護】東京都青梅市日向和田３－５７３－１", "url2": "https://www.kaigokensaku.mhlw.go.jp/13/index.php?action_kouhyou_detail_004_kani=true&JigyosyoCd=1372801371-00&ServiceCd=780&Type=search" }, "geometry": { "type": "Point", "coordinates": [ 139.232811399999946, 35.7836544 ] } },
{ "type": "Feature", "properties": { "内容": "デイサービス　さくら【地域密着型通所介護】東京都青梅市新町5-27-4グリーンヒルズ1階", "url2": "https://www.kaigokensaku.mhlw.go.jp/13/index.php?action_kouhyou_detail_004_kani=true&JigyosyoCd=1372801686-00&ServiceCd=780&Type=search" }, "geometry": { "type": "Point", "coordinates": [ 139.3093979, 35.789813 ] } },
{ "type": "Feature", "properties": { "内容": "カラダラボとまりぎ青梅駅前【地域密着型通所介護】東京都青梅市本町198-11ファミネス青梅１Ｆ", "url2": "https://www.kaigokensaku.mhlw.go.jp/13/index.php?action_kouhyou_detail_004_kani=true&JigyosyoCd=1372801819-00&ServiceCd=780&Type=search" }, "geometry": { "type": "Point", "coordinates": [ 139.2596513, 35.7902598 ] } },
{ "type": "Feature", "properties": { "内容": "デイサービスセンターシエロ青梅【地域密着型通所介護】東京都青梅市野上町3-7-28", "url2": "https://www.kaigokensaku.mhlw.go.jp/13/index.php?action_kouhyou_detail_004_kani=true&JigyosyoCd=1372801868-00&ServiceCd=780&Type=search" }, "geometry": { "type": "Point", "coordinates": [ 139.286935400000033, 35.7898493 ] } },
{ "type": "Feature", "properties": { "内容": "デイサービスセンター　ほたる【地域密着型通所介護】東京都青梅市長淵4-258-5", "url2": "https://www.kaigokensaku.mhlw.go.jp/13/index.php?action_kouhyou_detail_004_kani=true&JigyosyoCd=1372801884-00&ServiceCd=780&Type=search" }, "geometry": { "type": "Point", "coordinates": [ 139.272825332506187, 35.778091837567672 ] } },
{ "type": "Feature", "properties": { "内容": "デイサービスセンターきぼうの里【地域密着型通所介護】東京都青梅市黒沢3-1829-1", "url2": "https://www.kaigokensaku.mhlw.go.jp/13/index.php?action_kouhyou_detail_004_kani=true&JigyosyoCd=1392800122-00&ServiceCd=780&Type=search" }, "geometry": { "type": "Point", "coordinates": [ 139.254699800000054, 35.8002425 ] } },
{ "type": "Feature", "properties": { "内容": "介護センターはんの木【地域密着型通所介護】東京都府中市南町6-52-1", "url2": "https://www.kaigokensaku.mhlw.go.jp/13/index.php?action_kouhyou_detail_004_kani=true&JigyosyoCd=1373800661-00&ServiceCd=780&Type=search" }, "geometry": { "type": "Point", "coordinates": [ 139.470614899999987, 35.6564088 ] } },
{ "type": "Feature", "properties": { "内容": "わの会デイサービスりんりん【地域密着型通所介護】東京都府中市四谷６-６-１", "url2": "https://www.kaigokensaku.mhlw.go.jp/13/index.php?action_kouhyou_detail_004_kani=true&JigyosyoCd=1373801065-00&ServiceCd=780&Type=search" }, "geometry": { "type": "Point", "coordinates": [ 139.436767300000042, 35.6704193 ] } },
{ "type": "Feature", "properties": { "内容": "あおばケアサービス【地域密着型通所介護】東京都府中市白糸台5-26-7車返団地あおばケアサービス", "url2": "https://www.kaigokensaku.mhlw.go.jp/13/index.php?action_kouhyou_detail_004_kani=true&JigyosyoCd=1373800679-00&ServiceCd=780&Type=search" }, "geometry": { "type": "Point", "coordinates": [ 139.512168034230001, 35.661998212208729 ] } },
{ "type": "Feature", "properties": { "内容": "デイサービス　パーク中河原【地域密着型通所介護】東京都府中市南町2-5-26", "url2": "https://www.kaigokensaku.mhlw.go.jp/13/index.php?action_kouhyou_detail_004_kani=true&JigyosyoCd=1373802378-00&ServiceCd=780&Type=search" }, "geometry": { "type": "Point", "coordinates": [ 139.469892206008609, 35.661730655882224 ] } },
{ "type": "Feature", "properties": { "内容": "リハプライド・府中【地域密着型通所介護】東京都府中市白糸台1-46-29", "url2": "https://www.kaigokensaku.mhlw.go.jp/13/index.php?action_kouhyou_detail_004_kani=true&JigyosyoCd=1393800352-00&ServiceCd=780&Type=search" }, "geometry": { "type": "Point", "coordinates": [ 139.505706, 35.6726905 ] } },
{ "type": "Feature", "properties": { "内容": "シルバーエイジクラブ”白樺”【地域密着型通所介護】東京都府中市西府町３丁目１２番地の５０", "url2": "https://www.kaigokensaku.mhlw.go.jp/13/index.php?action_kouhyou_detail_004_kani=true&JigyosyoCd=1373802212-00&ServiceCd=780&Type=search" }, "geometry": { "type": "Point", "coordinates": [ 139.458671, 35.6773635 ] } },
{ "type": "Feature", "properties": { "内容": "リハビリステーションあずさ【地域密着型通所介護】東京都府中市栄町1-5-1第3栄町レジデンス1階B", "url2": "https://www.kaigokensaku.mhlw.go.jp/13/index.php?action_kouhyou_detail_004_kani=true&JigyosyoCd=1373802774-00&ServiceCd=780&Type=search" }, "geometry": { "type": "Point", "coordinates": [ 139.480116, 35.6887767 ] } },
{ "type": "Feature", "properties": { "内容": "デイサービスパーク郷土の森【地域密着型通所介護】東京都府中市是政６－２７－１", "url2": "https://www.kaigokensaku.mhlw.go.jp/13/index.php?action_kouhyou_detail_004_kani=true&JigyosyoCd=1373802808-00&ServiceCd=780&Type=search" }, "geometry": { "type": "Point", "coordinates": [ 139.481659, 35.6554005 ] } },
{ "type": "Feature", "properties": { "内容": "デイサービス　グレース小柳【地域密着型通所介護】東京都府中市小柳町　1-16-35", "url2": "https://www.kaigokensaku.mhlw.go.jp/13/index.php?action_kouhyou_detail_004_kani=true&JigyosyoCd=1373803046-00&ServiceCd=780&Type=search" }, "geometry": { "type": "Point", "coordinates": [ 139.503573299999971, 35.6651082 ] } },
{ "type": "Feature", "properties": { "内容": "デイサービスくるみ【地域密着型通所介護】東京都府中市白糸台1-76-5", "url2": "https://www.kaigokensaku.mhlw.go.jp/13/index.php?action_kouhyou_detail_004_kani=true&JigyosyoCd=1373803210-00&ServiceCd=780&Type=search" }, "geometry": { "type": "Point", "coordinates": [ 139.506302520237796, 35.665398094513534 ] } },
{ "type": "Feature", "properties": { "内容": "ジョーバラボしんまち【地域密着型通所介護】東京都府中市新町１丁目２８番地の１", "url2": "https://www.kaigokensaku.mhlw.go.jp/13/index.php?action_kouhyou_detail_004_kani=true&JigyosyoCd=1393800279-00&ServiceCd=780&Type=search" }, "geometry": { "type": "Point", "coordinates": [ 139.484626899999967, 35.6855439 ] } },
{ "type": "Feature", "properties": { "内容": "ゆめさき【地域密着型通所介護】東京都府中市緑町1-28-1加司馬マンション1F", "url2": "https://www.kaigokensaku.mhlw.go.jp/13/index.php?action_kouhyou_detail_004_kani=true&JigyosyoCd=1393800410-00&ServiceCd=780&Type=search" }, "geometry": { "type": "Point", "coordinates": [ 139.485324400000025, 35.6742014 ] } },
{ "type": "Feature", "properties": { "内容": "ビーナスプラス府中【地域密着型通所介護】東京都府中市分梅町5丁目10-1プロシード中河原一番館101号", "url2": "https://www.kaigokensaku.mhlw.go.jp/13/index.php?action_kouhyou_detail_004_kani=true&JigyosyoCd=1393800428-00&ServiceCd=780&Type=search" }, "geometry": { "type": "Point", "coordinates": [ 139.4629268, 35.6627942 ] } },
{ "type": "Feature", "properties": { "内容": "レコードブック府中西【地域密着型通所介護】東京都府中市西府町3-1-5スウィング242-101", "url2": "https://www.kaigokensaku.mhlw.go.jp/13/index.php?action_kouhyou_detail_004_kani=true&JigyosyoCd=1393800436-00&ServiceCd=780&Type=search" }, "geometry": { "type": "Point", "coordinates": [ 139.458738899999986, 35.6748533 ] } },
{ "type": "Feature", "properties": { "内容": "ファミリーケア　府中さくら物語【地域密着型通所介護】東京都府中市若松町4-2-2", "url2": "https://www.kaigokensaku.mhlw.go.jp/13/index.php?action_kouhyou_detail_004_kani=true&JigyosyoCd=1373802667-00&ServiceCd=780&Type=search" }, "geometry": { "type": "Point", "coordinates": [ 139.497886969232297, 35.6755875135091 ] } },
{ "type": "Feature", "properties": { "内容": "リハビリフィットネス　ゆずりは　府中是政【地域密着型通所介護】東京都府中市是政1-54小原ビル1F", "url2": "https://www.kaigokensaku.mhlw.go.jp/13/index.php?action_kouhyou_detail_004_kani=true&JigyosyoCd=1393800287-00&ServiceCd=780&Type=search" }, "geometry": { "type": "Point", "coordinates": [ 139.498276700000019, 35.6623946 ] } },
{ "type": "Feature", "properties": { "内容": "晴れのちFINE【地域密着型通所介護】東京都昭島市玉川町2-9-7耕和ビル102号室", "url2": "https://www.kaigokensaku.mhlw.go.jp/13/index.php?action_kouhyou_detail_004_kani=true&JigyosyoCd=1394000192-00&ServiceCd=780&Type=search" }, "geometry": { "type": "Point", "coordinates": [ 139.376753409787, 35.707372722727477 ] } },
{ "type": "Feature", "properties": { "内容": "デイサービスセンター　こでまりの苑【地域密着型通所介護】東京都昭島市美堀町2-14-25", "url2": "https://www.kaigokensaku.mhlw.go.jp/13/index.php?action_kouhyou_detail_004_kani=true&JigyosyoCd=1374000402-00&ServiceCd=780&Type=search" }, "geometry": { "type": "Point", "coordinates": [ 139.359619400000042, 35.7234755 ] } },
{ "type": "Feature", "properties": { "内容": "ふそうケアセンター昭島【地域密着型通所介護】東京都昭島市緑町3丁目5-8", "url2": "https://www.kaigokensaku.mhlw.go.jp/13/index.php?action_kouhyou_detail_004_kani=true&JigyosyoCd=1374001269-00&ServiceCd=780&Type=search" }, "geometry": { "type": "Point", "coordinates": [ 139.34873208587922, 35.707356942121535 ] } },
{ "type": "Feature", "properties": { "内容": "和み苑デイサービス拝島【地域密着型通所介護】東京都昭島市拝島町1-11-11", "url2": "https://www.kaigokensaku.mhlw.go.jp/13/index.php?action_kouhyou_detail_004_kani=true&JigyosyoCd=1374001137-00&ServiceCd=780&Type=search" }, "geometry": { "type": "Point", "coordinates": [ 139.345618400000035, 35.7048162 ] } },
{ "type": "Feature", "properties": { "内容": "永山トレーニングデイ【地域密着型通所介護】東京都昭島市朝日町１－５－８", "url2": "https://www.kaigokensaku.mhlw.go.jp/13/index.php?action_kouhyou_detail_004_kani=true&JigyosyoCd=1374001178-00&ServiceCd=780&Type=search" }, "geometry": { "type": "Point", "coordinates": [ 139.375324, 35.7077334 ] } },
{ "type": "Feature", "properties": { "内容": "サロンデイ西立川【地域密着型通所介護】東京都昭島市東町4-11-15パークサイドレインボー", "url2": "https://www.kaigokensaku.mhlw.go.jp/13/index.php?action_kouhyou_detail_004_kani=true&JigyosyoCd=1374001434-00&ServiceCd=780&Type=search" }, "geometry": { "type": "Point", "coordinates": [ 139.3903561, 35.7020863 ] } },
{ "type": "Feature", "properties": { "内容": "ソラスト　昭島【地域密着型通所介護】東京都昭島市築地町２４４－２カレッヂコート富士見１階", "url2": "https://www.kaigokensaku.mhlw.go.jp/13/index.php?action_kouhyou_detail_004_kani=true&JigyosyoCd=1374001285-00&ServiceCd=780&Type=search" }, "geometry": { "type": "Point", "coordinates": [ 139.379568100000029, 35.7080251 ] } },
{ "type": "Feature", "properties": { "内容": "デイサービス　こはる【地域密着型通所介護】東京都昭島市中神町１１３２－９", "url2": "https://www.kaigokensaku.mhlw.go.jp/13/index.php?action_kouhyou_detail_004_kani=true&JigyosyoCd=1374001319-00&ServiceCd=780&Type=search" }, "geometry": { "type": "Point", "coordinates": [ 139.372314360496489, 35.710695729115841 ] } },
{ "type": "Feature", "properties": { "内容": "だんらんの家　あきしま郷地【地域密着型通所介護】東京都昭島市郷地町2-21-2", "url2": "https://www.kaigokensaku.mhlw.go.jp/13/index.php?action_kouhyou_detail_004_kani=true&JigyosyoCd=1374001590-00&ServiceCd=780&Type=search" }, "geometry": { "type": "Point", "coordinates": [ 139.385515100000021, 35.6969154 ] } },
{ "type": "Feature", "properties": { "内容": "デイサービス　晴れのち笑顔【地域密着型通所介護】東京都昭島市大神町3-21-10", "url2": "https://www.kaigokensaku.mhlw.go.jp/13/index.php?action_kouhyou_detail_004_kani=true&JigyosyoCd=1394000093-00&ServiceCd=780&Type=search" }, "geometry": { "type": "Point", "coordinates": [ 139.358478864417975, 35.701206000664435 ] } },
{ "type": "Feature", "properties": { "内容": "デイサービス　こはる３号館【地域密着型通所介護】東京都昭島市中神町1357-3", "url2": "https://www.kaigokensaku.mhlw.go.jp/13/index.php?action_kouhyou_detail_004_kani=true&JigyosyoCd=1394000135-00&ServiceCd=780&Type=search" }, "geometry": { "type": "Point", "coordinates": [ 139.3835823, 35.7168838 ] } },
{ "type": "Feature", "properties": { "内容": "デイサービス富士の家松原【地域密着型通所介護】東京都昭島市松原町５丁目８−１７", "url2": "https://www.kaigokensaku.mhlw.go.jp/13/index.php?action_kouhyou_detail_004_kani=true&JigyosyoCd=1394000150-00&ServiceCd=780&Type=search" }, "geometry": { "type": "Point", "coordinates": [ 139.3408198, 35.7168498 ] } },
{ "type": "Feature", "properties": { "内容": "デイサービス　あまね【地域密着型通所介護】東京都昭島市朝日町3-11-12", "url2": "https://www.kaigokensaku.mhlw.go.jp/13/index.php?action_kouhyou_detail_004_kani=true&JigyosyoCd=1394000176-00&ServiceCd=780&Type=search" }, "geometry": { "type": "Point", "coordinates": [ 139.373698383783619, 35.706110779060396 ] } },
{ "type": "Feature", "properties": { "内容": "コミュニティーハウスとみざわデイサービスセンター【地域密着型通所介護】東京都調布市菊野台1-48-3", "url2": "https://www.kaigokensaku.mhlw.go.jp/13/index.php?action_kouhyou_detail_004_kani=true&JigyosyoCd=1374201497-00&ServiceCd=780&Type=search" }, "geometry": { "type": "Point", "coordinates": [ 139.5656768, 35.6563971 ] } },
{ "type": "Feature", "properties": { "内容": "あすかデイサービス【地域密着型通所介護】東京都調布市東つつじヶ丘１－１６－１４滝坂ビル", "url2": "https://www.kaigokensaku.mhlw.go.jp/13/index.php?action_kouhyou_detail_004_kani=true&JigyosyoCd=1374201570-00&ServiceCd=780&Type=search" }, "geometry": { "type": "Point", "coordinates": [ 139.577717399999983, 35.6607861 ] } },
{ "type": "Feature", "properties": { "内容": "GENKINEXT調布多摩川【地域密着型通所介護】東京都調布市多摩川5-14-1高井ビル1階", "url2": "https://www.kaigokensaku.mhlw.go.jp/13/index.php?action_kouhyou_detail_004_kani=true&JigyosyoCd=1374202560-00&ServiceCd=780&Type=search" }, "geometry": { "type": "Point", "coordinates": [ 139.536572299999989, 35.6441544 ] } },
{ "type": "Feature", "properties": { "内容": "デイサービス　みんなの家　調布【地域密着型通所介護】東京都調布市深大寺北町６－２８－４", "url2": "https://www.kaigokensaku.mhlw.go.jp/13/index.php?action_kouhyou_detail_004_kani=true&JigyosyoCd=1374202289-00&ServiceCd=780&Type=search" }, "geometry": { "type": "Point", "coordinates": [ 139.543869, 35.679588 ] } },
{ "type": "Feature", "properties": { "内容": "株式会社総合福祉サービス　デイサービスサロントトつつじヶ丘店【地域密着型通所介護】東京都調布市西つつじヶ丘４－１１－１０デイサービスサロントトつつじヶ丘店", "url2": "https://www.kaigokensaku.mhlw.go.jp/13/index.php?action_kouhyou_detail_004_kani=true&JigyosyoCd=1374202461-00&ServiceCd=780&Type=search" }, "geometry": { "type": "Point", "coordinates": [ 139.574909199999979, 35.6559639 ] } },
{ "type": "Feature", "properties": { "内容": "医療法人社団心身会複合介護施設愉楽デイサービスセンターゆらく【地域密着型通所介護】東京都調布市布田六丁目51番地1", "url2": "https://www.kaigokensaku.mhlw.go.jp/13/index.php?action_kouhyou_detail_004_kani=true&JigyosyoCd=1374202578-00&ServiceCd=780&Type=search" }, "geometry": { "type": "Point", "coordinates": [ 139.5485794, 35.6459847 ] } },
{ "type": "Feature", "properties": { "内容": "だんらんの家　調布【地域密着型通所介護】東京都調布市下石原1ｰ19ｰ13", "url2": "https://www.kaigokensaku.mhlw.go.jp/13/index.php?action_kouhyou_detail_004_kani=true&JigyosyoCd=1374202008-00&ServiceCd=780&Type=search" }, "geometry": { "type": "Point", "coordinates": [ 139.538443300000068, 35.655646900000043 ] } },
{ "type": "Feature", "properties": { "内容": "リハビリデイサービス　アップ健康くらぶ【地域密着型通所介護】東京都調布市西つつじヶ丘4丁目23番地UR都市再生機構神代団地３５号棟１０３号室", "url2": "https://www.kaigokensaku.mhlw.go.jp/13/index.php?action_kouhyou_detail_004_kani=true&JigyosyoCd=1374202032-00&ServiceCd=780&Type=search" }, "geometry": { "type": "Point", "coordinates": [ 139.576990844180301, 35.651964905455472 ] } },
{ "type": "Feature", "properties": { "内容": "リハビリデイサービスnagomi西調布店【地域密着型通所介護】東京都調布市下石原2-20-2", "url2": "https://www.kaigokensaku.mhlw.go.jp/13/index.php?action_kouhyou_detail_004_kani=true&JigyosyoCd=1374202768-00&ServiceCd=780&Type=search" }, "geometry": { "type": "Point", "coordinates": [ 139.532662926983647, 35.653837392690619 ] } },
{ "type": "Feature", "properties": { "内容": "トモシアデイサービス国領【地域密着型通所介護】東京都調布市国領町7-27-3杉崎ビル1Ｆ南", "url2": "https://www.kaigokensaku.mhlw.go.jp/13/index.php?action_kouhyou_detail_004_kani=true&JigyosyoCd=1374202834-00&ServiceCd=780&Type=search" }, "geometry": { "type": "Point", "coordinates": [ 139.559584099999938, 35.6435129 ] } },
{ "type": "Feature", "properties": { "内容": "レコードブック調布柴崎【地域密着型通所介護】東京都調布市菊野台1-54-2小川ビル１階", "url2": "https://www.kaigokensaku.mhlw.go.jp/13/index.php?action_kouhyou_detail_004_kani=true&JigyosyoCd=1394200297-00&ServiceCd=780&Type=search" }, "geometry": { "type": "Point", "coordinates": [ 139.565162099999981, 35.655025 ] } },
{ "type": "Feature", "properties": { "内容": "グリーンデイ　飛田給【地域密着型通所介護】東京都調布市飛田給2-13-4ヴィラ花菱１階", "url2": "https://www.kaigokensaku.mhlw.go.jp/13/index.php?action_kouhyou_detail_004_kani=true&JigyosyoCd=1394200156-00&ServiceCd=780&Type=search" }, "geometry": { "type": "Point", "coordinates": [ 139.521244600000045, 35.6590238 ] } },
{ "type": "Feature", "properties": { "内容": "リハビリフィットネス　ゆずりは　調布【地域密着型通所介護】東京都調布市国領町6-11-7国領ハイツ1F", "url2": "https://www.kaigokensaku.mhlw.go.jp/13/index.php?action_kouhyou_detail_004_kani=true&JigyosyoCd=1394200164-00&ServiceCd=780&Type=search" }, "geometry": { "type": "Point", "coordinates": [ 139.55318887042506, 35.644346476122323 ] } },
{ "type": "Feature", "properties": { "内容": "あいケアデイサービス深大寺【地域密着型通所介護】東京都調布市深大寺東町6-26-15", "url2": "https://www.kaigokensaku.mhlw.go.jp/13/index.php?action_kouhyou_detail_004_kani=true&JigyosyoCd=1394200180-00&ServiceCd=780&Type=search" }, "geometry": { "type": "Point", "coordinates": [ 139.558765, 35.6756278 ] } },
{ "type": "Feature", "properties": { "内容": "アースサポート深大寺南【地域密着型通所介護】東京都調布市深大寺南町5丁目46番地4", "url2": "https://www.kaigokensaku.mhlw.go.jp/13/index.php?action_kouhyou_detail_004_kani=true&JigyosyoCd=1394200248-00&ServiceCd=780&Type=search" }, "geometry": { "type": "Point", "coordinates": [ 139.559727400000043, 35.6667758 ] } },
{ "type": "Feature", "properties": { "内容": "アタマの体操教室ふくろう舎【地域密着型通所介護】東京都調布市国領町３-８-１５都営くすのきアパート５－１０８", "url2": "https://www.kaigokensaku.mhlw.go.jp/13/index.php?action_kouhyou_detail_004_kani=true&JigyosyoCd=1374202800-00&ServiceCd=780&Type=search" }, "geometry": { "type": "Point", "coordinates": [ 139.561497644319161, 35.649223231041091 ] } },
{ "type": "Feature", "properties": { "内容": "まいすたっふデイサービス【地域密着型通所介護】東京都調布市多摩川１－３－１センチュリー調布１階", "url2": "https://www.kaigokensaku.mhlw.go.jp/13/index.php?action_kouhyou_detail_004_kani=true&JigyosyoCd=1394200230-00&ServiceCd=780&Type=search" }, "geometry": { "type": "Point", "coordinates": [ 139.527750200000042, 35.6521019 ] } },
{ "type": "Feature", "properties": { "内容": "リハビリデイサービス梅のさと入間町【地域密着型通所介護】東京都調布市入間町2-1-3", "url2": "https://www.kaigokensaku.mhlw.go.jp/13/index.php?action_kouhyou_detail_004_kani=true&JigyosyoCd=1374202479-00&ServiceCd=780&Type=search" }, "geometry": { "type": "Point", "coordinates": [ 139.583997400000044, 35.6521033 ] } },
{ "type": "Feature", "properties": { "内容": "Cherish【地域密着型通所介護】東京都町田市小山田桜台1-203号室", "url2": "https://www.kaigokensaku.mhlw.go.jp/13/index.php?action_kouhyou_detail_004_kani=true&JigyosyoCd=1393200769-00&ServiceCd=780&Type=search" }, "geometry": { "type": "Point", "coordinates": [ 139.402656900000011, 35.590395 ] } },
{ "type": "Feature", "properties": { "内容": "サロンひまわり【地域密着型通所介護】東京都町田市木曽東一丁目24番17号", "url2": "https://www.kaigokensaku.mhlw.go.jp/13/index.php?action_kouhyou_detail_004_kani=true&JigyosyoCd=1373204351-00&ServiceCd=780&Type=search" }, "geometry": { "type": "Point", "coordinates": [ 139.429563003075828, 35.559548039640205 ] } },
{ "type": "Feature", "properties": { "内容": "デイサービス森野【地域密着型通所介護】東京都町田市森野5丁目28番1号森野5丁目第3アパート内", "url2": "https://www.kaigokensaku.mhlw.go.jp/13/index.php?action_kouhyou_detail_004_kani=true&JigyosyoCd=1393200538-00&ServiceCd=780&Type=search" }, "geometry": { "type": "Point", "coordinates": [ 139.436932992065437, 35.550618422232098 ] } },
{ "type": "Feature", "properties": { "内容": "デイサービス　コモンズ【地域密着型通所介護】東京都町田市森野４－８－３９", "url2": "https://www.kaigokensaku.mhlw.go.jp/13/index.php?action_kouhyou_detail_004_kani=true&JigyosyoCd=1373203155-00&ServiceCd=780&Type=search" }, "geometry": { "type": "Point", "coordinates": [ 139.4331161, 35.5540718 ] } },
{ "type": "Feature", "properties": { "内容": "デイサービス杏林荘【地域密着型通所介護】東京都町田市相原町2017番地1", "url2": "https://www.kaigokensaku.mhlw.go.jp/13/index.php?action_kouhyou_detail_004_kani=true&JigyosyoCd=1373200847-00&ServiceCd=780&Type=search" }, "geometry": { "type": "Point", "coordinates": [ 139.319263399999954, 35.6094396 ] } },
{ "type": "Feature", "properties": { "内容": "鶴のさと【地域密着型通所介護】東京都町田市南町田5-3-28", "url2": "https://www.kaigokensaku.mhlw.go.jp/13/index.php?action_kouhyou_detail_004_kani=true&JigyosyoCd=1393200744-00&ServiceCd=780&Type=search" }, "geometry": { "type": "Point", "coordinates": [ 139.4741712, 35.5134757 ] } },
{ "type": "Feature", "properties": { "内容": "デイサービスセンター　町田誠心園【地域密着型通所介護】東京都町田市下小山田町3352-8", "url2": "https://www.kaigokensaku.mhlw.go.jp/13/index.php?action_kouhyou_detail_004_kani=true&JigyosyoCd=1373203684-00&ServiceCd=780&Type=search" }, "geometry": { "type": "Point", "coordinates": [ 139.408497799999964, 35.5901476 ] } },
{ "type": "Feature", "properties": { "内容": "高齢者デイサービスセンターぬくもりの園【地域密着型通所介護】東京都町田市下小山田町２７２９－２", "url2": "https://www.kaigokensaku.mhlw.go.jp/13/index.php?action_kouhyou_detail_004_kani=true&JigyosyoCd=1373202850-00&ServiceCd=780&Type=search" }, "geometry": { "type": "Point", "coordinates": [ 139.407981100000029, 35.593375 ] } },
{ "type": "Feature", "properties": { "内容": "医療法人社団　泰大会　薬師台デイサービスおはな【地域密着型通所介護】東京都町田市薬師台1-25-12メディカルTERRACE内", "url2": "https://www.kaigokensaku.mhlw.go.jp/13/index.php?action_kouhyou_detail_004_kani=true&JigyosyoCd=1373205499-00&ServiceCd=780&Type=search" }, "geometry": { "type": "Point", "coordinates": [ 139.454902299999986, 35.5776958 ] } },
{ "type": "Feature", "properties": { "内容": "通所機能訓練アットプレイス根岸【地域密着型通所介護】東京都町田市根岸2-30-10", "url2": "https://www.kaigokensaku.mhlw.go.jp/13/index.php?action_kouhyou_detail_004_kani=true&JigyosyoCd=1393200454-00&ServiceCd=780&Type=search" }, "geometry": { "type": "Point", "coordinates": [ 139.415682991401695, 35.575120279012367 ] } },
{ "type": "Feature", "properties": { "内容": "リハラボ町田【地域密着型通所介護】東京都町田市金森東1-11-1", "url2": "https://www.kaigokensaku.mhlw.go.jp/13/index.php?action_kouhyou_detail_004_kani=true&JigyosyoCd=1393200843-00&ServiceCd=780&Type=search" }, "geometry": { "type": "Point", "coordinates": [ 139.4581397, 35.5351043 ] } },
{ "type": "Feature", "properties": { "内容": "ワーカーズコープけやき【地域密着型通所介護】東京都町田市本町田1872-1", "url2": "https://www.kaigokensaku.mhlw.go.jp/13/index.php?action_kouhyou_detail_004_kani=true&JigyosyoCd=1373202553-00&ServiceCd=780&Type=search" }, "geometry": { "type": "Point", "coordinates": [ 139.440876, 35.5721895 ] } },
{ "type": "Feature", "properties": { "内容": "デイサービス高橋【地域密着型通所介護】東京都町田市下小山田町2900-1", "url2": "https://www.kaigokensaku.mhlw.go.jp/13/index.php?action_kouhyou_detail_004_kani=true&JigyosyoCd=1373203478-00&ServiceCd=780&Type=search" }, "geometry": { "type": "Point", "coordinates": [ 139.409236599999986, 35.5918752 ] } },
{ "type": "Feature", "properties": { "内容": "ハートデイサービス【地域密着型通所介護】東京都町田市金井ヶ丘4-43-33", "url2": "https://www.kaigokensaku.mhlw.go.jp/13/index.php?action_kouhyou_detail_004_kani=true&JigyosyoCd=1373203668-00&ServiceCd=780&Type=search" }, "geometry": { "type": "Point", "coordinates": [ 139.47019130000001, 35.578564900000025 ] } },
{ "type": "Feature", "properties": { "内容": "デイサービスかたくりの里町田【地域密着型通所介護】東京都町田市中町２－４－５", "url2": "https://www.kaigokensaku.mhlw.go.jp/13/index.php?action_kouhyou_detail_004_kani=true&JigyosyoCd=1373204153-00&ServiceCd=780&Type=search" }, "geometry": { "type": "Point", "coordinates": [ 139.440741275746603, 35.551358837320286 ] } },
{ "type": "Feature", "properties": { "内容": "でいほーむいろり【地域密着型通所介護】東京都町田市根岸一丁目１番地３", "url2": "https://www.kaigokensaku.mhlw.go.jp/13/index.php?action_kouhyou_detail_004_kani=true&JigyosyoCd=1373203189-00&ServiceCd=780&Type=search" }, "geometry": { "type": "Point", "coordinates": [ 139.410971142327867, 35.571140645057049 ] } },
{ "type": "Feature", "properties": { "内容": "デイサービスさくらの木【地域密着型通所介護】東京都町田市上小山田町399-2", "url2": "https://www.kaigokensaku.mhlw.go.jp/13/index.php?action_kouhyou_detail_004_kani=true&JigyosyoCd=1373203528-00&ServiceCd=780&Type=search" }, "geometry": { "type": "Point", "coordinates": [ 139.39711310000007, 35.5891174 ] } },
{ "type": "Feature", "properties": { "内容": "リハテラス森野【地域密着型通所介護】東京都町田市森野6-380-1コスモスC棟101号室", "url2": "https://www.kaigokensaku.mhlw.go.jp/13/index.php?action_kouhyou_detail_004_kani=true&JigyosyoCd=1373203726-00&ServiceCd=780&Type=search" }, "geometry": { "type": "Point", "coordinates": [ 139.43041919999996, 35.5514332 ] } },
{ "type": "Feature", "properties": { "内容": "デイサロン町田鹿鳴館【地域密着型通所介護】東京都町田市木曽東４－２８－１５", "url2": "https://www.kaigokensaku.mhlw.go.jp/13/index.php?action_kouhyou_detail_004_kani=true&JigyosyoCd=1373203775-00&ServiceCd=780&Type=search" }, "geometry": { "type": "Point", "coordinates": [ 139.426119100000051, 35.5673952 ] } },
{ "type": "Feature", "properties": { "内容": "DAYSBLG!【地域密着型通所介護】東京都町田市成瀬台3-15-19", "url2": "https://www.kaigokensaku.mhlw.go.jp/13/index.php?action_kouhyou_detail_004_kani=true&JigyosyoCd=1373204328-00&ServiceCd=780&Type=search" }, "geometry": { "type": "Point", "coordinates": [ 139.480705382153332, 35.556564374937807 ] } },
{ "type": "Feature", "properties": { "内容": "デイサービスうたなかま【地域密着型通所介護】東京都町田市小山町998番地1号", "url2": "https://www.kaigokensaku.mhlw.go.jp/13/index.php?action_kouhyou_detail_004_kani=true&JigyosyoCd=1373204377-00&ServiceCd=780&Type=search" }, "geometry": { "type": "Point", "coordinates": [ 139.3767755, 35.5949412 ] } },
{ "type": "Feature", "properties": { "内容": "海色リハライフ【地域密着型通所介護】東京都町田市木曾西3-2-14", "url2": "https://www.kaigokensaku.mhlw.go.jp/13/index.php?action_kouhyou_detail_004_kani=true&JigyosyoCd=1393200488-00&ServiceCd=780&Type=search" }, "geometry": { "type": "Point", "coordinates": [ 139.4177344, 35.5698575 ] } },
{ "type": "Feature", "properties": { "内容": "中央リハビリステーションエボルブ町田【地域密着型通所介護】東京都町田市木曽西1-1-18境川インペリアルビル102号室", "url2": "https://www.kaigokensaku.mhlw.go.jp/13/index.php?action_kouhyou_detail_004_kani=true&JigyosyoCd=1393200801-00&ServiceCd=780&Type=search" }, "geometry": { "type": "Point", "coordinates": [ 139.421462800000029, 35.562361 ] } },
{ "type": "Feature", "properties": { "内容": "つくし野デイサービスセンター【地域密着型通所介護】東京都町田市つくし野２－２１－１１つくし野小学校内", "url2": "https://www.kaigokensaku.mhlw.go.jp/13/index.php?action_kouhyou_detail_004_kani=true&JigyosyoCd=1373200656-00&ServiceCd=780&Type=search" }, "geometry": { "type": "Point", "coordinates": [ 139.481150766131606, 35.525717902429534 ] } },
{ "type": "Feature", "properties": { "内容": "デイサービス　野冬花【地域密着型通所介護】東京都町田市三輪町５３０－２", "url2": "https://www.kaigokensaku.mhlw.go.jp/13/index.php?action_kouhyou_detail_004_kani=true&JigyosyoCd=1373202421-00&ServiceCd=780&Type=search" }, "geometry": { "type": "Point", "coordinates": [ 139.5012557, 35.5747767 ] } },
{ "type": "Feature", "properties": { "内容": "デイリハ煌　ツルカワ【地域密着型通所介護】東京都町田市大蔵町５００２－２鶴川メディカルモール２０１", "url2": "https://www.kaigokensaku.mhlw.go.jp/13/index.php?action_kouhyou_detail_004_kani=true&JigyosyoCd=1373203320-00&ServiceCd=780&Type=search" }, "geometry": { "type": "Point", "coordinates": [ 139.477812, 35.582224900000021 ] } },
{ "type": "Feature", "properties": { "内容": "スポーツデイサービス１８【地域密着型通所介護】東京都町田市南町田五丁目１１番１６号", "url2": "https://www.kaigokensaku.mhlw.go.jp/13/index.php?action_kouhyou_detail_004_kani=true&JigyosyoCd=1373203585-00&ServiceCd=780&Type=search" }, "geometry": { "type": "Point", "coordinates": [ 139.4722639, 35.512704800000016 ] } },
{ "type": "Feature", "properties": { "内容": "デイサービス陽だまり【地域密着型通所介護】東京都町田市中町3-6-32中島ビル102", "url2": "https://www.kaigokensaku.mhlw.go.jp/13/index.php?action_kouhyou_detail_004_kani=true&JigyosyoCd=1373204310-00&ServiceCd=780&Type=search" }, "geometry": { "type": "Point", "coordinates": [ 139.4474887, 35.5506367 ] } },
{ "type": "Feature", "properties": { "内容": "デイサービス　こころ【地域密着型通所介護】東京都町田市木曽町５１４－２２", "url2": "https://www.kaigokensaku.mhlw.go.jp/13/index.php?action_kouhyou_detail_004_kani=true&JigyosyoCd=1373204591-00&ServiceCd=780&Type=search" }, "geometry": { "type": "Point", "coordinates": [ 139.42928822388572, 35.561530150000678 ] } },
{ "type": "Feature", "properties": { "内容": "デイサービスかたくりの里大蔵【地域密着型通所介護】東京都町田市大蔵町482-7", "url2": "https://www.kaigokensaku.mhlw.go.jp/13/index.php?action_kouhyou_detail_004_kani=true&JigyosyoCd=1373204716-00&ServiceCd=780&Type=search" }, "geometry": { "type": "Point", "coordinates": [ 139.462702714155512, 35.587549862569915 ] } },
{ "type": "Feature", "properties": { "内容": "デイサービスふわりの家　成瀬【地域密着型通所介護】東京都町田市南成瀬3-14-1", "url2": "https://www.kaigokensaku.mhlw.go.jp/13/index.php?action_kouhyou_detail_004_kani=true&JigyosyoCd=1373204872-00&ServiceCd=780&Type=search" }, "geometry": { "type": "Point", "coordinates": [ 139.471114, 35.5405442 ] } },
{ "type": "Feature", "properties": { "内容": "ステップぱーとなー町田事業所【地域密着型通所介護】東京都町田市中町３－１４－１１ステージ中町", "url2": "https://www.kaigokensaku.mhlw.go.jp/13/index.php?action_kouhyou_detail_004_kani=true&JigyosyoCd=1373204906-00&ServiceCd=780&Type=search" }, "geometry": { "type": "Point", "coordinates": [ 139.4517839, 35.5504796 ] } },
{ "type": "Feature", "properties": { "内容": "リハビリデイサービス　リハフィット【地域密着型通所介護】東京都町田市小川2‐36‐3清水ビル１F", "url2": "https://www.kaigokensaku.mhlw.go.jp/13/index.php?action_kouhyou_detail_004_kani=true&JigyosyoCd=1373204922-00&ServiceCd=780&Type=search" }, "geometry": { "type": "Point", "coordinates": [ 139.471915008598359, 35.53189244494795 ] } },
{ "type": "Feature", "properties": { "内容": "デイサービスひなた【地域密着型通所介護】東京都町田市相原町5-1デイサービスひなた", "url2": "https://www.kaigokensaku.mhlw.go.jp/13/index.php?action_kouhyou_detail_004_kani=true&JigyosyoCd=1373205168-00&ServiceCd=780&Type=search" }, "geometry": { "type": "Point", "coordinates": [ 139.344942, 35.6033067 ] } },
{ "type": "Feature", "properties": { "内容": "だんらんの家　町田木曽【地域密着型通所介護】東京都町田市木曽東1-37-5", "url2": "https://www.kaigokensaku.mhlw.go.jp/13/index.php?action_kouhyou_detail_004_kani=true&JigyosyoCd=1373205192-00&ServiceCd=780&Type=search" }, "geometry": { "type": "Point", "coordinates": [ 139.426138191401606, 35.557854651248306 ] } },
{ "type": "Feature", "properties": { "内容": "地域のデイサロン　くらかけ庵【地域密着型通所介護】東京都町田市西成瀬1-6-7", "url2": "https://www.kaigokensaku.mhlw.go.jp/13/index.php?action_kouhyou_detail_004_kani=true&JigyosyoCd=1373205648-00&ServiceCd=780&Type=search" }, "geometry": { "type": "Point", "coordinates": [ 139.467986, 35.548279299999983 ] } },
{ "type": "Feature", "properties": { "内容": "すてきな介護町田湯の華【地域密着型通所介護】東京都町田市中町３－８－１１ビバリーズ中町１階", "url2": "https://www.kaigokensaku.mhlw.go.jp/13/index.php?action_kouhyou_detail_004_kani=true&JigyosyoCd=1393200512-00&ServiceCd=780&Type=search" }, "geometry": { "type": "Point", "coordinates": [ 139.448646, 35.5522898 ] } },
{ "type": "Feature", "properties": { "内容": "楓の風リハビリテーション颯原町田【地域密着型通所介護】東京都町田市原町田1-13-1町田ハイツ壱番館107", "url2": "https://www.kaigokensaku.mhlw.go.jp/13/index.php?action_kouhyou_detail_004_kani=true&JigyosyoCd=1393200546-00&ServiceCd=780&Type=search" }, "geometry": { "type": "Point", "coordinates": [ 139.450691600000027, 35.5387004 ] } },
{ "type": "Feature", "properties": { "内容": "salondeみずき【地域密着型通所介護】東京都町田市木曽東3-24-15エムアイビル1F", "url2": "https://www.kaigokensaku.mhlw.go.jp/13/index.php?action_kouhyou_detail_004_kani=true&JigyosyoCd=1393200652-00&ServiceCd=780&Type=search" }, "geometry": { "type": "Point", "coordinates": [ 139.4228248, 35.565082 ] } },
{ "type": "Feature", "properties": { "内容": "一織庵町田木曽【地域密着型通所介護】東京都町田市木曽東1-49-24", "url2": "https://www.kaigokensaku.mhlw.go.jp/13/index.php?action_kouhyou_detail_004_kani=true&JigyosyoCd=1393200660-00&ServiceCd=780&Type=search" }, "geometry": { "type": "Point", "coordinates": [ 139.4288961, 35.5609524 ] } },
{ "type": "Feature", "properties": { "内容": "リハビリデイサービスリハフィット南成瀬【地域密着型通所介護】東京都町田市南成瀬2-32-30", "url2": "https://www.kaigokensaku.mhlw.go.jp/13/index.php?action_kouhyou_detail_004_kani=true&JigyosyoCd=1393200686-00&ServiceCd=780&Type=search" }, "geometry": { "type": "Point", "coordinates": [ 139.465638399999989, 35.5378778 ] } },
{ "type": "Feature", "properties": { "内容": "リハビリ特化型デイサービスサルビア【地域密着型通所介護】東京都町田市旭町2-13-7", "url2": "https://www.kaigokensaku.mhlw.go.jp/13/index.php?action_kouhyou_detail_004_kani=true&JigyosyoCd=1393200702-00&ServiceCd=780&Type=search" }, "geometry": { "type": "Point", "coordinates": [ 139.436524753372964, 35.557603106302928 ] } },
{ "type": "Feature", "properties": { "内容": "リハテラス町田駅前通り【地域密着型通所介護】東京都町田市森野5-14-19森野貸店舗　1階", "url2": "https://www.kaigokensaku.mhlw.go.jp/13/index.php?action_kouhyou_detail_004_kani=true&JigyosyoCd=1393200736-00&ServiceCd=780&Type=search" }, "geometry": { "type": "Point", "coordinates": [ 139.4365328, 35.5483888 ] } },
{ "type": "Feature", "properties": { "内容": "愛笑リハビリデイ　リプラス【地域密着型通所介護】東京都町田市成瀬が丘2-25-16", "url2": "https://www.kaigokensaku.mhlw.go.jp/13/index.php?action_kouhyou_detail_004_kani=true&JigyosyoCd=1393200751-00&ServiceCd=780&Type=search" }, "geometry": { "type": "Point", "coordinates": [ 139.47037850000001, 35.5359456 ] } },
{ "type": "Feature", "properties": { "内容": "まちだデイサービス【地域密着型通所介護】東京都町田市原町田3-9-2", "url2": "https://www.kaigokensaku.mhlw.go.jp/13/index.php?action_kouhyou_detail_004_kani=true&JigyosyoCd=1393200777-00&ServiceCd=780&Type=search" }, "geometry": { "type": "Point", "coordinates": [ 139.4518616, 35.5418462 ] } },
{ "type": "Feature", "properties": { "内容": "木の葉デイサービスなるせ【地域密着型通所介護】東京都町田市成瀬が丘1-29-3ビクトリア成瀬1F", "url2": "https://www.kaigokensaku.mhlw.go.jp/13/index.php?action_kouhyou_detail_004_kani=true&JigyosyoCd=1393200793-00&ServiceCd=780&Type=search" }, "geometry": { "type": "Point", "coordinates": [ 139.473070699999965, 35.5328323 ] } },
{ "type": "Feature", "properties": { "内容": "デイサービス　ふわりの家　つくし野【地域密着型通所介護】東京都町田市小川2-15-9", "url2": "https://www.kaigokensaku.mhlw.go.jp/13/index.php?action_kouhyou_detail_004_kani=true&JigyosyoCd=1373204880-00&ServiceCd=780&Type=search" }, "geometry": { "type": "Point", "coordinates": [ 139.474213591401622, 35.528935220725877 ] } },
{ "type": "Feature", "properties": { "内容": "デイサービス心和【地域密着型通所介護】東京都町田市中町１丁目１２－８", "url2": "https://www.kaigokensaku.mhlw.go.jp/13/index.php?action_kouhyou_detail_004_kani=true&JigyosyoCd=1373205275-00&ServiceCd=780&Type=search" }, "geometry": { "type": "Point", "coordinates": [ 139.445331900000042, 35.548003199999989 ] } },
{ "type": "Feature", "properties": { "内容": "リハビリデイサービスnagomi町田木曽西店【地域密着型通所介護】東京都町田市木曽西4-1-2ロイヤルハイツ木曽１０１", "url2": "https://www.kaigokensaku.mhlw.go.jp/13/index.php?action_kouhyou_detail_004_kani=true&JigyosyoCd=1373204179-00&ServiceCd=780&Type=search" }, "geometry": { "type": "Point", "coordinates": [ 139.420968200000061, 35.5639627 ] } },
{ "type": "Feature", "properties": { "内容": "リハプライド町田【地域密着型通所介護】東京都町田市木曽町500番地グッドサービス1階", "url2": "https://www.kaigokensaku.mhlw.go.jp/13/index.php?action_kouhyou_detail_004_kani=true&JigyosyoCd=1393200785-00&ServiceCd=780&Type=search" }, "geometry": { "type": "Point", "coordinates": [ 139.429373027083614, 35.560729014469729 ] } },
{ "type": "Feature", "properties": { "内容": "みずきの家【地域密着型通所介護】東京都町田市本町田2797", "url2": "https://www.kaigokensaku.mhlw.go.jp/13/index.php?action_kouhyou_detail_004_kani=true&JigyosyoCd=1373204484-00&ServiceCd=780&Type=search" }, "geometry": { "type": "Point", "coordinates": [ 139.445556300000021, 35.5664208 ] } },
{ "type": "Feature", "properties": { "内容": "温心デイルーム【地域密着型通所介護】東京都小金井市本町５－４１－７", "url2": "https://www.kaigokensaku.mhlw.go.jp/13/index.php?action_kouhyou_detail_004_kani=true&JigyosyoCd=1374100848-00&ServiceCd=780&Type=search" }, "geometry": { "type": "Point", "coordinates": [ 139.501413599999978, 35.7059475 ] } },
{ "type": "Feature", "properties": { "内容": "エイジレス介護センター【地域密着型通所介護】東京都小金井市貫井北町3-30-9", "url2": "https://www.kaigokensaku.mhlw.go.jp/13/index.php?action_kouhyou_detail_004_kani=true&JigyosyoCd=1394100299-00&ServiceCd=780&Type=search" }, "geometry": { "type": "Point", "coordinates": [ 139.49692060000001, 35.7112709 ] } },
{ "type": "Feature", "properties": { "内容": "ミクスチュアうてな【地域密着型通所介護】東京都小金井市本町五丁目37番8号", "url2": "https://www.kaigokensaku.mhlw.go.jp/13/index.php?action_kouhyou_detail_004_kani=true&JigyosyoCd=1374101127-00&ServiceCd=780&Type=search" }, "geometry": { "type": "Point", "coordinates": [ 139.5043329, 35.7043394 ] } },
{ "type": "Feature", "properties": { "内容": "デイサービスこがねい【地域密着型通所介護】東京都小金井市本町1－15－9", "url2": "https://www.kaigokensaku.mhlw.go.jp/13/index.php?action_kouhyou_detail_004_kani=true&JigyosyoCd=1374101093-00&ServiceCd=780&Type=search" }, "geometry": { "type": "Point", "coordinates": [ 139.50949953378165, 35.700452919208189 ] } },
{ "type": "Feature", "properties": { "内容": "泰山木デイホーム【地域密着型通所介護】東京都小金井市貫井南町4-11-11グランバレイ103", "url2": "https://www.kaigokensaku.mhlw.go.jp/13/index.php?action_kouhyou_detail_004_kani=true&JigyosyoCd=1374101283-00&ServiceCd=780&Type=search" }, "geometry": { "type": "Point", "coordinates": [ 139.491373299999964, 35.6959373 ] } },
{ "type": "Feature", "properties": { "内容": "だんらんの家　ぬくい【地域密着型通所介護】東京都小金井市貫井北町3-16-5", "url2": "https://www.kaigokensaku.mhlw.go.jp/13/index.php?action_kouhyou_detail_004_kani=true&JigyosyoCd=1394100216-00&ServiceCd=780&Type=search" }, "geometry": { "type": "Point", "coordinates": [ 139.4948181, 35.7094958 ] } },
{ "type": "Feature", "properties": { "内容": "はっぴ～ライフ新小金井【地域密着型通所介護】東京都小金井市東町4-10-16小金井ビル1階", "url2": "https://www.kaigokensaku.mhlw.go.jp/13/index.php?action_kouhyou_detail_004_kani=true&JigyosyoCd=1374100947-00&ServiceCd=780&Type=search" }, "geometry": { "type": "Point", "coordinates": [ 139.523884299999963, 35.6950411 ] } },
{ "type": "Feature", "properties": { "内容": "デイサービス　４ひきのねこ【地域密着型通所介護】東京都小金井市前原町５－２０－１７", "url2": "https://www.kaigokensaku.mhlw.go.jp/13/index.php?action_kouhyou_detail_004_kani=true&JigyosyoCd=1374101143-00&ServiceCd=780&Type=search" }, "geometry": { "type": "Point", "coordinates": [ 139.50177223254093, 35.692992987387214 ] } },
{ "type": "Feature", "properties": { "内容": "おとなりさん。ひこばえ【地域密着型通所介護】東京都小金井市梶野町1-7-34", "url2": "https://www.kaigokensaku.mhlw.go.jp/13/index.php?action_kouhyou_detail_004_kani=true&JigyosyoCd=1394100182-00&ServiceCd=780&Type=search" }, "geometry": { "type": "Point", "coordinates": [ 139.530283300000065, 35.705129 ] } },
{ "type": "Feature", "properties": { "内容": "ＫＭリハビリさくら【地域密着型通所介護】東京都小金井市桜町1-9-20ヘルスケアマンション内", "url2": "https://www.kaigokensaku.mhlw.go.jp/13/index.php?action_kouhyou_detail_004_kani=true&JigyosyoCd=1394100257-00&ServiceCd=780&Type=search" }, "geometry": { "type": "Point", "coordinates": [ 139.511734499999989, 35.7110306 ] } },
{ "type": "Feature", "properties": { "内容": "デイサービスふく福【地域密着型通所介護】東京都小金井市貫井北町１－６－１６", "url2": "https://www.kaigokensaku.mhlw.go.jp/13/index.php?action_kouhyou_detail_004_kani=true&JigyosyoCd=1374101044-00&ServiceCd=780&Type=search" }, "geometry": { "type": "Point", "coordinates": [ 139.4939756, 35.7019589 ] } },
{ "type": "Feature", "properties": { "内容": "デイステーション涼風【地域密着型通所介護】東京都小金井市中町１－７－３４", "url2": "https://www.kaigokensaku.mhlw.go.jp/13/index.php?action_kouhyou_detail_004_kani=true&JigyosyoCd=1374101085-00&ServiceCd=780&Type=search" }, "geometry": { "type": "Point", "coordinates": [ 139.510663300000033, 35.6936548 ] } },
{ "type": "Feature", "properties": { "内容": "こころデイサービス武蔵小金井【地域密着型通所介護】東京都小金井市桜町1-15-12", "url2": "https://www.kaigokensaku.mhlw.go.jp/13/index.php?action_kouhyou_detail_004_kani=true&JigyosyoCd=1374101358-00&ServiceCd=780&Type=search" }, "geometry": { "type": "Point", "coordinates": [ 139.508334900000023, 35.711747 ] } },
{ "type": "Feature", "properties": { "内容": "だんらんの家　武蔵小金井【地域密着型通所介護】東京都小金井市中町３－１８－６", "url2": "https://www.kaigokensaku.mhlw.go.jp/13/index.php?action_kouhyou_detail_004_kani=true&JigyosyoCd=1374101465-00&ServiceCd=780&Type=search" }, "geometry": { "type": "Point", "coordinates": [ 139.512743499999942, 35.6994403 ] } },
{ "type": "Feature", "properties": { "内容": "デイサービスFAMILY小金井【地域密着型通所介護】東京都小金井市中町1－7－28", "url2": "https://www.kaigokensaku.mhlw.go.jp/13/index.php?action_kouhyou_detail_004_kani=true&JigyosyoCd=1394100109-00&ServiceCd=780&Type=search" }, "geometry": { "type": "Point", "coordinates": [ 139.5105383, 35.6941492 ] } },
{ "type": "Feature", "properties": { "内容": "GENKINEXT小金井前原町【地域密着型通所介護】東京都小金井市前原町3-1-141Ｆ", "url2": "https://www.kaigokensaku.mhlw.go.jp/13/index.php?action_kouhyou_detail_004_kani=true&JigyosyoCd=1394100117-00&ServiceCd=780&Type=search" }, "geometry": { "type": "Point", "coordinates": [ 139.505147099999931, 35.6941324 ] } },
{ "type": "Feature", "properties": { "内容": "ふく福さくら館【地域密着型通所介護】東京都小金井市関野町1-6-4メイプルハウス1F", "url2": "https://www.kaigokensaku.mhlw.go.jp/13/index.php?action_kouhyou_detail_004_kani=true&JigyosyoCd=1394100166-00&ServiceCd=780&Type=search" }, "geometry": { "type": "Point", "coordinates": [ 139.519425128835991, 35.712905019311314 ] } },
{ "type": "Feature", "properties": { "内容": "KMリハビリセンター貫井【地域密着型通所介護】東京都小金井市貫井北町3-18-13加藤コーポ101", "url2": "https://www.kaigokensaku.mhlw.go.jp/13/index.php?action_kouhyou_detail_004_kani=true&JigyosyoCd=1394100232-00&ServiceCd=780&Type=search" }, "geometry": { "type": "Point", "coordinates": [ 139.4960917, 35.7104314 ] } },
{ "type": "Feature", "properties": { "内容": "デイサービスセンター福寿こがねい緑町【地域密着型通所介護】東京都小金井市緑町5丁目13番地25福寿こがねい緑町", "url2": "https://www.kaigokensaku.mhlw.go.jp/13/index.php?action_kouhyou_detail_004_kani=true&JigyosyoCd=1394100224-00&ServiceCd=780&Type=search" }, "geometry": { "type": "Point", "coordinates": [ 139.5151755, 35.7031875 ] } },
{ "type": "Feature", "properties": { "内容": "生活リハビリデイサービスガーデンハウスいちょう【地域密着型通所介護】東京都小平市回田町３４９－５", "url2": "https://www.kaigokensaku.mhlw.go.jp/13/index.php?action_kouhyou_detail_004_kani=true&JigyosyoCd=1374301388-00&ServiceCd=780&Type=search" }, "geometry": { "type": "Point", "coordinates": [ 139.498002400000018, 35.7136576 ] } },
{ "type": "Feature", "properties": { "内容": "レコードブック小平小川西町【地域密着型通所介護】東京都小平市小川西町3‐8‐27佐野商店貸店舗", "url2": "https://www.kaigokensaku.mhlw.go.jp/13/index.php?action_kouhyou_detail_004_kani=true&JigyosyoCd=1394300428-00&ServiceCd=780&Type=search" }, "geometry": { "type": "Point", "coordinates": [ 139.4616531, 35.7401823 ] } },
{ "type": "Feature", "properties": { "内容": "健身倶楽部【地域密着型通所介護】東京都小平市小川東町1-18-29仁平記念クリニックビル2階", "url2": "https://www.kaigokensaku.mhlw.go.jp/13/index.php?action_kouhyou_detail_004_kani=true&JigyosyoCd=1394300436-00&ServiceCd=780&Type=search" }, "geometry": { "type": "Point", "coordinates": [ 139.4653433, 35.735263 ] } },
{ "type": "Feature", "properties": { "内容": "ケアタウン小平デイサービスセンター【地域密着型通所介護】東京都小平市御幸町131番5号", "url2": "https://www.kaigokensaku.mhlw.go.jp/13/index.php?action_kouhyou_detail_004_kani=true&JigyosyoCd=1374301404-00&ServiceCd=780&Type=search" }, "geometry": { "type": "Point", "coordinates": [ 139.502672209786937, 35.715443776829346 ] } },
{ "type": "Feature", "properties": { "内容": "第2こだまデイサービス【地域密着型通所介護】東京都小平市津田町1－12－8", "url2": "https://www.kaigokensaku.mhlw.go.jp/13/index.php?action_kouhyou_detail_004_kani=true&JigyosyoCd=1374300844-00&ServiceCd=780&Type=search" }, "geometry": { "type": "Point", "coordinates": [ 139.464029500000038, 35.7256468 ] } },
{ "type": "Feature", "properties": { "内容": "やすらぎ邸　花小金井【地域密着型通所介護】東京都小平市花小金井4-20-1グランデール武蔵野１階", "url2": "https://www.kaigokensaku.mhlw.go.jp/13/index.php?action_kouhyou_detail_004_kani=true&JigyosyoCd=1374302386-00&ServiceCd=780&Type=search" }, "geometry": { "type": "Point", "coordinates": [ 139.51058050000006, 35.7354137 ] } },
{ "type": "Feature", "properties": { "内容": "リハビリデイサービス　りらくあっぷ一橋学園【地域密着型通所介護】東京都小平市小川町2-1344-2阿部ビル102", "url2": "https://www.kaigokensaku.mhlw.go.jp/13/index.php?action_kouhyou_detail_004_kani=true&JigyosyoCd=1374302105-00&ServiceCd=780&Type=search" }, "geometry": { "type": "Point", "coordinates": [ 139.477803576660079, 35.730227176850214 ] } },
{ "type": "Feature", "properties": { "内容": "やすらぎ邸　東大和【地域密着型通所介護】東京都小平市小川町１－８１－２KTD東大和１階", "url2": "https://www.kaigokensaku.mhlw.go.jp/13/index.php?action_kouhyou_detail_004_kani=true&JigyosyoCd=1394300386-00&ServiceCd=780&Type=search" }, "geometry": { "type": "Point", "coordinates": [ 139.4374837, 35.7329073 ] } },
{ "type": "Feature", "properties": { "内容": "ビーナスプラス小平【地域密着型通所介護】東京都小平市回田町175-7エミネンス小平1階", "url2": "https://www.kaigokensaku.mhlw.go.jp/13/index.php?action_kouhyou_detail_004_kani=true&JigyosyoCd=1394300394-00&ServiceCd=780&Type=search" }, "geometry": { "type": "Point", "coordinates": [ 139.493448300000011, 35.7142699 ] } },
{ "type": "Feature", "properties": { "内容": "りはふれんず小平【地域密着型通所介護】東京都小平市仲町41-9", "url2": "https://www.kaigokensaku.mhlw.go.jp/13/index.php?action_kouhyou_detail_004_kani=true&JigyosyoCd=1394300402-00&ServiceCd=780&Type=search" }, "geometry": { "type": "Point", "coordinates": [ 139.4809961, 35.7307405 ] } },
{ "type": "Feature", "properties": { "内容": "リハビリデイサービスnagomi新小平店【地域密着型通所介護】東京都小平市小川東町5-18-18フレンドリーⅡ一階", "url2": "https://www.kaigokensaku.mhlw.go.jp/13/index.php?action_kouhyou_detail_004_kani=true&JigyosyoCd=1374301701-00&ServiceCd=780&Type=search" }, "geometry": { "type": "Point", "coordinates": [ 139.473536700000068, 35.7339877 ] } },
{ "type": "Feature", "properties": { "内容": "デイサービスともだちの家【地域密着型通所介護】東京都小平市喜平町1-13-10102号", "url2": "https://www.kaigokensaku.mhlw.go.jp/13/index.php?action_kouhyou_detail_004_kani=true&JigyosyoCd=1374301768-00&ServiceCd=780&Type=search" }, "geometry": { "type": "Point", "coordinates": [ 139.490022400000043, 35.7160848 ] } },
{ "type": "Feature", "properties": { "内容": "リハビリデイサービスよつば【地域密着型通所介護】東京都小平市上水南町1－2－14グリーンハイツ花屋１Ｆ", "url2": "https://www.kaigokensaku.mhlw.go.jp/13/index.php?action_kouhyou_detail_004_kani=true&JigyosyoCd=1374301966-00&ServiceCd=780&Type=search" }, "geometry": { "type": "Point", "coordinates": [ 139.480917299999987, 35.7162564 ] } },
{ "type": "Feature", "properties": { "内容": "リハビリデイサービス　りらくあっぷ小川【地域密着型通所介護】東京都小平市小川西町2-25-91F", "url2": "https://www.kaigokensaku.mhlw.go.jp/13/index.php?action_kouhyou_detail_004_kani=true&JigyosyoCd=1374302253-00&ServiceCd=780&Type=search" }, "geometry": { "type": "Point", "coordinates": [ 139.459661458895482, 35.740218356185018 ] } },
{ "type": "Feature", "properties": { "内容": "どりぃむ津田【地域密着型通所介護】東京都小平市津田町2-15-7どりぃむ津田", "url2": "https://www.kaigokensaku.mhlw.go.jp/13/index.php?action_kouhyou_detail_004_kani=true&JigyosyoCd=1374302352-00&ServiceCd=780&Type=search" }, "geometry": { "type": "Point", "coordinates": [ 139.467361653967259, 35.724477189964873 ] } },
{ "type": "Feature", "properties": { "内容": "リハビリデイサービス　りらくあっぷ学園西【地域密着型通所介護】東京都小平市学園西町1-37-26ウエストタウンビル101", "url2": "https://www.kaigokensaku.mhlw.go.jp/13/index.php?action_kouhyou_detail_004_kani=true&JigyosyoCd=1374302410-00&ServiceCd=780&Type=search" }, "geometry": { "type": "Point", "coordinates": [ 139.472210600000011, 35.7211585 ] } },
{ "type": "Feature", "properties": { "内容": "デイサービス　上水の杜【地域密着型通所介護】東京都小平市小川町1-3002-7", "url2": "https://www.kaigokensaku.mhlw.go.jp/13/index.php?action_kouhyou_detail_004_kani=true&JigyosyoCd=1374302790-00&ServiceCd=780&Type=search" }, "geometry": { "type": "Point", "coordinates": [ 139.443084099999965, 35.7257659 ] } },
{ "type": "Feature", "properties": { "内容": "わたしんち上水本町【地域密着型通所介護】東京都小平市上水本町２－４－６リブル", "url2": "https://www.kaigokensaku.mhlw.go.jp/13/index.php?action_kouhyou_detail_004_kani=true&JigyosyoCd=1374302808-00&ServiceCd=780&Type=search" }, "geometry": { "type": "Point", "coordinates": [ 139.467087900000024, 35.717983900000014 ] } },
{ "type": "Feature", "properties": { "内容": "わたしんち花小金井【地域密着型通所介護】東京都小平市花小金井南町２－５－８", "url2": "https://www.kaigokensaku.mhlw.go.jp/13/index.php?action_kouhyou_detail_004_kani=true&JigyosyoCd=1374302816-00&ServiceCd=780&Type=search" }, "geometry": { "type": "Point", "coordinates": [ 139.51590310000006, 35.7218932 ] } },
{ "type": "Feature", "properties": { "内容": "リハビリフィットネス　ゆずりは　鷹の台【地域密着型通所介護】東京都小平市たかの台38-2", "url2": "https://www.kaigokensaku.mhlw.go.jp/13/index.php?action_kouhyou_detail_004_kani=true&JigyosyoCd=1394300220-00&ServiceCd=780&Type=search" }, "geometry": { "type": "Point", "coordinates": [ 139.4585078, 35.7228192 ] } },
{ "type": "Feature", "properties": { "内容": "デイサービス　けやきのある家【地域密着型通所介護】東京都小平市小川町1-836-1", "url2": "https://www.kaigokensaku.mhlw.go.jp/13/index.php?action_kouhyou_detail_004_kani=true&JigyosyoCd=1394300352-00&ServiceCd=780&Type=search" }, "geometry": { "type": "Point", "coordinates": [ 139.452691499999986, 35.7304605 ] } },
{ "type": "Feature", "properties": { "内容": "さのデイサービスセンター【地域密着型通所介護】東京都小平市小川町1-647小川橋ハイツ1階", "url2": "https://www.kaigokensaku.mhlw.go.jp/13/index.php?action_kouhyou_detail_004_kani=true&JigyosyoCd=1374302014-00&ServiceCd=780&Type=search" }, "geometry": { "type": "Point", "coordinates": [ 139.434632459594013, 35.727301267169501 ] } },
{ "type": "Feature", "properties": { "内容": "りらく館　小平【地域密着型通所介護】東京都小平市学園東町３丁目２番３２号１F", "url2": "https://www.kaigokensaku.mhlw.go.jp/13/index.php?action_kouhyou_detail_004_kani=true&JigyosyoCd=1374301941-00&ServiceCd=780&Type=search" }, "geometry": { "type": "Point", "coordinates": [ 139.49062533314131, 35.722122558216114 ] } },
{ "type": "Feature", "properties": { "内容": "だんらんの家　小平【地域密着型通所介護】東京都小平市学園西町2-24-29", "url2": "https://www.kaigokensaku.mhlw.go.jp/13/index.php?action_kouhyou_detail_004_kani=true&JigyosyoCd=1394300378-00&ServiceCd=780&Type=search" }, "geometry": { "type": "Point", "coordinates": [ 139.474548700000014, 35.7237798 ] } },
{ "type": "Feature", "properties": { "内容": "デイサービスワトワたまだいら【地域密着型通所介護】東京都日野市多摩平6-9-4", "url2": "https://www.kaigokensaku.mhlw.go.jp/13/index.php?action_kouhyou_detail_004_kani=true&JigyosyoCd=1393500242-00&ServiceCd=780&Type=search" }, "geometry": { "type": "Point", "coordinates": [ 139.3805927, 35.6721857 ] } },
{ "type": "Feature", "properties": { "内容": "スマイルケア【地域密着型通所介護】東京都日野市平山５－３８－２グラン・コンフォール１０３", "url2": "https://www.kaigokensaku.mhlw.go.jp/13/index.php?action_kouhyou_detail_004_kani=true&JigyosyoCd=1373502531-00&ServiceCd=780&Type=search" }, "geometry": { "type": "Point", "coordinates": [ 139.38084809999998, 35.6479566 ] } },
{ "type": "Feature", "properties": { "内容": "ビーナスプラス日野【地域密着型通所介護】東京都日野市豊田2-46-4シェルズアミ１F", "url2": "https://www.kaigokensaku.mhlw.go.jp/13/index.php?action_kouhyou_detail_004_kani=true&JigyosyoCd=1393500333-00&ServiceCd=780&Type=search" }, "geometry": { "type": "Point", "coordinates": [ 139.382987006420592, 35.654734871557949 ] } },
{ "type": "Feature", "properties": { "内容": "デイサービスふれあい【地域密着型通所介護】東京都日野市日野1577日野宿山屋敷住宅　南七番館　１F", "url2": "https://www.kaigokensaku.mhlw.go.jp/13/index.php?action_kouhyou_detail_004_kani=true&JigyosyoCd=1373501186-00&ServiceCd=780&Type=search" }, "geometry": { "type": "Point", "coordinates": [ 139.41209379999998, 35.6797649 ] } },
{ "type": "Feature", "properties": { "内容": "リハビリセンターしんめい【地域密着型通所介護】東京都日野市神明3-7-19", "url2": "https://www.kaigokensaku.mhlw.go.jp/13/index.php?action_kouhyou_detail_004_kani=true&JigyosyoCd=1373501830-00&ServiceCd=780&Type=search" }, "geometry": { "type": "Point", "coordinates": [ 139.393696005371083, 35.674058409812929 ] } },
{ "type": "Feature", "properties": { "内容": "ねこの手庵【地域密着型通所介護】東京都日野市平山6－43－3", "url2": "https://www.kaigokensaku.mhlw.go.jp/13/index.php?action_kouhyou_detail_004_kani=true&JigyosyoCd=1393500127-00&ServiceCd=780&Type=search" }, "geometry": { "type": "Point", "coordinates": [ 139.377290300000027, 35.642376700000014 ] } },
{ "type": "Feature", "properties": { "内容": "ライズ第２デイサービス【地域密着型通所介護】東京都日野市三沢2-18-11", "url2": "https://www.kaigokensaku.mhlw.go.jp/13/index.php?action_kouhyou_detail_004_kani=true&JigyosyoCd=1393500291-00&ServiceCd=780&Type=search" }, "geometry": { "type": "Point", "coordinates": [ 139.425991064418014, 35.657734769315539 ] } },
{ "type": "Feature", "properties": { "内容": "ライズ　デイサービス【地域密着型通所介護】東京都日野市三沢2-18-10", "url2": "https://www.kaigokensaku.mhlw.go.jp/13/index.php?action_kouhyou_detail_004_kani=true&JigyosyoCd=1373501392-00&ServiceCd=780&Type=search" }, "geometry": { "type": "Point", "coordinates": [ 139.425761787123747, 35.65782933321978 ] } },
{ "type": "Feature", "properties": { "内容": "デイハウス　あーちゃん家【地域密着型通所介護】東京都日野市平山3-24-3", "url2": "https://www.kaigokensaku.mhlw.go.jp/13/index.php?action_kouhyou_detail_004_kani=true&JigyosyoCd=1373502036-00&ServiceCd=780&Type=search" }, "geometry": { "type": "Point", "coordinates": [ 139.38692342587413, 35.646455199573914 ] } },
{ "type": "Feature", "properties": { "内容": "早稲田イーライフ日野【地域密着型通所介護】東京都日野市日野本町2-10-27エルホロン１F", "url2": "https://www.kaigokensaku.mhlw.go.jp/13/index.php?action_kouhyou_detail_004_kani=true&JigyosyoCd=1373502275-00&ServiceCd=780&Type=search" }, "geometry": { "type": "Point", "coordinates": [ 139.396520199999941, 35.6778202 ] } },
{ "type": "Feature", "properties": { "内容": "中央リハビリステーション　エボルブ　多摩平【地域密着型通所介護】東京都日野市多摩平5-4-17多摩平5丁目ビル1F", "url2": "https://www.kaigokensaku.mhlw.go.jp/13/index.php?action_kouhyou_detail_004_kani=true&JigyosyoCd=1393500176-00&ServiceCd=780&Type=search" }, "geometry": { "type": "Point", "coordinates": [ 139.38831289999996, 35.6689208 ] } },
{ "type": "Feature", "properties": { "内容": "リハビリデイきりん【地域密着型通所介護】東京都日野市多摩平6-31-7ボンヴィラージュ日野　１階", "url2": "https://www.kaigokensaku.mhlw.go.jp/13/index.php?action_kouhyou_detail_004_kani=true&JigyosyoCd=1373501822-00&ServiceCd=780&Type=search" }, "geometry": { "type": "Point", "coordinates": [ 139.38418820000004, 35.6703873 ] } },
{ "type": "Feature", "properties": { "内容": "デイサービス　いずみの春【地域密着型通所介護】東京都日野市日野台2丁目38番地の7徳栄ビル1階", "url2": "https://www.kaigokensaku.mhlw.go.jp/13/index.php?action_kouhyou_detail_004_kani=true&JigyosyoCd=1373501921-00&ServiceCd=780&Type=search" }, "geometry": { "type": "Point", "coordinates": [ 139.376261234918275, 35.679222117316691 ] } },
{ "type": "Feature", "properties": { "内容": "まごころの里デイサービス日野【地域密着型通所介護】東京都日野市西平山2-5-24", "url2": "https://www.kaigokensaku.mhlw.go.jp/13/index.php?action_kouhyou_detail_004_kani=true&JigyosyoCd=1373501970-00&ServiceCd=780&Type=search" }, "geometry": { "type": "Point", "coordinates": [ 139.370990500000062, 35.6459735 ] } },
{ "type": "Feature", "properties": { "内容": "早稲田イーライフ日野南館【地域密着型通所介護】東京都日野市南平4-45-1１階", "url2": "https://www.kaigokensaku.mhlw.go.jp/13/index.php?action_kouhyou_detail_004_kani=true&JigyosyoCd=1373502325-00&ServiceCd=780&Type=search" }, "geometry": { "type": "Point", "coordinates": [ 139.3974045, 35.6575391 ] } },
{ "type": "Feature", "properties": { "内容": "誠リハビリデイサービス【地域密着型通所介護】東京都日野市日野台４－４－８ＪＡＳ斉藤ビル　１階", "url2": "https://www.kaigokensaku.mhlw.go.jp/13/index.php?action_kouhyou_detail_004_kani=true&JigyosyoCd=1373502457-00&ServiceCd=780&Type=search" }, "geometry": { "type": "Point", "coordinates": [ 139.375753300000014, 35.6708781 ] } },
{ "type": "Feature", "properties": { "内容": "ノムラリハビリステーション【地域密着型通所介護】東京都日野市豊田3-32-4ノムラメディカルビル4階", "url2": "https://www.kaigokensaku.mhlw.go.jp/13/index.php?action_kouhyou_detail_004_kani=true&JigyosyoCd=1373502507-00&ServiceCd=780&Type=search" }, "geometry": { "type": "Point", "coordinates": [ 139.381000991171305, 35.65780995071075 ] } },
{ "type": "Feature", "properties": { "内容": "介護予防センター早稲田イーライフ日野旭が丘【地域密着型通所介護】東京都日野市旭が丘6-12-11エクセレントビル1階", "url2": "https://www.kaigokensaku.mhlw.go.jp/13/index.php?action_kouhyou_detail_004_kani=true&JigyosyoCd=1373502556-00&ServiceCd=780&Type=search" }, "geometry": { "type": "Point", "coordinates": [ 139.36081020000006, 35.6597774 ] } },
{ "type": "Feature", "properties": { "内容": "だんらんの家高幡不動【地域密着型通所介護】東京都日野市南平3-20-12", "url2": "https://www.kaigokensaku.mhlw.go.jp/13/index.php?action_kouhyou_detail_004_kani=true&JigyosyoCd=1373502564-00&ServiceCd=780&Type=search" }, "geometry": { "type": "Point", "coordinates": [ 139.404655308073387, 35.661846305774141 ] } },
{ "type": "Feature", "properties": { "内容": "デイサービスセンター百草【地域密着型通所介護】東京都日野市百草999百草団地2-8-1-101", "url2": "https://www.kaigokensaku.mhlw.go.jp/13/index.php?action_kouhyou_detail_004_kani=true&JigyosyoCd=1373502572-00&ServiceCd=780&Type=search" }, "geometry": { "type": "Point", "coordinates": [ 139.418678508954542, 35.649569741967859 ] } },
{ "type": "Feature", "properties": { "内容": "中央リハビリステーションエボルブ【地域密着型通所介護】東京都日野市程久保3-11-3コーポミハラ1F", "url2": "https://www.kaigokensaku.mhlw.go.jp/13/index.php?action_kouhyou_detail_004_kani=true&JigyosyoCd=1373502598-00&ServiceCd=780&Type=search" }, "geometry": { "type": "Point", "coordinates": [ 139.407643, 35.6477239 ] } },
{ "type": "Feature", "properties": { "内容": "リハビリ特化型デイサービス　　ポピンズ【地域密着型通所介護】東京都日野市日野本町2-16-36日野グロリア1階", "url2": "https://www.kaigokensaku.mhlw.go.jp/13/index.php?action_kouhyou_detail_004_kani=true&JigyosyoCd=1393500143-00&ServiceCd=780&Type=search" }, "geometry": { "type": "Point", "coordinates": [ 139.398833299999978, 35.6785095 ] } },
{ "type": "Feature", "properties": { "内容": "リハビリデイたいあん【地域密着型通所介護】東京都日野市南平4-45-11", "url2": "https://www.kaigokensaku.mhlw.go.jp/13/index.php?action_kouhyou_detail_004_kani=true&JigyosyoCd=1393500275-00&ServiceCd=780&Type=search" }, "geometry": { "type": "Point", "coordinates": [ 139.397249, 35.657647 ] } },
{ "type": "Feature", "properties": { "内容": "Athlis【地域密着型通所介護】東京都日野市豊田3-38-7メイプルナイン1F", "url2": "https://www.kaigokensaku.mhlw.go.jp/13/index.php?action_kouhyou_detail_004_kani=true&JigyosyoCd=1393500317-00&ServiceCd=780&Type=search" }, "geometry": { "type": "Point", "coordinates": [ 139.3793642, 35.6578109 ] } },
{ "type": "Feature", "properties": { "内容": "デイサービスかけはし【地域密着型通所介護】東京都日野市三沢４丁目8-8", "url2": "https://www.kaigokensaku.mhlw.go.jp/13/index.php?action_kouhyou_detail_004_kani=true&JigyosyoCd=1393500341-00&ServiceCd=780&Type=search" }, "geometry": { "type": "Point", "coordinates": [ 139.41161618465577, 35.65930065194069 ] } },
{ "type": "Feature", "properties": { "内容": "介護予防センター　早稲田イーライフ日野百草【地域密着型通所介護】東京都日野市百草209-7フィシオ百草園1階", "url2": "https://www.kaigokensaku.mhlw.go.jp/13/index.php?action_kouhyou_detail_004_kani=true&JigyosyoCd=1373502374-00&ServiceCd=780&Type=search" }, "geometry": { "type": "Point", "coordinates": [ 139.431311099999988, 35.6572062 ] } },
{ "type": "Feature", "properties": { "内容": "グリーンハウス久米川【地域密着型通所介護】東京都東村山市本町4-3-42ベルハイム101", "url2": "https://www.kaigokensaku.mhlw.go.jp/13/index.php?action_kouhyou_detail_004_kani=true&JigyosyoCd=1372702009-00&ServiceCd=780&Type=search" }, "geometry": { "type": "Point", "coordinates": [ 139.470875200000023, 35.7525581 ] } },
{ "type": "Feature", "properties": { "内容": "デイサービス　ふじみ【地域密着型通所介護】東京都東村山市富士見町５－５－５８サンコーハイツ１０３", "url2": "https://www.kaigokensaku.mhlw.go.jp/13/index.php?action_kouhyou_detail_004_kani=true&JigyosyoCd=1372700722-00&ServiceCd=780&Type=search" }, "geometry": { "type": "Point", "coordinates": [ 139.462481023278769, 35.74518823886487 ] } },
{ "type": "Feature", "properties": { "内容": "デイサービス花【地域密着型通所介護】東京都東村山市諏訪町2-23-13", "url2": "https://www.kaigokensaku.mhlw.go.jp/13/index.php?action_kouhyou_detail_004_kani=true&JigyosyoCd=1372700920-00&ServiceCd=780&Type=search" }, "geometry": { "type": "Point", "coordinates": [ 139.465861200000063, 35.7716367 ] } },
{ "type": "Feature", "properties": { "内容": "デイサービス本舗東村山【地域密着型通所介護】東京都東村山市青葉町2-11-8", "url2": "https://www.kaigokensaku.mhlw.go.jp/13/index.php?action_kouhyou_detail_004_kani=true&JigyosyoCd=1372701589-00&ServiceCd=780&Type=search" }, "geometry": { "type": "Point", "coordinates": [ 139.486804500000034, 35.7631227 ] } },
{ "type": "Feature", "properties": { "内容": "樹楽デイサービス　ひなたぼっこ（萩山）【地域密着型通所介護】東京都東村山市萩山町3-7-31", "url2": "https://www.kaigokensaku.mhlw.go.jp/13/index.php?action_kouhyou_detail_004_kani=true&JigyosyoCd=1392700199-00&ServiceCd=780&Type=search" }, "geometry": { "type": "Point", "coordinates": [ 139.4745835, 35.7435757 ] } },
{ "type": "Feature", "properties": { "内容": "樹楽デイサービス　ひなたぼっこ栄町【地域密着型通所介護】東京都東村山市栄町2-39-9", "url2": "https://www.kaigokensaku.mhlw.go.jp/13/index.php?action_kouhyou_detail_004_kani=true&JigyosyoCd=1392700207-00&ServiceCd=780&Type=search" }, "geometry": { "type": "Point", "coordinates": [ 139.470592, 35.747208599999979 ] } },
{ "type": "Feature", "properties": { "内容": "機能訓練型介護予防デイサービス　オル’オル【地域密着型通所介護】東京都東村山市恩多町3−1−22", "url2": "https://www.kaigokensaku.mhlw.go.jp/13/index.php?action_kouhyou_detail_004_kani=true&JigyosyoCd=1372701316-00&ServiceCd=780&Type=search" }, "geometry": { "type": "Point", "coordinates": [ 139.478564738020395, 35.754072185776842 ] } },
{ "type": "Feature", "properties": { "内容": "はぎやまリハビリデイサービス【地域密着型通所介護】東京都東村山市萩山町３－１３－１０メゾンユキ１階", "url2": "https://www.kaigokensaku.mhlw.go.jp/13/index.php?action_kouhyou_detail_004_kani=true&JigyosyoCd=1372701381-00&ServiceCd=780&Type=search" }, "geometry": { "type": "Point", "coordinates": [ 139.472439099999974, 35.7466782 ] } },
{ "type": "Feature", "properties": { "内容": "デイサービス　ユトリ【地域密着型通所介護】東京都東村山市恩多町2丁目38-1サニーハイツ村野1階", "url2": "https://www.kaigokensaku.mhlw.go.jp/13/index.php?action_kouhyou_detail_004_kani=true&JigyosyoCd=1372701720-00&ServiceCd=780&Type=search" }, "geometry": { "type": "Point", "coordinates": [ 139.485642555819709, 35.749001856724497 ] } },
{ "type": "Feature", "properties": { "内容": "日帰りかんご　みのり【地域密着型通所介護】東京都東村山市久米川町四丁目3番36", "url2": "https://www.kaigokensaku.mhlw.go.jp/13/index.php?action_kouhyou_detail_004_kani=true&JigyosyoCd=1372701753-00&ServiceCd=780&Type=search" }, "geometry": { "type": "Point", "coordinates": [ 139.472871301887153, 35.76011174647099 ] } },
{ "type": "Feature", "properties": { "内容": "あるとケアくらぶ【地域密着型通所介護】東京都東村山市本町２丁目１７番地３ハイツ宮本206", "url2": "https://www.kaigokensaku.mhlw.go.jp/13/index.php?action_kouhyou_detail_004_kani=true&JigyosyoCd=1372701795-00&ServiceCd=780&Type=search" }, "geometry": { "type": "Point", "coordinates": [ 139.467815611183937, 35.760649980389069 ] } },
{ "type": "Feature", "properties": { "内容": "グリーンハウス東村山【地域密着型通所介護】東京都東村山市野口町１－２４－２エクセルハイム１階", "url2": "https://www.kaigokensaku.mhlw.go.jp/13/index.php?action_kouhyou_detail_004_kani=true&JigyosyoCd=1372701902-00&ServiceCd=780&Type=search" }, "geometry": { "type": "Point", "coordinates": [ 139.465075500000012, 35.7586657 ] } },
{ "type": "Feature", "properties": { "内容": "リハビリデイサービス　りらくあっぷ美住【地域密着型通所介護】東京都東村山市美住町1-4-1グリーンタウン美住1番街9号棟104", "url2": "https://www.kaigokensaku.mhlw.go.jp/13/index.php?action_kouhyou_detail_004_kani=true&JigyosyoCd=1372701944-00&ServiceCd=780&Type=search" }, "geometry": { "type": "Point", "coordinates": [ 139.461653467459058, 35.748485970368336 ] } },
{ "type": "Feature", "properties": { "内容": "デイサービス　リリー【地域密着型通所介護】東京都東村山市久米川町　3－32－1", "url2": "https://www.kaigokensaku.mhlw.go.jp/13/index.php?action_kouhyou_detail_004_kani=true&JigyosyoCd=1372701951-00&ServiceCd=780&Type=search" }, "geometry": { "type": "Point", "coordinates": [ 139.479385200000024, 35.7622464 ] } },
{ "type": "Feature", "properties": { "内容": "デイサービス　シルバージム【地域密着型通所介護】東京都東村山市栄町２－３１－１竹田ビル１０１", "url2": "https://www.kaigokensaku.mhlw.go.jp/13/index.php?action_kouhyou_detail_004_kani=true&JigyosyoCd=1372701969-00&ServiceCd=780&Type=search" }, "geometry": { "type": "Point", "coordinates": [ 139.4698254, 35.7492945 ] } },
{ "type": "Feature", "properties": { "内容": "GENKINEXT秋津【地域密着型通所介護】東京都東村山市秋津町5-35-2KMコート１階", "url2": "https://www.kaigokensaku.mhlw.go.jp/13/index.php?action_kouhyou_detail_004_kani=true&JigyosyoCd=1372701977-00&ServiceCd=780&Type=search" }, "geometry": { "type": "Point", "coordinates": [ 139.491453200000024, 35.7772116 ] } },
{ "type": "Feature", "properties": { "内容": "HappyFamily東村山事業所【地域密着型通所介護】東京都東村山市久米川町5-4-1野崎ビル101", "url2": "https://www.kaigokensaku.mhlw.go.jp/13/index.php?action_kouhyou_detail_004_kani=true&JigyosyoCd=1372701985-00&ServiceCd=780&Type=search" }, "geometry": { "type": "Point", "coordinates": [ 139.473385499999949, 35.7703566 ] } },
{ "type": "Feature", "properties": { "内容": "リハビリデイサービス　りらくあっぷ東村山【地域密着型通所介護】東京都東村山市野口町4-2-3コーポホルスⅢ　1-Ｂ", "url2": "https://www.kaigokensaku.mhlw.go.jp/13/index.php?action_kouhyou_detail_004_kani=true&JigyosyoCd=1372702140-00&ServiceCd=780&Type=search" }, "geometry": { "type": "Point", "coordinates": [ 139.4598787, 35.7620042 ] } },
{ "type": "Feature", "properties": { "内容": "樹楽　くめがわ【地域密着型通所介護】東京都東村山市萩山町3-14-19", "url2": "https://www.kaigokensaku.mhlw.go.jp/13/index.php?action_kouhyou_detail_004_kani=true&JigyosyoCd=1392700140-00&ServiceCd=780&Type=search" }, "geometry": { "type": "Point", "coordinates": [ 139.472041900000022, 35.7461421 ] } },
{ "type": "Feature", "properties": { "内容": "ステップぱーとなー東村山【地域密着型通所介護】東京都東村山市野口町2-1-1シャイン21　1F", "url2": "https://www.kaigokensaku.mhlw.go.jp/13/index.php?action_kouhyou_detail_004_kani=true&JigyosyoCd=1392700157-00&ServiceCd=780&Type=search" }, "geometry": { "type": "Point", "coordinates": [ 139.462028499999974, 35.7617515 ] } },
{ "type": "Feature", "properties": { "内容": "入浴デイサービスここね【地域密着型通所介護】東京都東村山市野口町2-13-78ハシバハイツ１階", "url2": "https://www.kaigokensaku.mhlw.go.jp/13/index.php?action_kouhyou_detail_004_kani=true&JigyosyoCd=1392700223-00&ServiceCd=780&Type=search" }, "geometry": { "type": "Point", "coordinates": [ 139.458040399999987, 35.7599629 ] } },
{ "type": "Feature", "properties": { "内容": "中央リハビリステーション　エボルブ東村山【地域密着型通所介護】東京都東村山市富士見町5-5-20サンハイム富士見", "url2": "https://www.kaigokensaku.mhlw.go.jp/13/index.php?action_kouhyou_detail_004_kani=true&JigyosyoCd=1392700249-00&ServiceCd=780&Type=search" }, "geometry": { "type": "Point", "coordinates": [ 139.462907, 35.7446927 ] } },
{ "type": "Feature", "properties": { "内容": "デイサービス宅老所しぐれ屋【地域密着型通所介護】東京都東村山市野口町3-48-14", "url2": "https://www.kaigokensaku.mhlw.go.jp/13/index.php?action_kouhyou_detail_004_kani=true&JigyosyoCd=1392700231-00&ServiceCd=780&Type=search" }, "geometry": { "type": "Point", "coordinates": [ 139.453958412025457, 35.766134498014935 ] } },
{ "type": "Feature", "properties": { "内容": "ファミリーケア国分寺さくら物語【地域密着型通所介護】東京都国分寺市本多4-11-19", "url2": "https://www.kaigokensaku.mhlw.go.jp/13/index.php?action_kouhyou_detail_004_kani=true&JigyosyoCd=1373101136-00&ServiceCd=780&Type=search" }, "geometry": { "type": "Point", "coordinates": [ 139.48289410000001, 35.7097817 ] } },
{ "type": "Feature", "properties": { "内容": "デイサービス　こもれび家族【地域密着型通所介護】東京都　国分寺市　西町3-14-7", "url2": "https://www.kaigokensaku.mhlw.go.jp/13/index.php?action_kouhyou_detail_004_kani=true&JigyosyoCd=1373101508-00&ServiceCd=780&Type=search" }, "geometry": { "type": "Point", "coordinates": [ 139.435776698147578, 35.709726783558807 ] } },
{ "type": "Feature", "properties": { "内容": "らくだディサービスセンター【地域密着型通所介護】東京都国分寺市南町２－６－１２", "url2": "https://www.kaigokensaku.mhlw.go.jp/13/index.php?action_kouhyou_detail_004_kani=true&JigyosyoCd=1373101052-00&ServiceCd=780&Type=search" }, "geometry": { "type": "Point", "coordinates": [ 139.4833123, 35.6984098 ] } },
{ "type": "Feature", "properties": { "内容": "サロンデイ国分寺【地域密着型通所介護】東京都国分寺市本多5-13-7ナイスプラザ103", "url2": "https://www.kaigokensaku.mhlw.go.jp/13/index.php?action_kouhyou_detail_004_kani=true&JigyosyoCd=1373101318-00&ServiceCd=780&Type=search" }, "geometry": { "type": "Point", "coordinates": [ 139.482422833100486, 35.70708497612835 ] } },
{ "type": "Feature", "properties": { "内容": "コンパスウォーク国分寺【地域密着型通所介護】東京都国分寺市西町5-14-38レジデンス池谷103", "url2": "https://www.kaigokensaku.mhlw.go.jp/13/index.php?action_kouhyou_detail_004_kani=true&JigyosyoCd=1393100217-00&ServiceCd=780&Type=search" }, "geometry": { "type": "Point", "coordinates": [ 139.431405576057386, 35.71837155352749 ] } },
{ "type": "Feature", "properties": { "内容": "デイサービスふく福　国分寺【地域密着型通所介護】東京都国分寺市東恋ヶ窪3-16-61アミークス101", "url2": "https://www.kaigokensaku.mhlw.go.jp/13/index.php?action_kouhyou_detail_004_kani=true&JigyosyoCd=1373101219-00&ServiceCd=780&Type=search" }, "geometry": { "type": "Point", "coordinates": [ 139.472082499999942, 35.7064993 ] } },
{ "type": "Feature", "properties": { "内容": "こころデイサービス西国分寺【地域密着型通所介護】東京都国分寺市泉町1-2-15メゾンけやき1F", "url2": "https://www.kaigokensaku.mhlw.go.jp/13/index.php?action_kouhyou_detail_004_kani=true&JigyosyoCd=1373101383-00&ServiceCd=780&Type=search" }, "geometry": { "type": "Point", "coordinates": [ 139.476717688360651, 35.697089445342399 ] } },
{ "type": "Feature", "properties": { "内容": "よつばデイサービス【地域密着型通所介護】東京都国分寺市日吉町3-14-1", "url2": "https://www.kaigokensaku.mhlw.go.jp/13/index.php?action_kouhyou_detail_004_kani=true&JigyosyoCd=1373101391-00&ServiceCd=780&Type=search" }, "geometry": { "type": "Point", "coordinates": [ 139.4579946, 35.7036298 ] } },
{ "type": "Feature", "properties": { "内容": "GENKINEXT国分寺光【地域密着型通所介護】東京都国分寺市光町1-20-25", "url2": "https://www.kaigokensaku.mhlw.go.jp/13/index.php?action_kouhyou_detail_004_kani=true&JigyosyoCd=1373101441-00&ServiceCd=780&Type=search" }, "geometry": { "type": "Point", "coordinates": [ 139.445437976057406, 35.707538735666091 ] } },
{ "type": "Feature", "properties": { "内容": "プライムふく福【地域密着型通所介護】東京都国分寺市本多5-13-14フェリアス本多101", "url2": "https://www.kaigokensaku.mhlw.go.jp/13/index.php?action_kouhyou_detail_004_kani=true&JigyosyoCd=1373101466-00&ServiceCd=780&Type=search" }, "geometry": { "type": "Point", "coordinates": [ 139.482839045997906, 35.707752992428183 ] } },
{ "type": "Feature", "properties": { "内容": "デイサービス国分寺さくら亭【地域密着型通所介護】東京都国分寺市高木町2-3-37", "url2": "https://www.kaigokensaku.mhlw.go.jp/13/index.php?action_kouhyou_detail_004_kani=true&JigyosyoCd=1373101540-00&ServiceCd=780&Type=search" }, "geometry": { "type": "Point", "coordinates": [ 139.439437228836027, 35.709722255824403 ] } },
{ "type": "Feature", "properties": { "内容": "おとなりさん。けやき公園【地域密着型通所介護】東京都国分寺市東恋ヶ窪２－１５－７", "url2": "https://www.kaigokensaku.mhlw.go.jp/13/index.php?action_kouhyou_detail_004_kani=true&JigyosyoCd=1373101557-00&ServiceCd=780&Type=search" }, "geometry": { "type": "Point", "coordinates": [ 139.476587937434402, 35.708929956570913 ] } },
{ "type": "Feature", "properties": { "内容": "デイオアシスまほろば【地域密着型通所介護】東京都国分寺市富士本2-18-13なし", "url2": "https://www.kaigokensaku.mhlw.go.jp/13/index.php?action_kouhyou_detail_004_kani=true&JigyosyoCd=1373101672-00&ServiceCd=780&Type=search" }, "geometry": { "type": "Point", "coordinates": [ 139.448514700000032, 35.7052823 ] } },
{ "type": "Feature", "properties": { "内容": "ﾘﾊﾋﾞﾘﾃﾞｲｻｰﾋﾞｽnagomi国立店【地域密着型通所介護】東京都国分寺市西町2-6-15ﾕｰｴﾌﾏﾝｼｮﾝ1階A", "url2": "https://www.kaigokensaku.mhlw.go.jp/13/index.php?action_kouhyou_detail_004_kani=true&JigyosyoCd=1393100225-00&ServiceCd=780&Type=search" }, "geometry": { "type": "Point", "coordinates": [ 139.437609, 35.7046703 ] } },
{ "type": "Feature", "properties": { "内容": "デイサービスセンター谷保【地域密着型通所介護】東京都国立市谷保6丁目17番地の３７", "url2": "https://www.kaigokensaku.mhlw.go.jp/13/index.php?action_kouhyou_detail_004_kani=true&JigyosyoCd=1373400587-00&ServiceCd=780&Type=search" }, "geometry": { "type": "Point", "coordinates": [ 139.443833300000051, 35.674824600000022 ] } },
{ "type": "Feature", "properties": { "内容": "セントケア国立デイサービスセンター【地域密着型通所介護】東京都国立市富士見台3-15-6アリエスビル1階", "url2": "https://www.kaigokensaku.mhlw.go.jp/13/index.php?action_kouhyou_detail_004_kani=true&JigyosyoCd=1393400161-00&ServiceCd=780&Type=search" }, "geometry": { "type": "Point", "coordinates": [ 139.436307, 35.6866382 ] } },
{ "type": "Feature", "properties": { "内容": "デイサービスセンターそれいゆ倶楽部【地域密着型通所介護】東京都国立市富士見台1-8-54", "url2": "https://www.kaigokensaku.mhlw.go.jp/13/index.php?action_kouhyou_detail_004_kani=true&JigyosyoCd=1373400520-00&ServiceCd=780&Type=search" }, "geometry": { "type": "Point", "coordinates": [ 139.448496400000067, 35.6833098 ] } },
{ "type": "Feature", "properties": { "内容": "デイサービス国立さくら亭【地域密着型通所介護】東京都国立市北2-14-5", "url2": "https://www.kaigokensaku.mhlw.go.jp/13/index.php?action_kouhyou_detail_004_kani=true&JigyosyoCd=1373400926-00&ServiceCd=780&Type=search" }, "geometry": { "type": "Point", "coordinates": [ 139.438704700000017, 35.7007856 ] } },
{ "type": "Feature", "properties": { "内容": "ミック健康の森　国立【地域密着型通所介護】東京都国立市中1-7-27マンションソーキ1階", "url2": "https://www.kaigokensaku.mhlw.go.jp/13/index.php?action_kouhyou_detail_004_kani=true&JigyosyoCd=1393400179-00&ServiceCd=780&Type=search" }, "geometry": { "type": "Point", "coordinates": [ 139.441060099999987, 35.6986193 ] } },
{ "type": "Feature", "properties": { "内容": "食と花のすずらんデイサービス【地域密着型通所介護】東京都国立市富士見台4-45-19", "url2": "https://www.kaigokensaku.mhlw.go.jp/13/index.php?action_kouhyou_detail_004_kani=true&JigyosyoCd=1373401031-00&ServiceCd=780&Type=search" }, "geometry": { "type": "Point", "coordinates": [ 139.428894799999966, 35.6897533 ] } },
{ "type": "Feature", "properties": { "内容": "特定非営利活動法人すずらん　デイサービスふれあいの広場【地域密着型通所介護】東京都国立市谷保6835-1メゾン・ド・エクレール1Ｆ", "url2": "https://www.kaigokensaku.mhlw.go.jp/13/index.php?action_kouhyou_detail_004_kani=true&JigyosyoCd=1393400096-00&ServiceCd=780&Type=search" }, "geometry": { "type": "Point", "coordinates": [ 139.431594899999936, 35.6831234 ] } },
{ "type": "Feature", "properties": { "内容": "リハビリフィットネス　ゆずりは　国立【地域密着型通所介護】東京都国立市西2-11-27コスモスビル1階", "url2": "https://www.kaigokensaku.mhlw.go.jp/13/index.php?action_kouhyou_detail_004_kani=true&JigyosyoCd=1393400187-00&ServiceCd=780&Type=search" }, "geometry": { "type": "Point", "coordinates": [ 139.436843, 35.6937268 ] } },
{ "type": "Feature", "properties": { "内容": "拝島デイサービスひかり【地域密着型通所介護】東京都福生市熊川1403-1門柳ビル", "url2": "https://www.kaigokensaku.mhlw.go.jp/13/index.php?action_kouhyou_detail_004_kani=true&JigyosyoCd=1374400727-00&ServiceCd=780&Type=search" }, "geometry": { "type": "Point", "coordinates": [ 139.343412300000011, 35.7230528 ] } },
{ "type": "Feature", "properties": { "内容": "レコードブック福生志茂【地域密着型通所介護】東京都福生市志茂２０７番地大森ビル１F", "url2": "https://www.kaigokensaku.mhlw.go.jp/13/index.php?action_kouhyou_detail_004_kani=true&JigyosyoCd=1394400012-00&ServiceCd=780&Type=search" }, "geometry": { "type": "Point", "coordinates": [ 139.327895257672111, 35.737698508397685 ] } },
{ "type": "Feature", "properties": { "内容": "デイサービスお～くす【地域密着型通所介護】東京都福生市福生2348-2", "url2": "https://www.kaigokensaku.mhlw.go.jp/13/index.php?action_kouhyou_detail_004_kani=true&JigyosyoCd=1394400061-00&ServiceCd=780&Type=search" }, "geometry": { "type": "Point", "coordinates": [ 139.3371543, 35.7388499 ] } },
{ "type": "Feature", "properties": { "内容": "だんらんの家　西多摩【地域密着型通所介護】東京都福生市熊川1414-1", "url2": "https://www.kaigokensaku.mhlw.go.jp/13/index.php?action_kouhyou_detail_004_kani=true&JigyosyoCd=1394400053-00&ServiceCd=780&Type=search" }, "geometry": { "type": "Point", "coordinates": [ 139.3425134, 35.7244836 ] } },
{ "type": "Feature", "properties": { "内容": "デイサービスセンターあじさい【地域密着型通所介護】東京都福生市福生２０５０－１", "url2": "https://www.kaigokensaku.mhlw.go.jp/13/index.php?action_kouhyou_detail_004_kani=true&JigyosyoCd=1374400503-00&ServiceCd=780&Type=search" }, "geometry": { "type": "Point", "coordinates": [ 139.3367437, 35.746258 ] } },
{ "type": "Feature", "properties": { "内容": "Ｈａｐｐｙ　Ｆａｍｉｌｙ【地域密着型通所介護】東京都福生市本町１１７－１スプリングバレー福生１０１号", "url2": "https://www.kaigokensaku.mhlw.go.jp/13/index.php?action_kouhyou_detail_004_kani=true&JigyosyoCd=1374400784-00&ServiceCd=780&Type=search" }, "geometry": { "type": "Point", "coordinates": [ 139.326540499999965, 35.7412585 ] } },
{ "type": "Feature", "properties": { "内容": "リハビリセンターあおぞら【地域密着型通所介護】東京都福生市牛浜88－3リサージュ牛浜１階", "url2": "https://www.kaigokensaku.mhlw.go.jp/13/index.php?action_kouhyou_detail_004_kani=true&JigyosyoCd=1394400020-00&ServiceCd=780&Type=search" }, "geometry": { "type": "Point", "coordinates": [ 139.333307, 35.7340651 ] } },
{ "type": "Feature", "properties": { "内容": "樹楽　団らんの家　福生【地域密着型通所介護】東京都福生市福生1167-15", "url2": "https://www.kaigokensaku.mhlw.go.jp/13/index.php?action_kouhyou_detail_004_kani=true&JigyosyoCd=1394400046-00&ServiceCd=780&Type=search" }, "geometry": { "type": "Point", "coordinates": [ 139.321326, 35.7419707 ] } },
{ "type": "Feature", "properties": { "内容": "あじさいリハビリテーション【地域密着型通所介護】東京都福生市北田園1-5-9", "url2": "https://www.kaigokensaku.mhlw.go.jp/13/index.php?action_kouhyou_detail_004_kani=true&JigyosyoCd=1374400750-00&ServiceCd=780&Type=search" }, "geometry": { "type": "Point", "coordinates": [ 139.325299200000018, 35.7323817 ] } },
{ "type": "Feature", "properties": { "内容": "つどいの場みらい　よりみち【地域密着型通所介護】東京都狛江市中和泉2-3-13", "url2": "https://www.kaigokensaku.mhlw.go.jp/13/index.php?action_kouhyou_detail_004_kani=true&JigyosyoCd=1394500159-00&ServiceCd=780&Type=search" }, "geometry": { "type": "Point", "coordinates": [ 139.573378600000012, 35.63715 ] } },
{ "type": "Feature", "properties": { "内容": "リハフロ和泉多摩川【地域密着型通所介護】東京都狛江市東和泉３－８－７", "url2": "https://www.kaigokensaku.mhlw.go.jp/13/index.php?action_kouhyou_detail_004_kani=true&JigyosyoCd=1374500799-00&ServiceCd=780&Type=search" }, "geometry": { "type": "Point", "coordinates": [ 139.574564199999941, 35.6260548 ] } },
{ "type": "Feature", "properties": { "内容": "ＮＰＯ法人　むべの会【地域密着型通所介護】東京都狛江市和泉本町4－7－27102", "url2": "https://www.kaigokensaku.mhlw.go.jp/13/index.php?action_kouhyou_detail_004_kani=true&JigyosyoCd=1374500369-00&ServiceCd=780&Type=search" }, "geometry": { "type": "Point", "coordinates": [ 139.568946899999986, 35.6430519 ] } },
{ "type": "Feature", "properties": { "内容": "デイサービス本舗　狛江【地域密着型通所介護】東京都狛江市中和泉2-12-15", "url2": "https://www.kaigokensaku.mhlw.go.jp/13/index.php?action_kouhyou_detail_004_kani=true&JigyosyoCd=1374500963-00&ServiceCd=780&Type=search" }, "geometry": { "type": "Point", "coordinates": [ 139.571694200000024, 35.6383026 ] } },
{ "type": "Feature", "properties": { "内容": "リハビリフィットネス　ゆずりは狛江喜多見【地域密着型通所介護】東京都狛江市岩戸北1－7－8東建ビル1F101", "url2": "https://www.kaigokensaku.mhlw.go.jp/13/index.php?action_kouhyou_detail_004_kani=true&JigyosyoCd=1394500092-00&ServiceCd=780&Type=search" }, "geometry": { "type": "Point", "coordinates": [ 139.57982720000004, 35.6360251 ] } },
{ "type": "Feature", "properties": { "内容": "チアーズライフ狛江【地域密着型通所介護】東京都狛江市東和泉2－16－1ランバー荒井１F", "url2": "https://www.kaigokensaku.mhlw.go.jp/13/index.php?action_kouhyou_detail_004_kani=true&JigyosyoCd=1394500126-00&ServiceCd=780&Type=search" }, "geometry": { "type": "Point", "coordinates": [ 139.577178444180277, 35.629342223648429 ] } },
{ "type": "Feature", "properties": { "内容": "リハビリスタジオ　ReRISE【地域密着型通所介護】東京都狛江市中和泉3-1-24飯田店舗1階", "url2": "https://www.kaigokensaku.mhlw.go.jp/13/index.php?action_kouhyou_detail_004_kani=true&JigyosyoCd=1394500167-00&ServiceCd=780&Type=search" }, "geometry": { "type": "Point", "coordinates": [ 139.573060199999986, 35.6348721 ] } },
{ "type": "Feature", "properties": { "内容": "デイサービスひだまり【地域密着型通所介護】東京都狛江市岩戸北4-17-24キャッスル5-102", "url2": "https://www.kaigokensaku.mhlw.go.jp/13/index.php?action_kouhyou_detail_004_kani=true&JigyosyoCd=1374500930-00&ServiceCd=780&Type=search" }, "geometry": { "type": "Point", "coordinates": [ 139.589398, 35.634581 ] } },
{ "type": "Feature", "properties": { "内容": "デイサービス成城　駒井店【地域密着型通所介護】東京都狛江市駒井町3-35-32", "url2": "https://www.kaigokensaku.mhlw.go.jp/13/index.php?action_kouhyou_detail_004_kani=true&JigyosyoCd=1394500183-00&ServiceCd=780&Type=search" }, "geometry": { "type": "Point", "coordinates": [ 139.588645500000013, 35.6228299 ] } },
{ "type": "Feature", "properties": { "内容": "はるるケア【地域密着型通所介護】東京都狛江市岩戸北４－１７－１８", "url2": "https://www.kaigokensaku.mhlw.go.jp/13/index.php?action_kouhyou_detail_004_kani=true&JigyosyoCd=1374500922-00&ServiceCd=780&Type=search" }, "geometry": { "type": "Point", "coordinates": [ 139.589136899999971, 35.6339367 ] } },
{ "type": "Feature", "properties": { "内容": "リハビリ＆デイサービスユーモア【地域密着型通所介護】東京都東大和市立野2-4-1プレステージ上北台104号", "url2": "https://www.kaigokensaku.mhlw.go.jp/13/index.php?action_kouhyou_detail_004_kani=true&JigyosyoCd=1394600124-00&ServiceCd=780&Type=search" }, "geometry": { "type": "Point", "coordinates": [ 139.417971599999987, 35.7458031 ] } },
{ "type": "Feature", "properties": { "内容": "レコードブック東大和【地域密着型通所介護】東京都東大和市南街5丁目68-1セント東大和　１階", "url2": "https://www.kaigokensaku.mhlw.go.jp/13/index.php?action_kouhyou_detail_004_kani=true&JigyosyoCd=1394600090-00&ServiceCd=780&Type=search" }, "geometry": { "type": "Point", "coordinates": [ 139.433777815621937, 35.735873393161434 ] } },
{ "type": "Feature", "properties": { "内容": "茶話本舗デイサービス絆【地域密着型通所介護】東京都東大和市南街５－７０－３", "url2": "https://www.kaigokensaku.mhlw.go.jp/13/index.php?action_kouhyou_detail_004_kani=true&JigyosyoCd=1374600904-00&ServiceCd=780&Type=search" }, "geometry": { "type": "Point", "coordinates": [ 139.433301423747508, 35.73512030360795 ] } },
{ "type": "Feature", "properties": { "内容": "デイサービスばくちゃん家【地域密着型通所介護】東京都東大和市向原2-1043-17", "url2": "https://www.kaigokensaku.mhlw.go.jp/13/index.php?action_kouhyou_detail_004_kani=true&JigyosyoCd=1394600116-00&ServiceCd=780&Type=search" }, "geometry": { "type": "Point", "coordinates": [ 139.43906, 35.739627200000015 ] } },
{ "type": "Feature", "properties": { "内容": "デイサービス一期一笑　東大和【地域密着型通所介護】東京都東大和市中央4-1071-9", "url2": "https://www.kaigokensaku.mhlw.go.jp/13/index.php?action_kouhyou_detail_004_kani=true&JigyosyoCd=1374601027-00&ServiceCd=780&Type=search" }, "geometry": { "type": "Point", "coordinates": [ 139.430084699999952, 35.7426751 ] } },
{ "type": "Feature", "properties": { "内容": "デイサービス本舗　夢湖畔【地域密着型通所介護】東京都東大和市湖畔３－９４１－１", "url2": "https://www.kaigokensaku.mhlw.go.jp/13/index.php?action_kouhyou_detail_004_kani=true&JigyosyoCd=1374601050-00&ServiceCd=780&Type=search" }, "geometry": { "type": "Point", "coordinates": [ 139.435103199999986, 35.75860560000001 ] } },
{ "type": "Feature", "properties": { "内容": "デイサービスコスモス【地域密着型通所介護】東京都東大和市仲原3-12-12", "url2": "https://www.kaigokensaku.mhlw.go.jp/13/index.php?action_kouhyou_detail_004_kani=true&JigyosyoCd=1394600082-00&ServiceCd=780&Type=search" }, "geometry": { "type": "Point", "coordinates": [ 139.438319899999982, 35.74454690000001 ] } },
{ "type": "Feature", "properties": { "内容": "TOMONii清戸【地域密着型通所介護】東京都清瀬市下清戸１－３２５－１", "url2": "https://www.kaigokensaku.mhlw.go.jp/13/index.php?action_kouhyou_detail_004_kani=true&JigyosyoCd=1394700163-00&ServiceCd=780&Type=search" }, "geometry": { "type": "Point", "coordinates": [ 139.535346488607786, 35.782427484603474 ] } },
{ "type": "Feature", "properties": { "内容": "デイサービスのじま【地域密着型通所介護】東京都清瀬市松山1-11-22常岡ビル", "url2": "https://www.kaigokensaku.mhlw.go.jp/13/index.php?action_kouhyou_detail_004_kani=true&JigyosyoCd=1374701629-00&ServiceCd=780&Type=search" }, "geometry": { "type": "Point", "coordinates": [ 139.5184746, 35.7719957 ] } },
{ "type": "Feature", "properties": { "内容": "憩いの場【地域密着型通所介護】東京都清瀬市中里3-987", "url2": "https://www.kaigokensaku.mhlw.go.jp/13/index.php?action_kouhyou_detail_004_kani=true&JigyosyoCd=1394700171-00&ServiceCd=780&Type=search" }, "geometry": { "type": "Point", "coordinates": [ 139.5174407, 35.784589 ] } },
{ "type": "Feature", "properties": { "内容": "デイサービス杉本・元町倶楽部【地域密着型通所介護】東京都清瀬市元町２－１５－６", "url2": "https://www.kaigokensaku.mhlw.go.jp/13/index.php?action_kouhyou_detail_004_kani=true&JigyosyoCd=1374701298-00&ServiceCd=780&Type=search" }, "geometry": { "type": "Point", "coordinates": [ 139.512693, 35.7749426 ] } },
{ "type": "Feature", "properties": { "内容": "デイサービスなないろ【地域密着型通所介護】東京都清瀬市旭が丘2-337-4", "url2": "https://www.kaigokensaku.mhlw.go.jp/13/index.php?action_kouhyou_detail_004_kani=true&JigyosyoCd=1374701314-00&ServiceCd=780&Type=search" }, "geometry": { "type": "Point", "coordinates": [ 139.538415626181063, 35.796113462094937 ] } },
{ "type": "Feature", "properties": { "内容": "レコードブック清瀬【地域密着型通所介護】東京都清瀬市元町1-1-10清瀬ビル123号", "url2": "https://www.kaigokensaku.mhlw.go.jp/13/index.php?action_kouhyou_detail_004_kani=true&JigyosyoCd=1394700080-00&ServiceCd=780&Type=search" }, "geometry": { "type": "Point", "coordinates": [ 139.521657496127347, 35.772513560865477 ] } },
{ "type": "Feature", "properties": { "内容": "TOMONii【地域密着型通所介護】東京都清瀬市中里2-669-4", "url2": "https://www.kaigokensaku.mhlw.go.jp/13/index.php?action_kouhyou_detail_004_kani=true&JigyosyoCd=1394700114-00&ServiceCd=780&Type=search" }, "geometry": { "type": "Point", "coordinates": [ 139.509662400000025, 35.7841413 ] } },
{ "type": "Feature", "properties": { "内容": "リハビリデイサービス結【地域密着型通所介護】東京都清瀬市中里4-847-3サニーハイツ101", "url2": "https://www.kaigokensaku.mhlw.go.jp/13/index.php?action_kouhyou_detail_004_kani=true&JigyosyoCd=1394700155-00&ServiceCd=780&Type=search" }, "geometry": { "type": "Point", "coordinates": [ 139.5200554, 35.7859247 ] } },
{ "type": "Feature", "properties": { "内容": "デイサービス和休【地域密着型通所介護】東京都清瀬市下清戸2-546-3", "url2": "https://www.kaigokensaku.mhlw.go.jp/13/index.php?action_kouhyou_detail_004_kani=true&JigyosyoCd=1374701322-00&ServiceCd=780&Type=search" }, "geometry": { "type": "Point", "coordinates": [ 139.534070623942654, 35.787285054745965 ] } },
{ "type": "Feature", "properties": { "内容": "デイサービスやわらぎ【地域密着型通所介護】東京都清瀬市中清戸一丁目４４８番地", "url2": "https://www.kaigokensaku.mhlw.go.jp/13/index.php?action_kouhyou_detail_004_kani=true&JigyosyoCd=1394700148-00&ServiceCd=780&Type=search" }, "geometry": { "type": "Point", "coordinates": [ 139.527660671163943, 35.778783646575583 ] } },
{ "type": "Feature", "properties": { "内容": "リハビリデイサービス　リスタート【地域密着型通所介護】東京都清瀬市元町1-7-8清瀬着志ビル1階D区画", "url2": "https://www.kaigokensaku.mhlw.go.jp/13/index.php?action_kouhyou_detail_004_kani=true&JigyosyoCd=1374701504-00&ServiceCd=780&Type=search" }, "geometry": { "type": "Point", "coordinates": [ 139.51851750000003, 35.7746148 ] } },
{ "type": "Feature", "properties": { "内容": "リハビリ・デイサービス　けやき（清瀬店）【地域密着型通所介護】東京都清瀬市上清戸2-12-26ピア小林1Ｆ", "url2": "https://www.kaigokensaku.mhlw.go.jp/13/index.php?action_kouhyou_detail_004_kani=true&JigyosyoCd=1394700098-00&ServiceCd=780&Type=search" }, "geometry": { "type": "Point", "coordinates": [ 139.52248910000003, 35.7823834 ] } },
{ "type": "Feature", "properties": { "内容": "アロース武蔵野デイサービス【地域密着型通所介護】東京都東久留米市八幡町3丁目11番1号", "url2": "https://www.kaigokensaku.mhlw.go.jp/13/index.php?action_kouhyou_detail_004_kani=true&JigyosyoCd=1394800203-00&ServiceCd=780&Type=search" }, "geometry": { "type": "Point", "coordinates": [ 139.509766299999967, 35.7500934 ] } },
{ "type": "Feature", "properties": { "内容": "デイサービス本舗和楽家【地域密着型通所介護】東京都東久留米市前沢３－２－１A号", "url2": "https://www.kaigokensaku.mhlw.go.jp/13/index.php?action_kouhyou_detail_004_kani=true&JigyosyoCd=1374801411-00&ServiceCd=780&Type=search" }, "geometry": { "type": "Point", "coordinates": [ 139.519275501852405, 35.742642570125625 ] } },
{ "type": "Feature", "properties": { "内容": "地域密着型通所介護事業所ひばりが丘ふれあいの里【地域密着型通所介護】東京都東久留米市ひばりが丘団地7番地10号ひばりが丘ふれあいの里", "url2": "https://www.kaigokensaku.mhlw.go.jp/13/index.php?action_kouhyou_detail_004_kani=true&JigyosyoCd=1394800096-00&ServiceCd=780&Type=search" }, "geometry": { "type": "Point", "coordinates": [ 139.5326781, 35.7468269 ] } },
{ "type": "Feature", "properties": { "内容": "ステップぱーとなー東久留米【地域密着型通所介護】東京都東久留米市幸町3-7-7ロワヴェール６号館１０２号室", "url2": "https://www.kaigokensaku.mhlw.go.jp/13/index.php?action_kouhyou_detail_004_kani=true&JigyosyoCd=1394800302-00&ServiceCd=780&Type=search" }, "geometry": { "type": "Point", "coordinates": [ 139.518444799999969, 35.7564578 ] } },
{ "type": "Feature", "properties": { "内容": "シニアライフデイサービス【地域密着型通所介護】東京都東久留米市前沢4-32-9", "url2": "https://www.kaigokensaku.mhlw.go.jp/13/index.php?action_kouhyou_detail_004_kani=true&JigyosyoCd=1374800538-00&ServiceCd=780&Type=search" }, "geometry": { "type": "Point", "coordinates": [ 139.509841400000028, 35.7433239 ] } },
{ "type": "Feature", "properties": { "内容": "スリーベルデイ東久留米中央【地域密着型通所介護】東京都東久留米市中央町一丁目１１番地１６号", "url2": "https://www.kaigokensaku.mhlw.go.jp/13/index.php?action_kouhyou_detail_004_kani=true&JigyosyoCd=1374801072-00&ServiceCd=780&Type=search" }, "geometry": { "type": "Point", "coordinates": [ 139.524189699999965, 35.7560894 ] } },
{ "type": "Feature", "properties": { "内容": "スリーベルデイかっぱのいえ東久留米【地域密着型通所介護】東京都東久留米市中央町1-11-17", "url2": "https://www.kaigokensaku.mhlw.go.jp/13/index.php?action_kouhyou_detail_004_kani=true&JigyosyoCd=1374801478-00&ServiceCd=780&Type=search" }, "geometry": { "type": "Point", "coordinates": [ 139.524386899999968, 35.7562283 ] } },
{ "type": "Feature", "properties": { "内容": "ゆいまぁる南沢デイルーム【地域密着型通所介護】東京都東久留米市南沢2-13-11", "url2": "https://www.kaigokensaku.mhlw.go.jp/13/index.php?action_kouhyou_detail_004_kani=true&JigyosyoCd=1394800195-00&ServiceCd=780&Type=search" }, "geometry": { "type": "Point", "coordinates": [ 139.531369399999988, 35.7512441 ] } },
{ "type": "Feature", "properties": { "内容": "デイサービスアルゴ参番館【地域密着型通所介護】東京都東久留米市滝山4-1-40", "url2": "https://www.kaigokensaku.mhlw.go.jp/13/index.php?action_kouhyou_detail_004_kani=true&JigyosyoCd=1394800112-00&ServiceCd=780&Type=search" }, "geometry": { "type": "Point", "coordinates": [ 139.5056806, 35.7446542 ] } },
{ "type": "Feature", "properties": { "内容": "デイサービスアルゴ壱番館【地域密着型通所介護】東京都東久留米市滝山4-1-40", "url2": "https://www.kaigokensaku.mhlw.go.jp/13/index.php?action_kouhyou_detail_004_kani=true&JigyosyoCd=1394800138-00&ServiceCd=780&Type=search" }, "geometry": { "type": "Point", "coordinates": [ 139.505689, 35.7446625 ] } },
{ "type": "Feature", "properties": { "内容": "やすらぎ邸　東久留米店【地域密着型通所介護】東京都東久留米市神宝町２－１４－２５", "url2": "https://www.kaigokensaku.mhlw.go.jp/13/index.php?action_kouhyou_detail_004_kani=true&JigyosyoCd=1374801197-00&ServiceCd=780&Type=search" }, "geometry": { "type": "Point", "coordinates": [ 139.544161857802749, 35.769307114332385 ] } },
{ "type": "Feature", "properties": { "内容": "やすらぎ邸　東久留米学園【地域密着型通所介護】東京都東久留米市学園町2-17-19", "url2": "https://www.kaigokensaku.mhlw.go.jp/13/index.php?action_kouhyou_detail_004_kani=true&JigyosyoCd=1374801296-00&ServiceCd=780&Type=search" }, "geometry": { "type": "Point", "coordinates": [ 139.536966600000028, 35.7484851 ] } },
{ "type": "Feature", "properties": { "内容": "だんらんの家　東久留米【地域密着型通所介護】東京都東久留米市中央町2-5-12", "url2": "https://www.kaigokensaku.mhlw.go.jp/13/index.php?action_kouhyou_detail_004_kani=true&JigyosyoCd=1374801379-00&ServiceCd=780&Type=search" }, "geometry": { "type": "Point", "coordinates": [ 139.521342799999957, 35.7549394 ] } },
{ "type": "Feature", "properties": { "内容": "デイサービスセンターマザアス大門【地域密着型通所介護】東京都東久留米市大門町2-10-5", "url2": "https://www.kaigokensaku.mhlw.go.jp/13/index.php?action_kouhyou_detail_004_kani=true&JigyosyoCd=1374800322-00&ServiceCd=780&Type=search" }, "geometry": { "type": "Point", "coordinates": [ 139.540799099999958, 35.765011 ] } },
{ "type": "Feature", "properties": { "内容": "デイサービス風和里【地域密着型通所介護】東京都東久留米市下里3-8-6", "url2": "https://www.kaigokensaku.mhlw.go.jp/13/index.php?action_kouhyou_detail_004_kani=true&JigyosyoCd=1374801700-00&ServiceCd=780&Type=search" }, "geometry": { "type": "Point", "coordinates": [ 139.499133799999981, 35.7503952 ] } },
{ "type": "Feature", "properties": { "内容": "レコードブック東久留米下里【地域密着型通所介護】東京都東久留米市下里2－8－10", "url2": "https://www.kaigokensaku.mhlw.go.jp/13/index.php?action_kouhyou_detail_004_kani=true&JigyosyoCd=1394800229-00&ServiceCd=780&Type=search" }, "geometry": { "type": "Point", "coordinates": [ 139.5016159, 35.7538725 ] } },
{ "type": "Feature", "properties": { "内容": "デイサービススマイル中央町【地域密着型通所介護】東京都東久留米市中央町5-7-31", "url2": "https://www.kaigokensaku.mhlw.go.jp/13/index.php?action_kouhyou_detail_004_kani=true&JigyosyoCd=1394800245-00&ServiceCd=780&Type=search" }, "geometry": { "type": "Point", "coordinates": [ 139.517542274135593, 35.748992589522146 ] } },
{ "type": "Feature", "properties": { "内容": "特定非営利活動法人在宅福祉サービスステーション　ざくろの里【地域密着型通所介護】東京都東久留米市幸町1-6-12", "url2": "https://www.kaigokensaku.mhlw.go.jp/13/index.php?action_kouhyou_detail_004_kani=true&JigyosyoCd=1374801171-00&ServiceCd=780&Type=search" }, "geometry": { "type": "Point", "coordinates": [ 139.526864400000022, 35.7603501 ] } },
{ "type": "Feature", "properties": { "内容": "ビーナスプラス東久留米【地域密着型通所介護】東京都東久留米市本町1-2-20エルフレア東久留米1F", "url2": "https://www.kaigokensaku.mhlw.go.jp/13/index.php?action_kouhyou_detail_004_kani=true&JigyosyoCd=1394800286-00&ServiceCd=780&Type=search" }, "geometry": { "type": "Point", "coordinates": [ 139.5304133, 35.7612603 ] } },
{ "type": "Feature", "properties": { "内容": "くわの実デイサービス【地域密着型通所介護】東京都武蔵村山市本町１－５０－１", "url2": "https://www.kaigokensaku.mhlw.go.jp/13/index.php?action_kouhyou_detail_004_kani=true&JigyosyoCd=1374900593-00&ServiceCd=780&Type=search" }, "geometry": { "type": "Point", "coordinates": [ 139.3831692, 35.7541697 ] } },
{ "type": "Feature", "properties": { "内容": "杜の園むらやまデイサービスセンター【地域密着型通所介護】東京都武蔵村山市三ツ藤1-80-61Ｆ", "url2": "https://www.kaigokensaku.mhlw.go.jp/13/index.php?action_kouhyou_detail_004_kani=true&JigyosyoCd=1374901005-00&ServiceCd=780&Type=search" }, "geometry": { "type": "Point", "coordinates": [ 139.38151670000002, 35.7481926 ] } },
{ "type": "Feature", "properties": { "内容": "医療法人財団立川中央病院デイサービスひなた【地域密着型通所介護】東京都武蔵村山市三ツ木5-25-1", "url2": "https://www.kaigokensaku.mhlw.go.jp/13/index.php?action_kouhyou_detail_004_kani=true&JigyosyoCd=1394900045-00&ServiceCd=780&Type=search" }, "geometry": { "type": "Point", "coordinates": [ 139.376305699999989, 35.7594578 ] } },
{ "type": "Feature", "properties": { "内容": "デイサービスセンターほのか武蔵村山【地域密着型通所介護】東京都武蔵村山市残堀2-32-5", "url2": "https://www.kaigokensaku.mhlw.go.jp/13/index.php?action_kouhyou_detail_004_kani=true&JigyosyoCd=1374900858-00&ServiceCd=780&Type=search" }, "geometry": { "type": "Point", "coordinates": [ 139.371198099999987, 35.7496282 ] } },
{ "type": "Feature", "properties": { "内容": "エンジョイ　LUCK【地域密着型通所介護】東京都武蔵村山市緑ヶ丘1460村山団地４５号棟２号室", "url2": "https://www.kaigokensaku.mhlw.go.jp/13/index.php?action_kouhyou_detail_004_kani=true&JigyosyoCd=1394900052-00&ServiceCd=780&Type=search" }, "geometry": { "type": "Point", "coordinates": [ 139.409719, 35.7446806 ] } },
{ "type": "Feature", "properties": { "内容": "機能訓練センター村山【地域密着型通所介護】東京都武蔵村山市緑が丘1460-46-17", "url2": "https://www.kaigokensaku.mhlw.go.jp/13/index.php?action_kouhyou_detail_004_kani=true&JigyosyoCd=1394900060-00&ServiceCd=780&Type=search" }, "geometry": { "type": "Point", "coordinates": [ 139.409273753303523, 35.743896891791223 ] } },
{ "type": "Feature", "properties": { "内容": "トレーニングスタジオest.多摩鶴牧【地域密着型通所介護】東京都多摩市鶴牧5-1-1エステート鶴牧101", "url2": "https://www.kaigokensaku.mhlw.go.jp/13/index.php?action_kouhyou_detail_004_kani=true&JigyosyoCd=1395000340-00&ServiceCd=780&Type=search" }, "geometry": { "type": "Point", "coordinates": [ 139.423314653975382, 35.611809305997937 ] } },
{ "type": "Feature", "properties": { "内容": "デイサービスまほろばの郷Ⅲ【地域密着型通所介護】東京都多摩市落合6-15-2椎の木プラザA", "url2": "https://www.kaigokensaku.mhlw.go.jp/13/index.php?action_kouhyou_detail_004_kani=true&JigyosyoCd=1375001391-00&ServiceCd=780&Type=search" }, "geometry": { "type": "Point", "coordinates": [ 139.426334499999939, 35.609043 ] } },
{ "type": "Feature", "properties": { "内容": "おもと介護多摩事業所【地域密着型通所介護】東京都多摩市落合3-11-2", "url2": "https://www.kaigokensaku.mhlw.go.jp/13/index.php?action_kouhyou_detail_004_kani=true&JigyosyoCd=1375001672-00&ServiceCd=780&Type=search" }, "geometry": { "type": "Point", "coordinates": [ 139.427476385454213, 35.619000087068869 ] } },
{ "type": "Feature", "properties": { "内容": "デイサービスまほろばの郷【地域密着型通所介護】東京都多摩市落合6-15-2椎の木プラザ1-B", "url2": "https://www.kaigokensaku.mhlw.go.jp/13/index.php?action_kouhyou_detail_004_kani=true&JigyosyoCd=1375001060-00&ServiceCd=780&Type=search" }, "geometry": { "type": "Point", "coordinates": [ 139.426334499999939, 35.609043 ] } },
{ "type": "Feature", "properties": { "内容": "デイサービスまほろばの郷Ⅱ【地域密着型通所介護】東京都多摩市落合６－１５－４", "url2": "https://www.kaigokensaku.mhlw.go.jp/13/index.php?action_kouhyou_detail_004_kani=true&JigyosyoCd=1375001326-00&ServiceCd=780&Type=search" }, "geometry": { "type": "Point", "coordinates": [ 139.425951199999986, 35.6097762 ] } },
{ "type": "Feature", "properties": { "内容": "デイサービスセンター諏訪【地域密着型通所介護】東京都多摩市諏訪5-9-5森建物1階", "url2": "https://www.kaigokensaku.mhlw.go.jp/13/index.php?action_kouhyou_detail_004_kani=true&JigyosyoCd=1375000948-00&ServiceCd=780&Type=search" }, "geometry": { "type": "Point", "coordinates": [ 139.452562299999954, 35.6229477 ] } },
{ "type": "Feature", "properties": { "内容": "オレオス【地域密着型通所介護】東京都多摩市落合2-38D’グラフォート多摩センター煉瓦坂101号", "url2": "https://www.kaigokensaku.mhlw.go.jp/13/index.php?action_kouhyou_detail_004_kani=true&JigyosyoCd=1375001292-00&ServiceCd=780&Type=search" }, "geometry": { "type": "Point", "coordinates": [ 139.422799688743794, 35.618328645351674 ] } },
{ "type": "Feature", "properties": { "内容": "デイサービス麻の葉【地域密着型通所介護】東京都多摩市落合6丁目1番地の1落合６丁目ハイツ106", "url2": "https://www.kaigokensaku.mhlw.go.jp/13/index.php?action_kouhyou_detail_004_kani=true&JigyosyoCd=1375000609-00&ServiceCd=780&Type=search" }, "geometry": { "type": "Point", "coordinates": [ 139.424481800000024, 35.612508100000014 ] } },
{ "type": "Feature", "properties": { "内容": "デイサービス聖ヶ丘【地域密着型通所介護】東京都多摩市聖ヶ丘2-22-3-1", "url2": "https://www.kaigokensaku.mhlw.go.jp/13/index.php?action_kouhyou_detail_004_kani=true&JigyosyoCd=1375001102-00&ServiceCd=780&Type=search" }, "geometry": { "type": "Point", "coordinates": [ 139.4572895, 35.6313858 ] } },
{ "type": "Feature", "properties": { "内容": "デイサービスセンター青木葉カフェ【地域密着型通所介護】東京都多摩市落合2-6-3メゾンドフォンテン　102", "url2": "https://www.kaigokensaku.mhlw.go.jp/13/index.php?action_kouhyou_detail_004_kani=true&JigyosyoCd=1375001516-00&ServiceCd=780&Type=search" }, "geometry": { "type": "Point", "coordinates": [ 139.427736800000048, 35.6201972 ] } },
{ "type": "Feature", "properties": { "内容": "デイサービスセンター聖蹟桜ヶ丘【地域密着型通所介護】東京都多摩市関戸4-11-7シャルム第二聖蹟桜ヶ丘1階", "url2": "https://www.kaigokensaku.mhlw.go.jp/13/index.php?action_kouhyou_detail_004_kani=true&JigyosyoCd=1375001607-00&ServiceCd=780&Type=search" }, "geometry": { "type": "Point", "coordinates": [ 139.4523782, 35.64818910000001 ] } },
{ "type": "Feature", "properties": { "内容": "樹楽　団らんの家　桜ヶ丘【地域密着型通所介護】東京都多摩市桜ヶ丘3-36-1", "url2": "https://www.kaigokensaku.mhlw.go.jp/13/index.php?action_kouhyou_detail_004_kani=true&JigyosyoCd=1375001680-00&ServiceCd=780&Type=search" }, "geometry": { "type": "Point", "coordinates": [ 139.4393546, 35.639898 ] } },
{ "type": "Feature", "properties": { "内容": "早稲田イーライフ多摩貝取【地域密着型通所介護】東京都多摩市貝取１－５７－１カサベルデ貝取１０２", "url2": "https://www.kaigokensaku.mhlw.go.jp/13/index.php?action_kouhyou_detail_004_kani=true&JigyosyoCd=1395000183-00&ServiceCd=780&Type=search" }, "geometry": { "type": "Point", "coordinates": [ 139.438349600000038, 35.6268718 ] } },
{ "type": "Feature", "properties": { "内容": "リハビリフィットネス　ゆずりは永山【地域密着型通所介護】東京都多摩市乞田1206-4セレクトプラスワン1階", "url2": "https://www.kaigokensaku.mhlw.go.jp/13/index.php?action_kouhyou_detail_004_kani=true&JigyosyoCd=1395000209-00&ServiceCd=780&Type=search" }, "geometry": { "type": "Point", "coordinates": [ 139.441179599999941, 35.6360402 ] } },
{ "type": "Feature", "properties": { "内容": "デイサービス　ろーるきゃべつ【地域密着型通所介護】東京都多摩市貝取1-53-7コーポ多摩センター　103号室", "url2": "https://www.kaigokensaku.mhlw.go.jp/13/index.php?action_kouhyou_detail_004_kani=true&JigyosyoCd=1395000266-00&ServiceCd=780&Type=search" }, "geometry": { "type": "Point", "coordinates": [ 139.4373323, 35.62516990000001 ] } },
{ "type": "Feature", "properties": { "内容": "いなぎ苑(地域密着）【地域密着型通所介護】東京都稲城市百村255番地", "url2": "https://www.kaigokensaku.mhlw.go.jp/13/index.php?action_kouhyou_detail_004_kani=true&JigyosyoCd=1395100132-00&ServiceCd=780&Type=search" }, "geometry": { "type": "Point", "coordinates": [ 139.491992799999906, 35.6354235 ] } },
{ "type": "Feature", "properties": { "内容": "稲城柔道接骨師会デイサービス株式会社【地域密着型通所介護】東京都稲城市東長沼1174-7リベラルハイツ101", "url2": "https://www.kaigokensaku.mhlw.go.jp/13/index.php?action_kouhyou_detail_004_kani=true&JigyosyoCd=1375100318-00&ServiceCd=780&Type=search" }, "geometry": { "type": "Point", "coordinates": [ 139.503691600000025, 35.6425591 ] } },
{ "type": "Feature", "properties": { "内容": "デイサービス　柔【地域密着型通所介護】東京都稲城市東長沼69-2", "url2": "https://www.kaigokensaku.mhlw.go.jp/13/index.php?action_kouhyou_detail_004_kani=true&JigyosyoCd=1375100516-00&ServiceCd=780&Type=search" }, "geometry": { "type": "Point", "coordinates": [ 139.50204180304101, 35.648315361140611 ] } },
{ "type": "Feature", "properties": { "内容": "サロンデイ稲城【地域密着型通所介護】東京都稲城市大丸313-1ビューアイランドOS・Ⅰ　1階", "url2": "https://www.kaigokensaku.mhlw.go.jp/13/index.php?action_kouhyou_detail_004_kani=true&JigyosyoCd=1375100425-00&ServiceCd=780&Type=search" }, "geometry": { "type": "Point", "coordinates": [ 139.497757456612192, 35.648954872708075 ] } },
{ "type": "Feature", "properties": { "内容": "デイサービス　Simple【地域密着型通所介護】東京都羽村市小作台2-7-20コーズビル1F", "url2": "https://www.kaigokensaku.mhlw.go.jp/13/index.php?action_kouhyou_detail_004_kani=true&JigyosyoCd=1395300070-00&ServiceCd=780&Type=search" }, "geometry": { "type": "Point", "coordinates": [ 139.298096199999947, 35.7805382 ] } },
{ "type": "Feature", "properties": { "内容": "ＲｅＨａＭｏ　Ｌｉｇｈｔ【地域密着型通所介護】東京都羽村市神明台1-33-9", "url2": "https://www.kaigokensaku.mhlw.go.jp/13/index.php?action_kouhyou_detail_004_kani=true&JigyosyoCd=1395300088-00&ServiceCd=780&Type=search" }, "geometry": { "type": "Point", "coordinates": [ 139.321999799999986, 35.753595800000014 ] } },
{ "type": "Feature", "properties": { "内容": "デイサービス　マリモ【地域密着型通所介護】東京都あきる野市油平148-1", "url2": "https://www.kaigokensaku.mhlw.go.jp/13/index.php?action_kouhyou_detail_004_kani=true&JigyosyoCd=1375200662-00&ServiceCd=780&Type=search" }, "geometry": { "type": "Point", "coordinates": [ 139.2844288, 35.7251231 ] } },
{ "type": "Feature", "properties": { "内容": "デイサービスあすか【地域密着型通所介護】東京都あきる野市伊奈228-1", "url2": "https://www.kaigokensaku.mhlw.go.jp/13/index.php?action_kouhyou_detail_004_kani=true&JigyosyoCd=1375200720-00&ServiceCd=780&Type=search" }, "geometry": { "type": "Point", "coordinates": [ 139.250784142032558, 35.733059965717494 ] } },
{ "type": "Feature", "properties": { "内容": "二宮デイサービスことぶきの家【地域密着型通所介護】東京都あきる野市二宮2225番地１", "url2": "https://www.kaigokensaku.mhlw.go.jp/13/index.php?action_kouhyou_detail_004_kani=true&JigyosyoCd=1375200514-00&ServiceCd=780&Type=search" }, "geometry": { "type": "Point", "coordinates": [ 139.316642, 35.7267543 ] } },
{ "type": "Feature", "properties": { "内容": "和み苑デイサービスあきる野【地域密着型通所介護】東京都あきる野市秋川6-14-2", "url2": "https://www.kaigokensaku.mhlw.go.jp/13/index.php?action_kouhyou_detail_004_kani=true&JigyosyoCd=1375200589-00&ServiceCd=780&Type=search" }, "geometry": { "type": "Point", "coordinates": [ 139.291730799999982, 35.730031 ] } },
{ "type": "Feature", "properties": { "内容": "ﾘﾊﾋﾞﾘ型ﾃﾞｲｻｰﾋﾞｽ　ふくろう　あきる野館【地域密着型通所介護】東京都あきる野市秋留1-1-10あきる野クリニックタウンC号", "url2": "https://www.kaigokensaku.mhlw.go.jp/13/index.php?action_kouhyou_detail_004_kani=true&JigyosyoCd=1375200597-00&ServiceCd=780&Type=search" }, "geometry": { "type": "Point", "coordinates": [ 139.299041399999965, 35.723057 ] } },
{ "type": "Feature", "properties": { "内容": "デイサービス戸倉ヴィラ【地域密着型通所介護】東京都あきる野市戸倉519-2住宅型有料老人ホーム戸倉ヴィラ", "url2": "https://www.kaigokensaku.mhlw.go.jp/13/index.php?action_kouhyou_detail_004_kani=true&JigyosyoCd=1375200647-00&ServiceCd=780&Type=search" }, "geometry": { "type": "Point", "coordinates": [ 139.2014739, 35.7289143 ] } },
{ "type": "Feature", "properties": { "内容": "デイサービス　のらぼう【地域密着型通所介護】東京都あきる野市雨間６８５番地", "url2": "https://www.kaigokensaku.mhlw.go.jp/13/index.php?action_kouhyou_detail_004_kani=true&JigyosyoCd=1375200696-00&ServiceCd=780&Type=search" }, "geometry": { "type": "Point", "coordinates": [ 139.298772, 35.7219211 ] } },
{ "type": "Feature", "properties": { "内容": "デイサービス戸倉ヴィラ別館【地域密着型通所介護】東京都あきる野市五日市49-1", "url2": "https://www.kaigokensaku.mhlw.go.jp/13/index.php?action_kouhyou_detail_004_kani=true&JigyosyoCd=1375200704-00&ServiceCd=780&Type=search" }, "geometry": { "type": "Point", "coordinates": [ 139.223236814300577, 35.728650852023343 ] } },
{ "type": "Feature", "properties": { "内容": "リハビリ型デイサービス戸倉ヴィラ別館【地域密着型通所介護】東京都あきる野市五日市１番地仲宿壱番館", "url2": "https://www.kaigokensaku.mhlw.go.jp/13/index.php?action_kouhyou_detail_004_kani=true&JigyosyoCd=1395200064-00&ServiceCd=780&Type=search" }, "geometry": { "type": "Point", "coordinates": [ 139.221971728879623, 35.728107449198298 ] } },
{ "type": "Feature", "properties": { "内容": "リハビリデイサービス　陽だまり村【地域密着型通所介護】東京都あきる野市野辺578-1", "url2": "https://www.kaigokensaku.mhlw.go.jp/13/index.php?action_kouhyou_detail_004_kani=true&JigyosyoCd=1395200072-00&ServiceCd=780&Type=search" }, "geometry": { "type": "Point", "coordinates": [ 139.3080932, 35.7238792 ] } },
{ "type": "Feature", "properties": { "内容": "こはく【地域密着型通所介護】東京都あきる野市草花3021番地2", "url2": "https://www.kaigokensaku.mhlw.go.jp/13/index.php?action_kouhyou_detail_004_kani=true&JigyosyoCd=1395200080-00&ServiceCd=780&Type=search" }, "geometry": { "type": "Point", "coordinates": [ 139.3033754, 35.7401503 ] } },
{ "type": "Feature", "properties": { "内容": "デイサービス増戸ヴィラ【地域密着型通所介護】東京都あきる野市伊奈891－1デイサービス増戸ヴィラ", "url2": "https://www.kaigokensaku.mhlw.go.jp/13/index.php?action_kouhyou_detail_004_kani=true&JigyosyoCd=1395200098-00&ServiceCd=780&Type=search" }, "geometry": { "type": "Point", "coordinates": [ 139.2546265, 35.7309347 ] } },
{ "type": "Feature", "properties": { "内容": "ととろクラブ【地域密着型通所介護】東京都西東京市芝久保町二丁目２２番３３号ととろクラブ　２階", "url2": "https://www.kaigokensaku.mhlw.go.jp/13/index.php?action_kouhyou_detail_004_kani=true&JigyosyoCd=1395400367-00&ServiceCd=780&Type=search" }, "geometry": { "type": "Point", "coordinates": [ 139.5209198, 35.726264 ] } },
{ "type": "Feature", "properties": { "内容": "デイサービス　夏の庭【地域密着型通所介護】東京都西東京市中町6-8-12ドエル苗木山101", "url2": "https://www.kaigokensaku.mhlw.go.jp/13/index.php?action_kouhyou_detail_004_kani=true&JigyosyoCd=1372006153-00&ServiceCd=780&Type=search" }, "geometry": { "type": "Point", "coordinates": [ 139.559299600000031, 35.7356562 ] } },
{ "type": "Feature", "properties": { "内容": "デイサービスセンター椿・保谷【地域密着型通所介護】東京都西東京市中町2-3-2", "url2": "https://www.kaigokensaku.mhlw.go.jp/13/index.php?action_kouhyou_detail_004_kani=true&JigyosyoCd=1375424577-00&ServiceCd=780&Type=search" }, "geometry": { "type": "Point", "coordinates": [ 139.559428799999978, 35.7432031 ] } },
{ "type": "Feature", "properties": { "内容": "昭和の学び舎【地域密着型通所介護】東京都西東京市田無町5-4-8第一和光ビル１Ｆ", "url2": "https://www.kaigokensaku.mhlw.go.jp/13/index.php?action_kouhyou_detail_004_kani=true&JigyosyoCd=1395400318-00&ServiceCd=780&Type=search" }, "geometry": { "type": "Point", "coordinates": [ 139.5364376, 35.7306285 ] } },
{ "type": "Feature", "properties": { "内容": "デイサービス　秋の雲【地域密着型通所介護】東京都西東京市中町6-8-13", "url2": "https://www.kaigokensaku.mhlw.go.jp/13/index.php?action_kouhyou_detail_004_kani=true&JigyosyoCd=1375400742-00&ServiceCd=780&Type=search" }, "geometry": { "type": "Point", "coordinates": [ 139.5593235, 35.7354929 ] } },
{ "type": "Feature", "properties": { "内容": "デイサービス　やぎさわ【地域密着型通所介護】東京都西東京市柳沢3-2-25", "url2": "https://www.kaigokensaku.mhlw.go.jp/13/index.php?action_kouhyou_detail_004_kani=true&JigyosyoCd=1375400064-00&ServiceCd=780&Type=search" }, "geometry": { "type": "Point", "coordinates": [ 139.554810146806886, 35.7211919960328 ] } },
{ "type": "Feature", "properties": { "内容": "デイサービスかたくりの里ひばりが丘【地域密着型通所介護】東京都西東京市北町2-6-18", "url2": "https://www.kaigokensaku.mhlw.go.jp/13/index.php?action_kouhyou_detail_004_kani=true&JigyosyoCd=1375424072-00&ServiceCd=780&Type=search" }, "geometry": { "type": "Point", "coordinates": [ 139.5561858, 35.7571408 ] } },
{ "type": "Feature", "properties": { "内容": "はぁとデイサービス西原町【地域密着型通所介護】東京都西東京市西原町5-4-6", "url2": "https://www.kaigokensaku.mhlw.go.jp/13/index.php?action_kouhyou_detail_004_kani=true&JigyosyoCd=1395400227-00&ServiceCd=780&Type=search" }, "geometry": { "type": "Point", "coordinates": [ 139.532611699999961, 35.7408054 ] } },
{ "type": "Feature", "properties": { "内容": "ととろキッズ【地域密着型通所介護】東京都西東京市芝久保町二丁目２２番３２グレイフル芝久保　１０２号", "url2": "https://www.kaigokensaku.mhlw.go.jp/13/index.php?action_kouhyou_detail_004_kani=true&JigyosyoCd=1395400375-00&ServiceCd=780&Type=search" }, "geometry": { "type": "Point", "coordinates": [ 139.5205823, 35.7261823 ] } },
{ "type": "Feature", "properties": { "内容": "ライフサービスぱーとなー　北原町【地域密着型通所介護】東京都西東京市北原町2-1-21", "url2": "https://www.kaigokensaku.mhlw.go.jp/13/index.php?action_kouhyou_detail_004_kani=true&JigyosyoCd=1395400391-00&ServiceCd=780&Type=search" }, "geometry": { "type": "Point", "coordinates": [ 139.544547599999987, 35.7354986 ] } },
{ "type": "Feature", "properties": { "内容": "ライフサービスぱーとなー富士町【地域密着型通所介護】東京都西東京市富士町3-9-4", "url2": "https://www.kaigokensaku.mhlw.go.jp/13/index.php?action_kouhyou_detail_004_kani=true&JigyosyoCd=1395400409-00&ServiceCd=780&Type=search" }, "geometry": { "type": "Point", "coordinates": [ 139.5684829, 35.7325588 ] } },
{ "type": "Feature", "properties": { "内容": "徳有温乃日【地域密着型通所介護】東京都西東京市向台町6-10-10", "url2": "https://www.kaigokensaku.mhlw.go.jp/13/index.php?action_kouhyou_detail_004_kani=true&JigyosyoCd=1395400417-00&ServiceCd=780&Type=search" }, "geometry": { "type": "Point", "coordinates": [ 139.523992779098506, 35.721088020814207 ] } },
{ "type": "Feature", "properties": { "内容": "結いの家・みかんの木【地域密着型通所介護】東京都西東京市下保谷5-12-13", "url2": "https://www.kaigokensaku.mhlw.go.jp/13/index.php?action_kouhyou_detail_004_kani=true&JigyosyoCd=1375400627-00&ServiceCd=780&Type=search" }, "geometry": { "type": "Point", "coordinates": [ 139.563883799999985, 35.7501802 ] } },
{ "type": "Feature", "properties": { "内容": "スリーベルデイ田無【地域密着型通所介護】東京都西東京市谷戸町１－１１－１３", "url2": "https://www.kaigokensaku.mhlw.go.jp/13/index.php?action_kouhyou_detail_004_kani=true&JigyosyoCd=1375400973-00&ServiceCd=780&Type=search" }, "geometry": { "type": "Point", "coordinates": [ 139.545146700000032, 35.7388338 ] } },
{ "type": "Feature", "properties": { "内容": "レジリハデイサービスまぁぶる【地域密着型通所介護】東京都西東京市下保谷2-5-151Ｆ", "url2": "https://www.kaigokensaku.mhlw.go.jp/13/index.php?action_kouhyou_detail_004_kani=true&JigyosyoCd=1375424254-00&ServiceCd=780&Type=search" }, "geometry": { "type": "Point", "coordinates": [ 139.5608423, 35.7530603 ] } },
{ "type": "Feature", "properties": { "内容": "デイサービスセンター椿☆ひばりが丘【地域密着型通所介護】東京都西東京市西原町5-4-181F", "url2": "https://www.kaigokensaku.mhlw.go.jp/13/index.php?action_kouhyou_detail_004_kani=true&JigyosyoCd=1375424270-00&ServiceCd=780&Type=search" }, "geometry": { "type": "Point", "coordinates": [ 139.5330755, 35.7413914 ] } },
{ "type": "Feature", "properties": { "内容": "さくらサポート住吉町【地域密着型通所介護】東京都西東京市住吉町２−２−１１", "url2": "https://www.kaigokensaku.mhlw.go.jp/13/index.php?action_kouhyou_detail_004_kani=true&JigyosyoCd=1375424312-00&ServiceCd=780&Type=search" }, "geometry": { "type": "Point", "coordinates": [ 139.547185200000058, 35.7449914 ] } },
{ "type": "Feature", "properties": { "内容": "ステップぱーとなー　ひばりが丘第２【地域密着型通所介護】東京都西東京市ひばりが丘1-4-28長尾ビル１階３号", "url2": "https://www.kaigokensaku.mhlw.go.jp/13/index.php?action_kouhyou_detail_004_kani=true&JigyosyoCd=1375424361-00&ServiceCd=780&Type=search" }, "geometry": { "type": "Point", "coordinates": [ 139.543233173016347, 35.750420086447626 ] } },
{ "type": "Feature", "properties": { "内容": "シェモア白樺【地域密着型通所介護】東京都西東京市保谷町5-14-15", "url2": "https://www.kaigokensaku.mhlw.go.jp/13/index.php?action_kouhyou_detail_004_kani=true&JigyosyoCd=1375424411-00&ServiceCd=780&Type=search" }, "geometry": { "type": "Point", "coordinates": [ 139.548837425795, 35.735517033912835 ] } },
{ "type": "Feature", "properties": { "内容": "ルネサンス元氣ジムひばりヶ丘【地域密着型通所介護】東京都西東京市住吉町2-6-28サンモール保谷Ⅰ-102", "url2": "https://www.kaigokensaku.mhlw.go.jp/13/index.php?action_kouhyou_detail_004_kani=true&JigyosyoCd=1375424429-00&ServiceCd=780&Type=search" }, "geometry": { "type": "Point", "coordinates": [ 139.549201700000026, 35.7461413 ] } },
{ "type": "Feature", "properties": { "内容": "デイサービス　すみなす【地域密着型通所介護】東京都西東京市芝久保町３－２４－２", "url2": "https://www.kaigokensaku.mhlw.go.jp/13/index.php?action_kouhyou_detail_004_kani=true&JigyosyoCd=1375424437-00&ServiceCd=780&Type=search" }, "geometry": { "type": "Point", "coordinates": [ 139.518358, 35.727945400000024 ] } },
{ "type": "Feature", "properties": { "内容": "だんらんの家　武蔵境【地域密着型通所介護】東京都西東京市新町４－１１－２１", "url2": "https://www.kaigokensaku.mhlw.go.jp/13/index.php?action_kouhyou_detail_004_kani=true&JigyosyoCd=1375424478-00&ServiceCd=780&Type=search" }, "geometry": { "type": "Point", "coordinates": [ 139.537154399999963, 35.713281 ] } },
{ "type": "Feature", "properties": { "内容": "デイサービスいずみSPA保谷町【地域密着型通所介護】東京都西東京市保谷町6-1-1MIWAビル　1F", "url2": "https://www.kaigokensaku.mhlw.go.jp/13/index.php?action_kouhyou_detail_004_kani=true&JigyosyoCd=1375424569-00&ServiceCd=780&Type=search" }, "geometry": { "type": "Point", "coordinates": [ 139.553484900000058, 35.7372175 ] } },
{ "type": "Feature", "properties": { "内容": "GENKINEXT西東京田無町【地域密着型通所介護】東京都西東京市田無町7-2-4", "url2": "https://www.kaigokensaku.mhlw.go.jp/13/index.php?action_kouhyou_detail_004_kani=true&JigyosyoCd=1395400185-00&ServiceCd=780&Type=search" }, "geometry": { "type": "Point", "coordinates": [ 139.534262, 35.7307566 ] } },
{ "type": "Feature", "properties": { "内容": "機能訓練デイサービス　ハチ東伏見【地域密着型通所介護】東京都西東京市東伏見3-2-2サン東伏見１Ｆ", "url2": "https://www.kaigokensaku.mhlw.go.jp/13/index.php?action_kouhyou_detail_004_kani=true&JigyosyoCd=1395400284-00&ServiceCd=780&Type=search" }, "geometry": { "type": "Point", "coordinates": [ 139.5650538131936, 35.727797603218256 ] } },
{ "type": "Feature", "properties": { "内容": "デイサービス　リンク【地域密着型通所介護】東京都西東京市保谷3-8-7柳沢ガーデンハイツ", "url2": "https://www.kaigokensaku.mhlw.go.jp/13/index.php?action_kouhyou_detail_004_kani=true&JigyosyoCd=1395400326-00&ServiceCd=780&Type=search" }, "geometry": { "type": "Point", "coordinates": [ 139.55445850000001, 35.730258 ] } },
{ "type": "Feature", "properties": { "内容": "ミラクル・ビスケ【地域密着型通所介護】東京都西東京市東町2-14-17宮崎ﾋﾞﾙ2F", "url2": "https://www.kaigokensaku.mhlw.go.jp/13/index.php?action_kouhyou_detail_004_kani=true&JigyosyoCd=1395400334-00&ServiceCd=780&Type=search" }, "geometry": { "type": "Point", "coordinates": [ 139.563246099999986, 35.7462424 ] } },
{ "type": "Feature", "properties": { "内容": "歩くリハビリやすらぎ邸【地域密着型通所介護】東京都西東京市柳沢３－１－４", "url2": "https://www.kaigokensaku.mhlw.go.jp/13/index.php?action_kouhyou_detail_004_kani=true&JigyosyoCd=1395400342-00&ServiceCd=780&Type=search" }, "geometry": { "type": "Point", "coordinates": [ 139.5572354, 35.7218694 ] } },
{ "type": "Feature", "properties": { "内容": "おとなりさん。小金井公園【地域密着型通所介護】東京都西東京市新町6-11-16", "url2": "https://www.kaigokensaku.mhlw.go.jp/13/index.php?action_kouhyou_detail_004_kani=true&JigyosyoCd=1375401302-00&ServiceCd=780&Type=search" }, "geometry": { "type": "Point", "coordinates": [ 139.530103028241683, 35.716296202532305 ] } },
{ "type": "Feature", "properties": { "内容": "デイセンター　西原たいそうくらぶ【地域密着型通所介護】東京都西東京市西原町5-5-23", "url2": "https://www.kaigokensaku.mhlw.go.jp/13/index.php?action_kouhyou_detail_004_kani=true&JigyosyoCd=1375401252-00&ServiceCd=780&Type=search" }, "geometry": { "type": "Point", "coordinates": [ 139.533365262565667, 35.741113289227521 ] } },
{ "type": "Feature", "properties": { "内容": "二本木交茶店【地域密着型通所介護】東京都西多摩郡瑞穂町二本木684-4", "url2": "https://www.kaigokensaku.mhlw.go.jp/13/index.php?action_kouhyou_detail_004_kani=true&JigyosyoCd=1372401222-00&ServiceCd=780&Type=search" }, "geometry": { "type": "Point", "coordinates": [ 139.353061700000012, 35.7922781 ] } },
{ "type": "Feature", "properties": { "内容": "オアシス瑞穂【地域密着型通所介護】東京都西多摩郡瑞穂町二本木918タナカ第一コーポラス", "url2": "https://www.kaigokensaku.mhlw.go.jp/13/index.php?action_kouhyou_detail_004_kani=true&JigyosyoCd=1392400048-00&ServiceCd=780&Type=search" }, "geometry": { "type": "Point", "coordinates": [ 139.360178, 35.7889676 ] } },
{ "type": "Feature", "properties": { "内容": "デイサービス　七福神【地域密着型通所介護】東京都西多摩郡瑞穂町石畑1940-3", "url2": "https://www.kaigokensaku.mhlw.go.jp/13/index.php?action_kouhyou_detail_004_kani=true&JigyosyoCd=1372401032-00&ServiceCd=780&Type=search" }, "geometry": { "type": "Point", "coordinates": [ 139.355623799999989, 35.7723139 ] } },
{ "type": "Feature", "properties": { "内容": "デイサービス　葵【地域密着型通所介護】東京都西多摩郡瑞穂町殿ヶ谷952", "url2": "https://www.kaigokensaku.mhlw.go.jp/13/index.php?action_kouhyou_detail_004_kani=true&JigyosyoCd=1372401172-00&ServiceCd=780&Type=search" }, "geometry": { "type": "Point", "coordinates": [ 139.361979099999985, 35.7648678 ] } },
{ "type": "Feature", "properties": { "内容": "リハビリデイサービス　フォレストやとざわ【地域密着型通所介護】東京都西多摩郡日の出町大字平井2995番地10", "url2": "https://www.kaigokensaku.mhlw.go.jp/13/index.php?action_kouhyou_detail_004_kani=true&JigyosyoCd=1392400071-00&ServiceCd=780&Type=search" }, "geometry": { "type": "Point", "coordinates": [ 139.258800900000011, 35.7475456 ] } },
{ "type": "Feature", "properties": { "内容": "檜原村やすらぎの里【地域密着型通所介護】東京都西多摩郡檜原村2717", "url2": "https://www.kaigokensaku.mhlw.go.jp/13/index.php?action_kouhyou_detail_004_kani=true&JigyosyoCd=1372400638-00&ServiceCd=780&Type=search" }, "geometry": { "type": "Point", "coordinates": [ 139.143786610268393, 35.735310193264183 ] } },
{ "type": "Feature", "properties": { "内容": "奥多摩町高齢者在宅サービスセンター【地域密着型通所介護】東京都西多摩郡奥多摩町氷川１１１１番地保健福祉センター", "url2": "https://www.kaigokensaku.mhlw.go.jp/13/index.php?action_kouhyou_detail_004_kani=true&JigyosyoCd=1372400679-00&ServiceCd=780&Type=search" }, "geometry": { "type": "Point", "coordinates": [ 139.088556299999937, 35.8004855 ] } },
{ "type": "Feature", "properties": { "内容": "デイサービス　ほのか【地域密着型通所介護】東京都大島町元町2丁目14番6号", "url2": "https://www.kaigokensaku.mhlw.go.jp/13/index.php?action_kouhyou_detail_004_kani=true&JigyosyoCd=1390300356-00&ServiceCd=780&Type=search" }, "geometry": { "type": "Point", "coordinates": [ 139.354653673016429, 34.747982535902885 ] } },
{ "type": "Feature", "properties": { "内容": "さしきじ通所介護結の家【地域密着型通所介護】東京都大島町差木地２", "url2": "https://www.kaigokensaku.mhlw.go.jp/13/index.php?action_kouhyou_detail_004_kani=true&JigyosyoCd=1370302984-00&ServiceCd=780&Type=search" }, "geometry": { "type": "Point", "coordinates": [ 139.403013500000043, 34.6884079 ] } },
{ "type": "Feature", "properties": { "内容": "利島村高齢者在宅サービスセンター　デイホームさくゆり【地域密着型通所介護】東京都利島村105", "url2": "https://www.kaigokensaku.mhlw.go.jp/13/index.php?action_kouhyou_detail_004_kani=true&JigyosyoCd=1390300315-00&ServiceCd=780&Type=search" }, "geometry": { "type": "Point", "coordinates": [ 139.281945700000051, 34.5291386 ] } },
{ "type": "Feature", "properties": { "内容": "デイサービスせとやま【地域密着型通所介護】東京都新島村字瀬戸山１１６番地２", "url2": "https://www.kaigokensaku.mhlw.go.jp/13/index.php?action_kouhyou_detail_004_kani=true&JigyosyoCd=1390300422-00&ServiceCd=780&Type=search" }, "geometry": { "type": "Point", "coordinates": [ 139.247520800000018, 34.3624645 ] } },
{ "type": "Feature", "properties": { "内容": "リハビリ型デイサービス　あそんでおじゃれ【地域密着型通所介護】東京都八丈島八丈町樫立181-1", "url2": "https://www.kaigokensaku.mhlw.go.jp/13/index.php?action_kouhyou_detail_004_kani=true&JigyosyoCd=1370304162-00&ServiceCd=780&Type=search" }, "geometry": { "type": "Point", "coordinates": [ 139.800198863754275, 33.069412876621421 ] } },
{ "type": "Feature", "properties": { "内容": "デイホーム　まどか【地域密着型通所介護】東京都八丈島八丈町三根1305-2", "url2": "https://www.kaigokensaku.mhlw.go.jp/13/index.php?action_kouhyou_detail_004_kani=true&JigyosyoCd=1390300380-00&ServiceCd=780&Type=search" }, "geometry": { "type": "Point", "coordinates": [ 139.813399900000036, 33.1212634 ] } },
{ "type": "Feature", "properties": { "内容": "小笠原村高齢者在宅サービスセンター【地域密着型通所介護】東京都小笠原村父島字奥村小笠原村地域福祉センター内", "url2": "https://www.kaigokensaku.mhlw.go.jp/13/index.php?action_kouhyou_detail_004_kani=true&JigyosyoCd=1390300471-00&ServiceCd=780&Type=search" }, "geometry": { "type": "Point", "coordinates": [ 142.2058329, 27.0994016 ] } },
{ "type": "Feature", "properties": { "内容": "小笠原村母島高齢者在宅サービスセンター【地域密着型通所介護】東京都小笠原村母島字元地小笠原村母島高齢者在宅サービスセンター内", "url2": "https://www.kaigokensaku.mhlw.go.jp/13/index.php?action_kouhyou_detail_004_kani=true&JigyosyoCd=1390300489-00&ServiceCd=780&Type=search" }, "geometry": { "type": "Point", "coordinates": [ 142.161247029638645, 26.642112488289676 ] } }
]
}
